game	ply	phase	cost	ref	own	mate	san	fen
0	16	24	-7	-5	15	0	Qc2	1r1qkbnr/1bpn1ppp/p1Q1p3/1p6/8/5NP1/PP1PPPBP/RNB2RK1 w k - 4 9
0	18	24	-1	-8	7	0	d3	1r1qkb1r/1bpn1ppp/p3pn2/1p6/8/5NP1/PPQPPPBP/RNB2RK1 w k - 6 10
0	20	24	6	-1	41	0	a4	1r1qk2r/1bpn1ppp/p2bpn2/1p6/8/3P1NP1/PPQ1PPBP/RNB2RK1 w k - 1 11
0	22	24	9	69	34	0	Nbd2	1r1qk2r/1bpn1ppp/p2bpn2/8/Pp6/3P1NP1/1PQ1PPBP/RNB2RK1 w k - 0 12
0	24	24	3	61	57	0	e4	1r1q1rk1/1bpn1ppp/p2bpn2/8/Pp6/3P1NP1/1PQNPPBP/R1B2RK1 w - - 2 13
0	26	24	-13	85	55	0	Nxe5	1r1q1rk1/1bp2ppp/p2bpn2/4n3/Pp2P3/3P1NP1/1PQN1PBP/R1B2RK1 w - - 1 14
0	28	22	1	100	81	0	Nb3	1r1q1rk1/1bp2ppp/p3pn2/4b3/Pp2P3/3P2P1/1PQN1PBP/R1B2RK1 w - - 0 15
0	30	22	9	208	111	0	Be3	1r3rk1/1bpq1ppp/p3pn2/4b3/Pp2P3/1N1P2P1/1PQ2PBP/R1B2RK1 w - - 2 16
0	32	22	2	201	116	0	Ba7	1r3rk1/1bpq1ppp/p3p3/4b3/Pp2P1n1/1N1PB1P1/1PQ2PBP/R4RK1 w - - 4 17
0	34	22	76	277	137	0	d4	3r1rk1/Bbpq1ppp/p3p3/4b3/Pp2P1n1/1N1P2P1/1PQ2PBP/R4RK1 w - - 6 18
0	36	22	-5	222	146	0	Na5	3r1rk1/Bbpq1ppp/p2bp3/8/Pp1PP1n1/1N4P1/1PQ2PBP/R4RK1 w - - 1 19
0	38	22	125	262	180	0	h3	b2r1rk1/B1pq1ppp/p2bp3/N7/Pp1PP1n1/6P1/1PQ2PBP/R4RK1 w - - 3 20
0	40	22	23	226	143	0	Qc4	b2r1rk1/B1pq1ppp/p2bp2n/N7/Pp1PP3/6PP/1PQ2PB1/R4RK1 w - - 1 21
0	42	22	6	321	199	0	Qxa6	b2r1rk1/B1pqbppp/p3p2n/N7/PpQPP3/6PP/1P3PB1/R4RK1 w - - 3 22
0	44	22	147	395	213	0	Rac1	b3rrk1/B1pqbppp/Q3p2n/N7/Pp1PP3/6PP/1P3PB1/R4RK1 w - - 1 23
0	46	22	-12	251	208	0	b3	b3rrk1/B1p1bppp/Q3p2n/N7/qp1PP3/6PP/1P3PB1/2R2RK1 w - - 0 24
0	48	22	2	278	207	0	Nc6	b3rrk1/B1pqbppp/Q3p2n/N7/1p1PP3/1P4PP/5PB1/2R2RK1 w - - 1 25
0	50	22	56	343	193	0	f4	b3rrk1/B1pq1ppp/Q1N1p2n/6b1/1p1PP3/1P4PP/5PB1/2R2RK1 w - - 3 26
0	52	22	4	310	220	0	Rfd1	b3rrk1/B1pq1ppp/Q1N1pb1n/8/1p1PPP2/1P4PP/6B1/2R2RK1 w - - 1 27
0	54	21	117	439	234	0	Rxc6	4rrk1/B1pq1ppp/Q1b1pb1n/8/1p1PPP2/1P4PP/6B1/2RR2K1 w - - 0 28
0	56	20	-37	402	232	0	Qb7	4rrk1/B1pq1ppp/Q1R2b1n/4p3/1p1PPP2/1P4PP/6B1/3R2K1 w - - 0 29
0	58	20	-8	461	274	0	d5	2r2rk1/BQpq1ppp/2R2b1n/4p3/1p1PPP2/1P4PP/6B1/3R2K1 w - - 2 30
0	60	20	0	476	289	0	gxf4	2r2rk1/BQpq1ppp/2R2b1n/3P4/1p2Pp2/1P4PP/6B1/3R2K1 w - - 0 31
0	62	20	-18	590	262	0	d6	2r2rk1/BQpq1ppp/2R4n/3P4/1p2PP2/1Pb4P/6B1/3R2K1 w - - 1 32
0	64	20	-10	627	273	0	Rxc7	3r1rk1/BQpq1ppp/2RP3n/8/1p2PP2/1Pb4P/6B1/3R2K1 w - - 1 33
0	66	20	-25	632	313	0	Qd5	3r1rk1/BQR2ppp/3Pq2n/8/1p2PP2/1Pb4P/6B1/3R2K1 w - - 1 34
0	68	16	-8	651	332	0	Rxd5	3r1rk1/B1R2ppp/3P3n/3q4/1p2PP2/1Pb4P/6B1/3R2K1 w - - 0 35
0	70	12	1	733	367	0	e5	3r1rk1/B1R3pp/3P3n/3R1p2/1p2PP2/1Pb4P/6B1/6K1 w - f6 0 36
0	72	12	32	811	494	0	Rb5	3rr1k1/B1R3pp/3P3n/3RPp2/1p3P2/1Pb4P/6B1/6K1 w - - 1 37
0	74	12	45	820	576	0	Bd5+	3rr1k1/B1R3pp/3P3n/1R2Pp2/1p3P2/1P5P/3b2B1/6K1 w - - 3 38
0	76	12	5	755	623	0	d7	3rr2k/B1R3pp/3P3n/1R1BPp2/1p3P2/1P5P/3b4/6K1 w - - 5 39
0	78	12	0	1000	791	0	dxe8=Q+	3rr2k/B1RP2pp/7n/1R1BPp2/1p3b2/1P5P/8/6K1 w - - 0 40
0	80	10	260	1000	868	1	Rbb7	4r2k/B1R3pp/7n/1R1BPp2/1p3b2/1P5P/8/6K1 w - - 0 41
0	82	10	-24	753	878	0	Re7	4r2k/BRR3pp/7n/3Bbp2/1p6/1P5P/8/6K1 w - - 0 42
0	84	8	-96	796	912	0	Rxe7	7k/BR2r1pp/7n/3Bbp2/1p6/1P5P/8/6K1 w - - 0 43
0	86	6	0	1000	909	1	Rxe5	6nk/B3R1pp/8/3Bbp2/1p6/1P5P/8/6K1 w - - 1 44
0	88	5	150	1000	912	1	Rxf5	7k/B5pp/5n2/3BRp2/1p6/1P5P/8/6K1 w - - 1 45
0	90	5	0	1000	929	0	Bc4	7k/B5p1/5n1p/3B1R2/1p6/1P5P/8/6K1 w - - 0 46
0	92	5	0	1000	944	1	Bd3	8/B5pk/5n1p/5R2/1pB5/1P5P/8/6K1 w - - 2 47
0	94	5	61	1000	973	1	Rb5+	8/B5p1/5nkp/5R2/1p6/1P1B3P/8/6K1 w - - 4 48
0	96	5	212	1000	987	0	Bc5	8/B4kp1/5n1p/1R6/1p6/1P1B3P/8/6K1 w - - 6 49
0	98	5	257	1000	1053	0	Bxb4	8/5kp1/5n2/1RB4p/1p6/1P1B3P/8/6K1 w - - 0 50
0	100	5	0	1000	1258	0	Rb6	8/5kp1/5n2/1R6/1B5p/1P1B3P/8/6K1 w - - 0 51
0	102	5	0	1000	1399	1	Bc4+	8/5k2/1R3n2/6p1/1B5p/1P1B3P/8/6K1 w - g6 0 52
0	104	5	0	1000	1000	1	Be7	8/8/1R3nk1/6p1/1BB4p/1P5P/8/6K1 w - - 2 53
0	106	5	0	1000	1000	1	Bxf6	8/4B3/1R3n2/5kp1/2B4p/1P5P/8/6K1 w - - 4 54
0	108	4	0	1000	1000	1	hxg4+	8/8/1R3B2/5k2/2B3pp/1P5P/8/6K1 w - - 0 55
0	110	4	0	1000	1000	1	Kf2	8/8/1R3B2/8/2B2kPp/1P6/8/6K1 w - - 1 56
0	112	4	0	1000	1000	1	Bd3	8/8/1R3B2/8/2B3kp/1P6/5K2/8 w - - 0 57
1	16	24	174	0	36	0	cxd4	r2qkb1r/1b1p1ppp/p1n1pn2/1p6/3pP3/2PQ1NP1/PP1N1PBP/R1B1K2R w KQkq - 0 9
1	18	24	8	-190	-67	0	Qb3	r2qkb1r/1b1p1ppp/p3pn2/1p6/1n1PP3/3Q1NP1/PP1N1PBP/R1B1K2R w KQkq - 1 10
1	20	24	15	-165	-57	0	O-O	2rqkb1r/1b1p1ppp/p3pn2/1p6/1n1PP3/1Q3NP1/PP1N1PBP/R1B1K2R w KQk - 3 11
1	22	24	0	-190	-51	0	Rb1	2rqkb1r/1b1p1ppp/p3pn2/1p6/3PP3/1Q3NP1/PPnN1PBP/R1B2RK1 w k - 5 12
1	24	24	38	-177	-35	0	Qd3	2rqkb1r/1b1p1ppp/p3p3/1p6/3Pn3/1Q3NP1/PPnN1PBP/1RB2RK1 w k - 0 13
1	26	24	3	-89	-42	0	a3	2rqkb1r/1b3ppp/p3p3/1p1p4/3Pn3/3Q1NP1/PPnN1PBP/1RB2RK1 w k d6 0 14
1	28	24	-6	-54	-47	0	Nb3	2r1kb1r/1b3ppp/pq2p3/1p1p4/3Pn3/P2Q1NP1/1PnN1PBP/1RB2RK1 w k - 1 15
1	30	24	-2	-51	-50	0	a4	2r1kb1r/1b3ppp/pq2p3/3p4/1p1Pn3/PN1Q1NP1/1Pn2PBP/1RB2RK1 w k - 0 16
1	32	24	156	13	-24	0	h4	2r1k2r/1b2bppp/pq2p3/3p4/Pp1Pn3/1N1Q1NP1/1Pn2PBP/1RB2RK1 w k - 1 17
1	34	24	-14	-97	15	0	Bf4	2r2rk1/1b2bppp/pq2p3/3p4/Pp1Pn2P/1N1Q1NP1/1Pn2PB1/1RB2RK1 w - - 1 18
1	36	24	35	129	5	0	Rbc1	2r2rk1/1b2bpp1/pq2p2p/3p4/Pp1PnB1P/1N1Q1NP1/1Pn2PB1/1R3RK1 w - - 0 19
1	38	24	-6	116	10	0	hxg5	2r2rk1/1b2bp2/pq2p2p/3p2p1/Pp1PnB1P/1N1Q1NP1/1Pn2PB1/2R2RK1 w - g6 0 20
1	40	24	83	134	19	0	Be5	2r2rk1/1b2bp2/pq2p3/3p2p1/Pp1PnB2/1N1Q1NP1/1Pn2PB1/2R2RK1 w - - 0 21
1	42	24	-31	258	54	0	Rxc2	2r2rk1/1b2b3/pq2pp2/3pB1p1/Pp1Pn3/1N1Q1NP1/1Pn2PB1/2R2RK1 w - - 0 22
1	44	21	-9	319	68	0	Qxc2	5rk1/1b2b3/pq2pp2/3pB1p1/Pp1Pn3/1N1Q1NP1/1Pr2PB1/5RK1 w - - 0 23
1	46	18	-56	363	77	0	Nxe5	5rk1/1b2b3/pq2p3/3pp1p1/Pp1Pn3/1N3NP1/1PQ2PB1/5RK1 w - - 0 24
1	48	18	-26	466	108	0	Qe2	2r3k1/1b2b3/pq2p3/3pN1p1/Pp1Pn3/1N4P1/1PQ2PB1/5RK1 w - - 1 25
1	50	18	117	512	135	0	Nd7	2r3k1/1b6/pq2pb2/3pN1p1/Pp1Pn3/1N4P1/1P2QPB1/5RK1 w - - 3 26
1	52	18	-38	474	179	0	Nxf6+	2r3k1/1b1N4/p2qpb2/3p2p1/Pp1Pn3/1N4P1/1P2QPB1/5RK1 w - - 5 27
1	54	16	8	529	188	0	Nc5	2r3k1/1b6/p2qpn2/3p2p1/Pp1P4/1N4P1/1P2QPB1/5RK1 w - - 0 28
1	56	16	69	536	192	0	Bh3	2r3k1/8/p1bqpn2/2Np2p1/Pp1P4/6P1/1P2QPB1/5RK1 w - - 2 29
1	58	16	-16	511	201	0	Bxe6+	4r1k1/8/p1bqpn2/2Np2p1/Pp1P4/6PB/1P2QP2/5RK1 w - - 4 30
1	60	16	67	536	212	0	Re1	4r3/6k1/p1bqBn2/2Np2p1/Pp1P4/6P1/1P2QP2/5RK1 w - - 1 31
1	62	16	-7	487	191	0	Qg4	4r3/6k1/p1bqB3/2Np2p1/Pp1Pn3/6P1/1P2QP2/4R1K1 w - - 3 32
1	64	16	-59	491	212	0	Re3	4r3/4q1k1/p1b1B3/2Np2p1/Pp1Pn1Q1/6P1/1P3P2/4R1K1 w - - 5 33
1	66	16	6	697	257	0	Rf3	4r3/6k1/p1b1Bq2/2Np2p1/Pp1Pn1Q1/4R1P1/1P3P2/6K1 w - - 7 34
1	68	16	-9	700	466	0	Rf7+	4r3/4q1k1/p1b1B3/2Np2p1/Pp1Pn1Q1/5RP1/1P3P2/6K1 w - - 9 35
1	70	14	-3	719	486	0	Bxf7	4r3/5qk1/p1b1B3/2Np2p1/Pp1Pn1Q1/6P1/1P3P2/6K1 w - - 0 36
1	72	9	46	724	472	0	Nxa6	4r3/5k2/p1b5/2Np2p1/Pp1Pn1Q1/6P1/1P3P2/6K1 w - - 0 37
1	74	9	5	701	478	0	Nc5	4r3/5k2/N1b5/3p2p1/P2Pn1Q1/1p4P1/1P3P2/6K1 w - - 0 38
1	76	8	-6	695	521	0	Qf5+	4r3/5k2/2b5/2np2p1/P2P2Q1/1p4P1/1P3P2/6K1 w - - 0 39
1	78	8	-8	728	451	0	Qxg5+	4r3/6k1/2b5/2np1Qp1/P2P4/1p4P1/1P3P2/6K1 w - - 2 40
1	80	8	50	737	525	0	Qc1	4r3/7k/2b5/2np2Q1/P2P4/1p4P1/1P3P2/6K1 w - - 1 41
1	82	8	-16	708	533	0	Qxc5	4r3/7k/8/2np4/b2P4/1p4P1/1P3P2/2Q3K1 w - - 0 42
1	84	7	-23	722	549	0	Kg2	8/7k/8/2Qp4/b2P4/1p4P1/1P3P2/4r1K1 w - - 1 43
1	86	7	6	766	583	0	Qxd5	8/7k/8/2Qp4/b2P4/1p4P1/1P3PK1/r7 w - - 3 44
1	88	7	20	772	599	0	Qe4	8/6k1/8/3Q4/b2P4/1p4P1/1P3PK1/r7 w - - 1 45
1	90	7	-16	777	662	0	d5	8/8/5k2/8/b2PQ3/1p4P1/1P3PK1/r7 w - - 3 46
1	92	7	-21	815	828	0	d6	8/6k1/8/3P4/b3Q3/1p4P1/1P3PK1/r7 w - - 1 47
1	94	7	21	870	849	0	Qe7+	8/8/3P1k2/8/b3Q3/1p4P1/1P3PK1/r7 w - - 1 48
1	96	7	51	888	868	0	d7	8/4Q3/3P4/5k2/b7/1p4P1/1P3PK1/r7 w - - 3 49
1	98	7	1	867	875	0	f3	8/3PQ3/2b5/5k2/8/1p4P1/1P3PK1/r7 w - - 1 50
1	100	7	-46	895	881	0	Qxd7+	8/3bQ3/8/5k2/8/1p3PP1/1P4K1/r7 w - - 0 51
1	102	6	-87	840	939	0	g4	8/3Q4/5k2/8/8/1p3PP1/1P4K1/r7 w - - 1 52
1	104	6	0	1000	971	0	Qe6+	8/3Q4/6k1/8/6P1/1p3P2/1P4K1/r7 w - - 1 53
1	106	6	0	1000	976	0	Qxb3	8/6k1/4Q3/8/6P1/1p3P2/1P4K1/r7 w - - 3 54
1	108	6	0	1000	997	0	Qb6+	8/8/5k2/8/6P1/1Q3P2/1P4K1/r7 w - - 1 55
1	110	6	0	1000	1183	0	g5	8/6k1/1Q6/8/6P1/5P2/1P4K1/r7 w - - 3 56
1	112	6	0	1000	1523	0	Qf6+	8/6k1/1Q6/6P1/8/5P2/1P4K1/2r5 w - - 1 57
1	114	6	-13	987	2306	1	Qe7	6k1/8/5Q2/6P1/8/5P2/1P4K1/2r5 w - - 3 58
1	116	6	0	1000	1000	1	Kg3	6k1/4Q3/8/6P1/8/5P2/1Pr3K1/8 w - - 5 59
1	118	6	0	1000	1000	1	Kg4	6k1/4Q3/8/6P1/8/5PK1/1P6/2r5 w - - 7 60
1	120	6	0	1000	1000	1	Kh5	6k1/4Q3/8/6P1/2r3K1/5P2/1P6/8 w - - 9 61
1	122	6	0	1000	1000	1	Kh6	6k1/4Q3/8/6PK/8/5P2/1Pr5/8 w - - 11 62
1	124	6	0	1000	1000	1	Kg6	6k1/4Q3/7K/6P1/8/5P2/1P5r/8 w - - 13 63
2	17	24	0	-2	-14	0	d5	r2qkb1r/1b1p1ppp/p1n1pn2/1p6/3NP3/2PQ2P1/PP1N1PBP/R1B1K2R b KQkq - 0 9
2	19	24	-4	-5	-12	0	Be7	r2qkb1r/1b3ppp/p1n1pn2/1p1p4/3NP3/2PQ2P1/PP1N1PBP/R1B2RK1 b kq - 1 10
2	21	23	-4	2	-21	0	Bxc6	r2qk2r/1b2bppp/p1N1pn2/1p1p4/4P3/2PQ2P1/PP1N1PBP/R1B2RK1 b kq - 0 11
2	23	22	-6	-3	-12	0	Nd7	r2qk2r/4bppp/p1b1pn2/1p1pP3/8/2PQ2P1/PP1N1PBP/R1B2RK1 b kq - 0 12
2	25	22	23	0	-22	0	O-O	r2qk2r/3nbppp/p1b1p3/1p1pP3/8/2PQ1NP1/PP3PBP/R1B2RK1 b kq - 2 13
2	27	22	4	13	-21	0	Rc8	r2q1rk1/3nbppp/p1b1p3/1p1pP3/8/2P2NP1/PPQ2PBP/R1B2RK1 b - - 4 14
2	29	22	62	41	-5	0	h6	2rq1rk1/3nbppp/p1b1p3/1p1pP3/8/2P2NP1/PPQ2PBP/R1B1R1K1 b - - 6 15
2	31	22	26	16	-6	0	Qc7	2rq1rk1/3nbpp1/p1b1p2p/1p1pP3/8/2P1BNP1/PPQ2PBP/R3R1K1 b - - 1 16
2	33	22	30	-9	-5	0	Nc5	2r2rk1/2qnbpp1/p1b1p2p/1p1pP3/3B4/2P2NP1/PPQ2PBP/R3R1K1 b - - 3 17
2	35	22	20	-35	0	0	Kh8	2r2rk1/2q1bpp1/p1b1p2p/1pnpP3/3B4/2P3P1/PPQN1PBP/R3R1K1 b - - 5 18
2	37	22	64	-3	-6	0	Rce8	2r2r1k/2q1bpp1/p1b1p2p/1pnpP3/3B4/2P3P1/PPQN1PBP/3RR1K1 b - - 7 19
2	39	22	114	-41	-4	0	h5	4rr1k/2q1bpp1/p1b1p2p/1pnpP3/3B4/2P3PP/PPQN1PB1/3RR1K1 b - - 0 20
2	41	22	16	-136	-7	0	Bd7	4rr1k/2q1bpp1/p1b1p3/1pnpP2p/3B4/P1P3PP/1PQN1PB1/3RR1K1 b - - 0 21
2	43	22	-5	-169	-2	0	a5	4rr1k/2qbbpp1/p3p3/1pnpP2p/3B3P/P1P3P1/1PQN1PB1/3RR1K1 b - - 0 22
2	45	22	27	-149	-1	0	g6	4rr1k/2qbbpp1/4p3/ppnpP2p/3B3P/P1P2NP1/1PQ2PB1/3RR1K1 b - - 1 23
2	47	22	-3	-102	-9	0	Kh7	4rr1k/2qbbp2/4p1p1/ppnpP2p/7P/P1P1BNP1/1PQ2PB1/3RR1K1 b - - 1 24
2	49	22	86	-13	-12	0	Na4	4rr2/2qbbp1k/4p1p1/ppnpP2p/3N3P/P1P1B1P1/1PQ2PB1/3RR1K1 b - - 3 25
2	51	22	17	-77	-3	0	Rb8	4rr2/2qbbp1k/4p1p1/pp1pP2p/n2N3P/P1P1B1P1/1PQ2P2/3RRBK1 b - - 5 26
2	53	22	94	-6	5	0	Bc5	1r3r2/2qbbp1k/4p1p1/pp1pP2p/n2N3P/P1P3P1/1PQB1P2/3RRBK1 b - - 7 27
2	55	22	52	-16	11	0	b4	1r3r2/2qb1p1k/4p1p1/ppbpP2p/n6P/PNP3P1/1PQB1P2/3RRBK1 b - - 9 28
2	57	21	7	-54	12	0	Qxc5	1r3r2/2qb1p1k/4p1p1/p1NpP2p/np5P/P1P3P1/1PQB1P2/3RRBK1 b - - 0 29
2	59	20	-13	-74	-8	0	axb4	1r3r2/3b1p1k/4p1p1/p1qpP2p/nP5P/2P3P1/1PQB1P2/3RRBK1 b - - 0 30
2	61	20	14	-56	18	0	Qc7	1r3r2/3b1p1k/4p1p1/2qpP2p/np5P/2P1B1P1/1PQ2P2/3RRBK1 b - - 1 31
2	63	20	1	-47	6	0	Rfc8	1r3r2/2qb1p1k/4p1p1/3pP2p/np1B3P/2P3P1/1PQ2P2/3RRBK1 b - - 3 32
2	65	20	69	0	-20	0	Kg8	1rr5/2qb1p1k/4p1p1/3pP2p/np1B3P/2P1R1P1/1PQ2P2/3R1BK1 b - - 5 33
2	67	20	128	23	15	0	b3	1rr3k1/2qb1p2/4p1p1/3pP2p/np1B3P/2P1RPP1/1PQ5/3R1BK1 b - - 0 34
2	69	20	68	-93	7	0	Re8	1rr3k1/2qb1p2/4p1p1/3pP2p/n2B3P/1pP1RPP1/1P3Q2/3R1BK1 b - - 1 35
2	71	20	104	-120	4	0	Bc6	1r2r1k1/2qb1p2/4p1p1/3pP2p/n2B3P/1pP2PP1/1P3Q2/3RRBK1 b - - 3 36
2	73	20	148	-126	7	0	Re7	1r2r1k1/2q2p2/2b1p1p1/3pP2p/n2B1P1P/1pP3P1/1P3Q2/3RRBK1 b - - 0 37
2	75	20	191	-187	5	0	Qa5	1r4k1/2q1rp2/2b1p1p1/3pP2p/n2B1P1P/1pPB2P1/1P3Q2/3RR1K1 b - - 2 38
2	77	20	460	88	3	0	Kh8	1r4k1/4rp2/2b1p1p1/q2pP2p/n1PB1P1P/1p1B2P1/1P3Q2/3RR1K1 b - - 0 39
2	79	20	100	-146	17	0	Kg8	1r5k/4rp2/2b1p1p1/q1PpP2p/n2B1P1P/1p1B2P1/1P3Q2/3RR1K1 b - - 0 40
2	81	20	131	-159	16	0	Rbe8	1r4k1/4rp2/2b1p1p1/q1PpP2p/n2B1P1P/1p1B2P1/1P3Q2/2R1R1K1 b - - 2 41
2	83	20	158	-163	16	0	Kh8	4r1k1/4rp2/2b1p1p1/q1PpP2p/n2B1P1P/1p4P1/1P2BQ2/2R1R1K1 b - - 4 42
2	85	20	60	-289	15	0	Rb8	4r2k/4rp2/2b1p1p1/q1PpP2p/n2B1P1P/1p4P1/1P2BQ2/2RR2K1 b - - 6 43
2	87	20	84	-255	14	0	Reb7	1r5k/4rp2/2b1p1p1/q1PpP2p/n2B1P1P/1p1R2P1/1P2BQ2/2R3K1 b - - 8 44
2	89	20	101	-152	18	0	Qc7	1r5k/1r3p2/2b1p1p1/q1PpP2p/n2B1P1P/1p1R1BP1/1P3Q2/2R3K1 b - - 10 45
2	91	20	-4	-147	-51	0	Rb4	1r5k/1rq2p2/2b1p1p1/2PpP2p/n2B1P1P/1p1RQBP1/1P6/2R3K1 b - - 12 46
2	93	20	-23	-127	-51	0	gxf5	1r5k/2q2p2/2b1p1p1/2PpPP1p/nr1B3P/1p1RQBP1/1P6/2R3K1 b - - 0 47
2	95	20	37	-62	-39	0	Kg8	1r5k/2q2p2/2b1p2Q/2PpPp1p/nr1B3P/1p1R1BP1/1P6/2R3K1 b - - 1 48
2	97	20	143	-75	-27	0	Kh8	1r4k1/2q2p2/2b1p3/2PpPpQp/nr1B3P/1p1R1BP1/1P6/2R3K1 b - - 3 49
2	99	20	-4	-75	-37	0	Kg8	1r5k/2q2p2/2b1p3/2PpPp1Q/nr1B3P/1p1R1BP1/1P6/2R3K1 b - - 0 50
2	101	20	4	-68	-29	0	Kh7	1r4k1/2q2p2/2b1p3/2PpPpQ1/nr1B3P/1p1R1BP1/1P6/2R3K1 b - - 2 51
2	103	20	163	0	-22	0	Qd8	1r6/2q2p1k/2b1p3/2PpPpQ1/nr1B3P/1p3BP1/1P6/2RR2K1 b - - 4 52
2	105	20	112	-82	-10	0	Qg8	1r1q4/5p1k/2b1p3/2PpPp2/nr1B3P/1p3BP1/1P1Q4/2RR2K1 b - - 6 53
2	107	20	-8	-96	8	0	Qg7	1r4q1/5p1k/2b1p3/2PpPp2/nr1B3P/1p3BP1/1P3Q2/2RR2K1 b - - 8 54
2	109	20	122	79	25	0	f4	1r6/5pqk/2b1p3/2PpPp1P/nr1B4/1p3BP1/1P3Q2/2RR2K1 b - - 0 55
2	111	20	43	-49	0	0	Qg5	1r6/5pqk/2b1p3/2PpP2P/nr1B1pP1/1p3B2/1P3Q2/2RR2K1 b - - 0 56
2	113	20	33	0	6	0	Kg8	1r6/5p1k/2b1p3/2PpP1qP/nr1B1pP1/1p3B2/1P1Q4/2RR2K1 b - - 2 57
2	115	20	19	-28	0	0	Qh4	1r4k1/5p2/2b1p3/2PpP1qP/nr1B1pP1/1p3B2/1P1Q4/2R2RK1 b - - 4 58
2	117	20	0	0	39	0	Qg3+	1r4k1/5p2/2b1p3/2PpP2P/nr1B1pPq/1p3B2/1P1Q4/3R1RK1 b - - 6 59
2	119	20	0	0	41	0	Rc4	1r4k1/5p2/2b1p3/2PpP2P/nr1B1pP1/1p4q1/1P1Q2B1/3R1RK1 b - - 8 60
2	121	20	0	0	63	0	Qxg4	1r4k1/5p2/2b1p3/2PpP2P/n1rB1pP1/1p3Rq1/1P1Q2B1/3R2K1 b - - 10 61
2	123	20	0	0	76	0	Qg5	1r4k1/5p2/2b1p3/2PpP2P/n1rB1Rq1/1p6/1P1Q2B1/3R2K1 b - - 0 62
2	125	20	-11	554	239	0	Rc2	1r4k1/5p2/2b1p3/2PpP1qP/n1rB1R2/1p6/1P1Q2B1/2R3K1 b - - 2 63
2	127	18	-5	581	297	0	bxc2	1r4k1/5p2/2b1p3/2PpP1qP/n2B1R2/1p6/1PRQ2B1/6K1 b - - 0 64
2	129	16	65	703	328	0	Rb4	1r4k1/5p2/2b1p2P/2PpP1q1/n2B1R2/8/1PpQ2B1/6K1 b - - 0 65
2	131	16	-75	925	607	0	d4	6k1/5p2/2b1p2P/2PpP1q1/nr3R2/4B3/1PpQ2B1/6K1 b - - 2 66
2	133	16	0	1000	784	1	Rxb2	6k1/5p2/2b1p2P/2P1P1q1/nr1p1R2/4B3/1PQ3B1/6K1 b - - 0 67
2	135	16	0	1000	1236	1	Qxe3	6k1/5p2/2b1p2P/2P1P1q1/n2p4/4B3/1rQ2RB1/6K1 b - - 1 68
2	137	15	0	1000	1387	1	Kh8	6k1/5p1P/2b1p3/2P1P3/n2p4/4q3/1rQ2RB1/6K1 b - - 0 69
2	139	15	0	1000	1411	1	Qe1+	7k/5p1P/2b1p3/2P1P3/n2p4/4q3/1rQ2RB1/7K b - - 2 70
2	141	15	0	1000	1473	1	Rxc2	7k/5p1P/2b1p3/2P1P3/n2p4/8/1rQ2RBK/4q3 b - - 4 71
2	143	9	0	1000	1912	1	d3	7k/5p1P/2b1p3/2P1P3/n2p4/8/2R3BK/4q3 b - - 0 72
2	145	9	0	1000	1000	1	Qh4+	7k/5p1P/2b1p3/2P1P3/n7/3p4/1R4BK/4q3 b - - 1 73
2	147	9	0	1000	1000	1	Nxb2	7k/5p1P/2b1p3/2P1P3/n6q/3p4/1R4B1/6K1 b - - 3 74
2	149	6	0	1000	1000	1	d2	7k/5p1P/2B1p3/2P1P3/7q/3p4/1n6/6K1 b - - 0 75
3	17	24	43	12	-19	0	Bxf3	1r1qkbnr/1bpn1ppp/p3p3/1p6/8/5NP1/PPQPPPBP/RNB2RK1 b k - 5 9
3	19	22	175	9	-3	0	Nc5	1r1qkbnr/2pn1ppp/p3p3/1p6/8/5PP1/PPQP1PBP/RNB2RK1 b k - 0 10
3	21	22	19	-160	-19	0	Qxd4	1r1qkbnr/2p2ppp/p3p3/1pn5/3P4/5PP1/PPQ2PBP/RNB2RK1 b k d3 0 11
3	23	22	-10	-195	-38	0	Qc4	1r2kbnr/2p2ppp/p3p3/1pn5/3q4/5PP1/PPQ2PBP/RNBR2K1 b k - 1 12
3	25	22	23	-207	-31	0	Na4	1r2kbnr/2p2ppp/p3p3/1pn5/2q5/2N2PP1/PPQ2PBP/R1BR2K1 b k - 3 13
3	27	22	42	-207	-18	0	Nf6	1r2kbnr/2p2ppp/p3p3/1p6/n1q5/2N2PP1/PP1Q1PBP/R1BR2K1 b k - 5 14
3	29	22	3	-249	-1	0	Nb6	1r2kb1r/2p2ppp/p3pn2/1p6/n1q1N3/5PP1/PP1Q1PBP/R1BR2K1 b k - 7 15
3	31	22	5	-269	-22	0	Nxe4	1r2kb1r/2p2ppp/pn2pn2/1p6/2q1N3/1P3PP1/P2Q1PBP/R1BR2K1 b k - 0 16
3	33	20	-10	-285	-41	0	Qb4	1r2kb1r/2p2ppp/pn2p3/1p6/2q1P3/1P4P1/P2Q1PBP/R1BR2K1 b k - 0 17
3	35	20	208	-256	-7	0	Bd6	1r2kb1r/2p2ppp/pn2p3/1p6/1q2P3/1P1Q2P1/P4PBP/R1BR2K1 b k - 2 18
3	37	20	263	-135	-43	0	Nd7	1r2k2r/2p2ppp/pn1bp3/1p6/1q2P3/1P1QB1P1/P4PBP/R2R2K1 b k - 4 19
3	39	20	27	-435	-14	0	Qa5	1r2k2r/2pn1ppp/p2bp3/1p6/1q2P3/PP1QB1P1/5PBP/R2R2K1 b k - 0 20
3	41	20	121	-433	-18	0	e5	1r2k2r/2pn1ppp/p2bp3/qp6/4PP2/PP1QB1P1/6BP/R2R2K1 b k f3 0 21
3	43	20	12	-516	-169	0	Qa4	1r2k2r/2pn1ppp/p2b4/qp2p3/1P2PP2/P2QB1P1/6BP/R2R2K1 b k - 0 22
3	45	20	142	-534	-137	0	exf4	1r2k2r/2pn1ppp/p2b4/1p2p3/qP2PP2/P2QB1PB/7P/R2R2K1 b k - 2 23
3	47	19	1	-770	-163	0	Kxd7	1r2k2r/2pB1ppp/p2b4/1p6/qP2Pp2/P2QB1P1/7P/R2R2K1 b k - 0 24
3	49	18	16	-787	-163	0	Ke8	1r5r/2pk1ppp/p2b4/1p6/qP2PB2/P2Q2P1/7P/R2R2K1 b - - 0 25
3	51	17	34	-805	-228	0	Rd8	1r2k2r/2p2ppp/p2B4/1p6/qP2P3/P2Q2P1/7P/R2R2K1 b - - 0 26
3	53	17	-11	-842	-249	0	cxd6	3rk2r/2p2ppp/p2B4/1p2P3/qP6/P2Q2P1/7P/R2R2K1 b - - 0 27
3	55	16	-3	-848	-304	0	Kf8	3rk2r/5ppp/p2P4/1p6/qP6/P2Q2P1/7P/R2R2K1 b - - 0 28
3	57	16	11	-845	-510	0	Kg8	3r1k1r/5ppp/p2P4/1p6/qP6/P1Q3P1/7P/R2R2K1 b - - 2 29
3	59	16	165	-835	-551	0	Ra8	3r2kr/2Q2ppp/p2P4/1p6/qP6/P5P1/7P/R2R2K1 b - - 4 30
3	61	16	0	-1000	-574	1	h6	r5kr/2QP1ppp/p7/1p6/qP6/P5P1/7P/R2R2K1 b - - 0 31
3	63	20	0	-1000	-587	1	Rxd8	r2Q2kr/2Q2pp1/p6p/1p6/qP6/P5P1/7P/R2R2K1 b - - 0 32
3	65	14	0	-1000	-624	1	Kh7	3R2kr/2Q2pp1/p6p/1p6/qP6/P5P1/7P/R5K1 b - - 0 33
3	67	12	0	-1000	-1241	1	Kg6	7R/2Q2ppk/p6p/1p6/qP6/P5P1/7P/R5K1 b - - 0 34
3	69	12	0	-1000	-1000	1	Kh5	7R/5pp1/p1Q3kp/1p6/qP6/P5P1/7P/R5K1 b - - 2 35
3	71	12	0	-1000	-1000	1	Qd1	7R/5pp1/p1Q4p/1p5k/qP6/P5P1/7P/5RK1 b - - 4 36
3	73	8	0	-1000	-1000	1	Kg5	7R/5pp1/p1Q4p/1p5k/1P6/P5P1/7P/3R2K1 b - - 0 37
3	75	8	0	-1000	-1000	1	a5	7R/5pp1/p6p/1p4k1/1P2Q3/P5P1/7P/3R2K1 b - - 2 38
3	77	8	0	-1000	-1000	1	Kh5	7R/5pp1/7p/pp4k1/1P2Q2P/P5P1/8/3R2K1 b - h3 0 39
3	79	8	0	-1000	-1000	1	g5	7R/5pp1/7p/pp3Q1k/1P5P/P5P1/8/3R2K1 b - - 2 40
4	16	24	69	18	-18	0	exd3	rnb1kb1r/1p1p1ppp/1qp2n2/8/p1P5/2Np2P1/PP1NPP1P/R1BQKB1R w KQkq - 0 9
4	18	24	57	-45	14	0	Qe2+	rnb1k2r/1p1p1ppp/1qp2n2/2b5/p1P5/2NP2P1/PP1N1P1P/R1BQKB1R w KQkq - 1 10
4	20	24	3	-114	13	0	Nde4	rnbk3r/1p1p1ppp/1qp2n2/2b5/p1P5/2NP2P1/PP1NQP1P/R1B1KB1R w KQ - 3 11
4	22	24	8	-131	27	0	Be3	rnbkr3/1p1p1ppp/1qp2n2/2b5/p1P1N3/2NP2P1/PP2QP1P/R1B1KB1R w KQ - 5 12
4	24	23	9	-147	32	0	Qxe3	rnbkr3/1p1p1ppp/1qp2n2/8/p1P1N3/2NPb1P1/PP2QP1P/R3KB1R w KQ - 0 13
4	26	22	0	0	61	0	Rb1	rnbkr3/1p1p1ppp/2p2n2/8/p1P1N3/2NPQ1P1/Pq3P1P/R3KB1R w KQ - 0 14
4	28	22	84	30	55	0	Bg2	rnbkr3/1p1p1ppp/2p2n2/8/p1P1N3/q1NPQ1P1/P4P1P/1R2KB1R w K - 2 15
4	30	22	0	0	28	0	cxd5	rnbkr3/1p3ppp/2p2n2/3p4/p1P1N3/q1NPQ1P1/P4PBP/1R2K2R w K d6 0 16
4	32	22	0	0	0	0	Nxd5	rnbkr3/1p3ppp/2p5/3n4/p3N3/q1NPQ1P1/P4PBP/1R2K2R w K - 0 17
4	34	20	0	0	0	0	Qg5+	rnbkr3/1p3ppp/8/3p4/p3N3/q2PQ1P1/P4PBP/1R2K2R w K - 0 18
4	36	20	-3	240	58	0	Qxd5+	rnbk4/1p2rppp/8/3p2Q1/p3N3/q2P2P1/P4PBP/1R2K2R w K - 2 19
4	38	20	-17	232	37	0	Qg5+	rnbk4/1p1r1ppp/8/3Q4/p3N3/q2P2P1/P4PBP/1R2K2R w K - 1 20
4	40	20	301	375	54	0	Qxg7	rnbk4/1p2rppp/8/6Q1/p3N3/q2P2P1/P4PBP/1R2K2R w K - 3 21
4	42	20	25	56	2	0	Qf8+	rnbk4/1p2r1Qp/8/5p2/p3N3/q2P2P1/P4PBP/1R2K2R w K f6 0 22
4	44	20	3	27	-2	0	O-O	rnb2Q2/1pk1r2p/8/5p2/p3N3/q2P2P1/P4PBP/1R2K2R w K - 2 23
4	46	19	47	22	0	0	Bxe4	rnb2Q2/1pk1r2p/8/8/p3p3/q2P2P1/P4PBP/1R3RK1 w - - 0 24
4	48	19	-13	-28	-32	0	Rb5	rnb2Q2/1pk1r2p/3q4/8/p3B3/3P2P1/P4P1P/1R3RK1 w - - 1 25
4	50	19	-3	-15	-2	0	Rc1	r1b2Q2/1pk1r2p/2nq4/1R6/p3B3/3P2P1/P4P1P/5RK1 w - - 3 26
4	52	19	45	-5	-9	0	Qe8	r1b2Q2/1pkr3p/2nq4/1R6/p3B3/3P2P1/P4P1P/2R3K1 w - - 5 27
4	54	19	122	-54	-27	0	Rbc5	r1b1Q3/1pkr3p/2nq4/1R6/4B3/p2P2P1/P4P1P/2R3K1 w - - 0 28
4	56	19	85	-187	-45	0	Rd5	2b1Q3/1pkr3p/r1nq4/2R5/4B3/p2P2P1/P4P1P/2R3K1 w - - 2 29
4	58	19	28	-281	-61	0	Rf5	2b1Q3/1pkr3p/r1n2q2/3R4/4B3/p2P2P1/P4P1P/2R3K1 w - - 4 30
4	60	19	86	-245	-87	0	Rf8	2b1Q3/1pkrq2p/r1n5/5R2/4B3/p2P2P1/P4P1P/2R3K1 w - - 6 31
4	62	15	17	-336	-111	0	Rxe8	2b1qR2/1pkr3p/r1n5/8/4B3/p2P2P1/P4P1P/2R3K1 w - - 0 32
4	64	11	-21	-338	-116	0	h4	2b1R3/1pk3rp/r1n5/8/4B3/p2P2P1/P4P1P/2R3K1 w - - 1 33
4	66	11	78	-316	-120	0	Kg2	2b1R3/1pk3rp/2n5/r7/4B2P/p2P2P1/P4P2/2R3K1 w - - 1 34
4	68	11	57	-398	-138	0	Rf8	4R3/1pkb2rp/2n5/r7/4B2P/p2P2P1/P4PK1/2R5 w - - 3 35
4	70	11	73	-480	-132	0	Rf6	5R2/1pk3rp/2n1b3/r7/4B2P/p2P2P1/P4PK1/2R5 w - - 5 36
4	72	11	14	-570	-160	0	Rc3	8/1pk3rp/2n2R2/r7/4B2P/p2P2P1/b4PK1/2R5 w - - 0 37
4	74	11	93	-427	-263	0	Rxc4	8/1pk3rp/2n2R2/r7/2b1B2P/p1RP2P1/5PK1/8 w - - 2 38
4	76	10	42	-505	-249	0	Rc1	8/1pk3rp/2n2R2/r7/2R1B2P/3P2P1/p4PK1/8 w - - 0 39
4	78	14	1	-545	-278	0	Rxa1	8/1pk3rp/2n2R2/r7/4B2P/3P2P1/5PK1/q1R5 w - - 0 40
4	80	8	23	-547	-278	0	h5	8/1pk3rp/2n2R2/8/4B2P/3P2P1/5PK1/r7 w - - 0 41
4	82	8	90	-423	-272	0	Kf3	8/1pk3rp/2n2R2/7P/4B3/3P2P1/5PK1/3r4 w - - 1 42
4	84	8	-2	-524	-300	0	Ke2	8/1pk3rp/5R2/4n2P/4B3/3P1KP1/5P2/3r4 w - - 3 43
4	86	8	37	-530	-287	0	d4	8/1pk3rp/5R2/4n2P/4B3/3P2P1/4KP2/r7 w - - 5 44
4	88	8	-3	-559	-304	0	Kf1	8/1pk3rp/5R2/4n2P/3PB3/6P1/r3KP2/8 w - - 1 45
4	90	8	26	-542	-311	0	Rf4	8/1pkn2rp/5R2/7P/3PB3/6P1/r4P2/5K2 w - - 3 46
4	92	8	-7	-552	-314	0	Kg2	8/1pknr2p/8/7P/3PBR2/6P1/r4P2/5K2 w - - 5 47
4	94	8	17	-545	-318	0	Bf3	8/1pknr2p/8/7P/3PBR2/6P1/3r1PK1/8 w - - 7 48
4	96	8	-9	-578	-316	0	Rg4	8/1pknr3/7p/7P/3P1R2/5BP1/3r1PK1/8 w - - 0 49
4	98	8	-2	-554	-348	0	Rg6	8/1pk1r3/1n5p/7P/3P2R1/5BP1/3r1PK1/8 w - - 2 50
4	100	8	81	-530	-327	0	d5	8/1pk1r3/6Rp/7P/2nP4/5BP1/3r1PK1/8 w - - 4 51
4	102	8	22	-525	-355	0	Kh3	8/1pk1r3/6Rp/3P3P/8/4nBP1/3r1PK1/8 w - - 1 52
4	104	8	66	-517	-362	0	Rf6	8/1pk1r3/6Rp/3P1n1P/8/5BPK/3r1P2/8 w - - 3 53
4	106	8	43	-513	-360	0	Kg2	8/1pk5/5R1p/3Prn1P/8/5BPK/3r1P2/8 w - - 5 54
4	108	8	3	-596	-383	0	Kg1	8/1pk5/5R1p/3Pr2P/8/4nBP1/3r1PK1/8 w - - 7 55
4	110	8	13	-532	-353	0	Rxh6	8/1pk5/5R1p/3nr2P/8/5BP1/3r1P2/6K1 w - - 0 56
4	112	8	-7	-511	-377	0	Kg2	8/1pk5/7R/3n3P/8/5BP1/3r1P2/4r1K1 w - - 1 57
4	114	8	19	-468	-401	0	Kh3	8/1pk5/7R/7P/8/4nBP1/3r1PK1/4r3 w - - 3 58
4	116	8	5	-476	-401	0	Rh7+	8/1pk5/7R/7P/8/4nBPK/5r2/4r3 w - - 0 59
4	118	8	26	-468	-414	0	Bxb7	8/1p5R/1k6/7P/8/4nBPK/5r2/4r3 w - - 2 60
4	120	8	13	-461	-457	0	Be4	8/1B5R/1k6/7P/8/4n1PK/5r2/6r1 w - - 1 61
4	122	8	60	-545	-516	0	Rh6+	8/7R/1k6/7P/4B3/6PK/5r2/5nr1 w - - 3 62
4	124	8	204	-796	-522	0	Rg6	8/8/7R/2k4P/4B3/6PK/5r2/5nr1 w - - 5 63
4	126	8	0	-1000	-507	0	Bb7	8/8/6R1/7P/3kB3/6PK/5r2/5nr1 w - - 7 64
4	128	8	0	-1000	-531	1	Kg4	8/1B6/6R1/7P/3k4/6PK/7r/5nr1 w - - 9 65
4	130	8	0	-1000	-545	1	Kf5	8/1B6/6R1/7P/3k2K1/6r1/7r/5n2 w - - 0 66
4	132	8	0	-1000	-554	1	Kf6	8/1B6/6R1/5K1r/3k4/6r1/8/5n2 w - - 0 67
4	134	8	419	-581	-552	0	Rxg3	8/1B6/5KR1/8/3k4/6r1/7r/5n2 w - - 2 68
4	136	4	276	-724	-556	1	Ke6	8/1B6/5K2/8/3k4/6n1/7r/8 w - - 0 69
4	138	4	0	-1000	-555	0	Kd7	8/1B6/4K3/8/3k4/6n1/4r3/8 w - - 2 70
4	140	4	0	-1000	-559	1	Bf3	8/1B1K4/8/5n2/3k4/8/4r3/8 w - - 4 71
4	142	4	0	-1000	-561	1	Kc8	8/3Kr3/8/5n2/3k4/5B2/8/8 w - - 6 72
4	144	4	0	-1000	-537	1	Kd8	2K5/4r3/8/2k2n2/8/5B2/8/8 w - - 8 73
4	146	4	0	-1000	-1091	1	Ba8	3K4/4r3/3k4/5n2/8/5B2/8/8 w - - 10 74
4	148	4	0	-1000	-1000	1	Ke8	B2K4/7r/3k4/5n2/8/8/8/8 w - - 12 75
4	150	4	0	-1000	-935	1	Kf7	B3K2r/8/3k4/5n2/8/8/8/8 w - - 14 76
4	152	3	0	-1000	-1000	1	Kf6	r7/5K2/3k4/5n2/8/8/8/8 w - - 0 77
4	154	3	0	-1000	-1000	1	Kg5	5r2/8/3k1K2/5n2/8/8/8/8 w - - 2 78
4	156	3	0	-1000	-1000	1	Kh5	5r2/8/8/4knK1/8/8/8/8 w - - 4 79
4	158	3	0	-1000	-1000	1	Kg6	5r2/8/8/4k2K/3n4/8/8/8 w - - 6 80
4	160	3	0	-1000	-1000	1	Kh5	5r2/8/4n1K1/4k3/8/8/8/8 w - - 8 81
5	17	24	53	41	28	0	d5	rnb1kb1r/1p1p1ppp/1qp2n2/8/p1P5/2NP2P1/PP1N1P1P/R1BQKB1R b KQkq - 0 9
5	19	24	1	21	41	0	cxd5	rnb1kb1r/1p3ppp/1qp2n2/3P4/p7/2NP2P1/PP1N1P1P/R1BQKB1R b KQkq - 0 10
5	21	24	4	26	40	0	Bg4	rnb1kb1r/1p3ppp/1q3n2/3p4/p7/2NP2P1/PP1N1PBP/R1BQK2R b KQkq - 1 11
5	23	24	33	22	33	0	Be6	rn2kb1r/1p3ppp/1q3n2/3p4/p5b1/2NP1BP1/PP1N1P1P/R1BQK2R b KQkq - 3 12
5	25	24	3	-12	48	0	Qa6	rn2kb1r/1p3ppp/1q2bn2/3p4/N7/3P1BP1/PP1N1P1P/R1BQK2R b KQkq - 0 13
5	27	24	-2	-22	46	0	Qxd3	rn2kb1r/1p3ppp/q3bn2/3p4/8/2NP1BP1/PP1N1P1P/R1BQK2R b KQkq - 2 14
5	29	24	2	-14	42	0	Nbd7	rn2kb1r/1p3ppp/4bn2/3p4/8/1QNq1BP1/PP1N1P1P/R1B1K2R b KQkq - 1 15
5	31	24	-3	63	80	0	Rb8	r3kb1r/1Q1n1ppp/4bn2/3p4/8/2Nq1BP1/PP1N1P1P/R1B1K2R b KQkq - 0 16
5	33	24	5	59	95	0	Bb4	1r2kb1r/2Qn1ppp/4bn2/3p4/8/2Nq1BP1/PP1N1P1P/R1B1K2R b KQk - 2 17
5	35	24	3	91	89	0	Bc5	1r2k2r/2Qn1ppp/4bn2/3p4/1b6/P1Nq1BP1/1P1N1P1P/R1B1K2R b KQk - 0 18
5	37	24	251	287	93	0	Bxf2+	1r2k2r/2Qn1ppp/4bn2/2bp4/N7/P2q1BP1/1P1N1P1P/R1B1K2R b KQk - 2 19
5	39	23	-4	34	109	0	Qd4+	1r2k2r/2Qn1ppp/4bn2/3p4/N7/P2q1BP1/1P1N1K1P/R1B4R b k - 0 20
5	41	23	-1	29	115	0	Qxa4	1r2k2r/2Qn1ppp/4bn2/3p4/N2q4/P4BP1/1P1N2KP/R1B4R b k - 2 21
5	43	22	90	135	153	0	Qa6	1r2k2r/2Qn1ppp/4bn2/3p4/q7/PP3BP1/3N2KP/R1B4R b k - 0 22
5	45	22	-7	33	97	0	O-O	1r2k2r/3n1ppp/q3bn2/3p4/5Q2/PP3BP1/3N2KP/R1B4R b k - 2 23
5	47	22	31	31	88	0	Nc5	1r3rk1/3n1ppp/q3bn2/3p4/5Q2/PP3BP1/1B1N2KP/R6R b - - 4 24
5	49	21	0	0	105	0	gxf6	1r3rk1/5ppp/q3bB2/2np4/5Q2/PP3BP1/3N2KP/R6R b - - 0 25
5	51	20	8	30	117	0	Nd3	1r3rk1/5p1p/q3bp2/2np4/8/PP2QBP1/3N2KP/R6R b - - 1 26
5	53	20	95	111	115	0	d4	1r3rk1/5p1p/q3bp2/3p4/8/PP1nQBP1/3N2KP/R2R4 b - - 3 27
5	55	20	7	24	82	0	Bf5	1r3rk1/5p1p/q3bp1Q/8/3p4/PP1n1BP1/3N2KP/R2R4 b - - 1 28
5	57	20	7	22	65	0	Bg6	1r3rk1/5p1p/q4p1Q/5b2/3pN3/PP1n1BP1/6KP/R2R4 b - - 3 29
5	59	20	55	29	72	0	f5	1r3rk1/5p1p/q4pbQ/8/1P1pN3/P2n1BP1/6KP/R2R4 b - - 0 30
5	61	20	-7	-7	33	0	Qxf6	1r3rk1/5p1p/q4NbQ/5p2/1P1p4/P2n1BP1/6KP/R2R4 b - - 1 31
5	63	18	57	-4	40	0	Rbc8	1r3rk1/5p1p/5qbQ/5p2/1P1p4/P2R1BP1/6KP/R7 b - - 0 32
5	65	18	407	-7	38	0	Kh8	2r2rk1/5p1p/5qbQ/5p2/1P1p4/P2R1BP1/6KP/3R4 b - - 2 33
5	67	18	8	-424	-72	0	Rfe8	2r2r1k/5p1p/5qbQ/5p2/1P1R4/P4BP1/6KP/3R4 b - - 0 34
5	69	18	44	-374	-77	0	Rc2+	2r1r2k/5p1p/5qbQ/1P3p2/3R4/P4BP1/6KP/3R4 b - - 0 35
5	71	18	9	-447	-129	0	Rc3	4r2k/5p1p/5qbQ/1P3p2/8/P4BP1/2rR2KP/3R4 b - - 2 36
5	73	18	93	-345	-110	0	Rg8	4r2k/5p1p/2B2qbQ/1P3p2/8/P1r3P1/3R2KP/3R4 b - - 4 37
5	75	18	137	-57	-83	0	Rxa3	6rk/5p1p/2B2qbQ/1P3p2/8/P1r3P1/3R3P/3R2K1 b - - 6 38
5	77	18	11	-137	-82	0	Qe5	6rk/5p1p/2BR1qbQ/1P3p2/8/r5P1/7P/3R2K1 b - - 1 39
5	79	18	257	-142	-72	0	Qe3+	6rk/5p1p/2B3bQ/1P1Rqp2/8/r5P1/7P/3R2K1 b - - 3 40
5	81	14	14	-427	-66	0	Rxe3	6rk/5p1p/2B3b1/1P1R1p2/8/r3Q1P1/7P/3R2K1 b - - 0 41
5	83	10	129	-365	-78	0	f4	6rk/5p1p/1PB3b1/3R1p2/8/4r1P1/7P/3R2K1 b - - 0 42
5	85	10	-3	-471	-298	0	fxg3	6rk/1P3p1p/2B3b1/3R4/5p2/4r1P1/7P/3R2K1 b - - 0 43
5	87	10	-20	-491	-309	0	gxh2+	3R2rk/1P3p1p/2B3b1/8/8/4r1p1/7P/3R2K1 b - - 1 44
5	89	10	-2	-483	-334	0	Rb3	3R2rk/1P3p1p/2B3b1/8/8/4r3/7K/3R4 b - - 0 45
5	91	8	-6	-486	-323	0	Kxg8	6Rk/1P3p1p/2B3b1/8/8/1r6/7K/3R4 b - - 0 46
5	93	6	-4	-495	-326	0	Kg7	3R2k1/1P3p1p/2B3b1/8/8/1r6/7K/8 b - - 1 47
5	95	10	3	-521	-329	0	Rxb8	1Q1R4/5pkp/2B3b1/8/8/1r6/7K/8 b - - 0 48
5	97	4	11	-530	-332	0	Kf6	1R6/5pkp/2B3b1/8/8/8/7K/8 b - - 0 49
5	99	4	32	-512	-347	0	Kg5	1R6/5p1p/2B2kb1/8/8/6K1/8/8 b - - 2 50
5	101	4	1	-524	-348	0	h5	1R6/5p1p/6b1/3B2k1/8/6K1/8/8 b - - 4 51
5	103	4	34	-525	-400	0	Kh6	6R1/5p2/6b1/3B2kp/8/6K1/8/8 b - - 1 52
5	105	4	57	-607	-435	0	Bh7	6R1/5p2/6bk/3B3p/5K2/8/8/8 b - - 3 53
5	107	4	362	-638	-458	1	f6	2R5/5p1b/7k/3B3p/5K2/8/8/8 b - - 5 54
5	109	4	0	-1000	-552	1	Bxe4	2R5/7b/5p1k/7p/4BK2/8/8/8 b - - 1 55
5	111	2	0	-1000	-568	1	Kg5	2R5/8/5p1k/7p/4K3/8/8/8 b - - 0 56
5	113	2	0	-1000	-1000	1	Kh4	6R1/8/5p2/6kp/4K3/8/8/8 b - - 2 57
5	115	2	0	-1000	-1000	1	Kh3	6R1/8/5p2/5K1p/7k/8/8/8 b - - 4 58
5	117	2	0	-1000	-1000	1	Kh2	8/6R1/5p2/5K1p/8/7k/8/8 b - - 6 59
5	119	2	0	-1000	-579	1	Kg1	8/7R/5p2/5K1p/8/8/7k/8 b - - 8 60
5	121	2	0	-1000	-1000	1	Kf2	8/8/5p2/5K1R/8/8/8/6k1 b - - 0 61
5	123	2	0	-1000	-742	1	Ke3	8/8/5K2/7R/8/8/5k2/8 b - - 0 62
5	125	2	0	-1000	-735	1	Ke4	8/8/8/6KR/8/4k3/8/8 b - - 2 63
5	127	2	0	-1000	-733	1	Ke3	8/8/7R/6K1/4k3/8/8/8 b - - 4 64
5	129	2	0	-1000	-716	1	Ke2	8/8/7R/5K2/8/4k3/8/8 b - - 6 65
5	131	2	0	-1000	-726	1	Kf2	8/8/7R/8/4K3/8/4k3/8 b - - 8 66
5	133	2	0	-1000	-1000	1	Ke2	8/8/7R/8/5K2/8/5k2/8 b - - 10 67
5	135	2	0	-1000	-1000	1	Kf2	8/8/3R4/8/5K2/8/4k3/8 b - - 12 68
5	137	2	0	-1000	-1000	1	Ke1	8/8/8/8/5K2/8/3R1k2/8 b - - 14 69
5	139	2	0	-1000	-1000	1	Kf1	8/8/8/8/8/4K3/3R4/4k3 b - - 16 70
5	141	2	0	-1000	-1000	1	Kg1	8/8/8/8/8/5K2/3R4/5k2 b - - 18 71
5	143	2	0	-1000	-1000	1	Kh2	8/8/8/8/8/5K2/8/3R2k1 b - - 20 72
5	145	2	0	-1000	-1000	1	Kh3	8/8/8/8/8/5K2/7k/4R3 b - - 22 73
6	17	23	-3	-9	-59	0	Bxg5	r1bq1rk1/ppp1bppp/2np4/6B1/2PP4/5N2/PP2BPPP/RN1Q1RK1 b - - 0 9
6	19	22	15	-11	-59	0	Nb4	r1bq1rk1/ppp2ppp/2np4/3P2b1/2P5/5N2/PP2BPPP/RN1Q1RK1 b - - 0 10
6	21	21	-3	-26	-15	0	Qxg5	r1bq1rk1/ppp2ppp/3p4/3P2N1/1nP5/8/PP2BPPP/RN1Q1RK1 b - - 0 11
6	23	20	8	0	-6	0	Bh3	r1b2rk1/ppp2ppp/3p4/3P2q1/1nP5/2N5/PP2BPPP/R2Q1RK1 b - - 1 12
6	25	20	-7	-7	-16	0	Bf5	r4rk1/ppp2ppp/3p4/3P2q1/1nP5/2N2B1b/PP3PPP/R2Q1RK1 b - - 3 13
6	27	20	6	20	-14	0	Bxe4	r4rk1/ppp2ppp/3p4/3P1bq1/1nP1N3/5B2/PP3PPP/R2Q1RK1 b - - 5 14
6	29	18	-3	12	-20	0	Rae8	r4rk1/ppp2ppp/3p4/3P2q1/1nP1B3/8/PP3PPP/R2Q1RK1 b - - 0 15
6	31	18	0	13	-19	0	a5	4rrk1/ppp2ppp/3p4/3P2q1/1nP5/5B2/PP3PPP/R2Q1RK1 b - - 2 16
6	33	18	4	10	-19	0	b6	4rrk1/1pp2ppp/3p4/p2P2q1/1nP5/1Q3B2/PP3PPP/R4RK1 b - - 1 17
6	35	18	9	29	-22	0	Qh4	4rrk1/2p2ppp/1p1p4/p2P2q1/1nP5/1Q3B2/PP3PPP/3R1RK1 b - - 1 18
6	37	18	9	17	-15	0	Na6	4rrk1/2p2ppp/1p1p4/p2P4/1nP4q/PQ3B2/1P3PPP/3R1RK1 b - - 0 19
6	39	18	7	14	0	0	Nc5	4rrk1/2p2ppp/np1p4/pQ1P4/2P4q/P4B2/1P3PPP/3R1RK1 b - - 2 20
6	41	18	2	105	13	0	Re7	4rrk1/2p2ppp/1pQp4/p1nP4/2P4q/P4B2/1P3PPP/3R1RK1 b - - 4 21
6	43	18	1	115	43	0	Rxe1	5rk1/2p1rppp/1pQp4/p1nP4/2P4q/P4B2/1P3PPP/4RRK1 b - - 6 22
6	45	14	-5	124	30	0	Nd3	5rk1/2p2ppp/1pQp4/p1nP4/2P4q/P4B2/1P3PPP/4R1K1 b - - 0 23
6	47	14	61	123	46	0	Nxb2	5rk1/2p2ppp/1pQp4/p2P4/2P4q/P2n1B2/1P3PPP/5RK1 b - - 2 24
6	49	14	5	34	39	0	Nxc4	5rk1/2Q2ppp/1p1p4/p2P4/2P4q/P4B2/1n3PPP/5RK1 b - - 0 25
6	51	14	-5	49	42	0	Nxa3	5rk1/2Q2ppp/1p1p4/p2P4/2n4q/P7/4BPPP/5RK1 b - - 1 26
6	53	14	-12	183	60	0	Qb4	5rk1/5ppp/1Q1p4/p2P4/7q/n7/4BPPP/5RK1 b - - 0 27
6	55	14	4	205	60	0	Nb1	5rk1/5ppp/2Qp4/p2P4/1q6/n7/4BPPP/5RK1 b - - 2 28
6	57	14	-38	257	59	0	Nd2	5rk1/5ppp/2Qp4/p2P4/1q6/8/4BPPP/1nR3K1 b - - 4 29
6	59	14	-40	338	95	0	a4	5rk1/5ppp/2Qp4/p2P4/1q6/8/3nBPPP/3R2K1 b - - 6 30
6	61	14	99	464	102	0	h6	5rk1/5ppp/2Qp4/3P4/pq6/3B4/3n1PPP/3R2K1 b - - 1 31
6	63	14	-3	517	125	0	a3	5rk1/2Q2pp1/3p3p/3P4/pq6/3B4/3n1PPP/3R2K1 b - - 1 32
6	65	14	9	523	117	0	Ra8	5rk1/5pp1/3p3p/3P4/1q6/p2B4/2Qn1PPP/3R2K1 b - - 1 33
6	67	14	0	587	202	0	Kh8	r5k1/5ppB/3p3p/3P4/1q6/p7/2Qn1PPP/3R2K1 b - - 3 34
6	69	14	-5	614	231	0	Rb8	r6k/5ppB/2Qp3p/3P4/1q6/p7/3n1PPP/3R2K1 b - - 5 35
6	71	14	-9	639	309	0	a2	1r5k/5pp1/2Qp3p/3P4/1q6/p2B4/3n1PPP/3R2K1 b - - 7 36
6	73	14	42	673	440	0	Qb2	1r5k/5pp1/Q2p3p/3P4/1q6/3B4/p2n1PPP/3R2K1 b - - 1 37
6	75	14	-47	670	734	0	Qb1	1r5k/5pp1/3Q3p/3P4/8/3B4/pq1n1PPP/3R2K1 b - - 0 38
6	77	14	88	801	883	0	Qxc2	1r5k/5pp1/3Q3p/3P4/8/8/p1Bn1PPP/1q1R2K1 b - - 2 39
6	79	11	-106	804	953	0	Kh7	1Q5k/5pp1/7p/3P4/8/8/p1qn1PPP/3R2K1 b - - 0 40
6	81	11	0	1000	952	0	Qc3	1Q6/5ppk/7p/3P4/8/8/p1qn1PPP/4R1K1 b - - 2 41
6	83	11	0	1000	989	0	Nf3+	8/5ppk/7p/3P4/5Q2/2q5/p2n1PPP/4R1K1 b - - 4 42
6	85	10	0	1000	1067	0	Qxe1+	8/5ppk/7p/3P4/5Q2/2q2P2/p4P1P/4R1K1 b - - 0 43
6	87	8	0	1000	1074	0	Qb1	8/5ppk/7p/3P4/5Q2/5P2/p4PKP/4q3 b - - 1 44
6	89	8	0	1000	1211	1	f5	8/5ppk/7p/3P4/4Q3/5P2/p4PKP/1q6 b - - 3 45
6	91	8	0	1000	1238	0	a1=Q	8/6pk/7p/3P1p2/3Q4/5P2/p4PKP/1q6 b - - 1 46
6	93	8	0	1000	1256	0	Qxa1	8/6pk/7p/3P1p2/8/5P2/5PKP/Qq6 b - - 0 47
6	95	4	0	1000	1321	0	Qd1	8/6pk/3P3p/5p2/8/5P2/5PKP/q7 b - - 0 48
6	97	4	0	1000	1500	1	f4	8/3P2pk/7p/5p2/8/5P2/5PKP/3q4 b - - 0 49
7	16	24	16	26	66	0	Bxg5	r1bq1rk1/ppp1bppp/2np4/6n1/2PP4/5N2/PP2BPPP/RNBQ1RK1 w - - 1 9
7	18	22	-4	4	59	0	d5	r1bq1rk1/ppp2ppp/2np4/6b1/2PP4/5N2/PP2BPPP/RN1Q1RK1 w - - 0 10
7	20	22	-4	25	49	0	a3	r1bq1rk1/ppp2ppp/3p4/3P2b1/1nP5/5N2/PP2BPPP/RN1Q1RK1 w - - 1 11
7	22	22	28	23	49	0	Nc3	r1bq1rk1/ppp2ppp/n2p4/3P2b1/2P5/P4N2/1P2BPPP/RN1Q1RK1 w - - 1 12
7	24	22	2	-7	52	0	Rc1	r1bq1rk1/ppp2ppp/n2p1b2/3P4/2P5/P1N2N2/1P2BPPP/R2Q1RK1 w - - 3 13
7	26	22	-5	3	57	0	b4	r2q1rk1/ppp2ppp/n2p1b2/3P1b2/2P5/P1N2N2/1P2BPPP/2RQ1RK1 w - - 5 14
7	28	22	30	30	67	0	Nd4	r2q1rk1/ppp2ppp/n2p1bb1/3P4/1PP5/P1N2N2/4BPPP/2RQ1RK1 w - - 1 15
7	30	22	6	0	63	0	h3	rn1q1rk1/ppp2ppp/3p1bb1/3P4/1PPN4/P1N5/4BPPP/2RQ1RK1 w - - 3 16
7	32	22	0	0	59	0	Nb3	rn1q1rk1/1pp2ppp/p2p1bb1/3P4/1PPN4/P1N4P/4BPP1/2RQ1RK1 w - - 0 17
7	34	22	4	1	54	0	c5	r2q1rk1/1ppn1ppp/p2p1bb1/3P4/1PP5/PNN4P/4BPP1/2RQ1RK1 w - - 2 18
7	36	22	7	2	65	0	bxc5	r2q1rk1/1ppn1ppp/p4bb1/2pP4/1P6/PNN4P/4BPP1/2RQ1RK1 w - - 0 19
7	38	22	1	2	73	0	c6	r2q1rk1/2pn1ppp/pp3bb1/2PP4/8/PNN4P/4BPP1/2RQ1RK1 w - - 0 20
7	40	21	-3	0	59	0	Rxc3	r2q1rk1/2pn1ppp/ppP3b1/3P4/8/PNb4P/4BPP1/2RQ1RK1 w - - 0 21
7	42	20	4	4	43	0	Bf3	r2q1rk1/2p2ppp/ppP2nb1/3P4/8/PNR4P/4BPP1/3Q1RK1 w - - 1 22
7	44	20	0	0	58	0	a4	r4rk1/2p2ppp/ppPq1nb1/3P4/8/PNR2B1P/5PP1/3Q1RK1 w - - 3 23
7	46	20	0	0	43	0	Rc4	3r1rk1/2p2ppp/ppPq1nb1/3P4/P7/1NR2B1P/5PP1/3Q1RK1 w - - 1 24
7	48	20	83	0	36	0	Re1	3rr1k1/2p2ppp/ppPq1nb1/3P4/P1R5/1N3B1P/5PP1/3Q1RK1 w - - 3 25
7	50	18	-8	-13	28	0	Qxe1	3r2k1/2p2ppp/ppPq1nb1/3P4/P1R5/1N3B1P/5PP1/3Qr1K1 w - - 0 26
7	52	16	69	5	11	0	Qc1	4r1k1/2p2ppp/ppPq1nb1/3P4/P1R5/1N3B1P/5PP1/4Q1K1 w - - 1 27
7	54	16	-8	-67	-25	0	Rd4	4r1k1/2p2ppp/ppPq1n2/3P4/P1R5/1N1b1B1P/5PP1/2Q3K1 w - - 3 28
7	56	16	-16	-79	0	0	Bxe2	4r1k1/2p2ppp/ppPq1n2/3P4/P2R4/1N3B1P/4bPP1/2Q3K1 w - - 5 29
7	58	14	75	-77	-13	0	Kf1	6k1/2p2ppp/ppPq1n2/3P4/P2R4/1N5P/4rPP1/2Q3K1 w - - 0 30
7	60	14	-12	-136	-27	0	g3	4r1k1/2p2ppp/ppPq1n2/3P4/P2R4/1N5P/5PP1/2Q2K2 w - - 2 31
7	62	14	0	-26	-28	0	Qc4	4r1k1/2p2ppp/ppPq4/3n4/P2R4/1N4PP/5P2/2Q2K2 w - - 0 32
7	64	14	59	-25	-25	0	Kg1	3r2k1/2p2ppp/ppPq4/3n4/P1QR4/1N4PP/5P2/5K2 w - - 2 33
7	66	14	157	-1	-2	0	g4	3r2k1/2p2ppp/1pPq4/p2n4/P1QR4/1N4PP/5P2/6K1 w - - 0 34
7	68	14	0	-96	-18	0	Nd2	3r2k1/2p2pp1/1pPq4/p2n3p/P1QR2P1/1N5P/5P2/6K1 w - h6 0 35
7	70	14	10	-90	-18	0	hxg4	3r2k1/2p2pp1/1pPq4/p2n4/P1QR2p1/7P/3N1P2/6K1 w - - 0 36
7	72	14	0	-106	-14	0	Nf3	3r2k1/2p2pp1/1pP1q3/p2n4/P1QR2P1/8/3N1P2/6K1 w - - 1 37
7	74	14	-1	-104	-14	0	Kg2	3r2k1/2p2p2/1pP1q1p1/p2n4/P1QR2P1/5N2/5P2/6K1 w - - 0 38
7	76	14	8	-96	-17	0	Re4	3r4/2p2pk1/1pP1q1p1/p2n4/P1QR2P1/5N2/5PK1/8 w - - 2 39
7	78	14	23	-104	-13	0	Qc1	3r4/2p2pk1/1pPq2p1/p2n4/P1Q1R1P1/5N2/5PK1/8 w - - 4 40
7	80	14	30	-68	-15	0	Qc4	2r5/2p2pk1/1pPq2p1/p2n4/P3R1P1/5N2/5PK1/2Q5 w - - 6 41
7	82	14	19	-76	-14	0	Rd4	2r3k1/2p2p2/1pPq2p1/p2n4/P1Q1R1P1/5N2/5PK1/8 w - - 8 42
7	84	14	25	-95	-9	0	Qc1	3r2k1/2p2p2/1pPq2p1/p2n4/P1QR2P1/5N2/5PK1/8 w - - 10 43
7	86	14	0	0	0	0	Qg5	3r4/2p2p1k/1pPq2p1/p2n4/P2R2P1/5N2/5PK1/2Q5 w - - 12 44
7	88	14	23	0	-20	0	Qc1	3r4/2p4k/1pPq1pp1/p2n2Q1/P2R2P1/5N2/5PK1/8 w - - 0 45
7	90	14	18	-21	-20	0	Qc4	3r4/2p3k1/1pPq1pp1/p2n4/P2R2P1/5N2/5PK1/2Q5 w - - 2 46
7	92	14	265	-27	-23	0	g5	3r4/2p3k1/1pP2pp1/p2n4/PqQR2P1/5N2/5PK1/8 w - - 4 47
7	94	14	29	-336	-61	0	Nxg5	3r4/2p3k1/1pP3p1/p2n2p1/PqQR4/5N2/5PK1/8 w - - 0 48
7	96	10	12	-376	-95	0	Rxc4	3r4/2p3k1/1pP3p1/p2n2N1/P1qR4/8/5PK1/8 w - - 0 49
7	98	6	21	-381	-91	0	Nf3	3r4/2p5/1pP2kp1/p2n2N1/P1R5/8/5PK1/8 w - - 1 50
7	100	6	27	-392	-113	0	Kh3	3r4/2p1n3/1pP2kp1/p7/P1R5/5N2/5PK1/8 w - - 3 51
7	102	6	42	-417	-122	0	Nd4	8/2p1n3/1pPr1kp1/p7/P1R5/5N1K/5P2/8 w - - 5 52
7	104	6	8	-465	-104	0	Nb5	8/2p1n3/1pPr2p1/p3k3/P1RN4/7K/5P2/8 w - - 7 53
7	106	6	91	-496	-98	0	Rxc6	8/2p1n3/1pr3p1/pN2k3/P1R5/7K/5P2/8 w - - 0 54
7	108	2	26	-617	-98	0	Kg4	8/2p5/1pn3p1/pN2k3/P7/7K/5P2/8 w - - 0 55
7	110	2	51	-536	-95	0	f4+	8/2p5/1p4p1/pN2k3/Pn4K1/8/5P2/8 w - - 2 56
7	112	2	-7	-562	-88	0	Nxc7+	8/2p5/1p4p1/pN1k4/Pn3PK1/8/8/8 w - - 1 57
7	114	2	3	-606	-108	0	Ne8+	8/2N5/1p1k2p1/p7/Pn3PK1/8/8/8 w - - 1 58
7	116	2	12	-593	-106	0	Nc7+	4N3/8/1p2k1p1/p7/Pn3PK1/8/8/8 w - - 3 59
7	118	2	191	-370	-105	0	Ne8+	8/2N5/1p3kp1/p7/Pn3PK1/8/8/8 w - - 5 60
7	120	2	83	-540	-77	0	Nc7	4N3/4k3/1p4p1/p7/Pn3PK1/8/8/8 w - - 7 61
7	122	2	24	-464	-54	0	Nb5	8/2Nk4/1p4p1/p7/Pn3PK1/8/8/8 w - - 9 62
7	124	2	91	-490	-51	0	Kg5	8/3k4/1p4p1/pN1n4/P4PK1/8/8/8 w - - 11 63
7	126	2	13	-22	-50	0	Nd4	8/4k3/1p4p1/pN1n2K1/P4P2/8/8/8 w - - 13 64
7	128	2	-9	-20	-39	0	Nb5	8/5k2/1p4p1/p2n2K1/P2N1P2/8/8/8 w - - 15 65
7	130	2	14	-1	0	0	Nd6+	8/5k2/1p4p1/pN4K1/P4P2/4n3/8/8 w - - 17 66
7	132	2	314	-7	-28	0	Nb5	8/8/1p1Nk1p1/p5K1/P4P2/4n3/8/8 w - - 19 67
7	134	2	-2	-2	0	0	Nd4+	8/8/1p2k1p1/pN1n2K1/P4P2/8/8/8 w - - 21 68
7	136	2	547	0	-85	0	Nf3	8/8/1p1k2p1/p2n2K1/P2N1P2/8/8/8 w - - 23 69
7	138	2	58	-575	-134	0	Ne1	8/8/1p4p1/p1kn2K1/P4P2/5N2/8/8 w - - 25 70
7	140	2	13	-583	-160	0	axb5	8/8/6p1/ppkn2K1/P4P2/8/8/4N3 w - - 0 71
7	142	2	25	-619	-169	0	b6	8/8/6p1/1Pkn2K1/p4P2/8/8/4N3 w - - 0 72
7	144	2	-18	-47	-92	0	Kxg6	8/8/1n4p1/2k3K1/p4P2/8/8/4N3 w - - 0 73
7	146	2	-2	-2	-131	0	Nd3+	8/8/1n4K1/2k5/5P2/p7/8/4N3 w - - 0 74
7	148	2	0	0	-195	0	Nc1	8/8/1n4K1/8/2k2P2/p2N4/8/8 w - - 2 75
7	150	2	0	0	-168	0	f5	8/8/6K1/3n4/2k2P2/p7/8/2N5 w - - 4 76
7	152	2	0	0	-195	0	Kh7	8/8/6K1/5P2/2k2n2/p7/8/2N5 w - - 1 77
7	154	2	0	0	-198	0	Na2	8/7K/8/5P2/2k5/p2n4/8/2N5 w - - 3 78
7	156	2	0	0	-292	0	f6	8/7K/8/5P2/8/pk1n4/N7/8 w - - 5 79
7	158	2	0	0	-266	0	Nc1+	8/7K/5P2/4n3/8/pk6/N7/8 w - - 1 80
7	160	2	0	0	-283	0	Na2	8/7K/5P2/4n3/8/p7/2k5/2N5 w - - 3 81
7	162	2	0	0	-239	0	Nb4	8/7K/5P2/4n3/8/p7/Nk6/8 w - - 5 82
7	164	2	0	0	-237	0	Nd3	8/7K/5P2/4n3/1N6/pk6/8/8 w - - 7 83
7	166	1	0	0	-239	0	f7	8/7K/5P2/8/8/pk1n4/8/8 w - - 0 84
7	168	1	0	0	-239	0	f8=Q	8/5P1K/8/8/8/1k1n4/p7/8 w - - 0 85
7	170	9	0	0	-235	0	Qg8+	5Q2/7K/8/8/8/1k1n4/8/q7 w - - 0 86
7	172	9	0	0	-230	0	Qf8+	6Q1/7K/8/8/1k6/3n4/8/q7 w - - 2 87
7	174	9	19	0	-245	0	Qf7+	5Q2/7K/8/8/2k5/3n4/8/q7 w - - 4 88
7	176	9	-7	-20	-268	0	Qd7+	8/5Q1K/8/8/3k4/3n4/8/q7 w - - 6 89
7	178	9	7	-11	-281	0	Qe7+	8/3Q3K/8/8/4k3/3n4/8/q7 w - - 8 90
7	180	9	5	-12	-279	0	Qf7+	8/4Q2K/8/8/8/3n1k2/8/q7 w - - 10 91
7	182	9	6	-10	-295	0	Kg8	8/5Q1K/8/8/5n2/5k2/8/q7 w - - 12 92
7	184	9	-1	-13	-301	0	Kf8	6K1/5Q2/8/8/5n2/5k2/8/6q1 w - - 14 93
7	186	9	3	-5	-306	0	Kg8	5K2/5Q2/8/2q5/5n2/5k2/8/8 w - - 16 94
7	188	9	1	-6	-302	0	Kf8	6K1/5Q2/8/1q6/5n2/5k2/8/8 w - - 18 95
7	190	9	12	-6	-312	0	Kg8	5K2/5Q2/8/8/1q3n2/5k2/8/8 w - - 20 96
7	192	9	-1	-15	-306	0	Qf8	1q4K1/5Q2/8/8/5n2/5k2/8/8 w - - 22 97
7	194	9	3	-11	-307	0	Qf7	5QK1/8/8/8/5n2/1q3k2/8/8 w - - 24 98
7	196	9	1	-11	-306	0	Qc7	6K1/5Q2/8/8/5n2/5k2/1q6/8 w - - 26 99
7	198	9	-2	-9	-310	0	Qf7	6K1/2Q5/8/8/5n2/5k2/q7/8 w - - 28 100
7	200	9	3	-7	-317	0	Kg7	q5K1/5Q2/8/8/5n2/5k2/8/8 w - - 30 101
7	202	9	3	-5	-310	0	Qf8	1q6/5QK1/8/8/5n2/5k2/8/8 w - - 32 102
7	204	9	2	-7	-312	0	Qf7	5Q2/1q4K1/8/8/5n2/5k2/8/8 w - - 34 103
7	206	9	3	-10	-302	0	Kg8	8/5QK1/1q6/8/5n2/5k2/8/8 w - - 36 104
7	208	9	-2	-10	-302	0	Qf8	3q2K1/5Q2/8/8/5n2/5k2/8/8 w - - 38 105
7	210	9	1	-8	-308	0	Qf6	5QK1/8/8/8/5n2/3q1k2/8/8 w - - 40 106
7	212	9	5	-9	-305	0	Qf7	6K1/8/5Q2/8/2q2n2/5k2/8/8 w - - 42 107
7	214	9	-1	-11	-309	0	Qg7	6K1/5Q2/8/8/3q1n2/5k2/8/8 w - - 44 108
7	216	9	4	-8	-298	0	Qb7+	6K1/6Q1/8/8/5n2/4qk2/8/8 w - - 46 109
7	218	9	4	-6	-294	0	Qg7+	6K1/1Q6/8/8/5n2/4q1k1/8/8 w - - 48 110
7	220	9	5	-10	-299	0	Qb2+	6K1/6Q1/8/8/5n2/4q3/5k2/8 w - - 50 111
7	222	9	6	-10	-323	0	Qf6+	6K1/8/8/8/8/4q3/1Q2nk2/8 w - - 52 112
7	224	9	-3	-15	-318	0	Qg6+	6K1/8/5Q2/8/8/4q1k1/4n3/8 w - - 54 113
7	226	9	-1	-8	-293	0	Qc6+	6K1/8/6Q1/8/8/4qk2/4n3/8 w - - 56 114
7	228	9	6	-8	-279	0	Kf8	6K1/8/2Q5/8/6k1/4q3/4n3/8 w - - 58 115
7	230	9	3	-14	-254	0	Qd7+	5K2/8/2Q5/8/5nk1/4q3/8/8 w - - 60 116
7	232	9	-7	-8	-268	0	Qg7+	5K2/3Q4/8/8/5n2/4q1k1/8/8 w - - 62 117
7	234	9	0	0	-263	0	Qb7+	5K2/6Q1/8/8/5n2/4qk2/8/8 w - - 64 118
7	236	9	0	0	-316	0	Qb2+	5K2/1Q6/8/8/5n2/4q3/5k2/8 w - - 66 119
7	238	9	0	0	-274	0	Qa1+	5K2/8/8/8/5n2/4q3/1Q6/5k2 w - - 68 120
7	240	9	0	0	-268	0	Qg7+	5K2/8/8/8/5n2/4q3/6k1/Q7 w - - 70 121
7	242	9	0	0	-250	0	Qh7+	5K2/6Q1/8/8/5n2/4q3/7k/8 w - - 72 122
7	244	9	0	0	0	0	Qb1+	5K2/7Q/8/8/5n2/4q3/8/6k1 w - - 74 123
7	246	9	0	0	0	0	Qb7+	5K2/8/8/8/5n2/4q3/6k1/1Q6 w - - 76 124
7	248	9	0	0	0	0	Qb1+	5K2/1Q6/8/8/5n2/4q3/8/5k2 w - - 78 125
7	250	9	0	0	0	0	Qb2+	5K2/8/8/8/5n2/4q3/5k2/1Q6 w - - 80 126
7	252	9	0	0	-310	0	Qf6+	5K2/8/8/8/8/4q3/1Q2nk2/8 w - - 82 127
7	254	9	0	0	0	0	Qa1+	5K2/8/5Q2/8/8/4q3/4n3/6k1 w - - 84 128
7	256	9	0	0	0	0	Qh8+	5K2/8/8/8/8/4q3/4n2k/Q7 w - - 86 129
7	258	9	0	0	0	0	Qg7+	5K1Q/8/8/8/8/4q3/4n1k1/8 w - - 88 130
7	260	9	0	0	0	0	Qb2+	5K2/6Q1/8/8/8/4q1n1/6k1/8 w - - 90 131
7	262	9	0	0	0	0	Qf6+	5K2/8/8/8/8/4qkn1/1Q6/8 w - - 92 132
7	264	9	0	0	0	0	Qg7	5K2/8/5Q2/8/8/4q1n1/4k3/8 w - - 94 133
7	266	9	0	0	0	0	Qh7	5K2/6Q1/8/8/4n3/4q3/4k3/8 w - - 96 134
7	268	9	0	0	0	0	Qg6	5K2/7Q/8/8/4n3/4qk2/8/8 w - - 98 135
8	16	24	10	27	34	0	a3	r1b1k2r/ppqnnppp/2p5/2b1p3/4P3/5NP1/PPPN1PBP/R1BQ1RK1 w kq - 4 9
8	18	24	1	12	37	0	Rb1	r1b1k2r/1pqnnppp/2p5/p1b1p3/4P3/P4NP1/1PPN1PBP/R1BQ1RK1 w kq a6 0 10
8	20	24	5	22	27	0	b4	r1b1k2r/1pqnnppp/2p5/2b1p3/p3P3/P4NP1/1PPN1PBP/1RBQ1RK1 w kq - 0 11
8	22	24	1	21	24	0	cxb3	r1b1k2r/1pqnnppp/2p5/2b1p3/4P3/Pp3NP1/2PN1PBP/1RBQ1RK1 w kq - 0 12
8	24	24	0	17	26	0	Bb2	r1b1k2r/2qnnppp/2p5/1pb1p3/4P3/PP3NP1/3N1PBP/1RBQ1RK1 w kq b6 0 13
8	26	24	-5	9	10	0	Qc2	r1b2rk1/2qnnppp/2p5/1pb1p3/4P3/PP3NP1/1B1N1PBP/1R1Q1RK1 w - - 2 14
8	28	24	19	18	11	0	Rfe1	r1b2rk1/2qn1ppp/2p3n1/1pb1p3/4P3/PP3NP1/1BQN1PBP/1R3RK1 w - - 4 15
8	30	24	13	28	-3	0	h4	r4rk1/1bqn1ppp/2p3n1/1pb1p3/4P3/PP3NP1/1BQN1PBP/1R2R1K1 w - - 6 16
8	32	24	16	21	8	0	h5	r4rk1/1bqn1ppp/2p3n1/1p2p3/4P2P/bP3NP1/1BQN1PB1/1R2R1K1 w - - 0 17
8	34	24	28	24	7	0	Bh3	r4rk1/1bqnnppp/2p5/1p2p2P/4P3/bP3NP1/1BQN1PB1/1R2R1K1 w - - 1 18
8	36	23	3	-2	-4	0	Qxb2	r4rk1/1bqnnppp/2p5/1p2p2P/4P3/1P3NPB/1bQN1P2/1R2R1K1 w - - 0 19
8	38	22	18	-3	0	0	Rbd1	3r1rk1/1bqnnppp/2p5/1p2p2P/4P3/1P3NPB/1Q1N1P2/1R2R1K1 w - - 1 20
8	40	22	13	0	12	0	Nxe5	3r1rk1/1bq1nppp/2p2n2/1p2p2P/4P3/1P3NPB/1Q1N1P2/3RR1K1 w - - 3 21
8	42	22	-1	-1	13	0	Ndf3	3r1rk1/1bq1nppp/2p5/1p2N2n/4P3/1P4PB/1Q1N1P2/3RR1K1 w - - 0 22
8	44	22	2	1	9	0	Rc1	3r1rk1/1bq1nppp/2p2n2/1p2N3/4P3/1P3NPB/1Q3P2/3RR1K1 w - - 2 23
8	46	22	21	15	-11	0	Rc5	3r1rk1/1bq2ppp/2p2nn1/1p2N3/4P3/1P3NPB/1Q3P2/2R1R1K1 w - - 4 24
8	48	22	-4	-7	-32	0	Qc3	3rr1k1/1bq2ppp/2p2nn1/1pR1N3/4P3/1P3NPB/1Q3P2/4R1K1 w - - 6 25
8	50	21	-3	-8	-26	0	Nxe5	3rr1k1/1bq2ppp/2p2n2/1pR1n3/4P3/1PQ2NPB/5P2/4R1K1 w - - 0 26
8	52	20	1	0	-49	0	Nxc6	3rr1k1/1b3ppp/2pq1n2/1pR1N3/4P3/1PQ3PB/5P2/4R1K1 w - - 1 27
8	54	20	6	0	-67	0	Rxe4	3rr1k1/1b3ppp/2Nq4/1pR5/4n3/1PQ3PB/5P2/4R1K1 w - - 0 28
8	56	18	-1	-4	-36	0	Rxe8+	3rr1k1/5ppp/2bq4/1pR5/4R3/1PQ3PB/5P2/6K1 w - - 0 29
8	58	14	-7	-8	-51	0	Bf1	3rb1k1/5ppp/3q4/1pR5/8/1PQ3PB/5P2/6K1 w - - 0 30
8	60	14	11	0	-30	0	Qe5	3rb1k1/5ppp/1q6/1pR5/8/1PQ3P1/5P2/5BK1 w - - 2 31
8	62	14	11	11	7	0	Rc4	3rb1k1/5ppp/1q6/2R1Q3/1p6/1P4P1/5P2/5BK1 w - - 0 32
8	64	14	0	0	0	0	Qe7	3rb1k1/5pp1/1q5p/4Q3/1pR5/1P4P1/5P2/5BK1 w - - 0 33
8	66	14	7	-3	-10	0	Qe5	1r2b1k1/4Qpp1/1q5p/8/1pR5/1P4P1/5P2/5BK1 w - - 2 34
8	68	14	0	0	-12	0	Qe4	1r2b1k1/6p1/1q3p1p/4Q3/1pR5/1P4P1/5P2/5BK1 w - - 0 35
8	70	14	2	27	35	0	Qh7	1r2bk2/6p1/1q3p1p/8/1pR1Q3/1P4P1/5P2/5BK1 w - - 2 36
8	72	14	6	10	49	0	Be2	1r3k2/3b2pQ/1q3p1p/8/1pR5/1P4P1/5P2/5BK1 w - - 4 37
8	74	14	194	254	70	0	Rf4	1r3k2/3b2pQ/1q5p/5p2/1pR5/1P4P1/4BP2/6K1 w - - 0 38
8	76	14	-30	541	70	0	Bg4	1r3k2/2qb2pQ/7p/5p2/1p3R2/1P4P1/4BP2/6K1 w - - 2 39
8	78	14	-61	587	171	0	Kh2	1r3k2/3b2pQ/7p/5p2/1p3RB1/1P4P1/5P2/2q3K1 w - - 4 40
8	80	14	-18	688	310	0	Qh8+	5k2/3b2pQ/1r5p/5p2/1p3RB1/1P4P1/5P1K/2q5 w - - 6 41
8	82	14	14	716	329	0	Bh5+	7Q/3b1kp1/1r5p/5p2/1p3RB1/1P4P1/5P1K/2q5 w - - 8 42
8	84	14	-9	738	388	0	Qh7+	7Q/3b1k2/1r4pp/5p1B/1p3R2/1P4P1/5P1K/2q5 w - - 0 43
8	86	14	-4	782	431	0	Rd4	4k3/3b3Q/1r4pp/5p1B/1p3R2/1P4P1/5P1K/2q5 w - - 2 44
8	88	14	44	824	434	0	Bxg6+	4k3/2qb3Q/1r4pp/5p1B/1p1R4/1P4P1/5P1K/8 w - - 4 45
8	90	13	-60	777	424	0	Qxg6+	4k3/2qb3Q/6rp/5p2/1p1R4/1P4P1/5P1K/8 w - - 0 46
8	92	11	-2	857	434	0	Qg7+	8/2qbk3/6Qp/5p2/1p1R4/1P4P1/5P1K/8 w - - 1 47
8	94	11	219	899	444	0	Qxh6	4k3/2qb2Q1/7p/5p2/1p1R4/1P4P1/5P1K/8 w - - 3 48
8	96	11	126	886	453	0	Rd5	8/2qbk3/7Q/5p2/1p1R4/1P4P1/5P1K/8 w - - 1 49
8	98	11	84	827	468	0	Qh7+	8/3bk3/2q4Q/3R1p2/1p6/1P4P1/5P1K/8 w - - 3 50
8	100	11	-74	876	497	0	Qxf5	3k4/3b3Q/2q5/3R1p2/1p6/1P4P1/5P1K/8 w - - 5 51
8	102	11	0	1000	537	0	Kg2	3k4/3b4/7q/3R1Q2/1p6/1P4P1/5P1K/8 w - - 1 52
8	104	11	0	1000	537	0	f3	3k4/3b4/2q5/3R1Q2/1p6/1P4P1/5PK1/8 w - - 3 53
8	106	11	0	1000	537	0	Qe4+	8/3bk3/2q5/3R1Q2/1p6/1P3PP1/6K1/8 w - - 1 54
8	108	11	229	1000	532	0	Rd4	3k4/3b4/2q5/3R4/1p2Q3/1P3PP1/6K1/8 w - - 3 55
8	110	11	-125	875	534	0	Qh4+	3k4/3b4/q7/8/1p1RQ3/1P3PP1/6K1/8 w - - 5 56
8	112	11	-6	979	538	0	Qh8+	2k5/3b4/q7/8/1p1R3Q/1P3PP1/6K1/8 w - - 7 57
8	114	11	-53	947	545	0	Qe5+	7Q/2kb4/q7/8/1p1R4/1P3PP1/6K1/8 w - - 9 58
8	116	11	35	1000	554	0	Qc5+	2k5/3b4/q7/4Q3/1p1R4/1P3PP1/6K1/8 w - - 11 59
8	118	11	0	1000	552	0	Qf8+	3k4/3b4/q7/2Q5/1p1R4/1P3PP1/6K1/8 w - - 13 60
8	120	11	166	1000	607	0	Rc4+	5Q2/2kb4/q7/8/1p1R4/1P3PP1/6K1/8 w - - 15 61
8	122	11	-54	832	607	0	Rxb4+	5Q2/1k1b4/q7/8/1pR5/1P3PP1/6K1/8 w - - 17 62
8	124	11	-5	870	576	0	Qf4+	5Q2/2kb4/q7/8/1R6/1P3PP1/6K1/8 w - - 1 63
8	126	11	-78	922	587	0	Rb8+	3k4/3b4/q7/8/1R3Q2/1P3PP1/6K1/8 w - - 3 64
8	128	11	42	1000	592	0	g4	1Rbk4/8/q7/8/5Q2/1P3PP1/6K1/8 w - - 5 65
8	130	11	0	1000	598	0	Kh3	1Rbk4/8/8/8/5QP1/1P3P2/4q1K1/8 w - - 1 66
8	132	11	3	1000	618	0	Qd4+	1Rbk4/8/4q3/8/5QP1/1P3P1K/8/8 w - - 3 67
8	134	11	0	1000	605	0	Qa7+	1Rb5/2k5/4q3/8/3Q2P1/1P3P1K/8/8 w - - 5 68
8	136	11	0	1000	609	0	Qc5	1Rbk4/Q7/4q3/8/6P1/1P3P1K/8/8 w - - 7 69
8	138	11	0	1000	611	0	Kg3	1Rbk4/8/q7/2Q5/6P1/1P3P1K/8/8 w - - 9 70
8	140	11	0	1000	664	0	Kf2	1Rbk4/8/4q3/2Q5/6P1/1P3PK1/8/8 w - - 11 71
8	142	11	0	1000	858	0	Qf8+	1Rbk4/3q4/8/2Q5/6P1/1P3P2/5K2/8 w - - 13 72
8	144	11	0	1000	826	0	Qf4+	1Rb2Q2/2kq4/8/8/6P1/1P3P2/5K2/8 w - - 15 73
8	146	11	0	1000	864	0	Qf6+	1Rbk4/3q4/8/8/5QP1/1P3P2/5K2/8 w - - 17 74
8	148	11	0	1000	839	0	Qh8+	1Rb1k3/3q4/5Q2/8/6P1/1P3P2/5K2/8 w - - 19 75
8	150	11	31	1000	782	0	Qxc8	1Rb4Q/3qk3/8/8/6P1/1P3P2/5K2/8 w - - 21 76
8	152	10	0	1000	761	0	Kg3	1RQ5/4k3/8/8/6P1/1P3P2/3q1K2/8 w - - 1 77
8	154	10	0	1000	845	1	Kf4	1RQ5/4k3/8/8/6P1/1P3PK1/8/4q3 w - - 3 78
8	156	10	0	1000	826	1	Ke4	1RQ5/4k3/8/8/5KP1/1P3P2/3q4/8 w - - 5 79
8	158	10	0	1000	914	1	Kd4	1RQ5/4k3/8/8/4K1P1/1P3P2/4q3/8 w - - 7 80
8	160	10	0	1000	910	1	Kc4	1RQ5/4k3/8/8/3K2P1/1P3P2/5q2/8 w - - 9 81
8	162	10	0	1000	915	1	Kb4	1RQ5/4k3/8/8/2K3P1/1P3P2/4q3/8 w - - 11 82
8	164	10	0	1000	931	1	Kb5	1RQ5/4k3/8/8/1K4P1/1P3P2/3q4/8 w - - 13 83
8	166	10	0	1000	975	1	Qc4	1RQ5/4k3/8/1K6/6P1/1P1q1P2/8/8 w - - 15 84
8	168	10	0	1000	1028	1	Ka6	1R6/3qk3/8/1K6/2Q3P1/1P3P2/8/8 w - - 17 85
8	170	10	0	1000	1133	1	Rb6	1R6/4k3/K3q3/8/2Q3P1/1P3P2/8/8 w - - 19 86
8	172	6	0	1000	1000	1	bxc4	8/4k3/KR6/8/2q3P1/1P3P2/8/8 w - - 0 87
8	174	2	0	1000	1000	1	Kb7	8/3k4/KR6/8/2P3P1/5P2/8/8 w - - 1 88
8	176	2	0	1000	1000	1	c5	8/1K2k3/1R6/8/2P3P1/5P2/8/8 w - - 3 89
8	178	2	0	1000	1000	1	c6	8/1K3k2/1R6/2P5/6P1/5P2/8/8 w - - 1 90
8	180	2	0	1000	1000	1	c7+	8/1K6/1RP1k3/8/6P1/5P2/8/8 w - - 1 91
8	182	2	0	1000	1000	1	c8=Q	8/1KP5/1R6/3k4/6P1/5P2/8/8 w - - 1 92
9	16	23	4	46	11	0	bxc3	rnbqk2r/ppp2ppp/8/3n4/5P2/2bP4/PPPB2PP/R2QKBNR w KQkq - 0 9
9	18	22	35	40	8	0	Qf3	rnbq1rk1/ppp2ppp/8/3n4/5P2/2PP4/P1PB2PP/R2QKBNR w KQ - 1 10
9	20	22	21	0	11	0	Be2	rnbqr1k1/ppp2ppp/8/3n4/5P2/2PP1Q2/P1PB2PP/R3KBNR w KQ - 3 11
9	22	22	28	-13	34	0	Rb1	rnb1r1k1/ppp2ppp/3q4/3n4/5P2/2PP1Q2/P1PBB1PP/R3K1NR w KQ - 5 12
9	24	22	63	-23	29	0	Rb5	r1b1r1k1/ppp2ppp/2nq4/3n4/5P2/2PP1Q2/P1PBB1PP/1R2K1NR w K - 7 13
9	26	22	2	-71	23	0	Qg3	r1b1r1k1/ppp2ppp/2nq1n2/1R6/5P2/2PP1Q2/P1PBB1PP/4K1NR w K - 9 14
9	28	22	-5	22	7	0	Rg5	r1b1r1k1/1pp2ppp/p1nq1n2/1R6/5P2/2PP2Q1/P1PBB1PP/4K1NR w K - 0 15
9	30	22	116	37	14	0	Qh4	r1b1r1k1/1pp2p1p/p1nq1np1/6R1/5P2/2PP2Q1/P1PBB1PP/4K1NR w K - 0 16
9	32	22	28	37	-12	0	Nf3	r1b1r1k1/1pp2p1p/p1n2np1/6R1/5P1Q/q1PP4/P1PBB1PP/4K1NR w K - 2 17
9	34	22	134	172	-7	0	Kf2	r1b1r1k1/1pp2p1p/p1n2np1/6R1/q4P1Q/2PP1N2/P1PBB1PP/4K2R w K - 4 18
9	36	22	126	48	-12	0	a3	r1b1r1k1/1pp2p1p/p1n2np1/6R1/5P1Q/2PP1N2/P1qBBKPP/7R w - - 0 19
9	38	22	-9	-9	0	0	Re1	r1b1r1k1/1pp2p1p/p1n2np1/6R1/5P1Q/P1PP1N2/1q1BBKPP/7R w - - 1 20
9	40	22	-1	50	0	0	h3	r1b1r1k1/1pp2p1p/p1n2np1/6R1/5P1Q/q1PP1N2/3BBKPP/4R3 w - - 0 21
9	42	22	213	59	-4	0	Qg3	r3r1k1/1pp2p1p/p1n1bnp1/6R1/5P1Q/q1PP1N1P/3BBKP1/4R3 w - - 1 22
9	44	22	0	53	-11	0	Qh4	r3r2k/1pp2p1p/p1n1bnp1/6R1/5P2/q1PP1NQP/3BBKP1/4R3 w - - 3 23
9	46	22	-4	355	91	0	f5	3rr2k/1pp2p1p/p1n1bnp1/6R1/5P1Q/q1PP1N1P/3BBKP1/4R3 w - - 5 24
9	48	22	-42	442	91	0	fxg6	3rr2k/1pp2p1p/p1n2np1/5PR1/7Q/qbPP1N1P/3BBKP1/4R3 w - - 1 25
9	50	22	-7	479	99	0	Rxg6	3rr2k/1pp4p/p1n2np1/6R1/7Q/qbPP1N1P/3BBKP1/4R3 w - - 0 26
9	52	22	33	489	114	0	d4	3rr1nk/1pp4p/p1n3R1/8/7Q/qbPP1N1P/3BBKP1/4R3 w - - 1 27
9	54	22	0	576	145	0	Rg4	3rr1nk/1pp4p/p1n3R1/8/3P3Q/1bP2N1P/1q1BBKP1/4R3 w - - 1 28
9	56	22	-79	760	778	0	Bc4	3rr1nk/1pp4p/p1n5/8/3P2RQ/1bP2N1P/q2BBKP1/4R3 w - - 3 29
9	58	22	-17	983	1137	0	Bxg8	3rr1nk/1pp1n2p/p7/8/2BP2RQ/1bP2N1P/q2B1KP1/4R3 w - - 5 30
9	60	20	0	1000	1212	0	Qg5	3rr1nk/1pp4p/p7/8/3P2RQ/1bP2N1P/q2B1KP1/4R3 w - - 0 31
9	62	19	0	1000	1546	0	Nxd2	3rr1nk/1pp4p/p7/6Q1/3P2R1/1bP2N1P/3q1KP1/4R3 w - - 0 32
9	64	15	0	1000	1549	1	Nf3	3r1rnk/1pp4p/p7/6Q1/3P2R1/1bP4P/3N1KP1/4R3 w - - 1 33
9	66	15	0	1000	1875	1	Qxd8	3r2nk/1pp2r1p/p7/6Q1/3P2R1/1bP2N1P/5KP1/4R3 w - - 3 34
9	68	13	0	1000	1000	1	Qf8	3Q2nk/1pp3rp/p7/8/3P2R1/1bP2N1P/5KP1/4R3 w - - 1 35
9	70	11	0	1000	1000	1	hxg4	5Qnk/1pp4p/p7/8/3P2r1/1bP2N1P/5KP1/4R3 w - - 0 36
9	72	9	0	1000	1000	1	Re8	5Qnk/1pp4p/p7/3b4/3P2P1/2P2N2/5KP1/4R3 w - - 1 37
10	17	22	-10	-45	-15	0	O-O	rnbqk2r/ppp2ppp/8/3n4/5P2/2PP4/P1PB2PP/R2QKBNR b KQkq - 0 9
10	19	22	39	0	2	0	Nc6	rnbq1rk1/ppp2ppp/8/3n4/5P2/2PP1Q2/P1PB2PP/R3KBNR b KQ - 2 10
10	21	22	222	203	-5	0	Bf5	r1bq1rk1/ppp2ppp/2n5/3n4/5P2/2PP1Q2/P1PB2PP/2KR1BNR b - - 4 11
10	23	22	11	-20	9	0	Be6	r2q1rk1/ppp2ppp/2n5/3n1b2/5PP1/2PP1Q2/P1PB3P/2KR1BNR b - g3 0 12
10	25	22	-5	-21	1	0	Nxc3	r2q1rk1/ppp2ppp/2n1b3/3n1P2/6P1/2PP1Q2/P1PB3P/2KR1BNR b - - 0 13
10	27	21	-1	-16	20	0	fxe6	r2q1rk1/ppp2ppp/2n1P3/8/6P1/2nP1Q2/P1PB3P/2KR1BNR b - - 0 14
10	29	20	0	-15	34	0	Rxf3	r2q1rk1/ppp3pp/2n1p3/8/6P1/2BP1Q2/P1P4P/2KR1BNR b - - 0 15
10	31	14	22	-9	32	0	Qd5	r2q2k1/ppp3pp/2n1p3/8/6P1/2BP1N2/P1P4P/2KR1B1R b - - 0 16
10	33	14	12	-12	44	0	Rf8	r5k1/ppp3pp/2n1p3/3q4/6P1/2BP1N2/P1P3BP/2KR3R b - - 2 17
10	35	14	262	0	11	0	Qxa2	5rk1/ppp3pp/2n1p3/3q4/6P1/2BP1N2/P1P3BP/2KR1R2 b - - 4 18
10	37	14	93	-72	18	0	Ne7	5rk1/ppp3pp/2n1p3/6P1/8/2BP1N2/q1P3BP/2KR1R2 b - - 0 19
10	39	14	18	-191	-3	0	Qd5	5rk1/ppp1n1pp/4p3/6P1/8/2BP1N1B/q1P4P/2KR1R2 b - - 2 20
10	41	14	-7	-203	-48	0	Nf5	5rk1/ppp1n1pp/4p3/3q2P1/3N4/2BP3B/2P4P/2KR1R2 b - - 4 21
10	43	13	9	-139	-22	0	exf5	5rk1/ppp3pp/4p3/3q1NP1/8/2BP3B/2P4P/2KR1R2 b - - 0 22
10	45	12	-13	-153	-18	0	g6	5rk1/ppp3pp/8/3q1pP1/8/2BP3B/2P4P/2K1RR2 b - - 1 23
10	47	12	58	0	-1	0	Qd6	5rk1/ppp4p/5Bp1/3q1pP1/8/3P3B/2P4P/2K1RR2 b - - 1 24
10	49	12	-6	-46	-14	0	Qxh2	5rk1/ppp1B2p/3q2p1/5pP1/8/3P3B/2P4P/2K1RR2 b - - 3 25
10	51	10	-10	-31	0	0	Kxf8	5Bk1/ppp4p/6p1/5pP1/8/3P3B/2P4q/2K1RR2 b - - 0 26
10	53	9	6	-22	0	0	a5	5k2/ppp4p/6p1/5pP1/8/3PR2B/2P4q/2K2R2 b - - 1 27
10	55	9	-14	-30	-18	0	Qd6	5k2/1pp4p/6p1/p4pP1/8/3PR2B/2P4q/3K1R2 b - - 1 28
10	57	9	200	-12	-37	0	c6	5k2/1pp4p/3q2p1/p4pP1/8/3PR3/2P3B1/3K1R2 b - - 3 29
10	59	9	0	0	-36	0	Kg8	5k2/1p5p/2pq2p1/p4pP1/8/3P3R/2P3B1/3K1R2 b - - 1 30
10	61	9	0	0	-35	0	Qf4	6k1/1p5p/2pq2p1/p4pP1/8/3P3R/2P3B1/3K3R b - - 3 31
10	63	9	0	0	-50	0	Qxg5	6k1/1p5p/2p3p1/p4pP1/5q2/3P3R/2P5/3K1B1R b - - 5 32
10	65	9	0	0	-38	0	Qg4+	6k1/1p5R/2p3p1/p4pq1/8/3P4/2P5/3K1B1R b - - 0 33
10	67	9	0	0	-49	0	Qd4	6k1/1p5R/2p3p1/p4p2/6q1/3P4/2P1B3/3K3R b - - 2 34
10	69	9	243	0	-16	0	Qb2	6k1/1p5R/2p3p1/p4p2/3q4/3P1B2/2P5/3K3R b - - 4 35
10	71	9	0	0	-6	0	Qb1+	6k1/1p5R/2p3pR/p4p2/8/3P1B2/1qP5/3K4 b - - 6 36
10	73	9	0	0	-39	0	Qb4+	6k1/1p5R/2p3pR/p4p2/8/3P1B2/2PK4/1q6 b - - 8 37
10	75	9	0	0	0	0	Qb2	6k1/1p5R/2p3pR/p4p2/1q6/3P1B2/2P1K3/8 b - - 10 38
10	77	9	14	33	12	0	Qxh8	6kR/1p6/2p3pR/p4p2/8/3P1B2/1qP1K3/8 b - - 12 39
10	79	3	8	9	-12	0	Kxh8	6kR/1p6/2p3p1/p4p2/8/3P1B2/2P1K3/8 b - - 0 40
10	81	1	0	0	-15	0	Kg7	7k/1p6/2p3p1/p4p2/3P4/5B2/2P1K3/8 b - - 0 41
10	83	1	-33	401	-7	0	cxd5	8/1p4k1/2p3p1/p2P1p2/8/5B2/2P1K3/8 b - - 0 42
10	85	1	16	449	0	0	b6	8/1p4k1/6p1/p2B1p2/8/8/2P1K3/8 b - - 0 43
10	87	1	7	444	33	0	Kf6	8/6k1/1p4p1/p2B1p2/8/3K4/2P5/8 b - - 1 44
10	89	1	1	443	45	0	g5	8/8/1p3kp1/p2B1p2/2K5/8/2P5/8 b - - 3 45
10	91	1	3	431	50	0	g4	8/8/1p3k2/pK1B1pp1/8/8/2P5/8 b - - 1 46
10	93	1	-90	595	134	0	g3	8/8/1pB2k2/pK3p2/6p1/8/2P5/8 b - - 1 47
10	95	1	-101	668	128	0	Ke5	8/8/1pB2k2/pK3p2/2P5/6p1/8/8 b - c3 0 48
10	97	1	43	820	376	0	Kd4	8/8/1p6/pK2kp2/2P5/5Bp1/8/8 b - - 2 49
10	99	1	-61	872	818	0	Kxc4	8/8/1K6/p4p2/2Pk4/5Bp1/8/8 b - - 0 50
10	101	1	-68	932	989	0	Kd4	8/8/8/K4p2/2k5/5Bp1/8/8 b - - 0 51
10	103	1	0	1000	1104	0	Ke3	8/8/1K6/5p2/3k4/5Bp1/8/8 b - - 2 52
10	105	1	0	1000	1110	0	f4	8/8/1KB5/5p2/8/4k1p1/8/8 b - - 4 53
10	107	1	0	1000	1156	0	f3	8/2K5/2B5/8/5p2/4k1p1/8/8 b - - 1 54
10	109	1	0	1000	1164	0	g2	8/2K5/8/3B4/8/4kpp1/8/8 b - - 1 55
10	111	1	0	1000	1165	0	g1=Q	8/2K5/2B5/8/8/4kp2/6p1/8 b - - 1 56
10	113	5	0	1000	1166	0	f2	8/2K5/8/1B6/8/4kp2/8/6q1 b - - 1 57
10	115	5	0	1000	1165	1	f1=Q	8/8/2K5/1B6/8/4k3/5p2/6q1 b - - 1 58
10	117	5	0	1000	1166	1	Qxf1	8/8/2K5/8/8/4k3/8/5Bq1 b - - 0 59
10	119	4	0	1000	1348	1	Qf6	8/2K5/8/8/8/4k3/8/5q2 b - - 1 60
10	121	4	0	1000	1289	1	Kd3	8/3K4/5q2/8/8/4k3/8/8 b - - 3 61
11	16	24	5	20	27	0	O-O	rn1qk2r/p3bppp/bpp1pn2/3p4/2PP4/1PB2NP1/P3PPBP/RN1QK2R w KQkq d6 0 9
11	18	24	8	21	27	0	Nbd2	rn1q1rk1/p3bppp/bpp1pn2/3p4/2PP4/1PB2NP1/P3PPBP/RN1Q1RK1 w - - 2 10
11	20	24	3	25	22	0	Re1	rn1q1rk1/p3bppp/bp2pn2/2pp4/2PP4/1PB2NP1/P2NPPBP/R2Q1RK1 w - - 0 11
11	22	24	20	25	25	0	e3	rn1q1rk1/pb2bppp/1p2pn2/2pp4/2PP4/1PB2NP1/P2NPPBP/R2QR1K1 w - - 2 12
11	24	24	34	16	19	0	h3	r2q1rk1/pb2bppp/1pn1pn2/2pp4/2PP4/1PB1PNP1/P2N1PBP/R2QR1K1 w - - 1 13
11	26	24	36	15	9	0	cxd5	r4rk1/pbq1bppp/1pn1pn2/2pp4/2PP4/1PB1PNPP/P2N1PB1/R2QR1K1 w - - 1 14
11	28	24	5	17	9	0	dxc5	r4rk1/pbq1bppp/1pn2n2/2pp4/3P4/1PB1PNPP/P2N1PB1/R2QR1K1 w - - 0 15
11	30	24	121	134	15	0	Rc1	r4rk1/pbq2ppp/1pn2n2/2bp4/8/1PB1PNPP/P2N1PB1/R2QR1K1 w - - 0 16
11	32	24	182	260	66	0	Nh4	r4rk1/1bq2ppp/ppn2n2/2bp4/8/1PB1PNPP/P2N1PB1/2RQR1K1 w - - 0 17
11	34	24	230	265	105	0	Bxf6	r4rk1/1bq1bppp/ppn2n2/3p4/7N/1PB1P1PP/P2N1PB1/2RQR1K1 w - - 2 18
11	36	22	-6	24	77	0	Bxd5	r4rk1/1bq2ppp/ppn2b2/3p4/7N/1P2P1PP/P2N1PB1/2RQR1K1 w - - 0 19
11	38	22	-10	51	38	0	Qf3	3r1rk1/1bq2ppp/ppn2b2/3B4/7N/1P2P1PP/P2N1P2/2RQR1K1 w - - 1 20
11	40	22	5	144	113	0	Ne4	2r2rk1/1bq2ppp/ppn2b2/3B4/7N/1P2PQPP/P2N1P2/2R1R1K1 w - - 3 21
11	42	22	111	289	60	0	Rcd1	2r2rk1/1bq2ppp/ppn5/3B4/4N2N/1P2PQPP/Pb3P2/2R1R1K1 w - - 5 22
11	44	22	30	180	87	0	Qe2	2r2rk1/1bq2ppp/pp6/3Bn3/4N2N/1P2PQPP/Pb3P2/3RR1K1 w - - 7 23
11	46	21	-5	285	90	0	Rxd5	2r2rk1/2q2ppp/pp6/3bn3/4N2N/1P2P1PP/Pb2QP2/3RR1K1 w - - 0 24
11	48	20	-16	487	231	0	Rxd8	3r1rk1/2q2ppp/pp6/3Rn3/4N2N/1P2P1PP/Pb2QP2/4R1K1 w - - 1 25
11	50	16	-13	511	242	0	f4	3r2k1/2q2ppp/pp6/4n3/4N2N/1P2P1PP/Pb2QP2/4R1K1 w - - 0 26
11	52	16	-28	551	269	0	Nf6+	3r2k1/2q2p1p/pp4p1/4n3/4NP1N/1P2P1PP/Pb2Q3/4R1K1 w - - 0 27
11	54	16	-16	596	288	0	Nxh7+	3r1k2/2q2p1p/pp3Np1/4n3/5P1N/1P2P1PP/Pb2Q3/4R1K1 w - - 2 28
11	56	16	6	616	345	0	Nf6+	3r2k1/2q2p1N/pp4p1/4n3/5P1N/1P2P1PP/Pb2Q3/4R1K1 w - - 1 29
11	58	16	-6	605	343	0	Ne4	3r1k2/2q2p2/pp3Np1/4n3/5P1N/1P2P1PP/Pb2Q3/4R1K1 w - - 3 30
11	60	16	-12	628	307	0	Rd1	3r1k2/2q2p2/pp4p1/8/4NP1N/1P1nP1PP/Pb2Q3/4R1K1 w - - 5 31
11	62	16	72	669	342	0	Nf2	3r1k2/2q5/pp4p1/5p2/4NP1N/1P1nP1PP/Pb2Q3/3R2K1 w - f6 0 32
11	64	15	4	631	393	0	Rxd8+	3r1k2/2q5/pp4p1/5p2/5P1N/1P2P1PP/Pb2Qn2/3R2K1 w - - 0 33
11	66	11	-10	676	401	0	Qxb2	3q1k2/8/pp4p1/5p2/5P1N/1P2P1PP/Pb2Qn2/6K1 w - - 0 34
11	68	10	-4	677	349	0	Qh8+	3q1k2/8/pp4p1/5p2/4nP1N/1P2P1PP/PQ6/6K1 w - - 1 35
11	70	10	-15	670	340	0	Nxg6+	3q3Q/4k3/pp4p1/5p2/4nP1N/1P2P1PP/P7/6K1 w - - 3 36
11	72	10	49	692	334	0	Ne5+	3q3Q/3k4/pp4N1/5p2/4nP2/1P2P1PP/P7/6K1 w - - 1 37
11	74	10	-13	655	342	0	Qxd8+	2kq3Q/8/pp6/4Np2/4nP2/1P2P1PP/P7/6K1 w - - 3 38
11	76	2	-7	657	346	0	g4	3k4/8/pp6/4Np2/4nP2/1P2P1PP/P7/6K1 w - - 0 39
11	78	2	-17	666	361	0	hxg4	3k4/8/pp6/4N3/4nPp1/1P2P2P/P7/6K1 w - - 0 40
11	80	2	0	694	343	0	Kg2	8/4k3/pp6/4N3/4nPP1/1P2P3/P7/6K1 w - - 1 41
11	82	2	18	692	355	0	Nf3	8/8/pp2k3/4N3/4nPP1/1P2P3/P5K1/8 w - - 3 42
11	84	2	-19	784	497	0	Ng5+	8/8/p3k3/1p6/4nPP1/1P2PN2/P5K1/8 w - - 0 43
11	86	1	-128	841	537	0	fxg5	8/8/p3k3/1p4n1/5PP1/1P2P3/P5K1/8 w - - 0 44
11	88	0	87	999	561	0	a4	8/8/4k3/pp4P1/6P1/1P2P3/P5K1/8 w - - 0 45
11	90	0	0	1000	1249	1	bxa4	8/8/4k3/p5P1/p5P1/1P2P3/6K1/8 w - - 0 46
11	92	0	0	1000	2034	1	Kf3	8/5k2/8/p5P1/P5P1/4P3/6K1/8 w - - 1 47
11	94	0	0	1000	2034	1	e4	8/4k3/8/p5P1/P5P1/4PK2/8/8 w - - 3 48
11	96	0	0	1000	2137	1	Kf4	8/8/3k4/p5P1/P3P1P1/5K2/8/8 w - - 1 49
11	98	0	0	1000	2480	1	e5	8/8/4k3/p5P1/P3PKP1/8/8/8 w - - 3 50
11	100	0	0	1000	2355	1	g6	8/8/8/p2kP1P1/P4KP1/8/8/8 w - - 1 51
11	102	0	0	1000	1000	1	e6	8/8/6P1/p3P3/P1k2KP1/8/8/8 w - - 1 52
11	104	0	0	1000	1000	1	g7	8/8/4P1P1/p7/P4KP1/1k6/8/8 w - - 1 53
11	106	0	0	1000	1000	1	g8=Q	8/6P1/4P3/p7/Pk3KP1/8/8/8 w - - 1 54
11	108	4	0	1000	1000	1	e7	6Q1/8/4P3/p7/k4KP1/8/8/8 w - - 0 55
12	17	24	-7	-17	-23	0	a5	r1b1k2r/ppqnnppp/2p5/2b1p3/4P3/P4NP1/1PPN1PBP/R1BQ1RK1 b kq - 0 9
12	19	24	-3	7	-1	0	O-O	r1b1k2r/1pqnnppp/2p5/p1b1p3/4P3/PP3NP1/2PN1PBP/R1BQ1RK1 b kq - 0 10
12	21	24	2	6	3	0	Ng6	r1b2rk1/1pqnnppp/2p5/p1b1p3/4P3/PP3NP1/1BPN1PBP/R2Q1RK1 b - - 2 11
12	23	24	23	8	5	0	b6	r1b2rk1/1pqn1ppp/2p3n1/p1b1p3/4P3/PP3NP1/1BPNQPBP/R4RK1 b - - 4 12
12	25	24	17	1	16	0	Ba6	r1b2rk1/2qn1ppp/1pp3n1/p1b1p3/2N1P3/PP3NP1/1BP1QPBP/R4RK1 b - - 1 13
12	27	24	4	21	11	0	h5	r4rk1/2qn1ppp/bpp3n1/p1b1p3/2N1P3/PP3NPP/1BP1QPB1/R4RK1 b - - 0 14
12	29	24	23	49	33	0	Nf6	r4rk1/2qn1pp1/bpp3n1/p1b1p2p/2N1P3/PP3NPP/1BP1QPB1/R3R1K1 b - - 1 15
12	31	24	41	60	21	0	Rac8	r4rk1/2q2pp1/bpp2nn1/p1b1p2p/2N1P3/PP3NPP/1BP1QPB1/3RR1K1 b - - 3 16
12	33	24	15	33	31	0	Rce8	2r2rk1/2q2pp1/bpp2nn1/p1b1p2p/2N1P3/PP3NPP/1BPRQPB1/4R1K1 b - - 5 17
12	35	24	31	28	47	0	Kh8	4rrk1/2q2pp1/bpp2nn1/p1b1p2p/2N1P3/PP3NPP/1BPRQPB1/3R2K1 b - - 7 18
12	37	24	29	-2	26	0	h4	4rr1k/2q2pp1/bpp2nn1/p1b1p2p/P1N1P3/1P3NPP/1BPRQPB1/3R2K1 b - - 0 19
12	39	24	-2	-33	9	0	Nxh4	4rr1k/2q2pp1/bpp2nn1/p1b1p3/P1N1P2N/1P4PP/1BPRQPB1/3R2K1 b - - 0 20
12	41	22	49	-34	-2	0	Bb4	4rr1k/2q2pp1/bpp2n2/p1b1p3/P1N1P2P/1P5P/1BPRQPB1/3R2K1 b - - 0 21
12	43	22	-12	-23	-24	0	Bc5	4rr1k/2q2pp1/bpp2n2/p3p3/PbN1P2P/1PP4P/1B1RQPB1/3R2K1 b - - 0 22
12	45	22	4	19	26	0	g6	4rr1k/2q2pp1/bpp2n2/p1b1p3/P1N1P2P/1PP4P/1B1RQPB1/4R1K1 b - - 2 23
12	47	22	50	68	23	0	Nh5	4rr1k/2q2p2/bpp2np1/p1b1p3/P1N1P2P/1PP2Q1P/1B1R1PB1/4R1K1 b - - 1 24
12	49	22	11	73	-5	0	Bxc4	4rr1k/2q2p2/bpp3p1/p1b1p2n/P1N1P2P/1PP2Q1P/1B1R1PB1/3R2K1 b - - 3 25
12	51	21	-16	136	24	0	Qc8	4rr1k/2qR1p2/1pp3p1/p1b1p2n/P1b1P2P/1PP2Q1P/1B3PB1/3R2K1 b - - 1 26
12	53	20	-22	167	15	0	f5	2q1rr1k/3R1p2/1pp3p1/p1b1p2n/P1P1P2P/2P2Q1P/1B3PB1/3R2K1 b - - 0 27
12	55	20	145	178	49	0	fxe4	2q1rr1k/8/1pp3p1/p1b1pp1n/P1P1P2P/2P2Q1P/1B1R1PB1/3R2K1 b - - 1 28
12	57	20	3	21	52	0	Nf4	2q1rr1k/8/1pp3p1/p1b1p2n/P1P1Q2P/2P4P/1B1R1PB1/3R2K1 b - - 0 29
12	59	20	102	416	70	0	Nxh3+	2q1rr1k/8/1pQ3p1/p1b1p3/P1P2n1P/2P4P/1B1R1PB1/3R2K1 b - - 0 30
12	61	20	-16	361	0	0	Nxf2	2q1rr1k/8/1pQ3p1/p1b1p3/P1P4P/2P4n/1B1R1PBK/3R4 b - - 1 31
12	63	20	-18	400	0	0	Ng4+	2q1rr1k/8/1p4Q1/p1b1p3/P1P4P/2P5/1B1R1nBK/3R4 b - - 0 32
12	65	20	255	426	58	0	Be3	2q1rr1k/8/1p4Q1/p1b1p3/P1P3nP/2P3K1/1B1R2B1/3R4 b - - 2 33
12	67	20	9	189	57	0	Bf4+	2q1rr1k/3R4/1p4Q1/p3p3/P1P3nP/2P1b1K1/1B4B1/3R4 b - - 4 34
12	69	20	-16	561	148	0	Bd2+	2q1rr1k/3R4/1p4Q1/p3p3/P1P2bnP/2P2K2/1B4B1/3R4 b - - 6 35
12	71	20	-19	594	110	0	Qxd7	2q1rr1k/3R4/1p4Q1/p3p3/P1P3nP/2P3K1/1B1b2B1/3R4 b - - 8 36
12	73	18	187	611	158	0	Kg7	4rr1k/3q4/1p6/p3p2Q/P1P3nP/2P3K1/1B1b2B1/3R4 b - - 1 37
12	75	17	-39	448	166	0	Qxg4+	4rr2/3q2k1/1p6/p3p3/P1P3QP/2P3K1/1B1b2B1/3R4 b - - 0 38
12	77	9	85	471	141	0	Rf2	4rr2/6k1/1p6/p3p3/P1P3KP/2P5/1B1b2B1/3R4 b - - 0 39
12	79	9	77	416	136	0	Ref8	4r3/6k1/1p6/p3p3/P1P4P/2P3K1/1B1b1rB1/3R4 b - - 2 40
12	81	9	238	321	137	0	R8f4	5r2/6k1/1p6/p3p3/P1P4P/B1P3K1/3b1rB1/3R4 b - - 4 41
12	83	9	-27	557	185	0	Bxc1	8/6k1/1p6/p3p3/P1P2r1P/2P3K1/3b1rB1/2BR4 b - - 6 42
12	85	7	19	602	183	0	Rd2	8/6k1/1p6/p3p3/P1P2r1P/2P3K1/5rB1/2R5 b - - 0 43
12	87	7	-6	606	193	0	Rd3+	8/6k1/1p6/p2Bp3/P1P2r1P/2P3K1/3r4/2R5 b - - 2 44
12	89	7	4	614	194	0	Rg4+	8/6k1/1p6/p2Bp3/P1P2r1P/2Pr4/6K1/2R5 b - - 4 45
12	91	7	8	633	215	0	Rxh4	8/6k1/1p6/p2Bp3/P1P3rP/2Pr4/5K2/2R5 b - - 6 46
12	93	7	4	658	224	0	Rhh3	8/6k1/1p6/p2Bp3/P1P4r/2Pr4/4K3/2R5 b - - 1 47
12	95	7	48	671	245	0	Kf6	8/6k1/1p6/p2Bp3/P1P5/2Pr3r/4K3/6R1 b - - 3 48
12	97	7	-6	654	323	0	Rxc3	8/8/1p3k2/p2Bp3/P1P5/2Pr3r/4K3/1R6 b - - 5 49
12	99	7	-2	674	327	0	Kg5	8/8/1R3k2/p2Bp3/P1P5/2r4r/4K3/8 b - - 0 50
12	101	7	-36	768	370	0	Rh2	8/8/1R6/p2Bp1k1/P1P5/2r4r/8/3K4 b - - 2 51
12	103	7	137	807	359	0	Ra3	1R6/8/8/p2Bp1k1/P1P5/2r5/7r/3K4 b - - 4 52
12	105	7	-6	702	383	0	Ra1+	1R6/8/8/p2Bp1k1/P1P5/r7/7r/2K5 b - - 6 53
12	107	7	-124	716	373	0	Rxa4	8/8/8/p2Bp1k1/P1P5/8/7r/rRK5 b - - 8 54
12	109	7	132	890	392	0	Rxb2	8/8/8/p2Bp1k1/r1P5/8/1R5r/2K5 b - - 1 55
12	111	3	316	770	394	0	e4	8/8/8/p2Bp1k1/r1P5/8/1K6/8 b - - 0 56
12	113	3	-104	459	401	0	Rxc4	8/8/8/p5k1/r1P1B3/8/1K6/8 b - - 0 57
12	115	3	-13	568	400	0	Rf4	8/8/8/p2B2k1/2r5/8/1K6/8 b - - 1 58
12	117	3	-24	593	403	0	Kg4	8/8/2B5/p5k1/5r2/8/1K6/8 b - - 3 59
12	119	3	-25	611	405	0	Kg3	8/8/2B5/p7/5rk1/1K6/8/8 b - - 5 60
12	121	3	-97	636	403	0	Kg2	8/3B4/8/p7/5r2/1K4k1/8/8 b - - 7 61
12	123	3	4	685	404	0	Kg1	8/8/2B5/p7/5r2/1K6/6k1/8 b - - 9 62
12	125	3	-37	662	404	0	Rg4	8/8/2B5/p7/5r2/2K5/8/6k1 b - - 11 63
12	127	3	2	697	403	0	Rg6	8/8/2B5/p7/6r1/8/1K6/6k1 b - - 13 64
12	129	3	24	679	404	0	Rd6	8/3B4/6r1/p7/8/8/1K6/6k1 b - - 15 65
12	131	3	-40	599	403	0	Rd8	4B3/8/3r4/p7/8/8/1K6/6k1 b - - 17 66
12	133	3	76	638	404	0	Rd3	3r4/8/8/p7/B7/8/1K6/6k1 b - - 19 67
12	135	3	-66	461	403	0	Rd5	8/8/8/pB6/8/3r4/1K6/6k1 b - - 21 68
12	137	3	-83	556	404	0	Rd4	8/8/8/p2r4/B7/8/1K6/6k1 b - - 23 69
12	139	3	0	652	403	0	Rc4	8/8/2B5/p7/3r4/8/1K6/6k1 b - - 25 70
12	141	3	-91	482	403	0	Rc5	8/8/8/p2B4/2r5/8/1K6/6k1 b - - 27 71
12	143	3	-19	665	414	0	Rb5+	8/5B2/8/p1r5/8/8/1K6/6k1 b - - 29 72
12	145	3	-1	685	415	0	Rb4	8/5B2/8/pr6/8/K7/8/6k1 b - - 31 73
12	147	3	5	670	414	0	Kf1	8/8/8/p7/1r6/KB6/8/6k1 b - - 33 74
12	149	3	3	692	422	0	Ke2	8/8/8/p7/1r6/K7/2B5/5k2 b - - 35 75
12	151	3	-16	691	431	0	Kd2	8/8/8/p7/1r6/KB6/4k3/8 b - - 37 76
12	153	3	-17	716	438	0	Kc3	8/8/4B3/p7/1r6/K7/3k4/8 b - - 39 77
12	155	3	5	726	471	0	Rf4	8/8/8/p4B2/1r6/K1k5/8/8 b - - 41 78
12	157	3	-84	718	472	0	Re4	8/8/8/p7/5r2/K1k4B/8/8 b - - 43 79
12	159	3	-73	770	472	0	Re1	8/8/8/p4B2/4r3/K1k5/8/8 b - - 45 80
12	161	3	959	1000	498	0	a4	8/8/8/p4B2/8/2k5/K7/4r3 b - - 47 81
12	163	3	14	29	498	0	Kb4	8/8/6B1/8/p7/2k5/K7/4r3 b - - 1 82
12	165	3	-24	8	497	0	a3	8/5B2/8/8/pk6/8/K7/4r3 b - - 3 83
12	167	3	0	0	496	0	Re2+	8/8/8/3B4/1k6/p7/K7/4r3 b - - 1 84
12	169	3	0	0	497	0	Kc3	8/8/8/3B4/1k6/p7/4r3/K7 b - - 3 85
12	171	3	1	1	496	0	Rb2	8/5B2/8/8/8/p1k5/4r3/K7 b - - 5 86
12	173	3	1	1	496	0	Kd3	8/8/8/3B4/8/p1k5/1r6/K7 b - - 7 87
12	175	3	0	0	498	0	Ke2	8/5B2/8/8/8/p2k4/1r6/K7 b - - 9 88
12	177	3	0	0	498	0	Kf1	8/8/8/3B4/8/p7/1r2k3/K7 b - - 11 89
12	179	3	0	0	495	0	Kg1	8/5B2/8/8/8/p7/1r6/K4k2 b - - 13 90
12	181	3	-40	0	495	0	Rd2	8/8/8/3B4/8/p7/1r6/K5k1 b - - 15 91
12	183	3	0	0	493	0	Rc2	8/8/8/8/2B5/p7/3r4/K5k1 b - - 17 92
12	185	3	0	0	492	0	Re2	8/8/8/8/8/pB6/2r5/K5k1 b - - 19 93
12	187	3	-2	0	490	0	Kf2	8/8/8/3B4/8/p7/4r3/K5k1 b - - 21 94
12	189	3	0	0	492	0	Ke1	8/8/8/3B4/8/p7/4rk2/1K6 b - - 23 95
12	191	3	0	0	492	0	Rb2+	8/8/8/8/2B5/p7/4r3/1K2k3 b - - 25 96
12	193	3	0	0	492	0	Kd2	8/8/8/8/2B5/p7/1r6/K3k3 b - - 27 97
12	195	3	0	0	489	0	Kc1	8/8/8/3B4/8/p7/1r1k4/K7 b - - 29 98
12	197	3	0	0	489	0	Rh2	8/8/8/8/2B5/p7/1r6/K1k5 b - - 31 99
12	199	3	0	0	489	0	Kd2	8/8/4B3/8/8/p7/7r/K1k5 b - - 33 100
12	201	3	0	0	489	0	Kc3+	8/8/4B3/8/8/p7/K2k3r/8 b - - 35 101
12	203	3	0	0	488	0	Rd2	8/8/4B3/8/8/p1k5/7r/K7 b - - 37 102
12	205	3	0	0	488	0	Kd3	8/8/4B3/8/8/p1k5/3r4/1K6 b - - 39 103
12	207	3	0	0	486	0	Kd4	8/8/4B3/8/8/p2k4/3r4/K7 b - - 41 104
12	209	3	0	0	486	0	Ke3	8/8/4B3/8/3k4/p7/3r4/1K6 b - - 43 105
12	211	3	1	1	486	0	Kf2	8/8/8/8/2B5/p3k3/3r4/1K6 b - - 45 106
12	213	3	0	0	486	0	Kg3	8/8/8/8/2B5/p7/3r1k2/K7 b - - 47 107
12	215	3	0	0	484	0	Rf2	8/8/8/8/2B5/p5k1/3r4/1K6 b - - 49 108
12	217	3	0	0	485	0	Rb2+	8/8/8/3B4/8/p5k1/5r2/1K6 b - - 51 109
12	219	3	0	0	485	0	Re2	8/8/8/3B4/8/p5k1/1r6/K7 b - - 53 110
12	221	3	0	0	484	0	Rf2	8/8/8/8/2B5/p5k1/4r3/K7 b - - 55 111
12	223	3	0	0	484	0	Kh4	8/8/8/8/2B5/p5k1/5r2/1K6 b - - 57 112
12	225	3	0	0	484	0	Rd2	8/8/4B3/8/7k/p7/5r2/1K6 b - - 59 113
12	227	3	0	0	485	0	Kg4	8/8/8/8/2B4k/p7/3r4/1K6 b - - 61 114
12	229	3	0	0	484	0	Kf3	8/5B2/8/8/6k1/p7/3r4/1K6 b - - 63 115
12	231	3	0	0	484	0	Rf2	8/8/8/8/2B5/p4k2/3r4/1K6 b - - 65 116
12	233	3	0	0	484	0	Ke3	8/8/8/3B4/8/p4k2/5r2/1K6 b - - 67 117
12	235	3	0	0	485	0	Kd4	8/8/8/3B4/8/p3k3/5r2/K7 b - - 69 118
12	237	3	0	0	484	0	Ke4	8/8/4B3/8/3k4/p7/5r2/K7 b - - 71 119
12	239	3	0	0	484	0	Rh2	8/8/4B3/8/4k3/p7/5r2/1K6 b - - 73 120
12	241	3	0	0	484	0	Kd4	8/8/8/8/2B1k3/p7/7r/1K6 b - - 75 121
12	243	3	0	0	483	0	Rh6	8/8/4B3/8/3k4/p7/7r/1K6 b - - 77 122
12	245	3	-272	728	478	0	Kc3	8/8/7r/5B2/3k4/p7/8/1K6 b - - 79 123
12	247	3	1000	1000	500	1	Rd6	8/8/7r/8/4B3/p1k5/8/1K6 b - - 81 124
12	249	3	0	0	511	0	Rd8	8/7B/3r4/8/8/p1k5/8/1K6 b - - 83 125
12	251	3	0	1000	522	0	Re8	3r4/8/8/5B2/8/p1k5/8/1K6 b - - 85 126
12	253	3	0	1000	552	1	Re1+	4r3/8/6B1/8/8/p1k5/8/1K6 b - - 87 127
12	255	3	1000	1000	323	1	Re2+	8/8/6B1/8/8/p1k5/K7/4r3 b - - 89 128
12	257	3	0	0	316	0	Rf2	8/8/6B1/8/8/p1k5/4r3/K7 b - - 91 129
12	259	3	0	0	317	0	Rg2	8/7B/8/8/8/p1k5/5r2/K7 b - - 93 130
12	261	3	0	0	317	0	a2	8/8/8/5B2/8/p1k5/6r1/K7 b - - 95 131
12	263	3	0	0	317	0	Rb2	8/8/4B3/8/8/2k5/p5r1/K7 b - - 1 132
12	265	3	0	0	319	0	Kc2	8/8/8/8/8/2k5/Br6/K7 b - - 0 133
12	267	3	0	0	324	0	Kc1	8/8/8/3B4/8/8/1rk5/K7 b - - 2 134
12	269	3	0	0	316	0	Rb3	8/8/8/8/8/5B2/1r6/K1k5 b - - 4 135
12	271	3	0	0	313	0	Rb5	8/8/8/3B4/8/1r6/8/K1k5 b - - 6 136
12	273	3	0	0	312	0	Rc5	8/8/8/1r6/2B5/8/8/K1k5 b - - 8 137
12	275	3	0	0	309	0	Rc7	8/5B2/8/2r5/8/8/8/K1k5 b - - 10 138
12	277	3	0	0	313	0	Re7	8/2r5/8/8/8/1B6/8/K1k5 b - - 12 139
12	279	3	0	0	312	0	Re8	8/4r3/8/8/8/8/B7/K1k5 b - - 14 140
12	281	3	0	0	312	0	Re5	4r3/8/8/8/8/1B6/8/K1k5 b - - 16 141
12	283	3	0	0	313	0	Ra5+	6B1/8/8/4r3/8/8/8/K1k5 b - - 18 142
12	285	3	0	0	312	0	Rg5	8/8/8/r7/8/8/B7/K1k5 b - - 20 143
12	287	3	0	0	308	0	Rg6	8/8/8/6r1/8/1B6/8/K1k5 b - - 22 144
12	289	3	0	0	312	0	Kc2	8/8/6r1/8/2B5/8/8/K1k5 b - - 24 145
12	291	3	0	1000	293	1	Rb6	8/8/6r1/8/2B5/8/K1k5/8 b - - 26 146
12	293	3	0	1000	564	1	Rb2+	8/8/1r6/8/8/8/K1k1B3/8 b - - 28 147
12	295	3	0	1000	566	1	Kc3	8/8/8/8/8/K7/1rk1B3/8 b - - 30 148
12	297	3	0	1000	570	1	Rf2	8/8/8/8/8/K1k2B2/1r6/8 b - - 32 149
12	299	3	0	1000	570	1	Rf4	8/8/8/8/4B3/K1k5/5r2/8 b - - 34 150
12	301	3	0	1000	571	1	Rg4	8/8/8/8/5r2/K1k5/6B1/8 b - - 36 151
12	303	3	0	1000	570	1	Rg3	8/8/8/8/6r1/K1k4B/8/8 b - - 38 152
12	305	3	0	1000	571	1	Rg6	8/8/4B3/8/8/K1k3r1/8/8 b - - 40 153
12	307	3	0	1000	571	1	Rg8	2B5/8/6r1/8/8/K1k5/8/8 b - - 42 154
12	309	3	0	1000	570	1	Ra8	6r1/8/B7/8/8/K1k5/8/8 b - - 44 155
12	311	3	0	1000	576	1	Rxa6+	r7/8/B7/8/K7/2k5/8/8 b - - 46 156
12	313	2	0	1000	1000	1	Rd6	8/8/r7/1K6/8/2k5/8/8 b - - 1 157
12	315	2	0	1000	1000	1	Rd3	8/8/3r4/2K5/8/2k5/8/8 b - - 3 158
12	317	2	0	1000	779	1	Rd8	8/8/8/1K6/8/2kr4/8/8 b - - 5 159
12	319	2	0	1000	765	1	Re8	3r4/8/8/2K5/8/2k5/8/8 b - - 7 160
12	321	2	0	1000	772	1	Re2	4r3/8/3K4/8/8/2k5/8/8 b - - 9 161
12	323	2	0	1000	763	1	Re1	8/8/8/3K4/8/2k5/4r3/8 b - - 11 162
12	325	2	0	1000	753	1	Rd1	8/8/2K5/8/8/2k5/8/4r3 b - - 13 163
12	327	2	0	1000	756	1	Kd3	8/8/8/2K5/8/2k5/8/3r4 b - - 15 164
13	16	24	6	16	-4	0	d5	r1bq1rk1/p3ppbp/1pnp1np1/2p5/1PPP4/P1N1PN2/1B3PPP/R2QKB1R w KQ - 1 9
13	18	24	-2	5	32	0	Nb5	r1bq1rk1/p3ppbp/1pnp1np1/3P4/1pP5/P1N1PN2/1B3PPP/R2QKB1R w KQ - 0 10
13	20	24	-22	67	62	0	dxc6	r1bq1rk1/4ppbp/ppnp1np1/1N1P4/1pP5/P3PN2/1B3PPP/R2QKB1R w KQ - 0 11
13	22	22	19	84	35	0	axb4	r1bq1rk1/4ppbp/1pPp1np1/1p6/1pP5/P3PN2/1B3PPP/R2QKB1R w KQ - 0 12
13	24	20	2	61	47	0	Qxa1	2bq1rk1/4ppbp/1pPp1np1/1p6/1PP5/4PN2/1B3PPP/r2QKB1R w K - 0 13
13	26	18	494	179	47	0	Qa7	2bq1rk1/4ppbp/1pPp1np1/8/1Pp5/4PN2/1B3PPP/Q3KB1R w K - 0 14
13	28	18	142	-284	9	0	Ng5	3q1rk1/Q3ppbp/1pPpbnp1/8/1Pp5/4PN2/1B3PPP/4KB1R w K - 2 15
13	30	18	55	-456	-33	0	c7	3q1rk1/Q3ppbp/1pPp1np1/3b2N1/1Pp5/4P3/1B3PPP/4KB1R w K - 4 16
13	32	18	-6	-473	0	0	Bd4	4qrk1/Q1P1ppbp/1p1p1np1/3b2N1/1Pp5/4P3/1B3PPP/4KB1R w K - 1 17
13	34	18	33	-488	-28	0	Be2	4qrk1/Q1P1ppbp/3p1np1/1p1b2N1/1PpB4/4P3/5PPP/4KB1R w K - 0 18
13	36	18	13	-534	-92	0	Bb6	4qrk1/Q1P2pbp/3p1np1/1p1bp1N1/1PpB4/4P3/4BPPP/4K2R w K e6 0 19
13	38	18	24	-514	-105	0	Rg1	4qrk1/Q1P2pbp/1B1p1np1/1p2p1N1/1Pp5/4P3/4BPbP/4K2R w K - 0 20
13	40	18	19	-523	-98	0	e4	4qrk1/Q1P2pbp/1B1p1np1/1p1bp1N1/1Pp5/4P3/4BP1P/4K1R1 w - - 2 21
13	42	18	11	-575	-125	0	Nxe4	4qrk1/Q1P2pbp/1B1p2p1/1p1bp1N1/1Pp1n3/8/4BP1P/4K1R1 w - - 0 22
13	44	16	26	-585	-133	0	Rg3	4qrk1/Q1P2pbp/1B1p2p1/1p2p3/1Pp1b3/8/4BP1P/4K1R1 w - - 0 23
13	46	16	44	-661	-124	0	Qa5	5rk1/Q1P2pbp/1Bqp2p1/1p2p3/1Pp1b3/6R1/4BP1P/4K3 w - - 2 24
13	48	16	0	-709	-358	0	Ba7	r5k1/2P2pbp/1Bqp2p1/Qp2p3/1Pp1b3/6R1/4BP1P/4K3 w - - 4 25
13	50	16	45	-691	-268	0	Qb6	r5k1/B1P2pbp/2qp2p1/Qp2pb2/1Pp5/6R1/4BP1P/4K3 w - - 6 26
13	52	16	-15	-762	-440	0	Bf1	r5k1/B1P2pbp/1Q1p2p1/1p2pb2/1Pp5/6R1/4BP1P/4K2q w - - 8 27
13	54	16	13	-767	-440	0	Be2	r5k1/B1P2pbp/1Q1p2p1/1p2pb2/1Pp1q3/6R1/5P1P/4KB2 w - - 10 28
13	56	16	42	-672	-363	0	Rxc3	r5k1/B1P2pbp/1Q1p2p1/1p2pb2/1P2q3/2p3R1/4BP1P/4K3 w - - 0 29
13	58	16	5	-678	-423	0	Bd1	r5k1/B1P2pbp/1Q1p2p1/1p2pb2/1P6/2R5/4BP1P/1q2K3 w - - 1 30
13	60	16	19	-702	-407	0	Qb8+	r5k1/B1P2pbp/1Q1p2p1/1p2pb2/1q6/2R5/5P1P/3BK3 w - - 0 31
13	62	16	3	-726	-406	0	Qxa8	rQ3bk1/B1P2p1p/3p2p1/1p2pb2/1q6/2R5/5P1P/3BK3 w - - 2 32
13	64	12	11	-722	-422	0	Kf1	Q4bk1/B1P2p1p/3p2p1/1p2pb2/8/2q5/5P1P/3BK3 w - - 0 33
13	66	12	14	-687	-425	0	Be3	Q4bk1/B1q2p1p/3p2p1/1p2pb2/8/8/5P1P/3B1K2 w - - 0 34
13	68	12	32	-671	-411	0	Ke1	Q4bk1/5p1p/3p2p1/1p2pb2/2q5/4B3/5P1P/3B1K2 w - - 2 35
13	70	12	87	-725	-471	0	Qd8	Q4bk1/5p1p/6p1/1p1ppb2/2q5/4B3/5P1P/3BK3 w - - 0 36
13	72	12	56	-847	-736	0	Kf1	3Q1bk1/5p1p/6p1/1p1ppb2/1q6/4B3/5P1P/3BK3 w - - 2 37
13	74	12	70	-930	-746	0	Qg5	3Q1bk1/5p1p/6p1/1p1ppb2/4q3/4B3/5P1P/3B1K2 w - - 4 38
13	76	12	0	-1000	-1373	0	Ke2	5bk1/5p1p/6p1/1p1pp1Q1/4q3/4B2b/5P1P/3B1K2 w - - 6 39
13	78	12	0	-1000	-1549	0	Qxg4	5bk1/5p1p/6p1/1p1pp1Q1/4q1b1/4B3/4KP1P/3B4 w - - 8 40
13	80	7	0	-1000	-1607	1	Ke1	5bk1/5p1p/6p1/1p1pp3/6q1/4B3/4KP1P/3B4 w - - 0 41
13	82	7	0	-1000	-1651	1	Bd2	6k1/5p1p/6p1/1p1pp3/1b4q1/4B3/5P1P/3BK3 w - - 2 42
13	84	7	0	-1000	-1692	1	Be2	6k1/5p1p/6p1/1p1pp3/1b2q3/8/3B1P1P/3BK3 w - - 4 43
13	86	7	0	-1000	-1831	1	Bf1	6k1/5p1p/6p1/1p1pp3/1b6/8/3BBP1P/4K2q w - - 6 44
13	88	6	0	-1000	-2333	1	Kxd2	6k1/5p1p/6p1/1p1pp3/8/8/3b1P1P/4KB1q w - - 0 45
13	90	4	0	-1000	-2417	1	h4	6k1/5p1p/6p1/1p1pp3/8/8/3K1P1P/5q2 w - - 0 46
14	17	24	6	-22	-27	0	O-O	rn1qk2r/p3bppp/bpp1pn2/3p4/2PP4/1PB2NP1/P2NPPBP/R2QK2R b KQkq - 1 9
14	19	24	19	-16	-17	0	c5	rn1q1rk1/p3bppp/bpp1pn2/3p4/2PP4/1PB2NP1/P2NPPBP/R2Q1RK1 b - - 3 10
14	21	24	-3	-18	-11	0	Nxd5	rn1q1rk1/p3bppp/bp2pn2/2pP4/3P4/1PB2NP1/P2NPPBP/R2Q1RK1 b - - 0 11
14	23	24	0	-13	-11	0	Nc6	rn1q1rk1/p3bppp/bp2p3/2pn4/3P4/1P3NP1/PB1NPPBP/R2Q1RK1 b - - 1 12
14	25	24	-1	-12	5	0	Rc8	r2q1rk1/p3bppp/bpn1p3/2Pn4/8/1P3NP1/PB1NPPBP/R2Q1RK1 b - - 0 13
14	27	24	17	-10	-19	0	axb6	2rq1rk1/p3bppp/bPn1p3/3n4/8/1P3NP1/PB1NPPBP/R2Q1RK1 b - - 0 14
14	29	24	-6	-23	-9	0	Bf6	2rq1rk1/4bppp/bpn1p3/3n4/8/1P3NP1/PB1NPPBP/2RQ1RK1 b - - 1 15
14	31	23	2	-18	-29	0	Qxf6	2rq1rk1/5ppp/bpn1pB2/3n4/8/1P3NP1/P2NPPBP/2RQ1RK1 b - - 0 16
14	33	22	0	-20	-6	0	Qe7	2r2rk1/5ppp/bpn1pq2/3n4/4N3/1P3NP1/P3PPBP/2RQ1RK1 b - - 1 17
14	35	22	-1	-19	10	0	Rfd8	2r2rk1/4qppp/bpn1p3/3n4/4N3/1P3NP1/P2QPPBP/2R2RK1 b - - 3 18
14	37	22	152	-20	6	0	e5	2rr2k1/4qppp/bpn1p3/3n4/4N3/1P3NP1/PQ2PPBP/2R2RK1 b - - 5 19
14	39	22	23	-170	-5	0	Rc7	2rr2k1/4qppp/bpn5/3np3/4N3/1P3NPB/PQ2PP1P/2R2RK1 b - - 1 20
14	41	22	67	-194	-19	0	f6	3r2k1/2r1qppp/bpn5/3np3/4N3/1P3NPB/PQ2PP1P/2RR2K1 b - - 3 21
14	43	22	-12	-300	-48	0	Bb7	3r2k1/2r1q1pp/bpn2p2/3np3/1P2N3/5NPB/PQ2PP1P/2RR2K1 b - - 0 22
14	45	22	12	-163	-47	0	Na5	3r2k1/1br1q1pp/1pn2p2/1P1np3/4N3/5NPB/PQ2PP1P/2RR2K1 b - - 0 23
14	47	22	2	-119	-27	0	Kh8	3r2k1/1br1q1pp/1p2Bp2/nP1np3/4N3/5NP1/PQ2PP1P/2RR2K1 b - - 2 24
14	49	21	-15	-84	-80	0	Bxd5	3r3k/1br1q1pp/1p3p2/nP1Bp3/4N3/5NP1/PQ2PP1P/2RR2K1 b - - 0 25
14	51	18	-7	-78	-55	0	Qxc7	3r3k/2R1q1pp/1p3p2/nP1bp3/4N3/5NP1/PQ2PP1P/3R2K1 b - - 0 26
14	53	16	20	-68	-52	0	Bg8	3r3k/2q3pp/1p3p2/nP1bp3/8/2N2NP1/PQ2PP1P/3R2K1 b - - 1 27
14	55	14	4	-81	-69	0	Qxd8	3R2bk/2q3pp/1p3p2/nP2p3/8/2N2NP1/PQ2PP1P/6K1 b - - 0 28
14	57	12	6	-76	-44	0	Qe7	3q2bk/6pp/1p3p2/nP2p3/8/2N2NP1/P1Q1PP1P/6K1 b - - 1 29
14	59	12	24	-85	-41	0	Qa3	6bk/4q1pp/1p3p2/nP2p3/8/2N3P1/P1QNPP1P/6K1 b - - 3 30
14	61	12	5	-30	-44	0	Qc5	6bk/6pp/1p3p2/nP2p3/4P3/q1N3P1/P1QN1P1P/6K1 b - e3 0 31
14	63	12	-1	-35	-49	0	Qa3	6bk/6pp/1p3p2/nPq1p3/4P3/2NQ2P1/P2N1P1P/6K1 b - - 2 32
14	65	12	-2	-29	-58	0	h6	6bk/6pp/1p3p2/nP2p3/4P3/q1NQ2P1/P2N1PKP/8 b - - 4 33
14	67	12	2	-19	-61	0	Qb4	6bk/6p1/1p3p1p/nP2p3/4P3/q1NQ2P1/P4PKP/1N6 b - - 1 34
14	69	12	-4	-16	-67	0	Bxd5	6bk/6p1/1p3p1p/nP1Np3/1q2P3/3Q2P1/P4PKP/1N6 b - - 3 35
14	71	10	66	-11	-70	0	e4	7k/6p1/1p3p1p/nP1Pp3/1q6/3Q2P1/P4PKP/1N6 b - - 0 36
14	73	10	0	0	-34	0	e3	7k/6p1/1p3p1p/nP1P4/1q2p3/6P1/P1Q2PKP/1N6 b - - 1 37
14	75	10	0	0	-28	0	exf2	7k/6p1/1p3p1p/nP1P4/1q6/2N1p1P1/P1Q2PKP/8 b - - 1 38
14	77	10	0	0	0	0	Qd4+	7k/6p1/1p3p1p/nP1P4/1q6/2N3P1/P1Q2K1P/8 b - - 0 39
14	79	10	0	0	0	0	Qg4+	7k/6p1/1p3p1p/nP1P4/3q4/2N3P1/P1Q1K2P/8 b - - 2 40
14	81	10	2	2	51	0	Qf3+	7k/6p1/1p3p1p/nP1P4/6q1/2N3P1/P1Q4P/5K2 b - - 4 41
14	83	10	0	0	52	0	Nc4	7k/6p1/1p3p1p/nP1P4/8/2N2qP1/P1Q4P/6K1 b - - 6 42
14	85	10	1	1	64	0	f5	7k/6p1/1p3p1p/1P1P4/P1n5/2N2qP1/2Q4P/6K1 b - a3 0 43
14	87	10	4	4	42	0	Nxd6	7k/6p1/1p1P3p/1P3p2/P1n5/2N2qP1/2Q4P/6K1 b - - 0 44
14	89	10	1	9	97	0	Qe3+	7k/6p1/1p1n3p/1P3p2/P7/2N2qP1/7P/3Q2K1 b - - 1 45
14	91	10	5	9	66	0	Nc4	7k/6p1/1p1n3p/1P3p2/P7/2N1q1P1/6KP/3Q4 b - - 3 46
14	93	10	3	3	68	0	Qe4+	7k/6p1/1p5p/1P1N1p2/P1n5/4q1P1/6KP/3Q4 b - - 5 47
14	95	10	-61	363	64	0	Nb2	7k/6p1/1p5p/1P1N1p2/P1n1q3/6PK/7P/3Q4 b - - 7 48
14	97	10	470	473	63	0	Nxa4	7k/6p1/1p5p/1P1N1p2/P3q3/6PK/1n1Q3P/8 b - - 9 49
14	99	10	4	4	55	0	Qb1	7k/6p1/1p5p/1P3p2/n3qN2/6PK/3Q3P/8 b - - 1 50
14	101	10	2	2	84	0	Kh7	7k/6p1/1p5p/1P3p2/n4N2/6PK/4Q2P/1q6 b - - 3 51
14	103	10	9	29	97	0	Nc5	8/6pk/1p5p/1P1N1p2/n7/6PK/4Q2P/1q6 b - - 5 52
14	105	10	0	18	102	0	Kg6	8/6pk/1p3N1p/1Pn2p2/8/6PK/4Q2P/1q6 b - - 7 53
14	107	10	3	17	102	0	Ne4	8/6p1/1p4kp/1PnN1p2/8/6PK/4Q2P/1q6 b - - 9 54
14	109	10	1	18	100	0	Kh7	8/6p1/1p4kp/1P1N1p2/4n3/6P1/4Q1KP/1q6 b - - 11 55
14	111	10	1	18	104	0	Nc3	8/6pk/1N5p/1P3p2/4n3/6P1/4Q1KP/1q6 b - - 0 56
14	113	10	-51	289	118	0	Qc2+	8/6pk/1N5p/1P2Qp2/8/2n3P1/6KP/1q6 b - - 2 57
14	115	10	-21	370	129	0	Qd3	8/6pk/1N5p/1P2Qp2/8/2n3P1/2q4P/6K1 b - - 4 58
14	117	10	43	451	134	0	h5	8/6pk/1N5p/1PQ2p2/8/2nq2P1/7P/6K1 b - - 6 59
14	119	10	500	535	127	0	Nxb5	8/6pk/1N6/1PQ2p1p/8/2nq2P1/6KP/8 b - - 1 60
14	121	10	17	21	134	0	Qxc4	8/6pk/1N6/1n3p1p/2Q5/3q2P1/6KP/8 b - - 1 61
14	123	2	0	0	134	0	g5	8/6pk/8/1n3p1p/2N5/6P1/6KP/8 b - - 0 62
14	125	2	0	0	135	0	Kg6	8/7k/8/1n3ppp/2N5/5KP1/7P/8 b - - 1 63
14	127	2	0	0	135	0	Kf6	8/8/6k1/1n2Nppp/8/5KP1/7P/8 b - - 3 64
14	129	2	0	0	140	0	Nd4+	8/8/5k2/1n3ppp/8/3N1KP1/7P/8 b - - 5 65
14	131	2	0	0	138	0	Ne6	8/8/5k2/5ppp/3n4/3NK1P1/7P/8 b - - 7 66
14	133	2	0	0	139	0	Nf8	8/8/4nk2/5ppp/8/3NK1PP/8/8 b - - 0 67
14	135	2	0	0	145	0	Ng6	5n2/8/5k2/5ppp/3K4/3N2PP/8/8 b - - 2 68
14	137	2	0	0	146	0	h4	8/8/5kn1/2N2ppp/3K4/6PP/8/8 b - - 4 69
14	139	2	0	0	147	0	Nxh4	8/8/5kn1/2N2pp1/3K3P/7P/8/8 b - - 0 70
14	141	2	0	0	152	0	Ke7	8/3N4/5k2/5pp1/3K3n/7P/8/8 b - - 1 71
14	143	2	0	0	162	0	Ke6	8/4k3/8/4Npp1/3K3n/7P/8/8 b - - 3 72
14	145	2	0	0	168	0	Nf3+	8/8/4k3/5pp1/3K3n/3N3P/8/8 b - - 5 73
14	147	2	-57	540	257	0	Ng1	8/8/4k3/2K2pp1/8/3N1n1P/8/8 b - - 7 74
14	149	2	-68	655	315	0	Ke5	8/8/4k3/2K2pp1/8/7P/5N2/6n1 b - - 9 75
14	151	2	0	722	356	0	Ke4	8/8/8/2K1kpp1/8/3N3P/8/6n1 b - - 11 76
14	153	2	-55	782	375	0	Kf3	8/8/8/2K2pp1/4k3/7P/5N2/6n1 b - - 13 77
14	155	2	13	793	391	0	f4	8/8/8/2K2pp1/8/3N1k1P/8/6n1 b - - 15 78
14	157	2	-16	809	433	0	Kg3	8/8/8/3K2p1/5p2/3N1k1P/8/6n1 b - - 1 79
14	159	2	127	852	510	0	f3	8/8/8/2NK2p1/5p2/6kP/8/6n1 b - - 3 80
14	161	2	-2	824	516	0	Kg2	8/8/8/3K2p1/4N3/5pkP/8/6n1 b - - 1 81
14	163	2	-14	946	532	0	f2	8/8/3N4/3K2p1/8/5p1P/6k1/6n1 b - - 3 82
14	165	2	-10	990	1141	0	Nxh3	8/8/8/3K2p1/2N5/7P/5pk1/6n1 b - - 1 83
14	167	2	0	1000	1153	0	g4	8/8/8/6p1/2N1K3/7n/5pk1/8 b - - 1 84
14	169	2	0	1000	1152	0	Kg1	8/8/8/8/4K1p1/4N2n/5pk1/8 b - - 1 85
14	171	2	0	1000	1200	0	g3	8/8/8/5K2/6p1/4N2n/5p2/6k1 b - - 3 86
14	173	2	0	1000	1204	1	g2	8/8/8/8/6K1/4N1pn/5p2/6k1 b - - 1 87
14	175	1	0	1000	1000	1	f1=Q	8/8/8/8/8/4N2K/5pp1/6k1 b - - 0 88
14	177	5	0	1000	1000	1	Qf6	8/8/8/8/6K1/4N3/6p1/5qk1 b - - 1 89
14	179	5	0	1000	1000	1	Qd4+	8/8/5q2/3N4/6K1/8/6p1/6k1 b - - 3 90
15	17	24	9	98	32	0	cxd4	r1bq1rk1/p3ppbp/1pnp1np1/1Pp5/2PP4/P1N1PN2/1B3PPP/R2QKB1R b KQ - 0 9
15	19	24	-14	159	28	0	Na5	r1bq1rk1/p3ppbp/1pnp1np1/1P6/2PP4/P1N2N2/1B3PPP/R2QKB1R b KQ - 0 10
15	21	24	78	165	45	0	Qc7	r1bq1rk1/p3ppbp/1p1p1np1/nP6/2PP4/P1N2N2/1B2BPPP/R2QK2R b KQ - 2 11
15	23	24	15	205	51	0	Be6	r1b2rk1/p1q1ppbp/1p1p1np1/nP6/Q1PP4/P1N2N2/1B2BPPP/R3K2R b KQ - 4 12
15	25	24	95	196	47	0	Bh6	r4rk1/p1q1ppbp/1p1pbnp1/nP6/Q1PP4/P1N5/1B1NBPPP/R3K2R b KQ - 6 13
15	27	24	-9	104	75	0	Bf5	r4rk1/p1q1pp1p/1p1pbnpb/nP1P4/Q1P5/P1N5/1B1NBPPP/R3K2R b KQ - 0 14
15	29	24	31	111	77	0	Nb7	r4rk1/p1q1pp1p/1p1p1npb/nP1P1b2/Q1P5/P1N5/1B1NBPPP/3RK2R b K - 2 15
15	31	24	-15	95	87	0	Nc5	r4rk1/pnq1pp1p/1p1p1npb/1P1P1b2/Q1P5/P1N5/1B1NBPPP/3R1RK1 b - - 4 16
15	33	24	-4	108	100	0	Bc2	r4rk1/p1q1pp1p/1p1p1npb/1PnP1b2/1QP5/P1N5/1B1NBPPP/3R1RK1 b - - 6 17
15	35	24	10	104	95	0	Nd3	r4rk1/p1q1pp1p/1p1p1npb/1PnP4/1QP5/P1N5/1BbNBPPP/2R2RK1 b - - 8 18
15	37	23	-14	98	88	0	Bxd3	r4rk1/p1q1pp1p/1p1p1npb/1P1P4/1QP5/P1NB4/1BbN1PPP/2R2RK1 b - - 0 19
15	39	22	10	127	85	0	e5	r4rk1/p1q1pp1p/1p1p1npb/1P1P4/1QP5/P1Nb4/1B1N1PPP/2RR2K1 b - - 1 20
15	41	22	2	124	109	0	fxe6	r4rk1/p1q2p1p/1p1pPnpb/1P6/1QP5/P1Nb4/1B1N1PPP/2RR2K1 b - - 0 21
15	43	22	114	168	105	0	a5	r4rk1/p1q4p/1p1ppnpb/1P6/1QP5/P2b4/1B1N1PPP/1NRR2K1 b - - 1 22
15	45	22	122	41	75	0	Nh5	r4rk1/2q4p/Pp1ppnpb/8/1QP5/P2b4/1B1N1PPP/1NRR2K1 b - - 0 23
15	47	22	-16	111	72	0	Qc5	r4rk1/2q4p/Pp1pp1pb/7n/1QP5/P2b2P1/1B1N1P1P/1NRR2K1 b - - 0 24
15	49	18	-15	136	88	0	bxc5	r4rk1/7p/Pp1pp1pb/2Q4n/2P5/P2b2P1/1B1N1P1P/1NRR2K1 b - - 0 25
15	51	14	-13	198	69	0	Bf5	r4rk1/7p/P2pp1pb/2p4n/2P5/P1Rb2P1/1B1N1P1P/1N1R2K1 b - - 1 26
15	53	14	-23	230	134	0	Rxa6	r4rk1/7p/P2pp1pb/2p2b1n/2P5/P5P1/1B1N1P1P/1NRR2K1 b - - 3 27
15	55	14	-25	329	159	0	e5	5rk1/7p/r2pp1pb/2p2b1n/2P4P/P5P1/1B1N1P2/1NRR2K1 b - h3 0 28
15	57	14	61	397	157	0	Rb8	5rk1/7p/r2p2pb/2p1pb1n/2P4P/P5P1/1B1N1PK1/1NRR4 b - - 1 29
15	59	14	65	359	159	0	Ra4	1r4k1/7p/r2p2pb/2p1pb1n/2P4P/P1B3P1/3N1PK1/1NRR4 b - - 3 30
15	61	14	-45	298	185	0	Bd3	1r4k1/7p/3p2pb/2p1pb1n/r1P4P/P1B2PP1/3N2K1/1NRR4 b - - 0 31
15	63	14	125	361	159	0	Bxd2	1r4k1/7p/3p2pb/2p1p2n/r1P4P/P2b1PP1/3N2K1/BNRR4 b - - 2 32
15	65	12	-26	244	165	0	Rxa3	1r4k1/7p/3p2p1/2p1p2n/r1P4P/P2b1PP1/3N2K1/B1RR4 b - - 0 33
15	67	12	-20	274	123	0	Rba8	1r4k1/7p/3p2p1/2p1p2n/2P4P/r1Rb1PP1/3N2K1/B2R4 b - - 1 34
15	69	12	18	306	129	0	Rxc3	r5k1/7p/3p2p1/2p1p2n/2P4P/r1Rb1PP1/3N2K1/B1R5 b - - 3 35
15	71	8	-6	303	122	0	Bf5	r5k1/7p/3p2p1/2p1p2n/2P4P/2Rb1PP1/3N2K1/B7 b - - 0 36
15	73	8	112	317	125	0	Kf7	r5k1/7p/3p2p1/2p1pb1n/2P4P/2R2PP1/1B1N2K1/8 b - - 2 37
15	75	8	98	317	125	0	Ke6	r7/5k1p/3p2p1/2p1pb1n/2P4P/1R3PP1/1B1N2K1/8 b - - 4 38
15	77	8	7	306	119	0	Ra2	r7/7p/3pk1p1/2p1pb1n/2P4P/1R3PP1/1B1N1K2/8 b - - 6 39
15	79	8	-1	449	158	0	Bd3	8/7p/3pk1p1/2p1pb1n/2P4P/1RB2PP1/r2N1K2/8 b - - 8 40
15	81	8	-18	461	163	0	Kd7	8/7p/3pk1p1/2p1p2n/2P4P/1R1b1PP1/rB1N1K2/8 b - - 10 41
15	83	7	-25	463	161	0	Rxb2	8/3k3p/3p2p1/2p1p2n/2P4P/3R1PP1/rB1N1K2/8 b - - 0 42
15	85	6	308	506	163	0	Nf6	8/3k3p/3p2p1/2p1p2n/2P4P/3R1PP1/1r1N2K1/8 b - - 1 43
15	87	6	-6	691	154	0	e4	8/3k3p/3p1np1/2p1p3/2P4P/3R1PP1/1r1N1K2/8 b - - 3 44
15	89	6	2	721	153	0	Nxe4+	8/3k3p/3p1np1/2p5/2P1P2P/3R2P1/1r1N1K2/8 b - - 0 45
15	91	6	4	736	151	0	Nxd2	8/3k3p/3p2p1/2p5/2P1n2P/3R2P1/1r1N4/4K3 b - - 1 46
15	93	4	305	775	157	0	Rb4	8/3k3p/3p2p1/2p5/2P4P/6P1/1r1R4/4K3 b - - 0 47
15	95	4	29	495	165	0	Ke6	8/3k3p/3p2p1/2p5/1rP4P/6P1/2R5/4K3 b - - 2 48
15	97	4	-12	510	242	0	Kf5	8/7p/3pk1p1/2p5/1rP4P/6P1/2R1K3/8 b - - 4 49
15	99	4	-4	565	245	0	Kg4	8/7p/3p2p1/2p2k2/1rP4P/6P1/2R2K2/8 b - - 6 50
15	101	4	-9	588	257	0	Rb2+	8/7p/3p2p1/2p5/1rP3kP/2R3P1/5K2/8 b - - 8 51
15	103	4	8	602	257	0	Kh3	8/7p/3p2p1/2p5/2P3kP/2R3P1/1r6/6K1 b - - 10 52
15	105	4	-38	595	245	0	Rg2	8/7p/3p2p1/2p5/2P4P/2R3Pk/1r6/5K2 b - - 12 53
15	107	4	145	662	247	0	Rc2	8/7p/3p2p1/2p5/2P4P/3R2Pk/6r1/5K2 b - - 14 54
15	109	4	140	552	257	0	Rxc4	8/7p/3R2p1/2p5/2P4P/6Pk/2r5/5K2 b - - 0 55
15	111	4	-67	501	277	0	Rc2+	8/7p/3R2p1/2p5/2r4P/6Pk/5K2/8 b - - 1 56
15	113	4	-32	570	254	0	Rc3+	8/7p/3R2p1/2p5/7P/5KPk/2r5/8 b - - 3 57
15	115	4	1	602	255	0	Rxg3	8/7p/3R2p1/2p5/5K1P/2r3Pk/8/8 b - - 5 58
15	117	4	8	596	255	0	Rg4+	8/7p/3R2p1/2p4P/5K2/6rk/8/8 b - - 0 59
15	119	4	645	674	250	0	gxh5	8/7p/3R2p1/2p4P/6r1/5K1k/8/8 b - - 2 60
15	121	4	7	14	241	0	h4	8/7p/8/2pR3p/6r1/5K1k/8/8 b - - 1 61
15	123	4	1	1	229	0	Rg6	8/7p/8/2R5/6rp/5K1k/8/8 b - - 0 62
15	125	4	481	481	249	0	h5	8/2R4p/6r1/8/7p/5K1k/8/8 b - - 2 63
15	127	4	-48	505	275	0	Rf6+	2R5/8/6r1/7p/7p/5K1k/8/8 b - - 1 64
15	129	4	-39	592	294	0	Rf5	2R5/8/5r2/7p/7p/4K2k/8/8 b - - 3 65
15	131	4	638	638	351	0	Kg4	2R5/8/8/5r1p/4K2p/7k/8/8 b - - 5 66
15	133	4	654	713	348	0	Rf3	8/8/8/5r1p/4K1kp/8/8/2R5 b - - 7 67
15	135	4	-4	712	400	0	Rf4+	2R5/8/8/7p/4K1kp/5r2/8/8 b - - 9 68
15	137	4	-74	739	388	0	h3	2R5/8/8/7p/5rkp/4K3/8/8 b - - 11 69
15	139	4	-2	842	429	0	Kh4	6R1/8/8/7p/5rk1/4K2p/8/8 b - - 1 70
15	141	4	-57	943	601	0	Rg4	8/8/8/7p/5r1k/4K2p/8/6R1 b - - 3 71
15	143	4	0	1000	599	0	Kg3	8/8/8/7p/6rk/4K2p/8/7R b - - 5 72
15	145	4	0	1000	596	0	Kh2	8/8/8/7p/6r1/4K1kp/8/6R1 b - - 7 73
15	147	4	0	1000	755	0	Kg2	8/8/8/7p/6r1/4K2p/7k/5R2 b - - 9 74
15	149	4	0	1000	806	0	h4	8/8/8/5R1p/6r1/4K2p/6k1/8 b - - 11 75
15	151	4	0	1000	1045	0	Kg1	8/8/8/8/6rp/4K2p/5Rk1/8 b - - 1 76
15	153	4	0	1000	1045	0	h2	8/8/8/8/6rp/4K2p/4R3/6k1 b - - 3 77
15	155	4	0	1000	1662	0	Rg3+	8/8/8/8/6rp/5K2/4R2p/6k1 b - - 1 78
15	157	4	0	1000	1691	0	h1=Q	8/8/8/8/5K1p/6r1/4R2p/6k1 b - - 3 79
15	159	8	0	1000	1721	1	Kg2	8/8/8/8/5K1p/6r1/8/4R1kq b - - 1 80
15	161	4	0	1000	1000	1	Kxh1	8/8/8/8/5K1p/6r1/6k1/7R b - - 0 81
15	163	2	0	1000	1000	1	h3	8/8/8/5K2/7p/6r1/8/7k b - - 1 82
15	165	2	0	1000	1000	1	Kg1	8/8/4K3/8/8/6rp/8/7k b - - 1 83
15	167	2	0	1000	1000	1	h2	8/8/3K4/8/8/6rp/8/6k1 b - - 3 84
15	169	2	0	1000	1000	1	h1=Q+	8/8/8/3K4/8/6r1/7p/6k1 b - - 1 85
16	16	24	13	28	37	0	d4	r1bq1rk1/1pp2ppp/p1np1n2/2bNp3/2P5/4PNP1/PP1P1PBP/R1BQ1RK1 w - - 0 9
16	18	24	69	93	28	0	a4	r1bq1rk1/1pp2ppp/pbnp1n2/3Np3/2PP4/4PNP1/PP3PBP/R1BQ1RK1 w - - 1 10
16	20	24	60	66	61	0	exd4	r1bq1rk1/1pp2ppp/pbnp1n2/3N4/P1Pp4/4PNP1/1P3PBP/R1BQ1RK1 w - - 0 11
16	22	24	213	290	66	0	Nh4	r2q1rk1/1pp2ppp/pbnp1n2/3N1b2/P1PP4/5NP1/1P3PBP/R1BQ1RK1 w - - 1 12
16	24	24	31	61	58	0	Be3	r2q1rk1/1ppb1ppp/pbnp1n2/3N4/P1PP3N/6P1/1P3PBP/R1BQ1RK1 w - - 3 13
16	26	24	31	94	62	0	Qd2	r2q1rk1/1ppb1ppp/pbnp4/3N4/P1PP2nN/4B1P1/1P3PBP/R2Q1RK1 w - - 5 14
16	28	24	12	173	60	0	Qc3	r2q1rk1/1ppb1ppp/pb1p4/n2N4/P1PP2nN/4B1P1/1P1Q1PBP/R4RK1 w - - 7 15
16	30	24	37	245	136	0	c5	r2q1rk1/1pp2ppp/pb1pb3/n2N4/P1PP2nN/2Q1B1P1/1P3PBP/R4RK1 w - - 9 16
16	32	23	9	252	190	0	cxb6	r2q1rk1/1pp2ppp/pb1p4/n1Pb4/P2P2nN/2Q1B1P1/1P3PBP/R4RK1 w - - 0 17
16	34	22	-6	441	168	0	Qxa5	r2q1rk1/1pp2ppp/pP1p4/n7/P1bP2nN/2Q1B1P1/1P3PBP/R4RK1 w - - 1 18
16	36	21	31	452	200	0	Qh5	r2q1rk1/1p3ppp/pp1p4/Q7/P1bP2nN/4B1P1/1P3PBP/R4RK1 w - - 0 19
16	38	19	15	449	168	0	Rxf1	r2q1rk1/1p3ppp/pp1p4/7Q/P2P2nN/4B1P1/1P3PBP/R4bK1 w - - 0 20
16	40	17	5	438	184	0	fxe3	r2q1rk1/1p3ppp/pp1p4/7Q/P2P3N/4n1P1/1P3PBP/5RK1 w - - 0 21
16	42	16	82	448	177	0	Qd5	r2q1rk1/1p3p1p/pp1p2p1/7Q/P2P3N/4P1P1/1P4BP/5RK1 w - - 0 22
16	44	16	-17	435	208	0	Qb3	1r1q1rk1/1p3p1p/pp1p2p1/3Q4/P2P3N/4P1P1/1P4BP/5RK1 w - - 2 23
16	46	16	4	472	210	0	Bd5	1r3rk1/1pq2p1p/pp1p2p1/8/P2P3N/1Q2P1P1/1P4BP/5RK1 w - - 4 24
16	48	16	9	486	268	0	Nf3	3r1rk1/1pq2p1p/pp1p2p1/3B4/P2P3N/1Q2P1P1/1P5P/5RK1 w - - 6 25
16	50	16	28	477	313	0	Nd2	3r1rk1/1pq2p2/pp1p2pp/3B4/P2P4/1Q2PNP1/1P5P/5RK1 w - - 0 26
16	52	16	90	563	300	0	Nc4	3r1rk1/1p2qp2/pp1p2pp/3B4/P2P4/1Q2P1P1/1P1N3P/5RK1 w - - 2 27
16	54	16	-46	464	328	0	Nxb6	3r1r2/1p2qpk1/pp1p2pp/3B4/P1NP4/1Q2P1P1/1P5P/5RK1 w - - 4 28
16	56	16	-55	514	342	0	Be6	3r1r2/1p2q1k1/pN1p2pp/3B1p2/P2P4/1Q2P1P1/1P5P/5RK1 w - f6 0 29
16	58	16	3	580	331	0	d5	3rr3/1p2q1k1/pN1pB1pp/5p2/P2P4/1Q2P1P1/1P5P/5RK1 w - - 2 30
16	60	16	13	595	349	0	g4	3rr3/1pq3k1/pN1pB1pp/3P1p2/P7/1Q2P1P1/1P5P/5RK1 w - - 1 31
16	62	16	-12	568	402	0	Rf7+	3rr3/1pq3k1/pN1pB1pp/3P4/P5p1/1Q2P3/1P5P/5RK1 w - - 0 32
16	64	14	-19	637	392	0	Bxf7	3rr3/1p3qk1/pN1pB1pp/3P4/P5p1/1Q2P3/1P5P/6K1 w - - 0 33
16	66	9	-18	654	394	0	Qc4	3rr3/1p3k2/pN1p2pp/3P4/P5p1/1Q2P3/1P5P/6K1 w - - 0 34
16	68	9	-2	694	512	0	Nc8	3r4/1p2rk2/pN1p2pp/3P4/P1Q3p1/4P3/1P5P/6K1 w - - 2 35
16	70	8	21	713	575	0	Qxc8	2r5/1p2rk2/p2p2pp/3P4/P1Q3p1/4P3/1P5P/6K1 w - - 0 36
16	72	6	30	728	590	0	Kf2	2Q5/1p2rk2/p2p2p1/3P3p/P5p1/4P3/1P5P/6K1 w - - 0 37
16	74	6	7	743	617	0	Qd8	2Q5/1p2rk2/3p2p1/p2P3p/P5p1/4P3/1P3K1P/8 w - - 0 38
16	76	6	67	764	680	0	Qxa5	3Q4/1p2rk2/3p2p1/p2P4/P5pp/4P3/1P3K1P/8 w - - 0 39
16	78	6	-11	771	753	0	Qb4	8/1p2rk2/3p2p1/Q2P4/P5p1/4P2p/1P3K1P/8 w - - 0 40
16	80	6	-3	818	790	0	Qxd6	8/1p3k2/3p2p1/3Pr3/PQ4p1/4P2p/1P3K1P/8 w - - 2 41
16	82	6	-24	856	850	0	Kxg3	8/1p3k2/3Q2p1/3Pr3/P7/4P1pp/1P3K1P/8 w - - 0 42
16	84	6	-32	916	863	0	Kg4	8/1p3k2/3Q2p1/3P4/P7/4r1Kp/1P5P/8 w - - 0 43
16	86	6	-16	984	992	0	Kg5	8/1p3k2/3Q2p1/3P4/P3r1K1/7p/1P5P/8 w - - 2 44
16	88	6	0	1000	1410	1	Qxg6+	8/1p2rk2/3Q2p1/3P2K1/P7/7p/1P5P/8 w - - 4 45
16	90	6	0	1000	1000	1	Kh6	5k2/1p2r3/6Q1/3P2K1/P7/7p/1P5P/8 w - - 1 46
16	92	6	0	1000	1000	1	d6	5k2/1p1r4/6QK/3P4/P7/7p/1P5P/8 w - - 3 47
16	94	6	0	1000	1000	1	Qxd6+	5k2/1p6/3r2QK/8/P7/7p/1P5P/8 w - - 0 48
16	96	4	0	1000	1000	1	Kg5	8/1p3k2/3Q3K/8/P7/7p/1P5P/8 w - - 1 49
16	98	4	0	1000	1000	1	Qd7+	8/5k2/3Q4/1p4K1/P7/7p/1P5P/8 w - b6 0 50
16	100	4	0	1000	1000	1	Kf6	5k2/3Q4/8/1p4K1/P7/7p/1P5P/8 w - - 2 51
16	102	4	0	1000	1000	1	Qd8#	5k2/3Q4/5K2/8/p7/7p/1P5P/8 w - - 0 52
17	17	24	6	-18	-18	0	Ba7	r1bq1rk1/1pp2ppp/p1np1n2/2bNp3/2PP4/4PNP1/PP3PBP/R1BQ1RK1 b - d3 0 9
17	19	23	1	8	-24	0	Qxf6	r1bq1rk1/bpp2ppp/p1np1N2/4p3/2PP4/4PNP1/PP3PBP/R1BQ1RK1 b - - 0 10
17	21	22	49	9	-29	0	Nd8	r1b2rk1/bpp2ppp/p1np1q2/3Pp3/2P5/4PNP1/PP3PBP/R1BQ1RK1 b - - 0 11
17	23	22	7	-12	-25	0	Bd7	r1bn1rk1/bpp2ppp/p2p1q2/3Pp3/2P5/4PNP1/PP3PBP/R1BQR1K1 b - - 2 12
17	25	22	42	10	-25	0	Rc8	r2n1rk1/bppb1ppp/p2p1q2/3Pp3/2P5/4PNP1/PP1B1PBP/R2QR1K1 b - - 4 13
17	27	22	36	1	-18	0	b5	2rn1rk1/bppb1ppp/p2p1q2/3Pp3/2P5/2B1PNP1/PP3PBP/R2QR1K1 b - - 6 14
17	29	22	38	-17	-19	0	c6	2rn1rk1/b1pb1ppp/p2p1q2/1p1Pp3/2P5/2B1PNP1/PP3PBP/2RQR1K1 b - - 1 15
17	31	22	5	26	-6	0	Nb7	2rn1rk1/b2b1ppp/p1pp1q2/1p1Pp3/2P5/1QB1PNP1/PP3PBP/2R1R1K1 b - - 1 16
17	33	22	9	17	-6	0	Nc5	2r2rk1/bn1b1ppp/p1pp1q2/1p1Pp3/2P5/1QB1P1P1/PP1N1PBP/2R1R1K1 b - - 3 17
17	35	22	15	0	-5	0	Nxe4	2r2rk1/b2b1ppp/p1pp1q2/1pnPp3/2P1N3/1QB1P1P1/PP3PBP/2R1R1K1 b - - 5 18
17	37	20	62	-17	13	0	Bc5	2r2rk1/b2b1ppp/p1pp1q2/1p1Pp3/2P1B3/1QB1P1P1/PP3P1P/2R1R1K1 b - - 0 19
17	39	20	11	-77	0	0	Bxc6	2r2rk1/3b1ppp/p1Pp1q2/1pb1p3/2P1B3/1QB1P1P1/PP3P1P/2R1R1K1 b - - 0 20
17	41	19	-1	-68	-31	0	Rxc6	2r2rk1/5ppp/p1Bp1q2/1pb1p3/2P5/1QB1P1P1/PP3P1P/2R1R1K1 b - - 0 21
17	43	18	1	-67	-11	0	Rb6	5rk1/5ppp/p1rp1q2/1Pb1p3/8/1QB1P1P1/PP3P1P/2R1R1K1 b - - 0 22
17	45	18	-5	-44	2	0	Rxb5	5rk1/5ppp/pr1p1q2/1Pb1p3/8/2B1P1P1/PP3P1P/2RQR1K1 b - - 2 23
17	47	18	107	-42	5	0	a5	5rk1/5ppp/p2p1q2/1rb1p3/8/P1B1P1P1/1P3P1P/2RQR1K1 b - - 0 24
17	49	18	-10	-23	27	0	Rfb8	5rk1/5ppp/3p1q2/prb1p3/8/P1B1P1P1/1P2QP1P/2R1R1K1 b - - 1 25
17	51	18	-3	-13	49	0	Qg6	1r4k1/5ppp/3p1q2/prb1p3/8/P1B1P1P1/1PR1QP1P/4R1K1 b - - 3 26
17	53	18	9	-6	-17	0	Rb3	1r4k1/5ppp/3p2q1/prb1p3/P7/2B1P1P1/1PR1QP1P/4R1K1 b - - 0 27
17	55	18	-4	-11	42	0	h5	1r4k1/5ppp/3p2q1/B1b1p3/P7/1r2P1P1/1PR1QP1P/4R1K1 b - - 0 28
17	57	18	37	-2	31	0	Qe4	1r4k1/5pp1/3p2q1/2b1p2p/P7/1rB1P1P1/1PR1QP1P/4R1K1 b - - 1 29
17	59	18	4	-26	31	0	h4	1r4k1/5pp1/3p4/P1b1p2p/4q3/1rB1P1P1/1PR1QP1P/4R1K1 b - - 0 30
17	61	18	0	0	91	0	h3	1r4k1/5pp1/3p4/P1b1p3/4q2p/1rB1P1P1/1P2QP1P/2R1R1K1 b - - 1 31
17	63	18	0	0	76	0	Qf5	1r4k1/5pp1/3p4/P1b1p3/4q3/1rB1P1Pp/1P3P1P/2R1RQK1 b - - 1 32
17	65	18	0	0	53	0	Ra8	1r4k1/5pp1/P2p4/2b1pq2/8/1rB1P1Pp/1P3P1P/2R1RQK1 b - - 0 33
17	67	18	0	0	48	0	Qg4	r5k1/5pp1/P2p4/2b1pq2/4P3/1rB3Pp/1P3P1P/2R1RQK1 b - - 0 34
17	69	18	8	8	78	0	Rf3	r5k1/5pp1/P2p4/2b1B3/4P1q1/1r4Pp/1P3P1P/2R1RQK1 b - - 0 35
17	71	17	0	0	27	0	dxc5	r5k1/5pp1/P2p4/2R1B3/4P1q1/5rPp/1P3P1P/4RQK1 b - - 0 36
17	73	15	0	0	55	0	Qd7	r5k1/5pp1/P7/2p5/4P1q1/2B2rPp/1P3P1P/4RQK1 b - - 1 37
17	75	15	43	43	59	0	Ra7	r5k1/3q1pp1/P7/2p5/2Q1P3/2B2rPp/1P3P1P/4R1K1 b - - 3 38
17	77	15	0	0	70	0	Rxa6	6k1/r2q1pp1/P7/2Q5/4P3/2B2rPp/1P3P1P/4R1K1 b - - 0 39
17	79	15	7	18	90	0	Qg4	6k1/3q1pp1/r7/4Q3/4P3/2B2rPp/1P3P1P/4R1K1 b - - 1 40
17	81	15	309	359	112	0	Kh7	6k1/5pp1/r7/3Q4/4P1q1/2B2rPp/1P3P1P/4R1K1 b - - 3 41
17	83	15	40	80	100	0	Qf5	8/5ppk/r7/3QP3/6q1/2B2rPp/1P3P1P/4R1K1 b - - 0 42
17	85	15	0	32	88	0	Rd3	8/5ppk/r7/4Pq2/3Q4/2B2rPp/1P3P1P/4R1K1 b - - 2 43
17	87	15	22	40	81	0	Rh6	8/5ppk/r7/4Pq2/7Q/2Br2Pp/1P3P1P/4R1K1 b - - 4 44
17	89	15	-46	402	96	0	Rd1	8/5ppk/7r/4Pq2/1Q6/2Br2Pp/1P3P1P/4R1K1 b - - 6 45
17	91	13	-8	592	223	0	Qf3	8/5ppk/7r/4Pq2/1Q6/2B3Pp/1P3P1P/3R2K1 b - - 0 46
17	93	13	3	608	241	0	Qxd1+	8/5ppk/7r/4P3/1Q6/2B2qPp/1P3P1P/3R1K2 b - - 2 47
17	95	11	-15	653	212	0	Qd3+	8/5ppk/7r/4P3/1Q6/6Pp/1P3P1P/3qBK2 b - - 1 48
17	97	11	-25	673	294	0	Qd5	8/5ppk/7r/4P3/1Q6/3q2Pp/1P3P1P/4B1K1 b - - 3 49
17	99	11	-21	693	314	0	Re6	8/5ppk/7r/3qP3/1Q6/6Pp/1P3P1P/4BK2 b - - 5 50
17	101	11	-48	679	281	0	Rxe5	8/5ppk/4r3/3qP3/1Q6/6Pp/1P1B1P1P/5K2 b - - 7 51
17	103	11	20	752	264	0	Qd1+	8/5ppk/8/3qr3/1Q6/4B1Pp/1P3P1P/5K2 b - - 1 52
17	105	11	124	747	283	0	Qd3+	8/5ppk/8/4r3/8/4B1Pp/1P3P1P/3qQK2 b - - 3 53
17	107	11	-24	626	308	0	Qb1+	8/5ppk/8/4r3/8/3qB1Pp/1P2QP1P/5K2 b - - 5 54
17	109	11	48	603	304	0	Qxb2	8/5ppk/8/4r3/8/4B1Pp/1P3P1P/1q2QK2 b - - 7 55
17	111	11	90	669	305	0	Ra5	8/5ppk/8/4r3/8/4B1Pp/1q3P1P/3Q1K2 b - - 1 56
17	113	11	-56	610	310	0	g6	8/5ppk/8/r7/8/3QB1Pp/1q3P1P/5K2 b - - 3 57
17	115	11	-4	650	303	0	Ra1+	8/5p1k/6p1/r7/8/3Q2Pp/1q1B1P1P/5K2 b - - 1 58
17	117	11	-23	662	328	0	Qe5+	8/5p1k/6p1/8/8/3Q2Pp/1q1BKP1P/r7 b - - 3 59
17	119	11	72	680	318	0	Qf6+	8/5p1k/6p1/4q3/8/3Q1KPp/3B1P1P/r7 b - - 5 60
17	121	11	-63	747	469	0	Rd1	8/5p1k/5qp1/8/6K1/3Q2Pp/3B1P1P/r7 b - - 7 61
17	123	11	-112	844	579	0	Qxf2	8/5p1k/5qp1/8/8/3Q2PK/3B1P1P/3r4 b - - 0 62
17	125	11	0	1000	579	0	Qxd2	8/5p1k/6p1/8/8/4Q1PK/3B1q1P/3r4 b - - 1 63
17	127	6	0	1000	759	0	Rxd2	8/5p1k/6p1/8/8/6PK/3Q3P/3r4 b - - 0 64
17	129	2	0	1000	819	0	Kh6	8/5p1k/6p1/8/6P1/7K/3r3P/8 b - - 0 65
17	131	2	0	1000	862	0	Rd3+	8/5p2/6pk/8/6P1/6K1/3r3P/8 b - - 2 66
17	133	2	0	1000	883	0	Rh3	8/5p2/6pk/8/5KP1/3r4/7P/8 b - - 4 67
17	135	2	0	1000	873	0	Kg5	8/5p2/6pk/4K3/6P1/7r/7P/8 b - - 6 68
17	137	2	0	1000	1674	0	Rxh2	8/5p2/3K2p1/6k1/6P1/7r/7P/8 b - - 8 69
17	139	2	0	1000	1744	1	Re2+	8/5p2/6p1/4K1k1/6P1/8/7r/8 b - - 1 70
17	141	2	0	1000	1900	0	Kxg4	8/5p2/6p1/6k1/3K2P1/8/4r3/8 b - - 3 71
17	143	2	0	1000	1852	1	g5	8/5p2/6p1/8/6k1/2K5/4r3/8 b - - 1 72
17	145	2	0	1000	1856	1	Re8	8/5p2/8/6p1/3K2k1/8/4r3/8 b - - 1 73
17	147	2	0	1000	1000	1	Kh4	4r3/5p2/8/2K3p1/6k1/8/8/8 b - - 3 74
17	149	2	0	1000	1000	1	g4	4r3/5p2/2K5/6p1/7k/8/8/8 b - - 5 75
17	151	2	0	1000	1000	1	Re6	4r3/3K1p2/8/8/6pk/8/8/8 b - - 1 76
17	153	2	0	1000	1000	1	g3	8/2K2p2/4r3/8/6pk/8/8/8 b - - 3 77
17	155	2	0	1000	1000	1	g2	8/1K3p2/4r3/8/7k/6p1/8/8 b - - 1 78
18	16	24	2	21	36	0	a3	r1bqk2r/p2p1ppp/1pn1pn2/6B1/1bP5/3BPN2/PP1N1PPP/R2QK2R w KQkq - 2 9
18	18	23	-7	92	40	0	Qxd2	r1bqk2r/p2p1ppp/1pn1pn2/6B1/2P5/P2BPN2/1P1b1PPP/R2QK2R w KQkq - 0 10
18	20	22	4	107	52	0	O-O	r2qk2r/pb1p1ppp/1pn1pn2/6B1/2P5/P2BPN2/1P1Q1PPP/R3K2R w KQkq - 1 11
18	22	22	9	111	34	0	Bh4	r2qk2r/pb1p1pp1/1pn1pn1p/6B1/2P5/P2BPN2/1P1Q1PPP/R4RK1 w kq - 0 12
18	24	22	36	103	44	0	Qc2	r2q1rk1/pb1p1pp1/1pn1pn1p/8/2P4B/P2BPN2/1P1Q1PPP/R4RK1 w - - 2 13
18	26	22	10	80	49	0	Rad1	r4rk1/pb1pqpp1/1pn1pn1p/8/2P4B/P2BPN2/1PQ2PPP/R4RK1 w - - 4 14
18	28	22	8	96	48	0	h3	3r1rk1/pb1pqpp1/1pn1pn1p/8/2P4B/P2BPN2/1PQ2PPP/3R1RK1 w - - 6 15
18	30	22	96	115	35	0	Rde1	3r1rk1/pb2qpp1/1pn1pn1p/3p4/2P4B/P2BPN1P/1PQ2PP1/3R1RK1 w - d6 0 16
18	32	22	16	16	24	0	Qxc4	3r1rk1/pb2qpp1/1pn1pn1p/8/2p4B/P2BPN1P/1PQ2PP1/4RRK1 w - - 0 17
18	34	22	32	41	40	0	b4	3rr1k1/pb2qpp1/1pn1pn1p/8/2Q4B/P2BPN1P/1P3PP1/4RRK1 w - - 1 18
18	36	22	-4	49	33	0	Be4	3rr1k1/pb2qpp1/1pn2n1p/4p3/1PQ4B/P2BPN1P/5PP1/4RRK1 w - - 0 19
18	38	22	16	90	69	0	Rd1	3rr1k1/pb3pp1/1pnq1n1p/4p3/1PQ1B2B/P3PN1P/5PP1/4RRK1 w - - 2 20
18	40	20	-3	84	60	0	Bxf6	3rr1k1/pb3pp1/1pn2n1p/4p3/1PQ1B2B/P3PN1P/5PP1/3q1RK1 w - - 0 21
18	42	19	11	89	30	0	Bxd8	3rr1k1/pb1q1pp1/1pn2B1p/4p3/1PQ1B3/P3PN1P/5PP1/5RK1 w - - 1 22
18	44	16	27	94	39	0	Bxb7	3nr1k1/pb1q1pp1/1p5p/4p3/1PQ1B3/P3PN1P/5PP1/5RK1 w - - 0 23
18	46	14	52	56	23	0	e4	4r1k1/pn1q1pp1/1p5p/4p3/1PQ5/P3PN1P/5PP1/5RK1 w - - 0 24
18	48	14	7	0	1	0	Rd1	4r1k1/p2q1pp1/1p1n3p/4p3/1PQ1P3/P4N1P/5PP1/5RK1 w - - 1 25
18	50	10	0	0	4	0	Rxd7	4r1k1/p2q1pp1/1p5p/4p3/1Pn1P3/P4N1P/5PP1/3R2K1 w - - 0 26
18	52	6	5	1	25	0	Rxa7	4r1k1/p2R1pp1/1p5p/4p3/1P2P3/n4N1P/5PP1/6K1 w - - 0 27
18	54	6	0	0	29	0	Kf1	4r1k1/R4pp1/1p5p/4p3/1Pn1P3/5N1P/5PP1/6K1 w - - 1 28
18	56	6	4	4	38	0	Rc7	4r1k1/R4p2/1p5p/4p1p1/1Pn1P3/5N1P/5PP1/5K2 w - g6 0 29
18	58	6	1	1	40	0	Rc6	4r1k1/2R2p2/1p1n3p/4p1p1/1P2P3/5N1P/5PP1/5K2 w - - 2 30
18	60	6	0	0	28	0	Rxb6	4r1k1/5p2/1pR4p/4p1p1/1P2n3/5N1P/5PP1/5K2 w - - 0 31
18	62	6	2	2	47	0	Ke2	4r1k1/5p2/1R6/4p1pp/1P2n3/5N1P/5PP1/5K2 w - - 0 32
18	64	6	2	5	51	0	hxg4	4r1k1/5p2/1R6/4p2p/1P2n1p1/5N1P/4KPP1/8 w - - 0 33
18	66	6	5	5	56	0	Nh2	4r1k1/5p2/1R6/4p3/1P2n1p1/5N2/4KPP1/8 w - - 0 34
18	68	6	-2	1	51	0	f3	4r1k1/8/1R6/4pp2/1P2n1p1/8/4KPPN/8 w - f6 0 35
18	70	6	8	8	19	0	Kd2	4r1k1/8/1R6/4pp2/1P4p1/2n2P2/4K1PN/8 w - - 1 36
18	72	6	0	0	30	0	Rd6	4r1k1/8/1R6/3npp2/1P4p1/5P2/3K2PN/8 w - - 3 37
18	74	6	0	0	0	0	Nxf3	4r1k1/8/3R4/3npp2/1P6/5p2/3K2PN/8 w - - 0 38
18	76	6	0	0	10	0	Kc3	4r1k1/8/3R4/4pp2/1n6/5N2/3K2P1/8 w - - 0 39
18	78	6	-6	0	0	0	Kb2	4r1k1/8/3R4/4pp2/8/2K2N2/n5P1/8 w - - 2 40
18	80	6	0	0	0	0	Kc3	4r1k1/8/3R4/4pp2/1n6/5N2/1K4P1/8 w - - 4 41
18	82	6	0	0	0	0	Kb2	4r1k1/8/3R4/4pp2/8/2K2N2/n5P1/8 w - - 6 42
18	84	6	0	0	0	0	Kc3	4r1k1/8/3R4/4pp2/1n6/5N2/1K4P1/8 w - - 8 43
19	17	24	4	-19	-36	0	h6	r1bqk2r/p2p1ppp/1pn1pn2/6B1/1bP5/3BPN2/PP1N1PPP/R2Q1RK1 b kq - 3 9
19	19	23	3	-12	-39	0	Qxf6	r1bqk2r/p2p1pp1/1pn1pB1p/8/1bP5/3BPN2/PP1N1PPP/R2Q1RK1 b kq - 0 10
19	21	22	-2	-14	-33	0	Be7	r1b1k2r/p2p1pp1/1pn1pq1p/8/1bP5/P2BPN2/1P1N1PPP/R2Q1RK1 b kq - 0 11
19	23	22	218	2	-50	0	d5	r1b1k2r/p2pbpp1/1pn1pq1p/8/2P5/P2BPN2/1PQN1PPP/R4RK1 b kq - 2 12
19	25	22	4	-214	-99	0	exd5	r1b1k2r/p3bpp1/1pn1pq1p/3P4/8/P2BPN2/1PQN1PPP/R4RK1 b kq - 0 13
19	27	22	6	-115	-105	0	O-O	r1b1k2r/p3bpp1/1pn2q1p/3p4/4P3/P2B1N2/1PQN1PPP/R4RK1 b kq - 0 14
19	29	22	-2	-123	-108	0	Nd4	r1b2rk1/p3bpp1/1pn2q1p/3P4/8/P2B1N2/1PQN1PPP/R4RK1 b - - 0 15
19	31	21	-3	-123	-101	0	Qxd4	r1b2rk1/p3bpp1/1p3q1p/3P4/3N4/P2B4/1PQN1PPP/R4RK1 b - - 0 16
19	33	20	-2	-69	-124	0	Qf6	r1b2rk1/p3bpp1/1p5p/3P4/2Nq4/P2B4/1PQ2PPP/R4RK1 b - - 1 17
19	35	20	50	-60	-94	0	Bg4	r1b2rk1/p3bpp1/1p3q1p/3P4/2N5/P2B4/1PQ2PPP/3R1RK1 b - - 3 18
19	37	20	19	-86	-121	0	Rac8	r4rk1/p3bpp1/1p3q1p/3P4/2N3b1/P2B4/1PQ2PPP/4RRK1 b - - 5 19
19	39	20	14	-55	-107	0	Bc5	2r2rk1/p3bpp1/1p3q1p/3P4/Q1N3b1/P2B4/1P3PPP/4RRK1 b - - 7 20
19	41	20	8	-39	-104	0	Bf5	2r2rk1/p4pp1/1p3q1p/2bPN3/Q5b1/P2B4/1P3PPP/4RRK1 b - - 9 21
19	43	19	-1	-40	-85	0	Qxf5	2r2rk1/p4pp1/1p3q1p/2bPNB2/Q7/P7/1P3PPP/4RRK1 b - - 0 22
19	45	18	0	0	-48	0	Bd6	2r2rk1/p4pp1/1p5p/2bPNq2/QP6/P7/5PPP/4RRK1 b - b3 0 23
19	47	18	-4	0	-51	0	Rc2	2r2rk1/p4pp1/1p1b3p/3PNq2/QP3P2/P7/6PP/4RRK1 b - f3 0 24
19	49	18	0	0	-43	0	Bxe5	5rk1/Q4pp1/1p1b3p/3PNq2/1P3P2/P7/2r3PP/4RRK1 b - - 0 25
19	51	16	0	0	-35	0	Qg4	5rk1/Q4pp1/1p5p/3PPq2/1P6/P7/2r3PP/4RRK1 b - - 0 26
19	53	16	0	0	-26	0	Rxf2	5rk1/Q4pp1/1p5p/3PP3/1P4q1/P7/2r2RPP/4R1K1 b - - 2 27
19	55	12	0	0	-28	0	Rc8	5rk1/Q4pp1/1p5p/3PP3/1P4q1/P7/5KPP/4R3 b - - 0 28
19	57	12	380	380	-30	0	Qd4+	2r3k1/5pp1/1p5p/3PP3/QP4q1/P7/5KPP/4R3 b - - 2 29
19	59	12	0	0	-20	0	Qxd5	2r3k1/5pp1/1p5p/3PP3/QP1q4/P7/6PP/4RK2 b - - 4 30
19	61	12	0	0	-43	0	Qa2	2r3k1/5pp1/1p5p/3qP3/1P6/P7/6PP/3QRK2 b - - 1 31
19	63	12	2	0	-37	0	Rc2	2r3k1/5pp1/1p5p/4P3/1P6/P4Q2/q5PP/4RK2 b - - 3 32
19	65	12	-10	-10	-72	0	Kh7	Q5k1/5pp1/1p5p/4P3/1P6/P7/q1r3PP/4RK2 b - - 5 33
19	67	12	0	0	-72	0	g6	8/5ppk/1p5p/4P3/1P2Q3/P7/q1r3PP/4RK2 b - - 7 34
19	69	12	18	-2	-69	0	Qb2	8/5p1k/1p4pp/4P3/1P2Q3/P7/q1r3PP/4R1K1 b - - 1 35
19	71	12	0	0	-63	0	Rc1	8/5p1k/1p4pp/4P3/1P2Q3/P7/1qr3PP/5RK1 b - - 3 36
19	73	12	0	0	-54	0	Rxf1+	8/5p1k/1p4pp/4P3/1P6/P3Q3/1q4PP/2r2RK1 b - - 5 37
19	75	8	52	0	-77	0	Kg7	8/5p1k/1p4pp/4P3/1P6/P3Q3/1q4PP/5K2 b - - 0 38
19	77	8	0	0	-83	0	Qa1+	8/5pk1/1p4pp/4P3/1P5P/P3Q3/1q4P1/5K2 b - h3 0 39
19	79	8	107	0	-83	0	Kg8	8/5pk1/1p4pp/4P3/1P5P/P3Q3/5KP1/q7 b - - 2 40
19	81	8	-14	-16	-127	0	Kg7	6k1/5p2/1p4pp/4P3/1P5P/P3Q1K1/6P1/q7 b - - 4 41
19	83	8	-5	-5	-71	0	h5	8/5pk1/1p4pp/1P2P3/7P/P3Q1K1/6P1/q7 b - - 0 42
19	85	8	0	0	-63	0	Qb2	8/5pk1/1p4p1/1P2P2p/7P/P3Q3/6PK/q7 b - - 1 43
19	87	8	12	0	-71	0	Qxb5	8/5pk1/1p4p1/1P2P2p/5Q1P/P7/1q4PK/8 b - - 3 44
19	89	8	566	0	-55	0	Kf8	8/5pk1/1p3Qp1/1q2P2p/7P/P7/6PK/8 b - - 1 45
19	91	8	78	-641	-58	0	Qf5	5k2/5p2/1p2PQp1/1q5p/7P/P7/6PK/8 b - - 0 46
19	93	8	0	0	-32	0	Kg7	3Q1k2/5p2/1p2P1p1/5q1p/7P/P7/6PK/8 b - - 2 47
19	95	8	0	0	0	0	Qe5+	3Q4/4Ppk1/1p4p1/5q1p/7P/P7/6PK/8 b - - 0 48
19	97	8	0	0	0	0	Qe2+	3Q4/4Ppk1/1p4p1/4q2p/7P/P5P1/7K/8 b - - 0 49
19	99	8	0	0	0	0	Qe3+	3Q4/4Ppk1/1p4p1/7p/7P/P5P1/4q3/6K1 b - - 2 50
19	101	8	0	0	0	0	Qf3+	3Q4/4Ppk1/1p4p1/7p/7P/P3q1P1/8/5K2 b - - 4 51
19	103	8	0	0	0	0	Qxg3+	3Q4/4Ppk1/1p4p1/7p/7P/P4qP1/8/4K3 b - - 6 52
19	105	8	0	0	0	0	Qe5+	3Q4/4Ppk1/1p4p1/7p/7P/P5q1/4K3/8 b - - 1 53
19	107	8	0	0	0	0	Qf5+	3Q4/4Ppk1/1p4p1/4q2p/7P/P2K4/8/8 b - - 3 54
19	109	8	0	0	0	0	Qe4+	3Q4/4Ppk1/1p4p1/5q1p/7P/P7/4K3/8 b - - 5 55
19	111	8	0	0	0	0	Qf4+	3Q4/4Ppk1/1p4p1/7p/4q2P/P7/3K4/8 b - - 7 56
19	113	8	0	0	0	0	Qe3+	3Q4/4Ppk1/1p4p1/7p/5q1P/P1K5/8/8 b - - 9 57
19	115	8	0	0	0	0	Qc5+	3Q4/4Ppk1/1p4p1/7p/2K4P/P3q3/8/8 b - - 11 58
19	117	8	0	0	0	0	Qb5+	3Q4/4Ppk1/1p4p1/2q4p/7P/PK6/8/8 b - - 13 59
19	119	8	0	0	0	0	Qc5+	3Q4/4Ppk1/1p4p1/1q5p/7P/P1K5/8/8 b - - 15 60
19	121	8	0	0	0	0	Qf2+	3Q4/4Ppk1/1p4p1/2q4p/7P/P7/3K4/8 b - - 17 61
19	123	8	0	0	0	0	Qc5+	3Q4/4Ppk1/1p4p1/7p/7P/P1K5/5q2/8 b - - 19 62
19	125	8	0	0	0	0	Qe5+	3Q4/4Ppk1/1p4p1/2q4p/7P/P7/1K6/8 b - - 21 63
19	127	8	0	0	0	0	Qb5+	3Q4/4Ppk1/1p4p1/4q2p/7P/PK6/8/8 b - - 23 64
19	129	8	0	0	0	0	Qc5+	3Q4/4Ppk1/1p4p1/1q5p/7P/P1K5/8/8 b - - 25 65
20	16	24	-4	49	14	0	d5	r1b1qrk1/ppp2pbp/n2p1np1/4p1B1/2PPP3/2N3NP/PP3PP1/R2QKB1R w KQ e6 0 9
20	18	24	88	57	16	0	Bxf6	r1b1qrk1/ppp2pb1/n2p1npp/3Pp1B1/2P1P3/2N3NP/PP3PP1/R2QKB1R w KQ - 0 10
20	20	22	5	-29	15	0	Bd3	r1b1qrk1/ppp2p2/n2p1bpp/3Pp3/2P1P3/2N3NP/PP3PP1/R2QKB1R w KQ - 0 11
20	22	22	9	-32	11	0	O-O	r1b2rk1/ppp1qp2/n2p1bpp/3Pp3/2P1P3/2NB2NP/PP3PP1/R2QK2R w KQ - 2 12
20	24	22	-4	-29	9	0	a3	r4rk1/pppbqp2/n2p1bpp/3Pp3/2P1P3/2NB2NP/PP3PP1/R2Q1RK1 w - - 4 13
20	26	22	12	-23	11	0	Be2	r4rk1/pppbqp2/3p1bpp/2nPp3/2P1P3/P1NB2NP/1P3PP1/R2Q1RK1 w - - 1 14
20	28	22	-4	-33	7	0	b4	r4rk1/1ppbqp2/3p1bpp/p1nPp3/2P1P3/P1N3NP/1P2BPP1/R2Q1RK1 w - a6 0 15
20	30	22	-2	-28	25	0	axb4	r4rk1/1ppbqp2/3p1bpp/2nPp3/1pP1P3/P1N3NP/4BPP1/R2Q1RK1 w - - 0 16
20	32	20	1	-24	21	0	Qxa1	5rk1/1ppbqp2/3p1bpp/2nPp3/1PP1P3/2N3NP/4BPP1/r2Q1RK1 w - - 0 17
20	34	18	61	-25	22	0	Qa7	5rk1/1ppbqp2/3p1bpp/3Pp3/1PP1P3/1nN3NP/4BPP1/Q4RK1 w - - 1 18
20	36	18	28	-19	27	0	Rb1	2b2rk1/Qpp1qp2/3p1bpp/3Pp3/1PP1P3/1nN3NP/4BPP1/5RK1 w - - 3 19
20	38	18	-4	-47	26	0	Nb5	2b2rk1/Qpp1qp2/3p1bpp/3Pp3/1PPnP3/2N3NP/4BPP1/1R4K1 w - - 5 20
20	40	17	0	0	22	0	Nxe2	2b2rk1/Qpp1qp2/3p1bpp/1N1Pp3/1PP1P3/6NP/4nPP1/1R4K1 w - - 0 21
20	42	16	0	43	58	0	c5	2b2rk1/Qpp1qp2/3p1bp1/1N1Pp2p/1PP1P3/7P/4NPP1/1R4K1 w - - 0 22
20	44	16	-3	70	44	0	Nec3	2b2rk1/Qppq1p2/3p1bp1/1NPPp2p/1P2P3/7P/4NPP1/1R4K1 w - - 1 23
20	46	16	54	81	50	0	cxd6	2b2rk1/Qppqbp2/3p2p1/1NPPp2p/1P2P3/2N4P/5PP1/1R4K1 w - - 3 24
20	48	16	-5	108	58	0	Nxd6	2b2rk1/Qppq1p2/3b2p1/1N1Pp2p/1P2P3/2N4P/5PP1/1R4K1 w - - 0 25
20	50	14	-20	96	73	0	Nb5	2b2rk1/Qpp2p2/3q2p1/3Pp2p/1P2P3/2N4P/5PP1/1R4K1 w - - 0 26
20	52	14	1	473	187	0	Qxb6	2b2rk1/Qpp2p2/1q4p1/1N1Pp2p/1P2P3/7P/5PP1/1R4K1 w - - 2 27
20	54	6	-18	485	191	0	Rc1	2b2rk1/1p3p2/1p4p1/1N1Pp2p/1P2P3/7P/5PP1/1R4K1 w - - 0 28
20	56	6	-6	519	187	0	Rc7	2br2k1/1p3p2/1p4p1/1N1Pp2p/1P2P3/7P/5PP1/2R3K1 w - - 2 29
20	58	6	-23	537	229	0	Na7	2br2k1/1pR5/1p4p1/1N1Ppp1p/1P2P3/7P/5PP1/6K1 w - f6 0 30
20	60	6	9	570	227	0	Rxb7	3r2k1/NpRb4/1p4p1/3Ppp1p/1P2P3/7P/5PP1/6K1 w - - 2 31
20	62	6	-32	655	266	0	Nc6	3r2k1/NR1b4/1p4p1/3Pp2p/1P2p3/7P/5PP1/6K1 w - - 0 32
20	64	5	-3	696	282	0	dxc6	3r2k1/1R6/1pb3p1/3Pp2p/1P2p3/7P/5PP1/6K1 w - - 0 33
20	66	4	28	705	325	0	b5	2r3k1/1R6/1pP3p1/4p2p/1P2p3/7P/5PP1/6K1 w - - 1 34
20	68	4	26	718	308	0	Kf1	2r2k2/1R6/1pP3p1/1P2p2p/4p3/7P/5PP1/6K1 w - - 1 35
20	70	4	-55	706	343	0	Rh7	2r1k3/1R6/1pP3p1/1P2p2p/4p3/7P/5PP1/5K2 w - - 3 36
20	72	4	29	796	326	0	Rg7	2rk4/7R/1pP3p1/1P2p2p/4p3/7P/5PP1/5K2 w - - 5 37
20	74	4	225	816	328	0	Rxg6	3k4/2r3R1/1pP3p1/1P2p2p/4p3/7P/5PP1/5K2 w - - 7 38
20	76	4	-19	630	324	0	Ke2	3k4/5r2/1pP3R1/1P2p2p/4p3/7P/5PP1/5K2 w - - 1 39
20	78	4	-29	674	367	0	h4	8/2k2r2/1pP3R1/1P2p2p/4p3/7P/4KPP1/8 w - - 3 40
20	80	4	-34	708	397	0	Ke3	8/2k1r3/1pP3R1/1P2p2p/4p2P/8/4KPP1/8 w - - 1 41
20	82	4	-4	768	390	0	Re6	8/2k2r2/1pP3R1/1P2p2p/4p2P/4K3/5PP1/8 w - - 3 42
20	84	4	4	788	407	0	g3	8/2k5/1pP1R3/1P2pr1p/4p2P/4K3/5PP1/8 w - - 5 43
20	86	4	17	792	397	0	Kxe4	8/2k5/1pP1R3/1P2p2p/4p2P/4KrP1/5P2/8 w - - 1 44
20	88	4	-3	822	404	0	Rxe5	8/2k5/1pP1R3/1P2p2p/4K2P/6P1/5r2/8 w - - 0 45
20	90	4	25	840	444	0	Kf3	8/2k5/1pP5/1P2R2p/4K2P/6P1/6r1/8 w - - 1 46
20	92	4	-5	859	462	0	Rxh5	8/2k5/1pP5/1P2R2p/7P/5KP1/1r6/8 w - - 3 47
20	94	4	-23	874	454	0	Kg2	8/2k5/1pP5/1P5R/7P/1r3KP1/8/8 w - - 1 48
20	96	4	1	880	503	0	Kh3	8/2k5/1pP5/1P5R/7P/6P1/1r4K1/8 w - - 3 49
20	98	4	-26	893	488	0	Rf5	8/8/1pPk4/1P5R/7P/6PK/1r6/8 w - - 5 50
20	100	4	-68	844	514	0	Kg4	8/8/1pP1k3/1P3R2/7P/6PK/1r6/8 w - - 7 51
20	102	4	184	982	684	0	Rf4	8/8/1pP1k3/1P3R2/1r4KP/6P1/8/8 w - - 9 52
20	104	4	-6	848	755	0	Rc4	8/8/1pP1k3/1r6/5RKP/6P1/8/8 w - - 0 53
20	106	4	-15	873	757	0	c7	8/8/1pP5/1r1k4/2R3KP/6P1/8/8 w - - 2 54
20	108	2	-79	834	896	0	c8=Q+	8/2P5/1p6/1r6/2k3KP/6P1/8/8 w - - 0 55
20	110	6	5	918	1066	0	h5	2Q5/8/1p6/1r6/6KP/1k4P1/8/8 w - - 1 56
20	112	6	0	1000	1068	0	Kg5	2Q5/8/1p6/7P/1r4K1/1k4P1/8/8 w - - 1 57
20	114	6	0	1000	1617	0	h6	2Q5/8/8/1p4KP/1r6/1k4P1/8/8 w - - 0 58
20	116	6	0	1000	1660	0	h7	2Q5/8/7P/1p4K1/3r4/1k4P1/8/8 w - - 1 59
20	118	6	0	1000	1651	0	Kg6	2Q5/7P/8/1p1r2K1/8/1k4P1/8/8 w - - 1 60
20	120	6	0	1000	1872	0	Kg7	2Q5/7P/3r2K1/1p6/8/1k4P1/8/8 w - - 3 61
20	122	6	0	1000	2039	1	h8=Q	2Q5/6KP/8/1p6/3r4/1k4P1/8/8 w - - 5 62
20	124	10	0	1000	2387	1	Qe6	2Q4Q/6K1/8/1p6/2r5/1k4P1/8/8 w - - 1 63
20	126	10	0	1000	1000	1	Kf8	7Q/6K1/4Q3/8/1pr5/1k4P1/8/8 w - - 0 64
20	128	10	0	1000	1000	1	Qxc4+	5K1Q/8/4Q3/8/1pr5/6P1/2k5/8 w - - 2 65
21	17	24	18	-46	-8	0	h6	r1b1qrk1/ppp2pbp/n2p1np1/3Pp1B1/2P1P3/2N3NP/PP3PP1/R2QKB1R b KQ - 0 9
21	19	24	17	-58	2	0	h5	r1b1qrk1/ppp2pb1/n2p1npp/3Pp3/2P1P3/2N1B1NP/PP3PP1/R2QKB1R b KQ - 1 10
21	21	24	-7	-67	-13	0	h4	r1b1qrk1/ppp2pb1/n2p1np1/3Pp2p/2P1P3/2NBB1NP/PP3PP1/R2QK2R b KQ - 1 11
21	23	24	103	-53	-22	0	Qe7	r1b1qrk1/ppp2pb1/n2p1np1/3Pp3/2P1P2p/2NBB2P/PP2NPP1/R2QK2R b KQ - 1 12
21	25	24	94	-47	-23	0	Bd7	r1b2rk1/ppp1qpb1/n2p1np1/3Pp3/2P1P2p/2NBB2P/PP2NPP1/R2Q1RK1 b - - 3 13
21	27	24	48	-46	-22	0	Nc5	r4rk1/pppbqpb1/n2p1np1/3Pp3/2P1P2p/2NBB2P/PP2NPP1/2RQ1RK1 b - - 5 14
21	29	24	-3	-87	-11	0	a5	r4rk1/pppbqpb1/3p1np1/2nPp3/2P1P2p/2N1B2P/PPB1NPP1/2RQ1RK1 b - - 7 15
21	31	24	81	-89	-16	0	Rae8	r4rk1/1ppbqpb1/3p1np1/p1nPp1B1/2P1P2p/2N4P/PPB1NPP1/2RQ1RK1 b - - 1 16
21	33	24	49	-181	-10	0	c6	4rrk1/1ppbqpb1/3p1np1/p1nPp1B1/2P1P2p/P1N4P/1PB1NPP1/2RQ1RK1 b - - 0 17
21	35	24	48	-175	-22	0	Qd8	4rrk1/1p1bqpb1/2pp1np1/p1nPp1B1/2P1P2p/P1N4P/1PB1NPP1/2RQR1K1 b - - 1 18
21	37	24	1	-192	-31	0	Qc7	3qrrk1/1p1b1pb1/2pp1np1/p1nPp3/2P1P2B/P1N4P/1PB1NPP1/2RQR1K1 b - - 0 19
21	39	24	48	-212	-31	0	Kh8	4rrk1/1pqb1pb1/2pp1np1/p1nPp3/2P1P2B/P1N3NP/1PB2PP1/2RQR1K1 b - - 2 20
21	41	24	2	-174	-22	0	Nh7	4rr1k/1pqb1pb1/2pp1np1/p1nPp3/2P1P2B/P1N2QNP/1PB2PP1/2R1R1K1 b - - 4 21
21	43	24	-5	-109	-24	0	axb4	4rr1k/1pqb1pbn/2pp2p1/p1nPp3/1PP1P2B/P1N2QNP/2B2PP1/2R1R1K1 b - b3 0 22
21	45	24	-4	-99	-42	0	Na6	4rr1k/1pqb1pbn/2pp2p1/2nPp3/1PP1P2B/2N2QNP/2B2PP1/2R1R1K1 b - - 0 23
21	47	24	-10	-106	-29	0	bxc6	4rr1k/1pqb1pbn/n1Pp2p1/4p3/1PP1P2B/2N2QNP/2B2PP1/2R1R1K1 b - - 0 24
21	49	24	-1	-109	-17	0	Nc5	4rr1k/2qb1pbn/n1pp2p1/1P2p3/2P1P2B/2N2QNP/2B2PP1/2R1R1K1 b - - 0 25
21	51	24	42	-101	-2	0	Be6	4rr1k/2qb1pbn/2pp2p1/1Pn1p3/2P1P2B/2N1Q1NP/2B2PP1/2R1R1K1 b - - 2 26
21	53	24	115	-119	-2	0	Nd7	4rr1k/2q2pbn/2ppb1p1/1Pn1p3/N1P1P2B/4Q1NP/2B2PP1/2R1R1K1 b - - 4 27
21	55	24	2	-121	-11	0	Qb7	4rr1k/2qn1pbn/2ppb1p1/1P2p3/N1P1P2B/4Q2P/2B1NPP1/2R1R1K1 b - - 6 28
21	57	24	317	-69	-26	0	Qc7	4rr1k/1q1n1pbn/2ppb1p1/1P2p3/N1P1P2B/4Q2P/2B1NPP1/2RR2K1 b - - 8 29
21	59	24	6	-401	-81	0	Qb8	4rr1k/2qn1pbn/1Pppb1p1/4p3/N1P1P2B/4Q2P/2B1NPP1/2RR2K1 b - - 0 30
21	61	24	72	-287	-72	0	Nhf6	1q2rr1k/3n1pbn/1Pppb1p1/4p3/N1P1P2B/1Q5P/2B1NPP1/2RR2K1 b - - 2 31
21	63	24	3	-122	-49	0	exf4	1q2rr1k/3n1pb1/1Pppbnp1/4p3/N1P1PP1B/1Q5P/2B1N1P1/2RR2K1 b - f3 0 32
21	65	24	97	-145	-42	0	Bh6	1q2rr1k/3n1pb1/1Pppbnp1/8/N1P1PN1B/1Q5P/2B3P1/2RR2K1 b - - 0 33
21	67	24	-5	-225	-101	0	Ne5	1q2rr1k/3n1p2/1Pppbnpb/8/N1P1PN2/1Q4BP/2B3P1/2RR2K1 b - - 2 34
21	69	23	16	-215	-122	0	Rxe6	1q2rr1k/5p2/1PppNnpb/4n3/N1P1P3/1Q4BP/2B3P1/2RR2K1 b - - 0 35
21	71	22	185	-257	-132	0	Ned7	1q3r1k/5p2/1Ppprnpb/4n3/N1P1P3/1Q4BP/2B3P1/1R1R2K1 b - - 1 36
21	73	22	167	-413	-182	0	Nxe4	1q3r1k/3n1p2/1Ppprnpb/2P5/N3P3/1Q4BP/2B3P1/1R1R2K1 b - - 0 37
21	75	21	15	-600	-235	0	Rxe4	1q3r1k/3n1p2/1Pppr1pb/2P5/N3B3/1Q4BP/6P1/1R1R2K1 b - - 0 38
21	77	20	10	-615	-289	0	Qb7	1q3r1k/3n1p2/1PpB2pb/2P5/N3r3/1Q5P/6P1/1R1R2K1 b - - 0 39
21	79	18	1	-631	-285	0	Nxf8	5B1k/1q1n1p2/1Pp3pb/2P5/N3r3/1Q5P/6P1/1R1R2K1 b - - 0 40
21	81	17	27	-564	-302	0	Rxe1+	5n1k/1q3p2/1Pp3pb/2P5/N3r3/1Q5P/6P1/1R2R1K1 b - - 1 41
21	83	13	4	-596	-284	0	Ne6	5n1k/1q3p2/1Pp3pb/2P5/N7/1Q5P/6P1/4R1K1 b - - 0 42
21	85	13	20	-587	-286	0	Kg8	7k/1q3p2/1Pp1n1pb/2P5/N1Q5/7P/6P1/4R1K1 b - - 2 43
21	87	13	33	-623	-321	0	Qe7	6k1/1q3p2/1Pp1n1pb/2P5/2Q5/2N4P/6P1/4R1K1 b - - 4 44
21	89	13	-5	-676	-332	0	Nd8	6k1/4qp2/1Pp1n1pb/2P5/2Q1N3/7P/6P1/4R1K1 b - - 6 45
21	91	13	20	-649	-353	0	Kh7	3n2k1/4qp2/1Pp3pb/2P5/1Q2N3/7P/6P1/4R1K1 b - - 8 46
21	93	13	75	-693	-420	0	Nb7	3n4/4qp1k/1Pp3pb/2P5/1Q2N3/7P/6P1/4R2K b - - 10 47
21	95	13	50	-787	-577	0	Qd7	8/1n2qp1k/1PpN2pb/2P5/1Q6/7P/6P1/4R2K b - - 12 48
21	97	12	4	-870	-559	0	Qxb7	8/1N1q1p1k/1Pp3pb/2P5/1Q6/7P/6P1/4R2K b - - 0 49
21	99	11	83	-766	-528	0	Qa6	4R3/1q3p1k/1Pp3pb/2P5/1Q6/7P/6P1/7K b - - 1 50
21	101	11	257	-743	-584	1	Bg7	4R3/5p1k/qPp3pb/2P5/3Q4/7P/6P1/7K b - - 3 51
21	103	11	0	-1000	-1406	1	Bh6	4R3/5pbk/qPp3p1/2P5/7Q/7P/6P1/7K b - - 5 52
21	105	11	0	-1000	-1450	1	Bg7	4R3/5p1k/qPp2Qpb/2P5/8/7P/6P1/7K b - - 7 53
21	107	11	0	-1000	-1460	1	Qa1+	4R3/5Qbk/qPp3p1/2P5/8/7P/6P1/7K b - - 0 54
21	109	11	0	-1000	-1511	1	Qf6	4R3/5Qbk/1Pp3p1/2P5/8/7P/6PK/q7 b - - 2 55
21	111	7	0	-1000	-2043	1	Bxf6	4R3/6bk/1Pp2Qp1/2P5/8/7P/6PK/8 b - - 0 56
21	113	3	0	-1000	-1000	1	g5	4R3/1P5k/2p2bp1/2P5/8/7P/6PK/8 b - - 0 57
21	115	7	0	-1000	-1000	1	g4	1Q2R3/7k/2p2b2/2P3p1/8/7P/6PK/8 b - - 0 58
21	117	7	0	-1000	-1000	1	Bg7	1Q6/7k/2p1Rb2/2P5/6p1/7P/6PK/8 b - - 1 59
22	16	22	3	4	-15	0	e3	r1bq1rk1/pppp1pp1/5n1p/2b1p3/2P5/2NP1BP1/PP2PP1P/R1BQ1RK1 w - - 0 9
22	18	22	1	4	-12	0	d4	r1bq1rk1/ppp2pp1/3p1n1p/2b1p3/2P5/2NPPBP1/PP3P1P/R1BQ1RK1 w - - 0 10
22	20	22	2	0	0	0	Bg2	r1bq1rk1/ppp2pp1/1b1p1n1p/4p3/2PP4/2N1PBP1/PP3P1P/R1BQ1RK1 w - - 1 11
22	22	22	8	-1	11	0	a4	r1bqr1k1/ppp2pp1/1b1p1n1p/4p3/2PP4/2N1P1P1/PP3PBP/R1BQ1RK1 w - - 3 12
22	24	22	5	-7	9	0	Qd3	r1bqr1k1/1pp2pp1/1b1p1n1p/p3p3/P1PP4/2N1P1P1/1P3PBP/R1BQ1RK1 w - a6 0 13
22	26	22	22	-17	5	0	Bd2	r1b1r1k1/1pp1qpp1/1b1p1n1p/p3p3/P1PP4/2NQP1P1/1P3PBP/R1B2RK1 w - - 2 14
22	28	22	0	0	6	0	Qc2	r1b1r1k1/1pp1qpp1/1b1p1n1p/p7/P1PPp3/2NQP1P1/1P1B1PBP/R4RK1 w - - 0 15
22	30	22	22	22	6	0	Nd5	r3r1k1/1pp1qpp1/1b1p1n1p/p4b2/P1PPp3/2N1P1P1/1PQB1PBP/R4RK1 w - - 2 16
22	32	21	13	-3	12	0	cxd5	r3r1k1/1pp1qpp1/1b1p3p/p2n1b2/P1PPp3/4P1P1/1PQB1PBP/R4RK1 w - - 0 17
22	34	20	44	42	12	0	Rae1	3rr1k1/1pp1qpp1/1b1p3p/p2P1b2/P2Pp3/4P1P1/1PQB1PBP/R4RK1 w - - 1 18
22	36	20	-5	18	19	0	b4	3rr1k1/1pp1qpp1/1b1p3p/p2P4/P2Pp1b1/4P1P1/1PQB1PBP/4RRK1 w - - 3 19
22	38	20	5	26	13	0	Bxb4	3rr1k1/1pp1qpp1/1b1p3p/3P4/Pp1Pp1b1/4P1P1/2QB1PBP/4RRK1 w - - 0 20
22	40	20	-8	66	29	0	a5	3rr1k1/1pp1qpp1/1b1p3p/3P4/PB1Pp3/4PbP1/2Q2PBP/4RRK1 w - - 1 21
22	42	20	82	63	26	0	a6	3rr1k1/bpp1qpp1/3p3p/P2P4/1B1Pp3/4PbP1/2Q2PBP/4RRK1 w - - 1 22
22	44	20	18	-13	22	0	Ra1	3rr1k1/b1p1qpp1/p2p3p/3P4/1B1Pp3/4PbP1/2Q2PBP/4RRK1 w - - 0 23
22	46	20	-2	-15	20	0	Rxa6	3rr1k1/2p1qpp1/pb1p3p/3P4/1B1Pp3/4PbP1/2Q2PBP/R4RK1 w - - 2 24
22	48	20	15	-9	21	0	Qc4	3rr1k1/2pq1pp1/Rb1p3p/3P4/1B1Pp3/4PbP1/2Q2PBP/5RK1 w - - 1 25
22	50	20	31	-8	34	0	Re1	3rr1k1/2pq1p2/Rb1p3p/3P2p1/1BQPp3/4PbP1/5PBP/5RK1 w - g6 0 26
22	52	20	-9	-63	22	0	Qc6	3rr1k1/2pq1p2/Rb1p4/3P2pp/1BQPp3/4PbP1/5PBP/4R1K1 w - - 0 27
22	54	20	42	-37	10	0	h3	3rr1k1/2pq1p2/RbQp4/3P2p1/1B1Pp2p/4PbP1/5PBP/4R1K1 w - - 0 28
22	56	20	22	-9	35	0	fxg3	3rr1k1/2pq1p2/RbQp4/3P2p1/1B1Pp3/4PbpP/5PB1/4R1K1 w - - 0 29
22	58	20	21	-11	42	0	Bf1	2qrr1k1/2p2p2/RbQp4/3P2p1/1B1Pp3/4PbPP/6B1/4R1K1 w - - 1 30
22	60	20	0	0	47	0	h4	2qrr1k1/2p2p2/RbQp4/3P4/1B1Pp1p1/4PbPP/8/4RBK1 w - - 0 31
22	62	20	23	23	79	0	Bb5	2qr1rk1/2p2p2/RbQp4/3P4/1B1Pp1pP/4PbP1/8/4RBK1 w - - 1 32
22	64	20	22	28	106	0	Rea1	1q1r1rk1/2p2p2/RbQp4/1B1P4/1B1Pp1pP/4PbP1/8/4R1K1 w - - 3 33
22	66	20	38	38	138	0	Ba5	1q1r1r1k/2p2p2/RbQp4/1B1P4/1B1Pp1pP/4PbP1/8/R5K1 w - - 5 34
22	68	20	93	93	135	0	Qd7	1qr2r1k/2p2p2/RbQp4/BB1P4/3Pp1pP/4PbP1/8/R5K1 w - - 7 35
22	70	20	62	348	166	0	h5	1qr2rk1/2pQ1p2/Rb1p4/BB1P4/3Pp1pP/4PbP1/8/R5K1 w - - 9 36
22	72	20	402	834	204	0	Rb1	1qr2rk1/b1pQ1p2/R2p4/BB1P3P/3Pp1p1/4PbP1/8/R5K1 w - - 1 37
22	74	20	-39	789	295	0	Qf5	1qrr2k1/b1pQ1p2/R2p4/BB1P3P/3Pp1p1/4PbP1/8/1R4K1 w - - 3 38
22	76	20	0	1000	1112	0	h6	2rr2k1/bqp2p2/R2p4/BB1P1Q1P/3Pp1p1/4PbP1/8/1R4K1 w - - 5 39
22	78	20	0	1000	1268	0	Qg5	2rr1k2/bqp2p2/R2p3P/BB1P1Q2/3Pp1p1/4PbP1/8/1R4K1 w - - 1 40
22	80	18	0	1000	1000	1	h7	2rr1k2/b1p2p2/q2p3P/BB1P2Q1/3Pp1p1/4PbP1/8/1R4K1 w - - 0 41
22	82	18	0	1000	1000	1	exd4	2rr1k2/2p2p1P/q2p4/BB1P2Q1/3bp1p1/4PbP1/8/1R4K1 w - - 0 42
22	84	17	0	1000	1000	1	Qf6#	2rr1k2/2p4P/q2p4/BB1P1pQ1/3Pp1p1/5bP1/8/1R4K1 w - f6 0 43
23	17	22	17	13	44	0	d6	r1bq1rk1/pppp1pp1/5n1p/2b1p3/2P5/1QNP1BP1/PP2PP1P/R1B2RK1 b - - 1 9
23	19	22	4	15	43	0	Bh3	r1bq1rk1/ppp2pp1/3p1n1p/2b1p3/2P5/1QNP1BP1/PP1BPP1P/R4RK1 b - - 1 10
23	21	22	27	16	45	0	c6	r2q1rk1/ppp2pp1/3p1n1p/2b1p3/2P5/1QNP1BPb/PP1BPP1P/R3R1K1 b - - 3 11
23	23	22	-1	-14	81	0	Rb8	r2q1rk1/pQ3pp1/2pp1n1p/2b1p3/2P5/2NP1BPb/PP1BPP1P/R3R1K1 b - - 0 12
23	25	22	-1	-13	98	0	Rxb2	1r1q1rk1/p4pp1/2Qp1n1p/2b1p3/2P5/2NP1BPb/PP1BPP1P/R3R1K1 b - - 0 13
23	27	22	27	37	68	0	Bd7	3q1rk1/p4pp1/2Qp1n1p/2b1p3/2P5/2NP1BPb/Pr1BPP1P/3RR1K1 b - - 1 14
23	29	22	1	1	67	0	Bc8	3q1rk1/p2b1pp1/Q2p1n1p/2b1p3/2P5/2NP1BP1/Pr1BPP1P/3RR1K1 b - - 3 15
23	31	22	11	0	68	0	Bb7	2bq1rk1/p4pp1/2Qp1n1p/2b1p3/2P5/2NP1BP1/Pr1BPP1P/3RR1K1 b - - 5 16
23	33	22	75	-5	59	0	Rb4	3q1rk1/pb3pp1/3p1n1p/2b1p3/Q1P5/2NP1BP1/Pr1BPP1P/3RR1K1 b - - 7 17
23	35	22	-10	-82	5	0	Qb6	3q1rk1/pb3pp1/3p1n1p/2b1p3/1rP5/2NP1BP1/P1QBPP1P/3RR1K1 b - - 9 18
23	37	22	-8	-77	10	0	Rb2	5rk1/pb3pp1/1q1p1n1p/2b1p3/1rP5/2NP1BP1/P1QBPP1P/3R1RK1 b - - 11 19
23	39	22	2	-67	5	0	Bxf3	5rk1/pb3pp1/1q1p1n1p/2b1p3/2P5/2NP1BP1/Pr1BPP1P/2QR1RK1 b - - 13 20
23	41	20	-2	-74	-30	0	Qb7	5rk1/p4pp1/1q1p1n1p/2b1p3/2P5/2NP1PP1/Pr1B1P1P/2QR1RK1 b - - 0 21
23	43	20	-4	-80	-23	0	Bxe3	5rk1/pq3pp1/3p1n1p/2b1p3/2P5/2NPBPP1/Pr3P1P/2QR1RK1 b - - 2 22
23	45	18	23	-10	-31	0	Rd8	5rk1/pq3pp1/3p1n1p/4p3/2P5/2NPPPP1/Pr5P/2QR1RK1 b - - 0 23
23	47	18	3	-6	-32	0	Rxd2	3r2k1/pq3pp1/3p1n1p/4p3/2P5/2NPPPP1/Pr1R3P/2Q2RK1 b - - 2 24
23	49	14	-6	-6	-34	0	d5	3r2k1/pq3pp1/3p1n1p/4p3/2P5/2NPPPP1/P2Q3P/5RK1 b - - 0 25
23	51	14	0	0	-35	0	d4	3r2k1/pq3pp1/5n1p/2Ppp3/8/2NPPPP1/P2Q3P/5RK1 b - - 0 26
23	53	14	0	0	-11	0	Rxd4	3r2k1/pq3pp1/5n1p/2P1p3/3P4/2NP1PP1/P2Q3P/5RK1 b - - 0 27
23	55	14	31	7	-1	0	Ra4	6k1/pq3pp1/5n1p/2P1p3/3r4/3P1PP1/P2QN2P/5RK1 b - - 1 28
23	57	14	-5	-25	9	0	Qc6	6k1/pq3pp1/5n1p/2P1p3/r7/3P1PP1/P2QN2P/2R3K1 b - - 3 29
23	59	14	-2	-2	0	0	Rxa2	6k1/p4pp1/2q2n1p/2P1p3/r7/3PQPP1/P3N2P/2R3K1 b - - 5 30
23	61	14	0	0	25	0	Qa6	6k1/p4pp1/2q2n1p/2P1p3/3P4/4QPP1/r3N2P/2R3K1 b - - 0 31
23	63	14	15	0	16	0	Ra3	6k1/p4pp1/q4n1p/2P1p3/3P4/2N1QPP1/r6P/2R3K1 b - - 2 32
23	65	14	6	-7	6	0	Nd5	6k1/p4pp1/q4n1p/2P1P3/8/r1N1QPP1/7P/2R3K1 b - - 0 33
23	67	14	13	0	5	0	Nb4	6k1/p4pp1/q6p/2PnP3/8/r1N2PP1/3Q3P/2R3K1 b - - 2 34
23	69	14	-5	-5	42	0	Kh7	3Q2k1/p4pp1/q6p/2P1P3/1n6/r1N2PP1/7P/2R3K1 b - - 4 35
23	71	14	5	0	40	0	Qd3	8/p4ppk/q6p/2P1P3/1n1Q4/r1N2PP1/7P/2R3K1 b - - 6 36
23	73	14	0	0	0	0	Nc6	8/p4ppk/7p/2P1P3/1n3Q2/r1Nq1PP1/7P/2R3K1 b - - 8 37
23	75	14	0	0	0	0	Qxc3	8/p4ppk/2n4p/2P1P3/5Q2/r1Nq1PP1/7P/3R2K1 b - - 10 38
23	77	13	0	0	0	0	Kh8	8/p4ppk/2n4p/2P1PQ2/8/r1q2PP1/7P/3R2K1 b - - 1 39
23	79	13	0	0	0	0	Kh7	2Q4k/p4pp1/2n4p/2P1P3/8/r1q2PP1/7P/3R2K1 b - - 3 40
23	81	13	0	0	0	0	Kg8	8/p4ppk/2n4p/2P1PQ2/8/r1q2PP1/7P/3R2K1 b - - 5 41
23	83	13	0	0	0	0	Kh7	2Q3k1/p4pp1/2n4p/2P1P3/8/r1q2PP1/7P/3R2K1 b - - 7 42
24	16	24	24	65	27	0	Bg2	r1bqkb1r/4nppp/p1npp3/1p6/3NPPP1/2N1B3/PPP4P/R2QKB1R w KQkq b6 0 9
24	18	23	80	67	14	0	Bxd4	r1bqkb1r/4nppp/p2pp3/1p6/3nPPP1/2N1B3/PPP3BP/R2QK2R w KQkq - 0 10
24	20	22	58	25	-1	0	Be3	r1bqkb1r/4nppp/p2p4/1p2p3/3BPPP1/2N5/PPP3BP/R2QK2R w KQkq - 0 11
24	22	22	56	-31	-15	0	Na4	r1bqkb1r/4nppp/p2p4/4p3/1p2PPP1/2N1B3/PPP3BP/R2QK2R w KQkq - 0 12
24	24	22	8	-79	-21	0	Bxf4	r1bqkb1r/4nppp/p2p4/8/Np2PpP1/4B3/PPP3BP/R2QK2R w KQkq - 0 13
24	26	22	17	-73	-21	0	b3	r2qkb1r/3bnppp/p2p4/8/Np2PBP1/8/PPP3BP/R2QK2R w KQkq - 1 14
24	28	22	7	-89	-41	0	O-O	r2qkb1r/3b1ppp/p2p2n1/8/Np2PBP1/1P6/P1P3BP/R2QK2R w KQkq - 1 15
24	30	21	-3	-86	-54	0	Rxf4	r2qkb1r/3b1ppp/p2p4/8/Np2PnP1/1P6/P1P3BP/R2Q1RK1 w kq - 0 16
24	32	20	89	-110	0	0	a3	r2qk2r/3bbppp/p2p4/8/Np2PRP1/1P6/P1P3BP/R2Q2K1 w kq - 1 17
24	34	20	178	-162	-31	0	h3	r2qk2r/3bbppp/p2p4/8/N3PRP1/pP6/2P3BP/R2Q2K1 w kq - 0 18
24	36	20	8	-364	-72	0	Rxa3	r2q1rk1/3bbppp/p2p4/8/N3PRP1/pP5P/2P3B1/R2Q2K1 w - - 1 19
24	38	20	-17	-394	-73	0	Ra1	r4rk1/2qbbppp/p2p4/8/N3PRP1/RP5P/2P3B1/3Q2K1 w - - 1 20
24	40	20	102	-385	-93	0	Rf1	r4rk1/2qbbppp/p7/3p4/N3PRP1/1P5P/2P3B1/R2Q2K1 w - - 0 21
24	42	20	51	-476	-118	0	Rf5	r4rk1/2q1bppp/p7/1b1p4/N3P1P1/1P5P/2P3B1/R2Q1RK1 w - - 2 22
24	44	20	1	-160	-19	0	Kh1	r4rk1/q3bppp/p7/1b1p1R2/N3P1P1/1P5P/2P3B1/R2Q2K1 w - - 4 23
24	46	20	37	-185	-33	0	Bxe4	r4rk1/q3bppp/p7/1b3R2/N3p1P1/1P5P/2P3B1/R2Q3K w - - 0 24
24	48	20	193	-179	-22	0	Rb1	r4rk1/q4ppp/p4b2/1b3R2/N3B1P1/1P5P/2P5/R2Q3K w - - 1 25
24	50	20	242	-279	-45	0	Bd5	3r1rk1/q4ppp/p4b2/1b3R2/N3B1P1/1P5P/2P5/1R1Q3K w - - 3 26
24	52	19	91	-543	-99	0	Rxd5	5rk1/q4ppp/p4b2/1b1r1R2/N5P1/1P5P/2P5/1R1Q3K w - - 0 27
24	54	17	6	-664	-235	0	c4	5rk1/5ppp/p4b2/1b1R4/N5P1/1P2q2P/2P5/1R1Q3K w - - 1 28
24	56	17	7	-724	-347	0	Kg1	5rk1/5ppp/p4b2/1b1R4/N1P3P1/1P5q/8/1R1Q3K w - - 0 29
24	58	17	263	-737	-306	0	Kf2	5rk1/5ppp/p1b2b2/3R4/N1P3P1/1P5q/8/1R1Q2K1 w - - 2 30
24	60	17	0	-1000	-540	0	Nc5	4r1k1/5ppp/p1b2b2/3R4/N1P3P1/1P5q/5K2/1R1Q4 w - - 4 31
24	62	17	0	-1000	-1000	1	Qd3	4r1k1/5ppp/p1b5/2NR2b1/2P3P1/1P5q/5K2/1R1Q4 w - - 6 32
24	64	17	0	-1000	-1071	1	Ke2	4r1k1/5ppp/p1b5/2NR4/2P3P1/1P1Qb2q/5K2/1R6 w - - 8 33
24	66	17	0	-1000	-1270	1	Ke1	4r1k1/5ppp/p1b5/2NR4/2P3q1/1P1Qb3/4K3/1R6 w - - 0 34
24	68	17	0	-1000	-1157	1	Ke2	4r1k1/5ppp/p1b5/2NR4/2P5/1P1Qb3/8/1R2K1q1 w - - 2 35
24	70	16	0	-1000	-1699	1	Kd2	4r1k1/5ppp/p1b5/2bR4/2P5/1P1Q4/4K3/1R4q1 w - - 0 36
24	72	16	0	-1000	-1753	1	Kc2	4r1k1/5ppp/p1b5/3R4/1bP5/1P1Q4/3K4/1R4q1 w - - 2 37
24	74	16	0	-1000	-2156	1	Qd2	4r1k1/5ppp/p1b5/3R4/1bP5/1P1Q4/2K2q2/1R6 w - - 4 38
24	76	12	0	-1000	-2156	1	Rf1	4r1k1/5ppp/p1b5/3R4/2P5/1P6/2Kb1q2/1R6 w - - 0 39
25	17	24	59	-38	-29	0	h5	r1bqkb1r/4nppp/p1npp3/1p6/3NPPP1/2N1B3/PPP3BP/R2QK2R b KQkq - 1 9
25	19	24	21	-65	-4	0	Nxd4	r1bqkb1r/4npp1/p1npp3/1p5P/3NPP2/2N1B3/PPP3BP/R2QK2R b KQkq - 0 10
25	21	22	5	-36	-21	0	Nc6	r1bqkb1r/4npp1/p2pp3/1p5P/3BPP2/2N5/PPP3BP/R2QK2R b KQkq - 0 11
25	23	22	15	87	-19	0	Nxd4	r1bqkb1r/5pp1/p1npp3/1p5P/3BPP2/2N5/PPP3BP/R2Q1RK1 b kq - 2 12
25	25	20	-2	75	-11	0	Rxh5	r1bqkb1r/5pp1/p2pp3/1p5P/3QPP2/2N5/PPP3BP/R4RK1 b kq - 0 13
25	27	20	7	97	23	0	Bd7	r1bqkb2/5pp1/p2pp3/1p5r/3QPP2/2N5/PPP3BP/3R1RK1 b q - 1 14
25	29	20	-12	91	31	0	Rc8	r2qkb2/3b1pp1/p2pp3/1p5r/3QPP2/P1N5/1PP3BP/3R1RK1 b q - 0 15
25	31	20	-3	143	80	0	Rh4	2rqkb2/3b1pp1/p2pp3/1p5r/3QPP2/P1N2B2/1PP4P/3R1RK1 b - - 2 16
25	33	20	2	150	73	0	g6	2rqkb2/3b1pp1/p2pp3/1p6/4PP1r/P1N2B2/1PPQ3P/3R1RK1 b - - 4 17
25	35	20	110	144	79	0	a5	2rqkb2/3b1p2/p2pp1p1/1p6/4PP1r/P1N5/1PPQ2BP/3R1RK1 b - - 1 18
25	37	20	-9	99	72	0	Be7	2rqkb2/3b1p2/3pp1p1/pp6/4PP1r/P1N4P/1PPQ2B1/3R1RK1 b - - 0 19
25	39	20	61	142	83	0	Rb8	2rqk3/3bbp2/3pp1p1/pp6/4PP1r/P1N4P/1PPQ1RB1/3R2K1 b - - 2 20
25	41	20	62	80	79	0	a4	1r1qk3/3bbp2/3pp1p1/pp6/4PP1r/P6P/1PPQNRB1/3R2K1 b - - 4 21
25	43	20	39	118	87	0	Qc7	1r1qk3/3bbp2/3pp1p1/1p6/p3PP1r/P2Q3P/1PP1NRB1/3R2K1 b - - 1 22
25	45	20	2	142	122	0	e5	1r2k3/2qbbp2/3pp1p1/1p6/p2NPP1r/P2Q3P/1PP2RB1/3R2K1 b - - 3 23
25	47	20	-2	359	103	0	dxe5	1r2k3/2qbbp2/3p2p1/1p2P3/p2NP2r/P2Q3P/1PP2RB1/3R2K1 b - - 0 24
25	49	20	-17	350	121	0	Rh5	1r2k3/2qbbp2/6p1/1p2p3/p3P2r/P2Q1N1P/1PP2RB1/3R2K1 b - - 1 25
25	51	20	14	374	119	0	Rb6	1r2k3/2qbbp2/6p1/1p2p2r/p3P3/P2Q1N1P/1PP2RBK/3R4 b - - 3 26
25	53	20	-33	368	112	0	Be6	4k3/2qbbp2/1r4p1/1p2p2r/p3P3/P2Q1N1P/1PPR2BK/3R4 b - - 5 27
25	55	20	94	439	163	0	Rf5	4k3/2q1bp2/1r2b1p1/1p2p2r/p3P3/P1PQ1N1P/1P1R2BK/3R4 b - - 0 28
25	57	20	97	374	142	0	Rf4	4k3/2q1bp2/1r2b1p1/1p2pr2/p3P3/P1P1QN1P/1P1R2BK/3R4 b - - 2 29
25	59	20	179	410	154	0	Rc6	4k3/2q1bp2/1r2b1p1/1p2p3/p3Pr2/P1PRQN1P/1P4BK/3R4 b - - 4 30
25	61	20	51	369	175	0	Bb3	4k3/2q1bp2/2r1b1p1/1p2p3/p3Pr2/P1PR1N1P/1P4BK/3RQ3 b - - 6 31
25	63	20	78	345	144	0	Bd6	4k3/2q1bp2/2r3p1/1p2p3/p3Pr2/PbPR1N1P/1P1R2BK/4Q3 b - - 8 32
25	65	20	148	292	110	0	Kf8	4k3/2q2p2/2rb2p1/1p2p3/p3Pr2/PbPR3P/1P1R2BK/4Q1N1 b - - 10 33
25	67	20	-10	135	100	0	Rf6	5k2/2q2p2/2rb2p1/1p2p3/p3Pr2/PbPR3P/1P1RN1BK/4Q3 b - - 12 34
25	69	20	9	285	94	0	Rxf3	5k2/2q2p2/2rb1rp1/1p2p3/p3P3/PbP2R1P/1P1RN1BK/4Q3 b - - 14 35
25	71	16	163	309	91	0	Qb6	5k2/2q2p2/2rb2p1/1p2p3/p3P3/PbP2B1P/1P1RN2K/4Q3 b - - 0 36
25	73	16	-32	348	116	0	Bc5	5k2/5p2/1qrb2p1/1p2p3/p3P3/PbP2B1P/1P1RN2K/6Q1 b - - 2 37
25	75	16	-53	470	158	0	Rf6	5k2/5p2/1qr3p1/1pb1p1Q1/p3P3/PbP2B1P/1P1RN2K/8 b - - 4 38
25	77	16	-24	544	177	0	Be3	5k2/5p2/1q3rp1/1pb1p3/p3P3/PbP2B1P/1P1RN1QK/8 b - - 6 39
25	79	16	40	548	177	0	Ke8	5k2/3R1p2/1q3rp1/1p2p3/p3P3/PbP1bB1P/1P2N1QK/8 b - - 8 40
25	81	16	83	528	169	0	Bc4	4k3/5p2/1q3rp1/1p2p3/p3P3/PbPRbB1P/1P2N1QK/8 b - - 10 41
25	83	16	95	513	165	0	Be6	4k3/5p2/1q3rp1/1p2p3/p1b1P3/P1P1bB1P/1P2N1QK/3R4 b - - 12 42
25	85	16	80	515	160	0	Qd6	4k3/5p2/1q2brp1/1p2p3/p3P3/P1P1bB1P/1P2N1QK/5R2 b - - 14 43
25	87	16	59	451	168	0	Rf4	4k3/5p2/3qbrp1/1p2p3/p3P3/P1P1bBNP/1P4QK/5R2 b - - 16 44
25	89	16	-33	461	161	0	Qb6	4k3/5p2/3qb1p1/1p2p3/p3Pr2/P1P1bBNP/1P2Q2K/5R2 b - - 18 45
25	91	16	-20	501	157	0	Rh4	4k3/5p2/1q2b1p1/1p2p3/p3Pr2/P1P1bBNP/1P5K/4QR2 b - - 20 46
25	93	16	2	526	215	0	Bf4	4k3/5p2/1q2b1p1/1p2p3/p3P2r/P1P1b1NP/1P4BK/4QR2 b - - 22 47
25	95	16	-29	622	258	0	g5	4k3/5p2/1q2b1p1/1p2p3/p3Pb1r/P1P3NP/1P4BK/4Q2R b - - 24 48
25	97	16	-54	663	313	0	g4	4k3/5p2/1q2b3/1p2p1p1/p3Pb1r/P1P3NP/1P5K/4QB1R b - - 1 49
25	99	16	-8	766	372	0	Bc4	4k3/5p2/1q2b3/1p2p3/p3Pbpr/P1P3NP/1P4BK/4Q2R b - - 1 50
25	101	16	5	792	595	0	Qh6	4k3/5p2/1q6/1p2p3/p1b1Pbpr/P1P3NP/1P4BK/4QR2 b - - 3 51
25	103	15	-30	840	458	0	Qxf4	4k3/5p2/7q/1p2p3/p1b1PRpr/P1P3NP/1P4BK/4Q3 b - - 0 52
25	105	13	-14	880	469	0	gxh3	4k3/5p2/8/1p2p3/p1b1Pqpr/P1P3NP/1P4BK/6Q1 b - - 1 53
25	107	13	90	911	459	0	Qd2+	4k3/5p2/8/1p2p3/p1b1Pq1r/P1P3Np/1P5K/5BQ1 b - - 1 54
25	109	13	154	895	479	0	Bxf1	4k3/5p2/8/1p2p3/p1b1P2r/P1P3Np/1P1q4/5BQK b - - 3 55
25	111	11	-17	791	459	0	Qxb2	4k3/5p2/8/1p2p3/p3P2r/P1P3Np/1P1q4/5Q1K b - - 0 56
25	113	11	94	822	501	0	Rh7	4k3/5p2/8/1p2pN2/p3P2r/P1P4p/1q6/5Q1K b - - 1 57
25	115	11	-16	799	661	0	Kf8	4k3/5p1r/8/1p2pN2/p3P3/P1P4p/1q6/5QK1 b - - 3 58
25	117	11	11	879	696	0	Qc2	5k2/5p1r/8/1p2pN2/p3P3/P1P4p/1q6/5Q1K b - - 5 59
25	119	11	101	881	698	0	Rh4	5k2/5p1r/8/1p2p3/p3P3/P1P3Np/2q5/5Q1K b - - 7 60
25	121	11	23	795	564	0	Qxc3	5k2/5p2/8/1p2p3/p3P2r/P1P3Np/2q5/6QK b - - 9 61
25	123	11	-11	784	631	0	Ke8	5k2/5p2/8/1p2p3/p3P2r/P1q3Np/8/3Q3K b - - 1 62
25	125	11	-13	825	618	0	Qc1+	4k3/5p2/8/1p2p3/p3P2r/P1q3Np/4Q3/7K b - - 3 63
25	127	11	23	846	583	0	Kf8	4k3/5p2/8/1p2p3/p3P2r/P5Np/4Q2K/2q5 b - - 5 64
25	129	11	-15	874	581	0	Qc2+	5k2/5p2/8/1Q2p3/p3P2r/P5Np/7K/2q5 b - - 0 65
25	131	11	-25	975	698	0	Qxe2+	5k2/5p2/8/4p3/p3P2r/P5Np/2q1Q2K/8 b - - 2 66
25	133	3	0	1000	807	0	Rxe4	5k2/5p2/8/4p3/p3P2r/P6p/4N2K/8 b - - 0 67
25	135	3	0	1000	1404	0	Re3	5k2/5p2/8/4p3/p3r3/P6p/7K/6N1 b - - 1 68
25	137	3	0	1000	1591	0	Rxa3	5k2/5p2/8/4p3/p7/P3r2N/7K/8 b - - 0 69
25	139	3	0	1000	1627	0	Rc3	5k2/5p2/8/4p1N1/p7/r7/7K/8 b - - 1 70
25	141	3	0	1000	1660	0	Rc2+	5k2/5p2/8/4p3/p3N3/2r5/7K/8 b - - 3 71
25	143	3	0	1000	1745	0	a3	5k2/5p2/8/4p3/p3N3/6K1/2r5/8 b - - 5 72
25	145	3	0	1000	1797	0	a2	5k2/5p2/5N2/4p3/8/p5K1/2r5/8 b - - 1 73
25	147	3	0	1000	1000	1	Kg7	5k2/3N1p2/8/4p3/8/6K1/p1r5/8 b - - 1 74
25	149	3	0	1000	1000	1	a1=Q	8/5pk1/8/4N3/8/6K1/p1r5/8 b - - 0 75
25	151	7	0	1000	1000	1	Qf6	8/5pk1/8/8/8/5NK1/2r5/q7 b - - 1 76
26	16	24	45	45	-7	0	h3	r2q1rk1/pp2bppp/2npbn2/2pNp3/2P5/4P1P1/PP1PNPBP/R1BQ1RK1 w - - 6 9
26	18	24	-3	22	-19	0	g4	r4rk1/pp1qbppp/2npbn2/2pNp3/2P5/4P1PP/PP1PNPB1/R1BQ1RK1 w - - 1 10
26	20	24	-8	80	24	0	d4	3r1rk1/pp1qbppp/2npbn2/2pNp3/2P3P1/4P2P/PP1PNPB1/R1BQ1RK1 w - - 1 11
26	22	24	7	86	24	0	exd4	3r1rk1/pp1qbppp/2npbn2/3Np3/2Pp2P1/4P2P/PP2NPB1/R1BQ1RK1 w - - 0 12
26	24	24	4	88	46	0	Nxd4	3r1rk1/pp1qbppp/3pbn2/3Np3/2Pn2P1/7P/PP2NPB1/R1BQ1RK1 w - - 0 13
26	26	22	2	89	53	0	Qxd4	3r1rk1/pp1qbppp/3pbn2/3N4/2Pp2P1/7P/PP3PB1/R1BQ1RK1 w - - 0 14
26	28	22	79	226	65	0	Nb6	3r1rk1/1p1qbppp/p2pbn2/3N4/2PQ2P1/7P/PP3PB1/R1B2RK1 w - - 0 15
26	30	22	111	140	42	0	Re1	3r1rk1/1pq1bppp/pN1pbn2/8/2PQ2P1/7P/PP3PB1/R1B2RK1 w - - 2 16
26	32	22	-2	149	54	0	Bf4	3rr1k1/1pq1bppp/pN1pbn2/8/2PQ2P1/7P/PP3PB1/R1B1R1K1 w - - 4 17
26	34	22	-11	149	40	0	Nd5	3rr1k1/1pqnbppp/pN1pb3/8/2PQ1BP1/7P/PP3PB1/R3R1K1 w - - 6 18
26	36	21	55	161	32	0	Bxd5	3rr1k1/1pqnbppp/p2p4/3b4/2PQ1BP1/7P/PP3PB1/R3R1K1 w - - 0 19
26	38	20	47	149	60	0	Rad1	3rr1k1/1pq1bppp/pn1p4/3B4/2PQ1BP1/7P/PP3P2/R3R1K1 w - - 1 20
26	40	19	-12	94	68	0	Qxd5	3rr1k1/1pq1bppp/p2p4/3n4/2PQ1BP1/7P/PP3P2/3RR1K1 w - - 0 21
26	42	18	173	173	79	0	Bxd6	3rr1k1/2q1bppp/pp1p4/3Q4/2P2BP1/7P/PP3P2/3RR1K1 w - - 0 22
26	44	17	0	0	64	0	Rxe8+	3rr1k1/2q2ppp/pp1b4/3Q4/2P3P1/7P/PP3P2/3RR1K1 w - - 0 23
26	46	13	0	0	93	0	Qxd6	4r1k1/2q2ppp/pp1b4/3Q4/2P3P1/7P/PP3P2/3R2K1 w - - 0 24
26	48	12	2	2	93	0	Qxb6	4r1k1/5ppp/pp1Q4/8/2q3P1/7P/PP3P2/3R2K1 w - - 0 25
26	50	12	8	71	79	0	Rd8	4r1k1/5ppp/pQ6/8/6P1/7P/qP3P2/3R2K1 w - - 0 26
26	52	12	10	61	105	0	Kh2	3Rr1k1/5ppp/pQ6/8/6P1/7P/1P3P2/1q4K1 w - - 2 27
26	54	12	11	67	105	0	Rxe8+	3Rr1k1/5ppp/pQ6/8/6P1/7P/1P3P1K/4q3 w - - 4 28
26	56	8	10	76	99	0	Qxa6	4q1k1/5ppp/pQ6/8/6P1/7P/1P3P1K/8 w - - 0 29
26	58	8	-26	196	99	0	Kg2	6k1/5ppp/Q7/4q3/6P1/7P/1P3P1K/8 w - - 1 30
26	60	8	-3	230	88	0	Kg1	6k1/5ppp/Q7/3q4/6P1/7P/1P3PK1/8 w - - 3 31
26	62	8	-14	718	140	0	Qc8+	6k1/5pp1/Q7/3q3p/6P1/7P/1P3P2/6K1 w - h6 0 32
26	64	8	-15	780	150	0	Qf5+	2Q5/5ppk/8/3q3p/6P1/7P/1P3P2/6K1 w - - 2 33
26	66	4	-2	772	199	0	gxf5	8/5ppk/8/5q1p/6P1/7P/1P3P2/6K1 w - - 0 34
26	68	0	-2	820	216	0	b4	6k1/5pp1/8/5P1p/8/7P/1P3P2/6K1 w - - 1 35
26	70	0	-20	810	272	0	Kg2	5k2/5pp1/8/5P1p/1P6/7P/5P2/6K1 w - - 1 36
26	72	0	-29	886	282	0	Kg3	8/4kpp1/8/5P1p/1P6/7P/5PK1/8 w - - 3 37
26	74	0	215	959	293	0	f6	8/5pp1/3k4/5P1p/1P6/6KP/5P2/8 w - - 5 38
26	76	0	-57	876	967	0	Kh4	8/5p2/3k1p2/7p/1P6/6KP/5P2/8 w - - 0 39
26	78	0	0	1000	1042	0	Kxh5	8/5p2/3k4/5p1p/1P5K/7P/5P2/8 w - - 0 40
26	80	0	0	1000	1081	0	h4	8/5p2/8/4kp1K/1P6/7P/5P2/8 w - - 1 41
26	82	0	0	1000	1168	0	f4	8/5p2/5k2/5p1K/1P5P/8/5P2/8 w - - 1 42
26	84	0	0	1000	1227	0	Kg5	8/5p2/4k3/5p1K/1P3P1P/8/8/8 w - - 1 43
26	86	0	0	1000	1959	0	Kg6	8/8/4kp2/5pK1/1P3P1P/8/8/8 w - - 0 44
26	88	0	0	1000	1959	0	Kxf5	8/8/5pK1/3k1p2/1P3P1P/8/8/8 w - - 2 45
26	90	0	0	1000	2211	0	h5	8/8/5p2/5K2/1Pk2P1P/8/8/8 w - - 1 46
26	92	0	0	1000	2309	0	Kxf6	8/8/5p2/5K1P/1k3P2/8/8/8 w - - 0 47
26	94	0	0	1000	2309	1	f5	8/8/5K2/7P/5P2/2k5/8/8 w - - 1 48
26	96	0	0	1000	1000	1	Kg7	8/8/5K2/5P1P/8/1k6/8/8 w - - 1 49
27	17	24	-5	-26	-6	0	cxd4	r2q1rk1/pp2bppp/2npbn2/2pNp3/2PP4/4P1P1/PP2NPBP/R1BQ1RK1 b - d3 0 9
27	19	24	46	-22	-1	0	Bg4	r2q1rk1/pp2bppp/2npbn2/3Np3/2PP4/6P1/PP2NPBP/R1BQ1RK1 b - - 0 10
27	21	24	12	-29	1	0	Bf5	r2q1rk1/pp2bppp/2np1n2/3Np3/2PP2b1/5PP1/PP2N1BP/R1BQ1RK1 b - - 0 11
27	23	23	2	-40	18	0	Qxe7	r2q1rk1/pp2Nppp/2np1n2/4pb2/2PP4/5PP1/PP2N1BP/R1BQ1RK1 b - - 0 12
27	25	22	-6	-43	33	0	Bg6	r4rk1/pp2qppp/2np1n2/4pb2/2PP2P1/5P2/PP2N1BP/R1BQ1RK1 b - - 0 13
27	27	22	6	-7	33	0	Nd7	r4rk1/pp2qppp/2np1nb1/4p1P1/2PP4/5P2/PP2N1BP/R1BQ1RK1 b - - 0 14
27	29	22	-3	0	37	0	Bh5	r4rk1/pp1nqppp/2np2b1/4p1P1/2PP1P2/8/PP2N1BP/R1BQ1RK1 b - - 0 15
27	31	21	2	162	39	0	bxc6	r4rk1/pp1nqppp/2Bp4/4p1Pb/2PP1P2/8/PP2N2P/R1BQ1RK1 b - - 0 16
27	33	20	-33	179	75	0	dxe5	r4rk1/p2nqppp/2pp4/4P1Pb/2PP4/8/PP2N2P/R1BQ1RK1 b - - 0 17
27	35	20	37	244	68	0	Bg4	r4rk1/p2nqppp/2p5/4p1Pb/2PP4/8/PP1QN2P/R1B2RK1 b - - 1 18
27	37	20	-10	227	65	0	Rae8	r4rk1/p2nqppp/2p5/4p1P1/2PP2b1/6N1/PP1Q3P/R1B2RK1 b - - 3 19
27	39	20	156	263	103	0	exd4	4rrk1/p2nqppp/2p5/4p1P1/2PP2b1/1P4N1/P2Q3P/R1B2RK1 b - - 0 20
27	41	20	-3	112	92	0	Bh3	4rrk1/p2nqppp/2p5/6P1/2PQ2b1/1P4N1/P6P/R1B2RK1 b - - 0 21
27	43	20	22	93	82	0	c5	4rrk1/p2nqppp/2p5/6P1/2PQ4/1P4Nb/P4R1P/R1B3K1 b - - 2 22
27	45	20	-6	97	92	0	Qe1+	4rrk1/p2nqppp/8/2p3P1/2P5/1PQ3Nb/P4R1P/R1B3K1 b - - 1 23
27	47	16	3	104	81	0	Rxe1+	4rrk1/p2n1ppp/8/2p3P1/2P5/1P4Nb/P4R1P/R1B1Q1K1 b - - 0 24
27	49	12	9	116	92	0	Rfe8	5rk1/p2n1ppp/8/2p3P1/2P5/1P5b/P4R1P/R1B1rNK1 b - - 1 25
27	51	12	11	114	79	0	R1e4	4r1k1/p2n1ppp/8/2p3P1/2P5/1P5b/PB3R1P/R3rNK1 b - - 3 26
27	53	12	78	114	81	0	Bg4	4r1k1/p2n1ppp/8/2p3P1/2P1r3/1P3R1b/PB5P/R4NK1 b - - 5 27
27	55	12	51	119	82	0	Ne5	4r1k1/p2n1ppp/8/2p3P1/2P1r1b1/1P6/PB3R1P/R4NK1 b - - 7 28
27	57	12	6	68	84	0	Re3	4r1k1/p4ppp/8/2p1n1P1/2P1r1b1/1P4N1/PB3R1P/R5K1 b - - 9 29
27	59	11	1	65	72	0	R8xe5	4r1k1/p4ppp/8/2p1B1P1/2P3b1/1P2r1N1/P4R1P/R5K1 b - - 0 30
27	61	10	10	56	60	0	Kf8	6k1/p4ppp/8/2p1r1P1/2P3b1/1P2r1N1/P2R3P/R5K1 b - - 1 31
27	63	10	2	37	56	0	Ke7	3R1k2/p4ppp/8/2p1r1P1/2P3b1/1P2r1N1/P6P/R5K1 b - - 3 32
27	65	10	2	31	60	0	Rxg5	R7/p3kppp/8/2p1r1P1/2P3b1/1P2r1N1/P6P/R5K1 b - - 5 33
27	67	10	-4	25	57	0	Kf6	8/R3kppp/8/2p3r1/2P3b1/1P2r1N1/P6P/R5K1 b - - 0 34
27	69	10	-4	19	46	0	Bf3	8/R4ppp/5k2/2p3r1/2P3b1/1P2r1N1/P6P/5RK1 b - - 2 35
27	71	10	-4	23	34	0	Rge5	8/R4ppp/5k2/2p3r1/2P5/1P2rbN1/P4K1P/5R2 b - - 4 36
27	73	10	4	10	53	0	Kg5	8/5ppp/R4k2/2p1r3/2P5/1P2rbN1/P4K1P/5R2 b - - 6 37
27	75	10	0	0	47	0	Kg6	8/R4ppp/8/2p1r1k1/2P5/1P2rbN1/P4K1P/5R2 b - - 8 38
27	77	10	15	78	25	0	f6	8/5ppp/R5k1/2p1r3/2P5/1P2rbN1/P4K1P/5R2 b - - 10 39
27	79	10	-46	74	35	0	Rd3	8/6pp/R4pk1/2p1r3/2P5/1P2rbN1/P4K1P/6R1 b - - 1 40
27	81	10	-4	419	100	0	Bb7	8/6pp/R4pk1/2p1r3/2P5/1P1r1bNP/P4K2/6R1 b - - 0 41
27	83	10	-21	446	113	0	Kf7	8/1b4pp/R4pk1/2p1r3/2P5/1P1r3P/P3NK2/6R1 b - - 2 42
27	85	10	-2	474	120	0	Rf3+	8/Rb3kpp/5p2/2p1r3/2P5/1P1r3P/P3NK2/6R1 b - - 4 43
27	87	10	-1	498	140	0	Re7	8/Rb3kpp/5p2/2p1r3/2P5/1P3r1P/P3N3/4K1R1 b - - 6 44
27	89	10	21	507	136	0	Rxb3	8/Rb2rkpp/5p2/2p5/2P5/1P3r1P/P3N3/4K2R b - - 8 45
27	91	8	-20	509	148	0	Bxh1	8/Rb2rkpp/5p2/2p5/2P5/1P5P/4N3/4K2R b - - 0 46
27	93	4	-13	530	151	0	Kxe7	8/4Rkpp/5p2/2p5/2P5/1P5P/4N3/4K2b b - - 0 47
27	95	2	-25	562	149	0	g5	8/4k1pp/5p2/2p5/2P4P/1P6/4N3/4K2b b - - 0 48
27	97	2	20	620	216	0	Bf3	8/4k2p/5p2/2p3pP/2P5/1P6/4N3/4K2b b - - 0 49
27	99	2	-24	656	258	0	Kd6	8/4k2p/5p2/2p3pP/2P5/1P3bN1/8/4K3 b - - 2 50
27	101	2	77	695	277	0	g4	8/7p/3k1p2/2p3pP/2P5/1P3bN1/5K2/8 b - - 4 51
27	103	2	-10	677	330	0	Ke5	8/7p/3k1p1P/2p5/2P3p1/1P3bN1/5K2/8 b - - 0 52
27	105	2	-8	772	389	0	Bd1	8/7p/5p1P/2p1k3/2P3p1/1P3bN1/8/6K1 b - - 2 53
27	107	2	-46	785	443	0	Bxb3	8/7p/5p1P/2p1k3/2P3p1/1P6/8/3b1NK1 b - - 4 54
27	109	2	-24	840	443	0	Bc2	8/7p/5p1P/2p1k3/2P3p1/1b6/3N4/6K1 b - - 1 55
27	111	2	4	931	478	0	f5	8/7p/5p1P/2p1k3/2P3p1/8/2bN1K2/8 b - - 3 56
27	113	2	4	1000	490	0	Bd1	8/7p/7P/2p1kp2/2P3p1/6K1/2bN4/8 b - - 1 57
27	115	2	-56	944	518	0	f4+	8/7p/7P/2p1kp2/2P3p1/6K1/8/1N1b4 b - - 3 58
27	117	2	0	1000	518	0	Bc2	8/7p/7P/2p1k3/2P2pp1/8/6K1/1N1b4 b - - 1 59
27	119	2	0	1000	557	0	Kf5	8/7p/7P/2p1k3/2P2pp1/8/2bN2K1/8 b - - 3 60
27	121	2	0	1000	617	1	g3	8/7p/7P/2p2k2/2P2pp1/8/2b3K1/5N2 b - - 5 61
27	123	2	0	1000	611	1	Ke4	8/7p/7P/2p2k2/2P2p2/6pK/2b5/5N2 b - - 1 62
27	125	2	0	1000	638	1	fxg3	8/7p/7P/2p5/2P1kp2/6NK/2b5/8 b - - 0 63
27	127	1	0	1000	1699	1	Bd3	8/7p/7P/2p5/2P1k3/6K1/2b5/8 b - - 0 64
27	129	1	0	1000	1000	1	Bxc4	8/7p/7P/2p5/2P1k3/3b4/5K2/8 b - - 2 65
27	131	1	0	1000	1000	1	Kd3	8/7p/7P/2p5/2b1k3/8/8/4K3 b - - 1 66
27	133	1	0	1000	1000	1	Ba6	8/7p/7P/2p5/2b5/3k4/8/3K4 b - - 3 67
27	135	1	0	1000	1000	1	c4	8/7p/b6P/2p5/8/3k4/8/2K5 b - - 5 68
27	137	1	0	1000	1000	1	c3+	8/7p/b6P/8/2p5/3k4/1K6/8 b - - 1 69
27	139	1	0	1000	1000	1	c2	8/7p/b6P/8/8/2pk4/K7/8 b - - 1 70
28	16	20	37	39	37	0	Na3	r2qk2r/pp2ppbp/2p2np1/2p5/4P3/3P1Q1P/PPPB1PP1/RN2K2R w KQkq - 2 9
28	18	20	-1	8	37	0	Nc4	r2q1rk1/pp2ppbp/2p2np1/2p5/4P3/N2P1Q1P/PPPB1PP1/R3K2R w KQ - 4 10
28	20	20	-10	18	37	0	Na5	r2q1rk1/p3ppbp/2p2np1/1pp5/2N1P3/3P1Q1P/PPPB1PP1/R3K2R w KQ b6 0 11
28	22	20	-1	26	54	0	O-O	r4rk1/p3ppbp/1qp2np1/Npp5/4P3/3P1Q1P/PPPB1PP1/R3K2R w KQ - 2 12
28	24	20	3	22	46	0	Rab1	r4rk1/p2nppbp/1qp3p1/Npp5/4P3/3P1Q1P/PPPB1PP1/R4RK1 w - - 4 13
28	26	20	53	57	43	0	Qg3	3r1rk1/p2nppbp/1qp3p1/Npp5/4P3/3P1Q1P/PPPB1PP1/1R3RK1 w - - 6 14
28	28	20	17	28	37	0	Qg5	3r1rk1/p2npp1p/1qp3p1/Npp1b3/4P3/3P2QP/PPPB1PP1/1R3RK1 w - - 8 15
28	30	20	27	69	79	0	Qxe7	3r1rk1/3npp1p/pqp3p1/Npp1b1Q1/4P3/3P3P/PPPB1PP1/1R3RK1 w - - 0 16
28	32	20	99	190	82	0	Qg5	3r1rk1/3nQp1p/pqp3p1/Npp5/3bP3/3P3P/PPPB1PP1/1R3RK1 w - - 1 17
28	34	20	-12	182	108	0	Nb3	3r1rk1/3n1p1p/pqp3p1/Npp1b1Q1/4P3/3P3P/PPPB1PP1/1R3RK1 w - - 3 18
28	36	20	84	290	116	0	a3	3r1rk1/3n1p1p/pqp3p1/2p1b1Q1/1p2P3/1N1P3P/PPPB1PP1/1R3RK1 w - - 0 19
28	38	20	-5	268	142	0	Qg3	3r1rk1/3n1p1p/pqp2bp1/2p3Q1/1p2P3/PN1P3P/1PPB1PP1/1R3RK1 w - - 1 20
28	40	20	145	314	156	0	axb4	3rr1k1/3n1p1p/pqp2bp1/2p5/1p2P3/PN1P2QP/1PPB1PP1/1R3RK1 w - - 3 21
28	42	20	36	192	146	0	Bf4	3rr1k1/3n1p1p/pqp2bp1/8/1p2P3/1N1P2QP/1PPB1PP1/1R3RK1 w - - 0 22
28	44	20	90	171	154	0	Ra1	3rr1k1/3n1p1p/p1p2bp1/1q6/1p2PB2/1N1P2QP/1PP2PP1/1R3RK1 w - - 2 23
28	46	20	2	72	167	0	Ra5	3rr1k1/3n1p1p/p1p3p1/1q6/1p2PB2/1N1P2QP/1bP2PP1/R4RK1 w - - 0 24
28	48	20	22	69	165	0	h4	3rr1k1/1q1n1p1p/p1p3p1/R7/1p2PB2/1N1P2QP/1bP2PP1/5RK1 w - - 2 25
28	50	20	20	89	155	0	Rf5	2r1r1k1/1q1n1p1p/p1p3p1/R7/1p2PB1P/1N1P2Q1/1bP2PP1/5RK1 w - - 1 26
28	52	20	3	55	228	0	h5	2r1r1k1/1q1n1pbp/p1p3p1/5R2/1p2PB1P/1N1P2Q1/2P2PP1/5RK1 w - - 3 27
28	54	20	47	96	220	0	h6	2r1r1k1/3n1pbp/pqp3p1/5R1P/1p2PB2/1N1P2Q1/2P2PP1/5RK1 w - - 1 28
28	56	20	16	125	214	0	Na5	2r1r1k1/3n1p1p/pqp2bpP/5R2/1p2PB2/1N1P2Q1/2P2PP1/5RK1 w - - 1 29
28	58	20	6	136	230	0	Nc4	2r1r1k1/3n1p1p/p1p2bpP/N4R2/1p1qPB2/3P2Q1/2P2PP1/5RK1 w - - 3 30
28	60	20	-18	196	224	0	Ra5	2r1r1k1/3nbp1p/p1p3pP/5R2/1pNqPB2/3P2Q1/2P2PP1/5RK1 w - - 5 31
28	62	20	129	277	240	0	Rc1	r3r1k1/3nbp1p/p1p3pP/R7/1pNqPB2/3P2Q1/2P2PP1/5RK1 w - - 7 32
28	64	20	63	165	237	0	Re1	r3r1k1/3nbp1p/p5pP/R1p5/1pNqPB2/3P2Q1/2P2PP1/2R3K1 w - - 0 33
28	66	20	5	108	190	0	Re2	r3r1k1/3nbp1p/p5pP/R1p5/1pN1PB2/2qP2Q1/2P2PP1/4R1K1 w - - 2 34
28	68	20	33	100	208	0	e5	r3r1k1/3nbp1p/p4qpP/R1p5/1pN1PB2/3P2Q1/2P1RPP1/6K1 w - - 4 35
28	70	20	59	59	203	0	Re3	r3r1k1/3nbp1p/p1q3pP/R1p1P3/1pN2B2/3P2Q1/2P1RPP1/6K1 w - - 1 36
28	72	20	-46	234	161	0	Nd6	r3r1k1/4bp1p/pnq3pP/R1p1P3/1pN2B2/3PR1Q1/2P2PP1/6K1 w - - 3 37
28	74	20	294	349	202	0	Nf5	r2r2k1/4bp1p/pnqN2pP/R1p1P3/1p3B2/3PR1Q1/2P2PP1/6K1 w - - 5 38
28	76	20	25	67	172	0	Re1	r2r2k1/4bp1p/p1q3pP/R1pnPN2/1p3B2/3PR1Q1/2P2PP1/6K1 w - - 7 39
28	78	20	28	39	155	0	Bg5	r2r1bk1/5p1p/p1q3pP/R1pnPN2/1p3B2/3P2Q1/2P2PP1/4R1K1 w - - 9 40
28	80	20	-47	556	149	0	exf6	r2r1bk1/7p/p1q2ppP/R1pnPNB1/1p6/3P2Q1/2P2PP1/4R1K1 w - - 0 41
28	82	19	-15	711	157	0	Rxc5	r2r1bk1/7p/p1q2P1P/R1pn1pB1/1p6/3P2Q1/2P2PP1/4R1K1 w - - 0 42
28	84	19	736	1000	167	0	Ra5	r2r1bk1/1q5p/p4P1P/2Rn1pB1/1p6/3P2Q1/2P2PP1/4R1K1 w - - 1 43
28	86	19	-30	311	182	0	f7	r2r1b1k/1q5p/p4P1P/R2n1pB1/1p6/3P2Q1/2P2PP1/4R1K1 w - - 3 44
28	88	19	-22	363	190	0	Qe5+	r2r1b1k/5q1p/p6P/R2n1pB1/1p6/3P2Q1/2P2PP1/4R1K1 w - - 0 45
28	90	19	-10	391	183	0	Bxd8	r2r1bk1/5q1p/p6P/R2nQpB1/1p6/3P4/2P2PP1/4R1K1 w - - 2 46
28	92	16	-19	392	200	0	Rxa6	3r1bk1/5q1p/p6P/R2nQp2/1p6/3P4/2P2PP1/4R1K1 w - - 0 47
28	94	16	-8	469	204	0	Re6	2r2bk1/5q1p/R6P/3nQp2/1p6/3P4/2P2PP1/4R1K1 w - - 1 48
28	96	16	208	482	261	0	g4	3r1bk1/5q1p/4R2P/3nQp2/1p6/3P4/2P2PP1/4R1K1 w - - 3 49
28	98	16	146	564	258	0	gxf5	3r1bk1/3q3p/4R2P/3nQp2/1p4P1/3P4/2P2P2/4R1K1 w - - 1 50
28	100	16	-74	770	559	0	Re4	2r2bk1/3q3p/4R2P/3nQP2/1p6/3P4/2P2P2/4R1K1 w - - 1 51
28	102	16	7	844	502	0	Rxh6	2r3k1/3q3p/4R2b/3nQP2/1p2R3/3P4/2P2P2/6K1 w - - 0 52
28	104	15	244	926	583	0	Qxg7+	2r3k1/6qp/7R/3nQP2/1p2R3/3P4/2P2P2/6K1 w - - 1 53
28	106	7	-1	683	585	0	Rd6	2r5/6kp/7R/3n1P2/1p2R3/3P4/2P2P2/6K1 w - - 0 54
28	108	7	-2	692	586	0	Rxb4	2r5/6kp/3R1n2/5P2/1p2R3/3P4/2P2P2/6K1 w - - 2 55
28	110	7	-11	699	582	0	c4	8/2r3kp/3R1n2/5P2/1R6/3P4/2P2P2/6K1 w - - 1 56
28	112	7	-3	716	594	0	Kg2	8/2r2k1p/3R1n2/5P2/1RP5/3P4/5P2/6K1 w - - 1 57
28	114	7	12	742	600	0	Rbb6	8/2r2k2/3R1n2/5P1p/1RP5/3P4/5PK1/8 w - h6 0 58
28	116	7	23	772	641	0	Rb5	8/2rn1k2/1R1R4/5P1p/2P5/3P4/5PK1/8 w - - 2 59
28	118	7	21	760	685	0	Kh3	8/2r2k2/3R4/1Rn2P1p/2P5/3P4/5PK1/8 w - - 4 60
28	120	7	-10	769	723	0	Kh4	8/2rn1k2/3R4/1R3P1p/2P5/3P3K/5P2/8 w - - 6 61
28	122	7	-20	785	749	0	Kg5	8/2r2k2/3R1n2/1R3P1p/2P4K/3P4/5P2/8 w - - 8 62
28	124	7	-23	828	758	0	f3	8/2r2k2/3R4/1R3PKp/2P3n1/3P4/5P2/8 w - - 10 63
28	126	7	50	915	806	0	c5	8/2r2k2/3R4/1R3PKp/2P5/3P1P2/5n2/8 w - - 1 64
28	128	7	-76	924	846	0	Kxh5	8/2r2k2/3R4/1RP2PKp/8/3P1P1n/8/8 w - - 1 65
28	130	7	0	1000	1008	1	Kg4	8/2r2k2/3R4/1RP2P1K/5n2/3P1P2/8/8 w - - 1 66
28	132	7	0	1000	1017	1	c6	8/2r2k2/3R4/1RP2P2/6K1/3P1P2/6n1/8 w - - 3 67
28	134	7	0	1000	1177	1	Kg5	2r5/5k2/2PR4/1R3P2/6K1/3P1P2/6n1/8 w - - 1 68
28	136	7	0	1000	1000	1	Rd7+	2r5/5k2/2PR4/1R3PK1/8/3P1P2/8/4n3 w - - 3 69
28	138	7	0	1000	1000	1	Re5+	2r1k3/3R4/2P5/1R3PK1/8/3P1P2/8/4n3 w - - 5 70
28	140	7	0	1000	1000	1	c7	2r2k2/3R4/2P5/4RPK1/8/3P1P2/8/4n3 w - - 7 71
28	142	7	0	1000	1000	1	Kf6	2r2k2/2PR4/8/4RPK1/8/3n1P2/8/8 w - - 0 72
28	144	7	0	1000	1000	1	Rd8+	2r3k1/2PR4/5K2/4RP2/8/3n1P2/8/8 w - - 2 73
28	146	7	0	1000	1000	1	Re7+	2rR4/2P4k/5K2/4RP2/8/3n1P2/8/8 w - - 4 74
28	148	7	0	1000	1000	1	Rxc8	2rR4/2P1R3/5K1k/5P2/8/3n1P2/8/8 w - - 6 75
28	150	5	0	1000	1000	1	Rh8#	2R5/2P1R3/5K1k/5P2/5n2/5P2/8/8 w - - 1 76
29	17	20	18	-28	-25	0	e5	r2qk2r/pp2ppbp/2p2np1/2p5/4P3/3P1Q1P/PPPB1PP1/RN3RK1 b kq - 3 9
29	19	20	11	-29	-7	0	Qc7	r2qk2r/pp3pbp/2p2np1/2p1p3/4P3/2BP1Q1P/PPP2PP1/RN3RK1 b kq - 1 10
29	21	20	9	-38	-16	0	O-O	r3k2r/ppq2pbp/2p2np1/2p1p3/4P3/2BP1Q1P/PPPN1PP1/R4RK1 b kq - 3 11
29	23	20	9	-32	-2	0	Rae8	r4rk1/ppq2pbp/2p2np1/2p1p3/4P3/2BP1Q1P/PPPN1PP1/3R1RK1 b - - 5 12
29	25	20	5	-26	-1	0	Nh5	4rrk1/ppq2pbp/2p2np1/2p1p3/4P3/2BP1Q1P/PPPN1PP1/3RR1K1 b - - 7 13
29	27	20	20	-28	-6	0	h6	4rrk1/ppq2pbp/2p3p1/2p1p2n/4P3/2BP1QPP/PPPN1P2/3RR1K1 b - - 0 14
29	29	20	26	-44	0	0	a5	4rrk1/ppq2pb1/2p3pp/2p1p2n/P3P3/2BP1QPP/1PPN1P2/3RR1K1 b - a3 0 15
29	31	20	4	-65	-5	0	b6	4rrk1/1pq2pb1/2p3pp/p1p1p2n/P1N1P3/2BP1QPP/1PP2P2/3RR1K1 b - - 1 16
29	33	20	11	-70	2	0	Nf6	4rrk1/2q2pb1/1pp3pp/p1p1p2n/P3P3/2BPNQPP/1PP2P2/3RR1K1 b - - 1 17
29	35	20	6	-29	-7	0	Nd7	4rrk1/2q2pb1/1pp2npp/p1p1p3/P3P1P1/2BPNQ1P/1PP2P2/3RR1K1 b - - 0 18
29	37	20	8	-42	-13	0	Bf6	4rrk1/2qn1pb1/1pp3pp/p1p1p3/P3P1P1/2BPN1QP/1PP2P2/3RR1K1 b - - 2 19
29	39	20	-3	-54	-18	0	Qd8	4rrk1/2qn1p2/1pp2bpp/p1p1p3/P3P1PP/2BPN1Q1/1PP2P2/3RR1K1 b - - 0 20
29	41	20	32	12	-1	0	Bg5	3qrrk1/3n1p2/1pp2bpp/p1p1p2P/P3P1P1/2BPN1Q1/1PP2P2/3RR1K1 b - - 0 21
29	43	20	32	23	-5	0	Re6	3qrrk1/3n1p2/1pp3pp/p1p1p1bP/P3P1P1/2BPNQ2/1PP2P2/3RR1K1 b - - 2 22
29	45	20	12	22	20	0	Bf4	3q1rk1/3n1p2/1pp1r1pp/p1p1p1bP/P1N1P1P1/2BP1Q2/1PP2P2/3RR1K1 b - - 4 23
29	47	20	4	37	38	0	Bxd2	3q1rk1/3n1p2/1pp1r1pp/p1p1p2P/P1N1PbP1/3P1Q2/1PPB1P2/3RR1K1 b - - 6 24
29	49	18	0	43	39	0	Qg5	3q1rk1/3n1p2/1pp1r1pp/p1p1p2P/P1N1P1P1/3P1Q2/1PPR1P2/4R1K1 b - - 0 25
29	51	18	19	30	55	0	Rf6	5rk1/3n1p2/1pp1r1pp/p1p1p1qP/P1N1P1P1/3P2Q1/1PPR1P2/4R1K1 b - - 2 26
29	53	18	7	21	85	0	Rf4	5rk1/3n1p2/1pp2rpp/p1p1p1qP/P3P1P1/3PN1Q1/1PPR1P2/4R1K1 b - - 4 27
29	55	18	109	192	86	0	Nf6	5rk1/3n1p2/1pp3pp/p1p1p1qP/P3PrP1/3PN3/1PPR1PQ1/4R1K1 b - - 6 28
29	57	18	-15	248	101	0	fxg6	5rk1/5p2/1pp2nPp/p1p1p1q1/P3PrP1/3PN3/1PPR1PQ1/4R1K1 b - - 0 29
29	59	18	227	259	110	0	h5	5rk1/8/1pp2npp/p1p1p1q1/P3PrP1/3PNP2/1PPR2Q1/4R1K1 b - - 0 30
29	61	18	3	21	92	0	Qxh5	5rk1/8/1pp2np1/p1p1p1qP/P3Pr2/3PNP2/1PPR2Q1/4R1K1 b - - 0 31
29	63	18	225	225	85	0	Nh7	5rk1/8/1pp2np1/p1p1p2q/P3Pr2/3PNP2/1PPR2Q1/5RK1 b - - 1 32
29	65	18	0	0	65	0	Rh4	5rk1/7n/1pp3p1/p1p1p2q/P3Pr2/3PNP2/1PPR4/5RKQ b - - 3 33
29	67	18	0	0	24	0	Rff4	5rk1/7n/1pp3p1/p1p1p2q/P3P2r/3PNP2/1PP4R/5RKQ b - - 5 34
29	69	18	0	0	24	0	Rxh2	6k1/7n/1pp3p1/p1p1p2q/P3Pr1r/3P1P2/1PP3NR/5RKQ b - - 7 35
29	71	14	2	2	21	0	Rxf3	6k1/7n/1pp3p1/p1p1p2q/P3Pr2/3P1P2/1PP3NQ/5RK1 b - - 0 36
29	73	12	0	0	17	0	Qxf3	6k1/7n/1pp3p1/p1p1p2q/P3P3/3P1R2/1PP3NQ/6K1 b - - 0 37
29	75	10	0	0	23	0	Qd1+	6k1/7n/1pp3p1/p1p1Q3/P3P3/3P1q2/1PP3N1/6K1 b - - 0 38
29	77	10	0	0	27	0	Nf8	6k1/7n/1pp3p1/p1p1Q3/P3P3/3P4/1PP3NK/3q4 b - - 2 39
29	79	10	0	0	27	0	Qxc2	1Q3nk1/8/1pp3p1/p1p5/P3P3/3P4/1PP3NK/3q4 b - - 4 40
29	81	10	0	0	25	0	c4	5nk1/8/1Qp3p1/p1p5/P3P3/3P4/1Pq3NK/8 b - - 0 41
29	83	10	0	0	14	0	Qxc4	5nk1/8/1Qp3p1/p7/P1P1P3/8/1Pq3NK/8 b - - 0 42
29	85	10	0	0	11	0	Qxe4	5nk1/8/2p3p1/Q7/P1q1P3/8/1P4NK/8 b - - 0 43
29	87	10	0	0	24	0	g5	Q4nk1/8/2p3p1/8/P3q3/8/1P4NK/8 b - - 1 44
29	89	10	1	1	0	0	Qe5+	3Q1nk1/8/2p5/6p1/P3q3/8/1P4NK/8 b - - 1 45
29	91	10	0	0	5	0	Kf7	3Q1nk1/8/2p5/4q1p1/P7/7K/1P4N1/8 b - - 3 46
29	93	10	0	0	10	0	Qxb2	3Q1n2/5k2/2p5/P3q1p1/8/7K/1P4N1/8 b - - 0 47
29	95	10	-1	3	0	0	Ne6	5n2/5k2/2p5/P5Q1/8/7K/1q4N1/8 b - - 0 48
29	97	10	2	2	0	0	Ke7	8/5k2/2p1n3/P4Q2/8/7K/1q4N1/8 b - - 2 49
29	99	10	2	7	0	0	Kd6	8/4k2Q/2p1n3/P7/8/7K/1q4N1/8 b - - 4 50
29	101	10	1	1	0	0	Ke7	8/8/2pkn3/P7/8/3Q3K/1q4N1/8 b - - 6 51
29	103	10	2	4	-6	0	Qh8+	8/4k3/2p1n3/P7/8/4Q2K/1q4N1/8 b - - 8 52
29	105	10	5	5	-44	0	Qg8+	7q/4k3/2p1n3/P7/8/4Q1K1/6N1/8 b - - 10 53
29	107	10	0	0	-53	0	Kd7	6q1/4k3/2p1n3/P7/8/4QK2/6N1/8 b - - 12 54
29	109	10	0	0	-41	0	c5	6q1/3k4/P1p1n3/8/8/4QK2/6N1/8 b - - 0 55
29	111	10	0	0	-12	0	Qf8+	6q1/3k4/P3n3/2p5/8/4Q3/5KN1/8 b - - 1 56
29	113	10	0	0	0	0	Qg7	5q2/3k4/P3n3/2p5/8/4Q3/6N1/6K1 b - - 3 57
29	115	10	0	0	-6	0	Qd4+	8/3k2q1/P3n3/2p5/8/Q7/6N1/6K1 b - - 5 58
29	117	10	0	0	-20	0	Qg7+	8/3k4/P3n3/2p5/3q4/Q3N3/8/6K1 b - - 7 59
29	119	10	0	0	-13	0	Qf6+	8/3k2q1/P3n3/2p5/8/Q3N3/5K2/8 b - - 9 60
29	121	10	0	0	-9	0	Qh4+	8/3k4/P3nq2/2p5/8/Q3N3/8/4K3 b - - 11 61
29	123	10	0	0	0	0	Qh2+	8/3k4/P3n3/2p5/7q/Q3N3/3K4/8 b - - 13 62
29	125	10	0	0	0	0	Qh1+	8/3k4/P3n3/2p5/8/Q3N3/7q/2K5 b - - 15 63
29	127	10	0	0	0	0	Qh8+	8/3k4/P3n3/2p5/8/Q3N3/1K6/7q b - - 17 64
29	129	10	0	0	0	0	Qh1+	7q/3k4/P3n3/2p5/8/Q3N3/8/1K6 b - - 19 65
29	131	10	0	0	0	0	Qh2+	8/3k4/P3n3/2p5/8/Q3N3/K7/7q b - - 21 66
29	133	10	0	0	-24	0	Qxb2+	8/3k4/P3n3/2p5/8/4N3/KQ5q/8 b - - 23 67
29	135	2	0	0	-1	0	Kc6	8/3k4/P3n3/2p5/8/4N3/1K6/8 b - - 0 68
29	137	2	0	0	-8	0	Kb6	8/8/P1k1n3/2p5/8/1K2N3/8/8 b - - 2 69
29	139	2	0	0	0	0	Kxa6	8/8/Pk2n3/2p5/2K5/4N3/8/8 b - - 4 70
29	141	2	0	0	0	0	Nf4+	8/8/k3n3/2pK4/8/4N3/8/8 b - - 1 71
29	143	2	0	0	0	0	Ka5	8/8/k7/2K5/5n2/4N3/8/8 b - - 0 72
29	145	2	0	0	0	0	Ka4	8/8/8/k1K5/2N2n2/8/8/8 b - - 2 73
29	147	2	-3	0	0	0	Ka5	8/8/8/2K5/k4n2/4N3/8/8 b - - 4 74
29	149	2	2	2	0	0	Nd5	8/8/8/k1K2N2/5n2/8/8/8 b - - 6 75
29	151	2	-1	3	0	0	Nc7	8/8/8/k1Kn4/3N4/8/8/8 b - - 8 76
29	153	2	1	7	0	0	Ka4	8/2n5/2N5/k1K5/8/8/8/8 b - - 10 77
29	155	2	1	1	0	0	Kb3	8/2n5/8/2K1N3/k7/8/8/8 b - - 12 78
29	157	2	0	0	0	0	Nd5	8/2n5/2K5/4N3/8/1k6/8/8 b - - 14 79
30	16	22	17	34	-4	0	Be3	rnb2rk1/ppp2pbp/6p1/3qp3/8/3P1NP1/PP2PPBP/R1BQK2R w KQ - 1 9
30	18	22	8	14	0	0	O-O	r1b2rk1/ppp2pbp/2n3p1/3qp3/8/3PBNP1/PP2PPBP/R2QK2R w KQ - 3 10
30	20	22	-1	30	7	0	a4	r1b2rk1/ppp2pbp/2n3p1/q3p3/8/3PBNP1/PP2PPBP/R2Q1RK1 w - - 5 11
30	22	22	-12	107	21	0	Rc1	r4rk1/ppp2pbp/2n1b1p1/q3p3/P7/3PBNP1/1P2PPBP/R2Q1RK1 w - - 1 12
30	24	22	103	147	21	0	Bc5	r4rk1/ppp2pb1/2n1b1pp/q3p3/P7/3PBNP1/1P2PPBP/2RQ1RK1 w - - 0 13
30	26	22	129	76	17	0	e4	r3r1k1/ppp2pb1/2n1b1pp/q1B1p3/P7/3P1NP1/1P2PPBP/2RQ1RK1 w - - 2 14
30	28	22	4	-36	-1	0	Re1	2r1r1k1/ppp2pb1/2n1b1pp/q1B1p3/P3P3/3P1NP1/1P3PBP/2RQ1RK1 w - - 1 15
30	30	22	45	-39	-4	0	h3	2rr2k1/ppp2pb1/2n1b1pp/q1B1p3/P3P3/3P1NP1/1P3PBP/2RQR1K1 w - - 3 16
30	32	22	0	-15	-15	0	Be3	2rr2k1/p1p2pb1/1pn1b1pp/q1B1p3/P3P3/3P1NPP/1P3PB1/2RQR1K1 w - - 0 17
30	34	22	-2	3	-9	0	Bf1	2rr2k1/p1p2pb1/1p2b1pp/q3p3/Pn2P3/3PBNPP/1P3PB1/2RQR1K1 w - - 2 18
30	36	22	-7	12	15	0	Bd2	2r1r1k1/p1p2pb1/1p2b1pp/q3p3/Pn2P3/3PBNPP/1P3P2/2RQRBK1 w - - 4 19
30	38	22	2	11	16	0	Bc3	2r1r1k1/p4pb1/1p2b1pp/q1p1p3/Pn2P3/3P1NPP/1P1B1P2/2RQRBK1 w - c6 0 20
30	40	22	9	47	16	0	b3	2r1r1k1/p5b1/1p2bppp/q1p1p3/Pn2P3/2BP1NPP/1P3P2/2RQRBK1 w - - 0 21
30	42	22	99	121	20	0	Rb1	3rr1k1/p5b1/1p2bppp/q1p1p3/Pn2P3/1PBP1NPP/5P2/2RQRBK1 w - - 1 22
30	44	22	14	46	21	0	Qd2	3rr1k1/p4bb1/1p3ppp/q1p1p3/Pn2P3/1PBP1NPP/5P2/1R1QRBK1 w - - 3 23
30	46	22	26	44	22	0	Kh1	4r1k1/p4bb1/1p1r1ppp/q1p1p3/Pn2P3/1PBP1NPP/3Q1P2/1R2RBK1 w - - 5 24
30	48	22	47	56	37	0	Re3	4r1k1/p4bb1/1p1r1p1p/q1p1p1p1/Pn2P3/1PBP1NPP/3Q1P2/1R2RB1K w - - 0 25
30	50	22	8	69	30	0	Ree1	4r1k1/p4bb1/1p1r1p2/q1p1p1pp/Pn2P3/1PBPRNPP/3Q1P2/1R3B1K w - - 0 26
30	52	22	5	92	23	0	Kg1	3rr1k1/p4bb1/1p3p2/q1p1p1pp/Pn2P3/1PBP1NPP/3Q1P2/1R2RB1K w - - 2 27
30	54	22	-25	118	27	0	Qd1	3rr1k1/p5b1/1p2bp2/q1p1p1pp/Pn2P3/1PBP1NPP/3Q1P2/1R2RBK1 w - - 4 28
30	56	22	-6	187	78	0	Nd2	3rr3/p5bk/1p2bp2/q1p1p1pp/Pn2P3/1PBP1NPP/5P2/1R1QRBK1 w - - 6 29
30	58	22	35	241	99	0	Nc4	3rr3/p4bbk/1p3p2/q1p1p1pp/Pn2P3/1PBP2PP/3N1P2/1R1QRBK1 w - - 8 30
30	60	22	-6	216	95	0	d4	3rr3/p4bbk/qp3p2/2p1p1pp/PnN1P3/1PBP2PP/5P2/1R1QRBK1 w - - 10 31
30	62	22	-1	211	83	0	d5	2qrr3/p4bbk/1p3p2/2p1p1pp/PnNPP3/1PB3PP/5P2/1R1QRBK1 w - - 1 32
30	64	22	307	340	95	0	d6	2qrr3/p4bbk/1p6/2pPpppp/PnN1P3/1PB3PP/5P2/1R1QRBK1 w - - 0 33
30	66	22	136	232	84	0	Bd2	2qrr3/p4bbk/1p1P4/2p1p1pp/PnN1p3/1PB3PP/5P2/1R1QRBK1 w - - 0 34
30	68	22	1	253	99	0	Bg2	2qrr3/p4b1k/1p1P1b2/2p1p1pp/PnN1p3/1P4PP/3B1P2/1R1QRBK1 w - - 2 35
30	70	22	-6	276	80	0	Bxb4	2qrr3/p4bk1/1p1P1b2/2p1p1pp/PnN1p3/1P4PP/3B1PB1/1R1QR1K1 w - - 4 36
30	72	20	7	310	100	0	Rc1	2qrr3/p4bk1/1p1P1b2/4p1pp/PpN1p3/1P4PP/5PB1/1R1QR1K1 w - - 0 37
30	74	20	-10	353	109	0	Bxe4	3rr3/p2q1bk1/1p1P1b2/4p1pp/PpN1p3/1P4PP/5PB1/2RQR1K1 w - - 2 38
30	76	20	-40	423	109	0	gxh4	3rr3/p2q1bk1/1p1P1b2/4p1p1/PpN1B2p/1P4PP/5P2/2RQR1K1 w - - 0 39
30	78	20	107	535	143	0	Ne3	3rr3/p2q1bk1/1p1P1b2/4p3/PpN1B2p/1P5P/5P2/2RQR1K1 w - - 0 40
30	80	20	-6	461	171	0	Qf3	3r2r1/p2q1bk1/1p1P1b2/4p3/Pp2B2p/1P2N2P/5P2/2RQR1K1 w - - 2 41
30	82	20	-23	491	190	0	Kf1	3r1kr1/p2q1b2/1p1P1b2/4p3/Pp2B2p/1P2NQ1P/5P2/2R1R1K1 w - - 4 42
30	84	20	-27	492	183	0	Rc7	3r1kr1/p4b2/1p1Pqb2/4p3/Pp2B2p/1P2NQ1P/5P2/2R1RK2 w - - 6 43
30	86	20	56	516	160	0	Nc4	3r1k2/p1R2br1/1p1Pqb2/4p3/Pp2B2p/1P2NQ1P/5P2/4RK2 w - - 8 44
30	88	20	374	526	202	0	Bc6	3r1k2/p1R2br1/1p1Pq3/4p1b1/PpN1B2p/1P3Q1P/5P2/4RK2 w - - 10 45
30	90	20	72	145	247	0	d7	3r1k2/p1R2br1/1pBPq3/4p3/PpN2b1p/1P3Q1P/5P2/4RK2 w - - 12 46
30	92	20	266	305	216	0	a5	3r1k2/p1RP1b2/1pB1q1r1/4p3/PpN2b1p/1P3Q1P/5P2/4RK2 w - - 1 47
30	94	20	43	43	195	0	axb6	3r1k2/p1RP1b2/1pB1qr2/P3p3/1pN2b1p/1P3Q1P/5P2/4RK2 w - - 1 48
30	96	20	16	0	139	0	Qg4	3r1k2/2RP1b2/1pB1qr2/4p3/1pN2b1p/1P3Q1P/5P2/4RK2 w - - 0 49
30	98	16	3	-1	93	0	hxg4	3r1k2/2RP1b2/1pB2r2/4p3/1pN2bqp/1P5P/5P2/4RK2 w - - 0 50
30	100	11	3	0	64	0	bxc4	3r1k2/2RP4/1pB2r2/4p3/1pb2bPp/1P6/5P2/4RK2 w - - 0 51
30	102	10	15	-1	71	0	Rb1	3r1k2/2RP4/1pB2r2/4p3/1pP2bP1/7p/5P2/4RK2 w - - 0 52
30	104	10	0	0	9	0	Kg2	3r1k2/2RP4/1pB2r2/4p3/1pP2bP1/8/5P1p/1R3K2 w - - 0 53
30	106	10	0	0	26	0	f3	3r1k2/2RP4/1pB3r1/4p3/1pP2bP1/8/5PKp/1R6 w - - 2 54
30	108	10	325	0	-3	0	Bb5	3r4/2RPk3/1pB3r1/4p3/1pP2bP1/5P2/6Kp/1R6 w - - 1 55
30	110	10	107	-376	-12	0	Rc6	3r4/2RPk3/1p4r1/1B6/1pP1pbP1/5P2/6Kp/1R6 w - - 0 56
30	112	8	28	-533	-13	0	Bxc6	3r4/3Pk3/1pr5/1B6/1pP1pbP1/5P2/6Kp/1R6 w - - 0 57
30	114	6	110	-570	-87	0	Rxb4	3r4/3Pk3/1pB5/8/1pP2bP1/4pP2/6Kp/1R6 w - - 0 58
30	116	6	60	-685	-345	0	Kh1	7r/3Pk3/1pB5/8/1RP2bP1/4pP2/6Kp/8 w - - 1 59
30	118	6	7	-775	-409	0	Rb1	7r/3Pk3/1pB5/8/1RP2bP1/5P2/4p2p/7K w - - 0 60
30	120	6	34	-772	-410	0	g5	7r/3Pk3/1pB5/8/2P3P1/5Pb1/4p2p/1R5K w - - 2 61
30	122	10	-33	-805	-450	0	Rxe1+	7r/3Pk3/1pB5/6P1/2P5/5Pb1/7p/1R2q2K w - - 0 62
30	124	4	50	-778	-518	0	g6	7r/3Pk3/1pB5/6P1/2P5/5P2/7p/4b2K w - - 0 63
30	126	4	13	-840	-540	0	Ba4	7r/3Pk3/1pB3P1/8/2P5/5Pb1/7p/7K w - - 1 64
30	128	4	59	-856	-793	0	d8=Q+	6r1/3Pk3/1p4P1/8/B1P5/5Pb1/7p/7K w - - 3 65
30	130	4	75	-925	-1193	0	c5	3r4/4k3/1p4P1/8/B1P5/5Pb1/7p/7K w - - 0 66
30	132	4	0	-1000	-1504	1	Kg2	r7/4k3/1p4P1/2P5/B7/5Pb1/7p/7K w - - 1 67
30	134	3	0	-1000	-1598	1	g7	8/4k3/1p4P1/2P5/r7/5Pb1/6Kp/8 w - - 0 68
30	136	3	0	-1000	-1000	1	Kxg3	8/4k1P1/1p6/2P5/8/5Pb1/r5Kp/8 w - - 1 69
30	138	6	0	-1000	-1000	1	Kf4	8/4k1P1/1p6/2P5/8/5PK1/r7/7q w - - 0 70
30	140	6	0	-1000	-1000	1	Ke3	8/4k1P1/1p6/2P5/r4K2/5P2/8/7q w - - 2 71
30	142	6	0	-1000	-1000	1	Kd3	8/4k1P1/1p6/2P5/r7/4KP2/8/2q5 w - - 4 72
30	144	6	0	-1000	-1000	1	Ke3	8/4k1P1/1p6/2P5/r1q5/3K1P2/8/8 w - - 6 73
31	17	22	-1	-20	8	0	Nc6	rnb2rk1/ppp2pbp/6p1/3qp3/8/3P1NP1/PP2PPBP/R1BQ1RK1 b - - 2 9
31	19	22	28	-16	1	0	Qb5	r1b2rk1/ppp2pbp/2n3p1/3qp3/8/3PBNP1/PP2PPBP/R2Q1RK1 b - - 4 10
31	21	22	154	-37	-8	0	Be6	r1b2rk1/ppp2pbp/2n3p1/1q2p3/8/3PBNP1/PPQ1PPBP/R4RK1 b - - 6 11
31	23	22	33	-119	-26	0	Qb3	r4rk1/ppp2pbp/2n1b1p1/1q2p3/P7/3PBNP1/1PQ1PPBP/R4RK1 b - a3 0 12
31	25	18	6	-144	-55	0	Bxb3	r4rk1/ppp2pbp/2n1b1p1/4p3/P7/1Q1PBNP1/1P2PPBP/R4RK1 b - - 0 13
31	27	14	10	-140	-49	0	Be6	r4rk1/ppp2pbp/2n3p1/4p3/P7/1b1PB1P1/1P1NPPBP/R4RK1 b - - 1 14
31	29	14	62	-129	-54	0	Bd7	r4rk1/ppp2pbp/2n1b1p1/4p3/P7/3PB1P1/1P1NPPBP/2R2RK1 b - - 3 15
31	31	14	42	-171	-33	0	Rab8	r4rk1/pppb1pbp/2n3p1/4p3/P3N3/3PB1P1/1P2PPBP/2R2RK1 b - - 5 16
31	33	14	41	-190	-80	0	Rfd8	1r3rk1/pppb1pbp/2n3p1/2N1p3/P7/3PB1P1/1P2PPBP/2R2RK1 b - - 7 17
31	35	14	2	-162	-78	0	Nd4	1r1r2k1/pppb1pbp/2n3p1/2N1p3/P7/3PB1P1/1P2PPBP/2R1R1K1 b - - 9 18
31	37	14	2	-174	-77	0	Rdc8	1r1r2k1/pNpb1pbp/6p1/4p3/P2n4/3PB1P1/1P2PPBP/2R1R1K1 b - - 0 19
31	39	14	-22	-162	-63	0	Bf8	1rr3k1/pNpb1pbp/6p1/P3p3/3n4/3PB1P1/1P2PPBP/2R1R1K1 b - - 0 20
31	41	13	-11	-49	-29	0	exd4	1rr2bk1/pNpb1p1p/6p1/P3p3/3B4/3P2P1/1P2PPBP/2R1R1K1 b - - 0 21
31	43	12	-7	-32	-25	0	Bxc5	1rr2bk1/p1pb1p1p/6p1/P1N5/3p4/3P2P1/1P2PPBP/2R1R1K1 b - - 1 22
31	45	10	-8	-14	-36	0	Rxb2	1rr3k1/p1pb1p1p/6p1/P1R5/3p4/3P2P1/1P2PPBP/4R1K1 b - - 0 23
31	47	10	59	-2	-47	0	Bc6	2r3k1/p1pb1p1p/6p1/P2R4/3p4/3P2P1/1r2PPBP/4R1K1 b - - 1 24
31	49	10	-5	-71	-66	0	Bxg2	2r3k1/p1p2p1p/2b3p1/P7/3R4/3P2P1/1r2PPBP/4R1K1 b - - 0 25
31	51	8	31	-65	-69	0	Ra2	2r3k1/p1p2p1p/6p1/P7/3R4/3P2P1/1r2PPKP/4R3 b - - 0 26
31	53	8	-9	-71	-67	0	Rxa5	2r3k1/p1p2p1p/6p1/P7/2R5/3P2P1/r3PPKP/4R3 b - - 2 27
31	55	8	6	-51	-68	0	c5	2r3k1/p1p2p1p/6p1/r7/2R5/3P2P1/4PPKP/2R5 b - - 1 28
31	57	8	108	0	-38	0	Re8	2r3k1/p4p1p/6p1/r1p5/8/3P2P1/2R1PPKP/2R5 b - - 1 29
31	59	8	34	-33	-59	0	c4	4r1k1/p4p1p/6p1/r1p5/5P2/3P2P1/2R1P1KP/2R5 b - f3 0 30
31	61	8	-16	-74	-72	0	Rc5	4r1k1/p4p1p/6p1/r7/2P2P2/6P1/2R1P1KP/2R5 b - - 0 31
31	63	8	2	-54	-71	0	Rec8	4r1k1/p4p1p/6p1/2r5/2P2P2/5KP1/2R1P2P/2R5 b - - 2 32
31	65	8	111	-40	-71	0	Rb8	2r3k1/p4p1p/6p1/2r5/2P1PP2/5KP1/2R4P/2R5 b - e3 0 33
31	67	8	42	-170	-73	0	Rb3+	1r4k1/p4p1p/6p1/2r5/2P1PP2/4K1P1/2R4P/2R5 b - - 2 34
31	69	8	34	-234	-95	0	Rc8	6k1/p4p1p/6p1/2r5/2PKPP2/1r4P1/2R4P/2R5 b - - 4 35
31	71	8	37	-277	-102	0	Rd8+	2r3k1/p4p1p/6p1/2P5/3KPP2/1r4P1/2R4P/2R5 b - - 0 36
31	73	8	101	-330	-102	0	Re3	3r2k1/p4p1p/6p1/2P5/2K1PP2/1r4P1/2R4P/2R5 b - - 2 37
31	75	8	57	-454	-122	0	g5	3r2k1/p4p1p/6p1/2P1P3/2K2P2/4r1P1/2R4P/2R5 b - - 0 38
31	77	8	42	-537	-167	0	Re4+	3r2k1/p4p1p/2P5/4P1p1/2K2P2/4r1P1/2R4P/2R5 b - - 0 39
31	79	8	2	-494	-133	0	Rb8+	3r2k1/p4p1p/2P5/4P1p1/4rP2/1K4P1/2R4P/2R5 b - - 2 40
31	81	8	115	-493	-159	0	Re3+	1r4k1/p4p1p/2P5/4P1p1/4rP2/K5P1/2R4P/2R5 b - - 4 41
31	83	8	5	-627	-218	0	Rxc3+	1r4k1/p4p1p/2P5/4P1p1/5P2/K1R1r1P1/7P/2R5 b - - 6 42
31	85	4	30	-650	-227	0	gxf4	1r4k1/p4p1p/2P5/4P1p1/5P2/K1R3P1/7P/8 b - - 0 43
31	87	4	23	-687	-227	0	Kf8	1r4k1/p4p1p/2P5/4P3/5P2/K1R5/7P/8 b - - 0 44
31	89	4	66	-680	-224	0	Rc8	1r3k2/p4p1p/2P5/4PP2/8/K1R5/7P/8 b - - 0 45
31	91	4	59	-783	-322	0	Rb8	2r2k2/p4p1p/2P2P2/4P3/8/K1R5/7P/8 b - - 0 46
31	93	4	65	-823	-1055	0	Rc8	1r3k2/p1P2p1p/5P2/4P3/8/K1R5/7P/8 b - - 0 47
31	95	4	120	-880	-1080	0	Ke8	2r2k2/p1P2p1p/5P2/4P3/8/KR6/7P/8 b - - 2 48
31	97	4	0	-1000	-1080	0	fxe6	2r1k3/p1P2p1p/4PP2/8/8/KR6/7P/8 b - - 0 49
31	99	4	0	-1000	-1080	0	Kd7	1Rr1k3/p1P4p/4pP2/8/8/K7/7P/8 b - - 1 50
31	101	4	0	-1000	-1087	0	Kxc7	1Rr5/p1Pk1P1p/4p3/8/8/K7/7P/8 b - - 0 51
31	103	2	0	-1000	-1122	0	Kxc8	2R5/p1k2P1p/4p3/8/8/K7/7P/8 b - - 0 52
31	105	4	0	-1000	-1125	0	Kd7	2k2Q2/p6p/4p3/8/8/K7/7P/8 b - - 0 53
31	107	4	0	-1000	-1130	0	Kd6	8/p2k1Q1p/4p3/8/8/K7/7P/8 b - - 2 54
32	16	24	-4	-19	-27	0	g3	r1bq1rk1/pp2bppp/2n1pn2/2p5/5P2/1P3N2/PBPP1NPP/R2QKB1R w KQ - 5 9
32	18	24	50	-11	-8	0	Bc4	r1bq1rk1/p3bppp/1pn1pn2/2p5/5P2/1P3NP1/PBPP1N1P/R2QKB1R w KQ - 0 10
32	20	24	3	-60	-10	0	O-O	r2q1rk1/pb2bppp/1pn1pn2/2p5/2B2P2/1P3NP1/PBPP1N1P/R2QK2R w KQ - 2 11
32	22	24	14	-54	-22	0	Rc1	r4rk1/pbq1bppp/1pn1pn2/2p5/2B2P2/1P3NP1/PBPP1N1P/R2Q1RK1 w - - 4 12
32	24	24	123	-55	6	0	c3	r3r1k1/pbq1bppp/1pn1pn2/2p5/2B2P2/1P3NP1/PBPP1N1P/2RQ1RK1 w - - 6 13
32	26	24	13	-116	0	0	d4	3rr1k1/pbq1bppp/1pn1pn2/2p5/2B2P2/1PP2NP1/PB1P1N1P/2RQ1RK1 w - - 1 14
32	28	24	76	-126	-11	0	h3	3rr1k1/1bq1bppp/ppn1pn2/2p5/2BP1P2/1PP2NP1/PB3N1P/2RQ1RK1 w - - 0 15
32	30	24	176	-216	-28	0	Kg2	3rr1k1/1bq1bppp/ppn1p3/2p4n/2BP1P2/1PP2NPP/PB3N2/2RQ1RK1 w - - 1 16
32	32	24	54	-403	-38	0	Bxf7+	3rr1k1/1bq1bppp/ppn5/2p1p2n/2BP1P2/1PP2NPP/PB3NK1/2RQ1R2 w - - 0 17
32	34	23	19	-494	-84	0	Ng5+	3rr3/1bq1bkpp/ppn5/2p1p2n/3P1P2/1PP2NPP/PB3NK1/2RQ1R2 w - - 0 18
32	36	22	-16	-531	-141	0	Qxh5+	3rr3/1bq2kpp/ppn5/2p1p1bn/3P1P2/1PP3PP/PB3NK1/2RQ1R2 w - - 0 19
32	38	21	285	-519	-196	0	Kg1	3rr1k1/1bq3pp/ppn5/2p1p1bQ/3P1P2/1PP3PP/PB3NK1/2R2R2 w - - 1 20
32	40	21	19	-818	-265	0	Ne4	3rr1k1/1bq3pp/pp6/2p1p1bQ/3n1P2/1PP3PP/PB3N2/2R2RK1 w - - 0 21
32	42	20	-5	-644	-326	0	cxd4	3rr1k1/2q3pp/pp6/2p1p1bQ/3nbP2/1PP3PP/PB6/2R2RK1 w - - 0 22
32	44	19	6	-499	-333	0	dxe5	3rr1k1/2q3pp/pp5b/2p1p2Q/3PbP2/1P4PP/PB6/2R2RK1 w - - 1 23
32	46	19	15	-559	-297	0	Rce1	3rr1k1/6pp/ppq4b/2p1P2Q/4bP2/1P4PP/PB6/2R2RK1 w - - 1 24
32	48	19	42	-563	-311	0	Re3	3rr1k1/6pp/ppq4b/4P2Q/2p1bP2/1P4PP/PB6/4RRK1 w - - 0 25
32	50	19	31	-596	-303	0	Re1	3rr1k1/6pp/pp5b/2q1P2Q/2p1bP2/1P2R1PP/PB6/5RK1 w - - 2 26
32	52	19	-4	-516	-299	0	Qf3	3rr1k1/6pp/pp4bb/2q1P2Q/2p2P2/1P2R1PP/PB6/4R1K1 w - - 4 27
32	54	19	8	-474	-287	0	Bc3	4r1k1/6pp/pp4bb/2q1P3/2p2P2/1P2RQPP/PB1r4/4R1K1 w - - 6 28
32	56	19	32	-395	-290	0	b4	4r1k1/6pp/pp4bb/2q1P3/2p2P2/1PB1RQPP/r7/4R1K1 w - - 0 29
32	58	19	77	-393	-290	0	e6	4r1k1/6pp/pp4bb/1q2P3/1Pp2P2/2B1RQPP/r7/4R1K1 w - - 1 30
32	60	19	7	-573	-275	0	Qf1	4r1k1/6pp/pp2P1bb/5q2/1Pp2P2/2B1RQPP/r7/4R1K1 w - - 1 31
32	62	19	77	-545	-305	0	e7	4r1k1/6pp/p3P1bb/1p3q2/1Pp2P2/2B1R1PP/r7/4RQK1 w - - 0 32
32	64	19	97	-514	-311	0	h4	4r1k1/3qP1pp/p5bb/1p6/1Pp2P2/2B1R1PP/r7/4RQK1 w - - 1 33
32	66	19	40	-656	-292	0	Kh1	4r1k1/q3P1pp/p5bb/1p6/1Pp2P1P/2B1R1P1/r7/4RQK1 w - - 1 34
32	68	19	-13	-661	-275	0	Kg1	4r1k1/1q2P1pp/p5bb/1p6/1Pp2P1P/2B1R1P1/r7/4RQ1K w - - 3 35
32	70	19	44	-610	-287	0	Bd4	4r1k1/1q2P1pp/p5bb/1p6/1Pp2P1P/2B1R1P1/2r5/4RQK1 w - - 5 36
32	72	19	26	-605	-291	0	Qh3	4r1k1/1q2P1pp/p6b/1p6/1PpB1P1P/3bR1P1/2r5/4RQK1 w - - 7 37
32	74	19	35	-649	-306	0	Qh1	4r1k1/1q2P1pp/p6b/1p3b2/1PpB1P1P/4R1PQ/2r5/4R1K1 w - - 9 38
32	76	19	5	-643	-304	0	Bc5	4r1k1/3qP1pp/p6b/1p3b2/1PpB1P1P/4R1P1/2r5/4R1KQ w - - 11 39
32	78	19	100	-646	-310	0	h5	4r1k1/3qP1pp/p6b/1pB2b2/1P3P1P/2p1R1P1/2r5/4R1KQ w - - 0 40
32	80	19	-3	-702	-345	0	Re5	4r1k1/3qP1pp/p6b/1pB4P/1P3Pb1/2p1R1P1/2r5/4R1KQ w - - 1 41
32	82	19	44	-684	-389	0	Qe4	4r1k1/3qP1pp/p6b/1pB1R2P/1P3Pb1/2p3P1/3r4/4R1KQ w - - 3 42
32	84	19	22	-726	-421	0	Rf1	4r1k1/3qP1pp/p6b/1pB1R2P/1P2QPb1/6P1/2pr4/4R1K1 w - - 0 43
32	86	19	98	-835	-872	0	Qf5	4r1k1/3qP1pp/p6b/1pB1R2P/1P2QP2/6P1/2pr4/3b1RK1 w - - 2 44
32	88	15	11	-977	-1054	0	Rxf5	4r1k1/4P1pp/p6b/1pB1Rq1P/1P3P2/6P1/2pr4/3b1RK1 w - - 0 45
32	90	11	0	-1000	-1052	0	hxg6	4r1k1/4P2p/p5pb/1pB2R1P/1P3P2/6P1/2pr4/3b1RK1 w - - 0 46
32	92	15	0	-1000	-1111	0	gxh7+	4r1k1/4P2p/p5Pb/1pB2R2/1P3P2/6P1/3r4/2qb1RK1 w - - 0 47
32	94	15	0	-1000	-1143	0	Re5	4r3/4P2k/p6b/1pB2R2/1P3P2/6P1/3r4/2qb1RK1 w - - 0 48
32	96	15	0	-1000	-1185	0	Bf2	4r3/4P2k/p6b/1pB1R3/1P3P2/2q3P1/3r4/3b1RK1 w - - 2 49
32	98	15	0	-1000	-1236	0	Be1	4r3/4P2k/p6b/1p2R3/1q3P2/6P1/3r1B2/3b1RK1 w - - 0 50
32	100	15	0	-1000	-1468	0	Bf2	4r3/4P2k/p6b/1p2R3/5P2/q5P1/3r4/3bBRK1 w - - 2 51
32	102	15	0	-1000	-1524	1	Rxe7+	8/4r2k/p6b/1p2R3/5P2/q5P1/3r1B2/3b1RK1 w - - 0 52
33	17	24	19	14	28	0	Nd4	r1bq1rk1/pp2bppp/2n1pn2/2p5/5P2/1P3NP1/PBPP1N1P/R2QKB1R b KQ - 0 9
33	19	24	12	-5	23	0	a5	r1bq1rk1/pp2bppp/4pn2/2p5/3n1P2/1P3NP1/PBPP1NBP/R2QK2R b KQ - 2 10
33	21	24	45	16	22	0	h5	r1bq1rk1/1p2bppp/4pn2/p1p1N3/3n1P2/1P4P1/PBPP1NBP/R2QK2R b KQ - 1 11
33	23	24	1	-12	21	0	Nf5	r1bq1rk1/1p2bpp1/4pn2/p1p1N2p/3n1P2/1PP3P1/PB1P1NBP/R2QK2R b KQ - 0 12
33	25	24	6	-14	21	0	Qc7	r1bq1rk1/1p2bpp1/4pn2/p1p1Nn1p/5P2/1PP3P1/PB1P1NBP/R2Q1RK1 b - - 2 13
33	27	24	24	8	24	0	a4	r1b2rk1/1pq1bpp1/4pn2/p1p1Nn1p/5P2/1PP3P1/PB1P1NBP/R2QR1K1 b - - 4 14
33	29	24	169	54	47	0	h4	r1b2rk1/1pq1bpp1/4pn2/2p1Nn1p/P4P2/2P3P1/PB1P1NBP/R2QR1K1 b - - 0 15
33	31	24	101	-107	39	0	Nd6	r1b2rk1/1pq1bpp1/4pn2/2p1Nn2/P4PPp/2P5/PB1P1NBP/R2QR1K1 b - - 0 16
33	33	24	9	-23	37	0	Nd5	r1b2rk1/1pq1bpp1/3npn2/2p1N3/P2P1PPp/2P5/PB3NBP/R2QR1K1 b - d3 0 17
33	35	23	5	27	23	0	exd5	r1b2rk1/1pq1bpp1/3np3/2pBN3/P2P1PPp/2P5/PB3N1P/R2QR1K1 b - - 0 18
33	37	22	-8	103	66	0	Nc4	r1b2rk1/1pq1bpp1/3n4/2ppN3/P2P1PPp/P1P5/1B3N1P/R2QR1K1 b - - 0 19
33	39	21	-19	91	75	0	dxc4	r1b2rk1/1pq1bpp1/8/2pp4/P1NP1PPp/P1P5/1B3N1P/R2QR1K1 b - - 0 20
33	41	20	3	251	85	0	Bd6	r1b2rk1/1pq1bpp1/8/2p5/P1pP1PPp/P1P5/1B2QN1P/R3R1K1 b - - 1 21
33	43	20	204	492	72	0	Bd7	r1b2rk1/1pq2pp1/3b4/2p5/P1QP1PPp/P1P5/1B3N1P/R3R1K1 b - - 0 22
33	45	20	-8	458	95	0	Bxf4	r4rk1/1pqb1pp1/3b4/2p5/P1QPNPPp/P1P5/1B5P/R3R1K1 b - - 2 23
33	47	20	177	483	97	0	b6	r4rk1/1pqb1pp1/8/2p5/P1QPNbPp/P1P4P/1B6/R3R1K1 b - - 0 24
33	49	20	43	568	122	0	Rxa4	r4rk1/2qb1pp1/1p6/2P5/P1Q1NbPp/P1P4P/1B6/R3R1K1 b - - 0 25
33	51	20	108	625	118	0	Bc6	5rk1/2qb1pp1/1p6/2P5/r3NbPp/P1P4P/1B2Q3/R3R1K1 b - - 1 26
33	53	20	-17	632	233	0	Qxb6+	5rk1/2q2pp1/1Pb5/8/r3NbPp/P1P4P/1B2Q3/R3R1K1 b - - 0 27
33	55	20	36	764	257	0	Re4	5rk1/5pp1/1qb5/8/r4bPp/P1P4P/1B2QN2/R3R1K1 b - - 1 28
33	57	20	-76	731	249	0	Be3	5rk1/5pp1/1qb5/8/4rbPp/P1P4P/1BQ2N2/R3R1K1 b - - 3 29
33	59	20	-115	885	610	0	Rf4	5rk1/5pp1/1qb5/8/P3r1Pp/2P1b2P/1BQ2N2/R3R1K1 b - - 0 30
33	61	20	256	1000	646	1	Be4	5rk1/5pp1/1qb5/8/P4rPp/2P1b2P/1BQ1RN2/R5K1 b - - 2 31
33	63	20	-26	759	677	0	Bxf2+	5rk1/5pp1/1q6/8/P3brPp/2P1b2P/2Q1RN2/R1B3K1 b - - 4 32
33	65	18	-2	777	661	0	Rxg4+	5rk1/5pp1/1q6/8/P3brPp/2P4P/2Q2R2/R1B3K1 b - - 0 33
33	67	16	-10	789	672	0	Bxc2	5rk1/5pp1/1q6/8/P3b1Pp/2P5/2Q2R2/R1B3K1 b - - 0 34
33	69	12	-24	812	678	0	Qc5	5rk1/5pp1/1q6/P7/6Pp/2P5/2b2R2/R1B3K1 b - - 0 35
33	71	12	2	874	755	0	Re8	5rk1/5pp1/8/P1q5/5BPp/2P5/2b2R2/R5K1 b - - 2 36
33	73	12	-62	938	812	0	Re2	4r1k1/5pp1/P7/2q5/5BPp/2P5/2b2R2/R5K1 b - - 0 37
33	75	12	85	964	892	0	Bd3	6k1/5pp1/P7/2q5/5BPp/2P5/2b1rR2/5RK1 b - - 2 38
33	77	12	179	1000	892	0	h3+	6k1/5pp1/P7/2q5/5BPp/2Pb4/4rRK1/5R2 b - - 4 39
33	79	12	91	888	921	0	g5	6k1/5pp1/P7/2q5/5BP1/2Pb1K1p/4rR2/5R2 b - - 1 40
33	81	12	-195	805	1020	0	Re8	6k1/5p2/P7/2q3B1/6P1/2Pb1K1p/4rR2/5R2 b - - 0 41
33	83	12	0	1000	1045	1	Qxg5	4r1k1/5p2/P7/2q3B1/6P1/2Pb2Kp/5R2/5R2 b - - 2 42
33	85	11	0	1000	1064	1	Bxf1	4r1k1/P4p2/8/6q1/6P1/2Pb2Kp/5R2/5R2 b - - 0 43
33	87	8	0	1000	1838	1	Re3+	4r1k1/P4p2/8/6q1/6P1/2P3Kp/8/5R2 b - - 0 44
33	89	8	0	1000	2088	1	Rxf3+	6k1/P4p2/8/6q1/6P1/2P1rRKp/8/8 b - - 2 45
33	91	4	0	1000	1000	1	Qd5+	6k1/P4p2/8/6q1/6P1/2P2K1p/8/8 b - - 0 46
33	93	4	0	1000	1000	1	Qg2+	6k1/P4p2/8/3q4/6P1/2P3Kp/8/8 b - - 2 47
33	95	4	0	1000	1000	1	h2	6k1/P4p2/8/8/5KP1/2P4p/6q1/8 b - - 4 48
34	16	24	20	29	16	0	exd4	r1bqk2r/pppn1pp1/3p1n1p/8/1bPp3B/2N1P3/PPQ1NPPP/R3KB1R w KQkq - 0 9
34	18	24	8	43	26	0	a3	r1bq1rk1/pppn1pp1/3p1n1p/8/1bPP3B/2N5/PPQ1NPPP/R3KB1R w KQ - 1 10
34	20	23	7	51	38	0	Nxc3	r1bq1rk1/pppn1pp1/3p1n1p/8/2PP3B/P1b5/1PQ1NPPP/R3KB1R w KQ - 0 11
34	22	22	-7	118	37	0	Be2	r1bq1rk1/ppp2pp1/1n1p1n1p/8/2PP3B/P1N5/1PQ2PPP/R3KB1R w KQ - 1 12
34	24	22	-3	142	43	0	O-O	r1bq1rk1/pp3pp1/1npp1n1p/8/2PP3B/P1N5/1PQ1BPPP/R3K2R w KQ - 0 13
34	26	22	-5	184	59	0	b3	r2q1rk1/pp3pp1/1nppbn1p/8/2PP3B/P1N5/1PQ1BPPP/R4RK1 w - - 2 14
34	28	22	19	186	61	0	Rae1	r2qr1k1/pp3pp1/1nppbn1p/8/2PP3B/PPN5/2Q1BPPP/R4RK1 w - - 1 15
34	30	22	88	218	67	0	a4	2rqr1k1/pp3pp1/1nppbn1p/8/2PP3B/PPN5/2Q1BPPP/4RRK1 w - - 3 16
34	32	22	95	155	57	0	a5	2rqr1k1/pp3pp1/1np1bn1p/3p4/P1PP3B/1PN5/2Q1BPPP/4RRK1 w - - 0 17
34	34	22	14	298	185	0	axb6	2rqr1k1/pp3pp1/1np1bn1p/P7/2pP3B/1PN5/2Q1BPPP/4RRK1 w - - 0 18
34	36	21	162	302	140	0	Qb2	2rqr1k1/pp3pp1/1Pp1bn1p/8/3P3B/1pN5/2Q1BPPP/4RRK1 w - - 0 19
34	38	21	-9	308	138	0	Rd1	2rqr1k1/1p3pp1/1pp1bn1p/8/3P3B/1pN5/1Q2BPPP/4RRK1 w - - 0 20
34	40	21	23	325	132	0	Bg3	2rqr1k1/1p3p2/1pp1bn1p/6p1/3P3B/1pN5/1Q2BPPP/3R1RK1 w - g6 0 21
34	42	21	211	390	139	0	Rfe1	2rqr1k1/1p3p2/2p1bn1p/1p4p1/3P4/1pN3B1/1Q2BPPP/3R1RK1 w - - 0 22
34	44	21	39	179	129	0	Ra1	2r1r1k1/1p3p2/2p1bn1p/qp4p1/3P4/1pN3B1/1Q2BPPP/3RR1K1 w - - 2 23
34	46	21	-42	273	165	0	Be5	2rqr1k1/1p3p2/2p1bn1p/1p4p1/3P4/1pN3B1/1Q2BPPP/R3R1K1 w - - 4 24
34	48	21	35	333	173	0	h3	2rqr1k1/1p3p2/2p2n1p/1p2B1p1/2bP4/1pN5/1Q2BPPP/R3R1K1 w - - 6 25
34	50	21	105	343	186	0	Rac1	2r1r1k1/1p2qp2/2p2n1p/1p2B1p1/2bP4/1pN4P/1Q2BPP1/R3R1K1 w - - 1 26
34	52	21	133	279	174	0	Bxc4	3rr1k1/1p2qp2/2p2n1p/1p2B1p1/2bP4/1pN4P/1Q2BPP1/2R1R1K1 w - - 3 27
34	54	19	83	152	166	0	Re3	3rr1k1/1p2qp2/2p2n1p/4B1p1/2pP4/1pN4P/1Q3PP1/2R1R1K1 w - - 0 28
34	56	19	150	340	192	0	Re2	3r1rk1/1p2qp2/2p2n1p/4B1p1/2pP4/1pN1R2P/1Q3PP1/2R3K1 w - - 2 29
34	58	19	209	409	197	0	Rce1	3r1rk1/4qp2/1pp2n1p/4B1p1/2pP4/1pN4P/1Q2RPP1/2R3K1 w - - 0 30
34	60	19	297	526	221	0	Qa1	3r1r2/4qp1k/1pp2n1p/4B1p1/2pP4/1pN4P/1Q2RPP1/4R1K1 w - - 2 31
34	62	19	45	260	243	0	Bg7	3r1r2/4qp1k/1pp4p/3nB1p1/2pP4/1pN4P/4RPP1/Q3R1K1 w - - 4 32
34	64	17	134	218	232	0	Rxe2	3r1r2/5pBk/1pp4p/3n2p1/2pP4/1pN4P/4qPP1/Q3R1K1 w - - 0 33
34	66	12	43	71	216	0	Nxd5	3r1r2/5pk1/1pp4p/3n2p1/2pP4/1pN4P/4RPP1/Q5K1 w - - 0 34
34	68	10	13	13	210	0	Qe1	3r1r2/5pk1/1p5p/3p2p1/2pP4/1p5P/4RPP1/Q5K1 w - - 0 35
34	70	10	20	20	217	0	Qb4	r4r2/5pk1/1p5p/3p2p1/2pP4/1p5P/4RPP1/4Q1K1 w - - 2 36
34	72	10	23	59	215	0	Kh2	5r2/5pk1/1p5p/3p2p1/1QpP4/1p5P/4RPP1/r5K1 w - - 4 37
34	74	10	101	242	182	0	f3	r7/5pk1/1p5p/3p2p1/1QpP4/1p5P/4RPPK/r7 w - - 6 38
34	76	10	86	353	187	0	f4	r7/5pk1/1p5p/3p2p1/1QpP4/1p3P1P/4R1PK/3r4 w - - 1 39
34	78	10	16	475	245	0	Rf2	r7/5pk1/1p5p/3p4/1QpP1p2/1p5P/4R1PK/3r4 w - - 0 40
34	80	10	-69	421	242	0	Rxf4	4r3/5pk1/1p5p/3p4/1QpP1p2/1p5P/5RPK/3r4 w - - 2 41
34	82	10	40	516	279	0	Qb5	8/5pk1/1p2r2p/3p4/1QpP1R2/1p5P/6PK/3r4 w - - 1 42
34	84	10	-14	736	461	0	Qxd5	8/5pk1/1p2r2p/1Q1p4/2pP1R2/1p5P/3r2PK/8 w - - 3 43
34	86	10	186	1000	752	0	Qf3	8/5pk1/1p2r3/3Q3p/2pP1R2/1p5P/3r2PK/8 w - - 0 44
34	88	10	0	1000	854	0	Qxh5	8/6k1/1p2rp2/7p/2pP1R2/1p3Q1P/3r2PK/8 w - - 0 45
34	90	10	0	1000	1109	1	d5	5k2/8/1p2rp2/7Q/2pP1R2/1p5P/3r2PK/8 w - - 1 46
34	92	10	0	1000	1000	1	dxe6	5k2/8/1p2rp2/3P3Q/2p2R2/7P/1p1r2PK/8 w - - 0 47
34	94	8	0	1000	1000	1	Qf7+	8/4k3/1p2Pp2/7Q/2p2R2/7P/1p1r2PK/8 w - - 1 48
34	96	8	0	1000	1000	1	e7	8/5Q2/1p1kPp2/8/2p2R2/7P/1p1r2PK/8 w - - 3 49
34	98	8	0	1000	1000	1	Kxg2	8/4PQ2/1p1k1p2/8/2p2R2/7P/1p4rK/8 w - - 0 50
34	100	6	0	1000	1000	1	Rf5	8/4PQ2/3k1p2/1p6/2p2R2/7P/1p4K1/8 w - - 0 51
34	102	10	0	1000	1000	1	e8=N+	8/4PQ2/3k1p2/1p3R2/2p5/7P/6K1/1q6 w - - 0 52
34	104	11	0	1000	1000	1	Qc7#	4N3/5Q2/2k2p2/1p3R2/2p5/7P/6K1/1q6 w - - 1 53
35	17	24	208	-11	-18	0	g6	r1bqk2r/pppn1pp1/3p1n1p/8/1bPP3B/2N5/PPQ1NPPP/R3KB1R b KQkq - 0 9
35	19	24	-5	-173	-18	0	O-O	r1bqk2r/pppn1p2/3p1npp/8/1bPP3B/2N5/PPQ1NPPP/2KR1B1R b kq - 1 10
35	21	24	120	-132	-54	0	g5	r1bq1rk1/pppn1p2/3p1npp/3N4/1bPP3B/8/PPQ1NPPP/2KR1B1R b - - 3 11
35	23	24	-13	-257	-47	0	hxg5	r1bq1rk1/pppn1p2/3p1n1p/3N2B1/1bPP4/8/PPQ1NPPP/2KR1B1R b - - 0 12
35	25	22	92	-265	-65	0	Nb6	r1bq1rk1/pppn1p2/3p1n2/6p1/1NPP4/8/PPQ1NPPP/2KR1B1R b - - 0 13
35	27	22	47	-250	-44	0	a5	r1bq1rk1/ppp2p2/1n1p1n2/6p1/1NPP4/8/PPQ1NPPP/1K1R1B1R b - - 2 14
35	29	22	37	-328	-47	0	d5	r1bq1rk1/1pp2p2/1n1p1n2/p5p1/2PP4/3N4/PPQ1NPPP/1K1R1B1R b - - 1 15
35	31	22	18	-378	-131	0	Nc4	r1bq1rk1/1pp2p2/1n3n2/p1Pp2p1/3P4/3N4/PPQ1NPPP/1K1R1B1R b - - 0 16
35	33	22	20	-381	-153	0	Bf5	r1bq1rk1/1pp2p2/5n2/p1Pp2p1/2nP4/3N4/PP2NPPP/1KQR1B1R b - - 2 17
35	35	22	19	-397	-134	0	Bg6	r2q1rk1/1pp2p2/5n2/p1Pp1bQ1/2nP4/3N4/PP2NPPP/1K1R1B1R b - - 0 18
35	37	22	32	-395	-134	0	Ne4	r2q1rk1/1pp2p2/5nb1/p1Pp2Q1/2nP1N2/3N4/PP3PPP/1K1R1B1R b - - 2 19
35	39	22	-7	-325	-134	0	Qxd5	r2q1rk1/1pp2p2/6b1/p1PQ4/2nPnN2/3N4/PP3PPP/1K1R1B1R b - - 0 20
35	41	14	24	-346	-123	0	Rad8	r4rk1/1pp2p2/6b1/p1PN4/2nPn3/3N4/PP3PPP/1K1R1B1R b - - 0 21
35	43	14	42	-359	-137	0	Kh7	3r1rk1/1pp1Np2/6b1/p1P5/2nPn3/3N4/PP3PPP/1K1R1B1R b - - 2 22
35	45	14	-4	-402	-147	0	Rxd4	3r1r2/1pp1Np1k/6b1/p1P5/2nPn3/3N4/PP3PPP/2KR1B1R b - - 4 23
35	47	14	27	-411	-155	0	Re8	5r2/1pp1Np1k/6b1/p1P5/2nrn3/3N4/PP2BPPP/2KR3R b - - 1 24
35	49	13	4	-463	-182	0	fxg6	4r3/1pp2p1k/6N1/p1P5/2nrn3/3N4/PP2BPPP/2KR3R b - - 0 25
35	51	12	18	-494	-181	0	Red8	4r3/1pp4k/6p1/p1P5/2nrn3/3N4/PP2BPPP/2KRR3 b - - 1 26
35	53	12	136	-370	-213	0	Na3	3r4/1pp4k/6p1/p1P5/2nrn3/1P1N4/P3BPPP/2KRR3 b - - 0 27
35	55	12	9	-506	-184	0	Rxd1+	3r4/1pp4k/6p1/p1P1N3/3rn3/nP6/P3BPPP/2KRR3 b - - 2 28
35	57	8	-1	-525	-197	0	Rxd1+	3r4/1pp4k/6p1/p1P1N3/4n3/nP6/P3BPPP/2KR4 b - - 0 29
35	59	4	-11	-516	-197	0	Nxc5	8/1pp4k/6p1/p1P1N3/4n3/nP6/P4PPP/2KB4 b - - 0 30
35	61	4	10	-518	-194	0	Nb5	8/1pp4k/6p1/p1n1N3/8/nP6/PK3PPP/3B4 b - - 1 31
35	63	4	1	-525	-205	0	Kg7	8/1pp4k/6p1/pnn1N3/8/1P6/PKB2PPP/8 b - - 3 32
35	65	4	0	-532	-203	0	Kf6	8/1pp3k1/6N1/pnn5/8/1P6/PKB2PPP/8 b - - 0 33
35	67	4	49	-543	-213	0	Ke5	8/1pp5/5k2/pnn5/5N2/1P6/PKB2PPP/8 b - - 2 34
35	69	4	4	-603	-216	0	Nxd3+	8/1pp5/8/pnn1k3/8/1P1N4/PKB2PPP/8 b - - 4 35
35	71	2	21	-612	-220	0	Nd6	8/1pp5/8/pn2k3/8/1P1B4/PK3PPP/8 b - - 0 36
35	73	2	10	-612	-202	0	Kf4	8/1pp5/3n4/p3k3/7P/1P1B4/PK3PP1/8 b - h3 0 37
35	75	2	4	-657	-247	0	Nf7	8/1pp5/3n4/p6P/5k2/1P1B4/PK3PP1/8 b - - 0 38
35	77	2	-5	-663	-256	0	Kg5	8/1pp2n2/8/p6P/5k2/1PKB4/P4PP1/8 b - - 2 39
35	79	2	18	-680	-263	0	Nd6	8/1pp2n2/8/p5kP/8/1PK5/P3BPP1/8 b - - 4 40
35	81	2	26	-677	-288	0	Nf7	8/1pp5/3n4/p5kP/3K4/1P6/P3BPP1/8 b - - 6 41
35	83	2	-4	-714	-306	0	Kf5	8/1pp2n2/8/p5kP/3K4/1P4P1/P3BP2/8 b - - 0 42
35	85	2	29	-689	-303	0	Kf6	8/1pp2n2/8/p4k1P/P2K4/1P4P1/4BP2/8 b - a3 0 43
35	87	2	11	-741	-347	0	Kf5	8/1pp2n2/5k2/p6P/P2K1P2/1P4P1/4B3/8 b - f3 0 44
35	89	2	23	-714	-349	0	b6	8/1pp2n2/8/p4k1P/P2K1P2/1P3BP1/8/8 b - - 2 45
35	91	2	16	-741	-399	0	Nd8	8/2p2n2/1p6/p2K1k1P/P4P2/1P3BP1/8/8 b - - 1 46
35	93	2	50	-750	-407	0	Kg4	3n4/2p5/1p6/p2K1k1P/P3BP2/1P4P1/8/8 b - - 3 47
35	95	2	129	-846	-970	0	Nf7	3n4/2p5/1p4B1/p2K3P/P4Pk1/1P4P1/8/8 b - - 5 48
35	97	1	0	-1000	-1078	0	Kf5	8/2p2B2/1p6/p2K3P/P4Pk1/1P4P1/8/8 b - - 0 49
35	99	1	0	-1000	-1100	0	Kf6	8/2p2B2/1p5P/p2K1k2/P4P2/1P4P1/8/8 b - - 0 50
35	101	1	0	-1000	-1704	1	b5	8/2p5/1p3k1P/p2K3B/P4P2/1P4P1/8/8 b - - 2 51
35	103	1	0	-1000	-1000	1	a4	8/2p5/5k1P/pP1K3B/5P2/1P4P1/8/8 b - - 0 52
35	105	1	0	-1000	-1000	1	Ke7	8/2p5/5k1P/1P1K3B/P4P2/6P1/8/8 b - - 0 53
35	107	1	0	-1000	-1000	1	Kd7	8/2p1k2P/8/1P1K3B/P4P2/6P1/8/8 b - - 0 54
35	109	5	0	-1000	-1000	1	c6+	7Q/2pk4/8/1P1K3B/P4P2/6P1/8/8 b - - 0 55
36	16	22	-14	70	24	0	dxc5	r1bq3r/pp1nkppp/2n1p3/2ppP3/3P3P/2N5/PPPQ1PP1/R3KBNR w KQ - 2 9
36	18	22	105	81	43	0	Nb5	r1bq3r/pp2kppp/2n1p3/2Ppn3/7P/2N5/PPPQ1PP1/R3KBNR w KQ - 0 10
36	20	22	1	25	55	0	h5	r1bq1k1r/pp3ppp/2n1p3/1NPpn3/7P/8/PPPQ1PP1/R3KBNR w KQ - 2 11
36	22	22	30	17	76	0	h6	r1bq1k1r/p4ppp/1pn1p3/1NPpn2P/8/8/PPPQ1PP1/R3KBNR w KQ - 0 12
36	24	22	34	-17	62	0	Qe3	r1bq1k1r/p4ppp/2n1p2P/1Nppn3/8/8/PPPQ1PP1/R3KBNR w KQ - 0 13
36	26	22	-6	-25	78	0	Rh5	r1b2k1r/p3qppp/2n1p2P/1Nppn3/8/4Q3/PPP2PP1/R3KBNR w KQ - 2 14
36	28	22	-5	-30	90	0	hxg7+	r1b2k1r/p3q1pp/2n1pp1P/1Nppn2R/8/4Q3/PPP2PP1/R3KBN1 w Q - 0 15
36	30	22	69	-30	89	0	Qg3+	r1b4r/p3q1kp/2n1pp2/1Nppn2R/8/4Q3/PPP2PP1/R3KBN1 w Q - 0 16
36	32	22	15	-110	74	0	f4	r1b2k1r/p3q2p/2n1pp2/1Nppn2R/8/6Q1/PPP2PP1/R3KBN1 w Q - 2 17
36	34	22	-4	-20	72	0	O-O-O	r1b2k1r/p3q2p/2n1ppn1/1Npp3R/5P2/6Q1/PPP3P1/R3KBN1 w Q - 1 18
36	36	22	1	21	64	0	Nc3	r1b2k1r/4q2p/p1n1ppn1/1Npp3R/5P2/6Q1/PPP3P1/2KR1BN1 w - - 0 19
36	38	22	126	76	55	0	Nce2	r1b2k1r/4q2p/p1n1ppn1/2p4R/3p1P2/2N3Q1/PPP3P1/2KR1BN1 w - - 0 20
36	40	22	69	69	50	0	a3	r4k1r/1b2q2p/p1n1ppn1/2p4R/3p1P2/6Q1/PPP1N1P1/2KR1BN1 w - - 2 21
36	42	22	0	37	44	0	Nh3	4rk1r/1b2q2p/p1n1ppn1/2p4R/3p1P2/P5Q1/1PP1N1P1/2KR1BN1 w - - 1 22
36	44	22	187	49	27	0	c3	4rkr1/1b2q2p/p1n1ppn1/2p4R/3p1P2/P5QN/1PP1N1P1/2KR1B2 w - - 3 23
36	46	22	-8	-31	-3	0	Ng5	4rkr1/1b2q2p/p1n1pp2/2p1n2R/3p1P2/P1P3QN/1P2N1P1/2KR1B2 w - - 1 24
36	48	22	3	58	-21	0	Nxh7+	4rkr1/1b2q2p/p1n1pp2/2p1n1NR/5P2/P1Pp2Q1/1P2N1P1/2KR1B2 w - - 0 25
36	50	22	186	205	-40	0	Ng5+	4r1r1/1b2qk1N/p1n1pp2/2p1n2R/5P2/P1Pp2Q1/1P2N1P1/2KR1B2 w - - 1 26
36	52	21	0	0	-34	0	fxe5	4r1r1/1b2qk2/p1n1p3/2p1n1pR/5P2/P1Pp2Q1/1P2N1P1/2KR1B2 w - - 0 27
36	54	19	6	6	3	0	Bxe2	4r1r1/1b2qk2/p1n1p3/2p1P1pR/8/P1P3Q1/1P2p1P1/2KR1B2 w - - 0 28
36	56	19	0	1000	1013	1	Qf3+	4r3/1b2qkr1/p1n1p3/2p1P1pR/8/P1P3Q1/1P2B1P1/2KR4 w - - 1 29
36	58	19	0	1000	1207	1	Rdh1	4r1k1/1b2q1r1/p1n1p3/2p1P1pR/8/P1P2Q2/1P2B1P1/2KR4 w - - 3 30
36	60	19	0	1000	1192	1	Rxh7	4r1k1/1b2q2r/p1n1p3/2p1P1pR/8/P1P2Q2/1P2B1P1/2K4R w - - 5 31
36	62	17	0	1000	1515	1	Qh5	4r1k1/1b2q2R/p3p3/2p1n1p1/8/P1P2Q2/1P2B1P1/2K4R w - - 0 32
36	64	15	0	1000	1000	1	Qxh7+	4r1k1/1b5q/p3p3/2p1n1pQ/8/P1P5/1P2B1P1/2K4R w - - 0 33
36	66	11	0	1000	1000	1	Rf1+	4rk2/1b5Q/p3p3/2p1n1p1/8/P1P5/1P2B1P1/2K4R w - - 1 34
36	68	11	0	1000	1000	1	Bxf3	4rk2/7Q/p3p3/2p1n1p1/8/P1P2b2/1P2B1P1/2K2R2 w - - 3 35
36	70	10	0	1000	1000	1	Bb7	4rk2/5n1Q/p3p3/2p3p1/8/P1P2B2/1P4P1/2K2R2 w - - 1 36
37	17	22	-5	-16	3	0	O-O	r2qk2r/pp2bppp/2n1pn2/2pp4/8/1P2PQPP/PBPP1PB1/RN3RK1 b kq - 3 9
37	19	22	2	2	2	0	d4	r2q1rk1/pp2bppp/2n1pn2/2pp4/8/1PN1PQPP/PBPP1PB1/R4RK1 b - - 5 10
37	21	22	25	-2	18	0	Nd5	r2q1rk1/pp2bppp/2n1pn2/2p5/3pN3/1P2PQPP/PBPP1PB1/R4RK1 b - - 1 11
37	23	22	2	-20	13	0	Rc8	r2q1rk1/pp2bppp/2n1p3/2pn4/3pN3/1P2P1PP/PBPPQPB1/R4RK1 b - - 3 12
37	25	22	26	-20	25	0	Ndb4	2rq1rk1/pp2bppp/2n1p3/2pn4/2PpN3/1P2P1PP/PB1PQPB1/R4RK1 b - c3 0 13
37	27	22	5	78	17	0	Nxd4	2rq1rk1/pp2bppp/2n1p3/2p5/1nPPN3/1P4PP/PB1PQPB1/R4RK1 b - - 0 14
37	29	21	1	77	34	0	Qxd4	2rq1rk1/pp2bppp/4p3/2p5/1nPBN3/1P4PP/P2PQPB1/R4RK1 b - - 0 15
37	31	20	0	72	18	0	b6	2r2rk1/pp2bppp/4p3/2p5/1nPq4/1PN3PP/P2PQPB1/R4RK1 b - - 1 16
37	33	20	12	82	21	0	Nc6	2r2rk1/p3bppp/1p2p3/2p5/1nPq4/PPN3PP/3PQPB1/R4RK1 b - - 0 17
37	35	19	2	77	28	0	Rxc6	2r2rk1/p3bppp/1pB1p3/2p5/2Pq4/PPN3PP/3PQP2/R4RK1 b - - 0 18
37	37	18	3	85	34	0	Qd7	5rk1/p3bppp/1pr1p3/2p5/2Pq4/PPN3PP/3PQP2/3R1RK1 b - - 1 19
37	39	18	64	110	50	0	e5	5rk1/p2qbppp/1pr1p3/2p5/2P1N3/PP4PP/3PQP2/3R1RK1 b - - 3 20
37	41	18	1	91	44	0	Rg6	5rk1/p2qbppp/1pr5/2p1p3/2P1N2P/PP4P1/3PQP2/3R1RK1 b - - 0 21
37	43	18	-1	124	56	0	Rh6	5rk1/p2qbppp/1p4r1/2p1p2P/2P1N3/PP4P1/3PQP2/3R1RK1 b - - 0 22
37	45	18	-5	122	45	0	f5	5rk1/p2qbppp/1p5r/2p1p2P/2P1N3/PP4P1/3PQPK1/3R1R2 b - - 2 23
37	47	18	-21	113	54	0	f4	5rk1/p2qb1pp/1p5r/2p1pp1P/2P5/PPN3P1/3PQPK1/3R1R2 b - - 1 24
37	49	18	110	132	131	0	fxg3	5rk1/p2qb1pp/1p5r/2p1p2P/2P2p2/PPN2QP1/3P1PK1/3R1R2 b - - 1 25
37	51	18	-4	21	111	0	Qxd5+	5rk1/p2qb1pp/1p5r/2pQp2P/2P5/PPN3p1/3P1PK1/3R1R2 b - - 1 26
37	53	10	-3	19	112	0	Bd6	5rk1/p3b1pp/1p5r/2pNp2P/2P5/PP4p1/3P1PK1/3R1R2 b - - 0 27
37	55	10	1	19	110	0	Rxh5	5rk1/p5pp/1p1b3r/2pNp2P/2P5/PP4P1/3P2K1/3R1R2 b - - 0 28
37	57	10	5	22	112	0	Rhf5	5rk1/p5pp/1p1b4/2p1p2r/2P5/PPN3P1/3P2K1/3R1R2 b - - 1 29
37	59	8	-2	11	119	0	Rxf5	5rk1/p5pp/1p1b4/2p1pR2/2P5/PPN3P1/3P2K1/3R4 b - - 0 30
37	61	6	-1	9	124	0	Bb8	6k1/p5pp/1p1b4/1Np1pr2/2P5/PP4P1/3P2K1/3R4 b - - 1 31
37	63	6	8	8	128	0	Kf7	1b4k1/p5pp/1p6/2p1pr2/2P5/PPN3P1/3P2K1/3R4 b - - 3 32
37	65	6	4	16	115	0	Bd6	1b6/p4kpp/1p6/2p1pr2/1PP5/P1N3P1/3P2K1/3R4 b - - 0 33
37	67	6	-1	14	139	0	g5	8/p4kpp/1p1b4/1Pp1pr2/2P5/P1N3P1/3P2K1/3R4 b - - 0 34
37	69	6	15	16	117	0	Be7	8/p4k1p/1p1b4/1Pp1prp1/2P1N3/P5P1/3P2K1/3R4 b - - 1 35
37	71	6	-22	100	145	0	Kg6	8/p3bk1p/1p6/1Pp1prp1/2P1N3/P5P1/3P2K1/7R b - - 3 36
37	73	6	46	112	144	0	g4	8/p3b2p/1p4k1/1Pp1prp1/P1P1N3/6P1/3P2K1/7R b - - 0 37
37	75	6	71	97	139	0	bxa5	8/p3b2p/1p4k1/PPp1pr2/2P1N1p1/6P1/3P2K1/7R b - - 0 38
37	77	6	-6	17	144	0	Bd8	8/p3b2p/6k1/pPp1pr2/2P1N1p1/6P1/3P2K1/R7 b - - 1 39
37	79	6	4	11	148	0	Bb6	3b4/p6p/6k1/pPN1pr2/2P3p1/6P1/3P2K1/R7 b - - 0 40
37	81	6	-1	4	146	0	Rf3	8/p6p/1b4k1/pP2pr2/2P1N1p1/6P1/3P2K1/R7 b - - 2 41
37	83	6	6	10	158	0	Bc7	8/p6p/1b4k1/pPP1p3/4N1p1/5rP1/3P2K1/R7 b - - 0 42
37	85	6	33	33	154	0	Kf5	8/p1b4p/2P3k1/pP2p3/4N1p1/5rP1/3P2K1/R7 b - - 0 43
37	87	6	-23	149	137	0	Rd3	8/p1b4p/2P5/pP2pk2/6p1/2N2rP1/3P2K1/R7 b - - 2 44
37	89	6	151	200	116	0	Ke6	8/p1b4p/2P5/pP2pk2/6p1/2Nr2P1/3P2K1/5R2 b - - 4 45
37	91	6	13	24	116	0	Rxd2+	8/p1b4p/2P1k3/pP2p3/6p1/2Nr2P1/3P2K1/7R b - - 6 46
37	93	6	14	14	135	0	Rd3	8/p1b4p/2P1k3/pP2p3/6p1/2N3P1/3r4/5K1R b - - 1 47
37	95	6	0	0	135	0	Bb6	8/p1b4R/2P1k3/pP2p3/6p1/2Nr2P1/8/5K2 b - - 0 48
37	97	6	0	0	112	0	Rxg3	8/p6R/1bP1k3/pP2p3/N5p1/3r2P1/8/5K2 b - - 2 49
37	99	6	0	0	124	0	Re3+	8/p6R/1bP1k3/pP2p3/N5p1/6r1/4K3/8 b - - 1 50
37	101	6	0	0	114	0	Re4	8/p6R/1bP1k3/pP2p3/N5p1/4r3/3K4/8 b - - 3 51
37	103	6	0	0	121	0	Ke7	8/p7/1bP1k2R/pP2p3/N3r1p1/8/3K4/8 b - - 5 52
37	105	6	0	0	22	0	Kd6	8/p3k2R/1bP5/pP2p3/N3r1p1/8/3K4/8 b - - 7 53
37	107	6	0	0	0	0	Kc7	8/p7/1bPk3R/pP2p3/N3r1p1/8/3K4/8 b - - 9 54
37	109	6	0	0	13	0	Kc8	8/p1k4R/1bP5/pP2p3/N3r1p1/8/3K4/8 b - - 11 55
37	111	5	0	0	142	0	axb6	2k5/p6R/1NP5/pP2p3/4r1p1/8/3K4/8 b - - 0 56
37	113	4	0	0	140	0	Kc7	2k4R/8/1pP5/pP2p3/4r1p1/8/3K4/8 b - - 1 57
37	115	4	0	0	0	0	Kd6	8/2k4R/1pP5/pP2p3/4r1p1/8/3K4/8 b - - 3 58
37	117	4	0	0	0	0	Ke7	8/8/1pPk3R/pP2p3/4r1p1/8/3K4/8 b - - 5 59
37	119	4	0	0	0	0	Ke6	8/4k2R/1pP5/pP2p3/4r1p1/8/3K4/8 b - - 7 60
37	121	4	0	0	0	0	Ke7	8/8/1pP1k2R/pP2p3/4r1p1/8/3K4/8 b - - 9 61
37	123	4	0	0	0	0	Ke6	8/4k2R/1pP5/pP2p3/4r1p1/8/3K4/8 b - - 11 62
37	125	4	0	0	0	0	Ke7	8/8/1pP1k2R/pP2p3/4r1p1/8/3K4/8 b - - 13 63
38	16	22	0	13	1	0	O-O	r2qk2r/pp2bppp/2n1pn2/2pp4/8/1P2PQPP/PBPP1PB1/RN2K2R w KQkq - 2 9
38	18	22	24	13	5	0	Nc3	r2q1rk1/pp2bppp/2n1pn2/2pp4/8/1P2PQPP/PBPP1PB1/RN3RK1 w - - 4 10
38	20	22	3	5	-1	0	Ne4	r2q1rk1/pp2bppp/2n1pn2/2p5/3p4/1PN1PQPP/PBPP1PB1/R4RK1 w - - 0 11
38	22	22	-2	21	-5	0	Qe2	r2q1rk1/pp2bppp/2n1p3/2pn4/3pN3/1P2PQPP/PBPP1PB1/R4RK1 w - - 2 12
38	24	22	16	18	-4	0	c4	r4rk1/ppq1bppp/2n1p3/2pn4/3pN3/1P2P1PP/PBPPQPB1/R4RK1 w - - 4 13
38	26	22	16	24	1	0	d3	r4rk1/ppq1bppp/1nn1p3/2p5/2PpN3/1P2P1PP/PB1PQPB1/R4RK1 w - - 1 14
38	28	22	11	6	6	0	Rae1	3r1rk1/ppq1bppp/1nn1p3/2p5/2PpN3/1P1PP1PP/PB2QPB1/R4RK1 w - - 1 15
38	30	22	39	8	15	0	a4	3rr1k1/ppq1bppp/1nn1p3/2p5/2PpN3/1P1PP1PP/PB2QPB1/4RRK1 w - - 3 16
38	32	22	20	0	19	0	Qh5	3rr1k1/1pq1bppp/pnn1p3/2p5/P1PpN3/1P1PP1PP/1B2QPB1/4RRK1 w - - 0 17
38	34	22	127	95	29	0	Rxe3	3rr1k1/1pq1bppp/pnn1p3/2p4Q/P1P1N3/1P1Pp1PP/1B3PB1/4RRK1 w - - 0 18
38	36	22	-24	166	60	0	f4	3rr1k1/1pq1bppp/pnn5/2p1p2Q/P1P1N3/1P1PR1PP/1B3PB1/5RK1 w - - 0 19
38	38	22	81	199	86	0	Ng5	3rr1k1/1pqnbppp/p1n5/2p1p2Q/P1P1NP2/1P1PR1PP/1B4B1/5RK1 w - - 1 20
38	40	21	0	139	84	0	fxg5	3rr1k1/1pqn1ppp/p1n5/2p1p1bQ/P1P2P2/1P1PR1PP/1B4B1/5RK1 w - - 0 21
38	42	20	-13	139	84	0	Qg4	3rr1k1/1pqn1p1p/p1n3p1/2p1p1PQ/P1P5/1P1PR1PP/1B4B1/5RK1 w - - 0 22
38	44	20	82	214	81	0	Bc3	3r1rk1/1pqn1p1p/p1n3p1/2p1p1P1/P1P3Q1/1P1PR1PP/1B4B1/5RK1 w - - 2 23
38	46	20	73	156	93	0	Bd5	3r1rk1/1pqn1p1p/p5p1/2p1p1P1/P1Pn2Q1/1PBPR1PP/6B1/5RK1 w - - 4 24
38	48	20	16	90	92	0	Ba5	3r1rk1/1pq2p1p/pn4p1/2pBp1P1/P1Pn2Q1/1PBPR1PP/8/5RK1 w - - 6 25
38	50	19	-11	90	104	0	Bxc7	3r1rk1/1pq2p1p/p5p1/B1pnp1P1/P1Pn2Q1/1P1PR1PP/8/5RK1 w - - 0 26
38	52	13	-24	90	88	0	Qe4	3r1rk1/1pB2p1p/p5p1/2p1p1P1/P1Pn2Q1/1P1Pn1PP/8/5RK1 w - - 0 27
38	54	11	2	110	96	0	Bxd8	3r1rk1/1pB2p1p/p5p1/2p1p1P1/P1PnQ3/1P1P2PP/8/5nK1 w - - 0 28
38	56	9	-6	194	132	0	Qd5	3B1rk1/1p3p1p/p5p1/2p1p1P1/P1PnQ3/1P1P2nP/8/6K1 w - - 0 29
38	58	9	-2	213	138	0	Kf1	3B1rk1/1p3p1p/p5p1/2pQp1P1/P1Pn4/1P1P3P/4n3/6K1 w - - 2 30
38	60	9	-23	418	207	0	dxe4	3B1rk1/1p3p1p/p5p1/2pQ2P1/P1Pnp3/1P1P3P/4n3/5K2 w - - 0 31
38	62	9	204	466	227	0	Qxc5	3B1rk1/1p3p1p/p5p1/2pQ2P1/P1PnP3/1Pn4P/8/5K2 w - - 1 32
38	64	8	-10	305	231	0	Qa5	3r2k1/1p3p1p/p5p1/2Q3P1/P1PnP3/1Pn4P/8/5K2 w - - 0 33
38	66	8	-14	395	231	0	Qxc3	3r2k1/1p3p1p/p3n1p1/Q5P1/P1P1P3/1Pn4P/8/5K2 w - - 2 34
38	68	7	171	433	225	0	Qe5	3r2k1/1p3p1p/p5p1/6n1/P1P1P3/1PQ4P/8/5K2 w - - 0 35
38	70	7	-5	451	251	0	Qc7	3r2k1/1p3p1p/p5p1/4Q3/P1P1P3/1P3n1P/8/5K2 w - - 2 36
38	72	7	8	486	260	0	Qf4	6k1/1pQ2p1p/p5p1/8/P1P1P3/1P3n1P/3r4/5K2 w - - 4 37
38	74	7	73	486	247	0	b4	6k1/1p3p1p/p5p1/8/P1P1PQ2/1P1r1n1P/8/5K2 w - - 6 38
38	76	7	17	452	248	0	e5	8/1p3pkp/p5p1/8/PPP1PQ2/3r1n1P/8/5K2 w - - 1 39
38	78	7	-2	490	283	0	Qf6+	8/1p3pkp/p5p1/4P3/PPPn1Q2/3r3P/8/5K2 w - - 1 40
38	80	7	75	492	291	0	Ke1	8/1p3p1p/p4Qpk/4P3/PPPn4/3r3P/8/5K2 w - - 3 41
38	82	7	-30	425	289	0	Ke2	8/1p3p1p/p4Qpk/4P3/PPP5/3r3P/2n5/4K3 w - - 5 42
38	84	7	31	463	294	0	a5	8/1p1r1p1p/p4Qpk/4P3/PPP5/7P/2n1K3/8 w - - 7 43
38	86	7	-29	445	285	0	Kd3	8/1p1r1p1p/p4Qpk/P3P3/1PPn4/7P/4K3/8 w - - 1 44
38	88	7	14	474	291	0	Kc2	8/1p1r1p1p/p4Qpk/Pn2P3/1PP5/3K3P/8/8 w - - 3 45
38	90	7	10	494	278	0	Kd2	8/1p1r1p1p/p4Qpk/P3P3/1PPn4/7P/2K5/8 w - - 5 46
38	92	7	-8	484	283	0	Kc1	8/1p1r1p1p/p4Qpk/Pn2P3/1PP5/7P/3K4/8 w - - 7 47
38	94	7	2	484	273	0	Kb2	8/1p1r1p1p/p4Qpk/P3P3/1PPn4/7P/8/2K5 w - - 9 48
38	96	7	16	479	286	0	Kc3	8/1p1r1p1p/p3nQpk/P3P3/1PP5/7P/1K6/8 w - - 11 49
38	98	7	149	495	287	0	c5	8/1p1r1p1p/p4Qpk/P3P3/1PPn4/2K4P/8/8 w - - 13 50
38	100	7	0	396	281	0	Kc2	8/1p1r1p1p/p4Qpk/P1P1P3/1P6/2K4P/4n3/8 w - - 1 51
38	102	7	-3	398	270	0	Kb2	8/1p1r1p1p/p4Qpk/P1P1P3/1P1n4/7P/2K5/8 w - - 3 52
38	104	7	16	422	270	0	Kc3	8/1p1r1p1p/p3nQpk/P1P1P3/1P6/7P/1K6/8 w - - 5 53
38	106	7	261	656	263	0	Qh8	8/1p1r1p1p/p4Qpk/P1P1P3/1P1n4/2K4P/8/8 w - - 7 54
38	108	7	86	540	277	0	Kc2	7Q/1p1r1p1p/p5pk/P1P1P3/1P6/2K4P/4n3/8 w - - 9 55
38	110	7	-52	440	254	0	Kb2	7Q/1p1r1p1p/p5pk/P1P1P3/1P1n4/7P/2K5/8 w - - 11 56
38	112	7	114	535	293	0	Qc8	7Q/1p1r1p1p/p3n1pk/P1P1P3/1P6/7P/1K6/8 w - - 13 57
38	114	7	-15	413	292	0	Qg8	2Q5/1pr2p1p/p3n1pk/P1P1P3/1P6/7P/1K6/8 w - - 15 58
38	116	7	49	514	297	0	Qh8	6Q1/1pr2p1p/p3n2k/P1P1P1p1/1P6/7P/1K6/8 w - - 0 59
38	118	7	5	462	307	0	Qf6+	7Q/1pr2p1p/p3n1k1/P1P1P1p1/1P6/7P/1K6/8 w - - 2 60
38	120	7	-11	518	286	0	Qf5	8/1pr2p1p/p3nQ2/P1P1P1pk/1P6/7P/1K6/8 w - - 4 61
38	122	7	210	540	288	0	h4	8/1pr2p1p/p3n2k/P1P1PQp1/1P6/7P/1K6/8 w - - 6 62
38	124	7	303	311	305	0	Qg4	8/1pr2p1p/p3n2k/P1P1PQ2/1P5p/8/1K6/8 w - - 0 63
38	126	7	-76	441	293	0	Qxh4+	8/1pr2p1p/p6k/P1P1P1n1/1P4Qp/8/1K6/8 w - - 2 64
38	128	7	9	540	297	0	Qf4	8/1pr2p1p/p5k1/P1P1P1n1/1P5Q/8/1K6/8 w - - 1 65
38	130	7	-9	521	319	0	Qd4	8/1p3p1p/p1r3k1/P1P1P1n1/1P3Q2/8/1K6/8 w - - 3 66
38	132	7	7	548	307	0	Qd8	8/1pr2p1p/p5k1/P1P1P1n1/1P1Q4/8/1K6/8 w - - 5 67
38	134	7	0	555	313	0	Qf6+	3Q4/1pr2p1p/p3n1k1/P1P1P3/1P6/8/1K6/8 w - - 7 68
38	136	7	8	550	286	0	Qf5+	8/1pr2p1p/p3nQ2/P1P1P2k/1P6/8/1K6/8 w - - 9 69
38	138	7	544	544	304	0	Kc3	8/1pr2p1p/p3n2k/P1P1PQ2/1P6/8/1K6/8 w - - 11 70
38	140	7	15	523	307	0	Qg4	8/1p1r1p1p/p3n2k/P1P1PQ2/1P6/2K5/8/8 w - - 13 71
38	142	7	15	524	313	0	Kd3	8/1pr2p1p/p3n2k/P1P1P3/1P4Q1/2K5/8/8 w - - 15 72
38	144	7	70	524	318	0	Ke3	8/1p1r1p1p/p3n2k/P1P1P3/1P4Q1/3K4/8/8 w - - 17 73
38	146	7	511	512	305	0	Qh4+	8/1pr2p1p/p3n2k/P1P1P3/1P4Q1/4K3/8/8 w - - 19 74
38	148	7	-2	0	294	0	Qf6+	8/1pr2pkp/p3n3/P1P1P3/1P5Q/4K3/8/8 w - - 21 75
38	150	7	27	27	289	0	Kd3	6k1/1pr2p1p/p3nQ2/P1P1P3/1P6/4K3/8/8 w - - 23 76
38	152	7	11	11	291	0	Kc3	6k1/1p1r1p1p/p3nQ2/P1P1P3/1P6/3K4/8/8 w - - 25 77
38	154	7	5	5	291	0	Qf3	6k1/1pr2p1p/p3nQ2/P1P1P3/1P6/2K5/8/8 w - - 27 78
38	156	7	0	0	293	0	Qg2+	8/1pr2pkp/p3n3/P1P1P3/1P6/2K2Q2/8/8 w - - 29 79
38	158	7	-22	424	301	0	Kb3	8/1pr2p1p/p3n2k/P1P1P3/1P6/2K5/6Q1/8 w - - 31 80
38	160	7	-9	484	304	0	Qd2	8/1pr2p1p/p6k/P1P1P1n1/1P6/1K6/6Q1/8 w - - 33 81
38	162	7	-15	504	300	0	Qd3+	8/1pr2p1p/p5k1/P1P1P1n1/1P6/1K6/3Q4/8 w - - 35 82
38	164	7	505	505	300	0	Qd1	8/1pr2pkp/p7/P1P1P1n1/1P6/1K1Q4/8/8 w - - 37 83
38	166	7	24	216	299	0	Kc4	8/1pr2pk1/p6p/P1P1P1n1/1P6/1K6/8/3Q4 w - - 0 84
38	168	7	192	192	304	0	Kc3	8/1pr2pk1/p3n2p/P1P1P3/1PK5/8/8/3Q4 w - - 2 85
38	170	7	198	198	291	0	Qf3	8/1pr2p2/p3n1kp/P1P1P3/1P6/2K5/8/3Q4 w - - 4 86
38	172	7	42	337	295	0	Qf6+	8/1pr2p2/p3n2p/P1P1P1k1/1P6/2K2Q2/8/8 w - - 6 87
38	174	7	97	442	289	0	Kc4	8/1pr2p2/p3nQ1p/P1P1P2k/1P6/2K5/8/8 w - - 8 88
38	176	7	127	456	299	0	Kb3	8/1p1r1p2/p3nQ1p/P1P1P2k/1PK5/8/8/8 w - - 10 89
38	178	7	101	446	286	0	Ka3	8/1p1r1p2/p4Q1p/P1P1P2k/1P1n4/1K6/8/8 w - - 12 90
38	180	7	-65	357	290	0	Kb2	8/1pr2p2/p4Q1p/P1P1P2k/1P1n4/K7/8/8 w - - 14 91
38	182	7	50	545	281	0	Qh8	8/1p1r1p2/p4Q1p/P1P1P2k/1P1n4/8/1K6/8 w - - 16 92
38	184	7	202	567	283	0	Kc3	7Q/1p1r1p2/p3n2p/P1P1P2k/1P6/8/1K6/8 w - - 18 93
38	186	7	184	406	272	0	Kc2	7Q/1p1r1p2/p3n1kp/P1P1P3/1P6/2K5/8/8 w - - 20 94
38	188	7	111	234	258	0	Kb3	7Q/1p1r1p2/p3n2p/P1P1Pk2/1P6/8/2K5/8 w - - 22 95
38	190	7	-25	110	255	0	Qe8	7Q/1p1r1p2/p3n2p/P1P1P3/1P2k3/1K6/8/8 w - - 24 96
38	192	7	84	143	238	0	Kc3	4Q3/1pr2p2/p3n2p/P1P1P3/1P2k3/1K6/8/8 w - - 26 97
38	194	7	-26	115	228	0	Qh8+	4Q3/1pr2p2/p3n2p/P1P1k3/1P6/2K5/8/8 w - - 0 98
38	196	7	38	159	235	0	Qxh6	7Q/1pr2p2/p3n2p/P1P5/1P2k3/2K5/8/8 w - - 2 99
38	198	7	-46	111	229	0	Qh3	8/1p1r1p2/p3n2Q/P1P5/1P2k3/2K5/8/8 w - - 1 100
38	200	7	345	455	231	0	Kb3	8/1p1r1p2/p3n3/P1P5/1P3k2/2K4Q/8/8 w - - 3 101
38	202	7	49	119	232	0	Ka4	8/1p1r1p2/p7/P1P5/1P1n1k2/1K5Q/8/8 w - - 5 102
38	204	7	109	121	209	0	Ka3	8/1p1r4/p7/P1P2p2/KP1n1k2/7Q/8/8 w - f6 0 103
38	206	7	-16	339	250	0	b5	8/1p1r4/p1n5/P1P2p2/1P3k2/K6Q/8/8 w - - 2 104
38	208	7	283	552	284	0	bxa6	8/1p1r4/p7/PPP1np2/5k2/K6Q/8/8 w - - 1 105
38	210	7	-13	256	311	0	Qf1+	8/3r4/p7/P1P1np2/5k2/K6Q/8/8 w - - 0 106
38	212	7	-6	290	304	0	Qxa6	8/3r4/p7/P1P1np2/4k3/K7/8/5Q2 w - - 2 107
38	214	7	125	305	365	0	Qa8+	8/3r4/Q7/P1P1n3/4kp2/K7/8/8 w - - 0 108
38	216	7	17	215	377	0	c6	Q7/3r4/8/P1P1n3/5p2/K3k3/8/8 w - - 2 109
38	218	7	-69	177	415	0	Kb4	Q7/8/2P5/P3n3/5p2/K2rk3/8/8 w - - 1 110
38	220	7	-4	256	360	0	Kc5	Q7/8/2P5/P3n3/1K1r1p2/4k3/8/8 w - - 3 111
38	222	7	-3	268	362	0	c7	Q7/8/2P5/P1K1n3/3r4/4kp2/8/8 w - - 0 112
38	224	7	-8	272	341	0	Kd6	Q7/2P5/8/P1K1n3/2r5/4kp2/8/8 w - - 1 113
38	226	7	130	309	356	0	Qg2	Q7/2P5/3K4/P3n3/2r5/4k3/5p2/8 w - - 0 114
38	228	7	369	595	286	0	Kd7	8/2P2n2/3K4/P7/2r5/4k3/5pQ1/8 w - - 2 115
38	230	7	242	244	336	0	Kd8	8/2PK4/8/P3n3/2r5/4k3/5pQ1/8 w - - 4 116
38	232	7	0	0	399	0	Ke8	3K4/2P5/2n5/P7/2r5/4k3/5pQ1/8 w - - 6 117
38	234	7	0	0	361	0	Qg5+	4K3/2P5/8/n7/2r5/4k3/5pQ1/8 w - - 0 118
38	236	7	0	0	265	0	Qf6+	4K3/2P5/8/n5Q1/2r5/5k2/5p2/8 w - - 2 119
38	238	7	0	0	295	0	Qg7+	4K3/2P5/5Q2/n7/2r5/8/5pk1/8 w - - 4 120
38	240	7	0	0	232	0	Qf7+	4K3/2P3Q1/8/n7/2r5/5k2/5p2/8 w - - 6 121
38	242	7	0	0	232	0	Qd5+	4K3/2P2Q2/8/n7/2r5/8/5pk1/8 w - - 8 122
38	244	7	0	0	190	0	Qd6+	4K3/2P5/8/n2Q4/2r5/6k1/5p2/8 w - - 10 123
38	246	7	0	0	0	0	Qd1+	4K3/2P5/3Q4/n7/2r5/5k2/5p2/8 w - - 12 124
38	248	7	0	0	211	0	Qh1	4K3/2P5/8/n7/2r5/4k3/5p2/3Q4 w - - 14 125
38	250	7	3	3	201	0	Qh6+	4K3/2r5/8/n7/8/4k3/5p2/7Q w - - 0 126
38	252	7	0	0	168	0	Qf6+	4K3/2r5/7Q/n7/8/5k2/5p2/8 w - - 2 127
38	254	7	0	0	125	0	Qg5+	4K3/2r5/5Q2/n7/8/8/5pk1/8 w - - 4 128
38	256	7	0	0	98	0	Qf5+	4K3/2r5/8/n5Q1/8/5k2/5p2/8 w - - 6 129
38	258	7	0	0	52	0	Qe4+	4K3/2r5/8/n4Q2/8/8/4kp2/8 w - - 8 130
38	260	7	0	0	44	0	Qd5+	4K3/2r5/8/n7/4Q3/8/3k1p2/8 w - - 10 131
38	262	7	0	0	53	0	Qe5+	4K3/2r5/8/n2Q4/8/8/4kp2/8 w - - 12 132
38	264	7	0	0	22	0	Qh5+	4K3/2r5/8/n3Q3/8/5k2/5p2/8 w - - 14 133
38	266	7	0	0	37	0	Qg6+	4K3/2r5/8/n6Q/8/6k1/5p2/8 w - - 16 134
38	268	7	0	0	22	0	Qf6+	4K3/2r5/6Q1/n7/5k2/8/5p2/8 w - - 18 135
38	270	7	0	0	32	0	Qd6+	4K3/2r5/5Q2/n7/8/6k1/5p2/8 w - - 20 136
38	272	7	0	0	0	0	Qd5+	4K3/2r5/3Q4/n7/8/8/5pk1/8 w - - 22 137
38	274	7	0	0	0	0	Qxa5	4K3/2r5/8/n2Q4/8/6k1/5p2/8 w - - 24 138
38	276	6	0	0	0	0	Kd7	2r1K3/8/8/Q7/8/6k1/5p2/8 w - - 1 139
38	278	10	0	0	0	0	Qg5+	2r5/3K4/8/Q7/8/6k1/8/5q2 w - - 0 140
38	280	10	0	0	0	0	Qf6+	2r5/3K4/8/6Q1/8/5k2/8/5q2 w - - 2 141
38	282	10	0	0	0	0	Qg7+	2r5/3K4/5Q2/8/8/8/6k1/5q2 w - - 4 142
38	284	10	0	0	0	0	Kxc8	2r5/3K2Q1/8/8/8/7k/8/5q2 w - - 6 143
38	286	8	0	0	0	0	Kb8	2K5/6Q1/q7/8/8/7k/8/8 w - - 1 144
38	288	8	0	0	0	0	Qf7	1K6/6Q1/8/8/8/3q3k/8/8 w - - 3 145
38	290	8	0	0	0	0	Qc7+	1K6/5Q2/8/8/8/3q2k1/8/8 w - - 5 146
38	292	8	0	0	0	0	Qe5	1K6/2Q5/8/8/8/3q1k2/8/8 w - - 7 147
38	294	8	0	0	0	0	Qh5+	1K6/8/8/4Q3/8/5k2/3q4/8 w - - 9 148
38	296	8	0	0	0	0	Qh1+	1K6/8/8/7Q/4k3/8/3q4/8 w - - 11 149
38	298	8	0	0	0	0	Qh4+	1K6/8/8/8/3k4/8/3q4/7Q w - - 13 150
38	300	8	0	0	0	0	Qh7	1K6/8/8/8/7Q/2k5/3q4/8 w - - 15 151
38	302	8	0	0	0	0	Kb7	1K1q4/7Q/8/8/8/2k5/8/8 w - - 17 152
39	17	22	11	-65	-38	0	Ndxe5	r1bq3r/pp1nkppp/2n1p3/2PpP3/7P/2N5/PPPQ1PP1/R3KBNR b KQ - 0 9
39	19	22	1	6	-24	0	Kf8	r1bq3r/pp2kppp/2n1p3/2Ppn1Q1/7P/2N5/PPP2PP1/R3KBNR b KQ - 1 10
39	21	18	3	11	-13	0	Nxd8	r1bQ1k1r/pp3ppp/2n1p3/2Ppn3/7P/2N5/PPP2PP1/R3KBNR b KQ - 0 11
39	23	14	2	31	-22	0	Nxf3+	r1bn1k1r/pp3ppp/4p3/2Ppn3/7P/2N2N2/PPP2PP1/R3KB1R b KQ - 1 12
39	25	12	1	26	-25	0	Bd7	r1bn1k1r/pp3ppp/4p3/2Pp4/7P/2N2P2/PPP2P2/R3KB1R b KQ - 0 13
39	27	12	6	41	-19	0	Bxb5	r2n1k1r/pp1b1ppp/4p3/1BPp4/7P/2N2P2/PPP2P2/R3K2R b KQ - 2 14
39	29	10	-2	31	0	0	a5	r2n1k1r/pp3ppp/4p3/1NPp4/7P/5P2/PPP2P2/R3K2R b KQ - 0 15
39	31	10	9	55	-15	0	Ra6	r2n1k1r/1p3ppp/3Np3/p1Pp4/7P/5P2/PPP2P2/R3K2R b KQ - 1 16
39	33	10	6	58	17	0	Rc6	2Nn1k1r/1p3ppp/r3p3/p1Pp4/7P/5P2/PPP2P2/R3K2R b KQ - 3 17
39	35	10	-6	44	40	0	Ke7	3n1k1r/1p3ppp/1Nr1p3/p1Pp4/7P/5P2/PPP2P2/R3K2R b KQ - 5 18
39	37	10	8	41	41	0	b5	3n3r/1p2kppp/2r1p3/p1Pp4/N6P/5P2/PPP2P2/R3K2R b KQ - 7 19
39	39	10	-6	24	29	0	Rxc2	3n3r/4kppp/1Pr1p3/p2p4/N6P/5P2/PPP2P2/R3K2R b KQ - 0 20
39	41	10	107	130	-4	0	Rc4	3n3r/4kppp/1P2p3/p2p4/N6P/5P2/PPr2P2/R4RK1 b - - 1 21
39	43	10	369	15	53	0	Rxh4	3n3r/4kppp/1P2p3/p2p4/N1r4P/1P3P2/P4P2/R4RK1 b - - 0 22
39	45	10	2	-112	38	0	h5	3n3r/4kppp/1P2p3/p2p4/N6r/1P3P2/P4P2/2R2RK1 b - - 1 23
39	47	10	215	-113	8	0	Kd6	3n3r/2R1kpp1/1P2p3/p2p3p/N6r/1P3P2/P4P2/5RK1 b - - 1 24
39	49	10	73	-311	20	0	Rb4	3n3r/2R2pp1/1P1kp3/p2p3p/N6r/1P3P2/P4P2/2R3K1 b - - 3 25
39	51	10	324	-22	-74	0	Rh6	3n3r/R4pp1/1P1kp3/p2p3p/Nr6/1P3P2/P4P2/2R3K1 b - - 5 26
39	53	10	15	-390	-141	0	Nc6	2Rn4/R4pp1/1P1kp2r/p2p3p/Nr6/1P3P2/P4P2/6K1 b - - 7 27
39	55	10	7	-412	-210	0	Nd4	2R5/2R2pp1/1Pnkp2r/p2p3p/Nr6/1P3P2/P4P2/6K1 b - - 9 28
39	57	10	-13	-416	-186	0	Ne2+	2R5/2R2pp1/1P1kp2r/p2p3p/Nr1n1P2/1P6/P4P2/6K1 b - - 0 29
39	59	10	-14	-429	-327	0	Nxf4	2R5/2R2pp1/1P1kp2r/p2p3p/Nr3P2/1P6/P3nP2/5K2 b - - 2 30
39	61	10	236	-442	-312	0	Rd4	2R5/1PR2pp1/3kp2r/p2p3p/Nr3n2/1P6/P4P2/5K2 b - - 0 31
39	63	10	14	-452	-369	0	Ke5	3R4/1PR2pp1/3kp2r/p2p3p/N2r1n2/1P6/P4P2/5K2 b - - 2 32
39	65	10	-11	-481	-306	0	Rb4	3R4/1PR2pp1/4p2r/p2pk2p/3r1n2/1P6/PN3P2/5K2 b - - 4 33
39	67	10	17	-484	-315	0	Rf6	3R4/1P3Rp1/4p2r/p2pk2p/1r3n2/1P6/PN3P2/5K2 b - - 0 34
39	69	10	-13	-515	-348	0	Kd4	3R4/1P4R1/4pr2/p2pk2p/1r3n2/1P6/PN3P2/5K2 b - - 0 35
39	71	14	-6	-514	-376	0	Rxb8	1Q1R4/6R1/4pr2/p2p3p/1r1k1n2/1P6/PN3P2/5K2 b - - 0 36
39	73	8	29	-532	-367	0	Kc3	1R6/6R1/4pr2/p2p3p/3k1n2/1P6/PN3P2/5K2 b - - 0 37
39	75	8	38	-530	-400	0	Kd2	1R6/6R1/4pr2/p2p3p/N4n2/1Pk5/P4P2/5K2 b - - 2 38
39	77	8	12	-532	-359	0	Rf5	1R6/6R1/4pr2/p1Np3p/5n2/1P6/P2k1P2/5K2 b - - 4 39
39	79	8	32	-483	-345	0	Re5	3R4/6R1/4p3/p1Np1r1p/5n2/1P6/P2k1P2/5K2 b - - 6 40
39	81	8	37	-499	-342	0	Re2	3R4/6R1/4p3/p1Npr2p/5n2/1P6/P2k1P2/6K1 b - - 8 41
39	83	8	7	-529	-352	0	e5	3R4/5R2/4p3/p1Np3p/5n2/1P6/P2krP2/6K1 b - - 10 42
39	85	8	30	-509	-364	0	Nd3	3R4/3N1R2/8/p2pp2p/5n2/1P6/P2krP2/6K1 b - - 1 43
39	87	8	106	-462	-362	0	Kc1	R7/3N1R2/8/p2pp2p/8/1P1n4/P2krP2/6K1 b - - 3 44
39	89	8	-16	-561	-383	0	d4	8/3N1R2/8/R2pp2p/8/1P1n4/P3rP2/2k3K1 b - - 0 45
39	91	8	-23	-518	-371	0	Re1+	8/3N1R2/8/R3p2p/3p4/1P1n4/P3rP2/2k2K2 b - - 1 46
39	93	8	4	-547	-397	0	h4	8/3N1R2/8/R3p2p/3p4/1P1n4/P4PK1/2k1r3 b - - 3 47
39	95	8	15	-448	-350	0	Re2	8/R2N1R2/8/4p3/3p3p/1P1n4/P4PK1/2k1r3 b - - 1 48
39	97	8	45	-372	-287	0	e4	5R2/R2N4/8/4p3/3p3p/1P1n4/P3rPK1/2k5 b - - 3 49
39	99	8	71	-427	-258	0	e3	5R2/3N4/8/8/R2pp2p/1P1n4/P3rPK1/2k5 b - - 1 50
39	101	8	10	-512	-284	0	Rd2	5R2/3N4/8/8/3R3p/1P1np3/P3rPK1/2k5 b - - 0 51
39	103	8	66	-389	-218	0	Kd1	5R2/3N4/8/8/2R4p/1P1np3/P2r1PK1/2k5 b - - 2 52
39	105	8	68	-509	-292	0	Nxc5	5R2/8/8/2N5/2R4p/1P1np3/P2r1PK1/3k4 b - - 4 53
39	107	6	6	-602	-255	0	e2	5R2/8/8/2R5/7p/1P2p3/P2r1PK1/3k4 b - - 0 54
39	109	6	424	-576	-256	0	Rxa2	2R5/8/8/2R5/7p/1P6/P2rpPK1/3k4 b - - 1 55
39	111	6	2	-498	-266	0	Kd2	2R5/8/8/8/7p/1P6/r3pPK1/2Rk4 b - - 1 56
39	113	6	21	-469	-277	0	e1=N+	2R5/8/8/8/7p/1P6/r2kpPK1/1R6 b - - 3 57
39	115	7	5	-467	-277	0	Nd3	2R5/8/8/8/7p/1P5K/r2k1P2/1R2n3 b - - 1 58
39	117	7	38	-446	-289	0	Ra5	2R5/8/8/8/7K/1P1n4/r2k1P2/1R6 b - - 0 59
39	119	7	32	-541	-296	0	Ke2	2R5/8/8/r7/7K/1P1n1P2/3k4/1R6 b - - 0 60
39	121	7	16	-533	-280	0	Nf2+	2R5/8/8/r7/6K1/1P1n1P2/4k3/1R6 b - - 2 61
39	123	7	49	-546	-294	0	Rg5+	2R5/8/8/r7/8/1P3PK1/4kn2/1R6 b - - 4 62
39	125	7	43	-606	-302	0	Nh3+	2R5/8/8/6r1/5K2/1P3P2/4kn2/1R6 b - - 6 63
39	127	7	20	-672	-302	0	Nf2+	2R5/8/8/6r1/4K3/1P3P1n/4k3/1R6 b - - 8 64
39	129	7	31	-723	-336	0	Rf5	2R5/8/8/6r1/3K4/1P3P2/4kn2/1R6 b - - 10 65
39	131	7	5	-703	-354	0	Rf4+	8/8/8/5r2/3K4/1PR2P2/4kn2/1R6 b - - 12 66
39	133	7	64	-729	-382	0	Rf7	8/8/8/4K3/5r2/1PR2P2/4kn2/1R6 b - - 14 67
39	135	7	37	-794	-388	0	Kf1	8/5r2/8/4K3/8/1PR2P2/1R2kn2/8 b - - 16 68
39	137	7	230	-678	-362	0	Nd1	8/5r2/8/4K3/1P6/2R2P2/1R3n2/5k2 b - - 0 69
39	139	7	85	-915	-469	0	Rd7	8/5r2/8/4K3/1P6/5P2/1R6/2Rn1k2 b - - 2 70
39	141	7	4	-996	-840	0	Ke1	8/3r4/8/1P2K3/8/5P2/1R6/2Rn1k2 b - - 0 71
39	143	7	0	-1000	-843	0	Rb7	8/3r4/1P6/4K3/8/5P2/1R6/2Rnk3 b - - 0 72
39	145	7	0	-1000	-885	0	Rh7	8/1r6/1P1K4/8/8/5P2/1R6/2Rnk3 b - - 2 73
39	147	7	0	-1000	-949	1	Rxb7	8/1P5r/3K4/8/8/5P2/1R6/2Rnk3 b - - 0 74
39	149	6	0	-1000	-1000	1	Kxd1	8/1r6/3K4/8/8/5P2/1R6/3Rk3 b - - 0 75
39	151	2	0	-1000	-1000	1	Ke2	8/1R6/3K4/8/8/5P2/8/3k4 b - - 0 76
39	153	2	0	-1000	-1000	1	Kd2	8/1R6/3K4/8/5P2/8/4k3/8 b - - 0 77
39	155	2	0	-1000	-1000	1	Ke3	8/1R6/3K4/5P2/8/8/3k4/8 b - - 0 78
39	157	2	0	-1000	-1000	1	Ke2	8/1R6/3K1P2/8/8/4k3/8/8 b - - 0 79
39	159	2	0	-1000	-1000	1	Ke3	8/1R3P2/3K4/8/8/8/4k3/8 b - - 0 80
39	161	6	0	-1000	-1000	1	Kd3	5Q2/1R6/3K4/8/8/4k3/8/8 b - - 0 81
40	17	16	23	-3	-46	0	Re8	rnb4r/pp2kppp/2p2n2/4p3/1bB1P3/2N2P2/PPPB2PP/2KR2NR b - - 1 9
40	19	16	80	-20	-43	0	Na6	rnb1r3/pp2kppp/2p2n2/4p3/1bB1P3/2N2P2/PPPB2PP/1K1R2NR b - - 3 10
40	21	16	-9	-44	-31	0	b5	r1b1r3/pp2kppp/n1p2n2/4p3/1bB1P3/2N2P2/PPPBN1PP/1K1R3R b - - 5 11
40	23	16	20	-38	-32	0	Bd6	r1b1r3/p3kppp/n1p2n2/1p2p3/1b2P3/1BN2P2/PPPBN1PP/1K1R3R b - - 1 12
40	25	16	-3	-14	-32	0	Nc5	r1b1r3/p3kppp/n1pb1n2/1p2p3/4P3/1BN2P2/PPPBN1PP/1K1RR3 b - - 3 13
40	27	16	-6	-16	-36	0	Nxb3	r1b1r3/p3kppp/2pb1n2/1pn1p3/4P3/1BN1BP2/PPP1N1PP/1K1RR3 b - - 5 14
40	29	14	3	-11	-32	0	a5	r1b1r3/p3kppp/2pb1n2/1p2p3/4P3/1PN1BP2/1PP1N1PP/1K1RR3 b - - 0 15
40	31	14	34	-3	-26	0	Be6	r1b1r3/4kppp/2pb1n2/pp2p3/4P1P1/1PN1BP2/1PP1N2P/1K1RR3 b - g3 0 16
40	33	14	2	-3	2	0	Nh5	r3r3/4kppp/2pbbn2/pp2p1P1/4P3/1PN1BP2/1PP1N2P/1K1RR3 b - - 0 17
40	35	14	-3	4	6	0	Nxg3	r3r3/4kppp/2pbb3/pp2p1Pn/4P3/1PN1BPN1/1PP4P/1K1RR3 b - - 2 18
40	37	12	1	3	-3	0	a4	r3r3/4kppp/2pbb3/pp2p1P1/4P3/1PN1BPP1/1PP5/1K1RR3 b - - 0 19
40	39	12	0	0	-14	0	b4	r3r3/4kppp/2pbb3/1p2p1P1/P3P3/2N1BPP1/1PP5/1K1RR3 b - - 0 20
40	41	12	4	4	-14	0	Rxa4	r3r3/4kppp/2pbb3/4p1P1/Pp2P3/4BPP1/NPP5/1K1RR3 b - - 1 21
40	43	12	8	26	37	0	Rea8	4r3/4kppp/2pbb3/4p1P1/rp2P3/4BPP1/1PP5/1KNRR3 b - - 1 22
40	45	12	5	12	-4	0	Ra1+	r7/4kppp/2pbb3/4p1P1/rp2P3/1P2BPP1/2P5/1KNRR3 b - - 0 23
40	47	12	87	14	-8	0	f6	r7/4kppp/2pbb3/4p1P1/1p2P3/1P2BPP1/1KP5/r1NRR3 b - - 2 24
40	49	12	1	-85	-26	0	gxf6	r7/4k1pp/2pbbP2/4p3/1p2P3/1P2BPP1/1KP5/r1NRR3 b - - 0 25
40	51	12	51	-16	-23	0	R1a5	r7/4k2p/2pbbp2/4p3/1p2P3/1P1RBPP1/1KP5/r1N1R3 b - - 1 26
40	53	12	-14	-59	-48	0	Rh8	r7/4k2p/2pbbp2/r3p3/1p2P3/1P1RBPP1/1KP5/2N4R b - - 3 27
40	55	12	11	-36	-56	0	h5	7r/4k2p/2pbbp2/r3p3/1p2P3/1P2BPP1/1KPR4/2N4R b - - 5 28
40	57	12	-1	-37	-74	0	h4	7r/4k3/2pbbp2/r3p2p/1p2P1P1/1P2BP2/1KPR4/2N4R b - - 0 29
40	59	12	17	-27	-81	0	Bc5	7r/4k3/2pbbp2/r3p3/1p2P1Pp/1P2BP2/1KP4R/2N4R b - - 1 30
40	61	11	-9	-37	-85	0	Rxc5	7r/4k3/2p1bp2/r1B1p3/1p2P1Pp/1P3P2/1KP4R/2N4R b - - 0 31
40	63	10	-9	-29	-72	0	Rc3	7r/4k3/2p1bp2/2r1p3/1p2P1Pp/1P1N1P2/1KP4R/7R b - - 1 32
40	65	10	-4	-15	-79	0	Rxh4	7r/4k3/2p1bp2/4p3/1p2P1PR/1PrN1P2/1KP5/7R b - - 0 33
40	67	6	-12	-15	-85	0	c5	8/4k3/2p1bp2/4p3/1p2P1PR/1PrN1P2/1KP5/8 b - - 0 34
40	69	6	-3	-3	-117	0	Kd6	8/4k2R/4bp2/2p1p3/1p2P1P1/1PrN1P2/1KP5/8 b - - 1 35
40	71	6	0	0	-118	0	Bxb3	8/8/3kbp1R/2p1p3/1p2P1P1/1PrN1P2/1KP5/8 b - - 3 36
40	73	5	0	0	-102	0	Rxd3	8/8/3k1p1R/2p1p3/1p2P1P1/1PrN1P2/1K6/8 b - - 0 37
40	75	4	0	0	-110	0	Ke7	8/8/3k1R2/2p1p3/1p2P1P1/1P1r1P2/1K6/8 b - - 0 38
40	77	4	0	0	-100	0	Re3	8/4k3/5R2/2p1p1P1/1p2P3/1P1r1P2/1K6/8 b - - 0 39
40	79	4	0	0	-102	0	Rc3	8/4k3/2R5/2p1p1P1/1p2P3/1P2rP2/1K6/8 b - - 2 40
40	81	4	16	0	-42	0	Ke6	8/2R1k3/8/2p1p1P1/1p2P3/1Pr2P2/1K6/8 b - - 4 41
40	83	4	0	0	-37	0	Rxf3	8/2R5/4k1P1/2p1p3/1p2P3/1Pr2P2/1K6/8 b - - 0 42
40	85	4	0	0	-22	0	Kf6	8/8/4k1P1/2R1p3/1p2P3/1P3r2/1K6/8 b - - 0 43
40	87	4	0	0	-92	0	Kg7	8/8/2R2kP1/4p3/1p2P3/1P3r2/1K6/8 b - - 2 44
40	89	4	0	0	-99	0	Rf2+	8/6k1/1R4P1/4p3/1p2P3/1P3r2/1K6/8 b - - 4 45
40	91	4	6	0	-95	0	Rf3	8/6k1/1R4P1/4p3/1p2P3/1P6/5r2/2K5 b - - 6 46
40	93	4	0	0	-95	0	Kxg6	8/6k1/6P1/4p3/1R2P3/1P3r2/8/2K5 b - - 0 47
40	95	4	0	0	-94	0	Re3	8/8/6k1/1R2p3/4P3/1P3r2/8/2K5 b - - 1 48
40	97	4	0	0	-93	0	Rxb3	8/8/6k1/4R3/4P3/1P2r3/8/2K5 b - - 0 49
40	99	4	0	0	-95	0	Kf6	8/8/6k1/4R3/4P3/1r6/3K4/8 b - - 1 50
40	101	4	0	0	-59	0	Kg5	4R3/8/5k2/8/4P3/1r6/3K4/8 b - - 3 51
40	103	4	3	3	-1	0	Kf5	4R3/8/8/4P1k1/8/1r6/3K4/8 b - - 0 52
40	105	4	12	12	0	0	Kf6	4R3/8/4P3/5k2/8/1r6/3K4/8 b - - 0 53
40	107	4	0	0	0	0	Re3	4R3/8/4Pk2/8/8/1r6/2K5/8 b - - 2 54
40	109	4	7	7	0	0	Kg5	5R2/8/4Pk2/8/8/4r3/2K5/8 b - - 4 55
40	111	4	-14	0	0	0	Kf5	6R1/8/4P3/6k1/8/4r3/2K5/8 b - - 6 56
40	113	4	21	23	0	0	Kf6	4R3/8/4P3/5k2/8/4r3/2K5/8 b - - 8 57
40	115	4	2	2	0	0	Rxe7	4R3/4P3/5k2/8/8/4r3/2K5/8 b - - 0 58
40	117	2	0	0	0	0	Kxe7	8/4R3/5k2/8/8/8/2K5/8 b - - 0 59
41	16	16	19	23	43	0	O-O-O	rnb4r/pp2kppp/2p2n2/4p3/1bB1P3/2N2P2/PPPB2PP/R3K1NR w KQ - 0 9
41	18	16	10	29	50	0	Bxe6	rn5r/pp2kppp/2p1bn2/4p3/1bB1P3/2N2P2/PPPB2PP/2KR2NR w - - 2 10
41	20	14	12	40	50	0	Nge2	rn5r/pp2k1pp/2p1pn2/4p3/1b2P3/2N2P2/PPPB2PP/2KR2NR w - - 0 11
41	22	14	4	32	44	0	a3	r6r/pp1nk1pp/2p1pn2/4p3/1b2P3/2N2P2/PPPBN1PP/2KR3R w - - 2 12
41	24	14	7	26	35	0	a4	r6r/pp1nk1pp/2pbpn2/4p3/4P3/P1N2P2/1PPBN1PP/2KR3R w - - 1 13
41	26	14	13	40	35	0	Kb1	r3r3/pp1nk1pp/2pbpn2/4p3/P3P3/2N2P2/1PPBN1PP/2KR3R w - - 1 14
41	28	14	2	58	52	0	Bg5	r3r3/pp1nk1p1/2pbpn2/4p2p/P3P3/2N2P2/1PPBN1PP/1K1R3R w - h6 0 15
41	30	14	29	84	53	0	Ng3	3rr3/pp1nk1p1/2pbpn2/4p1Bp/P3P3/2N2P2/1PP1N1PP/1K1R3R w - - 2 16
41	32	14	46	133	58	0	Rhf1	3rr3/pp1nk3/2pbpnp1/4p1Bp/P3P3/2N2PN1/1PP3PP/1K1R3R w - - 0 17
41	34	14	-1	111	69	0	Nge2	3rr3/1p1nk3/2pbpnp1/p3p1Bp/P3P3/2N2PN1/1PP3PP/1K1R1R2 w - a6 0 18
41	36	14	54	118	74	0	f4	3rr3/1pbnk3/2p1pnp1/p3p1Bp/P3P3/2N2P2/1PP1N1PP/1K1R1R2 w - - 2 19
41	38	14	186	229	93	0	f5	3rrk2/1pbn4/2p1pnp1/p3p1Bp/P3PP2/2N5/1PP1N1PP/1K1R1R2 w - - 1 20
41	40	14	12	37	113	0	Ng3	3rr3/1pbn2k1/2p1pnp1/p3pPBp/P3P3/2N5/1PP1N1PP/1K1R1R2 w - - 1 21
41	42	14	11	25	98	0	fxg6	3rr3/1pb3k1/2p1pnp1/p1n1pPBp/P3P3/2N3N1/1PP3PP/1K1R1R2 w - - 3 22
41	44	12	-2	17	79	0	Rxd1	4r3/1pb3k1/2p1pnP1/p1n1p1Bp/P3P3/2N3N1/1PP3PP/1K1r1R2 w - - 0 23
41	46	10	15	16	86	0	Ka2	4r3/1pbn2k1/2p1p1P1/p1n1p1Bp/P3P3/2N3N1/1PP3PP/1K1R4 w - - 1 24
41	48	10	25	8	69	0	h4	4r3/1pbn4/2p1p1k1/p1n1p1Bp/P3P3/2N3N1/KPP3PP/3R4 w - - 0 25
41	50	10	-5	-17	10	0	Bxd8	3br3/1p1n4/2p1p1k1/p1n1p1Bp/P3P2P/2N3N1/KPP3P1/3R4 w - - 1 26
41	52	8	43	-9	26	0	b3	3r4/1p1n4/2p1p1k1/p1n1p2p/P3P2P/2N3N1/KPP3P1/3R4 w - - 0 27
41	54	8	53	-41	-67	0	Rg1	6r1/1p1n4/2p1p1k1/p1n1p2p/P3P2P/1PN3N1/K1P3P1/3R4 w - - 1 28
41	56	8	2	-112	-75	0	Nf1	6r1/1p1n4/2p1p2k/p1n1p2p/P3P2P/1PN3N1/K1P3P1/6R1 w - - 3 29
41	58	8	1	-129	-78	0	Nd2	8/1p1n4/2p1p2k/p1n1p2p/P3P1rP/1PN5/K1P3P1/5NR1 w - - 5 30
41	60	8	17	-133	-84	0	Kb1	8/1p1n4/2p1p2k/p1n1p2p/P3P2r/1PN5/K1PN2P1/6R1 w - - 0 31
41	62	8	7	-164	-113	0	Kb2	8/1p1n4/2p1p2k/p1n1p2p/P3P1r1/1PN5/2PN2P1/1K4R1 w - - 2 32
41	64	8	52	-120	-94	0	Nc4	8/1p1n4/2p1p2k/p1n1p3/P3P1rp/1PN5/1KPN2P1/6R1 w - - 0 33
41	66	8	-2	-16	-65	0	Ne3	8/1p1n4/2p1p3/p1n1p1k1/P1N1P1rp/1PN5/1KP3P1/6R1 w - - 2 34
41	68	8	-2	-6	-77	0	g3	8/1p1n4/2p1p3/p1n1p1k1/P3Pr1p/1PN1N3/1KP3P1/6R1 w - - 4 35
41	70	8	-1	-4	-68	0	Rxg3+	8/1p1n4/2p1p3/p1n1p1k1/P3Pr2/1PN1N1p1/1KP5/6R1 w - - 0 36
41	72	8	2	0	-58	0	Nc4	8/1p1n4/2p1pk2/p1n1p3/P3Pr2/1PN1N1R1/1KP5/8 w - - 1 37
41	74	8	3	-1	-70	0	Nd6	8/3n4/1pp1pk2/p1n1p3/P1N1Pr2/1PN3R1/1KP5/8 w - - 0 38
41	76	8	2	0	-67	0	Nc8+	8/3nk3/1ppNp3/p1n1p3/P3Pr2/1PN3R1/1KP5/8 w - - 2 39
41	78	8	5	0	-48	0	Re3	2N5/3n1k2/1pp1p3/p1n1p3/P3Pr2/1PN3R1/1KP5/8 w - - 4 40
41	80	8	5	17	-9	0	axb5	2N5/3n1k2/2p1p3/ppn1p3/P3Pr2/1PN1R3/1KP5/8 w - - 0 41
41	82	8	4	8	-2	0	Nxb5	2N5/3n1k2/4p3/ppn1p3/4Pr2/1PN1R3/1KP5/8 w - - 0 42
41	84	8	8	9	-2	0	Nc3	2N5/5k2/4pn2/pNn1p3/4Pr2/1P2R3/1KP5/8 w - - 1 43
41	86	8	-2	6	-6	0	Re2	2N5/5k2/4p3/p1n1p3/4Prn1/1PN1R3/1KP5/8 w - - 3 44
41	88	8	4	5	32	0	Nd6+	2N5/5k2/4p3/p1n1p3/4P1n1/1PN5/1KP1Rr2/8 w - - 5 45
41	90	8	2	2	19	0	Rxf2+	8/8/3Npk2/p1n1p3/4P1n1/1PN5/1KP1Rr2/8 w - - 7 46
41	92	4	0	0	17	0	Ka3	8/8/3Npk2/p1n1p3/4P3/1PN5/1KP2n2/8 w - - 0 47
41	94	4	1	1	11	0	Nc4	8/4k3/3Np3/p1n1p3/4P3/KPN5/2P2n2/8 w - - 2 48
41	96	4	3	3	32	0	Nxa5	8/8/4pk2/p1n1p3/2N1P3/KPN5/2P2n2/8 w - - 4 49
41	98	4	4	4	17	0	Kb4	8/8/4pk2/N1n1p3/4n3/KPN5/2P5/8 w - - 0 50
41	100	4	0	0	0	0	Kc4	8/8/n3pk2/N3p3/1K2n3/1PN5/2P5/8 w - - 2 51
41	102	4	0	0	0	0	Kd3	8/8/n2npk2/N3p3/2K5/1PN5/2P5/8 w - - 4 52
41	104	4	0	0	-5	0	Kd2	8/8/3npk2/N3p3/1n6/1PNK4/2P5/8 w - - 6 53
41	106	4	0	0	0	0	Nc4	8/8/3np3/N3pk2/1n6/1PN5/2PK4/8 w - - 8 54
41	108	3	0	0	-24	0	bxc4	8/8/4p3/4pk2/1nn5/1PN5/2PK4/8 w - - 0 55
41	110	2	0	0	-32	0	Ne2+	8/8/4p3/4p3/1nP2k2/2N5/2PK4/8 w - - 1 56
41	112	2	0	0	-55	0	Ng1+	8/8/4p3/4p3/1nP5/5k2/2PKN3/8 w - - 3 57
41	114	2	0	0	-45	0	Ne2	8/8/4p3/4p3/1nP5/8/2PK2k1/6N1 w - - 5 58
41	116	2	0	0	-51	0	Nc3	8/8/4p3/4p3/1nP5/8/2PKNk2/8 w - - 7 59
41	118	2	0	0	-15	0	Nd1	8/8/4p3/4p3/1nP5/2N2k2/2PK4/8 w - - 9 60
41	120	2	0	0	-21	0	Ne3	8/8/n3p3/4p3/2P5/5k2/2PK4/3N4 w - - 11 61
41	122	2	0	0	-14	0	Nf1	8/8/4p3/2n1p3/2P5/4Nk2/2PK4/8 w - - 13 62
41	124	2	0	0	-20	0	Nh2+	8/8/4p3/2n5/2P1p3/5k2/2PK4/5N2 w - - 0 63
41	126	2	0	0	-15	0	Nf1+	8/8/4p3/2n5/2P1p3/6k1/2PK3N/8 w - - 2 64
41	128	2	0	0	-17	0	Ne3	8/8/4p3/2n5/2P1p3/8/2PK1k2/5N2 w - - 4 65
41	130	2	0	0	-33	0	Nf1	8/8/4p3/2n5/2P1p3/4Nk2/2PK4/8 w - - 6 66
41	132	2	0	0	0	0	Ke2	8/8/4p3/2n5/2P1pk2/8/2PK4/5N2 w - - 8 67
41	134	2	0	0	-1	0	Kf2	8/8/n3p3/8/2P1pk2/8/2P1K3/5N2 w - - 10 68
41	136	2	0	0	0	0	Ne3	8/8/4p3/8/1nP1pk2/8/2P2K2/5N2 w - - 12 69
41	138	2	0	0	-1	0	c3	8/8/4p3/4k3/1nP1p3/4N3/2P2K2/8 w - - 14 70
41	140	2	0	0	0	0	Kg3	8/8/4p3/4k3/2P1p3/2PnN3/5K2/8 w - - 1 71
41	142	2	0	0	0	0	Kg4	8/8/4p3/2n1k3/2P1p3/2P1N1K1/8/8 w - - 3 72
41	144	2	0	0	0	0	Kg5	8/3n4/4p3/4k3/2P1p1K1/2P1N3/8/8 w - - 5 73
41	146	2	0	0	9	0	Ng4+	8/8/4p3/2n1k1K1/2P1p3/2P1N3/8/8 w - - 7 74
41	148	2	0	0	12	0	Kf4	8/8/3kp3/2n3K1/2P1p1N1/2P5/8/8 w - - 9 75
41	150	2	0	0	11	0	Kxe4	8/8/3kp3/8/n1P1pKN1/2P5/8/8 w - - 11 76
41	152	2	0	0	10	0	Kd3	8/8/3kp3/8/2P1K1N1/2n5/8/8 w - - 0 77
41	154	2	0	0	7	0	Kd4	8/8/3kp3/8/n1P3N1/3K4/8/8 w - - 2 78
41	156	2	0	0	7	0	Nf6	8/8/3kp3/2n5/2PK2N1/8/8/8 w - - 4 79
41	158	2	0	0	2	0	Ke3	8/8/3k1N2/2n1p3/2PK4/8/8/8 w - - 0 80
41	160	2	0	0	0	0	Ne4+	8/8/3k1N2/4p3/2P5/1n2K3/8/8 w - - 2 81
41	162	2	0	0	0	0	Ng5	8/8/2k5/4p3/2P1N3/1n2K3/8/8 w - - 4 82
41	164	2	0	0	0	0	Kd2	8/8/2k5/2n1p1N1/2P5/4K3/8/8 w - - 6 83
41	166	2	0	0	0	0	Ne4	8/3n4/2k5/4p1N1/2P5/8/3K4/8 w - - 8 84
41	168	2	0	0	0	0	Nf6	8/8/2k5/2n1p3/2P1N3/8/3K4/8 w - - 10 85
41	170	2	0	0	0	0	Kc3	8/8/3k1N2/2n1p3/2P5/8/3K4/8 w - - 12 86
41	172	2	0	0	0	0	Nd5	8/8/4kN2/2n1p3/2P5/2K5/8/8 w - - 14 87
41	174	2	0	0	0	0	Nb4	8/8/3k4/2nNp3/2P5/2K5/8/8 w - - 16 88
41	176	2	0	0	0	0	Kd3	8/8/3kn3/4p3/1NP5/2K5/8/8 w - - 18 89
42	16	24	3	42	49	0	d4	r2qkb1r/pp1bpp1p/3p2p1/2p1n3/4n3/2P2N1P/PP1PBPP1/RNBQR1K1 w kq - 0 9
42	18	24	-10	35	48	0	cxd4	r2qkb1r/pp1bpp1p/3p2p1/4n3/3pn3/2P2N1P/PP2BPP1/RNBQR1K1 w kq - 0 10
42	20	23	-5	32	26	0	Bxf3	r2qkb1r/pp1bpp1p/3p2p1/8/3Pn3/5n1P/PP2BPP1/RNBQR1K1 w kq - 0 11
42	22	22	22	89	31	0	Nc3	r2qkb1r/pp1bpp1p/6p1/3p4/3Pn3/5B1P/PP3PP1/RNBQR1K1 w kq - 0 12
42	24	21	14	88	30	0	bxc3	r2qkb1r/pp1bpp1p/6p1/3p4/3P4/2n2B1P/PP3PP1/R1BQR1K1 w kq - 0 13
42	26	20	9	84	53	0	c4	r2qkb1r/pp2pp1p/4b1p1/3p4/3P4/2P2B1P/P4PP1/R1BQR1K1 w kq - 1 14
42	28	20	79	74	77	0	Ba3	r2qk2r/pp2ppbp/4b1p1/3p4/2PP4/5B1P/P4PP1/R1BQR1K1 w kq - 1 15
42	30	20	-14	-5	57	0	Rc1	r2qk2r/pp2pp1p/4bbp1/3p4/2PP4/B4B1P/P4PP1/R2QR1K1 w kq - 3 16
42	32	20	11	19	132	0	cxd5	r3k2r/pp1qpp1p/4bbp1/3p4/2PP4/B4B1P/P4PP1/2RQR1K1 w kq - 5 17
42	34	20	-2	4	100	0	Bxd5	r3k2r/pp1qpp1p/5bp1/3b4/3P4/B4B1P/P4PP1/2RQR1K1 w kq - 0 18
42	36	18	-3	2	111	0	Bxe7	r3k2r/pp2pp1p/5bp1/3q4/3P4/B6P/P4PP1/2RQR1K1 w kq - 0 19
42	38	17	18	11	129	0	Rc7	r3k2r/pp2bp1p/6p1/3q4/3P4/7P/P4PP1/2RQR1K1 w kq - 0 20
42	40	17	3	3	109	0	Rexe7	r4rk1/ppR1bp1p/6p1/3q4/3P4/7P/P4PP1/3QR1K1 w - - 2 21
42	42	16	0	0	58	0	Rxb7	r4rk1/ppR1Rp1p/6p1/8/3P4/7P/q4PP1/3Q2K1 w - - 0 22
42	44	16	-7	1	111	0	Rxa7	3r1rk1/pR2Rp1p/6p1/8/3P4/7P/q4PP1/3Q2K1 w - - 1 23
42	46	16	-6	10	80	0	Ra4	3r1rk1/R3Rp1p/6p1/3q4/3P4/7P/5PP1/3Q2K1 w - - 1 24
42	48	16	2	4	85	0	Qe2	3rr1k1/4Rp1p/6p1/3q4/R2P4/7P/5PP1/3Q2K1 w - - 3 25
42	50	16	7	15	92	0	Rc4	3rr1k1/4Rp1p/2q3p1/8/R2P4/7P/4QPP1/6K1 w - - 5 26
42	52	14	17	17	105	0	Qxe7	3r2k1/4rp1p/2q3p1/8/2RP4/7P/4QPP1/6K1 w - - 0 27
42	54	10	-15	118	103	0	Qxd8+	3r2k1/4Qp1p/6p1/8/2qP4/7P/5PP1/6K1 w - - 0 28
42	56	8	2	167	103	0	Qd6	3Q4/5pkp/6p1/8/2qP4/7P/5PP1/6K1 w - - 1 29
42	58	8	479	479	114	0	f4	8/5pkp/3Q2p1/8/3P4/7P/4qPP1/6K1 w - - 3 30
42	60	8	0	0	111	0	Kh2	8/5pkp/3Q2p1/8/3P1P2/4q2P/6P1/6K1 w - - 1 31
42	62	8	0	0	94	0	Qc7+	8/6kp/3Q1pp1/8/3P1P2/4q2P/6PK/8 w - - 0 32
42	64	8	0	0	92	0	d5	5k2/2Q4p/5pp1/8/3P1P2/4q2P/6PK/8 w - - 2 33
42	66	8	0	0	86	0	Qc8+	5k2/2Q4p/5pp1/3P4/4qP2/7P/6PK/8 w - - 1 34
42	68	8	0	0	99	0	Qc5+	2Q5/4k2p/5pp1/3P4/4qP2/7P/6PK/8 w - - 3 35
42	70	8	0	0	89	0	Qd6	8/5k1p/5pp1/2QP4/4qP2/7P/6PK/8 w - - 5 36
42	72	8	0	0	86	0	Qc7+	8/5k2/3Q1pp1/3P3p/4qP2/7P/6PK/8 w - h6 0 37
42	74	8	0	0	82	0	Qd6	6k1/2Q5/5pp1/3P3p/4qP2/7P/6PK/8 w - - 2 38
42	76	8	0	0	42	0	Qd7+	8/5k2/3Q1pp1/3P3p/4qP2/7P/6PK/8 w - - 4 39
42	78	8	0	0	35	0	Qc8+	5k2/3Q4/5pp1/3P3p/4qP2/7P/6PK/8 w - - 6 40
42	80	8	0	0	23	0	Qb7+	2Q5/6k1/5pp1/3P3p/4qP2/7P/6PK/8 w - - 8 41
42	82	8	0	0	10	0	Qb8	8/1Q6/5ppk/3P3p/4qP2/7P/6PK/8 w - - 10 42
42	84	8	0	0	5	0	Qa7+	1Q6/6k1/5pp1/3P3p/4qP2/7P/6PK/8 w - - 12 43
42	86	8	0	0	0	0	Qc5	8/Q7/5ppk/3P3p/4qP2/7P/6PK/8 w - - 14 44
42	88	8	0	0	0	0	Kg1	8/8/5ppk/2QP3p/5q2/7P/6PK/8 w - - 0 45
42	90	8	0	0	0	0	Qc6	8/8/5ppk/2QPq2p/8/7P/6P1/6K1 w - - 2 46
42	92	8	0	0	0	0	Kh1	8/8/2Q2ppk/3P3p/8/4q2P/6P1/6K1 w - - 4 47
42	94	8	0	0	0	0	Kh2	8/8/2Q2ppk/3P3p/8/7P/6P1/4q2K w - - 6 48
42	96	8	0	0	0	0	Kh1	8/8/2Q2ppk/3Pq2p/8/7P/6PK/8 w - - 8 49
42	98	8	0	0	0	0	Kh2	8/8/2Q2ppk/3P3p/8/7P/6P1/4q2K w - - 10 50
42	100	8	0	0	0	0	Kh1	8/8/2Q2ppk/3Pq2p/8/7P/6PK/8 w - - 12 51
43	17	23	-7	-16	-23	0	dxe5	r2qkb1r/pp1bpp1p/3p2p1/2p1N3/4n3/2P4P/PP1PBPP1/RNBQR1K1 b kq - 0 9
43	19	22	7	-11	-19	0	Nd6	r2qkb1r/pp1bpp1p/6p1/2p1p3/4n3/2P2B1P/PP1P1PP1/RNBQR1K1 b kq - 1 10
43	21	22	10	-11	-5	0	Qb6	r2qkb1r/pp1bpp1p/3n2p1/2p1R3/8/2P2B1P/PP1P1PP1/RNBQ2K1 b kq - 0 11
43	23	22	-1	-7	15	0	Bg7	r3kb1r/pp1bpp1p/1q1n2p1/2p5/8/2P2B1P/PP1P1PP1/RNBQR1K1 b kq - 2 12
43	25	22	7	-4	20	0	e5	r3k2r/pp1bppbp/1q1n2p1/2p5/8/2PP1B1P/PP3PP1/RNBQR1K1 b kq - 0 13
43	27	22	92	-4	5	0	O-O-O	r3k2r/pp1b1pbp/1q1n2p1/2p1p3/8/N1PP1B1P/PP3PP1/R1BQR1K1 b kq - 1 14
43	29	22	32	-56	24	0	Be6	2kr3r/pp1b1pbp/1q1n2p1/2p1p3/8/N1PPBB1P/PP3PP1/R2QR1K1 b - - 3 15
43	31	22	-10	-30	21	0	Nf5	2kr3r/pp3pbp/1q1nb1p1/2p1p3/8/N1PPBB1P/PPQ2PP1/R3R1K1 b - - 5 16
43	33	22	-1	-13	33	0	Qc7	2kr3r/pp3pbp/1q2b1p1/2p1pn2/2N5/2PPBB1P/PPQ2PP1/R3R1K1 b - - 7 17
43	35	22	21	0	39	0	b5	2kr3r/ppq2pbp/4b1p1/2p1pn2/2N5/2PPBB1P/PPQ2PP1/3RR1K1 b - - 9 18
43	37	22	-2	-16	41	0	Nxe3	2kr3r/p1q2pbp/4b1p1/1pp1pn2/8/2PPBB1P/PPQN1PP1/3RR1K1 b - - 1 19
43	39	20	70	-13	26	0	Rhf8	2kr3r/p1q2pbp/4b1p1/1pp1p3/8/2PPPB1P/PPQN2P1/3RR1K1 b - - 0 20
43	41	20	29	-88	27	0	b4	2kr1r2/p1q2pbp/4b1p1/1pp1p3/P7/2PPPB1P/1PQN2P1/3RR1K1 b - a3 0 21
43	43	20	3	-92	4	0	b3	2kr1r2/p1q2pbp/4b1p1/2p1p3/Pp6/2PPPB1P/1PQN2P1/2R1R1K1 b - - 1 22
43	45	20	36	-84	-1	0	c4	2kr1r2/p1q2pbp/4b1p1/2p1p3/P7/1NPPPB1P/1PQ3P1/2R1R1K1 b - - 0 23
43	47	20	16	-115	-38	0	Bxc4	2kr1r2/p1q2pbp/4b1p1/4p3/P1P5/1NP1PB1P/1PQ3P1/2R1R1K1 b - - 0 24
43	49	20	-5	-34	-44	0	Bd3	2kr1r2/p1q2pbp/6p1/4p3/P1b5/2P1PB1P/1PQN2P1/2R1R1K1 b - - 1 25
43	51	20	165	-26	-52	0	Rd7	2kr1r2/p1q2pbp/6p1/4p3/P7/1QPbPB1P/1P1N2P1/2R1R1K1 b - - 3 26
43	53	20	7	-223	-29	0	Re8	2k2r2/p1qr1pbp/6p1/4p3/P1P5/1Q1bPB1P/1P1N2P1/2R1R1K1 b - - 0 27
43	55	20	22	-252	-40	0	Bxe4	2k1r3/p1qr1pbp/6p1/4p3/P1P1B3/1Q1bP2P/1P1N2P1/2R1R1K1 b - - 2 28
43	57	18	-3	-271	-56	0	f5	2k1r3/p1qr1pbp/6p1/4p3/P1P1N3/1Q2P2P/1P4P1/2R1R1K1 b - - 0 29
43	59	18	9	-279	-47	0	e4	2k1r3/p1qr2bp/6p1/4pp2/P1P5/1QN1P2P/1P4P1/2R1R1K1 b - - 1 30
43	61	18	141	-174	-25	0	Qg3	2k1r3/p1qr2bp/6p1/3N1p2/P1P1p3/1Q2P2P/1P4P1/2R1R1K1 b - - 1 31
43	63	18	23	-165	-49	0	Re6	2k1r3/p2r2bp/6p1/1Q1N1p2/P1P1p3/4P1qP/1P4P1/2R1R1K1 b - - 3 32
43	65	18	-2	-214	-44	0	Red6	2k5/p2r2bp/4r1p1/1Q1N1p2/P1P1p3/4P1qP/1P4P1/3RR1K1 b - - 5 33
43	67	18	-36	-122	-61	0	Kd8	2k5/p2r2bp/3r2p1/2QN1p2/P1P1p3/4P1qP/1P4P1/3RR1K1 b - - 7 34
43	69	18	0	0	-7	0	Be5	3k4/p2r2bp/3r2p1/P1QN1p2/2P1p3/4P1qP/1P4P1/3RR1K1 b - - 0 35
43	71	18	0	0	0	0	Qh2	3k4/p2r3p/3r2p1/P1QNbp2/2P1p3/4P1qP/1P4P1/3RRK2 b - - 2 36
43	73	18	0	0	0	0	Kc8	3k4/p2r3p/3r2p1/PQ1Nbp2/2P1p3/4P2P/1P4Pq/3RRK2 b - - 4 37
43	75	18	0	0	0	0	Kb8	2k5/p2r3p/3r2p1/P1QNbp2/2P1p3/4P2P/1P4Pq/3RRK2 b - - 6 38
43	77	18	0	0	0	0	Kc8	1k6/p2r3p/3r2p1/PQ1Nbp2/2P1p3/4P2P/1P4Pq/3RRK2 b - - 8 39
43	79	18	0	0	0	0	Kb8	2k5/p2r3p/3r2p1/P1QNbp2/2P1p3/4P2P/1P4Pq/3RRK2 b - - 10 40
43	81	18	0	0	0	0	Kc8	1k6/p2r3p/3r2p1/PQ1Nbp2/2P1p3/4P2P/1P4Pq/3RRK2 b - - 12 41
44	16	24	-4	21	42	0	Nxc4	r2qkb1r/1p1npppp/p1p2n2/7b/2pP4/1Q1BPN1P/PP1N1PP1/R1B1K2R w KQkq - 0 9
44	18	24	-1	19	68	0	Nce5	r2qkb1r/3npppp/p1p2n2/1p5b/2NP4/1Q1BPN1P/PP3PP1/R1B1K2R w KQkq b6 0 10
44	20	24	-3	16	80	0	Nxd7	r2qkb1r/3npppp/p4n2/1pp1N2b/3P4/1Q1BPN1P/PP3PP1/R1B1K2R w KQkq - 0 11
44	22	22	20	20	59	0	Be2	r2qkb1r/3npppp/p7/1pp4b/3P4/1Q1BPN1P/PP3PP1/R1B1K2R w KQkq - 0 12
44	24	22	5	16	63	0	Qc3	r2qkb1r/3npppp/p7/1p5b/2pP4/1Q2PN1P/PP2BPP1/R1B1K2R w KQkq - 0 13
44	26	22	26	23	46	0	Bd2	2rqkb1r/3npppp/p7/1p5b/2pP4/2Q1PN1P/PP2BPP1/R1B1K2R w KQk - 2 14
44	28	22	26	-1	50	0	Rd1	2rqkb1r/3n1ppp/p3p3/1p5b/2pP4/2Q1PN1P/PP1BBPP1/R3K2R w KQk - 0 15
44	30	22	8	-19	3	0	Qc2	2rqkb1r/3n1ppp/p3p3/7b/1ppP4/2Q1PN1P/PP1BBPP1/3RK2R w Kk - 0 16
44	32	22	-3	-25	-6	0	bxc3	2rqkb1r/3n1ppp/p3p3/7b/1p1P4/2p1PN1P/PPQBBPP1/3RK2R w Kk - 0 17
44	34	22	-2	-22	-5	0	Bc1	2rqkb1r/3n1ppp/p3p3/7b/3P4/2p1PN1P/P1QBBPP1/3RK2R w Kk - 0 18
44	36	22	-5	-20	9	0	e4	2r1kb1r/3n1ppp/p3p3/q6b/3P4/2p1PN1P/P1Q1BPP1/2BRK2R w Kk - 2 19
44	38	22	-6	-18	27	0	O-O	2r1k2r/3n1ppp/p2bp3/q6b/3PP3/2p2N1P/P1Q1BPP1/2BRK2R w Kk - 1 20
44	40	22	72	-14	9	0	e5	2r2rk1/3n1ppp/p2bp3/q6b/3PP3/2p2N1P/P1Q1BPP1/2BR1RK1 w - - 3 21
44	42	22	-12	-47	-26	0	Bd3	2r2rk1/3n1ppp/p2bp1b1/q3P3/3P4/2p2N1P/P1Q1BPP1/2BR1RK1 w - - 1 22
44	44	22	47	-40	-24	0	a3	2r2rk1/3n1ppp/p3p1b1/q3P3/1b1P4/2pB1N1P/P1Q2PP1/2BR1RK1 w - - 3 23
44	46	22	102	-82	-57	0	Rfe1	2r2rk1/3n1ppp/p3p1b1/q3P3/3P4/b1pB1N1P/2Q2PP1/2BR1RK1 w - - 0 24
44	48	22	182	-74	-43	0	Bg5	2r1r1k1/3n1ppp/p3p1b1/q3P3/3P4/b1pB1N1P/2Q2PP1/2BRR1K1 w - - 2 25
44	50	21	26	-263	-79	0	Rxd3	2r1r1k1/3n1ppp/p3p3/q3P1B1/3P4/b1pb1N1P/2Q2PP1/3RR1K1 w - - 0 26
44	52	20	50	-290	-92	0	Be3	2r1r1k1/3n1pp1/p3p2p/q3P1B1/3P4/b1pR1N1P/2Q2PP1/4R1K1 w - - 0 27
44	54	20	56	-365	-93	0	Rdd1	2r1r1k1/5pp1/pn2p2p/q3P3/3P4/b1pRBN1P/2Q2PP1/4R1K1 w - - 2 28
44	56	20	23	-441	-149	0	Re2	2r1r1k1/5pp1/pn2p2p/q3P3/3P4/2p1BN1P/1bQ2PP1/3RR1K1 w - - 4 29
44	58	20	70	-431	-132	0	Rb1	2r1r1k1/5pp1/p3p2p/q2nP3/3P4/2p1BN1P/1bQ1RPP1/3R2K1 w - - 6 30
44	60	20	33	-455	-115	0	Ne1	2r1r1k1/5pp1/p3p2p/3nP3/3P4/q1p1BN1P/1bQ1RPP1/1R4K1 w - - 8 31
44	62	20	57	-498	-106	0	g3	2r1r1k1/5pp1/4p2p/p2nP3/3P4/q1p1B2P/1bQ1RPP1/1R2N1K1 w - - 0 32
44	64	20	-11	-513	-144	0	Qe4	4r1k1/5pp1/4p2p/p2nP3/2rP4/q1p1B1PP/1bQ1RP2/1R2N1K1 w - - 1 33
44	66	19	31	-390	-160	0	fxe3	4r1k1/5pp1/4p2p/p3P3/2rPQ3/q1p1n1PP/1b2RP2/1R2N1K1 w - - 0 34
44	68	18	58	-307	-173	0	Kh2	4r1k1/5pp1/4p2p/p3P3/2rPQ3/1qp1P1PP/1b2R3/1R2N1K1 w - - 1 35
44	70	18	78	-356	-280	0	Nc2	4r1k1/5pp1/4p2p/4P3/p1rPQ3/1qp1P1PP/1b2R2K/1R2N3 w - - 0 36
44	72	18	96	-386	-286	0	Rf1	4r1k1/5pp1/4p2p/4P3/2rPQ3/pqp1P1PP/1bN1R2K/1R6 w - - 0 37
44	74	18	31	-485	-305	0	Qf3	4r1k1/5pp1/4p2p/4P3/2rPQ3/1qp1P1PP/pbN1R2K/5R2 w - - 0 38
44	76	18	78	-527	-318	0	Qf2	5rk1/5pp1/4p2p/4P3/2rP4/1qp1PQPP/pbN1R2K/5R2 w - - 2 39
44	78	18	126	-458	-304	0	Ree1	5rk1/6p1/4pp1p/4P3/2rP4/1qp1P1PP/pbN1RQ1K/5R2 w - - 0 40
44	80	18	10	-614	-337	0	exf6	2r2rk1/6p1/4pp1p/4P3/3P4/1qp1P1PP/pbN2Q1K/4RR2 w - - 2 41
44	82	18	51	-645	-336	0	Qg2	2r3k1/6p1/4pr1p/8/3P4/1qp1P1PP/pbN2Q1K/4RR2 w - - 0 42
44	84	16	-7	-695	-358	0	Rxf1	2r3k1/6p1/4p2p/8/3P4/1qp1P1PP/pbN3QK/4Rr2 w - - 0 43
44	86	14	35	-582	-358	0	Rg1	5rk1/6p1/4p2p/8/3P4/1qp1P1PP/pbN3QK/5R2 w - - 1 44
44	88	14	49	-605	-395	0	Re1	5rk1/6p1/4p2p/8/q2P4/2p1P1PP/pbN3QK/6R1 w - - 3 45
44	90	18	15	-644	-435	0	Nxa1	5rk1/6p1/4p2p/8/q2P4/2p1P1PP/1bN3QK/q3R3 w - - 0 46
44	92	13	54	-665	-463	0	Qe4	5rk1/6p1/4p2p/8/q2P4/2p1P1PP/6QK/b3R3 w - - 0 47
44	94	13	5	-728	-553	0	Kh1	5rk1/6p1/4p2p/8/3PQ3/2p1P1PP/q6K/b3R3 w - - 2 48
44	96	13	1	-706	-553	0	Kg1	6k1/6p1/4p2p/8/3PQ3/2p1P1PP/q4r2/b3R2K w - - 4 49
44	98	13	45	-702	-540	0	Qf3	6k1/6p1/4p2p/8/3PQ3/2p1P1PP/q6r/b3R1K1 w - - 6 50
44	100	13	60	-757	-519	0	h4	6k1/6p1/4p2p/8/3P4/4PQPP/q1p4r/b3R1K1 w - - 0 51
44	102	13	108	-892	-647	0	g4	6k1/6p1/4p2p/8/3P3P/4PQP1/q1pr4/b3R1K1 w - - 1 52
44	104	13	126	-874	-771	0	g5	6k1/6p1/4p2p/8/3P2PP/4PQ2/qbpr4/4R1K1 w - - 1 53
44	106	17	0	-1000	-884	0	Rxc1	6k1/6p1/4p2p/6P1/3P3P/4PQ2/qb1r4/2q1R1K1 w - - 0 54
44	108	11	0	-1000	-910	1	g6	6k1/6p1/4p2p/6P1/3P3P/4PQ2/q2r4/2b3K1 w - - 0 55
44	110	11	0	-1000	-932	1	d5	6k1/6p1/6Pp/4p3/3P3P/4PQ2/q2r4/2b3K1 w - - 0 56
44	112	11	0	-1000	-1056	1	Qxd5+	6k1/6p1/6Pp/3qp3/7P/4PQ2/3r4/2b3K1 w - - 0 57
44	114	3	0	-1000	-1096	1	Kg2	6k1/6p1/6Pp/3rp3/7P/4P3/8/2b3K1 w - - 0 58
44	116	3	0	-1000	-1219	1	Kf2	6k1/6p1/6Pp/3r4/4p2P/4P3/6K1/2b5 w - - 0 59
44	118	3	0	-1000	-2113	1	Ke2	6k1/6p1/6P1/3r3p/4p2P/4P3/5K2/2b5 w - - 0 60
44	120	3	0	-1000	-2195	1	Ke1	6k1/6p1/3r2P1/7p/4p2P/4P3/4K3/2b5 w - - 2 61
44	122	3	0	-1000	-1000	1	Ke2	6k1/6p1/3r2P1/7p/4p2P/4b3/8/4K3 w - - 0 62
45	16	24	-5	15	14	0	Bd3	rnbq1rk1/pp2bppp/4p3/2Pp4/3Pn3/P1N2N2/1P3PPP/R1BQKB1R w KQ - 1 9
45	18	23	-4	13	5	0	bxc3	rnbq1rk1/pp2bppp/4p3/2Pp4/3P4/P1nB1N2/1P3PPP/R1BQK2R w KQ - 0 10
45	20	22	109	48	7	0	O-O	rnbq1rk1/p3bppp/1p2p3/2Pp4/3P4/P1PB1N2/5PPP/R1BQK2R w KQ - 0 11
45	22	22	-14	-72	-5	0	Bf4	rnbq1rk1/p3bppp/4p3/2pp4/3P4/P1PB1N2/5PPP/R1BQ1RK1 w - - 0 12
45	24	22	91	-21	-4	0	Be2	rnbq1rk1/p3bppp/4p3/3p4/2pP1B2/P1PB1N2/5PPP/R2Q1RK1 w - - 0 13
45	26	22	36	-118	-22	0	Rb1	r1bq1rk1/p3bppp/2n1p3/3p4/2pP1B2/P1P2N2/4BPPP/R2Q1RK1 w - - 2 14
45	28	22	96	-111	-13	0	Qc2	r1b2rk1/p2qbppp/2n1p3/3p4/2pP1B2/P1P2N2/4BPPP/1R1Q1RK1 w - - 4 15
45	30	22	4	-219	-21	0	Ng5	r1b2rk1/p2q1ppp/2n1p3/3p4/2pP1B2/b1P2N2/2Q1BPPP/1R3RK1 w - - 0 16
45	32	22	25	-207	-33	0	Nf3	r1b2rk1/p2q1p1p/2n1p1p1/3p2N1/2pP1B2/b1P5/2Q1BPPP/1R3RK1 w - - 0 17
45	34	22	-1	-239	-47	0	Qd2	r1b2rk1/p2q1p1p/2nbp1p1/3p4/2pP1B2/2P2N2/2Q1BPPP/1R3RK1 w - - 2 18
45	36	21	8	-211	-52	0	Qxf4	r1b2rk1/p2q1p1p/2n1p1p1/3p4/2pP1b2/2P2N2/3QBPPP/1R3RK1 w - - 0 19
45	38	20	47	-190	-64	0	h3	r1b2rk1/p2q3p/2n1ppp1/3p4/2pP1Q2/2P2N2/4BPPP/1R3RK1 w - - 0 20
45	40	20	91	-153	-73	0	Qg4	r4rk1/p2q3p/b1n1ppp1/3p4/2pP1Q2/2P2N1P/4BPP1/1R3RK1 w - - 1 21
45	42	20	5	-150	-71	0	Bd1	4rrk1/p2q3p/b1n1ppp1/3p4/2pP2Q1/2P2N1P/4BPP1/1R3RK1 w - - 3 22
45	44	20	48	-90	-37	0	Ba4	4rrk1/pb1q3p/2n1ppp1/3p4/2pP2Q1/2P2N1P/5PP1/1R1B1RK1 w - - 5 23
45	46	20	38	-40	-39	0	Qg3	4rrk1/pb3q1p/2n1ppp1/3p4/B1pP2Q1/2P2N1P/5PP1/1R3RK1 w - - 7 24
45	48	20	2	-85	-40	0	Qd6	2r2rk1/pb3q1p/2n1ppp1/3p4/B1pP4/2P2NQP/5PP1/1R3RK1 w - - 9 25
45	50	20	37	-44	-33	0	Qg3	2r1r1k1/pb3q1p/2nQppp1/3p4/B1pP4/2P2N1P/5PP1/1R3RK1 w - - 11 26
45	52	20	11	122	-12	0	h4	2r1r1k1/pb3q1p/2n1pp2/3p2p1/B1pP4/2P2NQP/5PP1/1R3RK1 w - - 0 27
45	54	20	40	138	117	0	Qxg4+	2r1r1k1/pb3q1p/2n1pp2/3p4/B1pP2pP/2P2NQ1/5PP1/1R3RK1 w - - 0 28
45	56	20	39	112	114	0	h5	2r1r2k/pb3q1p/2n1pp2/3p4/B1pP2QP/2P2N2/5PP1/1R3RK1 w - - 1 29
45	58	20	46	119	98	0	h6	2r4k/pb2rq1p/2n1pp2/3p3P/B1pP2Q1/2P2N2/5PP1/1R3RK1 w - - 1 30
45	60	20	-4	85	114	0	Qh4	2r4k/pb2r2p/2n1ppqP/3p4/B1pP2Q1/2P2N2/5PP1/1R3RK1 w - - 1 31
45	62	20	86	204	128	0	Qg3	2r4k/pb2rq1p/2n1pp1P/3p4/B1pP3Q/2P2N2/5PP1/1R3RK1 w - - 3 32
45	64	20	-3	242	139	0	Qf4	2r1q2k/pb2r2p/2n1pp1P/3p4/B1pP4/2P2NQ1/5PP1/1R3RK1 w - - 5 33
45	66	20	-42	263	130	0	Rfe1	2r4k/pb2rq1p/2n1pp1P/3p4/B1pP1Q2/2P2N2/5PP1/1R3RK1 w - - 7 34
45	68	20	310	555	169	0	Qd6	b1r4k/p3rq1p/2n1pp1P/3p4/B1pP1Q2/2P2N2/5PP1/1R2R1K1 w - - 9 35
45	70	20	169	265	162	0	Qc5	b2r3k/p3rq1p/2nQpp1P/3p4/B1pP4/2P2N2/5PP1/1R2R1K1 w - - 11 36
45	72	20	47	100	145	0	Qa3	b2r3k/p1r2q1p/2n1pp1P/2Qp4/B1pP4/2P2N2/5PP1/1R2R1K1 w - - 13 37
45	74	20	-27	210	163	0	Re3	b2r2k1/p1r2q1p/2n1pp1P/3p4/B1pP4/Q1P2N2/5PP1/1R2R1K1 w - - 15 38
45	76	20	-31	351	219	0	Rbe1	b2rq1k1/p1r4p/2n1pp1P/3p4/B1pP4/Q1P1RN2/5PP1/1R4K1 w - - 17 39
45	78	20	-43	527	209	0	Nh4	b2rq1k1/p3r2p/2n1pp1P/3p4/B1pP4/Q1P1RN2/5PP1/4R1K1 w - - 19 40
45	80	20	-3	633	282	0	Nf5	b2rq1k1/p3r2p/2n2p1P/3pp3/B1pP3N/Q1P1R3/5PP1/4R1K1 w - - 0 41
45	82	20	-11	639	272	0	dxe5	b2rq1k1/p1r4p/2n2p1P/3ppN2/B1pP4/Q1P1R3/5PP1/4R1K1 w - - 2 42
45	84	20	-13	674	299	0	Bxc6	b2rq1k1/p1r4p/2n4P/3ppN2/B1p5/Q1P1R3/5PP1/4R1K1 w - - 0 43
45	86	18	-27	667	359	0	Rxe5	3rq1k1/p1r4p/2b4P/3ppN2/2p5/Q1P1R3/5PP1/4R1K1 w - - 0 44
45	88	18	0	1000	1061	1	Qc1	3r2k1/p1rq3p/2b4P/3pRN2/2p5/Q1P5/5PP1/4R1K1 w - - 1 45
45	90	18	0	1000	1000	1	Qg5+	4r1k1/p1rq3p/2b4P/3pRN2/2p5/2P5/5PP1/2Q1R1K1 w - - 3 46
45	92	18	0	1000	1000	1	Qf6+	4rk2/p1rq3p/2b4P/3pRNQ1/2p5/2P5/5PP1/4R1K1 w - - 5 47
45	94	18	0	1000	1000	1	Rxe8+	4rk2/p1r2q1p/2b2Q1P/3pRN2/2p5/2P5/5PP1/4R1K1 w - - 7 48
45	96	14	0	1000	1000	1	Nd6	4bk2/p1r2q1p/5Q1P/3p1N2/2p5/2P5/5PP1/4R1K1 w - - 0 49
45	98	14	0	1000	1000	1	Rxe7	4bk2/p3rq1p/3N1Q1P/3p4/2p5/2P5/5PP1/4R1K1 w - - 2 50
45	100	12	0	1000	1000	1	Rxf7	4b1k1/p3Rq1p/3N1Q1P/3p4/2p5/2P5/5PP1/6K1 w - - 1 51
45	102	6	0	1000	1000	1	Qg7#	6k1/p4b1p/3N1Q1P/3p4/2p5/2P5/5PP1/6K1 w - - 0 52
46	17	24	-7	-16	-2	0	f5	rnbq1rk1/pp2bppp/4p3/2Pp4/3Pn3/P1N2N2/1PQ2PPP/R1B1KB1R b KQ - 2 9
46	19	24	6	-10	-4	0	b6	rnbq1rk1/pp2b1pp/4p3/2Pp1p2/3Pn3/P1NB1N2/1PQ2PPP/R1B1K2R b KQ - 1 10
46	21	24	-8	-16	-4	0	axb6	rnbq1rk1/p3b1pp/1P2p3/3p1p2/3Pn3/P1NB1N2/1PQ2PPP/R1B1K2R b KQ - 0 11
46	23	24	21	-10	-1	0	Bd7	rnbq1rk1/4b1pp/1p2p3/3p1p2/3Pn3/P1NB1N2/1PQ2PPP/R1B2RK1 b - - 1 12
46	25	24	44	-30	-2	0	Kh8	rn1q1rk1/3bb1pp/1p2p3/3pNp2/3Pn3/P1NB4/1PQ2PPP/R1B2RK1 b - - 3 13
46	27	24	0	-82	-11	0	Nd6	rn1q1r1k/3bb1pp/1p2p3/3pNp2/3Pn3/P1NB1P2/1PQ3PP/R1B2RK1 b - - 0 14
46	29	24	-5	-51	12	0	Nc6	rn1q1r1k/3bb1pp/1p1np3/3pNp2/3P4/P1NBBP2/1PQ3PP/R4RK1 b - - 2 15
46	31	24	33	14	11	0	Rc8	r2q1r1k/3bb1pp/1pnnp3/3pNp2/3P4/P1NBBP2/1PQ3PP/4RRK1 b - - 4 16
46	33	24	8	-5	0	0	Ra8	2rq1r1k/3bb1pp/Bpnnp3/3pNp2/3P4/P1N1BP2/1PQ3PP/4RRK1 b - - 6 17
46	35	24	60	39	32	0	f4	r2q1r1k/3bb1pp/1pnnp3/3pNp2/3P4/P1N1BP2/1PQ1B1PP/4RRK1 b - - 8 18
46	37	23	7	-20	34	0	Bxc6	r2q1r1k/3bb1pp/1pNnp3/3p4/3P1p2/P1N1BP2/1PQ1B1PP/4RRK1 b - - 0 19
46	39	22	47	-23	30	0	Qd7	r2q1r1k/4b1pp/1pbnp3/3p4/3P1p2/P1N2P2/1PQ1BBPP/4RRK1 b - - 1 20
46	41	22	2	-62	30	0	h6	r4r1k/3qb1pp/1pbnp3/3p4/3P1p2/P1NB1P2/1PQ2BPP/4RRK1 b - - 3 21
46	43	22	16	-66	36	0	Bf6	r4r1k/3qb1p1/1pbnp2p/3p4/3P1p2/P1NB1P2/1PQ1RBPP/5RK1 b - - 1 22
46	45	22	-6	-41	35	0	g5	r4r1k/3q2p1/1pbnpb1p/3p4/3P1p2/P1NB1P2/1P2RBPP/2Q2RK1 b - - 3 23
46	47	22	14	-37	26	0	Rae8	r4r1k/3q4/1pbnpb1p/3p2p1/3P1p2/P1NB1P2/1P2RBPP/2Q1R1K1 b - - 1 24
46	49	22	-2	-39	33	0	Re7	4rr1k/3q4/1pbnpb1p/3p2p1/3P1p2/P1NB1P2/1PQ1RBPP/4R1K1 b - - 3 25
46	51	22	33	-27	26	0	h5	5r1k/3qr3/1pbnpb1p/3p2p1/P2P1p2/2NB1P2/1PQ1RBPP/4R1K1 b - - 0 26
46	53	22	79	-3	-7	0	Rb8	5r1k/3qr3/1pbnpb2/3p2pp/P2P1p2/1QNB1P2/1P2RBPP/4R1K1 b - - 1 27
46	55	22	-18	-86	12	0	g4	1r5k/3qr3/1pbnpb2/P2p2pp/3P1p2/1QNB1P2/1P2RBPP/4R1K1 b - - 0 28
46	57	22	-44	238	10	0	gxf3	1r5k/3qr3/1Pbnpb2/3p3p/3P1pp1/1QNB1P2/1P2RBPP/4R1K1 b - - 0 29
46	59	22	410	433	39	0	Nc4	1r5k/3qr3/1Pbnpb2/3p3p/3P1p2/1QNB1P2/1P2RB1P/4R1K1 b - - 0 30
46	61	22	352	509	59	0	Ne3	1r5k/3qr3/1Pb1pb2/3p3p/2nP1p2/2NB1P2/QP2RB1P/4R1K1 b - - 2 31
46	63	22	-40	506	131	0	Rg8+	1r5k/3qr3/1Pb1pb2/3p3p/3P1p2/3BnP2/QP2RB1P/3NR1K1 b - - 4 32
46	65	22	-5	540	117	0	Nxd1	6rk/3qr3/1Pb1pb2/3p3p/3P1p2/3BnP2/QP2RB1P/3NR2K b - - 6 33
46	67	20	4	558	306	0	e5	6rk/3qr3/1Pb1pb2/3p3p/3P1p2/3B1P2/QP2RB1P/3R3K b - - 0 34
46	69	20	-47	689	360	0	e4	6rk/3qr3/1Pb2b2/3pp2p/3P1p2/3B1P2/QP2R2P/3R2BK b - - 1 35
46	71	20	-35	868	451	0	exd3	6rk/3qr3/1Pb2b2/3p3p/3Ppp2/Q2B1P2/1P2R2P/3R2BK b - - 1 36
46	73	17	0	1000	1000	1	Bxe7	6rk/3qR3/1Pb2b2/3p3p/3P1p2/Q2p1P2/1P5P/3R2BK b - - 0 37
46	75	15	0	1000	1000	1	Bb5	6rk/3qb3/1Pb5/3p3p/3P1p2/3Q1P2/1P5P/3R2BK b - - 0 38
46	77	15	0	1000	1000	1	Qh3	6rk/3qb3/1P6/1b1p3p/3P1p2/3Q1P2/1P1R3P/6BK b - - 2 39
46	79	15	0	1000	1000	1	Bxd3	6rk/1P2b3/8/1b1p3p/3P1p2/3Q1P1q/1P1R3P/6BK b - - 0 40
46	81	11	0	1000	1000	1	Be2	6rk/1P2b3/8/3p3p/3P1p2/3b1P1q/1P3R1P/6BK b - - 1 41
46	83	15	0	1000	1000	1	Bxf3+	1Q4rk/4b3/8/3p3p/3P1p2/5P1q/1P2bR1P/6BK b - - 0 42
46	85	15	0	1000	1000	1	Bxg2#	1Q4rk/4b3/8/3p3p/3P1p2/5b1q/1P4RP/6BK b - - 1 43
47	17	24	0	-7	-56	0	Qc7	r2qkb1r/1p1npppp/p1p2n2/7b/2BP4/1Q2PN1P/PP1N1PP1/R1B1K2R b KQkq - 0 9
47	19	24	-2	-11	-10	0	Bg6	r3kb1r/1pqnpppp/p1p2n2/7b/2BP2P1/1Q2PN1P/PP1N1P2/R1B1K2R b KQkq g3 0 10
47	21	24	62	12	0	0	Nh5	r3kb1r/1pqnpppp/p1p2nb1/6P1/2BP4/1Q2PN1P/PP1N1P2/R1B1K2R b KQkq - 0 11
47	23	24	-3	31	-12	0	e6	r3kb1r/1pqnpppp/p1p3b1/6Pn/2BP4/1Q2PN1P/PP1N1P2/R1B2RK1 b kq - 2 12
47	25	24	5	22	15	0	Be7	r3kb1r/1pqn1ppp/p1p1p1b1/6Pn/3P4/1Q1BPN1P/PP1N1P2/R1B2RK1 b kq - 1 13
47	27	24	-7	121	50	0	h6	r3k2r/1pqnbppp/p1p1p1b1/6Pn/3PN3/1Q1BPN1P/PP3P2/R1B2RK1 b kq - 3 14
47	29	24	10	276	156	0	Bxe4	r3k2r/1pqnbpp1/p1p1p1bp/6Pn/3PN2P/1Q1BPN2/PP3P2/R1B2RK1 b kq - 0 15
47	31	22	-3	278	156	0	hxg5	r3k2r/1pqnbpp1/p1p1p2p/6Pn/3PB2P/1Q2PN2/PP3P2/R1B2RK1 b kq - 0 16
47	33	22	138	535	210	0	g4	r3k2r/1pqnbpp1/p1p1p3/6pn/3PB2P/1Q2PN2/PP1B1P2/R4RK1 b kq - 1 17
47	35	22	-27	406	210	0	Nhf6	r3k2r/1pqnbpp1/p1p1p3/4N2n/3PB1pP/1Q2P3/PP1B1P2/R4RK1 b kq - 1 18
47	37	22	7	431	244	0	Nxe5	r3k2r/1pqnbpp1/p1p1pn2/4N3/3P2pP/1Q2P3/PP1B1PB1/R4RK1 b kq - 3 19
47	39	20	98	434	227	0	Rxh4	r3k2r/1pq1bpp1/p1p1pn2/4P3/6pP/1Q2P3/PP1B1PB1/R4RK1 b kq - 0 20
47	41	20	-15	354	191	0	Nd7	r3k3/1pq1bpp1/p1p1pn2/4P3/6pr/1Q2P3/PP1B1PB1/R2R2K1 b q - 1 21
47	43	20	8	376	223	0	Qb8	r3k3/1pqnbpp1/p1p1p3/B3P3/6pr/1Q2P3/PP3PB1/R2R2K1 b q - 3 22
47	45	20	23	370	205	0	a5	rq2k3/1p1nbpp1/p1p1p3/4P3/6pr/1QB1P3/PP3PB1/R2R2K1 b q - 5 23
47	47	20	10	449	233	0	a4	rq2k3/1p1nbpp1/2p1p3/p3P3/6pr/PQB1P3/1P3PB1/R2R2K1 b q - 0 24
47	49	20	104	439	201	0	g6	rq2k3/1p1nbpp1/2p1p3/4P3/p5pr/P1B1P3/1PQ2PB1/R2R2K1 b q - 1 25
47	51	20	60	369	201	0	Nc5	rq2k3/1p1nbp2/2p1p1p1/4P3/p3Q1pr/P1B1P3/1P3PB1/R2R2K1 b q - 1 26
47	53	20	75	335	181	0	Nb3	rq2k3/1p2bp2/2p1p1p1/2n1P3/p4Qpr/P1B1P3/1P3PB1/R2R2K1 b q - 3 27
47	55	20	-20	274	191	0	Qc7	rq2k3/1p2bp2/2p1p1p1/4P3/p4Qpr/PnB1P3/1P3PB1/1R1R2K1 b q - 5 28
47	57	20	124	314	160	0	b5	r3k3/1pq1bp2/2p1p1p1/4P3/p4Qpr/PnB1P3/1P3P2/1R1R1BK1 b q - 7 29
47	59	20	70	285	147	0	Rc8	r3k3/2q1bp2/2p1p1p1/1p2P3/p4Qpr/PnB1P3/1P2BP2/1R1R2K1 b q - 1 30
47	61	20	202	254	134	0	Rh3	2r1k3/2q1bp2/2p1p1p1/1p2P3/p5pr/PnB1P1Q1/1P2BP2/1R1R2K1 b - - 3 31
47	63	20	24	103	134	0	Kf8	2r1k3/2q1bp2/2p1p1p1/1p2P3/p5p1/PnB1P2r/1P2BPQ1/1R1R2K1 b - - 5 32
47	65	20	-2	66	134	0	Rh4	2r2k2/2q1bp2/2p1p1p1/1p2P3/p5B1/PnB1P2r/1P3PQ1/1R1R2K1 b - - 0 33
47	67	20	218	253	133	0	Kg8	2r2k2/2q1bp2/2p1p1p1/1p2P3/p5Br/PnB1P1Q1/1P3P2/1R1R2K1 b - - 2 34
47	69	20	-19	404	132	0	c5	2r3k1/2q1bp2/2p1p1p1/1p2P3/p5Br/PnB1P1Q1/1P3P2/1R2R1K1 b - - 4 35
47	71	20	-26	489	176	0	b4	2r3k1/2q1bp2/4p1p1/1pp1P3/p5Br/PnB1P1Q1/1P3P2/1R3RK1 b - - 1 36
47	73	20	6	527	176	0	Kg7	2r3k1/2q1bp2/4p1p1/2p1P3/pp4Br/Pn2P1Q1/1P3P2/1R2BRK1 b - - 1 37
47	75	20	-6	527	187	0	Rch8	2r5/2q1bpk1/4p1p1/2p1P3/pp5r/Pn2PBQ1/1P3P2/1R2BRK1 b - - 3 38
47	77	20	107	553	188	0	bxa3	7r/2q1bpk1/4p1p1/2p1P3/pp5r/Pn2P1Q1/1P3PB1/1R2BRK1 b - - 5 39
47	79	20	55	469	195	0	c4	7r/2q1bpk1/4p1p1/2p1P3/p6r/Pn2P1Q1/5PB1/1R2BRK1 b - - 0 40
47	81	20	29	399	192	0	R8h5	7r/2q1bpk1/4p1p1/4P3/p1p4r/PnB1P1Q1/5PB1/1R3RK1 b - - 1 41
47	83	20	105	433	203	0	Kg8	8/2q1bpk1/4p1p1/4P2r/p1p2P1r/PnB1P1Q1/6B1/1R3RK1 b - f3 0 42
47	85	20	76	376	160	0	Qa7	6k1/2q1bp2/4p1p1/4P2r/p1p2P1r/PnB1PQ2/6B1/1R3RK1 b - - 2 43
47	87	20	269	328	154	0	Rh2	6k1/q3bp2/4p1p1/4P2r/p1p2P1r/PnB1PQ2/6B1/3R1RK1 b - - 4 44
47	89	20	6	165	149	0	Kh7	6k1/q3bp2/4p1p1/4P2r/p1p1QP2/PnB1P3/6Br/3R1RK1 b - - 6 45
47	91	20	116	237	158	0	Bxa3	8/q3bp1k/4p1p1/4P2r/p1p1QP2/PnB1P3/6Br/3RR1K1 b - - 8 46
47	93	20	-44	355	121	0	Bc5	8/q4p1k/4p1p1/4P2r/p1Q2P2/bnB1P3/6Br/3RR1K1 b - - 0 47
47	95	20	-107	501	125	0	Bxd4	8/q4p1k/4p1p1/2b1P2r/p1QB1P2/1n2P3/6Br/3RR1K1 b - - 2 48
47	97	18	250	665	192	0	R2h4	8/q4p1k/4p1p1/4P2r/p1QP1P2/1n6/6Br/3RR1K1 b - - 0 49
47	99	18	-76	437	192	0	Rf5	8/q4p1k/4p1p1/4P2r/p1QPRP1r/1n6/6B1/3R2K1 b - - 2 50
47	101	18	156	553	201	0	g5	8/q4p1k/4p1p1/4Pr2/p2PRP1r/1n6/6B1/3R1QK1 b - - 4 51
47	103	18	-58	496	189	0	gxf4	8/q4p1k/4p3/4Prp1/p2PRP1r/1n1Q4/6B1/3R2K1 b - - 1 52
47	105	18	176	597	232	0	Qd7	8/q4p1k/4p3/4Pr2/p2PRp1r/1n3Q2/6B1/3R2K1 b - - 1 53
47	107	18	483	539	227	0	Qd5	8/3q1p1k/4p3/4Pr2/p2P1p1r/1n3Q2/6B1/3RR1K1 b - - 3 54
47	109	18	-16	461	239	0	Qd8	8/5p1k/4p3/3qPr2/p2P1p1r/1n3Q2/5KB1/3RR3 b - - 5 55
47	111	18	49	494	234	0	Qb6+	3q4/5p1k/4p3/3PPr2/p4p1r/1n3Q2/5KB1/3RR3 b - - 0 56
47	113	18	-32	413	212	0	Qb5+	8/5p1k/1q2p3/3PPr2/p4p1r/1n3Q2/6B1/3RRK2 b - - 2 57
47	115	18	-2	563	230	0	Qc5+	8/5p1k/4p3/1q1PPr2/p4p1r/1n3Q2/6B1/3RR1K1 b - - 4 58
47	117	18	456	611	297	0	Rh2	8/5p1k/4p3/2qPPr2/p4p1r/1n3Q2/6B1/3RRK2 b - - 6 59
47	119	18	-95	118	314	0	Rg5	8/5p1k/4P3/2q1Pr2/p4p2/1n3Q2/6Br/3RRK2 b - - 0 60
47	121	18	-40	307	354	0	Kg7	8/5p1k/4P3/2q1P1r1/p3Qp2/1n6/6Br/3RRK2 b - - 2 61
47	123	18	-11	364	299	0	Qb5+	8/5pk1/4P3/2q1P1r1/p4Q2/1n6/6Br/3RRK2 b - - 0 62
47	125	18	-8	377	250	0	Rhxg2	8/5pk1/4P3/1q2P1r1/p4Q2/1n6/4R1Br/3R1K2 b - - 2 63
47	127	17	14	403	343	0	Kh6	8/5Qk1/4P3/1q2P1r1/p7/1n6/4R1r1/3R1K2 b - - 0 64
47	129	17	-8	405	324	0	Kh5	5Q2/8/4P2k/1q2P1r1/p7/1n6/4R1r1/3R1K2 b - - 2 65
47	131	17	2	435	293	0	R5g4	8/8/4P3/1q2P1rk/p7/1n3Q2/4R1r1/3R1K2 b - - 4 66
47	133	17	-15	453	157	0	Kh4	8/8/4P3/1q2PQ1k/p5r1/1n6/4R1r1/3R1K2 b - - 6 67
47	135	17	6	487	198	0	Kg5	8/7Q/4P3/1q2P3/p5rk/1n6/4R1r1/3R1K2 b - - 8 68
47	137	17	5	493	170	0	Kf4	8/6Q1/4P3/1q2P1k1/p5r1/1n6/4R1r1/3R1K2 b - - 10 69
47	139	17	6	497	225	0	Rg5	8/8/4P2Q/1q2P3/p4kr1/1n6/4R1r1/3R1K2 b - - 12 70
47	141	17	5	482	248	0	Kf5	8/8/4P3/1q2P1r1/p4k1Q/1n6/4R1r1/3R1K2 b - - 14 71
47	143	17	20	501	256	0	Rg6	8/7Q/4P3/1q2Pkr1/p7/1n6/4R1r1/3R1K2 b - - 16 72
47	145	17	15	497	202	0	R2g4	8/8/4P1r1/1q2Pk2/p7/1n5Q/4R1r1/3R1K2 b - - 18 73
47	147	17	-10	510	304	0	Qc4	8/8/3RP1r1/1q2Pk2/p5r1/1n5Q/4R3/5K2 b - - 20 74
47	149	17	225	784	792	0	Qc1+	8/4P3/3R2r1/4Pk2/p1q3r1/1n5Q/4R3/5K2 b - - 0 75
47	151	17	-117	575	509	0	Qf4+	8/4P3/3R2r1/4Pk2/p5r1/1n5Q/8/2q1RK2 b - - 2 76
47	153	17	19	706	500	0	Qxe5+	8/4P3/3R2r1/4Pk2/p4qr1/1n5Q/4K3/4R3 b - - 4 77
47	155	17	18	731	456	0	Qf4+	8/4P3/3R2r1/4qk2/p5r1/1n5Q/5K2/4R3 b - - 1 78
47	157	17	37	755	585	0	Rxd6	8/4P3/3R2r1/5k2/p4qr1/1n5Q/4K3/4R3 b - - 3 79
47	159	15	79	770	533	0	Kf6	8/4P2Q/3r4/5k2/p4qr1/1n6/4K3/4R3 b - - 1 80
47	161	16	69	789	566	0	Ke6	4N3/7Q/3r1k2/8/p4qr1/1n6/4K3/4R3 b - - 0 81
47	163	14	-41	830	557	0	Kxd6	8/7Q/3Nk3/8/p4qr1/1n6/4K3/4R3 b - - 0 82
47	165	13	-23	844	642	0	Kc7	8/8/3k4/8/p4qr1/1n1Q4/4K3/4R3 b - - 1 83
47	167	13	-59	941	1025	0	Kb8	8/2k5/8/8/p4qr1/1nQ5/4K3/4R3 b - - 3 84
47	169	13	0	1000	1159	1	Rg2+	1k6/8/8/8/p4qr1/1n2Q3/4K3/4R3 b - - 5 85
47	171	13	0	1000	1193	1	Qd6+	1k6/8/8/8/p4q2/1n1KQ3/6r1/4R3 b - - 7 86
47	173	13	0	1000	1261	1	Nd2+	1k6/8/3q4/8/p3K3/1n2Q3/6r1/4R3 b - - 9 87
47	175	13	0	1000	1268	1	Qf8+	1k6/8/3q4/5K2/p7/4Q3/3n2r1/4R3 b - - 11 88
47	177	13	0	1000	1339	1	Nc4+	1k3q2/8/8/4K3/p7/4Q3/3n2r1/4R3 b - - 13 89
47	179	13	0	1000	1672	1	Nxe3	1k3q2/8/8/8/p1nK4/4Q3/6r1/4R3 b - - 15 90
47	181	9	0	1000	1758	1	Ka7	1k3q2/8/8/8/p2K4/4n3/6r1/1R6 b - - 1 91
48	16	24	60	34	17	0	Nc3	rnbq1rk1/1p2ppbp/2pp2p1/p2nP3/3P4/1B3N2/PPP1QPPP/RNB2RK1 w - - 1 9
48	18	23	-8	-25	34	0	bxc3	rnbq1rk1/1p2ppbp/2pp2p1/p3P3/3P4/1Bn2N2/PPP1QPPP/R1B2RK1 w - - 0 10
48	20	22	-10	-23	36	0	Bc4	rnbq1rk1/1p2ppbp/2pp2p1/4P3/p2P4/1BP2N2/P1P1QPPP/R1B2RK1 w - - 0 11
48	22	22	3	35	32	0	Bd3	rnbq1rk1/1p2ppbp/2p3p1/3pP3/p1BP4/2P2N2/P1P1QPPP/R1B2RK1 w - - 0 12
48	24	22	-11	185	79	0	Ng5	rn1q1rk1/1p2ppbp/2p1b1p1/3pP3/p2P4/2PB1N2/P1P1QPPP/R1B2RK1 w - - 2 13
48	26	22	-4	380	116	0	Nxe6	rn1q1rk1/1p2ppbp/4b1p1/2ppP1N1/p2P4/2PB4/P1P1QPPP/R1B2RK1 w - - 0 14
48	28	20	-9	374	112	0	Qg4	rn1q1rk1/1p2p1bp/4p1p1/2ppP3/p2P4/2PB4/P1P1QPPP/R1B2RK1 w - - 0 15
48	30	20	26	427	108	0	Rb1	rn3rk1/1p1qp1bp/4p1p1/2ppP3/p2P2Q1/2PB4/P1P2PPP/R1B2RK1 w - - 2 16
48	32	20	85	403	110	0	Rb6	r4rk1/1p1qp1bp/2n1p1p1/2ppP3/p2P2Q1/2PB4/P1P2PPP/1RB2RK1 w - - 4 17
48	34	20	104	321	113	0	h3	r4rk1/1p1qp1bp/1Rn1p1p1/2ppP3/3P2Q1/p1PB4/P1P2PPP/2B2RK1 w - - 0 18
48	36	20	59	351	118	0	Be2	r4rk1/1p1qp1bp/1Rn1p1p1/3pP3/2pP2Q1/p1PB3P/P1P2PP1/2B2RK1 w - - 0 19
48	38	20	85	385	126	0	Bf4	r5k1/1p1qp1bp/1Rn1p1p1/3pPr2/2pP2Q1/p1P4P/P1P1BPP1/2B2RK1 w - - 2 20
48	40	20	-19	380	126	0	Rfb1	r5k1/1pq1p1bp/1Rn1p1p1/3pPr2/2pP1BQ1/p1P4P/P1P1BPP1/5RK1 w - - 4 21
48	42	20	106	420	131	0	Qh4	r2n2k1/1pq1p1bp/1R2p1p1/3pPr2/2pP1BQ1/p1P4P/P1P1BPP1/1R4K1 w - - 6 22
48	44	20	13	343	174	0	Rxa6	3n2k1/1pq1p1bp/rR2p1p1/3pPr2/2pP1B1Q/p1P4P/P1P1BPP1/1R4K1 w - - 8 23
48	46	16	20	357	166	0	Bc1	3n2k1/2q1p1bp/p3p1p1/3pPr2/2pP1B1Q/p1P4P/P1P1BPP1/1R4K1 w - - 0 24
48	48	16	122	483	178	0	Bxa3	3n2k1/2q1prbp/p3p1p1/3pP3/2pP3Q/p1P4P/P1P1BPP1/1RB3K1 w - - 2 25
48	50	16	242	467	195	0	Rb8	3n2k1/4prbp/p3p1p1/q2pP3/2pP3Q/B1P4P/P1P1BPP1/1R4K1 w - - 1 26
48	52	15	-22	260	180	0	Rxd8+	1R1n2k1/4prbp/p3p1p1/3pP3/2pP3Q/q1P4P/P1P1BPP1/6K1 w - - 0 27
48	54	14	303	303	180	0	Rd7	3R1rk1/4p1bp/p3p1p1/3pP3/2pP3Q/q1P4P/P1P1BPP1/6K1 w - - 1 28
48	56	14	-58	400	212	0	Kh2	5r2/3Rpkbp/p3p1p1/3pP3/2pP3Q/q1P4P/P1P1BPP1/6K1 w - - 3 29
48	58	14	-31	510	231	0	Rc7	5r2/3Rpkb1/p3p1pp/3pP3/2pP3Q/q1P4P/P1P1BPPK/8 w - - 0 30
48	60	14	23	602	208	0	Qf4+	5r2/2R1pkb1/p3p1p1/3pP2p/2pP3Q/q1P4P/P1P1BPPK/8 w - - 0 31
48	62	14	1	624	228	0	Qg5	5rk1/2R1p1b1/p3p1p1/3pP2p/2pP1Q2/q1P4P/P1P1BPPK/8 w - - 2 32
48	64	14	11	657	204	0	Bf3	5r2/2R1pkb1/p3p1p1/3pP1Qp/2pP4/q1P4P/P1P1BPPK/8 w - - 4 33
48	66	14	316	686	200	0	g4	5r2/2R1pkb1/4p1p1/p2pP1Qp/2pP4/q1P2B1P/P1P2PPK/8 w - - 0 34
48	68	14	-25	345	157	0	Qe3	5rk1/2R1p1b1/4p1p1/p2pP1Qp/2pP2P1/q1P2B1P/P1P2P1K/8 w - - 1 35
48	70	14	230	549	172	0	Bg2	5rk1/2R1p1b1/4p1p1/p2pP3/2pP2Pp/q1P1QB1P/P1P2P1K/8 w - - 0 36
48	72	14	18	363	144	0	Rb7	5rk1/2R1p1b1/4p1p1/3pP3/p1pP2Pp/q1P1Q2P/P1P2PBK/8 w - - 0 37
48	74	14	105	577	131	0	Qg5	5r2/1R2pkb1/4p1p1/3pP3/p1pP2Pp/q1P1Q2P/P1P2PBK/8 w - - 2 38
48	76	14	-53	444	180	0	Qf4+	4r3/1R2pkb1/4p1p1/3pP1Q1/p1pP2Pp/q1P4P/P1P2PBK/8 w - - 4 39
48	78	14	7	529	251	0	Qd2	4r1k1/1R2p1b1/4p1p1/3pP3/p1pP1QPp/q1P4P/P1P2PBK/8 w - - 6 40
48	80	14	52	523	252	0	Rb6	4r3/1R2pkb1/4p1p1/3pP3/p1pP2Pp/q1P4P/P1PQ1PBK/8 w - - 8 41
48	82	14	80	553	257	0	g5	5r2/4pkb1/1R2p1p1/3pP3/p1pP2Pp/q1P4P/P1PQ1PBK/8 w - - 10 42
48	84	14	67	495	257	0	Bf3	5r2/4pkb1/1R2p1p1/3pP1P1/p1pP3p/2P4P/q1PQ1PBK/8 w - - 0 43
48	86	14	30	585	280	0	Bg4	5rk1/4p1b1/1R2p1p1/3pP1P1/p1pP3p/2P2B1P/q1PQ1P1K/8 w - - 2 44
48	88	14	42	605	351	0	f4	5r2/4p1bk/1R2p1p1/3pP1P1/p1pP2Bp/2P4P/q1PQ1P1K/8 w - - 4 45
48	90	14	42	770	381	0	Bxe6	5r1b/4p2k/1R2p1p1/3pP1P1/p1pP1PBp/2P4P/q1PQ3K/8 w - - 1 46
48	92	14	95	1000	610	1	Rb7	3r3b/4p2k/1R2B1p1/3pP1P1/p1pP1P1p/2P4P/q1PQ3K/8 w - - 1 47
48	94	14	0	1000	1000	1	Qf2	4r2b/1R2p2k/4B1p1/3pP1P1/p1pP1P1p/2P4P/q1PQ3K/8 w - - 3 48
48	96	14	0	1000	1000	1	f5	4r2b/1R2p1k1/4B1p1/3pP1P1/p1pP1P1p/2P4P/q1P2Q1K/8 w - - 5 49
48	98	14	0	1000	1000	1	Qxc2	4r2b/1R2p1k1/4B1p1/3pPPP1/p1pP3p/2P4P/2q2Q1K/8 w - - 0 50
48	100	10	0	1000	1000	1	f6+	5r1b/1R2p1k1/4B1p1/3pPPP1/p1pP3p/2P4P/2Q4K/8 w - - 1 51
48	102	10	0	1000	1000	1	exf6+	7b/1R2p1k1/4Brp1/3pP1P1/p1pP3p/2P4P/2Q4K/8 w - - 0 52
48	104	8	0	1000	1000	1	Bg8+	7b/1R2p2k/4BPp1/3p2P1/p1pP3p/2P4P/2Q4K/8 w - - 1 53
48	106	7	0	1000	1000	1	Qxg6+	6kb/1R2p3/5Pp1/3p2P1/p1pP3p/2P4P/2Q4K/8 w - - 0 54
48	108	7	0	1000	1000	1	Qxg7#	6k1/1R2p1b1/5PQ1/3p2P1/p1pP3p/2P4P/7K/8 w - - 1 55
49	16	23	5	-14	-41	0	Qxe2	r2qk2r/pp1n1ppp/2pbpn2/3p4/7N/1P1PP3/PBPNbPPP/R2QK2R w KQkq - 0 9
49	18	22	3	4	-21	0	Nhf3	r2qk2r/pp1n1p1p/2pbpn2/3p2p1/7N/1P1PP3/PBPNQPPP/R3K2R w KQkq g6 0 10
49	20	22	-9	-2	-2	0	Nd4	r2qk2r/pp1n1p1p/2pbpn2/3p4/6p1/1P1PPN2/PBPNQPPP/R3K2R w KQkq - 0 11
49	22	22	-10	194	11	0	h3	r2q1rk1/pp1n1p1p/2pbpn2/3p4/3N2p1/1P1PP3/PBPNQPPP/R3K2R w KQ - 2 12
49	24	22	-44	347	19	0	Rxh3	r2q1rk1/pp1n1p1p/2pbpn2/3p4/3N4/1P1PP2p/PBPNQPP1/R3K2R w KQ - 0 13
49	26	22	215	413	32	0	Rh6	r2q1rk1/1p1n1p1p/p1pbpn2/3p4/3N4/1P1PP2R/PBPNQPP1/R3K3 w Q - 0 14
49	28	22	250	402	51	0	Qf3	2rq1rk1/1p1n1p1p/p1pbpn1R/3p4/3N4/1P1PP3/PBPNQPP1/R3K3 w Q - 2 15
49	30	22	97	215	57	0	O-O-O	2rq1rk1/1p1n1p1p/p1p1pn1R/3pb3/3N4/1P1PPQ2/PBPN1PP1/R3K3 w Q - 4 16
49	32	22	-4	125	56	0	Ne2	2rq1rk1/1p1n1p1p/p3pn1R/2ppb3/3N4/1P1PPQ2/PBPN1PP1/2KR4 w - - 0 17
49	34	22	2	140	77	0	Rdh1	2rq1r2/1p1n1pkp/p3pn1R/2ppb3/8/1P1PPQ2/PBPNNPP1/2KR4 w - - 2 18
49	36	22	165	291	88	0	a4	2rqr3/1p1n1pkp/p3pn1R/2ppb3/8/1P1PPQ2/PBPNNPP1/2K4R w - - 4 19
49	38	22	2	230	105	0	c3	2r1r3/1pqn1pkp/p3pn1R/2ppb3/P7/1P1PPQ2/1BPNNPP1/2K4R w - - 1 20
49	40	22	-4	500	120	0	g4	3rr3/1pqn1pkp/p3pn1R/2ppb3/P7/1PPPPQ2/1B1NNPP1/2K4R w - - 1 21
49	42	22	-5	537	136	0	Qh3	3r3r/1pqn1pkp/p3pn1R/2ppb3/P5P1/1PPPPQ2/1B1NNP2/2K4R w - - 1 22
49	44	22	196	578	204	0	g5	3r1k1r/1pqn1p1p/p3pn1R/2ppb3/P5P1/1PPPP2Q/1B1NNP2/2K4R w - - 3 23
49	46	22	151	442	200	0	d4	3rnk1r/1pqn1p1p/p3p2R/2ppb1P1/P7/1PPPP2Q/1B1NNP2/2K4R w - - 1 24
49	48	22	-15	337	204	0	Rxh7	3rnk1r/1pqn1pbp/p3p2R/2pp2P1/P2P4/1PP1P2Q/1B1NNP2/2K4R w - - 1 25
49	50	20	-11	356	200	0	Qxh7	3rnk2/1pqn1pbr/p3p3/2pp2P1/P2P4/1PP1P2Q/1B1NNP2/2K4R w - - 0 26
49	52	18	-28	487	219	0	exd4	3rnk2/1pqn1pbQ/p3p3/3p2P1/P2p4/1PP1P3/1B1NNP2/2K4R w - - 0 27
49	54	18	47	559	217	0	Kb1	3r1k2/1pqn1pbQ/p2np3/3p2P1/P2P4/1PP5/1B1NNP2/2K4R w - - 1 28
49	56	18	20	737	489	0	Ng3	3r1k2/1pqn1pbQ/p2n4/3pp1P1/P2P4/1PP5/1B1NNP2/1K5R w - - 0 29
49	58	18	-98	756	681	0	Ba3	3r1k2/1pqn1pbQ/p2n4/3p2P1/P2Pp3/1PP3N1/1B1N1P2/1K5R w - - 0 30
49	60	18	-7	856	714	0	gxf6	3r1k2/1pq2pbQ/p2n1n2/3p2P1/P2Pp3/BPP3N1/3N1P2/1K5R w - - 2 31
49	62	17	47	875	719	0	Nf5	3r1k2/1pq2p1Q/p2n1b2/3p4/P2Pp3/BPP3N1/3N1P2/1K5R w - - 0 32
49	64	17	-16	862	857	0	Bxd6	3rk3/1pq2p1Q/p2n1b2/3p1N2/P2Pp3/BPP5/3N1P2/1K5R w - - 2 33
49	66	15	-18	906	908	0	Qg8+	4k3/1pq2p1Q/p2r1b2/3p1N2/P2Pp3/1PP5/3N1P2/1K5R w - - 0 34
49	68	15	175	941	908	0	Qxf7+	6Q1/1pqk1p2/p2r1b2/3p1N2/P2Pp3/1PP5/3N1P2/1K5R w - - 2 35
49	70	15	-14	784	939	0	Nxd6	8/1pq2Q2/p1kr1b2/3p1N2/P2Pp3/1PP5/3N1P2/1K5R w - - 1 36
49	72	9	3	811	966	0	Nxf7	8/1p3q2/p1kN1b2/3p4/P2Pp3/1PP5/3N1P2/1K5R w - - 0 37
49	74	5	4	839	1052	0	Rh5	8/1p1k1N2/p4b2/3p4/P2Pp3/1PP5/3N1P2/1K5R w - - 1 38
49	76	5	37	886	1130	0	Ne5+	8/3k1N2/pp3b2/3p3R/P2Pp3/1PP5/3N1P2/1K6 w - - 0 39
49	78	4	-82	918	1188	0	Rxe5	8/3k4/pp6/3pb2R/P2Pp3/1PP5/3N1P2/1K6 w - - 0 40
49	80	3	0	1000	1227	1	c4	8/8/pp1k4/3pR3/P2Pp3/1PP5/3N1P2/1K6 w - - 1 41
49	82	3	0	1000	1266	1	Nxe4+	8/8/pp1k4/4R3/P1pPp3/1P6/3N1P2/1K6 w - - 0 42
49	84	3	0	1000	1269	1	d5+	8/8/ppk5/4R3/P1pPN3/1P6/5P2/1K6 w - - 1 43
50	17	24	18	31	-30	0	dxe5	rnbq1rk1/1p2ppbp/2pp2p1/p2nP3/3P4/1BN2N2/PPP1QPPP/R1B2RK1 b - - 2 9
50	19	24	109	31	-27	0	h6	rnbq1rk1/1p2ppbp/2p3p1/p2nP3/8/1BN2N2/PPP1QPPP/R1B2RK1 b - - 0 10
50	21	24	58	2	-30	0	e6	rnbq1rk1/1p2ppb1/2p3pp/p2nP3/8/1BN2N2/PPPBQPPP/R4RK1 b - - 1 11
50	23	24	39	-8	-19	0	Nd7	rnbq1rk1/1p3pb1/2p1p1pp/p2nP3/8/1BN2N2/PPPBQPPP/3R1RK1 b - - 1 12
50	25	24	8	-51	-6	0	b6	r1bq1rk1/1p1n1pb1/2p1p1pp/p2nP3/8/1BN2N2/PPPBQPPP/3RR1K1 b - - 3 13
50	27	24	-6	-45	7	0	Qc7	r1bq1rk1/3n1pb1/1pp1p1pp/p2nP3/8/PBN2N2/1PPBQPPP/3RR1K1 b - - 0 14
50	29	24	4	17	34	0	Ba6	r1b2rk1/2qn1pb1/1pp1p1pp/p2nP3/N7/PB3N2/1PPBQPPP/3RR1K1 b - - 2 15
50	31	24	0	11	25	0	b5	r4rk1/2qn1pb1/bpp1p1pp/p2nP3/N1P5/PB3N2/1P1BQPPP/3RR1K1 b - c3 0 16
50	33	24	37	56	19	0	Bxb5	r4rk1/2qn1pb1/b1p1p1pp/pP1nP3/N7/PB3N2/1P1BQPPP/3RR1K1 b - - 0 17
50	35	24	1	17	40	0	Rab8	r4rk1/2qn1pb1/2p1p1pp/pb1nP3/N3Q3/PB3N2/1P1B1PPP/3RR1K1 b - - 1 18
50	37	24	11	11	48	0	c5	1r3rk1/2qn1pb1/2p1p1pp/pb1nP3/N3Q3/PB3N2/1P1B1PPP/2R1R1K1 b - - 3 19
50	39	24	0	49	49	0	Rfc8	1r3rk1/2qn1pb1/4p1pp/pbpnP3/N3Q3/PB3N1P/1P1B1PP1/2R1R1K1 b - - 0 20
50	41	24	18	55	54	0	Bxa4	1rr3k1/2qn1pb1/4p1pp/pbpnP3/N6Q/PB3N1P/1P1B1PP1/2R1R1K1 b - - 2 21
50	43	22	46	85	69	0	Nxe5	1rr3k1/2qn1pb1/4p1pp/p1pnP3/Q7/PB3N1P/1P1B1PP1/2R1R1K1 b - - 0 22
50	45	21	-10	51	65	0	Bxe5	1rr3k1/2q2pb1/4p1pp/p1pnN3/Q7/PB5P/1P1B1PP1/2R1R1K1 b - - 0 23
50	47	20	-30	111	93	0	Qd6	1rr3k1/2q2p2/4p1pp/B1pnb3/Q7/PB5P/1P3PP1/2R1R1K1 b - - 0 24
50	49	20	78	151	102	0	Bd4	1rr3k1/5p2/3qp1pp/B1pnb3/Q7/PB5P/1PR2PP1/4R1K1 b - - 2 25
50	51	20	149	184	99	0	h5	1rr3k1/5p2/3qp1pp/2pn4/Q2b4/PB5P/1PRB1PP1/4R1K1 b - - 4 26
50	53	19	-8	56	103	0	Qxd5	1rr3k1/5p2/3qp1p1/2pB3p/Q2b4/P6P/1PRB1PP1/4R1K1 b - - 0 27
50	55	18	106	146	104	0	Rb3	1rr3k1/5p2/4p1p1/2pq3p/Q2b4/P6P/1PR2PP1/2B1R1K1 b - - 1 28
50	57	18	12	97	140	0	Rcb8	2r3k1/5p2/Q3p1p1/2pq3p/3b4/Pr5P/1PR2PP1/2B1R1K1 b - - 3 29
50	59	18	-3	79	134	0	e5	1r4k1/5p2/4p1p1/2pq3p/3b4/Pr5P/1PR1QPP1/2B1R1K1 b - - 5 30
50	61	18	92	168	128	0	Qd7	1r4k1/5p2/6p1/2pqp2p/2Qb4/Pr5P/1PR2PP1/2B1R1K1 b - - 1 31
50	63	18	13	82	146	0	Qf5	1r4k1/3q1p2/6p1/2p1p2p/2Qb4/Pr5P/1P2RPP1/2B1R1K1 b - - 3 32
50	65	18	82	152	139	0	Qf6	1r4k1/5p2/6p1/2p1pq1p/3b4/Pr5P/1PQ1RPP1/2B1R1K1 b - - 5 33
50	67	18	11	88	130	0	Kg7	1r4k1/5p2/5qp1/2p1p2p/2Qb4/Pr5P/1P2RPP1/2B1R1K1 b - - 7 34
50	69	18	-20	80	124	0	R8b6	1r6/5pk1/5qp1/2pQp2p/3b4/Pr5P/1P2RPP1/2B1R1K1 b - - 9 35
50	71	18	-5	91	131	0	Qf5	8/5pk1/1r3qp1/2pQp2p/3b4/Pr5P/1P2RPP1/2B1R2K b - - 11 36
50	73	18	14	104	153	0	Rd3	8/5pk1/1r4p1/2pQpq1p/3b4/Pr5P/1P2RPP1/2B1R1K1 b - - 13 37
50	75	18	0	94	139	0	c4	Q7/5pk1/1r4p1/2p1pq1p/3b4/P2r3P/1P2RPP1/2B1R1K1 b - - 15 38
50	77	18	90	105	161	0	c3	8/5pk1/1r4p1/4pq1p/Q1pb4/P2r3P/1P2RPP1/2B1R1K1 b - - 1 39
50	79	18	-3	13	139	0	Bxc3	8/5pk1/1r4p1/4pq1p/Q2b4/P1Pr3P/4RPP1/2B1R1K1 b - - 0 40
50	81	18	0	14	138	0	Rb8	8/5pk1/1r4p1/4pq1p/Q7/P1brB2P/4RPP1/4R1K1 b - - 1 41
50	83	18	14	14	127	0	Rbd8	1r6/5pk1/6p1/4pq1p/Q7/P1brB2P/4RPP1/5RK1 b - - 3 42
50	85	18	8	11	83	0	R8d6	3r4/5pk1/1B4p1/4pq1p/Q7/P1br3P/4RPP1/5RK1 b - - 5 43
50	87	18	-1	1	83	0	R6d5	8/5pk1/3r2p1/2B1pq1p/Q7/P1br3P/4RPP1/5RK1 b - - 7 44
50	89	18	3	3	91	0	Qf4	8/5pk1/6p1/2Brpq1p/2Q5/P1br3P/4RPP1/5RK1 b - - 9 45
50	91	18	2	2	48	0	Qd2	8/5pk1/6p1/2Brp2p/2Q1Rq2/P1br3P/5PP1/5RK1 b - - 11 46
50	93	18	24	0	51	0	Kg8	8/5pk1/6p1/2Brp2p/2Q5/P1brR2P/3q1PP1/5RK1 b - - 13 47
50	95	18	575	-4	14	0	g5	6k1/5p2/6p1/2Brp2p/2Q5/P1brR2P/3q1PP1/1R4K1 b - - 15 48
50	97	18	27	-630	-205	0	Kg7	1R4k1/5p2/8/2Brp1pp/2Q5/P1brR2P/3q1PP1/6K1 b - - 1 49
50	99	18	47	-657	-162	0	Kg6	1R3B2/5pk1/8/3rp1pp/2Q5/P1brR2P/3q1PP1/6K1 b - - 3 50
50	101	18	11	-757	-634	0	f5	1R3B2/5p2/6k1/3rp1pp/4Q3/P1brR2P/3q1PP1/6K1 b - - 5 51
50	103	18	45	-777	-668	0	Rd6	5B2/8/1R4k1/3rpppp/4Q3/P1brR2P/3q1PP1/6K1 b - - 1 52
50	105	18	36	-783	-524	0	Kf7	Q4B2/8/1R1r2k1/4pppp/8/P1brR2P/3q1PP1/6K1 b - - 3 53
50	107	16	28	-822	-541	0	Rxd6	Q7/5k2/1R1B4/4pppp/8/P1brR2P/3q1PP1/6K1 b - - 0 54
50	109	14	148	-852	-837	1	f4	Q7/5k2/1R1r4/4pppp/8/P1R4P/3q1PP1/6K1 b - - 0 55
50	111	14	0	-1000	-1000	1	Rd7	Q7/2R2k2/1R1r4/4p1pp/5p2/P6P/3q1PP1/6K1 b - - 1 56
50	113	14	0	-1000	-1000	1	Qc1+	3Q4/2Rr1k2/1R6/4p1pp/5p2/P6P/3q1PP1/6K1 b - - 3 57
50	115	14	0	-1000	-1000	1	Qc6	3Q4/2Rr1k2/1R6/4p1pp/5p2/P6P/5PPK/2q5 b - - 5 58
50	117	12	0	-1000	-1000	1	Ke6	3Q4/3R1k2/1Rq5/4p1pp/5p2/P6P/5PPK/8 b - - 0 59
50	119	8	0	-1000	-1000	1	Kf5	3Q4/3R4/2R1k3/4p1pp/5p2/P6P/5PPK/8 b - - 0 60
50	121	8	0	-1000	-1000	1	Ke4	3Q4/5R2/2R5/4pkpp/5p2/P6P/5PPK/8 b - - 2 61
51	17	24	5	5	-9	0	Ne4+	r3kb1r/ppp1qp1p/3p1n2/5bP1/2Pn4/2NN2P1/PP1PPK1P/R1BQ1B1R b kq - 0 9
51	19	24	0	0	3	0	Nxg5	r3kb1r/ppp1qp1p/3p4/5bP1/2Pnn3/2NN2P1/PP1PP2P/R1BQ1BKR b kq - 2 10
51	21	24	-8	46	3	0	Bg7	r3kb1r/ppp1qp1p/3p4/5bn1/2Pn4/2N3P1/PP1PP2P/R1BQNBKR b kq - 1 11
51	23	24	-59	43	3	0	Qe4	r3k2r/ppp1qpbp/3p4/3N1bn1/2Pn4/6P1/PP1PP2P/R1BQNBKR b kq - 3 12
51	25	24	-37	74	-59	0	Qe5	r3k2r/ppp2pbp/3p4/3N1bn1/2Pnq3/6PP/PP1PP3/R1BQNBKR b kq - 0 13
51	27	24	1	431	-63	0	Be4	r3k2r/ppp2pbp/3p4/3Nqbn1/2Pn2P1/7P/PP1PP3/R1BQNBKR b kq - 0 14
51	29	24	-5	588	43	0	Kd8	r3k2r/ppN2pbp/3p4/4q1n1/2Pnb1P1/7P/PP1PP3/R1BQNBKR b kq - 0 15
51	31	22	0	1000	1000	1	Qg3+	N2k3r/pp3pbp/3p4/4q1n1/2Pnb1P1/7P/PP1PP3/R1BQNBKR b - - 0 16
51	33	22	0	1000	1000	1	Bxg2	N2k3r/pp3pbp/3p4/6n1/2Pnb1P1/6qP/PP1PP1B1/R1BQN1KR b - - 2 17
51	35	20	0	1000	1000	1	Ndf3+	N2k3r/pp3pbp/3p4/6n1/2Pn2P1/6qP/PP1PP1N1/R1BQ2KR b - - 0 18
51	37	20	0	1000	1000	1	Ne4	N2k3r/pp3pbp/3p4/6n1/2P3P1/5nqP/PP1PP1N1/R1BQ1K1R b - - 2 19
51	39	20	0	1000	1000	1	Nxe1	N2k3r/pp3pbp/3p4/8/2P1n1P1/5nqP/PP1PP1N1/R1B1QK1R b - - 4 20
51	41	15	0	1000	1000	1	Qf2#	N2k3r/pp3pbp/3p4/8/2P1n1P1/6qP/PP1PP3/R1B1NK1R b - - 0 21
52	17	22	28	20	41	0	Qc7	r2qk2r/pp1n1ppp/2pbpn2/3p4/7N/1P1PP3/PBPNQPPP/R3K2R b KQkq - 0 9
52	19	22	28	38	46	0	a5	r3k2r/ppqn1ppp/2pbpn2/3p4/8/1P1PPN2/PBPNQPPP/R3K2R b KQkq - 2 10
52	21	22	10	24	61	0	e5	r3k2r/1pqn1ppp/2pbpn2/p2p4/8/1P1PPN2/PBPNQPPP/R4RK1 b kq - 1 11
52	23	22	2	36	90	0	a4	r3k2r/1pqn1ppp/2pb1n2/p2pp3/8/1P1PPN2/PBPNQPPP/3R1RK1 b kq - 1 12
52	25	22	25	85	89	0	axb3	r3k2r/1pqn1ppp/2pb1n2/3pp3/p7/PP1PPN2/1BPNQPPP/3R1RK1 b kq - 0 13
52	27	22	4	56	88	0	O-O	r3k2r/1pqn1ppp/2pb1n2/3pp3/8/PP1PPN2/1B1NQPPP/3R1RK1 b kq - 0 14
52	29	22	9	53	92	0	Rae8	r4rk1/1pqn1ppp/2pb1n2/3pp3/P7/1P1PPN2/1B1NQPPP/3R1RK1 b - - 0 15
52	31	22	3	50	95	0	Bb4	4rrk1/1pqn1ppp/2pb1n2/3pp3/P3P3/1P1P1N2/1B1NQPPP/3R1RK1 b - - 0 16
52	33	22	7	107	95	0	cxd5	4rrk1/1pqn1ppp/2p2n2/3Pp3/Pb6/1P1P1N2/1B1NQPPP/3R1RK1 b - - 0 17
52	35	22	-9	120	95	0	Qb6	4rrk1/1pqn1ppp/5n2/3pp3/Pb6/1P1P1N2/1B1NQPPP/2R2RK1 b - - 1 18
52	37	22	32	134	100	0	d4	4rrk1/1p1n1ppp/1q3n2/3pp3/Pb6/1P1P1N2/1B1NQPPP/2RR2K1 b - - 3 19
52	39	22	35	106	101	0	Qd8	4rrk1/1p1n1ppp/1q3n2/4p3/PbNp4/1P1P1N2/1B2QPPP/2RR2K1 b - - 1 20
52	41	22	-22	112	79	0	Bxa3	3qrrk1/1p1n1ppp/5n2/4p3/PbNp4/BP1P1N2/4QPPP/2RR2K1 b - - 3 21
52	43	20	-12	128	81	0	Nd5	3qrrk1/1p1n1ppp/5n2/4p3/P2p4/NP1P1N2/4QPPP/2RR2K1 b - - 0 22
52	45	20	89	160	79	0	Qb6	3qrrk1/1p1n1ppp/8/1N1np3/P2p4/1P1P1N2/4QPPP/2RR2K1 b - - 2 23
52	47	20	55	137	98	0	Re7	4rrk1/1p1n1ppp/1q6/1N1np3/P2p4/1P1P1N2/2Q2PPP/2RR2K1 b - - 4 24
52	49	20	10	95	84	0	Qg6	5rk1/1p1nrppp/1q6/1N1np3/P2p4/1P1P1NP1/2Q2P1P/2RR2K1 b - - 0 25
52	51	20	-15	199	90	0	Qg4	5rk1/1p1nrppp/6q1/1N1np3/P2p4/1P1P1NP1/3Q1P1P/2RR2K1 b - - 2 26
52	53	20	89	204	86	0	N7f6	5rk1/1p1nrppp/8/1N1np3/P2p2qN/1P1P2P1/3Q1P1P/2RR2K1 b - - 4 27
52	55	20	7	89	89	0	g6	5rk1/1p2rppp/5n2/1N1np3/P2p2qN/1P1P2P1/3Q1P1P/2R1R1K1 b - - 6 28
52	57	20	104	110	95	0	Qh5	5rk1/1p2rp1p/5np1/1N1np3/P2p2qN/1P1P2P1/3Q1PKP/2R1R3 b - - 1 29
52	59	20	26	2	43	0	h6	5rk1/1p2rp1p/5np1/1N1np2q/P2p3N/1P1P2PP/3Q1PK1/2R1R3 b - - 0 30
52	61	20	-4	-26	50	0	Rd8	5rk1/1p2rp2/5npp/1N1np2q/P2p4/1P1P1NPP/3Q1PK1/2R1R3 b - - 1 31
52	63	20	4	56	82	0	Qf5	3r2k1/1p2rp2/5npp/PN1np2q/3p4/1P1P1NPP/3Q1PK1/2R1R3 b - - 0 32
52	65	20	242	331	90	0	Kh7	3r2k1/1p2rp2/5npp/PN1npq2/3p4/1P1P1NPP/3Q1PK1/2RR4 b - - 2 33
52	67	20	64	375	135	0	e4	3r4/1p2rp1k/5npp/PNRnpq2/3p4/1P1P1NPP/3Q1PK1/3R4 b - - 4 34
52	69	20	-8	347	145	0	Ne3+	3r4/1p2rp1k/5npp/PNRn1q2/3Np3/1P1P2PP/3Q1PK1/3R4 b - - 0 35
52	71	19	-11	359	142	0	Qxc5	3r4/1p2rp1k/5npp/PNR2q2/3Np3/1P1PQ1PP/5PK1/3R4 b - - 0 36
52	73	17	165	365	130	0	Rxe4	3r4/1p2rp1k/5npp/PNq5/3NP3/1P2Q1PP/5PK1/3R4 b - - 0 37
52	75	17	-7	351	137	0	Qe5	3r4/1p3p1k/5npp/PNq5/3Nr3/1P1Q2PP/5PK1/3R4 b - - 1 38
52	77	17	42	377	155	0	Nd5	3r4/1p3p1k/5npp/PN2q3/3Nr2P/1P1Q2P1/5PK1/3R4 b - - 0 39
52	79	17	8	390	145	0	Rg4	3r4/1p3p1k/6pp/PN1nq3/3Nr2P/1P4P1/2Q2PK1/3R4 b - - 2 40
52	81	17	-121	397	161	0	h5	3r4/1p3p1k/6pp/PN1nq3/3N2rP/1P4PK/2Q2P2/3R4 b - - 4 41
52	83	17	12	563	230	0	Nf4+	3r4/1p3p1k/6p1/PN1nq2p/2QN2rP/1P4PK/5P2/3R4 b - - 1 42
52	85	17	-7	596	268	0	Ne6	3r4/1p3p1k/6p1/PN2q2p/2QN1nrP/1P4P1/5P1K/3R4 b - - 3 43
52	87	17	-32	625	382	0	Qf6	3r4/1p3p1k/4n1p1/PN2q2p/2QN2rP/1P4P1/5PK1/3R4 b - - 5 44
52	89	17	-28	707	397	0	Nxd4	3r4/1p3p1k/4nqp1/PN5p/2QN2rP/1P3PP1/6K1/3R4 b - - 0 45
52	91	14	11	743	479	0	Qf3+	3r4/1p3p1k/5qp1/PN5p/2Qn2PP/1P4P1/6K1/3R4 b - - 0 46
52	93	14	-3	741	616	0	Ne2	3r4/1p3p1k/6p1/PN5p/2Qn2PP/1P3qP1/7K/3R4 b - - 2 47
52	95	14	1	751	655	0	Nxg1	3r4/1p3p1k/6p1/PN5p/2Q3PP/1P3qP1/4n2K/6R1 b - - 4 48
52	97	12	3	764	667	0	hxg4	3r4/1p3p1k/6p1/PN5p/5QPP/1P3qP1/7K/6n1 b - - 1 49
52	99	8	5	769	719	0	Nxf3+	3r4/1p3p1k/6p1/PN6/6pP/1P3QP1/7K/6n1 b - - 0 50
52	101	4	1	765	773	0	Rd5	3r4/1p3p1k/6p1/PN6/6pP/1P3nP1/6K1/8 b - - 1 51
52	103	4	8	775	760	0	Rxa5	8/1p3p1k/6p1/P2r4/6pP/1PN2nP1/6K1/8 b - - 3 52
52	105	4	5	772	783	0	Ra3	8/1p3p1k/6p1/r7/1P4pP/2N2nP1/6K1/8 b - - 0 53
52	107	4	-5	783	795	0	Ra2+	8/1p3p1k/6p1/1N6/1P4pP/r4nP1/6K1/8 b - - 2 54
52	109	4	-2	802	794	0	Rd2	8/1p3p1k/6p1/1N6/1P4pP/5nP1/r7/5K2 b - - 4 55
52	111	4	73	832	835	0	Nd4	8/1pN2p1k/6p1/8/1P4pP/5nP1/3r4/5K2 b - - 6 56
52	113	4	58	778	869	0	Nf5	8/1p3p1k/6p1/3N4/1P1n2pP/6P1/3r4/5K2 b - - 8 57
52	115	4	-20	769	891	0	Kg7	8/1p3p1k/5Np1/5n2/1P4pP/6P1/3r4/5K2 b - - 10 58
52	117	4	149	907	898	0	Rb2	8/1p3pk1/6p1/5n2/1P4NP/6P1/3r4/5K2 b - - 0 59
52	119	4	18	784	911	0	Rxb4	8/1p3pk1/6p1/5n2/1P4NP/6P1/1r6/6K1 b - - 2 60
52	121	4	-31	778	917	0	Nxg3	8/1p3pk1/6p1/4Nn2/1r5P/6P1/8/6K1 b - - 1 61
52	123	4	59	822	925	0	Nf5	8/1p3pk1/6p1/4N3/1r5P/6n1/5K2/8 b - - 1 62
52	125	4	-6	846	946	0	Rxh4	8/1p3pk1/6p1/5n2/1r5P/3N4/5K2/8 b - - 3 63
52	127	4	-39	961	982	0	b5	8/1p3pk1/6p1/2N2n2/7r/8/5K2/8 b - - 1 64
52	129	4	0	1000	1047	0	b4	8/5pk1/6p1/1pN2n2/7r/5K2/8/8 b - - 1 65
52	131	4	0	1000	1117	0	Rc4	8/5pk1/6p1/2N2n2/1p5r/8/5K2/8 b - - 1 66
52	133	4	0	1000	1168	0	Rc3	8/5pk1/6p1/5n2/1pr5/1N6/5K2/8 b - - 3 67
52	135	4	0	1000	1256	1	b3	8/5pk1/6p1/5n2/1p6/2r5/3N1K2/8 b - - 5 68
52	137	4	0	1000	1000	1	Rxb3	8/5pk1/6p1/5n2/8/1Nr5/5K2/8 b - - 0 69
52	139	3	0	1000	1000	1	g5	8/5pk1/6p1/5n2/8/1r6/4K3/8 b - - 1 70
52	141	3	0	1000	1000	1	g4	8/5pk1/8/5np1/8/1r6/5K2/8 b - - 1 71
52	143	3	0	1000	1000	1	g3	8/5pk1/8/5n2/6p1/1r6/4K3/8 b - - 1 72
53	16	24	126	0	12	0	Bg2	r3kb1r/ppp1qp1p/3p1n2/5bp1/2Pn1P2/2NN2P1/PP1PPK1P/R1BQ1B1R w kq g6 0 9
53	18	24	72	52	13	0	Bxe4	r3kb1r/ppp1qp1p/3p4/5bp1/2PnnP2/2NN2P1/PP1PPKBP/R1BQ3R w kq - 2 10
53	20	22	32	-8	-2	0	Nd5	r3kb1r/ppp1qp1p/3p4/6p1/2PnbP2/2NN2P1/PP1PPK1P/R1BQ3R w kq - 0 11
53	22	21	-12	-20	-1	0	cxd5	r3kb1r/ppp1qp1p/3p4/3b2p1/2Pn1P2/3N2P1/PP1PPK1P/R1BQ3R w kq - 0 12
53	24	20	20	-6	38	0	fxg5	2kr1b1r/ppp1qp1p/3p4/3P2p1/3n1P2/3N2P1/PP1PPK1P/R1BQ3R w - - 1 13
53	26	20	-3	39	77	0	e3	2kr1b1r/ppp2p1p/3p4/3P2q1/3n4/3N2P1/PP1PPK1P/R1BQ3R w - - 0 14
53	28	20	-21	148	126	0	Nf4	2kr1b1r/ppp2p1p/3p1q2/3P4/3n4/3NP1P1/PP1P1K1P/R1BQ3R w - - 1 15
53	30	20	5	181	128	0	Rf1	2kr1b1r/ppp2p1p/3p1q2/3P1n2/5N2/4P1P1/PP1P1K1P/R1BQ3R w - - 3 16
53	32	20	-10	195	121	0	Kg1	2kr3r/ppp2p1p/3p1q1b/3P1n2/5N2/4P1P1/PP1P1K1P/R1BQ1R2 w - - 5 17
53	34	20	0	211	154	0	Ng2	2kr2r1/ppp2p1p/3p1q1b/3P1n2/5N2/4P1P1/PP1P3P/R1BQ1RK1 w - - 7 18
53	36	20	-16	275	149	0	Qf3	2kr2r1/ppp2p1p/3p2qb/3P1n2/8/4P1P1/PP1P2NP/R1BQ1RK1 w - - 9 19
53	38	20	49	302	139	0	e4	2kr2r1/ppp1np1p/3p2qb/3P4/8/4PQP1/PP1P2NP/R1B2RK1 w - - 11 20
53	40	20	62	313	158	0	d4	1k1r2r1/ppp1np1p/3p2qb/3P4/4P3/5QP1/PP1P2NP/R1B2RK1 w - - 1 21
53	42	20	27	349	157	0	Bxh6	1k1r1r2/ppp1np1p/3p2qb/3P4/3PP3/5QP1/PP4NP/R1B2RK1 w - - 1 22
53	44	18	137	351	161	0	Ne3	1k1r1r2/ppp1np1p/3p3q/3P4/3PP3/5QP1/PP4NP/R4RK1 w - - 0 23
53	46	18	-6	239	166	0	Rae1	1k1r1r2/1pp1np1p/p2p3q/3P4/3PP3/4NQP1/PP5P/R4RK1 w - - 0 24
53	48	18	16	260	163	0	Qf6	1k1r1r2/1pp1np1p/p2p2q1/3P4/3PP3/4NQP1/PP5P/4RRK1 w - - 2 25
53	50	14	-8	391	157	0	Rxf6	1k1r1r2/1pp1np1p/p2p1q2/3P4/3PP3/4N1P1/PP5P/4RRK1 w - - 0 26
53	52	10	74	401	153	0	h4	1k2rr2/1pp1np1p/p2p1R2/3P4/3PP3/4N1P1/PP5P/4R1K1 w - - 1 27
53	54	10	5	400	172	0	Rf4	1k2rrn1/1pp2p1p/p2p1R2/3P4/3PP2P/4N1P1/PP6/4R1K1 w - - 1 28
53	56	10	-1	422	162	0	h5	1k2rr2/1pp1np1p/p2p4/3P4/3PPR1P/4N1P1/PP6/4R1K1 w - - 3 29
53	58	10	146	468	178	0	Kf2	1k2rr2/1p2np1p/p1pp4/3P3P/3PPR2/4N1P1/PP6/4R1K1 w - - 0 30
53	60	10	53	435	212	0	Rc1	4rr2/1pk1np1p/p1pp4/3P3P/3PPR2/4N1P1/PP3K2/4R3 w - - 2 31
53	62	10	113	495	210	0	Rf6	1k2rr2/1p2np1p/p1pp4/3P3P/3PPR2/4N1P1/PP3K2/2R5 w - - 4 32
53	64	10	3	419	220	0	exd5	1k2rr2/1p2np1p/p2p1R2/3p3P/3PP3/4N1P1/PP3K2/2R5 w - - 0 33
53	66	10	89	411	216	0	h6	1k1r1r2/1p2np1p/p2p1R2/3P3P/3P4/4N1P1/PP3K2/2R5 w - - 1 34
53	68	10	-11	331	219	0	Rf4	1k1r1rn1/1p3p1p/p2p1R1P/3P4/3P4/4N1P1/PP3K2/2R5 w - - 1 35
53	70	10	-15	371	238	0	Rh1	1k1r1r2/1p3p1p/p2p3n/3P4/3P1R2/4N1P1/PP3K2/2R5 w - - 0 36
53	72	10	-2	399	217	0	Rxh7	1k1r1rn1/1p3p1p/p2p4/3P4/3P1R2/4N1P1/PP3K2/7R w - - 2 37
53	74	10	34	435	242	0	Kf3	1k3rn1/1p1r1p1R/p2p4/3P4/3P1R2/4N1P1/PP3K2/8 w - - 1 38
53	76	10	-22	402	228	0	g4	1k3rn1/1pr2p1R/p2p4/3P4/3P1R2/4NKP1/PP6/8 w - - 3 39
53	78	10	-14	465	298	0	Rxc7	1k3rn1/1pr4R/p2p4/3P1p2/3P1RP1/4NK2/PP6/8 w - f6 0 40
53	80	8	23	488	308	0	Kg3	1k3rn1/1pR5/p2p4/3P4/3P1Rp1/4NK2/PP6/8 w - - 0 41
53	82	6	33	520	301	0	Rxb7+	1k4n1/1pR5/p2p4/3P4/3P1rp1/4N1K1/PP6/8 w - - 0 42
53	84	4	-21	536	291	0	Kxf4	6n1/1k6/p2p4/3P4/3P1rp1/4N1K1/PP6/8 w - - 0 43
53	86	2	-46	584	342	0	Kxg4	6n1/1k6/3p4/p2P4/3P1Kp1/4N3/PP6/8 w - - 0 44
53	88	2	11	723	378	0	Kg5	8/1k2n3/3p4/p2P4/3P2K1/4N3/PP6/8 w - - 1 45
53	90	2	12	743	397	0	Kf6	8/2k1n3/3p4/p2P2K1/3P4/4N3/PP6/8 w - - 3 46
53	92	2	13	795	459	0	a4	8/3kn3/3p1K2/p2P4/3P4/4N3/PP6/8 w - - 5 47
53	94	2	-5	798	533	0	Kf7	6n1/3k4/3p1K2/p2P4/P2P4/4N3/1P6/8 w - - 1 48
53	96	2	-127	705	537	0	b3	8/3knK2/3p4/p2P4/P2P4/4N3/1P6/8 w - - 3 49
53	98	2	-23	827	540	0	Nc4	2n5/3k1K2/3p4/p2P4/P2P4/1P2N3/8/8 w - - 1 50
53	100	2	0	856	555	0	Nb6+	8/3knK2/3p4/p2P4/P1NP4/1P6/8/8 w - - 3 51
53	102	2	-38	804	550	0	Ke6	3k4/4nK2/1N1p4/p2P4/P2P4/1P6/8/8 w - - 5 52
53	104	2	93	874	574	0	Kxd6	3k4/8/1N1pK1n1/p2P4/P2P4/1P6/8/8 w - - 7 53
53	106	2	25	865	697	0	b4	3k4/8/1N1K4/p2P4/P2P1n2/1P6/8/8 w - - 1 54
53	108	2	-21	894	1194	0	bxa5	3k4/8/1N1K4/p2P4/PP1P4/3n4/8/8 w - - 1 55
53	110	2	0	1000	1374	0	Kc5	3k4/8/1N1K4/P2P4/Pn1P4/8/8/8 w - - 1 56
53	112	2	0	1000	1573	0	Kb5	3k4/8/nN6/P1KP4/P2P4/8/8/8 w - - 3 57
53	114	2	0	1000	1628	0	Kc6	3k4/2n5/1N6/PK1P4/P2P4/8/8/8 w - - 5 58
53	116	2	0	1000	1730	0	Kb7	3k4/8/nNK5/P2P4/P2P4/8/8/8 w - - 7 59
53	118	2	-47	953	1823	0	d6	3k4/1Kn5/1N6/P2P4/P2P4/8/8/8 w - - 9 60
53	120	2	0	1000	2260	0	Kc6	3kn3/1K6/1N1P4/P7/P2P4/8/8/8 w - - 1 61
53	122	2	0	1000	2325	0	a6	3k4/8/1NKP1n2/P7/P2P4/8/8/8 w - - 3 62
53	124	2	0	1000	2408	0	a7	4k3/8/PNKP1n2/8/P2P4/8/8/8 w - - 1 63
53	126	2	0	1000	2484	0	Nd5	5k2/P7/1NKP1n2/8/P2P4/8/8/8 w - - 1 64
54	16	24	5	6	-5	0	Bxf6	r2qkb1r/pp1b1pp1/2nppn1p/6B1/3NPP2/2N5/PPPQ2PP/R3KB1R w KQkq - 0 9
54	18	22	7	-8	4	0	Ndb5	r3kb1r/pp1b1pp1/2nppq1p/8/3NPP2/2N5/PPPQ2PP/R3KB1R w KQkq - 0 10
54	20	22	4	-8	4	0	g3	2kr1b1r/pp1b1pp1/2nppq1p/1N6/4PP2/2N5/PPPQ2PP/R3KB1R w KQ - 2 11
54	22	22	5	-7	8	0	O-O-O	1k1r1b1r/pp1b1pp1/2nppq1p/1N6/4PP2/2N3P1/PPPQ3P/R3KB1R w KQ - 1 12
54	24	22	43	-8	-1	0	Bc4	1kbr1b1r/pp3pp1/2nppq1p/1N6/4PP2/2N3P1/PPPQ3P/2KR1B1R w - - 3 13
54	26	22	38	13	2	0	Rhf1	1kbr3r/pp2bpp1/2nppq1p/1N6/2B1PP2/2N3P1/PPPQ3P/2KR3R w - - 5 14
54	28	22	77	57	-5	0	Nd4	1kbrr3/pp2bpp1/2nppq1p/1N6/2B1PP2/2N3P1/PPPQ3P/2KR1R2 w - - 7 15
54	30	21	-6	-21	-13	0	Qxd4	1kbrr3/pp2bpp1/3ppq1p/8/2BnPP2/2N3P1/PPPQ3P/2KR1R2 w - - 0 16
54	32	16	3	-15	-1	0	Rxd4	1kbrr3/pp2bpp1/3pp2p/8/2BqPP2/2N3P1/PPP4P/2KR1R2 w - - 0 17
54	34	12	1	-16	6	0	a4	1kbrr3/1p2bpp1/p2pp2p/8/2BRPP2/2N3P1/PPP4P/2K2R2 w - - 0 18
54	36	12	44	-16	2	0	a5	1k1rr3/1p1bbpp1/p2pp2p/8/P1BRPP2/2N3P1/1PP4P/2K2R2 w - - 1 19
54	38	12	-2	-54	2	0	Rf3	1kr1r3/1p1bbpp1/p2pp2p/P7/2BRPP2/2N3P1/1PP4P/2K2R2 w - - 1 20
54	40	12	-1	-41	-5	0	b4	1k2r3/1p1bbpp1/p2pp2p/P1r5/2BRPP2/2N2RP1/1PP4P/2K5 w - - 3 21
54	42	12	-1	-28	-20	0	Bb3	1k2r3/1prbbpp1/p2pp2p/P7/1PBRPP2/2N2RP1/2P4P/2K5 w - - 1 22
54	44	12	7	-25	-8	0	Kd2	1kr5/1prbbpp1/p2pp2p/P7/1P1RPP2/1BN2RP1/2P4P/2K5 w - - 3 23
54	46	12	-4	-26	2	0	h4	1kr5/1pr1bpp1/p1bpp2p/P7/1P1RPP2/1BN2RP1/2PK3P/8 w - - 5 24
54	48	12	35	-24	4	0	Re3	1kr5/1pr1bp2/p1bpp1pp/P7/1P1RPP1P/1BN2RP1/2PK4/8 w - - 0 25
54	50	12	-11	-27	10	0	Na4	1k1r4/1pr1bp2/p1bpp1pp/P7/1P1RPP1P/1BN1R1P1/2PK4/8 w - - 2 26
54	52	12	-4	-6	0	0	hxg5	1k1r4/1pr1bp2/p1bpp2p/P5p1/NP1RPP1P/1B2R1P1/2PK4/8 w - - 0 27
54	54	12	0	0	2	0	Nb6	1k1r4/1pr1bp2/p1bpp3/P5p1/NP1RPP2/1B2R1P1/2PK4/8 w - - 0 28
54	56	12	1	-2	7	0	gxf4	1k1r4/1pr1bp2/pNbpp3/P7/1P1RPp2/1B2R1P1/2PK4/8 w - - 0 29
54	58	12	0	0	15	0	Rh3	1k4r1/1pr1bp2/pNbpp3/P7/1P1RPP2/1B2R3/2PK4/8 w - - 1 30
54	60	12	-3	2	21	0	fxe5	1k4r1/1pr1bp2/pNbp4/P3p3/1P1RPP2/1B5R/2PK4/8 w - - 0 31
54	62	12	-2	2	22	0	Rc4	1k4r1/1pr1bp2/pNb5/P3p3/1P1RP3/1B5R/2PK4/8 w - - 0 32
54	64	12	16	16	29	0	Rh7	1k4r1/1pr2p2/pNb2b2/P3p3/1PR1P3/1B5R/2PK4/8 w - - 2 33
54	66	12	0	10	24	0	Kc3	1k6/1pr2p1R/pNb2b2/P3p3/1PR1P3/1B6/2PK2r1/8 w - - 4 34
54	68	12	-13	78	54	0	Kb2	1k6/1pr2p1R/pNb2b2/P3p3/1PR1P3/1BK3r1/2P5/8 w - - 6 35
54	70	12	74	86	45	0	Ba4	1k6/1pr2pbR/pNb5/P3p3/1PR1P3/1B4r1/1KP5/8 w - - 8 36
54	72	11	-5	9	38	0	Rxc7	1k6/1pr2pbR/pN6/P3p3/bPR1P3/6r1/1KP5/8 w - - 0 37
54	74	7	0	10	35	0	Nxa4	8/1pk2pbR/pN6/P3p3/bP2P3/6r1/1KP5/8 w - - 0 38
54	76	6	13	28	41	0	c4	8/1p3pbR/p2k4/P3p3/NP2P3/6r1/1KP5/8 w - - 1 39
54	78	6	-3	11	54	0	Kc3	8/1p3pbR/p2k4/P3p3/NPP1P3/8/1K4r1/8 w - - 1 40
54	80	6	44	65	57	0	Kd3	8/1p3pbR/p2k4/P3p3/NPP1P3/2K5/8/6r1 w - - 3 41
54	82	6	-33	330	91	0	Nc5+	8/1p3pbR/p3k3/P3p3/NPP1P3/3K4/8/6r1 w - - 5 42
54	84	6	4	382	97	0	Nxb7	8/1p3pbR/p4k2/P1N1p3/1PP1P3/3K4/8/6r1 w - - 7 43
54	86	6	15	442	102	0	Kc3	8/1N3pbR/p4k2/P3p3/1PP1P3/3K4/8/3r4 w - - 1 44
54	88	6	-27	429	111	0	Kb3	8/1N3pbR/p4k2/P3p3/1PP1P3/2K5/8/2r5 w - - 3 45
54	90	6	-42	436	111	0	Ka3	8/1N3pbR/p4k2/P3p3/1PP1P3/1K6/8/1r6 w - - 5 46
54	92	6	103	470	117	0	Rh3	8/1N3pbR/p5k1/P3p3/1PP1P3/K7/8/1r6 w - - 7 47
54	94	6	-21	435	129	0	Rb3	8/1N3p2/p5kb/P3p3/1PP1P3/K6R/8/1r6 w - - 9 48
54	96	6	-20	472	108	0	Kb2	8/1N3p2/p5kb/P3p3/1PP1P3/KR6/8/r7 w - - 11 49
54	98	6	-22	485	96	0	Rg3+	8/1N3p2/p5kb/P3p3/1PP1P3/1R6/1K6/4r3 w - - 13 50
54	100	6	-33	504	113	0	Nc5	8/1N3p2/p4k1b/P3p3/1PP1P3/6R1/1K6/4r3 w - - 15 51
54	102	6	0	549	129	0	Nxa6	8/4kp2/p6b/P1N1p3/1PP1P3/6R1/1K6/4r3 w - - 17 52
54	104	6	-54	518	172	0	Rg8	8/4kp2/N7/P3p3/1PP1Pb2/6R1/1K6/4r3 w - - 1 53
54	106	6	17	559	171	0	Kb3	6R1/4kp2/N7/P3p3/1PP1rb2/8/1K6/8 w - - 0 54
54	108	6	-48	558	142	0	Ka4	6R1/4kp2/N7/P3p3/1PP2b2/1K2r3/8/8 w - - 2 55
54	110	6	2	625	142	0	Nc5	6R1/4kp2/N7/P3p3/KPP2b2/2r5/8/8 w - - 4 56
54	112	6	-4	666	458	0	Rg3	6R1/4kp2/8/P1N1p3/KPP5/2r1b3/8/8 w - - 6 57
54	114	6	9	699	502	0	a6	8/4k3/8/P1N1pp2/KPP5/2r1b1R1/8/8 w - f6 0 58
54	116	6	45	753	461	0	a7	8/4k3/P7/2N1p3/KPP2p2/2r1b1R1/8/8 w - - 0 59
54	118	4	-4	768	505	0	a8=Q	8/P3k3/8/2N1p3/KPP5/2r1b1p1/8/8 w - - 0 60
54	120	7	41	825	495	0	bxc5	Q7/4k3/8/2b1p3/KPP5/2r3p1/8/8 w - - 0 61
54	122	6	-43	824	612	0	Kb5	Q7/4k3/8/2P1p3/K1r5/6p1/8/8 w - - 0 62
54	124	6	-23	828	628	0	Qc6	Q7/4k3/8/1KP1p3/6r1/6p1/8/8 w - - 2 63
54	126	6	114	855	628	0	Qd6+	8/4k1r1/2Q5/1KP1p3/8/6p1/8/8 w - - 4 64
54	128	6	521	818	628	0	c6	8/5kr1/3Q4/1KP1p3/8/6p1/8/8 w - - 6 65
54	130	6	-47	330	628	0	c7	8/5kr1/2PQ4/1K2p3/8/8/6p1/8 w - - 0 66
54	132	10	-23	394	547	0	c8=Q	8/2P2kr1/3Q4/1K2p3/8/8/8/6q1 w - - 0 67
54	134	14	91	416	547	0	Ka6	2Q5/5kr1/3Q4/1K2p3/8/8/8/1q6 w - - 1 68
54	136	14	1	463	596	0	Kb7	2Q5/5kr1/K2Q4/4p3/8/8/q7/8 w - - 3 69
54	138	14	43	496	595	0	Ka7	2Q5/1K3kr1/3Q4/4p3/8/1q6/8/8 w - - 5 70
54	140	14	-6	486	594	0	Kb8	2Q5/K4kr1/3Q4/4p3/q7/8/8/8 w - - 7 71
54	142	14	-79	488	606	0	Qb7+	1KQ5/5kr1/3Q4/4p3/8/1q6/8/8 w - - 9 72
54	144	10	-69	567	605	0	Kxb7	1K6/1q3kr1/3Q4/4p3/8/8/8/8 w - - 0 73
54	146	6	-100	683	648	0	Kc7	8/1K3k2/3Q4/4p1r1/8/8/8/8 w - - 1 74
54	148	6	0	1000	659	0	Qe6	8/2K3k1/3Q4/4p1r1/8/8/8/8 w - - 3 75
54	150	6	0	1000	665	0	Kd7	8/2K3k1/4Q3/4p2r/8/8/8/8 w - - 5 76
54	152	6	0	1000	849	1	Ke7	8/3K2k1/4Q3/4p1r1/8/8/8/8 w - - 7 77
54	154	6	0	1000	685	1	Qxe5+	8/4K1k1/4Q1r1/4p3/8/8/8/8 w - - 9 78
54	156	6	0	1000	1113	1	Ke8	6k1/4K3/6r1/4Q3/8/8/8/8 w - - 1 79
54	158	6	0	1000	1123	1	Qd5+	4K1k1/8/8/4Q3/8/8/8/6r1 w - - 3 80
54	160	6	0	1000	1042	1	Qe4+	4K3/7k/8/3Q4/8/8/8/6r1 w - - 5 81
54	162	6	0	1000	1163	1	Qc4+	4K1k1/8/8/8/4Q3/8/8/6r1 w - - 7 82
54	164	6	0	1000	1173	1	Qc2+	4K3/7k/8/8/2Q5/8/8/6r1 w - - 9 83
54	166	6	0	1000	1166	1	Qc7+	4K3/6k1/8/8/8/8/2Q5/6r1 w - - 11 84
54	168	6	0	1000	1169	1	Qf7+	4K1k1/2Q5/8/8/8/8/8/6r1 w - - 13 85
54	170	6	0	1000	1165	1	Kf8	4K2k/5Q2/8/8/8/8/8/6r1 w - - 15 86
54	172	6	0	1000	1197	1	Qd5	5K1k/5Q2/6r1/8/8/8/8/8 w - - 17 87
55	16	24	0	37	15	0	e4	2rqk2r/pb1pbppp/1pn1pn2/2p5/2P5/1PN2NP1/PB1PPPBP/R2Q1RK1 w k - 2 9
55	18	24	6	58	7	0	d4	2rqk2r/pb2bppp/1pnppn2/2p5/2P1P3/1PN2NP1/PB1P1PBP/R2Q1RK1 w k - 0 10
55	20	24	3	50	20	0	Nxd4	2rqk2r/pb2bppp/1pnppn2/8/2PpP3/1PN2NP1/PB3PBP/R2Q1RK1 w k - 0 11
55	22	23	13	78	25	0	Qxd4	2rqk2r/pb2bppp/1p1ppn2/8/2PnP3/1PN3P1/PB3PBP/R2Q1RK1 w k - 0 12
55	24	22	4	64	35	0	Rad1	2rq1rk1/pb2bppp/1p1ppn2/8/2PQP3/1PN3P1/PB3PBP/R4RK1 w - - 1 13
55	26	22	16	75	55	0	Ba3	2rq1rk1/1b2bppp/pp1ppn2/8/2PQP3/1PN3P1/PB3PBP/3R1RK1 w - - 0 14
55	28	22	-1	95	56	0	Qd3	2rq1rk1/1b2bppp/pp1p1n2/4p3/2PQP3/BPN3P1/P4PBP/3R1RK1 w - - 0 15
55	30	22	-30	204	67	0	f4	2r2rk1/1b1qbppp/pp1p1n2/4p3/2P1P3/BPNQ2P1/P4PBP/3R1RK1 w - - 2 16
55	32	22	-18	252	121	0	Bxd6	2r1qrk1/1b2bppp/pp1p1n2/4p3/2P1PP2/BPNQ2P1/P5BP/3R1RK1 w - - 1 17
55	34	22	88	250	132	0	Rxf4	2r1qrk1/1b2bppp/pp1B1n2/8/2P1Pp2/1PNQ2P1/P5BP/3R1RK1 w - - 0 18
55	36	21	-33	187	119	0	Qxd6	2r1qrk1/1b3ppp/pp1b1n2/8/2P1PR2/1PNQ2P1/P5BP/3R2K1 w - - 0 19
55	38	20	11	232	142	0	Qxd8	3rqrk1/1b3ppp/pp1Q1n2/8/2P1PR2/1PN3P1/P5BP/3R2K1 w - - 1 20
55	40	14	21	234	142	0	Rxd8	3q1rk1/1b3ppp/pp3n2/8/2P1PR2/1PN3P1/P5BP/3R2K1 w - - 0 21
55	42	8	-18	225	135	0	Nd5	3r2k1/1b3ppp/pp3n2/8/2P1PR2/1PN3P1/P5BP/6K1 w - - 0 22
55	44	8	71	247	136	0	Bf3	3r2k1/1b1n1ppp/pp6/3N4/2P1PR2/1P4P1/P5BP/6K1 w - - 2 23
55	46	8	-37	204	149	0	Kf2	3r2k1/1b1n1p1p/pp4p1/3N4/2P1PR2/1P3BP1/P6P/6K1 w - - 0 24
55	48	8	57	244	148	0	Ke3	3r2k1/1b1n1p1p/p5p1/1p1N4/2P1PR2/1P3BP1/P4K1P/8 w - - 0 25
55	50	8	207	326	149	0	g4	3r4/1b1n1pkp/p5p1/1p1N4/2P1PR2/1P2KBP1/P6P/8 w - - 2 26
55	52	8	59	168	140	0	h4	3r4/1b1n1pk1/p5pp/1p1N4/2P1PRP1/1P2KB2/P6P/8 w - - 0 27
55	54	8	-34	196	154	0	Be2	3r4/1b3pk1/p5pp/1p1Nn3/2P1PRPP/1P2KB2/P7/8 w - - 1 28
55	56	8	93	234	137	0	bxc4	3r4/1b3pk1/p5pp/3Nn3/2p1PRPP/1P2K3/P3B3/8 w - - 0 29
55	58	8	-28	176	137	0	Kd4	3r4/1b3pk1/6pp/p2Nn3/2P1PRPP/4K3/P3B3/8 w - - 0 30
55	60	8	-30	266	155	0	g5	4r3/1b3pk1/6pp/p2Nn3/2PKPRPP/8/P3B3/8 w - - 2 31
55	62	8	108	366	149	0	a3	4r3/1b3pk1/6pp/3Nn1P1/p1PKPR1P/8/P3B3/8 w - - 0 32
55	64	8	-18	278	128	0	Kc5	4r3/1b3pk1/2n3pp/3N2P1/p1PKPR1P/P7/4B3/8 w - - 1 33
55	66	8	-12	320	119	0	hxg5	4r3/1b3pk1/2n3p1/2KN2p1/p1P1PR1P/P7/4B3/8 w - - 0 34
55	68	8	-4	367	149	0	Bg4	3nr3/1b3pk1/6p1/2KN2P1/p1P1PR2/P7/4B3/8 w - - 1 35
55	70	8	78	406	104	0	Kb6	3n4/1b3pk1/6p1/2KNr1P1/p1P1PRB1/P7/8/8 w - - 3 36
55	72	8	-21	353	162	0	Kc7	b2n4/5pk1/1K4p1/3Nr1P1/p1P1PRB1/P7/8/8 w - - 5 37
55	74	8	-25	511	199	0	Bxe6	b7/2K2pk1/4n1p1/3Nr1P1/p1P1PRB1/P7/8/8 w - - 7 38
55	76	6	84	616	258	0	Nb6	b7/2K3k1/4p1p1/3Nr1P1/p1P1PR2/P7/8/8 w - - 0 39
55	78	6	-13	621	242	0	Kd6	b7/2K3k1/1N2p1p1/2r3P1/p1P1PR2/P7/8/8 w - - 2 40
55	80	6	-71	640	242	0	Ke7	b7/6k1/1NrKp1p1/6P1/p1P1PR2/P7/8/8 w - - 4 41
55	82	6	-111	775	186	0	Rf7+	8/1b2K1k1/1Nr1p1p1/6P1/p1P1PR2/P7/8/8 w - - 6 42
55	84	6	-37	963	320	0	Nd7	6k1/1b2KR2/1Nr1p1p1/6P1/p1P1P3/P7/8/8 w - - 8 43
55	86	6	0	1000	461	1	Kf6	6k1/1brNKR2/4p1p1/6P1/p1P1P3/P7/8/8 w - - 10 44
55	88	6	0	1000	574	1	Rf8+	6k1/2rN1R2/2b1pKp1/6P1/p1P1P3/P7/8/8 w - - 12 45
55	90	6	0	1000	605	1	Ne5	5R2/2rN3k/2b1pKp1/6P1/p1P1P3/P7/8/8 w - - 14 46
55	92	6	0	1000	649	1	Nf7	5R2/2r4k/4pKp1/4N1P1/p1P1b3/P7/8/8 w - - 0 47
55	94	5	0	1000	649	1	Rxf7+	5R2/5r1k/4pKp1/6P1/p1P1b3/P7/8/8 w - - 0 48
55	96	3	0	1000	737	1	Ra7	6k1/5R2/4pKp1/6P1/p1P1b3/P7/8/8 w - - 1 49
55	98	3	0	1000	733	1	Rxa4	5k2/R7/4pKp1/6P1/p1P1b3/P7/8/8 w - - 3 50
55	100	3	0	1000	758	1	Kxe6	4k3/8/4pKp1/6P1/R1P1b3/P7/8/8 w - - 1 51
55	102	3	0	1000	1208	1	Kd6	3k4/8/4K1p1/6P1/R1P1b3/P7/8/8 w - - 1 52
55	104	3	0	1000	1351	1	c5	4k3/8/3K2p1/6P1/R1P1b3/P7/8/8 w - - 3 53
55	106	3	0	1000	1419	1	c6	4k3/8/3K2p1/2P2bP1/R7/P7/8/8 w - - 1 54
55	108	3	0	1000	2300	1	Rf4	8/5k2/2PK2p1/5bP1/R7/P7/8/8 w - - 1 55
55	110	3	0	1000	1000	1	Rxf5	8/6k1/2PK2p1/5bP1/5R2/P7/8/8 w - - 3 56
55	112	0	0	1000	1000	1	Ke5	8/6k1/2PK4/5pP1/8/P7/8/8 w - - 0 57
55	114	0	0	1000	1000	1	c7	8/8/2P3k1/4KpP1/8/P7/8/8 w - - 2 58
55	116	0	0	1000	1000	1	c8=Q	8/2P5/8/4Kpk1/8/P7/8/8 w - - 0 59
55	118	4	0	1000	1000	1	Qxf5+	2Q5/8/8/4Kp2/6k1/P7/8/8 w - - 1 60
56	17	23	2	6	-10	0	Qxf6	r2qkb1r/pp1b1pp1/2nppB1p/8/3NPP2/2N5/PPPQ2PP/R3KB1R b KQkq - 0 9
56	19	22	33	11	4	0	a6	r3kb1r/pp1b1pp1/2nppq1p/8/4PP2/2N2N2/PPPQ2PP/R3KB1R b KQkq - 1 10
56	21	22	83	-13	12	0	Rd8	r3kb1r/1p1b1pp1/p1nppq1p/8/4PP2/2N2N2/PPPQ2PP/2KR1B1R b kq - 1 11
56	23	22	81	-32	17	0	Nb4	3rkb1r/1p1b1pp1/p1nppq1p/8/4PP2/2NB1N2/PPPQ2PP/2KR3R b k - 3 12
56	25	22	28	-95	14	0	Be7	3rkb1r/1p1b1pp1/p2ppq1p/8/1nB1PP2/2N2N2/PPPQ2PP/2KR3R b k - 5 13
56	27	22	5	-126	5	0	Nc6	3rk2r/1p1bbpp1/p2ppq1p/8/1nB1PP2/P1N2N2/1PPQ2PP/2KR3R b k - 0 14
56	29	22	32	-69	9	0	O-O	3rk2r/1p1bbpp1/p1nppq1p/8/2B1PP2/P1N2N2/1PPQ2PP/2KRR3 b k - 2 15
56	31	22	-7	-109	1	0	dxe5	3r1rk1/1p1bbpp1/p1nppq1p/4P3/2B2P2/P1N2N2/1PPQ2PP/2KRR3 b - - 0 16
56	33	22	36	-107	-4	0	Qf5	3r1rk1/1p1bbpp1/p1n1pq1p/4P3/2B5/P1N2N2/1PPQ2PP/2KRR3 b - - 0 17
56	35	22	2	-147	14	0	Qg4	3r1rk1/1p1bbpp1/p1n1p2p/4Pq2/2B5/P1N2N2/1PPQ2PP/1K1RR3 b - - 2 18
56	37	22	93	-125	-14	0	Bc8	3r1rk1/1p1bbpp1/p1n1p2p/4P3/2B1N1q1/P4N2/1PPQ2PP/1K1RR3 b - - 4 19
56	39	22	-18	-235	-23	0	f5	2br1rk1/1p2bpp1/p1n1p2p/4P3/4N1q1/P2B1N2/1PPQ2PP/1K1RR3 b - - 6 20
56	41	22	-1	-237	-53	0	Bxf6	2br1rk1/1p2b1p1/p1n1pP1p/8/4N1q1/P2B1N2/1PPQ2PP/1K1RR3 b - - 0 21
56	43	22	5	-237	-63	0	Qh5	2br1rk1/1p4p1/p1n1pb1p/8/4N1q1/P2B1N1P/1PPQ2P1/1K1RR3 b - - 0 22
56	45	22	157	-257	-48	0	Kh8	2br1rk1/1p4p1/p1n1pb1p/7q/4N3/P2B1N1P/1PP1Q1P1/1K1RR3 b - - 2 23
56	47	21	21	-413	-66	0	gxf6	2br1r1k/1p4p1/p1n1pN1p/7q/8/P2B1N1P/1PP1Q1P1/1K1RR3 b - - 0 24
56	49	20	298	-270	-96	0	Ne5	2br1r1k/1p6/p1n1pp1p/7q/4B3/P4N1P/1PP1Q1P1/1K1RR3 b - - 1 25
56	51	18	6	-596	-95	0	Rxd8	2bR1r1k/1p6/p3pp1p/4n2q/4B3/P4N1P/1PP1Q1P1/1K2R3 b - - 0 26
56	53	16	3	-620	-190	0	Qf7	2br3k/1p6/p3pp1p/4n2q/4B1P1/P4N1P/1PP1Q3/1K2R3 b - g3 0 27
56	55	16	100	-471	-172	0	Qg7	2br3k/1p3q2/p3pp1p/4n3/4B1P1/P3QN1P/1PP5/1K2R3 b - - 2 28
56	57	15	19	-575	-183	0	fxe5	2br3k/1p4q1/p3pp1p/4N3/4B1P1/P3Q2P/1PP5/1K2R3 b - - 0 29
56	59	14	44	-569	-189	0	b5	2br3k/1p4q1/p3p2p/2Q1p3/4B1P1/P6P/1PP5/1K2R3 b - - 1 30
56	61	14	42	-517	-178	0	Qf7	2br3k/6q1/p3p2p/1pQ1p3/6P1/P4B1P/1PP5/1K2R3 b - - 1 31
56	63	14	8	-560	-180	0	Kg8	2br3k/5q2/p3p2p/1p2Q3/6P1/P4B1P/1PP5/1K2R3 b - - 0 32
56	65	14	59	-506	-158	0	Qf2	2br2k1/5q2/p1B1p2p/1p2Q3/6P1/P6P/1PP5/1K2R3 b - - 2 33
56	67	14	103	-572	-248	0	h5	2br2k1/8/p1B1p2p/1p2Q1P1/8/P6P/1PP2q2/1K2R3 b - - 0 34
56	69	14	86	-574	-160	0	Kg7	2br2k1/8/p1B1p3/1p4Pp/4Q3/P6P/1PP2q2/1K2R3 b - - 1 35
56	71	14	12	-482	-155	0	Bxb7	2br4/1B4k1/p3p3/1p4Pp/4Q3/P6P/1PP2q2/1K2R3 b - - 3 36
56	73	12	34	-536	-170	0	Kf8	3r4/1Q4k1/p3p3/1p4Pp/8/P6P/1PP2q2/1K2R3 b - - 0 37
56	75	12	29	-523	-181	0	Qf5	3r1k2/1Q6/p3p3/1p4Pp/8/P6P/1PP2q2/1KR5 b - - 2 38
56	77	12	51	-541	-196	0	Ke7	3r1k2/8/Q3p3/1p3qPp/8/P6P/1PP5/1KR5 b - - 0 39
56	79	12	61	-565	-228	0	Kf8	3r4/1Q2k3/4p3/1p3qPp/8/P6P/1PP5/1KR5 b - - 2 40
56	81	12	9	-604	-217	0	Rd4	3r1k2/1Q6/4p3/1p3qPp/7P/P7/1PP5/1KR5 b - - 0 41
56	83	12	-14	-617	-229	0	Kf7	2Q2k2/8/4p3/1p3qPp/3r3P/P7/1PP5/1KR5 b - - 2 42
56	85	12	20	-620	-251	0	Kg7	2Q5/5k2/4p3/1p3qPp/3r3P/P7/1PP5/1K4R1 b - - 4 43
56	87	12	-7	-656	-253	0	Kg6	8/2Q3k1/4p3/1p3qPp/3r3P/P7/1PP5/1K4R1 b - - 6 44
56	89	12	9	-655	-278	0	Qf7	1Q6/8/4p1k1/1p3qPp/3r3P/P7/1PP5/1K4R1 b - - 8 45
56	91	12	21	-505	-262	0	Rxh4	8/5q2/4p1k1/1Q4Pp/3r3P/P7/1PP5/1K4R1 b - - 0 46
56	93	12	7	-558	-326	0	Qf5	8/5q2/4p1k1/6Pp/7r/P2Q4/1PP5/1K4R1 b - - 1 47
56	95	12	10	-570	-250	0	Qf7	3Q4/8/4p1k1/5qPp/7r/P7/1PP5/1K4R1 b - - 3 48
56	97	12	14	-565	-253	0	Qg7	7Q/5q2/4p1k1/6Pp/7r/P7/1PP5/1K4R1 b - - 5 49
56	99	12	34	-566	-240	0	Qf7	2Q5/6q1/4p1k1/6Pp/7r/P7/1PP5/1K4R1 b - - 7 50
56	101	12	-1	-609	-240	0	Rf4	2Q5/5q2/4p1k1/6Pp/7r/P7/1PP5/1K2R3 b - - 9 51
56	103	12	56	-549	-213	0	Rf5	2Q5/5q2/4p1k1/4R1Pp/5r2/P7/1PP5/1K6 b - - 11 52
56	105	12	-5	-617	-218	0	Kxg5	2Q5/5q2/4R1k1/5rPp/8/P7/1PP5/1K6 b - - 0 53
56	107	12	15	-626	-193	0	Kg4	3Q4/5q2/4R3/5rkp/8/P7/1PP5/1K6 b - - 1 54
56	109	12	113	-565	-208	0	Kh3	3Q4/5q2/8/5r1p/4R1k1/P7/1PP5/1K6 b - - 3 55
56	111	12	0	-688	-213	0	Kg2	8/5q2/8/5r1p/4R2Q/P6k/1PP5/1K6 b - - 5 56
56	113	12	15	-715	-194	0	Rf2	8/5q2/8/5r1p/7Q/P7/1PP1R1k1/1K6 b - - 7 57
56	115	10	-2	-730	-232	0	Qxf2	8/5q2/8/7p/7Q/P7/1PP2Rk1/1K6 b - - 0 58
56	117	8	10	-727	-234	0	Qg3	8/8/8/6Qp/8/P7/1PP2qk1/1K6 b - - 1 59
56	119	8	1	-735	-242	0	Qe1+	8/8/8/7Q/8/P5q1/1PP3k1/1K6 b - - 0 60
56	121	8	2	-736	-243	0	Qf2	8/8/8/7Q/8/P7/KPP3k1/4q3 b - - 2 61
56	123	8	1	-746	-268	0	Kg1	8/8/8/3Q4/8/P7/KPP2qk1/8 b - - 4 62
56	125	8	2	-748	-261	0	Kf1	8/8/8/8/4Q3/P7/KPP2q2/6k1 b - - 6 63
56	127	8	12	-751	-262	0	Qc5	8/8/8/8/P3Q3/8/KPP2q2/5k2 b - - 0 64
56	129	8	4	-757	-256	0	Qb6+	8/8/8/2q5/P3Q3/1K6/1PP5/5k2 b - - 2 65
56	131	8	0	-762	-260	0	Qa5+	8/8/1q6/8/P3Q3/2K5/1PP5/5k2 b - - 4 66
56	133	8	43	-720	-259	0	Qd8+	8/8/8/q7/P3Q3/3K4/1PP5/5k2 b - - 6 67
56	135	8	13	-713	-264	0	Qb6+	3q4/8/8/8/P3Q3/4K3/1PP5/5k2 b - - 8 68
56	137	8	-3	-684	-259	0	Qf2+	8/8/1q6/8/P3Q3/5K2/1PP5/5k2 b - - 10 69
56	139	8	16	-716	-288	0	Qb6	8/8/8/8/P3Q1K1/8/1PP2q2/5k2 b - - 12 70
56	141	8	8	-736	-293	0	Qa7	8/8/1q6/8/PP2Q1K1/8/2P5/5k2 b - b3 0 71
56	143	8	82	-655	-301	0	Qg7+	8/q7/8/P7/1P2Q1K1/8/2P5/5k2 b - - 0 72
56	145	8	42	-705	-306	0	Qf7	8/6q1/8/P7/1P2Q3/7K/2P5/5k2 b - - 2 73
56	147	8	74	-652	-301	0	Qa7	8/5q2/P7/8/1P2Q3/7K/2P5/5k2 b - - 0 74
56	149	8	24	-704	-306	0	Ke1	8/q7/P7/8/1PQ5/7K/2P5/5k2 b - - 2 75
56	151	8	10	-738	-320	0	Qe7	8/q7/P7/8/1P6/3Q3K/2P5/4k3 b - - 4 76
56	153	8	26	-750	-322	0	Qe6+	8/4q3/P7/1P6/8/3Q3K/2P5/4k3 b - - 0 77
56	155	8	-4	-790	-325	0	Qe7+	8/8/P3q3/1P6/7K/3Q4/2P5/4k3 b - - 2 78
56	157	8	33	-770	-322	0	Qa7	8/4q3/P7/1P6/6K1/3Q4/2P5/4k3 b - - 4 79
56	159	8	8	-811	-322	0	Qf2+	8/q7/P7/1P6/5K2/3Q4/2P5/4k3 b - - 6 80
56	161	8	-9	-819	-364	0	Qc5+	8/8/P7/1P2K3/8/3Q4/2P2q2/4k3 b - - 8 81
56	163	8	23	-783	-364	0	Qe7+	8/8/P7/1PqQK3/8/8/2P5/4k3 b - - 10 82
56	165	8	119	-664	-320	0	Qc5+	8/4q3/P3Q3/1P2K3/8/8/2P5/4k3 b - - 12 83
56	167	8	-36	-742	-406	0	Kd1	8/8/P3QK2/1Pq5/8/8/2P5/4k3 b - - 14 84
56	169	8	101	-727	-319	0	Kc1	8/3Q4/P4K2/1Pq5/8/8/2P5/3k4 b - - 16 85
56	171	8	67	-774	-355	0	Qf8+	8/P2Q4/5K2/1Pq5/8/8/2P5/2k5 b - - 0 86
56	173	8	-4	-880	-349	0	Kb1	5q2/P2Q4/4K3/1P6/8/8/2P5/2k5 b - - 2 87
56	175	8	34	-958	-374	0	Qh6+	5q2/P2Q4/4K3/1P6/2P5/8/8/1k6 b - c3 0 88
56	177	8	0	-1000	-416	0	Kc1	8/P2Q4/7q/1P1K4/2P5/8/8/1k6 b - - 2 89
56	179	8	183	-817	-505	0	Qh5+	8/P2Q4/1P5q/3K4/2P5/8/8/2k5 b - - 0 90
56	181	8	-84	-1000	-559	0	Qf3+	8/P2Q4/1PK5/7q/2P5/8/8/2k5 b - - 2 91
56	183	8	0	-1000	-995	0	Qg3+	8/P1KQ4/1P6/8/2P5/5q2/8/2k5 b - - 4 92
56	185	8	0	-1000	-1199	0	Qg2+	8/PK1Q4/1P6/8/2P5/6q1/8/2k5 b - - 6 93
56	187	8	-32	-1000	-1212	0	Qg7+	8/PK6/1P6/3Q4/2P5/8/6q1/2k5 b - - 8 94
56	189	8	-45	-1000	-1321	0	Qa1+	8/P5q1/KP6/3Q4/2P5/8/8/2k5 b - - 10 95
56	191	8	0	-1000	-1354	0	Qh8	8/P7/KP6/Q7/2P5/8/8/q1k5 b - - 12 96
56	193	8	0	-1000	-1964	0	Kc2	7q/P7/KP6/6Q1/2P5/8/8/2k5 b - - 14 97
56	195	8	0	-1000	-2023	1	Kb3	7q/P7/KP6/8/2P5/8/2k3Q1/8 b - - 16 98
56	197	12	0	-1000	-2113	1	Qa1+	Q6q/8/KP6/8/2P5/1k6/6Q1/8 b - - 0 99
57	17	24	22	-37	-13	0	d6	2rqk2r/pb1pbppp/1pn1pn2/2p5/2P1P3/1PN2NP1/PB1P1PBP/R2Q1RK1 b k e3 0 9
57	19	24	-4	-58	-18	0	cxd4	2rqk2r/pb2bppp/1pnppn2/2p5/2PPP3/1PN2NP1/PB3PBP/R2Q1RK1 b k d3 0 10
57	21	24	1	-53	-21	0	O-O	2rqk2r/pb2bppp/1pnppn2/8/2PNP3/1PN3P1/PB3PBP/R2Q1RK1 b k - 0 11
57	23	23	-3	-33	-32	0	Bxc6	2rq1rk1/pb2bppp/1pNppn2/8/2P1P3/1PN3P1/PB3PBP/R2Q1RK1 b - - 0 12
57	25	22	-5	-34	-6	0	a6	2rq1rk1/p3bppp/1pbppn2/8/2P1P3/1PN3P1/PB3PBP/R2QR1K1 b - - 1 13
57	27	22	8	-15	-5	0	b5	2rq1rk1/4bppp/ppbppn2/8/2P1P3/1PN3PP/PB3PB1/R2QR1K1 b - - 0 14
57	29	22	-3	-12	-9	0	axb5	2rq1rk1/4bppp/p1bppn2/1P6/4P3/1PN3PP/PB3PB1/R2QR1K1 b - - 0 15
57	31	22	1	-4	0	0	bxa4	2rq1rk1/4bppp/2bppn2/1p6/P3P3/1PN3PP/1B3PB1/R2QR1K1 b - a3 0 16
57	33	22	10	11	-10	0	h5	2rq1rk1/4bppp/2bppn2/8/N3P3/1P4PP/1B3PB1/R2QR1K1 b - - 0 17
57	35	22	7	12	-10	0	Qb6	2rq1rk1/4bpp1/2bppn2/7p/4P3/1PN3PP/1B3PB1/R2QR1K1 b - - 1 18
57	37	22	-2	22	-12	0	Rfe8	2r2rk1/4bpp1/1qbppn2/7p/4P3/1PN3PP/1B3PB1/2RQR1K1 b - - 3 19
57	39	22	10	74	35	0	h4	2r1r1k1/4bpp1/1qbppn2/7p/4P3/1PN2BPP/1B3P2/2RQR1K1 b - - 5 20
57	41	22	21	93	42	0	Qb4	2r1r1k1/4bpp1/1qbppn2/8/4P1Pp/1PN2B1P/1B3P2/2RQR1K1 b - - 0 21
57	43	22	25	87	35	0	Qb5	2r1r1k1/4bpp1/2bppn2/8/1q2P1Pp/1P3B1P/NB3P2/2RQR1K1 b - - 2 22
57	45	22	47	69	33	0	Qg5	2r1r1k1/4bpp1/2bppn2/1q6/4P1Pp/1PN2B1P/1B3P2/2RQR1K1 b - - 4 23
57	47	22	-9	110	46	0	Nh5	2r1r1k1/4bpp1/2bppn2/6q1/4P1Pp/1PN2B1P/1B2QP2/2R1R1K1 b - - 6 24
57	49	22	132	171	47	0	Bd7	2r1r1k1/4bpp1/Q1bpp3/6qn/4P1Pp/1PN2B1P/1B3P2/2R1R1K1 b - - 8 25
57	51	22	17	36	21	0	Nf6	2r1r1k1/Q2bbpp1/3pp3/6qn/4P1Pp/1PN2B1P/1B3P2/2R1R1K1 b - - 10 26
57	53	22	-1	15	20	0	Ra8	2r1r1k1/Q2bbpp1/3ppn2/6q1/4P1Pp/1PN4P/1B3PB1/2R1R1K1 b - - 12 27
57	55	22	-10	16	37	0	e5	r3r1k1/3bbpp1/3ppn2/6q1/3QP1Pp/1PN4P/1B3PB1/2R1R1K1 b - - 14 28
57	57	22	16	30	37	0	Reb8	r3r1k1/3bbpp1/3p1n2/4p1q1/4P1Pp/1PN4P/1B3PB1/2RQR1K1 b - - 1 29
57	59	22	3	40	51	0	Rb6	rr4k1/3bbpp1/3p1n2/4p1q1/4P1Pp/1PN4P/1BQ2PB1/2R1R1K1 b - - 3 30
57	61	22	124	33	19	0	Rba6	r5k1/3bbpp1/1r1p1n2/4p1q1/4P1Pp/1PN4P/1BQ2PB1/R3R1K1 b - - 5 31
57	63	22	16	13	21	0	Rc6	r5k1/3bbpp1/r2p1n2/4p1q1/4P1Pp/1PN4P/1BQ2PB1/3RR1K1 b - - 7 32
57	65	22	-2	33	40	0	Rb8	r5k1/3bbpp1/2rp1n2/4p1q1/4P1Pp/1PN4P/1B2QPB1/3RR1K1 b - - 9 33
57	67	22	27	33	38	0	Rbc8	1r4k1/3bbpp1/2rp1n2/4p1q1/4P1Pp/1PNR3P/1B2QPB1/4R1K1 b - - 11 34
57	69	22	22	22	36	0	Be6	2r3k1/3bbpp1/2rp1n2/4p1q1/4P1Pp/1PNR3P/1B3PB1/3QR1K1 b - - 13 35
57	71	22	0	65	129	0	Bxd5	2r3k1/4bpp1/2rpbn2/3Np1q1/4P1Pp/1P1R3P/1B3PB1/3QR1K1 b - - 15 36
57	73	20	-5	58	85	0	Rc2	2r3k1/4bpp1/2rp1n2/3Pp1q1/6Pp/1P1R3P/1B3PB1/3QR1K1 b - - 0 37
57	75	20	25	59	106	0	Ra2	2r3k1/4bpp1/3p1n2/3Pp1q1/6Pp/BP1R3P/2r2PB1/3QR1K1 b - - 2 38
57	77	20	1	21	41	0	Qg6	2r3k1/4bpp1/3p1n2/3Pp1q1/6Pp/1P1R3P/r4PB1/2BQR1K1 b - - 4 39
57	79	20	29	13	41	0	Rac2	2r3k1/4bpp1/3p1nq1/3Pp3/6Pp/1P1RB2P/r4PB1/3QR1K1 b - - 6 40
57	81	20	8	-10	26	0	R2c3	2r3k1/4bpp1/3p1nq1/3Pp3/6Pp/1P2B2P/2rR1PB1/3QR1K1 b - - 8 41
57	83	20	-3	15	21	0	exf4	2r3k1/4bpp1/3p1nq1/3Pp3/5PPp/1Pr1B2P/3R2B1/3QR1K1 b - f3 0 42
57	85	20	4	13	31	0	Bd8	2r3k1/4bpp1/3p1nq1/3P4/5BPp/1Pr4P/3R2B1/3QR1K1 b - - 0 43
57	87	20	-29	342	86	0	Bb6	2rb2k1/5pp1/3p1nq1/3P4/5BPp/1Pr4P/3R2B1/3QRK2 b - - 2 44
57	89	20	-27	413	147	0	Nxg4	2r3k1/5pp1/1b1p1nq1/3P4/5BPp/1Pr4P/3R2B1/1Q2RK2 b - - 4 45
57	91	20	194	680	219	0	Qh5	2r3k1/5pp1/1b1p2q1/3P4/4BBnp/1Pr4P/3R4/1Q2RK2 b - - 1 46
57	93	20	-30	641	228	0	Nf6	2r3k1/5pp1/1b1p4/3P3q/4BBnp/1PrR3P/8/1Q2RK2 b - - 3 47
57	95	18	-24	676	233	0	Rxc3	2r3k1/5pp1/1b1p1n2/3P3q/4BB1p/1PR4P/8/1Q2RK2 b - - 0 48
57	97	16	-6	711	266	0	g6	6k1/5pp1/1b1p1n2/3P3q/4BB1p/1Pr4P/6K1/1Q2R3 b - - 1 49
57	99	16	67	725	287	0	Bd4	6k1/5p2/1b1p1np1/3P3q/1P2BB1p/2r4P/6K1/1Q2R3 b - - 0 50
57	101	16	74	732	251	0	Be5	6k1/5p2/3p1np1/1P1P3q/3bBB1p/2r4P/6K1/1Q2R3 b - - 0 51
57	103	16	-12	681	320	0	Bg3	6k1/5p2/3p1np1/1P1Pb2q/4B2p/2r1B2P/6K1/1Q2R3 b - - 2 52
57	105	16	-26	798	562	0	Qg5	6k1/5p2/3p1np1/1P1P3q/4B2p/2r3bP/5BK1/1Q2R3 b - - 4 53
57	107	16	49	1000	732	1	Qd2	6k1/5p2/3p1np1/1P1P2q1/4B2p/2r3bP/5B2/1Q2RK2 b - - 6 54
57	109	15	0	1000	1051	1	hxg3	6k1/5p2/3p1np1/1P1P4/4B2p/2r3BP/3q4/1Q2RK2 b - - 0 55
57	111	14	0	1000	1172	1	Rc1+	6k1/5p2/3p1np1/1P1P4/4B3/2r3pP/3qR3/1Q3K2 b - - 1 56
57	113	12	0	1000	1231	1	Qxc1+	6k1/5p2/3p1np1/1P1P4/4B3/6pP/3qR3/2Q2K2 b - - 0 57
57	115	8	0	1000	1240	1	Nxe4	6k1/5p2/3p1np1/1P1P4/4B3/6pP/4R1K1/2q5 b - - 1 58
57	117	6	0	1000	1401	1	Qc2+	6k1/5p2/3p2p1/1P1P4/4R3/6pP/6K1/2q5 b - - 0 59
57	119	6	0	1000	1405	1	Qxe4	6k1/5p2/3p2p1/1P1P4/4R3/6KP/2q5/8 b - - 0 60
57	121	4	0	1000	1412	1	Qxd5	6k1/5p2/1P1p2p1/3P4/4q3/6KP/8/8 b - - 0 61
57	123	4	0	1000	1437	1	Qc6	6k1/5p2/1P1p2p1/3q4/5K2/7P/8/8 b - - 1 62
58	17	24	1	-31	8	0	O-O	r1bqk2r/1p2bppp/2np1n2/pB2p3/4P3/1NN1BP2/PPP3PP/R2QK2R b KQkq - 5 9
58	19	24	35	-26	4	0	Qc7	r1bq1rk1/1p2bppp/2np1n2/pB2p3/4P3/1NN1BP2/PPP3PP/R2Q1RK1 b - - 7 10
58	21	24	19	-58	-10	0	b6	r1b2rk1/1pq1bppp/2np1n2/pB2p3/4P3/1NN1BP2/PPPQ2PP/R4RK1 b - - 9 11
58	23	24	0	-73	-11	0	Rb8	r1b2rk1/2q1bppp/1pnp1n2/pB2p3/4P3/1NN1BP2/PPP2QPP/R4RK1 b - - 1 12
58	25	24	2	-76	0	0	Be6	1rb2rk1/2q1bppp/1pnp1n2/pB2p3/4P3/1NN1BP2/PPP2QPP/3R1RK1 b - - 3 13
58	27	24	-7	-57	-8	0	Na7	1r3rk1/2q1bppp/1pnpbn2/pB2p3/4P3/PNN1BP2/1PP2QPP/3R1RK1 b - - 0 14
58	29	24	37	-37	0	0	h6	1r3rk1/n1q1bppp/1p1pbn2/p3p3/4P3/PNNBBP2/1PP2QPP/3R1RK1 b - - 2 15
58	31	24	14	-48	8	0	Kh8	1r3rk1/n1q1bpp1/1p1pbn1p/p3p3/4P3/PNNBBP2/1PP2QPP/3RR1K1 b - - 1 16
58	33	24	33	-40	-1	0	Nc6	1r3r1k/n1q1bpp1/1p1pbn1p/p3p3/4P3/PNNBBP1P/1PP2QP1/3RR1K1 b - - 0 17
58	35	24	-1	-39	-2	0	d5	1r3r1k/2q1bpp1/1pnpbn1p/p3p3/4P3/P1NBBP1P/1PPN1QP1/3RR1K1 b - - 2 18
58	37	24	3	-36	-4	0	Nxd5	1r3r1k/2q1bpp1/1pn1bn1p/p2Pp3/8/P1NBBP1P/1PPN1QP1/3RR1K1 b - - 0 19
58	39	23	8	-32	6	0	Bxd5	1r3r1k/2q1bpp1/1pn1b2p/p2Np3/8/P2BBP1P/1PPN1QP1/3RR1K1 b - - 0 20
58	41	22	19	-13	-21	0	Bxe4	1r3r1k/2q1bpp1/1pn4p/p2bp3/4N3/P2BBP1P/1PP2QP1/3RR1K1 b - - 1 21
58	43	20	41	-12	-26	0	Nd4	1r3r1k/2q1bpp1/1pn4p/p3p3/4B3/P3BP1P/1PP2QP1/3RR1K1 b - - 0 22
58	45	20	98	-54	-20	0	Nb3	1r3r1k/2q1bpp1/1p5p/p3p3/3nB3/P1P1BP1P/1P3QP1/3RR1K1 b - - 0 23
58	47	20	3	-41	-36	0	Nc5	1r3r1k/2q1bpp1/1p5p/p2Bp3/8/PnP1BP1P/1P3QP1/3RR1K1 b - - 2 24
58	49	20	53	-41	0	0	e4	1r3r1k/2q1bpp1/1p5p/p1nBp3/5P2/P1P1B2P/1P3QP1/3RR1K1 b - - 0 25
58	51	20	11	-101	-16	0	Bd6	1r3r1k/2q1bpp1/1p5p/p1nB4/3BpP2/P1P4P/1P3QP1/3RR1K1 b - - 1 26
58	53	20	134	-134	-54	0	Rg8	1r3r1k/2q2pp1/1p1b3p/p1nB4/3BpP2/P1P3QP/1P4P1/3RR1K1 b - - 3 27
58	55	20	-22	-94	-82	0	Rbe8	1r4rk/2q2pp1/1p1b3p/p1nB4/3BpP2/P1P3QP/1P4P1/3R1RK1 b - - 5 28
58	57	20	1	-90	-90	0	Kh7	4r1rk/2q2pp1/1p1b3p/p1nB4/3BpP1Q/P1P4P/1P4P1/3R1RK1 b - - 7 29
58	59	20	-7	-83	-124	0	e3	4r1r1/2q2ppk/1p1b3p/p1nB4/3BpPQ1/P1P4P/1P4P1/3R1RK1 b - - 9 30
58	61	20	142	-89	-124	0	g6	4r1r1/2q2ppk/1p1b3p/p1nB4/3B1PQ1/P1P1p2P/1P4P1/4RRK1 b - - 1 31
58	63	20	35	-275	-139	0	Nd3	4r1r1/2q2p1k/1p1b2pp/p1nB1P2/3B2Q1/P1P1p2P/1P4P1/4RRK1 b - - 0 32
58	65	20	-14	-330	-170	0	Rxe3	4r1r1/2q2p1k/1p1b2pp/p2B1P2/3B2Q1/P1PnR2P/1P4P1/5RK1 b - - 0 33
58	67	16	15	-341	-176	0	g5	6r1/2q2p1k/1p1b2pp/p2B1P2/6Q1/P1PnB2P/1P4P1/5RK1 b - - 0 34
58	69	16	-7	-13	-111	0	Re8	6r1/2q2p1k/1p1b3p/p2B1Pp1/3Q4/P1PnB2P/1P4P1/5RK1 b - - 1 35
58	71	15	0	0	-84	0	Rxe3	4r3/2q2p1k/1p1b3p/p2B1Pp1/8/P1PQB2P/1P4P1/5RK1 b - - 0 36
58	73	14	-17	61	0	0	Qe7	8/2q2p1k/1p1b3p/pQ1B1Pp1/8/P1P1r2P/1P4P1/5RK1 b - - 1 37
58	75	14	-47	654	241	0	Rxh3	8/4qp1k/1p1b3p/pQ3Pp1/2B5/P1P1r2P/1P4P1/5RK1 b - - 3 38
58	77	12	0	1000	1000	1	Qe3+	8/4qp1k/1p1b3p/pQ3Pp1/2B5/P1P4P/1P6/5RK1 b - - 0 39
58	79	12	0	1000	1000	1	Bg3	8/5p1k/1p1b3p/pQ3Pp1/2B5/P1P1q2P/1P3R2/6K1 b - - 2 40
58	81	12	0	1000	1000	1	Qxb6	8/5p1k/1Q5p/p4Pp1/2B5/P1P1q1bP/1P3R2/6K1 b - - 0 41
58	83	8	0	1000	1000	1	Qxf2	8/5p1k/1q5p/p4Pp1/2B5/P1P3bP/1P3R2/7K b - - 1 42
58	85	6	0	1000	1000	1	Qh2#	8/5B1k/7p/p4Pp1/8/P1P3bP/1P3q2/7K b - - 0 43
59	16	22	52	21	29	0	Qb5+	r2qkb1r/ppp2ppp/1n2b3/4P3/8/1QN5/PP2PPPP/R1B1KB1R w KQkq - 1 9
59	18	22	0	-22	42	0	Qd3	r2qkb1r/pp3ppp/1np1b3/1Q2P3/8/2N5/PP2PPPP/R1B1KB1R w KQkq - 0 10
59	20	22	32	-28	34	0	Qg3	r2qkb1r/pp3ppp/2p1b3/4P3/2n5/2NQ4/PP2PPPP/R1B1KB1R w KQkq - 2 11
59	22	22	-11	-47	52	0	e4	r3kb1r/pp3ppp/2p1b3/q3P3/2n5/2N3Q1/PP2PPPP/R1B1KB1R w KQkq - 4 12
59	24	22	159	170	60	0	Bf4	r3kb1r/pp3ppp/2p1b3/4q3/2n1P3/2N3Q1/PP3PPP/R1B1KB1R w KQkq - 0 13
59	26	22	6	55	80	0	Bxc4	r3kb1r/pp3ppp/2p1b3/2q5/2n1PB2/2N3Q1/PP3PPP/R3KB1R w KQkq - 2 14
59	28	20	5	52	93	0	O-O-O	r3kb1r/pp3ppp/2p1b3/8/2q1PB2/2N3Q1/PP3PPP/R3K2R w KQkq - 0 15
59	30	20	-18	207	104	0	Bd6	r3kbr1/pp3ppp/2p1b3/8/2q1PB2/2N3Q1/PP3PPP/2KR3R w q - 2 16
59	32	19	14	290	100	0	Rxd6	r3k1r1/pp3ppp/2pbb3/8/2q1P3/2N3Q1/PP3PPP/2KR3R w q - 0 17
59	34	18	1	576	175	0	Rhd1	2r1k1r1/pp3ppp/2pRb3/8/2q1P3/2N3Q1/PP3PPP/2K4R w - - 1 18
59	36	18	1	692	376	0	Qe5	2r1k1r1/pp3pp1/2pRb2p/8/2q1P3/2N3Q1/PP3PPP/2KR4 w - - 0 19
59	38	18	39	810	620	0	R6d4	r3k1r1/pp3pp1/2pRb2p/4Q3/2q1P3/2N5/PP3PPP/2KR4 w - - 2 20
59	40	16	-33	802	648	0	Rxd4	r3k1r1/pp3pp1/2p1b2p/4Q3/3qP3/2N5/PP3PPP/2KR4 w - - 0 21
59	42	12	47	832	685	0	Ra4	3rk1r1/pp3pp1/2p1b2p/4Q3/3RP3/2N5/PP3PPP/2K5 w - - 1 22
59	44	12	5	777	714	0	Qc7	3rk1r1/1p3pp1/p1p1b2p/4Q3/R3P3/2N5/PP3PPP/2K5 w - - 0 23
59	46	12	-13	852	790	0	e5	2brk1r1/1pQ2pp1/p1p4p/8/R3P3/2N5/PP3PPP/2K5 w - - 2 24
59	48	12	-91	867	1249	0	Ne4	3rk1r1/1pQ2pp1/p1p4p/4Pb2/R7/2N5/PP3PPP/2K5 w - - 1 25
59	50	12	-16	984	1285	0	Qc8+	4k1r1/1pQr1pp1/p1p4p/4Pb2/R3N3/8/PP3PPP/2K5 w - - 3 26
59	52	12	0	1000	1277	0	Qxg8	2Q3r1/1p1rkpp1/p1p4p/4Pb2/R3N3/8/PP3PPP/2K5 w - - 5 27
59	54	10	0	1000	1439	0	Nd6	6Q1/1p1rkp2/p1p3pp/4Pb2/R3N3/8/PP3PPP/2K5 w - - 0 28
59	56	10	0	1000	1528	1	g4	6Q1/1p1r1p2/p1pNk1pp/4Pb2/R7/8/PP3PPP/2K5 w - - 2 29
59	58	10	0	1000	1592	0	Rxg4	6Q1/1p1r1p2/p1pNk1pp/4P3/R5b1/8/PP3P1P/2K5 w - - 0 30
59	60	9	0	1000	1789	1	Qh8	6Q1/1p1r1p2/p1pNk2p/4P1p1/6R1/8/PP3P1P/2K5 w - - 0 31
59	62	9	0	1000	1000	1	Rd4	7Q/1p2rp2/p1pNk2p/4P1p1/6R1/8/PP3P1P/2K5 w - - 2 32
60	16	24	9	40	-13	0	Be3	r1bqk2r/1p2bppp/2np1n2/pB2p3/4P3/1NN2P2/PPP3PP/R1BQK2R w KQkq - 4 9
60	18	24	5	36	-9	0	a3	r1bq1rk1/1p2bppp/2np1n2/pB2p3/4P3/1NN1BP2/PPP3PP/R2QK2R w KQ - 6 10
60	20	24	42	37	-9	0	O-O	r2q1rk1/1p2bppp/2npbn2/pB2p3/4P3/PNN1BP2/1PP3PP/R2QK2R w KQ - 1 11
60	22	24	2	0	-6	0	exd5	r2q1rk1/1p2bppp/2n1bn2/pB1pp3/4P3/PNN1BP2/1PP3PP/R2Q1RK1 w - - 0 12
60	24	24	2	6	10	0	Nxd5	r2q1rk1/1p2bppp/2n1b3/pB1np3/8/PNN1BP2/1PP3PP/R2Q1RK1 w - - 0 13
60	26	22	4	4	1	0	c4	r2q1rk1/1p2bppp/2n5/pB1bp3/8/PN2BP2/1PP3PP/R2Q1RK1 w - - 0 14
60	28	22	3	0	15	0	Qxd8	r2q1rk1/1p2bppp/2n1b3/pB2p3/2P5/PN2BP2/1P4PP/R2Q1RK1 w - - 1 15
60	30	14	4	1	5	0	Rad1	r2r2k1/1p2bppp/2n1b3/pB2p3/2P5/PN2BP2/1P4PP/R4RK1 w - - 0 16
60	32	12	8	0	6	0	Rxd1	r5k1/1p2bppp/2n1b3/pB2p3/2P5/PN2BP2/1P4PP/3r1RK1 w - - 0 17
60	34	10	-5	-5	-5	0	Nc5	r5k1/1p2bppp/2n1b3/1B2p3/p1P5/PN2BP2/1P4PP/3R2K1 w - - 0 18
60	36	9	2	-2	16	0	Bxc5	r5k1/1p3ppp/2n1b3/1Bb1p3/p1P5/P3BP2/1P4PP/3R2K1 w - - 0 19
60	38	8	10	-5	10	0	Bxa4	r5k1/1p3ppp/4b3/nBB1p3/p1P5/P4P2/1P4PP/3R2K1 w - - 1 20
60	40	8	1	-16	19	0	Bb5	r5k1/1p3ppp/4b3/2B1p3/B1n5/P4P2/1P4PP/3R2K1 w - - 0 21
60	42	8	2	0	30	0	Bxc4	2r3k1/1p3ppp/4b3/1BB1p3/2n5/P4P2/1P4PP/3R2K1 w - - 2 22
60	44	6	0	0	41	0	a4	2r3k1/1p3ppp/8/2B1p3/2b5/P4P2/1P4PP/3R2K1 w - - 0 23
60	46	6	0	0	30	0	Rd7	2r3k1/1p3ppp/8/2B1p3/P7/1b3P2/1P4PP/3R2K1 w - - 1 24
60	48	6	2	0	23	0	Rxb7	2r3k1/1p1R1ppp/8/2B1p3/b7/5P2/1P4PP/6K1 w - - 0 25
60	50	6	2	0	24	0	b4	2r3k1/1R3pp1/8/2B1p2p/b7/5P2/1P4PP/6K1 w - h6 0 26
60	52	6	0	0	23	0	Be3	3r2k1/1R3pp1/8/2B1p2p/bP6/5P2/6PP/6K1 w - - 1 27
60	54	6	-5	-6	28	0	Kf2	6k1/1R3pp1/8/4p2p/bP6/4BP2/6PP/3r2K1 w - - 3 28
60	56	6	0	0	22	0	h4	6k1/1R3pp1/8/4p2p/bP6/4BP2/5KPP/1r6 w - - 5 29
60	58	6	1	1	44	0	Bc5	6k1/1R4p1/8/4pp1p/bP5P/4BP2/5KP1/1r6 w - f6 0 30
60	60	6	10	10	38	0	Kg1	6k1/1R4p1/8/2B1pp1p/bP5P/5P2/1r3KP1/8 w - - 2 31
60	62	6	0	1	31	0	Kh2	6k1/1R4p1/8/2B1pp1p/bP5P/5P2/6P1/1r4K1 w - - 4 32
60	64	6	7	9	30	0	Be3	6k1/1R4p1/8/2B1pp1p/bP5P/5P2/6PK/3r4 w - - 6 33
60	66	6	0	0	10	0	Bc5	6k1/1R4p1/8/4p2p/bP3p1P/4BP2/6PK/3r4 w - - 0 34
60	68	6	5	5	12	0	Kg1	6k1/1R4p1/8/2B1p2p/bP3p1P/5P2/3r2PK/8 w - - 2 35
60	70	6	0	0	16	0	Kf2	6k1/1R4p1/8/2B1p2p/bP3p1P/5P2/6P1/3r2K1 w - - 4 36
60	72	6	0	0	14	0	Kf1	6k1/1R4p1/8/2B1p2p/bP3p1P/5P2/3r1KP1/8 w - - 6 37
60	74	6	4	4	20	0	Re7	6k1/1R4p1/2b5/2B1p2p/1P3p1P/5P2/3r2P1/5K2 w - - 8 38
60	76	6	2	2	26	0	Kg1	6k1/4R1p1/8/1bB1p2p/1P3p1P/5P2/3r2P1/5K2 w - - 10 39
60	78	6	-3	6	26	0	Bb6	6k1/4R1p1/8/1bBrp2p/1P3p1P/5P2/6P1/6K1 w - - 12 40
60	80	6	6	7	23	0	Rb7	5k2/4R1p1/1B6/1b1rp2p/1P3p1P/5P2/6P1/6K1 w - - 14 41
60	82	6	1	3	30	0	Bc7	6k1/1R4p1/1B6/1b1rp2p/1P3p1P/5P2/6P1/6K1 w - - 16 42
60	84	6	8	8	20	0	Bb8	6k1/1RB3p1/8/3rp2p/1Pb2p1P/5P2/6P1/6K1 w - - 18 43
60	86	6	0	0	26	0	Kh2	1B3k2/1R4p1/8/3rp2p/1Pb2p1P/5P2/6P1/6K1 w - - 20 44
60	88	6	0	0	29	0	Ra7	1B3k2/1R4p1/8/3rp2p/1P3p1P/5P2/4b1PK/8 w - - 22 45
60	90	6	1	2	32	0	Bc7	1B3k2/R7/6p1/3rp2p/1P3p1P/5P2/4b1PK/8 w - - 0 46
60	92	6	0	3	27	0	Ba5	5k2/R1B5/6p1/3rp2p/1Pb2p1P/5P2/6PK/8 w - - 2 47
60	94	6	12	31	32	0	b5	5k2/R7/6p1/B3p2p/1Pb2p1P/5P2/6PK/3r4 w - - 4 48
60	96	6	0	0	31	0	Bb4+	5k2/R7/6p1/Bb2p2p/5p1P/5P2/6PK/3r4 w - - 0 49
60	98	6	1	1	37	0	Bc3	6k1/R7/6p1/1b2p2p/1B3p1P/5P2/6PK/3r4 w - - 2 50
60	100	6	5	0	33	0	fxe4	6k1/R7/6p1/1b5p/4pp1P/2B2P2/6PK/3r4 w - - 0 51
60	102	6	0	0	44	0	Rc7	4b1k1/R7/6p1/7p/4Pp1P/2B5/6PK/3r4 w - - 1 52
60	104	6	0	0	41	0	Bf6	4b1k1/2R5/6p1/7p/4Pp1P/2Br4/6PK/8 w - - 3 53
60	106	6	0	0	46	0	Bg5	4b1k1/2R5/5Bp1/7p/4Pp1P/8/3r2PK/8 w - - 5 54
60	108	6	0	0	36	0	Bxf4	4b1k1/2R5/6p1/6Bp/4Pp1P/8/4r1PK/8 w - - 7 55
60	110	6	0	0	33	0	Bg5	4b1k1/2R5/6p1/7p/4rB1P/8/6PK/8 w - - 0 56
60	112	6	0	0	27	0	Kg1	6k1/2R2b2/6p1/6Bp/4r2P/8/6PK/8 w - - 2 57
60	114	6	0	0	19	0	Rd7	6k1/2R2b2/6p1/6Bp/2r4P/8/6P1/6K1 w - - 4 58
60	116	6	0	0	13	0	Ra7	6k1/3R4/4b1p1/6Bp/2r4P/8/6P1/6K1 w - - 6 59
60	118	6	0	0	9	0	Ra6	6k1/R7/6p1/3b2Bp/2r4P/8/6P1/6K1 w - - 8 60
60	120	6	0	0	0	0	Ra2	6k1/8/R1b3p1/6Bp/2r4P/8/6P1/6K1 w - - 10 61
60	122	6	0	0	0	0	Rf2	6k1/8/6p1/6Bp/2r1b2P/8/R5P1/6K1 w - - 12 62
60	124	6	0	0	7	0	Rf4	8/6k1/6p1/6Bp/2r1b2P/8/5RP1/6K1 w - - 14 63
60	126	6	0	0	0	0	Kh2	8/6k1/6p1/6Bp/4bR1P/8/6P1/2r3K1 w - - 16 64
60	128	6	0	0	0	0	Bf6+	8/6k1/2b3p1/6Bp/5R1P/8/6PK/2r5 w - - 18 65
60	130	6	0	0	0	0	Rf2	6k1/8/2b2Bp1/7p/5R1P/8/6PK/2r5 w - - 20 66
60	132	6	0	0	0	0	Re2	6k1/8/5Bp1/3b3p/7P/8/5RPK/2r5 w - - 22 67
60	134	6	0	0	0	0	Bg5	6k1/8/5Bp1/3b3p/2r4P/8/4R1PK/8 w - - 24 68
60	136	6	0	0	2	0	Re7+	8/5k2/6p1/3b2Bp/2r4P/8/4R1PK/8 w - - 26 69
60	138	6	0	0	4	0	Re5	5k2/4R3/6p1/3b2Bp/2r4P/8/6PK/8 w - - 28 70
60	140	6	0	0	0	0	Be7+	5k2/8/2b3p1/4R1Bp/2r4P/8/6PK/8 w - - 30 71
60	142	6	0	0	-5	0	Rc5	8/4Bk2/2b3p1/4R2p/2r4P/8/6PK/8 w - - 32 72
60	144	4	0	0	-10	0	Bxc5	8/4Bk2/2b3p1/2r4p/7P/8/6PK/8 w - - 0 73
60	146	2	0	0	-10	0	Kg3	8/8/2b1k1p1/2B4p/7P/8/6PK/8 w - - 1 74
60	148	2	0	0	-10	0	Be3	8/8/2b3p1/2Bk3p/7P/6K1/6P1/8 w - - 3 75
60	150	2	0	0	-10	0	Kf2	8/8/2b3p1/7p/2k4P/4B1K1/6P1/8 w - - 5 76
60	152	2	0	0	-11	0	Bf4	8/8/6p1/3b3p/2k4P/4B3/5KP1/8 w - - 7 77
60	154	2	0	0	-10	0	Bd6	8/8/6p1/3b3p/5B1P/3k4/5KP1/8 w - - 9 78
60	156	2	0	0	-11	0	Bh2	8/8/3B2p1/7p/4b2P/3k4/5KP1/8 w - - 11 79
60	158	2	0	0	-11	0	Bd6	8/8/6p1/7p/3kb2P/8/5KPB/8 w - - 13 80
60	160	2	0	0	-11	0	Bh2	8/8/3B2p1/3b3p/3k3P/8/5KP1/8 w - - 15 81
60	162	2	0	0	-10	0	Bd6	8/8/6p1/3b3p/4k2P/8/5KPB/8 w - - 17 82
60	164	2	0	0	-10	0	Bc7	8/8/3B2p1/7p/2b1k2P/8/5KP1/8 w - - 19 83
60	166	2	0	0	-10	0	Bd6	8/2B5/6p1/7p/2b4P/3k4/5KP1/8 w - - 21 84
60	168	2	0	0	-10	0	Bh2	8/8/3B2p1/7p/2bk3P/8/5KP1/8 w - - 23 85
60	170	2	0	0	-10	0	Bc7	8/8/6p1/3b3p/3k3P/8/5KPB/8 w - - 25 86
60	172	2	0	0	-10	0	Bh2	8/2B5/2b3p1/7p/3k3P/8/5KP1/8 w - - 27 87
60	174	2	0	0	-10	0	Bd6	8/8/2b3p1/7p/4k2P/8/5KPB/8 w - - 29 88
60	176	2	0	0	-10	0	Bh2	8/8/2bB2p1/7p/7P/3k4/5KP1/8 w - - 31 89
60	178	2	0	0	-9	0	Bd6	8/8/2b3p1/7p/3k3P/8/5KPB/8 w - - 33 90
60	180	2	0	0	-10	0	Bh2	8/8/2bB2p1/7p/7P/2k5/5KP1/8 w - - 35 91
60	182	2	0	0	-10	0	Kg3	8/8/6p1/3b3p/7P/2k5/5KPB/8 w - - 37 92
60	184	2	0	0	-9	0	Kh3	8/8/6p1/7p/4b2P/2k3K1/6PB/8 w - - 39 93
60	186	2	0	0	-8	0	Kg3	8/8/2b3p1/7p/7P/2k4K/6PB/8 w - - 41 94
60	188	2	0	0	-9	0	Kf2	8/8/6p1/3b3p/7P/2k3K1/6PB/8 w - - 43 95
60	190	2	0	0	-6	0	Bd6	8/8/6p1/3b3p/7P/8/2k2KPB/8 w - - 45 96
60	192	2	0	0	-4	0	Bh2	8/8/3B2p1/7p/4b2P/8/2k2KP1/8 w - - 47 97
60	194	2	0	0	-4	0	Bd6	8/8/2b3p1/7p/7P/8/2k2KPB/8 w - - 49 98
60	196	2	0	0	-5	0	Bh2	8/8/3B2p1/3b3p/7P/8/2k2KP1/8 w - - 51 99
60	198	2	0	0	-12	0	Kf1	8/8/6p1/7p/4b2P/8/2k2KPB/8 w - - 53 100
60	200	2	0	0	-12	0	Kf2	8/8/2b3p1/7p/7P/8/2k3PB/5K2 w - - 55 101
60	202	2	0	0	0	0	Bf4+	8/8/2b3p1/7p/7P/8/3k1KPB/8 w - - 57 102
60	204	2	0	0	0	0	Bh2	8/8/2b3p1/7p/5B1P/2k5/5KP1/8 w - - 59 103
60	206	2	0	0	-7	0	Bd6	8/8/6p1/7p/4b2P/2k5/5KPB/8 w - - 61 104
60	208	2	0	0	-5	0	Bh2	8/8/3B2p1/7p/3kb2P/8/5KP1/8 w - - 63 105
60	210	2	0	0	-11	0	Kg3	8/8/6p1/3k3p/4b2P/8/5KPB/8 w - - 65 106
60	212	2	0	0	-7	0	Kh3	8/8/6p1/7p/2k1b2P/6K1/6PB/8 w - - 67 107
60	214	2	0	0	-6	0	Kg3	8/8/6p1/3b3p/2k4P/7K/6PB/8 w - - 69 108
60	216	2	0	0	-12	0	Kf2	8/8/6p1/3b3p/7P/3k2K1/6PB/8 w - - 71 109
60	218	2	0	0	-12	0	Bd6	8/8/6p1/7p/4b2P/3k4/5KPB/8 w - - 73 110
60	220	2	0	0	-12	0	Bc5	8/8/3B2p1/7p/4b2P/2k5/5KP1/8 w - - 75 111
60	222	2	0	0	-11	0	Bd6	8/8/6p1/2Bb3p/7P/2k5/5KP1/8 w - - 77 112
60	224	2	0	0	-9	0	Bh2	8/1b6/3B2p1/7p/7P/2k5/5KP1/8 w - - 79 113
60	226	2	0	0	-6	0	Bd6	8/1b6/6p1/7p/2k4P/8/5KPB/8 w - - 81 114
60	228	2	0	0	-3	0	Bh2	8/8/3B2p1/7p/2k1b2P/8/5KP1/8 w - - 83 115
60	230	2	0	0	0	0	Kg3	8/8/2b3p1/7p/2k4P/8/5KPB/8 w - - 85 116
60	232	2	0	0	0	0	Kf2	8/8/6p1/3b3p/2k4P/6K1/6PB/8 w - - 87 117
60	234	2	0	0	0	0	Kg3	8/8/6p1/7p/2k1b2P/8/5KPB/8 w - - 89 118
60	236	2	0	0	0	0	Kf2	8/8/2b3p1/7p/2k4P/6K1/6PB/8 w - - 91 119
60	238	2	0	0	0	0	Bb8	8/8/2b3p1/7p/7P/3k4/5KPB/8 w - - 93 120
60	240	2	0	0	0	0	Bh2	1B6/8/2b3p1/7p/2k4P/8/5KP1/8 w - - 95 121
60	242	2	0	0	0	0	Bf4	8/8/6p1/3b3p/2k4P/8/5KPB/8 w - - 97 122
60	244	2	0	0	0	0	Bb8	8/1b6/6p1/7p/2k2B1P/8/5KP1/8 w - - 99 123
61	17	22	2	-14	-31	0	Qd4	r2qkb1r/ppp2ppp/1n2b3/4P3/8/2N5/PPQ1PPPP/R1B1KB1R b KQkq - 2 9
61	19	22	18	-7	-29	0	Bb4	r3kb1r/ppp2ppp/1n2b3/4P3/3q1P2/2N5/PPQ1P1PP/R1B1KB1R b KQkq f3 0 10
61	21	22	11	-22	-40	0	Qc5	r3k2r/ppp2ppp/1n2b3/4P3/1b1q1P2/2N1P3/PPQ3PP/R1B1KB1R b KQkq - 0 11
61	23	22	-3	-27	-26	0	Bxc3+	r3k2r/ppp2ppp/1n2b3/2q1P3/1b3P2/P1N1P3/1PQ3PP/R1B1KB1R b KQkq - 0 12
61	25	20	2	-27	-34	0	Qxc3+	r3k2r/ppp2ppp/1n2b3/2q1P3/5P2/P1Q1P3/1P4PP/R1B1KB1R b KQkq - 0 13
61	27	12	1	-21	-20	0	O-O-O	r3k2r/ppp2ppp/1n2b3/4P3/5P2/P1P1P3/6PP/R1B1KB1R b KQkq - 0 14
61	29	12	-1	38	2	0	Na4	2kr3r/ppp2ppp/1n2b3/4P3/5P2/P1P1P3/3B2PP/R3KB1R b KQ - 2 15
61	31	12	-3	61	25	0	Nc5	2kr3r/ppp2ppp/4b3/4P3/n4P2/P1P1P3/3BB1PP/R3K2R b KQ - 4 16
61	33	12	-7	111	31	0	Nd3+	2kr3r/ppp2ppp/4b3/2n1P3/5P2/P1P1P3/3BB1PP/3RK2R b K - 6 17
61	35	11	-3	120	38	0	Rxd3	2kr3r/ppp2ppp/4b3/4P3/5P2/P1PBP3/3B2PP/3RK2R b K - 0 18
61	37	10	-14	129	38	0	Rhd8	2k4r/ppp2ppp/4b3/4P3/5P2/P1PrP3/3B2PP/3RKR2 b - - 1 19
61	39	10	-12	136	36	0	Bf5	2kr4/ppp2ppp/4b3/4P3/5P2/P1PrP3/3B1RPP/3RK3 b - - 3 20
61	41	10	7	147	51	0	h5	2kr4/ppp2ppp/8/4Pb2/5P2/P1PrP2P/3B1RP1/3RK3 b - - 0 21
61	43	10	96	166	56	0	h4	2kr4/ppp2pp1/8/4Pb1p/5P2/P1PrP2P/3BR1P1/3RK3 b - - 1 22
61	45	10	47	87	63	0	b6	2kr4/ppp2pp1/8/4Pb2/P4P1p/2PrP2P/3BR1P1/3RK3 b - - 0 23
61	47	10	65	69	59	0	bxa5	2kr4/p1p2pp1/1p6/P3Pb2/5P1p/2PrP2P/3BR1P1/3RK3 b - - 0 24
61	49	10	0	0	50	0	R8d5	2kr4/p1p2pp1/8/p3Pb2/5P1p/2PrP2P/3BR1P1/R3K3 b - - 1 25
61	51	10	0	0	45	0	Rc5	2k5/p1p2pp1/8/p2rPb2/2P2P1p/3rP2P/3BR1P1/R3K3 b - - 0 26
61	53	10	0	7	65	0	Rxc4	2k5/p1p2pp1/8/R1r1Pb2/2P2P1p/3rP2P/3BR1P1/4K3 b - - 0 27
61	55	10	4	7	70	0	Rb3	2k5/R1p2pp1/8/4Pb2/2r2P1p/3rP2P/3BR1P1/4K3 b - - 0 28
61	57	10	7	3	48	0	Kb7	2k5/2p2pp1/8/4Pb2/2r2P1p/1r2P2P/3BR1P1/R3K3 b - - 2 29
61	59	10	8	8	37	0	Bd3	8/1kp2pp1/8/4Pb2/2r2P1p/1r2P2P/3BR1P1/2R1K3 b - - 4 30
61	61	10	6	6	37	0	Re4	8/1kp2pp1/8/4P3/2r2P1p/1r1bP2P/3B1RP1/2R1K3 b - - 6 31
61	63	10	2	2	46	0	g6	8/1kp2pp1/8/4P3/4rP1p/1r1bP2P/3B1RP1/3RK3 b - - 8 32
61	65	10	7	1	40	0	Kb8	8/1kp2p2/6p1/4P3/4rP1p/1r1bP2P/3B1RP1/2R1K3 b - - 1 33
61	67	10	5	4	45	0	Rb2	1k6/2p2p2/6p1/4P3/4rP1p/1r1bPR1P/3B2P1/2R1K3 b - - 3 34
61	69	10	2	7	57	0	hxg3	1k6/2p2p2/6p1/4P3/4rP1p/3bPRPP/1r1B4/2R1K3 b - - 0 35
61	71	10	-7	3	67	0	Ra4	1k6/2p2p2/6p1/4P3/4rP2/3bP1RP/1r1B4/2R1K3 b - - 0 36
61	73	10	10	6	55	0	Ra3	1k6/2p2p2/6p1/4P3/r4P2/3bPR1P/1r1B4/2R1K3 b - - 2 37
61	75	10	-3	10	72	0	Raa2	1k6/2p2p2/6p1/4P3/5P2/r2bPR1P/1r1B4/3RK3 b - - 4 38
61	77	10	0	8	67	0	Ka7	1k6/2p2p2/6p1/4P3/5P2/3bP2P/rr1B1R2/3RK3 b - - 6 39
61	79	10	6	6	96	0	c5	8/k1p2p2/6p1/4P3/5P1P/3bP3/rr1B1R2/3RK3 b - - 0 40
61	81	10	0	0	66	0	gxh5	8/k4p2/6p1/2p1P2P/5P2/3bP3/rr1B1R2/3RK3 b - - 0 41
61	83	10	0	0	63	0	Ra4	8/k4p2/8/2p1PP1p/8/3bP3/rr1B1R2/3RK3 b - - 0 42
61	85	10	11	9	45	0	Rbxb4	8/k4p2/8/2p1PP1p/rB6/3bP3/1r3R2/3RK3 b - - 2 43
61	87	8	306	0	43	0	Re4	8/k4p2/8/2p1PP1p/rr6/3RP3/5R2/4K3 b - - 0 44
61	89	8	-5	-9	42	0	Kb6	8/k2R1p2/8/2p1PP1p/r3r3/4P3/5R2/4K3 b - - 2 45
61	91	8	-3	-3	71	0	Rxe5	8/3R1p2/1k6/2p1PP1p/r3r3/4P3/4R3/4K3 b - - 4 46
61	93	8	-3	-4	44	0	c4	8/5R2/1k6/2p1rP1p/r7/4P3/4R3/4K3 b - - 0 47
61	95	8	5	-3	64	0	c3	8/5R2/1k6/4rP1p/r1p5/4P3/4RK2/8 b - - 1 48
61	97	8	1	-1	31	0	Ra3	8/5R2/1k6/4rP1p/r7/2p1P3/2R2K2/8 b - - 1 49
61	99	8	0	0	45	0	Rf5+	8/5R2/1k3P2/4r2p/8/r1p1P3/2R2K2/8 b - - 0 50
61	101	8	0	0	5	0	h4	8/5R2/1k3P2/5r1p/8/r1p1P3/2R1K3/8 b - - 2 51
61	103	8	0	0	9	0	Rf4	8/5R2/1k3P2/5r2/4P2p/r1p5/2R1K3/8 b - - 0 52
61	105	8	0	0	0	0	Rf1	8/5R2/1k3P2/8/4Pr1p/r1p1K3/2R5/8 b - - 2 53
61	107	8	0	0	21	0	Kc6	8/5R2/1k3P2/4P3/7p/r1p1K3/2R5/5r2 b - - 0 54
61	109	8	0	0	-9	0	Rf5	8/5R2/2k2P2/4P3/7p/r1p5/2R1K3/5r2 b - - 2 55
61	111	8	0	0	3	0	Re5+	8/5R2/2k1PP2/5r2/7p/r1p5/2R1K3/8 b - - 0 56
61	113	8	0	0	0	0	Rxe6	8/5R2/2k1PP2/4r3/7p/r1pK4/2R5/8 b - - 2 57
61	115	8	0	0	6	0	Rxc3+	8/5R2/2k1rP2/8/7p/r1RK4/8/8 b - - 0 58
61	117	4	0	0	0	0	Kd5	8/5R2/2k1rP2/8/7p/2K5/8/8 b - - 0 59
61	119	4	0	0	0	0	Ke5	8/3R4/4rP2/3k4/7p/2K5/8/8 b - - 2 60
61	121	4	0	0	0	0	Kxf6	8/7R/4rP2/4k3/7p/2K5/8/8 b - - 4 61
61	123	4	0	0	0	0	Re3+	8/8/4rk2/8/7R/2K5/8/8 b - - 0 62
61	125	4	0	0	0	0	Kg5	8/8/5k2/8/3K3R/4r3/8/8 b - - 2 63
61	127	2	0	0	0	0	Kxh4	8/8/8/6k1/7R/4K3/8/8 b - - 0 64
62	17	22	6	-12	-40	0	Bf6	r1bq1rk1/ppp1bppp/3p4/n2Pp3/8/P2P1N2/1PP2PPP/RNBQR1K1 b - - 0 9
62	19	22	7	-9	-18	0	c6	r1bq1rk1/ppp2ppp/3p1b2/n2Pp3/8/P1NP1N2/1PP2PPP/R1BQR1K1 b - - 2 10
62	21	22	27	13	13	0	Bf5	r1bq1rk1/pp3ppp/2pp1b2/n2Pp3/8/P1NP1N2/1PP1QPPP/R1B1R1K1 b - - 1 11
62	23	22	2	-9	4	0	cxd5	r2q1rk1/pp3ppp/2pp1b2/n2Ppb2/8/P1NPBN2/1PP1QPPP/R3R1K1 b - - 3 12
62	25	22	0	-8	2	0	Nc6	r2q1rk1/pp3ppp/3p1b2/n2Npb2/8/P2PBN2/1PP1QPPP/R3R1K1 b - - 0 13
62	27	22	71	17	5	0	g6	r2q1rk1/pp3ppp/2np1b2/3Npb2/8/P2PB3/1PPNQPPP/R3R1K1 b - - 2 14
62	29	21	-4	-56	15	0	Qxf6	r2q1rk1/pp3p1p/2np1Np1/4pb2/8/P2PB3/1PPNQPPP/R3R1K1 b - - 0 15
62	31	20	6	21	24	0	Be6	r4rk1/pp3p1p/2np1qp1/4pb2/6P1/P2PB3/1PPNQP1P/R3R1K1 b - g3 0 16
62	33	20	5	16	10	0	Qd8	r4rk1/pp3p1p/2npbqp1/4p3/4N1P1/P2PB3/1PP1QP1P/R3R1K1 b - - 2 17
62	35	20	115	6	19	0	Rc8	r2q1rk1/pp3p1p/2npb1p1/4p1P1/4N3/P2PB3/1PP1QP1P/R3R1K1 b - - 0 18
62	37	20	1	-113	32	0	Kh8	2rq1rk1/pp3p1p/2npbNp1/4p1P1/8/P2PB3/1PP1QP1P/R3R1K1 b - - 2 19
62	39	20	159	-88	29	0	Na5	2rq1r1k/pp3p1p/2npbNp1/4p1P1/8/P1PPB3/1P2QP1P/R3R1K1 b - - 0 20
62	41	20	51	-89	20	0	Nb3	2rq1r1k/Bp3p1p/3pbNp1/n3p1P1/8/P1PP4/1P2QP1P/R3R1K1 b - - 0 21
62	43	20	212	-134	26	0	b5	2rq1r1k/Bp3p1p/3pbNp1/4p1P1/8/PnPP4/1P2QP1P/3RR1K1 b - - 2 22
62	45	20	196	-291	29	0	Qa5	2rq1r1k/B4p1p/3pbNp1/1p2p1P1/3P4/PnP5/1P2QP1P/3RR1K1 b - - 0 23
62	47	20	49	-343	60	0	Bf5	2r2r1k/B4p1p/3pbNp1/qp1Pp1P1/8/PnP5/1P2QP1P/3RR1K1 b - - 0 24
62	49	20	7	-424	35	0	Rc4	2r2r1k/5p1p/3p1Np1/qp1PpbP1/8/PnP1B3/1P2QP1P/3RR1K1 b - - 2 25
62	51	20	138	-241	18	0	Qc7	5r1k/5p1p/3p1Np1/qp1PpbP1/2r5/PnP1BP2/1P2Q2P/3RR1K1 b - - 0 26
62	53	20	34	-395	-10	0	Qc8	5r1k/2q2p1p/3p1Np1/1p1PpbP1/2r5/PnP1BP2/1P3Q1P/3RR1K1 b - - 2 27
62	55	20	150	-305	-18	0	Qd8	2q2r1k/5p1p/3p1Np1/1p1PpbP1/2r4P/PnP1BP2/1P3Q2/3RR1K1 b - h3 0 28
62	57	20	39	-468	-49	0	exf4	3q1r1k/5p1p/3p1Np1/1p1PpbP1/2r2P1P/PnP1B3/1P3Q2/3RR1K1 b - - 0 29
62	59	20	41	-517	-70	0	h6	3q1r1k/5p1p/3p1Np1/1p1P1bP1/2r2B1P/PnP5/1P3Q2/3RR1K1 b - - 0 30
62	61	20	197	-543	-118	0	Qa8	3q1r1k/5p2/3p1Npp/1p1P1bP1/2r2B1P/PnP5/1P5Q/3RR1K1 b - - 1 31
62	63	20	187	-763	-293	0	Rd8	q4r1k/5p2/3B1Npp/1p1P1bP1/2r4P/PnP5/1P5Q/3RR1K1 b - - 0 32
62	65	20	0	-1000	-487	0	Rf8	q2r3k/5p2/3B1Npp/1p1PQbP1/2r4P/PnP5/1P6/3RR1K1 b - - 2 33
62	67	20	0	-1000	-536	0	Qd8	q4r1k/5p2/3B1NpP/1p1PQb2/2r4P/PnP5/1P6/3RR1K1 b - - 0 34
62	69	18	0	-1000	-1007	1	Qxf8	3q1B1k/5p2/5NpP/1p1PQb2/2r4P/PnP5/1P6/3RR1K1 b - - 0 35
62	71	17	0	-1000	-1472	1	f6	5q1k/3N1p2/6pP/1p1PQb2/2r4P/PnP5/1P6/3RR1K1 b - - 1 36
62	73	17	0	-1000	-1481	1	Rxh4	5q1k/8/5NpP/1p1PQb2/2r4P/PnP5/1P6/3RR1K1 b - - 0 37
62	75	17	0	-1000	-1850	1	Kh7	5q1k/3N4/6pP/1p1PQb2/7r/PnP5/1P6/3RR1K1 b - - 1 38
62	77	13	0	-1000	-2082	1	Kxh6	5N2/7k/6pP/1p1PQb2/7r/PnP5/1P6/3RR1K1 b - - 0 39
62	79	13	0	-1000	-1698	1	Na5	5N2/8/3P2pk/1p2Qb2/7r/PnP5/1P6/3RR1K1 b - - 0 40
62	81	13	0	-1000	-1000	1	Rh5	5N2/8/3P2pk/np2Qb2/3R3r/P1P5/1P6/4R1K1 b - - 2 41
62	83	13	0	-1000	-1000	1	Kg5	5N1Q/8/3P2pk/np3b1r/3R4/P1P5/1P6/4R1K1 b - - 4 42
63	16	23	3	14	40	0	exd5	r1bq1rk1/ppp1bppp/3p4/n2np3/4P3/P2P1N2/1PP2PPP/RNBQR1K1 w - - 0 9
63	18	22	28	22	41	0	Nfd2	r1bq1rk1/ppp2ppp/3p1b2/n2Pp3/8/P2P1N2/1PP2PPP/RNBQR1K1 w - - 1 10
63	20	22	-1	-7	45	0	Nc3	r1bq1rk1/p1p2ppp/1p1p1b2/n2Pp3/8/P2P4/1PPN1PPP/RNBQR1K1 w - - 0 11
63	22	22	39	-4	45	0	Nde4	r1bq1rk1/pnp2ppp/1p1p1b2/3Pp3/8/P1NP4/1PPN1PPP/R1BQR1K1 w - - 2 12
63	24	22	13	-31	50	0	Qh5	r1bq1rk1/pnp1bppp/1p1p4/3Pp3/4N3/P1NP4/1PP2PPP/R1BQR1K1 w - - 4 13
63	26	22	43	-5	60	0	h3	r1b2rk1/pnpqbppp/1p1p4/3Pp2Q/4N3/P1NP4/1PP2PPP/R1B1R1K1 w - - 6 14
63	28	22	30	-3	56	0	Bg5	r1b2rk1/p1pqbppp/1p1p4/2nPp2Q/4N3/P1NP3P/1PP2PP1/R1B1R1K1 w - - 1 15
63	30	21	2	-36	52	0	dxe4	r1b2rk1/p1pqbppp/1p1p4/3Pp1BQ/4n3/P1NP3P/1PP2PP1/R3R1K1 w - - 0 16
63	32	20	16	1	59	0	a4	r4rk1/pbpqbppp/1p1p4/3Pp1BQ/4P3/P1N4P/1PP2PP1/R3R1K1 w - - 1 17
63	34	19	-7	-7	47	0	Qxg5	r4rk1/pbpq1ppp/1p1p4/3Pp1bQ/P3P3/2N4P/1PP2PP1/R3R1K1 w - - 0 18
63	36	18	25	-3	65	0	a5	r4rk1/pbpq2pp/1p1p4/3PppQ1/P3P3/2N4P/1PP2PP1/R3R1K1 w - f6 0 19
63	38	18	40	5	62	0	Qg6	r4rk1/pbpq2p1/1p1p3p/P2PppQ1/4P3/2N4P/1PP2PP1/R3R1K1 w - - 0 20
63	40	18	20	22	91	0	Rxa5	r4rk1/pbpq2p1/3p2Qp/p2Ppp2/4P3/2N4P/1PP2PP1/R3R1K1 w - - 0 21
63	42	18	62	16	75	0	Qg3	r4rk1/1bpq2p1/p2p2Qp/R2Ppp2/4P3/2N4P/1PP2PP1/4R1K1 w - - 0 22
63	44	18	-8	-44	57	0	Qf3	r4rk1/1bpq2p1/p2p3p/R2Pp3/4Pp2/2N3QP/1PP2PP1/4R1K1 w - - 0 23
63	46	18	0	-3	69	0	b4	2r2rk1/1bpq2p1/p2p3p/R2Pp3/4Pp2/2N2Q1P/1PP2PP1/4R1K1 w - - 2 24
63	48	18	8	9	51	0	dxc6	2r2rk1/1b1q2p1/p1pp3p/R2Pp3/1P2Pp2/2N2Q1P/2P2PP1/4R1K1 w - - 0 25
63	50	18	1	2	75	0	Nd5	2r2rk1/1b4p1/p1qp3p/R3p3/1P2Pp2/2N2Q1P/2P2PP1/4R1K1 w - - 0 26
63	52	18	-1	31	68	0	Re2	2r1r1k1/1b4p1/p1qp3p/R2Np3/1P2Pp2/5Q1P/2P2PP1/4R1K1 w - - 2 27
63	54	18	8	34	53	0	Kh2	2r1r2k/1b4p1/p1qp3p/R2Np3/1P2Pp2/5Q1P/2P1RPP1/6K1 w - - 4 28
63	56	18	59	75	85	0	h4	2r1r1k1/1b4p1/p1qp3p/R2Np3/1P2Pp2/5Q1P/2P1RPPK/8 w - - 6 29
63	58	18	23	23	69	0	h5	2r1r2k/1b4p1/p1qp3p/R2Np3/1P2Pp1P/5Q2/2P1RPPK/8 w - - 1 30
63	60	18	24	24	55	0	Qd3	3rr2k/1b4p1/p1qp3p/R2Np2P/1P2Pp2/5Q2/2P1RPPK/8 w - - 1 31
63	62	18	28	35	86	0	Kg1	3rr1k1/1b4p1/p1qp3p/R2Np2P/1P2Pp2/3Q4/2P1RPPK/8 w - - 3 32
63	64	18	35	76	93	0	Ra3	3rrk2/1b4p1/p1qp3p/R2Np2P/1P2Pp2/3Q4/2P1RPP1/6K1 w - - 5 33
63	66	18	1	41	86	0	Qf3	3rrk2/1b1q2p1/p2p3p/3Np2P/1P2Pp2/R2Q4/2P1RPP1/6K1 w - - 7 34
63	68	18	24	39	79	0	Ra5	3rr1k1/1b1q2p1/p2p3p/3Np2P/1P2Pp2/R4Q2/2P1RPP1/6K1 w - - 9 35
63	70	18	-14	31	88	0	Rd2	3rr1k1/1b3qp1/p2p3p/R2Np2P/1P2Pp2/5Q2/2P1RPP1/6K1 w - - 11 36
63	72	18	27	43	77	0	Qe2	2r1r1k1/1b3qp1/p2p3p/R2Np2P/1P2Pp2/5Q2/2PR1PP1/6K1 w - - 13 37
63	74	18	12	37	78	0	c3	4r1k1/1b3qp1/p1rp3p/R2Np2P/1P2Pp2/8/2PRQPP1/6K1 w - - 15 38
63	76	18	43	43	78	0	Rb2	4r3/1b3qpk/p1rp3p/R2Np2P/1P2Pp2/2P5/3RQPP1/6K1 w - - 1 39
63	78	18	20	37	82	0	Rc2	2r1r3/1b3qpk/p2p3p/R2Np2P/1P2Pp2/2P5/1R2QPP1/6K1 w - - 3 40
63	80	18	15	44	79	0	c4	2r1r1k1/1b3qp1/p2p3p/R2Np2P/1P2Pp2/2P5/2R1QPP1/6K1 w - - 5 41
63	82	18	32	41	78	0	Qg4	2rr2k1/1b3qp1/p2p3p/R2Np2P/1PP1Pp2/8/2R1QPP1/6K1 w - - 1 42
63	84	18	-1	68	81	0	f3	1r1r2k1/1b3qp1/p2p3p/R2Np2P/1PP1PpQ1/8/2R2PP1/6K1 w - - 3 43
63	86	18	-26	90	107	0	Rd2	1r2r1k1/1b3qp1/p2p3p/R2Np2P/1PP1PpQ1/5P2/2R3P1/6K1 w - - 1 44
63	88	18	131	214	105	0	Qh4	1rb1r1k1/5qp1/p2p3p/R2Np2P/1PP1PpQ1/5P2/3R2P1/6K1 w - - 3 45
63	90	18	125	125	116	0	Nb6	1r2r1k1/1b3qp1/p2p3p/R2Np2P/1PP1Pp1Q/5P2/3R2P1/6K1 w - - 5 46
63	92	18	23	17	66	0	Qf2	1r2r1k1/1bq3p1/pN1p3p/R3p2P/1PP1Pp1Q/5P2/3R2P1/6K1 w - - 7 47
63	94	18	166	-5	56	0	c5	1r2r1k1/2q3p1/pN1p3p/R3p2P/1PP1bp2/5P2/3R1QP1/6K1 w - - 0 48
63	96	18	119	-205	45	0	bxc5	1r2r1k1/2q3p1/pN5p/R1p1p2P/1P2bp2/5P2/3R1QP1/6K1 w - - 0 49
63	98	18	68	-374	32	0	Rxa6	1r2r1k1/2q3p1/pNb4p/R1P1p2P/5p2/5P2/3R1QP1/6K1 w - - 1 50
63	100	18	-25	-70	3	0	Rxd8	3rr1k1/2q3p1/RNb4p/2P1p2P/5p2/5P2/3R1QP1/6K1 w - - 1 51
63	102	14	410	-41	1	0	Qc2	3r2k1/2q3p1/RNb4p/2P1p2P/5p2/5P2/5QP1/6K1 w - - 0 52
63	104	14	20	-23	4	0	Qc4+	3rb1k1/2q3p1/RN5p/2P1p2P/5p2/5P2/2Q3P1/6K1 w - - 2 53
63	106	14	-7	-33	-19	0	Qc2	3r2k1/2q2bp1/RN5p/2P1p2P/2Q2p2/5P2/6P1/6K1 w - - 4 54
63	108	14	-1	-4	2	0	Kh2	1r4k1/2q2bp1/RN5p/2P1p2P/5p2/5P2/2Q3P1/6K1 w - - 6 55
63	110	14	0	0	71	0	c6	4r1k1/2q2bp1/RN5p/2P1p2P/5p2/5P2/2Q3PK/8 w - - 8 56
63	112	14	19	19	50	0	Qc5	4r1k1/2q3p1/RNP4p/4p2b/5p2/5P2/2Q3PK/8 w - - 0 57
63	114	14	0	0	68	0	Ra4	4r1k1/2q2bp1/RNP4p/2Q1p3/5p2/5P2/6PK/8 w - - 2 58
63	116	14	343	358	13	0	Ra3	4r1k1/2q3p1/1NP4p/2Q1p3/R4p2/1b3P2/6PK/8 w - - 4 59
63	118	14	-4	246	45	0	Ra8	4r1k1/2q3p1/1NP1b2p/2Q1p3/5p2/R4P2/6PK/8 w - - 6 60
63	120	12	13	341	69	0	Nxa8	r5k1/2q3p1/1NP1b2p/2Q1p3/5p2/5P2/6PK/8 w - - 0 61
63	122	10	-16	507	65	0	Qe7	Nq4k1/6p1/2P1b2p/2Q1p3/5p2/5P2/6PK/8 w - - 1 62
63	124	10	83	495	267	0	Nc7	N5k1/4Q1p1/2P1b2p/4p3/5p2/1q3P2/6PK/8 w - - 3 63
63	126	10	-17	478	573	0	Qxe5	6k1/2N1Qbp1/2P4p/4p3/5p2/1q3P2/6PK/8 w - - 5 64
63	128	10	198	533	94	0	Qa5	6k1/2N2bp1/2P4p/4Q3/5p2/4qP2/6PK/8 w - - 1 65
63	130	10	-13	409	139	0	Na6	6k1/2N1qbp1/2P4p/Q7/5p2/5P2/6PK/8 w - - 3 66
63	132	10	15	462	131	0	Nc5	6k1/4q1p1/N1P1b2p/Q7/5p2/5P2/6PK/8 w - - 5 67
63	134	10	-5	465	174	0	Ne4	2b3k1/4q1p1/2P4p/Q1N5/5p2/5P2/6PK/8 w - - 7 68
63	136	10	25	571	218	0	Qd5+	2b3k1/4q3/2P4p/Q5p1/4Np2/5P2/6PK/8 w - g6 0 69
63	138	10	62	586	153	0	Qd4+	2b5/4q1k1/2P4p/3Q2p1/4Np2/5P2/6PK/8 w - - 2 70
63	140	10	535	570	143	0	Qc3	2b5/4q3/2P3kp/6p1/3QNp2/5P2/6PK/8 w - - 4 71
63	142	10	29	29	93	0	c7	2b5/4q3/2P3kp/8/4Npp1/2Q2P2/6PK/8 w - - 0 72
63	144	10	0	0	74	0	Kg1	2b5/2P5/6kp/8/4Nppq/2Q2P2/6PK/8 w - - 1 73
63	146	10	0	0	31	0	Qc6+	2b5/2P5/6kp/8/4Np1q/2Q2Pp1/6P1/6K1 w - - 0 74
63	148	10	0	0	10	0	Nd6	2b5/2P3k1/2Q4p/8/4Np1q/5Pp1/6P1/6K1 w - - 2 75
63	150	10	0	0	-132	0	Kf1	2b5/2P3k1/2QN3p/8/5p2/5Pp1/6Pq/6K1 w - - 4 76
63	152	10	0	0	-101	0	Ke2	2b5/2P3k1/2QN3p/8/5p2/5Pp1/6P1/5K1q w - - 6 77
63	154	10	0	0	-229	0	Kd3	2b5/2P3k1/2QN3p/8/5p2/5Pp1/4K1q1/8 w - - 0 78
63	156	10	0	0	-229	0	Ke4	2b5/2P3k1/2QN3p/8/5p2/3K1Pp1/8/5q2 w - - 2 79
63	158	10	0	0	-95	0	Ke5	2b5/2P3k1/2QN3p/8/4Kp2/5Pp1/8/1q6 w - - 4 80
63	160	10	0	0	-4	0	Ne8+	2b5/2P3k1/2QN3p/4K3/5p2/5P2/6p1/1q6 w - - 0 81
63	162	10	0	0	-3	0	Qxh6+	2b1Nk2/2P5/2Q4p/4K3/5p2/5P2/6p1/1q6 w - - 2 82
63	164	9	0	0	0	0	Qc6+	2b1k3/2P5/7Q/4K3/5p2/5P2/6p1/1q6 w - - 0 83
63	166	9	0	0	0	0	Qf6+	2b5/2P2k2/2Q5/4K3/5p2/5P2/6p1/1q6 w - - 2 84
63	168	9	0	0	0	0	Qd8+	2b3k1/2P5/5Q2/4K3/5p2/5P2/6p1/1q6 w - - 4 85
63	170	9	0	0	0	0	Qe7+	2bQ4/2P4k/8/4K3/5p2/5P2/6p1/1q6 w - - 6 86
63	172	9	0	0	0	0	Qf6+	2b5/2P1Q3/6k1/4K3/5p2/5P2/6p1/1q6 w - - 8 87
63	174	9	0	0	0	0	Qe7+	2b5/2P4k/5Q2/4K3/5p2/5P2/6p1/1q6 w - - 10 88
63	176	9	0	0	0	0	Qd8+	2b3k1/2P1Q3/8/4K3/5p2/5P2/6p1/1q6 w - - 12 89
63	178	9	0	0	0	0	Qf6+	2bQ4/2P2k2/8/4K3/5p2/5P2/6p1/1q6 w - - 14 90
63	180	9	0	0	0	0	Qc6+	2b1k3/2P5/5Q2/4K3/5p2/5P2/6p1/1q6 w - - 16 91
63	182	9	0	0	0	0	Qd6+	2b5/2P1k3/2Q5/4K3/5p2/5P2/6p1/1q6 w - - 18 92
64	16	24	7	127	78	0	d5	r2qk2r/pb1pb1pp/1pn1pn2/2p2p2/2PP1P2/2NBPN2/PP4PP/R1BQ1RK1 w kq - 3 9
64	18	24	31	119	89	0	Be2	r2qk2r/pb1pb1pp/1p2pn2/n1pP1p2/2P2P2/2NBPN2/PP4PP/R1BQ1RK1 w kq - 1 10
64	20	24	171	163	90	0	Qd3	r2qk2r/pb1pb1pp/1p2p3/n1pP1p2/2P1nP2/2N1PN2/PP2B1PP/R1BQ1RK1 w kq - 3 11
64	22	24	63	94	84	0	cxd5	r2qk2r/pb1pb1pp/1p6/n1pp1p2/2P1nP2/2NQPN2/PP2B1PP/R1B2RK1 w kq - 0 12
64	24	24	39	22	58	0	Qd1	r2qk2r/pb1pb1pp/1p6/n2P1p2/2p1nP2/2NQPN2/PP2B1PP/R1B2RK1 w kq - 0 13
64	26	23	-3	-21	90	0	bxc3	r2qk2r/pb1pb1pp/1p6/n2P1p2/2p2P2/2n1PN2/PP2B1PP/R1BQ1RK1 w kq - 0 14
64	28	22	3	93	86	0	Nd4	r3k2r/pbqpb1pp/1p6/n2P1p2/2p2P2/2P1PN2/P3B1PP/R1BQ1RK1 w kq - 1 15
64	30	22	5	82	46	0	Bf3	r4rk1/pbqpb1pp/1p6/n2P1p2/2pN1P2/2P1P3/P3B1PP/R1BQ1RK1 w - - 3 16
64	32	22	64	95	56	0	g3	4rrk1/pbqpb1pp/1p6/n2P1p2/2pN1P2/2P1PB2/P5PP/R1BQ1RK1 w - - 5 17
64	34	22	31	40	65	0	Qc2	4rrk1/pbqp2pp/1p6/n1bP1p2/2pN1P2/2P1PBP1/P6P/R1BQ1RK1 w - - 1 18
64	36	22	4	0	64	0	h4	4rrk1/pbqp3p/1p4p1/n1bP1p2/2pN1P2/2P1PBP1/P1Q4P/R1B2RK1 w - - 0 19
64	38	22	60	51	72	0	Qg2	4rrk1/1bqp3p/pp4p1/n1bP1p2/2pN1P1P/2P1PBP1/P1Q5/R1B2RK1 w - - 0 20
64	40	22	54	61	82	0	Bd2	4rrk1/1b1p3p/pp1q2p1/n1bP1p2/2pN1P1P/2P1PBP1/P5Q1/R1B2RK1 w - - 2 21
64	42	22	94	181	92	0	Rac1	3r1rk1/1b1p3p/pp1q2p1/n1bP1p2/2pN1P1P/2P1PBP1/P2B2Q1/R4RK1 w - - 4 22
64	44	22	3	217	118	0	h5	3r1rk1/1b1p3p/pp3qp1/n1bP1p2/2pN1P1P/2P1PBP1/P2B2Q1/2R2RK1 w - - 6 23
64	46	22	128	243	180	0	h6	3rr1k1/1b1p3p/pp3qp1/n1bP1p1P/2pN1P2/2P1PBP1/P2B2Q1/2R2RK1 w - - 1 24
64	48	22	246	366	179	0	Qh1	3rrbk1/1b1p3p/pp3qpP/n2P1p2/2pN1P2/2P1PBP1/P2B2Q1/2R2RK1 w - - 1 25
64	50	22	77	299	190	0	Bg2	3rrbk1/1b1p3p/pp1q2pP/n2P1p2/2pN1P2/2P1PBP1/P2B4/2R2RKQ w - - 3 26
64	52	22	-19	334	172	0	Rc2	3rrbk1/1b1p3p/pp4pP/n2P1p2/2pN1P2/q1P1P1P1/P2B2B1/2R2RKQ w - - 5 27
64	54	22	170	500	170	0	e4	3rr1k1/1b1p3p/pp1b2pP/n2P1p2/2pN1P2/q1P1P1P1/P1RB2B1/5RKQ w - - 7 28
64	56	22	-60	368	143	0	Qh4	3rr1k1/1b1p3p/pp4pP/n1bP1p2/2pNPP2/q1P3P1/P1RB2B1/5RKQ w - - 1 29
64	58	22	-80	587	150	0	f5	3rr1k1/1b1p3p/pp4pP/n1bP4/2pNpP1Q/q1P3P1/P1RB2B1/5RK1 w - - 0 30
64	60	22	14	782	318	0	fxg6	3rr1k1/3p3p/pp4pP/n1bb1P2/2pNp2Q/q1P3P1/P1RB2B1/5RK1 w - - 0 31
64	62	21	-21	809	363	0	cxd4	3rr1k1/3p3p/pp4PP/n2b4/2pbp2Q/q1P3P1/P1RB2B1/5RK1 w - - 0 32
64	64	20	186	1000	490	0	Qg5	3rr1k1/3p3p/pp1q2PP/n2b4/2pPp2Q/6P1/P1RB2B1/5RK1 w - - 1 33
64	66	20	59	1000	593	0	Bf4	3r2k1/3pr2p/pp1q2PP/n2b2Q1/2pPp3/6P1/P1RB2B1/5RK1 w - - 3 34
64	68	20	-14	986	703	0	Bh3	3r2k1/3pr2p/pp2q1PP/n2b2Q1/2pPpB2/6P1/P1R3B1/5RK1 w - - 5 35
64	70	20	0	1000	755	0	Qxd5+	3r2k1/3pr2p/pp4qP/n2b2Q1/2pPpB2/6PB/P1R5/5RK1 w - - 0 36
64	72	19	0	1000	951	0	Rcf2	3r2k1/3p1r1p/pp4qP/n2Q4/2pPpB2/6PB/P1R5/5RK1 w - - 1 37
64	74	19	0	1000	1266	1	Bc7	3r2k1/1n1p1r1p/pp4qP/3Q4/2pPpB2/6PB/P4R2/5RK1 w - - 3 38
64	76	19	0	1000	1396	1	Rf6	5rk1/1nBp1r1p/pp4qP/3Q4/2pPp3/6PB/P4R2/5RK1 w - - 5 39
64	78	19	0	1000	1802	1	Rxg6+	5rk1/1nB2r1p/pp1p1RqP/3Q4/2pPp3/6PB/P7/5RK1 w - - 0 40
64	80	13	0	1000	1000	1	Be6	5rk1/1nB2r2/pp1p2pP/3Q4/2pPp3/6PB/P7/5RK1 w - - 0 41
64	82	13	0	1000	1000	1	Bxf7+	3n1rk1/2B2r2/pp1pB1pP/3Q4/2pPp3/6P1/P7/5RK1 w - - 2 42
64	84	10	0	1000	1000	1	Bxd6	5rk1/2B2n2/pp1p2pP/3Q4/2pPp3/6P1/P7/5RK1 w - - 0 43
64	86	10	0	1000	1000	1	Bxf8	5r2/5n1k/pp1B2pP/3Q4/2pPp3/6P1/P7/5RK1 w - - 1 44
64	88	8	0	1000	1000	1	Kg2	5B2/7k/pp4pn/3Q4/2pPp3/6P1/P7/5RK1 w - - 0 45
65	17	24	64	-121	-78	0	exd5	r2qk2r/pb1pb1pp/1pn1pn2/2pP1p2/2P2P2/2NBPN2/PP4PP/R1BQ1RK1 b kq - 0 9
65	19	24	9	-203	-85	0	Nb4	r2qk2r/pb1pb1pp/1pn2n2/2pP1p2/5P2/2NBPN2/PP4PP/R1BQ1RK1 b kq - 0 10
65	21	24	8	-32	-107	0	b5	r2qk2r/pb1pb1pp/1p3n2/2pP1p2/1nB2P2/2N1PN2/PP4PP/R1BQ1RK1 b kq - 2 11
65	23	24	0	-40	-35	0	Nbxd5	r2qk2r/pb1pb1pp/5n2/1BpP1p2/1n3P2/2N1PN2/PP4PP/R1BQ1RK1 b kq - 0 12
65	25	24	91	-40	-34	0	Rf8	r2qk2r/pb1pb1pp/5n2/1Bpn1p2/5P2/2N1PN2/PP1B2PP/R2Q1RK1 b kq - 1 13
65	27	24	3	-99	-21	0	a6	r2qkr2/pb1pb1pp/5n2/1BpnNp2/5P2/2N1P3/PP1B2PP/R2Q1RK1 b q - 3 14
65	29	24	-10	-91	-23	0	g6	r2qkr2/1b1pb1pp/p4n2/2pnNp2/5P2/2NBP3/PP1B2PP/R2Q1RK1 b q - 1 15
65	31	24	8	-27	-2	0	Nb6	r2qkr2/1b1pb2p/p4np1/2pnNp2/Q4P2/2NBP3/PP1B2PP/R4RK1 b q - 1 16
65	33	24	-5	-25	-3	0	Rb8	r2qkr2/1b1pb2p/pn3np1/2p1Np2/5P2/1QNBP3/PP1B2PP/R4RK1 b q - 3 17
65	35	24	85	-15	13	0	d5	1r1qkr2/1b1pb2p/pn3np1/2p1Np2/5P2/1QNBP3/PP1B2PP/3R1RK1 b - - 5 18
65	37	24	143	-37	12	0	d4	1r1qkr2/1b2b2p/pn3np1/2ppNp2/5P2/2NBP3/PPQB2PP/3R1RK1 b - - 1 19
65	39	24	57	-151	9	0	Qd5	1r1qkr2/1b2b2p/pn3np1/2p1Np2/N2p1P2/3BP3/PPQB2PP/3R1RK1 b - - 1 20
65	41	24	58	-192	19	0	Nbd7	1r2kr2/1b2b2p/pn3np1/2pqNp2/N2p1P2/3BP3/PPQB1RPP/3R2K1 b - - 3 21
65	43	23	45	-245	-15	0	Nxd7	1r2kr2/1b1Nb2p/p4np1/2pq1p2/N2p1P2/3BP3/PPQB1RPP/3R2K1 b - - 0 22
65	45	22	99	-303	-15	0	Bc6	1r2kr2/1b1nb2p/p5p1/2pq1p2/N2p1P2/3BP3/PPQB1RPP/4R1K1 b - - 1 23
65	47	22	15	-440	-39	0	Qxd4	1r2kr2/3nb2p/p1b3p1/2pq1p2/N2P1P2/3B4/PPQB1RPP/4R1K1 b - - 0 24
65	49	22	-3	-315	-33	0	Bb5	1r2kr2/3nb2p/p1b3p1/2p2p2/N2q1P2/1P1B4/P1QB1RPP/4R1K1 b - - 0 25
65	51	22	87	-335	-82	0	Nf6	1r2kr2/3nb2p/p5p1/1bp2p2/3q1P2/1P1B4/PNQB1RPP/4R1K1 b - - 2 26
65	53	22	100	-307	-80	0	Qb4	1r2kr2/4b2p/p4np1/1bp2p2/3q1P2/1P1BB3/PNQ2RPP/4R1K1 b - - 4 27
65	55	21	-3	-108	-84	0	Qxb5	1r2kr2/4b2p/p4np1/1Bp2p2/1q3P2/1P2B3/PNQ2RPP/4R1K1 b - - 0 28
65	57	20	-13	-106	-85	0	Ne4	1r2kr2/4b2p/p4np1/1qB2p2/5P2/1P6/PNQ2RPP/4R1K1 b - - 0 29
65	59	19	-8	-101	-89	0	Kxe7	1r2kr2/4B2p/p5p1/1q3p2/4nP2/1P6/PNQ2RPP/4R1K1 b - - 0 30
65	61	18	89	-44	-86	0	Qd7	1r3r2/2Q1k2p/p5p1/1q3p2/4nP2/1P6/PN3RPP/4R1K1 b - - 1 31
65	63	14	2	-120	-98	0	Kxd7	1r3r2/3Qk2p/p5p1/5p2/4nP2/1P6/PN3RPP/4R1K1 b - - 0 32
65	65	10	43	-132	-96	0	Rfe8	1r3r2/3k3p/p5p1/5p2/4nP2/1P6/PN2R1PP/4R1K1 b - - 1 33
65	67	10	-7	-162	-93	0	Kd6	1r2r3/3k3p/p5p1/5p2/4nP2/1P1N4/P3R1PP/4R1K1 b - - 3 34
65	69	10	-7	-102	-97	0	Rbc8	1r2r3/7p/p2k2p1/5p2/4nP2/1P1NR3/P5PP/4R1K1 b - - 5 35
65	71	10	-5	-20	-70	0	Re7	2r1r3/7p/p2k2p1/5p2/4nP2/1P1N3R/P5PP/4R1K1 b - - 7 36
65	73	10	1	4	-36	0	Rc2	2r5/4r2p/p2k2pR/5p2/4nP2/1P1N4/P5PP/4R1K1 b - - 9 37
65	75	10	4	6	-34	0	Rc3	8/4r2p/p2k2pR/5p2/P3nP2/1P1N4/2r3PP/4R1K1 b - a3 0 38
65	77	10	5	9	-10	0	Ke6	8/4r2p/p2k2pR/5p2/P3nP2/1PrN4/6PP/3R2K1 b - - 2 39
65	79	10	-2	1	-5	0	Rd7	8/4r2p/p3k1pR/5p2/PP2nP2/2rN4/6PP/3R2K1 b - - 0 40
65	81	10	4	4	-18	0	Kf6	8/3r3p/p3k1p1/5p2/PP2nP2/2rN3R/6PP/3R2K1 b - - 2 41
65	83	10	0	0	17	0	h5	8/3r3p/p4kp1/5p2/PP2nP2/2rN3R/6PP/3R1K2 b - - 4 42
65	85	10	5	7	17	0	Rd4	8/3r4/p4kp1/P4p1p/1P2nP2/2rN3R/6PP/3R1K2 b - - 0 43
65	87	10	-2	14	10	0	Rc2+	8/8/p4kp1/P4p1p/1P1rnP2/2rN3R/4K1PP/3R4 b - - 2 44
65	89	10	5	11	56	0	Nc3	8/8/p4kp1/P4p1p/1P1rnP2/3N3R/2r3PP/3R1K2 b - - 4 45
65	91	10	4	25	81	0	Nd5	8/8/p4kp1/P4p1p/1P1r1P2/2nN3R/2r3PP/4RK2 b - - 6 46
65	93	10	20	20	113	0	Nxb4	8/8/p4kp1/P2n1p1p/1P1r1P2/3N1R2/2r3PP/4RK2 b - - 8 47
65	95	9	0	0	110	0	Rxb4	8/8/p4kp1/P4p1p/1N1r1P2/5R2/2r3PP/4RK2 b - - 0 48
65	97	8	-2	0	117	0	Rxe2	8/8/p4kp1/P4p1p/1r3P2/5R2/2r1R1PP/5K2 b - - 1 49
65	99	4	0	0	121	0	Rb2+	8/8/p4kp1/P4p1p/1r3P2/5R2/4K1PP/8 b - - 0 50
65	101	4	0	0	134	0	Ra2	8/8/p4kp1/P4p1p/5P2/5R2/1r4PP/5K2 b - - 2 51
65	103	4	0	0	151	0	Rxa5	8/8/p4kp1/P4p1p/5P2/2R5/r5PP/5K2 b - - 4 52
65	105	4	0	0	146	0	Kg7	8/8/p1R2kp1/r4p1p/5P2/8/6PP/5K2 b - - 1 53
65	107	4	0	0	140	0	Kh6	8/2R3k1/p5p1/r4p1p/5P2/8/6PP/5K2 b - - 3 54
65	109	4	43	48	143	0	Ra4	2R5/8/p5pk/r4p1p/5P2/8/6PP/5K2 b - - 5 55
65	111	4	1	1	140	0	a5	2R5/8/p5pk/5p1p/r4P2/6P1/7P/5K2 b - - 0 56
65	113	4	398	410	182	0	Ra2	2R5/8/6pk/p4p1p/r4P2/6P1/7P/4K3 b - - 1 57
65	115	4	-31	218	183	0	Kg7	7R/8/6pk/p4p1p/5P2/6P1/r6P/4K3 b - - 3 58
65	117	4	330	399	170	0	a4	R7/6k1/6p1/p4p1p/5P2/6P1/r6P/4K3 b - - 5 59
65	119	4	-44	503	200	0	Kh6	8/R5k1/6p1/5p1p/p4P2/6P1/r6P/4K3 b - - 1 60
65	121	4	-59	571	230	0	Rxh2	8/R7/6pk/5p1p/p4P2/6P1/r6P/3K4 b - - 3 61
65	123	4	9	630	240	0	Rf2	8/8/6pk/5p1p/R4P2/6P1/7r/3K4 b - - 0 62
65	125	4	-52	678	247	0	h4	8/8/6pk/5p1p/5P2/R5P1/5r2/3K4 b - - 2 63
65	127	4	-20	735	251	0	Rxf4	8/8/6pk/5p2/5P1P/R7/5r2/3K4 b - - 0 64
65	129	4	-1	763	257	0	Rxh4	8/8/6pk/5p2/5r1P/R7/4K3/8 b - - 1 65
65	131	4	107	796	274	0	g5	8/8/6pk/5p2/7r/8/4K3/R7 b - - 1 66
65	133	4	-31	758	324	0	Re4+	8/8/7k/5pp1/7r/4K3/8/R7 b - - 1 67
65	135	4	21	827	365	0	g4	8/8/7k/5pp1/4r3/8/3K4/R7 b - - 3 68
65	137	4	-9	895	384	0	Kg5	8/8/7k/5p2/4r1p1/8/3K4/6R1 b - - 1 69
65	139	4	85	904	391	0	Ra4	8/8/8/5pk1/4r1p1/3K4/8/6R1 b - - 3 70
65	141	4	27	952	447	0	f4	8/8/8/5pk1/r5p1/3K4/6R1/8 b - - 5 71
65	143	4	149	1000	494	0	f3	8/8/8/6k1/r4pp1/3K4/8/6R1 b - - 1 72
65	145	4	41	998	873	0	Ra3+	8/8/8/6k1/r5p1/4Kp2/8/6R1 b - - 1 73
65	147	4	-64	928	1147	0	f2	8/8/8/6k1/6p1/r4p2/3K4/6R1 b - - 3 74
65	149	4	0	1000	1311	0	g3	8/8/8/6k1/6p1/r7/3K1p2/2R5 b - - 1 75
65	151	4	0	1000	1310	0	Kg4	8/8/8/6k1/8/r5p1/4Kp2/2R5 b - - 1 76
65	153	4	0	1000	1636	1	Kh3	8/8/8/8/6k1/r5p1/2R1Kp2/8 b - - 3 77
65	155	4	0	1000	1717	1	Ra2+	8/8/8/8/8/r5pk/4Kp2/2R5 b - - 5 78
65	157	4	0	1000	1736	1	g2	8/8/8/8/8/4K1pk/r4p2/2R5 b - - 7 79
65	159	4	0	1000	1750	1	g1=Q	2R5/8/8/8/8/4K2k/r4pp1/8 b - - 1 80
65	161	8	0	1000	2168	1	Kg4	7R/8/8/8/8/4K2k/r4p2/6q1 b - - 1 81
65	163	8	0	1000	2705	1	Kf5	6R1/8/8/8/6k1/4K3/r4p2/6q1 b - - 3 82
66	16	24	21	15	60	0	Bc7	r2q1knr/pp2ppbp/2n3p1/1N1p4/3P1Bb1/5N2/PPP1BPPP/R2QK2R w KQ - 4 9
66	18	24	1	-5	66	0	Ne5	r4knr/ppBqppbp/2n3p1/1N1p4/3P2b1/5N2/PPP1BPPP/R2QK2R w KQ - 6 10
66	20	23	5	-6	45	0	Bxe5	r4knr/ppBqppbp/6p1/1N1pn3/3P2b1/8/PPP1BPPP/R2QK2R w KQ - 0 11
66	22	22	4	-5	66	0	Nc3	r4knr/1p1qppbp/p5p1/1N1pB3/3P2b1/8/PPP1BPPP/R2QK2R w KQ - 0 12
66	24	22	34	21	49	0	Qd3	r4knr/1p1qppbp/p3b1p1/3pB3/3P4/2N5/PPP1BPPP/R2QK2R w KQ - 2 13
66	26	22	30	13	52	0	O-O-O	3r1knr/1p1qppbp/p3b1p1/3pB3/3P4/2NQ4/PPP1BPPP/R3K2R w KQ - 4 14
66	28	22	8	-4	49	0	Qg3	3r1knr/1p1qppbp/p5p1/3pBb2/3P4/2NQ4/PPP1BPPP/2KR3R w - - 6 15
66	30	22	5	-13	54	0	h4	3r1knr/1p1qppb1/p5p1/3pBb1p/3P4/2N3Q1/PPP1BPPP/2KR3R w - h6 0 16
66	32	21	-2	9	67	0	dxe5	3r1knr/1p1qpp2/p5p1/3pbb1p/3P3P/2N3Q1/PPP1BPP1/2KR3R w - - 0 17
66	34	20	1	77	122	0	Rd2	3r1knr/1p1qpp2/p5p1/4Pb1p/3p3P/2N3Q1/PPP1BPP1/2KR3R w - - 0 18
66	36	20	1	73	140	0	Rhd1	3r1knr/1pq1pp2/p5p1/4Pb1p/3p3P/2N3Q1/PPPRBPP1/2K4R w - - 2 19
66	38	20	-22	204	140	0	Qf4	3r1knr/1p2pp2/p5p1/2q1Pb1p/3p3P/2N3Q1/PPPRBPP1/2KR4 w - - 4 20
66	40	20	-30	347	163	0	Rxd4	3r1knr/1p2p3/p4pp1/2q1Pb1p/3p1Q1P/2N5/PPPRBPP1/2KR4 w - - 0 21
66	42	18	-16	364	159	0	Qxd4	5knr/1p2p3/p4pp1/2q1Pb1p/3r1Q1P/2N5/PPP1BPP1/2KR4 w - - 0 22
66	44	12	-13	391	155	0	Rxd4	5knr/1p2p3/p4pp1/4Pb1p/3q3P/2N5/PPP1BPP1/2KR4 w - - 0 23
66	46	8	3	416	170	0	Rb4	5knr/1p2p3/p5p1/4pb1p/3R3P/2N5/PPP1BPP1/2K5 w - - 0 24
66	48	8	86	428	167	0	Bf3	5knr/4p3/p5p1/1p2pb1p/1R5P/2N5/PPP1BPP1/2K5 w - b6 0 25
66	50	8	16	364	171	0	Bb7	5knr/3bp3/p5p1/1p2p2p/1R5P/2N2B2/PPP2PP1/2K5 w - - 2 26
66	52	8	-6	367	165	0	Re4	5knr/1B1bp3/6p1/pp2p2p/1R5P/2N5/PPP2PP1/2K5 w - - 0 27
66	54	8	-18	392	178	0	Rxe5	5k1r/1B1bp3/5np1/pp2p2p/4R2P/2N5/PPP2PP1/2K5 w - - 2 28
66	56	8	73	420	209	0	Rc5	5k1r/1B1bp3/6p1/pp2R2p/6nP/2N5/PPP2PP1/2K5 w - - 1 29
66	58	8	-13	407	214	0	Nxb5	5k1r/1B1bp3/6p1/ppR4p/7P/2N5/PPP2nP1/2K5 w - - 0 30
66	60	8	38	471	215	0	Nc3	5k1r/1B1bp3/6p1/1NR4p/p6P/8/PPP2nP1/2K5 w - - 0 31
66	62	8	52	415	229	0	Bf3	7r/1B1bp1k1/6p1/2R4p/p6P/2N5/PPP2nP1/2K5 w - - 2 32
66	64	8	-1	546	287	0	Rd5	3r4/3bp1k1/6p1/2R4p/p6P/2N2B2/PPP2nP1/2K5 w - - 4 33
66	66	8	18	589	311	0	bxa3	3r4/3bp1k1/6p1/3R3p/7P/p1N2B2/PPP2nP1/2K5 w - - 0 34
66	68	8	0	664	356	0	Bxg4	3r4/3bp1k1/6p1/3R3p/6nP/P1N2B2/P1P3P1/2K5 w - - 1 35
66	70	6	-1	666	360	0	Ne4	3r4/3bp1k1/6p1/3R4/6pP/P1N5/P1P3P1/2K5 w - - 0 36
66	72	6	-2	707	366	0	Nc5	3r1k2/3bp3/6p1/3R4/4N1pP/P7/P1P3P1/2K5 w - - 2 37
66	74	6	306	733	368	0	h5	3rk3/3bp3/6p1/2NR4/6pP/P7/P1P3P1/2K5 w - - 4 38
66	76	6	17	432	371	0	Rxh5	3rk3/3bp3/8/2NR3p/6p1/P7/P1P3P1/2K5 w - - 0 39
66	78	6	-44	432	369	0	Rg5	2r1k3/3bp3/8/2N4R/6p1/P7/P1P3P1/2K5 w - - 1 40
66	80	6	-4	478	369	0	Nxd7	4k3/2rbp3/8/2N3R1/6p1/P7/P1P3P1/2K5 w - - 3 41
66	82	4	-2	508	387	0	Rxg4	4k3/3rp3/8/6R1/6p1/P7/P1P3P1/2K5 w - - 0 42
66	84	4	-16	514	373	0	a4	8/3rpk2/8/8/6R1/P7/P1P3P1/2K5 w - - 1 43
66	86	4	2	536	375	0	Kb2	8/4pk2/8/3r4/P5R1/8/P1P3P1/2K5 w - - 1 44
66	88	4	-14	531	387	0	Rc4	8/4pk2/8/4r3/P5R1/8/PKP3P1/8 w - - 3 45
66	90	4	44	573	409	0	Kc3	8/4p3/4k3/4r3/P1R5/8/PKP3P1/8 w - - 5 46
66	92	4	-2	596	427	0	Kb4	8/4p3/4k3/3r4/P1R5/2K5/P1P3P1/8 w - - 7 47
66	94	4	-30	582	424	0	a5	3r4/4p3/4k3/8/PKR5/8/P1P3P1/8 w - - 9 48
66	96	4	10	597	418	0	Rc5	r7/4p3/4k3/P7/1KR5/8/P1P3P1/8 w - - 1 49
66	98	4	89	629	424	0	Rg5	r7/4p3/3k4/P1R5/1K6/8/P1P3P1/8 w - - 3 50
66	100	4	2	590	419	0	g4	r7/8/3kp3/P5R1/1K6/8/P1P3P1/8 w - - 0 51
66	102	4	-10	624	470	0	Rb5	r7/2k5/4p3/P5R1/1K4P1/8/P1P5/8 w - - 1 52
66	104	4	-19	654	480	0	g5	r7/8/3kp3/PR6/1K4P1/8/P1P5/8 w - - 3 53
66	106	4	0	681	475	0	c4	8/r7/3kp3/PR4P1/1K6/8/P1P5/8 w - - 1 54
66	108	4	-31	723	479	0	c5	8/r3k3/4p3/PR4P1/1KP5/8/P7/8 w - - 1 55
66	110	4	-5	759	518	0	Rb6	8/r3k3/8/PRP1p1P1/1K6/8/P7/8 w - - 0 56
66	112	4	-6	781	539	0	a6	8/r3k3/1R6/P1P3P1/1K2p3/8/P7/8 w - - 0 57
66	114	4	-17	799	580	0	Kc3	8/r3k3/PR6/2P3P1/1K6/4p3/P7/8 w - - 0 58
66	116	4	-26	789	580	0	Kd3	r7/4k3/PR6/2P3P1/8/2K1p3/P7/8 w - - 2 59
66	118	4	-48	857	652	0	Kxe2	r7/4k3/PR6/2P3P1/8/3K4/P3p3/8 w - - 0 60
66	120	4	-41	959	652	0	g6	7r/4k3/PR6/2P3P1/8/8/P3K3/8 w - - 1 61
66	122	4	0	1000	693	0	Kf3	8/4k3/PR4P1/2P5/8/8/P3K2r/8 w - - 1 62
66	124	4	0	1000	1016	0	Rb7+	8/4k3/PR4P1/2P5/8/5K2/r7/8 w - - 0 63
66	126	4	0	1000	1446	0	a7	5k2/1R6/P5P1/2P5/8/5K2/r7/8 w - - 2 64
66	128	4	0	1000	1446	0	Kg4	5k2/PR6/6P1/2P5/8/r4K2/8/8 w - - 1 65
66	130	4	0	1000	1796	0	Kh5	5k2/PR6/6P1/2P5/r5K1/8/8/8 w - - 3 66
66	132	4	0	1000	1832	1	Rb8+	5k2/PR6/6P1/2P4K/8/r7/8/8 w - - 5 67
66	134	4	0	1000	1869	1	g7	1R6/P3k3/6P1/2P4K/8/r7/8/8 w - - 7 68
66	136	4	0	1000	2655	1	a8=Q	1R6/P3k1P1/8/2P4K/8/8/8/r7 w - - 1 69
66	138	4	0	1000	1000	1	Rxa8	rR6/4k1P1/8/2P4K/8/8/8/8 w - - 0 70
66	140	2	0	1000	1000	1	g8=Q+	R7/6P1/4k3/2P4K/8/8/8/8 w - - 1 71
66	142	6	0	1000	1000	1	Qc4	R5Q1/8/8/2P1k2K/8/8/8/8 w - - 1 72
67	17	24	-6	1	-31	0	a6	r2q1knr/pp2ppbp/2n3p1/1N1p4/3P1Bb1/5N2/PPP1BPPP/R2Q1RK1 b - - 5 9
67	19	24	33	6	-39	0	Bxf3	r2q1knr/1p2ppbp/p1n3p1/3p4/3P1Bb1/2N2N2/PPP1BPPP/R2Q1RK1 b - - 1 10
67	21	22	0	-18	-49	0	e6	r2q1knr/1p2ppbp/p1n3p1/3p4/3P1B2/2N2B2/PPP2PPP/R2Q1RK1 b - - 0 11
67	23	22	-6	-17	-2	0	Nge7	r2q1knr/1p3pbp/p1n1p1p1/3p4/3P4/2N1BB2/PPP2PPP/R2Q1RK1 b - - 1 12
67	25	22	-2	-14	-9	0	Nf5	r2q1k1r/1p2npbp/p1n1p1p1/3p4/N2P4/4BB2/PPP2PPP/R2Q1RK1 b - - 3 13
67	27	22	38	-13	-8	0	Nxe3	r2q1k1r/1p3pbp/p1n1p1p1/3p1n2/N2P4/2P1BB2/PP3PPP/R2Q1RK1 b - - 0 14
67	29	20	40	-40	-20	0	Rb8	r2q1k1r/1p3pbp/p1n1p1p1/3p4/N2P4/2P1PB2/PP4PP/R2Q1RK1 b - - 0 15
67	31	20	11	-42	-11	0	Kg8	1r1q1k1r/1p3pbp/p1n1p1p1/3p4/N2P4/2P1PB2/PPQ3PP/R4RK1 b - - 2 16
67	33	20	2	-31	-6	0	b6	1r1q2kr/1p3pbp/p1n1p1p1/3p4/N2P4/2P1PB2/PPQ3PP/3R1RK1 b - - 4 17
67	35	20	46	-10	0	0	a5	1r1q2kr/5pbp/ppn1p1p1/3p4/N2P4/2P1PB2/PP2Q1PP/3R1RK1 b - - 1 18
67	37	20	-2	42	4	0	h5	1r1q2kr/5pbp/Qpn1p1p1/p2p4/N2P4/2P1PB2/PP4PP/3R1RK1 b - - 1 19
67	39	20	67	46	12	0	Rh6	1r1q2kr/5pb1/Qpn1p1p1/p2p3p/N2PP3/2P2B2/PP4PP/3R1RK1 b - - 0 20
67	41	20	12	43	20	0	Ne7	1r1q2k1/5pb1/Qpn1p1pr/p2p3p/N2PP3/2P2B2/PP4PP/3RR1K1 b - - 2 21
67	43	20	90	102	10	0	h4	1r1q2k1/4npb1/Qp2p1pr/p2p3p/N2PP3/2P2B1P/PP4P1/3RR1K1 b - - 0 22
67	45	20	4	4	12	0	exd5	1r1q2k1/4npb1/Qp2p1pr/p2P4/N2P3p/2P2B1P/PP4P1/3RR1K1 b - - 0 23
67	47	20	-5	14	4	0	Bf6	1r1q2k1/4npb1/1p4pr/p2p4/N2P3p/2P2B1P/PP2Q1P1/3RR1K1 b - - 1 24
67	49	20	72	38	1	0	g5	1r1q2k1/4np2/1p3bpr/pQ1p4/N2P3p/2P2B1P/PP4P1/3RR1K1 b - - 3 25
67	51	20	32	-3	8	0	Rg6	1r1q2k1/4np2/1p3b1r/pQ1p2p1/N2P3p/P1P2B1P/1P4P1/3RR1K1 b - - 0 26
67	53	20	-13	-36	-1	0	Qd6	1r1q2k1/4np2/1p3br1/pQ1p2p1/N2P3p/P1P2B1P/1P1R2P1/4R1K1 b - - 2 27
67	55	20	28	15	0	0	Kh8	1r4k1/4np2/1p1q1br1/p2p2p1/N2P3p/PQP2B1P/1P1R2P1/4R1K1 b - - 4 28
67	57	20	27	65	12	0	Rgg8	1r5k/4np2/1p1q1br1/p2p2p1/N2P3p/PQP2B1P/1P4P1/3RR1K1 b - - 6 29
67	59	20	34	74	52	0	Ng6	1r4rk/4np2/1p1q1b2/p2p2p1/N2P3p/P1P2B1P/1PQ3P1/3RR1K1 b - - 8 30
67	61	20	151	233	66	0	Nf4	1r4rk/5p2/1p1q1bn1/p2p2p1/N2P3p/P1P2B1P/1PQ3P1/3R1RK1 b - - 10 31
67	63	20	38	157	78	0	Qc6	1r4rk/5p2/1p1q1b2/p2p2p1/N2P1n1p/P1P2B1P/1PQ3P1/4RRK1 b - - 12 32
67	65	20	43	153	78	0	Rgd8	1r4rk/5p2/1pq2b2/p2p2p1/N2P1n1p/PQP2B1P/1P4P1/4RRK1 b - - 14 33
67	67	20	78	174	76	0	Qc7	1r1r3k/5p2/1pq2b2/p2p2p1/N2P1nBp/PQP4P/1P4P1/4RRK1 b - - 16 34
67	69	20	116	151	70	0	Be7	1r1r3k/2q2p2/1p3b2/p2p1Bp1/N2P1n1p/PQP4P/1P4P1/4RRK1 b - - 18 35
67	71	20	-7	109	66	0	Bd6	1r1r3k/2q1bp2/1p6/pQ1p1Bp1/N2P1n1p/P1P4P/1P4P1/4RRK1 b - - 20 36
67	73	20	32	208	82	0	Qc4	1r1r3k/2q2p2/1p1b4/pQ1p2p1/N2P1n1p/P1P4P/1PB3P1/4RRK1 b - - 22 37
67	75	16	1	177	76	0	dxc4	1r1r3k/5p2/1p1b4/p2p2p1/N1QP1n1p/P1P4P/1PB3P1/4RRK1 b - - 0 38
67	77	12	-11	234	120	0	Rdc8	1r1r3k/5p2/1p1b4/p5p1/N1pPBn1p/P1P4P/1P4P1/4RRK1 b - - 1 39
67	79	12	-21	215	133	0	Rc7	1rr4k/5p2/1p1b4/p4Bp1/N1pP1n1p/P1P4P/1P4P1/4RRK1 b - - 3 40
67	81	12	-15	251	148	0	Kg7	1r5k/2r2p2/1p1b4/p5p1/N1pPBn1p/P1P4P/1P4P1/4RRK1 b - - 5 41
67	83	12	230	491	138	0	f5	1r6/2r2pk1/1p1b4/p5p1/N1pPBn1p/P1P4P/1P4P1/3R1RK1 b - - 7 42
67	85	12	224	565	169	0	Kg6	1r6/2r3k1/1p1b4/p4pp1/N1pP1n1p/P1P4P/1PB3P1/3R1RK1 b - - 1 43
67	87	12	-14	361	181	0	Kf6	1r6/2r5/1p1b2k1/p4pp1/N1pP1n1p/P1P4P/1PB3P1/3RR1K1 b - - 3 44
67	89	12	-40	392	180	0	b5	1r6/2r5/1p1b1k2/p4pp1/N1pP1n1p/P1P4P/1PB3P1/1R2R1K1 b - - 5 45
67	91	12	-20	443	187	0	Bxc5	1r6/2r5/3b1k2/ppN2pp1/2pP1n1p/P1P4P/1PB3P1/1R2R1K1 b - - 1 46
67	93	10	-13	457	185	0	Rd8	1r6/2r5/5k2/ppP2pp1/2p2n1p/P1P4P/1PB3P1/1R2R1K1 b - - 0 47
67	95	10	-6	480	202	0	Rxd1+	3r4/2r5/5k2/ppP2pp1/2p2n1p/P1P4P/1PB3P1/1R1R2K1 b - - 2 48
67	97	6	-27	481	204	0	Rxc5	8/2r5/5k2/ppP2pp1/2p2n1p/P1P4P/1PB3P1/3R2K1 b - - 0 49
67	99	6	65	546	209	0	Ke7	8/8/3R1k2/ppr2pp1/2p2n1p/P1P4P/1PB3P1/6K1 b - - 1 50
67	101	6	15	512	217	0	Re5	8/4k3/8/ppr2pp1/2p2n1p/P1P4P/1PB3P1/3R2K1 b - - 3 51
67	103	6	25	626	258	0	Kf6	8/4k3/8/pp2rpp1/2p2n1p/P1P4P/1PB3P1/5RK1 b - - 5 52
67	105	6	-24	674	265	0	Re2	8/8/5k2/pp2rpp1/P1p2n1p/2P4P/1PB3P1/5RK1 b - - 0 53
67	107	6	21	732	306	0	bxa4	8/8/5k2/pp3pp1/P1p2n1p/2P4P/1PB1rRP1/6K1 b - - 2 54
67	109	6	91	774	334	0	Re3	8/8/5k2/p4pp1/p1p2n1p/2P4P/1PB1rRP1/5K2 b - - 1 55
67	111	6	6	777	351	0	Rxf3+	8/8/5k2/p4pp1/p1p2n1p/2P1rR1P/1PB3P1/5K2 b - - 3 56
67	113	2	5	772	417	0	Nd3	8/8/5k2/p4pp1/p1p2n1p/2P2P1P/1PB5/5K2 b - - 0 57
67	115	2	-22	796	479	0	Nxb2	8/8/5k2/p4pp1/B1p4p/2Pn1P1P/1P6/5K2 b - - 0 58
67	117	2	17	831	527	0	Ke5	8/8/5k2/p4pp1/2p4p/2P2P1P/1nB5/5K2 b - - 1 59
67	119	2	73	862	567	0	Kf4	8/8/8/p3kpp1/2p4p/2P2P1P/1nB1K3/8 b - - 3 60
67	121	2	-49	880	670	0	a4	8/8/8/p4pp1/2p2k1p/2P2P1P/1n2K3/1B6 b - - 5 61
67	123	2	63	1000	1047	0	g4	8/8/8/5pp1/p1p2k1p/2P2P1P/Bn2K3/8 b - - 1 62
67	125	2	-62	938	1329	0	fxg4	8/8/8/5p2/p1p2kPp/2P4P/Bn2K3/8 b - - 0 63
67	127	2	0	1000	1363	0	h3	8/8/8/8/p1p2kPp/2P5/Bn2K3/8 b - - 0 64
67	129	2	0	1000	1534	0	Nd1+	8/8/8/8/p1p2kP1/2P4p/Bn3K2/8 b - - 1 65
67	131	2	0	1000	1000	0	Ne3+	8/8/8/8/p1p2kP1/2P4p/B7/3n1K2 b - - 3 66
67	133	2	0	1000	1000	1	Kg3	8/8/8/8/p1p2kP1/2P1n2p/B7/6K1 b - - 5 67
67	135	2	0	1000	1000	1	h2	8/8/8/8/p1p3P1/2P1n1kp/B7/7K b - - 7 68
67	137	2	0	1000	1000	1	Nd1	8/8/8/6P1/p1p5/2P1n1k1/B6p/7K b - - 0 69
67	139	2	0	1000	1000	1	Nf2#	8/8/6P1/8/p1p5/2P3k1/B6p/3n3K b - - 0 70
68	16	22	1	16	9	0	Nxd4	r1bqk2r/2p1bppp/p1pp1n2/8/3pP3/5N2/PPP1QPPP/RNB2RK1 w kq - 0 9
68	18	22	8	25	33	0	Nc3	r2qk2r/1bp1bppp/p1pp1n2/8/3NP3/8/PPP1QPPP/RNB2RK1 w kq - 1 10
68	20	22	1	11	33	0	Nf5	r2q1rk1/1bp1bppp/p1pp1n2/8/3NP3/2N5/PPP1QPPP/R1B2RK1 w - - 3 11
68	22	22	0	53	77	0	Qf3	r4rk1/1bpqbppp/p1pp1n2/5N2/4P3/2N5/PPP1QPPP/R1B2RK1 w - - 5 12
68	24	22	55	97	92	0	Bg5	r3r1k1/1bpqbppp/p1pp1n2/5N2/4P3/2N2Q2/PPP2PPP/R1B2RK1 w - - 7 13
68	26	22	-10	152	103	0	Rae1	2r1r1k1/1bpqbppp/p1pp1n2/5NB1/4P3/2N2Q2/PPP2PPP/R4RK1 w - - 9 14
68	28	22	118	156	103	0	a4	2r1r1k1/1bpqbppp/p2p1n2/2p2NB1/4P3/2N2Q2/PPP2PPP/4RRK1 w - - 0 15
68	30	22	-5	39	79	0	Qg3	2rbr1k1/1bpq1ppp/p2p1n2/2p2NB1/P3P3/2N2Q2/1PP2PPP/4RRK1 w - - 1 16
68	32	22	2	31	67	0	f3	2rbr1k1/1bpq1p1p/p2p1np1/2p2NB1/P3P3/2N3Q1/1PP2PPP/4RRK1 w - - 0 17
68	34	22	-9	105	50	0	Nh6+	2rbr1k1/1bpq1p1p/p4np1/2pp1NB1/P3P3/2N2PQ1/1PP3PP/4RRK1 w - - 0 18
68	36	22	-9	99	44	0	exd5	2rbr3/1bpq1pkp/p4npN/2pp2B1/P3P3/2N2PQ1/1PP3PP/4RRK1 w - - 2 19
68	38	20	10	147	15	0	Rxe1	2rb4/1bpq1pkp/p4npN/2pP2B1/P7/2N2PQ1/1PP3PP/4rRK1 w - - 0 20
68	40	18	114	141	54	0	Bxd8	2rb4/1bpq1pkp/p5pN/2pn2B1/P7/2N2PQ1/1PP3PP/4R1K1 w - - 0 21
68	42	16	15	15	33	0	Ne4	3r4/1bpq1pkp/p5pN/2pn4/P7/2N2PQ1/1PP3PP/4R1K1 w - - 0 22
68	44	15	-5	3	36	0	Nxc5	3r4/1bpq1p1p/p5pk/2pn4/P3N3/5PQ1/1PP3PP/4R1K1 w - - 0 23
68	46	15	10	10	75	0	Nxb7	3r4/1bp2p1p/p1q3pk/2Nn4/P7/5PQ1/1PP3PP/4R1K1 w - - 1 24
68	48	14	0	7	52	0	Qf2	3r4/1Np2p1p/pq4pk/3n4/P7/5PQ1/1PP3PP/4R1K1 w - - 1 25
68	50	10	-5	3	54	0	Kxf2	3r4/1Np2p1p/p5pk/3n4/P7/5P2/1PP2qPP/4R1K1 w - - 0 26
68	52	6	0	0	42	0	Re5	1r6/1Np2p1p/p5pk/3n4/P7/5P2/1PP2KPP/4R3 w - - 1 27
68	54	6	0	0	49	0	c4	1r6/1N3p1p/p1p3pk/3nR3/P7/5P2/1PP2KPP/8 w - - 0 28
68	56	5	1	1	43	0	cxd5	8/1r3p1p/p1p3pk/3nR3/P1P5/5P2/1P3KPP/8 w - - 0 29
68	58	4	-1	0	40	0	Kg3	8/5p1p/p1p3pk/3PR3/P7/5P2/1r3KPP/8 w - - 0 30
68	60	4	0	0	83	0	d6	8/5pkp/p1p3p1/3PR3/P7/5PK1/1r4PP/8 w - - 2 31
68	62	4	0	0	70	0	Ra5	8/5pkp/p1pP2p1/4R3/P7/5PK1/3r2PP/8 w - - 1 32
68	64	4	0	0	35	0	h4	8/5pkp/p1pr2p1/R7/P7/5PK1/6PP/8 w - - 0 33
68	66	4	0	0	38	0	Rxc5	8/5pkp/p2r2p1/R1p5/P6P/5PK1/6P1/8 w - - 0 34
68	68	4	0	0	50	0	Ra5	8/5pkp/p5p1/2R5/P2r3P/5PK1/6P1/8 w - - 1 35
68	70	4	0	0	51	0	Kf4	8/5pkp/p2r2p1/R7/P6P/5PK1/6P1/8 w - - 3 36
68	72	4	14	0	41	0	Ke3	8/5pkp/p5p1/R7/P2r1K1P/5P2/6P1/8 w - - 5 37
68	74	4	0	0	58	0	Rxa6	8/5pkp/p5p1/R7/P6r/4KP2/6P1/8 w - - 0 38
68	76	4	0	0	58	0	Kf2	8/5pk1/R5p1/7p/P6r/4KP2/6P1/8 w - h6 0 39
68	78	4	-3	-3	55	0	Ra8	8/5pk1/R5p1/7p/P2r4/5P2/5KP1/8 w - - 2 40
68	80	4	2	0	30	0	a5	R7/5pk1/6p1/8/P2r3p/5P2/5KP1/8 w - - 0 41
68	82	4	0	0	18	0	a6	R7/5pk1/6p1/P7/7p/5P2/5KP1/3r4 w - - 1 42
68	84	4	0	0	18	0	a7	R7/5pk1/P7/6p1/7p/5P2/5KP1/3r4 w - - 0 43
68	86	4	0	0	18	0	Ke3	R7/P4pk1/8/6p1/7p/5P2/5KP1/r7 w - - 1 44
68	88	4	0	0	24	0	Ke4	R7/P4pk1/8/6p1/7p/4KP2/r5P1/8 w - - 3 45
68	90	4	0	0	26	0	Kd5	R7/P4p2/5k2/6p1/4K2p/5P2/r5P1/8 w - - 5 46
68	92	4	0	0	26	0	Kd6	R7/P4p2/8/3K1kp1/7p/5P2/r5P1/8 w - - 7 47
68	94	4	0	0	0	0	Kc6	R7/P4p2/3K4/6p1/5k1p/5P2/r5P1/8 w - - 9 48
68	96	4	0	0	0	0	Kb6	R7/P4p2/2K5/6p1/7p/5Pk1/r5P1/8 w - - 11 49
68	98	4	0	0	0	0	Kc6	R7/P4p2/1K6/6p1/7p/5Pk1/1r4P1/8 w - - 13 50
68	100	4	0	0	0	0	Kb6	R7/P4p2/2K5/6p1/7p/5Pk1/r5P1/8 w - - 15 51
68	102	4	0	0	0	0	Kc6	R7/P4p2/1K6/6p1/7p/5Pk1/1r4P1/8 w - - 17 52
69	17	22	0	-16	-6	0	Bd7	r1bqk2r/2p1bppp/p1pp1n2/8/3NP3/8/PPP1QPPP/RNB2RK1 b kq - 0 9
69	19	22	3	-5	-7	0	c5	r2qk2r/2pbbppp/p1pp1n2/8/3NP3/2N5/PPP1QPPP/R1B2RK1 b kq - 2 10
69	21	22	-3	0	0	0	O-O	r2qk2r/2pbbppp/p2p1n2/2p5/4P3/2N2N2/PPP1QPPP/R1B2RK1 b kq - 1 11
69	23	22	-6	0	11	0	Bb5	r2q1rk1/2pbbppp/p2p1n2/2p5/4P3/1PN2N2/P1P1QPPP/R1B2RK1 b - - 0 12
69	25	21	-5	1	17	0	axb5	r2q1rk1/2p1bppp/p2p1n2/1Np5/4P3/1P3N2/P1P1QPPP/R1B2RK1 b - - 0 13
69	27	20	8	8	11	0	Re8	r2q1rk1/2p1bppp/3p1n2/1pp5/4P3/1P3N2/PBP1QPPP/R4RK1 b - - 1 14
69	29	20	0	10	2	0	Qd7	r2qr1k1/2p1bppp/3p1n2/1pp5/4P3/PP3N2/1BP1QPPP/R4RK1 b - - 0 15
69	31	20	28	2	34	0	b4	r3r1k1/2pqbppp/3p1n2/1pp5/4P3/PP3N2/1BP1QPPP/3R1RK1 b - - 2 16
69	33	20	-5	-20	9	0	cxb4	r3r1k1/2pqbppp/3p1n2/2p5/1P2P3/1P3N2/1BP1QPPP/3R1RK1 b - - 0 17
69	35	20	14	-8	2	0	Ra2	r3r1k1/2pqbppp/3p1n2/8/1p2P3/1P3N2/1BP1QPPP/3RR1K1 b - - 1 18
69	37	20	9	-2	1	0	Qe6	4r1k1/2pqbppp/3p1n2/4N3/1p2P3/1P6/rBP1QPPP/3RR1K1 b - - 3 19
69	39	20	2	-12	-8	0	c5	4r1k1/2p1bppp/3pqn2/8/1p2P3/1P1N4/rBP1QPPP/3RR1K1 b - - 5 20
69	41	20	36	30	25	0	Nh5	4r1k1/4bppp/3pqn2/2p5/1p2P3/1P1N1P2/rBP1Q1PP/3RR1K1 b - - 0 21
69	43	20	58	-5	24	0	Qg6	4r1k1/4bppp/3pq3/2p4n/1p2P1P1/1P1N1P2/rBP1Q2P/3RR1K1 b - g3 0 22
69	45	20	-6	-19	9	0	Nf6	4r1k1/4bppp/3p2q1/2p4n/1p2P1P1/1P1N1P2/rBP2Q1P/3RR1K1 b - - 2 23
69	47	20	120	-22	18	0	h5	4r1k1/4bppp/3p1nq1/2p5/1p2P1P1/1P1N1P2/r1P2Q1P/2BRR1K1 b - - 4 24
69	49	20	8	-141	-3	0	Qh7	4r1k1/4bpp1/3p1nq1/2p4p/1p2PNP1/1P3P2/r1P2Q1P/2BRR1K1 b - - 1 25
69	51	20	4	-152	-27	0	Nd7	4r1k1/4bppq/3p1n2/2p3Pp/1p2PN2/1P3P2/r1P2Q1P/2BRR1K1 b - - 0 26
69	53	20	39	-115	-4	0	Bf8	4r1k1/3nbppq/3p4/2pN2Pp/1p2P3/1P3P2/r1P2Q1P/2BRR1K1 b - - 2 27
69	55	20	-8	-169	-15	0	Ne5	4rbk1/3n1ppq/3p4/2pN2Pp/1p2P2P/1P3P2/r1P2Q2/2BRR1K1 b - h3 0 28
69	57	20	196	-115	0	0	Qg6	4rbk1/5ppq/3p4/2pNn1Pp/1p2P2P/1P3P2/r1P2Q2/2BR1RK1 b - - 2 29
69	59	20	258	-50	-7	0	Qh7	4rbk1/5pp1/3p2q1/2pNn1Pp/1p2P2P/1P3P2/r1P3Q1/2BR1RK1 b - - 4 30
69	61	20	117	-187	-23	0	Rb8	4rbk1/5ppq/3p4/2pNn1Pp/1p2P2P/1P2BP2/r1P3Q1/3R1RK1 b - - 6 31
69	63	20	200	-135	0	0	Rba8	1r3bk1/5ppq/3p4/2pNn1Pp/1p2P2P/1P2BP2/r1P3Q1/3RR1K1 b - - 8 32
69	65	20	29	-315	-17	0	Ng4	r4bk1/5ppq/3p4/2pNn1Pp/1p2PP1P/1P2B3/r1P3Q1/3RR1K1 b - - 0 33
69	67	20	122	-126	-26	0	Kh8	r4bk1/5ppq/3p4/2pN2Pp/1p2PPnP/1P6/r1P3Q1/2BRR1K1 b - - 2 34
69	69	20	-27	-268	-54	0	Qg8	r4b1k/5ppq/3p4/2pN1PPp/1p2P1nP/1P6/r1P3Q1/2BRR1K1 b - - 0 35
69	71	20	74	-280	-56	0	R8a6	r4bqk/5pp1/3p4/2pN1PPp/1p2P1nP/1P6/r1P1Q3/2BRR1K1 b - - 2 36
69	73	20	69	-255	-77	0	Rb6	5bqk/5pp1/r2p4/2p2PPp/1p2PNnP/1P6/r1P1Q3/2BRR1K1 b - - 4 37
69	75	20	14	-362	-105	0	Ne5	5bqk/5pp1/1r1p4/2p2PPN/1p2P1nP/1P6/r1P1Q3/2BRR1K1 b - - 0 38
69	77	20	72	-388	-100	0	g6	5bqk/5pp1/1r1p4/2p1nPP1/1p2PN1P/1P6/r1P1Q3/2BRR1K1 b - - 2 39
69	79	20	53	-464	-108	0	Rb8	5bqk/5p2/1r1p2p1/2pNnPP1/1p2P2P/1P6/r1P1Q3/2BRR1K1 b - - 1 40
69	81	20	210	-518	-171	0	Nd7	1r3bqk/5p2/3p2p1/2pNnPPP/1p2P3/1P6/r1P1Q3/2BRR1K1 b - - 0 41
69	83	20	12	-604	-206	0	gxf5	1r3bqk/3n1p2/3p2p1/2pN1PPP/1p2PB2/1P6/r1P1Q3/3RR1K1 b - - 2 42
69	85	20	21	-637	-224	0	Qh7	1r3bqk/3n1p2/3p4/2pN1PPP/1p3B2/1P6/r1P1Q3/3RR1K1 b - - 0 43
69	87	20	48	-729	-381	0	fxg6	1r3b1k/3n1p1q/3p2P1/2pN1P1P/1p3B2/1P6/r1P1Q3/3RR1K1 b - - 0 44
69	89	20	96	-794	-450	0	Qg7	1r3b1k/3n3q/3p2P1/2pN3P/1p3B2/1P6/r1P1Q3/3RR1K1 b - - 0 45
69	91	20	113	-787	-415	0	c4	1r3b1k/3n2q1/3pQ1P1/2pN3P/1p3B2/1P6/r1P5/3RR1K1 b - - 2 46
69	93	20	-30	-1000	-491	0	Qg8	1r3b1k/3n2q1/3pQ1PP/3N4/1pp2B2/1P6/r1P5/3RR1K1 b - - 0 47
69	95	20	17	-983	-625	0	cxb3	1r3bqk/3n4/3p2PP/3N4/1pp1QB2/1P6/r1P5/3RR1K1 b - - 2 48
69	97	20	0	-1000	-775	1	bxc2	1r3bqk/3n4/3B2PP/3N4/1p2Q3/1p6/r1P5/3RR1K1 b - - 0 49
69	99	20	0	-1000	-1000	1	Nxe5	1r3bqk/3n4/6PP/3NB3/1p2Q3/8/r1p5/3RR1K1 b - - 1 50
69	101	18	0	-1000	-1000	1	Bg7	1r3bqk/8/6PP/3NQ3/1p6/8/r1p5/3RR1K1 b - - 0 51
69	103	17	0	-1000	-1000	1	Qxg7	1r4qk/6P1/6P1/3NQ3/1p6/8/r1p5/3RR1K1 b - - 0 52
69	105	15	0	-1000	-1000	1	Qg8	1Q5k/6q1/6P1/3N4/1p6/8/r1p5/3RR1K1 b - - 0 53
69	107	15	0	-1000	-1000	1	Qg7	6qk/8/6P1/3NQ3/1p6/8/r1p5/3RR1K1 b - - 2 54
69	109	15	0	-1000	-1000	1	Kg8	7k/6q1/6P1/3N3Q/1p6/8/r1p5/3RR1K1 b - - 4 55
69	111	15	0	-1000	-1000	1	Qf8	4R1k1/6q1/6P1/3N3Q/1p6/8/r1p5/3R2K1 b - - 6 56
70	16	24	48	86	35	0	Nf3	r1bqk2r/pp1n1pp1/4pn1p/2p5/1bP4B/2N1P3/PPQ2PPP/R3KBNR w KQkq - 1 9
70	18	24	-10	126	59	0	Bg3	r1bqk2r/pp1n1p2/4pn1p/2p3p1/1bP4B/2N1PN2/PPQ2PPP/R3KB1R w KQkq g6 0 10
70	20	24	54	196	94	0	O-O-O	r1bq1rk1/pp1n1p2/4pn1p/2p3p1/1bP5/2N1PNB1/PPQ2PPP/R3KB1R w KQ - 2 11
70	22	23	68	204	90	0	bxc3	r1bq1rk1/pp1n1p2/4pn1p/2p3p1/2P5/2b1PNB1/PPQ2PPP/2KR1B1R w - - 0 12
70	24	22	203	211	138	0	Rd6	r1bqr1k1/pp1n1p2/4pn1p/2p3p1/2P5/2P1PNB1/P1Q2PPP/2KR1B1R w - - 1 13
70	26	22	-1	0	161	0	Be2	r1b1r1k1/pp1nqp2/3Rpn1p/2p3p1/2P5/2P1PNB1/P1Q2PPP/2K2B1R w - - 3 14
70	28	22	1	23	137	0	Nh4	r1b1r1k1/pp1nqp2/3Rpn1p/2p5/2P3p1/2P1PNB1/P1Q1BPPP/2K4R w - - 0 15
70	30	22	21	46	140	0	e4	r1b1r1k1/pp2qp2/1n1Rpn1p/2p5/2P3pN/2P1P1B1/P1Q1BPPP/2K4R w - - 2 16
70	32	22	11	42	89	0	e5	r3r1k1/pp1bqp2/1n1Rpn1p/2p5/2P1P1pN/2P3B1/P1Q1BPPP/2K4R w - - 1 17
70	34	22	145	23	92	0	Qd3	r3r1k1/pp1bqp2/1n1Rp2p/2p1P2n/2P3pN/2P3B1/P1Q1BPPP/2K4R w - - 1 18
70	36	22	356	-115	39	0	Qe3	r3r1k1/pp1b1p2/1n1Rp2p/2p1P1qn/2P3pN/2PQ2B1/P3BPPP/2K4R w - - 3 19
70	38	22	480	-24	23	0	Re1	r3r1k1/pp3p2/1nbRp2p/2p1P1qn/2P3pN/2P1Q1B1/P3BPPP/2K4R w - - 5 20
70	40	18	30	-496	-27	0	fxe3	r3r1k1/pp3p2/1nbRp2p/2p1P2n/2P3pN/2P1q1B1/P3BPPP/2K1R3 w - - 0 21
70	42	13	-4	-528	-32	0	hxg3	r3r1k1/pp3p2/1nbRp2p/2p1P3/2P3pN/2P1P1n1/P3B1PP/2K1R3 w - - 0 22
70	44	12	20	-319	-31	0	Bxg4	r3r1k1/pp1n1p2/2bRp2p/2p1P3/2P3pN/2P1P1P1/P3B1P1/2K1R3 w - - 1 23
70	46	12	-12	-336	-38	0	Be2	r3r1k1/pp3p2/2bRp2p/2p1n3/2P3BN/2P1P1P1/P5P1/2K1R3 w - - 0 24
70	48	12	10	-346	-43	0	Rdd1	3rr1k1/pp3p2/2bRp2p/2p1n3/2P4N/2P1P1P1/P3B1P1/2K1R3 w - - 2 25
70	50	10	10	-374	-59	0	Rxd1	4r1k1/pp3p2/2b1p2p/2p1n3/2P4N/2P1P1P1/P3B1P1/2KrR3 w - - 0 26
70	52	8	21	-406	-56	0	g4	4r3/pp3pk1/2b1p2p/2p1n3/2P4N/2P1P1P1/P3B1P1/2KR4 w - - 1 27
70	54	8	21	-421	-65	0	a3	4r3/1p3pk1/2b1p2p/p1p1n3/2P3PN/2P1P3/P3B1P1/2KR4 w - a6 0 28
70	56	8	40	-403	-94	0	Kb2	4r3/1p3pk1/2b1p2p/2p1n3/p1P3PN/P1P1P3/4B1P1/2KR4 w - - 0 29
70	58	8	119	-450	-91	0	Ka1	6r1/1p3pk1/2b1p2p/2p1n3/p1P3PN/P1P1P3/1K2B1P1/3R4 w - - 2 30
70	60	8	66	-474	-152	0	Rf1	6r1/1p4k1/2b1pp1p/2p1n3/p1P3PN/P1P1P3/4B1P1/K2R4 w - - 0 31
70	62	8	-10	-525	-171	0	Rb1	3r4/1p4k1/2b1pp1p/2p1n3/p1P3PN/P1P1P3/4B1P1/K4R2 w - - 2 32
70	64	8	22	-512	-187	0	Bf3	3r4/1p3k2/2b1pp1p/2p1n3/p1P3PN/P1P1P3/4B1P1/KR6 w - - 4 33
70	66	7	71	-556	-261	0	Nxf3	3r4/1p3k2/2b1pp1p/2p5/p1P3PN/P1P1Pn2/6P1/KR6 w - - 0 34
70	68	6	79	-556	-216	0	Nh2	6r1/1p3k2/2b1pp1p/2p5/p1P3P1/P1P1PN2/6P1/KR6 w - - 1 35
70	70	6	-3	-645	-223	0	Rb2	6r1/1p3k2/4pp1p/2p5/p1P3P1/P1P1P3/6bN/KR6 w - - 0 36
70	72	6	-6	-651	-275	0	Rd2	6r1/1p3k2/4pp1p/2p5/p1P1b1P1/P1P1P3/1R5N/K7 w - - 2 37
70	74	6	23	-662	-290	0	Kb2	6r1/1p2k3/4pp1p/2p5/p1P1b1P1/P1P1P3/3R3N/K7 w - - 4 38
70	76	6	81	-621	-290	0	Ka2	8/1p2k3/4pp1p/2p3r1/p1P1b1P1/P1P1P3/1K1R3N/8 w - - 6 39
70	78	6	3	-724	-278	0	gxf5	8/1p2k3/4p2p/2p2pr1/p1P1b1P1/P1P1P3/K2R3N/8 w - - 0 40
70	80	6	164	-737	-324	0	Rf2	8/1p2k3/7p/2p2pr1/p1P1b3/P1P1P3/K2R3N/8 w - - 0 41
70	82	6	67	-933	-330	0	Rxg2	8/1p2k3/7p/2p2p2/p1P1b3/P1P1P3/K4RrN/8 w - - 2 42
70	84	2	0	-1000	-439	0	Kb2	8/1p2k3/7p/2p2p2/p1P5/P1P1P3/K5bN/8 w - - 0 43
70	86	2	75	-674	-328	0	Kc1	8/1p2k3/7p/2p2p2/p1P1b3/P1P1P3/1K5N/8 w - - 2 44
70	88	2	18	-698	-309	0	Kd2	8/1p2k3/7p/2p2p2/p1P5/P1PbP3/7N/2K5 w - - 4 45
70	90	2	35	-717	-320	0	e4	8/1p2k3/7p/2p2p2/p1b5/P1P1P3/3K3N/8 w - - 0 46
70	92	2	7	-765	-333	0	Ke3	8/1p2k3/7p/2p5/p1b1p3/P1P5/3K3N/8 w - - 0 47
70	94	2	18	-713	-314	0	Kf4	8/1p2k3/7p/2pb4/p3p3/P1P1K3/7N/8 w - - 2 48
70	96	2	38	-713	-325	0	Nf1	8/1p2k3/8/2pb3p/p3pK2/P1P5/7N/8 w - - 0 49
70	98	2	76	-696	-300	0	Kg4	8/1p2k3/8/2pb4/p3pK1p/P1P5/8/5N2 w - - 0 50
70	100	2	2	-517	-281	0	Kxh4	8/1p2k3/8/3b4/p1p1p1Kp/P1P5/8/5N2 w - - 0 51
70	102	2	415	-254	-251	0	Kg4	8/1p6/5k2/3b4/p1p1p2K/P1P5/8/5N2 w - - 1 52
70	104	2	21	-699	-293	0	Ne3	8/1p6/8/3bk3/p1p1p1K1/P1P5/8/5N2 w - - 3 53
70	106	2	293	-404	-255	0	Kg5	8/1p6/4b3/4k3/p1p1p1K1/P1P1N3/8/8 w - - 5 54
70	108	2	23	-663	-335	0	Ng2	8/8/1p2b3/4k1K1/p1p1p3/P1P1N3/8/8 w - - 0 55
70	110	2	22	-768	-352	0	Ne3	8/8/4b3/1p2k1K1/p1p1p3/P1P5/6N1/8 w - - 0 56
70	112	2	-68	-785	-386	0	Nc2	8/3b4/8/1p2k1K1/p1p1p3/P1P1N3/8/8 w - - 2 57
70	114	2	-68	-834	-400	0	Nxe3	8/3b4/8/1p2k1K1/p1p5/P1P1p3/2N5/8 w - - 0 58
70	116	2	34	-850	-467	0	Ng2	8/3b4/8/1p4K1/p1p1k3/P1P1N3/8/8 w - - 1 59
70	118	2	68	-797	-516	0	Nf4+	8/3b4/8/1p4K1/p1p5/P1Pk4/6N1/8 w - - 3 60
70	120	2	2	-951	-644	0	Kf6	8/3b4/8/1p4K1/p1p2N2/P1k5/8/8 w - - 0 61
70	122	2	68	-887	-536	0	Nd5	8/3b4/5K2/1p6/p1p2N2/P7/1k6/8 w - - 2 62
70	124	2	0	-1000	-589	0	Ke5	8/3b4/5K2/1p1N4/p7/P1p5/1k6/8 w - - 0 63
70	126	2	15	-985	-997	0	Nb4	8/3b4/8/1p1NK3/p7/P7/1kp5/8 w - - 0 64
70	128	6	0	-1000	-1002	0	Nd3+	8/3b4/8/1p2K3/pN6/P7/1k6/2q5 w - - 0 65
70	130	6	0	-1000	-1165	0	Nxc1	8/3b4/8/1p2K3/p7/P2N4/8/1kq5 w - - 2 66
70	132	1	0	-1000	-1529	0	Kd6	8/3b4/8/1p2K3/p7/P7/8/2k5 w - - 0 67
70	134	1	0	-1000	-1628	0	Kc5	8/3b4/3K4/1p6/p7/P7/1k6/8 w - - 2 68
70	136	1	0	-1000	-1717	0	Kd6	8/3b4/8/1pK5/p7/k7/8/8 w - - 0 69
70	138	1	0	-1000	-2203	0	Ke7	8/3b4/3K4/8/pp6/k7/8/8 w - - 0 70
70	140	1	0	-1000	-2341	1	Kxd7	8/3bK3/8/8/p7/kp6/8/8 w - - 0 71
71	17	24	-2	-88	-26	0	Bxc3	r1bqk2r/pp1n1pp1/4pn1p/2p5/1bP4B/2N1P3/PPQ2PPP/2KR1BNR b kq - 2 9
71	19	22	33	-87	-29	0	e5	r1bqk2r/pp1n1pp1/4pn1p/2p5/2P4B/2Q1P3/PP3PPP/2KR1BNR b kq - 0 10
71	21	22	48	-23	-32	0	Qe7	r1bqk2r/pp1n1pp1/5n1p/2p1p3/2P5/2Q1P1B1/PP3PPP/2KR1BNR b kq - 1 11
71	23	22	3	15	-41	0	Ne4	r1b1k2r/pp1nqpp1/5n1p/2p1p3/2P5/2Q1PNB1/PP3PPP/2KR1B1R b kq - 3 12
71	25	22	-6	6	-34	0	Nxg3	r1b1k2r/pp1nqpp1/7p/2p1p3/2P1n3/4PNB1/PPQ2PPP/2KR1B1R b kq - 5 13
71	27	20	9	17	-29	0	e4	r1b1k2r/pp1nqpp1/7p/2p1p3/2P5/4PNP1/PPQ2PP1/2KR1B1R b kq - 0 14
71	29	20	2	9	-7	0	Nf6	r1b1k2r/pp1nqpp1/7p/2p5/2P1p3/4P1P1/PPQN1PP1/2KR1B1R b kq - 1 15
71	31	20	50	84	19	0	O-O	r1b1k2r/pp2qpp1/5n1p/2p5/2P1p3/4P1P1/PPQN1PP1/1K1R1B1R b kq - 3 16
71	33	20	26	49	18	0	Bf5	r1b2rk1/pp2qpp1/5n1p/2p5/2P1p3/4P1P1/PPQNBPP1/1K1R3R b - - 5 17
71	35	20	85	83	21	0	a5	r4rk1/pp2qpp1/5n1p/2p2b2/2P1p3/4P1P1/PPQNBPP1/1K1R1R2 b - - 7 18
71	37	20	30	39	25	0	g6	r4rk1/1p2qpp1/5n1p/p1p2b2/Q1P1p3/4P1P1/PP1NBPP1/1K1R1R2 b - - 1 19
71	39	20	30	30	22	0	Qc7	r4rk1/1p2qp2/5npp/p1p2b2/Q1P1p3/P3P1P1/1P1NBPP1/1K1R1R2 b - - 0 20
71	41	20	3	9	21	0	Qe5	r4rk1/1pq2p2/5npp/p1p2b2/2P1p3/P3P1P1/1PQNBPP1/1K1R1R2 b - - 2 21
71	43	20	13	18	43	0	a4	r4rk1/1p3p2/5npp/p1p1qb2/2P1p3/PQ2P1P1/1P1NBPP1/1K1R1R2 b - - 4 22
71	45	20	6	6	42	0	h5	r4rk1/1p3p2/5npp/2p1qb2/p1P1p3/P3P1P1/1PQNBPP1/1K1R1R2 b - - 1 23
71	47	20	155	9	88	0	h4	r4rk1/1p3p2/5np1/2p1qb1p/p1P1p3/P3P1P1/1PQNBPP1/2KR1R2 b - - 1 24
71	49	20	69	-142	70	0	Qh2	r4rk1/1p3p2/5np1/2p1qb2/p1P1p2P/P3P3/1PQNBPP1/2KR1R2 b - - 0 25
71	51	20	101	-70	67	0	Ra6	r4rk1/1p3p2/5np1/2p2b2/p1P1p2P/P3P1P1/1PQNBP1q/2KR1R2 b - - 0 26
71	53	20	-13	-191	22	0	Ng4	5rk1/1p3p2/r4np1/2p2b2/p1P1p2P/P3P1P1/1PQ1BP1q/1NKR1R2 b - - 2 27
71	55	19	-12	-199	0	0	Bxg4	5rk1/1p3p2/r5p1/2p2b2/p1P1p1BP/P3P1P1/1PQ2P1q/1NKR1R2 b - - 0 28
71	57	18	104	-111	47	0	Re6	5rk1/1p3p2/r5p1/2p5/p1P1p1bP/P3P1P1/1PQ2P1q/1NK1RR2 b - - 1 29
71	59	18	5	-213	36	0	Bf3	5rk1/1p3p2/4r1p1/2p5/p1P1p1bP/P1N1P1P1/1PQ2P1q/2K1RR2 b - - 3 30
71	61	18	37	-147	0	0	b6	5rk1/1p3p2/4r1p1/2p5/N1P1p2P/P3PbP1/1PQ2P1q/2K1RR2 b - - 0 31
71	63	18	5	-124	80	0	Rd8	5rk1/5p2/1p2r1p1/2p5/N1P1p2P/P3PbP1/1PQ2P1q/1K2RR2 b - - 1 32
71	65	18	88	-128	0	0	Rdd6	3r2k1/5p2/1p2r1p1/2p5/2P1p2P/P1N1PbP1/1PQ2P1q/1K2RR2 b - - 3 33
71	67	18	57	-162	5	0	Rd3	6k1/5p2/1p1rr1p1/2p5/2P1p2P/P1N1PbP1/1PQ2P1q/1KR2R2 b - - 5 34
71	69	18	151	-208	-38	0	Rd6	6k1/5p2/1p2r1p1/2pN4/2P1p2P/P2rPbP1/1PQ2P1q/1KR2R2 b - - 7 35
71	71	18	38	-364	-47	0	Kg7	6k1/5p2/1p1r2p1/2pN4/Q1P1p2P/P2rPbP1/1P3P1q/1KR2R2 b - - 9 36
71	73	18	-3	-344	-47	0	Re6	4Q3/5pk1/1p1r2p1/2pN4/2P1p2P/P2rPbP1/1P3P1q/1KR2R2 b - - 11 37
71	75	18	67	-329	-93	0	Rd2	1Q6/5pk1/1p2r1p1/2pN4/2P1p2P/P2rPbP1/1P3P1q/1KR2R2 b - - 13 38
71	77	18	152	-403	-25	0	Re7	1Q6/2N2pk1/1p2r1p1/2p5/2P1p2P/P3PbP1/1P1r1P1q/1KR2R2 b - - 15 39
71	79	18	32	-566	-63	0	Re5	8/2N1rpk1/1Q4p1/2p5/2P1p2P/P3PbP1/1P1r1P1q/1KR2R2 b - - 0 40
71	81	18	23	-603	-94	0	Rf5	8/5pk1/1Q4p1/2pNr3/2P1p2P/P3PbP1/1P1r1P1q/1KR2R2 b - - 2 41
71	83	18	30	-591	-111	0	Re5	8/4Npk1/1Q4p1/2p2r2/2P1p2P/P3PbP1/1P1r1P1q/1KR2R2 b - - 4 42
71	85	18	60	-500	-126	0	Re6	8/2Q1Npk1/6p1/2p1r3/2P1p2P/P3PbP1/1P1r1P1q/1KR2R2 b - - 6 43
71	87	18	93	-587	-135	0	Rxf2	8/2Q2pk1/4r1p1/2pN4/2P1p2P/P3PbP1/1P1r1P1q/1KR2R2 b - - 8 44
71	89	16	19	-684	-163	0	Qxf2	8/2Q2pk1/4r1p1/2pN4/2P1p2P/P3PbP1/1P3R1q/1KR5 b - - 0 45
71	91	14	28	-611	-137	0	Re8	8/2Q2pk1/4r1p1/2pN4/P1P1p2P/4PbP1/1P3q2/1KR5 b - - 0 46
71	93	14	42	-606	-175	0	Qxg3	4r3/5pk1/6p1/2QN4/P1P1p2P/4PbP1/1P3q2/1KR5 b - - 0 47
71	95	14	30	-622	-174	0	Qxh4	4r3/5pk1/6p1/P1QN4/2P1p2P/4Pbq1/1P6/1KR5 b - - 0 48
71	97	14	38	-665	-218	0	Qg5	4r3/5pk1/P5p1/2QN4/2P1p2q/4Pb2/1P6/1KR5 b - - 0 49
71	99	14	44	-713	-216	0	Rg8	4r3/P4pk1/6p1/2QN2q1/2P1p3/4Pb2/1P6/1KR5 b - - 0 50
71	101	14	3	-755	-365	0	Kh6	6r1/P4pk1/6p1/3N2q1/2PQp3/4Pb2/1P6/1KR5 b - - 2 51
71	103	14	125	-682	-359	0	f5	6r1/P4p2/1Q4pk/3N2q1/2P1p3/4Pb2/1P6/1KR5 b - - 4 52
71	105	14	27	-639	-400	0	f4	6r1/P1N5/1Q4pk/5pq1/2P1p3/4Pb2/1P6/1KR5 b - - 1 53
71	107	14	102	-659	-412	0	Qd8	6r1/P1N5/4Q1pk/6q1/2P1pp2/4Pb2/1P6/1KR5 b - - 1 54
71	109	14	79	-773	-483	0	Bh5	3q2r1/P1N5/4Q1pk/8/2P1pp2/4Pb2/1P6/1K5R b - - 3 55
71	111	14	180	-707	-511	0	Qd3+	3q2r1/P1N5/4Q1pk/7b/2P1pP2/8/1P6/1K5R b - - 0 56
71	113	14	236	-764	-507	1	Qe3	6r1/P1N5/4Q1pk/7b/2P1pP2/3q4/KP6/7R b - - 2 57
71	115	18	64	-663	-531	0	Rxa8+	Q5r1/2N5/4Q1pk/7b/2P1pP2/4q3/KP6/7R b - - 0 58
71	117	12	18	-729	-612	0	Qxf4	N7/8/4Q1pk/7b/2P1pP2/4q3/KP6/7R b - - 0 59
71	119	12	49	-751	-586	0	Qf5	8/8/1N2Q1pk/7b/2P1pq2/8/KP6/7R b - - 1 60
71	121	8	8	-828	-642	0	gxf5	8/8/1N4pk/5Q1b/2P1p3/8/KP6/7R b - - 0 61
71	123	4	61	-939	-1119	0	e3	8/8/1N5k/2P2p1b/4p3/8/KP6/7R b - - 0 62
71	125	4	0	-1000	-1176	0	Kg5	8/8/1NP4k/5p1b/8/4p3/KP6/7R b - - 0 63
71	127	3	0	-1000	-1307	0	Kxh5	8/8/1NP5/5pkR/8/4p3/KP6/8 b - - 0 64
71	129	1	0	-1000	-1371	1	e2	8/8/2P5/3N1p1k/8/4p3/KP6/8 b - - 1 65
71	131	1	0	-1000	-1458	1	Kg5	8/8/2P5/5p1k/5N2/8/KP2p3/8 b - - 1 66
71	133	1	0	-1000	-1462	1	f4	8/8/2P5/5pk1/8/8/KP2N3/8 b - - 0 67
71	135	1	0	-1000	-1502	1	f3	8/8/2P5/6k1/5p2/8/KP6/6N1 b - - 1 68
71	137	1	0	-1000	-1566	1	Kf4	8/8/2P5/6k1/8/5N2/KP6/8 b - - 0 69
72	16	24	3	33	-28	0	O-O	r1b2rk1/ppppnppp/1bn2q2/8/4P3/2P1B3/PPN1BPPP/RN1QK2R w KQ - 5 9
72	18	24	57	48	-13	0	Nd2	r1b2rk1/ppp1nppp/1bnp1q2/8/4P3/2P1B3/PPN1BPPP/RN1Q1RK1 w - - 0 10
72	20	24	32	20	-8	0	Nf3	r4rk1/ppp1nppp/1bnpbq2/8/4P3/2P1B3/PPNNBPPP/R2Q1RK1 w - - 2 11
72	22	24	1	-8	-12	0	Bd3	r4rk1/ppp1nppp/1bn1bq2/3p4/4P3/2P1BN2/PPN1BPPP/R2Q1RK1 w - - 0 12
72	24	24	3	-3	-14	0	Bxe4	r4rk1/ppp1nppp/1bn1bq2/8/4p3/2PBBN2/PPN2PPP/R2Q1RK1 w - - 0 13
72	26	24	72	0	-26	0	Bd3	r4rk1/ppp1nppp/1bn2q2/5b2/4B3/2P1BN2/PPN2PPP/R2Q1RK1 w - - 1 14
72	28	24	0	-68	-61	0	Ncd4	3r1rk1/ppp1nppp/1bn2q2/5b2/8/2PBBN2/PPN2PPP/R2Q1RK1 w - - 3 15
72	30	23	23	-63	-69	0	cxd4	3r1rk1/ppp1nppp/1b3q2/5b2/3n4/2PBBN2/PP3PPP/R2Q1RK1 w - - 0 16
72	32	22	-9	-82	-65	0	Bxf5	3r1rk1/ppp1npp1/1b3q1p/5b2/3P4/3BBN2/PP3PPP/R2Q1RK1 w - - 0 17
72	34	20	-7	-76	-47	0	Qb3	3r1rk1/ppp2pp1/1b3q1p/5n2/3P4/4BN2/PP3PPP/R2Q1RK1 w - - 0 18
72	36	20	77	-76	-55	0	Rae1	3rr1k1/ppp2pp1/1b3q1p/5n2/3P4/1Q2BN2/PP3PPP/R4RK1 w - - 2 19
72	38	20	49	-149	-42	0	Qa4	3rr1k1/ppp2pp1/1b2q2p/5n2/3P4/1Q2BN2/PP3PPP/4RRK1 w - - 4 20
72	40	20	234	-211	-58	0	Bg5	3rr1k1/ppp2pp1/1b5p/3q1n2/Q2P4/4BN2/PP3PPP/4RRK1 w - - 6 21
72	42	18	15	-462	-144	0	Rxe1	3r2k1/ppp2pp1/1b5p/3q1nB1/Q2P4/5N2/PP3PPP/4rRK1 w - - 0 22
72	44	15	10	-487	-204	0	Re5	3r2k1/ppp2pp1/1b6/3q1np1/Q2P4/5N2/PP3PPP/4R1K1 w - - 0 23
72	46	15	-1	-510	-175	0	Rxf5	3r2k1/ppp2pp1/1b1q4/4Rnp1/Q2P4/5N2/PP3PPP/6K1 w - - 2 24
72	48	14	12	-526	-204	0	Ng5	3r2k1/ppp2pp1/1b1q4/5R2/Q2P2p1/5N2/PP3PPP/6K1 w - - 0 25
72	50	14	12	-522	-248	0	Qxd4	3r2k1/ppp2pp1/1b6/5RN1/Q2q2p1/8/PP3PPP/6K1 w - - 0 26
72	52	6	6	-540	-248	0	Kf1	6k1/ppp2pp1/1b6/5RN1/3r2p1/8/PP3PPP/6K1 w - - 0 27
72	54	6	-26	-548	-251	0	Ne6	6k1/ppp3p1/1b3p2/5RN1/3r2p1/8/PP3PPP/5K2 w - - 0 28
72	56	6	10	-551	-270	0	Nf4	6k1/ppp3p1/1b1rNp2/5R2/6p1/8/PP3PPP/5K2 w - - 2 29
72	58	6	3	-565	-271	0	Nd5	6k1/ppp3p1/1b3p2/5R2/5Np1/8/PP1r1PPP/5K2 w - - 4 30
72	60	6	17	-524	-251	0	Nxb6	6k1/ppp3p1/1b3p2/3N1R2/6p1/8/Pr3PPP/5K2 w - - 0 31
72	62	4	59	-513	-261	0	Rf4	6k1/1pp3p1/1p3p2/5R2/6p1/8/Pr3PPP/5K2 w - - 0 32
72	64	4	9	-571	-251	0	Rxg4	6k1/1pp3p1/1p3p2/8/5Rp1/8/r4PPP/5K2 w - - 0 33
72	66	4	37	-479	-249	0	Rc4	6k1/1p4p1/1p3p2/2p5/6R1/8/r4PPP/5K2 w - c6 0 34
72	68	4	119	-532	-249	0	Rh4	8/1p3kp1/1p3p2/2p5/2R5/8/r4PPP/5K2 w - - 2 35
72	70	4	49	-571	-251	0	Rh5	r7/1p3kp1/1p3p2/2p5/7R/8/5PPP/5K2 w - - 4 36
72	72	4	95	-515	-210	0	Rb5	r7/1p3kp1/1p3p2/7R/2p5/8/5PPP/5K2 w - - 0 37
72	74	4	-3	-610	-217	0	Ke2	r7/1p3kp1/1p3p2/1R6/8/2p5/5PPP/5K2 w - - 0 38
72	76	4	43	-264	-171	0	Rb3	3r4/1p3kp1/1p3p2/1R6/8/2p5/4KPPP/8 w - - 2 39
72	78	4	0	-317	-177	0	Ke3	8/1p3kp1/1p3p2/8/8/1Rp5/3rKPPP/8 w - - 4 40
72	80	4	72	-327	-151	0	h4	8/1p3kp1/1p3p2/8/8/1Rp1K3/2r2PPP/8 w - - 6 41
72	82	4	22	-459	-147	0	g4	8/1p4p1/1p3pk1/8/7P/1Rp1K3/2r2PP1/8 w - - 1 42
72	84	4	44	-403	-112	0	f3	8/1p4p1/1p3p1k/8/6PP/1Rp1K3/2r2P2/8 w - - 1 43
72	86	4	-4	-433	-98	0	Kd4	8/1p4p1/1p3p1k/8/6PP/1Rp1KP2/8/2r5 w - - 1 44
72	88	4	90	-624	-97	0	Kd3	8/1p4p1/1p3p1k/8/3K2PP/1R3P2/2p5/2r5 w - - 0 45
72	90	4	-17	-24	-60	0	Kd2	8/1p6/1p3ppk/8/6PP/1R1K1P2/2p5/2r5 w - - 0 46
72	92	4	2	0	-48	0	Kxc2	8/1p6/1p3ppk/8/6PP/1R3P2/2pK4/4r3 w - - 2 47
72	94	4	1	0	-47	0	Rb5	8/1p6/1p2rppk/8/6PP/1R3P2/2K5/8 w - - 1 48
72	96	4	0	0	-48	0	Kd3	8/1p4k1/1p2rpp1/1R6/6PP/5P2/2K5/8 w - - 3 49
72	98	4	0	0	-32	0	Kc4	8/1p4k1/1p1r1pp1/1R6/6PP/3K1P2/8/8 w - - 5 50
72	100	4	0	0	-9	0	Rd5	8/1p3k2/1p1r1pp1/1R6/2K3PP/5P2/8/8 w - - 7 51
72	102	4	0	0	0	0	Kb5	8/1p3k2/1pr2pp1/3R4/2K3PP/5P2/8/8 w - - 9 52
72	104	4	0	0	0	0	Rd3	8/1p6/1pr1kpp1/1K1R4/6PP/5P2/8/8 w - - 11 53
72	106	4	0	0	0	0	Rd4	8/1p2k3/1pr2pp1/1K6/6PP/3R1P2/8/8 w - - 13 54
72	108	4	0	0	0	0	g5	8/1p2k3/1pr3p1/1K3p2/3R2PP/5P2/8/8 w - - 0 55
72	110	4	0	0	0	0	Rd5	8/1p2k3/1p2r1p1/1K3pP1/3R3P/5P2/8/8 w - - 1 56
72	112	4	0	0	0	0	Rd2	8/1p2k3/1pr3p1/1K1R1pP1/7P/5P2/8/8 w - - 3 57
72	114	4	0	0	4	0	Kxb6	8/1p2k3/1p4p1/1K3pP1/7P/2r2P2/3R4/8 w - - 5 58
72	116	4	323	0	0	0	Kxb7	8/1p2k3/1K4p1/5pP1/7P/5r2/3R4/8 w - - 0 59
72	118	4	428	-2	0	0	Rb2	8/1K2k3/6p1/6P1/5p1P/5r2/3R4/8 w - - 0 60
72	120	4	243	-405	-42	0	Kb8	8/1K2k3/6p1/6P1/5p1P/8/1R6/5r2 w - - 2 61
72	122	4	53	-678	-84	0	Rb7+	1K6/4k3/6p1/6P1/7P/5p2/1R6/5r2 w - - 0 62
72	124	4	-4	-760	-108	0	Rb6+	1K6/1R6/4k1p1/6P1/7P/5p2/8/5r2 w - - 2 63
72	126	4	40	-786	-262	0	h5	1K6/8/1R4p1/5kP1/7P/5p2/8/5r2 w - - 4 64
72	128	4	20	-867	-308	0	Rb5+	1K6/8/1R6/5kPp/8/5p2/8/5r2 w - - 0 65
72	130	4	-36	-919	-574	0	Rb6+	1K6/8/6k1/1R4Pp/8/5p2/8/5r2 w - - 2 66
72	132	4	100	-852	-557	0	Rb5+	1K6/8/1R6/6kp/8/5p2/8/5r2 w - - 0 67
72	134	4	-82	-939	-682	0	Rb4+	1K6/8/8/1R5p/6k1/5p2/8/5r2 w - - 2 68
72	136	4	-4	-958	-686	0	Rb3	1K6/8/8/7p/1R6/5pk1/8/5r2 w - - 4 69
72	138	4	-78	-1000	-734	0	Ra3	1K6/8/8/7p/8/1R3pk1/8/2r5 w - - 6 70
72	140	4	0	-1000	-757	0	Ra6	1K6/8/8/8/7p/R4pk1/8/2r5 w - - 0 71
72	142	4	0	-1000	-1514	1	Rg6+	1K6/8/R7/8/7p/6k1/5p2/2r5 w - - 0 72
72	144	4	0	-1000	-1623	1	Rf6	1K6/8/6R1/8/7p/8/5p1k/2r5 w - - 2 73
72	146	8	0	-1000	-1705	1	Rxf1	1K6/8/5R2/8/7p/8/7k/2r2q2 w - - 0 74
72	148	2	0	-1000	-1000	1	Kc7	1K6/8/8/8/7p/8/7k/5r2 w - - 0 75
72	150	2	0	-1000	-1000	1	Kc8	8/2K5/8/8/8/7p/7k/5r2 w - - 0 76
72	152	2	0	-1000	-1000	1	Kd7	2K5/8/8/8/8/6kp/8/5r2 w - - 2 77
72	154	2	0	-1000	-1000	1	Kd6	8/3K4/8/8/8/6k1/7p/5r2 w - - 0 78
72	156	6	0	-1000	-1000	1	Kc5	8/8/3K4/8/8/6k1/8/5r1q w - - 0 79
73	17	24	-5	-32	18	0	Rd8	r1b2rk1/ppppnppp/1bn2q2/8/4P3/2P1B3/PPN1BPPP/RN1Q1RK1 b - - 6 9
73	19	24	-9	24	35	0	Ne5	r1br2k1/ppppnppp/1bn2q2/8/4P3/2P1BB2/PPN2PPP/RN1Q1RK1 b - - 8 10
73	21	24	1	27	32	0	d5	r1br2k1/ppppnppp/1b3q2/4n3/4P3/2P1BB2/PPNN1PPP/R2Q1RK1 b - - 10 11
73	23	24	59	105	36	0	N5c6	r1br2k1/ppp1nppp/1b3q2/3pn3/4P3/2P1B3/PPNNBPPP/R2Q1RK1 b - - 1 12
73	25	24	19	47	66	0	dxe4	r1br2k1/ppp1nppp/1bn2q2/3p4/4P3/2P1BB2/PPNN1PPP/R2Q1RK1 b - - 3 13
73	27	24	2	21	65	0	Bf5	r1br2k1/ppp1nppp/1bn2q2/8/4B3/2P1B3/PPNN1PPP/R2Q1RK1 b - - 0 14
73	29	24	8	16	69	0	Qg6	r2r2k1/ppp1nppp/1bn2q2/5b2/4B3/2P1B3/PPNNQPPP/R4RK1 b - - 2 15
73	31	23	3	9	57	0	Nxf5	r2r2k1/ppp1nppp/1bn3q1/5B2/8/2P1B3/PPNNQPPP/R4RK1 b - - 0 16
73	33	22	8	23	96	0	Nh4	r2r2k1/ppp2ppp/1bn3q1/5n2/2N5/2P1B3/PPN1QPPP/R4RK1 b - - 1 17
73	35	22	-3	26	73	0	Bxe3	r2r2k1/ppp2ppp/1bn3q1/8/2N4n/2P1B1P1/PPN1QP1P/R4RK1 b - - 0 18
73	37	20	6	64	69	0	b5	r2r2k1/ppp2ppp/2n3q1/8/2N4n/2P1P1P1/PPN1Q2P/R4RK1 b - - 0 19
73	39	20	5	59	98	0	Ne5	r2r2k1/p1p2ppp/2n3q1/1p6/7n/N1P1P1P1/PPN1Q2P/R4RK1 b - - 1 20
73	41	20	-12	119	84	0	a6	r2r2k1/p1p2ppp/6q1/1p2n3/7n/N1P1P1P1/PPN1Q2P/3R1RK1 b - - 3 21
73	43	20	-32	274	97	0	Rxd1	r2r2k1/2p2ppp/p5q1/1p2n3/4P2n/N1P3P1/PPN1Q2P/3R1RK1 b - - 0 22
73	45	16	-49	359	104	0	Qg5	r5k1/2p2ppp/p5q1/1p2n3/4P2n/N1P3P1/PPN4P/3Q1RK1 b - - 0 23
73	47	16	-22	416	143	0	Rd8	r5k1/2p2ppp/p7/1p2n1q1/4P2n/N1P3P1/PPN1Q2P/5RK1 b - - 2 24
73	49	16	0	449	176	0	Nhf3+	3r2k1/2p2ppp/p7/1p2n1q1/4P2n/2P3P1/PPN1Q2P/1N3RK1 b - - 4 25
73	51	16	44	456	175	0	Rd6	3r2k1/2p2ppp/p7/1p2n1q1/4P3/2P2nP1/PPN1Q2P/1N3R1K b - - 6 26
73	53	16	-18	405	170	0	Nxe1	6k1/2p2ppp/p2r4/1p2n1q1/4P3/2P2nP1/PP2Q2P/1N2NR1K b - - 8 27
73	55	14	48	416	173	0	f6	6k1/2p2ppp/p2r4/1p2n1q1/4P3/2P3P1/PP5P/1N2QR1K b - - 0 28
73	57	14	-36	369	163	0	h5	6k1/2p3pp/p2r1p2/1p2n1q1/4P3/2P3P1/PP2Q2P/1N3R1K b - - 1 29
73	59	14	-13	560	188	0	Rxd1+	6k1/2p3p1/p2r1p2/1p2n1qp/4P3/2P3P1/PP2Q2P/1N1R3K b - - 1 30
73	61	10	-25	572	193	0	Qe3	6k1/2p3p1/p4p2/1p2n1qp/4P3/2P3P1/PP5P/1N1Q3K b - - 0 31
73	63	10	11	721	320	0	Qxe4+	6k1/2p3p1/p4p2/1p2n2p/4P3/2P1q1P1/PP4KP/1N1Q4 b - - 2 32
73	65	10	40	738	380	0	Ng4	6k1/2p3p1/p4p2/1p2n2p/4q3/2P3P1/PP5P/1N1Q2K1 b - - 1 33
73	67	10	23	708	454	0	Qf3	6k1/2p3p1/p4p2/1p5p/4q1n1/2P3P1/PP5P/1NQ3K1 b - - 3 34
73	69	10	0	687	427	0	Qe3+	6k1/2p3p1/p4p2/1p5p/6n1/2P2qP1/PP5P/1N3QK1 b - - 5 35
73	71	10	0	700	427	0	Qe4+	6k1/2p3p1/p4p2/1p5p/6n1/2P1q1P1/PP4KP/1N3Q2 b - - 7 36
73	73	10	-3	700	427	0	Qc2	6k1/2p3p1/p4p2/1p5p/4q1n1/2P3P1/PP5P/1N3QK1 b - - 9 37
73	75	10	14	703	411	0	Qxh2+	6k1/2p3p1/p4p2/1p5p/6n1/2P3P1/PPq4P/1N2Q1K1 b - - 11 38
73	77	10	54	696	427	0	Qc2	6k1/2p3p1/p4p2/1p5p/6n1/2P3P1/PP5q/1N2QK2 b - - 1 39
73	79	10	-35	620	418	0	Kf8	6k1/2p3p1/p4p2/1p5p/6n1/2P3P1/PPqN4/4QK2 b - - 3 40
73	81	10	0	681	433	0	Qxb2	5k2/2p3p1/p4p2/1p5p/6n1/2P2NP1/PPq5/4QK2 b - - 5 41
73	83	10	-8	696	431	0	Qxd2	5k2/2p3p1/p4p2/1p5p/6n1/2P2NP1/Pq1Q4/5K2 b - - 1 42
73	85	2	-5	701	430	0	Ke7	5k2/2p3p1/p4p2/1p5p/6n1/2P3P1/P2N4/5K2 b - - 0 43
73	87	2	-16	690	430	0	Kd6	8/2p1k1p1/p4p2/1p5p/6n1/2P3P1/P2NK3/8 b - - 2 44
73	89	2	-8	716	436	0	Kd5	8/2p3p1/p2k1p2/1p5p/6n1/2PK2P1/P2N4/8 b - - 4 45
73	91	2	-22	765	492	0	bxc4+	8/2p3p1/p4p2/1p1k3p/2P3n1/3K2P1/P2N4/8 b - - 0 46
73	93	2	93	829	488	0	Nf2+	8/2p3p1/p4p2/3k3p/2N3n1/3K2P1/P7/8 b - - 0 47
73	95	2	-113	887	511	0	Kxc4	8/2p3p1/p4p2/3k3p/2N5/6P1/P3Kn2/8 b - - 2 48
73	97	0	212	1000	1048	1	Kc3	8/2p3p1/p4p2/7p/2k5/6P1/P4K2/8 b - - 0 49
73	99	0	144	1000	1129	0	c5	8/2p3p1/p4p2/7p/8/2k2KP1/P7/8 b - - 2 50
73	101	0	-45	898	1163	0	c4	8/6p1/p4p2/2p4p/4K3/2k3P1/P7/8 b - - 1 51
73	103	0	0	1000	1217	0	Kb2	8/6p1/p4p2/5K1p/2p5/2k3P1/P7/8 b - - 1 52
73	105	0	0	1000	1285	0	c3	8/6p1/p4pK1/7p/2p5/6P1/Pk6/8 b - - 3 53
73	107	0	0	1000	1371	0	c2	8/6p1/p4p2/7K/8/2p3P1/Pk6/8 b - - 0 54
73	109	0	0	1000	1385	0	c1=Q	8/6p1/p4pK1/8/8/6P1/Pkp5/8 b - - 1 55
73	111	4	0	1000	1474	1	Qg5+	8/6K1/p4p2/8/8/6P1/Pk6/2q5 b - - 0 56
73	113	4	0	1000	1403	1	Kxa2	8/5K2/p4p2/6q1/8/6P1/Pk6/8 b - - 2 57
74	16	22	-3	35	45	0	a4	r2qk2r/pp1nppbp/2p3p1/2p5/2N1P1b1/3P1N2/PPP2PPP/R1BQ1RK1 w kq - 5 9
74	18	22	2	28	27	0	h3	r2q1rk1/pp1nppbp/2p3p1/2p5/P1N1P1b1/3P1N2/1PP2PPP/R1BQ1RK1 w - - 1 10
74	20	22	77	67	29	0	Bg5	r2q1rk1/pp1nppbp/2p1b1p1/2p5/P1N1P3/3P1N1P/1PP2PP1/R1BQ1RK1 w - - 1 11
74	22	22	30	40	62	0	Na5	r2q1rk1/pp2ppbp/1np1b1p1/2p3B1/P1N1P3/3P1N1P/1PP2PP1/R2Q1RK1 w - - 3 12
74	24	22	-7	45	74	0	Qc1	r4rk1/pp1qppbp/1np1b1p1/N1p3B1/P3P3/3P1N1P/1PP2PP1/R2Q1RK1 w - - 5 13
74	26	22	140	39	75	0	d4	r4rk1/pp1qppbp/1np1b1p1/N5B1/P1p1P3/3P1N1P/1PP2PP1/R1Q2RK1 w - - 0 14
74	28	22	50	62	91	0	Qe3	4rrk1/pp1qppbp/1np1b1p1/N5B1/P1pPP3/5N1P/1PP2PP1/R1Q2RK1 w - - 1 15
74	30	22	10	64	89	0	Bf4	4rrk1/pp1qp1bp/1np1bpp1/N5B1/P1pPP3/4QN1P/1PP2PP1/R4RK1 w - - 0 16
74	32	22	-13	64	88	0	Bg3	4rrk1/pp1qp1bp/1np1bp2/N5p1/P1pPPB2/4QN1P/1PP2PP1/R4RK1 w - - 0 17
74	34	22	3	96	86	0	h4	4rrk1/pp1qp1b1/1np1bp2/N5pp/P1pPP3/4QNBP/1PP2PP1/R4RK1 w - h6 0 18
74	36	22	-18	89	74	0	Nd2	4rrk1/pp1qp1b1/1np1bp2/N6p/P1pPP1pP/4QNB1/1PP2PP1/R4RK1 w - - 0 19
74	38	22	-1	114	66	0	c3	3r1rk1/pp1qp1b1/1np1bp2/N6p/P1pPP1pP/4Q1B1/1PPN1PP1/R4RK1 w - - 2 20
74	40	22	72	112	66	0	Bf4	3r1rk1/pp1qpbb1/1np2p2/N6p/P1pPP1pP/2P1Q1B1/1P1N1PP1/R4RK1 w - - 1 21
74	42	22	66	122	68	0	Qg3	4rrk1/pp1qpbb1/1np2p2/N6p/P1pPPBpP/2P1Q3/1P1N1PP1/R4RK1 w - - 3 22
74	44	22	7	63	72	0	dxe5	4rrk1/pp1q1bb1/1np2p2/N3p2p/P1pPPBpP/2P3Q1/1P1N1PP1/R4RK1 w - e6 0 23
74	46	22	26	57	66	0	Be3	4rrk1/pp1q1bb1/1np5/N3p2p/P1p1PBpP/2P3Q1/1P1N1PP1/R4RK1 w - - 0 24
74	48	22	-8	86	66	0	Bg5	3r1rk1/pp1q1bb1/1np5/N3p2p/P1p1P1pP/2P1B1Q1/1P1N1PP1/R4RK1 w - - 2 25
74	50	22	6	89	66	0	Rfd1	2r2rk1/pp1q1bb1/1np5/N3p1Bp/P1p1P1pP/2P3Q1/1P1N1PP1/R4RK1 w - - 4 26
74	52	22	58	94	68	0	Re1	2r2rk1/ppq2bb1/1np5/N3p1Bp/P1p1P1pP/2P3Q1/1P1N1PP1/R2R2K1 w - - 6 27
74	54	22	42	31	66	0	Kh1	2r2rk1/ppq3b1/1np1b3/N3p1Bp/P1p1P1pP/2P3Q1/1P1N1PP1/R3R1K1 w - - 8 28
74	56	22	3	45	78	0	f4	2r1r1k1/ppq3b1/1np1b3/N3p1Bp/P1p1P1pP/2P3Q1/1P1N1PP1/R3R2K w - - 10 29
74	58	22	7	25	98	0	Bxf4	2r1r1k1/ppq3b1/1np1b3/N5Bp/P1p1PppP/2P3Q1/1P1N2P1/R3R2K w - - 0 30
74	60	22	45	18	98	0	Bd6	2r1r1k1/pp3qb1/1np1b3/N6p/P1p1PBpP/2P3Q1/1P1N2P1/R3R2K w - - 1 31
74	62	22	68	123	85	0	e5	2r1r1k1/pp3qb1/1n1Bb3/N1p4p/P1p1P1pP/2P3Q1/1P1N2P1/R3R2K w - - 0 32
74	64	22	-7	31	86	0	Ne4	2r1r1k1/pp3qb1/1n1B4/N1pbP2p/P1p3pP/2P3Q1/1P1N2P1/R3R2K w - - 1 33
74	66	22	21	28	7	0	Ng5	2r1r1k1/pp4b1/1n1B4/N1pbPq1p/P1p1N1pP/2P3Q1/1P4P1/R3R2K w - - 3 34
74	68	22	29	22	0	0	Rac1	2r1r1k1/pp4b1/1n1B4/N1pbP1Np/P1p3pP/2P3Q1/1Pq3P1/R3R2K w - - 5 35
74	70	22	29	-8	-37	0	Rcd1	2r1r1k1/pp4b1/1n1B4/N1pbP1Np/P1p3pP/2P3Q1/1q4P1/2R1R2K w - - 0 36
74	72	22	-1	-34	0	0	Rc1	2r1r1k1/pp4b1/1n1B4/N1pbP1Np/P1p3pP/2P3Q1/2q3P1/3RR2K w - - 2 37
74	74	22	457	364	0	0	Ra1	2r1r1k1/pp4b1/1n1B4/N1pbP1Np/q1p3pP/2P3Q1/6P1/2R1R2K w - - 0 38
74	76	22	-40	495	112	0	Qf2	2r1r1k1/pp4b1/1n1B4/NqpbP1Np/2p3pP/2P3Q1/6P1/R3R2K w - - 2 39
74	78	22	-2	556	79	0	Qc2	2r1r1k1/pp1q2b1/1n1B4/N1pbP1Np/2p3pP/2P5/5QP1/R3R2K w - - 4 40
74	80	22	-5	565	57	0	e6	2r1rbk1/pp1q4/1n1B4/N1pbP1Np/2p3pP/2P5/2Q3P1/R3R2K w - - 6 41
74	82	22	3	572	66	0	Be5	2r1rbk1/pp4q1/1n1BP3/N1pb2Np/2p3pP/2P5/2Q3P1/R3R2K w - - 1 42
74	84	22	274	575	65	0	Bf4	2r1rbk1/pp6/1n2P2q/N1pbB1Np/2p3pP/2P5/2Q3P1/R3R2K w - - 3 43
74	86	22	-45	371	35	0	Re5	2r1r1k1/pp2b3/1n2P2q/N1pb2Np/2p2BpP/2P5/2Q3P1/R3R2K w - - 5 44
74	88	22	-69	598	132	0	Rf1	2rr2k1/pp2b3/1n2P2q/N1pbR1Np/2p2BpP/2P5/2Q3P1/R6K w - - 7 45
74	90	22	723	761	111	0	Qd2	2r2rk1/pp2b3/1n2P2q/N1pbR1Np/2p2BpP/2P5/2Q3P1/5R1K w - - 9 46
74	92	22	-76	684	238	0	Nf7	2r2rk1/pp2b3/1nb1P2q/N1p1R1Np/2p2BpP/2P5/3Q2P1/5R1K w - - 11 47
74	94	22	11	751	219	0	Qe2	2r2rk1/pp2bNq1/1nb1P3/N1p1R2p/2p2BpP/2P5/3Q2P1/5R1K w - - 13 48
74	96	22	-42	766	383	0	Bg5	2r2rk1/pp2bN2/1nb1P1q1/N1p1R2p/2p2BpP/2P5/4Q1P1/5R1K w - - 15 49
74	98	22	0	1000	590	0	Bxd8	2rb1rk1/pp3N2/1nb1P1q1/N1p1R1Bp/2p3pP/2P5/4Q1P1/5R1K w - - 17 50
74	100	20	0	1000	641	0	Nxd8	2rr2k1/pp3N2/1nb1P1q1/N1p1R2p/2p3pP/2P5/4Q1P1/5R1K w - - 0 51
74	102	17	0	1000	904	1	e7	3r2k1/pp6/1nb1P1q1/N1p1R2p/2p3pP/2P5/4Q1P1/5R1K w - - 0 52
74	104	17	0	1000	1184	1	Nxc6	2r3k1/pp2P3/1nb3q1/N1p1R2p/2p3pP/2P5/4Q1P1/5R1K w - - 1 53
74	106	16	0	1000	1402	1	Nd8	2r5/pp2P2k/1nN3q1/2p1R2p/2p3pP/2P5/4Q1P1/5R1K w - - 1 54
74	108	16	0	1000	1000	1	e8=Q	3N4/pp2P2k/1nr3q1/2p1R2p/2p3pP/2P5/4Q1P1/5R1K w - - 3 55
74	110	16	0	1000	1000	1	Rxe8	3Nq3/pp5k/1nr5/2p1R2p/2p3pP/2P5/4Q1P1/5R1K w - - 0 56
74	112	12	0	1000	1000	1	Qe4+	3NR3/ppr4k/1n6/2p4p/2p3pP/2P5/4Q1P1/5R1K w - - 1 57
74	114	12	0	1000	1000	1	Ne6+	3NR3/ppr3k1/1n6/2p4p/2p1Q1pP/2P5/6P1/5R1K w - - 3 58
74	116	12	0	1000	1000	1	Rf6#	4R3/ppr5/1n2N2k/2p4p/2p1Q1pP/2P5/6P1/5R1K w - - 5 59
75	17	22	15	-29	-29	0	Be6	r2qk2r/pp1nppbp/2p3p1/2p5/2N1P1b1/3P1N1P/PPP2PP1/R1BQ1RK1 b kq - 0 9
75	19	22	-6	-6	-28	0	Bxc4	r2qk2r/pp1nppbp/2p1b1p1/2p5/2N1PB2/3P1N1P/PPP2PP1/R2Q1RK1 b kq - 2 10
75	21	20	5	4	-31	0	e5	r2qk2r/pp1nppbp/2p3p1/2p5/2P1PB2/5N1P/PPP2PP1/R2Q1RK1 b kq - 0 11
75	23	20	4	-8	-34	0	Qc7	r2qk2r/pp1n1pbp/2p3p1/2p1p3/2P1P3/5NBP/PPP2PP1/R2Q1RK1 b kq - 1 12
75	25	20	7	3	-33	0	O-O-O	r3k2r/ppqn1pbp/2p3p1/2p1p3/2P1P3/5NBP/PPPQ1PP1/R4RK1 b kq - 3 13
75	27	20	1	-3	-32	0	Rhe8	2kr3r/ppqn1pbp/2p3p1/2p1p3/2P1P3/5NBP/PPPQ1PP1/3R1RK1 b - - 5 14
75	29	20	23	-1	-33	0	h6	2krr3/ppqn1pbp/2p3p1/2p1p3/2P1P3/2Q2NBP/PPP2PP1/3R1RK1 b - - 7 15
75	31	20	31	-31	-22	0	Bf6	2krr3/ppqn1pb1/2p3pp/2p1p3/2P1P3/2Q2NBP/PPPR1PP1/5RK1 b - - 1 16
75	33	20	0	-61	-35	0	a5	2krr3/ppqn1p2/2p2bpp/2p1p3/2P1P3/2Q2NBP/PPPR1PP1/3R2K1 b - - 3 17
75	35	20	0	-54	-35	0	b6	2krr3/1pqn1p2/2p2bpp/p1p1p3/2P1P3/1PQ2NBP/P1PR1PP1/3R2K1 b - - 0 18
75	37	20	39	-35	-41	0	Be7	2krr3/2qn1p2/1ppR1bpp/p1p1p3/2P1P3/1PQ2NBP/P1P2PP1/3R2K1 b - - 1 19
75	39	20	-3	-70	-52	0	Bf6	2krr3/2qnbp2/1pp3pp/p1p1p3/2P1P3/1PQR1NBP/P1P2PP1/3R2K1 b - - 3 20
75	41	20	82	-71	-44	0	g5	2krr3/2qn1p2/1pp2bpp/p1p1p3/2P1P3/1P1R1NBP/P1PQ1PP1/3R2K1 b - - 5 21
75	43	20	53	-88	-48	0	Be7	2krr3/2qn1p2/1pp2b1p/p1p1p1p1/2P1P3/PP1R1NBP/2PQ1PP1/3R2K1 b - - 0 22
75	45	20	84	-35	-20	0	Rf8	2krr3/2qnbp2/1pp4p/p1p1p1p1/2P1P3/PP1R1N1P/2PQ1PPB/3R2K1 b - - 2 23
75	47	20	-6	-9	-21	0	Rg8	2kr1r2/2qnbp2/1pp4p/p1p1p1p1/2P1P1P1/PP1R1N1P/2PQ1P1B/3R2K1 b - g3 0 24
75	49	20	5	0	-27	0	f6	2kr2r1/2qnbp2/1pp4p/p1p1p1p1/2P1P1P1/PPQR1N1P/2P2P1B/3R2K1 b - - 2 25
75	51	20	1	0	-23	0	Qa7	2kr2r1/2qnb3/1pp2p1p/p1p1p1p1/2P1P1P1/PPQR1NBP/2P2P2/3R2K1 b - - 1 26
75	53	20	27	0	-10	0	a4	2kr2r1/q2nb3/1pp2p1p/p1p1p1p1/2P1P1PP/PPQR1NB1/2P2P2/3R2K1 b - - 0 27
75	55	20	-5	-5	-11	0	hxg5	2kr2r1/q2nb3/1pp2p1p/2p1p1P1/p1P1P1P1/PPQR1NB1/2P2P2/3R2K1 b - - 0 28
75	57	20	0	0	0	0	Qxa4	2kr2r1/q2nb3/1pp2p2/2p1p1p1/P1P1P1P1/P1QR1NB1/2P2P2/3R2K1 b - - 0 29
75	59	20	1	0	0	0	Kb8	2kr2r1/3nb3/1pp2p2/2p1p1p1/q1P1P1P1/P1QR1NB1/2P2P2/4R1K1 b - - 1 30
75	61	20	0	0	6	0	Qa7	1k1r2r1/3nb3/1pp2p2/2p1p1p1/q1P1P1P1/P2R1NB1/2PQ1P2/4R1K1 b - - 3 31
75	63	20	-11	13	0	0	Kc8	1k1r2r1/q2nb3/1pp2p2/2p1p1p1/2P1P1P1/P2R1NB1/2PQ1P2/3R2K1 b - - 5 32
75	65	20	66	46	15	0	Rg6	2kr2r1/q2nb3/1pp2p2/2p1p1p1/2P1P1P1/P2R1NB1/2P1QP2/3R2K1 b - - 7 33
75	67	20	10	44	9	0	Rh6+	2kr4/q2nb3/1pp2pr1/2p1p1p1/2P1P1P1/P2R1NB1/2P1QP1K/3R4 b - - 9 34
75	69	20	26	32	0	0	Rh7	2kr4/q2nb3/1pp2p1r/2p1p1p1/2P1P1P1/P2R1NB1/2P1QPK1/3R4 b - - 11 35
75	71	20	35	16	3	0	Rf7	2kr4/q2nb2r/1pp2p2/2p1p1p1/2P1P1P1/P2R1NB1/2PQ1PK1/3R4 b - - 13 36
75	73	20	9	19	0	0	Qc7	2kr4/q2nbr2/1pp2p2/2p1p1p1/2P1P1P1/P2R1NB1/2PQ1P2/3R2K1 b - - 15 37
75	75	20	21	44	1	0	Rg7	2kr4/2qnbr2/1pp2p2/2p1p1p1/2P1P1P1/P2R1N2/2PQ1P1B/3R2K1 b - - 17 38
75	77	20	6	34	0	0	Rg6	2kr4/2qnb1r1/1pp2p2/2p1p1p1/2P1P1P1/P2R1NB1/2PQ1P2/3R2K1 b - - 19 39
75	79	20	62	41	27	0	Rh8	2kr4/2qnb3/1pp2pr1/2p1p1p1/2P1P1P1/P3RNB1/2PQ1P2/3R2K1 b - - 21 40
75	81	20	8	37	30	0	Nf8	2k4r/2qnb3/1pp2pr1/2p1p1p1/2P1P1P1/P4NB1/2PQ1P2/3RR1K1 b - - 23 41
75	83	20	0	91	42	0	Ne6	2k2n1r/2q1b3/1pp2pr1/2p1p1p1/2P1P1P1/P1Q2NB1/2P2P2/3RR1K1 b - - 25 42
75	85	20	49	95	55	0	Nf4	2k4r/2q1b3/1pp1npr1/2p1p1p1/2P1P1P1/PQ3NB1/2P2P2/3RR1K1 b - - 27 43
75	87	20	54	56	60	0	Rh3	2k4r/2q1b3/1pp2pr1/2p1p1p1/P1P1PnP1/1Q3NB1/2P2P2/3RR1K1 b - - 0 44
75	89	20	-7	55	69	0	Bd8	2k5/2q1b3/1pp2pr1/2p1p1p1/P1P1PnP1/1Q3NBr/2P2P2/1R2R1K1 b - - 2 45
75	91	20	27	54	81	0	Qe7	2kb4/2q5/1pp2pr1/2p1p1p1/P1P1PnP1/1Q3NBr/2P2P2/3RR1K1 b - - 4 46
75	93	20	255	47	71	0	Bc7	2kb4/4q3/1pp2pr1/2p1p1p1/P1P1PnP1/1Q4Br/2P2P1N/3RR1K1 b - - 6 47
75	95	20	178	178	73	0	Qe6	2k5/2b1q3/1pp2pr1/2p1p1p1/P1P1PnP1/1Q2R1Br/2P2P1N/3R2K1 b - - 8 48
75	97	19	0	0	20	0	Rxh2	2k5/2b5/1pp1qpr1/2p1p1p1/P1P1PBP1/1Q2R2r/2P2P1N/3R2K1 b - - 0 49
75	99	16	0	0	1	0	Qxg4	2k5/2b5/1pp1qpr1/2p1p1p1/P1P1PBP1/1Q2R3/2P2P1K/3R4 b - - 0 50
75	101	16	0	0	0	0	Qh4+	2k5/2b5/1pp2pr1/2p1p1p1/P1P1PBq1/1Q2R3/2P2P1K/6R1 b - - 1 51
75	103	16	0	0	0	0	Qxf2+	2k5/2b5/1pp2pr1/2p1p1p1/P1P1PB1q/1Q5R/2P2P1K/6R1 b - - 3 52
75	105	16	68	0	0	0	Qxf4	2k5/2b5/1pp2pr1/2p1p1p1/P1P1PB2/1Q5R/2P2q2/6RK b - - 1 53
75	107	15	-13	-91	0	0	g4	2k5/2b5/1pp2pr1/2p1p1p1/P1P1Pq2/3Q3R/2P5/6RK b - - 1 54
75	109	15	103	0	0	0	Qg5	2k5/2b5/1pp2pr1/2p1p3/P1P1Pqp1/3Q3R/2P5/5R1K b - - 1 55
75	111	15	108	0	0	0	Qc1+	2k5/2b5/1pp2pr1/2p1pRq1/P1P1P1p1/3Q3R/2P5/7K b - - 3 56
75	113	15	-19	-103	0	0	Qg5	2k5/2b5/1pp2pr1/2p1p3/P1P1P1p1/3Q3R/2P5/2q2R1K b - - 5 57
75	115	15	99	0	0	0	Qc1+	2k5/2b5/1pp2pr1/2p1pRq1/P1P1P1p1/3Q3R/2P5/7K b - - 7 58
75	117	15	0	-98	0	0	Qg5	2k5/2b5/1pp2pr1/2p1p3/P1P1P1p1/3Q3R/2P5/2q2R1K b - - 9 59
76	16	24	13	4	85	0	Bd3	1rbqkb1r/2pn1ppp/p3pn2/1p4B1/2BPP3/5N2/PPQ2PPP/RN2K2R w KQk b6 0 9
76	18	24	64	21	79	0	Bd2	1rbqkb1r/2pn1pp1/p3pn1p/1p4B1/3PP3/3B1N2/PPQ2PPP/RN2K2R w KQk - 0 10
76	20	24	199	63	47	0	O-O	1r1qkb1r/1bpn1pp1/p3pn1p/1p6/3PP3/3B1N2/PPQB1PPP/RN2K2R w KQk - 2 11
76	22	24	57	-152	-21	0	Bf4	1r1qkb1r/1b1n1pp1/p3pn1p/1pp5/3PP3/3B1N2/PPQB1PPP/RN3RK1 w k c6 0 12
76	24	24	93	-71	2	0	d5	2rqkb1r/1b1n1pp1/p3pn1p/1pp5/3PPB2/3B1N2/PPQ2PPP/RN3RK1 w k - 2 13
76	26	24	23	-131	-20	0	Be2	2rqkb1r/1b1n1pp1/p3pn1p/1p1P4/2p1PB2/3B1N2/PPQ2PPP/RN3RK1 w k - 0 14
76	28	24	8	-156	-28	0	e5	2rqkb1r/1b1n1pp1/p4n1p/1p1p4/2p1PB2/5N2/PPQ1BPPP/RN3RK1 w k - 0 15
76	30	24	-2	-163	-21	0	Nc3	2rqkb1r/1b1n1pp1/p6p/1p1pP3/2p1nB2/5N2/PPQ1BPPP/RN3RK1 w k - 1 16
76	32	24	95	-33	-32	0	Bg3	2rqkb1r/1b1n1p2/p6p/1p1pP1p1/2p1nB2/2N2N2/PPQ1BPPP/R4RK1 w k g6 0 17
76	34	23	-4	-136	14	0	hxg3	2rqkb1r/1b1n1p2/p6p/1p1pP1p1/2p5/2N2Nn1/PPQ1BPPP/R4RK1 w k - 0 18
76	36	22	158	-139	37	0	e6	2rqkb1r/1b1n1p2/p6p/3pP1p1/1pp5/2N2NP1/PPQ1BPP1/R4RK1 w k - 0 19
76	38	22	25	-304	4	0	Qg6+	2rqkb1r/1b1n4/p3p2p/3p2p1/1pp5/2N2NP1/PPQ1BPP1/R4RK1 w k - 0 20
76	40	22	-19	-352	15	0	Nd1	2rq1b1r/1b1nk3/p3p1Qp/3p2p1/1pp5/2N2NP1/PP2BPP1/R4RK1 w - - 2 21
76	42	22	14	-332	-28	0	Qc2	2r1qb1r/1b1nk3/p3p1Qp/3p2p1/1pp5/5NP1/PP2BPP1/R2N1RK1 w - - 4 22
76	44	22	209	-223	-30	0	a3	2r1qb1r/1b1n1k2/p3p2p/3p2p1/1pp5/5NP1/PPQ1BPP1/R2N1RK1 w - - 6 23
76	46	22	17	-247	0	0	bxa3	2r1qb1r/1b1n1k2/p3p2p/3p2p1/2p5/p4NP1/1PQ1BPP1/R2N1RK1 w - - 0 24
76	48	22	-17	-280	-36	0	Rb1	2r1qbkr/1b1n4/p3p2p/3p2p1/2p5/P4NP1/2Q1BPP1/R2N1RK1 w - - 1 25
76	50	22	62	-229	-27	0	Bd3	4qbkr/1brn4/p3p2p/3p2p1/2p5/P4NP1/2Q1BPP1/1R1N1RK1 w - - 3 26
76	52	22	30	-295	-50	0	Ne3	5bkr/1brnq3/p3p2p/3p2p1/2p5/P2B1NP1/2Q2PP1/1R1N1RK1 w - - 5 27
76	54	22	205	19	-46	0	Bg6	5bkr/1brn4/p3p2p/3p2p1/2p5/q2BNNP1/2Q2PP1/1R3RK1 w - - 0 28
76	56	22	67	-200	-34	0	Nf5	6kr/1brn2b1/p3p1Bp/3p2p1/2p5/q3NNP1/2Q2PP1/1R3RK1 w - - 2 29
76	58	22	2	-162	-57	0	N5d4	6kr/1brn4/p3p1Bp/3p1Np1/2p5/q1b2NP1/2Q2PP1/1R3RK1 w - - 4 30
76	60	21	-8	-129	-43	0	Nxd4	6kr/1brn4/p3p1Bp/3p2p1/2pb4/q4NP1/2Q2PP1/1R3RK1 w - - 0 31
76	62	20	105	-29	-61	0	Qc3	6kr/1brn4/p2qp1Bp/3p2p1/2pN4/6P1/2Q2PP1/1R3RK1 w - - 1 32
76	64	20	-2	-156	-90	0	Nf5	6kr/1brn4/p2q2Bp/3pp1p1/2pN4/2Q3P1/5PP1/1R3RK1 w - - 0 33
76	66	20	11	11	-90	0	Qa5	6kr/1brn4/p4qBp/3ppNp1/2p5/2Q3P1/5PP1/1R3RK1 w - - 2 34
76	68	20	0	0	-124	0	Qa3	6kr/1b1n4/p4qBp/Q1rppNp1/2p5/6P1/5PP1/1R3RK1 w - - 4 35
76	70	20	50	83	-108	0	g4	6kr/1b1n4/p4qBp/1r1ppNp1/2p5/Q5P1/5PP1/1R3RK1 w - - 6 36
76	72	20	27	11	-137	0	Rbc1	6kr/1b1n4/p4qBp/1r2pNp1/2pp2P1/Q7/5PP1/1R3RK1 w - - 0 37
76	74	20	246	0	-137	0	Ne7+	6kr/1b1n4/p4qBp/1r2pNp1/3p2P1/Q1p5/5PP1/2R2RK1 w - - 0 38
76	76	20	0	-252	-126	0	Bd3	7r/1b1nN1k1/p4qBp/1r2p1p1/3p2P1/Q1p5/5PP1/2R2RK1 w - - 2 39
76	78	20	13	-259	-127	0	Nf5+	7r/1b1nN1k1/p4q1p/2r1p1p1/3p2P1/Q1pB4/5PP1/2R2RK1 w - - 4 40
76	80	20	5	-269	-149	0	Rfe1	7r/1b1n1k2/p4q1p/2r1pNp1/3p2P1/Q1pB4/5PP1/2R2RK1 w - - 6 41
76	82	20	4	-265	-154	0	Bc2	3r4/1b1n1k2/p4q1p/2r1pNp1/3p2P1/Q1pB4/5PP1/2R1R1K1 w - - 8 42
76	84	20	124	-256	-147	0	Ba4	3r2k1/1b1n4/p4q1p/2r1pNp1/3p2P1/Q1p5/2B2PP1/2R1R1K1 w - - 10 43
76	86	20	45	-381	-188	0	Bb3+	3r2k1/1brn4/p4q1p/4pNp1/B2p2P1/Q1p5/5PP1/2R1R1K1 w - - 12 44
76	88	20	15	-405	-211	0	f3	3r3k/1brn4/p4q1p/4pNp1/3p2P1/QBp5/5PP1/2R1R1K1 w - - 14 45
76	90	20	-8	-430	-244	0	Re3	3r3k/1brn4/p4q1p/4pNp1/6P1/QBpp1P2/6P1/2R1R1K1 w - - 0 46
76	92	20	-44	-163	-414	0	Rxc3	3r3k/1br5/p4q1p/2n1pNp1/6P1/QBppRP2/6P1/2R3K1 w - - 2 47
76	94	19	387	-126	-419	0	Rexd3	3r3k/1br5/p4q1p/4pNp1/6P1/QnRpRP2/6P1/6K1 w - - 0 48
76	96	19	7	-421	-360	0	Kh2	3r3k/1br5/pq5p/4pNp1/6P1/QnRR1P2/6P1/6K1 w - - 1 49
76	98	19	17	-428	-351	0	Rxc7	3r3k/1br5/pq5p/4pNp1/3n2P1/Q1RR1P2/6PK/8 w - - 3 50
76	100	15	10	-455	-375	0	Rc3	3r3k/1bq5/p6p/4pNp1/3n2P1/Q2R1P2/6PK/8 w - - 0 51
76	102	15	28	-456	-366	0	Rd3	3r3k/1b1q4/p6p/4pNp1/3n2P1/Q1R2P2/6PK/8 w - - 2 52
76	104	15	0	0	-115	0	Qc5	3r3k/1b5q/p6p/4pNp1/3n2P1/Q2R1P2/6PK/8 w - - 4 53
76	106	15	0	0	-115	0	Rxd4	4r2k/1b5q/p6p/2Q1pNp1/3n2P1/3R1P2/6PK/8 w - - 6 54
76	108	12	0	0	-4	0	Qxd4+	4r2k/1b5q/p6p/2Q2Np1/3p2P1/5P2/6PK/8 w - - 0 55
76	110	12	0	0	0	0	Qc4+	4r1k1/1b5q/p6p/5Np1/3Q2P1/5P2/6PK/8 w - - 1 56
76	112	12	0	0	0	0	Qc5+	4rk2/1b5q/p6p/5Np1/2Q3P1/5P2/6PK/8 w - - 3 57
76	114	12	0	0	0	0	Qc4+	4r1k1/1b5q/p6p/2Q2Np1/6P1/5P2/6PK/8 w - - 5 58
76	116	12	0	0	0	0	Qd4+	4r2k/1b5q/p6p/5Np1/2Q3P1/5P2/6PK/8 w - - 7 59
76	118	12	0	0	0	0	Qc4+	4r1k1/1b5q/p6p/5Np1/3Q2P1/5P2/6PK/8 w - - 9 60
77	16	22	16	8	14	0	O-O	r1bqk2r/ppp2ppp/2nb4/4p3/4B3/P4N2/1PPP1PPP/R1BQK2R w KQkq - 1 9
77	18	22	26	-3	21	0	c3	r1bq1rk1/ppp2ppp/2nb4/4p3/4B3/P4N2/1PPP1PPP/R1BQ1RK1 w - - 3 10
77	20	22	10	-9	17	0	h3	r2q1rk1/ppp2ppp/2nb4/4p3/4B1b1/P1P2N2/1P1P1PPP/R1BQ1RK1 w - - 1 11
77	22	22	113	-29	22	0	d3	r2q1rk1/ppp2ppp/2nb4/4p2b/4B3/P1P2N1P/1P1P1PP1/R1BQ1RK1 w - - 1 12
77	24	22	1	25	35	0	Qb3	r2q1rk1/ppp2ppp/2nb2b1/4p3/4B3/P1PP1N1P/1P3PP1/R1BQ1RK1 w - - 1 13
77	26	22	-2	32	31	0	Qd5	r2q1rk1/ppp2ppp/3b2b1/n3p3/4B3/PQPP1N1P/1P3PP1/R1B2RK1 w - - 3 14
77	28	22	3	31	35	0	Qa2	r2q1rk1/pp3ppp/2pb2b1/n2Qp3/4B3/P1PP1N1P/1P3PP1/R1B2RK1 w - - 0 15
77	30	21	9	34	37	0	dxe4	r2q1rk1/pp3ppp/2pb4/n3p3/4b3/P1PP1N1P/QP3PP1/R1B2RK1 w - - 0 16
77	32	20	11	28	44	0	Bg5	r2q1rk1/p4ppp/2pb4/np2p3/4P3/P1P2N1P/QP3PP1/R1B2RK1 w - b6 0 17
77	34	20	-7	19	33	0	a4	r4rk1/p1q2ppp/2pb4/np2p1B1/4P3/P1P2N1P/QP3PP1/R4RK1 w - - 2 18
77	36	20	-1	20	36	0	cxb4	r4rk1/p1q2ppp/2pb4/n3p1B1/Pp2P3/2P2N1P/QP3PP1/R4RK1 w - - 0 19
77	38	20	16	25	38	0	Rac1	r4rk1/p1q2ppp/2p5/n3p1B1/Pb2P3/5N1P/QP3PP1/R4RK1 w - - 0 20
77	40	20	5	12	31	0	Be3	r4rk1/p1q2pp1/2p4p/n3p1B1/Pb2P3/5N1P/QP3PP1/2R2RK1 w - - 0 21
77	42	20	10	16	37	0	b3	r3r1k1/p1q2pp1/2p4p/n3p3/Pb2P3/4BN1P/QP3PP1/2R2RK1 w - - 2 22
77	44	20	-2	7	32	0	Rfd1	1r2r1k1/p1q2pp1/2p4p/n3p3/Pb2P3/1P2BN1P/Q4PP1/2R2RK1 w - - 1 23
77	46	20	-3	21	28	0	Qc2	1r2r1k1/p1q3p1/2p2p1p/n3p3/Pb2P3/1P2BN1P/Q4PP1/2RR2K1 w - - 0 24
77	48	20	-2	22	21	0	Rb1	1r2r1k1/p4qp1/2p2p1p/n3p3/Pb2P3/1P2BN1P/2Q2PP1/2RR2K1 w - - 2 25
77	50	20	32	54	51	0	Rd3	2r1r1k1/p4qp1/2p2p1p/n3p3/Pb2P3/1P2BN1P/2Q2PP1/1R1R2K1 w - - 4 26
77	52	20	13	16	4	0	Rbd1	2r1r1k1/p4qp1/5p1p/n1p1p3/Pb2P3/1P1RBN1P/2Q2PP1/1R4K1 w - - 0 27
77	54	20	-2	-2	0	0	bxc4	2r1r1k1/p4qp1/5p1p/n3p3/Pbp1P3/1P1RBN1P/2Q2PP1/3R2K1 w - - 0 28
77	56	20	30	25	0	0	Rd7	2r1r1k1/p4qp1/5p1p/4p3/Pbn1P3/3RBN1P/2Q2PP1/3R2K1 w - - 0 29
77	58	19	-3	-4	-11	0	Qb1	2r1r1k1/p2R1qp1/5p1p/4p3/Pb2P3/4nN1P/2Q2PP1/3R2K1 w - - 0 30
77	60	19	2	0	-14	0	fxe3	2r1r1k1/p2R2p1/5p1p/4p3/Pbq1P3/4nN1P/5PP1/1Q1R2K1 w - - 2 31
77	62	18	14	18	-15	0	Kh2	2r1r1k1/p2R2p1/5p1p/2b1p3/P1q1P3/4PN1P/6P1/1Q1R2K1 w - - 1 32
77	64	18	-7	268	0	0	Nh4	2r1r1k1/p2R2p1/1b3p1p/4p3/P1q1P3/4PN1P/6PK/1Q1R4 w - - 3 33
77	66	18	-111	387	0	0	Nf5	2r1r1k1/p2R2p1/1b3p1p/4p3/q3P2N/4P2P/6PK/1Q1R4 w - - 0 34
77	68	18	13	486	56	0	Rxg7	2r1r2k/p2R2p1/1b3p1p/4pN2/q3P3/4P2P/6PK/1Q1R4 w - - 2 35
77	70	18	-98	653	475	0	Qb7	2r1r2k/p5R1/5p1p/4pN2/q3P3/4b2P/6PK/1Q1R4 w - - 0 36
77	72	18	-14	755	576	0	Ng3	2r1r2k/pQ4R1/5p1p/4pN2/q3Pb2/7P/6PK/3R4 w - - 2 37
77	74	17	-16	761	592	0	Rxg3	2r1r2k/pQ4R1/5p1p/4p3/q3P3/6bP/6PK/3R4 w - - 0 38
77	76	16	-3	793	597	0	Rd7	2r3rk/pQ6/5p1p/4p3/q3P3/6RP/6PK/3R4 w - - 1 39
77	78	14	-1	810	614	0	Qxd7	2r3rk/pQ1q4/5p1p/4p3/4P3/6RP/6PK/8 w - - 0 40
77	80	8	68	802	689	0	Kxg3	2r4k/p2Q4/5p1p/4p3/4P3/6rP/6PK/8 w - - 0 41
77	82	6	57	783	702	0	Kf3	6rk/p2Q4/5p1p/4p3/4P3/6KP/6P1/8 w - - 1 42
77	84	6	-5	839	771	0	Kg4	5r1k/p2Q4/5p1p/4p3/4P3/5K1P/6P1/8 w - - 3 43
77	86	6	30	856	792	0	Qxa7	5rk1/p2Q4/5p1p/4p3/4P1K1/7P/6P1/8 w - - 5 44
77	88	6	-59	857	849	0	Qa2	6k1/Q4r2/5p1p/4p3/4P1K1/7P/6P1/8 w - - 1 45
77	90	6	-54	848	867	0	Qe6	8/5rk1/5p1p/4p3/4P1K1/7P/Q5P1/8 w - - 3 46
77	92	6	0	1000	878	0	Kh5	5r2/6k1/4Qp1p/4p3/4P1K1/7P/6P1/8 w - - 5 47
77	94	6	0	1000	963	0	Qe8	8/5rk1/4Qp1p/4p2K/4P3/7P/6P1/8 w - - 7 48
77	96	6	0	1000	870	0	Qxe5+	4Q3/5rk1/7p/4pp1K/4P3/7P/6P1/8 w - - 0 49
77	98	6	0	1000	2324	0	exf5	8/6k1/5r1p/4Qp1K/4P3/7P/6P1/8 w - - 1 50
77	100	6	0	1000	1000	0	g4	8/5k2/5r1p/4QP1K/8/7P/6P1/8 w - - 1 51
77	102	6	0	1000	1000	1	Qc7+	8/5k2/r6p/4QP1K/6P1/7P/8/8 w - - 1 52
77	104	6	0	1000	1000	1	Qc8+	5k2/2Q5/r6p/5P1K/6P1/7P/8/8 w - - 3 53
77	106	6	0	1000	1000	1	Qxa6	2Q5/5k2/r6p/5P1K/6P1/7P/8/8 w - - 5 54
77	108	4	0	1000	1000	1	f6+	8/4k3/Q6p/5P1K/6P1/7P/8/8 w - - 1 55
77	110	4	0	1000	1000	1	Qb6	8/3k4/Q4P1p/7K/6P1/7P/8/8 w - - 1 56
77	112	4	0	1000	1000	1	Qa7	2k5/8/1Q3P1p/7K/6P1/7P/8/8 w - - 3 57
78	17	24	51	6	-58	0	Bb7	1rbqkb1r/2pn1ppp/p3pn2/1p4B1/3PP3/3B1N2/PPQ2PPP/RN2K2R b KQk - 1 9
78	19	24	-1	2	-28	0	c5	1r1qkb1r/1bpn1ppp/p3pn2/1p4B1/3PP3/3B1N2/PPQ2PPP/RN3RK1 b k - 3 10
78	21	24	12	48	2	0	Bxf3	1r1qkb1r/1b1n1ppp/p3pn2/1pp1P1B1/3P4/3B1N2/PPQ2PPP/RN3RK1 b k - 0 11
78	23	22	-1	46	42	0	h6	1r1qkb1r/3n1ppp/p3pn2/1pp1P1B1/3P4/3B1P2/PPQ2P1P/RN3RK1 b k - 0 12
78	25	22	-8	48	42	0	g5	1r1qkb1r/3n1pp1/p3pn1p/1pp1P3/3P3B/3B1P2/PPQ2P1P/RN3RK1 b k - 1 13
78	27	22	4	58	34	0	Nh5	1r1qkb1r/3n1p2/p3pn1p/1pp1P1p1/3P4/3B1PB1/PPQ2P1P/RN3RK1 b k - 1 14
78	29	22	2	43	38	0	Bxc5	1r1qkb1r/3n1p2/p3p2p/1pP1P1pn/8/3B1PB1/PPQ2P1P/RN3RK1 b k - 0 15
78	31	22	13	115	44	0	Qc7	1r1qk2r/3n1p2/p3p2p/1pb1P1pn/4B3/5PB1/PPQ2P1P/RN3RK1 b k - 1 16
78	33	22	5	99	55	0	Nxg3	1r2k2r/2qn1p2/p3p2p/1pb1P1pn/4B3/5PB1/PPQN1P1P/R4RK1 b k - 3 17
78	35	20	2	98	55	0	Qxe5	1r2k2r/2qn1p2/p3p2p/1pb1P1p1/4B3/5PP1/PPQN1P2/R4RK1 b k - 0 18
78	37	20	152	90	72	0	f5	1r2k2r/3n1p2/p3p2p/1pb1q1p1/4B3/5PP1/PPQN1PK1/R4R2 b k - 1 19
78	39	20	-5	-38	67	0	Rc8	1r2k2r/3n4/p1B1p2p/1pb1qpp1/8/5PP1/PPQN1PK1/R4R2 b k - 1 20
78	41	19	0	0	82	0	Kxd7	2r1k2r/3B4/p3p2p/1pb1qpp1/8/5PP1/PPQN1PK1/R4R2 b k - 0 21
78	43	18	57	5	62	0	Bd6	2r4r/3k4/p3p2p/1pb1qpp1/8/5PP1/PPQN1PK1/3R1R2 b - - 1 22
78	45	18	23	-11	60	0	Rhf8	2r4r/3k4/p2bp2p/1p2qpp1/8/1Q3PP1/PP1N1PK1/3R1R2 b - - 3 23
78	47	18	0	-21	91	0	Qd5	2r2r2/3k4/p2bp2p/1p2qpp1/8/1Q3PP1/PP1N1PK1/3RR3 b - - 5 24
78	49	18	-9	-21	41	0	f4	2r2r2/3k4/p2bp2p/1p1q1pp1/8/4QPP1/PP1N1PK1/3RR3 b - - 7 25
78	51	18	-15	65	84	0	Qxb3	2r2r2/3k4/p2bp2p/1p1q2p1/5p2/1Q3PP1/PP1N1PK1/3RR3 b - - 1 26
78	53	10	36	66	86	0	fxg3	2r2r2/3k4/p2bp2p/1p4p1/5p2/1P3PP1/1P1N1PK1/3RR3 b - - 0 27
78	55	10	-3	26	82	0	Rc6	2r2r2/3k4/p2bp2p/1p4p1/4N3/1P3Pp1/1P3PK1/3RR3 b - - 1 28
78	57	10	-1	22	78	0	Kc7	5r2/3k4/p1rbp2p/1p4p1/4N3/1P3PP1/1P4K1/3RR3 b - - 0 29
78	59	10	41	75	90	0	Rd8	5r2/2k5/p1rbp2p/1p4p1/4N3/1P3PP1/1P2R1K1/3R4 b - - 2 30
78	61	10	10	88	88	0	Bf8	3r4/2k5/p1rbp2p/1p4p1/8/1P3PP1/1P2RNK1/3R4 b - - 4 31
78	63	8	0	86	104	0	Kxd8	3R1b2/2k5/p1r1p2p/1p4p1/8/1P3PP1/1P2RNK1/8 b - - 0 32
78	65	6	-3	110	109	0	gxf4	3k1b2/8/p1r1p2p/1p4p1/5P2/1P4P1/1P2RNK1/8 b - - 0 33
78	67	6	0	117	114	0	Rd6	3k1b2/8/p1r1p2p/1p6/5P2/1P6/1P2RNK1/8 b - - 0 34
78	69	6	98	126	114	0	Kd7	3k1b2/8/p2rp2p/1p6/5P2/1P3K2/1P2RN2/8 b - - 2 35
78	71	6	-5	53	103	0	Rd5	5b2/3k4/p2rp2p/1p6/5P2/1P2K3/1P2RN2/8 b - - 4 36
78	73	6	-4	54	106	0	Bc5+	5b2/3k4/p3p2p/1p1r4/5P2/1P1NK3/1P2R3/8 b - - 6 37
78	75	5	-66	140	112	0	Rxc5	8/3k4/p3p2p/1pNr4/5P2/1P2K3/1P2R3/8 b - - 0 38
78	77	4	-54	317	118	0	Ke7	8/3k4/p3p2p/1pr5/5P2/1P2K3/1P1R4/8 b - - 1 39
78	79	4	79	424	144	0	Rh5	8/4k3/p3p2p/1pr5/5P2/1P2K3/1P4R1/8 b - - 3 40
78	81	4	4	389	137	0	Kf6	8/4k3/p3p2p/1p5r/1P3P2/4K3/1P4R1/8 b - - 0 41
78	83	4	37	494	193	0	Rh4	8/8/p3pk1p/1p5r/1P3P2/4K3/1P3R2/8 b - - 2 42
78	85	4	-38	528	191	0	Kf5	8/8/p3pk1p/1p6/1P1K1P1r/8/1P3R2/8 b - - 4 43
78	87	4	55	576	180	0	Rxf4	8/8/p3p2p/1pK2k2/1P3P1r/8/1P3R2/8 b - - 6 44
78	89	4	17	563	179	0	Rc4+	8/8/p3p2p/1pK2k2/1P3r2/8/1P5R/8 b - - 1 45
78	91	4	0	561	189	0	Rxb4	8/8/pK2p2p/1p3k2/1Pr5/8/1P5R/8 b - - 3 46
78	93	4	45	617	189	0	e5	8/8/K3p2p/1p3k2/1r6/8/1P5R/8 b - - 0 47
78	95	4	-5	688	219	0	Rb3	8/8/7p/Kp2pk2/1r6/8/1P5R/8 b - - 1 48
78	97	4	-9	709	236	0	Kf4	8/8/7p/Kp2pk1R/8/1r6/1P6/8 b - - 3 49
78	99	4	-9	726	242	0	Rxb2	8/8/7R/Kp2p3/5k2/1r6/1P6/8 b - - 0 50
78	101	4	-12	748	272	0	Ke3	8/8/5R2/Kp2p3/5k2/8/1r6/8 b - - 1 51
78	103	4	-7	762	307	0	e4	8/8/1R6/Kp2p3/8/4k3/1r6/8 b - - 3 52
78	105	4	-9	779	354	0	Ke2	8/1R6/8/Kp6/4p3/4k3/1r6/8 b - - 1 53
78	107	4	0	789	340	0	Rb1	8/6R1/8/Kp6/4p3/8/1r2k3/8 b - - 3 54
78	109	4	-35	804	355	0	Kd3	8/8/8/Kp6/4p3/8/4k1R1/1r6 b - - 5 55
78	111	4	5	838	364	0	e3	6R1/8/8/Kp6/4p3/3k4/8/1r6 b - - 7 56
78	113	4	-66	756	409	0	Ke2	3R4/8/8/Kp6/8/3kp3/8/1r6 b - - 1 57
78	115	4	7	829	541	0	Ke1	1R6/8/8/Kp6/8/4p3/4k3/1r6 b - - 3 58
78	117	4	46	824	579	0	Rb3	6R1/8/8/Kp6/8/4p3/8/1r2k3 b - - 5 59
78	119	4	18	827	581	0	Kf2	8/8/8/Kp6/8/1r2p1R1/8/4k3 b - - 7 60
78	121	4	517	813	636	0	e2	8/8/8/Kp6/8/1r2p2R/5k2/8 b - - 9 61
78	123	2	-34	307	632	0	e1=Q+	8/8/8/Kp6/8/1R6/4pk2/8 b - - 0 62
78	125	6	136	454	632	0	Kf1	8/8/8/Kp6/1R6/8/5k2/4q3 b - - 1 63
78	127	6	-24	366	630	0	Qd2	8/8/8/1K6/1R6/8/8/4qk2 b - - 0 64
78	129	6	10	372	632	0	Qe2+	8/8/8/8/1RK5/8/3q4/5k2 b - - 2 65
78	131	6	60	347	627	0	Qe3+	8/8/8/2K5/1R6/8/4q3/5k2 b - - 4 66
78	133	6	-13	283	628	0	Qf3+	8/8/8/3K4/1R6/4q3/8/5k2 b - - 6 67
78	135	6	16	362	627	0	Qf8+	8/8/8/2K5/1R6/5q2/8/5k2 b - - 8 68
78	137	6	5	379	627	0	Qe8+	5q2/8/8/1K6/1R6/8/8/5k2 b - - 10 69
78	139	6	1	409	624	0	Qa8+	4q3/8/K7/8/1R6/8/8/5k2 b - - 12 70
78	141	6	65	458	623	0	Qb8+	q7/8/1K6/8/1R6/8/8/5k2 b - - 14 71
78	143	6	26	422	624	0	Qc7+	1q6/8/8/2K5/1R6/8/8/5k2 b - - 16 72
78	145	6	16	445	624	0	Qa5+	8/2q5/8/3K4/1R6/8/8/5k2 b - - 18 73
78	147	6	162	460	621	0	Qe5	8/8/8/q7/1RK5/8/8/5k2 b - - 20 74
78	149	6	49	343	619	0	Qd6	8/8/8/1R2q3/2K5/8/8/5k2 b - - 22 75
78	151	6	4	290	620	0	Qe6	8/8/3q4/3R4/2K5/8/8/5k2 b - - 24 76
78	153	6	31	310	615	0	Qe3+	8/8/4q3/2KR4/8/8/8/5k2 b - - 26 77
78	155	6	-2	284	615	0	Qf3	8/8/2K5/3R4/8/4q3/8/5k2 b - - 28 78
78	157	6	14	291	615	0	Qf2+	8/8/8/2KR4/8/5q2/8/5k2 b - - 30 79
78	159	6	2	256	603	0	Qg2	8/8/2K5/3R4/8/8/5q2/5k2 b - - 32 80
78	161	6	17	266	605	0	Qg4	8/8/8/2KR4/8/8/6q1/5k2 b - - 34 81
78	163	6	4	264	603	0	Qc8+	8/8/3R4/2K5/6q1/8/8/5k2 b - - 36 82
78	165	6	28	275	578	0	Qb8+	2q5/8/1K1R4/8/8/8/8/5k2 b - - 38 83
78	167	6	11	235	579	0	Qe8+	1q6/8/2KR4/8/8/8/8/5k2 b - - 40 84
78	169	6	21	240	584	0	Qe5+	4q3/8/3R4/2K5/8/8/8/5k2 b - - 42 85
78	171	6	12	233	583	0	Qc3+	8/8/2KR4/4q3/8/8/8/5k2 b - - 44 86
78	173	6	31	234	582	0	Qb3+	8/8/1K1R4/8/8/2q5/8/5k2 b - - 46 87
78	175	6	29	218	582	0	Qg3	8/2K5/3R4/8/8/1q6/8/5k2 b - - 48 88
78	177	6	19	178	582	0	Qg2+	8/8/2KR4/8/8/6q1/8/5k2 b - - 50 89
78	179	6	9	161	582	0	Qf2+	8/8/1K1R4/8/8/8/6q1/5k2 b - - 52 90
78	181	6	12	152	581	0	Qf3+	8/8/2KR4/8/8/8/5q2/5k2 b - - 54 91
78	183	6	19	134	568	0	Qe3+	8/8/1K1R4/8/8/5q2/8/5k2 b - - 56 92
78	185	6	12	110	563	0	Qe4+	8/1K6/3R4/8/8/4q3/8/5k2 b - - 58 93
78	187	6	12	90	563	0	Qe7	8/8/1K1R4/8/4q3/8/8/5k2 b - - 60 94
78	189	6	19	66	561	0	Qf8	8/4q3/2KR4/8/8/8/8/5k2 b - - 62 95
78	191	6	4	42	568	0	Ke2	5q2/8/2K5/8/8/8/8/3R1k2 b - - 64 96
78	193	6	9	31	568	0	Qc8+	5q2/3R4/2K5/8/8/8/4k3/8 b - - 66 97
78	195	6	13	15	568	0	Qc3	2q5/3R4/3K4/8/8/8/4k3/8 b - - 68 98
78	197	6	0	0	570	0	Qd3+	8/5R2/3K4/8/8/2q5/4k3/8 b - - 70 99
78	199	6	0	0	584	0	Qe3+	8/5R2/8/2K5/8/3q4/4k3/8 b - - 72 100
78	201	6	0	0	591	0	Qd4+	8/5R2/3K4/8/8/4q3/4k3/8 b - - 74 101
78	203	6	0	0	597	0	Qc4+	8/5R2/4K3/8/3q4/8/4k3/8 b - - 76 102
78	205	6	0	0	599	0	Kd2	8/4KR2/8/8/2q5/8/4k3/8 b - - 78 103
78	207	6	0	0	600	0	Kc1	8/5R2/5K2/8/2q5/8/3k4/8 b - - 80 104
78	209	6	0	0	601	0	Qb4	8/4R3/5K2/8/2q5/8/8/2k5 b - - 82 105
78	211	6	0	0	606	0	Qc3+	4R3/8/5K2/8/1q6/8/8/2k5 b - - 84 106
78	213	6	0	0	595	0	Qh3+	4R3/8/4K3/8/8/2q5/8/2k5 b - - 86 107
78	215	6	0	0	0	0	Qd3	4R3/8/5K2/8/8/7q/8/2k5 b - - 88 108
78	217	6	0	0	0	0	Kb2	2R5/8/5K2/8/8/3q4/8/2k5 b - - 90 109
78	219	6	0	0	0	0	Kb3	2R5/4K3/8/8/8/3q4/1k6/8 b - - 92 110
78	221	6	0	0	0	0	Kc2	1R6/4K3/8/8/8/1k1q4/8/8 b - - 94 111
78	223	6	0	0	0	0	Kd1	2R5/4K3/8/8/8/3q4/2k5/8 b - - 96 112
78	225	6	0	0	0	0	Kc2	3R4/4K3/8/8/8/3q4/8/3k4 b - - 98 113
78	227	2	0	0	0	0	Kxd3	8/4K3/8/8/8/3R4/2k5/8 b - - 0 114
79	17	22	4	0	-12	0	O-O	r1bqk2r/ppp2ppp/2nb4/4p3/4B3/P4N2/1PPP1PPP/R1BQ1RK1 b kq - 2 9
79	19	22	32	25	6	0	h6	r1bq1rk1/ppp2ppp/2nb4/4p3/4B3/P2P1N2/1PP2PPP/R1BQ1RK1 b - - 0 10
79	21	22	34	29	10	0	Qf6	r1bq1rk1/ppp2pp1/2nb3p/4p3/4B3/P2PBN2/1PP2PPP/R2Q1RK1 b - - 1 11
79	23	22	1	-2	20	0	Bf5	r1b2rk1/ppp2pp1/2nb1q1p/4p3/2P1B3/P2PBN2/1P3PPP/R2Q1RK1 b - c3 0 12
79	25	22	4	3	11	0	Be7	r4rk1/ppp2pp1/2nb1q1p/2P1pb2/4B3/P2PBN2/1P3PPP/R2Q1RK1 b - - 0 13
79	27	21	1	40	22	0	Qxf5	r4rk1/ppp1bpp1/2n2q1p/2P1pB2/8/P2PBN2/1P3PPP/R2Q1RK1 b - - 0 14
79	29	20	7	39	19	0	Rab8	r4rk1/ppp1bpp1/2n4p/2P1pq2/8/PQ1PBN2/1P3PPP/R4RK1 b - - 1 15
79	31	20	10	39	19	0	Bf6	1r3rk1/ppp1bpp1/2n4p/2P1pq2/8/PQ1PBN2/1P3PPP/3R1RK1 b - - 3 16
79	33	20	3	32	30	0	Rfd8	1r3rk1/ppp2pp1/2n2b1p/2P1pq2/2Q5/P2PBN2/1P3PPP/3R1RK1 b - - 5 17
79	35	20	50	40	61	0	Nd4	1r1r2k1/ppp2pp1/2n2b1p/2P1pq2/1PQ5/P2PBN2/5PPP/3R1RK1 b - b3 0 18
79	37	19	-4	-9	34	0	exd4	1r1r2k1/ppp2pp1/5b1p/2P1pq2/1PQB4/P2P1N2/5PPP/3R1RK1 b - - 0 19
79	39	18	47	4	40	0	b5	1r1r2k1/ppp2pp1/5b1p/2P2q2/1PQp4/P2P1N2/5PPP/3RR1K1 b - - 1 20
79	41	18	0	0	24	0	cxb6	1r1r2k1/p1p2pp1/1P3b1p/5q2/1PQp4/P2P1N2/5PPP/3RR1K1 b - - 0 21
79	43	18	13	13	49	0	Rbc8	1r1r2k1/p4pp1/Qp3b1p/5q2/1P1p4/P2P1N2/5PPP/3RR1K1 b - - 1 22
79	45	18	30	30	79	0	Rc2	2rr2k1/p4pp1/Qp3b1p/5q2/1P1p4/P2P4/3N1PPP/3RR1K1 b - - 3 23
79	47	18	16	0	57	0	b5	3r2k1/Q4pp1/1p3b1p/5q2/1P1p4/P2P4/2rN1PPP/3RR1K1 b - - 0 24
79	49	18	60	-12	60	0	Rdc8	3r2k1/Q4pp1/5b1p/1p3q2/1P1pN3/P2P4/2r2PPP/3RR1K1 b - - 1 25
79	51	18	-2	-26	53	0	h5	2r3k1/Q4pp1/5b1p/1p3q2/1P1pN3/P2P2P1/2r2P1P/3RR1K1 b - - 0 26
79	53	18	146	0	29	0	Be5	2r3k1/Q4pp1/5b2/1p3q1p/1P1pN2P/P2P2P1/2r2P2/3RR1K1 b - h3 0 27
79	55	18	-23	-223	-38	0	Rxd2	2r3k1/Q4pp1/8/1p2bq1p/1P1pN2P/P2P2P1/2rR1P2/4R1K1 b - - 2 28
79	57	14	-86	-266	-48	0	Qxd3	2r3k1/Q4pp1/8/1p2bq1p/1P1p3P/P2P2P1/3N1P2/4R1K1 b - - 0 29
79	59	14	28	-223	-104	0	Rf8	2r3k1/3Q1pp1/8/1p2b2p/1P1p3P/P2q2P1/3N1P2/4R1K1 b - - 1 30
79	61	13	-13	-252	-100	0	Qxd2	5rk1/3Q1pp1/8/1p2R2p/1P1p3P/P2q2P1/3N1P2/6K1 b - - 0 31
79	63	12	9	-270	-93	0	Qd3	5rk1/3Q1pp1/8/1p2R2p/1P1p3P/P5P1/3q1PK1/8 b - - 1 32
79	65	12	370	-145	-67	0	Qxb5	5rk1/5pp1/8/1Q2R2p/1P1p3P/P2q2P1/5PK1/8 b - - 0 33
79	67	4	27	-544	-103	0	Rd8	5rk1/5pp1/8/1R5p/1P1p3P/P5P1/5PK1/8 b - - 0 34
79	69	4	51	-186	-102	0	d3	3r2k1/5pp1/8/2R4p/1P1p3P/P5P1/5PK1/8 b - - 2 35
79	71	4	26	-268	-113	0	d2	3r2k1/5pp1/8/7p/1P5P/P2p2P1/5PK1/2R5 b - - 1 36
79	73	4	17	-308	-116	0	Rd3	3r2k1/5pp1/8/7p/1P5P/P5P1/3p1PK1/3R4 b - - 1 37
79	75	4	168	-322	-148	0	Kh7	6k1/5pp1/8/7p/PP5P/3r2P1/3p1PK1/3R4 b - - 0 38
79	77	4	5	-505	-165	0	Rd4	8/5ppk/8/1P5p/P6P/3r2P1/3p1PK1/3R4 b - - 0 39
79	79	4	-10	-12	-110	0	Rxa4	8/5ppk/1P6/7p/P2r3P/6P1/3p1PK1/3R4 b - - 0 40
79	81	4	4	0	-110	0	Rb4	8/5ppk/1P6/7p/r6P/6P1/3R1PK1/8 b - - 0 41
79	83	4	8	-4	-100	0	f6	8/5ppk/1P1R4/7p/1r5P/6P1/5PK1/8 b - - 2 42
79	85	4	-1	-1	-103	0	Kg6	8/6pk/1P1R1p2/7p/1r5P/5KP1/5P2/8 b - - 1 43
79	87	4	0	0	-103	0	Kf5	8/6p1/1P1R1pk1/7p/1r5P/4K1P1/5P2/8 b - - 3 44
79	89	4	0	0	0	0	Kg4	8/6p1/1PR2p2/5k1p/1r5P/4K1P1/5P2/8 b - - 5 45
79	91	4	0	0	-28	0	Kh3	8/6p1/1P2Rp2/7p/1r4kP/4K1P1/5P2/8 b - - 7 46
79	93	4	0	0	0	0	Kg2	8/6p1/1P1R1p2/7p/1r5P/4K1Pk/5P2/8 b - - 9 47
79	95	4	0	0	0	0	Rb3+	8/6p1/1PR2p2/7p/1r5P/4K1P1/5Pk1/8 b - - 11 48
79	97	4	0	0	-7	0	Rb2	8/6p1/1PR2p2/7p/3K3P/1r4P1/5Pk1/8 b - - 13 49
79	99	4	0	0	-117	0	Kxf2	8/6p1/1PR2p2/2K4p/7P/6P1/1r3Pk1/8 b - - 15 50
79	101	4	0	0	-197	0	Kxg3	8/6p1/1PRK1p2/7p/7P/6P1/1r3k2/8 b - - 1 51
79	103	4	0	0	-177	0	Kxh4	8/2K3p1/1PR2p2/7p/7P/6k1/1r6/8 b - - 1 52
79	105	4	0	0	-163	0	Rxb7+	8/1PK3p1/2R2p2/7p/7k/8/1r6/8 b - - 0 53
79	107	2	0	0	-163	0	f5	8/1K4p1/2R2p2/7p/7k/8/8/8 b - - 0 54
79	109	2	0	0	-136	0	g5	8/1K4p1/8/5p1p/7k/8/8/2R5 b - - 1 55
79	111	2	0	0	-115	0	Kg4	8/1K6/8/5ppp/7k/8/8/7R b - - 1 56
79	113	2	0	0	-112	0	Kh4	8/1K6/8/5ppp/6k1/8/8/6R1 b - - 3 57
79	115	2	-102	511	0	0	g4	8/1K6/8/5ppp/7k/8/8/5R2 b - - 5 58
79	117	2	-27	725	41	0	Kg5	8/1K6/8/5p1p/6pk/8/8/7R b - - 1 59
79	119	2	53	757	39	0	g3	8/1K6/8/5pkp/6p1/8/8/4R3 b - - 3 60
79	121	2	72	771	146	0	Kg4	4R3/1K6/8/5pkp/8/6p1/8/8 b - - 1 61
79	123	2	50	768	327	0	Kh3	6R1/1K6/8/5p1p/6k1/6p1/8/8 b - - 3 62
79	125	2	-23	776	681	0	h4	6R1/8/2K5/5p1p/8/6pk/8/8 b - - 5 63
79	127	2	-38	781	739	0	g2	6R1/8/8/3K1p2/7p/6pk/8/8 b - - 1 64
79	129	2	-27	919	871	0	Kh2	6R1/8/2K5/5p2/7p/7k/6p1/8 b - - 1 65
79	131	2	0	1000	1010	0	g1=Q	6R1/8/8/3K1p2/7p/8/6pk/8 b - - 3 66
79	133	6	0	1000	970	0	h3	5R2/8/8/3K1p2/7p/8/7k/6q1 b - - 1 67
79	135	6	0	1000	1131	1	Qg4	8/8/8/3K1R2/8/7p/7k/6q1 b - - 0 68
79	137	6	0	1000	1274	0	Kg2	8/8/8/3KR3/6q1/7p/7k/8 b - - 2 69
79	139	6	0	1000	2086	1	Qf3	8/8/8/3K4/4R1q1/7p/6k1/8 b - - 4 70
79	141	6	0	1000	2195	1	h2	8/8/8/4K3/4R3/5q1p/6k1/8 b - - 6 71
79	143	6	0	1000	1000	1	Qg3	8/8/8/4K3/5R2/5q2/6kp/8 b - - 1 72
79	145	6	0	1000	1000	1	h1=Q	8/8/8/8/4KR2/6q1/6kp/8 b - - 3 73
79	147	10	0	1000	1000	1	Qxf4	8/8/8/3K4/5R2/6q1/6k1/7q b - - 1 74
79	149	8	0	1000	1000	1	Qhh6+	8/8/2K5/8/5q2/8/6k1/7q b - - 1 75
80	16	24	9	-5	42	0	O-O-O	r2qk2r/pp1bppbp/2np1np1/1B4B1/4P3/2NQ1N2/PPP2PPP/R3K2R w KQkq - 2 9
80	18	24	153	113	36	0	Rhe1	r2q1rk1/pp1bppbp/2np1np1/1B4B1/4P3/2NQ1N2/PPP2PPP/2KR3R w - - 4 10
80	20	24	2	-29	112	0	e5	2rq1rk1/pp1bppbp/2np1np1/1B4B1/4P3/2NQ1N2/PPP2PPP/2KRR3 w - - 6 11
80	22	24	-32	295	112	0	exd6	2rq1rk1/pp1bppbp/2np2p1/1B2P1B1/6n1/2NQ1N2/PPP2PPP/2KRR3 w - - 1 12
80	24	24	-8	336	129	0	Qd2	2rq1rk1/pp1bppbp/2nP2p1/1B4B1/8/2NQ1N2/PPP2nPP/2KRR3 w - - 0 13
80	26	22	320	320	138	0	dxe7	2rq1rk1/pp1bppbp/2nP2p1/1B4B1/8/2N2N2/PPPQ2PP/2KnR3 w - - 0 14
80	28	22	0	0	153	0	Bxe7	2rq1rk1/pp1bnpbp/6p1/1B4B1/8/2N2N2/PPPQ2PP/2KnR3 w - - 0 15
80	30	20	0	0	154	0	Bxd8	2rq1rk1/pp2Bpbp/6p1/1b6/8/2N2N2/PPPQ2PP/2KnR3 w - - 0 16
80	32	15	79	35	138	0	Qg5	2rr2k1/pp3pbp/6p1/1b6/8/2N2N2/PPPQ2PP/2KnR3 w - - 0 17
80	34	15	-8	-12	69	0	Nxb5	2rr2k1/pp3pbp/6p1/1b4Q1/8/2N2N2/PnP3PP/2K1R3 w - - 0 18
80	36	14	3	15	71	0	Kd1	2rr2k1/pp3pbp/6p1/1N4Q1/8/3n1N2/P1P3PP/2K1R3 w - - 1 19
80	38	12	0	26	113	0	Kxe1	2rr2k1/pp3pbp/6p1/1N4Q1/8/5N2/P1P3PP/3Kn3 w - - 0 20
80	40	11	17	35	125	0	Na3	2rr2k1/1p3pbp/p5p1/1N4Q1/8/5N2/P1P3PP/4K3 w - - 0 21
80	42	11	55	55	149	0	Qg4	2rr2k1/1p3pb1/p5pp/6Q1/8/N4N2/P1P3PP/4K3 w - - 0 22
80	44	11	91	0	73	0	Kf1	2rr2k1/5pb1/p5pp/1p6/6Q1/N4N2/P1P3PP/4K3 w - b6 0 23
80	46	11	0	0	43	0	Qb4	2rr2k1/5p2/p5pp/1p6/6Q1/N4N2/PbP3PP/5K2 w - - 2 24
80	48	10	0	0	54	0	Qxa3	2rr2k1/5p2/p5pp/1p6/1Q6/b4N2/P1P3PP/5K2 w - - 0 25
80	50	9	0	0	50	0	Ke1	3r2k1/5p2/p5pp/1p6/8/Q4N2/P1r3PP/5K2 w - - 0 26
80	52	9	0	0	72	0	Qxa6	3r2k1/5p2/p5pp/1p6/8/Q4N2/P5rP/4K3 w - - 0 27
80	54	9	0	0	44	0	Kd1	4r1k1/5p2/Q5pp/1p6/8/5N2/P5rP/4K3 w - - 1 28
80	56	9	0	0	11	0	Qxb5	6k1/5p2/Q5pp/1p6/8/5N2/P3r1rP/3K4 w - - 3 29
80	58	9	0	0	0	0	Qe8+	6k1/5p2/6pp/1Q6/8/5N2/r5rP/3K4 w - - 0 30
80	60	9	0	0	0	0	Qe5+	4Q3/5pk1/6pp/8/8/5N2/r5rP/3K4 w - - 2 31
80	62	9	0	0	0	0	Qe8+	6k1/5p2/6pp/4Q3/8/5N2/r5rP/3K4 w - - 4 32
80	64	9	0	0	0	0	Qe5+	4Q3/5pk1/6pp/8/8/5N2/r5rP/3K4 w - - 6 33
80	66	9	0	0	0	0	Qe8+	6k1/5p2/6pp/4Q3/8/5N2/r5rP/3K4 w - - 8 34
81	16	23	3	15	99	0	hxg3	rn1qkb1r/pbpp1p2/1p2p2p/6p1/2PP4/2N2Nn1/PPQ1PPPP/R3KB1R w KQkq - 0 9
81	18	22	-5	10	85	0	e3	rn1qk2r/pbpp1pb1/1p2p2p/6p1/2PP4/2N2NP1/PPQ1PPP1/R3KB1R w KQkq - 1 10
81	20	22	45	62	89	0	Rh5	rn1q1rk1/pbpp1pb1/1p2p2p/6p1/2PP4/2N1PNP1/PPQ2PP1/R3KB1R w KQ - 1 11
81	22	22	1	73	124	0	Ne5	rn1q1rk1/pbpp1pb1/1p2p2p/7R/2PP2p1/2N1PNP1/PPQ2PP1/R3KB2 w Q - 0 12
81	24	22	39	55	113	0	Ng6	rn1q1rk1/pbpp2b1/1p2p2p/4Np1R/2PP2p1/2N1P1P1/PPQ2PP1/R3KB2 w Q f6 0 13
81	26	22	2	21	115	0	Nf4	rn2qrk1/pbpp2b1/1p2p1Np/5p1R/2PP2p1/2N1P1P1/PPQ2PP1/R3KB2 w Q - 2 14
81	28	22	31	73	113	0	Rd1	r3qrk1/pbpp2b1/1pn1p2p/5p1R/2PP1Np1/2N1P1P1/PPQ2PP1/R3KB2 w Q - 4 15
81	30	22	47	71	97	0	Be2	r4rk1/pbpp1qb1/1pn1p2p/5p1R/2PP1Np1/2N1P1P1/PPQ2PP1/3RKB2 w - - 6 16
81	32	22	12	34	60	0	Rh4	r4rk1/pbp2qb1/1pnpp2p/5p1R/2PP1Np1/2N1P1P1/PPQ1BPP1/3RK3 w - - 0 17
81	34	22	2	21	56	0	dxe5	r4rk1/pbp2qb1/1pnp3p/4pp2/2PP1NpR/2N1P1P1/PPQ1BPP1/3RK3 w - - 0 18
81	36	22	19	77	31	0	Ncd5	r4rk1/pbp2qb1/1p1p3p/4np2/2P2NpR/2N1P1P1/PPQ1BPP1/3RK3 w - - 0 19
81	38	22	3	62	91	0	Rh5	3r1rk1/pbp2qb1/1p1p3p/3Nnp2/2P2NpR/4P1P1/PPQ1BPP1/3RK3 w - - 2 20
81	40	22	63	63	37	0	Bf1	4rrk1/pbp2qb1/1p1p3p/3Nnp1R/2P2Np1/4P1P1/PPQ1BPP1/3RK3 w - - 4 21
81	42	22	0	0	0	0	Nc3	4rrk1/pb3qb1/1ppp3p/3Nnp1R/2P2Np1/4P1P1/PPQ2PP1/3RKB2 w - - 0 22
81	44	22	32	43	55	0	b3	3r1rk1/pb3qb1/1ppp3p/4np1R/2P2Np1/2N1P1P1/PPQ2PP1/3RKB2 w - - 2 23
81	46	22	69	9	62	0	Nce2	3r1rk1/pb3qb1/1pp4p/3pnp1R/2P2Np1/1PN1P1P1/P1Q2PP1/3RKB2 w - - 0 24
81	48	22	4	103	76	0	cxd5	2br1rk1/p4qb1/1pp4p/3pnp1R/2P2Np1/1P2P1P1/P1Q1NPP1/3RKB2 w - - 2 25
81	50	22	70	101	59	0	b4	2br1rk1/p4qb1/1p5p/3pnp1R/5Np1/1P2P1P1/P1Q1NPP1/3RKB2 w - - 0 26
81	52	22	6	44	70	0	Nxg6	2br1rk1/p4qb1/1p4np/3p1p1R/1P3Np1/4P1P1/P1Q1NPP1/3RKB2 w - - 1 27
81	54	20	-5	34	77	0	Nf4	2br1rk1/p5b1/1p4qp/3p1p1R/1P4p1/4P1P1/P1Q1NPP1/3RKB2 w - - 0 28
81	56	20	35	32	80	0	Qb3	2br1rk1/p4qb1/1p5p/3p1p1R/1P3Np1/4P1P1/P1Q2PP1/3RKB2 w - - 2 29
81	58	20	4	45	76	0	Bb5	3r1rk1/p4qb1/1p2b2p/3p1p1R/1P3Np1/1Q2P1P1/P4PP1/3RKB2 w - - 4 30
81	60	20	28	35	55	0	Rc1	5rk1/p4qb1/1p1rb2p/1B1p1p1R/1P3Np1/1Q2P1P1/P4PP1/3RK3 w - - 6 31
81	62	20	54	70	43	0	Nxe6	5rk1/p4q2/1p1rb2p/1B1pbp1R/1P3Np1/1Q2P1P1/P4PP1/2R1K3 w - - 8 32
81	64	18	8	4	54	0	Rc7	5rk1/p7/1p1rq2p/1B1pbp1R/1P4p1/1Q2P1P1/P4PP1/2R1K3 w - - 0 33
81	66	18	5	25	68	0	bxa5	5rk1/2R5/1p1rq2p/pB1pbp1R/1P4p1/1Q2P1P1/P4PP1/4K3 w - a6 0 34
81	68	18	20	23	68	0	a4	5rk1/2R5/3rq2p/pB1pbp1R/6p1/1Q2P1P1/P4PP1/4K3 w - - 0 35
81	70	18	-2	5	66	0	Rh1	5rk1/2R5/3r2qp/pB1pbp1R/P5p1/1Q2P1P1/5PP1/4K3 w - - 1 36
81	72	18	10	45	56	0	Ke2	5rk1/2R5/3rq2p/pB1pbp2/P5p1/1Q2P1P1/5PP1/4K2R w - - 3 37
81	74	18	45	107	61	0	Qc2	6k1/2R2r2/3rq2p/pB1pbp2/P5p1/1Q2P1P1/4KPP1/7R w - - 5 38
81	76	18	-21	175	103	0	Qc5	5rk1/2R5/3rq2p/pB1pbp2/P5p1/4P1P1/2Q1KPP1/7R w - - 7 39
81	78	18	20	295	110	0	gxf4	5rk1/2R5/3rq2p/pBQpb3/P4pp1/4P1P1/4KPP1/7R w - - 0 40
81	80	18	292	302	110	0	Rh5	5rk1/2R5/3rq2p/pBQp4/P4bp1/4P3/4KPP1/7R w - - 0 41
81	82	18	-15	607	434	0	Qc2	6k1/2R5/3rqr1p/pBQp3R/P4bp1/4P3/4KPP1/8 w - - 2 42
81	84	18	-9	646	362	0	Rxf7	6k1/2R2r2/3rq2p/pB1p3R/P4bp1/4P3/2Q1KPP1/8 w - - 4 43
81	86	14	53	669	388	0	exf4	6k1/5q2/3r3p/pB1p3R/P4bp1/4P3/2Q1KPP1/8 w - - 0 44
81	88	13	-11	631	371	0	Kf1	6k1/8/3r3p/pB1p3R/P4qp1/8/2Q1KPP1/8 w - - 0 45
81	90	13	23	662	389	0	Qc8+	6k1/8/3r3p/pB1p3R/P2q2p1/8/2Q2PP1/5K2 w - - 2 46
81	92	13	5	655	345	0	Qc7+	2Q5/7k/3r3p/pB1p3R/P2q2p1/8/5PP1/5K2 w - - 4 47
81	94	13	22	652	376	0	Qxa5	6k1/2Q5/3r3p/pB1p3R/P2q2p1/8/5PP1/5K2 w - - 6 48
81	96	13	-10	637	362	0	Qe1	6k1/8/5r1p/QB1p3R/P2q2p1/8/5PP1/5K2 w - - 1 49
81	98	13	29	675	422	0	g3	8/7k/5r1p/1B1p3R/P2q2p1/8/5PP1/4QK2 w - - 3 50
81	100	13	23	671	433	0	Be8+	8/8/5rkp/1B1p3R/P2q2p1/6P1/5P2/4QK2 w - - 1 51
81	102	13	23	678	465	0	Kg2	4B3/6k1/5r1p/3p3R/P2q2p1/6P1/5P2/4QK2 w - - 3 52
81	104	13	-19	654	513	0	Bd7	4B3/7k/5r1p/3p3R/P2q2p1/6P1/5PK1/4Q3 w - - 5 53
81	106	13	42	755	588	0	Rh4	8/3B2k1/5r1p/3p3R/P2q2p1/6P1/5PK1/4Q3 w - - 7 54
81	108	13	-9	717	609	0	Rxh5	8/3B2k1/5r2/3p3p/P2q2pR/6P1/5PK1/4Q3 w - - 0 55
81	110	13	10	750	667	0	Qxe4	8/3B2k1/5r2/3p3R/P3q1p1/6P1/5PK1/4Q3 w - - 1 56
81	112	5	-40	738	663	0	Rg5+	8/3B2k1/5r2/7R/P3p1p1/6P1/5PK1/8 w - - 0 57
81	114	5	243	902	662	0	Rxg4	8/3B1k2/5r2/6R1/P3p1p1/6P1/5PK1/8 w - - 2 58
81	116	5	-8	721	685	0	Bb5	8/3B1k2/3r4/8/P3p1R1/6P1/5PK1/8 w - - 1 59
81	118	5	-12	814	736	0	Rxe4	8/8/3r1k2/1B6/P3p1R1/6P1/5PK1/8 w - - 3 60
81	120	5	136	953	740	0	g4	8/8/5k2/1B1r4/P3R3/6P1/5PK1/8 w - - 1 61
81	122	5	-139	861	764	0	Rb4	8/8/5k2/1Br5/P3R1P1/8/5PK1/8 w - - 1 62
81	124	5	0	1000	788	0	a5	8/8/5k2/1B6/PR4P1/8/5PK1/2r5 w - - 3 63
81	126	5	0	1000	813	1	a6	8/8/8/PB4k1/1R4P1/8/5PK1/2r5 w - - 1 64
81	128	5	0	1000	872	1	Ra4	8/2r5/P7/1B4k1/1R4P1/8/5PK1/8 w - - 1 65
81	130	5	0	1000	876	1	Kg3	8/r7/P7/1B4k1/R5P1/8/5PK1/8 w - - 3 66
81	132	5	0	1000	874	1	Bd3+	8/r7/P5k1/1B6/R5P1/6K1/5P2/8 w - - 5 67
81	134	5	0	1000	882	1	Kh4	8/r7/P4k2/8/R5P1/3B2K1/5P2/8 w - - 7 68
81	136	5	46	1000	924	1	g5	8/r4k2/P7/8/R5PK/3B4/5P2/8 w - - 9 69
81	138	5	0	1000	1160	0	Rb4	5k2/r7/P7/6P1/R6K/3B4/5P2/8 w - - 1 70
81	140	5	0	1000	2031	1	Rb7	r4k2/8/P7/6P1/1R5K/3B4/5P2/8 w - - 3 71
81	142	5	0	1000	1000	1	a7	3r1k2/1R6/P7/6P1/7K/3B4/5P2/8 w - - 5 72
81	144	5	0	1000	1000	1	Kh5	5k2/PR6/8/6P1/3r3K/3B4/5P2/8 w - - 1 73
81	146	5	0	1000	1000	1	g6	5k2/PR6/8/6PK/r7/3B4/5P2/8 w - - 3 74
81	148	5	0	1000	1000	1	Kh6	5k2/PR6/6P1/r6K/8/3B4/5P2/8 w - - 1 75
81	150	5	0	1000	1000	1	g7	4k3/PR6/6PK/r7/8/3B4/5P2/8 w - - 3 76
81	152	5	0	1000	1000	1	Bxa6	4k3/PR4P1/r6K/8/8/3B4/5P2/8 w - - 1 77
82	17	24	9	0	-40	0	Rc8	r2qk2r/pp1bppbp/2np1np1/1B4B1/4P3/2NQ1N2/PPP2PPP/R4RK1 b kq - 3 9
82	19	24	2	-1	-33	0	h6	2rqk2r/pp1bppbp/2np1np1/1B4B1/4P3/2NQ1N2/PPP2PPP/3R1RK1 b k - 5 10
82	21	23	3	8	-20	0	Bxc6	2rqk2r/pp1bppb1/2Bp1npp/6B1/4P3/2NQ1N2/PPP2PPP/3R1RK1 b k - 0 11
82	23	22	-3	6	-23	0	O-O	2rqk2r/pp2ppb1/2bp1npp/8/4P3/2NQBN2/PPP2PPP/3R1RK1 b k - 1 12
82	25	22	0	6	-14	0	Bd7	2rq1rk1/pp2ppb1/2bp1npp/8/3NP3/2NQB3/PPP2PPP/3R1RK1 b - - 3 13
82	27	22	-2	11	1	0	a6	2rq1rk1/pp1bppb1/3p1npp/8/3NP3/2NQB2P/PPP2PP1/3R1RK1 b - - 0 14
82	29	22	8	17	13	0	e5	2rq1rk1/1p1bppb1/p2p1npp/8/3NP3/2NQB2P/PPP2PP1/3RR1K1 b - - 1 15
82	31	22	-5	5	-19	0	Rc6	2rq1rk1/1p1b1pb1/p2p1npp/4p3/4P3/1NNQB2P/PPP2PP1/3RR1K1 b - - 1 16
82	33	22	-4	7	6	0	Qc7	3q1rk1/1p1b1pb1/p1rp1npp/4p3/P3P3/1NNQB2P/1PP2PP1/3RR1K1 b - a3 0 17
82	35	22	3	43	-10	0	Kh7	5rk1/1pqb1pb1/p1rp1npp/4p3/P3P3/1NN1B2P/1PPQ1PP1/3RR1K1 b - - 2 18
82	37	22	0	39	-24	0	Be6	5r2/1pqb1pbk/p1rp1npp/P3p3/4P3/1NN1B2P/1PPQ1PP1/3RR1K1 b - - 0 19
82	39	22	0	36	-7	0	Qc8	5r2/1pq2pbk/pBrpbnpp/P3p3/4P3/1NN4P/1PPQ1PP1/3RR1K1 b - - 2 20
82	41	22	-1	71	14	0	Nd7	2q2r2/1p3pbk/pBrpbnpp/P3p3/4PP2/1NN4P/1PPQ2P1/3RR1K1 b - f3 0 21
82	43	22	28	76	14	0	f5	2q2r2/1p1n1pbk/p1rpb1pp/P3p3/4PP2/1NN4P/1PPQ1BP1/3RR1K1 b - - 2 22
82	45	22	30	42	12	0	Bxf5	2q2r2/1p1n2bk/p1rpb1pp/P3pP2/5P2/1NN4P/1PPQ1BP1/3RR1K1 b - - 0 23
82	47	22	39	48	15	0	Re8	2q2r2/1p1n2bk/p1rp2pp/P3pb2/5P2/1NN4P/1PPQ1BP1/2R1R1K1 b - - 1 24
82	49	22	-3	29	18	0	dxe5	2q1r3/1p1n2bk/p1rp2pp/P3Pb2/8/1NN4P/1PPQ1BP1/2R1R1K1 b - - 0 25
82	51	22	52	47	32	0	Kg8	2q1r3/1p1n2bk/p1r3pp/P3pb2/8/1NN4P/1PP1QBP1/2R1R1K1 b - - 1 26
82	53	22	-3	32	19	0	Nf6	2q1r1k1/1p1n2b1/p1r3pp/P3pb2/8/1NN4P/1PP1QBP1/3RR1K1 b - - 3 27
82	55	22	9	28	18	0	Nh5	2q1r1k1/1p4b1/pBr2npp/P3pb2/8/1NN4P/1PP1Q1P1/3RR1K1 b - - 5 28
82	57	22	6	91	43	0	Nf4	2q1r1k1/1p4b1/pBr3pp/P3pb1n/8/1NN4P/1PP2QP1/3RR1K1 b - - 7 29
82	59	22	-41	377	136	0	Bxh3	2q1r1k1/1p4b1/pBr3pp/P1N1pb2/5n2/2N4P/1PP2QP1/3RR1K1 b - - 9 30
82	61	22	-31	428	139	0	Nxg2	2q1r1k1/1p4b1/pBr3pp/P1NNp3/5n2/7b/1PP2QP1/3RR1K1 b - - 1 31
82	63	22	175	454	139	0	Bf8	2q1r1k1/1p4b1/pBr3pp/P1NNp3/4R3/7b/1PP2Qn1/3R2K1 b - - 1 32
82	65	22	249	281	186	0	Qf5	2q1rbk1/1p6/pBr3pp/P2Np3/4R3/3N3b/1PP2Qn1/3R2K1 b - - 3 33
82	67	18	-2	29	157	0	Bxf5	4rbk1/1p6/pBr3pp/P2NpQ2/4R3/3N3b/1PP3n1/3R2K1 b - - 0 34
82	69	14	-1	30	160	0	Rxe5	4rbk1/1p6/pBr3pp/P2NRb2/8/3N4/1PP3n1/3R2K1 b - - 0 35
82	71	10	28	28	102	0	Rxc2	5bk1/1p6/pBr3pp/P2NNb2/8/8/1PP3n1/3R2K1 b - - 0 36
82	73	10	0	0	108	0	Kg7	5bk1/1p6/pB3Npp/P3Nb2/8/8/1Pr3n1/3R2K1 b - - 1 37
82	75	10	10	10	106	0	Kh8	4Nb2/1p4k1/pB4pp/P3Nb2/8/8/1Pr3n1/3R2K1 b - - 3 38
82	77	10	-20	319	107	0	g5	4Nb1k/1p6/p5pp/P3Nb2/3B4/8/1Pr3n1/3R2K1 b - - 5 39
82	79	10	-16	423	126	0	Nf4	4Nb1k/1p6/p6p/P3Nbp1/3B4/8/1Pr3n1/5RK1 b - - 1 40
82	81	10	-19	425	160	0	Kh7	4Nb1k/1p6/p6p/P4bp1/3B1n2/3N4/1Pr5/5RK1 b - - 3 41
82	83	9	9	438	165	0	gxf4	4Nb2/1p5k/p6p/P4bp1/3B1N2/8/1Pr5/5RK1 b - - 0 42
82	85	8	3	441	164	0	Kg6	4Nb2/1p5k/p6p/P4b2/3B1R2/8/1Pr5/6K1 b - - 0 43
82	87	8	3	445	160	0	Rd2	4Nb2/1p6/p5kp/P4b2/3B4/5R2/1Pr5/6K1 b - - 2 44
82	89	8	-4	486	151	0	Bc5+	4Nb2/1p6/p5kp/P4b2/8/2B2R2/1P1r4/6K1 b - - 4 45
82	91	8	-9	549	154	0	Rd1+	4N3/1p6/p5kp/P1b2b2/8/2B2R2/1P1r4/5K2 b - - 6 46
82	93	8	126	556	141	0	Rg1	4N3/1p6/p5kp/P1b2b2/8/2B2R2/1P2K3/3r4 b - - 8 47
82	95	8	-6	470	152	0	h5	8/1p6/p4Nkp/P1b2b2/8/2B2R2/1P2K3/6r1 b - - 10 48
82	97	8	15	476	149	0	Bd6	8/1p6/p4Nk1/P1b2b1p/5R2/2B5/1P2K3/6r1 b - - 1 49
82	99	8	13	505	151	0	Rg2+	8/1p6/p2b1Nk1/P4b1p/7R/2B5/1P2K3/6r1 b - - 3 50
82	101	8	34	523	170	0	Rc2	8/1p6/p2b1Nk1/P4b1p/7R/2B5/1P4r1/5K2 b - - 5 51
82	103	8	13	530	170	0	Bc5	8/1p6/p2b2k1/P4b1N/7R/2B5/1Pr5/5K2 b - - 0 52
82	105	8	27	582	153	0	Kg5	8/1p6/p5k1/P1b2b2/5N1R/2B5/1Pr5/5K2 b - - 2 53
82	107	8	28	561	188	0	Bd7	8/1p6/p7/P1b2bk1/5N1R/8/1Pr5/4BK2 b - - 4 54
82	109	8	-22	544	198	0	Kg6	8/1p1b4/p7/P1b3k1/7R/7N/1Pr5/4BK2 b - - 6 55
82	111	8	-1	597	280	0	Kf5	8/1p1b4/p5k1/P1b5/5N1R/8/1Pr5/4BK2 b - - 8 56
82	113	8	-28	641	401	0	Bb5	8/1p1b4/p7/P1b2k2/7R/3N4/1Pr5/4BK2 b - - 10 57
82	115	8	12	682	452	0	Ke6	8/1p6/p7/Pbb2k2/5R2/3N4/1Pr5/4BK2 b - - 12 58
82	117	8	-24	686	479	0	Kd5	8/1p6/p3k3/Pbb5/8/3N1R2/1Pr5/4BK2 b - - 14 59
82	119	8	170	858	474	0	Ke4	8/1p6/p7/Pbbk4/8/3N1R2/1Pr2B2/5K2 b - - 16 60
82	121	8	-49	690	496	0	Kxd3	8/1p6/p7/Pbb5/4kR2/3N4/1Pr2B2/5K2 b - - 18 61
82	123	6	1	745	520	0	Rxc5	8/1p6/p7/PbB5/5R2/3k4/1Pr5/5K2 b - - 0 62
82	125	5	-25	746	549	0	Kc2+	8/1p6/p4R2/Pbr5/8/3k4/1P6/5K2 b - - 1 63
82	127	5	47	771	549	0	Kxb2	8/1p6/p4R2/Pbr5/8/8/1Pk2K2/8 b - - 3 64
82	129	5	244	749	554	0	Kc1	8/1p6/pR6/Pbr5/8/8/1k3K2/8 b - - 1 65
82	131	5	79	689	563	0	Ba4	8/1R6/p7/Pbr5/8/8/5K2/2k5 b - - 0 66
82	133	5	32	655	568	0	Bc2	8/1R6/p7/P1r5/b7/4K3/8/2k5 b - - 2 67
82	135	5	-63	668	581	0	Rxa5	8/1R6/p7/P1r5/3K4/8/2b5/2k5 b - - 4 68
82	137	5	53	753	576	0	Ra2	8/4R3/p7/r7/3K4/8/2b5/2k5 b - - 1 69
82	139	5	4	772	611	0	a5	8/4R3/p7/4K3/8/8/r1b5/2k5 b - - 3 70
82	141	5	-10	768	601	0	a4	8/4R3/5K2/p7/8/8/r1b5/2k5 b - - 1 71
82	143	5	2	789	618	0	Bd1	8/8/5K2/8/p7/8/r1b5/2k1R3 b - - 1 72
82	145	5	-92	712	857	0	a3	4R3/8/5K2/8/p7/8/r7/2kb4 b - - 3 73
82	147	5	-11	839	907	0	Rf2	4R3/8/8/6K1/8/p7/r7/2kb4 b - - 1 74
82	149	5	-8	974	939	0	Kb2	2R5/8/8/6K1/8/p7/5r2/2kb4 b - - 3 75
82	151	5	0	1000	935	0	Bb3	3R4/8/8/6K1/8/p7/1k3r2/3b4 b - - 5 76
82	153	5	0	1000	953	1	a2	R7/8/8/6K1/8/pb6/1k3r2/8 b - - 7 77
82	155	5	0	1000	972	1	Bc2	8/8/8/R5K1/8/1b6/pk3r2/8 b - - 1 78
82	157	5	0	1000	979	1	a1=Q	8/8/R7/6K1/8/8/pkb2r2/8 b - - 3 79
82	159	5	0	1000	985	1	Kxa1	8/8/8/6K1/8/8/1kb2r2/R7 b - - 0 80
82	161	3	0	1000	989	1	Kb2	8/8/8/8/6K1/8/2b2r2/k7 b - - 1 81
82	163	3	0	1000	995	1	Rf1	8/8/8/8/8/6K1/1kb2r2/8 b - - 3 82
82	165	3	0	1000	996	1	Rf8	8/8/8/8/8/8/1kb3K1/5r2 b - - 5 83
82	167	3	0	1000	995	1	Kb1	5r2/8/8/8/8/6K1/1kb5/8 b - - 7 84
82	169	3	0	1000	995	1	Bd3	5r2/8/8/8/6K1/8/2b5/1k6 b - - 9 85
82	171	3	0	1000	996	1	Rf1	5r2/8/8/6K1/8/3b4/8/1k6 b - - 11 86
82	173	3	0	1000	996	1	Rf5	8/8/8/8/6K1/3b4/8/1k3r2 b - - 13 87
82	175	3	0	1000	1002	1	Be2	8/8/8/5r2/7K/3b4/8/1k6 b - - 15 88
82	177	3	0	1000	1003	1	Rf7	8/8/8/5r2/8/6K1/4b3/1k6 b - - 17 89
82	179	3	0	1000	1000	1	Rg7	8/5r2/8/8/7K/8/4b3/1k6 b - - 19 90
82	181	3	0	1000	1000	1	Kc1	8/6r1/8/8/8/7K/4b3/1k6 b - - 21 91
82	183	3	0	1000	1000	1	Kd2	8/6r1/8/8/8/8/4b2K/2k5 b - - 23 92
82	185	3	0	1000	1000	1	Ke1	8/6r1/8/8/8/7K/3kb3/8 b - - 25 93
82	187	3	0	1000	1000	1	Kf2	8/6r1/8/8/7K/8/4b3/4k3 b - - 27 94
82	189	3	0	1000	1000	1	Rh7#	8/6r1/8/8/8/7K/4bk2/8 b - - 29 95
83	17	22	-6	-16	-100	0	Bg7	rn1qkb1r/pbpp1p2/1p2p2p/6p1/2PP4/2N2NP1/PPQ1PPP1/R3KB1R b KQkq - 0 9
83	19	22	7	-3	-73	0	g4	rn1qk2r/pbpp1pb1/1p2p2p/6p1/2PP4/2N2NP1/PPQ1PPP1/2KR1B1R b kq - 2 10
83	21	22	7	123	-30	0	h5	rn1qk2r/pbpp1pb1/1p2p2p/4N3/2PP2p1/2N3P1/PPQ1PPP1/2KR1B1R b kq - 1 11
83	23	22	-36	129	-25	0	Bxe5	rn1qk2r/pbpp1pb1/1p2p3/4N2p/2PP2p1/2N1P1P1/PPQ2PP1/2KR1B1R b kq - 0 12
83	25	20	41	166	-8	0	Qg5	rn1qk2r/pbpp1p2/1p2p3/4P2p/2P3p1/2N1P1P1/PPQ2PP1/2KR1B1R b kq - 0 13
83	27	20	14	144	1	0	Qxe5	rn2k2r/pbpp1p2/1p2p3/4P1qp/2P3p1/2NQP1P1/PP3PP1/2KR1B1R b kq - 2 14
83	29	20	-28	191	8	0	d6	rn2k2r/pbpp1p2/1p2p3/4q2p/2P1P1p1/2NQ2P1/PP3PP1/2KR1B1R b kq - 0 15
83	31	20	-23	212	28	0	gxf3	rn2k2r/pbp2p2/1p1pp3/4q2p/2P1PPp1/2NQ2P1/PP4P1/2KR1B1R b kq f3 0 16
83	33	20	14	318	28	0	Nc6	rn2k2r/pbp2p2/1p1pp3/4q2p/2P1P3/2N2QP1/PP4P1/2KR1B1R b kq - 0 17
83	35	20	77	324	62	0	Nd4	r3k2r/pbp2p2/1pnpp3/4q2p/2P1P3/2N2QP1/PP4P1/1K1R1B1R b kq - 2 18
83	37	20	20	313	64	0	O-O-O	r3k2r/pbp2p2/1p1pp3/4q2p/2PnPQ2/2N3P1/PP4P1/1K1R1B1R b kq - 4 19
83	39	20	-28	298	76	0	Qxf4	2kr3r/pbp2p2/1p1pp3/4q2p/2PnPQ1R/2N3P1/PP4P1/1K1R1B2 b - - 6 20
83	41	12	77	392	108	0	f5	2kr3r/pbp2p2/1p1pp3/7p/2PnPR2/2N3P1/PP4P1/1K1R1B2 b - - 0 21
83	43	12	59	322	92	0	c5	2kr3r/pbp5/1p1pp3/5p1p/2PnP3/2N3P1/PP3RP1/1K1R1B2 b - - 1 22
83	45	12	144	311	98	0	h4	2kr3r/pb6/1p1pp3/2p2p1p/2PnP3/2NB2P1/PP3RP1/1K1R4 b - - 1 23
83	47	12	-27	175	104	0	fxe4	2kr3r/pb6/1p1pp3/2p2p2/2PnP2P/2NB4/PP3RP1/1K1R4 b - - 0 24
83	49	12	4	199	108	0	Bxe4+	2kr3r/pb6/1p1pp3/2p5/2PnB2P/2N5/PP3RP1/1K1R4 b - - 0 25
83	51	10	-24	185	102	0	Rxh4	2kr3r/p7/1p1pp3/2p5/2PnN2P/8/PP3RP1/1K1R4 b - - 0 26
83	53	10	-15	278	116	0	Nf5	2kr4/p7/1p1pp3/2p5/2Pn3r/2N5/PP3RP1/1K1R4 b - - 1 27
83	55	10	-31	287	116	0	Rg8	2kr4/p7/1p1pp3/2p2n2/2P4r/2N5/PP3RP1/1K2R3 b - - 3 28
83	57	10	2	335	144	0	Rgg4	2k3r1/p7/1p1pp3/2p2n2/2P1N2r/8/PP3RP1/1K2R3 b - - 5 29
83	59	10	102	349	140	0	Nd4	2k5/p7/1p1pp3/2p2n2/2P1N1rr/8/PP2R1P1/1K2R3 b - - 7 30
83	61	10	-36	295	139	0	Kd7	2k5/p7/1p1Np3/2p5/2Pn2rr/8/PP2R1P1/1K2R3 b - - 0 31
83	63	10	-50	318	138	0	Nxe2	8/p2k1N2/1p2p3/2p5/2Pn2rr/8/PP2R1P1/1K2R3 b - - 2 32
83	65	8	-36	339	140	0	Kd6	8/p2k4/1p2p3/2p1N3/2P3rr/8/PP2n1P1/1K2R3 b - - 1 33
83	67	6	-4	369	139	0	Rxg4	8/p7/1p1kp3/2p5/2P3Nr/8/PP2n1P1/1K2R3 b - - 0 34
83	69	4	-4	362	137	0	Rxc4	8/p7/1p1kp3/2p5/2P3r1/8/PP2R1P1/1K6 b - - 0 35
83	71	4	-24	406	159	0	e5	8/p7/1p1kp3/2p5/2r5/P7/1P2R1P1/1K6 b - - 0 36
83	73	4	11	455	175	0	Rd4	8/p7/1p1k4/2p1p3/2r5/PP6/4R1P1/1K6 b - - 0 37
83	75	4	10	459	176	0	b5	8/p7/1p1k4/2p1p3/3r4/PP6/2K1R1P1/8 b - - 2 38
83	77	4	10	477	183	0	Rg4	8/p7/3k4/1pp1p3/3r4/PP2R3/2K3P1/8 b - - 1 39
83	79	4	1	487	181	0	b4	8/p7/3k4/1pp1p3/6r1/PP2R1P1/2K5/8 b - - 0 40
83	81	4	-37	527	206	0	cxb4	8/p7/3k4/2p1p3/1P4r1/1P2R1P1/2K5/8 b - - 0 41
83	83	4	-18	562	210	0	Kd5	8/p7/3k4/4p3/1p4r1/1P1KR1P1/8/8 b - - 1 42
83	85	4	14	614	221	0	e4	8/p7/8/3kp3/1p4r1/1P2R1P1/4K3/8 b - - 3 43
83	87	4	10	637	224	0	Rg7	8/p7/8/3k4/1p2p1r1/1P2R1P1/5K2/8 b - - 1 44
83	89	4	43	622	218	0	Rf7+	8/p5r1/8/3k4/1p2p3/1P4P1/5K2/4R3 b - - 3 45
83	91	4	-46	611	247	0	Kd4	8/p4r2/8/3k4/1p2p3/1P4P1/6K1/4R3 b - - 5 46
83	93	4	72	683	245	0	Rf4	8/p4r2/8/8/1p1kp1P1/1P6/6K1/4R3 b - - 0 47
83	95	4	-1	619	233	0	Rf3+	8/p7/8/8/1p1kprP1/1P4K1/8/4R3 b - - 2 48
83	97	4	187	718	198	0	Rxb3	8/p7/8/8/1p1kp1PK/1P3r2/8/4R3 b - - 4 49
83	99	4	157	580	189	0	Rb2	8/p7/8/6P1/1p1kp2K/1r6/8/4R3 b - - 0 50
83	101	4	-27	588	187	0	Rh2+	8/p7/8/6P1/1p1kp2K/8/1r6/6R1 b - - 2 51
83	103	4	38	650	209	0	e3	8/p7/8/6P1/1p1kp1K1/8/7r/6R1 b - - 4 52
83	105	4	-45	634	124	0	Rh8	8/p7/6P1/8/1p1k2K1/4p3/7r/6R1 b - - 0 53
83	107	4	171	710	147	0	Rc8	7r/p5P1/8/8/1p1k2K1/4p3/8/6R1 b - - 0 54
83	109	4	-67	607	148	0	Rg8	2r5/p5P1/8/8/1p1k4/4pK2/8/6R1 b - - 2 55
83	111	4	17	674	186	0	Kc3	6r1/p5P1/8/8/1p1k4/4pK2/8/3R4 b - - 4 56
83	113	4	-33	698	300	0	a5	6r1/p2R2P1/8/8/1p6/2k1pK2/8/8 b - - 6 57
83	115	4	156	703	373	0	b3	6r1/3R2P1/8/p7/1p6/2k1K3/8/8 b - - 0 58
83	117	4	51	751	400	0	Kb4	6r1/6P1/8/p7/8/1pkRK3/8/8 b - - 1 59
83	119	4	-32	785	626	0	Ka3	6r1/6P1/8/p7/1k1R4/1p2K3/8/8 b - - 3 60
83	121	4	-29	808	663	0	a4	6r1/6P1/8/p2R4/8/kp2K3/8/8 b - - 5 61
83	123	4	32	814	887	0	Ka2	6r1/6P1/8/8/p7/kp1RK3/8/8 b - - 1 62
83	125	4	2	879	1045	0	b2	6r1/6P1/8/8/p7/1p2K3/k2R4/8 b - - 3 63
83	127	4	-16	903	1254	0	Ka1	6r1/6P1/8/8/p7/4K3/kp4R1/8 b - - 1 64
83	129	4	-1	962	1229	0	a3	6r1/6P1/8/8/p5R1/4K3/1p6/k7 b - - 3 65
83	131	4	0	1000	1404	1	b1=Q+	6r1/6P1/8/8/4K1R1/p7/1p6/k7 b - - 1 66
83	133	8	0	1000	1529	1	a2	6r1/6P1/8/4K3/6R1/p7/8/kq6 b - - 1 67
83	135	8	0	1000	1679	1	Qf1+	6r1/6P1/5K2/8/6R1/8/p7/kq6 b - - 1 68
83	137	8	0	1000	2355	1	Kb2	6r1/6P1/4K3/8/6R1/8/p7/k4q2 b - - 3 69
83	139	8	0	1000	1000	1	Re8+	6r1/6P1/4K3/8/R7/8/pk6/5q2 b - - 5 70
83	141	8	0	1000	1000	1	Qf7+	4r3/3K2P1/8/8/R7/8/pk6/5q2 b - - 7 71
84	16	24	-33	-79	10	0	d5	r1bqk2r/pp3pbp/2np1np1/2p5/2PP4/1PB2N2/P4PPP/RN1QKB1R w KQkq - 3 9
84	18	24	19	30	10	0	Be2	r1bqk2r/pp2npbp/3p1np1/2pP4/2P5/1PB2N2/P4PPP/RN1QKB1R w KQkq - 1 10
84	20	24	10	17	11	0	h3	r1bq1rk1/pp2npbp/3p1np1/2pP4/2P5/1PB2N2/P3BPPP/RN1QK2R w KQ - 3 11
84	22	24	59	52	21	0	Qc1	r1b2rk1/pp2npbp/1q1p1np1/2pP4/2P5/1PB2N1P/P3BPP1/RN1QK2R w KQ - 1 12
84	24	24	59	0	8	0	Qb2	r1b2rk1/pp3pbp/1q1p1np1/2pP1n2/2P5/1PB2N1P/P3BPP1/RNQ1K2R w KQ - 3 13
84	26	24	-7	47	12	0	Bxg7	r1b2rk1/pp3pbp/1q1p2p1/2pP1n1n/2P5/1PB2N1P/PQ2BPP1/RN2K2R w KQ - 5 14
84	28	22	25	50	9	0	g3	r1b2rk1/pp3pnp/1q1p2p1/2pP3n/2P5/1P3N1P/PQ2BPP1/RN2K2R w KQ - 0 15
84	30	22	5	35	9	0	Qd2	r4rk1/pp1b1pnp/1q1p2p1/2pP3n/2P5/1P3NPP/PQ2BP2/RN2K2R w KQ - 1 16
84	32	22	14	39	4	0	Nc3	r4rk1/pp1b1pnp/1q1p1np1/2pP4/2P5/1P3NPP/P2QBP2/RN2K2R w KQ - 3 17
84	34	22	76	59	26	0	O-O-O	r3r1k1/pp1b1pnp/1q1p1np1/2pP4/2P5/1PN2NPP/P2QBP2/R3K2R w KQ - 5 18
84	36	22	57	103	50	0	Qg5	r3r1k1/pp1b1pn1/1q1p1np1/2pP3p/2P5/1PN2NPP/P2QBP2/2KR3R w - h6 0 19
84	38	22	2	46	66	0	Bd3	r2qr1k1/pp1b1pn1/3p1np1/2pP2Qp/2P5/1PN2NPP/P3BP2/2KR3R w - - 2 20
84	40	22	109	153	56	0	Kb1	2rqr1k1/pp1b1pn1/3p1np1/2pP2Qp/2P5/1PNB1NPP/P4P2/2KR3R w - - 4 21
84	42	22	25	25	58	0	a4	2rqr1k1/1p1b1pn1/p2p1np1/2pP2Qp/2P5/1PNB1NPP/P4P2/1K1R3R w - - 0 22
84	44	22	145	218	75	0	Ka2	2rqr1k1/1p1b1pn1/3p1np1/p1pP2Qp/P1P5/1PNB1NPP/5P2/1K1R3R w - - 0 23
84	46	22	-10	274	101	0	Qf4	2rqr1k1/1p1b1p2/3p1np1/p1pP1nQp/P1P5/1PNB1NPP/K4P2/3R3R w - - 2 24
84	48	22	269	361	131	0	Nb5	2r1r1k1/1p1b1p2/1q1p1np1/p1pP1n1p/P1P2Q2/1PNB1NPP/K4P2/3R3R w - - 4 25
84	50	22	5	439	222	0	g4	2rqr1k1/1p1b1p2/3p1np1/pNpP1n1p/P1P2Q2/1P1B1NPP/K4P2/3R3R w - - 6 26
84	52	22	-27	569	225	0	hxg4	2rqr1k1/1p1b1p2/3p1np1/pNpP1n2/P1P2Qp1/1P1B1N1P/K4P2/3R3R w - - 0 27
84	54	22	-12	592	271	0	Qxg4	2rqr1k1/1p1b1p2/3p2p1/pNpP1n2/P1P2Qn1/1P1B1N2/K4P2/3R3R w - - 0 28
84	56	21	-31	671	324	0	Qf4	2rqr1k1/1p1b1p2/3p2p1/pNpP4/P1P3Q1/1P1BnN2/K4P2/3R3R w - - 1 29
84	58	19	31	722	312	0	Nxd6	2rqr1k1/1p1b1p2/3p2p1/pNpP4/P1P2Q2/1P1B1N2/K4P2/3n3R w - - 0 30
84	60	19	-7	736	348	0	Kb2	2rqr1k1/1p1b1p2/3N2p1/p1pP4/P1P2Q2/1PnB1N2/K4P2/7R w - - 1 31
84	62	19	-49	786	370	0	Ka3	2rqr1k1/1p1b1p2/3N2p1/p1pP4/n1P2Q2/1P1B1N2/1K3P2/7R w - - 0 32
84	64	19	-1	899	544	0	Nxf7	2r1r1k1/1p1bqp2/3N2p1/p1pP4/n1P2Q2/KP1B1N2/5P2/7R w - - 2 33
84	66	18	0	980	795	0	Rh8+	2r1r1k1/1p1b1q2/6p1/p1pP4/n1P2Q2/KP1B1N2/5P2/7R w - - 0 34
84	68	16	0	1000	810	0	Qxf7	2r1r2k/1p1b1q2/6p1/p1pP4/n1P2Q2/KP1B1N2/5P2/8 w - - 0 35
84	70	12	0	1000	819	0	Qxd7	2r3rk/1p1b1Q2/6p1/p1pP4/n1P5/KP1B1N2/5P2/8 w - - 1 36
84	72	11	0	1000	899	0	Qh3+	2r3rk/1p1Q4/1n4p1/p1pP4/2P5/KP1B1N2/5P2/8 w - - 1 37
84	74	11	0	1000	899	0	Qe6	2r3r1/1p4k1/1n4p1/p1pP4/2P5/KP1B1N1Q/5P2/8 w - - 3 38
84	76	11	0	1000	1049	1	bxc4	2r3r1/1p4k1/4Q1p1/p1pP4/2n5/KP1B1N2/5P2/8 w - - 0 39
84	78	10	0	1000	1000	1	Ng5	2r3rk/1p6/4Q1p1/p1pP4/2P5/K2B1N2/5P2/8 w - - 1 40
84	80	10	0	1000	1000	1	Qd7	2r3rk/8/4Q1p1/pppP2N1/2P5/K2B4/5P2/8 w - b6 0 41
84	82	10	0	1000	1000	1	Ka4	2r3rk/3Q4/6p1/p1pP2N1/1pP5/K2B4/5P2/8 w - - 0 42
84	84	10	0	1000	1000	1	Qxc7	6rk/2rQ4/6p1/p1pP2N1/KpP5/3B4/5P2/8 w - - 2 43
84	86	8	0	1000	1000	1	Qh2+	7k/2Q3r1/6p1/p1pP2N1/KpP5/3B4/5P2/8 w - - 1 44
84	88	8	0	1000	1000	1	Qb8#	6k1/6r1/6p1/p1pP2N1/KpP5/3B4/5P1Q/8 w - - 3 45
85	17	24	71	-16	-38	0	b6	rnbq1rk1/1ppnppbp/3p2p1/8/pP1PP3/5NP1/PBP2PBP/RN1Q1RK1 b - e3 0 9
85	19	24	17	-57	-31	0	Ba6	rnbq1rk1/2pnppbp/1p1p2p1/8/pP1PP3/P4NP1/1BP2PBP/RN1Q1RK1 b - - 0 10
85	21	24	27	-74	-27	0	e5	rn1q1rk1/2pnppbp/bp1p2p1/8/pP1PP3/P4NP1/1BP2PBP/RN1QR1K1 b - - 2 11
85	23	24	-4	-105	-39	0	Nf6	rn1q1rk1/2pn1pbp/bp1p2p1/3Pp3/pP2P3/P4NP1/1BP2PBP/RN1QR1K1 b - - 0 12
85	25	24	66	-108	-36	0	h6	rn1q1rk1/2p2pbp/bp1p1np1/3Pp3/pP2P3/P1N2NP1/1BP2PBP/R2QR1K1 b - - 2 13
85	27	24	1	-186	-16	0	c6	rn1q1rk1/2p2pb1/bp1p1npp/3Pp3/NP2P3/P4NP1/1BP2PBP/R2QR1K1 b - - 0 14
85	29	24	4	-183	-28	0	cxd5	rn1q1rk1/5pb1/bppp1npp/3Pp3/1P2P3/P1N2NP1/1BP2PBP/R2QR1K1 b - - 1 15
85	31	24	10	-182	-18	0	Nc6	rn1q1rk1/5pb1/bp1p1npp/3Np3/1P2P3/P4NP1/1BP2PBP/R2QR1K1 b - - 0 16
85	33	24	3	-184	-38	0	Nxd5	r2q1rk1/5pb1/bpnp1npp/3Np3/1P2P3/P4NP1/1BP2PBP/2RQR1K1 b - - 2 17
85	35	22	-1	-158	-52	0	Ne7	r2q1rk1/5pb1/bpnp2pp/3Pp3/1P6/P4NP1/1BP2PBP/2RQR1K1 b - - 0 18
85	37	22	59	-168	-52	0	Rc8	r2q1rk1/4npb1/bp1p2pp/3Pp3/1PP5/P4NP1/1B3PBP/2RQR1K1 b - c3 0 19
85	39	22	27	-221	-46	0	Re8	2rq1rk1/4npb1/bp1p2pp/3Pp3/1PP5/PQ3NP1/1B3PBP/2R1R1K1 b - - 2 20
85	41	22	-14	-184	-41	0	Ra8	2rqr1k1/4npb1/bp1p2pp/3Pp3/1PP5/PQ3NPB/1B3P1P/2R1R1K1 b - - 4 21
85	43	22	7	-152	-41	0	Nf5	r2qr1k1/4npb1/bp1p2pp/3Pp3/1PP5/PQ3NP1/1B3P1P/2R1RBK1 b - - 6 22
85	45	22	9	-151	-49	0	Qf6	r2qr1k1/5pb1/bp1p2pp/3Ppn2/1PP5/PQ1B1NP1/1B3P1P/2R1R1K1 b - - 8 23
85	47	22	-3	-140	-45	0	Bc8	r3r1k1/5pb1/bp1p1qpp/1P1Ppn2/2P5/PQ1B1NP1/1B3P1P/2R1R1K1 b - - 0 24
85	49	22	198	-91	-44	0	Ne7	r1b1r1k1/5pb1/1p1p1qpp/1P1Ppn2/2P1B3/PQ3NP1/1B3P1P/2R1R1K1 b - - 2 25
85	51	22	95	-257	-51	0	dxe5	r1b1r1k1/4npb1/1p1p1qpp/1P1PN3/2P1B3/PQ4P1/1B3P1P/2R1R1K1 b - - 0 26
85	53	21	19	-363	-87	0	Rb8	r1b1r1k1/4npb1/1p1P1qpp/1P2p3/2P1B3/PQ4P1/1B3P1P/2R1R1K1 b - - 0 27
85	55	20	7	-385	-110	0	Qxe7	1rb1r1k1/4Ppb1/1p3qpp/1P2p3/2P1B3/PQ4P1/1B3P1P/2R1R1K1 b - - 0 28
85	57	20	1	-358	-67	0	Bd7	1rb1r1k1/4qpb1/1pB3pp/1P2p3/2P5/PQ4P1/1B3P1P/2R1R1K1 b - - 1 29
85	59	19	7	-401	-79	0	Qxd7	1r2r1k1/3Bqpb1/1p4pp/1P2p3/2P5/PQ4P1/1B3P1P/2R1R1K1 b - - 0 30
85	61	18	6	-395	-102	0	bxc5	1r2r1k1/3q1pb1/1p4pp/1PP1p3/8/PQ4P1/1B3P1P/2R1R1K1 b - - 0 31
85	63	18	64	-407	-106	0	Rbc8	1r2r1k1/3q1pb1/6pp/1PR1p3/8/PQ4P1/1B3P1P/4R1K1 b - - 0 32
85	65	16	-4	-510	-137	0	Qxc8	2R1r1k1/3q1pb1/6pp/1P2p3/8/PQ4P1/1B3P1P/4R1K1 b - - 0 33
85	67	14	20	-496	-118	0	Qe6	2q1r1k1/5pb1/1P4pp/4p3/8/PQ4P1/1B3P1P/4R1K1 b - - 0 34
85	69	14	53	-532	-187	0	Qf5	4r1k1/5pb1/1P2q1pp/4p3/8/PQ2R1P1/1B3P1P/6K1 b - - 2 35
85	71	14	23	-542	-182	0	Rb8	4r1k1/1P3pb1/6pp/4pq2/8/PQ2R1P1/1B3P1P/6K1 b - - 0 36
85	73	14	80	-560	-189	0	Kh7	1r4k1/1P3pb1/6pp/1Q2pq2/8/P3R1P1/1B3P1P/6K1 b - - 2 37
85	75	14	82	-509	-247	0	Bf8	1r6/1P3pbk/6pp/1Q2pq2/8/P1R3P1/1B3P1P/6K1 b - - 4 38
85	77	14	151	-293	-196	0	Bg7	1r3b2/1P3p1k/1Q4pp/4pq2/8/P1R3P1/1B3P1P/6K1 b - - 6 39
85	79	14	23	-474	-252	0	e4	1r6/1P3pbk/1Q4pp/4pq2/7P/P1R3P1/1B3P2/6K1 b - h3 0 40
85	81	14	1	-2	0	0	Bxc3	1r6/QP3pbk/6pp/5q2/4p2P/P1R3P1/1B3P2/6K1 b - - 1 41
85	83	11	0	0	0	0	e3	1r6/QP3p1k/6pp/5q2/4p2P/P1B3P1/5P2/6K1 b - - 0 42
85	85	9	0	0	0	0	Qxf2+	1Q6/1P3p1k/6pp/5q2/7P/P1B1p1P1/5P2/6K1 b - - 0 43
85	87	9	0	0	0	0	Qf3+	1Q6/1P3p1k/6pp/8/7P/P1B1p1P1/5q2/7K b - - 1 44
85	89	9	0	0	0	0	Qf2+	1Q6/1P3p1k/6pp/8/7P/P1B1pqP1/7K/8 b - - 3 45
85	91	9	0	0	0	0	Qf1+	1Q6/1P3p1k/6pp/8/7P/P1B1p1PK/5q2/8 b - - 5 46
85	93	9	0	0	0	0	Qf2+	1Q6/1P3p1k/6pp/8/7P/P1B1p1P1/7K/5q2 b - - 7 47
85	95	9	0	0	0	0	Qf1+	1Q6/1P3p1k/6pp/8/7P/P1B1p1PK/5q2/8 b - - 9 48
85	97	9	0	0	0	0	Qf2+	1Q6/1P3p1k/6pp/8/7P/P1B1p1P1/7K/5q2 b - - 11 49
86	16	24	25	43	39	0	e4	rnbq1rk1/1ppnppbp/3p2p1/8/pP1P4/5NP1/PBP1PPBP/RN1Q1RK1 w - - 1 9
86	18	24	21	30	34	0	a3	rnbq1rk1/1ppn1pbp/3p2p1/4p3/pP1PP3/5NP1/PBP2PBP/RN1Q1RK1 w - e6 0 10
86	20	24	5	5	24	0	Bxd4	rnbq1rk1/1ppn1pbp/3p2p1/8/pP1pP3/P4NP1/1BP2PBP/RN1Q1RK1 w - - 0 11
86	22	24	57	40	21	0	Nc3	rnbq1rk1/1pp2pbp/3p1np1/8/pP1BP3/P4NP1/2P2PBP/RN1Q1RK1 w - - 1 12
86	24	24	24	-15	14	0	h3	r1bq1rk1/1pp2pbp/2np1np1/8/pP1BP3/P1N2NP1/2P2PBP/R2Q1RK1 w - - 3 13
86	26	24	53	-9	19	0	Nd5	r2q1rk1/1pp2pbp/2npbnp1/8/pP1BP3/P1N2NPP/2P2PB1/R2Q1RK1 w - - 1 14
86	28	23	-5	-57	22	0	Nxd4	r2q1rk1/1pp2pbp/3pbnp1/3N4/pP1nP3/P4NPP/2P2PB1/R2Q1RK1 w - - 0 15
86	30	22	132	-49	14	0	Rc1	r2q1rk1/1ppb1pbp/3p1np1/3N4/pP1NP3/P5PP/2P2PB1/R2Q1RK1 w - - 1 16
86	32	22	10	-178	15	0	bxc5	r2q1rk1/1p1b1pbp/3p1np1/2pN4/pP1NP3/P5PP/2P2PB1/2RQ1RK1 w - c6 0 17
86	34	22	14	-115	10	0	Ne2	r2q1rk1/1p1b1pbp/5np1/2pN4/p2NP3/P5PP/2P2PB1/2RQ1RK1 w - - 0 18
86	36	22	31	-36	11	0	Nec3	r2qr1k1/1p1b1pbp/5np1/2pN4/p3P3/P5PP/2P1NPB1/2RQ1RK1 w - - 2 19
86	38	22	11	-25	12	0	Nxf6+	2rqr1k1/1p1b1pbp/5np1/2pN4/p3P3/P1N3PP/2P2PB1/2RQ1RK1 w - - 4 20
86	40	20	-11	-49	7	0	Nd5	2rqr1k1/1p1b1p1p/5bp1/2p5/p3P3/P1N3PP/2P2PB1/2RQ1RK1 w - - 0 21
86	42	20	51	-36	12	0	c3	2rqr1k1/1p3p1p/2b2bp1/2pN4/p3P3/P5PP/2P2PB1/2RQ1RK1 w - - 2 22
86	44	20	75	-29	16	0	Qf3	2rqr1k1/1p3p1p/2b2bp1/3N4/p1p1P3/P1P3PP/5PB1/2RQ1RK1 w - - 0 23
86	46	19	43	-124	0	0	exd5	2rqr1k1/1p3p1p/5bp1/3b4/p1p1P3/P1P2QPP/5PB1/2R2RK1 w - - 0 24
86	48	18	102	-69	15	0	Rb1	2rqr1k1/1p2bp1p/6p1/3P4/p1p5/P1P2QPP/5PB1/2R2RK1 w - - 1 25
86	50	18	-2	-3	19	0	d6	2r1r1k1/1p1qbp1p/6p1/3P4/p1p5/P1P2QPP/5PB1/1R3RK1 w - - 3 26
86	52	18	1	0	10	0	Rxb7	2r1r1k1/1p2bp1p/3q2p1/8/p1p5/P1P2QPP/5PB1/1R3RK1 w - - 0 27
86	54	18	0	0	0	0	Rd1	2r1r1k1/1R2bp1p/6p1/8/p1p5/q1P2QPP/5PB1/5RK1 w - - 0 28
86	56	18	3	1	0	0	Rc7	1r2r1k1/1R2bp1p/6p1/8/p1p5/q1P2QPP/5PB1/3R2K1 w - - 2 29
86	58	18	0	0	0	0	Ra7	1rr3k1/2R1bp1p/6p1/8/p1p5/q1P2QPP/5PB1/3R2K1 w - - 4 30
86	60	18	0	0	-9	0	Qc6	1r3rk1/R3bp1p/6p1/8/p1p5/q1P2QPP/5PB1/3R2K1 w - - 6 31
86	62	18	5	0	21	0	Rxa4	1r3rk1/R4p1p/2Q3p1/2b5/p1p5/q1P3PP/5PB1/3R2K1 w - - 8 32
86	64	18	-9	-1	30	0	Raa1	1r3rk1/5p1p/2Q3p1/2b5/R1p5/1qP3PP/5PB1/3R2K1 w - - 1 33
86	66	18	17	18	11	0	Bd5	1r3rk1/5p1p/2Q3p1/8/2p5/bqP3PP/5PB1/R2R2K1 w - - 3 34
86	68	18	-9	2	45	0	Bxc4	1r3rk1/5p1p/2Q3p1/3B4/2p5/1qP3PP/1b3P2/R2R2K1 w - - 5 35
86	70	18	-1	5	39	0	Rab1	1r3rk1/5p1p/2Q3p1/8/2B5/2P3PP/1bq2P2/R2R2K1 w - - 1 36
86	72	18	9	13	66	0	Bd5	3r1rk1/5p1p/2Q3p1/8/2B5/2P3PP/1bq2P2/1R1R2K1 w - - 3 37
86	74	18	7	7	54	0	Qb5	3r1r2/5pkp/2Q3p1/3B4/8/2P3PP/1bq2P2/1R1R2K1 w - - 5 38
86	76	18	0	0	36	0	Qc4	1r3r2/5pkp/6p1/1Q1B4/8/2P3PP/1bq2P2/1R1R2K1 w - - 7 39
86	78	18	0	0	36	0	Qa2	1r3r2/5pkp/6p1/3B4/2Q5/2q3PP/1b3P2/1R1R2K1 w - - 0 40
86	80	18	4	4	38	0	Re1	1r3r2/5pk1/6pp/3B4/8/2q3PP/Qb3P2/1R1R2K1 w - - 0 41
86	82	18	2	2	34	0	Kg2	1r3r2/5pk1/6pp/3B4/8/b1q3PP/Q4P2/1R2R1K1 w - - 2 42
86	84	16	7	0	31	0	Rxb1	5r2/5pk1/6pp/3B4/8/b1q3PP/Q4PK1/1r2R3 w - - 0 43
86	86	14	3	0	32	0	Qe2	5r2/5pk1/6pp/3B4/1b6/2q3PP/Q4PK1/1R6 w - - 1 44
86	88	14	-2	-3	39	0	Rd1	5r2/5pk1/6pp/3B4/1b1q4/6PP/4QPK1/1R6 w - - 3 45
86	90	14	1	0	40	0	Rd3	5r2/5pk1/6pp/3B4/1b6/2q3PP/4QPK1/3R4 w - - 5 46
86	92	14	6	6	66	0	Qg4	5r2/5pk1/5qpp/3B4/1b6/3R2PP/4QPK1/8 w - - 7 47
86	94	14	0	0	43	0	Rf3	5r2/5pk1/5qpp/2bB4/6Q1/3R2PP/5PK1/8 w - - 9 48
86	96	14	-2	-6	48	0	Qd7	5r2/5pk1/6pp/2bB4/3q2Q1/5RPP/5PK1/8 w - - 11 49
86	98	14	-2	-5	46	0	Qc6	5r2/3Qbpk1/6pp/3B4/3q4/5RPP/5PK1/8 w - - 13 50
86	100	14	0	0	51	0	Qb7	5r2/4bpk1/2Q3pp/2qB4/8/5RPP/5PK1/8 w - - 15 51
86	102	14	3	-3	45	0	Rf4	5r2/1Q3pk1/5bpp/2qB4/8/5RPP/5PK1/8 w - - 17 52
86	104	14	-3	-6	51	0	Rb4	2q2r2/1Q3pk1/5bpp/3B4/5R2/6PP/5PK1/8 w - - 19 53
86	106	14	8	0	61	0	Rc4	3q1r2/1Q3pk1/5bpp/3B4/1R6/6PP/5PK1/8 w - - 21 54
86	108	14	11	0	59	0	f4	3q1r2/1Q3pk1/6pp/3Bb3/2R5/6PP/5PK1/8 w - - 23 55
86	110	14	-3	-6	65	0	Qb5	3q1r2/1Q3pk1/3b2pp/3B4/2R2P2/6PP/6K1/8 w - - 1 56
86	112	14	-4	-6	60	0	Qa4	1q3r2/5pk1/3b2pp/1Q1B4/2R2P2/6PP/6K1/8 w - - 3 57
86	114	14	0	0	24	0	Qa1+	1q1r4/5pk1/3b2pp/3B4/Q1R2P2/6PP/6K1/8 w - - 5 58
86	116	14	4	0	7	0	Qa5	1q1r4/5pk1/6pp/3Bb3/2R2P2/6PP/6K1/Q7 w - - 7 59
86	118	14	420	0	0	0	Kf1	3r4/5pk1/6pp/Q2Bb3/2R2P2/6PP/1q4K1/8 w - - 9 60
86	120	14	1	1	25	0	Qxa1	3r4/5pk1/6pp/Q2Bb3/2R2P2/6PP/8/q4K2 w - - 11 61
86	122	6	-2	-2	19	0	Rc5	3r4/5pk1/6pp/3B4/2R2P2/6PP/8/b4K2 w - - 0 62
86	124	6	0	0	29	0	Rb5	3r4/5pk1/6pp/2RB4/3b1P2/6PP/8/5K2 w - - 2 63
86	126	6	-2	-2	27	0	Ke2	8/3r1pk1/6pp/1R1B4/3b1P2/6PP/8/5K2 w - - 4 64
86	128	6	-3	-5	0	0	Kf3	8/4rpk1/6pp/1R1B4/3b1P2/6PP/4K3/8 w - - 6 65
86	130	6	0	0	0	0	Kg2	8/5pk1/6pp/1R1B4/3b1P2/4rKPP/8/8 w - - 8 66
86	132	6	4	-3	0	0	Kf3	8/5pk1/6pp/1R1B4/3b1P2/6PP/4r1K1/8 w - - 10 67
86	134	6	5	-1	0	0	Kg2	8/5pk1/6pp/1R1B4/3b1P2/4rKPP/8/8 w - - 12 68
86	136	6	0	0	0	0	Kf3	8/5pk1/6pp/1R1B4/3b1P2/6PP/4r1K1/8 w - - 14 69
87	16	22	6	44	59	0	d5	rn1qk2r/pb3ppp/1p1ppn2/2p5/2PPP3/3B1N2/PP1N1PPP/R2QK2R w KQkq - 0 9
87	18	22	3	40	38	0	O-O	r2qk2r/pb1n1ppp/1p1ppn2/2pP4/2P1P3/3B1N2/PP1N1PPP/R2QK2R w KQkq - 1 10
87	20	22	6	44	32	0	a4	r2q1rk1/pb1n1ppp/1p1ppn2/2pP4/2P1P3/3B1N2/PP1N1PPP/R2Q1RK1 w - - 3 11
87	22	22	-13	90	38	0	Nxe5	r2q1rk1/pb3ppp/1p1ppn2/2pPn3/P1P1P3/3B1N2/1P1N1PPP/R2Q1RK1 w - - 1 12
87	24	20	17	95	37	0	Qf3	r2q1rk1/pb3ppp/1p2pn2/2pPp3/P1P1P3/3B4/1P1N1PPP/R2Q1RK1 w - - 0 13
87	26	20	10	88	66	0	Rae1	r2qr1k1/pb3ppp/1p2pn2/2pPp3/P1P1P3/3B1Q2/1P1N1PPP/R4RK1 w - - 2 14
87	28	20	2	82	66	0	Nb1	r3r1k1/pbq2ppp/1p2pn2/2pPp3/P1P1P3/3B1Q2/1P1N1PPP/4RRK1 w - - 4 15
87	30	20	1	78	60	0	Nc3	3rr1k1/pbq2ppp/1p2pn2/2pPp3/P1P1P3/3B1Q2/1P3PPP/1N2RRK1 w - - 6 16
87	32	20	-3	90	62	0	b3	3rr1k1/1bq2ppp/pp2pn2/2pPp3/P1P1P3/2NB1Q2/1P3PPP/4RRK1 w - - 0 17
87	34	20	-2	94	61	0	h3	3rr1k1/1bq2pp1/pp2pn1p/2pPp3/P1P1P3/1PNB1Q2/5PPP/4RRK1 w - - 0 18
87	36	20	34	102	69	0	Nd1	3r1rk1/1bq2pp1/pp2pn1p/2pPp3/P1P1P3/1PNB1Q1P/5PP1/4RRK1 w - - 1 19
87	38	20	7	90	73	0	Ne3	3rr1k1/1bq2pp1/pp2pn1p/2pPp3/P1P1P3/1P1B1Q1P/5PP1/3NRRK1 w - - 3 20
87	40	20	70	115	70	0	Ng4	3rr1k1/1b3pp1/pp1qpn1p/2pPp3/P1P1P3/1P1BNQ1P/5PP1/4RRK1 w - - 5 21
87	42	20	-2	139	79	0	Qg3	3rr1k1/1b1n1pp1/pp1qp2p/2pPp3/P1P1P1N1/1P1B1Q1P/5PP1/4RRK1 w - - 7 22
87	44	20	3	154	94	0	Ne3	3rr1k1/1b1n1pp1/pp1qp3/2pPp2p/P1P1P1N1/1P1B2QP/5PP1/4RRK1 w - - 0 23
87	46	20	-8	146	98	0	h4	3rr1k1/1b1nqpp1/pp2p3/2pPp2p/P1P1P3/1P1BN1QP/5PP1/4RRK1 w - - 2 24
87	48	20	-24	231	103	0	Qg5	3rr1k1/1b1n1pp1/pp1qp3/2pPp2p/P1P1P2P/1P1BN1Q1/5PP1/4RRK1 w - - 1 25
87	50	20	-46	414	114	0	f4	3rr1k1/1b3pp1/pp1qpn2/2pPp1Qp/P1P1P2P/1P1BN3/5PP1/4RRK1 w - - 3 26
87	52	20	-9	471	129	0	f5	3rr1k1/1b1n1pp1/pp1qp3/2pPp1Qp/P1P1PP1P/1P1BN3/6P1/4RRK1 w - - 1 27
87	54	20	151	487	132	0	cxd5	3rr1k1/1b1n1pp1/pp1q4/2pppPQp/P1P1P2P/1P1BN3/6P1/4RRK1 w - - 0 28
87	56	20	56	308	169	0	Rf3	3rr1k1/1b3pp1/pp1q1n2/2pPpPQp/P3P2P/1P1BN3/6P1/4RRK1 w - - 1 29
87	58	20	-32	448	177	0	Qxh5	3rr1k1/1b3ppn/pp1q4/2pPpPQp/P3P2P/1P1BNR2/6P1/4R1K1 w - - 3 30
87	60	20	0	485	165	0	Qg5	3rr1k1/1b3pp1/pp1q1n2/2pPpP1Q/P3P2P/1P1BNR2/6P1/4R1K1 w - - 1 31
87	62	20	19	492	171	0	Qg3	3rr1k1/1b3ppn/pp1q4/2pPpPQ1/P3P2P/1P1BNR2/6P1/4R1K1 w - - 3 32
87	64	20	5	488	175	0	Nc4	3rr1k1/1b3pp1/pp1q1n2/2pPpP2/P3P2P/1P1BNRQ1/6P1/4R1K1 w - - 5 33
87	66	20	169	492	185	0	Rfe3	3rr1k1/1bq2pp1/pp3n2/2pPpP2/P1N1P2P/1P1B1RQ1/6P1/4R1K1 w - - 7 34
87	68	20	6	338	157	0	axb5	3rr1k1/1bq2pp1/p4n2/1ppPpP2/P1N1P2P/1P1BR1Q1/6P1/4R1K1 w - - 0 35
87	70	20	-11	300	167	0	Na3	3rr1k1/1bq2pp1/5n2/1ppPpP2/2N1P2P/1P1BR1Q1/6P1/4R1K1 w - - 0 36
87	72	20	-46	372	156	0	Nc4	3rr1k1/1bq2pp1/5n2/2pPpP2/1p2P2P/NP1BR1Q1/6P1/4R1K1 w - - 0 37
87	74	20	-29	398	237	0	Qg5	3rrk2/1bq2pp1/5n2/2pPpP2/1pN1P2P/1P1BR1Q1/6P1/4R1K1 w - - 2 38
87	76	20	-10	417	243	0	Qh5	3rrk2/1bq2ppn/8/2pPpPQ1/1pN1P2P/1P1BR3/6P1/4R1K1 w - - 4 39
87	78	20	8	590	272	0	Rg3	3rr1k1/1bq2ppn/8/2pPpP1Q/1pN1P2P/1P1BR3/6P1/4R1K1 w - - 6 40
87	80	20	60	591	257	0	Na5	3rr1k1/1b2qppn/8/2pPpP1Q/1pN1P2P/1P1B2R1/6P1/4R1K1 w - - 8 41
87	82	20	-31	586	294	0	Bb5	b2rr1k1/4qppn/8/N1pPpP1Q/1p2P2P/1P1B2R1/6P1/4R1K1 w - - 10 42
87	84	20	17	612	305	0	Nc4	b2r1rk1/4qppn/8/NBpPpP1Q/1p2P2P/1P4R1/6P1/4R1K1 w - - 12 43
87	86	20	15	590	314	0	d6	b2r1rk1/5ppn/5q2/1BpPpP1Q/1pN1P2P/1P4R1/6P1/4R1K1 w - - 14 44
87	88	20	-21	668	320	0	Nxd6	b4rk1/5ppn/3r1q2/1Bp1pP1Q/1pN1P2P/1P4R1/6P1/4R1K1 w - - 0 45
87	90	17	74	700	344	0	Bc4	b4rk1/5ppn/3q4/1Bp1pP1Q/1p2P2P/1P4R1/6P1/4R1K1 w - - 0 46
87	92	17	-29	787	572	0	Ree3	b4rk1/5ppn/8/2p1pP1Q/1pBqP2P/1P4R1/6P1/4R1K1 w - - 2 47
87	94	17	-35	965	949	0	Bxf7	b4r1k/5ppn/8/2p1pP1Q/1pBqP2P/1P2R1R1/6P1/6K1 w - - 4 48
87	96	17	0	1000	2974	0	Kh2	b4r1k/5Bpn/8/2p1pP1Q/1p2P2P/1P2R1R1/6P1/q5K1 w - - 1 49
87	98	17	0	1000	1000	1	Qg6	b4r1k/5Bpn/8/2p1pP1Q/1p2P2P/1P2R1R1/6PK/3q4 w - - 3 50
87	100	16	0	1000	1000	1	Qxf7	b6k/5rpn/6Q1/2p1pP2/1p2P2P/1P2R1R1/6PK/3q4 w - - 0 51
87	102	14	0	1000	1000	1	Qxd7	b6k/3q1Qpn/8/2p1pP2/1p2P2P/1P2R1R1/6PK/8 w - - 1 52
87	104	10	0	1000	1000	1	fxg6	b6k/3Q3n/8/2p1pPp1/1p2P2P/1P2R1R1/6PK/8 w - g6 0 53
87	106	10	0	1000	1000	1	g7+	b6k/3Q4/5nP1/2p1p3/1p2P2P/1P2R1R1/6PK/8 w - - 1 54
87	108	10	0	1000	1000	1	Qd8+	b5k1/3Q2P1/5n2/2p1p3/1p2P2P/1P2R1R1/6PK/8 w - - 1 55
88	17	22	0	-42	-40	0	O-O	rn1qk2r/pb3ppp/1p1ppn2/2pP4/2P1P3/3B1N2/PP1N1PPP/R2QK2R b KQkq - 0 9
88	19	22	-6	-41	-32	0	Nbd7	rn1q1rk1/pb3ppp/1p1ppn2/2pP4/2P1P3/3B1N2/PP1N1PPP/R2Q1RK1 b - - 2 10
88	21	22	5	-30	-29	0	Qc7	r2q1rk1/pb1n1ppp/1p1ppn2/2pP4/Q1P1P3/3B1N2/PP1N1PPP/R4RK1 b - - 4 11
88	23	22	0	-28	-22	0	Rae8	r4rk1/pbqn1ppp/1p1ppn2/2pP4/Q1P1P3/3B1N2/PP1N1PPP/3R1RK1 b - - 6 12
88	25	22	21	-28	-10	0	a5	4rrk1/pbqn1ppp/1p1ppn2/2pP4/Q1P1P3/3B1N2/PP1N1PPP/3RR1K1 b - - 8 13
88	27	22	13	-45	-16	0	h6	4rrk1/1bqn1ppp/1p1ppn2/p1pP4/2P1P3/3B1N2/PPQN1PPP/3RR1K1 b - - 1 14
88	29	22	5	-39	-17	0	Ba6	4rrk1/1bqn1pp1/1p1ppn1p/p1pP4/2P1P3/3B1N1P/PPQN1PP1/3RR1K1 b - - 0 15
88	31	22	19	-33	-18	0	Re7	4rrk1/2qn1pp1/bp1ppn1p/p1pP4/2P1P3/P2B1N1P/1PQN1PP1/3RR1K1 b - - 0 16
88	33	22	-3	-20	-13	0	fxe6	5rk1/2qnrpp1/bp1pPn1p/p1p5/2P1P3/P2B1N1P/1PQN1PP1/3RR1K1 b - - 0 17
88	35	22	13	-3	12	0	Nh5	5rk1/2qnr1p1/bp1ppn1p/p1p5/2P1P3/P2B1N1P/1PQ2PP1/1N1RR1K1 b - - 1 18
88	37	22	222	185	15	0	Nf4	5rk1/2qnr1p1/bp1pp2p/p1p4n/2P1P3/P1NB1N1P/1PQ2PP1/3RR1K1 b - - 3 19
88	39	22	2	30	11	0	Ref7	5rk1/2qnr1p1/bp1pp2p/p1p5/2P1Pn2/P1N2N1P/1PQ1BPP1/3RR1K1 b - - 5 20
88	41	22	-24	99	31	0	Bxb5	5rk1/2qn1rp1/bp1pp2p/pNp5/2P1Pn2/P4N1P/1PQ1BPP1/3RR1K1 b - - 7 21
88	43	20	21	118	33	0	d5	5rk1/2qn1rp1/1p1pp2p/pPp5/4Pn2/P4N1P/1PQ1BPP1/3RR1K1 b - - 0 22
88	45	20	-22	475	79	0	d4	5rk1/2qn1rp1/1p2p2p/pPpp4/4Pn1P/P4N2/1PQ1BPP1/3RR1K1 b - - 0 23
88	47	20	179	599	74	0	Ne5	5rk1/2qn1rp1/1p2p2p/pPp5/2BpPn1P/P4N2/1PQ2PP1/3RR1K1 b - - 1 24
88	49	19	-19	418	85	0	Qxe5	5rk1/2q2rp1/1p2p2p/pPp1N3/2BpPn1P/P7/1PQ2PP1/3RR1K1 b - - 0 25
88	51	18	59	449	85	0	Qh5	5rk1/5rp1/1p2p2p/pPp1q3/2BpPn1P/P7/1PQR1PP1/4R1K1 b - - 1 26
88	53	18	315	653	64	0	Qg4	5rk1/5rp1/1p2p2p/pPp4q/2BpPn1P/P5P1/1PQR1P2/4R1K1 b - - 0 27
88	55	18	-27	327	67	0	Nh3+	5rk1/5rp1/1p2p2p/pPp5/3pPnqP/P5P1/1PQR1P2/4RBK1 b - - 2 28
88	57	17	-18	355	74	0	Qxh3	5rk1/5rp1/1p2p2p/pPp5/3pP1qP/P5PB/1PQR1P2/4R1K1 b - - 0 29
88	59	16	89	422	138	0	g5	5rk1/5rp1/1p2p2p/pPp5/3pP2P/P5Pq/1PQRRP2/6K1 b - - 1 30
88	61	16	-27	473	115	0	hxg5	5rk1/5r2/1p2p2p/pPp3P1/3pP3/P5Pq/1PQRRP2/6K1 b - - 0 31
88	63	16	-11	518	133	0	Rh7	5rk1/5r2/1p2p3/pPp1P1p1/3p4/P5Pq/1PQRRP2/6K1 b - - 0 32
88	65	16	23	550	176	0	Kh8	5rk1/7r/1p2p1Q1/pPp1P1p1/3p4/P5Pq/1P1RRP2/6K1 b - - 2 33
88	67	16	16	549	176	0	Qh2+	5r1k/7r/1p2p3/pPp1P1p1/3pQ3/P5Pq/1P1RRP2/6K1 b - - 4 34
88	69	16	-10	568	194	0	Qxg3	5r1k/7r/1p2p3/pPp1P1p1/3pQ3/P5P1/1P1RRP1q/5K2 b - - 6 35
88	71	16	-8	572	194	0	Qh2	5r1k/7r/1p2p3/pPp1P1p1/3pQ3/P2R2q1/1P2RP2/5K2 b - - 1 36
88	73	16	30	582	235	0	Qf4	5r1k/7r/1pQ1p3/pPp1P1p1/3p4/P2R4/1P2RP1q/5K2 b - - 3 37
88	75	16	-66	700	536	0	g4	5r1k/7r/1pQ1p3/pPp1P1p1/3p1q2/P7/1P1RRP2/5K2 b - - 5 38
88	77	16	288	1000	525	0	d3	5r1k/7r/1p2p3/pPp1P3/3p1qp1/P7/1P1RRPQ1/5K2 b - - 1 39
88	79	16	1	734	543	0	Rh2	5r1k/7r/1p2p3/pPp1P3/5qp1/P2R4/1P2RPQ1/5K2 b - - 0 40
88	81	16	-5	739	581	0	Qh6	5r1k/8/1p2p3/pPp1P3/5qp1/P2R4/1P2RP1r/5KQ1 b - - 2 41
88	83	16	-26	773	607	0	Rh1	5r1k/8/1p2p2q/pPp1P3/6p1/P3R3/1P2RP1r/5KQ1 b - - 4 42
88	85	16	5	821	666	0	Rxg1+	5r1k/8/1p2p2q/pPp1P3/6p1/P3R3/1P2RPK1/6Qr b - - 6 43
88	87	10	53	856	668	0	Rf3	5r1k/8/1p2p2q/pPp1P3/6p1/P3R3/1P2RP2/6K1 b - - 0 44
88	89	10	-39	891	1126	0	Qh4	7k/8/1p2p2q/pPp1P3/6p1/P3Rr2/1P3P2/4R1K1 b - - 2 45
88	91	10	0	1000	1198	1	g3	7k/8/1p2p3/pPp1P3/6pq/P3Rr2/1P2RP2/6K1 b - - 4 46
88	93	10	0	1000	1245	1	Qd4	7k/8/1p2p3/pPp1P3/7q/P3RrP1/1P2R3/6K1 b - - 0 47
88	95	10	0	1000	1313	1	Rxe3	7k/8/1p2p3/pPp1P3/3q4/P3RrP1/1P2R1K1/8 b - - 2 48
88	97	6	0	1000	1337	1	Qxe3	7k/8/1p2p3/pPp1P3/3q4/P3R1P1/1P4K1/8 b - - 0 49
88	99	4	0	1000	1432	1	Qxe5	7k/8/1p2p3/pPp1P3/P7/4q1P1/1P4K1/8 b - - 0 50
88	101	4	0	1000	1457	1	Qc3	7k/8/1p2p3/pPp1q3/P7/1P4P1/6K1/8 b - - 0 51
88	103	4	0	1000	1569	1	Qxb3	7k/8/1p2p3/pPp5/P5P1/1Pq5/6K1/8 b - - 0 52
89	17	24	68	48	-9	0	Ne7	r1bqk2r/pp3pbp/2np1np1/2pP4/2P5/1PB2N2/P4PPP/RN1QKB1R b KQkq - 0 9
89	19	24	10	-16	-20	0	O-O	r1bqk2r/pp2npbp/3p1np1/2pP4/2P5/1PBB1N2/P4PPP/RN1QK2R b KQkq - 2 10
89	21	24	2	-16	-11	0	Bf5	r1bq1rk1/pp2npbp/3p1np1/2pP4/2P5/1PBB1N2/P4PPP/RN1Q1RK1 b - - 4 11
89	23	24	6	-5	-8	0	Qd7	r2q1rk1/pp2npbp/3p1np1/2pP1b2/2P5/1P1B1N2/PB3PPP/RN1Q1RK1 b - - 6 12
89	25	24	3	-10	-11	0	Rae8	r4rk1/pp1qnpbp/3p1np1/2pP1b2/2P5/1PNB1N2/PB3PPP/R2Q1RK1 b - - 8 13
89	27	24	12	12	5	0	Nh5	4rrk1/pp1qnpbp/3p1np1/2pP1b2/2P5/1PNB1N2/PBQ2PPP/R4RK1 b - - 10 14
89	29	23	16	0	5	0	Nxf5	4rrk1/pp1qnpbp/3p2p1/2pP1B1n/2P5/1PN2N2/PBQ2PPP/R4RK1 b - - 0 15
89	31	22	0	-2	24	0	Nd4	4rrk1/pp1q1pbp/3p2p1/2pP1n1n/2P5/1PN2N2/PBQ2PPP/3R1RK1 b - - 1 16
89	33	21	2	-3	7	0	Bxd4	4rrk1/pp1q1pbp/3p2p1/2pP3n/2PN4/1PN5/PBQ2PPP/3R1RK1 b - - 0 17
89	35	20	-7	-6	7	0	a6	4rrk1/pp1q1p1p/3p2p1/2pP3n/2Pb4/1PN5/P1Q2PPP/2BR1RK1 b - - 1 18
89	37	20	12	1	1	0	Ng7	4rrk1/1p1q1p1p/p2p2pB/2pP3n/2Pb4/1PN5/P1Q2PPP/3R1RK1 b - - 1 19
89	39	20	40	7	-16	0	Bf6	4rrk1/1p1q1pnp/p2p2pB/2pP4/2Pb4/1P6/P1Q1NPPP/3R1RK1 b - - 3 20
89	41	20	10	-9	-8	0	Qg4	4rrk1/1p1q1pnp/p2p1bpB/2pP4/2P5/1P6/P1Q1NPPP/3RR1K1 b - - 5 21
89	43	20	22	-8	-40	0	Qh4	4rrk1/1p3pnp/p2p1bpB/2pP4/2P3q1/1P6/P2QNPPP/3RR1K1 b - - 7 22
89	45	20	1	1	10	0	Qh5	4rrk1/1p3pnp/p2p1bpB/2pP4/2P4q/1P4P1/P2QNP1P/3RR1K1 b - - 0 23
89	47	20	12	12	15	0	Re7	4rrk1/1p3pnp/p2p1bpB/2pP3q/2P4P/1P4P1/P2QNP2/3RR1K1 b - h3 0 24
89	49	20	3	8	23	0	Rfe8	5rk1/1p2rpnp/p2p1bpB/2pP3q/2P4P/1P4P1/P2QNPK1/3RR3 b - - 2 25
89	51	19	0	0	19	0	Kxg7	4r1k1/1p2rpBp/p2p1bp1/2pP3q/2P4P/1P4P1/P2QNPK1/3RR3 b - - 0 26
89	53	18	-8	22	13	0	Qf5	4r3/1p2rpkp/p2p1bp1/2pP3q/2P2N1P/1P4P1/P2Q1PK1/3RR3 b - - 1 27
89	55	16	1	24	29	0	Rxe7	4r3/1p2Rpkp/p2p1bp1/2pP1q2/2P2N1P/1P4P1/P2Q1PK1/3R4 b - - 0 28
89	57	14	116	137	39	0	Bd4	8/1p2rpkp/p2p1bp1/2pP1q2/2P2N1P/PP4P1/3Q1PK1/3R4 b - - 0 29
89	59	14	28	74	33	0	Qxd3	8/1p2rpkp/p2p2p1/2pP1q2/2Pb1N1P/PP1Q2P1/5PK1/3R4 b - - 2 30
89	61	6	20	40	47	0	h6	8/1p2rpkp/p2p2p1/2pP4/2Pb1N1P/PP1R2P1/5PK1/8 b - - 0 31
89	63	6	-20	129	104	0	g5	8/1p2rpk1/p2p2pp/2pP4/2Pb1N1P/PP4P1/5PK1/3R4 b - - 1 32
89	65	6	3	170	103	0	hxg5	8/1p2rpk1/p2p3p/2pP2P1/2Pb1N2/PP4P1/5PK1/3R4 b - - 0 33
89	67	6	-18	179	104	0	Kg6	8/1p2rpk1/p2p4/2pP2p1/2Pb4/PP4PN/5PK1/3R4 b - - 1 34
89	69	6	-12	350	122	0	Re2	8/1p2rp2/p2p2k1/2pP2p1/P1Pb4/1P4PN/5PK1/3R4 b - - 0 35
89	71	6	-46	399	130	0	f5	8/1p3p2/p2p2k1/2pP2p1/P1Pb2P1/1P5N/4rPK1/3R4 b - - 0 36
89	73	6	-8	442	178	0	Rc2	8/1p6/p2p2k1/2pP1pp1/P1Pb2P1/1P3K1N/4rP2/3R4 b - - 1 37
89	75	6	58	465	184	0	Rc1	8/1p6/p2p2k1/2pP1pp1/P1Pb2P1/1P1R1K1N/2r2P2/8 b - - 3 38
89	77	6	-10	424	173	0	Be5+	8/1p6/p2p2k1/2pP1pp1/P1Pb2P1/1P1R2KN/5P2/2r5 b - - 5 39
89	79	6	-3	458	175	0	gxf4+	8/1p6/p2p2k1/2pPbpp1/P1P2PP1/1P1R2KN/8/2r5 b - f3 0 40
89	81	6	-20	444	176	0	Rf1+	8/1p6/p2p2k1/2pPbp2/P1P2pP1/1P1R1K1N/8/2r5 b - - 1 41
89	83	6	-1	478	177	0	Ra1	8/1p6/p2p2k1/2pPbp2/P1P2pP1/1P1R3N/6K1/5r2 b - - 3 42
89	85	6	18	460	169	0	Kf6	8/1p6/p2p2k1/2pPbp2/P1P2pP1/1P1R1K1N/8/r7 b - - 5 43
89	87	6	38	466	176	0	Kf7	8/1p6/p2p1k2/2pPbpP1/P1P2p2/1P1R1K1N/8/r7 b - - 0 44
89	89	6	32	485	235	0	Kg7	8/1p3k2/p2p2P1/2pPbp2/P1P2p2/1P1R1K1N/8/r7 b - - 0 45
89	91	6	-4	541	272	0	Rxa5	8/1p4k1/p2p2P1/P1pPbp2/2P2p2/1P1R1K1N/8/r7 b - - 0 46
89	93	6	-8	543	271	0	Ra1	8/1p4k1/p2p2P1/r1pPbp2/2P2N2/1P1R1K2/8/8 b - - 0 47
89	95	6	74	563	277	0	Kxg6	8/1p4k1/p2pN1P1/2pPbp2/2P5/1P1R1K2/8/r7 b - - 2 48
89	97	6	-11	579	279	0	b5	3N4/1p6/p2p2k1/2pPbp2/2P5/1P1R1K2/8/r7 b - - 1 49
89	99	6	-23	592	271	0	Kf6	8/8/p1Np2k1/1ppPbp2/2P5/1P1R1K2/8/r7 b - - 1 50
89	101	5	27	651	298	0	dxe5	8/8/p2p1k2/1ppPNp2/2P5/1P1R1K2/8/r7 b - - 0 51
89	103	4	-20	683	305	0	e4+	8/8/p4k2/1ppPpp2/2P5/1P3K2/3R4/r7 b - - 1 52
89	105	4	-88	793	402	0	Rh1	8/8/p4k2/1ppP1p2/2P1p3/1P6/3RK3/r7 b - - 1 53
89	107	4	-63	937	415	0	Rh2+	8/8/p4k2/1ppP1p2/2P1p3/1P6/3R1K2/7r b - - 3 54
89	109	4	0	1000	490	0	Rxd2	8/8/p4k2/1ppP1p2/2P1p3/1P6/3R3r/4K3 b - - 5 55
89	111	0	0	1000	490	1	bxc4	8/8/p4k2/1ppP1p2/2P1p3/1P6/3K4/8 b - - 0 56
89	113	0	0	1000	1239	1	a5	8/8/p4k2/2pP1p2/2P1p3/8/3K4/8 b - - 0 57
89	115	0	0	1000	1295	1	a4	8/8/5k2/p1pP1p2/2P1p3/8/2K5/8 b - - 1 58
89	117	0	0	1000	1481	1	f4	8/8/5k2/2pP1p2/p1P1p3/8/1K6/8 b - - 1 59
89	119	0	0	1000	2002	1	Ke5	8/8/5k2/2pP4/p1P1pp2/K7/8/8 b - - 1 60
89	121	0	0	1000	1000	1	f3	8/8/8/2pPk3/p1P1pp2/8/1K6/8 b - - 3 61
89	123	0	0	1000	1000	1	Kd6	8/8/8/2pPk3/p1P1p3/K4p2/8/8 b - - 1 62
89	125	0	0	1000	1000	1	e3	8/8/3k4/2pP4/K1P1p3/5p2/8/8 b - - 0 63
89	127	0	0	1000	1000	1	f2	8/8/3k4/K1pP4/2P5/4pp2/8/8 b - - 1 64
90	16	22	-1	53	72	0	O-O	rnbqk2r/pp2bppp/2p1p3/8/2BP1P2/2N2N2/PP3PPP/R2QK2R w KQkq - 2 9
90	18	22	-4	47	69	0	Qc2	rnbq1rk1/pp2bppp/2p1p3/8/2BP1P2/2N2N2/PP3PPP/R2Q1RK1 w - - 4 10
90	20	22	17	46	67	0	Rae1	r1bq1rk1/pp1nbppp/2p1p3/8/2BP1P2/2N2N2/PPQ2PPP/R4RK1 w - - 6 11
90	22	22	26	66	90	0	h3	r1bqr1k1/pp1nbppp/2p1p3/8/2BP1P2/2N2N2/PPQ2PPP/4RRK1 w - - 8 12
90	24	22	36	65	82	0	a4	r1bqr1k1/1p1nbppp/p1p1p3/8/2BP1P2/2N2N1P/PPQ2PP1/4RRK1 w - - 0 13
90	26	22	82	122	79	0	g3	r1bqr1k1/1p1nbpp1/p1p1p2p/8/P1BP1P2/2N2N1P/1PQ2PP1/4RRK1 w - - 0 14
90	28	22	141	178	89	0	dxc5	r1bqr1k1/1p1nbpp1/p3p2p/2p5/P1BP1P2/2N2NPP/1PQ2P2/4RRK1 w - - 0 15
90	30	22	49	60	91	0	b3	r1bqr1k1/1p2bpp1/p3p2p/2n5/P1B2P2/2N2NPP/1PQ2P2/4RRK1 w - - 0 16
90	32	22	50	47	76	0	Ne5	r1b1r1k1/1pq1bpp1/p3p2p/2n5/P1B2P2/1PN2NPP/2Q2P2/4RRK1 w - - 1 17
90	34	22	4	16	89	0	Ng4	r1b1r1k1/1pq2pp1/p3pb1p/2n1N3/P1B2P2/1PN3PP/2Q2P2/4RRK1 w - - 3 18
90	36	22	-8	67	89	0	Nxf6+	r3r1k1/1pqb1pp1/p3pb1p/2n5/P1B2PN1/1PN3PP/2Q2P2/4RRK1 w - - 5 19
90	38	20	17	61	103	0	Qd1	r3r1k1/1pqb1p2/p3pp1p/2n5/P1B2P2/1PN3PP/2Q2P2/4RRK1 w - - 0 20
90	40	20	9	23	90	0	Re5	r3r1k1/1pqb1p2/p3p2p/2n2p2/P1B2P2/1PN3PP/5P2/3QRRK1 w - - 0 21
90	42	20	316	350	150	0	Qd4	3rr1k1/1pqb1p2/p3p2p/2n1Rp2/P1B2P2/1PN3PP/5P2/3Q1RK1 w - - 2 22
90	44	20	-1	565	197	0	Nxe4	3rr1k1/1pqb1p2/p3p2p/4Rp2/P1BQnP2/1PN3PP/5P2/5RK1 w - - 4 23
90	46	18	-18	566	251	0	Rh5	3rr1k1/1pqb1p2/p3p2p/4R3/P1BQpP2/1P4PP/5P2/5RK1 w - - 0 24
90	48	18	0	1000	1000	1	Qf6	3rr1k1/1pq2p2/p3p2p/7R/b1BQpP2/1P4PP/5P2/5RK1 w - - 0 25
90	50	17	0	1000	1000	1	bxc4	3rr1k1/1p3p2/p3pQ1p/7R/b1q1pP2/1P4PP/5P2/5RK1 w - - 0 26
90	52	13	0	1000	1000	1	Rxh6	4r1k1/1p3p2/p3pQ1p/7R/b1P1pP2/3r2PP/5P2/5RK1 w - - 1 27
90	54	13	0	1000	1000	1	fxg3	4r1k1/1p3p2/p3pQ1R/8/b1P1pP2/6rP/5P2/5RK1 w - - 0 28
90	56	11	0	1000	1000	1	Rh8#	4r1k1/1p3p2/p3pQ1R/8/b1P2P2/4p1PP/8/5RK1 w - - 0 29
91	17	22	-1	-53	-69	0	Nd7	rnbqk2r/pp2bppp/2p1p3/8/2BP1P2/2N2N2/PP3PPP/R2Q1RK1 b kq - 3 9
91	19	22	46	-55	-72	0	h5	r1bqk2r/pp1nbppp/2p1p3/8/2BP1P2/2N2N2/PPQ2PPP/R4RK1 b kq - 5 10
91	21	22	11	-88	-64	0	Nb6	r1bqk2r/pp1nbpp1/2p1p3/7p/2BP1P2/2N2N2/PPQ2PPP/3R1RK1 b kq - 1 11
91	23	22	-1	-89	-56	0	Bd7	r1bqk2r/pp2bpp1/1np1p3/7p/3P1P2/2NB1N2/PPQ2PPP/3R1RK1 b kq - 3 12
91	25	22	-11	-112	-47	0	h4	r2qk2r/pp1bbpp1/1np1p3/4N2p/3P1P2/2NB4/PPQ2PPP/3R1RK1 b kq - 5 13
91	27	22	30	-77	-44	0	O-O	r2qk2r/pp1bbpp1/1np1p3/4N3/P2P1P1p/2NB4/1PQ2PPP/3R1RK1 b kq a3 0 14
91	29	22	9	-76	-31	0	Kh8	r2q1rk1/pp1bbppB/1np1p3/4N3/P2P1P1p/2N5/1PQ2PPP/3R1RK1 b - - 2 15
91	31	22	8	-68	-23	0	Nd5	r2q1r1k/pp1bbpp1/1np1p3/4N3/P2PBP1p/2N5/1PQ2PPP/3R1RK1 b - - 4 16
91	33	22	75	-60	-2	0	h3	r2q1r1k/pp1bbpp1/2p1p3/3nN3/P2PBP1p/2N3P1/1PQ2P1P/3R1RK1 b - - 0 17
91	35	22	-1	-135	-35	0	Nf6	r2q1r1k/pp1bbpp1/2p1p3/3nN3/P2P1P2/2N2BPp/1PQ2P1P/3R1RK1 b - - 1 18
91	37	22	27	-130	-29	0	Nxe4	r2q1r1k/pp1bbpp1/2p1pn2/4N3/P2PNP2/5BPp/1PQ2P1P/3R1RK1 b - - 3 19
91	39	20	24	-128	-11	0	Be8	r2q1r1k/pp1bbpp1/2p1p3/4N3/P2PBP2/6Pp/1PQ2P1P/3R1RK1 b - - 0 20
91	41	20	134	-71	-13	0	f5	r2qbr1k/pp2bpp1/2p1p3/4N3/P2P1P2/5BPp/1PQ2P1P/3R1RK1 b - - 2 21
91	43	20	-3	-227	-38	0	Rf6	r2qbr1k/pp2b1p1/2p1p3/4Np2/P2P1P2/1Q3BPp/1P3P1P/3R1RK1 b - - 1 22
91	45	20	24	-228	-72	0	Rb8	r2qb2k/pQ2b1p1/2p1pr2/4Np2/P2P1P2/5BPp/1P3P1P/3R1RK1 b - - 0 23
91	47	20	-15	-214	-80	0	Ra8	1r1qb2k/Q3b1p1/2p1pr2/4Np2/P2P1P2/5BPp/1P3P1P/3R1RK1 b - - 0 24
91	49	20	1	-220	-69	0	Rxa4	r2qb2k/1Q2b1p1/2p1pr2/4Np2/P2P1P2/5BPp/1P3P1P/3R1RK1 b - - 2 25
91	51	20	2	-171	-90	0	Rb4	3qb2k/1Q2b1p1/2B1pr2/4Np2/r2P1P2/6Pp/1P3P1P/3R1RK1 b - - 0 26
91	53	20	1	-199	-79	0	Rb6	3qb2k/4b1p1/Q1B1pr2/4Np2/1r1P1P2/6Pp/1P3P1P/3R1RK1 b - - 2 27
91	55	20	-51	-220	-64	0	Bxc6	3qb2k/4b1p1/1rB1pr2/4Np2/2QP1P2/6Pp/1P3P1P/3R1RK1 b - - 4 28
91	57	18	8	-178	-46	0	Qa8	3q3k/4b1p1/1rN1pr2/5p2/2QP1P2/6Pp/1P3P1P/3R1RK1 b - - 0 29
91	59	18	27	-177	-78	0	Bd6	q6k/4b1p1/1rN1pr2/5p2/2QP1P2/6Pp/1P3P1P/2R2RK1 b - - 2 30
91	61	18	4	-15	-22	0	Rf8	q6k/6p1/1rNbpr2/5p2/2QP1P2/1P4Pp/5P1P/2R2RK1 b - - 0 31
91	63	18	-1	-9	-43	0	exd5	q4r1k/6p1/1rNbp3/3P1p2/2Q2P2/1P4Pp/5P1P/2R2RK1 b - - 0 32
91	65	18	-4	-4	-40	0	Ba3	q4r1k/6p1/1rNb4/3Q1p2/5P2/1P4Pp/5P1P/2R2RK1 b - - 0 33
91	67	18	42	0	-41	0	Rxb3	q4r1k/6p1/1rN5/3Q1p2/2R2P2/bP4Pp/5P1P/5RK1 b - - 2 34
91	69	18	1	0	-25	0	Qb7	q4r1k/6p1/2N5/3Q1p2/2R2P2/br4Pp/5P1P/4R1K1 b - - 1 35
91	71	18	0	0	0	0	Rb6	5r1k/1q4p1/2N5/5p2/2R2P2/br4Pp/5P1P/3QR1K1 b - - 3 36
91	73	18	0	0	0	0	Kg8	5r1k/1q4p1/1rN5/5p1Q/2R2P2/b5Pp/5P1P/4R1K1 b - - 5 37
91	75	18	3	3	16	0	Rb1	5rk1/1q4p1/1rN5/5p2/2R2P2/b4QPp/5P1P/4R1K1 b - - 7 38
91	77	18	0	0	0	0	Rxe1+	5rk1/1q4p1/2N5/5p2/2R2P2/b5Pp/4QP1P/1r2R1K1 b - - 9 39
91	79	14	0	0	0	0	Rf6	5rk1/1q4p1/2N5/5p2/2R2P2/b5Pp/5P1P/4Q1K1 b - - 0 40
91	81	14	57	31	0	0	Kh7	4Q1k1/1q4p1/2N2r2/5p2/2R2P2/b5Pp/5P1P/6K1 b - - 2 41
91	83	14	-3	-20	0	0	Kg8	8/1q4pk/2N2r2/5p1Q/2R2P2/b5Pp/5P1P/6K1 b - - 4 42
91	85	14	46	31	0	0	Kh7	4Q1k1/1q4p1/2N2r2/5p2/2R2P2/b5Pp/5P1P/6K1 b - - 6 43
91	87	14	-2	-6	0	0	Kg8	8/1q4pk/2N2r2/5p1Q/2R2P2/b5Pp/5P1P/6K1 b - - 8 44
92	16	24	3	-4	-17	0	Be2	r2qk2r/pp1nbpp1/2p1pn1p/3p1b2/3P1B2/2P1PN1P/PP1N1PP1/R2QKB1R w KQkq - 1 9
92	18	24	22	6	-5	0	g4	r2q1rk1/pp1nbpp1/2p1pn1p/3p1b2/3P1B2/2P1PN1P/PP1NBPP1/R2QK2R w KQ - 3 10
92	20	24	3	-22	-13	0	Qb3	r2q1rk1/pp1nbpp1/2p1pnbp/3p4/3P1BP1/2P1PN1P/PP1NBP2/R2QK2R w KQ - 1 11
92	22	24	29	25	-13	0	O-O	r4rk1/pp1nbpp1/1qp1pnbp/3p4/3P1BP1/1QP1PN1P/PP1NBP2/R3K2R w KQ - 3 12
92	24	24	38	6	-15	0	c4	r4rk1/pp1nbpp1/1q2pnbp/2pp4/3P1BP1/1QP1PN1P/PP1NBP2/R4RK1 w - - 0 13
92	26	24	36	0	4	0	a4	r3r1k1/pp1nbpp1/1q2pnbp/2pp4/2PP1BP1/1Q2PN1P/PP1NBP2/R4RK1 w - - 1 14
92	28	24	34	-33	1	0	exd4	r3r1k1/pp1nbpp1/1q2pnbp/3p4/P1Pp1BP1/1Q2PN1P/1P1NBP2/R4RK1 w - - 0 15
92	30	20	-1	-58	0	0	Nxb3	r3r1k1/pp1nbpp1/4pnbp/3p4/P1PP1BP1/1q3N1P/1P1NBP2/R4RK1 w - - 0 16
92	32	16	6	69	19	0	c5	2r1r1k1/pp1nbpp1/4pnbp/3p4/P1PP1BP1/1N3N1P/1P2BP2/R4RK1 w - - 1 17
92	34	16	21	266	47	0	Rac1	2rr2k1/pp1nbpp1/4pnbp/2Pp4/P2P1BP1/1N3N1P/1P2BP2/R4RK1 w - - 1 18
92	36	16	1	342	101	0	Na5	2rr2k1/pp1nbpp1/4p1bp/2Pp4/P2PnBP1/1N3N1P/1P2BP2/2R2RK1 w - - 3 19
92	38	16	247	380	109	0	Bxe5	2rr2k1/pp1nbpp1/6bp/N1Ppp3/P2PnBP1/5N1P/1P2BP2/2R2RK1 w - - 0 20
92	40	15	8	138	111	0	Nxe5	2rr2k1/pp2bpp1/6bp/N1Ppn3/P2Pn1P1/5N1P/1P2BP2/2R2RK1 w - - 0 21
92	42	14	-35	404	111	0	Nxb7	2rr2k1/pp3pp1/6bp/N1PpN1b1/P2Pn1P1/7P/1P2BP2/2R2RK1 w - - 1 22
92	44	12	9	479	117	0	Rxc1	2rr2k1/pN3pp1/6bp/2PpN3/P2Pn1P1/7P/1P2BP2/2b2RK1 w - - 0 23
92	46	11	79	498	154	0	c6	2r2rk1/pN3pp1/6bp/2PpN3/P2Pn1P1/7P/1P2BP2/2R3K1 w - - 1 24
92	48	11	75	519	182	0	f3	2r2rk1/pN3ppb/2P4p/3pN3/P2Pn1P1/7P/1P2BP2/2R3K1 w - - 1 25
92	50	11	-13	462	183	0	Nd6	2r2rk1/pN3ppb/2P4p/3pN1n1/P2P2P1/5P1P/1P2B3/2R3K1 w - - 1 26
92	52	11	-19	470	144	0	Kf2	5rk1/p1r2ppb/2PN3p/3pN1n1/P2P2P1/5P1P/1P2B3/2R3K1 w - - 3 27
92	54	11	-48	493	135	0	Kg3	5rk1/p1r2ppb/2PN3p/3pN3/P2P2P1/5P1n/1P2BK2/2R5 w - - 0 28
92	56	11	244	569	129	0	Nd7	5rk1/p1r2ppb/2PN3p/3pN1n1/P2P2P1/5PK1/1P2B3/2R5 w - - 2 29
92	58	11	-2	363	115	0	Nb5	5rk1/p1rN1ppb/2PNn2p/3p4/P2P2P1/5PK1/1P2B3/2R5 w - - 4 30
92	60	11	51	415	109	0	Nxc7	2r3k1/p1rN1ppb/2P1n2p/1N1p4/P2P2P1/5PK1/1P2B3/2R5 w - - 6 31
92	62	8	-17	412	117	0	Bb5	6k1/p1rN1ppb/2P1n2p/3p4/P2P2P1/5PK1/1P2B3/2R5 w - - 0 32
92	64	8	-11	448	123	0	Rc5	6k1/p1rN1ppb/2P4p/1B1p4/P2n2P1/5PK1/1P6/2R5 w - - 0 33
92	66	8	-22	461	159	0	Nb8	6k1/p1rN1pp1/2P4p/1BRp4/P2n2P1/5PK1/1P6/1b6 w - - 2 34
92	68	8	47	533	245	0	Rxd5	1Nr3k1/p4pp1/2P4p/1BRp4/P2n2P1/5PK1/1P6/1b6 w - - 4 35
92	70	7	-1	528	243	0	Rxb5	1Nr3k1/p4pp1/2P4p/1n1R4/P5P1/5PK1/1P6/1b6 w - - 0 36
92	72	6	37	551	259	0	b3	1Nr3k1/p4pp1/2P4p/1R6/P5P1/5PK1/bP6/8 w - - 1 37
92	74	6	13	588	262	0	Rb7	1Nr3k1/5pp1/2P4p/pR6/P5P1/1P3PK1/b7/8 w - a6 0 38
92	76	6	164	606	276	0	c7	1Nr2k2/1R3pp1/2P4p/p7/P5P1/1P3PK1/b7/8 w - - 2 39
92	78	6	1	454	305	0	Na6	1Nr1k3/1RP2pp1/7p/p7/P5P1/1P3PK1/b7/8 w - - 1 40
92	80	6	4	504	314	0	Rb5	2r5/1RPk1pp1/N6p/p7/P5P1/1P3PK1/b7/8 w - - 3 41
92	82	6	3	666	297	0	Nxc7	8/2rk1pp1/N6p/pR6/P5P1/1P3PK1/b7/8 w - - 0 42
92	84	3	56	677	307	0	Kh4	8/2k2pp1/7p/pR6/P5P1/1P3PK1/b7/8 w - - 0 43
92	86	3	18	663	301	0	Kh5	8/5pp1/3k3p/pR6/P5PK/1P3P2/b7/8 w - - 2 44
92	88	3	13	641	305	0	f4	8/3k1pp1/7p/pR5K/P5P1/1P3P2/b7/8 w - - 4 45
92	90	3	-1	649	378	0	f5	8/5pp1/3k3p/pR5K/P4PP1/1P6/b7/8 w - - 1 46
92	92	3	-23	654	417	0	f6	8/3k1pp1/7p/pR3P1K/P5P1/1P6/b7/8 w - - 1 47
92	94	3	-21	698	484	0	Kxh6	8/3k1p2/5p1p/pR5K/P5P1/1P6/b7/8 w - - 0 48
92	96	3	-8	766	479	0	Kg7	8/5p2/3k1p1K/pR6/P5P1/1P6/b7/8 w - - 1 49
92	98	3	-23	791	484	0	b4	8/5pK1/4kp2/pR6/P5P1/1P6/b7/8 w - - 3 50
92	100	3	-12	801	557	0	a5	8/5pK1/4kp2/1R6/Pp4P1/8/b7/8 w - - 0 51
92	102	3	-34	819	594	0	Rxb4	8/5pK1/4kp2/PR6/1pb3P1/8/8/8 w - - 1 52
92	104	3	-7	902	615	0	Rb6+	8/5pK1/4kp2/P7/1R4P1/3b4/8/8 w - - 1 53
92	106	3	-74	903	649	0	Rxf6	8/5pK1/1R3p2/P2k4/6P1/3b4/8/8 w - - 3 54
92	108	3	-1	999	718	0	a6	8/5pK1/5R2/P1k5/6P1/3b4/8/8 w - - 1 55
92	110	3	-25	975	752	0	Kxf7	8/5pK1/P4R2/2k5/4b1P1/8/8/8 w - - 1 56
92	112	3	0	1000	1090	0	Kf8	8/5K2/P4R2/2kb4/6P1/8/8/8 w - - 1 57
92	114	3	0	1000	1591	0	g5	5K2/8/P4R2/2k5/4b1P1/8/8/8 w - - 3 58
92	116	3	0	1000	2167	1	Rf5	5K2/8/P4R2/2kb2P1/8/8/8/8 w - - 1 59
92	118	3	0	1000	1000	1	Rxd5	5K2/8/Pk6/3b1RP1/8/8/8/8 w - - 3 60
92	120	2	0	1000	1000	1	Re5	5K2/8/P1k5/3R2P1/8/8/8/8 w - - 1 61
92	122	2	0	1000	1000	1	Ra5	5K2/8/P2k4/4R1P1/8/8/8/8 w - - 3 62
92	124	2	0	1000	1000	1	a7	5K2/8/P3k3/R5P1/8/8/8/8 w - - 5 63
92	126	2	0	1000	1000	1	a8=Q	5K2/P7/3k4/R5P1/8/8/8/8 w - - 1 64
92	128	6	0	1000	1000	1	Qa7+	Q4K2/2k5/8/R5P1/8/8/8/8 w - - 1 65
93	16	24	15	-32	10	0	Bd2	rn1qkb1r/p3pppp/2p2n2/P2b4/1ppP4/4PN2/1P2NPPP/R1BQKB1R w KQkq - 1 9
93	18	24	42	-43	4	0	Nf4	rn1qkb1r/p4ppp/2p1pn2/P2b4/1ppP4/4PN2/1P1BNPPP/R2QKB1R w KQkq - 0 10
93	20	24	2	-89	17	0	Qc1	rn1qkb1r/p4ppp/2p1p3/P2b4/1ppPnN2/4PN2/1P1B1PPP/R2QKB1R w KQkq - 2 11
93	22	24	0	-104	18	0	Nh5	rn1qkb1r/p4p1p/2p1p3/P2b2p1/1ppPnN2/4PN2/1P1B1PPP/R1Q1KB1R w KQkq g6 0 12
93	24	24	-15	-98	12	0	Ne5	rn1qkb1r/p4p1p/2p1p3/P2b3N/1ppPn1p1/4PN2/1P1B1PPP/R1Q1KB1R w KQkq - 0 13
93	26	24	180	39	0	0	Bxc4	rn1qk2r/p4p1p/2pbp3/P2bN2N/1ppPn1p1/4P3/1P1B1PPP/R1Q1KB1R w KQkq - 2 14
93	28	23	29	-164	-11	0	Bxd5	rn1qk2r/p4p1p/2p1p3/P2bb2N/1pBPn1p1/4P3/1P1B1PPP/R1Q1K2R w KQkq - 0 15
93	30	21	25	-192	-6	0	dxe5	rn2k2r/p4p1p/2p1p3/P2qb2N/1p1Pn1p1/4P3/1P1B1PPP/R1Q1K2R w KQkq - 0 16
93	32	20	3	-92	-34	0	Nf4	rn2k2r/p4p1p/4p3/P1pqP2N/1p2n1p1/4P3/1P1B1PPP/R1Q1K2R w KQkq - 0 17
93	34	20	72	-69	-42	0	Nd3	rn2k2r/p4p1p/4p3/P1p1q3/1p2nNp1/4P3/1P1B1PPP/R1Q1K2R w KQkq - 0 18
93	36	20	-34	-166	-38	0	Nf4	rn2k2r/p4p1p/4p3/P1pq4/1p2n1p1/3NP3/1P1B1PPP/R1Q1K2R w KQkq - 2 19
93	38	20	41	-127	-50	0	f3	rn2k2r/p4p1p/4p3/P1p5/1p2nNp1/1q2P3/1P1B1PPP/R1Q1K2R w KQkq - 4 20
93	40	20	10	-191	-101	0	gxf3	rn2k2r/p4p1p/4p3/P1p5/1p2nN2/1q2Pp2/1P1B2PP/R1Q1K2R w KQkq - 0 21
93	42	19	16	-193	-101	0	Qxd2	rn2k2r/p4p1p/4p3/P1p5/1p3N2/1q2PP2/1P1n3P/R1Q1K2R w KQkq - 0 22
93	44	18	11	-205	-102	0	O-O	r3k2r/p4p1p/2n1p3/P1p5/1p3N2/1q2PP2/1P1Q3P/R3K2R w KQkq - 1 23
93	46	18	-12	-211	-130	0	Qe2	3rk2r/p4p1p/2n1p3/P1p5/1p3N2/1q2PP2/1P1Q3P/R4RK1 w k - 3 24
93	48	18	147	-228	-103	0	Rfd1	3rk2r/p4p1p/2n1p3/P7/1pp2N2/1q2PP2/1P2Q2P/R4RK1 w k - 0 25
93	50	16	20	-388	-131	0	Rxd1	4k2r/p4p1p/2n1p3/P7/1pp2N2/1q2PP2/1P2Q2P/R2r2K1 w k - 0 26
93	52	14	27	-406	-131	0	Re1	7r/p3kp1p/2n1p3/P7/1pp2N2/1q2PP2/1P2Q2P/3R2K1 w - - 1 27
93	54	14	18	-452	-128	0	Kh1	6r1/p3kp1p/2n1p3/P7/1pp2N2/1q2PP2/1P2Q2P/4R1K1 w - - 3 28
93	56	14	4	-257	-66	0	Qf2	6r1/p3kp1p/4p3/n7/1pp2N2/1q2PP2/1P2Q2P/4R2K w - - 0 29
93	58	14	0	0	-59	0	Qh4	6r1/p3k2p/4pp2/n7/1pp2N2/1q2PP2/1P3Q1P/4R2K w - - 0 30
93	60	14	0	0	-48	0	Qh5	8/p3k1rp/4pp2/n7/1pp2N1Q/1q2PP2/1P5P/4R2K w - - 2 31
93	62	14	0	0	0	0	Qb5	8/pn2k1rp/4pp2/7Q/1pp2N2/1q2PP2/1P5P/4R2K w - - 4 32
93	64	14	0	0	0	0	Qc5+	3n4/p3k1rp/4pp2/1Q6/1pp2N2/1q2PP2/1P5P/4R2K w - - 6 33
93	66	14	0	0	0	0	Nh5	3nk3/p5rp/4pp2/2Q5/1pp2N2/1q2PP2/1P5P/4R2K w - - 8 34
93	68	14	0	0	0	0	Qb5+	3nk3/p6p/4ppr1/2Q4N/1pp5/1q2PP2/1P5P/4R2K w - - 10 35
93	70	14	0	0	0	0	Qc5+	3n4/p3k2p/4ppr1/1Q5N/1pp5/1q2PP2/1P5P/4R2K w - - 12 36
93	72	14	0	0	0	0	Qb5+	3nk3/p6p/4ppr1/2Q4N/1pp5/1q2PP2/1P5P/4R2K w - - 14 37
93	74	14	0	0	0	0	Qc5+	3n4/p3k2p/4ppr1/1Q5N/1pp5/1q2PP2/1P5P/4R2K w - - 16 38
93	76	14	4	76	46	0	Qd4+	3n4/p2k3p/4ppr1/2Q4N/1pp5/1q2PP2/1P5P/4R2K w - - 18 39
93	78	14	225	225	31	0	Nxf6	3n4/p1k4p/4ppr1/7N/1ppQ4/1q2PP2/1P5P/4R2K w - - 20 40
93	80	14	-15	528	172	0	Ne8+	8/p1k4p/2n1pNr1/8/1ppQ4/1q2PP2/1P5P/4R2K w - - 1 41
93	82	14	6	563	312	0	Qd7+	4N3/pk5p/2n1p1r1/8/1ppQ4/1q2PP2/1P5P/4R2K w - - 3 42
93	84	14	-16	576	298	0	Nd6	4N3/p2Q3p/1kn1p1r1/8/1pp5/1q2PP2/1P5P/4R2K w - - 5 43
93	86	14	5	595	257	0	Rc1	8/p2Q3p/2nNp1r1/2k5/1pp5/1q2PP2/1P5P/4R2K w - - 7 44
93	88	14	258	705	271	0	Rxc4+	8/p2Q3p/2nN2r1/2k1p3/1pp5/1q2PP2/1P5P/2R4K w - - 0 45
93	90	12	-10	477	277	0	Nxc4	8/p2Q3p/2nN2r1/2k1p3/1pq5/4PP2/1P5P/7K w - - 0 46
93	92	7	80	507	274	0	Qf7+	8/p2Q3p/2n3r1/4p3/1pk5/4PP2/1P5P/7K w - - 0 47
93	94	7	23	455	285	0	Qxh7	8/p4Q1p/2n3r1/1k2p3/1p6/4PP2/1P5P/7K w - - 2 48
93	96	7	-10	474	277	0	b3	8/p6Q/2nr4/1k2p3/1p6/4PP2/1P5P/7K w - - 1 49
93	98	7	86	525	281	0	Kg1	8/p6Q/2n5/1k2p3/1p6/1P2PP2/3r3P/7K w - - 1 50
93	100	7	-15	543	281	0	h4	8/p6Q/1kn5/4p3/1p6/1P2PP2/3r3P/6K1 w - - 3 51
93	102	7	177	571	311	0	h5	8/7Q/1kn5/p3p3/1p5P/1P2PP2/3r4/6K1 w - a6 0 52
93	104	7	-38	560	350	0	Kf2	8/7Q/1kn5/p3p2P/1p6/1P2PP2/8/3r2K1 w - - 1 53
93	106	7	5	626	393	0	Kg3	8/7Q/1kn5/p3p2P/1p6/1P2PP2/3r1K2/8 w - - 3 54
93	108	7	2	645	434	0	bxa4	8/7Q/1kn5/4p2P/pp6/1P2PPK1/3r4/8 w - - 0 55
93	110	7	-26	737	603	0	Qb1	8/7Q/1kn5/4p2P/P7/1p2PPK1/3r4/8 w - - 0 56
93	112	7	-4	780	591	0	Qxb3	8/2k5/2n5/4p2P/P7/1p2PPK1/3r4/1Q6 w - - 2 57
93	114	7	44	795	623	0	Kg4	8/2k5/2nr4/4p2P/P7/1Q2PPK1/8/8 w - - 1 58
93	116	7	-4	771	623	0	Qg8	8/2k5/2n2r2/4p2P/P5K1/1Q2PP2/8/8 w - - 3 59
93	118	7	34	867	754	0	Qg5	6Q1/2k1n3/5r2/4p2P/P5K1/4PP2/8/8 w - - 5 60
93	120	7	-29	844	980	0	h6	8/2k1n3/4r3/4p1QP/P5K1/4PP2/8/8 w - - 7 61
93	122	7	-11	947	1111	0	h7	8/1k2n3/4r2P/4p1Q1/P5K1/4PP2/8/8 w - - 1 62
93	124	7	0	1000	1107	0	h8=Q	8/1k2n2P/6r1/4p1Q1/P5K1/4PP2/8/8 w - - 1 63
93	126	7	0	1000	1180	0	Kxg5	7Q/1k2n3/8/4p1r1/P5K1/4PP2/8/8 w - - 0 64
93	128	5	0	1000	1199	0	Qh3	7Q/1k6/2n5/4p1K1/P7/4PP2/8/8 w - - 1 65
93	130	5	0	1000	1248	0	Qe6	8/2k5/2n5/4p1K1/P7/4PP1Q/8/8 w - - 3 66
93	132	5	0	1000	1287	0	Qd7+	8/1k6/2n1Q3/4p1K1/P7/4PP2/8/8 w - - 5 67
93	134	5	0	1000	1310	1	Kf6	8/3Q4/1kn5/4p1K1/P7/4PP2/8/8 w - - 7 68
93	136	5	0	1000	1405	1	Qc7	8/3Q4/2n2K2/2k1p3/P7/4PP2/8/8 w - - 9 69
94	17	24	-8	-1	2	0	g5	r2qk2r/pp1nbpp1/2p1pn1p/3p1b2/3P1B2/1QP1PN1P/PP1N1PP1/R3KB1R b KQkq - 2 9
94	19	24	7	9	2	0	Qb6	r2qk2r/pp1nbp2/2p1pn1p/3p1bp1/3P4/1QP1PNBP/PP1N1PP1/R3KB1R b KQkq - 1 10
94	21	24	13	18	0	0	O-O	r3k2r/pp1nbp2/1qp1pn1p/3p1bp1/3P4/1QP1PNBP/PP1NBPP1/R3K2R b KQkq - 3 11
94	23	24	14	3	0	0	Nh5	r4rk1/pp1nbp2/1qp1pn1p/3p1bp1/3P4/1QP1PNBP/PP1NBPP1/R4RK1 b - - 5 12
94	25	24	2	-4	0	0	Nhf6	r4rk1/pp1nbp2/1qp1p2p/3p1bpn/3P4/1QP1PN1P/PP1NBPPB/R4RK1 b - - 7 13
94	27	24	8	2	3	0	c5	r4rk1/pp1nbp2/1qp1pn1p/3p1bp1/3P4/1QP1PN1P/PP1NBPPB/3R1RK1 b - - 9 14
94	29	24	96	-3	3	0	Rae8	r4rk1/pp1nbp2/1q2pn1p/2pp1bp1/2PP4/1Q2PN1P/PP1NBPPB/3R1RK1 b - - 0 15
94	31	24	18	-25	7	0	Bg6	4rrk1/pp1nbp2/1q2pn1p/2pp1bp1/2PP2P1/1Q2PN1P/PP1NBP1B/3R1RK1 b - g3 0 16
94	33	24	7	2	12	0	cxd4	4rrk1/pp1nbp2/1q2pnbp/2pp2p1/2PP2P1/1Q2PN1P/PP1NBP1B/3RR1K1 b - - 2 17
94	35	24	1	11	2	0	dxc4	4rrk1/pp1nbp2/1q2pnbp/3p2p1/2PP2P1/1Q3N1P/PP1NBP1B/3RR1K1 b - - 0 18
94	37	24	7	9	-5	0	Qxb3	4rrk1/pp1nbp2/1q2pnbp/6p1/2BP2P1/1Q3N1P/PP1N1P1B/3RR1K1 b - - 0 19
94	39	16	26	60	-7	0	Nb6	4rrk1/pp1nbp2/4pnbp/6p1/2BP2P1/1P3N1P/1P1N1P1B/3RR1K1 b - - 0 20
94	41	16	50	28	-17	0	Nxc4	4rrk1/pp2bp2/1n2pnbp/4N1p1/2BP2P1/1P5P/1P1N1P1B/3RR1K1 b - - 2 21
94	43	14	132	132	18	0	Nxb2	4rrk1/pp2bp2/4pnNp/6p1/2nP2P1/1P5P/1P1N1P1B/3RR1K1 b - - 0 22
94	45	13	2	2	25	0	Rxe7	4rrk1/pp2Np2/4pn1p/6p1/3P2P1/1P5P/1n1N1P1B/3RR1K1 b - - 0 23
94	47	12	0	0	16	0	Rd7	5rk1/pp2rp2/3Bpn1p/6p1/3P2P1/1P5P/1n1N1P2/3RR1K1 b - - 1 24
94	49	10	7	7	22	0	Kxf8	5Bk1/pp1r1p2/4pn1p/6p1/3P2P1/1P5P/1n1N1P2/3RR1K1 b - - 0 25
94	51	9	-6	4	22	0	Rxd4	5k2/pp1r1p2/4pn1p/6p1/3P2P1/1P5P/1n1N1P2/R3R1K1 b - - 1 26
94	53	9	-1	0	-28	0	Rb4	5k2/pp3p2/4pn1p/6p1/3r2P1/1P3N1P/1n3P2/R3R1K1 b - - 1 27
94	55	9	-2	0	-74	0	Rxb3	5k2/pp3p2/4pn1p/4N1p1/1r4P1/1P5P/1n3P2/R3R1K1 b - - 3 28
94	57	9	58	3	-80	0	a6	5k2/pp3p2/4pn1p/4N1p1/6P1/1r5P/1n3P2/RR4K1 b - - 1 29
94	59	9	-2	-51	-73	0	Nxc4	5k2/1p3p2/p3pn1p/6p1/2N3P1/1r5P/1n3P2/RR4K1 b - - 1 30
94	61	6	-15	-48	-69	0	Nd6	5k2/1p3p2/p3pn1p/6p1/2n3P1/1R5P/5P2/R5K1 b - - 0 31
94	63	6	0	-33	-63	0	Nd5	5k2/1p3p2/p2npn1p/6p1/6P1/1R5P/5PK1/R7 b - - 2 32
94	65	6	-8	-8	-63	0	Ke7	5k2/1p3p2/p2np2p/3n2p1/6P1/1R3K1P/5P2/R7 b - - 4 33
94	67	6	77	4	-57	0	e5	8/1p2kp2/p2np2p/3n2p1/6PP/1R3K2/5P2/R7 b - - 0 34
94	69	6	-8	-69	-46	0	Ke6	8/1p2kp2/p2n3p/3np1pP/6P1/1R3K2/5P2/R7 b - - 0 35
94	71	6	7	-54	-53	0	f5	8/1p3p2/p2nk2p/3np1pP/6P1/1R6/5PK1/R7 b - - 2 36
94	73	6	1	-55	-51	0	Kxf5	8/1p6/p2nk2p/3npPpP/8/1R6/5PK1/R7 b - - 0 37
94	75	6	-7	-50	-41	0	Ke6	8/1p6/p2n3p/3npkpP/8/1R6/5PK1/3R4 b - - 1 38
94	77	6	49	-25	-43	0	Nb5	8/1p6/p2nk2p/3np1pP/8/1R6/5P1K/3R4 b - - 3 39
94	79	6	-17	-31	-51	0	Nf4	8/1p6/p3k2p/1n1np1pP/8/8/1R3P1K/3R4 b - - 5 40
94	81	6	5	0	-71	0	Nxh5	3R4/1p6/p3k2p/1n2p1pP/5n2/8/1R3P1K/8 b - - 7 41
94	83	6	1	0	-67	0	Kd5	4R3/1p6/p3k2p/1n2p1pn/8/8/1R3P1K/8 b - - 1 42
94	85	6	0	0	-116	0	Nf4	1R6/1p6/p6p/1n1kp1pn/8/8/1R3P1K/8 b - - 3 43
94	87	6	93	0	-145	0	Nd3	8/1R6/p6p/1n1kp1p1/5n2/8/1R3P1K/8 b - - 0 44
94	89	6	149	-87	-148	0	Nc5	8/1R6/p6p/1n1kp1p1/8/3n4/R4P1K/8 b - - 2 45
94	91	6	1	-265	-155	0	Kc4	8/7R/p6p/1nnkp1p1/8/8/R4P1K/8 b - - 4 46
94	93	6	20	-278	-196	0	Kb3	8/8/p6R/1nn1p1p1/2k5/8/R4P1K/8 b - - 0 47
94	95	6	14	-308	-220	0	e4	8/8/p6R/1nn1p1p1/8/1k6/5P1K/R7 b - - 2 48
94	97	6	67	-360	-242	0	Kb2	8/8/p1R5/1nn3p1/4p3/1k6/5P1K/R7 b - - 1 49
94	99	6	28	-420	-293	0	Nd3	8/8/p1R5/Rnn3p1/4p3/8/1k3P1K/8 b - - 3 50
94	101	6	26	-408	-289	0	Nd4	8/8/R7/Rn4p1/4p3/3n4/1k3P1K/8 b - - 0 51
94	103	6	21	-409	-285	0	Ne2+	8/8/R7/R5p1/3np3/3n2K1/1k3P2/8 b - - 2 52
94	105	6	-7	-7	-278	0	Nxf2+	8/8/R7/R5p1/4p1K1/3n4/1k2nP2/8 b - - 4 53
94	107	6	0	0	-274	0	Nc3	8/8/R7/R5K1/4p3/8/1k2nn2/8 b - - 0 54
94	109	6	0	0	-268	0	Kc2	8/8/1R6/R5K1/4p3/2n5/1k3n2/8 b - - 2 55
94	111	6	23	-1	-273	0	Ncd1	8/8/1R6/4R1K1/4p3/2n5/2k2n2/8 b - - 4 56
94	113	6	-4	-5	-273	0	Kd2	8/8/2R5/4R1K1/4p3/8/2k2n2/3n4 b - - 6 57
94	115	6	-4	-4	-277	0	Ke2	8/8/3R4/4R1K1/4p3/8/3k1n2/3n4 b - - 8 58
94	117	6	0	0	-276	0	e3	4R3/8/3R4/6K1/4p3/8/4kn2/3n4 b - - 10 59
94	119	6	0	0	-276	0	Nd3	4R3/8/2R5/6K1/8/4p3/4kn2/3n4 b - - 1 60
94	121	6	0	0	-278	0	Kf1	4R3/8/4R3/6K1/8/3np3/4k3/3n4 b - - 3 61
94	123	6	3	0	-274	0	N3f2	4R3/4R3/8/6K1/8/3np3/8/3n1k2 b - - 5 62
94	125	6	0	0	-276	0	Ng4	4R3/4R3/6K1/8/8/4p3/5n2/3n1k2 b - - 7 63
94	127	6	0	0	-277	0	Ngf2	4R3/4R3/8/5K2/6n1/4p3/8/3n1k2 b - - 9 64
94	129	6	1	0	-249	0	Nd3	4R3/8/4R3/5K2/8/4p3/5n2/3n1k2 b - - 11 65
94	131	6	0	0	-230	0	N3f2	4R3/8/8/5K2/4R3/3np3/8/3n1k2 b - - 13 66
94	133	6	0	0	-243	0	Nd3	4R3/4R3/8/5K2/8/4p3/5n2/3n1k2 b - - 15 67
94	135	6	30	0	-247	0	N3f2+	4R3/4R3/8/8/4K3/3np3/8/3n1k2 b - - 17 68
94	137	6	-2	-15	-254	0	Ng4	4R3/4R3/8/8/3K4/4p3/5n2/3n1k2 b - - 19 69
94	139	6	0	-11	-252	0	Ke1	5R2/4R3/8/8/3K2n1/4p3/8/3n1k2 b - - 21 70
94	141	6	-3	-11	-232	0	Kf1	R7/4R3/8/8/3K2n1/4p3/8/3nk3 b - - 23 71
94	143	6	122	-4	-234	0	Nh6	8/4R3/8/8/3K2n1/4p3/R7/3n1k2 b - - 25 72
94	145	6	-22	-130	-233	0	Ng4	8/8/7n/4R3/3K4/4p3/R7/3n1k2 b - - 27 73
94	147	6	200	-59	-237	0	Ndf2	8/8/4R3/8/3K2n1/4p3/R7/3n1k2 b - - 29 74
94	149	6	40	-236	-238	0	Nd1	4R3/8/8/8/3K2n1/4p3/R4n2/5k2 b - - 31 75
94	151	6	52	-113	-235	0	Ngf2	4R3/8/8/8/3K2n1/4p3/2R5/3n1k2 b - - 33 76
94	153	6	2	-188	-239	0	Ng4	4R3/2R5/8/8/3K4/4p3/5n2/3n1k2 b - - 35 77
94	155	6	22	-194	-242	0	Ke2	4R3/5R2/8/8/3K2n1/4p3/8/3n1k2 b - - 37 78
94	157	6	241	-30	-239	0	Ndf2	3R4/5R2/8/8/3K2n1/4p3/4k3/3n4 b - - 39 79
94	159	6	114	-189	-238	0	Kf1	3R4/2R5/8/8/3K2n1/4p3/4kn2/8 b - - 41 80
94	161	6	24	-307	-240	0	Ke2	3R4/8/8/8/3K2n1/4p3/5n2/2R2k2 b - - 43 81
94	163	6	271	-351	-234	0	Ne5	5R2/8/8/8/3K2n1/4p3/4kn2/2R5 b - - 45 82
94	165	6	0	-1000	-234	0	Kd1	5R2/8/8/4n3/3K4/4p3/2R1kn2/8 b - - 47 83
94	167	6	0	-1000	-278	0	Neg4	5R2/8/8/4n3/3K4/4p3/R4n2/3k4 b - - 49 84
94	169	6	0	-1000	-342	1	e2	8/8/8/8/3K2n1/4pR2/R4n2/3k4 b - - 51 85
94	171	6	0	-1000	-416	1	Ke1	8/8/8/8/3K2n1/1R6/R3pn2/3k4 b - - 1 86
94	173	6	0	-1000	-439	1	Kf1	8/8/8/8/3K2n1/8/RR2pn2/4k3 b - - 3 87
94	175	6	0	-1000	-431	1	Kg1	8/8/8/8/3K2n1/8/R3Rn2/5k2 b - - 0 88
94	177	6	0	-1000	-469	1	Kg2	8/4R3/8/8/3K2n1/8/R4n2/6k1 b - - 2 89
94	179	6	0	-1000	-465	1	Kg3	8/5R2/8/8/3K2n1/8/R4nk1/8 b - - 4 90
94	181	6	0	-1000	-460	1	Nh3	R7/5R2/8/8/3K2n1/6k1/5n2/8 b - - 6 91
94	183	6	0	-1000	-552	1	Kh4	6R1/5R2/8/8/3K2n1/6kn/8/8 b - - 8 92
94	185	6	0	-1000	-557	1	Kg3	6R1/7R/8/8/3K2nk/7n/8/8 b - - 10 93
94	187	6	0	-1000	-575	1	Nf2+	6R1/7R/8/8/4K1n1/6kn/8/8 b - - 12 94
94	189	6	0	-1000	-575	1	Kf3	6R1/7R/8/5K2/6n1/6k1/5n2/8 b - - 14 95
94	191	5	0	-1000	-582	1	Nxg4	8/7R/8/5K2/6R1/5k2/5n2/8 b - - 0 96
94	193	3	0	-1000	-581	1	Kf2	8/8/8/5K2/6n1/5k1R/8/8 b - - 1 97
94	195	2	0	-1000	-754	1	Ke2	8/8/8/8/6K1/7R/5k2/8 b - - 0 98
94	197	2	0	-1000	-1000	1	Kd2	8/8/8/8/5K2/7R/4k3/8 b - - 2 99
94	199	2	0	-1000	-1000	1	Kc2	8/8/8/8/4K3/7R/3k4/8 b - - 4 100
94	201	2	0	-1000	-1000	1	Kb2	8/8/8/8/3K4/7R/2k5/8 b - - 6 101
94	203	2	0	-1000	-1000	1	Kb1	8/8/8/8/3K4/2R5/1k6/8 b - - 8 102
94	205	2	0	-1000	-1000	1	Kb2	8/8/8/8/2K5/2R5/8/1k6 b - - 10 103
94	207	2	0	-1000	-1000	1	Kb1	8/8/8/8/8/2RK4/1k6/8 b - - 12 104
94	209	2	0	-1000	-1000	1	Ka1	8/8/8/8/8/1R1K4/8/1k6 b - - 14 105
94	211	2	0	-1000	-1000	1	Ka2	8/8/8/8/8/1R6/2K5/k7 b - - 16 106
95	17	24	-6	36	-11	0	e6	rn1qkb1r/p3pppp/2p2n2/P2b4/1ppP4/4PN2/1P1BNPPP/R2QKB1R b KQkq - 2 9
95	19	24	50	67	19	0	Bd6	rn1qkb1r/p4ppp/2p1pn2/P2b4/QppP4/4PN2/1P1BNPPP/R3KB1R b KQkq - 1 10
95	21	24	5	29	8	0	Bxb4+	rn1qk2r/p4ppp/2pbpn2/P2b4/QBpP4/4PN2/1P2NPPP/R3KB1R b KQkq - 0 11
95	23	22	0	25	17	0	Na6	rn1qk2r/p4ppp/2p1pn2/P2b4/1QpP4/4PN2/1P2NPPP/R3KB1R b KQkq - 0 12
95	25	22	4	36	-4	0	Rb8	r2qk2r/p4ppp/n1p1pn2/P2b4/2pP4/4PN2/1P1QNPPP/R3KB1R b KQkq - 2 13
95	27	22	7	29	-22	0	Nb4	1r1qk2r/p4ppp/n1p1pn2/P2b4/2pP4/2N1PN2/1P1Q1PPP/R3KB1R b KQk - 4 14
95	29	22	68	59	22	0	Ne4	1r1qk2r/p4ppp/2p1pn2/P2bN3/1npP4/2N1P3/1P1Q1PPP/R3KB1R b KQk - 6 15
95	31	21	-2	-8	-41	0	Bxe4	1r1qk2r/p4ppp/2p1p3/P2bN3/1npPN3/4P3/1P1Q1PPP/R3KB1R b KQk - 0 16
95	33	20	2	-7	-43	0	Qxa5	1r1qk2r/p4ppp/2p1p3/P3N3/1npPb3/4P3/1P1Q1PPP/2R1KB1R b Kk - 1 17
95	35	20	17	-4	-46	0	Qd8	1r2k2r/p4ppp/2p1p3/q7/1nNPb3/4P3/1P1Q1PPP/2R1KB1R b Kk - 0 18
95	37	20	51	-13	-54	0	Bg6	1r1qk2r/p4ppp/2p1p3/8/1nNPb3/4PP2/1P1Q2PP/2R1KB1R b Kk - 0 19
95	39	20	9	-45	-58	0	O-O	1r1qk2r/p4ppp/2p1p1b1/8/1nNP4/4PP2/1P1QB1PP/2R1K2R b Kk - 2 20
95	41	20	-3	-17	-53	0	c5	1r1q1rk1/p4ppp/2p1p1b1/8/1nNP4/4PP2/1P1QB1PP/2R2RK1 b - - 4 21
95	43	20	-1	-11	-38	0	cxd4	1r1q1rk1/p4ppp/4p1b1/2p5/1nNP4/4PP2/1P1QB1PP/2RR2K1 b - - 1 22
95	45	20	8	0	-36	0	Nc6	1r1q1rk1/p4ppp/4p1b1/8/1nNP4/5P2/1P1QB1PP/2RR2K1 b - - 0 23
95	47	20	11	14	-22	0	h6	1r1q1rk1/p4ppp/2n1p1b1/8/2NP4/4QP2/1P2B1PP/2RR2K1 b - - 2 24
95	49	20	73	26	-24	0	Na5	1r1q1rk1/p4pp1/2n1p1bp/8/2NP1P2/4Q3/1P2B1PP/2RR2K1 b - - 0 25
95	51	19	-3	10	-19	0	Qxa5	1r1q1rk1/p4pp1/4p1bp/N7/3P1P2/4Q3/1P2B1PP/2RR2K1 b - - 0 26
95	53	18	5	8	-31	0	Rfd8	1r3rk1/p4pp1/4p1bp/q7/3P1P2/1P2Q3/4B1PP/2RR2K1 b - - 0 27
95	55	18	11	11	-24	0	Rb6	1r1r2k1/p4pp1/4p1bp/q7/3P1P2/1P2Q2P/4B1P1/2RR2K1 b - - 0 28
95	57	18	5	9	-16	0	Rbd6	3r2k1/p4pp1/1r2p1bp/q7/2BP1P2/1P2Q2P/6P1/2RR2K1 b - - 2 29
95	59	18	8	28	-8	0	Be4	3r2k1/p4pp1/3rp1bp/q7/2BP1P2/1P2Q2P/3R2P1/2R3K1 b - - 4 30
95	61	18	-1	25	-4	0	Bd5	3r2k1/p4pp1/3rp2p/q7/2BPbP2/1P2Q2P/3R2P1/3R2K1 b - - 6 31
95	63	18	45	61	10	0	Rc6	3r2k1/p4pp1/3rp2p/q2b4/2BP1P1P/1P2Q3/3R2P1/3R2K1 b - - 0 32
95	65	17	4	55	43	0	Rxd5	3r2k1/p4pp1/2r1p2p/q2B4/3P1P1P/1P2Q3/3R2P1/3R2K1 b - - 0 33
95	67	16	-8	258	58	0	h5	6k1/p4pp1/2r1p2p/q2r4/3P1PPP/1P2Q3/3R4/3R2K1 b - g3 0 34
95	69	16	-9	295	52	0	g6	6k1/p4pp1/2r1p3/q2r2Pp/3P1P1P/1P2Q3/3R4/3R2K1 b - - 0 35
95	71	16	3	323	63	0	Qc7	6k1/p4p2/2r1p1p1/q2r2Pp/3P1P1P/1P1RQ3/8/3R2K1 b - - 1 36
95	73	16	28	335	49	0	Rf5	6k1/p1q2p2/2r1p1p1/3r2Pp/3P1P1P/1P1RQ3/5K2/3R4 b - - 3 37
95	75	16	-2	323	52	0	Kh7	6k1/p1q2p2/2r1p1p1/5rPp/3P1P1P/1P1RQ1K1/8/3R4 b - - 5 38
95	77	16	68	320	57	0	Rc2	8/p1q2p1k/2r1p1p1/5rPp/3P1P1P/1P1RQ1K1/8/5R2 b - - 7 39
95	79	16	28	335	67	0	Rc1	8/p1q2p1k/4p1p1/5rPp/3P1P1P/1P1RQ1K1/2r2R2/8 b - - 9 40
95	81	16	91	379	78	0	Ra1	8/p1q2p1k/4p1p1/5rPp/3P1P1P/1P1RQRK1/8/2r5 b - - 11 41
95	83	16	-7	479	118	0	Rg1+	8/p1q2p1k/4p1p1/5rPp/3P1P1P/1P1R1RK1/3Q4/r7 b - - 13 42
95	85	16	-9	536	121	0	Rg4	8/p1q2p1k/4p1p1/5rPp/3P1P1P/1P1R1R1K/3Q4/6r1 b - - 15 43
95	87	16	-10	559	179	0	exd5	8/p1q2p1k/4p1p1/3P1rPp/5PrP/1P1R1R1K/3Q4/8 b - - 0 44
95	89	16	-40	705	217	0	Rfxf4	8/p1q2p1k/6p1/3R1rPp/5PrP/1P3R1K/3Q4/8 b - - 0 45
95	91	14	-16	779	225	0	Rxf4	8/p1q2p1k/6p1/3R2Pp/5RrP/1P5K/3Q4/8 b - - 0 46
95	93	12	127	805	248	0	Rf3+	8/p1q2p1k/3R2p1/6Pp/5r1P/1P5K/3Q4/8 b - - 1 47
95	95	12	-21	722	250	0	Rxb3	8/p1q2p1k/3R2p1/6Pp/7P/1P3r2/3Q2K1/8 b - - 3 48
95	97	12	104	784	281	0	Qe7	8/p1q2p1k/3R2p1/6Pp/5Q1P/1r6/6K1/8 b - - 1 49
95	99	12	-86	716	234	0	Rb2+	8/p3qp1k/3R2p1/6Pp/2Q4P/1r6/6K1/8 b - - 3 50
95	101	12	82	761	286	0	Rh2	8/p3qp1k/3R2p1/6Pp/2Q4P/5K2/1r6/8 b - - 5 51
95	103	12	-66	745	306	0	Qa3+	8/p3qp1k/5Rp1/6Pp/2Q4P/5K2/7r/8 b - - 7 52
95	105	12	-114	745	321	0	Rxh4+	8/p4p1k/5Rp1/6Pp/2Q1K2P/q7/7r/8 b - - 9 53
95	107	12	-55	880	325	0	Rxf4+	8/p4p1k/6p1/6Pp/2Q1KR1r/q7/8/8 b - - 1 54
95	109	8	178	1000	326	0	Kg8	8/p4p1k/6p1/6Pp/2Q2K2/q7/8/8 b - - 0 55
95	111	8	55	893	352	0	Qd6+	6k1/p4p2/6p1/1Q4Pp/5K2/q7/8/8 b - - 2 56
95	113	8	193	898	354	0	h4	6k1/p4p2/3q2p1/1Q4Pp/4K3/8/8/8 b - - 4 57
95	115	8	260	1000	407	0	Qc5	6k1/p4p2/3q2p1/6P1/4K2p/1Q6/8/8 b - - 1 58
95	117	8	-5	757	357	0	Kg7	1Q4k1/p4p2/6p1/2q3P1/4K2p/8/8/8 b - - 3 59
95	119	8	-6	769	382	0	Kh7	8/p4pk1/6p1/2q3P1/4K2p/8/1Q6/8 b - - 5 60
95	121	8	0	1000	1171	0	Qf5+	8/p4p1k/5Qp1/2q3P1/4K2p/8/8/8 b - - 7 61
95	123	4	0	1000	1321	0	gxf5+	8/p4p1k/6p1/5QP1/4K2p/8/8/8 b - - 0 62
95	125	0	0	1000	1325	0	h3	8/p4p1k/8/5KP1/7p/8/8/8 b - - 0 63
95	127	0	0	1000	1321	0	Kg8	8/p4p1k/5K2/6P1/8/7p/8/8 b - - 1 64
95	129	0	0	1000	2114	1	fxg6	6k1/p4p2/5KP1/8/8/7p/8/8 b - - 0 65
95	131	0	0	1000	2180	1	a5	6k1/p7/6K1/8/8/7p/8/8 b - - 0 66
95	133	0	0	1000	1000	1	a4	6k1/8/8/p4K2/8/7p/8/8 b - - 1 67
95	135	0	0	1000	1000	1	h2	6k1/8/8/8/p3K3/7p/8/8 b - - 1 68
96	16	24	4	37	-9	0	Be2	r1bq1rk1/1ppn1pbp/p2p1np1/4p3/2PPP3/2N1BP2/PP1Q2PP/3RKBNR w K e6 0 9
96	18	24	2	31	-5	0	Bxd4	r1bq1rk1/1ppn1pbp/p2p1np1/8/2PpP3/2N1BP2/PP1QB1PP/3RK1NR w K - 0 10
96	20	24	14	28	-1	0	Nd5	rnbq1rk1/1pp2pbp/p2p1np1/8/2PBP3/2N2P2/PP1QB1PP/3RK1NR w K - 1 11
96	22	24	0	9	29	0	h4	rnbqr1k1/1pp2pbp/p2p1np1/3N4/2PBP3/5P2/PP1QB1PP/3RK1NR w K - 3 12
96	24	24	37	6	22	0	Bxf6	r1bqr1k1/1pp2pbp/p1np1np1/3N4/2PBP2P/5P2/PP1QB1P1/3RK1NR w K - 1 13
96	26	22	10	-21	10	0	h5	r1bqr1k1/1pp2p1p/p1np1bp1/3N4/2P1P2P/5P2/PP1QB1P1/3RK1NR w K - 0 14
96	28	22	10	10	40	0	hxg6	r1bqr1k1/2p2p1p/ppnp1bp1/3N3P/2P1P3/5P2/PP1QB1P1/3RK1NR w K - 0 15
96	30	22	41	0	53	0	Qh6	r1bqr1k1/2p2p2/ppnp1bp1/3N4/2P1P3/5P2/PP1QB1P1/3RK1NR w K - 0 16
96	32	22	145	-1	47	0	Bd3	r1bqr1k1/2p2p2/ppnp2pQ/3N4/2P1P3/5P2/Pb2B1P1/3RK1NR w K - 0 17
96	34	22	-4	-162	6	0	Qh7+	r1bqr1k1/2p2pb1/ppnp2pQ/3N4/2P1P3/3B1P2/P5P1/3RK1NR w K - 2 18
96	36	22	66	-141	5	0	Ne2	r1bqrk2/2p2pbQ/ppnp2p1/3N4/2P1P3/3B1P2/P5P1/3RK1NR w K - 4 19
96	38	22	210	-35	23	0	Rh3	r2qrk2/1bp2pbQ/ppnp2p1/3N4/2P1P3/3B1P2/P3N1P1/3RK2R w K - 6 20
96	40	22	38	-289	-4	0	Rg3	r2qrk2/1bp2pbQ/pp1p2p1/3Nn3/2P1P3/3B1P1R/P3N1P1/3RK3 w - - 8 21
96	42	21	15	-224	5	0	Rxd3	r2qrk2/1bp2pbQ/pp1p2p1/3N4/2P1P3/3n1PR1/P3N1P1/3RK3 w - - 0 22
96	44	20	271	-78	0	0	c5	r2qrk2/1bp2pbQ/p2p2p1/1p1N4/2P1P3/3R1PR1/P3N1P1/4K3 w - - 0 23
96	46	20	-28	440	0	0	Ndf4	r2qrk2/1bp2pbQ/p5p1/1ppN4/4P3/3R1PR1/P3N1P1/4K3 w - - 0 24
96	48	20	312	552	0	0	Re3	r1q1rk2/1bp2pbQ/p5p1/1pp5/4PN2/3R1PR1/P3N1P1/4K3 w - - 2 25
96	50	20	13	488	110	0	e5	r1q1rk2/1bp2pbQ/p5p1/1p6/2p1PN2/4RPR1/P3N1P1/4K3 w - - 0 26
96	52	20	11	685	258	0	Rxg6	r1q2k2/1bp2pbQ/p5p1/1p2r3/2p2N2/4RPR1/P3N1P1/4K3 w - - 0 27
96	54	18	8	697	318	0	Qxg7+	r1q2k2/1bp2pbQ/p5R1/1p6/2p2N2/4rP2/P3N1P1/4K3 w - - 0 28
96	56	17	5	698	318	0	Qh8+	r1q1k3/1bp2pQ1/p5R1/1p6/2p2N2/4rP2/P3N1P1/4K3 w - - 1 29
96	58	17	-8	690	491	0	Qf6+	r1q4Q/1bp1kp2/p5R1/1p6/2p2N2/4rP2/P3N1P1/4K3 w - - 3 30
96	60	17	-19	690	682	0	Rg7	r1q2k2/1bp2p2/p4QR1/1p6/2p2N2/4rP2/P3N1P1/4K3 w - - 5 31
96	62	17	-47	708	722	0	Qg5	r1q2k2/2p2pR1/p4Q2/1p1b4/2p2N2/4rP2/P3N1P1/4K3 w - - 7 32
96	64	17	0	1000	1069	1	Rg8+	r1q1k3/2p2pR1/p7/1p1b2Q1/2p2N2/4rP2/P3N1P1/4K3 w - - 9 33
96	66	17	0	1000	1337	1	Qxd5+	r1q3R1/2pk1p2/p7/1p1b2Q1/2p2N2/4rP2/P3N1P1/4K3 w - - 11 34
96	68	16	0	1000	1337	1	Ng6+	r1q3R1/2p1kp2/p7/1p1Q4/2p2N2/4rP2/P3N1P1/4K3 w - - 1 35
96	70	16	0	1000	1337	1	Qd4+	r1q3R1/2p2p2/p4kN1/1p1Q4/2p5/4rP2/P3N1P1/4K3 w - - 3 36
96	72	16	0	1000	1337	1	Qxe3+	r1q3R1/2p2p2/p3k1N1/1p6/2pQ4/4rP2/P3N1P1/4K3 w - - 5 37
96	74	14	0	1000	1337	1	Qd4+	r1q3R1/2pk1p2/p5N1/1p6/2p5/4QP2/P3N1P1/4K3 w - - 1 38
96	76	14	0	1000	1428	1	Ne7+	r1q3R1/2p2p2/p1k3N1/1p6/2pQ4/5P2/P3N1P1/4K3 w - - 3 39
97	16	24	65	36	74	0	Bxf6	r1bq1rk1/ppn1ppbp/3p1np1/2pP2B1/P3P3/2P2N2/1P1N1PPP/R2QKB1R w KQ - 1 9
97	18	22	14	-35	81	0	Bc4	r1bq1rk1/ppn2pbp/3p1pp1/2pP4/P3P3/2P2N2/1P1N1PPP/R2QKB1R w KQ - 0 10
97	20	22	7	37	114	0	h3	r1bq1rk1/ppn2pbp/3p1p2/2pP2p1/P1B1P3/2P2N2/1P1N1PPP/R2QK2R w KQ - 0 11
97	22	22	31	39	102	0	O-O	r1bq1rk1/ppn2pbp/3p4/2pP1pp1/P1B1P3/2P2N1P/1P1N1PP1/R2QK2R w KQ - 0 12
97	24	22	-8	98	106	0	Nh2	r1bq1rk1/ppn2pb1/3p4/2pP1ppp/P1B1P3/2P2N1P/1P1N1PP1/R2Q1RK1 w - h6 0 13
97	26	22	-3	111	93	0	Nxe4	r1bq1rk1/ppn2pb1/3p4/2pP2pp/P1B1p3/2P4P/1P1N1PPN/R2Q1RK1 w - - 0 14
97	28	22	68	124	90	0	hxg4	r1bq1rk1/ppn2pb1/3p4/2pP3p/P1B1N1p1/2P4P/1P3PPN/R2Q1RK1 w - - 0 15
97	30	22	9	62	88	0	Qd2	r1bq1rk1/ppn2pb1/3p4/2pP4/P1B1N1p1/2P5/1P3PPN/R2Q1RK1 w - - 0 16
97	32	22	-2	49	96	0	Ng5	r1bq1rk1/ppn3b1/3p4/2pP1p2/P1B1N1p1/2P5/1P1Q1PPN/R4RK1 w - f6 0 17
97	34	22	4	51	81	0	f4	r2q1rk1/ppnb2b1/3p4/2pP1pN1/P1B3p1/2P5/1P1Q1PPN/R4RK1 w - - 2 18
97	36	22	154	145	70	0	Qf2	r2qr1k1/ppnb2b1/3p4/2pP1pN1/P1B2Pp1/2P5/1P1Q2PN/R4RK1 w - - 1 19
97	38	22	57	-9	70	0	Qg3	r3r1k1/ppnb2b1/3p1q2/2pP1pN1/P1B2Pp1/2P5/1P3QPN/R4RK1 w - - 3 20
97	40	22	96	-32	39	0	Qh4	r3r1k1/1pnb2b1/p2p1q2/2pP1pN1/P1B2Pp1/2P3Q1/1P4PN/R4RK1 w - - 0 21
97	42	22	-18	-29	27	0	Rfe1	r3r1k1/1pnb2b1/p2p2q1/2pP1pN1/P1B2PpQ/2P5/1P4PN/R4RK1 w - - 2 22
97	44	20	7	12	20	0	Rxe1	r5k1/1pnb2b1/p2p2q1/2pP1pN1/P1B2PpQ/2P5/1P4PN/R3r1K1 w - - 0 23
97	46	18	-16	395	102	0	Re7	r5k1/1pn3b1/p2p2q1/2pP1pN1/b1B2PpQ/2P5/1P4PN/4R1K1 w - - 0 24
97	48	18	-8	543	100	0	Bxb5	r5k1/1pn1R1b1/p2p2q1/1bpP1pN1/2B2PpQ/2P5/1P4PN/6K1 w - - 2 25
97	50	17	65	655	265	0	Bd3	r5k1/1pn1R1b1/p2p2q1/1BpP1pN1/5P1Q/2P3p1/1P4PN/6K1 w - - 0 26
97	52	16	-8	650	270	0	Kxh2	r5k1/1pn1R1b1/p2p2q1/2pP1pN1/5P1Q/2PB4/1P4Pp/6K1 w - - 0 27
97	54	16	3	710	289	0	Be2	r5k1/1pn1R1b1/p2p2q1/3P1pN1/2p2P1Q/2PB4/1P4PK/8 w - - 0 28
97	56	16	-47	686	303	0	Bh5	2r3k1/1pn1R1b1/p2p2q1/3P1pN1/2p2P1Q/2P5/1P2B1PK/8 w - - 2 29
97	58	16	-1	728	324	0	Ne6	2r3k1/1pn1R1b1/p2p3q/3P1pNB/2p2P1Q/2P5/1P4PK/8 w - - 4 30
97	60	15	16	728	350	0	Rxe6	2r3k1/1p2R1b1/p2pn2q/3P1p1B/2p2P1Q/2P5/1P4PK/8 w - - 0 31
97	62	14	-51	711	338	0	Rxd6	2r3k1/1p4bq/p2pR3/3P1p1B/2p2P1Q/2P5/1P4PK/8 w - - 1 32
97	64	14	41	806	386	0	Qg5	5rk1/1p4bq/p2R4/3P1p1B/2p2P1Q/2P5/1P4PK/8 w - - 1 33
97	66	14	-18	910	692	0	Re6	5rk1/1p4bq/3R4/p2P1pQB/2p2P2/2P5/1P4PK/8 w - - 0 34
97	68	14	0	1000	940	0	d6	5r1k/1p4bq/4R3/p2P1pQB/2p2P2/2P5/1P4PK/8 w - - 2 35
97	70	14	0	1000	1124	0	d7	6rk/1p4bq/3PR3/p4pQB/2p2P2/2P5/1P4PK/8 w - - 1 36
97	72	14	0	1000	1063	1	Qh4	5brk/1p1P3q/4R3/p4pQB/2p2P2/2P5/1P4PK/8 w - - 1 37
97	74	14	0	1000	1784	1	Qf6+	5b1k/1p1P3q/4R3/p4p1B/2p2PrQ/2P5/1P4PK/8 w - - 3 38
97	76	14	0	1000	1000	1	Qxg7+	5b1k/1p1P2q1/4RQ2/p4p1B/2p2Pr1/2P5/1P4PK/8 w - - 5 39
97	78	6	0	1000	1000	1	d8=Q+	7k/1p1P2b1/4R3/p4p1B/2p2Pr1/2P5/1P4PK/8 w - - 0 40
97	80	10	0	1000	1000	1	Qe8	3Q4/1p4bk/4R3/p4p1B/2p2Pr1/2P5/1P4PK/8 w - - 1 41
97	82	10	0	1000	1000	1	Kg3	4Q3/1p4bk/4R3/p4p1B/2p2P1r/2P5/1P4PK/8 w - - 3 42
97	84	10	0	1000	1000	1	Bxg4	4Q3/1p4bk/4R3/p4p1B/2p2Pr1/2P3K1/1P4P1/8 w - - 5 43
97	86	7	0	1000	1000	1	Qg6+	4Q3/1p4bk/4R3/p7/2p2Pp1/2P3K1/1P4P1/8 w - - 0 44
