Indexing opening suite...
Started game 1 of 40000 (candidate-m75 vs ref-7f15ac4-m100)
Started game 5 of 40000 (candidate-m75 vs ref-7f15ac4-m100)
Started game 2 of 40000 (ref-7f15ac4-m100 vs candidate-m75)
Started game 12 of 40000 (ref-7f15ac4-m100 vs candidate-m75)
Started game 10 of 40000 (ref-7f15ac4-m100 vs candidate-m75)
Started game 4 of 40000 (ref-7f15ac4-m100 vs candidate-m75)
Started game 6 of 40000 (ref-7f15ac4-m100 vs candidate-m75)
Started game 8 of 40000 (ref-7f15ac4-m100 vs candidate-m75)
Started game 7 of 40000 (candidate-m75 vs ref-7f15ac4-m100)
Started game 11 of 40000 (candidate-m75 vs ref-7f15ac4-m100)
Started game 3 of 40000 (candidate-m75 vs ref-7f15ac4-m100)
Started game 9 of 40000 (candidate-m75 vs ref-7f15ac4-m100)
Finished game 12 (ref-7f15ac4-m100 vs candidate-m75): 0-1 {Black wins by adjudication}
Started game 13 of 40000 (candidate-m75 vs ref-7f15ac4-m100)
Finished game 11 (candidate-m75 vs ref-7f15ac4-m100): 0-1 {Black wins by adjudication}
Started game 14 of 40000 (ref-7f15ac4-m100 vs candidate-m75)
Finished game 9 (candidate-m75 vs ref-7f15ac4-m100): 1/2-1/2 {Draw by 3-fold repetition}
Started game 15 of 40000 (candidate-m75 vs ref-7f15ac4-m100)
Finished game 2 (ref-7f15ac4-m100 vs candidate-m75): 0-1 {Black wins by adjudication}
Started game 16 of 40000 (ref-7f15ac4-m100 vs candidate-m75)
Finished game 7 (candidate-m75 vs ref-7f15ac4-m100): 0-1 {Black wins by adjudication}
Started game 17 of 40000 (candidate-m75 vs ref-7f15ac4-m100)
Finished game 3 (candidate-m75 vs ref-7f15ac4-m100): 0-1 {Black wins by adjudication}
Started game 18 of 40000 (ref-7f15ac4-m100 vs candidate-m75)
Finished game 8 (ref-7f15ac4-m100 vs candidate-m75): 0-1 {Black wins by adjudication}
Started game 19 of 40000 (candidate-m75 vs ref-7f15ac4-m100)
Finished game 10 (ref-7f15ac4-m100 vs candidate-m75): 1/2-1/2 {Draw by 3-fold repetition}
Started game 20 of 40000 (ref-7f15ac4-m100 vs candidate-m75)
Finished game 13 (candidate-m75 vs ref-7f15ac4-m100): 0-1 {Black wins by adjudication}
Started game 21 of 40000 (candidate-m75 vs ref-7f15ac4-m100)
Finished game 5 (candidate-m75 vs ref-7f15ac4-m100): 0-1 {Black wins by adjudication}
Started game 22 of 40000 (ref-7f15ac4-m100 vs candidate-m75)
Finished game 14 (ref-7f15ac4-m100 vs candidate-m75): 0-1 {Black wins by adjudication}
Started game 23 of 40000 (candidate-m75 vs ref-7f15ac4-m100)
Finished game 6 (ref-7f15ac4-m100 vs candidate-m75): 1/2-1/2 {Draw by adjudication}
Started game 24 of 40000 (ref-7f15ac4-m100 vs candidate-m75)
Finished game 4 (ref-7f15ac4-m100 vs candidate-m75): 0-1 {Black wins by adjudication}
Started game 25 of 40000 (candidate-m75 vs ref-7f15ac4-m100)
Finished game 1 (candidate-m75 vs ref-7f15ac4-m100): 1/2-1/2 {Draw by insufficient mating material}
Started game 26 of 40000 (ref-7f15ac4-m100 vs candidate-m75)
Finished game 18 (ref-7f15ac4-m100 vs candidate-m75): 1/2-1/2 {Draw by 3-fold repetition}
Started game 27 of 40000 (candidate-m75 vs ref-7f15ac4-m100)
Finished game 21 (candidate-m75 vs ref-7f15ac4-m100): 0-1 {Black wins by adjudication}
Started game 28 of 40000 (ref-7f15ac4-m100 vs candidate-m75)
Finished game 19 (candidate-m75 vs ref-7f15ac4-m100): 1-0 {White wins by adjudication}
Started game 29 of 40000 (candidate-m75 vs ref-7f15ac4-m100)
Finished game 17 (candidate-m75 vs ref-7f15ac4-m100): 1/2-1/2 {Draw by 3-fold repetition}
Started game 30 of 40000 (ref-7f15ac4-m100 vs candidate-m75)
Finished game 23 (candidate-m75 vs ref-7f15ac4-m100): 1-0 {White wins by adjudication}
Started game 31 of 40000 (candidate-m75 vs ref-7f15ac4-m100)
Finished game 16 (ref-7f15ac4-m100 vs candidate-m75): 1/2-1/2 {Draw by 3-fold repetition}
Started game 32 of 40000 (ref-7f15ac4-m100 vs candidate-m75)
Finished game 15 (candidate-m75 vs ref-7f15ac4-m100): 1-0 {White wins by adjudication}
Started game 33 of 40000 (candidate-m75 vs ref-7f15ac4-m100)
Finished game 20 (ref-7f15ac4-m100 vs candidate-m75): 0-1 {Black wins by adjudication}
--------------------------------------------------
Results of candidate-m75 vs ref-7f15ac4-m100 (10+0.2, 1t, 16MB, 8moves_v3.pgn):
Elo: 52.51 +/- 87.99, nElo: 94.37 +/- 152.27
LOS: 88.78 %, DrawRatio: 60.00 %, PairsRatio: 3.00
Games: 20, Wins: 8, Losses: 5, Draws: 7, Points: 11.5 (57.50 %)
Ptnml(0-2): [0, 1, 6, 2, 1], WL/DD Ratio: 2.00
LLR: 0.16 (5.3%) (-2.94, 2.94) [-5.00, 5.00]
--------------------------------------------------
Started game 34 of 40000 (ref-7f15ac4-m100 vs candidate-m75)
Finished game 25 (candidate-m75 vs ref-7f15ac4-m100): 0-1 {Black wins by adjudication}
Started game 35 of 40000 (candidate-m75 vs ref-7f15ac4-m100)
Finished game 27 (candidate-m75 vs ref-7f15ac4-m100): 1/2-1/2 {Draw by 3-fold repetition}
Started game 36 of 40000 (ref-7f15ac4-m100 vs candidate-m75)
Finished game 26 (ref-7f15ac4-m100 vs candidate-m75): 0-1 {Black wins by adjudication}
Started game 37 of 40000 (candidate-m75 vs ref-7f15ac4-m100)
Finished game 30 (ref-7f15ac4-m100 vs candidate-m75): 1-0 {White wins by adjudication}
Started game 38 of 40000 (ref-7f15ac4-m100 vs candidate-m75)
Finished game 31 (candidate-m75 vs ref-7f15ac4-m100): 1/2-1/2 {Draw by 3-fold repetition}
Started game 39 of 40000 (candidate-m75 vs ref-7f15ac4-m100)
Finished game 32 (ref-7f15ac4-m100 vs candidate-m75): 1-0 {White wins by adjudication}
Started game 40 of 40000 (ref-7f15ac4-m100 vs candidate-m75)
Finished game 22 (ref-7f15ac4-m100 vs candidate-m75): 1/2-1/2 {Draw by insufficient mating material}
Started game 41 of 40000 (candidate-m75 vs ref-7f15ac4-m100)
Finished game 29 (candidate-m75 vs ref-7f15ac4-m100): 1/2-1/2 {Draw by 3-fold repetition}
Started game 42 of 40000 (ref-7f15ac4-m100 vs candidate-m75)
Finished game 34 (ref-7f15ac4-m100 vs candidate-m75): 0-1 {Black wins by adjudication}
Started game 43 of 40000 (candidate-m75 vs ref-7f15ac4-m100)
Finished game 24 (ref-7f15ac4-m100 vs candidate-m75): 1/2-1/2 {Draw by 3-fold repetition}
Started game 44 of 40000 (ref-7f15ac4-m100 vs candidate-m75)
Finished game 33 (candidate-m75 vs ref-7f15ac4-m100): 1-0 {White wins by adjudication}
Started game 45 of 40000 (candidate-m75 vs ref-7f15ac4-m100)
Finished game 35 (candidate-m75 vs ref-7f15ac4-m100): 1/2-1/2 {Draw by 3-fold repetition}
Started game 46 of 40000 (ref-7f15ac4-m100 vs candidate-m75)
Finished game 28 (ref-7f15ac4-m100 vs candidate-m75): 1/2-1/2 {Draw by insufficient mating material}
Started game 47 of 40000 (candidate-m75 vs ref-7f15ac4-m100)
Finished game 36 (ref-7f15ac4-m100 vs candidate-m75): 1-0 {White wins by adjudication}
Started game 48 of 40000 (ref-7f15ac4-m100 vs candidate-m75)
Finished game 37 (candidate-m75 vs ref-7f15ac4-m100): 0-1 {Black wins by adjudication}
Started game 49 of 40000 (candidate-m75 vs ref-7f15ac4-m100)
Finished game 42 (ref-7f15ac4-m100 vs candidate-m75): 1/2-1/2 {Draw by 3-fold repetition}
Started game 50 of 40000 (ref-7f15ac4-m100 vs candidate-m75)
Finished game 43 (candidate-m75 vs ref-7f15ac4-m100): 1-0 {White wins by adjudication}
Started game 51 of 40000 (candidate-m75 vs ref-7f15ac4-m100)
Finished game 38 (ref-7f15ac4-m100 vs candidate-m75): 1/2-1/2 {Draw by 3-fold repetition}
Started game 52 of 40000 (ref-7f15ac4-m100 vs candidate-m75)
Finished game 40 (ref-7f15ac4-m100 vs candidate-m75): 0-1 {Black wins by adjudication}
Started game 53 of 40000 (candidate-m75 vs ref-7f15ac4-m100)
Finished game 44 (ref-7f15ac4-m100 vs candidate-m75): 0-1 {Black wins by adjudication}
Started game 54 of 40000 (ref-7f15ac4-m100 vs candidate-m75)
Finished game 46 (ref-7f15ac4-m100 vs candidate-m75): 0-1 {Black wins by adjudication}
Started game 55 of 40000 (candidate-m75 vs ref-7f15ac4-m100)
Finished game 52 (ref-7f15ac4-m100 vs candidate-m75): 1-0 {White wins by adjudication}
Started game 56 of 40000 (ref-7f15ac4-m100 vs candidate-m75)
Finished game 41 (candidate-m75 vs ref-7f15ac4-m100): 1/2-1/2 {Draw by insufficient mating material}
Started game 57 of 40000 (candidate-m75 vs ref-7f15ac4-m100)
Finished game 39 (candidate-m75 vs ref-7f15ac4-m100): 1/2-1/2 {Draw by adjudication}
--------------------------------------------------
Results of candidate-m75 vs ref-7f15ac4-m100 (10+0.2, 1t, 16MB, 8moves_v3.pgn):
Elo: 31.67 +/- 73.06, nElo: 45.43 +/- 102.66
LOS: 80.71 %, DrawRatio: 40.91 %, PairsRatio: 1.17
Games: 44, Wins: 15, Losses: 11, Draws: 18, Points: 24.0 (54.55 %)
Ptnml(0-2): [0, 6, 9, 4, 3], WL/DD Ratio: 1.25
LLR: 0.17 (5.9%) (-2.94, 2.94) [-5.00, 5.00]
--------------------------------------------------
Started game 58 of 40000 (ref-7f15ac4-m100 vs candidate-m75)
Finished game 45 (candidate-m75 vs ref-7f15ac4-m100): 1/2-1/2 {Draw by adjudication}
Started game 59 of 40000 (candidate-m75 vs ref-7f15ac4-m100)
Finished game 47 (candidate-m75 vs ref-7f15ac4-m100): 1/2-1/2 {Draw by adjudication}
Started game 60 of 40000 (ref-7f15ac4-m100 vs candidate-m75)
Finished game 48 (ref-7f15ac4-m100 vs candidate-m75): 1-0 {White wins by adjudication}
Started game 61 of 40000 (candidate-m75 vs ref-7f15ac4-m100)
Finished game 55 (candidate-m75 vs ref-7f15ac4-m100): 1-0 {White wins by adjudication}
Started game 62 of 40000 (ref-7f15ac4-m100 vs candidate-m75)
Finished game 49 (candidate-m75 vs ref-7f15ac4-m100): 0-1 {Black wins by adjudication}
Started game 63 of 40000 (candidate-m75 vs ref-7f15ac4-m100)
Finished game 54 (ref-7f15ac4-m100 vs candidate-m75): 1/2-1/2 {Draw by insufficient mating material}
Started game 64 of 40000 (ref-7f15ac4-m100 vs candidate-m75)
Finished game 50 (ref-7f15ac4-m100 vs candidate-m75): 0-1 {Black wins by adjudication}
Started game 65 of 40000 (candidate-m75 vs ref-7f15ac4-m100)
Finished game 56 (ref-7f15ac4-m100 vs candidate-m75): 1-0 {White wins by adjudication}
Started game 66 of 40000 (ref-7f15ac4-m100 vs candidate-m75)
Finished game 51 (candidate-m75 vs ref-7f15ac4-m100): 1/2-1/2 {Draw by adjudication}
Started game 67 of 40000 (candidate-m75 vs ref-7f15ac4-m100)
Finished game 53 (candidate-m75 vs ref-7f15ac4-m100): 0-1 {Black wins by adjudication}
Started game 68 of 40000 (ref-7f15ac4-m100 vs candidate-m75)
Finished game 59 (candidate-m75 vs ref-7f15ac4-m100): 0-1 {Black wins by adjudication}
Started game 69 of 40000 (candidate-m75 vs ref-7f15ac4-m100)
Finished game 58 (ref-7f15ac4-m100 vs candidate-m75): 0-1 {Black wins by adjudication}
Started game 70 of 40000 (ref-7f15ac4-m100 vs candidate-m75)
Finished game 61 (candidate-m75 vs ref-7f15ac4-m100): 1-0 {White wins by adjudication}
Started game 71 of 40000 (candidate-m75 vs ref-7f15ac4-m100)
Finished game 60 (ref-7f15ac4-m100 vs candidate-m75): 1-0 {White wins by adjudication}
--------------------------------------------------
Results of candidate-m75 vs ref-7f15ac4-m100 (10+0.2, 1t, 16MB, 8moves_v3.pgn):
Elo: -0.00 +/- 65.06, nElo: 0.00 +/- 89.41
LOS: 50.00 %, DrawRatio: 37.93 %, PairsRatio: 0.80
Games: 58, Wins: 18, Losses: 18, Draws: 22, Points: 29.0 (50.00 %)
Ptnml(0-2): [1, 9, 11, 5, 3], WL/DD Ratio: 1.75
LLR: -0.00 (-0.0%) (-2.94, 2.94) [-5.00, 5.00]
--------------------------------------------------
Started game 72 of 40000 (ref-7f15ac4-m100 vs candidate-m75)
Finished game 66 (ref-7f15ac4-m100 vs candidate-m75): 0-1 {Black wins by adjudication}
Started game 73 of 40000 (candidate-m75 vs ref-7f15ac4-m100)
Finished game 62 (ref-7f15ac4-m100 vs candidate-m75): 1/2-1/2 {Draw by 3-fold repetition}
Started game 74 of 40000 (ref-7f15ac4-m100 vs candidate-m75)
Finished game 63 (candidate-m75 vs ref-7f15ac4-m100): 1-0 {White wins by adjudication}
Started game 75 of 40000 (candidate-m75 vs ref-7f15ac4-m100)
Finished game 64 (ref-7f15ac4-m100 vs candidate-m75): 1-0 {White wins by adjudication}
Started game 76 of 40000 (ref-7f15ac4-m100 vs candidate-m75)
Finished game 57 (candidate-m75 vs ref-7f15ac4-m100): 1-0 {White wins by adjudication}
Started game 77 of 40000 (candidate-m75 vs ref-7f15ac4-m100)
Finished game 71 (candidate-m75 vs ref-7f15ac4-m100): 0-1 {Black wins by adjudication}
Started game 78 of 40000 (ref-7f15ac4-m100 vs candidate-m75)
Finished game 68 (ref-7f15ac4-m100 vs candidate-m75): 1-0 {White wins by adjudication}
Started game 79 of 40000 (candidate-m75 vs ref-7f15ac4-m100)
Finished game 65 (candidate-m75 vs ref-7f15ac4-m100): 1/2-1/2 {Draw by 3-fold repetition}
Started game 80 of 40000 (ref-7f15ac4-m100 vs candidate-m75)
Finished game 72 (ref-7f15ac4-m100 vs candidate-m75): 0-1 {Black wins by adjudication}
Started game 81 of 40000 (candidate-m75 vs ref-7f15ac4-m100)
Finished game 67 (candidate-m75 vs ref-7f15ac4-m100): 1-0 {White wins by adjudication}
Started game 82 of 40000 (ref-7f15ac4-m100 vs candidate-m75)
Finished game 75 (candidate-m75 vs ref-7f15ac4-m100): 1/2-1/2 {Draw by 3-fold repetition}
Started game 83 of 40000 (candidate-m75 vs ref-7f15ac4-m100)
Finished game 69 (candidate-m75 vs ref-7f15ac4-m100): 1-0 {White wins by adjudication}
Started game 84 of 40000 (ref-7f15ac4-m100 vs candidate-m75)
Finished game 76 (ref-7f15ac4-m100 vs candidate-m75): 1/2-1/2 {Draw by 3-fold repetition}
Started game 85 of 40000 (candidate-m75 vs ref-7f15ac4-m100)
Finished game 77 (candidate-m75 vs ref-7f15ac4-m100): 1-0 {White wins by adjudication}
Started game 86 of 40000 (ref-7f15ac4-m100 vs candidate-m75)
Finished game 74 (ref-7f15ac4-m100 vs candidate-m75): 0-1 {Black wins by adjudication}
Started game 87 of 40000 (candidate-m75 vs ref-7f15ac4-m100)
Finished game 79 (candidate-m75 vs ref-7f15ac4-m100): 1/2-1/2 {Draw by 3-fold repetition}
Started game 88 of 40000 (ref-7f15ac4-m100 vs candidate-m75)
Finished game 70 (ref-7f15ac4-m100 vs candidate-m75): 1/2-1/2 {Draw by adjudication}
Started game 89 of 40000 (candidate-m75 vs ref-7f15ac4-m100)
Finished game 78 (ref-7f15ac4-m100 vs candidate-m75): 1/2-1/2 {Draw by insufficient mating material}
Started game 90 of 40000 (ref-7f15ac4-m100 vs candidate-m75)
Finished game 73 (candidate-m75 vs ref-7f15ac4-m100): 1/2-1/2 {Draw by 3-fold repetition}
Started game 91 of 40000 (candidate-m75 vs ref-7f15ac4-m100)
Finished game 82 (ref-7f15ac4-m100 vs candidate-m75): 0-1 {Black wins by adjudication}
Started game 92 of 40000 (ref-7f15ac4-m100 vs candidate-m75)
Finished game 83 (candidate-m75 vs ref-7f15ac4-m100): 0-1 {Black wins by adjudication}
Started game 93 of 40000 (candidate-m75 vs ref-7f15ac4-m100)
Finished game 80 (ref-7f15ac4-m100 vs candidate-m75): 0-1 {Black wins by adjudication}
--------------------------------------------------
Results of candidate-m75 vs ref-7f15ac4-m100 (10+0.2, 1t, 16MB, 8moves_v3.pgn):
Elo: 34.86 +/- 53.72, nElo: 50.15 +/- 76.13
LOS: 90.16 %, DrawRatio: 37.50 %, PairsRatio: 1.50
Games: 80, Wins: 29, Losses: 21, Draws: 30, Points: 44.0 (55.00 %)
Ptnml(0-2): [1, 9, 15, 11, 4], WL/DD Ratio: 2.00
LLR: 0.33 (11.3%) (-2.94, 2.94) [-5.00, 5.00]
--------------------------------------------------
Started game 94 of 40000 (ref-7f15ac4-m100 vs candidate-m75)
Finished game 81 (candidate-m75 vs ref-7f15ac4-m100): 1-0 {White wins by adjudication}
Started game 95 of 40000 (candidate-m75 vs ref-7f15ac4-m100)
Finished game 84 (ref-7f15ac4-m100 vs candidate-m75): 1-0 {White wins by adjudication}
Started game 96 of 40000 (ref-7f15ac4-m100 vs candidate-m75)
Finished game 88 (ref-7f15ac4-m100 vs candidate-m75): 1-0 {White wins by adjudication}
Started game 97 of 40000 (candidate-m75 vs ref-7f15ac4-m100)
Finished game 85 (candidate-m75 vs ref-7f15ac4-m100): 1/2-1/2 {Draw by adjudication}
Started game 98 of 40000 (ref-7f15ac4-m100 vs candidate-m75)
Finished game 93 (candidate-m75 vs ref-7f15ac4-m100): 0-1 {Black wins by adjudication}
Started game 99 of 40000 (candidate-m75 vs ref-7f15ac4-m100)
Finished game 95 (candidate-m75 vs ref-7f15ac4-m100): 0-1 {Black wins by adjudication}
Started game 100 of 40000 (ref-7f15ac4-m100 vs candidate-m75)
Finished game 87 (candidate-m75 vs ref-7f15ac4-m100): 0-1 {Black wins by adjudication}
Started game 101 of 40000 (candidate-m75 vs ref-7f15ac4-m100)
Finished game 90 (ref-7f15ac4-m100 vs candidate-m75): 1/2-1/2 {Draw by adjudication}
Started game 102 of 40000 (ref-7f15ac4-m100 vs candidate-m75)
Finished game 92 (ref-7f15ac4-m100 vs candidate-m75): 0-1 {Black wins by adjudication}
Started game 103 of 40000 (candidate-m75 vs ref-7f15ac4-m100)
Finished game 91 (candidate-m75 vs ref-7f15ac4-m100): 0-1 {Black wins by adjudication}
Started game 104 of 40000 (ref-7f15ac4-m100 vs candidate-m75)
Finished game 89 (candidate-m75 vs ref-7f15ac4-m100): 1/2-1/2 {Draw by 3-fold repetition}
Started game 105 of 40000 (candidate-m75 vs ref-7f15ac4-m100)
Finished game 86 (ref-7f15ac4-m100 vs candidate-m75): 1/2-1/2 {Draw by adjudication}
Started game 106 of 40000 (ref-7f15ac4-m100 vs candidate-m75)
Finished game 96 (ref-7f15ac4-m100 vs candidate-m75): 1/2-1/2 {Draw by 3-fold repetition}
Started game 107 of 40000 (candidate-m75 vs ref-7f15ac4-m100)
Finished game 97 (candidate-m75 vs ref-7f15ac4-m100): 1-0 {White wins by adjudication}
Started game 108 of 40000 (ref-7f15ac4-m100 vs candidate-m75)
Finished game 94 (ref-7f15ac4-m100 vs candidate-m75): 1-0 {White wins by adjudication}
Started game 109 of 40000 (candidate-m75 vs ref-7f15ac4-m100)
Finished game 101 (candidate-m75 vs ref-7f15ac4-m100): 0-1 {Black wins by adjudication}
Started game 110 of 40000 (ref-7f15ac4-m100 vs candidate-m75)
Finished game 104 (ref-7f15ac4-m100 vs candidate-m75): 1-0 {White wins by adjudication}
Started game 111 of 40000 (candidate-m75 vs ref-7f15ac4-m100)
Finished game 98 (ref-7f15ac4-m100 vs candidate-m75): 1-0 {White wins by adjudication}
Started game 112 of 40000 (ref-7f15ac4-m100 vs candidate-m75)
Finished game 103 (candidate-m75 vs ref-7f15ac4-m100): 0-1 {Black wins by adjudication}
Started game 113 of 40000 (candidate-m75 vs ref-7f15ac4-m100)
Finished game 100 (ref-7f15ac4-m100 vs candidate-m75): 1-0 {White wins by adjudication}
Started game 114 of 40000 (ref-7f15ac4-m100 vs candidate-m75)
Finished game 105 (candidate-m75 vs ref-7f15ac4-m100): 1-0 {White wins by adjudication}
Started game 115 of 40000 (candidate-m75 vs ref-7f15ac4-m100)
Finished game 99 (candidate-m75 vs ref-7f15ac4-m100): 1-0 {White wins by adjudication}
--------------------------------------------------
Results of candidate-m75 vs ref-7f15ac4-m100 (10+0.2, 1t, 16MB, 8moves_v3.pgn):
Elo: 3.41 +/- 52.54, nElo: 4.41 +/- 67.43
LOS: 55.09 %, DrawRatio: 39.22 %, PairsRatio: 1.07
Games: 102, Wins: 34, Losses: 33, Draws: 35, Points: 51.5 (50.49 %)
Ptnml(0-2): [5, 10, 20, 11, 5], WL/DD Ratio: 1.86
LLR: 0.04 (1.3%) (-2.94, 2.94) [-5.00, 5.00]
--------------------------------------------------
Started game 116 of 40000 (ref-7f15ac4-m100 vs candidate-m75)
Finished game 109 (candidate-m75 vs ref-7f15ac4-m100): 1-0 {White wins by adjudication}
Started game 117 of 40000 (candidate-m75 vs ref-7f15ac4-m100)
Finished game 110 (ref-7f15ac4-m100 vs candidate-m75): 0-1 {Black wins by adjudication}
Started game 118 of 40000 (ref-7f15ac4-m100 vs candidate-m75)
Finished game 106 (ref-7f15ac4-m100 vs candidate-m75): 1/2-1/2 {Draw by insufficient mating material}
Started game 119 of 40000 (candidate-m75 vs ref-7f15ac4-m100)
Finished game 112 (ref-7f15ac4-m100 vs candidate-m75): 1-0 {White wins by adjudication}
Started game 120 of 40000 (ref-7f15ac4-m100 vs candidate-m75)
Finished game 116 (ref-7f15ac4-m100 vs candidate-m75): 1-0 {White wins by adjudication}
Started game 121 of 40000 (candidate-m75 vs ref-7f15ac4-m100)
Finished game 102 (ref-7f15ac4-m100 vs candidate-m75): 1/2-1/2 {Draw by fifty moves rule}
Started game 122 of 40000 (ref-7f15ac4-m100 vs candidate-m75)
Finished game 107 (candidate-m75 vs ref-7f15ac4-m100): 1/2-1/2 {Draw by insufficient mating material}
Started game 123 of 40000 (candidate-m75 vs ref-7f15ac4-m100)
Finished game 114 (ref-7f15ac4-m100 vs candidate-m75): 0-1 {Black wins by adjudication}
Started game 124 of 40000 (ref-7f15ac4-m100 vs candidate-m75)
Finished game 113 (candidate-m75 vs ref-7f15ac4-m100): 1-0 {White wins by adjudication}
Started game 125 of 40000 (candidate-m75 vs ref-7f15ac4-m100)
Finished game 115 (candidate-m75 vs ref-7f15ac4-m100): 1-0 {White wins by adjudication}
Started game 126 of 40000 (ref-7f15ac4-m100 vs candidate-m75)
Finished game 119 (candidate-m75 vs ref-7f15ac4-m100): 0-1 {Black wins by adjudication}
Started game 127 of 40000 (candidate-m75 vs ref-7f15ac4-m100)
Finished game 120 (ref-7f15ac4-m100 vs candidate-m75): 0-1 {Black wins by adjudication}
--------------------------------------------------
Results of candidate-m75 vs ref-7f15ac4-m100 (10+0.2, 1t, 16MB, 8moves_v3.pgn):
Elo: 15.25 +/- 50.63, nElo: 19.37 +/- 63.78
LOS: 72.42 %, DrawRatio: 38.60 %, PairsRatio: 1.19
Games: 114, Wins: 41, Losses: 36, Draws: 37, Points: 59.5 (52.19 %)
Ptnml(0-2): [5, 11, 22, 12, 7], WL/DD Ratio: 2.14
LLR: 0.18 (6.2%) (-2.94, 2.94) [-5.00, 5.00]
--------------------------------------------------
Started game 128 of 40000 (ref-7f15ac4-m100 vs candidate-m75)
Finished game 118 (ref-7f15ac4-m100 vs candidate-m75): 1/2-1/2 {Draw by 3-fold repetition}
Started game 129 of 40000 (candidate-m75 vs ref-7f15ac4-m100)
Finished game 122 (ref-7f15ac4-m100 vs candidate-m75): 1-0 {White wins by adjudication}
Started game 130 of 40000 (ref-7f15ac4-m100 vs candidate-m75)
Finished game 111 (candidate-m75 vs ref-7f15ac4-m100): 1/2-1/2 {Draw by fifty moves rule}
Started game 131 of 40000 (candidate-m75 vs ref-7f15ac4-m100)
Finished game 117 (candidate-m75 vs ref-7f15ac4-m100): 1-0 {White wins by adjudication}
Started game 132 of 40000 (ref-7f15ac4-m100 vs candidate-m75)
Finished game 124 (ref-7f15ac4-m100 vs candidate-m75): 0-1 {Black wins by adjudication}
Started game 133 of 40000 (candidate-m75 vs ref-7f15ac4-m100)
Finished game 108 (ref-7f15ac4-m100 vs candidate-m75): 1/2-1/2 {Draw by 3-fold repetition}
Started game 134 of 40000 (ref-7f15ac4-m100 vs candidate-m75)
Finished game 121 (candidate-m75 vs ref-7f15ac4-m100): 0-1 {Black wins by adjudication}
Started game 135 of 40000 (candidate-m75 vs ref-7f15ac4-m100)
Finished game 123 (candidate-m75 vs ref-7f15ac4-m100): 0-1 {Black wins by adjudication}
Started game 136 of 40000 (ref-7f15ac4-m100 vs candidate-m75)
Finished game 125 (candidate-m75 vs ref-7f15ac4-m100): 1/2-1/2 {Draw by insufficient mating material}
Started game 137 of 40000 (candidate-m75 vs ref-7f15ac4-m100)
Finished game 128 (ref-7f15ac4-m100 vs candidate-m75): 1/2-1/2 {Draw by 3-fold repetition}
Started game 138 of 40000 (ref-7f15ac4-m100 vs candidate-m75)
Finished game 126 (ref-7f15ac4-m100 vs candidate-m75): 1/2-1/2 {Draw by insufficient mating material}
Started game 139 of 40000 (candidate-m75 vs ref-7f15ac4-m100)
Finished game 130 (ref-7f15ac4-m100 vs candidate-m75): 1-0 {White wins by adjudication}
Started game 140 of 40000 (ref-7f15ac4-m100 vs candidate-m75)
Finished game 127 (candidate-m75 vs ref-7f15ac4-m100): 1-0 {White wins by adjudication}
Started game 141 of 40000 (candidate-m75 vs ref-7f15ac4-m100)
Finished game 135 (candidate-m75 vs ref-7f15ac4-m100): 1/2-1/2 {Draw by 3-fold repetition}
Started game 142 of 40000 (ref-7f15ac4-m100 vs candidate-m75)
Finished game 136 (ref-7f15ac4-m100 vs candidate-m75): 1-0 {White wins by adjudication}
Started game 143 of 40000 (candidate-m75 vs ref-7f15ac4-m100)
Finished game 129 (candidate-m75 vs ref-7f15ac4-m100): 1-0 {White wins by adjudication}
Started game 144 of 40000 (ref-7f15ac4-m100 vs candidate-m75)
Finished game 132 (ref-7f15ac4-m100 vs candidate-m75): 1-0 {White wins by adjudication}
Started game 145 of 40000 (candidate-m75 vs ref-7f15ac4-m100)
Finished game 131 (candidate-m75 vs ref-7f15ac4-m100): 1-0 {White wins by adjudication}
Started game 146 of 40000 (ref-7f15ac4-m100 vs candidate-m75)
Finished game 133 (candidate-m75 vs ref-7f15ac4-m100): 0-1 {Black wins by adjudication}
Started game 147 of 40000 (candidate-m75 vs ref-7f15ac4-m100)
Finished game 134 (ref-7f15ac4-m100 vs candidate-m75): 1/2-1/2 {Draw by 3-fold repetition}
Started game 148 of 40000 (ref-7f15ac4-m100 vs candidate-m75)
Finished game 137 (candidate-m75 vs ref-7f15ac4-m100): 1-0 {White wins by adjudication}
Started game 149 of 40000 (candidate-m75 vs ref-7f15ac4-m100)
Finished game 139 (candidate-m75 vs ref-7f15ac4-m100): 1/2-1/2 {Draw by 3-fold repetition}
Started game 150 of 40000 (ref-7f15ac4-m100 vs candidate-m75)
Finished game 138 (ref-7f15ac4-m100 vs candidate-m75): 0-1 {Black wins by adjudication}
Started game 151 of 40000 (candidate-m75 vs ref-7f15ac4-m100)
Finished game 149 (candidate-m75 vs ref-7f15ac4-m100): 0-1 {Black wins by adjudication}
Started game 152 of 40000 (ref-7f15ac4-m100 vs candidate-m75)
Finished game 141 (candidate-m75 vs ref-7f15ac4-m100): 1-0 {White wins by adjudication}
Started game 153 of 40000 (candidate-m75 vs ref-7f15ac4-m100)
Finished game 145 (candidate-m75 vs ref-7f15ac4-m100): 0-1 {Black wins by adjudication}
Started game 154 of 40000 (ref-7f15ac4-m100 vs candidate-m75)
Finished game 140 (ref-7f15ac4-m100 vs candidate-m75): 1-0 {White wins by adjudication}
--------------------------------------------------
Results of candidate-m75 vs ref-7f15ac4-m100 (10+0.2, 1t, 16MB, 8moves_v3.pgn):
Elo: 7.45 +/- 45.08, nElo: 9.56 +/- 57.55
LOS: 62.77 %, DrawRatio: 38.57 %, PairsRatio: 1.05
Games: 140, Wins: 48, Losses: 45, Draws: 47, Points: 71.5 (51.07 %)
Ptnml(0-2): [6, 15, 27, 14, 8], WL/DD Ratio: 2.00
LLR: 0.11 (3.8%) (-2.94, 2.94) [-5.00, 5.00]
--------------------------------------------------
Started game 155 of 40000 (candidate-m75 vs ref-7f15ac4-m100)
Finished game 148 (ref-7f15ac4-m100 vs candidate-m75): 0-1 {Black wins by adjudication}
Started game 156 of 40000 (ref-7f15ac4-m100 vs candidate-m75)
Finished game 146 (ref-7f15ac4-m100 vs candidate-m75): 1/2-1/2 {Draw by 3-fold repetition}
Started game 157 of 40000 (candidate-m75 vs ref-7f15ac4-m100)
Finished game 143 (candidate-m75 vs ref-7f15ac4-m100): 0-1 {Black wins by adjudication}
Started game 158 of 40000 (ref-7f15ac4-m100 vs candidate-m75)
Finished game 144 (ref-7f15ac4-m100 vs candidate-m75): 0-1 {Black wins by adjudication}
Started game 159 of 40000 (candidate-m75 vs ref-7f15ac4-m100)
Finished game 156 (ref-7f15ac4-m100 vs candidate-m75): 0-1 {Black wins by adjudication}
Started game 160 of 40000 (ref-7f15ac4-m100 vs candidate-m75)
Finished game 147 (candidate-m75 vs ref-7f15ac4-m100): 0-1 {Black wins by adjudication}
Started game 161 of 40000 (candidate-m75 vs ref-7f15ac4-m100)
Finished game 151 (candidate-m75 vs ref-7f15ac4-m100): 0-1 {Black wins by adjudication}
Started game 162 of 40000 (ref-7f15ac4-m100 vs candidate-m75)
Finished game 142 (ref-7f15ac4-m100 vs candidate-m75): 1/2-1/2 {Draw by fifty moves rule}
Started game 163 of 40000 (candidate-m75 vs ref-7f15ac4-m100)
Finished game 153 (candidate-m75 vs ref-7f15ac4-m100): 1-0 {White wins by adjudication}
Started game 164 of 40000 (ref-7f15ac4-m100 vs candidate-m75)
Finished game 150 (ref-7f15ac4-m100 vs candidate-m75): 1/2-1/2 {Draw by 3-fold repetition}
Started game 165 of 40000 (candidate-m75 vs ref-7f15ac4-m100)
Finished game 152 (ref-7f15ac4-m100 vs candidate-m75): 1-0 {White wins by adjudication}
Started game 166 of 40000 (ref-7f15ac4-m100 vs candidate-m75)
Finished game 155 (candidate-m75 vs ref-7f15ac4-m100): 0-1 {Black wins by adjudication}
Started game 167 of 40000 (candidate-m75 vs ref-7f15ac4-m100)
Finished game 154 (ref-7f15ac4-m100 vs candidate-m75): 1-0 {White wins by adjudication}
Started game 168 of 40000 (ref-7f15ac4-m100 vs candidate-m75)
Finished game 158 (ref-7f15ac4-m100 vs candidate-m75): 1/2-1/2 {Draw by 3-fold repetition}
Started game 169 of 40000 (candidate-m75 vs ref-7f15ac4-m100)
Finished game 159 (candidate-m75 vs ref-7f15ac4-m100): 0-1 {Black wins by adjudication}
Started game 170 of 40000 (ref-7f15ac4-m100 vs candidate-m75)
Finished game 167 (candidate-m75 vs ref-7f15ac4-m100): 0-1 {Black wins by adjudication}
Started game 171 of 40000 (candidate-m75 vs ref-7f15ac4-m100)
Finished game 157 (candidate-m75 vs ref-7f15ac4-m100): 1-0 {White wins by adjudication}
Started game 172 of 40000 (ref-7f15ac4-m100 vs candidate-m75)
Finished game 168 (ref-7f15ac4-m100 vs candidate-m75): 0-1 {Black wins by adjudication}
Started game 173 of 40000 (candidate-m75 vs ref-7f15ac4-m100)
Finished game 160 (ref-7f15ac4-m100 vs candidate-m75): 1/2-1/2 {Draw by 3-fold repetition}
--------------------------------------------------
Results of candidate-m75 vs ref-7f15ac4-m100 (10+0.2, 1t, 16MB, 8moves_v3.pgn):
Elo: -0.00 +/- 40.94, nElo: 0.00 +/- 53.50
LOS: 50.00 %, DrawRatio: 39.51 %, PairsRatio: 0.96
Games: 162, Wins: 55, Losses: 55, Draws: 52, Points: 81.0 (50.00 %)
Ptnml(0-2): [7, 18, 32, 16, 8], WL/DD Ratio: 2.56
LLR: -0.00 (-0.0%) (-2.94, 2.94) [-5.00, 5.00]
--------------------------------------------------
Started game 174 of 40000 (ref-7f15ac4-m100 vs candidate-m75)
Finished game 164 (ref-7f15ac4-m100 vs candidate-m75): 0-1 {Black wins by adjudication}
Started game 175 of 40000 (candidate-m75 vs ref-7f15ac4-m100)
Finished game 170 (ref-7f15ac4-m100 vs candidate-m75): 1-0 {White wins by adjudication}
Started game 176 of 40000 (ref-7f15ac4-m100 vs candidate-m75)
Finished game 162 (ref-7f15ac4-m100 vs candidate-m75): 1/2-1/2 {Draw by 3-fold repetition}
Started game 177 of 40000 (candidate-m75 vs ref-7f15ac4-m100)
Finished game 165 (candidate-m75 vs ref-7f15ac4-m100): 1-0 {White wins by adjudication}
Started game 178 of 40000 (ref-7f15ac4-m100 vs candidate-m75)
Finished game 163 (candidate-m75 vs ref-7f15ac4-m100): 1/2-1/2 {Draw by insufficient mating material}
Started game 179 of 40000 (candidate-m75 vs ref-7f15ac4-m100)
Finished game 166 (ref-7f15ac4-m100 vs candidate-m75): 1/2-1/2 {Draw by insufficient mating material}
Started game 180 of 40000 (ref-7f15ac4-m100 vs candidate-m75)
Finished game 171 (candidate-m75 vs ref-7f15ac4-m100): 1/2-1/2 {Draw by 3-fold repetition}
Started game 181 of 40000 (candidate-m75 vs ref-7f15ac4-m100)
Finished game 175 (candidate-m75 vs ref-7f15ac4-m100): 1-0 {White wins by adjudication}
Started game 182 of 40000 (ref-7f15ac4-m100 vs candidate-m75)
Finished game 161 (candidate-m75 vs ref-7f15ac4-m100): 1/2-1/2 {Draw by fifty moves rule}
Started game 183 of 40000 (candidate-m75 vs ref-7f15ac4-m100)
Finished game 172 (ref-7f15ac4-m100 vs candidate-m75): 1-0 {White wins by adjudication}
Started game 184 of 40000 (ref-7f15ac4-m100 vs candidate-m75)
Finished game 178 (ref-7f15ac4-m100 vs candidate-m75): 1-0 {White wins by adjudication}
Started game 185 of 40000 (candidate-m75 vs ref-7f15ac4-m100)
Finished game 176 (ref-7f15ac4-m100 vs candidate-m75): 1-0 {White wins by adjudication}
Started game 186 of 40000 (ref-7f15ac4-m100 vs candidate-m75)
Finished game 177 (candidate-m75 vs ref-7f15ac4-m100): 1/2-1/2 {Draw by 3-fold repetition}
Started game 187 of 40000 (candidate-m75 vs ref-7f15ac4-m100)
Finished game 169 (candidate-m75 vs ref-7f15ac4-m100): 1/2-1/2 {Draw by adjudication}
Started game 188 of 40000 (ref-7f15ac4-m100 vs candidate-m75)
Finished game 179 (candidate-m75 vs ref-7f15ac4-m100): 1/2-1/2 {Draw by 3-fold repetition}
Started game 189 of 40000 (candidate-m75 vs ref-7f15ac4-m100)
Finished game 181 (candidate-m75 vs ref-7f15ac4-m100): 1-0 {White wins by adjudication}
Started game 190 of 40000 (ref-7f15ac4-m100 vs candidate-m75)
Finished game 174 (ref-7f15ac4-m100 vs candidate-m75): 1/2-1/2 {Draw by adjudication}
Started game 191 of 40000 (candidate-m75 vs ref-7f15ac4-m100)
Finished game 183 (candidate-m75 vs ref-7f15ac4-m100): 0-1 {Black wins by adjudication}
Started game 192 of 40000 (ref-7f15ac4-m100 vs candidate-m75)
Finished game 180 (ref-7f15ac4-m100 vs candidate-m75): 0-1 {Black wins by adjudication}
--------------------------------------------------
Results of candidate-m75 vs ref-7f15ac4-m100 (10+0.2, 1t, 16MB, 8moves_v3.pgn):
Elo: -0.00 +/- 38.41, nElo: 0.00 +/- 51.04
LOS: 50.00 %, DrawRatio: 38.20 %, PairsRatio: 0.96
Games: 178, Wins: 59, Losses: 59, Draws: 60, Points: 89.0 (50.00 %)
Ptnml(0-2): [7, 21, 34, 19, 8], WL/DD Ratio: 2.40
LLR: -0.00 (-0.0%) (-2.94, 2.94) [-5.00, 5.00]
--------------------------------------------------
Started game 193 of 40000 (candidate-m75 vs ref-7f15ac4-m100)
Finished game 184 (ref-7f15ac4-m100 vs candidate-m75): 1-0 {White wins by adjudication}
Started game 194 of 40000 (ref-7f15ac4-m100 vs candidate-m75)
Finished game 173 (candidate-m75 vs ref-7f15ac4-m100): 1/2-1/2 {Draw by 3-fold repetition}
Started game 195 of 40000 (candidate-m75 vs ref-7f15ac4-m100)
Finished game 189 (candidate-m75 vs ref-7f15ac4-m100): 1/2-1/2 {Draw by 3-fold repetition}
Started game 196 of 40000 (ref-7f15ac4-m100 vs candidate-m75)
Finished game 186 (ref-7f15ac4-m100 vs candidate-m75): 1-0 {White wins by adjudication}
Started game 197 of 40000 (candidate-m75 vs ref-7f15ac4-m100)
Finished game 188 (ref-7f15ac4-m100 vs candidate-m75): 1-0 {White wins by adjudication}
Started game 198 of 40000 (ref-7f15ac4-m100 vs candidate-m75)
Finished game 185 (candidate-m75 vs ref-7f15ac4-m100): 1-0 {White wins by adjudication}
Started game 199 of 40000 (candidate-m75 vs ref-7f15ac4-m100)
Finished game 190 (ref-7f15ac4-m100 vs candidate-m75): 0-1 {Black wins by adjudication}
Started game 200 of 40000 (ref-7f15ac4-m100 vs candidate-m75)
Finished game 187 (candidate-m75 vs ref-7f15ac4-m100): 0-1 {Black wins by adjudication}
Started game 201 of 40000 (candidate-m75 vs ref-7f15ac4-m100)
Finished game 182 (ref-7f15ac4-m100 vs candidate-m75): 0-1 {Black wins by adjudication}
Started game 202 of 40000 (ref-7f15ac4-m100 vs candidate-m75)
Finished game 192 (ref-7f15ac4-m100 vs candidate-m75): 0-1 {Black wins by adjudication}
Started game 203 of 40000 (candidate-m75 vs ref-7f15ac4-m100)
Finished game 193 (candidate-m75 vs ref-7f15ac4-m100): 1/2-1/2 {Draw by 3-fold repetition}
Started game 204 of 40000 (ref-7f15ac4-m100 vs candidate-m75)
Finished game 200 (ref-7f15ac4-m100 vs candidate-m75): 1/2-1/2 {Draw by 3-fold repetition}
Started game 205 of 40000 (candidate-m75 vs ref-7f15ac4-m100)
Finished game 199 (candidate-m75 vs ref-7f15ac4-m100): 1-0 {White wins by adjudication}
--------------------------------------------------
Results of candidate-m75 vs ref-7f15ac4-m100 (10+0.2, 1t, 16MB, 8moves_v3.pgn):
Elo: -0.00 +/- 38.02, nElo: 0.00 +/- 49.14
LOS: 50.00 %, DrawRatio: 37.50 %, PairsRatio: 1.00
Games: 192, Wins: 64, Losses: 64, Draws: 64, Points: 96.0 (50.00 %)
Ptnml(0-2): [9, 21, 36, 21, 9], WL/DD Ratio: 2.27
LLR: 0.00 (0.0%) (-2.94, 2.94) [-5.00, 5.00]
--------------------------------------------------
Started game 206 of 40000 (ref-7f15ac4-m100 vs candidate-m75)
Finished game 194 (ref-7f15ac4-m100 vs candidate-m75): 0-1 {Black wins by adjudication}
Started game 207 of 40000 (candidate-m75 vs ref-7f15ac4-m100)
Finished game 191 (candidate-m75 vs ref-7f15ac4-m100): 1/2-1/2 {Draw by adjudication}
Started game 208 of 40000 (ref-7f15ac4-m100 vs candidate-m75)
Finished game 197 (candidate-m75 vs ref-7f15ac4-m100): 1-0 {White wins by adjudication}
Started game 209 of 40000 (candidate-m75 vs ref-7f15ac4-m100)
Finished game 202 (ref-7f15ac4-m100 vs candidate-m75): 1-0 {White wins by adjudication}
Started game 210 of 40000 (ref-7f15ac4-m100 vs candidate-m75)
Finished game 195 (candidate-m75 vs ref-7f15ac4-m100): 0-1 {Black wins by adjudication}
Started game 211 of 40000 (candidate-m75 vs ref-7f15ac4-m100)
Finished game 201 (candidate-m75 vs ref-7f15ac4-m100): 1-0 {White wins by adjudication}
Started game 212 of 40000 (ref-7f15ac4-m100 vs candidate-m75)
Finished game 204 (ref-7f15ac4-m100 vs candidate-m75): 1-0 {White wins by adjudication}
Started game 213 of 40000 (candidate-m75 vs ref-7f15ac4-m100)
Finished game 208 (ref-7f15ac4-m100 vs candidate-m75): 1/2-1/2 {Draw by 3-fold repetition}
Started game 214 of 40000 (ref-7f15ac4-m100 vs candidate-m75)
Finished game 198 (ref-7f15ac4-m100 vs candidate-m75): 1/2-1/2 {Draw by insufficient mating material}
Started game 215 of 40000 (candidate-m75 vs ref-7f15ac4-m100)
Finished game 209 (candidate-m75 vs ref-7f15ac4-m100): 1-0 {White wins by adjudication}
Started game 216 of 40000 (ref-7f15ac4-m100 vs candidate-m75)
Finished game 196 (ref-7f15ac4-m100 vs candidate-m75): 1/2-1/2 {Draw by 3-fold repetition}
Started game 217 of 40000 (candidate-m75 vs ref-7f15ac4-m100)
Finished game 203 (candidate-m75 vs ref-7f15ac4-m100): 1/2-1/2 {Draw by insufficient mating material}
Started game 218 of 40000 (ref-7f15ac4-m100 vs candidate-m75)
Finished game 205 (candidate-m75 vs ref-7f15ac4-m100): 1/2-1/2 {Draw by insufficient mating material}
Started game 219 of 40000 (candidate-m75 vs ref-7f15ac4-m100)
Finished game 206 (ref-7f15ac4-m100 vs candidate-m75): 1-0 {White wins by adjudication}
Started game 220 of 40000 (ref-7f15ac4-m100 vs candidate-m75)
Finished game 210 (ref-7f15ac4-m100 vs candidate-m75): 0-1 {Black wins by adjudication}
Started game 221 of 40000 (candidate-m75 vs ref-7f15ac4-m100)
Finished game 212 (ref-7f15ac4-m100 vs candidate-m75): 1/2-1/2 {Draw by 3-fold repetition}
Started game 222 of 40000 (ref-7f15ac4-m100 vs candidate-m75)
Finished game 215 (candidate-m75 vs ref-7f15ac4-m100): 1-0 {White wins by adjudication}
Started game 223 of 40000 (candidate-m75 vs ref-7f15ac4-m100)
Finished game 213 (candidate-m75 vs ref-7f15ac4-m100): 1-0 {White wins by adjudication}
Started game 224 of 40000 (ref-7f15ac4-m100 vs candidate-m75)
Finished game 207 (candidate-m75 vs ref-7f15ac4-m100): 1/2-1/2 {Draw by 3-fold repetition}
Started game 225 of 40000 (candidate-m75 vs ref-7f15ac4-m100)
Finished game 218 (ref-7f15ac4-m100 vs candidate-m75): 0-1 {Black wins by adjudication}
Started game 226 of 40000 (ref-7f15ac4-m100 vs candidate-m75)
Finished game 211 (candidate-m75 vs ref-7f15ac4-m100): 0-1 {Black wins by adjudication}
Started game 227 of 40000 (candidate-m75 vs ref-7f15ac4-m100)
Finished game 216 (ref-7f15ac4-m100 vs candidate-m75): 1-0 {White wins by adjudication}
Started game 228 of 40000 (ref-7f15ac4-m100 vs candidate-m75)
Finished game 226 (ref-7f15ac4-m100 vs candidate-m75): 1-0 {White wins by adjudication}
Started game 229 of 40000 (candidate-m75 vs ref-7f15ac4-m100)
Finished game 217 (candidate-m75 vs ref-7f15ac4-m100): 1/2-1/2 {Draw by insufficient mating material}
Started game 230 of 40000 (ref-7f15ac4-m100 vs candidate-m75)
Finished game 220 (ref-7f15ac4-m100 vs candidate-m75): 1/2-1/2 {Draw by 3-fold repetition}
Started game 231 of 40000 (candidate-m75 vs ref-7f15ac4-m100)
Finished game 222 (ref-7f15ac4-m100 vs candidate-m75): 1-0 {White wins by adjudication}
Started game 232 of 40000 (ref-7f15ac4-m100 vs candidate-m75)
Finished game 219 (candidate-m75 vs ref-7f15ac4-m100): 0-1 {Black wins by adjudication}
--------------------------------------------------
Results of candidate-m75 vs ref-7f15ac4-m100 (10+0.2, 1t, 16MB, 8moves_v3.pgn):
Elo: 1.59 +/- 35.32, nElo: 2.09 +/- 46.12
LOS: 53.54 %, DrawRatio: 35.78 %, PairsRatio: 1.00
Games: 218, Wins: 72, Losses: 71, Draws: 75, Points: 109.5 (50.23 %)
Ptnml(0-2): [9, 26, 39, 25, 10], WL/DD Ratio: 2.25
LLR: 0.04 (1.3%) (-2.94, 2.94) [-5.00, 5.00]
--------------------------------------------------
Started game 233 of 40000 (candidate-m75 vs ref-7f15ac4-m100)
Finished game 225 (candidate-m75 vs ref-7f15ac4-m100): 1/2-1/2 {Draw by 3-fold repetition}
Started game 234 of 40000 (ref-7f15ac4-m100 vs candidate-m75)
Finished game 223 (candidate-m75 vs ref-7f15ac4-m100): 1-0 {White wins by adjudication}
Started game 235 of 40000 (candidate-m75 vs ref-7f15ac4-m100)
Finished game 214 (ref-7f15ac4-m100 vs candidate-m75): 1/2-1/2 {Draw by adjudication}
Started game 236 of 40000 (ref-7f15ac4-m100 vs candidate-m75)
Finished game 224 (ref-7f15ac4-m100 vs candidate-m75): 1/2-1/2 {Draw by 3-fold repetition}
Started game 237 of 40000 (candidate-m75 vs ref-7f15ac4-m100)
Finished game 229 (candidate-m75 vs ref-7f15ac4-m100): 0-1 {Black wins by adjudication}
Started game 238 of 40000 (ref-7f15ac4-m100 vs candidate-m75)
Finished game 231 (candidate-m75 vs ref-7f15ac4-m100): 1-0 {White wins by adjudication}
Started game 239 of 40000 (candidate-m75 vs ref-7f15ac4-m100)
Finished game 230 (ref-7f15ac4-m100 vs candidate-m75): 0-1 {Black wins by adjudication}
Started game 240 of 40000 (ref-7f15ac4-m100 vs candidate-m75)
Finished game 233 (candidate-m75 vs ref-7f15ac4-m100): 1-0 {White wins by adjudication}
Started game 241 of 40000 (candidate-m75 vs ref-7f15ac4-m100)
Finished game 228 (ref-7f15ac4-m100 vs candidate-m75): 0-1 {Black wins by adjudication}
Started game 242 of 40000 (ref-7f15ac4-m100 vs candidate-m75)
Finished game 232 (ref-7f15ac4-m100 vs candidate-m75): 1/2-1/2 {Draw by adjudication}
Started game 243 of 40000 (candidate-m75 vs ref-7f15ac4-m100)
Finished game 221 (candidate-m75 vs ref-7f15ac4-m100): 1/2-1/2 {Draw by fifty moves rule}
Started game 244 of 40000 (ref-7f15ac4-m100 vs candidate-m75)
Finished game 234 (ref-7f15ac4-m100 vs candidate-m75): 0-1 {Black wins by adjudication}
Started game 245 of 40000 (candidate-m75 vs ref-7f15ac4-m100)
Finished game 235 (candidate-m75 vs ref-7f15ac4-m100): 1/2-1/2 {Draw by 3-fold repetition}
Started game 246 of 40000 (ref-7f15ac4-m100 vs candidate-m75)
Finished game 236 (ref-7f15ac4-m100 vs candidate-m75): 0-1 {Black wins by adjudication}
Started game 247 of 40000 (candidate-m75 vs ref-7f15ac4-m100)
Finished game 227 (candidate-m75 vs ref-7f15ac4-m100): 1/2-1/2 {Draw by fifty moves rule}
Started game 248 of 40000 (ref-7f15ac4-m100 vs candidate-m75)
Finished game 237 (candidate-m75 vs ref-7f15ac4-m100): 1-0 {White wins by adjudication}
Started game 249 of 40000 (candidate-m75 vs ref-7f15ac4-m100)
Finished game 244 (ref-7f15ac4-m100 vs candidate-m75): 0-1 {Black wins by adjudication}
Started game 250 of 40000 (ref-7f15ac4-m100 vs candidate-m75)
Finished game 243 (candidate-m75 vs ref-7f15ac4-m100): 1-0 {White wins by adjudication}
Started game 251 of 40000 (candidate-m75 vs ref-7f15ac4-m100)
Finished game 239 (candidate-m75 vs ref-7f15ac4-m100): 1-0 {White wins by adjudication}
Started game 252 of 40000 (ref-7f15ac4-m100 vs candidate-m75)
Finished game 245 (candidate-m75 vs ref-7f15ac4-m100): 1/2-1/2 {Draw by 3-fold repetition}
Started game 253 of 40000 (candidate-m75 vs ref-7f15ac4-m100)
Finished game 247 (candidate-m75 vs ref-7f15ac4-m100): 0-1 {Black wins by adjudication}
Started game 254 of 40000 (ref-7f15ac4-m100 vs candidate-m75)
Finished game 238 (ref-7f15ac4-m100 vs candidate-m75): 1/2-1/2 {Draw by adjudication}
Started game 255 of 40000 (candidate-m75 vs ref-7f15ac4-m100)
Finished game 241 (candidate-m75 vs ref-7f15ac4-m100): 1-0 {White wins by adjudication}
Started game 256 of 40000 (ref-7f15ac4-m100 vs candidate-m75)
Finished game 250 (ref-7f15ac4-m100 vs candidate-m75): 0-1 {Black wins by adjudication}
Started game 257 of 40000 (candidate-m75 vs ref-7f15ac4-m100)
Finished game 240 (ref-7f15ac4-m100 vs candidate-m75): 0-1 {Black wins by adjudication}
--------------------------------------------------
Results of candidate-m75 vs ref-7f15ac4-m100 (10+0.2, 1t, 16MB, 8moves_v3.pgn):
Elo: 15.80 +/- 34.18, nElo: 20.33 +/- 43.77
LOS: 81.87 %, DrawRatio: 33.06 %, PairsRatio: 1.19
Games: 242, Wins: 85, Losses: 74, Draws: 83, Points: 126.5 (52.27 %)
Ptnml(0-2): [9, 28, 40, 31, 13], WL/DD Ratio: 2.33
LLR: 0.41 (13.8%) (-2.94, 2.94) [-5.00, 5.00]
--------------------------------------------------
Started game 258 of 40000 (ref-7f15ac4-m100 vs candidate-m75)
Finished game 252 (ref-7f15ac4-m100 vs candidate-m75): 1/2-1/2 {Draw by 3-fold repetition}
Started game 259 of 40000 (candidate-m75 vs ref-7f15ac4-m100)
Finished game 256 (ref-7f15ac4-m100 vs candidate-m75): 1/2-1/2 {Draw by 3-fold repetition}
Started game 260 of 40000 (ref-7f15ac4-m100 vs candidate-m75)
Finished game 246 (ref-7f15ac4-m100 vs candidate-m75): 1-0 {White wins by adjudication}
Started game 261 of 40000 (candidate-m75 vs ref-7f15ac4-m100)
Finished game 242 (ref-7f15ac4-m100 vs candidate-m75): 1/2-1/2 {Draw by fifty moves rule}
Started game 262 of 40000 (ref-7f15ac4-m100 vs candidate-m75)
Finished game 248 (ref-7f15ac4-m100 vs candidate-m75): 1/2-1/2 {Draw by 3-fold repetition}
Started game 263 of 40000 (candidate-m75 vs ref-7f15ac4-m100)
Finished game 257 (candidate-m75 vs ref-7f15ac4-m100): 1/2-1/2 {Draw by 3-fold repetition}
Started game 264 of 40000 (ref-7f15ac4-m100 vs candidate-m75)
Finished game 255 (candidate-m75 vs ref-7f15ac4-m100): 0-1 {Black wins by adjudication}
Started game 265 of 40000 (candidate-m75 vs ref-7f15ac4-m100)
Finished game 251 (candidate-m75 vs ref-7f15ac4-m100): 1-0 {White wins by adjudication}
Started game 266 of 40000 (ref-7f15ac4-m100 vs candidate-m75)
Finished game 249 (candidate-m75 vs ref-7f15ac4-m100): 0-1 {Black wins by adjudication}
Started game 267 of 40000 (candidate-m75 vs ref-7f15ac4-m100)
Finished game 254 (ref-7f15ac4-m100 vs candidate-m75): 1-0 {White wins by adjudication}
Started game 268 of 40000 (ref-7f15ac4-m100 vs candidate-m75)
Finished game 258 (ref-7f15ac4-m100 vs candidate-m75): 0-1 {Black wins by adjudication}
Started game 269 of 40000 (candidate-m75 vs ref-7f15ac4-m100)
Finished game 261 (candidate-m75 vs ref-7f15ac4-m100): 0-1 {Black wins by adjudication}
Started game 270 of 40000 (ref-7f15ac4-m100 vs candidate-m75)
Finished game 253 (candidate-m75 vs ref-7f15ac4-m100): 1/2-1/2 {Draw by 3-fold repetition}
Started game 271 of 40000 (candidate-m75 vs ref-7f15ac4-m100)
Finished game 259 (candidate-m75 vs ref-7f15ac4-m100): 0-1 {Black wins by adjudication}
Started game 272 of 40000 (ref-7f15ac4-m100 vs candidate-m75)
Finished game 260 (ref-7f15ac4-m100 vs candidate-m75): 0-1 {Black wins by adjudication}
--------------------------------------------------
Results of candidate-m75 vs ref-7f15ac4-m100 (10+0.2, 1t, 16MB, 8moves_v3.pgn):
Elo: 13.37 +/- 32.56, nElo: 17.41 +/- 42.23
LOS: 79.04 %, DrawRatio: 32.31 %, PairsRatio: 1.15
Games: 260, Wins: 90, Losses: 80, Draws: 90, Points: 135.0 (51.92 %)
Ptnml(0-2): [9, 32, 42, 34, 13], WL/DD Ratio: 2.50
LLR: 0.37 (12.7%) (-2.94, 2.94) [-5.00, 5.00]
--------------------------------------------------
Started game 273 of 40000 (candidate-m75 vs ref-7f15ac4-m100)
Finished game 264 (ref-7f15ac4-m100 vs candidate-m75): 0-1 {Black wins by adjudication}
Started game 274 of 40000 (ref-7f15ac4-m100 vs candidate-m75)
Finished game 262 (ref-7f15ac4-m100 vs candidate-m75): 1/2-1/2 {Draw by 3-fold repetition}
Started game 275 of 40000 (candidate-m75 vs ref-7f15ac4-m100)
Finished game 266 (ref-7f15ac4-m100 vs candidate-m75): 1-0 {White wins by adjudication}
Started game 276 of 40000 (ref-7f15ac4-m100 vs candidate-m75)
Finished game 263 (candidate-m75 vs ref-7f15ac4-m100): 0-1 {Black wins by adjudication}
Started game 277 of 40000 (candidate-m75 vs ref-7f15ac4-m100)
Finished game 267 (candidate-m75 vs ref-7f15ac4-m100): 1-0 {White wins by adjudication}
Started game 278 of 40000 (ref-7f15ac4-m100 vs candidate-m75)
Finished game 265 (candidate-m75 vs ref-7f15ac4-m100): 1/2-1/2 {Draw by adjudication}
Started game 279 of 40000 (candidate-m75 vs ref-7f15ac4-m100)
Finished game 270 (ref-7f15ac4-m100 vs candidate-m75): 0-1 {Black wins by adjudication}
Started game 280 of 40000 (ref-7f15ac4-m100 vs candidate-m75)
Finished game 272 (ref-7f15ac4-m100 vs candidate-m75): 1-0 {White wins by adjudication}
Started game 281 of 40000 (candidate-m75 vs ref-7f15ac4-m100)
Finished game 268 (ref-7f15ac4-m100 vs candidate-m75): 1/2-1/2 {Draw by insufficient mating material}
Started game 282 of 40000 (ref-7f15ac4-m100 vs candidate-m75)
Finished game 269 (candidate-m75 vs ref-7f15ac4-m100): 1/2-1/2 {Draw by 3-fold repetition}
Started game 283 of 40000 (candidate-m75 vs ref-7f15ac4-m100)
Finished game 275 (candidate-m75 vs ref-7f15ac4-m100): 1-0 {White wins by adjudication}
Started game 284 of 40000 (ref-7f15ac4-m100 vs candidate-m75)
Finished game 279 (candidate-m75 vs ref-7f15ac4-m100): 0-1 {Black wins by adjudication}
Started game 285 of 40000 (candidate-m75 vs ref-7f15ac4-m100)
Finished game 274 (ref-7f15ac4-m100 vs candidate-m75): 1-0 {White wins by adjudication}
Started game 286 of 40000 (ref-7f15ac4-m100 vs candidate-m75)
Finished game 277 (candidate-m75 vs ref-7f15ac4-m100): 0-1 {Black wins by adjudication}
Started game 287 of 40000 (candidate-m75 vs ref-7f15ac4-m100)
Finished game 271 (candidate-m75 vs ref-7f15ac4-m100): 1/2-1/2 {Draw by 3-fold repetition}
Started game 288 of 40000 (ref-7f15ac4-m100 vs candidate-m75)
Finished game 282 (ref-7f15ac4-m100 vs candidate-m75): 1/2-1/2 {Draw by 3-fold repetition}
Started game 289 of 40000 (candidate-m75 vs ref-7f15ac4-m100)
Finished game 280 (ref-7f15ac4-m100 vs candidate-m75): 1-0 {White wins by adjudication}
--------------------------------------------------
Results of candidate-m75 vs ref-7f15ac4-m100 (10+0.2, 1t, 16MB, 8moves_v3.pgn):
Elo: 8.88 +/- 31.80, nElo: 11.52 +/- 41.14
LOS: 70.85 %, DrawRatio: 31.39 %, PairsRatio: 1.09
Games: 274, Wins: 93, Losses: 86, Draws: 95, Points: 140.5 (51.28 %)
Ptnml(0-2): [10, 35, 43, 36, 13], WL/DD Ratio: 2.58
LLR: 0.26 (8.9%) (-2.94, 2.94) [-5.00, 5.00]
--------------------------------------------------
Started game 290 of 40000 (ref-7f15ac4-m100 vs candidate-m75)
Finished game 278 (ref-7f15ac4-m100 vs candidate-m75): 1-0 {White wins by adjudication}
Started game 291 of 40000 (candidate-m75 vs ref-7f15ac4-m100)
Finished game 276 (ref-7f15ac4-m100 vs candidate-m75): 0-1 {Black wins by adjudication}
Started game 292 of 40000 (ref-7f15ac4-m100 vs candidate-m75)
Finished game 285 (candidate-m75 vs ref-7f15ac4-m100): 0-1 {Black wins by adjudication}
Started game 293 of 40000 (candidate-m75 vs ref-7f15ac4-m100)
Finished game 281 (candidate-m75 vs ref-7f15ac4-m100): 1/2-1/2 {Draw by 3-fold repetition}
Started game 294 of 40000 (ref-7f15ac4-m100 vs candidate-m75)
Finished game 273 (candidate-m75 vs ref-7f15ac4-m100): 1/2-1/2 {Draw by fifty moves rule}
Started game 295 of 40000 (candidate-m75 vs ref-7f15ac4-m100)
Finished game 292 (ref-7f15ac4-m100 vs candidate-m75): 1/2-1/2 {Draw by 3-fold repetition}
Started game 296 of 40000 (ref-7f15ac4-m100 vs candidate-m75)
Finished game 287 (candidate-m75 vs ref-7f15ac4-m100): 1-0 {White wins by adjudication}
Started game 297 of 40000 (candidate-m75 vs ref-7f15ac4-m100)
Finished game 286 (ref-7f15ac4-m100 vs candidate-m75): 1/2-1/2 {Draw by 3-fold repetition}
Started game 298 of 40000 (ref-7f15ac4-m100 vs candidate-m75)
Finished game 283 (candidate-m75 vs ref-7f15ac4-m100): 1-0 {White wins by adjudication}
Started game 299 of 40000 (candidate-m75 vs ref-7f15ac4-m100)
Finished game 288 (ref-7f15ac4-m100 vs candidate-m75): 1-0 {White wins by adjudication}
Started game 300 of 40000 (ref-7f15ac4-m100 vs candidate-m75)
Finished game 291 (candidate-m75 vs ref-7f15ac4-m100): 1-0 {White wins by adjudication}
Started game 301 of 40000 (candidate-m75 vs ref-7f15ac4-m100)
Finished game 289 (candidate-m75 vs ref-7f15ac4-m100): 1-0 {White wins by adjudication}
Started game 302 of 40000 (ref-7f15ac4-m100 vs candidate-m75)
Finished game 284 (ref-7f15ac4-m100 vs candidate-m75): 0-1 {Black wins by adjudication}
Started game 303 of 40000 (candidate-m75 vs ref-7f15ac4-m100)
Finished game 295 (candidate-m75 vs ref-7f15ac4-m100): 1-0 {White wins by adjudication}
Started game 304 of 40000 (ref-7f15ac4-m100 vs candidate-m75)
Finished game 297 (candidate-m75 vs ref-7f15ac4-m100): 1-0 {White wins by adjudication}
Started game 305 of 40000 (candidate-m75 vs ref-7f15ac4-m100)
Finished game 299 (candidate-m75 vs ref-7f15ac4-m100): 1/2-1/2 {Draw by 3-fold repetition}
Started game 306 of 40000 (ref-7f15ac4-m100 vs candidate-m75)
Finished game 296 (ref-7f15ac4-m100 vs candidate-m75): 1-0 {White wins by adjudication}
Started game 307 of 40000 (candidate-m75 vs ref-7f15ac4-m100)
Finished game 300 (ref-7f15ac4-m100 vs candidate-m75): 1/2-1/2 {Draw by 3-fold repetition}
--------------------------------------------------
Results of candidate-m75 vs ref-7f15ac4-m100 (10+0.2, 1t, 16MB, 8moves_v3.pgn):
Elo: 9.46 +/- 30.97, nElo: 12.17 +/- 39.71
LOS: 72.59 %, DrawRatio: 31.97 %, PairsRatio: 1.08
Games: 294, Wins: 100, Losses: 92, Draws: 102, Points: 151.0 (51.36 %)
Ptnml(0-2): [11, 37, 47, 37, 15], WL/DD Ratio: 2.36
LLR: 0.30 (10.1%) (-2.94, 2.94) [-5.00, 5.00]
--------------------------------------------------
Started game 308 of 40000 (ref-7f15ac4-m100 vs candidate-m75)
Finished game 298 (ref-7f15ac4-m100 vs candidate-m75): 0-1 {Black wins by adjudication}
Started game 309 of 40000 (candidate-m75 vs ref-7f15ac4-m100)
Finished game 290 (ref-7f15ac4-m100 vs candidate-m75): 1/2-1/2 {Draw by 3-fold repetition}
Started game 310 of 40000 (ref-7f15ac4-m100 vs candidate-m75)
Finished game 302 (ref-7f15ac4-m100 vs candidate-m75): 0-1 {Black wins by adjudication}
Started game 311 of 40000 (candidate-m75 vs ref-7f15ac4-m100)
Finished game 294 (ref-7f15ac4-m100 vs candidate-m75): 1-0 {White wins by adjudication}
Started game 312 of 40000 (ref-7f15ac4-m100 vs candidate-m75)
Finished game 293 (candidate-m75 vs ref-7f15ac4-m100): 1/2-1/2 {Draw by adjudication}
Started game 313 of 40000 (candidate-m75 vs ref-7f15ac4-m100)
Finished game 301 (candidate-m75 vs ref-7f15ac4-m100): 0-1 {Black wins by adjudication}
Started game 314 of 40000 (ref-7f15ac4-m100 vs candidate-m75)
Finished game 310 (ref-7f15ac4-m100 vs candidate-m75): 1-0 {White wins by adjudication}
Started game 315 of 40000 (candidate-m75 vs ref-7f15ac4-m100)
Finished game 305 (candidate-m75 vs ref-7f15ac4-m100): 1-0 {White wins by adjudication}
Started game 316 of 40000 (ref-7f15ac4-m100 vs candidate-m75)
Finished game 307 (candidate-m75 vs ref-7f15ac4-m100): 1-0 {White wins by adjudication}
Started game 317 of 40000 (candidate-m75 vs ref-7f15ac4-m100)
Finished game 306 (ref-7f15ac4-m100 vs candidate-m75): 0-1 {Black wins by adjudication}
Started game 318 of 40000 (ref-7f15ac4-m100 vs candidate-m75)
Finished game 309 (candidate-m75 vs ref-7f15ac4-m100): 0-1 {Black wins by adjudication}
Started game 319 of 40000 (candidate-m75 vs ref-7f15ac4-m100)
Finished game 308 (ref-7f15ac4-m100 vs candidate-m75): 1/2-1/2 {Draw by 3-fold repetition}
Started game 320 of 40000 (ref-7f15ac4-m100 vs candidate-m75)
Finished game 312 (ref-7f15ac4-m100 vs candidate-m75): 0-1 {Black wins by adjudication}
Started game 321 of 40000 (candidate-m75 vs ref-7f15ac4-m100)
Finished game 311 (candidate-m75 vs ref-7f15ac4-m100): 1-0 {White wins by adjudication}
Started game 322 of 40000 (ref-7f15ac4-m100 vs candidate-m75)
Finished game 303 (candidate-m75 vs ref-7f15ac4-m100): 0-1 {Black wins by adjudication}
Started game 323 of 40000 (candidate-m75 vs ref-7f15ac4-m100)
Finished game 314 (ref-7f15ac4-m100 vs candidate-m75): 0-1 {Black wins by adjudication}
Started game 324 of 40000 (ref-7f15ac4-m100 vs candidate-m75)
Finished game 313 (candidate-m75 vs ref-7f15ac4-m100): 0-1 {Black wins by adjudication}
Started game 325 of 40000 (candidate-m75 vs ref-7f15ac4-m100)
Finished game 318 (ref-7f15ac4-m100 vs candidate-m75): 1/2-1/2 {Draw by 3-fold repetition}
Started game 326 of 40000 (ref-7f15ac4-m100 vs candidate-m75)
Finished game 304 (ref-7f15ac4-m100 vs candidate-m75): 1/2-1/2 {Draw by insufficient mating material}
Started game 327 of 40000 (candidate-m75 vs ref-7f15ac4-m100)
Finished game 320 (ref-7f15ac4-m100 vs candidate-m75): 0-1 {Black wins by adjudication}
Started game 328 of 40000 (ref-7f15ac4-m100 vs candidate-m75)
Finished game 316 (ref-7f15ac4-m100 vs candidate-m75): 1-0 {White wins by adjudication}
Started game 329 of 40000 (candidate-m75 vs ref-7f15ac4-m100)
Finished game 321 (candidate-m75 vs ref-7f15ac4-m100): 1-0 {White wins by adjudication}
Started game 330 of 40000 (ref-7f15ac4-m100 vs candidate-m75)
Finished game 315 (candidate-m75 vs ref-7f15ac4-m100): 1-0 {White wins by adjudication}
Started game 331 of 40000 (candidate-m75 vs ref-7f15ac4-m100)
Finished game 323 (candidate-m75 vs ref-7f15ac4-m100): 0-1 {Black wins by adjudication}
Started game 332 of 40000 (ref-7f15ac4-m100 vs candidate-m75)
Finished game 319 (candidate-m75 vs ref-7f15ac4-m100): 0-1 {Black wins by adjudication}
--------------------------------------------------
Results of candidate-m75 vs ref-7f15ac4-m100 (10+0.2, 1t, 16MB, 8moves_v3.pgn):
Elo: 13.12 +/- 30.18, nElo: 16.65 +/- 38.19
LOS: 80.37 %, DrawRatio: 32.08 %, PairsRatio: 1.12
Games: 318, Wins: 112, Losses: 100, Draws: 106, Points: 165.0 (51.89 %)
Ptnml(0-2): [12, 39, 51, 39, 18], WL/DD Ratio: 2.64
LLR: 0.44 (14.9%) (-2.94, 2.94) [-5.00, 5.00]
--------------------------------------------------
Started game 333 of 40000 (candidate-m75 vs ref-7f15ac4-m100)
Finished game 322 (ref-7f15ac4-m100 vs candidate-m75): 0-1 {Black wins by adjudication}
Started game 334 of 40000 (ref-7f15ac4-m100 vs candidate-m75)
Finished game 325 (candidate-m75 vs ref-7f15ac4-m100): 1/2-1/2 {Draw by 3-fold repetition}
Started game 335 of 40000 (candidate-m75 vs ref-7f15ac4-m100)
Finished game 317 (candidate-m75 vs ref-7f15ac4-m100): 1-0 {White wins by adjudication}
Started game 336 of 40000 (ref-7f15ac4-m100 vs candidate-m75)
Finished game 326 (ref-7f15ac4-m100 vs candidate-m75): 0-1 {Black wins by adjudication}
Started game 337 of 40000 (candidate-m75 vs ref-7f15ac4-m100)
Finished game 327 (candidate-m75 vs ref-7f15ac4-m100): 1-0 {White wins by adjudication}
Started game 338 of 40000 (ref-7f15ac4-m100 vs candidate-m75)
Finished game 329 (candidate-m75 vs ref-7f15ac4-m100): 1-0 {White wins by adjudication}
Started game 339 of 40000 (candidate-m75 vs ref-7f15ac4-m100)
Finished game 324 (ref-7f15ac4-m100 vs candidate-m75): 1/2-1/2 {Draw by adjudication}
Started game 340 of 40000 (ref-7f15ac4-m100 vs candidate-m75)
Finished game 334 (ref-7f15ac4-m100 vs candidate-m75): 0-1 {Black wins by adjudication}
Started game 341 of 40000 (candidate-m75 vs ref-7f15ac4-m100)
Finished game 330 (ref-7f15ac4-m100 vs candidate-m75): 0-1 {Black wins by adjudication}
Started game 342 of 40000 (ref-7f15ac4-m100 vs candidate-m75)
Finished game 332 (ref-7f15ac4-m100 vs candidate-m75): 1-0 {White wins by adjudication}
Started game 343 of 40000 (candidate-m75 vs ref-7f15ac4-m100)
Finished game 331 (candidate-m75 vs ref-7f15ac4-m100): 1-0 {White wins by adjudication}
Started game 344 of 40000 (ref-7f15ac4-m100 vs candidate-m75)
Finished game 328 (ref-7f15ac4-m100 vs candidate-m75): 0-1 {Black wins by adjudication}
Started game 345 of 40000 (candidate-m75 vs ref-7f15ac4-m100)
Finished game 336 (ref-7f15ac4-m100 vs candidate-m75): 0-1 {Black wins by adjudication}
Started game 346 of 40000 (ref-7f15ac4-m100 vs candidate-m75)
Finished game 337 (candidate-m75 vs ref-7f15ac4-m100): 1/2-1/2 {Draw by 3-fold repetition}
Started game 347 of 40000 (candidate-m75 vs ref-7f15ac4-m100)
Finished game 335 (candidate-m75 vs ref-7f15ac4-m100): 1-0 {White wins by adjudication}
Started game 348 of 40000 (ref-7f15ac4-m100 vs candidate-m75)
Finished game 333 (candidate-m75 vs ref-7f15ac4-m100): 1-0 {White wins by adjudication}
Started game 349 of 40000 (candidate-m75 vs ref-7f15ac4-m100)
Finished game 338 (ref-7f15ac4-m100 vs candidate-m75): 0-1 {Black wins by adjudication}
Started game 350 of 40000 (ref-7f15ac4-m100 vs candidate-m75)
Finished game 345 (candidate-m75 vs ref-7f15ac4-m100): 1/2-1/2 {Draw by 3-fold repetition}
Started game 351 of 40000 (candidate-m75 vs ref-7f15ac4-m100)
Finished game 340 (ref-7f15ac4-m100 vs candidate-m75): 1-0 {White wins by adjudication}
Started game 352 of 40000 (ref-7f15ac4-m100 vs candidate-m75)
Finished game 347 (candidate-m75 vs ref-7f15ac4-m100): 0-1 {Black wins by adjudication}
Started game 353 of 40000 (candidate-m75 vs ref-7f15ac4-m100)
Finished game 339 (candidate-m75 vs ref-7f15ac4-m100): 1-0 {White wins by adjudication}
--------------------------------------------------
Results of candidate-m75 vs ref-7f15ac4-m100 (10+0.2, 1t, 16MB, 8moves_v3.pgn):
Elo: 24.57 +/- 29.84, nElo: 30.59 +/- 36.93
LOS: 94.77 %, DrawRatio: 31.18 %, PairsRatio: 1.25
Games: 340, Wins: 127, Losses: 103, Draws: 110, Points: 182.0 (53.53 %)
Ptnml(0-2): [12, 40, 53, 42, 23], WL/DD Ratio: 2.79
LLR: 0.86 (29.2%) (-2.94, 2.94) [-5.00, 5.00]
--------------------------------------------------
Started game 354 of 40000 (ref-7f15ac4-m100 vs candidate-m75)
Finished game 346 (ref-7f15ac4-m100 vs candidate-m75): 0-1 {Black wins by adjudication}
Started game 355 of 40000 (candidate-m75 vs ref-7f15ac4-m100)
Finished game 341 (candidate-m75 vs ref-7f15ac4-m100): 1-0 {White wins by adjudication}
Started game 356 of 40000 (ref-7f15ac4-m100 vs candidate-m75)
Finished game 343 (candidate-m75 vs ref-7f15ac4-m100): 1/2-1/2 {Draw by insufficient mating material}
Started game 357 of 40000 (candidate-m75 vs ref-7f15ac4-m100)
Finished game 349 (candidate-m75 vs ref-7f15ac4-m100): 1-0 {White wins by adjudication}
Started game 358 of 40000 (ref-7f15ac4-m100 vs candidate-m75)
Finished game 348 (ref-7f15ac4-m100 vs candidate-m75): 0-1 {Black wins by adjudication}
Started game 359 of 40000 (candidate-m75 vs ref-7f15ac4-m100)
Finished game 342 (ref-7f15ac4-m100 vs candidate-m75): 1/2-1/2 {Draw by adjudication}
Started game 360 of 40000 (ref-7f15ac4-m100 vs candidate-m75)
Finished game 351 (candidate-m75 vs ref-7f15ac4-m100): 1-0 {White wins by adjudication}
Started game 361 of 40000 (candidate-m75 vs ref-7f15ac4-m100)
Finished game 352 (ref-7f15ac4-m100 vs candidate-m75): 0-1 {Black wins by adjudication}
Started game 362 of 40000 (ref-7f15ac4-m100 vs candidate-m75)
Finished game 350 (ref-7f15ac4-m100 vs candidate-m75): 1/2-1/2 {Draw by 3-fold repetition}
Started game 363 of 40000 (candidate-m75 vs ref-7f15ac4-m100)
Finished game 344 (ref-7f15ac4-m100 vs candidate-m75): 1/2-1/2 {Draw by adjudication}
Started game 364 of 40000 (ref-7f15ac4-m100 vs candidate-m75)
Finished game 356 (ref-7f15ac4-m100 vs candidate-m75): 1-0 {White wins by adjudication}
Started game 365 of 40000 (candidate-m75 vs ref-7f15ac4-m100)
Finished game 354 (ref-7f15ac4-m100 vs candidate-m75): 1-0 {White wins by adjudication}
Started game 366 of 40000 (ref-7f15ac4-m100 vs candidate-m75)
Finished game 357 (candidate-m75 vs ref-7f15ac4-m100): 1/2-1/2 {Draw by 3-fold repetition}
Started game 367 of 40000 (candidate-m75 vs ref-7f15ac4-m100)
Finished game 361 (candidate-m75 vs ref-7f15ac4-m100): 0-1 {Black wins by adjudication}
Started game 368 of 40000 (ref-7f15ac4-m100 vs candidate-m75)
Finished game 358 (ref-7f15ac4-m100 vs candidate-m75): 1/2-1/2 {Draw by 3-fold repetition}
Started game 369 of 40000 (candidate-m75 vs ref-7f15ac4-m100)
Finished game 359 (candidate-m75 vs ref-7f15ac4-m100): 0-1 {Black wins by adjudication}
Started game 370 of 40000 (ref-7f15ac4-m100 vs candidate-m75)
Finished game 360 (ref-7f15ac4-m100 vs candidate-m75): 1-0 {White wins by adjudication}
--------------------------------------------------
Results of candidate-m75 vs ref-7f15ac4-m100 (10+0.2, 1t, 16MB, 8moves_v3.pgn):
Elo: 26.40 +/- 29.18, nElo: 32.86 +/- 36.09
LOS: 96.28 %, DrawRatio: 31.46 %, PairsRatio: 1.30
Games: 356, Wins: 133, Losses: 106, Draws: 117, Points: 191.5 (53.79 %)
Ptnml(0-2): [13, 40, 56, 45, 24], WL/DD Ratio: 2.50
LLR: 0.96 (32.7%) (-2.94, 2.94) [-5.00, 5.00]
--------------------------------------------------
Started game 371 of 40000 (candidate-m75 vs ref-7f15ac4-m100)
Finished game 362 (ref-7f15ac4-m100 vs candidate-m75): 1-0 {White wins by adjudication}
Started game 372 of 40000 (ref-7f15ac4-m100 vs candidate-m75)
Finished game 367 (candidate-m75 vs ref-7f15ac4-m100): 1-0 {White wins by adjudication}
Started game 373 of 40000 (candidate-m75 vs ref-7f15ac4-m100)
Finished game 364 (ref-7f15ac4-m100 vs candidate-m75): 1-0 {White wins by adjudication}
Started game 374 of 40000 (ref-7f15ac4-m100 vs candidate-m75)
Finished game 363 (candidate-m75 vs ref-7f15ac4-m100): 0-1 {Black wins by adjudication}
Started game 375 of 40000 (candidate-m75 vs ref-7f15ac4-m100)
Finished game 353 (candidate-m75 vs ref-7f15ac4-m100): 1/2-1/2 {Draw by 3-fold repetition}
Started game 376 of 40000 (ref-7f15ac4-m100 vs candidate-m75)
Finished game 365 (candidate-m75 vs ref-7f15ac4-m100): 1-0 {White wins by adjudication}
Started game 377 of 40000 (candidate-m75 vs ref-7f15ac4-m100)
Finished game 370 (ref-7f15ac4-m100 vs candidate-m75): 0-1 {Black wins by adjudication}
Started game 378 of 40000 (ref-7f15ac4-m100 vs candidate-m75)
Finished game 366 (ref-7f15ac4-m100 vs candidate-m75): 1-0 {White wins by adjudication}
Started game 379 of 40000 (candidate-m75 vs ref-7f15ac4-m100)
Finished game 355 (candidate-m75 vs ref-7f15ac4-m100): 1/2-1/2 {Draw by fifty moves rule}
Started game 380 of 40000 (ref-7f15ac4-m100 vs candidate-m75)
Finished game 369 (candidate-m75 vs ref-7f15ac4-m100): 1-0 {White wins by adjudication}
Started game 381 of 40000 (candidate-m75 vs ref-7f15ac4-m100)
Finished game 373 (candidate-m75 vs ref-7f15ac4-m100): 1/2-1/2 {Draw by 3-fold repetition}
Started game 382 of 40000 (ref-7f15ac4-m100 vs candidate-m75)
Finished game 371 (candidate-m75 vs ref-7f15ac4-m100): 1/2-1/2 {Draw by 3-fold repetition}
Started game 383 of 40000 (candidate-m75 vs ref-7f15ac4-m100)
Finished game 372 (ref-7f15ac4-m100 vs candidate-m75): 1-0 {White wins by adjudication}
Started game 384 of 40000 (ref-7f15ac4-m100 vs candidate-m75)
Finished game 379 (candidate-m75 vs ref-7f15ac4-m100): 0-1 {Black wins by adjudication}
Started game 385 of 40000 (candidate-m75 vs ref-7f15ac4-m100)
Finished game 375 (candidate-m75 vs ref-7f15ac4-m100): 0-1 {Black wins by adjudication}
Started game 386 of 40000 (ref-7f15ac4-m100 vs candidate-m75)
Finished game 374 (ref-7f15ac4-m100 vs candidate-m75): 1/2-1/2 {Draw by 3-fold repetition}
Started game 387 of 40000 (candidate-m75 vs ref-7f15ac4-m100)
Finished game 376 (ref-7f15ac4-m100 vs candidate-m75): 1-0 {White wins by adjudication}
Started game 388 of 40000 (ref-7f15ac4-m100 vs candidate-m75)
Finished game 377 (candidate-m75 vs ref-7f15ac4-m100): 1-0 {White wins by adjudication}
Started game 389 of 40000 (candidate-m75 vs ref-7f15ac4-m100)
Finished game 378 (ref-7f15ac4-m100 vs candidate-m75): 1/2-1/2 {Draw by 3-fold repetition}
Started game 390 of 40000 (ref-7f15ac4-m100 vs candidate-m75)
Finished game 381 (candidate-m75 vs ref-7f15ac4-m100): 1-0 {White wins by adjudication}
Started game 391 of 40000 (candidate-m75 vs ref-7f15ac4-m100)
Finished game 380 (ref-7f15ac4-m100 vs candidate-m75): 1/2-1/2 {Draw by 3-fold repetition}
--------------------------------------------------
Results of candidate-m75 vs ref-7f15ac4-m100 (10+0.2, 1t, 16MB, 8moves_v3.pgn):
Elo: 18.40 +/- 28.74, nElo: 22.52 +/- 35.02
LOS: 89.62 %, DrawRatio: 30.69 %, PairsRatio: 1.18
Games: 378, Wins: 137, Losses: 117, Draws: 124, Points: 199.0 (52.65 %)
Ptnml(0-2): [16, 44, 58, 46, 25], WL/DD Ratio: 2.41
LLR: 0.70 (23.9%) (-2.94, 2.94) [-5.00, 5.00]
--------------------------------------------------
Started game 392 of 40000 (ref-7f15ac4-m100 vs candidate-m75)
Finished game 368 (ref-7f15ac4-m100 vs candidate-m75): 1/2-1/2 {Draw by fifty moves rule}
Started game 393 of 40000 (candidate-m75 vs ref-7f15ac4-m100)
Finished game 383 (candidate-m75 vs ref-7f15ac4-m100): 1/2-1/2 {Draw by 3-fold repetition}
Started game 394 of 40000 (ref-7f15ac4-m100 vs candidate-m75)
Finished game 384 (ref-7f15ac4-m100 vs candidate-m75): 1/2-1/2 {Draw by 3-fold repetition}
Started game 395 of 40000 (candidate-m75 vs ref-7f15ac4-m100)
Finished game 385 (candidate-m75 vs ref-7f15ac4-m100): 1-0 {White wins by adjudication}
Started game 396 of 40000 (ref-7f15ac4-m100 vs candidate-m75)
Finished game 382 (ref-7f15ac4-m100 vs candidate-m75): 0-1 {Black wins by adjudication}
Started game 397 of 40000 (candidate-m75 vs ref-7f15ac4-m100)
Finished game 387 (candidate-m75 vs ref-7f15ac4-m100): 1-0 {White wins by adjudication}
Started game 398 of 40000 (ref-7f15ac4-m100 vs candidate-m75)
Finished game 392 (ref-7f15ac4-m100 vs candidate-m75): 1-0 {White wins by adjudication}
Started game 399 of 40000 (candidate-m75 vs ref-7f15ac4-m100)
Finished game 386 (ref-7f15ac4-m100 vs candidate-m75): 1-0 {White wins by adjudication}
Started game 400 of 40000 (ref-7f15ac4-m100 vs candidate-m75)
Finished game 396 (ref-7f15ac4-m100 vs candidate-m75): 0-1 {Black wins by adjudication}
Started game 401 of 40000 (candidate-m75 vs ref-7f15ac4-m100)
Finished game 395 (candidate-m75 vs ref-7f15ac4-m100): 1/2-1/2 {Draw by 3-fold repetition}
Started game 402 of 40000 (ref-7f15ac4-m100 vs candidate-m75)
Finished game 389 (candidate-m75 vs ref-7f15ac4-m100): 0-1 {Black wins by adjudication}
Started game 403 of 40000 (candidate-m75 vs ref-7f15ac4-m100)
Finished game 388 (ref-7f15ac4-m100 vs candidate-m75): 1-0 {White wins by adjudication}
Started game 404 of 40000 (ref-7f15ac4-m100 vs candidate-m75)
Finished game 394 (ref-7f15ac4-m100 vs candidate-m75): 1/2-1/2 {Draw by 3-fold repetition}
Started game 405 of 40000 (candidate-m75 vs ref-7f15ac4-m100)
Finished game 397 (candidate-m75 vs ref-7f15ac4-m100): 0-1 {Black wins by adjudication}
Started game 406 of 40000 (ref-7f15ac4-m100 vs candidate-m75)
Finished game 390 (ref-7f15ac4-m100 vs candidate-m75): 1/2-1/2 {Draw by 3-fold repetition}
Started game 407 of 40000 (candidate-m75 vs ref-7f15ac4-m100)
Finished game 393 (candidate-m75 vs ref-7f15ac4-m100): 1-0 {White wins by adjudication}
Started game 408 of 40000 (ref-7f15ac4-m100 vs candidate-m75)
Finished game 391 (candidate-m75 vs ref-7f15ac4-m100): 1/2-1/2 {Draw by insufficient mating material}
Started game 409 of 40000 (candidate-m75 vs ref-7f15ac4-m100)
Finished game 403 (candidate-m75 vs ref-7f15ac4-m100): 1/2-1/2 {Draw by 3-fold repetition}
Started game 410 of 40000 (ref-7f15ac4-m100 vs candidate-m75)
Finished game 398 (ref-7f15ac4-m100 vs candidate-m75): 1-0 {White wins by adjudication}
Started game 411 of 40000 (candidate-m75 vs ref-7f15ac4-m100)
Finished game 407 (candidate-m75 vs ref-7f15ac4-m100): 0-1 {Black wins by adjudication}
Started game 412 of 40000 (ref-7f15ac4-m100 vs candidate-m75)
Finished game 409 (candidate-m75 vs ref-7f15ac4-m100): 1/2-1/2 {Draw by 3-fold repetition}
Started game 413 of 40000 (candidate-m75 vs ref-7f15ac4-m100)
Finished game 401 (candidate-m75 vs ref-7f15ac4-m100): 1-0 {White wins by adjudication}
Started game 414 of 40000 (ref-7f15ac4-m100 vs candidate-m75)
Finished game 406 (ref-7f15ac4-m100 vs candidate-m75): 1-0 {White wins by adjudication}
Started game 415 of 40000 (candidate-m75 vs ref-7f15ac4-m100)
Finished game 400 (ref-7f15ac4-m100 vs candidate-m75): 1-0 {White wins by adjudication}
Started game 416 of 40000 (ref-7f15ac4-m100 vs candidate-m75)
Finished game 404 (ref-7f15ac4-m100 vs candidate-m75): 1/2-1/2 {Draw by 3-fold repetition}
Started game 417 of 40000 (candidate-m75 vs ref-7f15ac4-m100)
Finished game 411 (candidate-m75 vs ref-7f15ac4-m100): 1/2-1/2 {Draw by 3-fold repetition}
Started game 418 of 40000 (ref-7f15ac4-m100 vs candidate-m75)
Finished game 405 (candidate-m75 vs ref-7f15ac4-m100): 1-0 {White wins by adjudication}
Started game 419 of 40000 (candidate-m75 vs ref-7f15ac4-m100)
Finished game 399 (candidate-m75 vs ref-7f15ac4-m100): 1-0 {White wins by adjudication}
--------------------------------------------------
Results of candidate-m75 vs ref-7f15ac4-m100 (10+0.2, 1t, 16MB, 8moves_v3.pgn):
Elo: 18.08 +/- 27.56, nElo: 22.31 +/- 33.88
LOS: 90.16 %, DrawRatio: 31.68 %, PairsRatio: 1.19
Games: 404, Wins: 146, Losses: 125, Draws: 133, Points: 212.5 (52.60 %)
Ptnml(0-2): [17, 46, 64, 49, 26], WL/DD Ratio: 2.37
LLR: 0.74 (25.3%) (-2.94, 2.94) [-5.00, 5.00]
--------------------------------------------------
Started game 420 of 40000 (ref-7f15ac4-m100 vs candidate-m75)
Finished game 410 (ref-7f15ac4-m100 vs candidate-m75): 1-0 {White wins by adjudication}
Started game 421 of 40000 (candidate-m75 vs ref-7f15ac4-m100)
Finished game 408 (ref-7f15ac4-m100 vs candidate-m75): 1-0 {White wins by adjudication}
Started game 422 of 40000 (ref-7f15ac4-m100 vs candidate-m75)
Finished game 402 (ref-7f15ac4-m100 vs candidate-m75): 0-1 {Black wins by adjudication}
Started game 423 of 40000 (candidate-m75 vs ref-7f15ac4-m100)
Finished game 418 (ref-7f15ac4-m100 vs candidate-m75): 1/2-1/2 {Draw by 3-fold repetition}
Started game 424 of 40000 (ref-7f15ac4-m100 vs candidate-m75)
Finished game 413 (candidate-m75 vs ref-7f15ac4-m100): 1/2-1/2 {Draw by 3-fold repetition}
Started game 425 of 40000 (candidate-m75 vs ref-7f15ac4-m100)
Finished game 414 (ref-7f15ac4-m100 vs candidate-m75): 1/2-1/2 {Draw by 3-fold repetition}
Started game 426 of 40000 (ref-7f15ac4-m100 vs candidate-m75)
Finished game 416 (ref-7f15ac4-m100 vs candidate-m75): 1-0 {White wins by adjudication}
Started game 427 of 40000 (candidate-m75 vs ref-7f15ac4-m100)
Finished game 419 (candidate-m75 vs ref-7f15ac4-m100): 0-1 {Black wins by adjudication}
Started game 428 of 40000 (ref-7f15ac4-m100 vs candidate-m75)
Finished game 415 (candidate-m75 vs ref-7f15ac4-m100): 1/2-1/2 {Draw by adjudication}
Started game 429 of 40000 (candidate-m75 vs ref-7f15ac4-m100)
Finished game 412 (ref-7f15ac4-m100 vs candidate-m75): 0-1 {Black wins by adjudication}
Started game 430 of 40000 (ref-7f15ac4-m100 vs candidate-m75)
Finished game 420 (ref-7f15ac4-m100 vs candidate-m75): 1/2-1/2 {Draw by 3-fold repetition}
--------------------------------------------------
Results of candidate-m75 vs ref-7f15ac4-m100 (10+0.2, 1t, 16MB, 8moves_v3.pgn):
Elo: 15.80 +/- 27.24, nElo: 19.39 +/- 33.31
LOS: 87.31 %, DrawRatio: 31.10 %, PairsRatio: 1.15
Games: 418, Wins: 149, Losses: 130, Draws: 139, Points: 218.5 (52.27 %)
Ptnml(0-2): [18, 49, 65, 50, 27], WL/DD Ratio: 2.25
LLR: 0.67 (22.8%) (-2.94, 2.94) [-5.00, 5.00]
--------------------------------------------------
Started game 431 of 40000 (candidate-m75 vs ref-7f15ac4-m100)
Finished game 417 (candidate-m75 vs ref-7f15ac4-m100): 0-1 {Black wins by adjudication}
Started game 432 of 40000 (ref-7f15ac4-m100 vs candidate-m75)
Finished game 422 (ref-7f15ac4-m100 vs candidate-m75): 1-0 {White wins by adjudication}
Started game 433 of 40000 (candidate-m75 vs ref-7f15ac4-m100)
Finished game 425 (candidate-m75 vs ref-7f15ac4-m100): 1/2-1/2 {Draw by 3-fold repetition}
Started game 434 of 40000 (ref-7f15ac4-m100 vs candidate-m75)
Finished game 423 (candidate-m75 vs ref-7f15ac4-m100): 1/2-1/2 {Draw by 3-fold repetition}
Started game 435 of 40000 (candidate-m75 vs ref-7f15ac4-m100)
Finished game 421 (candidate-m75 vs ref-7f15ac4-m100): 0-1 {Black wins by adjudication}
Started game 436 of 40000 (ref-7f15ac4-m100 vs candidate-m75)
Finished game 424 (ref-7f15ac4-m100 vs candidate-m75): 0-1 {Black wins by adjudication}
Started game 437 of 40000 (candidate-m75 vs ref-7f15ac4-m100)
Finished game 427 (candidate-m75 vs ref-7f15ac4-m100): 0-1 {Black wins by adjudication}
Started game 438 of 40000 (ref-7f15ac4-m100 vs candidate-m75)
Finished game 429 (candidate-m75 vs ref-7f15ac4-m100): 1/2-1/2 {Draw by 3-fold repetition}
Started game 439 of 40000 (candidate-m75 vs ref-7f15ac4-m100)
Finished game 426 (ref-7f15ac4-m100 vs candidate-m75): 1/2-1/2 {Draw by 3-fold repetition}
Started game 440 of 40000 (ref-7f15ac4-m100 vs candidate-m75)
Finished game 428 (ref-7f15ac4-m100 vs candidate-m75): 1/2-1/2 {Draw by 3-fold repetition}
Started game 441 of 40000 (candidate-m75 vs ref-7f15ac4-m100)
Finished game 430 (ref-7f15ac4-m100 vs candidate-m75): 0-1 {Black wins by adjudication}
Started game 442 of 40000 (ref-7f15ac4-m100 vs candidate-m75)
Finished game 432 (ref-7f15ac4-m100 vs candidate-m75): 1/2-1/2 {Draw by 3-fold repetition}
Started game 443 of 40000 (candidate-m75 vs ref-7f15ac4-m100)
Finished game 431 (candidate-m75 vs ref-7f15ac4-m100): 1-0 {White wins by adjudication}
Started game 444 of 40000 (ref-7f15ac4-m100 vs candidate-m75)
Finished game 441 (candidate-m75 vs ref-7f15ac4-m100): 1-0 {White wins by adjudication}
Started game 445 of 40000 (candidate-m75 vs ref-7f15ac4-m100)
Finished game 433 (candidate-m75 vs ref-7f15ac4-m100): 1-0 {White wins by adjudication}
Started game 446 of 40000 (ref-7f15ac4-m100 vs candidate-m75)
Finished game 435 (candidate-m75 vs ref-7f15ac4-m100): 1-0 {White wins by adjudication}
Started game 447 of 40000 (candidate-m75 vs ref-7f15ac4-m100)
Finished game 437 (candidate-m75 vs ref-7f15ac4-m100): 1-0 {White wins by adjudication}
Started game 448 of 40000 (ref-7f15ac4-m100 vs candidate-m75)
Finished game 439 (candidate-m75 vs ref-7f15ac4-m100): 1-0 {White wins by adjudication}
Started game 449 of 40000 (candidate-m75 vs ref-7f15ac4-m100)
Finished game 442 (ref-7f15ac4-m100 vs candidate-m75): 0-1 {Black wins by adjudication}
Started game 450 of 40000 (ref-7f15ac4-m100 vs candidate-m75)
Finished game 436 (ref-7f15ac4-m100 vs candidate-m75): 1/2-1/2 {Draw by insufficient mating material}
Started game 451 of 40000 (candidate-m75 vs ref-7f15ac4-m100)
Finished game 434 (ref-7f15ac4-m100 vs candidate-m75): 1-0 {White wins by adjudication}
Started game 452 of 40000 (ref-7f15ac4-m100 vs candidate-m75)
Finished game 443 (candidate-m75 vs ref-7f15ac4-m100): 1-0 {White wins by adjudication}
Started game 453 of 40000 (candidate-m75 vs ref-7f15ac4-m100)
Finished game 438 (ref-7f15ac4-m100 vs candidate-m75): 1/2-1/2 {Draw by adjudication}
Started game 454 of 40000 (ref-7f15ac4-m100 vs candidate-m75)
Finished game 445 (candidate-m75 vs ref-7f15ac4-m100): 1/2-1/2 {Draw by 3-fold repetition}
Started game 455 of 40000 (candidate-m75 vs ref-7f15ac4-m100)
Finished game 449 (candidate-m75 vs ref-7f15ac4-m100): 1-0 {White wins by adjudication}
Started game 456 of 40000 (ref-7f15ac4-m100 vs candidate-m75)
Finished game 440 (ref-7f15ac4-m100 vs candidate-m75): 1-0 {White wins by adjudication}
--------------------------------------------------
Results of candidate-m75 vs ref-7f15ac4-m100 (10+0.2, 1t, 16MB, 8moves_v3.pgn):
Elo: 17.31 +/- 26.43, nElo: 21.28 +/- 32.39
LOS: 90.11 %, DrawRatio: 30.77 %, PairsRatio: 1.19
Games: 442, Wins: 158, Losses: 136, Draws: 148, Points: 232.0 (52.49 %)
Ptnml(0-2): [19, 51, 68, 55, 28], WL/DD Ratio: 2.24
LLR: 0.78 (26.4%) (-2.94, 2.94) [-5.00, 5.00]
--------------------------------------------------
Started game 457 of 40000 (candidate-m75 vs ref-7f15ac4-m100)
Finished game 446 (ref-7f15ac4-m100 vs candidate-m75): 1-0 {White wins by adjudication}
Started game 458 of 40000 (ref-7f15ac4-m100 vs candidate-m75)
Finished game 447 (candidate-m75 vs ref-7f15ac4-m100): 1/2-1/2 {Draw by insufficient mating material}
Started game 459 of 40000 (candidate-m75 vs ref-7f15ac4-m100)
Finished game 450 (ref-7f15ac4-m100 vs candidate-m75): 1-0 {White wins by adjudication}
Started game 460 of 40000 (ref-7f15ac4-m100 vs candidate-m75)
Finished game 444 (ref-7f15ac4-m100 vs candidate-m75): 1-0 {White wins by adjudication}
Started game 461 of 40000 (candidate-m75 vs ref-7f15ac4-m100)
Finished game 448 (ref-7f15ac4-m100 vs candidate-m75): 1/2-1/2 {Draw by insufficient mating material}
Started game 462 of 40000 (ref-7f15ac4-m100 vs candidate-m75)
Finished game 455 (candidate-m75 vs ref-7f15ac4-m100): 1/2-1/2 {Draw by 3-fold repetition}
Started game 463 of 40000 (candidate-m75 vs ref-7f15ac4-m100)
Finished game 452 (ref-7f15ac4-m100 vs candidate-m75): 0-1 {Black wins by adjudication}
Started game 464 of 40000 (ref-7f15ac4-m100 vs candidate-m75)
Finished game 453 (candidate-m75 vs ref-7f15ac4-m100): 1-0 {White wins by adjudication}
Started game 465 of 40000 (candidate-m75 vs ref-7f15ac4-m100)
Finished game 454 (ref-7f15ac4-m100 vs candidate-m75): 1/2-1/2 {Draw by adjudication}
Started game 466 of 40000 (ref-7f15ac4-m100 vs candidate-m75)
Finished game 456 (ref-7f15ac4-m100 vs candidate-m75): 0-1 {Black wins by adjudication}
Started game 467 of 40000 (candidate-m75 vs ref-7f15ac4-m100)
Finished game 464 (ref-7f15ac4-m100 vs candidate-m75): 1/2-1/2 {Draw by 3-fold repetition}
Started game 468 of 40000 (ref-7f15ac4-m100 vs candidate-m75)
Finished game 459 (candidate-m75 vs ref-7f15ac4-m100): 1/2-1/2 {Draw by 3-fold repetition}
Started game 469 of 40000 (candidate-m75 vs ref-7f15ac4-m100)
Finished game 458 (ref-7f15ac4-m100 vs candidate-m75): 1-0 {White wins by adjudication}
Started game 470 of 40000 (ref-7f15ac4-m100 vs candidate-m75)
Finished game 451 (candidate-m75 vs ref-7f15ac4-m100): 1/2-1/2 {Draw by fifty moves rule}
Started game 471 of 40000 (candidate-m75 vs ref-7f15ac4-m100)
Finished game 460 (ref-7f15ac4-m100 vs candidate-m75): 1/2-1/2 {Draw by 3-fold repetition}
--------------------------------------------------
Results of candidate-m75 vs ref-7f15ac4-m100 (10+0.2, 1t, 16MB, 8moves_v3.pgn):
Elo: 18.22 +/- 25.68, nElo: 22.67 +/- 31.82
LOS: 91.87 %, DrawRatio: 31.44 %, PairsRatio: 1.21
Games: 458, Wins: 163, Losses: 139, Draws: 156, Points: 241.0 (52.62 %)
Ptnml(0-2): [19, 52, 72, 58, 28], WL/DD Ratio: 2.13
LLR: 0.86 (29.1%) (-2.94, 2.94) [-5.00, 5.00]
--------------------------------------------------
Started game 472 of 40000 (ref-7f15ac4-m100 vs candidate-m75)
Finished game 465 (candidate-m75 vs ref-7f15ac4-m100): 1-0 {White wins by adjudication}
Started game 473 of 40000 (candidate-m75 vs ref-7f15ac4-m100)
Finished game 462 (ref-7f15ac4-m100 vs candidate-m75): 1/2-1/2 {Draw by adjudication}
Started game 474 of 40000 (ref-7f15ac4-m100 vs candidate-m75)
Finished game 463 (candidate-m75 vs ref-7f15ac4-m100): 1/2-1/2 {Draw by adjudication}
Started game 475 of 40000 (candidate-m75 vs ref-7f15ac4-m100)
Finished game 461 (candidate-m75 vs ref-7f15ac4-m100): 0-1 {Black wins by adjudication}
Started game 476 of 40000 (ref-7f15ac4-m100 vs candidate-m75)
Finished game 467 (candidate-m75 vs ref-7f15ac4-m100): 1/2-1/2 {Draw by 3-fold repetition}
Started game 477 of 40000 (candidate-m75 vs ref-7f15ac4-m100)
Finished game 457 (candidate-m75 vs ref-7f15ac4-m100): 0-1 {Black wins by adjudication}
Started game 478 of 40000 (ref-7f15ac4-m100 vs candidate-m75)
Finished game 473 (candidate-m75 vs ref-7f15ac4-m100): 0-1 {Black wins by adjudication}
Started game 479 of 40000 (candidate-m75 vs ref-7f15ac4-m100)
Finished game 470 (ref-7f15ac4-m100 vs candidate-m75): 1-0 {White wins by adjudication}
Started game 480 of 40000 (ref-7f15ac4-m100 vs candidate-m75)
Finished game 471 (candidate-m75 vs ref-7f15ac4-m100): 1-0 {White wins by adjudication}
Started game 481 of 40000 (candidate-m75 vs ref-7f15ac4-m100)
Finished game 468 (ref-7f15ac4-m100 vs candidate-m75): 1/2-1/2 {Draw by insufficient mating material}
Started game 482 of 40000 (ref-7f15ac4-m100 vs candidate-m75)
Finished game 472 (ref-7f15ac4-m100 vs candidate-m75): 1/2-1/2 {Draw by 3-fold repetition}
Started game 483 of 40000 (candidate-m75 vs ref-7f15ac4-m100)
Finished game 477 (candidate-m75 vs ref-7f15ac4-m100): 1/2-1/2 {Draw by 3-fold repetition}
Started game 484 of 40000 (ref-7f15ac4-m100 vs candidate-m75)
Finished game 466 (ref-7f15ac4-m100 vs candidate-m75): 1-0 {White wins by adjudication}
Started game 485 of 40000 (candidate-m75 vs ref-7f15ac4-m100)
Finished game 478 (ref-7f15ac4-m100 vs candidate-m75): 1-0 {White wins by adjudication}
Started game 486 of 40000 (ref-7f15ac4-m100 vs candidate-m75)
Finished game 469 (candidate-m75 vs ref-7f15ac4-m100): 1/2-1/2 {Draw by 3-fold repetition}
Started game 487 of 40000 (candidate-m75 vs ref-7f15ac4-m100)
Finished game 474 (ref-7f15ac4-m100 vs candidate-m75): 1/2-1/2 {Draw by insufficient mating material}
Started game 488 of 40000 (ref-7f15ac4-m100 vs candidate-m75)
Finished game 480 (ref-7f15ac4-m100 vs candidate-m75): 1-0 {White wins by adjudication}
Started game 489 of 40000 (candidate-m75 vs ref-7f15ac4-m100)
Finished game 479 (candidate-m75 vs ref-7f15ac4-m100): 1-0 {White wins by adjudication}
--------------------------------------------------
Results of candidate-m75 vs ref-7f15ac4-m100 (10+0.2, 1t, 16MB, 8moves_v3.pgn):
Elo: 13.82 +/- 24.98, nElo: 17.27 +/- 31.15
LOS: 86.15 %, DrawRatio: 31.80 %, PairsRatio: 1.14
Games: 478, Wins: 166, Losses: 147, Draws: 165, Points: 248.5 (51.99 %)
Ptnml(0-2): [20, 56, 76, 59, 28], WL/DD Ratio: 2.04
LLR: 0.68 (23.2%) (-2.94, 2.94) [-5.00, 5.00]
--------------------------------------------------
Started game 490 of 40000 (ref-7f15ac4-m100 vs candidate-m75)
Finished game 483 (candidate-m75 vs ref-7f15ac4-m100): 1-0 {White wins by adjudication}
Started game 491 of 40000 (candidate-m75 vs ref-7f15ac4-m100)
Finished game 476 (ref-7f15ac4-m100 vs candidate-m75): 1-0 {White wins by adjudication}
Started game 492 of 40000 (ref-7f15ac4-m100 vs candidate-m75)
Finished game 484 (ref-7f15ac4-m100 vs candidate-m75): 0-1 {Black wins by adjudication}
Started game 493 of 40000 (candidate-m75 vs ref-7f15ac4-m100)
Finished game 486 (ref-7f15ac4-m100 vs candidate-m75): 0-1 {Black wins by adjudication}
Started game 494 of 40000 (ref-7f15ac4-m100 vs candidate-m75)
Finished game 482 (ref-7f15ac4-m100 vs candidate-m75): 1-0 {White wins by adjudication}
Started game 495 of 40000 (candidate-m75 vs ref-7f15ac4-m100)
Finished game 475 (candidate-m75 vs ref-7f15ac4-m100): 1-0 {White wins by adjudication}
Started game 496 of 40000 (ref-7f15ac4-m100 vs candidate-m75)
Finished game 487 (candidate-m75 vs ref-7f15ac4-m100): 1/2-1/2 {Draw by 3-fold repetition}
Started game 497 of 40000 (candidate-m75 vs ref-7f15ac4-m100)
Finished game 489 (candidate-m75 vs ref-7f15ac4-m100): 0-1 {Black wins by adjudication}
Started game 498 of 40000 (ref-7f15ac4-m100 vs candidate-m75)
Finished game 488 (ref-7f15ac4-m100 vs candidate-m75): 0-1 {Black wins by adjudication}
Started game 499 of 40000 (candidate-m75 vs ref-7f15ac4-m100)
Finished game 491 (candidate-m75 vs ref-7f15ac4-m100): 0-1 {Black wins by adjudication}
Started game 500 of 40000 (ref-7f15ac4-m100 vs candidate-m75)
Finished game 496 (ref-7f15ac4-m100 vs candidate-m75): 1-0 {White wins by adjudication}
Started game 501 of 40000 (candidate-m75 vs ref-7f15ac4-m100)
Finished game 490 (ref-7f15ac4-m100 vs candidate-m75): 0-1 {Black wins by adjudication}
Started game 502 of 40000 (ref-7f15ac4-m100 vs candidate-m75)
Finished game 485 (candidate-m75 vs ref-7f15ac4-m100): 1/2-1/2 {Draw by insufficient mating material}
Started game 503 of 40000 (candidate-m75 vs ref-7f15ac4-m100)
Finished game 494 (ref-7f15ac4-m100 vs candidate-m75): 1/2-1/2 {Draw by 3-fold repetition}
Started game 504 of 40000 (ref-7f15ac4-m100 vs candidate-m75)
Finished game 495 (candidate-m75 vs ref-7f15ac4-m100): 0-1 {Black wins by adjudication}
Started game 505 of 40000 (candidate-m75 vs ref-7f15ac4-m100)
Finished game 481 (candidate-m75 vs ref-7f15ac4-m100): 1/2-1/2 {Draw by 3-fold repetition}
Started game 506 of 40000 (ref-7f15ac4-m100 vs candidate-m75)
Finished game 493 (candidate-m75 vs ref-7f15ac4-m100): 1/2-1/2 {Draw by insufficient mating material}
Started game 507 of 40000 (candidate-m75 vs ref-7f15ac4-m100)
Finished game 499 (candidate-m75 vs ref-7f15ac4-m100): 1/2-1/2 {Draw by 3-fold repetition}
Started game 508 of 40000 (ref-7f15ac4-m100 vs candidate-m75)
Finished game 492 (ref-7f15ac4-m100 vs candidate-m75): 1/2-1/2 {Draw by 3-fold repetition}
Started game 509 of 40000 (candidate-m75 vs ref-7f15ac4-m100)
Finished game 498 (ref-7f15ac4-m100 vs candidate-m75): 0-1 {Black wins by adjudication}
Started game 510 of 40000 (ref-7f15ac4-m100 vs candidate-m75)
Finished game 497 (candidate-m75 vs ref-7f15ac4-m100): 1-0 {White wins by adjudication}
Started game 511 of 40000 (candidate-m75 vs ref-7f15ac4-m100)
Finished game 505 (candidate-m75 vs ref-7f15ac4-m100): 1-0 {White wins by adjudication}
Started game 512 of 40000 (ref-7f15ac4-m100 vs candidate-m75)
Finished game 509 (candidate-m75 vs ref-7f15ac4-m100): 0-1 {Black wins by adjudication}
Started game 513 of 40000 (candidate-m75 vs ref-7f15ac4-m100)
Finished game 506 (ref-7f15ac4-m100 vs candidate-m75): 1-0 {White wins by adjudication}
Started game 514 of 40000 (ref-7f15ac4-m100 vs candidate-m75)
Finished game 501 (candidate-m75 vs ref-7f15ac4-m100): 1/2-1/2 {Draw by 3-fold repetition}
Started game 515 of 40000 (candidate-m75 vs ref-7f15ac4-m100)
Finished game 503 (candidate-m75 vs ref-7f15ac4-m100): 1/2-1/2 {Draw by 3-fold repetition}
Started game 516 of 40000 (ref-7f15ac4-m100 vs candidate-m75)
Finished game 504 (ref-7f15ac4-m100 vs candidate-m75): 0-1 {Black wins by adjudication}
Started game 517 of 40000 (candidate-m75 vs ref-7f15ac4-m100)
Finished game 502 (ref-7f15ac4-m100 vs candidate-m75): 0-1 {Black wins by adjudication}
Started game 518 of 40000 (ref-7f15ac4-m100 vs candidate-m75)
Finished game 510 (ref-7f15ac4-m100 vs candidate-m75): 1/2-1/2 {Draw by 3-fold repetition}
Started game 519 of 40000 (candidate-m75 vs ref-7f15ac4-m100)
Finished game 511 (candidate-m75 vs ref-7f15ac4-m100): 1/2-1/2 {Draw by 3-fold repetition}
Started game 520 of 40000 (ref-7f15ac4-m100 vs candidate-m75)
Finished game 507 (candidate-m75 vs ref-7f15ac4-m100): 1-0 {White wins by adjudication}
Started game 521 of 40000 (candidate-m75 vs ref-7f15ac4-m100)
Finished game 500 (ref-7f15ac4-m100 vs candidate-m75): 1/2-1/2 {Draw by fifty moves rule}
--------------------------------------------------
Results of candidate-m75 vs ref-7f15ac4-m100 (10+0.2, 1t, 16MB, 8moves_v3.pgn):
Elo: 15.06 +/- 24.22, nElo: 18.84 +/- 30.21
LOS: 88.92 %, DrawRatio: 31.89 %, PairsRatio: 1.16
Games: 508, Wins: 177, Losses: 155, Draws: 176, Points: 265.0 (52.17 %)
Ptnml(0-2): [21, 59, 81, 63, 30], WL/DD Ratio: 2.00
LLR: 0.79 (26.9%) (-2.94, 2.94) [-5.00, 5.00]
--------------------------------------------------
Started game 522 of 40000 (ref-7f15ac4-m100 vs candidate-m75)
Finished game 520 (ref-7f15ac4-m100 vs candidate-m75): 1/2-1/2 {Draw by 3-fold repetition}
Started game 523 of 40000 (candidate-m75 vs ref-7f15ac4-m100)
Finished game 514 (ref-7f15ac4-m100 vs candidate-m75): 1/2-1/2 {Draw by 3-fold repetition}
Started game 524 of 40000 (ref-7f15ac4-m100 vs candidate-m75)
Finished game 508 (ref-7f15ac4-m100 vs candidate-m75): 1/2-1/2 {Draw by 3-fold repetition}
Started game 525 of 40000 (candidate-m75 vs ref-7f15ac4-m100)
Finished game 515 (candidate-m75 vs ref-7f15ac4-m100): 1-0 {White wins by adjudication}
Started game 526 of 40000 (ref-7f15ac4-m100 vs candidate-m75)
Finished game 518 (ref-7f15ac4-m100 vs candidate-m75): 0-1 {Black wins by adjudication}
Started game 527 of 40000 (candidate-m75 vs ref-7f15ac4-m100)
Finished game 517 (candidate-m75 vs ref-7f15ac4-m100): 1/2-1/2 {Draw by 3-fold repetition}
Started game 528 of 40000 (ref-7f15ac4-m100 vs candidate-m75)
Finished game 512 (ref-7f15ac4-m100 vs candidate-m75): 0-1 {Black wins by adjudication}
Started game 529 of 40000 (candidate-m75 vs ref-7f15ac4-m100)
Finished game 521 (candidate-m75 vs ref-7f15ac4-m100): 1-0 {White wins by adjudication}
Started game 530 of 40000 (ref-7f15ac4-m100 vs candidate-m75)
Finished game 519 (candidate-m75 vs ref-7f15ac4-m100): 0-1 {Black wins by adjudication}
--------------------------------------------------
Results of candidate-m75 vs ref-7f15ac4-m100 (10+0.2, 1t, 16MB, 8moves_v3.pgn):
Elo: 16.17 +/- 23.98, nElo: 20.28 +/- 29.98
LOS: 90.75 %, DrawRatio: 31.40 %, PairsRatio: 1.19
Games: 516, Wins: 180, Losses: 156, Draws: 180, Points: 270.0 (52.33 %)
Ptnml(0-2): [21, 60, 81, 66, 30], WL/DD Ratio: 2.00
LLR: 0.86 (29.4%) (-2.94, 2.94) [-5.00, 5.00]
--------------------------------------------------
Started game 531 of 40000 (candidate-m75 vs ref-7f15ac4-m100)
Finished game 513 (candidate-m75 vs ref-7f15ac4-m100): 0-1 {Black wins by adjudication}
Started game 532 of 40000 (ref-7f15ac4-m100 vs candidate-m75)
Finished game 527 (candidate-m75 vs ref-7f15ac4-m100): 0-1 {Black wins by adjudication}
Started game 533 of 40000 (candidate-m75 vs ref-7f15ac4-m100)
Finished game 516 (ref-7f15ac4-m100 vs candidate-m75): 1-0 {White wins by adjudication}
Started game 534 of 40000 (ref-7f15ac4-m100 vs candidate-m75)
Finished game 528 (ref-7f15ac4-m100 vs candidate-m75): 1/2-1/2 {Draw by 3-fold repetition}
Started game 535 of 40000 (candidate-m75 vs ref-7f15ac4-m100)
Finished game 522 (ref-7f15ac4-m100 vs candidate-m75): 1/2-1/2 {Draw by 3-fold repetition}
Started game 536 of 40000 (ref-7f15ac4-m100 vs candidate-m75)
Finished game 523 (candidate-m75 vs ref-7f15ac4-m100): 0-1 {Black wins by adjudication}
Started game 537 of 40000 (candidate-m75 vs ref-7f15ac4-m100)
Finished game 529 (candidate-m75 vs ref-7f15ac4-m100): 0-1 {Black wins by adjudication}
Started game 538 of 40000 (ref-7f15ac4-m100 vs candidate-m75)
Finished game 524 (ref-7f15ac4-m100 vs candidate-m75): 0-1 {Black wins by adjudication}
Started game 539 of 40000 (candidate-m75 vs ref-7f15ac4-m100)
Finished game 525 (candidate-m75 vs ref-7f15ac4-m100): 1/2-1/2 {Draw by insufficient mating material}
Started game 540 of 40000 (ref-7f15ac4-m100 vs candidate-m75)
Finished game 532 (ref-7f15ac4-m100 vs candidate-m75): 0-1 {Black wins by adjudication}
Started game 541 of 40000 (candidate-m75 vs ref-7f15ac4-m100)
Finished game 526 (ref-7f15ac4-m100 vs candidate-m75): 0-1 {Black wins by adjudication}
Started game 542 of 40000 (ref-7f15ac4-m100 vs candidate-m75)
Finished game 530 (ref-7f15ac4-m100 vs candidate-m75): 0-1 {Black wins by adjudication}
Started game 543 of 40000 (candidate-m75 vs ref-7f15ac4-m100)
Finished game 535 (candidate-m75 vs ref-7f15ac4-m100): 0-1 {Black wins by adjudication}
Started game 544 of 40000 (ref-7f15ac4-m100 vs candidate-m75)
Finished game 536 (ref-7f15ac4-m100 vs candidate-m75): 1/2-1/2 {Draw by 3-fold repetition}
Started game 545 of 40000 (candidate-m75 vs ref-7f15ac4-m100)
Finished game 534 (ref-7f15ac4-m100 vs candidate-m75): 0-1 {Black wins by adjudication}
Started game 546 of 40000 (ref-7f15ac4-m100 vs candidate-m75)
Finished game 540 (ref-7f15ac4-m100 vs candidate-m75): 0-1 {Black wins by adjudication}
Started game 547 of 40000 (candidate-m75 vs ref-7f15ac4-m100)
Finished game 539 (candidate-m75 vs ref-7f15ac4-m100): 1-0 {White wins by adjudication}
--------------------------------------------------
Results of candidate-m75 vs ref-7f15ac4-m100 (10+0.2, 1t, 16MB, 8moves_v3.pgn):
Elo: 16.28 +/- 23.49, nElo: 20.49 +/- 29.47
LOS: 91.35 %, DrawRatio: 31.46 %, PairsRatio: 1.18
Games: 534, Wins: 187, Losses: 162, Draws: 185, Points: 279.5 (52.34 %)
Ptnml(0-2): [21, 63, 84, 68, 31], WL/DD Ratio: 2.11
LLR: 0.90 (30.7%) (-2.94, 2.94) [-5.00, 5.00]
--------------------------------------------------
Started game 548 of 40000 (ref-7f15ac4-m100 vs candidate-m75)
Finished game 533 (candidate-m75 vs ref-7f15ac4-m100): 1-0 {White wins by adjudication}
Started game 549 of 40000 (candidate-m75 vs ref-7f15ac4-m100)
Finished game 538 (ref-7f15ac4-m100 vs candidate-m75): 1/2-1/2 {Draw by adjudication}
Started game 550 of 40000 (ref-7f15ac4-m100 vs candidate-m75)
Finished game 541 (candidate-m75 vs ref-7f15ac4-m100): 0-1 {Black wins by adjudication}
Started game 551 of 40000 (candidate-m75 vs ref-7f15ac4-m100)
Finished game 537 (candidate-m75 vs ref-7f15ac4-m100): 1-0 {White wins by adjudication}
Started game 552 of 40000 (ref-7f15ac4-m100 vs candidate-m75)
Finished game 546 (ref-7f15ac4-m100 vs candidate-m75): 1-0 {White wins by adjudication}
Started game 553 of 40000 (candidate-m75 vs ref-7f15ac4-m100)
Finished game 531 (candidate-m75 vs ref-7f15ac4-m100): 1/2-1/2 {Draw by fifty moves rule}
Started game 554 of 40000 (ref-7f15ac4-m100 vs candidate-m75)
Finished game 543 (candidate-m75 vs ref-7f15ac4-m100): 1-0 {White wins by adjudication}
Started game 555 of 40000 (candidate-m75 vs ref-7f15ac4-m100)
Finished game 545 (candidate-m75 vs ref-7f15ac4-m100): 1-0 {White wins by adjudication}
Started game 556 of 40000 (ref-7f15ac4-m100 vs candidate-m75)
Finished game 544 (ref-7f15ac4-m100 vs candidate-m75): 1-0 {White wins by adjudication}
Started game 557 of 40000 (candidate-m75 vs ref-7f15ac4-m100)
Finished game 542 (ref-7f15ac4-m100 vs candidate-m75): 1/2-1/2 {Draw by insufficient mating material}
Started game 558 of 40000 (ref-7f15ac4-m100 vs candidate-m75)
Finished game 547 (candidate-m75 vs ref-7f15ac4-m100): 1/2-1/2 {Draw by 3-fold repetition}
Started game 559 of 40000 (candidate-m75 vs ref-7f15ac4-m100)
Finished game 549 (candidate-m75 vs ref-7f15ac4-m100): 1/2-1/2 {Draw by 3-fold repetition}
Started game 560 of 40000 (ref-7f15ac4-m100 vs candidate-m75)
Finished game 551 (candidate-m75 vs ref-7f15ac4-m100): 0-1 {Black wins by adjudication}
Started game 561 of 40000 (candidate-m75 vs ref-7f15ac4-m100)
Finished game 548 (ref-7f15ac4-m100 vs candidate-m75): 0-1 {Black wins by adjudication}
Started game 562 of 40000 (ref-7f15ac4-m100 vs candidate-m75)
Finished game 550 (ref-7f15ac4-m100 vs candidate-m75): 1/2-1/2 {Draw by 3-fold repetition}
Started game 563 of 40000 (candidate-m75 vs ref-7f15ac4-m100)
Finished game 554 (ref-7f15ac4-m100 vs candidate-m75): 1-0 {White wins by adjudication}
Started game 564 of 40000 (ref-7f15ac4-m100 vs candidate-m75)
Finished game 552 (ref-7f15ac4-m100 vs candidate-m75): 1-0 {White wins by adjudication}
Started game 565 of 40000 (candidate-m75 vs ref-7f15ac4-m100)
Finished game 557 (candidate-m75 vs ref-7f15ac4-m100): 0-1 {Black wins by adjudication}
Started game 566 of 40000 (ref-7f15ac4-m100 vs candidate-m75)
Finished game 558 (ref-7f15ac4-m100 vs candidate-m75): 1-0 {White wins by adjudication}
Started game 567 of 40000 (candidate-m75 vs ref-7f15ac4-m100)
Finished game 565 (candidate-m75 vs ref-7f15ac4-m100): 1/2-1/2 {Draw by 3-fold repetition}
Started game 568 of 40000 (ref-7f15ac4-m100 vs candidate-m75)
Finished game 555 (candidate-m75 vs ref-7f15ac4-m100): 1/2-1/2 {Draw by adjudication}
Started game 569 of 40000 (candidate-m75 vs ref-7f15ac4-m100)
Finished game 560 (ref-7f15ac4-m100 vs candidate-m75): 0-1 {Black wins by adjudication}
Started game 570 of 40000 (ref-7f15ac4-m100 vs candidate-m75)
Finished game 553 (candidate-m75 vs ref-7f15ac4-m100): 1/2-1/2 {Draw by 3-fold repetition}
Started game 571 of 40000 (candidate-m75 vs ref-7f15ac4-m100)
Finished game 562 (ref-7f15ac4-m100 vs candidate-m75): 1-0 {White wins by adjudication}
Started game 572 of 40000 (ref-7f15ac4-m100 vs candidate-m75)
Finished game 559 (candidate-m75 vs ref-7f15ac4-m100): 0-1 {Black wins by adjudication}
--------------------------------------------------
Results of candidate-m75 vs ref-7f15ac4-m100 (10+0.2, 1t, 16MB, 8moves_v3.pgn):
Elo: 14.95 +/- 23.04, nElo: 18.76 +/- 28.83
LOS: 89.90 %, DrawRatio: 31.54 %, PairsRatio: 1.17
Games: 558, Wins: 195, Losses: 171, Draws: 192, Points: 291.0 (52.15 %)
Ptnml(0-2): [23, 65, 88, 71, 32], WL/DD Ratio: 2.14
LLR: 0.87 (29.4%) (-2.94, 2.94) [-5.00, 5.00]
--------------------------------------------------
Started game 573 of 40000 (candidate-m75 vs ref-7f15ac4-m100)
Finished game 570 (ref-7f15ac4-m100 vs candidate-m75): 1/2-1/2 {Draw by 3-fold repetition}
Started game 574 of 40000 (ref-7f15ac4-m100 vs candidate-m75)
Finished game 556 (ref-7f15ac4-m100 vs candidate-m75): 0-1 {Black wins by adjudication}
Started game 575 of 40000 (candidate-m75 vs ref-7f15ac4-m100)
Finished game 563 (candidate-m75 vs ref-7f15ac4-m100): 1/2-1/2 {Draw by 3-fold repetition}
Started game 576 of 40000 (ref-7f15ac4-m100 vs candidate-m75)
Finished game 569 (candidate-m75 vs ref-7f15ac4-m100): 1/2-1/2 {Draw by 3-fold repetition}
Started game 577 of 40000 (candidate-m75 vs ref-7f15ac4-m100)
Finished game 566 (ref-7f15ac4-m100 vs candidate-m75): 1/2-1/2 {Draw by 3-fold repetition}
Started game 578 of 40000 (ref-7f15ac4-m100 vs candidate-m75)
Finished game 564 (ref-7f15ac4-m100 vs candidate-m75): 1-0 {White wins by adjudication}
Started game 579 of 40000 (candidate-m75 vs ref-7f15ac4-m100)
Finished game 561 (candidate-m75 vs ref-7f15ac4-m100): 1/2-1/2 {Draw by adjudication}
Started game 580 of 40000 (ref-7f15ac4-m100 vs candidate-m75)
Finished game 568 (ref-7f15ac4-m100 vs candidate-m75): 1-0 {White wins by adjudication}
Started game 581 of 40000 (candidate-m75 vs ref-7f15ac4-m100)
Finished game 571 (candidate-m75 vs ref-7f15ac4-m100): 1-0 {White wins by adjudication}
Started game 582 of 40000 (ref-7f15ac4-m100 vs candidate-m75)
Finished game 567 (candidate-m75 vs ref-7f15ac4-m100): 1-0 {White wins by adjudication}
Started game 583 of 40000 (candidate-m75 vs ref-7f15ac4-m100)
Finished game 579 (candidate-m75 vs ref-7f15ac4-m100): 1-0 {White wins by adjudication}
Started game 584 of 40000 (ref-7f15ac4-m100 vs candidate-m75)
Finished game 575 (candidate-m75 vs ref-7f15ac4-m100): 0-1 {Black wins by adjudication}
Started game 585 of 40000 (candidate-m75 vs ref-7f15ac4-m100)
Finished game 580 (ref-7f15ac4-m100 vs candidate-m75): 0-1 {Black wins by adjudication}
--------------------------------------------------
Results of candidate-m75 vs ref-7f15ac4-m100 (10+0.2, 1t, 16MB, 8moves_v3.pgn):
Elo: 15.19 +/- 22.69, nElo: 19.12 +/- 28.47
LOS: 90.59 %, DrawRatio: 31.82 %, PairsRatio: 1.17
Games: 572, Wins: 199, Losses: 174, Draws: 199, Points: 298.5 (52.19 %)
Ptnml(0-2): [23, 67, 91, 72, 33], WL/DD Ratio: 2.03
LLR: 0.90 (30.7%) (-2.94, 2.94) [-5.00, 5.00]
--------------------------------------------------
Started game 586 of 40000 (ref-7f15ac4-m100 vs candidate-m75)
Finished game 578 (ref-7f15ac4-m100 vs candidate-m75): 1-0 {White wins by adjudication}
Started game 587 of 40000 (candidate-m75 vs ref-7f15ac4-m100)
Finished game 576 (ref-7f15ac4-m100 vs candidate-m75): 0-1 {Black wins by adjudication}
Started game 588 of 40000 (ref-7f15ac4-m100 vs candidate-m75)
Finished game 574 (ref-7f15ac4-m100 vs candidate-m75): 1/2-1/2 {Draw by adjudication}
Started game 589 of 40000 (candidate-m75 vs ref-7f15ac4-m100)
Finished game 581 (candidate-m75 vs ref-7f15ac4-m100): 0-1 {Black wins by adjudication}
Started game 590 of 40000 (ref-7f15ac4-m100 vs candidate-m75)
Finished game 577 (candidate-m75 vs ref-7f15ac4-m100): 1/2-1/2 {Draw by 3-fold repetition}
Started game 591 of 40000 (candidate-m75 vs ref-7f15ac4-m100)
Finished game 573 (candidate-m75 vs ref-7f15ac4-m100): 1-0 {White wins by adjudication}
Started game 592 of 40000 (ref-7f15ac4-m100 vs candidate-m75)
Finished game 572 (ref-7f15ac4-m100 vs candidate-m75): 0-1 {Black wins by adjudication}
Started game 593 of 40000 (candidate-m75 vs ref-7f15ac4-m100)
Finished game 591 (candidate-m75 vs ref-7f15ac4-m100): 1/2-1/2 {Draw by 3-fold repetition}
Started game 594 of 40000 (ref-7f15ac4-m100 vs candidate-m75)
Finished game 587 (candidate-m75 vs ref-7f15ac4-m100): 0-1 {Black wins by adjudication}
Started game 595 of 40000 (candidate-m75 vs ref-7f15ac4-m100)
Finished game 585 (candidate-m75 vs ref-7f15ac4-m100): 1-0 {White wins by adjudication}
Started game 596 of 40000 (ref-7f15ac4-m100 vs candidate-m75)
Finished game 588 (ref-7f15ac4-m100 vs candidate-m75): 0-1 {Black wins by adjudication}
Started game 597 of 40000 (candidate-m75 vs ref-7f15ac4-m100)
Finished game 583 (candidate-m75 vs ref-7f15ac4-m100): 1/2-1/2 {Draw by 3-fold repetition}
Started game 598 of 40000 (ref-7f15ac4-m100 vs candidate-m75)
Finished game 584 (ref-7f15ac4-m100 vs candidate-m75): 0-1 {Black wins by adjudication}
Started game 599 of 40000 (candidate-m75 vs ref-7f15ac4-m100)
Finished game 593 (candidate-m75 vs ref-7f15ac4-m100): 1/2-1/2 {Draw by adjudication}
Started game 600 of 40000 (ref-7f15ac4-m100 vs candidate-m75)
Finished game 592 (ref-7f15ac4-m100 vs candidate-m75): 1-0 {White wins by adjudication}
Started game 601 of 40000 (candidate-m75 vs ref-7f15ac4-m100)
Finished game 595 (candidate-m75 vs ref-7f15ac4-m100): 0-1 {Black wins by adjudication}
Started game 602 of 40000 (ref-7f15ac4-m100 vs candidate-m75)
Finished game 594 (ref-7f15ac4-m100 vs candidate-m75): 1/2-1/2 {Draw by 3-fold repetition}
Started game 603 of 40000 (candidate-m75 vs ref-7f15ac4-m100)
Finished game 597 (candidate-m75 vs ref-7f15ac4-m100): 1/2-1/2 {Draw by 3-fold repetition}
Started game 604 of 40000 (ref-7f15ac4-m100 vs candidate-m75)
Finished game 582 (ref-7f15ac4-m100 vs candidate-m75): 1/2-1/2 {Draw by fifty moves rule}
Started game 605 of 40000 (candidate-m75 vs ref-7f15ac4-m100)
Finished game 589 (candidate-m75 vs ref-7f15ac4-m100): 0-1 {Black wins by adjudication}
Started game 606 of 40000 (ref-7f15ac4-m100 vs candidate-m75)
Finished game 598 (ref-7f15ac4-m100 vs candidate-m75): 0-1 {Black wins by adjudication}
Started game 607 of 40000 (candidate-m75 vs ref-7f15ac4-m100)
Finished game 590 (ref-7f15ac4-m100 vs candidate-m75): 1/2-1/2 {Draw by 3-fold repetition}
Started game 608 of 40000 (ref-7f15ac4-m100 vs candidate-m75)
Finished game 596 (ref-7f15ac4-m100 vs candidate-m75): 1/2-1/2 {Draw by 3-fold repetition}
Started game 609 of 40000 (candidate-m75 vs ref-7f15ac4-m100)
Finished game 601 (candidate-m75 vs ref-7f15ac4-m100): 1/2-1/2 {Draw by 3-fold repetition}
Started game 610 of 40000 (ref-7f15ac4-m100 vs candidate-m75)
Finished game 586 (ref-7f15ac4-m100 vs candidate-m75): 1/2-1/2 {Draw by fifty moves rule}
Started game 611 of 40000 (candidate-m75 vs ref-7f15ac4-m100)
Finished game 603 (candidate-m75 vs ref-7f15ac4-m100): 0-1 {Black wins by adjudication}
Started game 612 of 40000 (ref-7f15ac4-m100 vs candidate-m75)
Finished game 608 (ref-7f15ac4-m100 vs candidate-m75): 1/2-1/2 {Draw by 3-fold repetition}
Started game 613 of 40000 (candidate-m75 vs ref-7f15ac4-m100)
Finished game 600 (ref-7f15ac4-m100 vs candidate-m75): 1-0 {White wins by adjudication}
Started game 614 of 40000 (ref-7f15ac4-m100 vs candidate-m75)
Finished game 602 (ref-7f15ac4-m100 vs candidate-m75): 1-0 {White wins by adjudication}
Started game 615 of 40000 (candidate-m75 vs ref-7f15ac4-m100)
Finished game 605 (candidate-m75 vs ref-7f15ac4-m100): 1-0 {White wins by adjudication}
Started game 616 of 40000 (ref-7f15ac4-m100 vs candidate-m75)
Finished game 607 (candidate-m75 vs ref-7f15ac4-m100): 1/2-1/2 {Draw by 3-fold repetition}
Started game 617 of 40000 (candidate-m75 vs ref-7f15ac4-m100)
Finished game 606 (ref-7f15ac4-m100 vs candidate-m75): 1/2-1/2 {Draw by 3-fold repetition}
Started game 618 of 40000 (ref-7f15ac4-m100 vs candidate-m75)
Finished game 599 (candidate-m75 vs ref-7f15ac4-m100): 1/2-1/2 {Draw by insufficient mating material}
--------------------------------------------------
Results of candidate-m75 vs ref-7f15ac4-m100 (10+0.2, 1t, 16MB, 8moves_v3.pgn):
Elo: 14.34 +/- 21.88, nElo: 18.17 +/- 27.66
LOS: 90.11 %, DrawRatio: 31.35 %, PairsRatio: 1.14
Games: 606, Wins: 208, Losses: 183, Draws: 215, Points: 315.5 (52.06 %)
Ptnml(0-2): [23, 74, 95, 77, 34], WL/DD Ratio: 1.97
LLR: 0.91 (31.0%) (-2.94, 2.94) [-5.00, 5.00]
--------------------------------------------------
Started game 619 of 40000 (candidate-m75 vs ref-7f15ac4-m100)
Finished game 610 (ref-7f15ac4-m100 vs candidate-m75): 1-0 {White wins by adjudication}
Started game 620 of 40000 (ref-7f15ac4-m100 vs candidate-m75)
Finished game 604 (ref-7f15ac4-m100 vs candidate-m75): 1/2-1/2 {Draw by adjudication}
Started game 621 of 40000 (candidate-m75 vs ref-7f15ac4-m100)
Finished game 613 (candidate-m75 vs ref-7f15ac4-m100): 1-0 {White wins by adjudication}
Started game 622 of 40000 (ref-7f15ac4-m100 vs candidate-m75)
Finished game 611 (candidate-m75 vs ref-7f15ac4-m100): 0-1 {Black wins by adjudication}
Started game 623 of 40000 (candidate-m75 vs ref-7f15ac4-m100)
Finished game 614 (ref-7f15ac4-m100 vs candidate-m75): 1-0 {White wins by adjudication}
Started game 624 of 40000 (ref-7f15ac4-m100 vs candidate-m75)
Finished game 620 (ref-7f15ac4-m100 vs candidate-m75): 1/2-1/2 {Draw by 3-fold repetition}
Started game 625 of 40000 (candidate-m75 vs ref-7f15ac4-m100)
Finished game 609 (candidate-m75 vs ref-7f15ac4-m100): 1/2-1/2 {Draw by fifty moves rule}
Started game 626 of 40000 (ref-7f15ac4-m100 vs candidate-m75)
Finished game 612 (ref-7f15ac4-m100 vs candidate-m75): 1/2-1/2 {Draw by insufficient mating material}
Started game 627 of 40000 (candidate-m75 vs ref-7f15ac4-m100)
Finished game 618 (ref-7f15ac4-m100 vs candidate-m75): 0-1 {Black wins by adjudication}
Started game 628 of 40000 (ref-7f15ac4-m100 vs candidate-m75)
Finished game 617 (candidate-m75 vs ref-7f15ac4-m100): 1-0 {White wins by adjudication}
Started game 629 of 40000 (candidate-m75 vs ref-7f15ac4-m100)
Finished game 622 (ref-7f15ac4-m100 vs candidate-m75): 1-0 {White wins by adjudication}
Started game 630 of 40000 (ref-7f15ac4-m100 vs candidate-m75)
Finished game 619 (candidate-m75 vs ref-7f15ac4-m100): 0-1 {Black wins by adjudication}
--------------------------------------------------
Results of candidate-m75 vs ref-7f15ac4-m100 (10+0.2, 1t, 16MB, 8moves_v3.pgn):
Elo: 12.94 +/- 21.69, nElo: 16.38 +/- 27.39
LOS: 87.94 %, DrawRatio: 31.07 %, PairsRatio: 1.11
Games: 618, Wins: 211, Losses: 188, Draws: 219, Points: 320.5 (51.86 %)
Ptnml(0-2): [23, 78, 96, 77, 35], WL/DD Ratio: 2.00
LLR: 0.84 (28.5%) (-2.94, 2.94) [-5.00, 5.00]
--------------------------------------------------
Started game 631 of 40000 (candidate-m75 vs ref-7f15ac4-m100)
Finished game 615 (candidate-m75 vs ref-7f15ac4-m100): 1/2-1/2 {Draw by insufficient mating material}
Started game 632 of 40000 (ref-7f15ac4-m100 vs candidate-m75)
Finished game 624 (ref-7f15ac4-m100 vs candidate-m75): 0-1 {Black wins by adjudication}
Started game 633 of 40000 (candidate-m75 vs ref-7f15ac4-m100)
Finished game 621 (candidate-m75 vs ref-7f15ac4-m100): 1/2-1/2 {Draw by insufficient mating material}
Started game 634 of 40000 (ref-7f15ac4-m100 vs candidate-m75)
Finished game 632 (ref-7f15ac4-m100 vs candidate-m75): 1-0 {White wins by adjudication}
Started game 635 of 40000 (candidate-m75 vs ref-7f15ac4-m100)
Finished game 616 (ref-7f15ac4-m100 vs candidate-m75): 1/2-1/2 {Draw by fifty moves rule}
Started game 636 of 40000 (ref-7f15ac4-m100 vs candidate-m75)
Finished game 627 (candidate-m75 vs ref-7f15ac4-m100): 0-1 {Black wins by adjudication}
Started game 637 of 40000 (candidate-m75 vs ref-7f15ac4-m100)
Finished game 628 (ref-7f15ac4-m100 vs candidate-m75): 0-1 {Black wins by adjudication}
Started game 638 of 40000 (ref-7f15ac4-m100 vs candidate-m75)
Finished game 623 (candidate-m75 vs ref-7f15ac4-m100): 1/2-1/2 {Draw by 3-fold repetition}
Started game 639 of 40000 (candidate-m75 vs ref-7f15ac4-m100)
Finished game 625 (candidate-m75 vs ref-7f15ac4-m100): 0-1 {Black wins by adjudication}
Started game 640 of 40000 (ref-7f15ac4-m100 vs candidate-m75)
Finished game 631 (candidate-m75 vs ref-7f15ac4-m100): 0-1 {Black wins by adjudication}
Started game 641 of 40000 (candidate-m75 vs ref-7f15ac4-m100)
Finished game 629 (candidate-m75 vs ref-7f15ac4-m100): 1/2-1/2 {Draw by 3-fold repetition}
Started game 642 of 40000 (ref-7f15ac4-m100 vs candidate-m75)
Finished game 633 (candidate-m75 vs ref-7f15ac4-m100): 0-1 {Black wins by adjudication}
Started game 643 of 40000 (candidate-m75 vs ref-7f15ac4-m100)
Finished game 634 (ref-7f15ac4-m100 vs candidate-m75): 1/2-1/2 {Draw by 3-fold repetition}
Started game 644 of 40000 (ref-7f15ac4-m100 vs candidate-m75)
Finished game 639 (candidate-m75 vs ref-7f15ac4-m100): 1/2-1/2 {Draw by 3-fold repetition}
Started game 645 of 40000 (candidate-m75 vs ref-7f15ac4-m100)
Finished game 636 (ref-7f15ac4-m100 vs candidate-m75): 1/2-1/2 {Draw by adjudication}
Started game 646 of 40000 (ref-7f15ac4-m100 vs candidate-m75)
Finished game 630 (ref-7f15ac4-m100 vs candidate-m75): 1/2-1/2 {Draw by 3-fold repetition}
Started game 647 of 40000 (candidate-m75 vs ref-7f15ac4-m100)
Finished game 626 (ref-7f15ac4-m100 vs candidate-m75): 1/2-1/2 {Draw by fifty moves rule}
Started game 648 of 40000 (ref-7f15ac4-m100 vs candidate-m75)
Finished game 638 (ref-7f15ac4-m100 vs candidate-m75): 1-0 {White wins by adjudication}
Started game 649 of 40000 (candidate-m75 vs ref-7f15ac4-m100)
Finished game 642 (ref-7f15ac4-m100 vs candidate-m75): 0-1 {Black wins by adjudication}
Started game 650 of 40000 (ref-7f15ac4-m100 vs candidate-m75)
Finished game 640 (ref-7f15ac4-m100 vs candidate-m75): 1/2-1/2 {Draw by 3-fold repetition}
--------------------------------------------------
Results of candidate-m75 vs ref-7f15ac4-m100 (10+0.2, 1t, 16MB, 8moves_v3.pgn):
Elo: 10.38 +/- 21.29, nElo: 13.19 +/- 27.00
LOS: 83.08 %, DrawRatio: 31.45 %, PairsRatio: 1.08
Games: 636, Wins: 213, Losses: 194, Draws: 229, Points: 327.5 (51.49 %)
Ptnml(0-2): [24, 81, 100, 78, 35], WL/DD Ratio: 1.86
LLR: 0.70 (23.6%) (-2.94, 2.94) [-5.00, 5.00]
--------------------------------------------------
Started game 651 of 40000 (candidate-m75 vs ref-7f15ac4-m100)
Finished game 643 (candidate-m75 vs ref-7f15ac4-m100): 0-1 {Black wins by adjudication}
Started game 652 of 40000 (ref-7f15ac4-m100 vs candidate-m75)
Finished game 635 (candidate-m75 vs ref-7f15ac4-m100): 1-0 {White wins by adjudication}
Started game 653 of 40000 (candidate-m75 vs ref-7f15ac4-m100)
Finished game 644 (ref-7f15ac4-m100 vs candidate-m75): 1-0 {White wins by adjudication}
Started game 654 of 40000 (ref-7f15ac4-m100 vs candidate-m75)
Finished game 637 (candidate-m75 vs ref-7f15ac4-m100): 1/2-1/2 {Draw by 3-fold repetition}
Started game 655 of 40000 (candidate-m75 vs ref-7f15ac4-m100)
Finished game 645 (candidate-m75 vs ref-7f15ac4-m100): 1/2-1/2 {Draw by 3-fold repetition}
Started game 656 of 40000 (ref-7f15ac4-m100 vs candidate-m75)
Finished game 646 (ref-7f15ac4-m100 vs candidate-m75): 1/2-1/2 {Draw by 3-fold repetition}
Started game 657 of 40000 (candidate-m75 vs ref-7f15ac4-m100)
Finished game 649 (candidate-m75 vs ref-7f15ac4-m100): 1-0 {White wins by adjudication}
Started game 658 of 40000 (ref-7f15ac4-m100 vs candidate-m75)
Finished game 651 (candidate-m75 vs ref-7f15ac4-m100): 1/2-1/2 {Draw by 3-fold repetition}
Started game 659 of 40000 (candidate-m75 vs ref-7f15ac4-m100)
Finished game 653 (candidate-m75 vs ref-7f15ac4-m100): 1/2-1/2 {Draw by 3-fold repetition}
Started game 660 of 40000 (ref-7f15ac4-m100 vs candidate-m75)
Finished game 641 (candidate-m75 vs ref-7f15ac4-m100): 1/2-1/2 {Draw by fifty moves rule}
Started game 661 of 40000 (candidate-m75 vs ref-7f15ac4-m100)
Finished game 650 (ref-7f15ac4-m100 vs candidate-m75): 0-1 {Black wins by adjudication}
Started game 662 of 40000 (ref-7f15ac4-m100 vs candidate-m75)
Finished game 648 (ref-7f15ac4-m100 vs candidate-m75): 1/2-1/2 {Draw by adjudication}
Started game 663 of 40000 (candidate-m75 vs ref-7f15ac4-m100)
Finished game 647 (candidate-m75 vs ref-7f15ac4-m100): 1-0 {White wins by adjudication}
Started game 664 of 40000 (ref-7f15ac4-m100 vs candidate-m75)
Finished game 654 (ref-7f15ac4-m100 vs candidate-m75): 1-0 {White wins by adjudication}
Started game 665 of 40000 (candidate-m75 vs ref-7f15ac4-m100)
Finished game 652 (ref-7f15ac4-m100 vs candidate-m75): 1/2-1/2 {Draw by insufficient mating material}
Started game 666 of 40000 (ref-7f15ac4-m100 vs candidate-m75)
Finished game 656 (ref-7f15ac4-m100 vs candidate-m75): 1-0 {White wins by adjudication}
Started game 667 of 40000 (candidate-m75 vs ref-7f15ac4-m100)
Finished game 655 (candidate-m75 vs ref-7f15ac4-m100): 0-1 {Black wins by adjudication}
Started game 668 of 40000 (ref-7f15ac4-m100 vs candidate-m75)
Finished game 660 (ref-7f15ac4-m100 vs candidate-m75): 0-1 {Black wins by adjudication}
Started game 669 of 40000 (candidate-m75 vs ref-7f15ac4-m100)
Finished game 662 (ref-7f15ac4-m100 vs candidate-m75): 1/2-1/2 {Draw by 3-fold repetition}
Started game 670 of 40000 (ref-7f15ac4-m100 vs candidate-m75)
Finished game 658 (ref-7f15ac4-m100 vs candidate-m75): 1/2-1/2 {Draw by adjudication}
Started game 671 of 40000 (candidate-m75 vs ref-7f15ac4-m100)
Finished game 659 (candidate-m75 vs ref-7f15ac4-m100): 0-1 {Black wins by adjudication}
--------------------------------------------------
Results of candidate-m75 vs ref-7f15ac4-m100 (10+0.2, 1t, 16MB, 8moves_v3.pgn):
Elo: 9.51 +/- 21.02, nElo: 12.03 +/- 26.55
LOS: 81.27 %, DrawRatio: 31.31 %, PairsRatio: 1.07
Games: 658, Wins: 219, Losses: 201, Draws: 238, Points: 338.0 (51.37 %)
Ptnml(0-2): [26, 83, 103, 81, 36], WL/DD Ratio: 1.78
LLR: 0.66 (22.3%) (-2.94, 2.94) [-5.00, 5.00]
--------------------------------------------------
Started game 672 of 40000 (ref-7f15ac4-m100 vs candidate-m75)
Finished game 657 (candidate-m75 vs ref-7f15ac4-m100): 1/2-1/2 {Draw by insufficient mating material}
Started game 673 of 40000 (candidate-m75 vs ref-7f15ac4-m100)
Finished game 663 (candidate-m75 vs ref-7f15ac4-m100): 0-1 {Black wins by adjudication}
Started game 674 of 40000 (ref-7f15ac4-m100 vs candidate-m75)
Finished game 665 (candidate-m75 vs ref-7f15ac4-m100): 0-1 {Black wins by adjudication}
Started game 675 of 40000 (candidate-m75 vs ref-7f15ac4-m100)
Finished game 669 (candidate-m75 vs ref-7f15ac4-m100): 1/2-1/2 {Draw by 3-fold repetition}
Started game 676 of 40000 (ref-7f15ac4-m100 vs candidate-m75)
Finished game 661 (candidate-m75 vs ref-7f15ac4-m100): 1/2-1/2 {Draw by 3-fold repetition}
Started game 677 of 40000 (candidate-m75 vs ref-7f15ac4-m100)
Finished game 671 (candidate-m75 vs ref-7f15ac4-m100): 0-1 {Black wins by adjudication}
Started game 678 of 40000 (ref-7f15ac4-m100 vs candidate-m75)
Finished game 670 (ref-7f15ac4-m100 vs candidate-m75): 1-0 {White wins by adjudication}
Started game 679 of 40000 (candidate-m75 vs ref-7f15ac4-m100)
Finished game 666 (ref-7f15ac4-m100 vs candidate-m75): 0-1 {Black wins by adjudication}
Started game 680 of 40000 (ref-7f15ac4-m100 vs candidate-m75)
Finished game 667 (candidate-m75 vs ref-7f15ac4-m100): 1-0 {White wins by adjudication}
Started game 681 of 40000 (candidate-m75 vs ref-7f15ac4-m100)
Finished game 675 (candidate-m75 vs ref-7f15ac4-m100): 1/2-1/2 {Draw by 3-fold repetition}
Started game 682 of 40000 (ref-7f15ac4-m100 vs candidate-m75)
Finished game 676 (ref-7f15ac4-m100 vs candidate-m75): 1/2-1/2 {Draw by 3-fold repetition}
Started game 683 of 40000 (candidate-m75 vs ref-7f15ac4-m100)
Finished game 672 (ref-7f15ac4-m100 vs candidate-m75): 1-0 {White wins by adjudication}
Started game 684 of 40000 (ref-7f15ac4-m100 vs candidate-m75)
Finished game 679 (candidate-m75 vs ref-7f15ac4-m100): 1-0 {White wins by adjudication}
Started game 685 of 40000 (candidate-m75 vs ref-7f15ac4-m100)
Finished game 664 (ref-7f15ac4-m100 vs candidate-m75): 1/2-1/2 {Draw by insufficient mating material}
Started game 686 of 40000 (ref-7f15ac4-m100 vs candidate-m75)
Finished game 677 (candidate-m75 vs ref-7f15ac4-m100): 1-0 {White wins by adjudication}
Started game 687 of 40000 (candidate-m75 vs ref-7f15ac4-m100)
Finished game 674 (ref-7f15ac4-m100 vs candidate-m75): 0-1 {Black wins by adjudication}
Started game 688 of 40000 (ref-7f15ac4-m100 vs candidate-m75)
Finished game 673 (candidate-m75 vs ref-7f15ac4-m100): 1/2-1/2 {Draw by 3-fold repetition}
Started game 689 of 40000 (candidate-m75 vs ref-7f15ac4-m100)
Finished game 668 (ref-7f15ac4-m100 vs candidate-m75): 0-1 {Black wins by adjudication}
Started game 690 of 40000 (ref-7f15ac4-m100 vs candidate-m75)
Finished game 680 (ref-7f15ac4-m100 vs candidate-m75): 0-1 {Black wins by adjudication}
--------------------------------------------------
Results of candidate-m75 vs ref-7f15ac4-m100 (10+0.2, 1t, 16MB, 8moves_v3.pgn):
Elo: 9.74 +/- 20.77, nElo: 12.28 +/- 26.15
LOS: 82.14 %, DrawRatio: 31.56 %, PairsRatio: 1.07
Games: 678, Wins: 225, Losses: 206, Draws: 247, Points: 348.5 (51.40 %)
Ptnml(0-2): [27, 85, 107, 82, 38], WL/DD Ratio: 1.68
LLR: 0.69 (23.4%) (-2.94, 2.94) [-5.00, 5.00]
--------------------------------------------------
Started game 691 of 40000 (candidate-m75 vs ref-7f15ac4-m100)
Finished game 687 (candidate-m75 vs ref-7f15ac4-m100): 1/2-1/2 {Draw by 3-fold repetition}
Started game 692 of 40000 (ref-7f15ac4-m100 vs candidate-m75)
Finished game 682 (ref-7f15ac4-m100 vs candidate-m75): 1/2-1/2 {Draw by adjudication}
Started game 693 of 40000 (candidate-m75 vs ref-7f15ac4-m100)
Finished game 678 (ref-7f15ac4-m100 vs candidate-m75): 1-0 {White wins by adjudication}
Started game 694 of 40000 (ref-7f15ac4-m100 vs candidate-m75)
Finished game 681 (candidate-m75 vs ref-7f15ac4-m100): 1/2-1/2 {Draw by insufficient mating material}
Started game 695 of 40000 (candidate-m75 vs ref-7f15ac4-m100)
Finished game 686 (ref-7f15ac4-m100 vs candidate-m75): 1/2-1/2 {Draw by 3-fold repetition}
Started game 696 of 40000 (ref-7f15ac4-m100 vs candidate-m75)
Finished game 685 (candidate-m75 vs ref-7f15ac4-m100): 0-1 {Black wins by adjudication}
Started game 697 of 40000 (candidate-m75 vs ref-7f15ac4-m100)
Finished game 690 (ref-7f15ac4-m100 vs candidate-m75): 1-0 {White wins by adjudication}
Started game 698 of 40000 (ref-7f15ac4-m100 vs candidate-m75)
Finished game 689 (candidate-m75 vs ref-7f15ac4-m100): 0-1 {Black wins by adjudication}
Started game 699 of 40000 (candidate-m75 vs ref-7f15ac4-m100)
Finished game 683 (candidate-m75 vs ref-7f15ac4-m100): 0-1 {Black wins by adjudication}
Started game 700 of 40000 (ref-7f15ac4-m100 vs candidate-m75)
Finished game 688 (ref-7f15ac4-m100 vs candidate-m75): 1/2-1/2 {Draw by 3-fold repetition}
Started game 701 of 40000 (candidate-m75 vs ref-7f15ac4-m100)
Finished game 692 (ref-7f15ac4-m100 vs candidate-m75): 1/2-1/2 {Draw by 3-fold repetition}
Started game 702 of 40000 (ref-7f15ac4-m100 vs candidate-m75)
Finished game 684 (ref-7f15ac4-m100 vs candidate-m75): 1/2-1/2 {Draw by 3-fold repetition}
Started game 703 of 40000 (candidate-m75 vs ref-7f15ac4-m100)
Finished game 695 (candidate-m75 vs ref-7f15ac4-m100): 1-0 {White wins by adjudication}
Started game 704 of 40000 (ref-7f15ac4-m100 vs candidate-m75)
Finished game 694 (ref-7f15ac4-m100 vs candidate-m75): 1/2-1/2 {Draw by 3-fold repetition}
Started game 705 of 40000 (candidate-m75 vs ref-7f15ac4-m100)
Finished game 699 (candidate-m75 vs ref-7f15ac4-m100): 1-0 {White wins by adjudication}
Started game 706 of 40000 (ref-7f15ac4-m100 vs candidate-m75)
Finished game 691 (candidate-m75 vs ref-7f15ac4-m100): 1/2-1/2 {Draw by adjudication}
Started game 707 of 40000 (candidate-m75 vs ref-7f15ac4-m100)
Finished game 702 (ref-7f15ac4-m100 vs candidate-m75): 1-0 {White wins by adjudication}
Started game 708 of 40000 (ref-7f15ac4-m100 vs candidate-m75)
Finished game 701 (candidate-m75 vs ref-7f15ac4-m100): 1-0 {White wins by adjudication}
Started game 709 of 40000 (candidate-m75 vs ref-7f15ac4-m100)
Finished game 697 (candidate-m75 vs ref-7f15ac4-m100): 1-0 {White wins by adjudication}
Started game 710 of 40000 (ref-7f15ac4-m100 vs candidate-m75)
Finished game 696 (ref-7f15ac4-m100 vs candidate-m75): 1/2-1/2 {Draw by 3-fold repetition}
Started game 711 of 40000 (candidate-m75 vs ref-7f15ac4-m100)
Finished game 693 (candidate-m75 vs ref-7f15ac4-m100): 0-1 {Black wins by adjudication}
Started game 712 of 40000 (ref-7f15ac4-m100 vs candidate-m75)
Finished game 700 (ref-7f15ac4-m100 vs candidate-m75): 1/2-1/2 {Draw by adjudication}
--------------------------------------------------
Results of candidate-m75 vs ref-7f15ac4-m100 (10+0.2, 1t, 16MB, 8moves_v3.pgn):
Elo: 7.94 +/- 20.33, nElo: 10.07 +/- 25.74
LOS: 77.84 %, DrawRatio: 32.00 %, PairsRatio: 1.05
Games: 700, Wins: 229, Losses: 213, Draws: 258, Points: 358.0 (51.14 %)
Ptnml(0-2): [28, 88, 112, 84, 38], WL/DD Ratio: 1.60
LLR: 0.58 (19.8%) (-2.94, 2.94) [-5.00, 5.00]
--------------------------------------------------
Started game 713 of 40000 (candidate-m75 vs ref-7f15ac4-m100)
Finished game 703 (candidate-m75 vs ref-7f15ac4-m100): 0-1 {Black wins by adjudication}
Started game 714 of 40000 (ref-7f15ac4-m100 vs candidate-m75)
Finished game 698 (ref-7f15ac4-m100 vs candidate-m75): 1/2-1/2 {Draw by adjudication}
Started game 715 of 40000 (candidate-m75 vs ref-7f15ac4-m100)
Finished game 709 (candidate-m75 vs ref-7f15ac4-m100): 1/2-1/2 {Draw by 3-fold repetition}
Started game 716 of 40000 (ref-7f15ac4-m100 vs candidate-m75)
Finished game 704 (ref-7f15ac4-m100 vs candidate-m75): 0-1 {Black wins by adjudication}
Started game 717 of 40000 (candidate-m75 vs ref-7f15ac4-m100)
Finished game 705 (candidate-m75 vs ref-7f15ac4-m100): 0-1 {Black wins by adjudication}
Started game 718 of 40000 (ref-7f15ac4-m100 vs candidate-m75)
Finished game 714 (ref-7f15ac4-m100 vs candidate-m75): 1-0 {White wins by adjudication}
Started game 719 of 40000 (candidate-m75 vs ref-7f15ac4-m100)
Finished game 710 (ref-7f15ac4-m100 vs candidate-m75): 0-1 {Black wins by adjudication}
Started game 720 of 40000 (ref-7f15ac4-m100 vs candidate-m75)
Finished game 712 (ref-7f15ac4-m100 vs candidate-m75): 1/2-1/2 {Draw by 3-fold repetition}
Started game 721 of 40000 (candidate-m75 vs ref-7f15ac4-m100)
Finished game 706 (ref-7f15ac4-m100 vs candidate-m75): 1/2-1/2 {Draw by insufficient mating material}
Started game 722 of 40000 (ref-7f15ac4-m100 vs candidate-m75)
Finished game 707 (candidate-m75 vs ref-7f15ac4-m100): 1/2-1/2 {Draw by adjudication}
Started game 723 of 40000 (candidate-m75 vs ref-7f15ac4-m100)
Finished game 708 (ref-7f15ac4-m100 vs candidate-m75): 1/2-1/2 {Draw by insufficient mating material}
Started game 724 of 40000 (ref-7f15ac4-m100 vs candidate-m75)
Finished game 711 (candidate-m75 vs ref-7f15ac4-m100): 1-0 {White wins by adjudication}
Started game 725 of 40000 (candidate-m75 vs ref-7f15ac4-m100)
Finished game 717 (candidate-m75 vs ref-7f15ac4-m100): 1-0 {White wins by adjudication}
Started game 726 of 40000 (ref-7f15ac4-m100 vs candidate-m75)
Finished game 718 (ref-7f15ac4-m100 vs candidate-m75): 0-1 {Black wins by adjudication}
Started game 727 of 40000 (candidate-m75 vs ref-7f15ac4-m100)
Finished game 713 (candidate-m75 vs ref-7f15ac4-m100): 1/2-1/2 {Draw by adjudication}
Started game 728 of 40000 (ref-7f15ac4-m100 vs candidate-m75)
Finished game 719 (candidate-m75 vs ref-7f15ac4-m100): 0-1 {Black wins by adjudication}
Started game 729 of 40000 (candidate-m75 vs ref-7f15ac4-m100)
Finished game 715 (candidate-m75 vs ref-7f15ac4-m100): 1-0 {White wins by adjudication}
Started game 730 of 40000 (ref-7f15ac4-m100 vs candidate-m75)
Finished game 721 (candidate-m75 vs ref-7f15ac4-m100): 0-1 {Black wins by adjudication}
Started game 731 of 40000 (candidate-m75 vs ref-7f15ac4-m100)
Finished game 724 (ref-7f15ac4-m100 vs candidate-m75): 1-0 {White wins by adjudication}
Started game 732 of 40000 (ref-7f15ac4-m100 vs candidate-m75)
Finished game 722 (ref-7f15ac4-m100 vs candidate-m75): 1-0 {White wins by adjudication}
Started game 733 of 40000 (candidate-m75 vs ref-7f15ac4-m100)
Finished game 725 (candidate-m75 vs ref-7f15ac4-m100): 1/2-1/2 {Draw by 3-fold repetition}
Started game 734 of 40000 (ref-7f15ac4-m100 vs candidate-m75)
Finished game 716 (ref-7f15ac4-m100 vs candidate-m75): 1/2-1/2 {Draw by insufficient mating material}
Started game 735 of 40000 (candidate-m75 vs ref-7f15ac4-m100)
Finished game 720 (ref-7f15ac4-m100 vs candidate-m75): 0-1 {Black wins by adjudication}
--------------------------------------------------
Results of candidate-m75 vs ref-7f15ac4-m100 (10+0.2, 1t, 16MB, 8moves_v3.pgn):
Elo: 8.66 +/- 20.02, nElo: 10.98 +/- 25.34
LOS: 80.22 %, DrawRatio: 31.86 %, PairsRatio: 1.07
Games: 722, Wins: 237, Losses: 219, Draws: 266, Points: 370.0 (51.25 %)
Ptnml(0-2): [29, 90, 115, 88, 39], WL/DD Ratio: 1.61
LLR: 0.66 (22.3%) (-2.94, 2.94) [-5.00, 5.00]
--------------------------------------------------
Started game 736 of 40000 (ref-7f15ac4-m100 vs candidate-m75)
Finished game 726 (ref-7f15ac4-m100 vs candidate-m75): 1/2-1/2 {Draw by adjudication}
Started game 737 of 40000 (candidate-m75 vs ref-7f15ac4-m100)
Finished game 723 (candidate-m75 vs ref-7f15ac4-m100): 0-1 {Black wins by adjudication}
Started game 738 of 40000 (ref-7f15ac4-m100 vs candidate-m75)
Finished game 731 (candidate-m75 vs ref-7f15ac4-m100): 1/2-1/2 {Draw by 3-fold repetition}
Started game 739 of 40000 (candidate-m75 vs ref-7f15ac4-m100)
Finished game 727 (candidate-m75 vs ref-7f15ac4-m100): 1-0 {White wins by adjudication}
Started game 740 of 40000 (ref-7f15ac4-m100 vs candidate-m75)
Finished game 730 (ref-7f15ac4-m100 vs candidate-m75): 1-0 {White wins by adjudication}
Started game 741 of 40000 (candidate-m75 vs ref-7f15ac4-m100)
Finished game 729 (candidate-m75 vs ref-7f15ac4-m100): 1-0 {White wins by adjudication}
Started game 742 of 40000 (ref-7f15ac4-m100 vs candidate-m75)
Finished game 728 (ref-7f15ac4-m100 vs candidate-m75): 1-0 {White wins by adjudication}
Started game 743 of 40000 (candidate-m75 vs ref-7f15ac4-m100)
Finished game 735 (candidate-m75 vs ref-7f15ac4-m100): 1/2-1/2 {Draw by 3-fold repetition}
Started game 744 of 40000 (ref-7f15ac4-m100 vs candidate-m75)
Finished game 732 (ref-7f15ac4-m100 vs candidate-m75): 1-0 {White wins by adjudication}
Started game 745 of 40000 (candidate-m75 vs ref-7f15ac4-m100)
Finished game 733 (candidate-m75 vs ref-7f15ac4-m100): 1-0 {White wins by adjudication}
Started game 746 of 40000 (ref-7f15ac4-m100 vs candidate-m75)
Finished game 734 (ref-7f15ac4-m100 vs candidate-m75): 0-1 {Black wins by adjudication}
Started game 747 of 40000 (candidate-m75 vs ref-7f15ac4-m100)
Finished game 742 (ref-7f15ac4-m100 vs candidate-m75): 0-1 {Black wins by adjudication}
Started game 748 of 40000 (ref-7f15ac4-m100 vs candidate-m75)
Finished game 740 (ref-7f15ac4-m100 vs candidate-m75): 0-1 {Black wins by adjudication}
Started game 749 of 40000 (candidate-m75 vs ref-7f15ac4-m100)
Finished game 744 (ref-7f15ac4-m100 vs candidate-m75): 1/2-1/2 {Draw by 3-fold repetition}
Started game 750 of 40000 (ref-7f15ac4-m100 vs candidate-m75)
Finished game 743 (candidate-m75 vs ref-7f15ac4-m100): 1/2-1/2 {Draw by 3-fold repetition}
Started game 751 of 40000 (candidate-m75 vs ref-7f15ac4-m100)
Finished game 739 (candidate-m75 vs ref-7f15ac4-m100): 1/2-1/2 {Draw by 3-fold repetition}
--------------------------------------------------
Results of candidate-m75 vs ref-7f15ac4-m100 (10+0.2, 1t, 16MB, 8moves_v3.pgn):
Elo: 8.48 +/- 19.80, nElo: 10.74 +/- 25.07
LOS: 79.96 %, DrawRatio: 32.25 %, PairsRatio: 1.07
Games: 738, Wins: 242, Losses: 224, Draws: 272, Points: 378.0 (51.22 %)
Ptnml(0-2): [30, 91, 119, 89, 40], WL/DD Ratio: 1.59
LLR: 0.66 (22.3%) (-2.94, 2.94) [-5.00, 5.00]
--------------------------------------------------
Started game 752 of 40000 (ref-7f15ac4-m100 vs candidate-m75)
Finished game 736 (ref-7f15ac4-m100 vs candidate-m75): 1/2-1/2 {Draw by 3-fold repetition}
Started game 753 of 40000 (candidate-m75 vs ref-7f15ac4-m100)
Finished game 738 (ref-7f15ac4-m100 vs candidate-m75): 0-1 {Black wins by adjudication}
Started game 754 of 40000 (ref-7f15ac4-m100 vs candidate-m75)
Finished game 745 (candidate-m75 vs ref-7f15ac4-m100): 1/2-1/2 {Draw by 3-fold repetition}
Started game 755 of 40000 (candidate-m75 vs ref-7f15ac4-m100)
Finished game 741 (candidate-m75 vs ref-7f15ac4-m100): 0-1 {Black wins by adjudication}
Started game 756 of 40000 (ref-7f15ac4-m100 vs candidate-m75)
Finished game 737 (candidate-m75 vs ref-7f15ac4-m100): 1/2-1/2 {Draw by insufficient mating material}
Started game 757 of 40000 (candidate-m75 vs ref-7f15ac4-m100)
Finished game 749 (candidate-m75 vs ref-7f15ac4-m100): 1-0 {White wins by adjudication}
Started game 758 of 40000 (ref-7f15ac4-m100 vs candidate-m75)
Finished game 755 (candidate-m75 vs ref-7f15ac4-m100): 1-0 {White wins by adjudication}
Started game 759 of 40000 (candidate-m75 vs ref-7f15ac4-m100)
Finished game 748 (ref-7f15ac4-m100 vs candidate-m75): 1/2-1/2 {Draw by 3-fold repetition}
Started game 760 of 40000 (ref-7f15ac4-m100 vs candidate-m75)
Finished game 746 (ref-7f15ac4-m100 vs candidate-m75): 1/2-1/2 {Draw by adjudication}
Started game 761 of 40000 (candidate-m75 vs ref-7f15ac4-m100)
Finished game 753 (candidate-m75 vs ref-7f15ac4-m100): 1-0 {White wins by adjudication}
Started game 762 of 40000 (ref-7f15ac4-m100 vs candidate-m75)
Finished game 757 (candidate-m75 vs ref-7f15ac4-m100): 1/2-1/2 {Draw by 3-fold repetition}
Started game 763 of 40000 (candidate-m75 vs ref-7f15ac4-m100)
Finished game 752 (ref-7f15ac4-m100 vs candidate-m75): 0-1 {Black wins by adjudication}
Started game 764 of 40000 (ref-7f15ac4-m100 vs candidate-m75)
Finished game 750 (ref-7f15ac4-m100 vs candidate-m75): 1/2-1/2 {Draw by insufficient mating material}
Started game 765 of 40000 (candidate-m75 vs ref-7f15ac4-m100)
Finished game 758 (ref-7f15ac4-m100 vs candidate-m75): 1-0 {White wins by adjudication}
Started game 766 of 40000 (ref-7f15ac4-m100 vs candidate-m75)
Finished game 754 (ref-7f15ac4-m100 vs candidate-m75): 0-1 {Black wins by adjudication}
Started game 767 of 40000 (candidate-m75 vs ref-7f15ac4-m100)
Finished game 747 (candidate-m75 vs ref-7f15ac4-m100): 1/2-1/2 {Draw by 3-fold repetition}
Started game 768 of 40000 (ref-7f15ac4-m100 vs candidate-m75)
Finished game 751 (candidate-m75 vs ref-7f15ac4-m100): 1/2-1/2 {Draw by 3-fold repetition}
Started game 769 of 40000 (candidate-m75 vs ref-7f15ac4-m100)
Finished game 760 (ref-7f15ac4-m100 vs candidate-m75): 0-1 {Black wins by adjudication}
Started game 770 of 40000 (ref-7f15ac4-m100 vs candidate-m75)
Finished game 756 (ref-7f15ac4-m100 vs candidate-m75): 1/2-1/2 {Draw by insufficient mating material}
Started game 771 of 40000 (candidate-m75 vs ref-7f15ac4-m100)
Finished game 761 (candidate-m75 vs ref-7f15ac4-m100): 0-1 {Black wins by adjudication}
Started game 772 of 40000 (ref-7f15ac4-m100 vs candidate-m75)
Finished game 759 (candidate-m75 vs ref-7f15ac4-m100): 1/2-1/2 {Draw by adjudication}
--------------------------------------------------
Results of candidate-m75 vs ref-7f15ac4-m100 (10+0.2, 1t, 16MB, 8moves_v3.pgn):
Elo: 10.98 +/- 19.43, nElo: 13.97 +/- 24.70
LOS: 86.62 %, DrawRatio: 32.37 %, PairsRatio: 1.11
Games: 760, Wins: 250, Losses: 226, Draws: 284, Points: 392.0 (51.58 %)
Ptnml(0-2): [30, 92, 123, 94, 41], WL/DD Ratio: 1.51
LLR: 0.88 (29.9%) (-2.94, 2.94) [-5.00, 5.00]
--------------------------------------------------
Started game 773 of 40000 (candidate-m75 vs ref-7f15ac4-m100)
Finished game 763 (candidate-m75 vs ref-7f15ac4-m100): 1-0 {White wins by adjudication}
Started game 774 of 40000 (ref-7f15ac4-m100 vs candidate-m75)
Finished game 764 (ref-7f15ac4-m100 vs candidate-m75): 0-1 {Black wins by adjudication}
Started game 775 of 40000 (candidate-m75 vs ref-7f15ac4-m100)
Finished game 767 (candidate-m75 vs ref-7f15ac4-m100): 0-1 {Black wins by adjudication}
Started game 776 of 40000 (ref-7f15ac4-m100 vs candidate-m75)
Finished game 762 (ref-7f15ac4-m100 vs candidate-m75): 1-0 {White wins by adjudication}
Started game 777 of 40000 (candidate-m75 vs ref-7f15ac4-m100)
Finished game 770 (ref-7f15ac4-m100 vs candidate-m75): 0-1 {Black wins by adjudication}
Started game 778 of 40000 (ref-7f15ac4-m100 vs candidate-m75)
Finished game 766 (ref-7f15ac4-m100 vs candidate-m75): 0-1 {Black wins by adjudication}
Started game 779 of 40000 (candidate-m75 vs ref-7f15ac4-m100)
Finished game 765 (candidate-m75 vs ref-7f15ac4-m100): 0-1 {Black wins by adjudication}
Started game 780 of 40000 (ref-7f15ac4-m100 vs candidate-m75)
Finished game 768 (ref-7f15ac4-m100 vs candidate-m75): 1/2-1/2 {Draw by 3-fold repetition}
Started game 781 of 40000 (candidate-m75 vs ref-7f15ac4-m100)
Finished game 769 (candidate-m75 vs ref-7f15ac4-m100): 1-0 {White wins by adjudication}
Started game 782 of 40000 (ref-7f15ac4-m100 vs candidate-m75)
Finished game 771 (candidate-m75 vs ref-7f15ac4-m100): 1/2-1/2 {Draw by 3-fold repetition}
Started game 783 of 40000 (candidate-m75 vs ref-7f15ac4-m100)
Finished game 776 (ref-7f15ac4-m100 vs candidate-m75): 0-1 {Black wins by adjudication}
Started game 784 of 40000 (ref-7f15ac4-m100 vs candidate-m75)
Finished game 772 (ref-7f15ac4-m100 vs candidate-m75): 1-0 {White wins by adjudication}
Started game 785 of 40000 (candidate-m75 vs ref-7f15ac4-m100)
Finished game 778 (ref-7f15ac4-m100 vs candidate-m75): 0-1 {Black wins by adjudication}
Started game 786 of 40000 (ref-7f15ac4-m100 vs candidate-m75)
Finished game 777 (candidate-m75 vs ref-7f15ac4-m100): 0-1 {Black wins by adjudication}
Started game 787 of 40000 (candidate-m75 vs ref-7f15ac4-m100)
Finished game 773 (candidate-m75 vs ref-7f15ac4-m100): 1-0 {White wins by adjudication}
Started game 788 of 40000 (ref-7f15ac4-m100 vs candidate-m75)
Finished game 781 (candidate-m75 vs ref-7f15ac4-m100): 0-1 {Black wins by adjudication}
Started game 789 of 40000 (candidate-m75 vs ref-7f15ac4-m100)
Finished game 779 (candidate-m75 vs ref-7f15ac4-m100): 0-1 {Black wins by adjudication}
Started game 790 of 40000 (ref-7f15ac4-m100 vs candidate-m75)
Finished game 788 (ref-7f15ac4-m100 vs candidate-m75): 1/2-1/2 {Draw by 3-fold repetition}
Started game 791 of 40000 (candidate-m75 vs ref-7f15ac4-m100)
Finished game 782 (ref-7f15ac4-m100 vs candidate-m75): 0-1 {Black wins by adjudication}
Started game 792 of 40000 (ref-7f15ac4-m100 vs candidate-m75)
Finished game 784 (ref-7f15ac4-m100 vs candidate-m75): 0-1 {Black wins by adjudication}
Started game 793 of 40000 (candidate-m75 vs ref-7f15ac4-m100)
Finished game 775 (candidate-m75 vs ref-7f15ac4-m100): 1/2-1/2 {Draw by insufficient mating material}
Started game 794 of 40000 (ref-7f15ac4-m100 vs candidate-m75)
Finished game 780 (ref-7f15ac4-m100 vs candidate-m75): 1/2-1/2 {Draw by insufficient mating material}
--------------------------------------------------
Results of candidate-m75 vs ref-7f15ac4-m100 (10+0.2, 1t, 16MB, 8moves_v3.pgn):
Elo: 10.69 +/- 19.25, nElo: 13.56 +/- 24.38
LOS: 86.22 %, DrawRatio: 32.31 %, PairsRatio: 1.10
Games: 780, Wins: 258, Losses: 234, Draws: 288, Points: 402.0 (51.54 %)
Ptnml(0-2): [31, 95, 126, 95, 43], WL/DD Ratio: 1.57
LLR: 0.88 (29.8%) (-2.94, 2.94) [-5.00, 5.00]
--------------------------------------------------
Started game 795 of 40000 (candidate-m75 vs ref-7f15ac4-m100)
Finished game 785 (candidate-m75 vs ref-7f15ac4-m100): 0-1 {Black wins by adjudication}
Started game 796 of 40000 (ref-7f15ac4-m100 vs candidate-m75)
Finished game 783 (candidate-m75 vs ref-7f15ac4-m100): 0-1 {Black wins by adjudication}
Started game 797 of 40000 (candidate-m75 vs ref-7f15ac4-m100)
Finished game 774 (ref-7f15ac4-m100 vs candidate-m75): 1/2-1/2 {Draw by adjudication}
Started game 798 of 40000 (ref-7f15ac4-m100 vs candidate-m75)
Finished game 787 (candidate-m75 vs ref-7f15ac4-m100): 1-0 {White wins by adjudication}
Started game 799 of 40000 (candidate-m75 vs ref-7f15ac4-m100)
Finished game 792 (ref-7f15ac4-m100 vs candidate-m75): 1-0 {White wins by adjudication}
Started game 800 of 40000 (ref-7f15ac4-m100 vs candidate-m75)
Finished game 790 (ref-7f15ac4-m100 vs candidate-m75): 0-1 {Black wins by adjudication}
Started game 801 of 40000 (candidate-m75 vs ref-7f15ac4-m100)
Finished game 794 (ref-7f15ac4-m100 vs candidate-m75): 1-0 {White wins by adjudication}
Started game 802 of 40000 (ref-7f15ac4-m100 vs candidate-m75)
Finished game 786 (ref-7f15ac4-m100 vs candidate-m75): 0-1 {Black wins by adjudication}
Started game 803 of 40000 (candidate-m75 vs ref-7f15ac4-m100)
Finished game 793 (candidate-m75 vs ref-7f15ac4-m100): 1/2-1/2 {Draw by 3-fold repetition}
Started game 804 of 40000 (ref-7f15ac4-m100 vs candidate-m75)
Finished game 791 (candidate-m75 vs ref-7f15ac4-m100): 1/2-1/2 {Draw by 3-fold repetition}
Started game 805 of 40000 (candidate-m75 vs ref-7f15ac4-m100)
Finished game 797 (candidate-m75 vs ref-7f15ac4-m100): 0-1 {Black wins by adjudication}
Started game 806 of 40000 (ref-7f15ac4-m100 vs candidate-m75)
Finished game 798 (ref-7f15ac4-m100 vs candidate-m75): 1/2-1/2 {Draw by 3-fold repetition}
Started game 807 of 40000 (candidate-m75 vs ref-7f15ac4-m100)
Finished game 796 (ref-7f15ac4-m100 vs candidate-m75): 1-0 {White wins by adjudication}
Started game 808 of 40000 (ref-7f15ac4-m100 vs candidate-m75)
Finished game 801 (candidate-m75 vs ref-7f15ac4-m100): 1/2-1/2 {Draw by 3-fold repetition}
Started game 809 of 40000 (candidate-m75 vs ref-7f15ac4-m100)
Finished game 795 (candidate-m75 vs ref-7f15ac4-m100): 1-0 {White wins by adjudication}
Started game 810 of 40000 (ref-7f15ac4-m100 vs candidate-m75)
Finished game 800 (ref-7f15ac4-m100 vs candidate-m75): 1-0 {White wins by adjudication}
Started game 811 of 40000 (candidate-m75 vs ref-7f15ac4-m100)
Finished game 799 (candidate-m75 vs ref-7f15ac4-m100): 0-1 {Black wins by adjudication}
--------------------------------------------------
Results of candidate-m75 vs ref-7f15ac4-m100 (10+0.2, 1t, 16MB, 8moves_v3.pgn):
Elo: 9.15 +/- 19.00, nElo: 11.62 +/- 24.11
LOS: 82.77 %, DrawRatio: 32.33 %, PairsRatio: 1.08
Games: 798, Wins: 263, Losses: 242, Draws: 293, Points: 409.5 (51.32 %)
Ptnml(0-2): [32, 98, 129, 97, 43], WL/DD Ratio: 1.63
LLR: 0.77 (26.1%) (-2.94, 2.94) [-5.00, 5.00]
--------------------------------------------------
Started game 812 of 40000 (ref-7f15ac4-m100 vs candidate-m75)
Finished game 805 (candidate-m75 vs ref-7f15ac4-m100): 1/2-1/2 {Draw by 3-fold repetition}
Started game 813 of 40000 (candidate-m75 vs ref-7f15ac4-m100)
Finished game 802 (ref-7f15ac4-m100 vs candidate-m75): 0-1 {Black wins by adjudication}
Started game 814 of 40000 (ref-7f15ac4-m100 vs candidate-m75)
Finished game 789 (candidate-m75 vs ref-7f15ac4-m100): 1/2-1/2 {Draw by fifty moves rule}
Started game 815 of 40000 (candidate-m75 vs ref-7f15ac4-m100)
Finished game 807 (candidate-m75 vs ref-7f15ac4-m100): 0-1 {Black wins by adjudication}
Started game 816 of 40000 (ref-7f15ac4-m100 vs candidate-m75)
Finished game 804 (ref-7f15ac4-m100 vs candidate-m75): 1-0 {White wins by adjudication}
Started game 817 of 40000 (candidate-m75 vs ref-7f15ac4-m100)
Finished game 808 (ref-7f15ac4-m100 vs candidate-m75): 1-0 {White wins by adjudication}
Started game 818 of 40000 (ref-7f15ac4-m100 vs candidate-m75)
Finished game 803 (candidate-m75 vs ref-7f15ac4-m100): 1-0 {White wins by adjudication}
Started game 819 of 40000 (candidate-m75 vs ref-7f15ac4-m100)
Finished game 806 (ref-7f15ac4-m100 vs candidate-m75): 0-1 {Black wins by adjudication}
Started game 820 of 40000 (ref-7f15ac4-m100 vs candidate-m75)
Finished game 815 (candidate-m75 vs ref-7f15ac4-m100): 1-0 {White wins by adjudication}
Started game 821 of 40000 (candidate-m75 vs ref-7f15ac4-m100)
Finished game 812 (ref-7f15ac4-m100 vs candidate-m75): 1-0 {White wins by adjudication}
Started game 822 of 40000 (ref-7f15ac4-m100 vs candidate-m75)
Finished game 809 (candidate-m75 vs ref-7f15ac4-m100): 1/2-1/2 {Draw by insufficient mating material}
Started game 823 of 40000 (candidate-m75 vs ref-7f15ac4-m100)
Finished game 813 (candidate-m75 vs ref-7f15ac4-m100): 0-1 {Black wins by adjudication}
Started game 824 of 40000 (ref-7f15ac4-m100 vs candidate-m75)
Finished game 810 (ref-7f15ac4-m100 vs candidate-m75): 1/2-1/2 {Draw by adjudication}
Started game 825 of 40000 (candidate-m75 vs ref-7f15ac4-m100)
Finished game 817 (candidate-m75 vs ref-7f15ac4-m100): 1/2-1/2 {Draw by 3-fold repetition}
Started game 826 of 40000 (ref-7f15ac4-m100 vs candidate-m75)
Finished game 820 (ref-7f15ac4-m100 vs candidate-m75): 1-0 {White wins by adjudication}
Started game 827 of 40000 (candidate-m75 vs ref-7f15ac4-m100)
Finished game 819 (candidate-m75 vs ref-7f15ac4-m100): 1/2-1/2 {Draw by 3-fold repetition}
--------------------------------------------------
Results of candidate-m75 vs ref-7f15ac4-m100 (10+0.2, 1t, 16MB, 8moves_v3.pgn):
Elo: 8.99 +/- 18.82, nElo: 11.43 +/- 23.90
LOS: 82.57 %, DrawRatio: 32.27 %, PairsRatio: 1.08
Games: 812, Wins: 267, Losses: 246, Draws: 299, Points: 416.5 (51.29 %)
Ptnml(0-2): [33, 99, 131, 100, 43], WL/DD Ratio: 1.62
LLR: 0.77 (26.1%) (-2.94, 2.94) [-5.00, 5.00]
--------------------------------------------------
Started game 828 of 40000 (ref-7f15ac4-m100 vs candidate-m75)
Finished game 818 (ref-7f15ac4-m100 vs candidate-m75): 0-1 {Black wins by adjudication}
Started game 829 of 40000 (candidate-m75 vs ref-7f15ac4-m100)
Finished game 811 (candidate-m75 vs ref-7f15ac4-m100): 1/2-1/2 {Draw by 3-fold repetition}
Started game 830 of 40000 (ref-7f15ac4-m100 vs candidate-m75)
Finished game 821 (candidate-m75 vs ref-7f15ac4-m100): 1-0 {White wins by adjudication}
Started game 831 of 40000 (candidate-m75 vs ref-7f15ac4-m100)
Finished game 822 (ref-7f15ac4-m100 vs candidate-m75): 0-1 {Black wins by adjudication}
Started game 832 of 40000 (ref-7f15ac4-m100 vs candidate-m75)
Finished game 816 (ref-7f15ac4-m100 vs candidate-m75): 1/2-1/2 {Draw by 3-fold repetition}
Started game 833 of 40000 (candidate-m75 vs ref-7f15ac4-m100)
Finished game 823 (candidate-m75 vs ref-7f15ac4-m100): 0-1 {Black wins by adjudication}
Started game 834 of 40000 (ref-7f15ac4-m100 vs candidate-m75)
Finished game 814 (ref-7f15ac4-m100 vs candidate-m75): 1/2-1/2 {Draw by fifty moves rule}
Started game 835 of 40000 (candidate-m75 vs ref-7f15ac4-m100)
Finished game 825 (candidate-m75 vs ref-7f15ac4-m100): 0-1 {Black wins by adjudication}
Started game 836 of 40000 (ref-7f15ac4-m100 vs candidate-m75)
Finished game 827 (candidate-m75 vs ref-7f15ac4-m100): 1-0 {White wins by adjudication}
Started game 837 of 40000 (candidate-m75 vs ref-7f15ac4-m100)
Finished game 831 (candidate-m75 vs ref-7f15ac4-m100): 1-0 {White wins by adjudication}
Started game 838 of 40000 (ref-7f15ac4-m100 vs candidate-m75)
Finished game 829 (candidate-m75 vs ref-7f15ac4-m100): 1/2-1/2 {Draw by 3-fold repetition}
Started game 839 of 40000 (candidate-m75 vs ref-7f15ac4-m100)
Finished game 824 (ref-7f15ac4-m100 vs candidate-m75): 1/2-1/2 {Draw by 3-fold repetition}
Started game 840 of 40000 (ref-7f15ac4-m100 vs candidate-m75)
Finished game 835 (candidate-m75 vs ref-7f15ac4-m100): 1-0 {White wins by adjudication}
Started game 841 of 40000 (candidate-m75 vs ref-7f15ac4-m100)
Finished game 833 (candidate-m75 vs ref-7f15ac4-m100): 1-0 {White wins by adjudication}
Started game 842 of 40000 (ref-7f15ac4-m100 vs candidate-m75)
Finished game 828 (ref-7f15ac4-m100 vs candidate-m75): 1/2-1/2 {Draw by insufficient mating material}
Started game 843 of 40000 (candidate-m75 vs ref-7f15ac4-m100)
Finished game 826 (ref-7f15ac4-m100 vs candidate-m75): 1-0 {White wins by adjudication}
Started game 844 of 40000 (ref-7f15ac4-m100 vs candidate-m75)
Finished game 832 (ref-7f15ac4-m100 vs candidate-m75): 1-0 {White wins by adjudication}
Started game 845 of 40000 (candidate-m75 vs ref-7f15ac4-m100)
Finished game 830 (ref-7f15ac4-m100 vs candidate-m75): 1/2-1/2 {Draw by 3-fold repetition}
Started game 846 of 40000 (ref-7f15ac4-m100 vs candidate-m75)
Finished game 837 (candidate-m75 vs ref-7f15ac4-m100): 0-1 {Black wins by adjudication}
Started game 847 of 40000 (candidate-m75 vs ref-7f15ac4-m100)
Finished game 843 (candidate-m75 vs ref-7f15ac4-m100): 1-0 {White wins by adjudication}
Started game 848 of 40000 (ref-7f15ac4-m100 vs candidate-m75)
Finished game 840 (ref-7f15ac4-m100 vs candidate-m75): 1/2-1/2 {Draw by 3-fold repetition}
Started game 849 of 40000 (candidate-m75 vs ref-7f15ac4-m100)
Finished game 836 (ref-7f15ac4-m100 vs candidate-m75): 0-1 {Black wins by adjudication}
Started game 850 of 40000 (ref-7f15ac4-m100 vs candidate-m75)
Finished game 839 (candidate-m75 vs ref-7f15ac4-m100): 0-1 {Black wins by adjudication}
--------------------------------------------------
Results of candidate-m75 vs ref-7f15ac4-m100 (10+0.2, 1t, 16MB, 8moves_v3.pgn):
Elo: 9.15 +/- 18.62, nElo: 11.58 +/- 23.55
LOS: 83.25 %, DrawRatio: 31.82 %, PairsRatio: 1.08
Games: 836, Wins: 275, Losses: 253, Draws: 308, Points: 429.0 (51.32 %)
Ptnml(0-2): [34, 103, 133, 103, 45], WL/DD Ratio: 1.61
LLR: 0.80 (27.2%) (-2.94, 2.94) [-5.00, 5.00]
--------------------------------------------------
Started game 851 of 40000 (candidate-m75 vs ref-7f15ac4-m100)
Finished game 845 (candidate-m75 vs ref-7f15ac4-m100): 1-0 {White wins by adjudication}
Started game 852 of 40000 (ref-7f15ac4-m100 vs candidate-m75)
Finished game 838 (ref-7f15ac4-m100 vs candidate-m75): 1/2-1/2 {Draw by insufficient mating material}
Started game 853 of 40000 (candidate-m75 vs ref-7f15ac4-m100)
Finished game 834 (ref-7f15ac4-m100 vs candidate-m75): 1-0 {White wins by adjudication}
Started game 854 of 40000 (ref-7f15ac4-m100 vs candidate-m75)
Finished game 841 (candidate-m75 vs ref-7f15ac4-m100): 1-0 {White wins by adjudication}
Started game 855 of 40000 (candidate-m75 vs ref-7f15ac4-m100)
Finished game 842 (ref-7f15ac4-m100 vs candidate-m75): 1-0 {White wins by adjudication}
Started game 856 of 40000 (ref-7f15ac4-m100 vs candidate-m75)
Finished game 844 (ref-7f15ac4-m100 vs candidate-m75): 1/2-1/2 {Draw by 3-fold repetition}
Started game 857 of 40000 (candidate-m75 vs ref-7f15ac4-m100)
Finished game 853 (candidate-m75 vs ref-7f15ac4-m100): 1-0 {White wins by adjudication}
Started game 858 of 40000 (ref-7f15ac4-m100 vs candidate-m75)
Finished game 848 (ref-7f15ac4-m100 vs candidate-m75): 1/2-1/2 {Draw by 3-fold repetition}
Started game 859 of 40000 (candidate-m75 vs ref-7f15ac4-m100)
Finished game 846 (ref-7f15ac4-m100 vs candidate-m75): 1/2-1/2 {Draw by fifty moves rule}
Started game 860 of 40000 (ref-7f15ac4-m100 vs candidate-m75)
Finished game 856 (ref-7f15ac4-m100 vs candidate-m75): 0-1 {Black wins by adjudication}
Started game 861 of 40000 (candidate-m75 vs ref-7f15ac4-m100)
Finished game 850 (ref-7f15ac4-m100 vs candidate-m75): 1/2-1/2 {Draw by 3-fold repetition}
Started game 862 of 40000 (ref-7f15ac4-m100 vs candidate-m75)
Finished game 851 (candidate-m75 vs ref-7f15ac4-m100): 0-1 {Black wins by adjudication}
Started game 863 of 40000 (candidate-m75 vs ref-7f15ac4-m100)
Finished game 847 (candidate-m75 vs ref-7f15ac4-m100): 1/2-1/2 {Draw by 3-fold repetition}
Started game 864 of 40000 (ref-7f15ac4-m100 vs candidate-m75)
Finished game 849 (candidate-m75 vs ref-7f15ac4-m100): 1-0 {White wins by adjudication}
Started game 865 of 40000 (candidate-m75 vs ref-7f15ac4-m100)
Finished game 855 (candidate-m75 vs ref-7f15ac4-m100): 0-1 {Black wins by adjudication}
Started game 866 of 40000 (ref-7f15ac4-m100 vs candidate-m75)
Finished game 852 (ref-7f15ac4-m100 vs candidate-m75): 0-1 {Black wins by adjudication}
Started game 867 of 40000 (candidate-m75 vs ref-7f15ac4-m100)
Finished game 857 (candidate-m75 vs ref-7f15ac4-m100): 1-0 {White wins by adjudication}
Started game 868 of 40000 (ref-7f15ac4-m100 vs candidate-m75)
Finished game 866 (ref-7f15ac4-m100 vs candidate-m75): 0-1 {Black wins by adjudication}
Started game 869 of 40000 (candidate-m75 vs ref-7f15ac4-m100)
Finished game 861 (candidate-m75 vs ref-7f15ac4-m100): 1/2-1/2 {Draw by 3-fold repetition}
Started game 870 of 40000 (ref-7f15ac4-m100 vs candidate-m75)
Finished game 862 (ref-7f15ac4-m100 vs candidate-m75): 0-1 {Black wins by adjudication}
Started game 871 of 40000 (candidate-m75 vs ref-7f15ac4-m100)
Finished game 854 (ref-7f15ac4-m100 vs candidate-m75): 1/2-1/2 {Draw by 3-fold repetition}
Started game 872 of 40000 (ref-7f15ac4-m100 vs candidate-m75)
Finished game 858 (ref-7f15ac4-m100 vs candidate-m75): 1-0 {White wins by adjudication}
Started game 873 of 40000 (candidate-m75 vs ref-7f15ac4-m100)
Finished game 860 (ref-7f15ac4-m100 vs candidate-m75): 1-0 {White wins by adjudication}
Started game 874 of 40000 (ref-7f15ac4-m100 vs candidate-m75)
Finished game 867 (candidate-m75 vs ref-7f15ac4-m100): 0-1 {Black wins by adjudication}
Started game 875 of 40000 (candidate-m75 vs ref-7f15ac4-m100)
Finished game 859 (candidate-m75 vs ref-7f15ac4-m100): 1-0 {White wins by adjudication}
--------------------------------------------------
Results of candidate-m75 vs ref-7f15ac4-m100 (10+0.2, 1t, 16MB, 8moves_v3.pgn):
Elo: 10.48 +/- 18.16, nElo: 13.41 +/- 23.19
LOS: 87.14 %, DrawRatio: 32.48 %, PairsRatio: 1.11
Games: 862, Wins: 286, Losses: 260, Draws: 316, Points: 444.0 (51.51 %)
Ptnml(0-2): [34, 104, 140, 108, 45], WL/DD Ratio: 1.69
LLR: 0.96 (32.5%) (-2.94, 2.94) [-5.00, 5.00]
--------------------------------------------------
Started game 876 of 40000 (ref-7f15ac4-m100 vs candidate-m75)
Finished game 868 (ref-7f15ac4-m100 vs candidate-m75): 1-0 {White wins by adjudication}
Started game 877 of 40000 (candidate-m75 vs ref-7f15ac4-m100)
Finished game 864 (ref-7f15ac4-m100 vs candidate-m75): 0-1 {Black wins by adjudication}
Started game 878 of 40000 (ref-7f15ac4-m100 vs candidate-m75)
Finished game 863 (candidate-m75 vs ref-7f15ac4-m100): 0-1 {Black wins by adjudication}
Started game 879 of 40000 (candidate-m75 vs ref-7f15ac4-m100)
Finished game 873 (candidate-m75 vs ref-7f15ac4-m100): 0-1 {Black wins by adjudication}
Started game 880 of 40000 (ref-7f15ac4-m100 vs candidate-m75)
Finished game 875 (candidate-m75 vs ref-7f15ac4-m100): 0-1 {Black wins by adjudication}
Started game 881 of 40000 (candidate-m75 vs ref-7f15ac4-m100)
Finished game 871 (candidate-m75 vs ref-7f15ac4-m100): 0-1 {Black wins by adjudication}
Started game 882 of 40000 (ref-7f15ac4-m100 vs candidate-m75)
Finished game 865 (candidate-m75 vs ref-7f15ac4-m100): 1/2-1/2 {Draw by adjudication}
Started game 883 of 40000 (candidate-m75 vs ref-7f15ac4-m100)
Finished game 869 (candidate-m75 vs ref-7f15ac4-m100): 1/2-1/2 {Draw by 3-fold repetition}
Started game 884 of 40000 (ref-7f15ac4-m100 vs candidate-m75)
Finished game 872 (ref-7f15ac4-m100 vs candidate-m75): 1/2-1/2 {Draw by 3-fold repetition}
Started game 885 of 40000 (candidate-m75 vs ref-7f15ac4-m100)
Finished game 876 (ref-7f15ac4-m100 vs candidate-m75): 1-0 {White wins by adjudication}
Started game 886 of 40000 (ref-7f15ac4-m100 vs candidate-m75)
Finished game 877 (candidate-m75 vs ref-7f15ac4-m100): 0-1 {Black wins by adjudication}
Started game 887 of 40000 (candidate-m75 vs ref-7f15ac4-m100)
Finished game 874 (ref-7f15ac4-m100 vs candidate-m75): 1-0 {White wins by adjudication}
Started game 888 of 40000 (ref-7f15ac4-m100 vs candidate-m75)
Finished game 878 (ref-7f15ac4-m100 vs candidate-m75): 1-0 {White wins by adjudication}
Started game 889 of 40000 (candidate-m75 vs ref-7f15ac4-m100)
Finished game 883 (candidate-m75 vs ref-7f15ac4-m100): 1-0 {White wins by adjudication}
Started game 890 of 40000 (ref-7f15ac4-m100 vs candidate-m75)
Finished game 882 (ref-7f15ac4-m100 vs candidate-m75): 0-1 {Black wins by adjudication}
Started game 891 of 40000 (candidate-m75 vs ref-7f15ac4-m100)
Finished game 870 (ref-7f15ac4-m100 vs candidate-m75): 1/2-1/2 {Draw by fifty moves rule}
Started game 892 of 40000 (ref-7f15ac4-m100 vs candidate-m75)
Finished game 881 (candidate-m75 vs ref-7f15ac4-m100): 1-0 {White wins by adjudication}
Started game 893 of 40000 (candidate-m75 vs ref-7f15ac4-m100)
Finished game 884 (ref-7f15ac4-m100 vs candidate-m75): 1-0 {White wins by adjudication}
Started game 894 of 40000 (ref-7f15ac4-m100 vs candidate-m75)
Finished game 880 (ref-7f15ac4-m100 vs candidate-m75): 1/2-1/2 {Draw by adjudication}
Started game 895 of 40000 (candidate-m75 vs ref-7f15ac4-m100)
Finished game 890 (ref-7f15ac4-m100 vs candidate-m75): 0-1 {Black wins by adjudication}
Started game 896 of 40000 (ref-7f15ac4-m100 vs candidate-m75)
Finished game 889 (candidate-m75 vs ref-7f15ac4-m100): 0-1 {Black wins by adjudication}
Started game 897 of 40000 (candidate-m75 vs ref-7f15ac4-m100)
Finished game 885 (candidate-m75 vs ref-7f15ac4-m100): 1/2-1/2 {Draw by adjudication}
Started game 898 of 40000 (ref-7f15ac4-m100 vs candidate-m75)
Finished game 879 (candidate-m75 vs ref-7f15ac4-m100): 1/2-1/2 {Draw by insufficient mating material}
--------------------------------------------------
Results of candidate-m75 vs ref-7f15ac4-m100 (10+0.2, 1t, 16MB, 8moves_v3.pgn):
Elo: 7.84 +/- 18.04, nElo: 9.96 +/- 22.88
LOS: 80.33 %, DrawRatio: 32.73 %, PairsRatio: 1.08
Games: 886, Wins: 292, Losses: 272, Draws: 322, Points: 453.0 (51.13 %)
Ptnml(0-2): [38, 105, 145, 109, 46], WL/DD Ratio: 1.69
LLR: 0.73 (24.8%) (-2.94, 2.94) [-5.00, 5.00]
--------------------------------------------------
Started game 899 of 40000 (candidate-m75 vs ref-7f15ac4-m100)
Finished game 887 (candidate-m75 vs ref-7f15ac4-m100): 1-0 {White wins by adjudication}
Started game 900 of 40000 (ref-7f15ac4-m100 vs candidate-m75)
Finished game 892 (ref-7f15ac4-m100 vs candidate-m75): 1/2-1/2 {Draw by 3-fold repetition}
Started game 901 of 40000 (candidate-m75 vs ref-7f15ac4-m100)
Finished game 886 (ref-7f15ac4-m100 vs candidate-m75): 0-1 {Black wins by adjudication}
Started game 902 of 40000 (ref-7f15ac4-m100 vs candidate-m75)
Finished game 888 (ref-7f15ac4-m100 vs candidate-m75): 1-0 {White wins by adjudication}
Started game 903 of 40000 (candidate-m75 vs ref-7f15ac4-m100)
Finished game 898 (ref-7f15ac4-m100 vs candidate-m75): 0-1 {Black wins by adjudication}
Started game 904 of 40000 (ref-7f15ac4-m100 vs candidate-m75)
Finished game 893 (candidate-m75 vs ref-7f15ac4-m100): 0-1 {Black wins by adjudication}
Started game 905 of 40000 (candidate-m75 vs ref-7f15ac4-m100)
Finished game 896 (ref-7f15ac4-m100 vs candidate-m75): 1-0 {White wins by adjudication}
Started game 906 of 40000 (ref-7f15ac4-m100 vs candidate-m75)
Finished game 894 (ref-7f15ac4-m100 vs candidate-m75): 1/2-1/2 {Draw by 3-fold repetition}
Started game 907 of 40000 (candidate-m75 vs ref-7f15ac4-m100)
Finished game 899 (candidate-m75 vs ref-7f15ac4-m100): 1-0 {White wins by adjudication}
Started game 908 of 40000 (ref-7f15ac4-m100 vs candidate-m75)
Finished game 900 (ref-7f15ac4-m100 vs candidate-m75): 1-0 {White wins by adjudication}
--------------------------------------------------
Results of candidate-m75 vs ref-7f15ac4-m100 (10+0.2, 1t, 16MB, 8moves_v3.pgn):
Elo: 7.77 +/- 17.91, nElo: 9.90 +/- 22.77
LOS: 80.29 %, DrawRatio: 32.89 %, PairsRatio: 1.08
Games: 894, Wins: 295, Losses: 275, Draws: 324, Points: 457.0 (51.12 %)
Ptnml(0-2): [38, 106, 147, 110, 46], WL/DD Ratio: 1.72
LLR: 0.73 (24.9%) (-2.94, 2.94) [-5.00, 5.00]
--------------------------------------------------
Started game 909 of 40000 (candidate-m75 vs ref-7f15ac4-m100)
Finished game 897 (candidate-m75 vs ref-7f15ac4-m100): 1-0 {White wins by adjudication}
Started game 910 of 40000 (ref-7f15ac4-m100 vs candidate-m75)
Finished game 903 (candidate-m75 vs ref-7f15ac4-m100): 1-0 {White wins by adjudication}
Started game 911 of 40000 (candidate-m75 vs ref-7f15ac4-m100)
Finished game 902 (ref-7f15ac4-m100 vs candidate-m75): 1-0 {White wins by adjudication}
Started game 912 of 40000 (ref-7f15ac4-m100 vs candidate-m75)
Finished game 895 (candidate-m75 vs ref-7f15ac4-m100): 1-0 {White wins by adjudication}
Started game 913 of 40000 (candidate-m75 vs ref-7f15ac4-m100)
Finished game 905 (candidate-m75 vs ref-7f15ac4-m100): 1-0 {White wins by adjudication}
Started game 914 of 40000 (ref-7f15ac4-m100 vs candidate-m75)
Finished game 901 (candidate-m75 vs ref-7f15ac4-m100): 0-1 {Black wins by adjudication}
Started game 915 of 40000 (candidate-m75 vs ref-7f15ac4-m100)
Finished game 904 (ref-7f15ac4-m100 vs candidate-m75): 1-0 {White wins by adjudication}
Started game 916 of 40000 (ref-7f15ac4-m100 vs candidate-m75)
Finished game 906 (ref-7f15ac4-m100 vs candidate-m75): 1-0 {White wins by adjudication}
Started game 917 of 40000 (candidate-m75 vs ref-7f15ac4-m100)
Finished game 891 (candidate-m75 vs ref-7f15ac4-m100): 1/2-1/2 {Draw by fifty moves rule}
Started game 918 of 40000 (ref-7f15ac4-m100 vs candidate-m75)
Finished game 911 (candidate-m75 vs ref-7f15ac4-m100): 1-0 {White wins by adjudication}
Started game 919 of 40000 (candidate-m75 vs ref-7f15ac4-m100)
Finished game 912 (ref-7f15ac4-m100 vs candidate-m75): 0-1 {Black wins by adjudication}
Started game 920 of 40000 (ref-7f15ac4-m100 vs candidate-m75)
Finished game 909 (candidate-m75 vs ref-7f15ac4-m100): 0-1 {Black wins by adjudication}
Started game 921 of 40000 (candidate-m75 vs ref-7f15ac4-m100)
Finished game 913 (candidate-m75 vs ref-7f15ac4-m100): 1/2-1/2 {Draw by 3-fold repetition}
Started game 922 of 40000 (ref-7f15ac4-m100 vs candidate-m75)
Finished game 908 (ref-7f15ac4-m100 vs candidate-m75): 0-1 {Black wins by adjudication}
Started game 923 of 40000 (candidate-m75 vs ref-7f15ac4-m100)
Finished game 910 (ref-7f15ac4-m100 vs candidate-m75): 1/2-1/2 {Draw by 3-fold repetition}
Started game 924 of 40000 (ref-7f15ac4-m100 vs candidate-m75)
Finished game 916 (ref-7f15ac4-m100 vs candidate-m75): 1-0 {White wins by adjudication}
Started game 925 of 40000 (candidate-m75 vs ref-7f15ac4-m100)
Finished game 907 (candidate-m75 vs ref-7f15ac4-m100): 1/2-1/2 {Draw by adjudication}
Started game 926 of 40000 (ref-7f15ac4-m100 vs candidate-m75)
Finished game 918 (ref-7f15ac4-m100 vs candidate-m75): 1/2-1/2 {Draw by 3-fold repetition}
Started game 927 of 40000 (candidate-m75 vs ref-7f15ac4-m100)
Finished game 921 (candidate-m75 vs ref-7f15ac4-m100): 1-0 {White wins by adjudication}
Started game 928 of 40000 (ref-7f15ac4-m100 vs candidate-m75)
Finished game 915 (candidate-m75 vs ref-7f15ac4-m100): 1/2-1/2 {Draw by 3-fold repetition}
Started game 929 of 40000 (candidate-m75 vs ref-7f15ac4-m100)
Finished game 919 (candidate-m75 vs ref-7f15ac4-m100): 1/2-1/2 {Draw by 3-fold repetition}
Started game 930 of 40000 (ref-7f15ac4-m100 vs candidate-m75)
Finished game 920 (ref-7f15ac4-m100 vs candidate-m75): 1/2-1/2 {Draw by 3-fold repetition}
--------------------------------------------------
Results of candidate-m75 vs ref-7f15ac4-m100 (10+0.2, 1t, 16MB, 8moves_v3.pgn):
Elo: 7.97 +/- 17.71, nElo: 10.13 +/- 22.50
LOS: 81.13 %, DrawRatio: 33.19 %, PairsRatio: 1.08
Games: 916, Wins: 303, Losses: 282, Draws: 331, Points: 468.5 (51.15 %)
Ptnml(0-2): [39, 108, 152, 111, 48], WL/DD Ratio: 1.71
LLR: 0.77 (26.1%) (-2.94, 2.94) [-5.00, 5.00]
--------------------------------------------------
Started game 931 of 40000 (candidate-m75 vs ref-7f15ac4-m100)
Finished game 926 (ref-7f15ac4-m100 vs candidate-m75): 0-1 {Black wins by adjudication}
Started game 932 of 40000 (ref-7f15ac4-m100 vs candidate-m75)
Finished game 925 (candidate-m75 vs ref-7f15ac4-m100): 1/2-1/2 {Draw by 3-fold repetition}
Started game 933 of 40000 (candidate-m75 vs ref-7f15ac4-m100)
Finished game 914 (ref-7f15ac4-m100 vs candidate-m75): 1-0 {White wins by adjudication}
Started game 934 of 40000 (ref-7f15ac4-m100 vs candidate-m75)
Finished game 922 (ref-7f15ac4-m100 vs candidate-m75): 1-0 {White wins by adjudication}
Started game 935 of 40000 (candidate-m75 vs ref-7f15ac4-m100)
Finished game 929 (candidate-m75 vs ref-7f15ac4-m100): 1-0 {White wins by adjudication}
Started game 936 of 40000 (ref-7f15ac4-m100 vs candidate-m75)
Finished game 923 (candidate-m75 vs ref-7f15ac4-m100): 1-0 {White wins by adjudication}
Started game 937 of 40000 (candidate-m75 vs ref-7f15ac4-m100)
Finished game 927 (candidate-m75 vs ref-7f15ac4-m100): 1-0 {White wins by adjudication}
Started game 938 of 40000 (ref-7f15ac4-m100 vs candidate-m75)
Finished game 933 (candidate-m75 vs ref-7f15ac4-m100): 1-0 {White wins by adjudication}
Started game 939 of 40000 (candidate-m75 vs ref-7f15ac4-m100)
Finished game 928 (ref-7f15ac4-m100 vs candidate-m75): 1-0 {White wins by adjudication}
Started game 940 of 40000 (ref-7f15ac4-m100 vs candidate-m75)
Finished game 924 (ref-7f15ac4-m100 vs candidate-m75): 1-0 {White wins by adjudication}
Started game 941 of 40000 (candidate-m75 vs ref-7f15ac4-m100)
Finished game 917 (candidate-m75 vs ref-7f15ac4-m100): 1/2-1/2 {Draw by fifty moves rule}
Started game 942 of 40000 (ref-7f15ac4-m100 vs candidate-m75)
Finished game 931 (candidate-m75 vs ref-7f15ac4-m100): 0-1 {Black wins by adjudication}
Started game 943 of 40000 (candidate-m75 vs ref-7f15ac4-m100)
Finished game 930 (ref-7f15ac4-m100 vs candidate-m75): 1-0 {White wins by adjudication}
Started game 944 of 40000 (ref-7f15ac4-m100 vs candidate-m75)
Finished game 934 (ref-7f15ac4-m100 vs candidate-m75): 0-1 {Black wins by adjudication}
Started game 945 of 40000 (candidate-m75 vs ref-7f15ac4-m100)
Finished game 932 (ref-7f15ac4-m100 vs candidate-m75): 1/2-1/2 {Draw by 3-fold repetition}
Started game 946 of 40000 (ref-7f15ac4-m100 vs candidate-m75)
Finished game 940 (ref-7f15ac4-m100 vs candidate-m75): 0-1 {Black wins by adjudication}
Started game 947 of 40000 (candidate-m75 vs ref-7f15ac4-m100)
Finished game 939 (candidate-m75 vs ref-7f15ac4-m100): 1-0 {White wins by adjudication}
--------------------------------------------------
Results of candidate-m75 vs ref-7f15ac4-m100 (10+0.2, 1t, 16MB, 8moves_v3.pgn):
Elo: 8.91 +/- 17.50, nElo: 11.35 +/- 22.26
LOS: 84.12 %, DrawRatio: 33.55 %, PairsRatio: 1.09
Games: 936, Wins: 312, Losses: 288, Draws: 336, Points: 480.0 (51.28 %)
Ptnml(0-2): [39, 110, 157, 112, 50], WL/DD Ratio: 1.75
LLR: 0.88 (29.9%) (-2.94, 2.94) [-5.00, 5.00]
--------------------------------------------------
Started game 948 of 40000 (ref-7f15ac4-m100 vs candidate-m75)
Finished game 937 (candidate-m75 vs ref-7f15ac4-m100): 0-1 {Black wins by adjudication}
Started game 949 of 40000 (candidate-m75 vs ref-7f15ac4-m100)
Finished game 935 (candidate-m75 vs ref-7f15ac4-m100): 1-0 {White wins by adjudication}
Started game 950 of 40000 (ref-7f15ac4-m100 vs candidate-m75)
Finished game 941 (candidate-m75 vs ref-7f15ac4-m100): 1/2-1/2 {Draw by 3-fold repetition}
Started game 951 of 40000 (candidate-m75 vs ref-7f15ac4-m100)
Finished game 938 (ref-7f15ac4-m100 vs candidate-m75): 0-1 {Black wins by adjudication}
Started game 952 of 40000 (ref-7f15ac4-m100 vs candidate-m75)
Finished game 943 (candidate-m75 vs ref-7f15ac4-m100): 1/2-1/2 {Draw by insufficient mating material}
Started game 953 of 40000 (candidate-m75 vs ref-7f15ac4-m100)
Finished game 944 (ref-7f15ac4-m100 vs candidate-m75): 0-1 {Black wins by adjudication}
Started game 954 of 40000 (ref-7f15ac4-m100 vs candidate-m75)
Finished game 949 (candidate-m75 vs ref-7f15ac4-m100): 1/2-1/2 {Draw by 3-fold repetition}
Started game 955 of 40000 (candidate-m75 vs ref-7f15ac4-m100)
Finished game 945 (candidate-m75 vs ref-7f15ac4-m100): 1/2-1/2 {Draw by adjudication}
Started game 956 of 40000 (ref-7f15ac4-m100 vs candidate-m75)
Finished game 936 (ref-7f15ac4-m100 vs candidate-m75): 1/2-1/2 {Draw by 3-fold repetition}
Started game 957 of 40000 (candidate-m75 vs ref-7f15ac4-m100)
Finished game 951 (candidate-m75 vs ref-7f15ac4-m100): 1/2-1/2 {Draw by 3-fold repetition}
Started game 958 of 40000 (ref-7f15ac4-m100 vs candidate-m75)
Finished game 953 (candidate-m75 vs ref-7f15ac4-m100): 1/2-1/2 {Draw by 3-fold repetition}
Started game 959 of 40000 (candidate-m75 vs ref-7f15ac4-m100)
Finished game 942 (ref-7f15ac4-m100 vs candidate-m75): 1/2-1/2 {Draw by fifty moves rule}
Started game 960 of 40000 (ref-7f15ac4-m100 vs candidate-m75)
Finished game 952 (ref-7f15ac4-m100 vs candidate-m75): 1-0 {White wins by adjudication}
Started game 961 of 40000 (candidate-m75 vs ref-7f15ac4-m100)
Finished game 946 (ref-7f15ac4-m100 vs candidate-m75): 0-1 {Black wins by adjudication}
Started game 962 of 40000 (ref-7f15ac4-m100 vs candidate-m75)
Finished game 947 (candidate-m75 vs ref-7f15ac4-m100): 1/2-1/2 {Draw by adjudication}
Started game 963 of 40000 (candidate-m75 vs ref-7f15ac4-m100)
Finished game 950 (ref-7f15ac4-m100 vs candidate-m75): 1-0 {White wins by adjudication}
Started game 964 of 40000 (ref-7f15ac4-m100 vs candidate-m75)
Finished game 957 (candidate-m75 vs ref-7f15ac4-m100): 0-1 {Black wins by adjudication}
Started game 965 of 40000 (candidate-m75 vs ref-7f15ac4-m100)
Finished game 948 (ref-7f15ac4-m100 vs candidate-m75): 1/2-1/2 {Draw by fifty moves rule}
Started game 966 of 40000 (ref-7f15ac4-m100 vs candidate-m75)
Finished game 962 (ref-7f15ac4-m100 vs candidate-m75): 0-1 {Black wins by adjudication}
Started game 967 of 40000 (candidate-m75 vs ref-7f15ac4-m100)
Finished game 960 (ref-7f15ac4-m100 vs candidate-m75): 0-1 {Black wins by adjudication}
Started game 968 of 40000 (ref-7f15ac4-m100 vs candidate-m75)
Finished game 954 (ref-7f15ac4-m100 vs candidate-m75): 1/2-1/2 {Draw by adjudication}
Started game 969 of 40000 (candidate-m75 vs ref-7f15ac4-m100)
Finished game 958 (ref-7f15ac4-m100 vs candidate-m75): 0-1 {Black wins by adjudication}
Started game 970 of 40000 (ref-7f15ac4-m100 vs candidate-m75)
Finished game 961 (candidate-m75 vs ref-7f15ac4-m100): 0-1 {Black wins by adjudication}
Started game 971 of 40000 (candidate-m75 vs ref-7f15ac4-m100)
Finished game 959 (candidate-m75 vs ref-7f15ac4-m100): 1/2-1/2 {Draw by insufficient mating material}
--------------------------------------------------
Results of candidate-m75 vs ref-7f15ac4-m100 (10+0.2, 1t, 16MB, 8moves_v3.pgn):
Elo: 9.41 +/- 17.15, nElo: 12.08 +/- 21.98
LOS: 85.93 %, DrawRatio: 33.96 %, PairsRatio: 1.10
Games: 960, Wins: 319, Losses: 293, Draws: 348, Points: 493.0 (51.35 %)
Ptnml(0-2): [39, 112, 163, 116, 50], WL/DD Ratio: 1.72
LLR: 0.96 (32.6%) (-2.94, 2.94) [-5.00, 5.00]
--------------------------------------------------
Started game 972 of 40000 (ref-7f15ac4-m100 vs candidate-m75)
Finished game 965 (candidate-m75 vs ref-7f15ac4-m100): 1-0 {White wins by adjudication}
Started game 973 of 40000 (candidate-m75 vs ref-7f15ac4-m100)
Finished game 964 (ref-7f15ac4-m100 vs candidate-m75): 1/2-1/2 {Draw by adjudication}
Started game 974 of 40000 (ref-7f15ac4-m100 vs candidate-m75)
Finished game 955 (candidate-m75 vs ref-7f15ac4-m100): 1/2-1/2 {Draw by fifty moves rule}
Started game 975 of 40000 (candidate-m75 vs ref-7f15ac4-m100)
Finished game 967 (candidate-m75 vs ref-7f15ac4-m100): 1-0 {White wins by adjudication}
Started game 976 of 40000 (ref-7f15ac4-m100 vs candidate-m75)
Finished game 963 (candidate-m75 vs ref-7f15ac4-m100): 1/2-1/2 {Draw by adjudication}
Started game 977 of 40000 (candidate-m75 vs ref-7f15ac4-m100)
Finished game 973 (candidate-m75 vs ref-7f15ac4-m100): 1/2-1/2 {Draw by 3-fold repetition}
Started game 978 of 40000 (ref-7f15ac4-m100 vs candidate-m75)
Finished game 956 (ref-7f15ac4-m100 vs candidate-m75): 1-0 {White wins by adjudication}
Started game 979 of 40000 (candidate-m75 vs ref-7f15ac4-m100)
Finished game 966 (ref-7f15ac4-m100 vs candidate-m75): 1/2-1/2 {Draw by 3-fold repetition}
Started game 980 of 40000 (ref-7f15ac4-m100 vs candidate-m75)
Finished game 968 (ref-7f15ac4-m100 vs candidate-m75): 0-1 {Black wins by adjudication}
Started game 981 of 40000 (candidate-m75 vs ref-7f15ac4-m100)
Finished game 971 (candidate-m75 vs ref-7f15ac4-m100): 1-0 {White wins by adjudication}
Started game 982 of 40000 (ref-7f15ac4-m100 vs candidate-m75)
Finished game 970 (ref-7f15ac4-m100 vs candidate-m75): 1/2-1/2 {Draw by 3-fold repetition}
Started game 983 of 40000 (candidate-m75 vs ref-7f15ac4-m100)
Finished game 972 (ref-7f15ac4-m100 vs candidate-m75): 1-0 {White wins by adjudication}
Started game 984 of 40000 (ref-7f15ac4-m100 vs candidate-m75)
Finished game 975 (candidate-m75 vs ref-7f15ac4-m100): 1-0 {White wins by adjudication}
Started game 985 of 40000 (candidate-m75 vs ref-7f15ac4-m100)
Finished game 977 (candidate-m75 vs ref-7f15ac4-m100): 1-0 {White wins by adjudication}
Started game 986 of 40000 (ref-7f15ac4-m100 vs candidate-m75)
Finished game 978 (ref-7f15ac4-m100 vs candidate-m75): 0-1 {Black wins by adjudication}
Started game 987 of 40000 (candidate-m75 vs ref-7f15ac4-m100)
Finished game 974 (ref-7f15ac4-m100 vs candidate-m75): 1-0 {White wins by adjudication}
Started game 988 of 40000 (ref-7f15ac4-m100 vs candidate-m75)
Finished game 969 (candidate-m75 vs ref-7f15ac4-m100): 1/2-1/2 {Draw by insufficient mating material}
Started game 989 of 40000 (candidate-m75 vs ref-7f15ac4-m100)
Finished game 976 (ref-7f15ac4-m100 vs candidate-m75): 1-0 {White wins by adjudication}
Started game 990 of 40000 (ref-7f15ac4-m100 vs candidate-m75)
Finished game 979 (candidate-m75 vs ref-7f15ac4-m100): 0-1 {Black wins by adjudication}
Started game 991 of 40000 (candidate-m75 vs ref-7f15ac4-m100)
Finished game 984 (ref-7f15ac4-m100 vs candidate-m75): 0-1 {Black wins by adjudication}
Started game 992 of 40000 (ref-7f15ac4-m100 vs candidate-m75)
Finished game 981 (candidate-m75 vs ref-7f15ac4-m100): 1-0 {White wins by adjudication}
Started game 993 of 40000 (candidate-m75 vs ref-7f15ac4-m100)
Finished game 986 (ref-7f15ac4-m100 vs candidate-m75): 1-0 {White wins by adjudication}
Started game 994 of 40000 (ref-7f15ac4-m100 vs candidate-m75)
Finished game 989 (candidate-m75 vs ref-7f15ac4-m100): 0-1 {Black wins by adjudication}
Started game 995 of 40000 (candidate-m75 vs ref-7f15ac4-m100)
Finished game 980 (ref-7f15ac4-m100 vs candidate-m75): 1/2-1/2 {Draw by adjudication}
--------------------------------------------------
Results of candidate-m75 vs ref-7f15ac4-m100 (10+0.2, 1t, 16MB, 8moves_v3.pgn):
Elo: 9.93 +/- 16.97, nElo: 12.75 +/- 21.75
LOS: 87.46 %, DrawRatio: 34.08 %, PairsRatio: 1.10
Games: 980, Wins: 326, Losses: 298, Draws: 356, Points: 504.0 (51.43 %)
Ptnml(0-2): [39, 115, 167, 117, 52], WL/DD Ratio: 1.69
LLR: 1.03 (35.1%) (-2.94, 2.94) [-5.00, 5.00]
--------------------------------------------------
Started game 996 of 40000 (ref-7f15ac4-m100 vs candidate-m75)
Finished game 983 (candidate-m75 vs ref-7f15ac4-m100): 1/2-1/2 {Draw by adjudication}
Started game 997 of 40000 (candidate-m75 vs ref-7f15ac4-m100)
Finished game 993 (candidate-m75 vs ref-7f15ac4-m100): 1/2-1/2 {Draw by 3-fold repetition}
Started game 998 of 40000 (ref-7f15ac4-m100 vs candidate-m75)
Finished game 985 (candidate-m75 vs ref-7f15ac4-m100): 0-1 {Black wins by adjudication}
Started game 999 of 40000 (candidate-m75 vs ref-7f15ac4-m100)
Finished game 988 (ref-7f15ac4-m100 vs candidate-m75): 1-0 {White wins by adjudication}
Started game 1000 of 40000 (ref-7f15ac4-m100 vs candidate-m75)
Finished game 996 (ref-7f15ac4-m100 vs candidate-m75): 0-1 {Black wins by adjudication}
Started game 1001 of 40000 (candidate-m75 vs ref-7f15ac4-m100)
Finished game 991 (candidate-m75 vs ref-7f15ac4-m100): 0-1 {Black wins by adjudication}
Started game 1002 of 40000 (ref-7f15ac4-m100 vs candidate-m75)
Finished game 992 (ref-7f15ac4-m100 vs candidate-m75): 1/2-1/2 {Draw by 3-fold repetition}
Started game 1003 of 40000 (candidate-m75 vs ref-7f15ac4-m100)
Finished game 994 (ref-7f15ac4-m100 vs candidate-m75): 0-1 {Black wins by adjudication}
Started game 1004 of 40000 (ref-7f15ac4-m100 vs candidate-m75)
Finished game 982 (ref-7f15ac4-m100 vs candidate-m75): 1/2-1/2 {Draw by insufficient mating material}
Started game 1005 of 40000 (candidate-m75 vs ref-7f15ac4-m100)
Finished game 987 (candidate-m75 vs ref-7f15ac4-m100): 1/2-1/2 {Draw by insufficient mating material}
Started game 1006 of 40000 (ref-7f15ac4-m100 vs candidate-m75)
Finished game 990 (ref-7f15ac4-m100 vs candidate-m75): 1/2-1/2 {Draw by 3-fold repetition}
Started game 1007 of 40000 (candidate-m75 vs ref-7f15ac4-m100)
Finished game 999 (candidate-m75 vs ref-7f15ac4-m100): 0-1 {Black wins by adjudication}
Started game 1008 of 40000 (ref-7f15ac4-m100 vs candidate-m75)
Finished game 995 (candidate-m75 vs ref-7f15ac4-m100): 1/2-1/2 {Draw by 3-fold repetition}
Started game 1009 of 40000 (candidate-m75 vs ref-7f15ac4-m100)
Finished game 998 (ref-7f15ac4-m100 vs candidate-m75): 0-1 {Black wins by adjudication}
Started game 1010 of 40000 (ref-7f15ac4-m100 vs candidate-m75)
Finished game 997 (candidate-m75 vs ref-7f15ac4-m100): 1-0 {White wins by adjudication}
Started game 1011 of 40000 (candidate-m75 vs ref-7f15ac4-m100)
Finished game 1002 (ref-7f15ac4-m100 vs candidate-m75): 1-0 {White wins by adjudication}
Started game 1012 of 40000 (ref-7f15ac4-m100 vs candidate-m75)
Finished game 1004 (ref-7f15ac4-m100 vs candidate-m75): 1-0 {White wins by adjudication}
Started game 1013 of 40000 (candidate-m75 vs ref-7f15ac4-m100)
Finished game 1005 (candidate-m75 vs ref-7f15ac4-m100): 1/2-1/2 {Draw by 3-fold repetition}
Started game 1014 of 40000 (ref-7f15ac4-m100 vs candidate-m75)
Finished game 1000 (ref-7f15ac4-m100 vs candidate-m75): 1/2-1/2 {Draw by adjudication}
--------------------------------------------------
Results of candidate-m75 vs ref-7f15ac4-m100 (10+0.2, 1t, 16MB, 8moves_v3.pgn):
Elo: 9.73 +/- 16.85, nElo: 12.45 +/- 21.53
LOS: 87.15 %, DrawRatio: 33.40 %, PairsRatio: 1.09
Games: 1000, Wins: 332, Losses: 304, Draws: 364, Points: 514.0 (51.40 %)
Ptnml(0-2): [40, 119, 167, 121, 53], WL/DD Ratio: 1.69
LLR: 1.03 (35.0%) (-2.94, 2.94) [-5.00, 5.00]
--------------------------------------------------
Started game 1015 of 40000 (candidate-m75 vs ref-7f15ac4-m100)
Finished game 1012 (ref-7f15ac4-m100 vs candidate-m75): 0-1 {Black wins by adjudication}
Started game 1016 of 40000 (ref-7f15ac4-m100 vs candidate-m75)
Finished game 1003 (candidate-m75 vs ref-7f15ac4-m100): 1/2-1/2 {Draw by insufficient mating material}
Started game 1017 of 40000 (candidate-m75 vs ref-7f15ac4-m100)
Finished game 1006 (ref-7f15ac4-m100 vs candidate-m75): 1-0 {White wins by adjudication}
Started game 1018 of 40000 (ref-7f15ac4-m100 vs candidate-m75)
Finished game 1001 (candidate-m75 vs ref-7f15ac4-m100): 0-1 {Black wins by adjudication}
Started game 1019 of 40000 (candidate-m75 vs ref-7f15ac4-m100)
Finished game 1007 (candidate-m75 vs ref-7f15ac4-m100): 1/2-1/2 {Draw by insufficient mating material}
Started game 1020 of 40000 (ref-7f15ac4-m100 vs candidate-m75)
Finished game 1009 (candidate-m75 vs ref-7f15ac4-m100): 1/2-1/2 {Draw by 3-fold repetition}
Started game 1021 of 40000 (candidate-m75 vs ref-7f15ac4-m100)
Finished game 1008 (ref-7f15ac4-m100 vs candidate-m75): 1-0 {White wins by adjudication}
Started game 1022 of 40000 (ref-7f15ac4-m100 vs candidate-m75)
Finished game 1010 (ref-7f15ac4-m100 vs candidate-m75): 1/2-1/2 {Draw by 3-fold repetition}
Started game 1023 of 40000 (candidate-m75 vs ref-7f15ac4-m100)
Finished game 1013 (candidate-m75 vs ref-7f15ac4-m100): 0-1 {Black wins by adjudication}
Started game 1024 of 40000 (ref-7f15ac4-m100 vs candidate-m75)
Finished game 1017 (candidate-m75 vs ref-7f15ac4-m100): 1-0 {White wins by adjudication}
Started game 1025 of 40000 (candidate-m75 vs ref-7f15ac4-m100)
Finished game 1014 (ref-7f15ac4-m100 vs candidate-m75): 0-1 {Black wins by adjudication}
Started game 1026 of 40000 (ref-7f15ac4-m100 vs candidate-m75)
Finished game 1016 (ref-7f15ac4-m100 vs candidate-m75): 0-1 {Black wins by adjudication}
Started game 1027 of 40000 (candidate-m75 vs ref-7f15ac4-m100)
Finished game 1020 (ref-7f15ac4-m100 vs candidate-m75): 1/2-1/2 {Draw by 3-fold repetition}
Started game 1028 of 40000 (ref-7f15ac4-m100 vs candidate-m75)
Finished game 1022 (ref-7f15ac4-m100 vs candidate-m75): 1/2-1/2 {Draw by 3-fold repetition}
Started game 1029 of 40000 (candidate-m75 vs ref-7f15ac4-m100)
Finished game 1021 (candidate-m75 vs ref-7f15ac4-m100): 1-0 {White wins by adjudication}
Started game 1030 of 40000 (ref-7f15ac4-m100 vs candidate-m75)
Finished game 1011 (candidate-m75 vs ref-7f15ac4-m100): 1/2-1/2 {Draw by fifty moves rule}
Started game 1031 of 40000 (candidate-m75 vs ref-7f15ac4-m100)
Finished game 1024 (ref-7f15ac4-m100 vs candidate-m75): 1/2-1/2 {Draw by 3-fold repetition}
Started game 1032 of 40000 (ref-7f15ac4-m100 vs candidate-m75)
Finished game 1023 (candidate-m75 vs ref-7f15ac4-m100): 1/2-1/2 {Draw by 3-fold repetition}
Started game 1033 of 40000 (candidate-m75 vs ref-7f15ac4-m100)
Finished game 1025 (candidate-m75 vs ref-7f15ac4-m100): 0-1 {Black wins by adjudication}
Started game 1034 of 40000 (ref-7f15ac4-m100 vs candidate-m75)
Finished game 1015 (candidate-m75 vs ref-7f15ac4-m100): 1/2-1/2 {Draw by insufficient mating material}
Started game 1035 of 40000 (candidate-m75 vs ref-7f15ac4-m100)
Finished game 1019 (candidate-m75 vs ref-7f15ac4-m100): 0-1 {Black wins by adjudication}
--------------------------------------------------
Results of candidate-m75 vs ref-7f15ac4-m100 (10+0.2, 1t, 16MB, 8moves_v3.pgn):
Elo: 8.50 +/- 16.64, nElo: 10.90 +/- 21.30
LOS: 84.20 %, DrawRatio: 33.27 %, PairsRatio: 1.08
Games: 1022, Wins: 336, Losses: 311, Draws: 375, Points: 523.5 (51.22 %)
Ptnml(0-2): [41, 123, 170, 124, 53], WL/DD Ratio: 1.66
LLR: 0.92 (31.3%) (-2.94, 2.94) [-5.00, 5.00]
--------------------------------------------------
Started game 1036 of 40000 (ref-7f15ac4-m100 vs candidate-m75)
Finished game 1027 (candidate-m75 vs ref-7f15ac4-m100): 0-1 {Black wins by adjudication}
Started game 1037 of 40000 (candidate-m75 vs ref-7f15ac4-m100)
Finished game 1018 (ref-7f15ac4-m100 vs candidate-m75): 1/2-1/2 {Draw by insufficient mating material}
Started game 1038 of 40000 (ref-7f15ac4-m100 vs candidate-m75)
Finished game 1026 (ref-7f15ac4-m100 vs candidate-m75): 1-0 {White wins by adjudication}
Started game 1039 of 40000 (candidate-m75 vs ref-7f15ac4-m100)
Finished game 1030 (ref-7f15ac4-m100 vs candidate-m75): 1/2-1/2 {Draw by 3-fold repetition}
Started game 1040 of 40000 (ref-7f15ac4-m100 vs candidate-m75)
Finished game 1031 (candidate-m75 vs ref-7f15ac4-m100): 0-1 {Black wins by adjudication}
Started game 1041 of 40000 (candidate-m75 vs ref-7f15ac4-m100)
Finished game 1028 (ref-7f15ac4-m100 vs candidate-m75): 1-0 {White wins by adjudication}
Started game 1042 of 40000 (ref-7f15ac4-m100 vs candidate-m75)
Finished game 1032 (ref-7f15ac4-m100 vs candidate-m75): 1-0 {White wins by adjudication}
Started game 1043 of 40000 (candidate-m75 vs ref-7f15ac4-m100)
Finished game 1036 (ref-7f15ac4-m100 vs candidate-m75): 1/2-1/2 {Draw by 3-fold repetition}
Started game 1044 of 40000 (ref-7f15ac4-m100 vs candidate-m75)
Finished game 1038 (ref-7f15ac4-m100 vs candidate-m75): 1/2-1/2 {Draw by 3-fold repetition}
Started game 1045 of 40000 (candidate-m75 vs ref-7f15ac4-m100)
Finished game 1029 (candidate-m75 vs ref-7f15ac4-m100): 1/2-1/2 {Draw by 3-fold repetition}
Started game 1046 of 40000 (ref-7f15ac4-m100 vs candidate-m75)
Finished game 1033 (candidate-m75 vs ref-7f15ac4-m100): 1-0 {White wins by adjudication}
Started game 1047 of 40000 (candidate-m75 vs ref-7f15ac4-m100)
Finished game 1034 (ref-7f15ac4-m100 vs candidate-m75): 1/2-1/2 {Draw by 3-fold repetition}
Started game 1048 of 40000 (ref-7f15ac4-m100 vs candidate-m75)
Finished game 1035 (candidate-m75 vs ref-7f15ac4-m100): 0-1 {Black wins by adjudication}
Started game 1049 of 40000 (candidate-m75 vs ref-7f15ac4-m100)
Finished game 1040 (ref-7f15ac4-m100 vs candidate-m75): 1/2-1/2 {Draw by 3-fold repetition}
Started game 1050 of 40000 (ref-7f15ac4-m100 vs candidate-m75)
Finished game 1042 (ref-7f15ac4-m100 vs candidate-m75): 1-0 {White wins by adjudication}
Started game 1051 of 40000 (candidate-m75 vs ref-7f15ac4-m100)
Finished game 1037 (candidate-m75 vs ref-7f15ac4-m100): 1/2-1/2 {Draw by adjudication}
Started game 1052 of 40000 (ref-7f15ac4-m100 vs candidate-m75)
Finished game 1039 (candidate-m75 vs ref-7f15ac4-m100): 1-0 {White wins by adjudication}
--------------------------------------------------
Results of candidate-m75 vs ref-7f15ac4-m100 (10+0.2, 1t, 16MB, 8moves_v3.pgn):
Elo: 7.02 +/- 16.56, nElo: 8.96 +/- 21.12
LOS: 79.71 %, DrawRatio: 33.08 %, PairsRatio: 1.07
Games: 1040, Wins: 339, Losses: 318, Draws: 383, Points: 530.5 (51.01 %)
Ptnml(0-2): [44, 124, 172, 127, 53], WL/DD Ratio: 1.61
LLR: 0.77 (26.2%) (-2.94, 2.94) [-5.00, 5.00]
--------------------------------------------------
Started game 1053 of 40000 (candidate-m75 vs ref-7f15ac4-m100)
Finished game 1047 (candidate-m75 vs ref-7f15ac4-m100): 1-0 {White wins by adjudication}
Started game 1054 of 40000 (ref-7f15ac4-m100 vs candidate-m75)
Finished game 1041 (candidate-m75 vs ref-7f15ac4-m100): 0-1 {Black wins by adjudication}
Started game 1055 of 40000 (candidate-m75 vs ref-7f15ac4-m100)
Finished game 1046 (ref-7f15ac4-m100 vs candidate-m75): 1-0 {White wins by adjudication}
Started game 1056 of 40000 (ref-7f15ac4-m100 vs candidate-m75)
Finished game 1048 (ref-7f15ac4-m100 vs candidate-m75): 1-0 {White wins by adjudication}
Started game 1057 of 40000 (candidate-m75 vs ref-7f15ac4-m100)
Finished game 1045 (candidate-m75 vs ref-7f15ac4-m100): 0-1 {Black wins by adjudication}
Started game 1058 of 40000 (ref-7f15ac4-m100 vs candidate-m75)
Finished game 1050 (ref-7f15ac4-m100 vs candidate-m75): 0-1 {Black wins by adjudication}
Started game 1059 of 40000 (candidate-m75 vs ref-7f15ac4-m100)
Finished game 1043 (candidate-m75 vs ref-7f15ac4-m100): 1/2-1/2 {Draw by 3-fold repetition}
Started game 1060 of 40000 (ref-7f15ac4-m100 vs candidate-m75)
Finished game 1049 (candidate-m75 vs ref-7f15ac4-m100): 1/2-1/2 {Draw by 3-fold repetition}
Started game 1061 of 40000 (candidate-m75 vs ref-7f15ac4-m100)
Finished game 1054 (ref-7f15ac4-m100 vs candidate-m75): 0-1 {Black wins by adjudication}
Started game 1062 of 40000 (ref-7f15ac4-m100 vs candidate-m75)
Finished game 1051 (candidate-m75 vs ref-7f15ac4-m100): 0-1 {Black wins by adjudication}
Started game 1063 of 40000 (candidate-m75 vs ref-7f15ac4-m100)
Finished game 1052 (ref-7f15ac4-m100 vs candidate-m75): 1-0 {White wins by adjudication}
Started game 1064 of 40000 (ref-7f15ac4-m100 vs candidate-m75)
Finished game 1059 (candidate-m75 vs ref-7f15ac4-m100): 1/2-1/2 {Draw by 3-fold repetition}
Started game 1065 of 40000 (candidate-m75 vs ref-7f15ac4-m100)
Finished game 1053 (candidate-m75 vs ref-7f15ac4-m100): 1-0 {White wins by adjudication}
Started game 1066 of 40000 (ref-7f15ac4-m100 vs candidate-m75)
Finished game 1044 (ref-7f15ac4-m100 vs candidate-m75): 1/2-1/2 {Draw by adjudication}
Started game 1067 of 40000 (candidate-m75 vs ref-7f15ac4-m100)
Finished game 1060 (ref-7f15ac4-m100 vs candidate-m75): 0-1 {Black wins by adjudication}
--------------------------------------------------
Results of candidate-m75 vs ref-7f15ac4-m100 (10+0.2, 1t, 16MB, 8moves_v3.pgn):
Elo: 6.25 +/- 16.54, nElo: 7.93 +/- 20.96
LOS: 77.08 %, DrawRatio: 32.95 %, PairsRatio: 1.07
Games: 1056, Wins: 344, Losses: 325, Draws: 387, Points: 537.5 (50.90 %)
Ptnml(0-2): [47, 124, 174, 129, 54], WL/DD Ratio: 1.60
LLR: 0.69 (23.5%) (-2.94, 2.94) [-5.00, 5.00]
--------------------------------------------------
Started game 1068 of 40000 (ref-7f15ac4-m100 vs candidate-m75)
Finished game 1058 (ref-7f15ac4-m100 vs candidate-m75): 1-0 {White wins by adjudication}
Started game 1069 of 40000 (candidate-m75 vs ref-7f15ac4-m100)
Finished game 1055 (candidate-m75 vs ref-7f15ac4-m100): 1/2-1/2 {Draw by adjudication}
Started game 1070 of 40000 (ref-7f15ac4-m100 vs candidate-m75)
Finished game 1063 (candidate-m75 vs ref-7f15ac4-m100): 1-0 {White wins by adjudication}
Started game 1071 of 40000 (candidate-m75 vs ref-7f15ac4-m100)
Finished game 1067 (candidate-m75 vs ref-7f15ac4-m100): 1-0 {White wins by adjudication}
Started game 1072 of 40000 (ref-7f15ac4-m100 vs candidate-m75)
Finished game 1065 (candidate-m75 vs ref-7f15ac4-m100): 1-0 {White wins by adjudication}
Started game 1073 of 40000 (candidate-m75 vs ref-7f15ac4-m100)
Finished game 1066 (ref-7f15ac4-m100 vs candidate-m75): 1-0 {White wins by adjudication}
Started game 1074 of 40000 (ref-7f15ac4-m100 vs candidate-m75)
Finished game 1056 (ref-7f15ac4-m100 vs candidate-m75): 1/2-1/2 {Draw by adjudication}
Started game 1075 of 40000 (candidate-m75 vs ref-7f15ac4-m100)
Finished game 1062 (ref-7f15ac4-m100 vs candidate-m75): 1-0 {White wins by adjudication}
Started game 1076 of 40000 (ref-7f15ac4-m100 vs candidate-m75)
Finished game 1064 (ref-7f15ac4-m100 vs candidate-m75): 1/2-1/2 {Draw by insufficient mating material}
Started game 1077 of 40000 (candidate-m75 vs ref-7f15ac4-m100)
Finished game 1072 (ref-7f15ac4-m100 vs candidate-m75): 1-0 {White wins by adjudication}
Started game 1078 of 40000 (ref-7f15ac4-m100 vs candidate-m75)
Finished game 1061 (candidate-m75 vs ref-7f15ac4-m100): 1/2-1/2 {Draw by 3-fold repetition}
Started game 1079 of 40000 (candidate-m75 vs ref-7f15ac4-m100)
Finished game 1068 (ref-7f15ac4-m100 vs candidate-m75): 0-1 {Black wins by adjudication}
Started game 1080 of 40000 (ref-7f15ac4-m100 vs candidate-m75)
Finished game 1069 (candidate-m75 vs ref-7f15ac4-m100): 1/2-1/2 {Draw by 3-fold repetition}
Started game 1081 of 40000 (candidate-m75 vs ref-7f15ac4-m100)
Finished game 1073 (candidate-m75 vs ref-7f15ac4-m100): 1/2-1/2 {Draw by 3-fold repetition}
Started game 1082 of 40000 (ref-7f15ac4-m100 vs candidate-m75)
Finished game 1075 (candidate-m75 vs ref-7f15ac4-m100): 1/2-1/2 {Draw by 3-fold repetition}
Started game 1083 of 40000 (candidate-m75 vs ref-7f15ac4-m100)
Finished game 1071 (candidate-m75 vs ref-7f15ac4-m100): 1-0 {White wins by adjudication}
Started game 1084 of 40000 (ref-7f15ac4-m100 vs candidate-m75)
Finished game 1057 (candidate-m75 vs ref-7f15ac4-m100): 1-0 {White wins by adjudication}
Started game 1085 of 40000 (candidate-m75 vs ref-7f15ac4-m100)
Finished game 1079 (candidate-m75 vs ref-7f15ac4-m100): 1-0 {White wins by adjudication}
Started game 1086 of 40000 (ref-7f15ac4-m100 vs candidate-m75)
Finished game 1070 (ref-7f15ac4-m100 vs candidate-m75): 1/2-1/2 {Draw by insufficient mating material}
Started game 1087 of 40000 (candidate-m75 vs ref-7f15ac4-m100)
Finished game 1080 (ref-7f15ac4-m100 vs candidate-m75): 1-0 {White wins by adjudication}
--------------------------------------------------
Results of candidate-m75 vs ref-7f15ac4-m100 (10+0.2, 1t, 16MB, 8moves_v3.pgn):
Elo: 6.79 +/- 16.33, nElo: 8.65 +/- 20.78
LOS: 79.28 %, DrawRatio: 33.52 %, PairsRatio: 1.08
Games: 1074, Wins: 351, Losses: 330, Draws: 393, Points: 547.5 (50.98 %)
Ptnml(0-2): [47, 125, 180, 130, 55], WL/DD Ratio: 1.61
LLR: 0.77 (26.1%) (-2.94, 2.94) [-5.00, 5.00]
--------------------------------------------------
Started game 1088 of 40000 (ref-7f15ac4-m100 vs candidate-m75)
Finished game 1076 (ref-7f15ac4-m100 vs candidate-m75): 1-0 {White wins by adjudication}
Started game 1089 of 40000 (candidate-m75 vs ref-7f15ac4-m100)
Finished game 1086 (ref-7f15ac4-m100 vs candidate-m75): 1/2-1/2 {Draw by 3-fold repetition}
Started game 1090 of 40000 (ref-7f15ac4-m100 vs candidate-m75)
Finished game 1077 (candidate-m75 vs ref-7f15ac4-m100): 1/2-1/2 {Draw by insufficient mating material}
Started game 1091 of 40000 (candidate-m75 vs ref-7f15ac4-m100)
Finished game 1084 (ref-7f15ac4-m100 vs candidate-m75): 1/2-1/2 {Draw by 3-fold repetition}
Started game 1092 of 40000 (ref-7f15ac4-m100 vs candidate-m75)
Finished game 1081 (candidate-m75 vs ref-7f15ac4-m100): 1-0 {White wins by adjudication}
Started game 1093 of 40000 (candidate-m75 vs ref-7f15ac4-m100)
Finished game 1078 (ref-7f15ac4-m100 vs candidate-m75): 1-0 {White wins by adjudication}
Started game 1094 of 40000 (ref-7f15ac4-m100 vs candidate-m75)
Finished game 1085 (candidate-m75 vs ref-7f15ac4-m100): 1/2-1/2 {Draw by 3-fold repetition}
Started game 1095 of 40000 (candidate-m75 vs ref-7f15ac4-m100)
Finished game 1087 (candidate-m75 vs ref-7f15ac4-m100): 1-0 {White wins by adjudication}
Started game 1096 of 40000 (ref-7f15ac4-m100 vs candidate-m75)
Finished game 1083 (candidate-m75 vs ref-7f15ac4-m100): 1-0 {White wins by adjudication}
Started game 1097 of 40000 (candidate-m75 vs ref-7f15ac4-m100)
Finished game 1074 (ref-7f15ac4-m100 vs candidate-m75): 1/2-1/2 {Draw by adjudication}
Started game 1098 of 40000 (ref-7f15ac4-m100 vs candidate-m75)
Finished game 1082 (ref-7f15ac4-m100 vs candidate-m75): 1-0 {White wins by adjudication}
Started game 1099 of 40000 (candidate-m75 vs ref-7f15ac4-m100)
Finished game 1089 (candidate-m75 vs ref-7f15ac4-m100): 1-0 {White wins by adjudication}
Started game 1100 of 40000 (ref-7f15ac4-m100 vs candidate-m75)
Finished game 1088 (ref-7f15ac4-m100 vs candidate-m75): 1/2-1/2 {Draw by adjudication}
Started game 1101 of 40000 (candidate-m75 vs ref-7f15ac4-m100)
Finished game 1094 (ref-7f15ac4-m100 vs candidate-m75): 0-1 {Black wins by adjudication}
Started game 1102 of 40000 (ref-7f15ac4-m100 vs candidate-m75)
Finished game 1095 (candidate-m75 vs ref-7f15ac4-m100): 0-1 {Black wins by adjudication}
Started game 1103 of 40000 (candidate-m75 vs ref-7f15ac4-m100)
Finished game 1093 (candidate-m75 vs ref-7f15ac4-m100): 1-0 {White wins by adjudication}
Started game 1104 of 40000 (ref-7f15ac4-m100 vs candidate-m75)
Finished game 1091 (candidate-m75 vs ref-7f15ac4-m100): 1/2-1/2 {Draw by adjudication}
Started game 1105 of 40000 (candidate-m75 vs ref-7f15ac4-m100)
Finished game 1096 (ref-7f15ac4-m100 vs candidate-m75): 1-0 {White wins by adjudication}
Started game 1106 of 40000 (ref-7f15ac4-m100 vs candidate-m75)
Finished game 1101 (candidate-m75 vs ref-7f15ac4-m100): 1-0 {White wins by adjudication}
Started game 1107 of 40000 (candidate-m75 vs ref-7f15ac4-m100)
Finished game 1098 (ref-7f15ac4-m100 vs candidate-m75): 1/2-1/2 {Draw by adjudication}
Started game 1108 of 40000 (ref-7f15ac4-m100 vs candidate-m75)
Finished game 1099 (candidate-m75 vs ref-7f15ac4-m100): 1/2-1/2 {Draw by 3-fold repetition}
Started game 1109 of 40000 (candidate-m75 vs ref-7f15ac4-m100)
Finished game 1092 (ref-7f15ac4-m100 vs candidate-m75): 1/2-1/2 {Draw by adjudication}
Started game 1110 of 40000 (ref-7f15ac4-m100 vs candidate-m75)
Finished game 1102 (ref-7f15ac4-m100 vs candidate-m75): 1-0 {White wins by adjudication}
Started game 1111 of 40000 (candidate-m75 vs ref-7f15ac4-m100)
Finished game 1090 (ref-7f15ac4-m100 vs candidate-m75): 1/2-1/2 {Draw by adjudication}
Started game 1112 of 40000 (ref-7f15ac4-m100 vs candidate-m75)
Finished game 1100 (ref-7f15ac4-m100 vs candidate-m75): 1/2-1/2 {Draw by 3-fold repetition}
--------------------------------------------------
Results of candidate-m75 vs ref-7f15ac4-m100 (10+0.2, 1t, 16MB, 8moves_v3.pgn):
Elo: 6.95 +/- 16.10, nElo: 8.87 +/- 20.53
LOS: 80.14 %, DrawRatio: 33.82 %, PairsRatio: 1.08
Games: 1100, Wins: 358, Losses: 336, Draws: 406, Points: 561.0 (51.00 %)
Ptnml(0-2): [48, 127, 186, 133, 56], WL/DD Ratio: 1.55
LLR: 0.81 (27.4%) (-2.94, 2.94) [-5.00, 5.00]
--------------------------------------------------
Started game 1113 of 40000 (candidate-m75 vs ref-7f15ac4-m100)
Finished game 1097 (candidate-m75 vs ref-7f15ac4-m100): 1/2-1/2 {Draw by adjudication}
Started game 1114 of 40000 (ref-7f15ac4-m100 vs candidate-m75)
Finished game 1110 (ref-7f15ac4-m100 vs candidate-m75): 1/2-1/2 {Draw by 3-fold repetition}
Started game 1115 of 40000 (candidate-m75 vs ref-7f15ac4-m100)
Finished game 1106 (ref-7f15ac4-m100 vs candidate-m75): 0-1 {Black wins by adjudication}
Started game 1116 of 40000 (ref-7f15ac4-m100 vs candidate-m75)
Finished game 1103 (candidate-m75 vs ref-7f15ac4-m100): 1/2-1/2 {Draw by insufficient mating material}
Started game 1117 of 40000 (candidate-m75 vs ref-7f15ac4-m100)
Finished game 1113 (candidate-m75 vs ref-7f15ac4-m100): 0-1 {Black wins by adjudication}
Started game 1118 of 40000 (ref-7f15ac4-m100 vs candidate-m75)
Finished game 1107 (candidate-m75 vs ref-7f15ac4-m100): 1-0 {White wins by adjudication}
Started game 1119 of 40000 (candidate-m75 vs ref-7f15ac4-m100)
Finished game 1109 (candidate-m75 vs ref-7f15ac4-m100): 1/2-1/2 {Draw by 3-fold repetition}
Started game 1120 of 40000 (ref-7f15ac4-m100 vs candidate-m75)
Finished game 1104 (ref-7f15ac4-m100 vs candidate-m75): 1/2-1/2 {Draw by insufficient mating material}
Started game 1121 of 40000 (candidate-m75 vs ref-7f15ac4-m100)
Finished game 1108 (ref-7f15ac4-m100 vs candidate-m75): 0-1 {Black wins by adjudication}
Started game 1122 of 40000 (ref-7f15ac4-m100 vs candidate-m75)
Finished game 1111 (candidate-m75 vs ref-7f15ac4-m100): 1-0 {White wins by adjudication}
Started game 1123 of 40000 (candidate-m75 vs ref-7f15ac4-m100)
Finished game 1112 (ref-7f15ac4-m100 vs candidate-m75): 0-1 {Black wins by adjudication}
Started game 1124 of 40000 (ref-7f15ac4-m100 vs candidate-m75)
Finished game 1114 (ref-7f15ac4-m100 vs candidate-m75): 1/2-1/2 {Draw by 3-fold repetition}
Started game 1125 of 40000 (candidate-m75 vs ref-7f15ac4-m100)
Finished game 1116 (ref-7f15ac4-m100 vs candidate-m75): 0-1 {Black wins by adjudication}
Started game 1126 of 40000 (ref-7f15ac4-m100 vs candidate-m75)
Finished game 1115 (candidate-m75 vs ref-7f15ac4-m100): 1-0 {White wins by adjudication}
Started game 1127 of 40000 (candidate-m75 vs ref-7f15ac4-m100)
Finished game 1105 (candidate-m75 vs ref-7f15ac4-m100): 1/2-1/2 {Draw by fifty moves rule}
Started game 1128 of 40000 (ref-7f15ac4-m100 vs candidate-m75)
Finished game 1121 (candidate-m75 vs ref-7f15ac4-m100): 1/2-1/2 {Draw by 3-fold repetition}
Started game 1129 of 40000 (candidate-m75 vs ref-7f15ac4-m100)
Finished game 1120 (ref-7f15ac4-m100 vs candidate-m75): 1/2-1/2 {Draw by insufficient mating material}
Started game 1130 of 40000 (ref-7f15ac4-m100 vs candidate-m75)
Finished game 1122 (ref-7f15ac4-m100 vs candidate-m75): 0-1 {Black wins by adjudication}
Started game 1131 of 40000 (candidate-m75 vs ref-7f15ac4-m100)
Finished game 1119 (candidate-m75 vs ref-7f15ac4-m100): 0-1 {Black wins by adjudication}
--------------------------------------------------
Results of candidate-m75 vs ref-7f15ac4-m100 (10+0.2, 1t, 16MB, 8moves_v3.pgn):
Elo: 8.69 +/- 16.00, nElo: 11.06 +/- 20.35
LOS: 85.67 %, DrawRatio: 33.75 %, PairsRatio: 1.10
Games: 1120, Wins: 366, Losses: 338, Draws: 416, Points: 574.0 (51.25 %)
Ptnml(0-2): [48, 129, 189, 135, 59], WL/DD Ratio: 1.49
LLR: 1.03 (34.8%) (-2.94, 2.94) [-5.00, 5.00]
--------------------------------------------------
Started game 1132 of 40000 (ref-7f15ac4-m100 vs candidate-m75)
Finished game 1123 (candidate-m75 vs ref-7f15ac4-m100): 0-1 {Black wins by adjudication}
Started game 1133 of 40000 (candidate-m75 vs ref-7f15ac4-m100)
Finished game 1128 (ref-7f15ac4-m100 vs candidate-m75): 1-0 {White wins by adjudication}
Started game 1134 of 40000 (ref-7f15ac4-m100 vs candidate-m75)
Finished game 1117 (candidate-m75 vs ref-7f15ac4-m100): 1/2-1/2 {Draw by 3-fold repetition}
Started game 1135 of 40000 (candidate-m75 vs ref-7f15ac4-m100)
Finished game 1118 (ref-7f15ac4-m100 vs candidate-m75): 1/2-1/2 {Draw by insufficient mating material}
Started game 1136 of 40000 (ref-7f15ac4-m100 vs candidate-m75)
Finished game 1125 (candidate-m75 vs ref-7f15ac4-m100): 1/2-1/2 {Draw by 3-fold repetition}
Started game 1137 of 40000 (candidate-m75 vs ref-7f15ac4-m100)
Finished game 1132 (ref-7f15ac4-m100 vs candidate-m75): 1/2-1/2 {Draw by 3-fold repetition}
Started game 1138 of 40000 (ref-7f15ac4-m100 vs candidate-m75)
Finished game 1127 (candidate-m75 vs ref-7f15ac4-m100): 1-0 {White wins by adjudication}
Started game 1139 of 40000 (candidate-m75 vs ref-7f15ac4-m100)
Finished game 1124 (ref-7f15ac4-m100 vs candidate-m75): 1/2-1/2 {Draw by 3-fold repetition}
Started game 1140 of 40000 (ref-7f15ac4-m100 vs candidate-m75)
Finished game 1134 (ref-7f15ac4-m100 vs candidate-m75): 1-0 {White wins by adjudication}
Started game 1141 of 40000 (candidate-m75 vs ref-7f15ac4-m100)
Finished game 1133 (candidate-m75 vs ref-7f15ac4-m100): 1-0 {White wins by adjudication}
Started game 1142 of 40000 (ref-7f15ac4-m100 vs candidate-m75)
Finished game 1135 (candidate-m75 vs ref-7f15ac4-m100): 1-0 {White wins by adjudication}
Started game 1143 of 40000 (candidate-m75 vs ref-7f15ac4-m100)
Finished game 1131 (candidate-m75 vs ref-7f15ac4-m100): 1-0 {White wins by adjudication}
Started game 1144 of 40000 (ref-7f15ac4-m100 vs candidate-m75)
Finished game 1140 (ref-7f15ac4-m100 vs candidate-m75): 0-1 {Black wins by adjudication}
Started game 1145 of 40000 (candidate-m75 vs ref-7f15ac4-m100)
Finished game 1137 (candidate-m75 vs ref-7f15ac4-m100): 0-1 {Black wins by adjudication}
Started game 1146 of 40000 (ref-7f15ac4-m100 vs candidate-m75)
Finished game 1139 (candidate-m75 vs ref-7f15ac4-m100): 0-1 {Black wins by adjudication}
--------------------------------------------------
Results of candidate-m75 vs ref-7f15ac4-m100 (10+0.2, 1t, 16MB, 8moves_v3.pgn):
Elo: 8.60 +/- 15.85, nElo: 10.99 +/- 20.24
LOS: 85.63 %, DrawRatio: 34.10 %, PairsRatio: 1.10
Games: 1132, Wins: 370, Losses: 342, Draws: 420, Points: 580.0 (51.24 %)
Ptnml(0-2): [48, 130, 193, 136, 59], WL/DD Ratio: 1.51
LLR: 1.03 (35.0%) (-2.94, 2.94) [-5.00, 5.00]
--------------------------------------------------
Started game 1147 of 40000 (candidate-m75 vs ref-7f15ac4-m100)
Finished game 1129 (candidate-m75 vs ref-7f15ac4-m100): 1-0 {White wins by adjudication}
Started game 1148 of 40000 (ref-7f15ac4-m100 vs candidate-m75)
Finished game 1126 (ref-7f15ac4-m100 vs candidate-m75): 1/2-1/2 {Draw by fifty moves rule}
Started game 1149 of 40000 (candidate-m75 vs ref-7f15ac4-m100)
Finished game 1136 (ref-7f15ac4-m100 vs candidate-m75): 1-0 {White wins by adjudication}
Started game 1150 of 40000 (ref-7f15ac4-m100 vs candidate-m75)
Finished game 1138 (ref-7f15ac4-m100 vs candidate-m75): 1/2-1/2 {Draw by insufficient mating material}
Started game 1151 of 40000 (candidate-m75 vs ref-7f15ac4-m100)
Finished game 1130 (ref-7f15ac4-m100 vs candidate-m75): 1/2-1/2 {Draw by 3-fold repetition}
Started game 1152 of 40000 (ref-7f15ac4-m100 vs candidate-m75)
Finished game 1145 (candidate-m75 vs ref-7f15ac4-m100): 0-1 {Black wins by adjudication}
Started game 1153 of 40000 (candidate-m75 vs ref-7f15ac4-m100)
Finished game 1149 (candidate-m75 vs ref-7f15ac4-m100): 0-1 {Black wins by adjudication}
Started game 1154 of 40000 (ref-7f15ac4-m100 vs candidate-m75)
Finished game 1142 (ref-7f15ac4-m100 vs candidate-m75): 0-1 {Black wins by adjudication}
Started game 1155 of 40000 (candidate-m75 vs ref-7f15ac4-m100)
Finished game 1144 (ref-7f15ac4-m100 vs candidate-m75): 1/2-1/2 {Draw by 3-fold repetition}
Started game 1156 of 40000 (ref-7f15ac4-m100 vs candidate-m75)
Finished game 1141 (candidate-m75 vs ref-7f15ac4-m100): 1-0 {White wins by adjudication}
Started game 1157 of 40000 (candidate-m75 vs ref-7f15ac4-m100)
Finished game 1150 (ref-7f15ac4-m100 vs candidate-m75): 1/2-1/2 {Draw by 3-fold repetition}
Started game 1158 of 40000 (ref-7f15ac4-m100 vs candidate-m75)
Finished game 1143 (candidate-m75 vs ref-7f15ac4-m100): 1/2-1/2 {Draw by insufficient mating material}
Started game 1159 of 40000 (candidate-m75 vs ref-7f15ac4-m100)
Finished game 1148 (ref-7f15ac4-m100 vs candidate-m75): 1/2-1/2 {Draw by 3-fold repetition}
Started game 1160 of 40000 (ref-7f15ac4-m100 vs candidate-m75)
Finished game 1147 (candidate-m75 vs ref-7f15ac4-m100): 0-1 {Black wins by adjudication}
Started game 1161 of 40000 (candidate-m75 vs ref-7f15ac4-m100)
Finished game 1155 (candidate-m75 vs ref-7f15ac4-m100): 1/2-1/2 {Draw by 3-fold repetition}
Started game 1162 of 40000 (ref-7f15ac4-m100 vs candidate-m75)
Finished game 1151 (candidate-m75 vs ref-7f15ac4-m100): 0-1 {Black wins by adjudication}
Started game 1163 of 40000 (candidate-m75 vs ref-7f15ac4-m100)
Finished game 1152 (ref-7f15ac4-m100 vs candidate-m75): 1-0 {White wins by adjudication}
Started game 1164 of 40000 (ref-7f15ac4-m100 vs candidate-m75)
Finished game 1146 (ref-7f15ac4-m100 vs candidate-m75): 1/2-1/2 {Draw by adjudication}
Started game 1165 of 40000 (candidate-m75 vs ref-7f15ac4-m100)
Finished game 1157 (candidate-m75 vs ref-7f15ac4-m100): 1-0 {White wins by adjudication}
Started game 1166 of 40000 (ref-7f15ac4-m100 vs candidate-m75)
Finished game 1160 (ref-7f15ac4-m100 vs candidate-m75): 1-0 {White wins by adjudication}
Started game 1167 of 40000 (candidate-m75 vs ref-7f15ac4-m100)
Finished game 1154 (ref-7f15ac4-m100 vs candidate-m75): 0-1 {Black wins by adjudication}
Started game 1168 of 40000 (ref-7f15ac4-m100 vs candidate-m75)
Finished game 1158 (ref-7f15ac4-m100 vs candidate-m75): 0-1 {Black wins by adjudication}
Started game 1169 of 40000 (candidate-m75 vs ref-7f15ac4-m100)
Finished game 1161 (candidate-m75 vs ref-7f15ac4-m100): 0-1 {Black wins by adjudication}
Started game 1170 of 40000 (ref-7f15ac4-m100 vs candidate-m75)
Finished game 1162 (ref-7f15ac4-m100 vs candidate-m75): 0-1 {Black wins by adjudication}
Started game 1171 of 40000 (candidate-m75 vs ref-7f15ac4-m100)
Finished game 1153 (candidate-m75 vs ref-7f15ac4-m100): 1-0 {White wins by adjudication}
Started game 1172 of 40000 (ref-7f15ac4-m100 vs candidate-m75)
Finished game 1164 (ref-7f15ac4-m100 vs candidate-m75): 1-0 {White wins by adjudication}
Started game 1173 of 40000 (candidate-m75 vs ref-7f15ac4-m100)
Finished game 1159 (candidate-m75 vs ref-7f15ac4-m100): 1/2-1/2 {Draw by 3-fold repetition}
--------------------------------------------------
Results of candidate-m75 vs ref-7f15ac4-m100 (10+0.2, 1t, 16MB, 8moves_v3.pgn):
Elo: 8.39 +/- 15.71, nElo: 10.68 +/- 19.99
LOS: 85.25 %, DrawRatio: 33.97 %, PairsRatio: 1.08
Games: 1160, Wins: 379, Losses: 351, Draws: 430, Points: 594.0 (51.21 %)
Ptnml(0-2): [49, 135, 197, 137, 62], WL/DD Ratio: 1.49
LLR: 1.03 (34.9%) (-2.94, 2.94) [-5.00, 5.00]
--------------------------------------------------
Started game 1174 of 40000 (ref-7f15ac4-m100 vs candidate-m75)
Finished game 1156 (ref-7f15ac4-m100 vs candidate-m75): 1/2-1/2 {Draw by adjudication}
Started game 1175 of 40000 (candidate-m75 vs ref-7f15ac4-m100)
Finished game 1165 (candidate-m75 vs ref-7f15ac4-m100): 1-0 {White wins by adjudication}
Started game 1176 of 40000 (ref-7f15ac4-m100 vs candidate-m75)
Finished game 1168 (ref-7f15ac4-m100 vs candidate-m75): 1-0 {White wins by adjudication}
Started game 1177 of 40000 (candidate-m75 vs ref-7f15ac4-m100)
Finished game 1167 (candidate-m75 vs ref-7f15ac4-m100): 1/2-1/2 {Draw by 3-fold repetition}
Started game 1178 of 40000 (ref-7f15ac4-m100 vs candidate-m75)
Finished game 1174 (ref-7f15ac4-m100 vs candidate-m75): 0-1 {Black wins by adjudication}
Started game 1179 of 40000 (candidate-m75 vs ref-7f15ac4-m100)
Finished game 1166 (ref-7f15ac4-m100 vs candidate-m75): 0-1 {Black wins by adjudication}
Started game 1180 of 40000 (ref-7f15ac4-m100 vs candidate-m75)
Finished game 1169 (candidate-m75 vs ref-7f15ac4-m100): 0-1 {Black wins by adjudication}
Started game 1181 of 40000 (candidate-m75 vs ref-7f15ac4-m100)
Finished game 1173 (candidate-m75 vs ref-7f15ac4-m100): 0-1 {Black wins by adjudication}
Started game 1182 of 40000 (ref-7f15ac4-m100 vs candidate-m75)
Finished game 1163 (candidate-m75 vs ref-7f15ac4-m100): 1-0 {White wins by adjudication}
Started game 1183 of 40000 (candidate-m75 vs ref-7f15ac4-m100)
Finished game 1172 (ref-7f15ac4-m100 vs candidate-m75): 1/2-1/2 {Draw by 3-fold repetition}
Started game 1184 of 40000 (ref-7f15ac4-m100 vs candidate-m75)
Finished game 1181 (candidate-m75 vs ref-7f15ac4-m100): 1/2-1/2 {Draw by 3-fold repetition}
Started game 1185 of 40000 (candidate-m75 vs ref-7f15ac4-m100)
Finished game 1170 (ref-7f15ac4-m100 vs candidate-m75): 1-0 {White wins by adjudication}
Started game 1186 of 40000 (ref-7f15ac4-m100 vs candidate-m75)
Finished game 1171 (candidate-m75 vs ref-7f15ac4-m100): 1/2-1/2 {Draw by insufficient mating material}
Started game 1187 of 40000 (candidate-m75 vs ref-7f15ac4-m100)
Finished game 1182 (ref-7f15ac4-m100 vs candidate-m75): 1/2-1/2 {Draw by 3-fold repetition}
Started game 1188 of 40000 (ref-7f15ac4-m100 vs candidate-m75)
Finished game 1176 (ref-7f15ac4-m100 vs candidate-m75): 1-0 {White wins by adjudication}
Started game 1189 of 40000 (candidate-m75 vs ref-7f15ac4-m100)
Finished game 1178 (ref-7f15ac4-m100 vs candidate-m75): 1-0 {White wins by adjudication}
Started game 1190 of 40000 (ref-7f15ac4-m100 vs candidate-m75)
Finished game 1179 (candidate-m75 vs ref-7f15ac4-m100): 1-0 {White wins by adjudication}
Started game 1191 of 40000 (candidate-m75 vs ref-7f15ac4-m100)
Finished game 1177 (candidate-m75 vs ref-7f15ac4-m100): 0-1 {Black wins by adjudication}
Started game 1192 of 40000 (ref-7f15ac4-m100 vs candidate-m75)
Finished game 1183 (candidate-m75 vs ref-7f15ac4-m100): 1/2-1/2 {Draw by 3-fold repetition}
Started game 1193 of 40000 (candidate-m75 vs ref-7f15ac4-m100)
Finished game 1180 (ref-7f15ac4-m100 vs candidate-m75): 1-0 {White wins by adjudication}
--------------------------------------------------
Results of candidate-m75 vs ref-7f15ac4-m100 (10+0.2, 1t, 16MB, 8moves_v3.pgn):
Elo: 7.36 +/- 15.59, nElo: 9.37 +/- 19.82
LOS: 82.29 %, DrawRatio: 34.41 %, PairsRatio: 1.07
Games: 1180, Wins: 384, Losses: 359, Draws: 437, Points: 602.5 (51.06 %)
Ptnml(0-2): [51, 136, 203, 137, 63], WL/DD Ratio: 1.48
LLR: 0.92 (31.1%) (-2.94, 2.94) [-5.00, 5.00]
--------------------------------------------------
Started game 1194 of 40000 (ref-7f15ac4-m100 vs candidate-m75)
Finished game 1186 (ref-7f15ac4-m100 vs candidate-m75): 0-1 {Black wins by adjudication}
Started game 1195 of 40000 (candidate-m75 vs ref-7f15ac4-m100)
Finished game 1184 (ref-7f15ac4-m100 vs candidate-m75): 1-0 {White wins by adjudication}
Started game 1196 of 40000 (ref-7f15ac4-m100 vs candidate-m75)
Finished game 1185 (candidate-m75 vs ref-7f15ac4-m100): 1-0 {White wins by adjudication}
Started game 1197 of 40000 (candidate-m75 vs ref-7f15ac4-m100)
Finished game 1175 (candidate-m75 vs ref-7f15ac4-m100): 1/2-1/2 {Draw by adjudication}
Started game 1198 of 40000 (ref-7f15ac4-m100 vs candidate-m75)
Finished game 1188 (ref-7f15ac4-m100 vs candidate-m75): 1-0 {White wins by adjudication}
Started game 1199 of 40000 (candidate-m75 vs ref-7f15ac4-m100)
Finished game 1187 (candidate-m75 vs ref-7f15ac4-m100): 1/2-1/2 {Draw by 3-fold repetition}
Started game 1200 of 40000 (ref-7f15ac4-m100 vs candidate-m75)
Finished game 1192 (ref-7f15ac4-m100 vs candidate-m75): 1-0 {White wins by adjudication}
Started game 1201 of 40000 (candidate-m75 vs ref-7f15ac4-m100)
Finished game 1189 (candidate-m75 vs ref-7f15ac4-m100): 0-1 {Black wins by adjudication}
Started game 1202 of 40000 (ref-7f15ac4-m100 vs candidate-m75)
Finished game 1202 (ref-7f15ac4-m100 vs candidate-m75): 1/2-1/2 {Draw by 3-fold repetition}
Started game 1203 of 40000 (candidate-m75 vs ref-7f15ac4-m100)
Finished game 1191 (candidate-m75 vs ref-7f15ac4-m100): 0-1 {Black wins by adjudication}
Started game 1204 of 40000 (ref-7f15ac4-m100 vs candidate-m75)
Finished game 1194 (ref-7f15ac4-m100 vs candidate-m75): 1/2-1/2 {Draw by 3-fold repetition}
Started game 1205 of 40000 (candidate-m75 vs ref-7f15ac4-m100)
Finished game 1198 (ref-7f15ac4-m100 vs candidate-m75): 1-0 {White wins by adjudication}
Started game 1206 of 40000 (ref-7f15ac4-m100 vs candidate-m75)
Finished game 1197 (candidate-m75 vs ref-7f15ac4-m100): 0-1 {Black wins by adjudication}
Started game 1207 of 40000 (candidate-m75 vs ref-7f15ac4-m100)
Finished game 1196 (ref-7f15ac4-m100 vs candidate-m75): 1-0 {White wins by adjudication}
Started game 1208 of 40000 (ref-7f15ac4-m100 vs candidate-m75)
Finished game 1193 (candidate-m75 vs ref-7f15ac4-m100): 1/2-1/2 {Draw by adjudication}
Started game 1209 of 40000 (candidate-m75 vs ref-7f15ac4-m100)
Finished game 1201 (candidate-m75 vs ref-7f15ac4-m100): 1/2-1/2 {Draw by 3-fold repetition}
Started game 1210 of 40000 (ref-7f15ac4-m100 vs candidate-m75)
Finished game 1195 (candidate-m75 vs ref-7f15ac4-m100): 0-1 {Black wins by adjudication}
Started game 1211 of 40000 (candidate-m75 vs ref-7f15ac4-m100)
Finished game 1190 (ref-7f15ac4-m100 vs candidate-m75): 1/2-1/2 {Draw by adjudication}
Started game 1212 of 40000 (ref-7f15ac4-m100 vs candidate-m75)
Finished game 1200 (ref-7f15ac4-m100 vs candidate-m75): 1-0 {White wins by adjudication}
Started game 1213 of 40000 (candidate-m75 vs ref-7f15ac4-m100)
Finished game 1206 (ref-7f15ac4-m100 vs candidate-m75): 1/2-1/2 {Draw by 3-fold repetition}
Started game 1214 of 40000 (ref-7f15ac4-m100 vs candidate-m75)
Finished game 1199 (candidate-m75 vs ref-7f15ac4-m100): 1-0 {White wins by adjudication}
--------------------------------------------------
Results of candidate-m75 vs ref-7f15ac4-m100 (10+0.2, 1t, 16MB, 8moves_v3.pgn):
Elo: 4.91 +/- 15.51, nElo: 6.23 +/- 19.64
LOS: 73.28 %, DrawRatio: 34.28 %, PairsRatio: 1.04
Games: 1202, Wins: 387, Losses: 370, Draws: 445, Points: 609.5 (50.71 %)
Ptnml(0-2): [54, 140, 206, 137, 64], WL/DD Ratio: 1.45
LLR: 0.62 (21.1%) (-2.94, 2.94) [-5.00, 5.00]
--------------------------------------------------
Started game 1215 of 40000 (candidate-m75 vs ref-7f15ac4-m100)
Finished game 1204 (ref-7f15ac4-m100 vs candidate-m75): 0-1 {Black wins by adjudication}
Started game 1216 of 40000 (ref-7f15ac4-m100 vs candidate-m75)
Finished game 1207 (candidate-m75 vs ref-7f15ac4-m100): 0-1 {Black wins by adjudication}
Started game 1217 of 40000 (candidate-m75 vs ref-7f15ac4-m100)
Finished game 1203 (candidate-m75 vs ref-7f15ac4-m100): 0-1 {Black wins by adjudication}
Started game 1218 of 40000 (ref-7f15ac4-m100 vs candidate-m75)
Finished game 1209 (candidate-m75 vs ref-7f15ac4-m100): 0-1 {Black wins by adjudication}
Started game 1219 of 40000 (candidate-m75 vs ref-7f15ac4-m100)
Finished game 1212 (ref-7f15ac4-m100 vs candidate-m75): 0-1 {Black wins by adjudication}
Started game 1220 of 40000 (ref-7f15ac4-m100 vs candidate-m75)
Finished game 1210 (ref-7f15ac4-m100 vs candidate-m75): 0-1 {Black wins by adjudication}
Started game 1221 of 40000 (candidate-m75 vs ref-7f15ac4-m100)
Finished game 1214 (ref-7f15ac4-m100 vs candidate-m75): 1-0 {White wins by adjudication}
Started game 1222 of 40000 (ref-7f15ac4-m100 vs candidate-m75)
Finished game 1208 (ref-7f15ac4-m100 vs candidate-m75): 1/2-1/2 {Draw by 3-fold repetition}
Started game 1223 of 40000 (candidate-m75 vs ref-7f15ac4-m100)
Finished game 1205 (candidate-m75 vs ref-7f15ac4-m100): 1/2-1/2 {Draw by adjudication}
Started game 1224 of 40000 (ref-7f15ac4-m100 vs candidate-m75)
Finished game 1215 (candidate-m75 vs ref-7f15ac4-m100): 1/2-1/2 {Draw by adjudication}
Started game 1225 of 40000 (candidate-m75 vs ref-7f15ac4-m100)
Finished game 1213 (candidate-m75 vs ref-7f15ac4-m100): 1-0 {White wins by adjudication}
Started game 1226 of 40000 (ref-7f15ac4-m100 vs candidate-m75)
Finished game 1211 (candidate-m75 vs ref-7f15ac4-m100): 1/2-1/2 {Draw by 3-fold repetition}
Started game 1227 of 40000 (candidate-m75 vs ref-7f15ac4-m100)
Finished game 1219 (candidate-m75 vs ref-7f15ac4-m100): 1-0 {White wins by adjudication}
Started game 1228 of 40000 (ref-7f15ac4-m100 vs candidate-m75)
Finished game 1217 (candidate-m75 vs ref-7f15ac4-m100): 0-1 {Black wins by adjudication}
Started game 1229 of 40000 (candidate-m75 vs ref-7f15ac4-m100)
Finished game 1218 (ref-7f15ac4-m100 vs candidate-m75): 1/2-1/2 {Draw by 3-fold repetition}
Started game 1230 of 40000 (ref-7f15ac4-m100 vs candidate-m75)
Finished game 1222 (ref-7f15ac4-m100 vs candidate-m75): 1-0 {White wins by adjudication}
Started game 1231 of 40000 (candidate-m75 vs ref-7f15ac4-m100)
Finished game 1216 (ref-7f15ac4-m100 vs candidate-m75): 0-1 {Black wins by adjudication}
Started game 1232 of 40000 (ref-7f15ac4-m100 vs candidate-m75)
Finished game 1226 (ref-7f15ac4-m100 vs candidate-m75): 1-0 {White wins by adjudication}
Started game 1233 of 40000 (candidate-m75 vs ref-7f15ac4-m100)
Finished game 1224 (ref-7f15ac4-m100 vs candidate-m75): 0-1 {Black wins by adjudication}
Started game 1234 of 40000 (ref-7f15ac4-m100 vs candidate-m75)
Finished game 1220 (ref-7f15ac4-m100 vs candidate-m75): 0-1 {Black wins by adjudication}
--------------------------------------------------
Results of candidate-m75 vs ref-7f15ac4-m100 (10+0.2, 1t, 16MB, 8moves_v3.pgn):
Elo: 5.41 +/- 15.36, nElo: 6.87 +/- 19.50
LOS: 75.52 %, DrawRatio: 34.43 %, PairsRatio: 1.04
Games: 1220, Wins: 394, Losses: 375, Draws: 451, Points: 619.5 (50.78 %)
Ptnml(0-2): [54, 142, 210, 139, 65], WL/DD Ratio: 1.47
LLR: 0.69 (23.6%) (-2.94, 2.94) [-5.00, 5.00]
--------------------------------------------------
Started game 1235 of 40000 (candidate-m75 vs ref-7f15ac4-m100)
Finished game 1228 (ref-7f15ac4-m100 vs candidate-m75): 1-0 {White wins by adjudication}
Started game 1236 of 40000 (ref-7f15ac4-m100 vs candidate-m75)
Finished game 1221 (candidate-m75 vs ref-7f15ac4-m100): 1/2-1/2 {Draw by adjudication}
Started game 1237 of 40000 (candidate-m75 vs ref-7f15ac4-m100)
Finished game 1223 (candidate-m75 vs ref-7f15ac4-m100): 1/2-1/2 {Draw by insufficient mating material}
Started game 1238 of 40000 (ref-7f15ac4-m100 vs candidate-m75)
Finished game 1230 (ref-7f15ac4-m100 vs candidate-m75): 1/2-1/2 {Draw by 3-fold repetition}
Started game 1239 of 40000 (candidate-m75 vs ref-7f15ac4-m100)
Finished game 1227 (candidate-m75 vs ref-7f15ac4-m100): 1-0 {White wins by adjudication}
Started game 1240 of 40000 (ref-7f15ac4-m100 vs candidate-m75)
Finished game 1225 (candidate-m75 vs ref-7f15ac4-m100): 1-0 {White wins by adjudication}
Started game 1241 of 40000 (candidate-m75 vs ref-7f15ac4-m100)
Finished game 1232 (ref-7f15ac4-m100 vs candidate-m75): 1-0 {White wins by adjudication}
Started game 1242 of 40000 (ref-7f15ac4-m100 vs candidate-m75)
Finished game 1229 (candidate-m75 vs ref-7f15ac4-m100): 1/2-1/2 {Draw by 3-fold repetition}
Started game 1243 of 40000 (candidate-m75 vs ref-7f15ac4-m100)
Finished game 1231 (candidate-m75 vs ref-7f15ac4-m100): 1-0 {White wins by adjudication}
Started game 1244 of 40000 (ref-7f15ac4-m100 vs candidate-m75)
Finished game 1234 (ref-7f15ac4-m100 vs candidate-m75): 0-1 {Black wins by adjudication}
Started game 1245 of 40000 (candidate-m75 vs ref-7f15ac4-m100)
Finished game 1233 (candidate-m75 vs ref-7f15ac4-m100): 1/2-1/2 {Draw by 3-fold repetition}
Started game 1246 of 40000 (ref-7f15ac4-m100 vs candidate-m75)
Finished game 1237 (candidate-m75 vs ref-7f15ac4-m100): 1-0 {White wins by adjudication}
Started game 1247 of 40000 (candidate-m75 vs ref-7f15ac4-m100)
Finished game 1235 (candidate-m75 vs ref-7f15ac4-m100): 1/2-1/2 {Draw by 3-fold repetition}
Started game 1248 of 40000 (ref-7f15ac4-m100 vs candidate-m75)
Finished game 1242 (ref-7f15ac4-m100 vs candidate-m75): 1-0 {White wins by adjudication}
Started game 1249 of 40000 (candidate-m75 vs ref-7f15ac4-m100)
Finished game 1241 (candidate-m75 vs ref-7f15ac4-m100): 1/2-1/2 {Draw by 3-fold repetition}
Started game 1250 of 40000 (ref-7f15ac4-m100 vs candidate-m75)
Finished game 1240 (ref-7f15ac4-m100 vs candidate-m75): 1-0 {White wins by adjudication}
Started game 1251 of 40000 (candidate-m75 vs ref-7f15ac4-m100)
Finished game 1248 (ref-7f15ac4-m100 vs candidate-m75): 1-0 {White wins by adjudication}
Started game 1252 of 40000 (ref-7f15ac4-m100 vs candidate-m75)
Finished game 1236 (ref-7f15ac4-m100 vs candidate-m75): 1-0 {White wins by adjudication}
Started game 1253 of 40000 (candidate-m75 vs ref-7f15ac4-m100)
Finished game 1243 (candidate-m75 vs ref-7f15ac4-m100): 0-1 {Black wins by adjudication}
Started game 1254 of 40000 (ref-7f15ac4-m100 vs candidate-m75)
Finished game 1244 (ref-7f15ac4-m100 vs candidate-m75): 0-1 {Black wins by adjudication}
Started game 1255 of 40000 (candidate-m75 vs ref-7f15ac4-m100)
Finished game 1238 (ref-7f15ac4-m100 vs candidate-m75): 1-0 {White wins by adjudication}
Started game 1256 of 40000 (ref-7f15ac4-m100 vs candidate-m75)
Finished game 1239 (candidate-m75 vs ref-7f15ac4-m100): 0-1 {Black wins by adjudication}
--------------------------------------------------
Results of candidate-m75 vs ref-7f15ac4-m100 (10+0.2, 1t, 16MB, 8moves_v3.pgn):
Elo: 4.47 +/- 15.16, nElo: 5.70 +/- 19.31
LOS: 71.85 %, DrawRatio: 34.73 %, PairsRatio: 1.03
Games: 1244, Wins: 401, Losses: 385, Draws: 458, Points: 630.0 (50.64 %)
Ptnml(0-2): [55, 145, 216, 141, 65], WL/DD Ratio: 1.51
LLR: 0.59 (19.9%) (-2.94, 2.94) [-5.00, 5.00]
--------------------------------------------------
Started game 1257 of 40000 (candidate-m75 vs ref-7f15ac4-m100)
Finished game 1245 (candidate-m75 vs ref-7f15ac4-m100): 0-1 {Black wins by adjudication}
Started game 1258 of 40000 (ref-7f15ac4-m100 vs candidate-m75)
Finished game 1249 (candidate-m75 vs ref-7f15ac4-m100): 1-0 {White wins by adjudication}
Started game 1259 of 40000 (candidate-m75 vs ref-7f15ac4-m100)
Finished game 1253 (candidate-m75 vs ref-7f15ac4-m100): 1/2-1/2 {Draw by 3-fold repetition}
Started game 1260 of 40000 (ref-7f15ac4-m100 vs candidate-m75)
Finished game 1250 (ref-7f15ac4-m100 vs candidate-m75): 0-1 {Black wins by adjudication}
Started game 1261 of 40000 (candidate-m75 vs ref-7f15ac4-m100)
Finished game 1247 (candidate-m75 vs ref-7f15ac4-m100): 0-1 {Black wins by adjudication}
Started game 1262 of 40000 (ref-7f15ac4-m100 vs candidate-m75)
Finished game 1246 (ref-7f15ac4-m100 vs candidate-m75): 1/2-1/2 {Draw by 3-fold repetition}
Started game 1263 of 40000 (candidate-m75 vs ref-7f15ac4-m100)
Finished game 1255 (candidate-m75 vs ref-7f15ac4-m100): 1-0 {White wins by adjudication}
Started game 1264 of 40000 (ref-7f15ac4-m100 vs candidate-m75)
Finished game 1254 (ref-7f15ac4-m100 vs candidate-m75): 0-1 {Black wins by adjudication}
Started game 1265 of 40000 (candidate-m75 vs ref-7f15ac4-m100)
Finished game 1252 (ref-7f15ac4-m100 vs candidate-m75): 0-1 {Black wins by adjudication}
Started game 1266 of 40000 (ref-7f15ac4-m100 vs candidate-m75)
Finished game 1257 (candidate-m75 vs ref-7f15ac4-m100): 0-1 {Black wins by adjudication}
Started game 1267 of 40000 (candidate-m75 vs ref-7f15ac4-m100)
Finished game 1259 (candidate-m75 vs ref-7f15ac4-m100): 1-0 {White wins by adjudication}
Started game 1268 of 40000 (ref-7f15ac4-m100 vs candidate-m75)
Finished game 1251 (candidate-m75 vs ref-7f15ac4-m100): 1-0 {White wins by adjudication}
Started game 1269 of 40000 (candidate-m75 vs ref-7f15ac4-m100)
Finished game 1260 (ref-7f15ac4-m100 vs candidate-m75): 1-0 {White wins by adjudication}
--------------------------------------------------
Results of candidate-m75 vs ref-7f15ac4-m100 (10+0.2, 1t, 16MB, 8moves_v3.pgn):
Elo: 4.98 +/- 15.15, nElo: 6.32 +/- 19.21
LOS: 74.04 %, DrawRatio: 34.55 %, PairsRatio: 1.03
Games: 1256, Wins: 407, Losses: 389, Draws: 460, Points: 637.0 (50.72 %)
Ptnml(0-2): [56, 146, 217, 142, 67], WL/DD Ratio: 1.52
LLR: 0.66 (22.3%) (-2.94, 2.94) [-5.00, 5.00]
--------------------------------------------------
Started game 1270 of 40000 (ref-7f15ac4-m100 vs candidate-m75)
Finished game 1258 (ref-7f15ac4-m100 vs candidate-m75): 1-0 {White wins by adjudication}
Started game 1271 of 40000 (candidate-m75 vs ref-7f15ac4-m100)
Finished game 1264 (ref-7f15ac4-m100 vs candidate-m75): 0-1 {Black wins by adjudication}
Started game 1272 of 40000 (ref-7f15ac4-m100 vs candidate-m75)
Finished game 1262 (ref-7f15ac4-m100 vs candidate-m75): 0-1 {Black wins by adjudication}
Started game 1273 of 40000 (candidate-m75 vs ref-7f15ac4-m100)
Finished game 1265 (candidate-m75 vs ref-7f15ac4-m100): 1/2-1/2 {Draw by 3-fold repetition}
Started game 1274 of 40000 (ref-7f15ac4-m100 vs candidate-m75)
Finished game 1256 (ref-7f15ac4-m100 vs candidate-m75): 1/2-1/2 {Draw by 3-fold repetition}
Started game 1275 of 40000 (candidate-m75 vs ref-7f15ac4-m100)
Finished game 1268 (ref-7f15ac4-m100 vs candidate-m75): 0-1 {Black wins by adjudication}
Started game 1276 of 40000 (ref-7f15ac4-m100 vs candidate-m75)
Finished game 1263 (candidate-m75 vs ref-7f15ac4-m100): 1-0 {White wins by adjudication}
Started game 1277 of 40000 (candidate-m75 vs ref-7f15ac4-m100)
Finished game 1267 (candidate-m75 vs ref-7f15ac4-m100): 1/2-1/2 {Draw by 3-fold repetition}
Started game 1278 of 40000 (ref-7f15ac4-m100 vs candidate-m75)
Finished game 1269 (candidate-m75 vs ref-7f15ac4-m100): 1/2-1/2 {Draw by 3-fold repetition}
Started game 1279 of 40000 (candidate-m75 vs ref-7f15ac4-m100)
Finished game 1261 (candidate-m75 vs ref-7f15ac4-m100): 1-0 {White wins by adjudication}
Started game 1280 of 40000 (ref-7f15ac4-m100 vs candidate-m75)
Finished game 1266 (ref-7f15ac4-m100 vs candidate-m75): 1/2-1/2 {Draw by 3-fold repetition}
Started game 1281 of 40000 (candidate-m75 vs ref-7f15ac4-m100)
Finished game 1270 (ref-7f15ac4-m100 vs candidate-m75): 1/2-1/2 {Draw by 3-fold repetition}
Started game 1282 of 40000 (ref-7f15ac4-m100 vs candidate-m75)
Finished game 1271 (candidate-m75 vs ref-7f15ac4-m100): 1/2-1/2 {Draw by adjudication}
Started game 1283 of 40000 (candidate-m75 vs ref-7f15ac4-m100)
Finished game 1276 (ref-7f15ac4-m100 vs candidate-m75): 0-1 {Black wins by adjudication}
Started game 1284 of 40000 (ref-7f15ac4-m100 vs candidate-m75)
Finished game 1273 (candidate-m75 vs ref-7f15ac4-m100): 1/2-1/2 {Draw by insufficient mating material}
Started game 1285 of 40000 (candidate-m75 vs ref-7f15ac4-m100)
Finished game 1277 (candidate-m75 vs ref-7f15ac4-m100): 1-0 {White wins by adjudication}
Started game 1286 of 40000 (ref-7f15ac4-m100 vs candidate-m75)
Finished game 1272 (ref-7f15ac4-m100 vs candidate-m75): 1/2-1/2 {Draw by insufficient mating material}
Started game 1287 of 40000 (candidate-m75 vs ref-7f15ac4-m100)
Finished game 1280 (ref-7f15ac4-m100 vs candidate-m75): 1-0 {White wins by adjudication}
Started game 1288 of 40000 (ref-7f15ac4-m100 vs candidate-m75)
Finished game 1281 (candidate-m75 vs ref-7f15ac4-m100): 0-1 {Black wins by adjudication}
Started game 1289 of 40000 (candidate-m75 vs ref-7f15ac4-m100)
Finished game 1275 (candidate-m75 vs ref-7f15ac4-m100): 1/2-1/2 {Draw by insufficient mating material}
Started game 1290 of 40000 (ref-7f15ac4-m100 vs candidate-m75)
Finished game 1274 (ref-7f15ac4-m100 vs candidate-m75): 1/2-1/2 {Draw by insufficient mating material}
Started game 1291 of 40000 (candidate-m75 vs ref-7f15ac4-m100)
Finished game 1279 (candidate-m75 vs ref-7f15ac4-m100): 0-1 {Black wins by adjudication}
--------------------------------------------------
Results of candidate-m75 vs ref-7f15ac4-m100 (10+0.2, 1t, 16MB, 8moves_v3.pgn):
Elo: 5.71 +/- 15.07, nElo: 7.22 +/- 19.05
LOS: 77.13 %, DrawRatio: 34.59 %, PairsRatio: 1.05
Games: 1278, Wins: 414, Losses: 393, Draws: 471, Points: 649.5 (50.82 %)
Ptnml(0-2): [58, 146, 221, 145, 69], WL/DD Ratio: 1.46
LLR: 0.76 (26.0%) (-2.94, 2.94) [-5.00, 5.00]
--------------------------------------------------
Started game 1292 of 40000 (ref-7f15ac4-m100 vs candidate-m75)
Finished game 1283 (candidate-m75 vs ref-7f15ac4-m100): 1-0 {White wins by adjudication}
Started game 1293 of 40000 (candidate-m75 vs ref-7f15ac4-m100)
Finished game 1286 (ref-7f15ac4-m100 vs candidate-m75): 1-0 {White wins by adjudication}
Started game 1294 of 40000 (ref-7f15ac4-m100 vs candidate-m75)
Finished game 1285 (candidate-m75 vs ref-7f15ac4-m100): 1/2-1/2 {Draw by 3-fold repetition}
Started game 1295 of 40000 (candidate-m75 vs ref-7f15ac4-m100)
Finished game 1287 (candidate-m75 vs ref-7f15ac4-m100): 1-0 {White wins by adjudication}
Started game 1296 of 40000 (ref-7f15ac4-m100 vs candidate-m75)
Finished game 1284 (ref-7f15ac4-m100 vs candidate-m75): 1/2-1/2 {Draw by 3-fold repetition}
Started game 1297 of 40000 (candidate-m75 vs ref-7f15ac4-m100)
Finished game 1288 (ref-7f15ac4-m100 vs candidate-m75): 1-0 {White wins by adjudication}
Started game 1298 of 40000 (ref-7f15ac4-m100 vs candidate-m75)
Finished game 1278 (ref-7f15ac4-m100 vs candidate-m75): 1/2-1/2 {Draw by insufficient mating material}
Started game 1299 of 40000 (candidate-m75 vs ref-7f15ac4-m100)
Finished game 1290 (ref-7f15ac4-m100 vs candidate-m75): 0-1 {Black wins by adjudication}
Started game 1300 of 40000 (ref-7f15ac4-m100 vs candidate-m75)
Finished game 1282 (ref-7f15ac4-m100 vs candidate-m75): 1/2-1/2 {Draw by insufficient mating material}
Started game 1301 of 40000 (candidate-m75 vs ref-7f15ac4-m100)
Finished game 1291 (candidate-m75 vs ref-7f15ac4-m100): 0-1 {Black wins by adjudication}
Started game 1302 of 40000 (ref-7f15ac4-m100 vs candidate-m75)
Finished game 1289 (candidate-m75 vs ref-7f15ac4-m100): 1-0 {White wins by adjudication}
Started game 1303 of 40000 (candidate-m75 vs ref-7f15ac4-m100)
Finished game 1295 (candidate-m75 vs ref-7f15ac4-m100): 0-1 {Black wins by adjudication}
Started game 1304 of 40000 (ref-7f15ac4-m100 vs candidate-m75)
Finished game 1292 (ref-7f15ac4-m100 vs candidate-m75): 0-1 {Black wins by adjudication}
Started game 1305 of 40000 (candidate-m75 vs ref-7f15ac4-m100)
Finished game 1294 (ref-7f15ac4-m100 vs candidate-m75): 1-0 {White wins by adjudication}
Started game 1306 of 40000 (ref-7f15ac4-m100 vs candidate-m75)
Finished game 1296 (ref-7f15ac4-m100 vs candidate-m75): 1-0 {White wins by adjudication}
Started game 1307 of 40000 (candidate-m75 vs ref-7f15ac4-m100)
Finished game 1297 (candidate-m75 vs ref-7f15ac4-m100): 0-1 {Black wins by adjudication}
Started game 1308 of 40000 (ref-7f15ac4-m100 vs candidate-m75)
Finished game 1298 (ref-7f15ac4-m100 vs candidate-m75): 1-0 {White wins by adjudication}
Started game 1309 of 40000 (candidate-m75 vs ref-7f15ac4-m100)
Finished game 1293 (candidate-m75 vs ref-7f15ac4-m100): 1/2-1/2 {Draw by 3-fold repetition}
Started game 1310 of 40000 (ref-7f15ac4-m100 vs candidate-m75)
Finished game 1301 (candidate-m75 vs ref-7f15ac4-m100): 1-0 {White wins by adjudication}
Started game 1311 of 40000 (candidate-m75 vs ref-7f15ac4-m100)
Finished game 1303 (candidate-m75 vs ref-7f15ac4-m100): 1-0 {White wins by adjudication}
Started game 1312 of 40000 (ref-7f15ac4-m100 vs candidate-m75)
Finished game 1304 (ref-7f15ac4-m100 vs candidate-m75): 0-1 {Black wins by adjudication}
Started game 1313 of 40000 (candidate-m75 vs ref-7f15ac4-m100)
Finished game 1299 (candidate-m75 vs ref-7f15ac4-m100): 1/2-1/2 {Draw by insufficient mating material}
Started game 1314 of 40000 (ref-7f15ac4-m100 vs candidate-m75)
Finished game 1300 (ref-7f15ac4-m100 vs candidate-m75): 1/2-1/2 {Draw by 3-fold repetition}
--------------------------------------------------
Results of candidate-m75 vs ref-7f15ac4-m100 (10+0.2, 1t, 16MB, 8moves_v3.pgn):
Elo: 5.34 +/- 14.98, nElo: 6.73 +/- 18.87
LOS: 75.76 %, DrawRatio: 34.41 %, PairsRatio: 1.04
Games: 1302, Wins: 422, Losses: 402, Draws: 478, Points: 661.0 (50.77 %)
Ptnml(0-2): [60, 149, 224, 147, 71], WL/DD Ratio: 1.46
LLR: 0.73 (24.6%) (-2.94, 2.94) [-5.00, 5.00]
--------------------------------------------------
Started game 1315 of 40000 (candidate-m75 vs ref-7f15ac4-m100)
Finished game 1310 (ref-7f15ac4-m100 vs candidate-m75): 1/2-1/2 {Draw by 3-fold repetition}
Started game 1316 of 40000 (ref-7f15ac4-m100 vs candidate-m75)
Finished game 1302 (ref-7f15ac4-m100 vs candidate-m75): 1/2-1/2 {Draw by 3-fold repetition}
Started game 1317 of 40000 (candidate-m75 vs ref-7f15ac4-m100)
Finished game 1305 (candidate-m75 vs ref-7f15ac4-m100): 0-1 {Black wins by adjudication}
Started game 1318 of 40000 (ref-7f15ac4-m100 vs candidate-m75)
Finished game 1308 (ref-7f15ac4-m100 vs candidate-m75): 1-0 {White wins by adjudication}
Started game 1319 of 40000 (candidate-m75 vs ref-7f15ac4-m100)
Finished game 1309 (candidate-m75 vs ref-7f15ac4-m100): 1-0 {White wins by adjudication}
Started game 1320 of 40000 (ref-7f15ac4-m100 vs candidate-m75)
Finished game 1307 (candidate-m75 vs ref-7f15ac4-m100): 1/2-1/2 {Draw by insufficient mating material}
Started game 1321 of 40000 (candidate-m75 vs ref-7f15ac4-m100)
Finished game 1306 (ref-7f15ac4-m100 vs candidate-m75): 1-0 {White wins by adjudication}
Started game 1322 of 40000 (ref-7f15ac4-m100 vs candidate-m75)
Finished game 1313 (candidate-m75 vs ref-7f15ac4-m100): 1-0 {White wins by adjudication}
Started game 1323 of 40000 (candidate-m75 vs ref-7f15ac4-m100)
Finished game 1315 (candidate-m75 vs ref-7f15ac4-m100): 0-1 {Black wins by adjudication}
Started game 1324 of 40000 (ref-7f15ac4-m100 vs candidate-m75)
Finished game 1311 (candidate-m75 vs ref-7f15ac4-m100): 1/2-1/2 {Draw by 3-fold repetition}
Started game 1325 of 40000 (candidate-m75 vs ref-7f15ac4-m100)
Finished game 1314 (ref-7f15ac4-m100 vs candidate-m75): 1/2-1/2 {Draw by 3-fold repetition}
Started game 1326 of 40000 (ref-7f15ac4-m100 vs candidate-m75)
Finished game 1316 (ref-7f15ac4-m100 vs candidate-m75): 0-1 {Black wins by adjudication}
Started game 1327 of 40000 (candidate-m75 vs ref-7f15ac4-m100)
Finished game 1317 (candidate-m75 vs ref-7f15ac4-m100): 1-0 {White wins by adjudication}
Started game 1328 of 40000 (ref-7f15ac4-m100 vs candidate-m75)
Finished game 1320 (ref-7f15ac4-m100 vs candidate-m75): 1-0 {White wins by adjudication}
Started game 1329 of 40000 (candidate-m75 vs ref-7f15ac4-m100)
Finished game 1319 (candidate-m75 vs ref-7f15ac4-m100): 0-1 {Black wins by adjudication}
--------------------------------------------------
Results of candidate-m75 vs ref-7f15ac4-m100 (10+0.2, 1t, 16MB, 8moves_v3.pgn):
Elo: 4.75 +/- 14.93, nElo: 5.98 +/- 18.77
LOS: 73.38 %, DrawRatio: 34.19 %, PairsRatio: 1.04
Games: 1316, Wins: 426, Losses: 408, Draws: 482, Points: 667.0 (50.68 %)
Ptnml(0-2): [62, 150, 225, 150, 71], WL/DD Ratio: 1.47
LLR: 0.65 (22.1%) (-2.94, 2.94) [-5.00, 5.00]
--------------------------------------------------
Started game 1330 of 40000 (ref-7f15ac4-m100 vs candidate-m75)
Finished game 1318 (ref-7f15ac4-m100 vs candidate-m75): 0-1 {Black wins by adjudication}
Started game 1331 of 40000 (candidate-m75 vs ref-7f15ac4-m100)
Finished game 1312 (ref-7f15ac4-m100 vs candidate-m75): 1/2-1/2 {Draw by insufficient mating material}
Started game 1332 of 40000 (ref-7f15ac4-m100 vs candidate-m75)
Finished game 1321 (candidate-m75 vs ref-7f15ac4-m100): 1-0 {White wins by adjudication}
Started game 1333 of 40000 (candidate-m75 vs ref-7f15ac4-m100)
Finished game 1326 (ref-7f15ac4-m100 vs candidate-m75): 1/2-1/2 {Draw by 3-fold repetition}
Started game 1334 of 40000 (ref-7f15ac4-m100 vs candidate-m75)
Finished game 1322 (ref-7f15ac4-m100 vs candidate-m75): 1-0 {White wins by adjudication}
Started game 1335 of 40000 (candidate-m75 vs ref-7f15ac4-m100)
Finished game 1325 (candidate-m75 vs ref-7f15ac4-m100): 1-0 {White wins by adjudication}
Started game 1336 of 40000 (ref-7f15ac4-m100 vs candidate-m75)
Finished game 1324 (ref-7f15ac4-m100 vs candidate-m75): 1-0 {White wins by adjudication}
Started game 1337 of 40000 (candidate-m75 vs ref-7f15ac4-m100)
Finished game 1331 (candidate-m75 vs ref-7f15ac4-m100): 1/2-1/2 {Draw by 3-fold repetition}
Started game 1338 of 40000 (ref-7f15ac4-m100 vs candidate-m75)
Finished game 1330 (ref-7f15ac4-m100 vs candidate-m75): 1/2-1/2 {Draw by 3-fold repetition}
Started game 1339 of 40000 (candidate-m75 vs ref-7f15ac4-m100)
Finished game 1328 (ref-7f15ac4-m100 vs candidate-m75): 1/2-1/2 {Draw by 3-fold repetition}
Started game 1340 of 40000 (ref-7f15ac4-m100 vs candidate-m75)
Finished game 1329 (candidate-m75 vs ref-7f15ac4-m100): 1-0 {White wins by adjudication}
Started game 1341 of 40000 (candidate-m75 vs ref-7f15ac4-m100)
Finished game 1334 (ref-7f15ac4-m100 vs candidate-m75): 1-0 {White wins by adjudication}
Started game 1342 of 40000 (ref-7f15ac4-m100 vs candidate-m75)
Finished game 1327 (candidate-m75 vs ref-7f15ac4-m100): 1/2-1/2 {Draw by adjudication}
Started game 1343 of 40000 (candidate-m75 vs ref-7f15ac4-m100)
Finished game 1323 (candidate-m75 vs ref-7f15ac4-m100): 1-0 {White wins by adjudication}
Started game 1344 of 40000 (ref-7f15ac4-m100 vs candidate-m75)
Finished game 1336 (ref-7f15ac4-m100 vs candidate-m75): 1/2-1/2 {Draw by 3-fold repetition}
Started game 1345 of 40000 (candidate-m75 vs ref-7f15ac4-m100)
Finished game 1337 (candidate-m75 vs ref-7f15ac4-m100): 0-1 {Black wins by adjudication}
Started game 1346 of 40000 (ref-7f15ac4-m100 vs candidate-m75)
Finished game 1332 (ref-7f15ac4-m100 vs candidate-m75): 1/2-1/2 {Draw by insufficient mating material}
Started game 1347 of 40000 (candidate-m75 vs ref-7f15ac4-m100)
Finished game 1333 (candidate-m75 vs ref-7f15ac4-m100): 0-1 {Black wins by adjudication}
Started game 1348 of 40000 (ref-7f15ac4-m100 vs candidate-m75)
Finished game 1339 (candidate-m75 vs ref-7f15ac4-m100): 0-1 {Black wins by adjudication}
Started game 1349 of 40000 (candidate-m75 vs ref-7f15ac4-m100)
Finished game 1335 (candidate-m75 vs ref-7f15ac4-m100): 0-1 {Black wins by adjudication}
Started game 1350 of 40000 (ref-7f15ac4-m100 vs candidate-m75)
Finished game 1338 (ref-7f15ac4-m100 vs candidate-m75): 1-0 {White wins by adjudication}
Started game 1351 of 40000 (candidate-m75 vs ref-7f15ac4-m100)
Finished game 1342 (ref-7f15ac4-m100 vs candidate-m75): 1-0 {White wins by adjudication}
Started game 1352 of 40000 (ref-7f15ac4-m100 vs candidate-m75)
Finished game 1341 (candidate-m75 vs ref-7f15ac4-m100): 1/2-1/2 {Draw by insufficient mating material}
Started game 1353 of 40000 (candidate-m75 vs ref-7f15ac4-m100)
Finished game 1344 (ref-7f15ac4-m100 vs candidate-m75): 0-1 {Black wins by adjudication}
Started game 1354 of 40000 (ref-7f15ac4-m100 vs candidate-m75)
Finished game 1343 (candidate-m75 vs ref-7f15ac4-m100): 1-0 {White wins by adjudication}
Started game 1355 of 40000 (candidate-m75 vs ref-7f15ac4-m100)
Finished game 1340 (ref-7f15ac4-m100 vs candidate-m75): 0-1 {Black wins by adjudication}
--------------------------------------------------
Results of candidate-m75 vs ref-7f15ac4-m100 (10+0.2, 1t, 16MB, 8moves_v3.pgn):
Elo: 4.65 +/- 14.80, nElo: 5.85 +/- 18.57
LOS: 73.13 %, DrawRatio: 34.38 %, PairsRatio: 1.04
Games: 1344, Wins: 435, Losses: 417, Draws: 492, Points: 681.0 (50.67 %)
Ptnml(0-2): [64, 152, 231, 152, 73], WL/DD Ratio: 1.46
LLR: 0.65 (22.1%) (-2.94, 2.94) [-5.00, 5.00]
--------------------------------------------------
Started game 1356 of 40000 (ref-7f15ac4-m100 vs candidate-m75)
Finished game 1347 (candidate-m75 vs ref-7f15ac4-m100): 1/2-1/2 {Draw by 3-fold repetition}
Started game 1357 of 40000 (candidate-m75 vs ref-7f15ac4-m100)
Finished game 1351 (candidate-m75 vs ref-7f15ac4-m100): 1-0 {White wins by adjudication}
Started game 1358 of 40000 (ref-7f15ac4-m100 vs candidate-m75)
Finished game 1348 (ref-7f15ac4-m100 vs candidate-m75): 1/2-1/2 {Draw by adjudication}
Started game 1359 of 40000 (candidate-m75 vs ref-7f15ac4-m100)
Finished game 1350 (ref-7f15ac4-m100 vs candidate-m75): 1/2-1/2 {Draw by 3-fold repetition}
Started game 1360 of 40000 (ref-7f15ac4-m100 vs candidate-m75)
Finished game 1349 (candidate-m75 vs ref-7f15ac4-m100): 1-0 {White wins by adjudication}
Started game 1361 of 40000 (candidate-m75 vs ref-7f15ac4-m100)
Finished game 1345 (candidate-m75 vs ref-7f15ac4-m100): 1/2-1/2 {Draw by 3-fold repetition}
Started game 1362 of 40000 (ref-7f15ac4-m100 vs candidate-m75)
Finished game 1352 (ref-7f15ac4-m100 vs candidate-m75): 1-0 {White wins by adjudication}
Started game 1363 of 40000 (candidate-m75 vs ref-7f15ac4-m100)
Finished game 1354 (ref-7f15ac4-m100 vs candidate-m75): 1/2-1/2 {Draw by 3-fold repetition}
Started game 1364 of 40000 (ref-7f15ac4-m100 vs candidate-m75)
Finished game 1346 (ref-7f15ac4-m100 vs candidate-m75): 1/2-1/2 {Draw by 3-fold repetition}
Started game 1365 of 40000 (candidate-m75 vs ref-7f15ac4-m100)
Finished game 1355 (candidate-m75 vs ref-7f15ac4-m100): 1-0 {White wins by adjudication}
Started game 1366 of 40000 (ref-7f15ac4-m100 vs candidate-m75)
Finished game 1353 (candidate-m75 vs ref-7f15ac4-m100): 1-0 {White wins by adjudication}
Started game 1367 of 40000 (candidate-m75 vs ref-7f15ac4-m100)
Finished game 1360 (ref-7f15ac4-m100 vs candidate-m75): 0-1 {Black wins by adjudication}
Started game 1368 of 40000 (ref-7f15ac4-m100 vs candidate-m75)
Finished game 1356 (ref-7f15ac4-m100 vs candidate-m75): 1-0 {White wins by adjudication}
Started game 1369 of 40000 (candidate-m75 vs ref-7f15ac4-m100)
Finished game 1359 (candidate-m75 vs ref-7f15ac4-m100): 0-1 {Black wins by adjudication}
--------------------------------------------------
Results of candidate-m75 vs ref-7f15ac4-m100 (10+0.2, 1t, 16MB, 8moves_v3.pgn):
Elo: 5.12 +/- 14.66, nElo: 6.45 +/- 18.48
LOS: 75.32 %, DrawRatio: 34.76 %, PairsRatio: 1.05
Games: 1358, Wins: 440, Losses: 420, Draws: 498, Points: 689.0 (50.74 %)
Ptnml(0-2): [64, 152, 236, 154, 73], WL/DD Ratio: 1.46
LLR: 0.73 (24.7%) (-2.94, 2.94) [-5.00, 5.00]
--------------------------------------------------
Started game 1370 of 40000 (ref-7f15ac4-m100 vs candidate-m75)
Finished game 1358 (ref-7f15ac4-m100 vs candidate-m75): 1-0 {White wins by adjudication}
Started game 1371 of 40000 (candidate-m75 vs ref-7f15ac4-m100)
Finished game 1357 (candidate-m75 vs ref-7f15ac4-m100): 0-1 {Black wins by adjudication}
Started game 1372 of 40000 (ref-7f15ac4-m100 vs candidate-m75)
Finished game 1363 (candidate-m75 vs ref-7f15ac4-m100): 0-1 {Black wins by adjudication}
Started game 1373 of 40000 (candidate-m75 vs ref-7f15ac4-m100)
Finished game 1361 (candidate-m75 vs ref-7f15ac4-m100): 1-0 {White wins by adjudication}
Started game 1374 of 40000 (ref-7f15ac4-m100 vs candidate-m75)
Finished game 1362 (ref-7f15ac4-m100 vs candidate-m75): 0-1 {Black wins by adjudication}
Started game 1375 of 40000 (candidate-m75 vs ref-7f15ac4-m100)
Finished game 1364 (ref-7f15ac4-m100 vs candidate-m75): 1/2-1/2 {Draw by insufficient mating material}
Started game 1376 of 40000 (ref-7f15ac4-m100 vs candidate-m75)
Finished game 1365 (candidate-m75 vs ref-7f15ac4-m100): 1-0 {White wins by adjudication}
Started game 1377 of 40000 (candidate-m75 vs ref-7f15ac4-m100)
Finished game 1368 (ref-7f15ac4-m100 vs candidate-m75): 1-0 {White wins by adjudication}
Started game 1378 of 40000 (ref-7f15ac4-m100 vs candidate-m75)
Finished game 1366 (ref-7f15ac4-m100 vs candidate-m75): 0-1 {Black wins by adjudication}
Started game 1379 of 40000 (candidate-m75 vs ref-7f15ac4-m100)
Finished game 1370 (ref-7f15ac4-m100 vs candidate-m75): 1-0 {White wins by adjudication}
Started game 1380 of 40000 (ref-7f15ac4-m100 vs candidate-m75)
Finished game 1367 (candidate-m75 vs ref-7f15ac4-m100): 1/2-1/2 {Draw by 3-fold repetition}
Started game 1381 of 40000 (candidate-m75 vs ref-7f15ac4-m100)
Finished game 1373 (candidate-m75 vs ref-7f15ac4-m100): 1/2-1/2 {Draw by 3-fold repetition}
Started game 1382 of 40000 (ref-7f15ac4-m100 vs candidate-m75)
Finished game 1372 (ref-7f15ac4-m100 vs candidate-m75): 0-1 {Black wins by adjudication}
Started game 1383 of 40000 (candidate-m75 vs ref-7f15ac4-m100)
Finished game 1371 (candidate-m75 vs ref-7f15ac4-m100): 1/2-1/2 {Draw by adjudication}
Started game 1384 of 40000 (ref-7f15ac4-m100 vs candidate-m75)
Finished game 1378 (ref-7f15ac4-m100 vs candidate-m75): 0-1 {Black wins by adjudication}
Started game 1385 of 40000 (candidate-m75 vs ref-7f15ac4-m100)
Finished game 1375 (candidate-m75 vs ref-7f15ac4-m100): 1-0 {White wins by adjudication}
Started game 1386 of 40000 (ref-7f15ac4-m100 vs candidate-m75)
Finished game 1376 (ref-7f15ac4-m100 vs candidate-m75): 0-1 {Black wins by adjudication}
Started game 1387 of 40000 (candidate-m75 vs ref-7f15ac4-m100)
Finished game 1377 (candidate-m75 vs ref-7f15ac4-m100): 1-0 {White wins by adjudication}
Started game 1388 of 40000 (ref-7f15ac4-m100 vs candidate-m75)
Finished game 1369 (candidate-m75 vs ref-7f15ac4-m100): 1/2-1/2 {Draw by fifty moves rule}
Started game 1389 of 40000 (candidate-m75 vs ref-7f15ac4-m100)
Finished game 1380 (ref-7f15ac4-m100 vs candidate-m75): 1-0 {White wins by adjudication}
Started game 1390 of 40000 (ref-7f15ac4-m100 vs candidate-m75)
Finished game 1374 (ref-7f15ac4-m100 vs candidate-m75): 1-0 {White wins by adjudication}
Started game 1391 of 40000 (candidate-m75 vs ref-7f15ac4-m100)
Finished game 1381 (candidate-m75 vs ref-7f15ac4-m100): 0-1 {Black wins by adjudication}
Started game 1392 of 40000 (ref-7f15ac4-m100 vs candidate-m75)
Finished game 1384 (ref-7f15ac4-m100 vs candidate-m75): 0-1 {Black wins by adjudication}
Started game 1393 of 40000 (candidate-m75 vs ref-7f15ac4-m100)
Finished game 1383 (candidate-m75 vs ref-7f15ac4-m100): 1-0 {White wins by adjudication}
Started game 1394 of 40000 (ref-7f15ac4-m100 vs candidate-m75)
Finished game 1379 (candidate-m75 vs ref-7f15ac4-m100): 1/2-1/2 {Draw by 3-fold repetition}
--------------------------------------------------
Results of candidate-m75 vs ref-7f15ac4-m100 (10+0.2, 1t, 16MB, 8moves_v3.pgn):
Elo: 6.03 +/- 14.66, nElo: 7.55 +/- 18.32
LOS: 79.03 %, DrawRatio: 34.15 %, PairsRatio: 1.05
Games: 1382, Wins: 451, Losses: 427, Draws: 504, Points: 703.0 (50.87 %)
Ptnml(0-2): [65, 157, 236, 155, 78], WL/DD Ratio: 1.46
LLR: 0.86 (29.3%) (-2.94, 2.94) [-5.00, 5.00]
--------------------------------------------------
Started game 1395 of 40000 (candidate-m75 vs ref-7f15ac4-m100)
Finished game 1386 (ref-7f15ac4-m100 vs candidate-m75): 1-0 {White wins by adjudication}
Started game 1396 of 40000 (ref-7f15ac4-m100 vs candidate-m75)
Finished game 1382 (ref-7f15ac4-m100 vs candidate-m75): 1/2-1/2 {Draw by 3-fold repetition}
Started game 1397 of 40000 (candidate-m75 vs ref-7f15ac4-m100)
Finished game 1387 (candidate-m75 vs ref-7f15ac4-m100): 0-1 {Black wins by adjudication}
Started game 1398 of 40000 (ref-7f15ac4-m100 vs candidate-m75)
Finished game 1389 (candidate-m75 vs ref-7f15ac4-m100): 1-0 {White wins by adjudication}
Started game 1399 of 40000 (candidate-m75 vs ref-7f15ac4-m100)
Finished game 1390 (ref-7f15ac4-m100 vs candidate-m75): 1-0 {White wins by adjudication}
Started game 1400 of 40000 (ref-7f15ac4-m100 vs candidate-m75)
Finished game 1388 (ref-7f15ac4-m100 vs candidate-m75): 1/2-1/2 {Draw by 3-fold repetition}
Started game 1401 of 40000 (candidate-m75 vs ref-7f15ac4-m100)
Finished game 1391 (candidate-m75 vs ref-7f15ac4-m100): 1-0 {White wins by adjudication}
Started game 1402 of 40000 (ref-7f15ac4-m100 vs candidate-m75)
Finished game 1385 (candidate-m75 vs ref-7f15ac4-m100): 1-0 {White wins by adjudication}
Started game 1403 of 40000 (candidate-m75 vs ref-7f15ac4-m100)
Finished game 1393 (candidate-m75 vs ref-7f15ac4-m100): 0-1 {Black wins by adjudication}
Started game 1404 of 40000 (ref-7f15ac4-m100 vs candidate-m75)
Finished game 1399 (candidate-m75 vs ref-7f15ac4-m100): 0-1 {Black wins by adjudication}
Started game 1405 of 40000 (candidate-m75 vs ref-7f15ac4-m100)
Finished game 1395 (candidate-m75 vs ref-7f15ac4-m100): 1/2-1/2 {Draw by 3-fold repetition}
Started game 1406 of 40000 (ref-7f15ac4-m100 vs candidate-m75)
Finished game 1397 (candidate-m75 vs ref-7f15ac4-m100): 1-0 {White wins by adjudication}
Started game 1407 of 40000 (candidate-m75 vs ref-7f15ac4-m100)
Finished game 1394 (ref-7f15ac4-m100 vs candidate-m75): 1-0 {White wins by adjudication}
Started game 1408 of 40000 (ref-7f15ac4-m100 vs candidate-m75)
Finished game 1398 (ref-7f15ac4-m100 vs candidate-m75): 0-1 {Black wins by adjudication}
Started game 1409 of 40000 (candidate-m75 vs ref-7f15ac4-m100)
Finished game 1392 (ref-7f15ac4-m100 vs candidate-m75): 1/2-1/2 {Draw by insufficient mating material}
Started game 1410 of 40000 (ref-7f15ac4-m100 vs candidate-m75)
Finished game 1402 (ref-7f15ac4-m100 vs candidate-m75): 1/2-1/2 {Draw by 3-fold repetition}
Started game 1411 of 40000 (candidate-m75 vs ref-7f15ac4-m100)
Finished game 1400 (ref-7f15ac4-m100 vs candidate-m75): 1-0 {White wins by adjudication}
--------------------------------------------------
Results of candidate-m75 vs ref-7f15ac4-m100 (10+0.2, 1t, 16MB, 8moves_v3.pgn):
Elo: 5.22 +/- 14.61, nElo: 6.51 +/- 18.21
LOS: 75.82 %, DrawRatio: 34.05 %, PairsRatio: 1.04
Games: 1398, Wins: 456, Losses: 435, Draws: 507, Points: 709.5 (50.75 %)
Ptnml(0-2): [67, 159, 238, 156, 79], WL/DD Ratio: 1.48
LLR: 0.75 (25.6%) (-2.94, 2.94) [-5.00, 5.00]
--------------------------------------------------
Started game 1412 of 40000 (ref-7f15ac4-m100 vs candidate-m75)
Finished game 1396 (ref-7f15ac4-m100 vs candidate-m75): 0-1 {Black wins by adjudication}
Started game 1413 of 40000 (candidate-m75 vs ref-7f15ac4-m100)
Finished game 1403 (candidate-m75 vs ref-7f15ac4-m100): 1/2-1/2 {Draw by insufficient mating material}
Started game 1414 of 40000 (ref-7f15ac4-m100 vs candidate-m75)
Finished game 1404 (ref-7f15ac4-m100 vs candidate-m75): 1/2-1/2 {Draw by 3-fold repetition}
Started game 1415 of 40000 (candidate-m75 vs ref-7f15ac4-m100)
Finished game 1409 (candidate-m75 vs ref-7f15ac4-m100): 1-0 {White wins by adjudication}
Started game 1416 of 40000 (ref-7f15ac4-m100 vs candidate-m75)
Finished game 1406 (ref-7f15ac4-m100 vs candidate-m75): 1-0 {White wins by adjudication}
Started game 1417 of 40000 (candidate-m75 vs ref-7f15ac4-m100)
Finished game 1401 (candidate-m75 vs ref-7f15ac4-m100): 1/2-1/2 {Draw by adjudication}
Started game 1418 of 40000 (ref-7f15ac4-m100 vs candidate-m75)
Finished game 1405 (candidate-m75 vs ref-7f15ac4-m100): 1-0 {White wins by adjudication}
Started game 1419 of 40000 (candidate-m75 vs ref-7f15ac4-m100)
Finished game 1407 (candidate-m75 vs ref-7f15ac4-m100): 1/2-1/2 {Draw by 3-fold repetition}
Started game 1420 of 40000 (ref-7f15ac4-m100 vs candidate-m75)
Finished game 1410 (ref-7f15ac4-m100 vs candidate-m75): 0-1 {Black wins by adjudication}
Started game 1421 of 40000 (candidate-m75 vs ref-7f15ac4-m100)
Finished game 1421 (candidate-m75 vs ref-7f15ac4-m100): 1/2-1/2 {Draw by 3-fold repetition}
Started game 1422 of 40000 (ref-7f15ac4-m100 vs candidate-m75)
Finished game 1412 (ref-7f15ac4-m100 vs candidate-m75): 0-1 {Black wins by adjudication}
Started game 1423 of 40000 (candidate-m75 vs ref-7f15ac4-m100)
Finished game 1415 (candidate-m75 vs ref-7f15ac4-m100): 0-1 {Black wins by adjudication}
Started game 1424 of 40000 (ref-7f15ac4-m100 vs candidate-m75)
Finished game 1416 (ref-7f15ac4-m100 vs candidate-m75): 1/2-1/2 {Draw by 3-fold repetition}
Started game 1425 of 40000 (candidate-m75 vs ref-7f15ac4-m100)
Finished game 1411 (candidate-m75 vs ref-7f15ac4-m100): 0-1 {Black wins by adjudication}
Started game 1426 of 40000 (ref-7f15ac4-m100 vs candidate-m75)
Finished game 1417 (candidate-m75 vs ref-7f15ac4-m100): 1/2-1/2 {Draw by 3-fold repetition}
Started game 1427 of 40000 (candidate-m75 vs ref-7f15ac4-m100)
Finished game 1418 (ref-7f15ac4-m100 vs candidate-m75): 1-0 {White wins by adjudication}
Started game 1428 of 40000 (ref-7f15ac4-m100 vs candidate-m75)
Finished game 1419 (candidate-m75 vs ref-7f15ac4-m100): 1/2-1/2 {Draw by 3-fold repetition}
Started game 1429 of 40000 (candidate-m75 vs ref-7f15ac4-m100)
Finished game 1413 (candidate-m75 vs ref-7f15ac4-m100): 1/2-1/2 {Draw by 3-fold repetition}
Started game 1430 of 40000 (ref-7f15ac4-m100 vs candidate-m75)
Finished game 1420 (ref-7f15ac4-m100 vs candidate-m75): 0-1 {Black wins by adjudication}
--------------------------------------------------
Results of candidate-m75 vs ref-7f15ac4-m100 (10+0.2, 1t, 16MB, 8moves_v3.pgn):
Elo: 5.64 +/- 14.49, nElo: 7.05 +/- 18.10
LOS: 77.76 %, DrawRatio: 34.18 %, PairsRatio: 1.04
Games: 1416, Wins: 462, Losses: 439, Draws: 515, Points: 719.5 (50.81 %)
Ptnml(0-2): [67, 161, 242, 158, 80], WL/DD Ratio: 1.47
LLR: 0.83 (28.1%) (-2.94, 2.94) [-5.00, 5.00]
--------------------------------------------------
Started game 1431 of 40000 (candidate-m75 vs ref-7f15ac4-m100)
Finished game 1408 (ref-7f15ac4-m100 vs candidate-m75): 1/2-1/2 {Draw by adjudication}
Started game 1432 of 40000 (ref-7f15ac4-m100 vs candidate-m75)
Finished game 1414 (ref-7f15ac4-m100 vs candidate-m75): 1-0 {White wins by adjudication}
Started game 1433 of 40000 (candidate-m75 vs ref-7f15ac4-m100)
Finished game 1424 (ref-7f15ac4-m100 vs candidate-m75): 1-0 {White wins by adjudication}
Started game 1434 of 40000 (ref-7f15ac4-m100 vs candidate-m75)
Finished game 1422 (ref-7f15ac4-m100 vs candidate-m75): 1/2-1/2 {Draw by 3-fold repetition}
Started game 1435 of 40000 (candidate-m75 vs ref-7f15ac4-m100)
Finished game 1423 (candidate-m75 vs ref-7f15ac4-m100): 1-0 {White wins by adjudication}
Started game 1436 of 40000 (ref-7f15ac4-m100 vs candidate-m75)
Finished game 1425 (candidate-m75 vs ref-7f15ac4-m100): 0-1 {Black wins by adjudication}
Started game 1437 of 40000 (candidate-m75 vs ref-7f15ac4-m100)
Finished game 1430 (ref-7f15ac4-m100 vs candidate-m75): 0-1 {Black wins by adjudication}
Started game 1438 of 40000 (ref-7f15ac4-m100 vs candidate-m75)
Finished game 1427 (candidate-m75 vs ref-7f15ac4-m100): 0-1 {Black wins by adjudication}
Started game 1439 of 40000 (candidate-m75 vs ref-7f15ac4-m100)
Finished game 1431 (candidate-m75 vs ref-7f15ac4-m100): 0-1 {Black wins by adjudication}
Started game 1440 of 40000 (ref-7f15ac4-m100 vs candidate-m75)
Finished game 1428 (ref-7f15ac4-m100 vs candidate-m75): 1/2-1/2 {Draw by insufficient mating material}
Started game 1441 of 40000 (candidate-m75 vs ref-7f15ac4-m100)
Finished game 1433 (candidate-m75 vs ref-7f15ac4-m100): 1-0 {White wins by adjudication}
Started game 1442 of 40000 (ref-7f15ac4-m100 vs candidate-m75)
Finished game 1432 (ref-7f15ac4-m100 vs candidate-m75): 1/2-1/2 {Draw by adjudication}
Started game 1443 of 40000 (candidate-m75 vs ref-7f15ac4-m100)
Finished game 1437 (candidate-m75 vs ref-7f15ac4-m100): 1-0 {White wins by adjudication}
Started game 1444 of 40000 (ref-7f15ac4-m100 vs candidate-m75)
Finished game 1429 (candidate-m75 vs ref-7f15ac4-m100): 1/2-1/2 {Draw by 3-fold repetition}
Started game 1445 of 40000 (candidate-m75 vs ref-7f15ac4-m100)
Finished game 1440 (ref-7f15ac4-m100 vs candidate-m75): 0-1 {Black wins by adjudication}
Started game 1446 of 40000 (ref-7f15ac4-m100 vs candidate-m75)
Finished game 1426 (ref-7f15ac4-m100 vs candidate-m75): 1/2-1/2 {Draw by fifty moves rule}
Started game 1447 of 40000 (candidate-m75 vs ref-7f15ac4-m100)
Finished game 1438 (ref-7f15ac4-m100 vs candidate-m75): 1/2-1/2 {Draw by 3-fold repetition}
Started game 1448 of 40000 (ref-7f15ac4-m100 vs candidate-m75)
Finished game 1442 (ref-7f15ac4-m100 vs candidate-m75): 1-0 {White wins by adjudication}
Started game 1449 of 40000 (candidate-m75 vs ref-7f15ac4-m100)
Finished game 1439 (candidate-m75 vs ref-7f15ac4-m100): 1-0 {White wins by adjudication}
--------------------------------------------------
Results of candidate-m75 vs ref-7f15ac4-m100 (10+0.2, 1t, 16MB, 8moves_v3.pgn):
Elo: 5.57 +/- 14.37, nElo: 6.97 +/- 17.97
LOS: 77.63 %, DrawRatio: 34.12 %, PairsRatio: 1.04
Games: 1436, Wins: 467, Losses: 444, Draws: 525, Points: 729.5 (50.80 %)
Ptnml(0-2): [67, 165, 245, 160, 81], WL/DD Ratio: 1.45
LLR: 0.83 (28.1%) (-2.94, 2.94) [-5.00, 5.00]
--------------------------------------------------
Started game 1450 of 40000 (ref-7f15ac4-m100 vs candidate-m75)
Finished game 1434 (ref-7f15ac4-m100 vs candidate-m75): 1/2-1/2 {Draw by 3-fold repetition}
Started game 1451 of 40000 (candidate-m75 vs ref-7f15ac4-m100)
Finished game 1436 (ref-7f15ac4-m100 vs candidate-m75): 0-1 {Black wins by adjudication}
Started game 1452 of 40000 (ref-7f15ac4-m100 vs candidate-m75)
Finished game 1443 (candidate-m75 vs ref-7f15ac4-m100): 0-1 {Black wins by adjudication}
Started game 1453 of 40000 (candidate-m75 vs ref-7f15ac4-m100)
Finished game 1435 (candidate-m75 vs ref-7f15ac4-m100): 1/2-1/2 {Draw by insufficient mating material}
Started game 1454 of 40000 (ref-7f15ac4-m100 vs candidate-m75)
Finished game 1446 (ref-7f15ac4-m100 vs candidate-m75): 1/2-1/2 {Draw by 3-fold repetition}
Started game 1455 of 40000 (candidate-m75 vs ref-7f15ac4-m100)
Finished game 1445 (candidate-m75 vs ref-7f15ac4-m100): 1/2-1/2 {Draw by adjudication}
Started game 1456 of 40000 (ref-7f15ac4-m100 vs candidate-m75)
Finished game 1447 (candidate-m75 vs ref-7f15ac4-m100): 1/2-1/2 {Draw by 3-fold repetition}
Started game 1457 of 40000 (candidate-m75 vs ref-7f15ac4-m100)
Finished game 1441 (candidate-m75 vs ref-7f15ac4-m100): 1/2-1/2 {Draw by 3-fold repetition}
Started game 1458 of 40000 (ref-7f15ac4-m100 vs candidate-m75)
Finished game 1449 (candidate-m75 vs ref-7f15ac4-m100): 1-0 {White wins by adjudication}
Started game 1459 of 40000 (candidate-m75 vs ref-7f15ac4-m100)
Finished game 1450 (ref-7f15ac4-m100 vs candidate-m75): 0-1 {Black wins by adjudication}
Started game 1460 of 40000 (ref-7f15ac4-m100 vs candidate-m75)
Finished game 1444 (ref-7f15ac4-m100 vs candidate-m75): 1/2-1/2 {Draw by adjudication}
Started game 1461 of 40000 (candidate-m75 vs ref-7f15ac4-m100)
Finished game 1455 (candidate-m75 vs ref-7f15ac4-m100): 0-1 {Black wins by adjudication}
Started game 1462 of 40000 (ref-7f15ac4-m100 vs candidate-m75)
Finished game 1451 (candidate-m75 vs ref-7f15ac4-m100): 1-0 {White wins by adjudication}
Started game 1463 of 40000 (candidate-m75 vs ref-7f15ac4-m100)
Finished game 1454 (ref-7f15ac4-m100 vs candidate-m75): 1/2-1/2 {Draw by 3-fold repetition}
Started game 1464 of 40000 (ref-7f15ac4-m100 vs candidate-m75)
Finished game 1452 (ref-7f15ac4-m100 vs candidate-m75): 1-0 {White wins by adjudication}
Started game 1465 of 40000 (candidate-m75 vs ref-7f15ac4-m100)
Finished game 1448 (ref-7f15ac4-m100 vs candidate-m75): 1/2-1/2 {Draw by 3-fold repetition}
Started game 1466 of 40000 (ref-7f15ac4-m100 vs candidate-m75)
Finished game 1453 (candidate-m75 vs ref-7f15ac4-m100): 1/2-1/2 {Draw by 3-fold repetition}
Started game 1467 of 40000 (candidate-m75 vs ref-7f15ac4-m100)
Finished game 1457 (candidate-m75 vs ref-7f15ac4-m100): 1-0 {White wins by adjudication}
Started game 1468 of 40000 (ref-7f15ac4-m100 vs candidate-m75)
Finished game 1458 (ref-7f15ac4-m100 vs candidate-m75): 1/2-1/2 {Draw by 3-fold repetition}
Started game 1469 of 40000 (candidate-m75 vs ref-7f15ac4-m100)
Finished game 1463 (candidate-m75 vs ref-7f15ac4-m100): 1-0 {White wins by adjudication}
Started game 1470 of 40000 (ref-7f15ac4-m100 vs candidate-m75)
Finished game 1461 (candidate-m75 vs ref-7f15ac4-m100): 1-0 {White wins by adjudication}
Started game 1471 of 40000 (candidate-m75 vs ref-7f15ac4-m100)
Finished game 1459 (candidate-m75 vs ref-7f15ac4-m100): 1-0 {White wins by adjudication}
Started game 1472 of 40000 (ref-7f15ac4-m100 vs candidate-m75)
Finished game 1466 (ref-7f15ac4-m100 vs candidate-m75): 1/2-1/2 {Draw by 3-fold repetition}
Started game 1473 of 40000 (candidate-m75 vs ref-7f15ac4-m100)
Finished game 1460 (ref-7f15ac4-m100 vs candidate-m75): 1/2-1/2 {Draw by 3-fold repetition}
--------------------------------------------------
Results of candidate-m75 vs ref-7f15ac4-m100 (10+0.2, 1t, 16MB, 8moves_v3.pgn):
Elo: 6.43 +/- 14.23, nElo: 8.07 +/- 17.83
LOS: 81.25 %, DrawRatio: 34.16 %, PairsRatio: 1.05
Games: 1458, Wins: 474, Losses: 447, Draws: 537, Points: 742.5 (50.93 %)
Ptnml(0-2): [67, 167, 249, 164, 82], WL/DD Ratio: 1.42
LLR: 0.98 (33.1%) (-2.94, 2.94) [-5.00, 5.00]
--------------------------------------------------
Started game 1474 of 40000 (ref-7f15ac4-m100 vs candidate-m75)
Finished game 1462 (ref-7f15ac4-m100 vs candidate-m75): 0-1 {Black wins by adjudication}
Started game 1475 of 40000 (candidate-m75 vs ref-7f15ac4-m100)
Finished game 1464 (ref-7f15ac4-m100 vs candidate-m75): 1-0 {White wins by adjudication}
Started game 1476 of 40000 (ref-7f15ac4-m100 vs candidate-m75)
Finished game 1467 (candidate-m75 vs ref-7f15ac4-m100): 1-0 {White wins by adjudication}
Started game 1477 of 40000 (candidate-m75 vs ref-7f15ac4-m100)
Finished game 1474 (ref-7f15ac4-m100 vs candidate-m75): 0-1 {Black wins by adjudication}
Started game 1478 of 40000 (ref-7f15ac4-m100 vs candidate-m75)
Finished game 1472 (ref-7f15ac4-m100 vs candidate-m75): 0-1 {Black wins by adjudication}
Started game 1479 of 40000 (candidate-m75 vs ref-7f15ac4-m100)
Finished game 1469 (candidate-m75 vs ref-7f15ac4-m100): 1-0 {White wins by adjudication}
Started game 1480 of 40000 (ref-7f15ac4-m100 vs candidate-m75)
Finished game 1456 (ref-7f15ac4-m100 vs candidate-m75): 1/2-1/2 {Draw by fifty moves rule}
Started game 1481 of 40000 (candidate-m75 vs ref-7f15ac4-m100)
Finished game 1468 (ref-7f15ac4-m100 vs candidate-m75): 1/2-1/2 {Draw by adjudication}
Started game 1482 of 40000 (ref-7f15ac4-m100 vs candidate-m75)
Finished game 1470 (ref-7f15ac4-m100 vs candidate-m75): 1/2-1/2 {Draw by 3-fold repetition}
Started game 1483 of 40000 (candidate-m75 vs ref-7f15ac4-m100)
Finished game 1471 (candidate-m75 vs ref-7f15ac4-m100): 0-1 {Black wins by adjudication}
Started game 1484 of 40000 (ref-7f15ac4-m100 vs candidate-m75)
Finished game 1475 (candidate-m75 vs ref-7f15ac4-m100): 1/2-1/2 {Draw by 3-fold repetition}
Started game 1485 of 40000 (candidate-m75 vs ref-7f15ac4-m100)
Finished game 1465 (candidate-m75 vs ref-7f15ac4-m100): 1/2-1/2 {Draw by fifty moves rule}
Started game 1486 of 40000 (ref-7f15ac4-m100 vs candidate-m75)
Finished game 1477 (candidate-m75 vs ref-7f15ac4-m100): 1-0 {White wins by adjudication}
Started game 1487 of 40000 (candidate-m75 vs ref-7f15ac4-m100)
Finished game 1473 (candidate-m75 vs ref-7f15ac4-m100): 1/2-1/2 {Draw by insufficient mating material}
Started game 1488 of 40000 (ref-7f15ac4-m100 vs candidate-m75)
Finished game 1478 (ref-7f15ac4-m100 vs candidate-m75): 1/2-1/2 {Draw by 3-fold repetition}
Started game 1489 of 40000 (candidate-m75 vs ref-7f15ac4-m100)
Finished game 1479 (candidate-m75 vs ref-7f15ac4-m100): 1-0 {White wins by adjudication}
Started game 1490 of 40000 (ref-7f15ac4-m100 vs candidate-m75)
Finished game 1483 (candidate-m75 vs ref-7f15ac4-m100): 1/2-1/2 {Draw by 3-fold repetition}
Started game 1491 of 40000 (candidate-m75 vs ref-7f15ac4-m100)
Finished game 1484 (ref-7f15ac4-m100 vs candidate-m75): 0-1 {Black wins by adjudication}
Started game 1492 of 40000 (ref-7f15ac4-m100 vs candidate-m75)
Finished game 1480 (ref-7f15ac4-m100 vs candidate-m75): 1/2-1/2 {Draw by insufficient mating material}
--------------------------------------------------
Results of candidate-m75 vs ref-7f15ac4-m100 (10+0.2, 1t, 16MB, 8moves_v3.pgn):
Elo: 7.98 +/- 14.10, nElo: 10.03 +/- 17.70
LOS: 86.67 %, DrawRatio: 34.05 %, PairsRatio: 1.08
Games: 1480, Wins: 484, Losses: 450, Draws: 546, Points: 757.0 (51.15 %)
Ptnml(0-2): [67, 168, 252, 170, 83], WL/DD Ratio: 1.42
LLR: 1.23 (41.8%) (-2.94, 2.94) [-5.00, 5.00]
--------------------------------------------------
Started game 1493 of 40000 (candidate-m75 vs ref-7f15ac4-m100)
Finished game 1481 (candidate-m75 vs ref-7f15ac4-m100): 0-1 {Black wins by adjudication}
Started game 1494 of 40000 (ref-7f15ac4-m100 vs candidate-m75)
Finished game 1482 (ref-7f15ac4-m100 vs candidate-m75): 1/2-1/2 {Draw by 3-fold repetition}
Started game 1495 of 40000 (candidate-m75 vs ref-7f15ac4-m100)
Finished game 1485 (candidate-m75 vs ref-7f15ac4-m100): 1-0 {White wins by adjudication}
Started game 1496 of 40000 (ref-7f15ac4-m100 vs candidate-m75)
Finished game 1476 (ref-7f15ac4-m100 vs candidate-m75): 1-0 {White wins by adjudication}
Started game 1497 of 40000 (candidate-m75 vs ref-7f15ac4-m100)
Finished game 1489 (candidate-m75 vs ref-7f15ac4-m100): 1/2-1/2 {Draw by 3-fold repetition}
Started game 1498 of 40000 (ref-7f15ac4-m100 vs candidate-m75)
Finished game 1494 (ref-7f15ac4-m100 vs candidate-m75): 1/2-1/2 {Draw by 3-fold repetition}
Started game 1499 of 40000 (candidate-m75 vs ref-7f15ac4-m100)
Finished game 1490 (ref-7f15ac4-m100 vs candidate-m75): 1/2-1/2 {Draw by 3-fold repetition}
Started game 1500 of 40000 (ref-7f15ac4-m100 vs candidate-m75)
Finished game 1487 (candidate-m75 vs ref-7f15ac4-m100): 1/2-1/2 {Draw by 3-fold repetition}
Started game 1501 of 40000 (candidate-m75 vs ref-7f15ac4-m100)
Finished game 1491 (candidate-m75 vs ref-7f15ac4-m100): 1/2-1/2 {Draw by 3-fold repetition}
Started game 1502 of 40000 (ref-7f15ac4-m100 vs candidate-m75)
Finished game 1496 (ref-7f15ac4-m100 vs candidate-m75): 1-0 {White wins by adjudication}
Started game 1503 of 40000 (candidate-m75 vs ref-7f15ac4-m100)
Finished game 1492 (ref-7f15ac4-m100 vs candidate-m75): 1/2-1/2 {Draw by 3-fold repetition}
Started game 1504 of 40000 (ref-7f15ac4-m100 vs candidate-m75)
Finished game 1495 (candidate-m75 vs ref-7f15ac4-m100): 1/2-1/2 {Draw by 3-fold repetition}
Started game 1505 of 40000 (candidate-m75 vs ref-7f15ac4-m100)
Finished game 1499 (candidate-m75 vs ref-7f15ac4-m100): 1-0 {White wins by adjudication}
Started game 1506 of 40000 (ref-7f15ac4-m100 vs candidate-m75)
Finished game 1497 (candidate-m75 vs ref-7f15ac4-m100): 1-0 {White wins by adjudication}
Started game 1507 of 40000 (candidate-m75 vs ref-7f15ac4-m100)
Finished game 1500 (ref-7f15ac4-m100 vs candidate-m75): 0-1 {Black wins by adjudication}
--------------------------------------------------
Results of candidate-m75 vs ref-7f15ac4-m100 (10+0.2, 1t, 16MB, 8moves_v3.pgn):
Elo: 7.69 +/- 14.03, nElo: 9.66 +/- 17.63
LOS: 85.87 %, DrawRatio: 34.05 %, PairsRatio: 1.07
Games: 1492, Wins: 486, Losses: 453, Draws: 553, Points: 762.5 (51.11 %)
Ptnml(0-2): [67, 171, 254, 170, 84], WL/DD Ratio: 1.40
LLR: 1.19 (40.6%) (-2.94, 2.94) [-5.00, 5.00]
--------------------------------------------------
Started game 1508 of 40000 (ref-7f15ac4-m100 vs candidate-m75)
Finished game 1488 (ref-7f15ac4-m100 vs candidate-m75): 0-1 {Black wins by adjudication}
Started game 1509 of 40000 (candidate-m75 vs ref-7f15ac4-m100)
Finished game 1486 (ref-7f15ac4-m100 vs candidate-m75): 1-0 {White wins by adjudication}
Started game 1510 of 40000 (ref-7f15ac4-m100 vs candidate-m75)
Finished game 1501 (candidate-m75 vs ref-7f15ac4-m100): 1-0 {White wins by adjudication}
Started game 1511 of 40000 (candidate-m75 vs ref-7f15ac4-m100)
Finished game 1493 (candidate-m75 vs ref-7f15ac4-m100): 0-1 {Black wins by adjudication}
Started game 1512 of 40000 (ref-7f15ac4-m100 vs candidate-m75)
Finished game 1509 (candidate-m75 vs ref-7f15ac4-m100): 1/2-1/2 {Draw by 3-fold repetition}
Started game 1513 of 40000 (candidate-m75 vs ref-7f15ac4-m100)
Finished game 1510 (ref-7f15ac4-m100 vs candidate-m75): 1/2-1/2 {Draw by 3-fold repetition}
Started game 1514 of 40000 (ref-7f15ac4-m100 vs candidate-m75)
Finished game 1498 (ref-7f15ac4-m100 vs candidate-m75): 0-1 {Black wins by adjudication}
Started game 1515 of 40000 (candidate-m75 vs ref-7f15ac4-m100)
Finished game 1505 (candidate-m75 vs ref-7f15ac4-m100): 0-1 {Black wins by adjudication}
Started game 1516 of 40000 (ref-7f15ac4-m100 vs candidate-m75)
Finished game 1503 (candidate-m75 vs ref-7f15ac4-m100): 1/2-1/2 {Draw by insufficient mating material}
Started game 1517 of 40000 (candidate-m75 vs ref-7f15ac4-m100)
Finished game 1504 (ref-7f15ac4-m100 vs candidate-m75): 0-1 {Black wins by adjudication}
Started game 1518 of 40000 (ref-7f15ac4-m100 vs candidate-m75)
Finished game 1508 (ref-7f15ac4-m100 vs candidate-m75): 0-1 {Black wins by adjudication}
Started game 1519 of 40000 (candidate-m75 vs ref-7f15ac4-m100)
Finished game 1507 (candidate-m75 vs ref-7f15ac4-m100): 1-0 {White wins by adjudication}
Started game 1520 of 40000 (ref-7f15ac4-m100 vs candidate-m75)
Finished game 1502 (ref-7f15ac4-m100 vs candidate-m75): 1/2-1/2 {Draw by adjudication}
Started game 1521 of 40000 (candidate-m75 vs ref-7f15ac4-m100)
Finished game 1515 (candidate-m75 vs ref-7f15ac4-m100): 0-1 {Black wins by adjudication}
Started game 1522 of 40000 (ref-7f15ac4-m100 vs candidate-m75)
Finished game 1506 (ref-7f15ac4-m100 vs candidate-m75): 0-1 {Black wins by adjudication}
Started game 1523 of 40000 (candidate-m75 vs ref-7f15ac4-m100)
Finished game 1514 (ref-7f15ac4-m100 vs candidate-m75): 0-1 {Black wins by adjudication}
Started game 1524 of 40000 (ref-7f15ac4-m100 vs candidate-m75)
Finished game 1513 (candidate-m75 vs ref-7f15ac4-m100): 1/2-1/2 {Draw by insufficient mating material}
Started game 1525 of 40000 (candidate-m75 vs ref-7f15ac4-m100)
Finished game 1516 (ref-7f15ac4-m100 vs candidate-m75): 1/2-1/2 {Draw by 3-fold repetition}
Started game 1526 of 40000 (ref-7f15ac4-m100 vs candidate-m75)
Finished game 1512 (ref-7f15ac4-m100 vs candidate-m75): 1-0 {White wins by adjudication}
Started game 1527 of 40000 (candidate-m75 vs ref-7f15ac4-m100)
Finished game 1523 (candidate-m75 vs ref-7f15ac4-m100): 0-1 {Black wins by adjudication}
Started game 1528 of 40000 (ref-7f15ac4-m100 vs candidate-m75)
Finished game 1521 (candidate-m75 vs ref-7f15ac4-m100): 0-1 {Black wins by adjudication}
Started game 1529 of 40000 (candidate-m75 vs ref-7f15ac4-m100)
Finished game 1518 (ref-7f15ac4-m100 vs candidate-m75): 1-0 {White wins by adjudication}
Started game 1530 of 40000 (ref-7f15ac4-m100 vs candidate-m75)
Finished game 1511 (candidate-m75 vs ref-7f15ac4-m100): 1/2-1/2 {Draw by insufficient mating material}
Started game 1531 of 40000 (candidate-m75 vs ref-7f15ac4-m100)
Finished game 1517 (candidate-m75 vs ref-7f15ac4-m100): 0-1 {Black wins by adjudication}
Started game 1532 of 40000 (ref-7f15ac4-m100 vs candidate-m75)
Finished game 1524 (ref-7f15ac4-m100 vs candidate-m75): 0-1 {Black wins by adjudication}
Started game 1533 of 40000 (candidate-m75 vs ref-7f15ac4-m100)
Finished game 1522 (ref-7f15ac4-m100 vs candidate-m75): 1/2-1/2 {Draw by 3-fold repetition}
Started game 1534 of 40000 (ref-7f15ac4-m100 vs candidate-m75)
Finished game 1525 (candidate-m75 vs ref-7f15ac4-m100): 1-0 {White wins by adjudication}
Started game 1535 of 40000 (candidate-m75 vs ref-7f15ac4-m100)
Finished game 1528 (ref-7f15ac4-m100 vs candidate-m75): 1/2-1/2 {Draw by 3-fold repetition}
Started game 1536 of 40000 (ref-7f15ac4-m100 vs candidate-m75)
Finished game 1526 (ref-7f15ac4-m100 vs candidate-m75): 1-0 {White wins by adjudication}
Started game 1537 of 40000 (candidate-m75 vs ref-7f15ac4-m100)
Finished game 1519 (candidate-m75 vs ref-7f15ac4-m100): 1/2-1/2 {Draw by 3-fold repetition}
Started game 1538 of 40000 (ref-7f15ac4-m100 vs candidate-m75)
Finished game 1529 (candidate-m75 vs ref-7f15ac4-m100): 1-0 {White wins by adjudication}
Started game 1539 of 40000 (candidate-m75 vs ref-7f15ac4-m100)
Finished game 1527 (candidate-m75 vs ref-7f15ac4-m100): 1-0 {White wins by adjudication}
Started game 1540 of 40000 (ref-7f15ac4-m100 vs candidate-m75)
Finished game 1532 (ref-7f15ac4-m100 vs candidate-m75): 1/2-1/2 {Draw by 3-fold repetition}
Started game 1541 of 40000 (candidate-m75 vs ref-7f15ac4-m100)
Finished game 1533 (candidate-m75 vs ref-7f15ac4-m100): 0-1 {Black wins by adjudication}
Started game 1542 of 40000 (ref-7f15ac4-m100 vs candidate-m75)
Finished game 1520 (ref-7f15ac4-m100 vs candidate-m75): 0-1 {Black wins by adjudication}
--------------------------------------------------
Results of candidate-m75 vs ref-7f15ac4-m100 (10+0.2, 1t, 16MB, 8moves_v3.pgn):
Elo: 8.41 +/- 13.86, nElo: 10.59 +/- 17.42
LOS: 88.32 %, DrawRatio: 33.90 %, PairsRatio: 1.08
Games: 1528, Wins: 500, Losses: 463, Draws: 565, Points: 782.5 (51.21 %)
Ptnml(0-2): [68, 175, 259, 176, 86], WL/DD Ratio: 1.42
LLR: 1.34 (45.5%) (-2.94, 2.94) [-5.00, 5.00]
--------------------------------------------------
Started game 1543 of 40000 (candidate-m75 vs ref-7f15ac4-m100)
Finished game 1530 (ref-7f15ac4-m100 vs candidate-m75): 0-1 {Black wins by adjudication}
Started game 1544 of 40000 (ref-7f15ac4-m100 vs candidate-m75)
Finished game 1534 (ref-7f15ac4-m100 vs candidate-m75): 1-0 {White wins by adjudication}
Started game 1545 of 40000 (candidate-m75 vs ref-7f15ac4-m100)
Finished game 1531 (candidate-m75 vs ref-7f15ac4-m100): 1/2-1/2 {Draw by adjudication}
Started game 1546 of 40000 (ref-7f15ac4-m100 vs candidate-m75)
Finished game 1535 (candidate-m75 vs ref-7f15ac4-m100): 1-0 {White wins by adjudication}
Started game 1547 of 40000 (candidate-m75 vs ref-7f15ac4-m100)
Finished game 1537 (candidate-m75 vs ref-7f15ac4-m100): 0-1 {Black wins by adjudication}
Started game 1548 of 40000 (ref-7f15ac4-m100 vs candidate-m75)
Finished game 1540 (ref-7f15ac4-m100 vs candidate-m75): 0-1 {Black wins by adjudication}
Started game 1549 of 40000 (candidate-m75 vs ref-7f15ac4-m100)
Finished game 1538 (ref-7f15ac4-m100 vs candidate-m75): 1/2-1/2 {Draw by 3-fold repetition}
Started game 1550 of 40000 (ref-7f15ac4-m100 vs candidate-m75)
Finished game 1543 (candidate-m75 vs ref-7f15ac4-m100): 1/2-1/2 {Draw by 3-fold repetition}
Started game 1551 of 40000 (candidate-m75 vs ref-7f15ac4-m100)
Finished game 1539 (candidate-m75 vs ref-7f15ac4-m100): 1/2-1/2 {Draw by 3-fold repetition}
--------------------------------------------------
Results of candidate-m75 vs ref-7f15ac4-m100 (10+0.2, 1t, 16MB, 8moves_v3.pgn):
Elo: 8.36 +/- 13.84, nElo: 10.50 +/- 17.36
LOS: 88.20 %, DrawRatio: 33.81 %, PairsRatio: 1.08
Games: 1538, Wins: 503, Losses: 466, Draws: 569, Points: 787.5 (51.20 %)
Ptnml(0-2): [69, 176, 260, 177, 87], WL/DD Ratio: 1.41
LLR: 1.34 (45.4%) (-2.94, 2.94) [-5.00, 5.00]
--------------------------------------------------
Started game 1552 of 40000 (ref-7f15ac4-m100 vs candidate-m75)
Finished game 1541 (candidate-m75 vs ref-7f15ac4-m100): 1-0 {White wins by adjudication}
Started game 1553 of 40000 (candidate-m75 vs ref-7f15ac4-m100)
Finished game 1536 (ref-7f15ac4-m100 vs candidate-m75): 1/2-1/2 {Draw by adjudication}
Started game 1554 of 40000 (ref-7f15ac4-m100 vs candidate-m75)
Finished game 1546 (ref-7f15ac4-m100 vs candidate-m75): 0-1 {Black wins by adjudication}
Started game 1555 of 40000 (candidate-m75 vs ref-7f15ac4-m100)
Finished game 1542 (ref-7f15ac4-m100 vs candidate-m75): 0-1 {Black wins by adjudication}
Started game 1556 of 40000 (ref-7f15ac4-m100 vs candidate-m75)
Finished game 1545 (candidate-m75 vs ref-7f15ac4-m100): 0-1 {Black wins by adjudication}
Started game 1557 of 40000 (candidate-m75 vs ref-7f15ac4-m100)
Finished game 1547 (candidate-m75 vs ref-7f15ac4-m100): 1-0 {White wins by adjudication}
Started game 1558 of 40000 (ref-7f15ac4-m100 vs candidate-m75)
Finished game 1544 (ref-7f15ac4-m100 vs candidate-m75): 1-0 {White wins by adjudication}
Started game 1559 of 40000 (candidate-m75 vs ref-7f15ac4-m100)
Finished game 1553 (candidate-m75 vs ref-7f15ac4-m100): 1/2-1/2 {Draw by 3-fold repetition}
Started game 1560 of 40000 (ref-7f15ac4-m100 vs candidate-m75)
Finished game 1548 (ref-7f15ac4-m100 vs candidate-m75): 1/2-1/2 {Draw by 3-fold repetition}
Started game 1561 of 40000 (candidate-m75 vs ref-7f15ac4-m100)
Finished game 1551 (candidate-m75 vs ref-7f15ac4-m100): 0-1 {Black wins by adjudication}
Started game 1562 of 40000 (ref-7f15ac4-m100 vs candidate-m75)
Finished game 1554 (ref-7f15ac4-m100 vs candidate-m75): 0-1 {Black wins by adjudication}
Started game 1563 of 40000 (candidate-m75 vs ref-7f15ac4-m100)
Finished game 1549 (candidate-m75 vs ref-7f15ac4-m100): 1/2-1/2 {Draw by 3-fold repetition}
Started game 1564 of 40000 (ref-7f15ac4-m100 vs candidate-m75)
Finished game 1557 (candidate-m75 vs ref-7f15ac4-m100): 1/2-1/2 {Draw by 3-fold repetition}
Started game 1565 of 40000 (candidate-m75 vs ref-7f15ac4-m100)
Finished game 1550 (ref-7f15ac4-m100 vs candidate-m75): 0-1 {Black wins by adjudication}
Started game 1566 of 40000 (ref-7f15ac4-m100 vs candidate-m75)
Finished game 1555 (candidate-m75 vs ref-7f15ac4-m100): 1/2-1/2 {Draw by insufficient mating material}
Started game 1567 of 40000 (candidate-m75 vs ref-7f15ac4-m100)
Finished game 1556 (ref-7f15ac4-m100 vs candidate-m75): 1/2-1/2 {Draw by adjudication}
Started game 1568 of 40000 (ref-7f15ac4-m100 vs candidate-m75)
Finished game 1560 (ref-7f15ac4-m100 vs candidate-m75): 1/2-1/2 {Draw by 3-fold repetition}
Started game 1569 of 40000 (candidate-m75 vs ref-7f15ac4-m100)
Finished game 1562 (ref-7f15ac4-m100 vs candidate-m75): 1/2-1/2 {Draw by 3-fold repetition}
Started game 1570 of 40000 (ref-7f15ac4-m100 vs candidate-m75)
Finished game 1559 (candidate-m75 vs ref-7f15ac4-m100): 1-0 {White wins by adjudication}
--------------------------------------------------
Results of candidate-m75 vs ref-7f15ac4-m100 (10+0.2, 1t, 16MB, 8moves_v3.pgn):
Elo: 9.60 +/- 13.75, nElo: 12.07 +/- 17.26
LOS: 91.47 %, DrawRatio: 33.68 %, PairsRatio: 1.10
Games: 1556, Wins: 511, Losses: 468, Draws: 577, Points: 799.5 (51.38 %)
Ptnml(0-2): [69, 177, 262, 182, 88], WL/DD Ratio: 1.40
LLR: 1.55 (52.8%) (-2.94, 2.94) [-5.00, 5.00]
--------------------------------------------------
Started game 1571 of 40000 (candidate-m75 vs ref-7f15ac4-m100)
Finished game 1563 (candidate-m75 vs ref-7f15ac4-m100): 1-0 {White wins by adjudication}
Started game 1572 of 40000 (ref-7f15ac4-m100 vs candidate-m75)
Finished game 1552 (ref-7f15ac4-m100 vs candidate-m75): 1-0 {White wins by adjudication}
Started game 1573 of 40000 (candidate-m75 vs ref-7f15ac4-m100)
Finished game 1561 (candidate-m75 vs ref-7f15ac4-m100): 1/2-1/2 {Draw by 3-fold repetition}
Started game 1574 of 40000 (ref-7f15ac4-m100 vs candidate-m75)
Finished game 1564 (ref-7f15ac4-m100 vs candidate-m75): 1/2-1/2 {Draw by 3-fold repetition}
Started game 1575 of 40000 (candidate-m75 vs ref-7f15ac4-m100)
Finished game 1558 (ref-7f15ac4-m100 vs candidate-m75): 1/2-1/2 {Draw by adjudication}
Started game 1576 of 40000 (ref-7f15ac4-m100 vs candidate-m75)
Finished game 1569 (candidate-m75 vs ref-7f15ac4-m100): 0-1 {Black wins by adjudication}
Started game 1577 of 40000 (candidate-m75 vs ref-7f15ac4-m100)
Finished game 1570 (ref-7f15ac4-m100 vs candidate-m75): 1-0 {White wins by adjudication}
Started game 1578 of 40000 (ref-7f15ac4-m100 vs candidate-m75)
Finished game 1573 (candidate-m75 vs ref-7f15ac4-m100): 1/2-1/2 {Draw by 3-fold repetition}
Started game 1579 of 40000 (candidate-m75 vs ref-7f15ac4-m100)
Finished game 1566 (ref-7f15ac4-m100 vs candidate-m75): 1-0 {White wins by adjudication}
Started game 1580 of 40000 (ref-7f15ac4-m100 vs candidate-m75)
Finished game 1571 (candidate-m75 vs ref-7f15ac4-m100): 1-0 {White wins by adjudication}
Started game 1581 of 40000 (candidate-m75 vs ref-7f15ac4-m100)
Finished game 1565 (candidate-m75 vs ref-7f15ac4-m100): 1-0 {White wins by adjudication}
Started game 1582 of 40000 (ref-7f15ac4-m100 vs candidate-m75)
Finished game 1568 (ref-7f15ac4-m100 vs candidate-m75): 1/2-1/2 {Draw by 3-fold repetition}
Started game 1583 of 40000 (candidate-m75 vs ref-7f15ac4-m100)
Finished game 1567 (candidate-m75 vs ref-7f15ac4-m100): 0-1 {Black wins by adjudication}
Started game 1584 of 40000 (ref-7f15ac4-m100 vs candidate-m75)
Finished game 1572 (ref-7f15ac4-m100 vs candidate-m75): 1-0 {White wins by adjudication}
Started game 1585 of 40000 (candidate-m75 vs ref-7f15ac4-m100)
Finished game 1574 (ref-7f15ac4-m100 vs candidate-m75): 1/2-1/2 {Draw by 3-fold repetition}
Started game 1586 of 40000 (ref-7f15ac4-m100 vs candidate-m75)
Finished game 1575 (candidate-m75 vs ref-7f15ac4-m100): 0-1 {Black wins by adjudication}
Started game 1587 of 40000 (candidate-m75 vs ref-7f15ac4-m100)
Finished game 1577 (candidate-m75 vs ref-7f15ac4-m100): 0-1 {Black wins by adjudication}
Started game 1588 of 40000 (ref-7f15ac4-m100 vs candidate-m75)
Finished game 1580 (ref-7f15ac4-m100 vs candidate-m75): 1/2-1/2 {Draw by 3-fold repetition}
Started game 1589 of 40000 (candidate-m75 vs ref-7f15ac4-m100)
Finished game 1576 (ref-7f15ac4-m100 vs candidate-m75): 0-1 {Black wins by adjudication}
Started game 1590 of 40000 (ref-7f15ac4-m100 vs candidate-m75)
Finished game 1583 (candidate-m75 vs ref-7f15ac4-m100): 0-1 {Black wins by adjudication}
Started game 1591 of 40000 (candidate-m75 vs ref-7f15ac4-m100)
Finished game 1584 (ref-7f15ac4-m100 vs candidate-m75): 1/2-1/2 {Draw by 3-fold repetition}
Started game 1592 of 40000 (ref-7f15ac4-m100 vs candidate-m75)
Finished game 1578 (ref-7f15ac4-m100 vs candidate-m75): 0-1 {Black wins by adjudication}
Started game 1593 of 40000 (candidate-m75 vs ref-7f15ac4-m100)
Finished game 1582 (ref-7f15ac4-m100 vs candidate-m75): 1/2-1/2 {Draw by 3-fold repetition}
Started game 1594 of 40000 (ref-7f15ac4-m100 vs candidate-m75)
Finished game 1581 (candidate-m75 vs ref-7f15ac4-m100): 0-1 {Black wins by adjudication}
Started game 1595 of 40000 (candidate-m75 vs ref-7f15ac4-m100)
Finished game 1585 (candidate-m75 vs ref-7f15ac4-m100): 0-1 {Black wins by adjudication}
Started game 1596 of 40000 (ref-7f15ac4-m100 vs candidate-m75)
Finished game 1579 (candidate-m75 vs ref-7f15ac4-m100): 1-0 {White wins by adjudication}
--------------------------------------------------
Results of candidate-m75 vs ref-7f15ac4-m100 (10+0.2, 1t, 16MB, 8moves_v3.pgn):
Elo: 8.34 +/- 13.60, nElo: 10.50 +/- 17.11
LOS: 88.55 %, DrawRatio: 33.96 %, PairsRatio: 1.08
Games: 1584, Wins: 517, Losses: 479, Draws: 588, Points: 811.0 (51.20 %)
Ptnml(0-2): [71, 180, 269, 184, 88], WL/DD Ratio: 1.40
LLR: 1.38 (46.8%) (-2.94, 2.94) [-5.00, 5.00]
--------------------------------------------------
Started game 1597 of 40000 (candidate-m75 vs ref-7f15ac4-m100)
Finished game 1592 (ref-7f15ac4-m100 vs candidate-m75): 1/2-1/2 {Draw by 3-fold repetition}
Started game 1598 of 40000 (ref-7f15ac4-m100 vs candidate-m75)
Finished game 1589 (candidate-m75 vs ref-7f15ac4-m100): 0-1 {Black wins by adjudication}
Started game 1599 of 40000 (candidate-m75 vs ref-7f15ac4-m100)
Finished game 1591 (candidate-m75 vs ref-7f15ac4-m100): 1-0 {White wins by adjudication}
Started game 1600 of 40000 (ref-7f15ac4-m100 vs candidate-m75)
Finished game 1587 (candidate-m75 vs ref-7f15ac4-m100): 1/2-1/2 {Draw by insufficient mating material}
Started game 1601 of 40000 (candidate-m75 vs ref-7f15ac4-m100)
Finished game 1597 (candidate-m75 vs ref-7f15ac4-m100): 1/2-1/2 {Draw by 3-fold repetition}
Started game 1602 of 40000 (ref-7f15ac4-m100 vs candidate-m75)
Finished game 1588 (ref-7f15ac4-m100 vs candidate-m75): 1/2-1/2 {Draw by 3-fold repetition}
Started game 1603 of 40000 (candidate-m75 vs ref-7f15ac4-m100)
Finished game 1593 (candidate-m75 vs ref-7f15ac4-m100): 0-1 {Black wins by adjudication}
Started game 1604 of 40000 (ref-7f15ac4-m100 vs candidate-m75)
Finished game 1594 (ref-7f15ac4-m100 vs candidate-m75): 1-0 {White wins by adjudication}
Started game 1605 of 40000 (candidate-m75 vs ref-7f15ac4-m100)
Finished game 1586 (ref-7f15ac4-m100 vs candidate-m75): 1/2-1/2 {Draw by insufficient mating material}
Started game 1606 of 40000 (ref-7f15ac4-m100 vs candidate-m75)
Finished game 1600 (ref-7f15ac4-m100 vs candidate-m75): 1-0 {White wins by adjudication}
Started game 1607 of 40000 (candidate-m75 vs ref-7f15ac4-m100)
Finished game 1595 (candidate-m75 vs ref-7f15ac4-m100): 1/2-1/2 {Draw by 3-fold repetition}
Started game 1608 of 40000 (ref-7f15ac4-m100 vs candidate-m75)
Finished game 1599 (candidate-m75 vs ref-7f15ac4-m100): 1-0 {White wins by adjudication}
--------------------------------------------------
Results of candidate-m75 vs ref-7f15ac4-m100 (10+0.2, 1t, 16MB, 8moves_v3.pgn):
Elo: 7.85 +/- 13.55, nElo: 9.89 +/- 17.06
LOS: 87.20 %, DrawRatio: 34.00 %, PairsRatio: 1.08
Games: 1594, Wins: 519, Losses: 483, Draws: 592, Points: 815.0 (51.13 %)
Ptnml(0-2): [72, 181, 271, 185, 88], WL/DD Ratio: 1.40
LLR: 1.30 (44.3%) (-2.94, 2.94) [-5.00, 5.00]
--------------------------------------------------
Started game 1609 of 40000 (candidate-m75 vs ref-7f15ac4-m100)
Finished game 1608 (ref-7f15ac4-m100 vs candidate-m75): 1/2-1/2 {Draw by 3-fold repetition}
Started game 1610 of 40000 (ref-7f15ac4-m100 vs candidate-m75)
Finished game 1603 (candidate-m75 vs ref-7f15ac4-m100): 0-1 {Black wins by adjudication}
Started game 1611 of 40000 (candidate-m75 vs ref-7f15ac4-m100)
Finished game 1601 (candidate-m75 vs ref-7f15ac4-m100): 0-1 {Black wins by adjudication}
Started game 1612 of 40000 (ref-7f15ac4-m100 vs candidate-m75)
Finished game 1596 (ref-7f15ac4-m100 vs candidate-m75): 1-0 {White wins by adjudication}
Started game 1613 of 40000 (candidate-m75 vs ref-7f15ac4-m100)
Finished game 1590 (ref-7f15ac4-m100 vs candidate-m75): 1/2-1/2 {Draw by 3-fold repetition}
Started game 1614 of 40000 (ref-7f15ac4-m100 vs candidate-m75)
Finished game 1606 (ref-7f15ac4-m100 vs candidate-m75): 0-1 {Black wins by adjudication}
Started game 1615 of 40000 (candidate-m75 vs ref-7f15ac4-m100)
Finished game 1604 (ref-7f15ac4-m100 vs candidate-m75): 1/2-1/2 {Draw by 3-fold repetition}
Started game 1616 of 40000 (ref-7f15ac4-m100 vs candidate-m75)
Finished game 1605 (candidate-m75 vs ref-7f15ac4-m100): 1/2-1/2 {Draw by 3-fold repetition}
Started game 1617 of 40000 (candidate-m75 vs ref-7f15ac4-m100)
Finished game 1609 (candidate-m75 vs ref-7f15ac4-m100): 1-0 {White wins by adjudication}
Started game 1618 of 40000 (ref-7f15ac4-m100 vs candidate-m75)
Finished game 1598 (ref-7f15ac4-m100 vs candidate-m75): 1-0 {White wins by adjudication}
Started game 1619 of 40000 (candidate-m75 vs ref-7f15ac4-m100)
Finished game 1611 (candidate-m75 vs ref-7f15ac4-m100): 1/2-1/2 {Draw by 3-fold repetition}
Started game 1620 of 40000 (ref-7f15ac4-m100 vs candidate-m75)
Finished game 1610 (ref-7f15ac4-m100 vs candidate-m75): 1/2-1/2 {Draw by 3-fold repetition}
Started game 1621 of 40000 (candidate-m75 vs ref-7f15ac4-m100)
Finished game 1616 (ref-7f15ac4-m100 vs candidate-m75): 1/2-1/2 {Draw by 3-fold repetition}
Started game 1622 of 40000 (ref-7f15ac4-m100 vs candidate-m75)
Finished game 1612 (ref-7f15ac4-m100 vs candidate-m75): 1/2-1/2 {Draw by 3-fold repetition}
Started game 1623 of 40000 (candidate-m75 vs ref-7f15ac4-m100)
Finished game 1613 (candidate-m75 vs ref-7f15ac4-m100): 0-1 {Black wins by adjudication}
Started game 1624 of 40000 (ref-7f15ac4-m100 vs candidate-m75)
Finished game 1602 (ref-7f15ac4-m100 vs candidate-m75): 1/2-1/2 {Draw by insufficient mating material}
Started game 1625 of 40000 (candidate-m75 vs ref-7f15ac4-m100)
Finished game 1615 (candidate-m75 vs ref-7f15ac4-m100): 1-0 {White wins by adjudication}
Started game 1626 of 40000 (ref-7f15ac4-m100 vs candidate-m75)
Finished game 1607 (candidate-m75 vs ref-7f15ac4-m100): 1/2-1/2 {Draw by adjudication}
Started game 1627 of 40000 (candidate-m75 vs ref-7f15ac4-m100)
Finished game 1621 (candidate-m75 vs ref-7f15ac4-m100): 1-0 {White wins by adjudication}
Started game 1628 of 40000 (ref-7f15ac4-m100 vs candidate-m75)
Finished game 1619 (candidate-m75 vs ref-7f15ac4-m100): 1-0 {White wins by adjudication}
Started game 1629 of 40000 (candidate-m75 vs ref-7f15ac4-m100)
Finished game 1617 (candidate-m75 vs ref-7f15ac4-m100): 1/2-1/2 {Draw by insufficient mating material}
Started game 1630 of 40000 (ref-7f15ac4-m100 vs candidate-m75)
Finished game 1614 (ref-7f15ac4-m100 vs candidate-m75): 1/2-1/2 {Draw by adjudication}
Started game 1631 of 40000 (candidate-m75 vs ref-7f15ac4-m100)
Finished game 1620 (ref-7f15ac4-m100 vs candidate-m75): 0-1 {Black wins by adjudication}
--------------------------------------------------
Results of candidate-m75 vs ref-7f15ac4-m100 (10+0.2, 1t, 16MB, 8moves_v3.pgn):
Elo: 7.52 +/- 13.44, nElo: 9.48 +/- 16.93
LOS: 86.37 %, DrawRatio: 33.75 %, PairsRatio: 1.07
Games: 1618, Wins: 524, Losses: 489, Draws: 605, Points: 826.5 (51.08 %)
Ptnml(0-2): [72, 187, 273, 188, 89], WL/DD Ratio: 1.37
LLR: 1.27 (43.1%) (-2.94, 2.94) [-5.00, 5.00]
--------------------------------------------------
Started game 1632 of 40000 (ref-7f15ac4-m100 vs candidate-m75)
Finished game 1618 (ref-7f15ac4-m100 vs candidate-m75): 0-1 {Black wins by adjudication}
Started game 1633 of 40000 (candidate-m75 vs ref-7f15ac4-m100)
Finished game 1626 (ref-7f15ac4-m100 vs candidate-m75): 1-0 {White wins by adjudication}
Started game 1634 of 40000 (ref-7f15ac4-m100 vs candidate-m75)
Finished game 1623 (candidate-m75 vs ref-7f15ac4-m100): 1/2-1/2 {Draw by 3-fold repetition}
Started game 1635 of 40000 (candidate-m75 vs ref-7f15ac4-m100)
Finished game 1627 (candidate-m75 vs ref-7f15ac4-m100): 0-1 {Black wins by adjudication}
Started game 1636 of 40000 (ref-7f15ac4-m100 vs candidate-m75)
Finished game 1629 (candidate-m75 vs ref-7f15ac4-m100): 1-0 {White wins by adjudication}
Started game 1637 of 40000 (candidate-m75 vs ref-7f15ac4-m100)
Finished game 1624 (ref-7f15ac4-m100 vs candidate-m75): 0-1 {Black wins by adjudication}
Started game 1638 of 40000 (ref-7f15ac4-m100 vs candidate-m75)
Finished game 1628 (ref-7f15ac4-m100 vs candidate-m75): 1/2-1/2 {Draw by 3-fold repetition}
Started game 1639 of 40000 (candidate-m75 vs ref-7f15ac4-m100)
Finished game 1622 (ref-7f15ac4-m100 vs candidate-m75): 1/2-1/2 {Draw by 3-fold repetition}
Started game 1640 of 40000 (ref-7f15ac4-m100 vs candidate-m75)
Finished game 1625 (candidate-m75 vs ref-7f15ac4-m100): 0-1 {Black wins by adjudication}
Started game 1641 of 40000 (candidate-m75 vs ref-7f15ac4-m100)
Finished game 1631 (candidate-m75 vs ref-7f15ac4-m100): 1/2-1/2 {Draw by 3-fold repetition}
Started game 1642 of 40000 (ref-7f15ac4-m100 vs candidate-m75)
Finished game 1635 (candidate-m75 vs ref-7f15ac4-m100): 1-0 {White wins by adjudication}
Started game 1643 of 40000 (candidate-m75 vs ref-7f15ac4-m100)
Finished game 1633 (candidate-m75 vs ref-7f15ac4-m100): 1-0 {White wins by adjudication}
Started game 1644 of 40000 (ref-7f15ac4-m100 vs candidate-m75)
Finished game 1634 (ref-7f15ac4-m100 vs candidate-m75): 1-0 {White wins by adjudication}
Started game 1645 of 40000 (candidate-m75 vs ref-7f15ac4-m100)
Finished game 1641 (candidate-m75 vs ref-7f15ac4-m100): 1-0 {White wins by adjudication}
Started game 1646 of 40000 (ref-7f15ac4-m100 vs candidate-m75)
Finished game 1632 (ref-7f15ac4-m100 vs candidate-m75): 0-1 {Black wins by adjudication}
Started game 1647 of 40000 (candidate-m75 vs ref-7f15ac4-m100)
Finished game 1630 (ref-7f15ac4-m100 vs candidate-m75): 1-0 {White wins by adjudication}
Started game 1648 of 40000 (ref-7f15ac4-m100 vs candidate-m75)
Finished game 1639 (candidate-m75 vs ref-7f15ac4-m100): 1/2-1/2 {Draw by 3-fold repetition}
Started game 1649 of 40000 (candidate-m75 vs ref-7f15ac4-m100)
Finished game 1637 (candidate-m75 vs ref-7f15ac4-m100): 1/2-1/2 {Draw by 3-fold repetition}
Started game 1650 of 40000 (ref-7f15ac4-m100 vs candidate-m75)
Finished game 1638 (ref-7f15ac4-m100 vs candidate-m75): 1-0 {White wins by adjudication}
Started game 1651 of 40000 (candidate-m75 vs ref-7f15ac4-m100)
Finished game 1645 (candidate-m75 vs ref-7f15ac4-m100): 1/2-1/2 {Draw by 3-fold repetition}
Started game 1652 of 40000 (ref-7f15ac4-m100 vs candidate-m75)
Finished game 1636 (ref-7f15ac4-m100 vs candidate-m75): 1/2-1/2 {Draw by 3-fold repetition}
Started game 1653 of 40000 (candidate-m75 vs ref-7f15ac4-m100)
Finished game 1642 (ref-7f15ac4-m100 vs candidate-m75): 1-0 {White wins by adjudication}
Started game 1654 of 40000 (ref-7f15ac4-m100 vs candidate-m75)
Finished game 1640 (ref-7f15ac4-m100 vs candidate-m75): 0-1 {Black wins by adjudication}
--------------------------------------------------
Results of candidate-m75 vs ref-7f15ac4-m100 (10+0.2, 1t, 16MB, 8moves_v3.pgn):
Elo: 7.83 +/- 13.32, nElo: 9.89 +/- 16.80
LOS: 87.56 %, DrawRatio: 33.62 %, PairsRatio: 1.08
Games: 1642, Wins: 533, Losses: 496, Draws: 613, Points: 839.5 (51.13 %)
Ptnml(0-2): [73, 189, 276, 194, 89], WL/DD Ratio: 1.40
LLR: 1.34 (45.7%) (-2.94, 2.94) [-5.00, 5.00]
--------------------------------------------------
Started game 1655 of 40000 (candidate-m75 vs ref-7f15ac4-m100)
Finished game 1648 (ref-7f15ac4-m100 vs candidate-m75): 1/2-1/2 {Draw by 3-fold repetition}
Started game 1656 of 40000 (ref-7f15ac4-m100 vs candidate-m75)
Finished game 1644 (ref-7f15ac4-m100 vs candidate-m75): 0-1 {Black wins by adjudication}
Started game 1657 of 40000 (candidate-m75 vs ref-7f15ac4-m100)
Finished game 1646 (ref-7f15ac4-m100 vs candidate-m75): 1-0 {White wins by adjudication}
Started game 1658 of 40000 (ref-7f15ac4-m100 vs candidate-m75)
Finished game 1654 (ref-7f15ac4-m100 vs candidate-m75): 0-1 {Black wins by adjudication}
Started game 1659 of 40000 (candidate-m75 vs ref-7f15ac4-m100)
Finished game 1647 (candidate-m75 vs ref-7f15ac4-m100): 1-0 {White wins by adjudication}
Started game 1660 of 40000 (ref-7f15ac4-m100 vs candidate-m75)
Finished game 1652 (ref-7f15ac4-m100 vs candidate-m75): 0-1 {Black wins by adjudication}
Started game 1661 of 40000 (candidate-m75 vs ref-7f15ac4-m100)
Finished game 1649 (candidate-m75 vs ref-7f15ac4-m100): 1-0 {White wins by adjudication}
Started game 1662 of 40000 (ref-7f15ac4-m100 vs candidate-m75)
Finished game 1655 (candidate-m75 vs ref-7f15ac4-m100): 0-1 {Black wins by adjudication}
Started game 1663 of 40000 (candidate-m75 vs ref-7f15ac4-m100)
Finished game 1653 (candidate-m75 vs ref-7f15ac4-m100): 0-1 {Black wins by adjudication}
Started game 1664 of 40000 (ref-7f15ac4-m100 vs candidate-m75)
Finished game 1650 (ref-7f15ac4-m100 vs candidate-m75): 0-1 {Black wins by adjudication}
Started game 1665 of 40000 (candidate-m75 vs ref-7f15ac4-m100)
Finished game 1643 (candidate-m75 vs ref-7f15ac4-m100): 1/2-1/2 {Draw by 3-fold repetition}
Started game 1666 of 40000 (ref-7f15ac4-m100 vs candidate-m75)
Finished game 1657 (candidate-m75 vs ref-7f15ac4-m100): 1/2-1/2 {Draw by 3-fold repetition}
Started game 1667 of 40000 (candidate-m75 vs ref-7f15ac4-m100)
Finished game 1656 (ref-7f15ac4-m100 vs candidate-m75): 1/2-1/2 {Draw by 3-fold repetition}
Started game 1668 of 40000 (ref-7f15ac4-m100 vs candidate-m75)
Finished game 1658 (ref-7f15ac4-m100 vs candidate-m75): 0-1 {Black wins by adjudication}
Started game 1669 of 40000 (candidate-m75 vs ref-7f15ac4-m100)
Finished game 1659 (candidate-m75 vs ref-7f15ac4-m100): 1/2-1/2 {Draw by adjudication}
Started game 1670 of 40000 (ref-7f15ac4-m100 vs candidate-m75)
Finished game 1660 (ref-7f15ac4-m100 vs candidate-m75): 1/2-1/2 {Draw by adjudication}
--------------------------------------------------
Results of candidate-m75 vs ref-7f15ac4-m100 (10+0.2, 1t, 16MB, 8moves_v3.pgn):
Elo: 8.38 +/- 13.25, nElo: 10.59 +/- 16.72
LOS: 89.28 %, DrawRatio: 33.53 %, PairsRatio: 1.09
Games: 1658, Wins: 539, Losses: 499, Draws: 620, Points: 849.0 (51.21 %)
Ptnml(0-2): [73, 191, 278, 197, 90], WL/DD Ratio: 1.40
LLR: 1.45 (49.4%) (-2.94, 2.94) [-5.00, 5.00]
--------------------------------------------------
Started game 1671 of 40000 (candidate-m75 vs ref-7f15ac4-m100)
Finished game 1661 (candidate-m75 vs ref-7f15ac4-m100): 1-0 {White wins by adjudication}
Started game 1672 of 40000 (ref-7f15ac4-m100 vs candidate-m75)
Finished game 1664 (ref-7f15ac4-m100 vs candidate-m75): 1-0 {White wins by adjudication}
Started game 1673 of 40000 (candidate-m75 vs ref-7f15ac4-m100)
Finished game 1651 (candidate-m75 vs ref-7f15ac4-m100): 1/2-1/2 {Draw by fifty moves rule}
Started game 1674 of 40000 (ref-7f15ac4-m100 vs candidate-m75)
Finished game 1663 (candidate-m75 vs ref-7f15ac4-m100): 1/2-1/2 {Draw by 3-fold repetition}
Started game 1675 of 40000 (candidate-m75 vs ref-7f15ac4-m100)
Finished game 1666 (ref-7f15ac4-m100 vs candidate-m75): 1-0 {White wins by adjudication}
Started game 1676 of 40000 (ref-7f15ac4-m100 vs candidate-m75)
Finished game 1667 (candidate-m75 vs ref-7f15ac4-m100): 1-0 {White wins by adjudication}
Started game 1677 of 40000 (candidate-m75 vs ref-7f15ac4-m100)
Finished game 1671 (candidate-m75 vs ref-7f15ac4-m100): 1/2-1/2 {Draw by 3-fold repetition}
Started game 1678 of 40000 (ref-7f15ac4-m100 vs candidate-m75)
Finished game 1662 (ref-7f15ac4-m100 vs candidate-m75): 1/2-1/2 {Draw by insufficient mating material}
Started game 1679 of 40000 (candidate-m75 vs ref-7f15ac4-m100)
Finished game 1665 (candidate-m75 vs ref-7f15ac4-m100): 1/2-1/2 {Draw by 3-fold repetition}
Started game 1680 of 40000 (ref-7f15ac4-m100 vs candidate-m75)
Finished game 1668 (ref-7f15ac4-m100 vs candidate-m75): 1/2-1/2 {Draw by 3-fold repetition}
Started game 1681 of 40000 (candidate-m75 vs ref-7f15ac4-m100)
Finished game 1670 (ref-7f15ac4-m100 vs candidate-m75): 1-0 {White wins by adjudication}
Started game 1682 of 40000 (ref-7f15ac4-m100 vs candidate-m75)
Finished game 1669 (candidate-m75 vs ref-7f15ac4-m100): 1-0 {White wins by adjudication}
Started game 1683 of 40000 (candidate-m75 vs ref-7f15ac4-m100)
Finished game 1672 (ref-7f15ac4-m100 vs candidate-m75): 1/2-1/2 {Draw by 3-fold repetition}
Started game 1684 of 40000 (ref-7f15ac4-m100 vs candidate-m75)
Finished game 1676 (ref-7f15ac4-m100 vs candidate-m75): 1/2-1/2 {Draw by 3-fold repetition}
Started game 1685 of 40000 (candidate-m75 vs ref-7f15ac4-m100)
Finished game 1677 (candidate-m75 vs ref-7f15ac4-m100): 1-0 {White wins by adjudication}
Started game 1686 of 40000 (ref-7f15ac4-m100 vs candidate-m75)
Finished game 1673 (candidate-m75 vs ref-7f15ac4-m100): 1/2-1/2 {Draw by insufficient mating material}
Started game 1687 of 40000 (candidate-m75 vs ref-7f15ac4-m100)
Finished game 1682 (ref-7f15ac4-m100 vs candidate-m75): 1-0 {White wins by adjudication}
Started game 1688 of 40000 (ref-7f15ac4-m100 vs candidate-m75)
Finished game 1678 (ref-7f15ac4-m100 vs candidate-m75): 1-0 {White wins by adjudication}
Started game 1689 of 40000 (candidate-m75 vs ref-7f15ac4-m100)
Finished game 1685 (candidate-m75 vs ref-7f15ac4-m100): 1/2-1/2 {Draw by 3-fold repetition}
Started game 1690 of 40000 (ref-7f15ac4-m100 vs candidate-m75)
Finished game 1674 (ref-7f15ac4-m100 vs candidate-m75): 1/2-1/2 {Draw by insufficient mating material}
Started game 1691 of 40000 (candidate-m75 vs ref-7f15ac4-m100)
Finished game 1679 (candidate-m75 vs ref-7f15ac4-m100): 0-1 {Black wins by adjudication}
Started game 1692 of 40000 (ref-7f15ac4-m100 vs candidate-m75)
Finished game 1675 (candidate-m75 vs ref-7f15ac4-m100): 1/2-1/2 {Draw by insufficient mating material}
Started game 1693 of 40000 (candidate-m75 vs ref-7f15ac4-m100)
Finished game 1680 (ref-7f15ac4-m100 vs candidate-m75): 1-0 {White wins by adjudication}
--------------------------------------------------
Results of candidate-m75 vs ref-7f15ac4-m100 (10+0.2, 1t, 16MB, 8moves_v3.pgn):
Elo: 8.07 +/- 13.13, nElo: 10.22 +/- 16.61
LOS: 88.59 %, DrawRatio: 33.69 %, PairsRatio: 1.09
Games: 1680, Wins: 544, Losses: 505, Draws: 631, Points: 859.5 (51.16 %)
Ptnml(0-2): [74, 193, 283, 200, 90], WL/DD Ratio: 1.38
LLR: 1.42 (48.3%) (-2.94, 2.94) [-5.00, 5.00]
--------------------------------------------------
Started game 1694 of 40000 (ref-7f15ac4-m100 vs candidate-m75)
Finished game 1683 (candidate-m75 vs ref-7f15ac4-m100): 1-0 {White wins by adjudication}
Started game 1695 of 40000 (candidate-m75 vs ref-7f15ac4-m100)
Finished game 1681 (candidate-m75 vs ref-7f15ac4-m100): 1/2-1/2 {Draw by 3-fold repetition}
Started game 1696 of 40000 (ref-7f15ac4-m100 vs candidate-m75)
Finished game 1684 (ref-7f15ac4-m100 vs candidate-m75): 1-0 {White wins by adjudication}
Started game 1697 of 40000 (candidate-m75 vs ref-7f15ac4-m100)
Finished game 1687 (candidate-m75 vs ref-7f15ac4-m100): 1/2-1/2 {Draw by 3-fold repetition}
Started game 1698 of 40000 (ref-7f15ac4-m100 vs candidate-m75)
Finished game 1688 (ref-7f15ac4-m100 vs candidate-m75): 1/2-1/2 {Draw by 3-fold repetition}
Started game 1699 of 40000 (candidate-m75 vs ref-7f15ac4-m100)
Finished game 1686 (ref-7f15ac4-m100 vs candidate-m75): 1/2-1/2 {Draw by adjudication}
Started game 1700 of 40000 (ref-7f15ac4-m100 vs candidate-m75)
Finished game 1696 (ref-7f15ac4-m100 vs candidate-m75): 0-1 {Black wins by adjudication}
Started game 1701 of 40000 (candidate-m75 vs ref-7f15ac4-m100)
Finished game 1691 (candidate-m75 vs ref-7f15ac4-m100): 0-1 {Black wins by adjudication}
Started game 1702 of 40000 (ref-7f15ac4-m100 vs candidate-m75)
Finished game 1694 (ref-7f15ac4-m100 vs candidate-m75): 1/2-1/2 {Draw by insufficient mating material}
Started game 1703 of 40000 (candidate-m75 vs ref-7f15ac4-m100)
Finished game 1692 (ref-7f15ac4-m100 vs candidate-m75): 1/2-1/2 {Draw by insufficient mating material}
Started game 1704 of 40000 (ref-7f15ac4-m100 vs candidate-m75)
Finished game 1689 (candidate-m75 vs ref-7f15ac4-m100): 0-1 {Black wins by adjudication}
Started game 1705 of 40000 (candidate-m75 vs ref-7f15ac4-m100)
Finished game 1695 (candidate-m75 vs ref-7f15ac4-m100): 1-0 {White wins by adjudication}
Started game 1706 of 40000 (ref-7f15ac4-m100 vs candidate-m75)
Finished game 1690 (ref-7f15ac4-m100 vs candidate-m75): 0-1 {Black wins by adjudication}
Started game 1707 of 40000 (candidate-m75 vs ref-7f15ac4-m100)
Finished game 1693 (candidate-m75 vs ref-7f15ac4-m100): 0-1 {Black wins by adjudication}
Started game 1708 of 40000 (ref-7f15ac4-m100 vs candidate-m75)
Finished game 1698 (ref-7f15ac4-m100 vs candidate-m75): 1/2-1/2 {Draw by 3-fold repetition}
Started game 1709 of 40000 (candidate-m75 vs ref-7f15ac4-m100)
Finished game 1697 (candidate-m75 vs ref-7f15ac4-m100): 1/2-1/2 {Draw by insufficient mating material}
Started game 1710 of 40000 (ref-7f15ac4-m100 vs candidate-m75)
Finished game 1701 (candidate-m75 vs ref-7f15ac4-m100): 1/2-1/2 {Draw by adjudication}
Started game 1711 of 40000 (candidate-m75 vs ref-7f15ac4-m100)
Finished game 1704 (ref-7f15ac4-m100 vs candidate-m75): 0-1 {Black wins by adjudication}
Started game 1712 of 40000 (ref-7f15ac4-m100 vs candidate-m75)
Finished game 1700 (ref-7f15ac4-m100 vs candidate-m75): 1/2-1/2 {Draw by insufficient mating material}
Started game 1713 of 40000 (candidate-m75 vs ref-7f15ac4-m100)
Finished game 1699 (candidate-m75 vs ref-7f15ac4-m100): 0-1 {Black wins by adjudication}
--------------------------------------------------
Results of candidate-m75 vs ref-7f15ac4-m100 (10+0.2, 1t, 16MB, 8moves_v3.pgn):
Elo: 7.56 +/- 13.03, nElo: 9.60 +/- 16.52
LOS: 87.26 %, DrawRatio: 33.88 %, PairsRatio: 1.07
Games: 1700, Wins: 548, Losses: 511, Draws: 641, Points: 868.5 (51.09 %)
Ptnml(0-2): [74, 197, 288, 200, 91], WL/DD Ratio: 1.36
LLR: 1.35 (45.9%) (-2.94, 2.94) [-5.00, 5.00]
--------------------------------------------------
Started game 1714 of 40000 (ref-7f15ac4-m100 vs candidate-m75)
Finished game 1705 (candidate-m75 vs ref-7f15ac4-m100): 1/2-1/2 {Draw by 3-fold repetition}
Started game 1715 of 40000 (candidate-m75 vs ref-7f15ac4-m100)
Finished game 1702 (ref-7f15ac4-m100 vs candidate-m75): 1-0 {White wins by adjudication}
Started game 1716 of 40000 (ref-7f15ac4-m100 vs candidate-m75)
Finished game 1706 (ref-7f15ac4-m100 vs candidate-m75): 0-1 {Black wins by adjudication}
Started game 1717 of 40000 (candidate-m75 vs ref-7f15ac4-m100)
Finished game 1703 (candidate-m75 vs ref-7f15ac4-m100): 1/2-1/2 {Draw by 3-fold repetition}
Started game 1718 of 40000 (ref-7f15ac4-m100 vs candidate-m75)
Finished game 1707 (candidate-m75 vs ref-7f15ac4-m100): 1-0 {White wins by adjudication}
Started game 1719 of 40000 (candidate-m75 vs ref-7f15ac4-m100)
Finished game 1710 (ref-7f15ac4-m100 vs candidate-m75): 1-0 {White wins by adjudication}
Started game 1720 of 40000 (ref-7f15ac4-m100 vs candidate-m75)
Finished game 1708 (ref-7f15ac4-m100 vs candidate-m75): 1-0 {White wins by adjudication}
Started game 1721 of 40000 (candidate-m75 vs ref-7f15ac4-m100)
Finished game 1711 (candidate-m75 vs ref-7f15ac4-m100): 1-0 {White wins by adjudication}
Started game 1722 of 40000 (ref-7f15ac4-m100 vs candidate-m75)
Finished game 1713 (candidate-m75 vs ref-7f15ac4-m100): 1-0 {White wins by adjudication}
Started game 1723 of 40000 (candidate-m75 vs ref-7f15ac4-m100)
Finished game 1712 (ref-7f15ac4-m100 vs candidate-m75): 0-1 {Black wins by adjudication}
Started game 1724 of 40000 (ref-7f15ac4-m100 vs candidate-m75)
Finished game 1714 (ref-7f15ac4-m100 vs candidate-m75): 0-1 {Black wins by adjudication}
Started game 1725 of 40000 (candidate-m75 vs ref-7f15ac4-m100)
Finished game 1709 (candidate-m75 vs ref-7f15ac4-m100): 1/2-1/2 {Draw by insufficient mating material}
Started game 1726 of 40000 (ref-7f15ac4-m100 vs candidate-m75)
Finished game 1716 (ref-7f15ac4-m100 vs candidate-m75): 1-0 {White wins by adjudication}
Started game 1727 of 40000 (candidate-m75 vs ref-7f15ac4-m100)
Finished game 1715 (candidate-m75 vs ref-7f15ac4-m100): 0-1 {Black wins by adjudication}
Started game 1728 of 40000 (ref-7f15ac4-m100 vs candidate-m75)
Finished game 1717 (candidate-m75 vs ref-7f15ac4-m100): 1-0 {White wins by adjudication}
Started game 1729 of 40000 (candidate-m75 vs ref-7f15ac4-m100)
Finished game 1720 (ref-7f15ac4-m100 vs candidate-m75): 1-0 {White wins by adjudication}
Started game 1730 of 40000 (ref-7f15ac4-m100 vs candidate-m75)
Finished game 1722 (ref-7f15ac4-m100 vs candidate-m75): 1-0 {White wins by adjudication}
Started game 1731 of 40000 (candidate-m75 vs ref-7f15ac4-m100)
Finished game 1719 (candidate-m75 vs ref-7f15ac4-m100): 1-0 {White wins by adjudication}
--------------------------------------------------
Results of candidate-m75 vs ref-7f15ac4-m100 (10+0.2, 1t, 16MB, 8moves_v3.pgn):
Elo: 7.89 +/- 12.99, nElo: 9.99 +/- 16.43
LOS: 88.33 %, DrawRatio: 33.76 %, PairsRatio: 1.08
Games: 1718, Wins: 556, Losses: 517, Draws: 645, Points: 878.5 (51.14 %)
Ptnml(0-2): [75, 199, 290, 202, 93], WL/DD Ratio: 1.38
LLR: 1.42 (48.3%) (-2.94, 2.94) [-5.00, 5.00]
--------------------------------------------------
Started game 1732 of 40000 (ref-7f15ac4-m100 vs candidate-m75)
Finished game 1723 (candidate-m75 vs ref-7f15ac4-m100): 1-0 {White wins by adjudication}
Started game 1733 of 40000 (candidate-m75 vs ref-7f15ac4-m100)
Finished game 1718 (ref-7f15ac4-m100 vs candidate-m75): 1/2-1/2 {Draw by adjudication}
Started game 1734 of 40000 (ref-7f15ac4-m100 vs candidate-m75)
Finished game 1724 (ref-7f15ac4-m100 vs candidate-m75): 0-1 {Black wins by adjudication}
Started game 1735 of 40000 (candidate-m75 vs ref-7f15ac4-m100)
Finished game 1721 (candidate-m75 vs ref-7f15ac4-m100): 1/2-1/2 {Draw by insufficient mating material}
Started game 1736 of 40000 (ref-7f15ac4-m100 vs candidate-m75)
Finished game 1725 (candidate-m75 vs ref-7f15ac4-m100): 0-1 {Black wins by adjudication}
Started game 1737 of 40000 (candidate-m75 vs ref-7f15ac4-m100)
Finished game 1726 (ref-7f15ac4-m100 vs candidate-m75): 1/2-1/2 {Draw by 3-fold repetition}
Started game 1738 of 40000 (ref-7f15ac4-m100 vs candidate-m75)
Finished game 1732 (ref-7f15ac4-m100 vs candidate-m75): 1-0 {White wins by adjudication}
Started game 1739 of 40000 (candidate-m75 vs ref-7f15ac4-m100)
Finished game 1727 (candidate-m75 vs ref-7f15ac4-m100): 1/2-1/2 {Draw by insufficient mating material}
Started game 1740 of 40000 (ref-7f15ac4-m100 vs candidate-m75)
Finished game 1731 (candidate-m75 vs ref-7f15ac4-m100): 1-0 {White wins by adjudication}
Started game 1741 of 40000 (candidate-m75 vs ref-7f15ac4-m100)
Finished game 1730 (ref-7f15ac4-m100 vs candidate-m75): 0-1 {Black wins by adjudication}
Started game 1742 of 40000 (ref-7f15ac4-m100 vs candidate-m75)
Finished game 1733 (candidate-m75 vs ref-7f15ac4-m100): 1-0 {White wins by adjudication}
Started game 1743 of 40000 (candidate-m75 vs ref-7f15ac4-m100)
Finished game 1734 (ref-7f15ac4-m100 vs candidate-m75): 0-1 {Black wins by adjudication}
Started game 1744 of 40000 (ref-7f15ac4-m100 vs candidate-m75)
Finished game 1729 (candidate-m75 vs ref-7f15ac4-m100): 0-1 {Black wins by adjudication}
Started game 1745 of 40000 (candidate-m75 vs ref-7f15ac4-m100)
Finished game 1735 (candidate-m75 vs ref-7f15ac4-m100): 1/2-1/2 {Draw by 3-fold repetition}
Started game 1746 of 40000 (ref-7f15ac4-m100 vs candidate-m75)
Finished game 1741 (candidate-m75 vs ref-7f15ac4-m100): 1/2-1/2 {Draw by 3-fold repetition}
Started game 1747 of 40000 (candidate-m75 vs ref-7f15ac4-m100)
Finished game 1740 (ref-7f15ac4-m100 vs candidate-m75): 1/2-1/2 {Draw by 3-fold repetition}
Started game 1748 of 40000 (ref-7f15ac4-m100 vs candidate-m75)
Finished game 1737 (candidate-m75 vs ref-7f15ac4-m100): 1-0 {White wins by adjudication}
Started game 1749 of 40000 (candidate-m75 vs ref-7f15ac4-m100)
Finished game 1736 (ref-7f15ac4-m100 vs candidate-m75): 0-1 {Black wins by adjudication}
Started game 1750 of 40000 (ref-7f15ac4-m100 vs candidate-m75)
Finished game 1742 (ref-7f15ac4-m100 vs candidate-m75): 1-0 {White wins by adjudication}
Started game 1751 of 40000 (candidate-m75 vs ref-7f15ac4-m100)
Finished game 1739 (candidate-m75 vs ref-7f15ac4-m100): 1-0 {White wins by adjudication}
--------------------------------------------------
Results of candidate-m75 vs ref-7f15ac4-m100 (10+0.2, 1t, 16MB, 8moves_v3.pgn):
Elo: 8.60 +/- 12.92, nElo: 10.88 +/- 16.33
LOS: 90.41 %, DrawRatio: 33.60 %, PairsRatio: 1.08
Games: 1738, Wins: 565, Losses: 522, Draws: 651, Points: 890.5 (51.24 %)
Ptnml(0-2): [75, 202, 292, 205, 95], WL/DD Ratio: 1.39
LLR: 1.57 (53.2%) (-2.94, 2.94) [-5.00, 5.00]
--------------------------------------------------
Started game 1752 of 40000 (ref-7f15ac4-m100 vs candidate-m75)
Finished game 1744 (ref-7f15ac4-m100 vs candidate-m75): 1-0 {White wins by adjudication}
Started game 1753 of 40000 (candidate-m75 vs ref-7f15ac4-m100)
Finished game 1743 (candidate-m75 vs ref-7f15ac4-m100): 1-0 {White wins by adjudication}
Started game 1754 of 40000 (ref-7f15ac4-m100 vs candidate-m75)
Finished game 1728 (ref-7f15ac4-m100 vs candidate-m75): 1-0 {White wins by adjudication}
Started game 1755 of 40000 (candidate-m75 vs ref-7f15ac4-m100)
Finished game 1738 (ref-7f15ac4-m100 vs candidate-m75): 1/2-1/2 {Draw by insufficient mating material}
Started game 1756 of 40000 (ref-7f15ac4-m100 vs candidate-m75)
Finished game 1749 (candidate-m75 vs ref-7f15ac4-m100): 1-0 {White wins by adjudication}
Started game 1757 of 40000 (candidate-m75 vs ref-7f15ac4-m100)
Finished game 1746 (ref-7f15ac4-m100 vs candidate-m75): 1/2-1/2 {Draw by 3-fold repetition}
Started game 1758 of 40000 (ref-7f15ac4-m100 vs candidate-m75)
Finished game 1745 (candidate-m75 vs ref-7f15ac4-m100): 1-0 {White wins by adjudication}
Started game 1759 of 40000 (candidate-m75 vs ref-7f15ac4-m100)
Finished game 1747 (candidate-m75 vs ref-7f15ac4-m100): 1/2-1/2 {Draw by 3-fold repetition}
Started game 1760 of 40000 (ref-7f15ac4-m100 vs candidate-m75)
Finished game 1748 (ref-7f15ac4-m100 vs candidate-m75): 1-0 {White wins by adjudication}
Started game 1761 of 40000 (candidate-m75 vs ref-7f15ac4-m100)
Finished game 1751 (candidate-m75 vs ref-7f15ac4-m100): 1/2-1/2 {Draw by 3-fold repetition}
Started game 1762 of 40000 (ref-7f15ac4-m100 vs candidate-m75)
Finished game 1753 (candidate-m75 vs ref-7f15ac4-m100): 0-1 {Black wins by adjudication}
Started game 1763 of 40000 (candidate-m75 vs ref-7f15ac4-m100)
Finished game 1755 (candidate-m75 vs ref-7f15ac4-m100): 1/2-1/2 {Draw by 3-fold repetition}
Started game 1764 of 40000 (ref-7f15ac4-m100 vs candidate-m75)
Finished game 1756 (ref-7f15ac4-m100 vs candidate-m75): 1-0 {White wins by adjudication}
Started game 1765 of 40000 (candidate-m75 vs ref-7f15ac4-m100)
Finished game 1752 (ref-7f15ac4-m100 vs candidate-m75): 0-1 {Black wins by adjudication}
Started game 1766 of 40000 (ref-7f15ac4-m100 vs candidate-m75)
Finished game 1757 (candidate-m75 vs ref-7f15ac4-m100): 0-1 {Black wins by adjudication}
Started game 1767 of 40000 (candidate-m75 vs ref-7f15ac4-m100)
Finished game 1750 (ref-7f15ac4-m100 vs candidate-m75): 1/2-1/2 {Draw by insufficient mating material}
Started game 1768 of 40000 (ref-7f15ac4-m100 vs candidate-m75)
Finished game 1754 (ref-7f15ac4-m100 vs candidate-m75): 0-1 {Black wins by adjudication}
Started game 1769 of 40000 (candidate-m75 vs ref-7f15ac4-m100)
Finished game 1765 (candidate-m75 vs ref-7f15ac4-m100): 1/2-1/2 {Draw by 3-fold repetition}
Started game 1770 of 40000 (ref-7f15ac4-m100 vs candidate-m75)
Finished game 1758 (ref-7f15ac4-m100 vs candidate-m75): 0-1 {Black wins by adjudication}
Started game 1771 of 40000 (candidate-m75 vs ref-7f15ac4-m100)
Finished game 1762 (ref-7f15ac4-m100 vs candidate-m75): 1-0 {White wins by adjudication}
Started game 1772 of 40000 (ref-7f15ac4-m100 vs candidate-m75)
Finished game 1761 (candidate-m75 vs ref-7f15ac4-m100): 1-0 {White wins by adjudication}
Started game 1773 of 40000 (candidate-m75 vs ref-7f15ac4-m100)
Finished game 1759 (candidate-m75 vs ref-7f15ac4-m100): 0-1 {Black wins by adjudication}
Started game 1774 of 40000 (ref-7f15ac4-m100 vs candidate-m75)
Finished game 1760 (ref-7f15ac4-m100 vs candidate-m75): 1-0 {White wins by adjudication}
--------------------------------------------------
Results of candidate-m75 vs ref-7f15ac4-m100 (10+0.2, 1t, 16MB, 8moves_v3.pgn):
Elo: 8.28 +/- 12.81, nElo: 10.50 +/- 16.22
LOS: 89.77 %, DrawRatio: 33.60 %, PairsRatio: 1.08
Games: 1762, Wins: 573, Losses: 531, Draws: 658, Points: 902.0 (51.19 %)
Ptnml(0-2): [76, 205, 296, 209, 95], WL/DD Ratio: 1.43
LLR: 1.53 (52.0%) (-2.94, 2.94) [-5.00, 5.00]
--------------------------------------------------
Started game 1775 of 40000 (candidate-m75 vs ref-7f15ac4-m100)
Finished game 1763 (candidate-m75 vs ref-7f15ac4-m100): 1-0 {White wins by adjudication}
Started game 1776 of 40000 (ref-7f15ac4-m100 vs candidate-m75)
Finished game 1764 (ref-7f15ac4-m100 vs candidate-m75): 0-1 {Black wins by adjudication}
Started game 1777 of 40000 (candidate-m75 vs ref-7f15ac4-m100)
Finished game 1768 (ref-7f15ac4-m100 vs candidate-m75): 1/2-1/2 {Draw by 3-fold repetition}
Started game 1778 of 40000 (ref-7f15ac4-m100 vs candidate-m75)
Finished game 1767 (candidate-m75 vs ref-7f15ac4-m100): 1/2-1/2 {Draw by 3-fold repetition}
Started game 1779 of 40000 (candidate-m75 vs ref-7f15ac4-m100)
Finished game 1769 (candidate-m75 vs ref-7f15ac4-m100): 1-0 {White wins by adjudication}
Started game 1780 of 40000 (ref-7f15ac4-m100 vs candidate-m75)
Finished game 1772 (ref-7f15ac4-m100 vs candidate-m75): 0-1 {Black wins by adjudication}
Started game 1781 of 40000 (candidate-m75 vs ref-7f15ac4-m100)
Finished game 1770 (ref-7f15ac4-m100 vs candidate-m75): 1/2-1/2 {Draw by 3-fold repetition}
Started game 1782 of 40000 (ref-7f15ac4-m100 vs candidate-m75)
Finished game 1766 (ref-7f15ac4-m100 vs candidate-m75): 0-1 {Black wins by adjudication}
Started game 1783 of 40000 (candidate-m75 vs ref-7f15ac4-m100)
Finished game 1774 (ref-7f15ac4-m100 vs candidate-m75): 0-1 {Black wins by adjudication}
Started game 1784 of 40000 (ref-7f15ac4-m100 vs candidate-m75)
Finished game 1771 (candidate-m75 vs ref-7f15ac4-m100): 1/2-1/2 {Draw by 3-fold repetition}
Started game 1785 of 40000 (candidate-m75 vs ref-7f15ac4-m100)
Finished game 1775 (candidate-m75 vs ref-7f15ac4-m100): 1/2-1/2 {Draw by 3-fold repetition}
Started game 1786 of 40000 (ref-7f15ac4-m100 vs candidate-m75)
Finished game 1777 (candidate-m75 vs ref-7f15ac4-m100): 0-1 {Black wins by adjudication}
Started game 1787 of 40000 (candidate-m75 vs ref-7f15ac4-m100)
Finished game 1776 (ref-7f15ac4-m100 vs candidate-m75): 0-1 {Black wins by adjudication}
Started game 1788 of 40000 (ref-7f15ac4-m100 vs candidate-m75)
Finished game 1778 (ref-7f15ac4-m100 vs candidate-m75): 1/2-1/2 {Draw by 3-fold repetition}
Started game 1789 of 40000 (candidate-m75 vs ref-7f15ac4-m100)
Finished game 1782 (ref-7f15ac4-m100 vs candidate-m75): 1-0 {White wins by adjudication}
Started game 1790 of 40000 (ref-7f15ac4-m100 vs candidate-m75)
Finished game 1784 (ref-7f15ac4-m100 vs candidate-m75): 0-1 {Black wins by adjudication}
Started game 1791 of 40000 (candidate-m75 vs ref-7f15ac4-m100)
Finished game 1780 (ref-7f15ac4-m100 vs candidate-m75): 0-1 {Black wins by adjudication}
Started game 1792 of 40000 (ref-7f15ac4-m100 vs candidate-m75)
Finished game 1786 (ref-7f15ac4-m100 vs candidate-m75): 1-0 {White wins by adjudication}
Started game 1793 of 40000 (candidate-m75 vs ref-7f15ac4-m100)
Finished game 1783 (candidate-m75 vs ref-7f15ac4-m100): 0-1 {Black wins by adjudication}
Started game 1794 of 40000 (ref-7f15ac4-m100 vs candidate-m75)
Finished game 1788 (ref-7f15ac4-m100 vs candidate-m75): 1/2-1/2 {Draw by 3-fold repetition}
Started game 1795 of 40000 (candidate-m75 vs ref-7f15ac4-m100)
Finished game 1787 (candidate-m75 vs ref-7f15ac4-m100): 1-0 {White wins by adjudication}
Started game 1796 of 40000 (ref-7f15ac4-m100 vs candidate-m75)
Finished game 1779 (candidate-m75 vs ref-7f15ac4-m100): 1-0 {White wins by adjudication}
--------------------------------------------------
Results of candidate-m75 vs ref-7f15ac4-m100 (10+0.2, 1t, 16MB, 8moves_v3.pgn):
Elo: 9.75 +/- 12.74, nElo: 12.36 +/- 16.13
LOS: 93.34 %, DrawRatio: 33.45 %, PairsRatio: 1.10
Games: 1782, Wins: 583, Losses: 533, Draws: 666, Points: 916.0 (51.40 %)
Ptnml(0-2): [76, 206, 298, 214, 97], WL/DD Ratio: 1.42
LLR: 1.82 (61.9%) (-2.94, 2.94) [-5.00, 5.00]
--------------------------------------------------
Started game 1797 of 40000 (candidate-m75 vs ref-7f15ac4-m100)
Finished game 1773 (candidate-m75 vs ref-7f15ac4-m100): 1/2-1/2 {Draw by adjudication}
Started game 1798 of 40000 (ref-7f15ac4-m100 vs candidate-m75)
Finished game 1781 (candidate-m75 vs ref-7f15ac4-m100): 1/2-1/2 {Draw by insufficient mating material}
Started game 1799 of 40000 (candidate-m75 vs ref-7f15ac4-m100)
Finished game 1791 (candidate-m75 vs ref-7f15ac4-m100): 1/2-1/2 {Draw by 3-fold repetition}
Started game 1800 of 40000 (ref-7f15ac4-m100 vs candidate-m75)
Finished game 1789 (candidate-m75 vs ref-7f15ac4-m100): 1/2-1/2 {Draw by 3-fold repetition}
Started game 1801 of 40000 (candidate-m75 vs ref-7f15ac4-m100)
Finished game 1785 (candidate-m75 vs ref-7f15ac4-m100): 1/2-1/2 {Draw by adjudication}
Started game 1802 of 40000 (ref-7f15ac4-m100 vs candidate-m75)
Finished game 1797 (candidate-m75 vs ref-7f15ac4-m100): 1-0 {White wins by adjudication}
Started game 1803 of 40000 (candidate-m75 vs ref-7f15ac4-m100)
Finished game 1798 (ref-7f15ac4-m100 vs candidate-m75): 0-1 {Black wins by adjudication}
Started game 1804 of 40000 (ref-7f15ac4-m100 vs candidate-m75)
Finished game 1790 (ref-7f15ac4-m100 vs candidate-m75): 1/2-1/2 {Draw by adjudication}
Started game 1805 of 40000 (candidate-m75 vs ref-7f15ac4-m100)
Finished game 1800 (ref-7f15ac4-m100 vs candidate-m75): 1-0 {White wins by adjudication}
Started game 1806 of 40000 (ref-7f15ac4-m100 vs candidate-m75)
Finished game 1794 (ref-7f15ac4-m100 vs candidate-m75): 1-0 {White wins by adjudication}
Started game 1807 of 40000 (candidate-m75 vs ref-7f15ac4-m100)
Finished game 1795 (candidate-m75 vs ref-7f15ac4-m100): 1/2-1/2 {Draw by 3-fold repetition}
Started game 1808 of 40000 (ref-7f15ac4-m100 vs candidate-m75)
Finished game 1802 (ref-7f15ac4-m100 vs candidate-m75): 1/2-1/2 {Draw by 3-fold repetition}
Started game 1809 of 40000 (candidate-m75 vs ref-7f15ac4-m100)
Finished game 1792 (ref-7f15ac4-m100 vs candidate-m75): 1/2-1/2 {Draw by insufficient mating material}
Started game 1810 of 40000 (ref-7f15ac4-m100 vs candidate-m75)
Finished game 1796 (ref-7f15ac4-m100 vs candidate-m75): 0-1 {Black wins by adjudication}
Started game 1811 of 40000 (candidate-m75 vs ref-7f15ac4-m100)
Finished game 1799 (candidate-m75 vs ref-7f15ac4-m100): 1-0 {White wins by adjudication}
--------------------------------------------------
Results of candidate-m75 vs ref-7f15ac4-m100 (10+0.2, 1t, 16MB, 8moves_v3.pgn):
Elo: 10.05 +/- 12.67, nElo: 12.75 +/- 16.06
LOS: 94.01 %, DrawRatio: 33.48 %, PairsRatio: 1.11
Games: 1798, Wins: 588, Losses: 536, Draws: 674, Points: 925.0 (51.45 %)
Ptnml(0-2): [76, 208, 301, 216, 98], WL/DD Ratio: 1.41
LLR: 1.90 (64.4%) (-2.94, 2.94) [-5.00, 5.00]
--------------------------------------------------
Started game 1812 of 40000 (ref-7f15ac4-m100 vs candidate-m75)
Finished game 1805 (candidate-m75 vs ref-7f15ac4-m100): 1/2-1/2 {Draw by 3-fold repetition}
Started game 1813 of 40000 (candidate-m75 vs ref-7f15ac4-m100)
Finished game 1803 (candidate-m75 vs ref-7f15ac4-m100): 1-0 {White wins by adjudication}
Started game 1814 of 40000 (ref-7f15ac4-m100 vs candidate-m75)
Finished game 1804 (ref-7f15ac4-m100 vs candidate-m75): 1/2-1/2 {Draw by 3-fold repetition}
Started game 1815 of 40000 (candidate-m75 vs ref-7f15ac4-m100)
Finished game 1806 (ref-7f15ac4-m100 vs candidate-m75): 1-0 {White wins by adjudication}
Started game 1816 of 40000 (ref-7f15ac4-m100 vs candidate-m75)
Finished game 1807 (candidate-m75 vs ref-7f15ac4-m100): 0-1 {Black wins by adjudication}
Started game 1817 of 40000 (candidate-m75 vs ref-7f15ac4-m100)
Finished game 1793 (candidate-m75 vs ref-7f15ac4-m100): 0-1 {Black wins by adjudication}
Started game 1818 of 40000 (ref-7f15ac4-m100 vs candidate-m75)
Finished game 1808 (ref-7f15ac4-m100 vs candidate-m75): 1-0 {White wins by adjudication}
Started game 1819 of 40000 (candidate-m75 vs ref-7f15ac4-m100)
Finished game 1815 (candidate-m75 vs ref-7f15ac4-m100): 1/2-1/2 {Draw by 3-fold repetition}
Started game 1820 of 40000 (ref-7f15ac4-m100 vs candidate-m75)
Finished game 1801 (candidate-m75 vs ref-7f15ac4-m100): 0-1 {Black wins by adjudication}
Started game 1821 of 40000 (candidate-m75 vs ref-7f15ac4-m100)
Finished game 1811 (candidate-m75 vs ref-7f15ac4-m100): 1-0 {White wins by adjudication}
Started game 1822 of 40000 (ref-7f15ac4-m100 vs candidate-m75)
Finished game 1813 (candidate-m75 vs ref-7f15ac4-m100): 1/2-1/2 {Draw by 3-fold repetition}
Started game 1823 of 40000 (candidate-m75 vs ref-7f15ac4-m100)
Finished game 1812 (ref-7f15ac4-m100 vs candidate-m75): 1/2-1/2 {Draw by adjudication}
Started game 1824 of 40000 (ref-7f15ac4-m100 vs candidate-m75)
Finished game 1810 (ref-7f15ac4-m100 vs candidate-m75): 0-1 {Black wins by adjudication}
Started game 1825 of 40000 (candidate-m75 vs ref-7f15ac4-m100)
Finished game 1809 (candidate-m75 vs ref-7f15ac4-m100): 1-0 {White wins by adjudication}
Started game 1826 of 40000 (ref-7f15ac4-m100 vs candidate-m75)
Finished game 1819 (candidate-m75 vs ref-7f15ac4-m100): 1/2-1/2 {Draw by 3-fold repetition}
Started game 1827 of 40000 (candidate-m75 vs ref-7f15ac4-m100)
Finished game 1814 (ref-7f15ac4-m100 vs candidate-m75): 1/2-1/2 {Draw by 3-fold repetition}
Started game 1828 of 40000 (ref-7f15ac4-m100 vs candidate-m75)
Finished game 1816 (ref-7f15ac4-m100 vs candidate-m75): 1-0 {White wins by adjudication}
Started game 1829 of 40000 (candidate-m75 vs ref-7f15ac4-m100)
Finished game 1818 (ref-7f15ac4-m100 vs candidate-m75): 1/2-1/2 {Draw by 3-fold repetition}
Started game 1830 of 40000 (ref-7f15ac4-m100 vs candidate-m75)
Finished game 1817 (candidate-m75 vs ref-7f15ac4-m100): 1-0 {White wins by adjudication}
Started game 1831 of 40000 (candidate-m75 vs ref-7f15ac4-m100)
Finished game 1827 (candidate-m75 vs ref-7f15ac4-m100): 1/2-1/2 {Draw by 3-fold repetition}
Started game 1832 of 40000 (ref-7f15ac4-m100 vs candidate-m75)
Finished game 1820 (ref-7f15ac4-m100 vs candidate-m75): 0-1 {Black wins by adjudication}
--------------------------------------------------
Results of candidate-m75 vs ref-7f15ac4-m100 (10+0.2, 1t, 16MB, 8moves_v3.pgn):
Elo: 9.74 +/- 12.63, nElo: 12.32 +/- 15.96
LOS: 93.49 %, DrawRatio: 33.19 %, PairsRatio: 1.10
Games: 1820, Wins: 594, Losses: 543, Draws: 683, Points: 935.5 (51.40 %)
Ptnml(0-2): [78, 211, 302, 220, 99], WL/DD Ratio: 1.40
LLR: 1.86 (63.1%) (-2.94, 2.94) [-5.00, 5.00]
--------------------------------------------------
Started game 1833 of 40000 (candidate-m75 vs ref-7f15ac4-m100)
Finished game 1821 (candidate-m75 vs ref-7f15ac4-m100): 0-1 {Black wins by adjudication}
Started game 1834 of 40000 (ref-7f15ac4-m100 vs candidate-m75)
Finished game 1823 (candidate-m75 vs ref-7f15ac4-m100): 1-0 {White wins by adjudication}
Started game 1835 of 40000 (candidate-m75 vs ref-7f15ac4-m100)
Finished game 1826 (ref-7f15ac4-m100 vs candidate-m75): 0-1 {Black wins by adjudication}
Started game 1836 of 40000 (ref-7f15ac4-m100 vs candidate-m75)
Finished game 1822 (ref-7f15ac4-m100 vs candidate-m75): 1/2-1/2 {Draw by 3-fold repetition}
Started game 1837 of 40000 (candidate-m75 vs ref-7f15ac4-m100)
Finished game 1833 (candidate-m75 vs ref-7f15ac4-m100): 0-1 {Black wins by adjudication}
Started game 1838 of 40000 (ref-7f15ac4-m100 vs candidate-m75)
Finished game 1824 (ref-7f15ac4-m100 vs candidate-m75): 1-0 {White wins by adjudication}
Started game 1839 of 40000 (candidate-m75 vs ref-7f15ac4-m100)
Finished game 1828 (ref-7f15ac4-m100 vs candidate-m75): 1/2-1/2 {Draw by 3-fold repetition}
Started game 1840 of 40000 (ref-7f15ac4-m100 vs candidate-m75)
Finished game 1830 (ref-7f15ac4-m100 vs candidate-m75): 1-0 {White wins by adjudication}
Started game 1841 of 40000 (candidate-m75 vs ref-7f15ac4-m100)
Finished game 1836 (ref-7f15ac4-m100 vs candidate-m75): 1/2-1/2 {Draw by 3-fold repetition}
Started game 1842 of 40000 (ref-7f15ac4-m100 vs candidate-m75)
Finished game 1834 (ref-7f15ac4-m100 vs candidate-m75): 1-0 {White wins by adjudication}
Started game 1843 of 40000 (candidate-m75 vs ref-7f15ac4-m100)
Finished game 1831 (candidate-m75 vs ref-7f15ac4-m100): 1/2-1/2 {Draw by 3-fold repetition}
Started game 1844 of 40000 (ref-7f15ac4-m100 vs candidate-m75)
Finished game 1840 (ref-7f15ac4-m100 vs candidate-m75): 0-1 {Black wins by adjudication}
Started game 1845 of 40000 (candidate-m75 vs ref-7f15ac4-m100)
Finished game 1829 (candidate-m75 vs ref-7f15ac4-m100): 1/2-1/2 {Draw by insufficient mating material}
Started game 1846 of 40000 (ref-7f15ac4-m100 vs candidate-m75)
Finished game 1832 (ref-7f15ac4-m100 vs candidate-m75): 1/2-1/2 {Draw by insufficient mating material}
Started game 1847 of 40000 (candidate-m75 vs ref-7f15ac4-m100)
Finished game 1825 (candidate-m75 vs ref-7f15ac4-m100): 1/2-1/2 {Draw by fifty moves rule}
Started game 1848 of 40000 (ref-7f15ac4-m100 vs candidate-m75)
Finished game 1835 (candidate-m75 vs ref-7f15ac4-m100): 1-0 {White wins by adjudication}
Started game 1849 of 40000 (candidate-m75 vs ref-7f15ac4-m100)
Finished game 1838 (ref-7f15ac4-m100 vs candidate-m75): 1-0 {White wins by adjudication}
Started game 1850 of 40000 (ref-7f15ac4-m100 vs candidate-m75)
Finished game 1847 (candidate-m75 vs ref-7f15ac4-m100): 1-0 {White wins by adjudication}
Started game 1851 of 40000 (candidate-m75 vs ref-7f15ac4-m100)
Finished game 1837 (candidate-m75 vs ref-7f15ac4-m100): 0-1 {Black wins by adjudication}
Started game 1852 of 40000 (ref-7f15ac4-m100 vs candidate-m75)
Finished game 1844 (ref-7f15ac4-m100 vs candidate-m75): 0-1 {Black wins by adjudication}
Started game 1853 of 40000 (candidate-m75 vs ref-7f15ac4-m100)
Finished game 1848 (ref-7f15ac4-m100 vs candidate-m75): 0-1 {Black wins by adjudication}
Started game 1854 of 40000 (ref-7f15ac4-m100 vs candidate-m75)
Finished game 1842 (ref-7f15ac4-m100 vs candidate-m75): 0-1 {Black wins by adjudication}
Started game 1855 of 40000 (candidate-m75 vs ref-7f15ac4-m100)
Finished game 1839 (candidate-m75 vs ref-7f15ac4-m100): 1/2-1/2 {Draw by insufficient mating material}
--------------------------------------------------
Results of candidate-m75 vs ref-7f15ac4-m100 (10+0.2, 1t, 16MB, 8moves_v3.pgn):
Elo: 9.43 +/- 12.57, nElo: 11.92 +/- 15.87
LOS: 92.95 %, DrawRatio: 33.12 %, PairsRatio: 1.10
Games: 1842, Wins: 600, Losses: 550, Draws: 692, Points: 946.0 (51.36 %)
Ptnml(0-2): [80, 213, 305, 223, 100], WL/DD Ratio: 1.38
LLR: 1.82 (61.7%) (-2.94, 2.94) [-5.00, 5.00]
--------------------------------------------------
Started game 1856 of 40000 (ref-7f15ac4-m100 vs candidate-m75)
Finished game 1843 (candidate-m75 vs ref-7f15ac4-m100): 0-1 {Black wins by adjudication}
Started game 1857 of 40000 (candidate-m75 vs ref-7f15ac4-m100)
Finished game 1846 (ref-7f15ac4-m100 vs candidate-m75): 0-1 {Black wins by adjudication}
Started game 1858 of 40000 (ref-7f15ac4-m100 vs candidate-m75)
Finished game 1841 (candidate-m75 vs ref-7f15ac4-m100): 1/2-1/2 {Draw by insufficient mating material}
Started game 1859 of 40000 (candidate-m75 vs ref-7f15ac4-m100)
Finished game 1853 (candidate-m75 vs ref-7f15ac4-m100): 1-0 {White wins by adjudication}
Started game 1860 of 40000 (ref-7f15ac4-m100 vs candidate-m75)
Finished game 1845 (candidate-m75 vs ref-7f15ac4-m100): 0-1 {Black wins by adjudication}
Started game 1861 of 40000 (candidate-m75 vs ref-7f15ac4-m100)
Finished game 1850 (ref-7f15ac4-m100 vs candidate-m75): 0-1 {Black wins by adjudication}
Started game 1862 of 40000 (ref-7f15ac4-m100 vs candidate-m75)
Finished game 1857 (candidate-m75 vs ref-7f15ac4-m100): 1-0 {White wins by adjudication}
Started game 1863 of 40000 (candidate-m75 vs ref-7f15ac4-m100)
Finished game 1849 (candidate-m75 vs ref-7f15ac4-m100): 1/2-1/2 {Draw by adjudication}
Started game 1864 of 40000 (ref-7f15ac4-m100 vs candidate-m75)
Finished game 1861 (candidate-m75 vs ref-7f15ac4-m100): 1-0 {White wins by adjudication}
Started game 1865 of 40000 (candidate-m75 vs ref-7f15ac4-m100)
Finished game 1854 (ref-7f15ac4-m100 vs candidate-m75): 0-1 {Black wins by adjudication}
Started game 1866 of 40000 (ref-7f15ac4-m100 vs candidate-m75)
Finished game 1851 (candidate-m75 vs ref-7f15ac4-m100): 0-1 {Black wins by adjudication}
Started game 1867 of 40000 (candidate-m75 vs ref-7f15ac4-m100)
Finished game 1855 (candidate-m75 vs ref-7f15ac4-m100): 1-0 {White wins by adjudication}
Started game 1868 of 40000 (ref-7f15ac4-m100 vs candidate-m75)
Finished game 1856 (ref-7f15ac4-m100 vs candidate-m75): 1/2-1/2 {Draw by 3-fold repetition}
Started game 1869 of 40000 (candidate-m75 vs ref-7f15ac4-m100)
Finished game 1865 (candidate-m75 vs ref-7f15ac4-m100): 0-1 {Black wins by adjudication}
Started game 1870 of 40000 (ref-7f15ac4-m100 vs candidate-m75)
Finished game 1852 (ref-7f15ac4-m100 vs candidate-m75): 1/2-1/2 {Draw by 3-fold repetition}
Started game 1871 of 40000 (candidate-m75 vs ref-7f15ac4-m100)
Finished game 1859 (candidate-m75 vs ref-7f15ac4-m100): 1-0 {White wins by adjudication}
Started game 1872 of 40000 (ref-7f15ac4-m100 vs candidate-m75)
Finished game 1864 (ref-7f15ac4-m100 vs candidate-m75): 0-1 {Black wins by adjudication}
Started game 1873 of 40000 (candidate-m75 vs ref-7f15ac4-m100)
Finished game 1860 (ref-7f15ac4-m100 vs candidate-m75): 1-0 {White wins by adjudication}
--------------------------------------------------
Results of candidate-m75 vs ref-7f15ac4-m100 (10+0.2, 1t, 16MB, 8moves_v3.pgn):
Elo: 10.10 +/- 12.50, nElo: 12.77 +/- 15.80
LOS: 94.35 %, DrawRatio: 33.15 %, PairsRatio: 1.11
Games: 1858, Wins: 608, Losses: 554, Draws: 696, Points: 956.0 (51.45 %)
Ptnml(0-2): [80, 214, 308, 226, 101], WL/DD Ratio: 1.41
LLR: 1.96 (66.7%) (-2.94, 2.94) [-5.00, 5.00]
--------------------------------------------------
Started game 1874 of 40000 (ref-7f15ac4-m100 vs candidate-m75)
Finished game 1863 (candidate-m75 vs ref-7f15ac4-m100): 1-0 {White wins by adjudication}
Started game 1875 of 40000 (candidate-m75 vs ref-7f15ac4-m100)
Finished game 1862 (ref-7f15ac4-m100 vs candidate-m75): 1-0 {White wins by adjudication}
Started game 1876 of 40000 (ref-7f15ac4-m100 vs candidate-m75)
Finished game 1867 (candidate-m75 vs ref-7f15ac4-m100): 1/2-1/2 {Draw by 3-fold repetition}
Started game 1877 of 40000 (candidate-m75 vs ref-7f15ac4-m100)
Finished game 1858 (ref-7f15ac4-m100 vs candidate-m75): 1/2-1/2 {Draw by adjudication}
Started game 1878 of 40000 (ref-7f15ac4-m100 vs candidate-m75)
Finished game 1869 (candidate-m75 vs ref-7f15ac4-m100): 0-1 {Black wins by adjudication}
Started game 1879 of 40000 (candidate-m75 vs ref-7f15ac4-m100)
Finished game 1868 (ref-7f15ac4-m100 vs candidate-m75): 1-0 {White wins by adjudication}
Started game 1880 of 40000 (ref-7f15ac4-m100 vs candidate-m75)
Finished game 1866 (ref-7f15ac4-m100 vs candidate-m75): 1/2-1/2 {Draw by adjudication}
Started game 1881 of 40000 (candidate-m75 vs ref-7f15ac4-m100)
Finished game 1873 (candidate-m75 vs ref-7f15ac4-m100): 0-1 {Black wins by adjudication}
Started game 1882 of 40000 (ref-7f15ac4-m100 vs candidate-m75)
Finished game 1870 (ref-7f15ac4-m100 vs candidate-m75): 0-1 {Black wins by adjudication}
Started game 1883 of 40000 (candidate-m75 vs ref-7f15ac4-m100)
Finished game 1879 (candidate-m75 vs ref-7f15ac4-m100): 1-0 {White wins by adjudication}
Started game 1884 of 40000 (ref-7f15ac4-m100 vs candidate-m75)
Finished game 1872 (ref-7f15ac4-m100 vs candidate-m75): 1-0 {White wins by adjudication}
Started game 1885 of 40000 (candidate-m75 vs ref-7f15ac4-m100)
Finished game 1880 (ref-7f15ac4-m100 vs candidate-m75): 0-1 {Black wins by adjudication}
--------------------------------------------------
Results of candidate-m75 vs ref-7f15ac4-m100 (10+0.2, 1t, 16MB, 8moves_v3.pgn):
Elo: 10.58 +/- 12.47, nElo: 13.37 +/- 15.74
LOS: 95.21 %, DrawRatio: 33.12 %, PairsRatio: 1.11
Games: 1872, Wins: 615, Losses: 558, Draws: 699, Points: 964.5 (51.52 %)
Ptnml(0-2): [80, 216, 310, 227, 103], WL/DD Ratio: 1.42
LLR: 2.07 (70.4%) (-2.94, 2.94) [-5.00, 5.00]
--------------------------------------------------
Started game 1886 of 40000 (ref-7f15ac4-m100 vs candidate-m75)
Finished game 1877 (candidate-m75 vs ref-7f15ac4-m100): 1-0 {White wins by adjudication}
Started game 1887 of 40000 (candidate-m75 vs ref-7f15ac4-m100)
Finished game 1878 (ref-7f15ac4-m100 vs candidate-m75): 1/2-1/2 {Draw by 3-fold repetition}
Started game 1888 of 40000 (ref-7f15ac4-m100 vs candidate-m75)
Finished game 1874 (ref-7f15ac4-m100 vs candidate-m75): 1/2-1/2 {Draw by 3-fold repetition}
Started game 1889 of 40000 (candidate-m75 vs ref-7f15ac4-m100)
Finished game 1876 (ref-7f15ac4-m100 vs candidate-m75): 1/2-1/2 {Draw by adjudication}
Started game 1890 of 40000 (ref-7f15ac4-m100 vs candidate-m75)
Finished game 1875 (candidate-m75 vs ref-7f15ac4-m100): 1-0 {White wins by adjudication}
Started game 1891 of 40000 (candidate-m75 vs ref-7f15ac4-m100)
Finished game 1871 (candidate-m75 vs ref-7f15ac4-m100): 1/2-1/2 {Draw by fifty moves rule}
Started game 1892 of 40000 (ref-7f15ac4-m100 vs candidate-m75)
Finished game 1887 (candidate-m75 vs ref-7f15ac4-m100): 1/2-1/2 {Draw by 3-fold repetition}
Started game 1893 of 40000 (candidate-m75 vs ref-7f15ac4-m100)
Finished game 1881 (candidate-m75 vs ref-7f15ac4-m100): 1-0 {White wins by adjudication}
Started game 1894 of 40000 (ref-7f15ac4-m100 vs candidate-m75)
Finished game 1883 (candidate-m75 vs ref-7f15ac4-m100): 1-0 {White wins by adjudication}
Started game 1895 of 40000 (candidate-m75 vs ref-7f15ac4-m100)
Finished game 1891 (candidate-m75 vs ref-7f15ac4-m100): 1-0 {White wins by adjudication}
Started game 1896 of 40000 (ref-7f15ac4-m100 vs candidate-m75)
Finished game 1885 (candidate-m75 vs ref-7f15ac4-m100): 0-1 {Black wins by adjudication}
Started game 1897 of 40000 (candidate-m75 vs ref-7f15ac4-m100)
Finished game 1882 (ref-7f15ac4-m100 vs candidate-m75): 0-1 {Black wins by adjudication}
Started game 1898 of 40000 (ref-7f15ac4-m100 vs candidate-m75)
Finished game 1884 (ref-7f15ac4-m100 vs candidate-m75): 0-1 {Black wins by adjudication}
Started game 1899 of 40000 (candidate-m75 vs ref-7f15ac4-m100)
Finished game 1888 (ref-7f15ac4-m100 vs candidate-m75): 0-1 {Black wins by adjudication}
Started game 1900 of 40000 (ref-7f15ac4-m100 vs candidate-m75)
Finished game 1889 (candidate-m75 vs ref-7f15ac4-m100): 0-1 {Black wins by adjudication}
Started game 1901 of 40000 (candidate-m75 vs ref-7f15ac4-m100)
Finished game 1886 (ref-7f15ac4-m100 vs candidate-m75): 1/2-1/2 {Draw by 3-fold repetition}
Started game 1902 of 40000 (ref-7f15ac4-m100 vs candidate-m75)
Finished game 1895 (candidate-m75 vs ref-7f15ac4-m100): 0-1 {Black wins by adjudication}
Started game 1903 of 40000 (candidate-m75 vs ref-7f15ac4-m100)
Finished game 1897 (candidate-m75 vs ref-7f15ac4-m100): 1/2-1/2 {Draw by 3-fold repetition}
Started game 1904 of 40000 (ref-7f15ac4-m100 vs candidate-m75)
Finished game 1892 (ref-7f15ac4-m100 vs candidate-m75): 1/2-1/2 {Draw by 3-fold repetition}
Started game 1905 of 40000 (candidate-m75 vs ref-7f15ac4-m100)
Finished game 1896 (ref-7f15ac4-m100 vs candidate-m75): 0-1 {Black wins by adjudication}
Started game 1906 of 40000 (ref-7f15ac4-m100 vs candidate-m75)
Finished game 1893 (candidate-m75 vs ref-7f15ac4-m100): 0-1 {Black wins by adjudication}
Started game 1907 of 40000 (candidate-m75 vs ref-7f15ac4-m100)
Finished game 1898 (ref-7f15ac4-m100 vs candidate-m75): 0-1 {Black wins by adjudication}
Started game 1908 of 40000 (ref-7f15ac4-m100 vs candidate-m75)
Finished game 1902 (ref-7f15ac4-m100 vs candidate-m75): 1-0 {White wins by adjudication}
Started game 1909 of 40000 (candidate-m75 vs ref-7f15ac4-m100)
Finished game 1890 (ref-7f15ac4-m100 vs candidate-m75): 0-1 {Black wins by adjudication}
Started game 1910 of 40000 (ref-7f15ac4-m100 vs candidate-m75)
Finished game 1899 (candidate-m75 vs ref-7f15ac4-m100): 1/2-1/2 {Draw by adjudication}
Started game 1911 of 40000 (candidate-m75 vs ref-7f15ac4-m100)
Finished game 1900 (ref-7f15ac4-m100 vs candidate-m75): 1-0 {White wins by adjudication}
--------------------------------------------------
Results of candidate-m75 vs ref-7f15ac4-m100 (10+0.2, 1t, 16MB, 8moves_v3.pgn):
Elo: 11.35 +/- 12.38, nElo: 14.35 +/- 15.63
LOS: 96.40 %, DrawRatio: 32.88 %, PairsRatio: 1.12
Games: 1898, Wins: 626, Losses: 564, Draws: 708, Points: 980.0 (51.63 %)
Ptnml(0-2): [80, 220, 312, 232, 105], WL/DD Ratio: 1.44
LLR: 2.25 (76.5%) (-2.94, 2.94) [-5.00, 5.00]
--------------------------------------------------
Started game 1912 of 40000 (ref-7f15ac4-m100 vs candidate-m75)
Finished game 1903 (candidate-m75 vs ref-7f15ac4-m100): 1/2-1/2 {Draw by 3-fold repetition}
Started game 1913 of 40000 (candidate-m75 vs ref-7f15ac4-m100)
Finished game 1894 (ref-7f15ac4-m100 vs candidate-m75): 1/2-1/2 {Draw by 3-fold repetition}
Started game 1914 of 40000 (ref-7f15ac4-m100 vs candidate-m75)
Finished game 1907 (candidate-m75 vs ref-7f15ac4-m100): 0-1 {Black wins by adjudication}
Started game 1915 of 40000 (candidate-m75 vs ref-7f15ac4-m100)
Finished game 1906 (ref-7f15ac4-m100 vs candidate-m75): 1-0 {White wins by adjudication}
Started game 1916 of 40000 (ref-7f15ac4-m100 vs candidate-m75)
Finished game 1904 (ref-7f15ac4-m100 vs candidate-m75): 0-1 {Black wins by adjudication}
Started game 1917 of 40000 (candidate-m75 vs ref-7f15ac4-m100)
Finished game 1909 (candidate-m75 vs ref-7f15ac4-m100): 0-1 {Black wins by adjudication}
Started game 1918 of 40000 (ref-7f15ac4-m100 vs candidate-m75)
Finished game 1905 (candidate-m75 vs ref-7f15ac4-m100): 0-1 {Black wins by adjudication}
Started game 1919 of 40000 (candidate-m75 vs ref-7f15ac4-m100)
Finished game 1912 (ref-7f15ac4-m100 vs candidate-m75): 1-0 {White wins by adjudication}
Started game 1920 of 40000 (ref-7f15ac4-m100 vs candidate-m75)
Finished game 1901 (candidate-m75 vs ref-7f15ac4-m100): 1/2-1/2 {Draw by 3-fold repetition}
Started game 1921 of 40000 (candidate-m75 vs ref-7f15ac4-m100)
Finished game 1908 (ref-7f15ac4-m100 vs candidate-m75): 1-0 {White wins by adjudication}
Started game 1922 of 40000 (ref-7f15ac4-m100 vs candidate-m75)
Finished game 1910 (ref-7f15ac4-m100 vs candidate-m75): 0-1 {Black wins by adjudication}
Started game 1923 of 40000 (candidate-m75 vs ref-7f15ac4-m100)
Finished game 1911 (candidate-m75 vs ref-7f15ac4-m100): 1-0 {White wins by adjudication}
Started game 1924 of 40000 (ref-7f15ac4-m100 vs candidate-m75)
Finished game 1914 (ref-7f15ac4-m100 vs candidate-m75): 1-0 {White wins by adjudication}
Started game 1925 of 40000 (candidate-m75 vs ref-7f15ac4-m100)
Finished game 1920 (ref-7f15ac4-m100 vs candidate-m75): 0-1 {Black wins by adjudication}
Started game 1926 of 40000 (ref-7f15ac4-m100 vs candidate-m75)
Finished game 1916 (ref-7f15ac4-m100 vs candidate-m75): 1/2-1/2 {Draw by 3-fold repetition}
Started game 1927 of 40000 (candidate-m75 vs ref-7f15ac4-m100)
Finished game 1913 (candidate-m75 vs ref-7f15ac4-m100): 1/2-1/2 {Draw by insufficient mating material}
Started game 1928 of 40000 (ref-7f15ac4-m100 vs candidate-m75)
Finished game 1921 (candidate-m75 vs ref-7f15ac4-m100): 0-1 {Black wins by adjudication}
Started game 1929 of 40000 (candidate-m75 vs ref-7f15ac4-m100)
Finished game 1923 (candidate-m75 vs ref-7f15ac4-m100): 1-0 {White wins by adjudication}
Started game 1930 of 40000 (ref-7f15ac4-m100 vs candidate-m75)
Finished game 1918 (ref-7f15ac4-m100 vs candidate-m75): 1-0 {White wins by adjudication}
Started game 1931 of 40000 (candidate-m75 vs ref-7f15ac4-m100)
Finished game 1922 (ref-7f15ac4-m100 vs candidate-m75): 0-1 {Black wins by adjudication}
Started game 1932 of 40000 (ref-7f15ac4-m100 vs candidate-m75)
Finished game 1917 (candidate-m75 vs ref-7f15ac4-m100): 0-1 {Black wins by adjudication}
Started game 1933 of 40000 (candidate-m75 vs ref-7f15ac4-m100)
Finished game 1919 (candidate-m75 vs ref-7f15ac4-m100): 1/2-1/2 {Draw by adjudication}
--------------------------------------------------
Results of candidate-m75 vs ref-7f15ac4-m100 (10+0.2, 1t, 16MB, 8moves_v3.pgn):
Elo: 9.96 +/- 12.33, nElo: 12.56 +/- 15.54
LOS: 94.34 %, DrawRatio: 32.81 %, PairsRatio: 1.11
Games: 1920, Wins: 631, Losses: 576, Draws: 713, Points: 987.5 (51.43 %)
Ptnml(0-2): [83, 223, 315, 234, 105], WL/DD Ratio: 1.46
LLR: 2.00 (67.8%) (-2.94, 2.94) [-5.00, 5.00]
--------------------------------------------------
Started game 1934 of 40000 (ref-7f15ac4-m100 vs candidate-m75)
Finished game 1925 (candidate-m75 vs ref-7f15ac4-m100): 0-1 {Black wins by adjudication}
Started game 1935 of 40000 (candidate-m75 vs ref-7f15ac4-m100)
Finished game 1927 (candidate-m75 vs ref-7f15ac4-m100): 1/2-1/2 {Draw by insufficient mating material}
Started game 1936 of 40000 (ref-7f15ac4-m100 vs candidate-m75)
Finished game 1933 (candidate-m75 vs ref-7f15ac4-m100): 0-1 {Black wins by adjudication}
Started game 1937 of 40000 (candidate-m75 vs ref-7f15ac4-m100)
Finished game 1928 (ref-7f15ac4-m100 vs candidate-m75): 1-0 {White wins by adjudication}
Started game 1938 of 40000 (ref-7f15ac4-m100 vs candidate-m75)
Finished game 1915 (candidate-m75 vs ref-7f15ac4-m100): 1/2-1/2 {Draw by adjudication}
Started game 1939 of 40000 (candidate-m75 vs ref-7f15ac4-m100)
Finished game 1930 (ref-7f15ac4-m100 vs candidate-m75): 1-0 {White wins by adjudication}
Started game 1940 of 40000 (ref-7f15ac4-m100 vs candidate-m75)
Finished game 1932 (ref-7f15ac4-m100 vs candidate-m75): 1/2-1/2 {Draw by adjudication}
Started game 1941 of 40000 (candidate-m75 vs ref-7f15ac4-m100)
Finished game 1924 (ref-7f15ac4-m100 vs candidate-m75): 1/2-1/2 {Draw by fifty moves rule}
Started game 1942 of 40000 (ref-7f15ac4-m100 vs candidate-m75)
Finished game 1931 (candidate-m75 vs ref-7f15ac4-m100): 1-0 {White wins by adjudication}
Started game 1943 of 40000 (candidate-m75 vs ref-7f15ac4-m100)
Finished game 1926 (ref-7f15ac4-m100 vs candidate-m75): 1/2-1/2 {Draw by fifty moves rule}
Started game 1944 of 40000 (ref-7f15ac4-m100 vs candidate-m75)
Finished game 1935 (candidate-m75 vs ref-7f15ac4-m100): 1-0 {White wins by adjudication}
Started game 1945 of 40000 (candidate-m75 vs ref-7f15ac4-m100)
Finished game 1929 (candidate-m75 vs ref-7f15ac4-m100): 1/2-1/2 {Draw by adjudication}
Started game 1946 of 40000 (ref-7f15ac4-m100 vs candidate-m75)
Finished game 1942 (ref-7f15ac4-m100 vs candidate-m75): 1/2-1/2 {Draw by 3-fold repetition}
Started game 1947 of 40000 (candidate-m75 vs ref-7f15ac4-m100)
Finished game 1940 (ref-7f15ac4-m100 vs candidate-m75): 1/2-1/2 {Draw by 3-fold repetition}
Started game 1948 of 40000 (ref-7f15ac4-m100 vs candidate-m75)
Finished game 1938 (ref-7f15ac4-m100 vs candidate-m75): 1/2-1/2 {Draw by 3-fold repetition}
Started game 1949 of 40000 (candidate-m75 vs ref-7f15ac4-m100)
Finished game 1937 (candidate-m75 vs ref-7f15ac4-m100): 1-0 {White wins by adjudication}
Started game 1950 of 40000 (ref-7f15ac4-m100 vs candidate-m75)
Finished game 1934 (ref-7f15ac4-m100 vs candidate-m75): 1/2-1/2 {Draw by insufficient mating material}
Started game 1951 of 40000 (candidate-m75 vs ref-7f15ac4-m100)
Finished game 1936 (ref-7f15ac4-m100 vs candidate-m75): 1/2-1/2 {Draw by insufficient mating material}
Started game 1952 of 40000 (ref-7f15ac4-m100 vs candidate-m75)
Finished game 1941 (candidate-m75 vs ref-7f15ac4-m100): 1/2-1/2 {Draw by 3-fold repetition}
Started game 1953 of 40000 (candidate-m75 vs ref-7f15ac4-m100)
Finished game 1944 (ref-7f15ac4-m100 vs candidate-m75): 1-0 {White wins by adjudication}
Started game 1954 of 40000 (ref-7f15ac4-m100 vs candidate-m75)
Finished game 1947 (candidate-m75 vs ref-7f15ac4-m100): 1-0 {White wins by adjudication}
Started game 1955 of 40000 (candidate-m75 vs ref-7f15ac4-m100)
Finished game 1949 (candidate-m75 vs ref-7f15ac4-m100): 1-0 {White wins by adjudication}
Started game 1956 of 40000 (ref-7f15ac4-m100 vs candidate-m75)
Finished game 1943 (candidate-m75 vs ref-7f15ac4-m100): 1-0 {White wins by adjudication}
Started game 1957 of 40000 (candidate-m75 vs ref-7f15ac4-m100)
Finished game 1946 (ref-7f15ac4-m100 vs candidate-m75): 1-0 {White wins by adjudication}
Started game 1958 of 40000 (ref-7f15ac4-m100 vs candidate-m75)
Finished game 1957 (candidate-m75 vs ref-7f15ac4-m100): 1/2-1/2 {Draw by 3-fold repetition}
Started game 1959 of 40000 (candidate-m75 vs ref-7f15ac4-m100)
Finished game 1950 (ref-7f15ac4-m100 vs candidate-m75): 1-0 {White wins by adjudication}
Started game 1960 of 40000 (ref-7f15ac4-m100 vs candidate-m75)
Finished game 1951 (candidate-m75 vs ref-7f15ac4-m100): 1/2-1/2 {Draw by 3-fold repetition}
Started game 1961 of 40000 (candidate-m75 vs ref-7f15ac4-m100)
Finished game 1953 (candidate-m75 vs ref-7f15ac4-m100): 1/2-1/2 {Draw by 3-fold repetition}
Started game 1962 of 40000 (ref-7f15ac4-m100 vs candidate-m75)
Finished game 1948 (ref-7f15ac4-m100 vs candidate-m75): 1/2-1/2 {Draw by adjudication}
Started game 1963 of 40000 (candidate-m75 vs ref-7f15ac4-m100)
Finished game 1956 (ref-7f15ac4-m100 vs candidate-m75): 0-1 {Black wins by adjudication}
Started game 1964 of 40000 (ref-7f15ac4-m100 vs candidate-m75)
Finished game 1955 (candidate-m75 vs ref-7f15ac4-m100): 0-1 {Black wins by adjudication}
Started game 1965 of 40000 (candidate-m75 vs ref-7f15ac4-m100)
Finished game 1959 (candidate-m75 vs ref-7f15ac4-m100): 1/2-1/2 {Draw by 3-fold repetition}
Started game 1966 of 40000 (ref-7f15ac4-m100 vs candidate-m75)
Finished game 1952 (ref-7f15ac4-m100 vs candidate-m75): 0-1 {Black wins by adjudication}
Started game 1967 of 40000 (candidate-m75 vs ref-7f15ac4-m100)
Finished game 1945 (candidate-m75 vs ref-7f15ac4-m100): 1/2-1/2 {Draw by fifty moves rule}
Started game 1968 of 40000 (ref-7f15ac4-m100 vs candidate-m75)
Finished game 1939 (candidate-m75 vs ref-7f15ac4-m100): 1/2-1/2 {Draw by adjudication}
--------------------------------------------------
Results of candidate-m75 vs ref-7f15ac4-m100 (10+0.2, 1t, 16MB, 8moves_v3.pgn):
Elo: 9.96 +/- 12.17, nElo: 12.62 +/- 15.40
LOS: 94.58 %, DrawRatio: 32.86 %, PairsRatio: 1.11
Games: 1954, Wins: 640, Losses: 584, Draws: 730, Points: 1005.0 (51.43 %)
Ptnml(0-2): [83, 228, 321, 240, 105], WL/DD Ratio: 1.45
LLR: 2.04 (69.3%) (-2.94, 2.94) [-5.00, 5.00]
--------------------------------------------------
Started game 1969 of 40000 (candidate-m75 vs ref-7f15ac4-m100)
Finished game 1954 (ref-7f15ac4-m100 vs candidate-m75): 1/2-1/2 {Draw by 3-fold repetition}
Started game 1970 of 40000 (ref-7f15ac4-m100 vs candidate-m75)
Finished game 1961 (candidate-m75 vs ref-7f15ac4-m100): 0-1 {Black wins by adjudication}
Started game 1971 of 40000 (candidate-m75 vs ref-7f15ac4-m100)
Finished game 1963 (candidate-m75 vs ref-7f15ac4-m100): 0-1 {Black wins by adjudication}
Started game 1972 of 40000 (ref-7f15ac4-m100 vs candidate-m75)
Finished game 1968 (ref-7f15ac4-m100 vs candidate-m75): 1/2-1/2 {Draw by 3-fold repetition}
Started game 1973 of 40000 (candidate-m75 vs ref-7f15ac4-m100)
Finished game 1958 (ref-7f15ac4-m100 vs candidate-m75): 1/2-1/2 {Draw by adjudication}
Started game 1974 of 40000 (ref-7f15ac4-m100 vs candidate-m75)
Finished game 1964 (ref-7f15ac4-m100 vs candidate-m75): 0-1 {Black wins by adjudication}
Started game 1975 of 40000 (candidate-m75 vs ref-7f15ac4-m100)
Finished game 1960 (ref-7f15ac4-m100 vs candidate-m75): 1-0 {White wins by adjudication}
--------------------------------------------------
Results of candidate-m75 vs ref-7f15ac4-m100 (10+0.2, 1t, 16MB, 8moves_v3.pgn):
Elo: 9.74 +/- 12.13, nElo: 12.36 +/- 15.37
LOS: 94.25 %, DrawRatio: 33.03 %, PairsRatio: 1.11
Games: 1962, Wins: 641, Losses: 586, Draws: 735, Points: 1008.5 (51.40 %)
Ptnml(0-2): [83, 229, 324, 240, 105], WL/DD Ratio: 1.44
LLR: 2.01 (68.2%) (-2.94, 2.94) [-5.00, 5.00]
--------------------------------------------------
Started game 1976 of 40000 (ref-7f15ac4-m100 vs candidate-m75)
Finished game 1970 (ref-7f15ac4-m100 vs candidate-m75): 1-0 {White wins by adjudication}
Started game 1977 of 40000 (candidate-m75 vs ref-7f15ac4-m100)
Finished game 1969 (candidate-m75 vs ref-7f15ac4-m100): 1-0 {White wins by adjudication}
Started game 1978 of 40000 (ref-7f15ac4-m100 vs candidate-m75)
Finished game 1965 (candidate-m75 vs ref-7f15ac4-m100): 0-1 {Black wins by adjudication}
Started game 1979 of 40000 (candidate-m75 vs ref-7f15ac4-m100)
Finished game 1962 (ref-7f15ac4-m100 vs candidate-m75): 0-1 {Black wins by adjudication}
Started game 1980 of 40000 (ref-7f15ac4-m100 vs candidate-m75)
Finished game 1972 (ref-7f15ac4-m100 vs candidate-m75): 1-0 {White wins by adjudication}
Started game 1981 of 40000 (candidate-m75 vs ref-7f15ac4-m100)
Finished game 1971 (candidate-m75 vs ref-7f15ac4-m100): 1/2-1/2 {Draw by 3-fold repetition}
Started game 1982 of 40000 (ref-7f15ac4-m100 vs candidate-m75)
Finished game 1966 (ref-7f15ac4-m100 vs candidate-m75): 1/2-1/2 {Draw by 3-fold repetition}
Started game 1983 of 40000 (candidate-m75 vs ref-7f15ac4-m100)
Finished game 1974 (ref-7f15ac4-m100 vs candidate-m75): 0-1 {Black wins by adjudication}
Started game 1984 of 40000 (ref-7f15ac4-m100 vs candidate-m75)
Finished game 1976 (ref-7f15ac4-m100 vs candidate-m75): 0-1 {Black wins by adjudication}
Started game 1985 of 40000 (candidate-m75 vs ref-7f15ac4-m100)
Finished game 1967 (candidate-m75 vs ref-7f15ac4-m100): 1/2-1/2 {Draw by 3-fold repetition}
Started game 1986 of 40000 (ref-7f15ac4-m100 vs candidate-m75)
Finished game 1973 (candidate-m75 vs ref-7f15ac4-m100): 1/2-1/2 {Draw by 3-fold repetition}
Started game 1987 of 40000 (candidate-m75 vs ref-7f15ac4-m100)
Finished game 1975 (candidate-m75 vs ref-7f15ac4-m100): 1-0 {White wins by adjudication}
Started game 1988 of 40000 (ref-7f15ac4-m100 vs candidate-m75)
Finished game 1980 (ref-7f15ac4-m100 vs candidate-m75): 0-1 {Black wins by adjudication}
Started game 1989 of 40000 (candidate-m75 vs ref-7f15ac4-m100)
Finished game 1979 (candidate-m75 vs ref-7f15ac4-m100): 1-0 {White wins by adjudication}
--------------------------------------------------
Results of candidate-m75 vs ref-7f15ac4-m100 (10+0.2, 1t, 16MB, 8moves_v3.pgn):
Elo: 10.19 +/- 12.08, nElo: 12.93 +/- 15.31
LOS: 95.10 %, DrawRatio: 33.06 %, PairsRatio: 1.11
Games: 1978, Wins: 648, Losses: 590, Draws: 740, Points: 1018.0 (51.47 %)
Ptnml(0-2): [83, 231, 327, 241, 107], WL/DD Ratio: 1.44
LLR: 2.12 (71.9%) (-2.94, 2.94) [-5.00, 5.00]
--------------------------------------------------
Started game 1990 of 40000 (ref-7f15ac4-m100 vs candidate-m75)
Finished game 1982 (ref-7f15ac4-m100 vs candidate-m75): 1/2-1/2 {Draw by 3-fold repetition}
Started game 1991 of 40000 (candidate-m75 vs ref-7f15ac4-m100)
Finished game 1985 (candidate-m75 vs ref-7f15ac4-m100): 1-0 {White wins by adjudication}
Started game 1992 of 40000 (ref-7f15ac4-m100 vs candidate-m75)
Finished game 1983 (candidate-m75 vs ref-7f15ac4-m100): 0-1 {Black wins by adjudication}
Started game 1993 of 40000 (candidate-m75 vs ref-7f15ac4-m100)
Finished game 1981 (candidate-m75 vs ref-7f15ac4-m100): 1-0 {White wins by adjudication}
Started game 1994 of 40000 (ref-7f15ac4-m100 vs candidate-m75)
Finished game 1977 (candidate-m75 vs ref-7f15ac4-m100): 0-1 {Black wins by adjudication}
Started game 1995 of 40000 (candidate-m75 vs ref-7f15ac4-m100)
Finished game 1984 (ref-7f15ac4-m100 vs candidate-m75): 1/2-1/2 {Draw by adjudication}
Started game 1996 of 40000 (ref-7f15ac4-m100 vs candidate-m75)
Finished game 1978 (ref-7f15ac4-m100 vs candidate-m75): 1/2-1/2 {Draw by insufficient mating material}
Started game 1997 of 40000 (candidate-m75 vs ref-7f15ac4-m100)
Finished game 1992 (ref-7f15ac4-m100 vs candidate-m75): 0-1 {Black wins by adjudication}
Started game 1998 of 40000 (ref-7f15ac4-m100 vs candidate-m75)
Finished game 1987 (candidate-m75 vs ref-7f15ac4-m100): 1-0 {White wins by adjudication}
Started game 1999 of 40000 (candidate-m75 vs ref-7f15ac4-m100)
Finished game 1991 (candidate-m75 vs ref-7f15ac4-m100): 1/2-1/2 {Draw by 3-fold repetition}
Started game 2000 of 40000 (ref-7f15ac4-m100 vs candidate-m75)
Finished game 1989 (candidate-m75 vs ref-7f15ac4-m100): 1-0 {White wins by adjudication}
Started game 2001 of 40000 (candidate-m75 vs ref-7f15ac4-m100)
Finished game 1986 (ref-7f15ac4-m100 vs candidate-m75): 1/2-1/2 {Draw by 3-fold repetition}
Started game 2002 of 40000 (ref-7f15ac4-m100 vs candidate-m75)
Finished game 1988 (ref-7f15ac4-m100 vs candidate-m75): 0-1 {Black wins by adjudication}
Started game 2003 of 40000 (candidate-m75 vs ref-7f15ac4-m100)
Finished game 1993 (candidate-m75 vs ref-7f15ac4-m100): 0-1 {Black wins by adjudication}
Started game 2004 of 40000 (ref-7f15ac4-m100 vs candidate-m75)
Finished game 1990 (ref-7f15ac4-m100 vs candidate-m75): 1/2-1/2 {Draw by insufficient mating material}
Started game 2005 of 40000 (candidate-m75 vs ref-7f15ac4-m100)
Finished game 1999 (candidate-m75 vs ref-7f15ac4-m100): 1-0 {White wins by adjudication}
Started game 2006 of 40000 (ref-7f15ac4-m100 vs candidate-m75)
Finished game 1994 (ref-7f15ac4-m100 vs candidate-m75): 0-1 {Black wins by adjudication}
Started game 2007 of 40000 (candidate-m75 vs ref-7f15ac4-m100)
Finished game 1997 (candidate-m75 vs ref-7f15ac4-m100): 0-1 {Black wins by adjudication}
Started game 2008 of 40000 (ref-7f15ac4-m100 vs candidate-m75)
Finished game 2002 (ref-7f15ac4-m100 vs candidate-m75): 1-0 {White wins by adjudication}
Started game 2009 of 40000 (candidate-m75 vs ref-7f15ac4-m100)
Finished game 1996 (ref-7f15ac4-m100 vs candidate-m75): 1/2-1/2 {Draw by 3-fold repetition}
Started game 2010 of 40000 (ref-7f15ac4-m100 vs candidate-m75)
Finished game 2000 (ref-7f15ac4-m100 vs candidate-m75): 1/2-1/2 {Draw by 3-fold repetition}
--------------------------------------------------
Results of candidate-m75 vs ref-7f15ac4-m100 (10+0.2, 1t, 16MB, 8moves_v3.pgn):
Elo: 10.97 +/- 12.03, nElo: 13.92 +/- 15.24
LOS: 96.33 %, DrawRatio: 32.87 %, PairsRatio: 1.12
Games: 1996, Wins: 656, Losses: 593, Draws: 747, Points: 1029.5 (51.58 %)
Ptnml(0-2): [83, 233, 328, 246, 108], WL/DD Ratio: 1.45
LLR: 2.30 (78.1%) (-2.94, 2.94) [-5.00, 5.00]
--------------------------------------------------
Started game 2011 of 40000 (candidate-m75 vs ref-7f15ac4-m100)
Finished game 1998 (ref-7f15ac4-m100 vs candidate-m75): 1-0 {White wins by adjudication}
Started game 2012 of 40000 (ref-7f15ac4-m100 vs candidate-m75)
Finished game 1995 (candidate-m75 vs ref-7f15ac4-m100): 1/2-1/2 {Draw by insufficient mating material}
Started game 2013 of 40000 (candidate-m75 vs ref-7f15ac4-m100)
Finished game 2003 (candidate-m75 vs ref-7f15ac4-m100): 1-0 {White wins by adjudication}
Started game 2014 of 40000 (ref-7f15ac4-m100 vs candidate-m75)
Finished game 2008 (ref-7f15ac4-m100 vs candidate-m75): 0-1 {Black wins by adjudication}
Started game 2015 of 40000 (candidate-m75 vs ref-7f15ac4-m100)
Finished game 2006 (ref-7f15ac4-m100 vs candidate-m75): 0-1 {Black wins by adjudication}
Started game 2016 of 40000 (ref-7f15ac4-m100 vs candidate-m75)
Finished game 2004 (ref-7f15ac4-m100 vs candidate-m75): 0-1 {Black wins by adjudication}
Started game 2017 of 40000 (candidate-m75 vs ref-7f15ac4-m100)
Finished game 2007 (candidate-m75 vs ref-7f15ac4-m100): 1/2-1/2 {Draw by 3-fold repetition}
Started game 2018 of 40000 (ref-7f15ac4-m100 vs candidate-m75)
Finished game 2005 (candidate-m75 vs ref-7f15ac4-m100): 1-0 {White wins by adjudication}
Started game 2019 of 40000 (candidate-m75 vs ref-7f15ac4-m100)
Finished game 2009 (candidate-m75 vs ref-7f15ac4-m100): 1-0 {White wins by adjudication}
Started game 2020 of 40000 (ref-7f15ac4-m100 vs candidate-m75)
Finished game 2013 (candidate-m75 vs ref-7f15ac4-m100): 1-0 {White wins by adjudication}
Started game 2021 of 40000 (candidate-m75 vs ref-7f15ac4-m100)
Finished game 2011 (candidate-m75 vs ref-7f15ac4-m100): 1-0 {White wins by adjudication}
Started game 2022 of 40000 (ref-7f15ac4-m100 vs candidate-m75)
Finished game 2014 (ref-7f15ac4-m100 vs candidate-m75): 0-1 {Black wins by adjudication}
Started game 2023 of 40000 (candidate-m75 vs ref-7f15ac4-m100)
Finished game 2017 (candidate-m75 vs ref-7f15ac4-m100): 1/2-1/2 {Draw by 3-fold repetition}
Started game 2024 of 40000 (ref-7f15ac4-m100 vs candidate-m75)
Finished game 2012 (ref-7f15ac4-m100 vs candidate-m75): 1-0 {White wins by adjudication}
Started game 2025 of 40000 (candidate-m75 vs ref-7f15ac4-m100)
Finished game 2021 (candidate-m75 vs ref-7f15ac4-m100): 1-0 {White wins by adjudication}
Started game 2026 of 40000 (ref-7f15ac4-m100 vs candidate-m75)
Finished game 2010 (ref-7f15ac4-m100 vs candidate-m75): 1-0 {White wins by adjudication}
Started game 2027 of 40000 (candidate-m75 vs ref-7f15ac4-m100)
Finished game 2015 (candidate-m75 vs ref-7f15ac4-m100): 1-0 {White wins by adjudication}
Started game 2028 of 40000 (ref-7f15ac4-m100 vs candidate-m75)
Finished game 2025 (candidate-m75 vs ref-7f15ac4-m100): 0-1 {Black wins by adjudication}
Started game 2029 of 40000 (candidate-m75 vs ref-7f15ac4-m100)
Finished game 2022 (ref-7f15ac4-m100 vs candidate-m75): 0-1 {Black wins by adjudication}
Started game 2030 of 40000 (ref-7f15ac4-m100 vs candidate-m75)
Finished game 2019 (candidate-m75 vs ref-7f15ac4-m100): 0-1 {Black wins by adjudication}
Started game 2031 of 40000 (candidate-m75 vs ref-7f15ac4-m100)
Finished game 2023 (candidate-m75 vs ref-7f15ac4-m100): 1/2-1/2 {Draw by 3-fold repetition}
Started game 2032 of 40000 (ref-7f15ac4-m100 vs candidate-m75)
Finished game 2020 (ref-7f15ac4-m100 vs candidate-m75): 1-0 {White wins by adjudication}
--------------------------------------------------
Results of candidate-m75 vs ref-7f15ac4-m100 (10+0.2, 1t, 16MB, 8moves_v3.pgn):
Elo: 11.72 +/- 12.02, nElo: 14.80 +/- 15.17
LOS: 97.21 %, DrawRatio: 32.84 %, PairsRatio: 1.13
Games: 2016, Wins: 667, Losses: 599, Draws: 750, Points: 1042.0 (51.69 %)
Ptnml(0-2): [85, 233, 331, 247, 112], WL/DD Ratio: 1.45
LLR: 2.47 (83.9%) (-2.94, 2.94) [-5.00, 5.00]
--------------------------------------------------
Started game 2033 of 40000 (candidate-m75 vs ref-7f15ac4-m100)
Finished game 2024 (ref-7f15ac4-m100 vs candidate-m75): 1-0 {White wins by adjudication}
Started game 2034 of 40000 (ref-7f15ac4-m100 vs candidate-m75)
Finished game 2018 (ref-7f15ac4-m100 vs candidate-m75): 0-1 {Black wins by adjudication}
Started game 2035 of 40000 (candidate-m75 vs ref-7f15ac4-m100)
Finished game 2016 (ref-7f15ac4-m100 vs candidate-m75): 1/2-1/2 {Draw by 3-fold repetition}
Started game 2036 of 40000 (ref-7f15ac4-m100 vs candidate-m75)
Finished game 2001 (candidate-m75 vs ref-7f15ac4-m100): 1/2-1/2 {Draw by fifty moves rule}
Started game 2037 of 40000 (candidate-m75 vs ref-7f15ac4-m100)
Finished game 2028 (ref-7f15ac4-m100 vs candidate-m75): 0-1 {Black wins by adjudication}
Started game 2038 of 40000 (ref-7f15ac4-m100 vs candidate-m75)
Finished game 2031 (candidate-m75 vs ref-7f15ac4-m100): 0-1 {Black wins by adjudication}
Started game 2039 of 40000 (candidate-m75 vs ref-7f15ac4-m100)
Finished game 2027 (candidate-m75 vs ref-7f15ac4-m100): 1/2-1/2 {Draw by 3-fold repetition}
Started game 2040 of 40000 (ref-7f15ac4-m100 vs candidate-m75)
Finished game 2030 (ref-7f15ac4-m100 vs candidate-m75): 1/2-1/2 {Draw by 3-fold repetition}
Started game 2041 of 40000 (candidate-m75 vs ref-7f15ac4-m100)
Finished game 2026 (ref-7f15ac4-m100 vs candidate-m75): 1/2-1/2 {Draw by 3-fold repetition}
Started game 2042 of 40000 (ref-7f15ac4-m100 vs candidate-m75)
Finished game 2029 (candidate-m75 vs ref-7f15ac4-m100): 1/2-1/2 {Draw by adjudication}
Started game 2043 of 40000 (candidate-m75 vs ref-7f15ac4-m100)
Finished game 2038 (ref-7f15ac4-m100 vs candidate-m75): 1-0 {White wins by adjudication}
Started game 2044 of 40000 (ref-7f15ac4-m100 vs candidate-m75)
Finished game 2040 (ref-7f15ac4-m100 vs candidate-m75): 1/2-1/2 {Draw by 3-fold repetition}
Started game 2045 of 40000 (candidate-m75 vs ref-7f15ac4-m100)
Finished game 2034 (ref-7f15ac4-m100 vs candidate-m75): 1/2-1/2 {Draw by adjudication}
Started game 2046 of 40000 (ref-7f15ac4-m100 vs candidate-m75)
Finished game 2035 (candidate-m75 vs ref-7f15ac4-m100): 1/2-1/2 {Draw by 3-fold repetition}
Started game 2047 of 40000 (candidate-m75 vs ref-7f15ac4-m100)
Finished game 2032 (ref-7f15ac4-m100 vs candidate-m75): 1-0 {White wins by adjudication}
Started game 2048 of 40000 (ref-7f15ac4-m100 vs candidate-m75)
Finished game 2036 (ref-7f15ac4-m100 vs candidate-m75): 1/2-1/2 {Draw by 3-fold repetition}
Started game 2049 of 40000 (candidate-m75 vs ref-7f15ac4-m100)
Finished game 2039 (candidate-m75 vs ref-7f15ac4-m100): 0-1 {Black wins by adjudication}
--------------------------------------------------
Results of candidate-m75 vs ref-7f15ac4-m100 (10+0.2, 1t, 16MB, 8moves_v3.pgn):
Elo: 11.10 +/- 11.96, nElo: 14.02 +/- 15.09
LOS: 96.57 %, DrawRatio: 32.71 %, PairsRatio: 1.12
Games: 2036, Wins: 670, Losses: 605, Draws: 761, Points: 1050.5 (51.60 %)
Ptnml(0-2): [86, 237, 333, 250, 112], WL/DD Ratio: 1.43
LLR: 2.36 (80.2%) (-2.94, 2.94) [-5.00, 5.00]
--------------------------------------------------
Started game 2050 of 40000 (ref-7f15ac4-m100 vs candidate-m75)
Finished game 2033 (candidate-m75 vs ref-7f15ac4-m100): 1/2-1/2 {Draw by insufficient mating material}
Started game 2051 of 40000 (candidate-m75 vs ref-7f15ac4-m100)
Finished game 2042 (ref-7f15ac4-m100 vs candidate-m75): 0-1 {Black wins by adjudication}
Started game 2052 of 40000 (ref-7f15ac4-m100 vs candidate-m75)
Finished game 2043 (candidate-m75 vs ref-7f15ac4-m100): 1-0 {White wins by adjudication}
Started game 2053 of 40000 (candidate-m75 vs ref-7f15ac4-m100)
Finished game 2037 (candidate-m75 vs ref-7f15ac4-m100): 0-1 {Black wins by adjudication}
Started game 2054 of 40000 (ref-7f15ac4-m100 vs candidate-m75)
Finished game 2045 (candidate-m75 vs ref-7f15ac4-m100): 1/2-1/2 {Draw by 3-fold repetition}
Started game 2055 of 40000 (candidate-m75 vs ref-7f15ac4-m100)
Finished game 2041 (candidate-m75 vs ref-7f15ac4-m100): 0-1 {Black wins by adjudication}
Started game 2056 of 40000 (ref-7f15ac4-m100 vs candidate-m75)
Finished game 2044 (ref-7f15ac4-m100 vs candidate-m75): 0-1 {Black wins by adjudication}
Started game 2057 of 40000 (candidate-m75 vs ref-7f15ac4-m100)
Finished game 2050 (ref-7f15ac4-m100 vs candidate-m75): 0-1 {Black wins by adjudication}
Started game 2058 of 40000 (ref-7f15ac4-m100 vs candidate-m75)
Finished game 2047 (candidate-m75 vs ref-7f15ac4-m100): 0-1 {Black wins by adjudication}
Started game 2059 of 40000 (candidate-m75 vs ref-7f15ac4-m100)
Finished game 2051 (candidate-m75 vs ref-7f15ac4-m100): 1/2-1/2 {Draw by 3-fold repetition}
Started game 2060 of 40000 (ref-7f15ac4-m100 vs candidate-m75)
Finished game 2049 (candidate-m75 vs ref-7f15ac4-m100): 1/2-1/2 {Draw by insufficient mating material}
Started game 2061 of 40000 (candidate-m75 vs ref-7f15ac4-m100)
Finished game 2048 (ref-7f15ac4-m100 vs candidate-m75): 1/2-1/2 {Draw by 3-fold repetition}
Started game 2062 of 40000 (ref-7f15ac4-m100 vs candidate-m75)
Finished game 2046 (ref-7f15ac4-m100 vs candidate-m75): 1/2-1/2 {Draw by insufficient mating material}
Started game 2063 of 40000 (candidate-m75 vs ref-7f15ac4-m100)
Finished game 2055 (candidate-m75 vs ref-7f15ac4-m100): 0-1 {Black wins by adjudication}
Started game 2064 of 40000 (ref-7f15ac4-m100 vs candidate-m75)
Finished game 2053 (candidate-m75 vs ref-7f15ac4-m100): 1-0 {White wins by adjudication}
Started game 2065 of 40000 (candidate-m75 vs ref-7f15ac4-m100)
Finished game 2056 (ref-7f15ac4-m100 vs candidate-m75): 0-1 {Black wins by adjudication}
Started game 2066 of 40000 (ref-7f15ac4-m100 vs candidate-m75)
Finished game 2054 (ref-7f15ac4-m100 vs candidate-m75): 1-0 {White wins by adjudication}
Started game 2067 of 40000 (candidate-m75 vs ref-7f15ac4-m100)
Finished game 2052 (ref-7f15ac4-m100 vs candidate-m75): 0-1 {Black wins by adjudication}
Started game 2068 of 40000 (ref-7f15ac4-m100 vs candidate-m75)
Finished game 2058 (ref-7f15ac4-m100 vs candidate-m75): 0-1 {Black wins by adjudication}
Started game 2069 of 40000 (candidate-m75 vs ref-7f15ac4-m100)
Finished game 2062 (ref-7f15ac4-m100 vs candidate-m75): 1-0 {White wins by adjudication}
Started game 2070 of 40000 (ref-7f15ac4-m100 vs candidate-m75)
Finished game 2060 (ref-7f15ac4-m100 vs candidate-m75): 1-0 {White wins by adjudication}
Started game 2071 of 40000 (candidate-m75 vs ref-7f15ac4-m100)
Finished game 2063 (candidate-m75 vs ref-7f15ac4-m100): 1-0 {White wins by adjudication}
Started game 2072 of 40000 (ref-7f15ac4-m100 vs candidate-m75)
Finished game 2069 (candidate-m75 vs ref-7f15ac4-m100): 1/2-1/2 {Draw by 3-fold repetition}
Started game 2073 of 40000 (candidate-m75 vs ref-7f15ac4-m100)
Finished game 2061 (candidate-m75 vs ref-7f15ac4-m100): 1/2-1/2 {Draw by adjudication}
Started game 2074 of 40000 (ref-7f15ac4-m100 vs candidate-m75)
Finished game 2057 (candidate-m75 vs ref-7f15ac4-m100): 1-0 {White wins by adjudication}
Started game 2075 of 40000 (candidate-m75 vs ref-7f15ac4-m100)
Finished game 2068 (ref-7f15ac4-m100 vs candidate-m75): 1/2-1/2 {Draw by 3-fold repetition}
Started game 2076 of 40000 (ref-7f15ac4-m100 vs candidate-m75)
Finished game 2059 (candidate-m75 vs ref-7f15ac4-m100): 1/2-1/2 {Draw by adjudication}
--------------------------------------------------
Results of candidate-m75 vs ref-7f15ac4-m100 (10+0.2, 1t, 16MB, 8moves_v3.pgn):
Elo: 11.12 +/- 11.89, nElo: 14.05 +/- 15.00
LOS: 96.68 %, DrawRatio: 32.78 %, PairsRatio: 1.12
Games: 2062, Wins: 679, Losses: 613, Draws: 770, Points: 1064.0 (51.60 %)
Ptnml(0-2): [87, 240, 338, 252, 114], WL/DD Ratio: 1.43
LLR: 2.40 (81.4%) (-2.94, 2.94) [-5.00, 5.00]
--------------------------------------------------
Started game 2077 of 40000 (candidate-m75 vs ref-7f15ac4-m100)
Finished game 2064 (ref-7f15ac4-m100 vs candidate-m75): 1/2-1/2 {Draw by 3-fold repetition}
Started game 2078 of 40000 (ref-7f15ac4-m100 vs candidate-m75)
Finished game 2065 (candidate-m75 vs ref-7f15ac4-m100): 1/2-1/2 {Draw by 3-fold repetition}
Started game 2079 of 40000 (candidate-m75 vs ref-7f15ac4-m100)
Finished game 2067 (candidate-m75 vs ref-7f15ac4-m100): 1/2-1/2 {Draw by 3-fold repetition}
Started game 2080 of 40000 (ref-7f15ac4-m100 vs candidate-m75)
Finished game 2066 (ref-7f15ac4-m100 vs candidate-m75): 1/2-1/2 {Draw by adjudication}
Started game 2081 of 40000 (candidate-m75 vs ref-7f15ac4-m100)
Finished game 2071 (candidate-m75 vs ref-7f15ac4-m100): 1/2-1/2 {Draw by 3-fold repetition}
Started game 2082 of 40000 (ref-7f15ac4-m100 vs candidate-m75)
Finished game 2072 (ref-7f15ac4-m100 vs candidate-m75): 0-1 {Black wins by adjudication}
Started game 2083 of 40000 (candidate-m75 vs ref-7f15ac4-m100)
Finished game 2076 (ref-7f15ac4-m100 vs candidate-m75): 1-0 {White wins by adjudication}
Started game 2084 of 40000 (ref-7f15ac4-m100 vs candidate-m75)
Finished game 2074 (ref-7f15ac4-m100 vs candidate-m75): 1-0 {White wins by adjudication}
Started game 2085 of 40000 (candidate-m75 vs ref-7f15ac4-m100)
Finished game 2075 (candidate-m75 vs ref-7f15ac4-m100): 1/2-1/2 {Draw by 3-fold repetition}
Started game 2086 of 40000 (ref-7f15ac4-m100 vs candidate-m75)
Finished game 2070 (ref-7f15ac4-m100 vs candidate-m75): 1/2-1/2 {Draw by 3-fold repetition}
Started game 2087 of 40000 (candidate-m75 vs ref-7f15ac4-m100)
Finished game 2073 (candidate-m75 vs ref-7f15ac4-m100): 1/2-1/2 {Draw by insufficient mating material}
Started game 2088 of 40000 (ref-7f15ac4-m100 vs candidate-m75)
Finished game 2077 (candidate-m75 vs ref-7f15ac4-m100): 1-0 {White wins by adjudication}
Started game 2089 of 40000 (candidate-m75 vs ref-7f15ac4-m100)
Finished game 2083 (candidate-m75 vs ref-7f15ac4-m100): 0-1 {Black wins by adjudication}
Started game 2090 of 40000 (ref-7f15ac4-m100 vs candidate-m75)
Finished game 2079 (candidate-m75 vs ref-7f15ac4-m100): 0-1 {Black wins by adjudication}
Started game 2091 of 40000 (candidate-m75 vs ref-7f15ac4-m100)
Finished game 2078 (ref-7f15ac4-m100 vs candidate-m75): 0-1 {Black wins by adjudication}
Started game 2092 of 40000 (ref-7f15ac4-m100 vs candidate-m75)
Finished game 2080 (ref-7f15ac4-m100 vs candidate-m75): 1/2-1/2 {Draw by adjudication}
--------------------------------------------------
Results of candidate-m75 vs ref-7f15ac4-m100 (10+0.2, 1t, 16MB, 8moves_v3.pgn):
Elo: 11.20 +/- 11.82, nElo: 14.15 +/- 14.93
LOS: 96.84 %, DrawRatio: 32.79 %, PairsRatio: 1.12
Games: 2080, Wins: 683, Losses: 616, Draws: 781, Points: 1073.5 (51.61 %)
Ptnml(0-2): [87, 243, 341, 254, 115], WL/DD Ratio: 1.40
LLR: 2.44 (82.8%) (-2.94, 2.94) [-5.00, 5.00]
--------------------------------------------------
Started game 2093 of 40000 (candidate-m75 vs ref-7f15ac4-m100)
Finished game 2084 (ref-7f15ac4-m100 vs candidate-m75): 1/2-1/2 {Draw by insufficient mating material}
Started game 2094 of 40000 (ref-7f15ac4-m100 vs candidate-m75)
Finished game 2082 (ref-7f15ac4-m100 vs candidate-m75): 1-0 {White wins by adjudication}
Started game 2095 of 40000 (candidate-m75 vs ref-7f15ac4-m100)
Finished game 2086 (ref-7f15ac4-m100 vs candidate-m75): 0-1 {Black wins by adjudication}
Started game 2096 of 40000 (ref-7f15ac4-m100 vs candidate-m75)
Finished game 2081 (candidate-m75 vs ref-7f15ac4-m100): 1/2-1/2 {Draw by insufficient mating material}
Started game 2097 of 40000 (candidate-m75 vs ref-7f15ac4-m100)
Finished game 2087 (candidate-m75 vs ref-7f15ac4-m100): 0-1 {Black wins by adjudication}
Started game 2098 of 40000 (ref-7f15ac4-m100 vs candidate-m75)
Finished game 2095 (candidate-m75 vs ref-7f15ac4-m100): 1-0 {White wins by adjudication}
Started game 2099 of 40000 (candidate-m75 vs ref-7f15ac4-m100)
Finished game 2091 (candidate-m75 vs ref-7f15ac4-m100): 1-0 {White wins by adjudication}
Started game 2100 of 40000 (ref-7f15ac4-m100 vs candidate-m75)
Finished game 2096 (ref-7f15ac4-m100 vs candidate-m75): 0-1 {Black wins by adjudication}
Started game 2101 of 40000 (candidate-m75 vs ref-7f15ac4-m100)
Finished game 2088 (ref-7f15ac4-m100 vs candidate-m75): 1/2-1/2 {Draw by insufficient mating material}
Started game 2102 of 40000 (ref-7f15ac4-m100 vs candidate-m75)
Finished game 2099 (candidate-m75 vs ref-7f15ac4-m100): 0-1 {Black wins by adjudication}
Started game 2103 of 40000 (candidate-m75 vs ref-7f15ac4-m100)
Finished game 2090 (ref-7f15ac4-m100 vs candidate-m75): 1-0 {White wins by adjudication}
Started game 2104 of 40000 (ref-7f15ac4-m100 vs candidate-m75)
Finished game 2094 (ref-7f15ac4-m100 vs candidate-m75): 1-0 {White wins by adjudication}
Started game 2105 of 40000 (candidate-m75 vs ref-7f15ac4-m100)
Finished game 2092 (ref-7f15ac4-m100 vs candidate-m75): 1-0 {White wins by adjudication}
Started game 2106 of 40000 (ref-7f15ac4-m100 vs candidate-m75)
Finished game 2085 (candidate-m75 vs ref-7f15ac4-m100): 0-1 {Black wins by adjudication}
Started game 2107 of 40000 (candidate-m75 vs ref-7f15ac4-m100)
Finished game 2098 (ref-7f15ac4-m100 vs candidate-m75): 1/2-1/2 {Draw by 3-fold repetition}
Started game 2108 of 40000 (ref-7f15ac4-m100 vs candidate-m75)
Finished game 2101 (candidate-m75 vs ref-7f15ac4-m100): 1-0 {White wins by adjudication}
Started game 2109 of 40000 (candidate-m75 vs ref-7f15ac4-m100)
Finished game 2093 (candidate-m75 vs ref-7f15ac4-m100): 1-0 {White wins by adjudication}
Started game 2110 of 40000 (ref-7f15ac4-m100 vs candidate-m75)
Finished game 2089 (candidate-m75 vs ref-7f15ac4-m100): 1/2-1/2 {Draw by 3-fold repetition}
Started game 2111 of 40000 (candidate-m75 vs ref-7f15ac4-m100)
Finished game 2100 (ref-7f15ac4-m100 vs candidate-m75): 1-0 {White wins by adjudication}
--------------------------------------------------
Results of candidate-m75 vs ref-7f15ac4-m100 (10+0.2, 1t, 16MB, 8moves_v3.pgn):
Elo: 10.44 +/- 11.78, nElo: 13.19 +/- 14.87
LOS: 95.89 %, DrawRatio: 32.79 %, PairsRatio: 1.10
Games: 2098, Wins: 688, Losses: 625, Draws: 785, Points: 1080.5 (51.50 %)
Ptnml(0-2): [88, 247, 344, 254, 116], WL/DD Ratio: 1.42
LLR: 2.29 (77.8%) (-2.94, 2.94) [-5.00, 5.00]
--------------------------------------------------
Started game 2112 of 40000 (ref-7f15ac4-m100 vs candidate-m75)
Finished game 2102 (ref-7f15ac4-m100 vs candidate-m75): 0-1 {Black wins by adjudication}
Started game 2113 of 40000 (candidate-m75 vs ref-7f15ac4-m100)
Finished game 2108 (ref-7f15ac4-m100 vs candidate-m75): 1/2-1/2 {Draw by 3-fold repetition}
Started game 2114 of 40000 (ref-7f15ac4-m100 vs candidate-m75)
Finished game 2097 (candidate-m75 vs ref-7f15ac4-m100): 1/2-1/2 {Draw by 3-fold repetition}
Started game 2115 of 40000 (candidate-m75 vs ref-7f15ac4-m100)
Finished game 2105 (candidate-m75 vs ref-7f15ac4-m100): 0-1 {Black wins by adjudication}
Started game 2116 of 40000 (ref-7f15ac4-m100 vs candidate-m75)
Finished game 2103 (candidate-m75 vs ref-7f15ac4-m100): 1-0 {White wins by adjudication}
Started game 2117 of 40000 (candidate-m75 vs ref-7f15ac4-m100)
Finished game 2107 (candidate-m75 vs ref-7f15ac4-m100): 1-0 {White wins by adjudication}
Started game 2118 of 40000 (ref-7f15ac4-m100 vs candidate-m75)
Finished game 2104 (ref-7f15ac4-m100 vs candidate-m75): 1-0 {White wins by adjudication}
Started game 2119 of 40000 (candidate-m75 vs ref-7f15ac4-m100)
Finished game 2110 (ref-7f15ac4-m100 vs candidate-m75): 1-0 {White wins by adjudication}
Started game 2120 of 40000 (ref-7f15ac4-m100 vs candidate-m75)
Finished game 2112 (ref-7f15ac4-m100 vs candidate-m75): 0-1 {Black wins by adjudication}
Started game 2121 of 40000 (candidate-m75 vs ref-7f15ac4-m100)
Finished game 2106 (ref-7f15ac4-m100 vs candidate-m75): 1/2-1/2 {Draw by insufficient mating material}
Started game 2122 of 40000 (ref-7f15ac4-m100 vs candidate-m75)
Finished game 2111 (candidate-m75 vs ref-7f15ac4-m100): 1-0 {White wins by adjudication}
Started game 2123 of 40000 (candidate-m75 vs ref-7f15ac4-m100)
Finished game 2109 (candidate-m75 vs ref-7f15ac4-m100): 0-1 {Black wins by adjudication}
Started game 2124 of 40000 (ref-7f15ac4-m100 vs candidate-m75)
Finished game 2114 (ref-7f15ac4-m100 vs candidate-m75): 1-0 {White wins by adjudication}
Started game 2125 of 40000 (candidate-m75 vs ref-7f15ac4-m100)
Finished game 2116 (ref-7f15ac4-m100 vs candidate-m75): 1/2-1/2 {Draw by 3-fold repetition}
Started game 2126 of 40000 (ref-7f15ac4-m100 vs candidate-m75)
Finished game 2117 (candidate-m75 vs ref-7f15ac4-m100): 1/2-1/2 {Draw by 3-fold repetition}
Started game 2127 of 40000 (candidate-m75 vs ref-7f15ac4-m100)
Finished game 2120 (ref-7f15ac4-m100 vs candidate-m75): 1/2-1/2 {Draw by 3-fold repetition}
Started game 2128 of 40000 (ref-7f15ac4-m100 vs candidate-m75)
Finished game 2115 (candidate-m75 vs ref-7f15ac4-m100): 1/2-1/2 {Draw by insufficient mating material}
Started game 2129 of 40000 (candidate-m75 vs ref-7f15ac4-m100)
Finished game 2119 (candidate-m75 vs ref-7f15ac4-m100): 1/2-1/2 {Draw by 3-fold repetition}
--------------------------------------------------
Results of candidate-m75 vs ref-7f15ac4-m100 (10+0.2, 1t, 16MB, 8moves_v3.pgn):
Elo: 10.68 +/- 11.74, nElo: 13.48 +/- 14.80
LOS: 96.28 %, DrawRatio: 32.89 %, PairsRatio: 1.11
Games: 2116, Wins: 694, Losses: 629, Draws: 793, Points: 1090.5 (51.54 %)
Ptnml(0-2): [89, 248, 348, 255, 118], WL/DD Ratio: 1.40
LLR: 2.36 (80.2%) (-2.94, 2.94) [-5.00, 5.00]
--------------------------------------------------
Started game 2130 of 40000 (ref-7f15ac4-m100 vs candidate-m75)
Finished game 2122 (ref-7f15ac4-m100 vs candidate-m75): 1-0 {White wins by adjudication}
Started game 2131 of 40000 (candidate-m75 vs ref-7f15ac4-m100)
Finished game 2113 (candidate-m75 vs ref-7f15ac4-m100): 1/2-1/2 {Draw by stalemate}
Started game 2132 of 40000 (ref-7f15ac4-m100 vs candidate-m75)
Finished game 2118 (ref-7f15ac4-m100 vs candidate-m75): 1/2-1/2 {Draw by 3-fold repetition}
Started game 2133 of 40000 (candidate-m75 vs ref-7f15ac4-m100)
Finished game 2123 (candidate-m75 vs ref-7f15ac4-m100): 1/2-1/2 {Draw by adjudication}
Started game 2134 of 40000 (ref-7f15ac4-m100 vs candidate-m75)
Finished game 2126 (ref-7f15ac4-m100 vs candidate-m75): 0-1 {Black wins by adjudication}
Started game 2135 of 40000 (candidate-m75 vs ref-7f15ac4-m100)
Finished game 2121 (candidate-m75 vs ref-7f15ac4-m100): 1/2-1/2 {Draw by insufficient mating material}
Started game 2136 of 40000 (ref-7f15ac4-m100 vs candidate-m75)
Finished game 2125 (candidate-m75 vs ref-7f15ac4-m100): 1/2-1/2 {Draw by insufficient mating material}
Started game 2137 of 40000 (candidate-m75 vs ref-7f15ac4-m100)
Finished game 2129 (candidate-m75 vs ref-7f15ac4-m100): 1-0 {White wins by adjudication}
Started game 2138 of 40000 (ref-7f15ac4-m100 vs candidate-m75)
Finished game 2127 (candidate-m75 vs ref-7f15ac4-m100): 1-0 {White wins by adjudication}
Started game 2139 of 40000 (candidate-m75 vs ref-7f15ac4-m100)
Finished game 2131 (candidate-m75 vs ref-7f15ac4-m100): 1-0 {White wins by adjudication}
Started game 2140 of 40000 (ref-7f15ac4-m100 vs candidate-m75)
Finished game 2128 (ref-7f15ac4-m100 vs candidate-m75): 1/2-1/2 {Draw by 3-fold repetition}
Started game 2141 of 40000 (candidate-m75 vs ref-7f15ac4-m100)
Finished game 2130 (ref-7f15ac4-m100 vs candidate-m75): 0-1 {Black wins by adjudication}
Started game 2142 of 40000 (ref-7f15ac4-m100 vs candidate-m75)
Finished game 2134 (ref-7f15ac4-m100 vs candidate-m75): 0-1 {Black wins by adjudication}
Started game 2143 of 40000 (candidate-m75 vs ref-7f15ac4-m100)
Finished game 2124 (ref-7f15ac4-m100 vs candidate-m75): 1/2-1/2 {Draw by adjudication}
Started game 2144 of 40000 (ref-7f15ac4-m100 vs candidate-m75)
Finished game 2132 (ref-7f15ac4-m100 vs candidate-m75): 1/2-1/2 {Draw by insufficient mating material}
Started game 2145 of 40000 (candidate-m75 vs ref-7f15ac4-m100)
Finished game 2137 (candidate-m75 vs ref-7f15ac4-m100): 0-1 {Black wins by adjudication}
Started game 2146 of 40000 (ref-7f15ac4-m100 vs candidate-m75)
Finished game 2136 (ref-7f15ac4-m100 vs candidate-m75): 0-1 {Black wins by adjudication}
Started game 2147 of 40000 (candidate-m75 vs ref-7f15ac4-m100)
Finished game 2142 (ref-7f15ac4-m100 vs candidate-m75): 0-1 {Black wins by adjudication}
Started game 2148 of 40000 (ref-7f15ac4-m100 vs candidate-m75)
Finished game 2135 (candidate-m75 vs ref-7f15ac4-m100): 1/2-1/2 {Draw by 3-fold repetition}
Started game 2149 of 40000 (candidate-m75 vs ref-7f15ac4-m100)
Finished game 2133 (candidate-m75 vs ref-7f15ac4-m100): 1/2-1/2 {Draw by 3-fold repetition}
Started game 2150 of 40000 (ref-7f15ac4-m100 vs candidate-m75)
Finished game 2141 (candidate-m75 vs ref-7f15ac4-m100): 0-1 {Black wins by adjudication}
Started game 2151 of 40000 (candidate-m75 vs ref-7f15ac4-m100)
Finished game 2138 (ref-7f15ac4-m100 vs candidate-m75): 1/2-1/2 {Draw by insufficient mating material}
Started game 2152 of 40000 (ref-7f15ac4-m100 vs candidate-m75)
Finished game 2140 (ref-7f15ac4-m100 vs candidate-m75): 0-1 {Black wins by adjudication}
Started game 2153 of 40000 (candidate-m75 vs ref-7f15ac4-m100)
Finished game 2144 (ref-7f15ac4-m100 vs candidate-m75): 0-1 {Black wins by adjudication}
Started game 2154 of 40000 (ref-7f15ac4-m100 vs candidate-m75)
Finished game 2143 (candidate-m75 vs ref-7f15ac4-m100): 1/2-1/2 {Draw by adjudication}
Started game 2155 of 40000 (candidate-m75 vs ref-7f15ac4-m100)
Finished game 2139 (candidate-m75 vs ref-7f15ac4-m100): 1/2-1/2 {Draw by 3-fold repetition}
--------------------------------------------------
Results of candidate-m75 vs ref-7f15ac4-m100 (10+0.2, 1t, 16MB, 8moves_v3.pgn):
Elo: 11.51 +/- 11.64, nElo: 14.55 +/- 14.71
LOS: 97.38 %, DrawRatio: 32.74 %, PairsRatio: 1.12
Games: 2144, Wins: 704, Losses: 633, Draws: 807, Points: 1107.5 (51.66 %)
Ptnml(0-2): [89, 251, 351, 262, 119], WL/DD Ratio: 1.39
LLR: 2.58 (87.7%) (-2.94, 2.94) [-5.00, 5.00]
--------------------------------------------------
Started game 2156 of 40000 (ref-7f15ac4-m100 vs candidate-m75)
Finished game 2145 (candidate-m75 vs ref-7f15ac4-m100): 0-1 {Black wins by adjudication}
Started game 2157 of 40000 (candidate-m75 vs ref-7f15ac4-m100)
Finished game 2156 (ref-7f15ac4-m100 vs candidate-m75): 1/2-1/2 {Draw by 3-fold repetition}
Started game 2158 of 40000 (ref-7f15ac4-m100 vs candidate-m75)
Finished game 2147 (candidate-m75 vs ref-7f15ac4-m100): 1-0 {White wins by adjudication}
Started game 2159 of 40000 (candidate-m75 vs ref-7f15ac4-m100)
Finished game 2152 (ref-7f15ac4-m100 vs candidate-m75): 0-1 {Black wins by adjudication}
Started game 2160 of 40000 (ref-7f15ac4-m100 vs candidate-m75)
Finished game 2149 (candidate-m75 vs ref-7f15ac4-m100): 1-0 {White wins by adjudication}
Started game 2161 of 40000 (candidate-m75 vs ref-7f15ac4-m100)
Finished game 2148 (ref-7f15ac4-m100 vs candidate-m75): 1-0 {White wins by adjudication}
Started game 2162 of 40000 (ref-7f15ac4-m100 vs candidate-m75)
Finished game 2155 (candidate-m75 vs ref-7f15ac4-m100): 1-0 {White wins by adjudication}
Started game 2163 of 40000 (candidate-m75 vs ref-7f15ac4-m100)
Finished game 2151 (candidate-m75 vs ref-7f15ac4-m100): 1-0 {White wins by adjudication}
Started game 2164 of 40000 (ref-7f15ac4-m100 vs candidate-m75)
Finished game 2160 (ref-7f15ac4-m100 vs candidate-m75): 1-0 {White wins by adjudication}
Started game 2165 of 40000 (candidate-m75 vs ref-7f15ac4-m100)
Finished game 2150 (ref-7f15ac4-m100 vs candidate-m75): 1/2-1/2 {Draw by 3-fold repetition}
Started game 2166 of 40000 (ref-7f15ac4-m100 vs candidate-m75)
Finished game 2146 (ref-7f15ac4-m100 vs candidate-m75): 1/2-1/2 {Draw by fifty moves rule}
Started game 2167 of 40000 (candidate-m75 vs ref-7f15ac4-m100)
Finished game 2153 (candidate-m75 vs ref-7f15ac4-m100): 1/2-1/2 {Draw by adjudication}
Started game 2168 of 40000 (ref-7f15ac4-m100 vs candidate-m75)
Finished game 2159 (candidate-m75 vs ref-7f15ac4-m100): 1/2-1/2 {Draw by adjudication}
--------------------------------------------------
Results of candidate-m75 vs ref-7f15ac4-m100 (10+0.2, 1t, 16MB, 8moves_v3.pgn):
Elo: 11.77 +/- 11.61, nElo: 14.88 +/- 14.67
LOS: 97.66 %, DrawRatio: 32.65 %, PairsRatio: 1.12
Games: 2156, Wins: 709, Losses: 636, Draws: 811, Points: 1114.5 (51.69 %)
Ptnml(0-2): [89, 253, 352, 264, 120], WL/DD Ratio: 1.39
LLR: 2.65 (90.2%) (-2.94, 2.94) [-5.00, 5.00]
--------------------------------------------------
Started game 2169 of 40000 (candidate-m75 vs ref-7f15ac4-m100)
Finished game 2158 (ref-7f15ac4-m100 vs candidate-m75): 1/2-1/2 {Draw by adjudication}
Started game 2170 of 40000 (ref-7f15ac4-m100 vs candidate-m75)
Finished game 2154 (ref-7f15ac4-m100 vs candidate-m75): 1/2-1/2 {Draw by adjudication}
Started game 2171 of 40000 (candidate-m75 vs ref-7f15ac4-m100)
Finished game 2161 (candidate-m75 vs ref-7f15ac4-m100): 1-0 {White wins by adjudication}
Started game 2172 of 40000 (ref-7f15ac4-m100 vs candidate-m75)
Finished game 2157 (candidate-m75 vs ref-7f15ac4-m100): 1/2-1/2 {Draw by insufficient mating material}
Started game 2173 of 40000 (candidate-m75 vs ref-7f15ac4-m100)
Finished game 2163 (candidate-m75 vs ref-7f15ac4-m100): 1-0 {White wins by adjudication}
Started game 2174 of 40000 (ref-7f15ac4-m100 vs candidate-m75)
Finished game 2164 (ref-7f15ac4-m100 vs candidate-m75): 1-0 {White wins by adjudication}
Started game 2175 of 40000 (candidate-m75 vs ref-7f15ac4-m100)
Finished game 2165 (candidate-m75 vs ref-7f15ac4-m100): 1-0 {White wins by adjudication}
Started game 2176 of 40000 (ref-7f15ac4-m100 vs candidate-m75)
Finished game 2172 (ref-7f15ac4-m100 vs candidate-m75): 1-0 {White wins by adjudication}
Started game 2177 of 40000 (candidate-m75 vs ref-7f15ac4-m100)
Finished game 2166 (ref-7f15ac4-m100 vs candidate-m75): 1-0 {White wins by adjudication}
Started game 2178 of 40000 (ref-7f15ac4-m100 vs candidate-m75)
Finished game 2174 (ref-7f15ac4-m100 vs candidate-m75): 1-0 {White wins by adjudication}
Started game 2179 of 40000 (candidate-m75 vs ref-7f15ac4-m100)
Finished game 2162 (ref-7f15ac4-m100 vs candidate-m75): 0-1 {Black wins by adjudication}
Started game 2180 of 40000 (ref-7f15ac4-m100 vs candidate-m75)
Finished game 2167 (candidate-m75 vs ref-7f15ac4-m100): 1-0 {White wins by adjudication}
Started game 2181 of 40000 (candidate-m75 vs ref-7f15ac4-m100)
Finished game 2171 (candidate-m75 vs ref-7f15ac4-m100): 1-0 {White wins by adjudication}
Started game 2182 of 40000 (ref-7f15ac4-m100 vs candidate-m75)
Finished game 2173 (candidate-m75 vs ref-7f15ac4-m100): 1-0 {White wins by adjudication}
Started game 2183 of 40000 (candidate-m75 vs ref-7f15ac4-m100)
Finished game 2170 (ref-7f15ac4-m100 vs candidate-m75): 1-0 {White wins by adjudication}
Started game 2184 of 40000 (ref-7f15ac4-m100 vs candidate-m75)
Finished game 2169 (candidate-m75 vs ref-7f15ac4-m100): 1-0 {White wins by adjudication}
Started game 2185 of 40000 (candidate-m75 vs ref-7f15ac4-m100)
Finished game 2168 (ref-7f15ac4-m100 vs candidate-m75): 0-1 {Black wins by adjudication}
Started game 2186 of 40000 (ref-7f15ac4-m100 vs candidate-m75)
Finished game 2176 (ref-7f15ac4-m100 vs candidate-m75): 1/2-1/2 {Draw by 3-fold repetition}
Started game 2187 of 40000 (candidate-m75 vs ref-7f15ac4-m100)
Finished game 2180 (ref-7f15ac4-m100 vs candidate-m75): 1/2-1/2 {Draw by 3-fold repetition}
Started game 2188 of 40000 (ref-7f15ac4-m100 vs candidate-m75)
Finished game 2181 (candidate-m75 vs ref-7f15ac4-m100): 0-1 {Black wins by adjudication}
Started game 2189 of 40000 (candidate-m75 vs ref-7f15ac4-m100)
Finished game 2182 (ref-7f15ac4-m100 vs candidate-m75): 1/2-1/2 {Draw by 3-fold repetition}
Started game 2190 of 40000 (ref-7f15ac4-m100 vs candidate-m75)
Finished game 2183 (candidate-m75 vs ref-7f15ac4-m100): 1-0 {White wins by adjudication}
Started game 2191 of 40000 (candidate-m75 vs ref-7f15ac4-m100)
Finished game 2179 (candidate-m75 vs ref-7f15ac4-m100): 1/2-1/2 {Draw by 3-fold repetition}
--------------------------------------------------
Results of candidate-m75 vs ref-7f15ac4-m100 (10+0.2, 1t, 16MB, 8moves_v3.pgn):
Elo: 12.13 +/- 11.53, nElo: 15.36 +/- 14.59
LOS: 98.05 %, DrawRatio: 33.06 %, PairsRatio: 1.13
Games: 2178, Wins: 718, Losses: 642, Draws: 818, Points: 1127.0 (51.74 %)
Ptnml(0-2): [89, 254, 360, 264, 122], WL/DD Ratio: 1.40
LLR: 2.77 (94.0%) (-2.94, 2.94) [-5.00, 5.00]
--------------------------------------------------
Started game 2192 of 40000 (ref-7f15ac4-m100 vs candidate-m75)
Finished game 2185 (candidate-m75 vs ref-7f15ac4-m100): 0-1 {Black wins by adjudication}
Started game 2193 of 40000 (candidate-m75 vs ref-7f15ac4-m100)
Finished game 2178 (ref-7f15ac4-m100 vs candidate-m75): 1/2-1/2 {Draw by insufficient mating material}
Started game 2194 of 40000 (ref-7f15ac4-m100 vs candidate-m75)
Finished game 2175 (candidate-m75 vs ref-7f15ac4-m100): 1/2-1/2 {Draw by 3-fold repetition}
Started game 2195 of 40000 (candidate-m75 vs ref-7f15ac4-m100)
Finished game 2187 (candidate-m75 vs ref-7f15ac4-m100): 0-1 {Black wins by adjudication}
Started game 2196 of 40000 (ref-7f15ac4-m100 vs candidate-m75)
Finished game 2192 (ref-7f15ac4-m100 vs candidate-m75): 1/2-1/2 {Draw by 3-fold repetition}
Started game 2197 of 40000 (candidate-m75 vs ref-7f15ac4-m100)
Finished game 2184 (ref-7f15ac4-m100 vs candidate-m75): 1-0 {White wins by adjudication}
Started game 2198 of 40000 (ref-7f15ac4-m100 vs candidate-m75)
Finished game 2188 (ref-7f15ac4-m100 vs candidate-m75): 1/2-1/2 {Draw by adjudication}
Started game 2199 of 40000 (candidate-m75 vs ref-7f15ac4-m100)
Finished game 2189 (candidate-m75 vs ref-7f15ac4-m100): 0-1 {Black wins by adjudication}
Started game 2200 of 40000 (ref-7f15ac4-m100 vs candidate-m75)
Finished game 2190 (ref-7f15ac4-m100 vs candidate-m75): 1/2-1/2 {Draw by 3-fold repetition}
Started game 2201 of 40000 (candidate-m75 vs ref-7f15ac4-m100)
Finished game 2186 (ref-7f15ac4-m100 vs candidate-m75): 1/2-1/2 {Draw by 3-fold repetition}
Started game 2202 of 40000 (ref-7f15ac4-m100 vs candidate-m75)
Finished game 2191 (candidate-m75 vs ref-7f15ac4-m100): 1-0 {White wins by adjudication}
Started game 2203 of 40000 (candidate-m75 vs ref-7f15ac4-m100)
Finished game 2177 (candidate-m75 vs ref-7f15ac4-m100): 1/2-1/2 {Draw by fifty moves rule}
Started game 2204 of 40000 (ref-7f15ac4-m100 vs candidate-m75)
Finished game 2193 (candidate-m75 vs ref-7f15ac4-m100): 1/2-1/2 {Draw by 3-fold repetition}
Started game 2205 of 40000 (candidate-m75 vs ref-7f15ac4-m100)
Finished game 2195 (candidate-m75 vs ref-7f15ac4-m100): 0-1 {Black wins by adjudication}
Started game 2206 of 40000 (ref-7f15ac4-m100 vs candidate-m75)
Finished game 2200 (ref-7f15ac4-m100 vs candidate-m75): 0-1 {Black wins by adjudication}
Started game 2207 of 40000 (candidate-m75 vs ref-7f15ac4-m100)
Finished game 2198 (ref-7f15ac4-m100 vs candidate-m75): 1-0 {White wins by adjudication}
Started game 2208 of 40000 (ref-7f15ac4-m100 vs candidate-m75)
Finished game 2194 (ref-7f15ac4-m100 vs candidate-m75): 1/2-1/2 {Draw by 3-fold repetition}
Started game 2209 of 40000 (candidate-m75 vs ref-7f15ac4-m100)
Finished game 2196 (ref-7f15ac4-m100 vs candidate-m75): 1/2-1/2 {Draw by 3-fold repetition}
Started game 2210 of 40000 (ref-7f15ac4-m100 vs candidate-m75)
Finished game 2197 (candidate-m75 vs ref-7f15ac4-m100): 1-0 {White wins by adjudication}
Started game 2211 of 40000 (candidate-m75 vs ref-7f15ac4-m100)
Finished game 2199 (candidate-m75 vs ref-7f15ac4-m100): 1-0 {White wins by adjudication}
--------------------------------------------------
Results of candidate-m75 vs ref-7f15ac4-m100 (10+0.2, 1t, 16MB, 8moves_v3.pgn):
Elo: 11.85 +/- 11.46, nElo: 15.03 +/- 14.52
LOS: 97.88 %, DrawRatio: 33.18 %, PairsRatio: 1.12
Games: 2200, Wins: 723, Losses: 648, Draws: 829, Points: 1137.5 (51.70 %)
Ptnml(0-2): [89, 258, 365, 265, 123], WL/DD Ratio: 1.39
LLR: 2.74 (93.0%) (-2.94, 2.94) [-5.00, 5.00]
--------------------------------------------------
Started game 2212 of 40000 (ref-7f15ac4-m100 vs candidate-m75)
Finished game 2203 (candidate-m75 vs ref-7f15ac4-m100): 1-0 {White wins by adjudication}
Started game 2213 of 40000 (candidate-m75 vs ref-7f15ac4-m100)
Finished game 2205 (candidate-m75 vs ref-7f15ac4-m100): 0-1 {Black wins by adjudication}
Started game 2214 of 40000 (ref-7f15ac4-m100 vs candidate-m75)
Finished game 2202 (ref-7f15ac4-m100 vs candidate-m75): 1/2-1/2 {Draw by 3-fold repetition}
Started game 2215 of 40000 (candidate-m75 vs ref-7f15ac4-m100)
Finished game 2212 (ref-7f15ac4-m100 vs candidate-m75): 1/2-1/2 {Draw by 3-fold repetition}
Started game 2216 of 40000 (ref-7f15ac4-m100 vs candidate-m75)
Finished game 2204 (ref-7f15ac4-m100 vs candidate-m75): 1-0 {White wins by adjudication}
Started game 2217 of 40000 (candidate-m75 vs ref-7f15ac4-m100)
Finished game 2209 (candidate-m75 vs ref-7f15ac4-m100): 1-0 {White wins by adjudication}
Started game 2218 of 40000 (ref-7f15ac4-m100 vs candidate-m75)
Finished game 2201 (candidate-m75 vs ref-7f15ac4-m100): 1/2-1/2 {Draw by adjudication}
Started game 2219 of 40000 (candidate-m75 vs ref-7f15ac4-m100)
Finished game 2214 (ref-7f15ac4-m100 vs candidate-m75): 0-1 {Black wins by adjudication}
Started game 2220 of 40000 (ref-7f15ac4-m100 vs candidate-m75)
Finished game 2207 (candidate-m75 vs ref-7f15ac4-m100): 1/2-1/2 {Draw by 3-fold repetition}
Started game 2221 of 40000 (candidate-m75 vs ref-7f15ac4-m100)
Finished game 2210 (ref-7f15ac4-m100 vs candidate-m75): 0-1 {Black wins by adjudication}
Started game 2222 of 40000 (ref-7f15ac4-m100 vs candidate-m75)
Finished game 2206 (ref-7f15ac4-m100 vs candidate-m75): 0-1 {Black wins by adjudication}
Started game 2223 of 40000 (candidate-m75 vs ref-7f15ac4-m100)
Finished game 2208 (ref-7f15ac4-m100 vs candidate-m75): 1-0 {White wins by adjudication}
Started game 2224 of 40000 (ref-7f15ac4-m100 vs candidate-m75)
Finished game 2211 (candidate-m75 vs ref-7f15ac4-m100): 1-0 {White wins by adjudication}
Started game 2225 of 40000 (candidate-m75 vs ref-7f15ac4-m100)
Finished game 2213 (candidate-m75 vs ref-7f15ac4-m100): 1/2-1/2 {Draw by adjudication}
Started game 2226 of 40000 (ref-7f15ac4-m100 vs candidate-m75)
Finished game 2217 (candidate-m75 vs ref-7f15ac4-m100): 0-1 {Black wins by adjudication}
Started game 2227 of 40000 (candidate-m75 vs ref-7f15ac4-m100)
Finished game 2222 (ref-7f15ac4-m100 vs candidate-m75): 1/2-1/2 {Draw by 3-fold repetition}
Started game 2228 of 40000 (ref-7f15ac4-m100 vs candidate-m75)
Finished game 2219 (candidate-m75 vs ref-7f15ac4-m100): 0-1 {Black wins by adjudication}
Started game 2229 of 40000 (candidate-m75 vs ref-7f15ac4-m100)
Finished game 2225 (candidate-m75 vs ref-7f15ac4-m100): 0-1 {Black wins by adjudication}
Started game 2230 of 40000 (ref-7f15ac4-m100 vs candidate-m75)
Finished game 2215 (candidate-m75 vs ref-7f15ac4-m100): 1/2-1/2 {Draw by insufficient mating material}
Started game 2231 of 40000 (candidate-m75 vs ref-7f15ac4-m100)
Finished game 2216 (ref-7f15ac4-m100 vs candidate-m75): 0-1 {Black wins by adjudication}
Started game 2232 of 40000 (ref-7f15ac4-m100 vs candidate-m75)
Finished game 2224 (ref-7f15ac4-m100 vs candidate-m75): 1-0 {White wins by adjudication}
Started game 2233 of 40000 (candidate-m75 vs ref-7f15ac4-m100)
Finished game 2223 (candidate-m75 vs ref-7f15ac4-m100): 0-1 {Black wins by adjudication}
Started game 2234 of 40000 (ref-7f15ac4-m100 vs candidate-m75)
Finished game 2227 (candidate-m75 vs ref-7f15ac4-m100): 0-1 {Black wins by adjudication}
Started game 2235 of 40000 (candidate-m75 vs ref-7f15ac4-m100)
Finished game 2220 (ref-7f15ac4-m100 vs candidate-m75): 0-1 {Black wins by adjudication}
--------------------------------------------------
Results of candidate-m75 vs ref-7f15ac4-m100 (10+0.2, 1t, 16MB, 8moves_v3.pgn):
Elo: 12.06 +/- 11.40, nElo: 15.30 +/- 14.45
LOS: 98.10 %, DrawRatio: 33.24 %, PairsRatio: 1.12
Games: 2220, Wins: 731, Losses: 654, Draws: 835, Points: 1148.5 (51.73 %)
Ptnml(0-2): [90, 259, 369, 268, 124], WL/DD Ratio: 1.40
LLR: 2.81 (95.5%) (-2.94, 2.94) [-5.00, 5.00]
--------------------------------------------------
Started game 2236 of 40000 (ref-7f15ac4-m100 vs candidate-m75)
Finished game 2228 (ref-7f15ac4-m100 vs candidate-m75): 0-1 {Black wins by adjudication}
Started game 2237 of 40000 (candidate-m75 vs ref-7f15ac4-m100)
Finished game 2218 (ref-7f15ac4-m100 vs candidate-m75): 1/2-1/2 {Draw by insufficient mating material}
Started game 2238 of 40000 (ref-7f15ac4-m100 vs candidate-m75)
Finished game 2226 (ref-7f15ac4-m100 vs candidate-m75): 1-0 {White wins by adjudication}
Started game 2239 of 40000 (candidate-m75 vs ref-7f15ac4-m100)
Finished game 2229 (candidate-m75 vs ref-7f15ac4-m100): 1-0 {White wins by adjudication}
Started game 2240 of 40000 (ref-7f15ac4-m100 vs candidate-m75)
Finished game 2230 (ref-7f15ac4-m100 vs candidate-m75): 0-1 {Black wins by adjudication}
Started game 2241 of 40000 (candidate-m75 vs ref-7f15ac4-m100)
Finished game 2221 (candidate-m75 vs ref-7f15ac4-m100): 1/2-1/2 {Draw by 3-fold repetition}
Started game 2242 of 40000 (ref-7f15ac4-m100 vs candidate-m75)
Finished game 2231 (candidate-m75 vs ref-7f15ac4-m100): 1-0 {White wins by adjudication}
Started game 2243 of 40000 (candidate-m75 vs ref-7f15ac4-m100)
Finished game 2234 (ref-7f15ac4-m100 vs candidate-m75): 1/2-1/2 {Draw by 3-fold repetition}
Started game 2244 of 40000 (ref-7f15ac4-m100 vs candidate-m75)
Finished game 2235 (candidate-m75 vs ref-7f15ac4-m100): 1/2-1/2 {Draw by 3-fold repetition}
Started game 2245 of 40000 (candidate-m75 vs ref-7f15ac4-m100)
Finished game 2233 (candidate-m75 vs ref-7f15ac4-m100): 1/2-1/2 {Draw by insufficient mating material}
Started game 2246 of 40000 (ref-7f15ac4-m100 vs candidate-m75)
Finished game 2232 (ref-7f15ac4-m100 vs candidate-m75): 1-0 {White wins by adjudication}
Started game 2247 of 40000 (candidate-m75 vs ref-7f15ac4-m100)
Finished game 2238 (ref-7f15ac4-m100 vs candidate-m75): 1-0 {White wins by adjudication}
Started game 2248 of 40000 (ref-7f15ac4-m100 vs candidate-m75)
Finished game 2239 (candidate-m75 vs ref-7f15ac4-m100): 1-0 {White wins by adjudication}
Started game 2249 of 40000 (candidate-m75 vs ref-7f15ac4-m100)
Finished game 2244 (ref-7f15ac4-m100 vs candidate-m75): 1/2-1/2 {Draw by 3-fold repetition}
Started game 2250 of 40000 (ref-7f15ac4-m100 vs candidate-m75)
Finished game 2240 (ref-7f15ac4-m100 vs candidate-m75): 1-0 {White wins by adjudication}
--------------------------------------------------
Results of candidate-m75 vs ref-7f15ac4-m100 (10+0.2, 1t, 16MB, 8moves_v3.pgn):
Elo: 11.81 +/- 11.36, nElo: 14.99 +/- 14.40
LOS: 97.94 %, DrawRatio: 33.45 %, PairsRatio: 1.12
Games: 2236, Wins: 736, Losses: 660, Draws: 840, Points: 1156.0 (51.70 %)
Ptnml(0-2): [91, 260, 374, 268, 125], WL/DD Ratio: 1.40
LLR: 2.78 (94.3%) (-2.94, 2.94) [-5.00, 5.00]
--------------------------------------------------
Started game 2251 of 40000 (candidate-m75 vs ref-7f15ac4-m100)
Finished game 2241 (candidate-m75 vs ref-7f15ac4-m100): 0-1 {Black wins by adjudication}
Started game 2252 of 40000 (ref-7f15ac4-m100 vs candidate-m75)
Finished game 2245 (candidate-m75 vs ref-7f15ac4-m100): 1-0 {White wins by adjudication}
Started game 2253 of 40000 (candidate-m75 vs ref-7f15ac4-m100)
Finished game 2250 (ref-7f15ac4-m100 vs candidate-m75): 1/2-1/2 {Draw by 3-fold repetition}
Started game 2254 of 40000 (ref-7f15ac4-m100 vs candidate-m75)
Finished game 2243 (candidate-m75 vs ref-7f15ac4-m100): 1/2-1/2 {Draw by 3-fold repetition}
Started game 2255 of 40000 (candidate-m75 vs ref-7f15ac4-m100)
Finished game 2248 (ref-7f15ac4-m100 vs candidate-m75): 1-0 {White wins by adjudication}
Started game 2256 of 40000 (ref-7f15ac4-m100 vs candidate-m75)
Finished game 2236 (ref-7f15ac4-m100 vs candidate-m75): 1/2-1/2 {Draw by fifty moves rule}
Started game 2257 of 40000 (candidate-m75 vs ref-7f15ac4-m100)
Finished game 2242 (ref-7f15ac4-m100 vs candidate-m75): 1/2-1/2 {Draw by insufficient mating material}
Started game 2258 of 40000 (ref-7f15ac4-m100 vs candidate-m75)
Finished game 2237 (candidate-m75 vs ref-7f15ac4-m100): 1/2-1/2 {Draw by fifty moves rule}
Started game 2259 of 40000 (candidate-m75 vs ref-7f15ac4-m100)
Finished game 2249 (candidate-m75 vs ref-7f15ac4-m100): 1-0 {White wins by adjudication}
Started game 2260 of 40000 (ref-7f15ac4-m100 vs candidate-m75)
Finished game 2247 (candidate-m75 vs ref-7f15ac4-m100): 1/2-1/2 {Draw by 3-fold repetition}
Started game 2261 of 40000 (candidate-m75 vs ref-7f15ac4-m100)
Finished game 2246 (ref-7f15ac4-m100 vs candidate-m75): 1/2-1/2 {Draw by 3-fold repetition}
Started game 2262 of 40000 (ref-7f15ac4-m100 vs candidate-m75)
Finished game 2253 (candidate-m75 vs ref-7f15ac4-m100): 1/2-1/2 {Draw by 3-fold repetition}
Started game 2263 of 40000 (candidate-m75 vs ref-7f15ac4-m100)
Finished game 2252 (ref-7f15ac4-m100 vs candidate-m75): 0-1 {Black wins by adjudication}
Started game 2264 of 40000 (ref-7f15ac4-m100 vs candidate-m75)
Finished game 2256 (ref-7f15ac4-m100 vs candidate-m75): 1-0 {White wins by adjudication}
Started game 2265 of 40000 (candidate-m75 vs ref-7f15ac4-m100)
Finished game 2251 (candidate-m75 vs ref-7f15ac4-m100): 1-0 {White wins by adjudication}
Started game 2266 of 40000 (ref-7f15ac4-m100 vs candidate-m75)
Finished game 2257 (candidate-m75 vs ref-7f15ac4-m100): 1-0 {White wins by adjudication}
Started game 2267 of 40000 (candidate-m75 vs ref-7f15ac4-m100)
Finished game 2254 (ref-7f15ac4-m100 vs candidate-m75): 1/2-1/2 {Draw by 3-fold repetition}
Started game 2268 of 40000 (ref-7f15ac4-m100 vs candidate-m75)
Finished game 2255 (candidate-m75 vs ref-7f15ac4-m100): 1-0 {White wins by adjudication}
Started game 2269 of 40000 (candidate-m75 vs ref-7f15ac4-m100)
Finished game 2260 (ref-7f15ac4-m100 vs candidate-m75): 1-0 {White wins by adjudication}
Started game 2270 of 40000 (ref-7f15ac4-m100 vs candidate-m75)
Finished game 2261 (candidate-m75 vs ref-7f15ac4-m100): 1/2-1/2 {Draw by 3-fold repetition}
Started game 2271 of 40000 (candidate-m75 vs ref-7f15ac4-m100)
Finished game 2258 (ref-7f15ac4-m100 vs candidate-m75): 1/2-1/2 {Draw by 3-fold repetition}
Started game 2272 of 40000 (ref-7f15ac4-m100 vs candidate-m75)
Finished game 2259 (candidate-m75 vs ref-7f15ac4-m100): 1-0 {White wins by adjudication}
--------------------------------------------------
Results of candidate-m75 vs ref-7f15ac4-m100 (10+0.2, 1t, 16MB, 8moves_v3.pgn):
Elo: 12.00 +/- 11.28, nElo: 15.25 +/- 14.32
LOS: 98.16 %, DrawRatio: 33.54 %, PairsRatio: 1.12
Games: 2260, Wins: 743, Losses: 665, Draws: 852, Points: 1169.0 (51.73 %)
Ptnml(0-2): [91, 263, 379, 271, 126], WL/DD Ratio: 1.38
LLR: 2.85 (96.9%) (-2.94, 2.94) [-5.00, 5.00]
--------------------------------------------------
Started game 2273 of 40000 (candidate-m75 vs ref-7f15ac4-m100)
Finished game 2268 (ref-7f15ac4-m100 vs candidate-m75): 0-1 {Black wins by adjudication}
Started game 2274 of 40000 (ref-7f15ac4-m100 vs candidate-m75)
Finished game 2262 (ref-7f15ac4-m100 vs candidate-m75): 0-1 {Black wins by adjudication}
Started game 2275 of 40000 (candidate-m75 vs ref-7f15ac4-m100)
Finished game 2266 (ref-7f15ac4-m100 vs candidate-m75): 1/2-1/2 {Draw by 3-fold repetition}
Started game 2276 of 40000 (ref-7f15ac4-m100 vs candidate-m75)
Finished game 2263 (candidate-m75 vs ref-7f15ac4-m100): 0-1 {Black wins by adjudication}
Started game 2277 of 40000 (candidate-m75 vs ref-7f15ac4-m100)
Finished game 2264 (ref-7f15ac4-m100 vs candidate-m75): 1/2-1/2 {Draw by insufficient mating material}
Started game 2278 of 40000 (ref-7f15ac4-m100 vs candidate-m75)
Finished game 2265 (candidate-m75 vs ref-7f15ac4-m100): 1-0 {White wins by adjudication}
Started game 2279 of 40000 (candidate-m75 vs ref-7f15ac4-m100)
Finished game 2267 (candidate-m75 vs ref-7f15ac4-m100): 0-1 {Black wins by adjudication}
Started game 2280 of 40000 (ref-7f15ac4-m100 vs candidate-m75)
Finished game 2276 (ref-7f15ac4-m100 vs candidate-m75): 1/2-1/2 {Draw by 3-fold repetition}
Started game 2281 of 40000 (candidate-m75 vs ref-7f15ac4-m100)
Finished game 2275 (candidate-m75 vs ref-7f15ac4-m100): 1-0 {White wins by adjudication}
Started game 2282 of 40000 (ref-7f15ac4-m100 vs candidate-m75)
Finished game 2279 (candidate-m75 vs ref-7f15ac4-m100): 1/2-1/2 {Draw by 3-fold repetition}
Started game 2283 of 40000 (candidate-m75 vs ref-7f15ac4-m100)
Finished game 2269 (candidate-m75 vs ref-7f15ac4-m100): 1/2-1/2 {Draw by 3-fold repetition}
Started game 2284 of 40000 (ref-7f15ac4-m100 vs candidate-m75)
Finished game 2274 (ref-7f15ac4-m100 vs candidate-m75): 1-0 {White wins by adjudication}
Started game 2285 of 40000 (candidate-m75 vs ref-7f15ac4-m100)
Finished game 2270 (ref-7f15ac4-m100 vs candidate-m75): 1-0 {White wins by adjudication}
Started game 2286 of 40000 (ref-7f15ac4-m100 vs candidate-m75)
Finished game 2271 (candidate-m75 vs ref-7f15ac4-m100): 1-0 {White wins by adjudication}
Started game 2287 of 40000 (candidate-m75 vs ref-7f15ac4-m100)
Finished game 2273 (candidate-m75 vs ref-7f15ac4-m100): 1/2-1/2 {Draw by adjudication}
Started game 2288 of 40000 (ref-7f15ac4-m100 vs candidate-m75)
Finished game 2277 (candidate-m75 vs ref-7f15ac4-m100): 1/2-1/2 {Draw by 3-fold repetition}
Started game 2289 of 40000 (candidate-m75 vs ref-7f15ac4-m100)
Finished game 2272 (ref-7f15ac4-m100 vs candidate-m75): 0-1 {Black wins by adjudication}
Started game 2290 of 40000 (ref-7f15ac4-m100 vs candidate-m75)
Finished game 2278 (ref-7f15ac4-m100 vs candidate-m75): 1/2-1/2 {Draw by 3-fold repetition}
Started game 2291 of 40000 (candidate-m75 vs ref-7f15ac4-m100)
Finished game 2280 (ref-7f15ac4-m100 vs candidate-m75): 1-0 {White wins by adjudication}
--------------------------------------------------
Results of candidate-m75 vs ref-7f15ac4-m100 (10+0.2, 1t, 16MB, 8moves_v3.pgn):
Elo: 12.04 +/- 11.22, nElo: 15.32 +/- 14.26
LOS: 98.24 %, DrawRatio: 33.42 %, PairsRatio: 1.12
Games: 2280, Wins: 749, Losses: 670, Draws: 861, Points: 1179.5 (51.73 %)
Ptnml(0-2): [91, 267, 381, 274, 127], WL/DD Ratio: 1.38
LLR: 2.89 (98.2%) (-2.94, 2.94) [-5.00, 5.00]
--------------------------------------------------
Started game 2292 of 40000 (ref-7f15ac4-m100 vs candidate-m75)
Finished game 2283 (candidate-m75 vs ref-7f15ac4-m100): 0-1 {Black wins by adjudication}
Started game 2293 of 40000 (candidate-m75 vs ref-7f15ac4-m100)
Finished game 2286 (ref-7f15ac4-m100 vs candidate-m75): 0-1 {Black wins by adjudication}
Started game 2294 of 40000 (ref-7f15ac4-m100 vs candidate-m75)
Finished game 2285 (candidate-m75 vs ref-7f15ac4-m100): 0-1 {Black wins by adjudication}
Started game 2295 of 40000 (candidate-m75 vs ref-7f15ac4-m100)
Finished game 2281 (candidate-m75 vs ref-7f15ac4-m100): 1-0 {White wins by adjudication}
Started game 2296 of 40000 (ref-7f15ac4-m100 vs candidate-m75)
Finished game 2291 (candidate-m75 vs ref-7f15ac4-m100): 1-0 {White wins by adjudication}
Started game 2297 of 40000 (candidate-m75 vs ref-7f15ac4-m100)
Finished game 2282 (ref-7f15ac4-m100 vs candidate-m75): 1/2-1/2 {Draw by 3-fold repetition}
Started game 2298 of 40000 (ref-7f15ac4-m100 vs candidate-m75)
Finished game 2292 (ref-7f15ac4-m100 vs candidate-m75): 1-0 {White wins by adjudication}
Started game 2299 of 40000 (candidate-m75 vs ref-7f15ac4-m100)
Finished game 2287 (candidate-m75 vs ref-7f15ac4-m100): 1/2-1/2 {Draw by 3-fold repetition}
Started game 2300 of 40000 (ref-7f15ac4-m100 vs candidate-m75)
Finished game 2293 (candidate-m75 vs ref-7f15ac4-m100): 1/2-1/2 {Draw by 3-fold repetition}
Started game 2301 of 40000 (candidate-m75 vs ref-7f15ac4-m100)
Finished game 2290 (ref-7f15ac4-m100 vs candidate-m75): 1/2-1/2 {Draw by 3-fold repetition}
Started game 2302 of 40000 (ref-7f15ac4-m100 vs candidate-m75)
Finished game 2284 (ref-7f15ac4-m100 vs candidate-m75): 1-0 {White wins by adjudication}
Started game 2303 of 40000 (candidate-m75 vs ref-7f15ac4-m100)
Finished game 2295 (candidate-m75 vs ref-7f15ac4-m100): 0-1 {Black wins by adjudication}
Started game 2304 of 40000 (ref-7f15ac4-m100 vs candidate-m75)
Finished game 2298 (ref-7f15ac4-m100 vs candidate-m75): 0-1 {Black wins by adjudication}
Started game 2305 of 40000 (candidate-m75 vs ref-7f15ac4-m100)
Finished game 2297 (candidate-m75 vs ref-7f15ac4-m100): 0-1 {Black wins by adjudication}
Started game 2306 of 40000 (ref-7f15ac4-m100 vs candidate-m75)
Finished game 2294 (ref-7f15ac4-m100 vs candidate-m75): 1-0 {White wins by adjudication}
Started game 2307 of 40000 (candidate-m75 vs ref-7f15ac4-m100)
Finished game 2288 (ref-7f15ac4-m100 vs candidate-m75): 1-0 {White wins by adjudication}
Started game 2308 of 40000 (ref-7f15ac4-m100 vs candidate-m75)
Finished game 2296 (ref-7f15ac4-m100 vs candidate-m75): 0-1 {Black wins by adjudication}
Started game 2309 of 40000 (candidate-m75 vs ref-7f15ac4-m100)
Finished game 2299 (candidate-m75 vs ref-7f15ac4-m100): 1/2-1/2 {Draw by insufficient mating material}
Started game 2310 of 40000 (ref-7f15ac4-m100 vs candidate-m75)
Finished game 2302 (ref-7f15ac4-m100 vs candidate-m75): 1/2-1/2 {Draw by 3-fold repetition}
Started game 2311 of 40000 (candidate-m75 vs ref-7f15ac4-m100)
Finished game 2300 (ref-7f15ac4-m100 vs candidate-m75): 0-1 {Black wins by adjudication}
--------------------------------------------------
Results of candidate-m75 vs ref-7f15ac4-m100 (10+0.2, 1t, 16MB, 8moves_v3.pgn):
Elo: 11.65 +/- 11.17, nElo: 14.83 +/- 14.21
LOS: 97.96 %, DrawRatio: 33.51 %, PairsRatio: 1.12
Games: 2298, Wins: 755, Losses: 678, Draws: 865, Points: 1187.5 (51.68 %)
Ptnml(0-2): [92, 269, 385, 276, 127], WL/DD Ratio: 1.41
LLR: 2.82 (95.8%) (-2.94, 2.94) [-5.00, 5.00]
--------------------------------------------------
Started game 2312 of 40000 (ref-7f15ac4-m100 vs candidate-m75)
Finished game 2304 (ref-7f15ac4-m100 vs candidate-m75): 0-1 {Black wins by adjudication}
Started game 2313 of 40000 (candidate-m75 vs ref-7f15ac4-m100)
Finished game 2289 (candidate-m75 vs ref-7f15ac4-m100): 1/2-1/2 {Draw by adjudication}
Started game 2314 of 40000 (ref-7f15ac4-m100 vs candidate-m75)
Finished game 2306 (ref-7f15ac4-m100 vs candidate-m75): 1-0 {White wins by adjudication}
Started game 2315 of 40000 (candidate-m75 vs ref-7f15ac4-m100)
Finished game 2301 (candidate-m75 vs ref-7f15ac4-m100): 1-0 {White wins by adjudication}
Started game 2316 of 40000 (ref-7f15ac4-m100 vs candidate-m75)
Finished game 2308 (ref-7f15ac4-m100 vs candidate-m75): 0-1 {Black wins by adjudication}
Started game 2317 of 40000 (candidate-m75 vs ref-7f15ac4-m100)
Finished game 2305 (candidate-m75 vs ref-7f15ac4-m100): 1-0 {White wins by adjudication}
Started game 2318 of 40000 (ref-7f15ac4-m100 vs candidate-m75)
Finished game 2303 (candidate-m75 vs ref-7f15ac4-m100): 1/2-1/2 {Draw by 3-fold repetition}
Started game 2319 of 40000 (candidate-m75 vs ref-7f15ac4-m100)
Finished game 2313 (candidate-m75 vs ref-7f15ac4-m100): 0-1 {Black wins by adjudication}
Started game 2320 of 40000 (ref-7f15ac4-m100 vs candidate-m75)
Finished game 2314 (ref-7f15ac4-m100 vs candidate-m75): 0-1 {Black wins by adjudication}
Started game 2321 of 40000 (candidate-m75 vs ref-7f15ac4-m100)
Finished game 2309 (candidate-m75 vs ref-7f15ac4-m100): 1/2-1/2 {Draw by insufficient mating material}
Started game 2322 of 40000 (ref-7f15ac4-m100 vs candidate-m75)
Finished game 2310 (ref-7f15ac4-m100 vs candidate-m75): 1/2-1/2 {Draw by 3-fold repetition}
Started game 2323 of 40000 (candidate-m75 vs ref-7f15ac4-m100)
Finished game 2307 (candidate-m75 vs ref-7f15ac4-m100): 1-0 {White wins by adjudication}
--------------------------------------------------
Results of candidate-m75 vs ref-7f15ac4-m100 (10+0.2, 1t, 16MB, 8moves_v3.pgn):
Elo: 12.18 +/- 11.12, nElo: 15.52 +/- 14.16
LOS: 98.42 %, DrawRatio: 33.65 %, PairsRatio: 1.12
Games: 2312, Wins: 761, Losses: 680, Draws: 871, Points: 1196.5 (51.75 %)
Ptnml(0-2): [92, 269, 389, 278, 128], WL/DD Ratio: 1.40
LLR: 2.97 (100.9%) (-2.94, 2.94) [-5.00, 5.00]
--------------------------------------------------
SPRT ([-5.00, 5.00]) completed - H1 was accepted
Finished match
Total Time: 01:41:13 (hours:minutes:seconds)


elapsed_seconds=6074
S068_SPRT2_DONE status=0
