k	pairs	c_scale	r_k	y	wins	losses	draws	ptnml	MaxQsearchDepth	RfpMargin	RfpMaxDepth	RfpMinPly	NullMoveBase	NullMoveDivisor	LmrBase	LmrDivisor	LazyEvalMargin	AspirationMinDepth	AspirationDelta	AspirationMaxDelta
0	24	2.054887	0.003993184	-21	11	32	5	10/5/7/0/2	9	79	5	3	2	5	71	231	146	5	47	394
1	48	1.915949	0.0045715199	-33	4	37	7	14/6/3/1/0	10	86	6	3	2	4	64	240	153	6	43	404
2	72	1.839072	0.0049383343	-6	17	23	8	5/5/8/3/3	10	87	7	3	2	4	65	238	151	6	43	402
3	96	1.786405	0.0052093496	-22	10	32	6	10/3/10/1/0	10	82	8	3	2	4	70	245	156	6	47	395
4	120	1.746594	0.0054242592	-8	13	21	14	5/4/9/6/0	11	81	7	3	2	4	68	242	158	6	48	393
5	144	1.714726	0.0056018519	-19	8	27	13	7/6/10/1/0	10	85	8	3	2	3	64	236	163	5	51	387
6	168	1.688235	0.0057526333	6	19	13	16	0/6/10/4/4	10	84	8	3	2	3	65	234	161	6	52	389
7	192	1.665620	0.0058831224	6	23	17	8	3/4/8/2/7	10	85	8	3	2	3	67	236	163	5	51	387
8	216	1.645923	0.0059976662	-22	5	27	16	7/10/5/2/0	9	80	9	3	2	4	72	229	168	6	54	394
9	240	1.628501	0.0060993206	21	30	9	9	0/2/8/5/9	10	75	8	3	2	5	77	236	163	5	51	387
10	264	1.612899	0.0061903227	-8	14	22	12	4/7/8/3/2	10	73	9	3	2	5	75	239	165	5	52	385
11	288	1.598787	0.0062723636	-6	13	19	16	5/6/5/6/2	10	71	9	3	2	5	77	237	166	5	53	387
12	312	1.585914	0.0063467551	24	30	6	12	0/3/4/7/10	11	77	8	3	2	4	82	244	160	5	49	395
13	336	1.574088	0.0064145375	-27	8	35	5	13/4/5/1/1	10	71	9	3	2	3	76	236	167	4	45	403
14	360	1.563157	0.0064765504	2	19	17	12	1/5/13/1/4	10	71	9	3	2	3	76	235	167	4	45	404
15	384	1.553001	0.0065334824	9	26	17	5	3/1/10/4/6	10	73	10	3	2	3	74	238	165	4	44	407
16	408	1.543521	0.0065859055	-7	16	23	9	5/4/10/3/2	11	72	10	3	2	3	76	240	167	4	45	409
17	432	1.534636	0.0066343006	11	22	11	15	1/4/8/5/6	11	69	9	3	3	4	78	237	170	4	47	406
18	456	1.526279	0.0066790762	-13	14	27	7	9/3/6/4/2	11	72	9	3	3	3	75	232	166	4	49	410
19	480	1.518392	0.0067205825	-13	12	25	11	7/7/5/2/3	11	69	9	2	3	3	78	228	170	3	51	406
20	504	1.510928	0.0067591218	12	23	11	14	2/2/8/6/6	11	66	10	3	3	3	76	224	173	3	49	402
21	528	1.503845	0.0067949574	-18	10	28	10	8/7/5/3/1	10	70	11	2	3	4	80	218	168	3	46	407
22	552	1.497109	0.00682832	11	23	12	13	1/3/10/4/6	9	68	11	2	3	4	83	222	171	2	48	404
23	576	1.490687	0.0068594127	10	21	11	16	0/3/10/9/2	10	70	11	2	3	5	85	225	168	2	50	407
24	600	1.484554	0.0068884155	3	18	15	15	2/5/8/6/3	10	69	11	2	3	5	86	226	169	2	49	406
25	624	1.478685	0.0069154889	-1	16	17	15	0/8/10/5/1	10	69	11	2	3	5	86	226	169	2	49	406
26	648	1.473059	0.0069407761	-9	12	21	15	4/6/10/3/1	9	67	11	2	3	5	84	223	167	2	48	403
27	672	1.467658	0.0069644059	6	21	15	12	2/2/11/6/3	10	69	11	2	3	5	82	225	165	3	47	405
28	696	1.462466	0.0069864944	-6	15	21	12	3/7/9/3/2	9	70	11	2	3	5	84	223	164	2	48	403
29	720	1.457467	0.0070071466	11	22	11	15	0/3/11/6/4	10	73	10	2	3	6	87	227	161	3	46	399
30	744	1.452648	0.0070264579	-8	14	22	12	6/6/5/4/3	10	71	11	2	3	6	85	224	159	3	45	397
31	768	1.447997	0.007044515	-5	16	21	11	6/3/8/4/3	10	72	11	2	3	6	86	222	158	3	46	398
32	792	1.443504	0.0070613972	3	21	18	9	2/3/12/4/3	10	73	11	2	3	6	87	221	159	3	46	399
33	816	1.439158	0.0070771771	-7	13	20	15	3/9/7/2/3	10	71	10	2	3	6	85	219	160	3	47	397
34	840	1.434951	0.0070919213	11	22	11	15	0/5/8/6/5	11	68	11	2	4	6	82	223	163	3	45	401
35	864	1.430874	0.0071056911	-4	15	19	14	2/5/13/3/1	10	69	11	2	3	6	81	224	162	3	45	402
36	888	1.426920	0.0071185428	-2	18	20	10	3/3/13/3/2	11	69	11	2	3	6	81	223	162	3	45	403
37	912	1.423081	0.0071305289	-2	14	16	18	4/5/7/5/3	10	69	11	2	3	6	81	224	161	3	45	403
38	936	1.419353	0.0071416974	16	24	8	16	1/1/8/9/5	11	65	12	2	3	7	85	219	157	3	43	408
39	960	1.415728	0.0071520934	3	18	15	15	2/4/10/5/3	11	66	12	2	3	7	86	220	158	3	43	409
40	984	1.412202	0.0071617583	3	16	13	19	2/4/9/7/2	11	67	12	2	3	7	87	221	159	3	43	410
41	1008	1.408769	0.0071707311	3	20	17	11	1/4/12/5/2	11	66	12	2	3	7	86	222	158	3	42	411
42	1032	1.405425	0.0071790476	-3	14	17	17	2/8/8/3/3	11	65	12	2	3	7	87	221	159	3	42	410
43	1056	1.402165	0.0071867417	-2	17	19	12	3/6/8/4/3	11	65	12	2	3	7	87	220	159	3	41	410
44	1080	1.398986	0.0071938449	6	20	14	14	3/1/10/7/3	11	66	12	2	3	7	88	222	161	3	41	412
45	1104	1.395884	0.0072003866	-11	14	25	9	7/4/9/1/3	11	64	13	2	3	7	91	218	163	3	42	415
46	1128	1.392855	0.0072063945	4	17	13	18	0/7/8/7/2	11	63	12	2	3	7	92	220	164	3	43	414
47	1152	1.389897	0.0072118946	-4	16	20	12	3/6/9/4/2	11	64	13	2	3	6	91	221	163	3	42	415
48	1176	1.387005	0.0072169111	-1	18	19	11	2/6/10/3/3	11	64	13	2	3	6	91	221	163	3	42	415
49	1200	1.384178	0.007221467	0	18	18	12	2/9/5/3/5	11	64	13	2	3	6	91	221	163	3	42	415
50	1224	1.381412	0.0072255838	-6	14	20	14	2/8/9/4/1	11	62	12	2	3	7	93	219	162	3	43	414
51	1248	1.378706	0.0072292819	-3	17	20	11	4/3/10/6/1	11	63	12	2	3	7	92	218	161	3	44	415
52	1272	1.376056	0.0072325805	19	28	9	11	0/4/7/3/10	10	68	11	2	3	6	97	224	166	3	41	421
53	1296	1.373460	0.0072354977	12	26	14	8	2/1/11/3/7	11	71	12	2	3	5	94	221	169	2	39	424
54	1320	1.370917	0.0072380505	3	18	15	15	1/6/8/7/2	11	70	12	2	3	6	93	220	168	2	39	423
55	1344	1.368425	0.0072402552	-7	15	22	11	5/6/7/3/3	11	68	12	2	3	6	91	217	166	2	40	426
56	1368	1.365981	0.007242127	14	26	12	10	3/3/4/5/9	11	65	12	2	3	6	95	222	163	2	42	430
57	1392	1.363583	0.0072436806	4	22	18	8	2/3/12/3/4	11	64	12	2	3	6	96	221	162	2	43	429
58	1416	1.361231	0.0072449296	0	18	18	12	3/5/9/3/4	11	64	12	2	3	6	96	221	162	2	43	429
59	1440	1.358922	0.0072458871	10	23	13	12	2/3/7/7/5	12	62	12	2	3	6	98	218	164	2	45	432
60	1464	1.356656	0.0072465656	7	22	15	11	2/2/10/7/3	12	63	12	2	3	6	100	220	163	2	46	430
61	1488	1.354429	0.0072469767	-1	15	16	17	2/6/9/5/2	12	63	12	2	3	6	99	220	163	2	46	429
62	1512	1.352242	0.0072471318	15	27	12	9	1/2/9/5/7	13	67	12	2	3	6	103	215	159	2	44	434
63	1536	1.350093	0.0072470414	-5	17	22	9	3/4/14/1/2	13	68	13	2	3	6	104	217	158	3	44	433
64	1560	1.347981	0.0072467157	-13	13	26	9	7/4/9/3/1	12	71	13	2	3	7	107	213	155	3	42	437
65	1584	1.345904	0.0072461644	-4	12	16	20	0/9/10/5/0	12	70	13	2	3	7	108	214	154	3	43	435
66	1608	1.343861	0.0072453966	6	19	13	16	3/4/5/8/4	12	72	13	2	3	7	110	212	156	3	42	437
67	1632	1.341852	0.0072444212	-6	14	20	14	2/8/10/2/2	13	70	13	2	3	7	108	214	157	3	43	435
68	1656	1.339875	0.0072432465	-3	17	20	11	3/4/12/3/2	13	70	13	2	3	7	107	215	158	3	43	436
69	1680	1.337929	0.0072418806	6	22	16	10	3/4/7/4/6	13	71	14	2	3	7	109	217	159	3	44	438
70	1704	1.336013	0.0072403311	-3	16	19	13	3/6/9/3/3	13	70	13	2	3	7	108	216	158	3	44	437
71	1728	1.334127	0.0072386052	2	18	16	14	2/5/8/7/2	13	71	13	2	3	8	109	215	158	3	44	438
72	1752	1.332270	0.0072367099	-6	15	21	12	3/7/8/5/1	13	69	13	2	3	7	110	217	157	3	43	440
73	1776	1.330441	0.007234652	1	20	19	9	2/4/11/5/2	13	69	13	2	3	7	110	217	156	3	43	439
74	1800	1.328638	0.0072324379	4	18	14	16	1/5/10/5/3	13	70	13	2	3	7	109	216	157	3	43	438
75	1824	1.326862	0.0072300735	-4	18	22	8	4/4/11/2/3	13	69	13	2	3	7	108	214	158	3	43	437
76	1848	1.325111	0.0072275648	7	21	14	13	1/3/12/4/4	13	71	13	2	3	8	106	212	157	3	42	439
77	1872	1.323385	0.0072249174	6	21	15	12	2/4/8/6/4	13	69	13	2	3	7	108	210	158	3	41	437
78	1896	1.321684	0.0072221367	5	22	17	9	3/1/11/6/3	13	68	13	2	3	8	109	209	157	3	41	439
79	1920	1.320006	0.0072192278	1	16	15	17	4/4/7/5/4	13	68	13	2	3	8	109	209	157	3	41	439
80	1944	1.318351	0.0072161957	-3	17	20	11	4/6/7/3/4	13	68	13	2	4	8	109	210	158	3	40	439
81	1968	1.316718	0.007213045	4	21	17	10	1/4/11/6/2	13	67	13	2	4	8	108	211	159	3	40	441
82	1992	1.315107	0.0072097805	9	23	14	11	0/4/10/7/3	13	69	14	2	3	8	106	214	161	3	41	443
83	2016	1.313517	0.0072064063	-5	14	19	15	4/5/9/4/2	13	70	14	2	3	8	107	216	162	3	42	445
84	2040	1.311948	0.0072029268	-11	12	23	13	4/7/10/2/1	12	68	13	2	3	7	110	212	159	3	40	442
85	2064	1.310399	0.0071993459	-5	18	23	7	6/3/9/2/4	12	69	14	2	3	7	111	214	161	3	39	443
86	2088	1.308870	0.0071956676	7	20	13	15	1/3/11/6/3	12	67	13	2	3	7	109	216	159	3	40	441
87	2112	1.307360	0.0071918956	-8	12	20	16	6/4/7/6/1	12	65	14	2	3	7	111	213	157	3	42	443
88	2136	1.305869	0.0071880333	0	18	18	12	3/3/10/7/1	12	65	14	2	3	7	111	213	157	3	42	443
89	2160	1.304396	0.0071840844	-1	16	17	15	3/4/11/3/3	12	66	14	2	3	8	111	213	157	4	42	444
90	2184	1.302941	0.0071800521	-6	18	24	6	6/1/11/5/1	12	64	14	2	3	7	110	211	159	3	43	445
91	2208	1.301504	0.0071759396	7	19	12	17	2/3/9/6/4	12	63	13	2	3	7	108	209	160	4	42	448
92	2232	1.300083	0.00717175	13	26	13	9	1/3/9/4/7	13	65	13	2	3	7	105	213	157	3	44	444
93	2256	1.298680	0.0071674861	5	21	16	11	3/6/5/3/7	12	67	13	2	3	7	104	212	156	3	43	442
94	2280	1.297292	0.007163151	-4	18	22	8	3/6/10/2/3	12	66	13	2	3	7	105	213	155	3	43	443
95	2304	1.295921	0.0071587473	15	26	11	11	2/0/10/5/7	13	69	14	2	3	6	102	208	152	4	46	448
96	2328	1.294565	0.0071542777	-12	12	24	12	6/7/7/1/3	13	72	14	2	3	7	104	205	149	3	44	451
97	2352	1.293225	0.0071497447	9	20	11	17	1/5/7/6/5	13	74	15	2	3	7	102	208	151	3	45	454
98	2376	1.291900	0.0071451507	-1	15	16	17	1/7/9/6/1	13	74	15	2	3	7	103	207	151	3	45	454
99	2400	1.290589	0.0071404983	0	17	17	14	3/3/11/5/2	13	74	15	2	3	7	103	207	151	3	45	454
100	2424	1.289292	0.0071357895	-7	12	19	17	4/5/11/2/2	13	72	14	2	3	7	104	205	153	4	46	456
101	2448	1.288010	0.0071310267	-3	17	20	11	5/2/10/5/2	13	71	14	2	3	7	103	206	152	4	46	457
102	2472	1.286742	0.0071262119	4	17	13	18	3/4/6/8/3	13	70	14	2	3	7	104	205	151	3	47	458
103	2496	1.285487	0.0071213473	5	20	15	13	4/3/5/8/4	13	69	14	2	3	7	103	206	150	4	46	459
104	2520	1.284245	0.0071164348	3	17	14	17	2/6/7/5/4	13	69	14	2	3	8	104	207	149	4	45	458
105	2544	1.283016	0.0071114763	-4	16	20	12	4/8/4/4/4	13	70	14	2	3	7	105	208	150	4	45	460
106	2568	1.281800	0.0071064736	1	17	16	15	2/5/8/8/1	13	70	14	2	3	7	105	208	150	4	45	460
107	2592	1.280596	0.0071014286	-10	12	22	14	5/8/4/6/1	13	72	14	2	3	7	102	211	153	3	44	463
108	2616	1.279404	0.007096343	5	16	11	21	2/3/8/10/1	13	71	14	2	3	7	103	210	154	3	44	461
109	2640	1.278225	0.0070912184	7	22	15	11	2/2/11/5/4	13	69	13	2	3	8	105	207	155	3	43	463
110	2664	1.277057	0.0070860565	0	18	18	12	4/4/7/6/3	13	69	13	2	3	8	105	207	155	3	43	463
111	2688	1.275901	0.0070808587	4	19	15	14	2/3/10/7/2	13	70	13	2	3	7	104	209	154	3	43	462
112	2712	1.274756	0.0070756267	13	24	11	13	0/6/5/7/6	13	67	14	2	3	7	107	205	152	3	41	458
113	2736	1.273622	0.0070703618	-2	18	20	10	4/3/10/5/2	13	68	14	2	3	7	106	205	151	3	40	458
114	2760	1.272499	0.0070650654	5	21	16	11	4/3/6/6/5	13	69	14	2	3	7	105	204	152	3	40	459
115	2784	1.271387	0.007059739	-8	13	21	14	3/8/9/2/2	13	71	14	2	3	7	104	206	154	3	39	457
116	2808	1.270285	0.0070543838	-7	15	22	11	6/4/8/3/3	14	69	14	2	3	6	102	208	152	3	40	455
117	2832	1.269193	0.0070490012	1	18	17	13	2/6/8/5/3	14	69	14	2	3	6	102	209	153	3	39	455
118	2856	1.268112	0.0070435922	3	21	18	9	2/4/11/3/4	14	68	14	2	3	6	101	208	152	3	40	456
119	2880	1.267041	0.0070381582	-3	18	21	9	4/4/10/3/3	14	69	14	2	3	6	101	209	151	3	40	456
120	2904	1.265979	0.0070327002	12	24	12	12	2/3/6/7/6	14	66	14	2	3	7	103	212	149	3	39	453
121	2928	1.264927	0.0070272194	-8	14	22	12	6/4/9/2/3	14	68	15	2	3	6	102	210	147	3	40	455
122	2952	1.263885	0.0070217169	2	19	17	12	5/4/4/6/5	14	68	15	2	3	7	102	210	147	3	40	456
123	2976	1.262852	0.0070161936	-7	13	20	15	5/5/9/2/3	14	69	14	2	3	7	103	208	145	3	41	454
124	3000	1.261828	0.0070106507	-6	12	18	18	3/6/10/4/1	14	70	14	2	3	7	102	207	144	2	42	456
125	3024	1.260812	0.0070050891	1	19	18	11	3/5/7/6/3	14	70	14	2	3	7	102	207	144	2	42	455
126	3048	1.259806	0.0069995097	1	16	15	17	3/6/5/7/3	14	70	14	2	3	7	102	207	144	3	42	456
127	3072	1.258809	0.0069939134	1	18	17	13	1/5/11/6/1	14	70	14	2	3	6	102	207	144	2	42	456
128	3096	1.257820	0.0069883012	2	19	17	12	2/3/12/5/2	14	71	14	2	3	7	102	206	145	2	42	455
129	3120	1.256839	0.0069826739	-9	12	21	15	5/4/10/5/0	14	69	14	2	3	7	103	204	146	2	44	453
130	3144	1.255867	0.0069770323	11	22	11	15	1/4/8/5/6	14	71	14	2	3	7	106	201	144	2	45	456
131	3168	1.254902	0.0069713773	-15	8	23	17	4/10/8/1/1	15	74	14	2	3	8	103	197	147	2	47	460
132	3192	1.253946	0.0069657095	8	22	14	12	2/4/9/2/7	15	76	14	2	3	8	104	194	149	3	46	462
133	3216	1.252998	0.0069600299	-8	10	18	20	2/8/11/2/1	15	77	14	2	3	8	106	192	151	3	47	460
134	3240	1.252057	0.006954339	-8	15	23	10	4/7/8/3/2	14	79	14	2	3	7	108	194	149	3	48	462
135	3264	1.251124	0.0069486377	7	19	12	17	2/3/8/8/3	15	78	14	2	3	8	106	192	147	3	47	464
136	3288	1.250199	0.0069429265	-2	15	17	16	1/8/10/2/3	15	77	14	2	3	8	106	192	148	3	47	465
137	3312	1.249281	0.0069372063	6	20	14	14	2/4/6/10/2	15	76	14	2	3	8	107	193	149	3	46	466
138	3336	1.248370	0.0069314775	-6	13	19	16	5/4/7/8/0	15	75	14	2	3	7	106	195	148	2	45	468
139	3360	1.247467	0.0069257409	-11	10	21	17	5/7/8/2/2	15	73	14	2	3	7	103	192	150	2	44	471
140	3384	1.246570	0.006919997	3	18	15	15	2/4/9/7/2	15	73	14	2	3	7	103	193	151	2	44	470
141	3408	1.245681	0.0069142465	4	20	16	12	2/5/9/3/5	15	74	14	2	3	7	104	192	150	2	45	471
142	3432	1.244798	0.0069084899	-4	16	20	12	4/7/6/3/4	15	73	14	2	3	7	104	191	151	2	44	470
143	3456	1.243922	0.0069027277	6	21	15	12	0/7/8/5/4	15	74	14	2	3	7	103	192	150	2	45	469
144	3480	1.243053	0.0068969606	-4	14	18	16	3/5/10/5/1	15	74	14	2	3	7	102	191	149	2	46	470
145	3504	1.242191	0.0068911889	10	23	13	12	3/3/5/7/6	15	71	14	2	3	7	100	194	151	3	44	467
146	3528	1.241335	0.0068854133	0	19	19	10	4/4/8/4/4	15	71	14	2	3	7	100	194	151	3	44	467
147	3552	1.240485	0.0068796342	-13	10	23	15	5/9/5/4/1	15	69	14	2	3	8	103	198	153	3	43	464
148	3576	1.239641	0.0068738521	6	21	15	12	1/5/9/5/4	15	68	14	2	3	8	104	199	152	3	43	465
149	3600	1.238804	0.0068680674	-8	12	20	16	6/5/6/5/2	16	69	15	2	3	7	103	201	151	3	44	467
150	3624	1.237973	0.0068622805	1	17	16	15	2/3/14/2/3	16	69	15	2	3	7	102	201	151	3	45	467
151	3648	1.237148	0.006856492	-5	18	23	7	7/1/9/4/3	16	68	15	2	3	8	103	202	152	3	44	468
152	3672	1.236329	0.0068507023	8	22	14	12	2/2/10/6/4	15	70	15	2	3	7	102	205	153	2	43	471
153	3696	1.235516	0.0068449117	1	18	17	13	3/3/12/2/4	15	70	15	2	3	7	102	205	154	2	43	471
154	3720	1.234708	0.0068391206	0	18	18	12	2/8/7/2/5	15	70	15	2	3	7	102	205	154	2	43	471
155	3744	1.233907	0.0068333294	3	20	17	11	1/6/10/3/4	15	69	15	2	3	7	103	206	154	3	42	470
156	3768	1.233111	0.0068275385	-11	10	21	17	4/7/10/2/1	15	71	14	2	3	8	100	209	156	3	44	467
157	3792	1.232320	0.0068217483	1	18	17	13	3/4/7/9/1	15	72	15	2	3	8	101	208	157	3	44	467
158	3816	1.231535	0.006815959	-5	16	21	11	4/6/8/3/3	15	73	15	2	3	8	102	207	158	3	43	465
159	3840	1.230756	0.0068101711	12	24	12	12	2/3/6/7/6	14	70	15	2	3	8	104	204	155	3	45	469
160	3864	1.229981	0.0068043848	-6	17	23	8	6/3/9/3/3	15	71	15	2	3	8	105	205	154	3	45	467
161	3888	1.229212	0.0067986005	-10	12	22	14	6/5/7/5/1	14	69	15	2	3	8	107	203	152	3	47	464
162	3912	1.228449	0.0067928185	7	20	13	15	1/4/9/7/3	14	68	15	2	3	8	106	205	153	3	48	466
163	3936	1.227690	0.0067870391	-2	17	19	12	5/2/9/6/2	14	68	15	2	3	8	105	205	153	3	47	467
164	3960	1.226936	0.0067812625	-3	18	21	9	5/2/10/5/2	14	68	15	2	3	8	105	204	154	3	47	466
165	3984	1.226188	0.006775489	9	24	15	9	3/2/7/7/5	15	66	14	2	3	9	103	207	152	3	48	468
166	4008	1.225444	0.006769719	-9	13	22	13	5/8/5/3/3	15	68	14	2	3	8	101	209	150	3	47	471
167	4032	1.224706	0.0067639527	10	22	12	14	2/4/7/4/7	15	66	14	2	3	8	99	207	152	3	46	473
168	4056	1.223972	0.0067581903	2	15	13	20	2/7/7/3/5	15	66	14	2	3	8	99	206	152	3	46	474
169	4080	1.223243	0.006752432	-1	17	18	13	5/3/8/4/4	15	66	14	2	3	8	99	206	153	3	46	474
170	4104	1.222518	0.0067466782	7	17	10	21	1/4/9/7/3	15	67	14	2	3	8	100	204	151	3	45	476
171	4128	1.221798	0.0067409291	-14	9	23	16	5/9/6/3/1	15	64	14	2	3	7	98	208	154	3	43	472
172	4152	1.221083	0.0067351848	6	23	17	8	1/3/13/3/4	16	65	13	2	3	7	97	210	153	4	42	474
173	4176	1.220373	0.0067294456	-9	10	19	19	4/7/7/6/0	15	64	13	2	3	8	95	207	155	4	44	472
174	4200	1.219666	0.0067237117	1	18	17	13	1/8/8/3/4	15	64	13	2	3	8	95	207	155	4	44	471
175	4224	1.218965	0.0067179833	-7	15	22	11	4/8/6/3/3	16	63	13	2	3	7	94	209	153	4	43	473
176	4248	1.218267	0.0067122607	-1	16	17	15	2/6/9/5/2	15	63	13	2	3	7	94	209	153	4	43	473
177	4272	1.217574	0.0067065439	-1	20	21	7	0/5/17/0/2	15	63	13	2	3	7	94	209	153	4	43	473
178	4296	1.216886	0.0067008332	-6	13	19	16	3/7/8/5/1	16	64	14	2	3	8	93	210	155	4	42	472
179	4320	1.216201	0.0066951288	-5	13	18	17	4/6/6/7/1	15	63	13	2	3	7	94	212	154	3	43	470
180	4344	1.215521	0.0066894308	0	18	18	12	2/5/10/5/2	15	63	13	2	3	7	94	212	154	3	43	470
181	4368	1.214845	0.0066837394	-6	12	18	18	2/8/10/2/2	15	64	13	2	3	8	93	213	155	4	42	472
182	4392	1.214172	0.0066780548	5	20	15	13	2/4/8/7/3	15	63	13	2	3	7	92	215	156	3	43	471
183	4416	1.213504	0.0066723772	4	18	14	16	2/4/10/4/4	15	62	13	2	3	8	91	214	155	3	43	470
184	4440	1.212840	0.0066667066	1	19	18	11	3/3/11/4/3	15	62	13	2	3	8	91	214	155	3	43	469
185	4464	1.212180	0.0066610433	4	20	16	12	3/1/12/5/3	15	62	13	2	3	8	91	213	156	3	42	468
186	4488	1.211524	0.0066553873	-1	16	17	15	1/7/11/2/3	15	62	13	2	3	7	91	213	156	3	42	469
187	4512	1.210871	0.0066497388	-5	14	19	15	3/7/8/4/2	15	61	13	2	3	8	92	214	157	3	42	467
188	4536	1.210223	0.006644098	-2	18	20	10	4/3/11/3/3	15	61	13	2	3	8	93	214	157	3	42	468
189	4560	1.209578	0.006638465	-4	16	20	12	2/5/13/3/1	15	62	13	2	3	8	93	213	158	3	42	467
190	4584	1.208937	0.0066328398	4	19	15	14	3/5/5/7/4	15	61	13	2	3	8	94	212	157	3	42	466
191	4608	1.208299	0.0066272227	0	18	18	12	3/3/12/3/3	15	61	13	2	3	8	94	212	157	3	42	466
192	4632	1.207665	0.0066216137	6	21	15	12	3/4/5/8/4	15	62	13	2	3	8	93	213	158	3	41	464
193	4656	1.207035	0.006616013	13	22	9	17	1/2/6/13/2	14	65	12	2	3	7	95	210	160	3	40	467
194	4680	1.206409	0.0066104207	14	26	12	10	0/6/6/4/8	15	67	13	1	3	8	93	206	158	3	38	464
195	4704	1.205785	0.0066048368	4	22	18	8	3/2/11/4/4	15	68	13	1	3	8	92	207	157	3	38	465
196	4728	1.205166	0.0065992615	-5	14	19	15	3/5/12/2/2	15	67	13	1	3	8	91	209	158	3	39	466
197	4752	1.204550	0.0065936948	6	18	12	18	1/4/9/8/2	15	66	12	2	3	8	90	207	159	3	38	465
198	4776	1.203937	0.0065881369	-5	14	19	15	4/4/10/5/1	15	67	12	2	3	8	91	208	158	3	38	463
199	4800	1.203328	0.0065825879	3	19	16	13	1/7/8/4/4	15	67	12	2	3	8	90	208	158	3	38	463
200	4824	1.202722	0.0065770478	-4	15	19	14	4/6/5/8/1	15	66	12	2	3	8	91	207	158	3	38	462
201	4848	1.202119	0.0065715168	3	21	18	9	2/5/9/4/4	15	66	12	2	3	8	90	207	158	3	38	462
202	4872	1.201519	0.0065659949	11	24	13	11	1/3/9/6/5	15	64	12	1	3	7	93	205	156	3	39	460
203	4896	1.200923	0.0065604821	8	24	16	8	1/6/8/2/7	15	66	12	1	3	8	94	207	154	3	40	462
204	4920	1.200330	0.0065549786	-1	16	17	15	2/7/7/6/2	15	66	12	1	3	8	94	206	154	3	40	461
205	4944	1.199741	0.0065494845	-2	16	18	14	3/4/9/8/0	15	66	12	1	3	8	95	206	154	3	40	461
206	4968	1.199154	0.0065439998	-9	11	20	17	1/11/9/2/1	15	65	12	1	3	7	96	204	152	3	41	459
207	4992	1.198570	0.0065385245	0	15	15	18	3/5/7/7/2	15	65	12	1	3	7	96	204	152	3	41	459
208	5016	1.197990	0.0065330588	-2	15	17	16	1/9/7/5/2	15	65	12	1	3	7	96	203	153	3	41	458
209	5040	1.197412	0.0065276027	-4	17	21	10	4/6/7/4/3	15	64	13	1	3	7	95	202	152	3	41	459
210	5064	1.196838	0.0065221563	-4	17	21	10	7/2/7/4/4	15	65	13	2	3	7	96	201	151	3	40	458
211	5088	1.196267	0.0065167196	-2	16	18	14	2/5/11/5/1	15	65	13	2	3	7	96	202	152	3	40	458
212	5112	1.195698	0.0065112927	0	19	19	10	3/4/11/2/4	15	65	13	2	3	7	96	202	152	3	40	458
213	5136	1.195133	0.0065058756	3	19	16	13	0/7/10/4/3	15	65	13	2	3	7	96	202	151	3	40	457
214	5160	1.194570	0.0065004684	7	21	14	13	1/5/8/6/4	15	64	13	2	3	7	95	201	150	3	39	455
215	5184	1.194010	0.0064950712	10	23	13	12	0/4/10/6/4	15	62	13	2	3	7	93	203	148	3	38	453
216	5208	1.193453	0.0064896839	-3	15	18	15	4/5/9/2/4	15	62	13	2	3	7	94	204	147	3	37	452
217	5232	1.192899	0.0064843066	10	24	14	10	0/3/13/3/5	15	64	13	2	3	7	92	201	145	3	36	449
218	5256	1.192348	0.0064789395	1	17	16	15	2/4/11/5/2	16	64	13	2	3	7	91	201	146	3	36	450
219	5280	1.191800	0.0064735824	0	15	15	18	2/4/10/8/0	16	64	13	2	3	7	91	201	146	3	36	450
220	5304	1.191254	0.0064682355	-10	12	22	14	5/7/7/3/2	16	66	13	2	3	7	90	199	147	3	35	452
221	5328	1.190711	0.0064628987	13	20	7	21	0/4/8/7/5	16	64	13	2	3	7	87	202	145	4	33	455
222	5352	1.190170	0.0064575722	-5	15	20	13	4/7/6/4/3	16	63	13	2	3	7	88	203	146	4	34	457
223	5376	1.189633	0.0064522559	2	17	15	16	2/1/14/7/0	16	62	13	2	3	7	89	203	146	4	34	456
224	5400	1.189098	0.00644695	-6	13	19	16	4/7/6/5/2	16	64	13	2	3	7	87	201	147	4	33	458
225	5424	1.188565	0.0064416543	0	18	18	12	1/4/14/4/1	16	64	13	2	3	7	87	201	147	4	33	458
226	5448	1.188035	0.006436369	2	16	14	18	1/5/10/7/1	16	63	13	2	3	7	88	201	146	4	34	458
227	5472	1.187508	0.006431094	4	20	16	12	0/5/12/5/2	16	64	13	2	3	7	89	200	147	4	34	459
228	5496	1.186983	0.0064258295	8	21	13	14	1/2/13/4/4	17	62	13	2	3	7	87	202	148	4	35	461
229	5520	1.186461	0.0064205754	-4	18	22	8	4/5/10/1/4	16	63	13	2	3	8	86	201	149	4	36	462
230	5544	1.185941	0.0064153317	14	25	11	12	2/3/6/5/8	16	61	12	2	3	7	89	204	147	4	34	465
231	5568	1.185424	0.0064100985	-8	13	21	14	3/7/10/3/1	16	62	12	2	3	7	87	202	145	4	35	467
232	5592	1.184909	0.0064048757	4	18	14	16	2/3/11/5/3	16	63	12	2	3	7	87	203	146	4	34	466
233	5616	1.184396	0.0063996635	0	17	17	14	1/4/14/4/1	16	63	12	2	3	7	87	203	146	4	34	466
234	5640	1.183886	0.0063944618	6	19	13	16	2/6/6/4/6	15	64	12	2	3	7	86	202	147	4	34	468
235	5664	1.183379	0.0063892706	-6	15	21	12	5/4/8/6/1	16	63	12	2	3	7	87	200	148	4	34	469
236	5688	1.182874	0.00638409	0	18	18	12	3/4/10/4/3	16	63	12	2	3	7	87	200	148	4	34	469
237	5712	1.182371	0.0063789199	-10	12	22	14	5/8/6/2/3	16	65	12	2	3	7	85	203	150	4	33	467
238	5736	1.181870	0.0063737604	-8	12	20	16	3/9/6/5/1	16	66	12	2	3	7	83	205	151	4	34	469
239	5760	1.181372	0.0063686115	12	25	13	10	1/5/6/5/7	15	68	12	2	3	7	81	202	149	4	36	472
240	5784	1.180876	0.0063634732	7	22	15	11	3/4/5/7/5	16	69	12	2	3	6	80	200	148	4	37	473
241	5808	1.180382	0.0063583455	-5	15	20	13	4/6/6/7/1	15	69	12	2	3	6	81	201	149	4	36	472
242	5832	1.179890	0.0063532285	-2	18	20	10	3/5/10/3/3	15	68	12	2	3	7	81	202	149	4	36	473
243	5856	1.179401	0.006348122	2	16	14	18	1/11/3/3/6	15	69	12	2	3	7	82	201	150	4	36	473
244	5880	1.178914	0.0063430262	8	22	14	12	1/4/9/6/4	16	67	12	2	3	7	80	203	151	4	35	471
245	5904	1.178429	0.006337941	8	21	13	14	0/8/6/4/6	16	66	12	2	3	7	79	201	152	4	34	469
246	5928	1.177946	0.0063328664	-6	16	22	10	4/4/11/4/1	16	65	12	2	3	7	78	203	154	4	33	471
247	5952	1.177466	0.0063278025	-2	14	16	18	3/6/6/8/1	16	65	12	2	3	7	78	203	153	4	33	470
248	5976	1.176987	0.0063227492	4	21	17	10	3/3/8/7/3	16	64	12	2	3	7	79	204	154	4	34	471
249	6000	1.176511	0.0063177066	0	19	19	10	4/5/7/3/5	16	64	12	2	3	7	79	204	154	4	34	471
250	6024	1.176037	0.0063126746	-3	15	18	15	3/5/10/4/2	16	64	12	2	3	7	78	205	153	4	34	472
251	6048	1.175564	0.0063076532	8	22	14	12	2/4/7/6/5	16	65	12	2	3	7	80	207	152	4	35	470
252	6072	1.175094	0.0063026425	-1	18	19	11	3/6/8/3/4	16	65	12	2	3	7	80	206	152	4	35	470
253	6096	1.174626	0.0062976424	-12	12	24	12	7/4/8/4/1	16	63	12	2	3	6	78	204	154	4	33	467
254	6120	1.174160	0.006292653	-11	12	23	13	5/8/6/3/2	16	61	12	2	3	7	80	206	156	4	32	464
255	6144	1.173696	0.0062876742	3	19	16	13	2/5/8/6/3	16	60	12	2	3	6	80	207	157	4	32	465
256	6168	1.173234	0.006282706	-1	15	16	17	3/8/4/5/4	16	60	12	2	3	6	80	207	157	4	32	465
257	6192	1.172774	0.0062777485	-9	12	21	15	2/9/9/4/0	16	62	12	2	3	6	79	209	158	4	33	463
258	6216	1.172316	0.0062728016	-1	19	20	9	4/3/10/4/3	16	62	12	2	3	6	79	209	158	4	32	462
259	6240	1.171860	0.0062678652	0	16	16	16	3/7/5/5/4	16	62	12	2	3	6	79	209	158	4	32	462
260	6264	1.171405	0.0062629395	-1	16	17	15	1/9/6/6/2	16	61	12	2	3	6	78	209	158	4	33	463
261	6288	1.170953	0.0062580244	-9	12	21	15	7/3/7/6/1	16	63	12	2	3	6	80	207	160	4	34	461
262	6312	1.170503	0.0062531199	0	16	16	16	2/3/14/3/2	16	63	12	2	3	6	80	207	160	4	34	461
263	6336	1.170054	0.006248226	-9	13	22	13	5/5/9/4/1	16	65	12	2	3	6	82	209	158	4	33	463
264	6360	1.169607	0.0062433426	-2	18	20	10	3/5/9/5/2	16	65	12	2	3	6	82	210	158	4	33	462
265	6384	1.169162	0.0062384698	-2	17	19	12	2/6/11/2/3	16	65	12	2	3	6	82	209	158	4	33	463
266	6408	1.168719	0.0062336075	-7	16	23	9	3/6/11/3/1	16	66	12	2	3	6	83	211	159	4	32	461
267	6432	1.168278	0.0062287558	9	23	14	11	2/3/9/4/6	16	64	12	2	3	6	84	209	161	4	31	463
268	6456	1.167839	0.0062239146	5	16	11	21	1/3/11/8/1	16	63	12	2	3	6	84	210	162	4	31	462
269	6480	1.167401	0.006219084	-3	15	18	15	5/2/10/5/2	16	63	12	2	3	6	83	209	161	4	31	463
270	6504	1.166965	0.0062142638	-13	12	25	11	7/4/9/3/1	16	61	11	2	3	6	85	206	159	4	32	460
271	6528	1.166531	0.0062094542	7	24	17	7	2/4/10/1/7	16	59	12	2	3	7	84	208	158	4	33	458
272	6552	1.166099	0.006204655	-5	13	18	17	4/4/10/5/1	16	60	11	2	4	7	83	207	159	4	33	459
273	6576	1.165669	0.0061998663	-4	14	18	16	3/6/9/4/2	16	60	11	1	3	7	84	206	159	4	32	460
274	6600	1.165240	0.006195088	2	18	16	14	1/6/9/6/2	16	59	11	1	3	7	84	206	159	4	32	460
275	6624	1.164813	0.0061903202	-5	14	19	15	6/2/8/7/1	16	58	11	1	3	7	83	205	160	4	31	458
276	6648	1.164387	0.0061855628	-5	15	20	13	6/4/5/7/2	16	57	11	1	3	7	84	204	159	4	31	457
277	6672	1.163964	0.0061808158	2	18	16	14	2/6/7/6/3	16	57	11	1	4	7	83	204	159	4	31	458
278	6696	1.163542	0.0061760793	1	18	17	13	5/4/5/5/5	16	57	11	1	4	7	83	204	158	4	30	458
279	6720	1.163121	0.006171353	-4	15	19	14	1/10/8/2/3	16	58	11	1	4	7	82	205	159	4	31	458
280	6744	1.162702	0.0061666372	0	19	19	10	4/4/8/4/4	16	58	11	1	4	7	82	205	159	4	31	458
281	6768	1.162285	0.0061619317	0	17	17	14	2/5/9/7/1	16	58	11	1	4	7	82	205	159	4	31	458
282	6792	1.161870	0.0061572365	-6	15	21	12	3/4/14/2/1	15	59	11	1	3	7	81	206	160	4	30	457
283	6816	1.161456	0.0061525516	-9	13	22	13	3/8/9/3/1	15	57	11	1	3	7	83	204	162	4	29	455
284	6840	1.161044	0.006147877	-2	16	18	14	2/7/8/5/2	15	57	11	1	3	7	82	205	161	4	29	455
285	6864	1.160633	0.0061432127	14	24	10	14	1/3/7/7/6	15	59	11	1	4	7	80	208	159	4	31	459
286	6888	1.160224	0.0061385587	-7	17	24	7	5/2/13/3/1	15	60	12	1	4	7	79	210	158	4	31	457
287	6912	1.159816	0.0061339149	8	23	15	10	2/2/11/4/5	15	62	12	1	4	6	78	208	159	4	30	459
288	6936	1.159411	0.0061292813	3	20	17	11	2/5/8/6/3	15	61	12	1	4	6	77	208	160	4	30	458
289	6960	1.159006	0.0061246579	-5	14	19	15	3/6/10/3/2	15	60	12	1	4	6	76	210	159	4	30	459
290	6984	1.158603	0.0061200447	-11	12	23	13	4/9/7/2/2	15	62	12	1	3	7	78	207	161	4	28	457
291	7008	1.158202	0.0061154416	2	16	14	18	2/3/11/7/1	15	62	12	1	3	7	78	207	161	4	29	456
292	7032	1.157802	0.0061108487	-4	14	18	16	3/7/7/5/2	15	63	12	1	3	7	78	208	162	4	28	457
293	7056	1.157404	0.0061062659	2	20	18	10	2/6/9/2/5	15	62	12	1	3	7	77	207	162	4	28	458
294	7080	1.157007	0.0061016932	-7	13	20	15	4/7/8/2/3	15	61	12	1	4	7	79	206	163	4	29	456
295	7104	1.156611	0.0060971306	-7	13	20	15	4/6/8/5/1	15	60	12	1	4	7	80	204	164	3	29	455
296	7128	1.156217	0.006092578	0	20	20	8	4/2/11/4/3	15	60	12	1	4	7	80	204	164	3	29	455
297	7152	1.155825	0.0060880355	0	17	17	14	1/7/10/3/3	15	60	12	1	4	7	80	204	164	3	29	455
298	7176	1.155434	0.006083503	11	23	12	13	2/2/7/9/4	16	58	13	1	4	7	78	206	166	4	31	452
299	7200	1.155044	0.0060789805	-2	13	15	20	1/9/6/7/1	15	58	12	1	4	7	78	207	167	4	30	453
300	7224	1.154656	0.006074468	1	15	14	19	0/9/8/4/3	16	58	13	1	4	7	78	207	167	4	30	452
301	7248	1.154269	0.0060699654	6	19	13	16	3/1/10/7/3	16	59	12	1	4	7	79	208	166	4	31	454
302	7272	1.153884	0.0060654727	-4	14	18	16	4/4/10/4/2	16	58	12	1	4	7	79	209	165	4	31	455
303	7296	1.153500	0.00606099	-5	17	22	9	5/4/9/3/3	16	57	13	1	4	7	79	210	164	4	31	453
304	7320	1.153118	0.0060565171	2	20	18	10	3/3/11/3/4	16	57	13	1	4	7	78	211	165	4	31	454
305	7344	1.152737	0.0060520541	-8	14	22	12	3/7/10/3/1	16	55	12	1	4	7	77	213	166	4	32	452
306	7368	1.152357	0.006047601	-5	14	19	15	3/9/4/6/2	16	55	13	1	4	7	76	212	165	3	32	451
307	7392	1.151978	0.0060431577	2	19	17	12	4/2/8/8/2	16	55	13	1	4	7	76	211	165	3	31	451
308	7416	1.151601	0.0060387241	14	25	11	12	1/3/6/9/5	16	57	12	1	3	7	78	214	162	3	33	447
309	7440	1.151225	0.0060343003	-4	14	18	16	2/6/10/6/0	16	57	12	1	4	7	79	213	162	3	33	447
310	7464	1.150851	0.0060298863	-12	10	22	16	3/9/10/1/1	16	59	12	1	4	7	77	211	164	3	32	444
311	7488	1.150478	0.006025482	-3	15	18	15	5/5/3/10/1	16	59	12	1	4	7	76	211	163	3	32	445
312	7512	1.150106	0.0060210874	-5	16	21	11	4/5/9/4/2	16	60	12	1	4	7	75	212	164	3	31	446
313	7536	1.149736	0.0060167025	0	17	17	14	5/4/4/8/3	16	60	12	1	4	7	75	212	164	3	31	446
314	7560	1.149367	0.0060123273	1	18	17	13	4/3/8/6/3	16	60	12	1	4	7	75	213	164	3	31	445
315	7584	1.148999	0.0060079617	-4	15	19	14	3/5/10/5/1	16	60	12	1	4	7	75	212	165	3	32	445
316	7608	1.148632	0.0060036057	1	18	17	13	4/4/7/5/4	16	61	12	1	4	7	74	212	165	3	32	444
317	7632	1.148267	0.0059992592	-7	14	21	13	2/8/10/3/1	16	62	12	1	4	7	73	213	166	3	31	446
318	7656	1.147903	0.0059949224	-10	12	22	14	4/8/8/2/2	16	63	12	1	4	7	72	215	168	3	30	444
319	7680	1.147540	0.005990595	9	25	16	7	2/5/8/0/9	16	62	12	1	4	7	73	213	166	3	29	446
320	7704	1.147178	0.0059862772	-6	16	22	10	4/7/7/3/3	15	63	12	1	4	8	72	212	167	3	29	447
321	7728	1.146818	0.0059819689	-10	14	24	10	6/5/7/5/1	15	64	12	1	3	8	74	210	165	3	31	449
322	7752	1.146459	0.00597767	-2	19	21	8	5/5/6/3/5	15	64	12	1	3	8	74	209	165	3	30	450
323	7776	1.146101	0.0059733806	-3	16	19	13	4/2/13/3/2	15	64	12	1	3	8	75	209	166	3	31	449
324	7800	1.145744	0.0059691006	0	16	16	16	5/3/5/9/2	15	64	12	1	3	8	75	209	166	3	31	449
325	7824	1.145389	0.00596483	12	27	15	6	2/1/11/3/7	15	66	12	1	3	8	76	206	168	3	29	452
326	7848	1.145035	0.0059605687	-6	15	21	12	7/5/3/5/4	15	65	12	1	3	8	77	207	167	3	29	450
327	7872	1.144681	0.0059563168	9	24	15	9	4/0/8/7/5	16	66	12	1	3	8	76	205	168	3	28	452
328	7896	1.144330	0.0059520743	5	18	13	17	1/6/8/5/4	15	67	12	1	3	7	77	207	169	3	27	453
329	7920	1.143979	0.005947841	-7	15	22	11	5/3/12/2/2	15	68	12	1	4	7	76	208	170	3	28	455
330	7944	1.143629	0.0059436169	2	18	16	14	1/5/11/5/2	15	68	12	1	3	7	75	209	170	3	28	455
331	7968	1.143281	0.0059394022	11	22	11	15	2/2/7/9/4	15	66	12	1	3	8	77	206	169	3	29	458
332	7992	1.142934	0.0059351966	-2	16	18	14	1/8/9/4/2	15	66	12	1	3	8	77	207	168	3	30	458
333	8016	1.142588	0.0059310003	6	23	17	8	2/4/10/2/6	15	65	12	1	3	8	78	205	169	3	29	459
334	8040	1.142243	0.0059268131	5	16	11	21	2/2/11/7/2	15	64	13	1	3	8	78	206	170	2	29	461
335	8064	1.141899	0.005922635	6	21	15	12	1/7/6/5/5	15	63	13	1	3	8	79	208	169	3	29	459
336	8088	1.141556	0.0059184661	-1	19	20	9	1/5/15/0/3	15	63	13	1	3	8	79	207	169	3	29	459
337	8112	1.141215	0.0059143063	4	18	14	16	0/9/7/3/5	15	63	13	1	3	8	79	208	169	2	28	459
338	8136	1.140874	0.0059101555	5	18	13	17	1/6/8/5/4	15	64	13	1	3	8	80	207	168	3	28	457
339	8160	1.140535	0.0059060138	-5	16	21	11	5/6/6/3/4	15	65	13	1	3	8	79	208	169	3	28	459
340	8184	1.140197	0.0059018811	15	26	11	11	1/2/8/7/6	15	63	12	0	3	8	77	212	171	2	30	455
341	8208	1.139859	0.0058977574	10	25	15	8	2/3/9/3/7	16	61	12	0	3	8	75	209	169	2	29	457
342	8232	1.139523	0.0058936427	-9	12	21	15	5/3/13/2/1	16	59	12	0	3	8	77	211	171	2	28	459
343	8256	1.139188	0.0058895369	4	21	17	10	6/1/6/5/6	16	59	12	0	3	8	77	210	170	2	27	460
344	8280	1.138854	0.00588544	5	19	14	15	3/5/5/6/5	16	58	12	0	3	8	78	209	169	2	28	461
345	8304	1.138521	0.0058813521	-1	14	15	19	2/7/6/8/1	16	58	12	0	3	8	78	209	170	2	28	461
346	8328	1.138190	0.005877273	0	16	16	16	3/5/7/7/2	16	58	12	0	3	8	78	209	170	2	28	461
347	8352	1.137859	0.0058732028	-1	16	17	15	4/5/6/6/3	16	58	12	0	3	8	79	209	170	2	28	461
348	8376	1.137529	0.0058691413	3	19	16	13	3/4/8/5/4	16	58	12	0	3	8	78	210	169	2	28	462
349	8400	1.137200	0.0058650887	5	20	15	13	3/3/7/8/3	16	58	13	0	3	8	77	209	170	2	28	463
350	8424	1.136873	0.0058610449	0	16	16	16	1/9/6/5/3	16	58	13	0	3	8	77	209	170	2	28	463
351	8448	1.136546	0.0058570097	3	20	17	11	2/3/12/4/3	16	58	12	0	3	8	78	208	170	2	29	462
352	8472	1.136221	0.0058529834	-2	16	18	14	5/2/8/8/1	16	58	12	0	3	8	78	208	171	2	29	462
353	8496	1.135896	0.0058489657	1	17	16	15	2/4/10/7/1	16	58	12	0	3	8	78	208	171	2	29	463
354	8520	1.135572	0.0058449567	-2	18	20	10	3/6/8/4/3	16	59	12	0	3	8	78	207	170	2	29	462
355	8544	1.135250	0.0058409563	4	19	15	14	2/6/6/6/4	16	59	12	0	3	8	78	208	170	2	28	461
356	8568	1.134928	0.0058369645	1	19	18	11	5/4/5/5/5	16	59	12	0	3	8	78	208	170	2	28	462
357	8592	1.134608	0.0058329814	9	25	16	7	5/0/7/5/7	16	58	12	0	3	8	76	210	168	2	27	463
358	8616	1.134288	0.0058290068	9	21	12	15	1/4/10/3/6	16	56	13	0	3	8	78	212	170	2	26	465
359	8640	1.133969	0.0058250408	10	24	14	10	0/4/11/4/5	16	55	12	0	3	7	76	214	171	2	27	467
360	8664	1.133652	0.0058210833	-3	15	18	15	3/4/12/3/2	16	55	13	0	3	7	77	214	172	2	28	467
361	8688	1.133335	0.0058171343	11	26	15	7	0/2/14/3/5	16	57	13	0	3	7	78	211	170	2	27	465
362	8712	1.133019	0.0058131938	10	24	14	10	0/1/15/5/3	16	55	13	0	3	7	77	209	172	2	28	467
363	8736	1.132705	0.0058092617	-2	15	17	16	1/8/9/4/2	16	55	13	0	3	7	77	209	172	2	28	466
364	8760	1.132391	0.005805338	-11	13	24	11	4/9/8/0/3	16	57	13	0	3	7	75	206	170	3	29	464
365	8784	1.132078	0.0058014228	1	20	19	9	4/2/11/3/4	16	57	13	0	3	7	75	207	170	3	29	464
366	8808	1.131766	0.0057975159	4	21	17	10	1/3/13/5/2	16	56	13	0	3	7	75	207	170	3	29	465
367	8832	1.131455	0.0057936173	-4	16	20	12	2/8/9/2/3	16	57	13	0	3	7	76	207	170	3	29	464
368	8856	1.131145	0.0057897271	-1	18	19	11	3/6/7/5/3	16	57	13	0	3	7	76	207	170	3	29	463
369	8880	1.130836	0.0057858452	-6	14	20	14	1/8/12/2/1	16	58	12	0	3	7	75	208	171	3	29	465
370	8904	1.130528	0.0057819716	-1	15	16	17	2/8/6/5/3	16	58	12	0	3	7	75	208	171	3	30	465
371	8928	1.130220	0.0057781062	-7	12	19	17	3/7/10/2/2	16	56	12	0	3	7	74	206	170	3	30	466
372	8952	1.129914	0.0057742491	3	19	16	13	1/5/12/2/4	16	57	12	0	3	7	74	206	170	3	30	467
373	8976	1.129608	0.0057704001	-5	17	22	9	5/4/8/5/2	16	56	12	0	3	6	74	207	170	3	30	466
374	9000	1.129304	0.0057665594	4	19	15	14	4/4/5/6/5	16	56	13	0	3	6	73	206	170	3	30	467
375	9024	1.129000	0.0057627267	0	21	21	6	4/2/12/2/4	16	56	13	0	3	6	73	206	170	3	30	467
376	9048	1.128697	0.0057589023	-9	14	23	11	6/4/9/3/2	16	57	12	0	3	7	72	208	168	3	31	465
377	9072	1.128395	0.0057550859	3	19	16	13	3/3/9/6/3	16	56	12	0	3	7	71	207	169	3	31	464
378	9096	1.128094	0.0057512776	-3	16	19	13	2/8/8/3/3	16	56	12	0	3	7	71	207	168	3	32	464
379	9120	1.127794	0.0057474774	-6	14	20	14	3/9/6/3/3	16	55	12	0	3	7	70	205	169	3	31	465
380	9144	1.127495	0.0057436852	-9	13	22	13	5/8/4/5/2	16	56	13	0	3	7	71	204	171	3	30	467
381	9168	1.127196	0.005739901	-5	18	23	7	6/1/12/2/3	16	57	13	0	3	7	72	203	171	3	31	468
382	9192	1.126899	0.0057361248	-2	19	21	8	6/2/8/4/4	16	57	13	0	3	7	72	203	172	3	31	467
383	9216	1.126602	0.0057323565	-5	16	21	11	5/5/7/4/3	16	56	13	0	3	7	71	204	171	3	30	468
384	9240	1.126306	0.0057285962	3	19	16	13	3/3/11/2/5	16	56	13	0	3	7	71	203	171	2	31	468
385	9264	1.126011	0.0057248439	1	20	19	9	2/5/10/4/3	16	56	13	0	3	7	71	203	172	2	31	468
386	9288	1.125717	0.0057210994	-8	13	21	14	3/7/9/5/0	16	57	13	0	3	7	69	201	170	3	32	466
387	9312	1.125423	0.0057173627	4	22	18	8	6/2/5/4/7	16	56	13	0	3	7	69	201	171	3	31	467
388	9336	1.125131	0.005713634	-2	17	19	12	5/5/5/5/4	16	56	13	0	3	7	69	201	171	3	31	466
389	9360	1.124839	0.005709913	-4	15	19	14	7/3/3/9/2	16	56	13	0	3	7	69	200	171	2	31	466
390	9384	1.124548	0.0057061998	6	20	14	14	2/3/9/7/3	16	56	13	0	3	6	70	199	170	3	32	464
391	9408	1.124258	0.0057024945	-3	18	21	9	4/3/11/4/2	16	57	13	0	3	7	70	198	171	3	32	464
392	9432	1.123969	0.0056987968	-3	17	20	11	1/5/14/4/0	16	57	13	0	3	6	69	198	170	3	33	464
393	9456	1.123680	0.0056951069	2	21	19	8	4/2/10/4/4	16	58	13	0	3	6	69	197	171	3	32	464
394	9480	1.123393	0.0056914247	-5	15	20	13	4/4/10/5/1	16	58	13	0	3	6	70	196	171	3	33	463
395	9504	1.123106	0.0056877502	-3	18	21	9	4/3/12/2/3	16	59	13	0	3	6	70	197	171	3	33	464
396	9528	1.122820	0.0056840833	2	17	15	16	2/4/10/6/2	16	59	13	0	3	6	70	197	171	3	33	464
397	9552	1.122535	0.005680424	6	21	15	12	3/4/6/6/5	16	58	14	0	3	6	71	198	170	3	32	463
398	9576	1.122250	0.0056767724	0	16	16	16	1/5/12/5/1	16	58	14	0	3	6	71	198	170	3	32	463
399	9600	1.121966	0.0056731284	5	22	17	9	1/1/16/4/2	16	58	14	0	3	6	72	199	170	3	32	464
400	9624	1.121683	0.0056694919	0	16	16	16	1/6/10/6/1	16	58	14	0	3	6	72	199	170	3	32	464
401	9648	1.121401	0.005665863	2	19	17	12	2/4/10/6/2	16	57	14	0	3	6	71	199	170	3	32	464
402	9672	1.121120	0.0056622415	-3	15	18	15	2/7/9/4/2	17	58	14	0	3	6	71	199	170	3	32	464
403	9696	1.120839	0.0056586276	-5	13	18	17	4/6/7/5/2	17	58	14	0	3	6	72	200	169	3	31	463
404	9720	1.120560	0.0056550212	-10	14	24	10	7/5/5/5/2	17	57	14	0	3	6	73	198	170	3	32	461
405	9744	1.120281	0.0056514222	2	18	16	14	2/2/14/4/2	17	57	14	0	3	6	74	197	171	3	32	460
406	9768	1.120002	0.0056478306	8	23	15	10	2/3/9/5/5	17	58	14	0	3	6	72	199	170	3	32	458
407	9792	1.119725	0.0056442464	-3	14	17	17	4/5/7/6/2	17	57	14	0	3	6	73	198	170	3	32	459
408	9816	1.119448	0.0056406696	9	20	11	17	0/7/7/4/6	17	59	14	0	3	6	71	200	169	3	33	457
409	9840	1.119172	0.0056371002	-3	16	19	13	4/7/5/4/4	17	58	14	0	3	6	72	201	168	3	33	457
410	9864	1.118896	0.0056335381	-3	19	22	7	3/4/13/1/3	17	58	13	0	3	6	71	201	168	3	32	456
411	9888	1.118622	0.0056299834	-5	15	20	13	3/5/11/4/1	17	57	14	0	3	6	72	200	169	3	32	455
412	9912	1.118348	0.0056264359	0	17	17	14	3/6/6/6/3	17	57	14	0	3	6	72	200	169	3	32	455
413	9936	1.118075	0.0056228957	-8	13	21	14	3/8/8/4/1	17	58	14	0	3	6	71	202	167	3	31	453
414	9960	1.117802	0.0056193627	-10	11	21	16	5/7/5/7/0	17	57	14	0	3	6	70	200	166	3	32	451
415	9984	1.117531	0.005615837	1	20	19	9	3/3/12/2/4	17	57	14	0	3	6	70	200	166	3	32	451
416	10008	1.117260	0.0056123185	-11	11	22	15	5/8/5/5/1	17	55	14	0	3	5	68	202	168	3	33	449
417	10032	1.116990	0.0056088071	-3	15	18	15	3/5/10/4/2	17	55	14	0	3	5	68	202	168	3	33	448
418	10056	1.116720	0.0056053029	5	20	15	13	3/1/12/4/4	17	54	15	0	3	6	69	201	169	3	33	449
419	10080	1.116451	0.0056018059	0	17	17	14	2/7/7/5/3	17	54	15	0	3	6	69	201	169	3	33	449
420	10104	1.116183	0.005598316	-18	11	29	8	7/7/8/1/1	16	51	15	0	3	6	72	204	166	2	32	453
421	10128	1.115916	0.0055948331	-6	14	20	14	3/7/9/3/2	16	50	15	0	3	6	73	205	165	2	32	454
422	10152	1.115649	0.0055913574	-12	11	23	14	5/8/6/4/1	16	49	15	0	3	6	71	208	163	3	31	457
423	10176	1.115383	0.0055878887	4	20	16	12	3/4/8/4/5	16	49	15	0	3	6	72	209	164	3	31	456
424	10200	1.115117	0.005584427	-2	15	17	16	4/4/8/6/2	16	50	15	0	3	6	71	208	164	3	30	456
425	10224	1.114853	0.0055809723	2	18	16	14	1/8/6/6/3	16	49	15	0	3	6	71	208	165	3	31	457
426	10248	1.114589	0.0055775247	3	19	16	13	3/4/7/7/3	16	49	15	0	3	6	71	207	164	3	30	456
427	10272	1.114326	0.005574084	7	22	15	11	3/2/9/5/5	16	50	15	0	3	6	70	209	165	3	30	455
428	10296	1.114063	0.0055706502	10	22	12	14	1/4/7/8/4	15	51	15	0	3	6	69	211	167	3	29	453
429	10320	1.113801	0.0055672234	1	17	16	15	3/3/11/4/3	15	52	15	0	3	6	69	210	167	3	28	453
430	10344	1.113540	0.0055638034	-5	16	21	11	4/6/8/3/3	15	52	15	0	3	6	70	209	168	3	28	454
431	10368	1.113279	0.0055603904	-1	18	19	11	5/4/7/3/5	15	52	15	0	3	6	70	209	168	3	28	454
432	10392	1.113019	0.0055569842	3	21	18	9	1/4/13/3/3	15	52	15	0	3	6	70	210	167	3	28	453
433	10416	1.112760	0.0055535848	-6	16	22	10	5/4/9/4/2	15	53	15	0	3	6	69	211	166	2	28	454
434	10440	1.112501	0.0055501923	7	19	12	17	1/3/11/6/3	16	52	15	0	3	6	70	210	165	3	28	456
435	10464	1.112243	0.0055468066	-10	14	24	10	4/7/9/3/1	16	50	15	0	3	6	72	212	167	2	27	454
436	10488	1.111986	0.0055434276	-1	17	18	13	3/4/11/3/3	16	50	15	0	3	6	72	211	167	2	27	453
437	10512	1.111729	0.0055400554	3	19	16	13	3/5/6/6/4	16	51	15	0	3	6	72	211	167	2	26	453
438	10536	1.111473	0.00553669	1	21	20	7	3/1/15/2/3	16	51	15	0	3	6	72	211	167	2	26	453
439	10560	1.111218	0.0055333312	-17	9	26	13	9/2/10/3/0	15	54	15	0	3	6	70	208	165	3	28	450
440	10584	1.110963	0.0055299792	3	18	15	15	3/4/8/5/4	15	53	15	0	3	6	69	208	164	3	28	449
441	10608	1.110709	0.0055266338	-5	15	20	13	4/5/10/2/3	15	52	15	0	3	6	69	207	164	3	27	450
442	10632	1.110455	0.0055232951	3	19	16	13	3/3/9/6/3	15	53	15	0	3	6	68	207	164	3	27	450
443	10656	1.110203	0.005519963	3	20	17	11	2/4/10/5/3	15	53	15	0	3	6	68	206	164	3	27	450
444	10680	1.109950	0.0055166376	-8	14	22	12	5/6/7/4/2	16	52	15	0	3	6	69	208	165	2	26	452
445	10704	1.109699	0.0055133187	1	19	18	11	4/4/7/5/4	16	52	15	0	3	6	69	207	165	2	26	452
446	10728	1.109448	0.0055100064	-4	16	20	12	4/4/11/2/3	16	53	15	0	3	6	69	207	164	2	26	451
447	10752	1.109197	0.0055067007	5	20	15	13	1/8/6/3/6	16	53	15	0	3	6	69	208	163	2	26	452
448	10776	1.108948	0.0055034015	-1	17	18	13	2/5/11/4/2	16	53	15	0	3	6	69	207	163	2	26	452
449	10800	1.108698	0.0055001088	4	21	17	10	3/5/7/3/6	16	53	15	0	3	6	69	208	164	2	26	453
450	10824	1.108450	0.0054968226	-12	10	22	16	5/6/11/0/2	15	55	16	0	3	6	71	206	166	2	25	451
451	10848	1.108202	0.0054935429	7	22	15	11	3/1/10/6/4	15	54	16	0	3	6	72	205	167	2	25	449
452	10872	1.107955	0.0054902696	-5	13	18	17	2/8/8/5/1	15	54	16	0	3	6	71	204	166	2	25	450
453	10896	1.107708	0.0054870028	6	19	13	16	4/3/4/9/4	15	55	16	0	3	6	70	205	167	2	26	449
454	10920	1.107462	0.0054837424	5	21	16	11	2/4/8/7/3	15	54	16	0	3	6	71	206	168	2	26	448
455	10944	1.107216	0.0054804884	9	23	14	11	2/2/9/7/4	16	56	16	0	3	6	72	204	166	2	27	446
456	10968	1.106971	0.0054772407	6	20	14	14	1/3/11/7/2	16	57	16	0	3	6	73	203	167	2	26	445
457	10992	1.106727	0.0054739995	6	17	11	20	1/5/7/9/2	16	56	16	0	3	6	72	204	168	2	26	444
458	11016	1.106483	0.0054707645	-10	14	24	10	6/2/13/2/1	16	57	16	0	3	7	74	206	170	2	27	442
459	11040	1.106240	0.0054675359	6	20	14	14	1/5/10/3/5	16	56	15	0	3	7	75	207	169	2	26	443
460	11064	1.105997	0.0054643136	3	19	16	13	2/4/9/7/2	16	57	15	0	3	7	74	206	168	2	26	444
461	11088	1.105755	0.0054610976	-3	17	20	11	6/4/6/3/5	16	56	15	0	3	7	74	206	169	2	26	444
462	11112	1.105514	0.0054578878	5	16	11	21	1/4/9/9/1	16	57	15	0	3	7	73	207	169	2	25	444
463	11136	1.105273	0.0054546843	-3	14	17	17	4/7/4/6/3	16	57	15	0	3	7	74	207	169	2	25	444
464	11160	1.105033	0.005451487	-1	17	18	13	3/2/13/5/1	16	56	15	0	3	7	74	208	169	2	25	444
465	11184	1.104793	0.0054482959	16	28	12	8	3/1/6/5/9	16	59	15	0	3	7	71	211	167	2	24	447
466	11208	1.104554	0.005445111	2	20	18	10	6/3/4/5/6	16	59	15	0	3	7	71	211	167	2	24	447
467	11232	1.104315	0.0054419322	-4	16	20	12	4/5/8/5/2	16	59	15	0	3	7	72	210	166	2	24	448
468	11256	1.104077	0.0054387597	-2	17	19	12	4/5/6/7/2	16	59	15	0	3	7	72	210	166	2	24	449
469	11280	1.103840	0.0054355932	0	17	17	14	1/6/11/4/2	16	59	15	0	3	7	72	210	166	2	24	449
470	11304	1.103603	0.0054324329	4	21	17	10	3/3/10/3/5	15	60	15	0	3	6	71	211	167	2	24	449
471	11328	1.103366	0.0054292786	9	21	12	15	2/3/9/4/6	16	61	14	0	3	7	70	209	168	2	25	451
472	11352	1.103131	0.0054261305	11	24	13	11	2/4/6/5/7	16	60	15	0	3	7	72	207	166	2	24	449
473	11376	1.102895	0.0054229883	-9	12	21	15	5/5/9/4/1	16	58	15	0	3	7	73	205	168	2	24	451
474	11400	1.102661	0.0054198523	-4	18	22	8	4/3/13/1/3	16	58	15	0	3	7	74	204	168	2	25	451
475	11424	1.102426	0.0054167222	4	16	12	20	3/5/3/11/2	16	57	15	0	3	7	73	204	168	2	25	452
476	11448	1.102193	0.0054135982	-8	11	19	18	2/10/8/2/2	16	58	15	0	3	7	72	202	169	2	24	451
477	11472	1.101960	0.0054104801	8	20	12	16	1/3/10/7/3	16	57	15	0	3	7	71	204	168	2	25	449
478	11496	1.101727	0.005407368	-12	10	22	16	4/9/6/5/0	17	59	15	0	4	7	69	201	169	2	24	451
479	11520	1.101495	0.0054042619	11	21	10	17	1/5/6/6/6	17	61	15	0	3	7	71	203	171	2	23	449
480	11544	1.101264	0.0054011617	7	25	18	5	2/2/12/3/5	17	60	15	0	3	7	70	202	170	2	24	451
481	11568	1.101033	0.0053980674	-2	13	15	20	3/7/5/7/2	17	60	15	0	3	7	70	202	170	2	24	451
482	11592	1.100802	0.005394979	-2	15	17	16	3/6/8/4/3	17	60	15	0	3	7	70	202	169	2	24	451
483	11616	1.100572	0.0053918965	-1	17	18	13	2/6/10/3/3	17	60	15	0	3	7	70	202	169	2	24	452
484	11640	1.100343	0.0053888198	1	17	16	15	2/4/12/3/3	17	60	15	0	3	7	70	202	170	2	24	451
485	11664	1.100114	0.005385749	-2	19	21	8	4/3/11/3/3	17	60	15	0	3	7	70	202	170	2	24	451
486	11688	1.099886	0.005382684	7	19	12	17	1/3/11/6/3	17	59	15	0	3	7	69	203	171	2	23	452
487	11712	1.099658	0.0053796249	10	23	13	12	2/1/11/5/5	16	60	14	0	3	7	68	202	169	2	24	454
488	11736	1.099430	0.0053765715	7	22	15	11	1/5/8/6/4	17	61	15	0	3	7	69	200	170	2	23	456
489	11760	1.099204	0.0053735239	4	18	14	16	2/3/10/7/2	17	61	14	0	3	7	68	199	171	2	24	455
490	11784	1.098977	0.005370482	4	21	17	10	2/5/9/3/5	17	61	14	0	3	7	68	199	170	2	24	454
491	11808	1.098751	0.0053674459	-8	14	22	12	5/6/7/4/2	17	62	15	0	3	7	66	197	172	2	23	456
492	11832	1.098526	0.0053644155	4	19	15	14	0/7/9/5/3	17	62	14	0	3	7	66	198	171	2	24	456
493	11856	1.098301	0.0053613908	-2	18	20	10	4/3/9/7/1	17	61	14	0	3	7	66	198	171	2	24	457
494	11880	1.098077	0.0053583718	11	23	12	13	2/2/8/7/5	16	63	14	0	3	7	67	195	170	2	25	455
495	11904	1.097853	0.0053553585	3	21	18	9	3/7/5/2/7	16	63	14	0	3	7	68	195	170	2	25	454
496	11928	1.097630	0.0053523508	9	21	12	15	1/4/7/9/3	16	62	14	0	3	7	66	193	169	2	26	456
497	11952	1.097407	0.0053493488	1	18	17	13	2/6/9/3/4	16	62	14	0	3	7	66	193	169	2	26	456
498	11976	1.097185	0.0053463524	5	21	16	11	0/6/11/3/4	17	63	14	0	3	7	66	192	168	2	26	457
499	12000	1.096963	0.0053433616	-1	16	17	15	6/0/10/5/3	17	63	14	0	3	7	66	193	168	2	26	457
500	12024	1.096742	0.0053403764	6	18	12	18	2/4/8/6/4	17	64	14	0	3	7	65	192	169	2	27	458
501	12048	1.096521	0.0053373967	2	19	17	12	3/4/9/4/4	17	64	14	0	3	7	65	192	169	2	27	457
502	12072	1.096300	0.0053344226	2	19	17	12	2/4/11/4/3	17	64	14	0	3	7	65	192	169	2	27	458
503	12096	1.096080	0.0053314541	-2	16	18	14	4/2/12/4/2	17	63	14	0	3	7	65	191	169	2	27	458
504	12120	1.095861	0.005328491	6	19	13	16	0/6/9/6/3	17	63	14	0	3	7	66	190	168	2	26	459
505	12144	1.095642	0.0053255335	9	22	13	13	1/5/7/6/5	17	61	14	0	3	7	67	188	167	2	27	458
506	12168	1.095424	0.0053225815	1	21	20	7	4/4/8/3/5	17	61	14	0	3	7	67	189	167	2	27	457
507	12192	1.095206	0.0053196349	-9	12	21	15	5/6/7/5/1	16	62	15	0	3	7	66	190	168	2	26	459
508	12216	1.094988	0.0053166938	1	19	18	11	4/4/7/5/4	16	63	15	0	3	7	66	190	168	2	26	459
509	12240	1.094771	0.0053137582	-2	17	19	12	2/6/9/6/1	17	63	15	0	3	7	66	191	169	2	26	459
510	12264	1.094555	0.0053108279	4	19	15	14	4/3/7/5/5	17	63	15	0	3	7	67	192	168	2	27	460
511	12288	1.094338	0.0053079031	6	21	15	12	2/4/9/4/5	17	64	15	0	4	7	68	193	169	2	27	459
512	12312	1.094123	0.0053049837	-10	13	23	12	4/9/7/1/3	17	63	14	0	3	7	66	195	168	2	26	457
513	12336	1.093908	0.0053020696	2	18	16	14	3/5/8/3/5	17	63	15	0	3	7	67	195	167	2	26	457
514	12360	1.093693	0.0052991609	-1	16	17	15	2/4/12/5/1	17	63	14	0	3	7	67	195	167	2	26	456
515	12384	1.093479	0.0052962576	-3	17	20	11	4/3/12/2/3	17	62	15	0	3	7	66	195	168	2	26	457
516	12408	1.093265	0.0052933596	5	22	17	9	1/5/11/2/5	16	63	15	0	3	7	66	196	167	2	27	456
517	12432	1.093051	0.0052904669	-5	12	17	19	3/7/8/4/2	16	62	15	0	3	7	65	197	166	2	26	455
518	12456	1.092839	0.0052875795	18	26	8	14	1/2/7/6/8	16	60	14	0	3	7	63	194	164	2	28	452
519	12480	1.092626	0.0052846973	0	15	15	18	2/7/6/7/2	16	60	14	0	3	7	63	194	164	2	28	452
520	12504	1.092414	0.0052818205	3	18	15	15	3/4/8/5/4	16	60	14	0	3	7	62	194	164	2	28	452
521	12528	1.092203	0.0052789489	-9	13	22	13	4/7/8/4/1	16	62	14	0	3	7	61	196	165	2	27	451
522	12552	1.091991	0.0052760825	-1	16	17	15	2/5/11/4/2	16	61	14	0	3	7	61	196	165	2	27	451
523	12576	1.091781	0.0052732214	-5	17	22	9	4/6/8/3/3	16	62	14	0	3	7	60	195	164	2	28	450
524	12600	1.091571	0.0052703655	7	21	14	13	3/6/2/7/6	16	61	14	0	3	7	59	197	163	2	27	451
525	12624	1.091361	0.0052675147	-5	13	18	17	4/3/12/4/1	16	62	14	0	3	7	58	196	162	2	27	450
526	12648	1.091151	0.0052646692	5	19	14	15	3/5/4/8/4	16	61	14	0	3	7	59	197	163	2	27	451
527	12672	1.090943	0.0052618288	0	17	17	14	3/6/6/6/3	16	61	14	0	3	7	59	197	163	2	27	451
528	12696	1.090734	0.0052589935	9	23	14	11	1/5/8/4/6	15	60	14	0	3	7	58	198	164	2	28	449
529	12720	1.090526	0.0052561634	-5	17	22	9	6/4/7/3/4	15	61	14	0	3	7	59	197	164	2	28	450
530	12744	1.090318	0.0052533384	-7	14	21	13	6/3/8/6/1	15	62	13	0	3	7	58	199	163	2	28	449
531	12768	1.090111	0.0052505185	-5	14	19	15	4/4/11/3/2	15	62	13	0	3	7	58	199	162	2	27	448
532	12792	1.089905	0.0052477036	10	22	12	14	1/7/5/3/8	15	61	14	0	4	7	60	201	163	2	26	450
533	12816	1.089698	0.0052448939	-4	15	19	14	6/4/4/8/2	15	61	14	0	4	7	60	201	164	2	26	449
534	12840	1.089492	0.0052420892	1	18	17	13	3/4/10/3/4	15	61	14	0	4	7	60	201	164	2	26	449
535	12864	1.089287	0.0052392896	-4	14	18	16	3/8/5/6/2	15	61	14	0	4	7	60	201	165	2	26	450
536	12888	1.089082	0.005236495	-11	13	24	11	3/8/10/3/0	16	62	13	0	4	7	61	199	166	2	27	448
537	12912	1.088877	0.0052337053	9	22	13	13	0/5/10/4/5	15	63	14	0	3	7	63	198	167	2	28	450
538	12936	1.088673	0.0052309207	0	17	17	14	2/5/10/5/2	15	63	14	0	3	7	63	198	167	2	28	450
539	12960	1.088469	0.0052281411	-10	11	21	16	4/8/7/4/1	16	62	13	0	3	7	61	196	169	2	27	448
540	12984	1.088266	0.0052253665	0	18	18	12	2/5/10/5/2	16	62	13	0	3	7	61	196	169	2	27	448
541	13008	1.088063	0.0052225968	0	16	16	16	2/5/11/3/3	16	62	13	0	3	7	61	196	169	2	27	448
542	13032	1.087860	0.005219832	4	19	15	14	2/5/6/9/2	16	62	14	0	3	7	62	197	168	2	27	449
543	13056	1.087658	0.0052170722	8	21	13	14	1/4/10/4/5	16	63	13	0	3	7	63	195	167	2	26	450
544	13080	1.087456	0.0052143173	-8	14	22	12	5/6/7/4/2	16	64	14	0	3	7	62	197	168	2	25	451
545	13104	1.087255	0.0052115673	0	17	17	14	0/7/12/3/2	16	64	14	0	3	7	62	197	168	2	25	451
546	13128	1.087054	0.0052088222	11	20	9	19	0/3/11/6/4	16	65	14	0	3	7	63	199	167	2	24	449
547	13152	1.086854	0.0052060819	2	20	18	10	3/4/9/4/4	16	65	14	0	3	7	64	198	167	2	25	450
548	13176	1.086654	0.0052033465	1	18	17	13	3/3/10/6/2	16	65	14	0	3	7	63	198	167	2	25	450
549	13200	1.086454	0.005200616	7	21	14	13	1/2/12/7/2	16	66	14	0	3	7	64	199	166	2	25	451
550	13224	1.086255	0.0051978902	-1	16	17	15	5/4/6/5/4	16	66	14	0	3	7	64	199	166	2	25	451
551	13248	1.086056	0.0051951693	4	19	15	14	2/3/10/7/2	16	65	13	0	3	7	64	199	166	2	25	451
552	13272	1.085857	0.0051924532	7	21	14	13	1/5/8/6/4	16	66	14	0	3	7	65	200	165	2	26	452
553	13296	1.085659	0.0051897419	-3	17	20	11	4/6/7/3/4	16	66	14	0	3	7	65	199	165	2	26	453
554	13320	1.085461	0.0051870354	-10	12	22	14	4/7/9/3/1	16	64	13	0	3	7	67	197	166	2	27	454
555	13344	1.085264	0.0051843336	-11	13	24	11	4/8/8/3/1	15	66	14	0	3	7	68	199	168	2	26	456
556	13368	1.085067	0.0051816366	-5	13	18	17	4/9/3/4/4	15	65	14	0	3	7	67	200	169	2	25	455
557	13392	1.084870	0.0051789443	-4	14	18	16	4/3/12/3/2	15	66	14	0	3	6	68	200	168	2	26	456
558	13416	1.084674	0.0051762567	5	21	16	11	3/4/6/7/4	15	66	14	0	3	6	69	199	167	2	26	455
559	13440	1.084478	0.0051735738	-2	17	19	12	3/4/11/4/2	15	67	14	0	3	6	69	199	168	2	26	455
560	13464	1.084283	0.0051708956	-5	17	22	9	4/2/14/3/1	15	67	14	0	3	6	68	200	168	2	26	456
561	13488	1.084088	0.0051682222	3	19	16	13	2/6/9/1/6	15	68	14	0	3	6	69	201	168	2	26	456
562	13512	1.083893	0.0051655533	4	18	14	16	2/3/11/5/3	15	67	14	0	3	6	68	201	168	2	26	456
563	13536	1.083699	0.0051628891	-3	15	18	15	4/4/9/5/2	15	67	14	0	3	6	69	201	169	2	25	455
564	13560	1.083505	0.0051602296	4	20	16	12	2/5/9/3/5	15	68	14	0	3	6	69	201	168	2	25	456
565	13584	1.083312	0.0051575747	-5	17	22	9	8/2/4/7/3	16	67	14	0	3	6	68	201	169	2	25	457
566	13608	1.083119	0.0051549244	6	22	16	10	3/3/8/5/5	16	68	14	0	3	6	69	199	168	2	25	458
567	13632	1.082926	0.0051522787	-16	10	26	12	7/3/13/1/0	15	66	14	0	3	7	71	197	170	2	27	455
568	13656	1.082733	0.0051496376	-3	16	19	13	4/4/10/3/3	15	66	14	0	3	7	72	196	170	2	27	455
569	13680	1.082541	0.0051470011	6	20	14	14	2/1/13/5/3	16	67	14	0	3	7	73	195	169	2	26	457
570	13704	1.082350	0.0051443691	0	17	17	14	2/3/13/5/1	16	67	14	0	3	7	73	195	169	2	26	457
571	13728	1.082159	0.0051417417	-2	13	15	20	2/4/13/4/1	16	67	14	0	3	7	72	195	169	2	26	457
572	13752	1.081968	0.0051391189	2	19	17	12	2/5/10/3/4	16	68	14	0	3	7	72	195	169	2	26	457
573	13776	1.081777	0.0051365005	-1	17	18	13	5/4/5/7/3	16	68	14	0	3	7	72	195	169	2	26	457
574	13800	1.081587	0.0051338867	0	19	19	10	4/2/10/6/2	16	68	14	0	3	7	72	195	169	2	26	457
575	13824	1.081397	0.0051312773	6	20	14	14	1/4/10/6/3	16	67	14	0	3	7	71	194	168	2	27	458
576	13848	1.081208	0.0051286725	2	18	16	14	2/4/11/4/3	16	67	14	0	3	7	71	194	168	2	27	458
577	13872	1.081019	0.0051260721	-9	15	24	9	6/4/8/5/1	16	65	14	0	3	7	70	196	167	2	27	457
578	13896	1.080830	0.0051234762	-8	16	24	8	6/4/8/4/2	16	64	14	0	3	7	69	194	168	2	28	455
579	13920	1.080642	0.0051208847	5	22	17	9	4/2/9/3/6	16	64	14	0	3	7	69	193	167	2	28	455
580	13944	1.080454	0.0051182977	-3	15	18	15	3/7/7/4/3	16	64	14	0	3	7	69	193	168	2	28	454
581	13968	1.080266	0.0051157151	2	19	17	12	3/3/9/7/2	16	64	14	0	3	7	69	193	168	2	28	454
582	13992	1.080079	0.0051131369	4	18	14	16	2/2/11/8/1	16	64	14	0	3	7	69	193	167	2	27	454
583	14016	1.079892	0.0051105631	-8	13	21	14	6/5/5/7/1	16	63	14	0	3	7	67	195	168	2	27	456
584	14040	1.079705	0.0051079937	-9	16	25	7	6/5/8/2/3	16	62	14	0	3	7	66	196	170	2	26	457
585	14064	1.079519	0.0051054287	7	22	15	11	2/5/6/6/5	16	62	15	0	3	7	67	195	169	2	25	456
586	14088	1.079333	0.005102868	3	20	17	11	2/5/9/4/4	16	62	14	0	3	7	68	196	169	2	26	457
587	14112	1.079147	0.0051003117	4	21	17	10	1/6/9/4/4	16	62	14	0	3	7	67	196	170	2	26	456
588	14136	1.078962	0.0050977597	8	21	13	14	1/6/6/6/5	16	60	14	0	3	7	66	198	171	2	27	457
589	14160	1.078777	0.005095212	6	21	15	12	2/4/9/4/5	16	61	14	0	3	7	67	199	171	2	26	456
590	14184	1.078593	0.0050926687	3	18	15	15	3/2/10/7/2	16	61	14	0	3	7	66	198	171	2	26	457
591	14208	1.078409	0.0050901297	0	18	18	12	5/1/10/5/3	16	61	14	0	3	7	66	198	171	2	26	457
592	14232	1.078225	0.0050875949	-5	13	18	17	3/8/5/7/1	16	62	15	0	3	7	67	199	170	2	25	458
593	14256	1.078042	0.0050850645	6	19	13	16	1/4/10/6/3	16	62	14	0	3	7	68	200	171	2	25	457
594	14280	1.077858	0.0050825383	6	18	12	18	2/3/8/9/2	16	63	15	0	3	7	69	199	170	2	24	456
595	14304	1.077676	0.0050800163	1	20	19	9	5/1/10/4/4	16	63	15	0	3	7	69	199	170	2	24	455
596	14328	1.077493	0.0050774986	11	23	12	13	2/2/8/7/5	16	62	15	0	3	7	70	197	172	2	23	457
597	14352	1.077311	0.0050749852	9	22	13	13	1/3/9/8/3	16	63	15	0	3	7	71	195	171	2	24	459
598	14376	1.077129	0.0050724759	2	21	19	8	5/4/5/4/6	16	63	15	0	3	7	71	195	170	2	24	459
599	14400	1.076948	0.0050699709	9	20	11	17	2/4/6/7/5	16	62	15	0	3	7	70	193	172	2	25	460
600	14424	1.076767	0.0050674701	4	21	17	10	4/1/10/5/4	16	62	15	0	3	7	70	193	171	2	25	461
601	14448	1.076586	0.0050649734	3	21	18	9	2/5/9/4/4	16	62	15	0	3	7	70	193	171	2	25	460
602	14472	1.076405	0.0050624809	-9	16	25	7	6/4/9/3/2	16	63	15	0	3	6	71	192	172	2	26	462
603	14496	1.076225	0.0050599926	4	15	11	22	0/9/6/5/4	16	63	15	0	3	6	72	192	171	2	26	463
604	14520	1.076045	0.0050575084	5	20	15	13	2/5/7/6/4	16	63	15	0	3	7	72	193	171	2	27	462
605	14544	1.075866	0.0050550284	3	19	16	13	3/2/9/9/1	16	64	15	0	3	7	73	194	171	2	27	462
606	14568	1.075687	0.0050525525	-7	15	22	11	5/5/8/4/2	16	63	15	0	3	7	74	193	170	2	26	461
607	14592	1.075508	0.0050500808	-4	14	18	16	2/9/7/3/3	16	62	15	0	3	7	73	193	171	2	26	460
608	14616	1.075330	0.0050476131	-2	15	17	16	2/8/7/4/3	16	62	15	0	3	7	73	193	171	2	25	461
609	14640	1.075151	0.0050451495	3	17	14	17	1/4/11/7/1	16	62	14	0	3	7	74	192	171	2	26	461
610	14664	1.074973	0.00504269	2	21	19	8	3/3/10/5/3	16	62	14	0	3	7	73	192	172	2	26	461
611	14688	1.074796	0.0050402346	0	18	18	12	5/1/10/5/3	16	62	14	0	3	7	73	192	172	2	26	461
612	14712	1.074619	0.0050377833	11	24	13	11	1/4/7/7/5	16	61	15	0	3	7	75	190	173	2	27	463
613	14736	1.074442	0.005035336	-4	15	19	14	3/6/9/4/2	16	61	15	0	3	7	75	191	174	2	27	463
614	14760	1.074265	0.0050328927	-1	17	18	13	2/8/6/5/3	16	61	15	0	3	7	75	191	173	2	27	464
615	14784	1.074089	0.0050304535	2	15	13	20	0/8/8/6/2	16	61	15	0	3	7	76	191	173	2	27	464
616	14808	1.073913	0.0050280182	2	20	18	10	2/6/8/4/4	16	62	15	0	3	6	75	191	173	2	27	464
617	14832	1.073737	0.005025587	4	22	18	8	1/3/14/3/3	16	61	15	0	3	7	76	190	172	2	27	464
618	14856	1.073562	0.0050231598	-14	13	27	8	7/5/8/3/1	16	59	15	0	3	7	74	188	174	2	26	466
619	14880	1.073387	0.0050207366	0	19	19	10	5/4/6/4/5	16	59	15	0	3	7	74	188	174	2	26	466
620	14904	1.073212	0.0050183174	-9	13	22	13	6/5/7/4/2	16	60	15	0	3	7	73	189	175	2	26	465
621	14928	1.073038	0.0050159021	6	23	17	8	4/2/7/6/5	16	61	15	0	3	7	74	188	176	2	27	463
622	14952	1.072864	0.0050134907	-9	14	23	11	5/5/10/2/2	16	60	15	0	3	7	75	187	175	2	26	462
623	14976	1.072690	0.0050110833	-9	13	22	13	5/6/8/3/2	16	61	15	0	3	7	74	188	174	2	27	460
624	15000	1.072517	0.0050086799	-7	14	21	13	5/5/8/4/2	16	62	15	0	3	7	75	190	173	2	27	462
625	15024	1.072343	0.0050062803	8	22	14	12	2/3/8/7/4	16	63	15	0	3	7	74	188	174	2	27	463
626	15048	1.072171	0.0050038847	-10	10	20	18	5/5/10/3/1	16	64	15	0	3	7	75	190	175	2	26	461
627	15072	1.071998	0.005001493	-3	18	21	9	3/6/9/3/3	16	64	15	0	3	7	75	190	176	2	26	461
628	15096	1.071826	0.0049991052	3	19	16	13	4/2/9/5/4	16	64	15	0	3	7	75	190	176	2	26	460
629	15120	1.071654	0.0049967212	-10	13	23	12	7/5/5/5/2	17	65	15	0	3	7	76	192	177	2	25	462
630	15144	1.071482	0.0049943411	6	20	14	14	0/6/9/6/3	17	66	15	0	3	7	77	191	177	2	25	461
631	15168	1.071311	0.0049919649	0	18	18	12	3/4/9/6/2	17	66	15	0	3	7	77	191	177	2	25	461
632	15192	1.071140	0.0049895925	-4	16	20	12	3/9/5/3/4	17	66	15	0	3	7	76	190	177	2	25	460
633	15216	1.070969	0.004987224	7	21	14	13	0/4/12/5/3	17	65	15	0	3	7	76	191	178	2	24	461
634	15240	1.070799	0.0049848593	1	17	16	15	1/6/10/5/2	17	65	15	0	3	7	76	191	178	2	24	461
635	15264	1.070628	0.0049824984	8	22	14	12	1/4/10/4/5	17	66	15	0	3	7	75	192	177	2	25	460
636	15288	1.070458	0.0049801413	4	22	18	8	2/3/11/5/3	17	67	15	0	3	7	75	193	178	2	25	459
637	15312	1.070289	0.004977788	-2	13	15	20	1/9/6/7/1	17	67	15	0	3	7	75	193	178	2	25	460
638	15336	1.070120	0.0049754385	10	24	14	10	1/5/8/3/7	17	66	15	0	3	7	76	191	177	2	24	458
639	15360	1.069951	0.0049730928	5	21	16	11	3/3/8/6/4	17	66	15	0	3	7	77	192	177	2	24	459
640	15384	1.069782	0.0049707509	1	19	18	11	1/6/11/3/3	17	66	15	0	3	7	77	192	177	2	24	459
641	15408	1.069613	0.0049684127	2	17	15	16	4/2/8/8/2	17	66	15	0	3	7	77	192	177	2	24	458
642	15432	1.069445	0.0049660782	9	23	14	11	0/4/10/7/3	17	65	15	0	3	7	76	194	178	2	23	460
643	15456	1.069278	0.0049637475	-4	18	22	8	7/3/5/5/4	17	64	15	0	3	7	76	195	178	2	23	460
644	15480	1.069110	0.0049614205	1	19	18	11	4/4/7/5/4	17	64	15	0	3	7	76	194	179	2	23	460
645	15504	1.068943	0.0049590973	3	21	18	9	2/5/10/2/5	17	64	15	0	3	7	76	194	178	2	23	460
646	15528	1.068776	0.0049567777	7	20	13	15	2/4/9/3/6	17	63	15	0	3	7	75	193	179	2	24	459
647	15552	1.068609	0.0049544619	11	24	13	11	2/2/9/5/6	17	62	15	0	3	7	73	195	178	2	25	457
648	15576	1.068443	0.0049521497	-6	14	20	14	2/9/8/3/2	17	61	15	0	3	7	74	196	177	2	24	458
649	15600	1.068276	0.0049498412	0	18	18	12	3/4/10/4/3	17	61	15	0	3	7	74	196	177	2	24	458
650	15624	1.068111	0.0049475364	1	17	16	15	4/3/9/4/4	17	61	15	0	3	7	74	196	177	2	24	458
651	15648	1.067945	0.0049452352	-8	13	21	14	7/2/8/6/1	17	62	15	0	3	7	73	197	176	2	25	456
652	15672	1.067780	0.0049429377	3	17	14	17	0/7/9/6/2	17	61	15	0	3	7	73	197	176	2	25	456
653	15696	1.067615	0.0049406439	-1	17	18	13	3/6/7/5/3	17	62	15	0	3	7	73	196	176	2	25	456
654	15720	1.067450	0.0049383536	1	20	19	9	4/4/7/5/4	17	62	15	0	3	7	74	197	176	2	25	456
655	15744	1.067286	0.004936067	5	20	15	13	2/2/11/7/2	17	62	15	0	3	7	73	197	176	2	25	456
656	15768	1.067121	0.004933784	12	23	11	14	1/4/6/8/5	17	61	15	0	3	7	71	195	174	2	24	459
657	15792	1.066957	0.0049315046	-9	13	22	13	4/6/10/3/1	17	62	15	0	3	6	73	197	173	2	25	457
658	15816	1.066794	0.0049292288	9	19	10	19	1/3/8/10/2	17	61	15	0	3	7	71	198	174	2	25	455
659	15840	1.066630	0.0049269566	0	17	17	14	2/2/15/4/1	17	61	15	0	3	7	71	198	174	2	25	455
660	15864	1.066467	0.0049246879	-4	16	20	12	5/4/8/4/3	17	60	15	0	3	7	72	199	174	2	25	455
661	15888	1.066305	0.0049224228	4	20	16	12	3/2/10/6/3	17	61	14	0	3	7	71	200	174	2	25	455
662	15912	1.066142	0.0049201613	0	20	20	8	4/3/10/3/4	17	61	14	0	3	7	71	200	174	2	25	455
663	15936	1.065980	0.0049179033	-5	16	21	11	7/2/8/3/4	17	61	14	0	3	7	72	199	174	2	25	456
664	15960	1.065818	0.0049156489	4	18	14	16	2/5/8/5/4	17	61	14	0	3	7	72	200	174	2	25	457
665	15984	1.065656	0.004913398	2	18	16	14	3/3/10/5/3	17	61	14	0	3	7	71	199	174	2	24	457
666	16008	1.065494	0.0049111506	-2	15	17	16	1/7/10/5/1	17	61	14	0	3	7	72	199	174	2	24	457
667	16032	1.065333	0.0049089067	15	25	10	13	1/4/5/7/7	17	63	15	0	3	6	73	196	172	2	26	454
668	16056	1.065172	0.0049066663	-6	15	21	12	3/7/8/5/1	16	62	14	0	3	6	73	195	172	2	26	453
669	16080	1.065012	0.0049044295	4	20	16	12	5/1/6/9/3	16	62	14	0	3	6	72	196	171	2	26	454
670	16104	1.064851	0.004902196	6	22	16	10	3/4/6/6/5	16	61	15	0	3	6	71	195	170	2	27	453
671	16128	1.064691	0.0048999661	11	22	11	15	2/1/9/8/4	17	59	14	0	3	6	73	197	169	2	26	455
672	16152	1.064531	0.0048977396	5	20	15	13	4/2/8/5/5	17	60	14	0	3	6	73	196	168	2	26	456
673	16176	1.064372	0.0048955166	7	18	11	19	2/5/5/8/4	17	61	14	0	3	6	73	195	169	2	25	457
674	16200	1.064212	0.0048932971	0	18	18	12	3/3/10/7/1	17	61	14	0	3	6	73	195	169	2	25	457
675	16224	1.064053	0.004891081	9	21	12	15	1/6/5/7/5	17	60	14	0	3	6	71	193	170	2	26	458
676	16248	1.063894	0.0048888683	1	19	18	11	3/3/11/4/3	17	60	14	0	3	6	71	193	170	2	26	458
677	16272	1.063736	0.004886659	-3	15	18	15	4/6/6/5/3	17	60	14	0	3	6	71	193	171	2	26	459
678	16296	1.063577	0.0048844531	0	16	16	16	2/5/10/5/2	17	60	14	0	3	6	71	193	171	2	26	459
679	16320	1.063419	0.0048822507	-7	15	22	11	4/6/8/5/1	17	61	14	0	3	6	70	194	170	2	25	458
680	16344	1.063261	0.0048800516	-2	16	18	14	6/4/4/6/4	17	61	14	0	3	6	70	194	169	2	26	457
681	16368	1.063104	0.0048778559	-3	13	16	19	3/7/5/8/1	16	62	14	0	3	6	69	193	169	2	26	458
682	16392	1.062947	0.0048756636	-2	17	19	12	5/2/8/8/1	17	62	14	0	3	6	69	193	169	2	26	457
683	16416	1.062789	0.0048734747	-1	16	17	15	4/5/5/8/2	17	62	14	0	3	6	69	193	169	2	26	457
684	16440	1.062633	0.0048712891	1	18	17	13	2/3/14/2/3	16	62	14	0	3	6	69	193	169	2	26	457
685	16464	1.062476	0.0048691069	0	15	15	18	2/5/9/7/1	16	62	14	0	3	6	69	193	169	2	26	457
686	16488	1.062320	0.004866928	-3	16	19	13	5/2/10/5/2	17	62	14	0	3	6	69	194	169	2	25	457
687	16512	1.062164	0.0048647525	0	16	16	16	3/3/12/3/3	17	62	14	0	3	6	69	194	169	2	25	457
688	16536	1.062008	0.0048625803	-8	16	24	8	8/2/7/4/3	17	63	14	0	3	6	70	195	168	2	26	458
689	16560	1.061852	0.0048604114	-8	15	23	10	5/4/11/2/2	17	62	14	0	3	6	69	196	167	2	25	457
690	16584	1.061697	0.0048582458	-6	17	23	8	5/3/10/5/1	17	62	14	0	3	6	68	195	166	2	26	456
691	16608	1.061542	0.0048560835	-4	16	20	12	4/5/7/7/1	17	62	14	0	3	6	69	195	165	2	26	455
692	16632	1.061387	0.0048539245	-9	15	24	9	5/3/12/4/0	16	63	14	0	3	6	70	196	164	2	26	454
693	16656	1.061233	0.0048517688	-7	14	21	13	4/5/10/4/1	17	64	14	0	3	6	71	197	165	2	25	453
694	16680	1.061078	0.0048496164	2	19	17	12	2/2/13/6/1	17	64	14	0	3	6	70	197	165	2	25	453
695	16704	1.060924	0.0048474672	-5	14	19	15	4/6/7/5/2	17	65	14	0	3	6	70	198	166	2	25	454
696	16728	1.060770	0.0048453213	3	17	14	17	0/7/9/6/2	17	65	14	0	3	6	69	198	166	2	25	454
697	16752	1.060617	0.0048431786	-4	17	21	10	4/6/7/4/3	17	66	14	0	3	6	70	198	166	2	25	455
698	16776	1.060463	0.0048410392	-8	12	20	16	4/8/6/4/2	17	67	14	0	3	7	71	199	165	2	26	454
699	16800	1.060310	0.004838903	4	20	16	12	2/4/9/6/3	17	66	14	0	3	7	71	198	165	2	26	453
700	16824	1.060158	0.0048367701	4	19	15	14	4/2/7/8/3	17	66	14	0	3	7	71	198	165	2	25	452
701	16848	1.060005	0.0048346404	5	20	15	13	3/1/10/8/2	17	66	14	0	3	7	70	198	165	2	25	453
702	16872	1.059852	0.0048325138	8	18	10	20	0/4/10/8/2	17	67	14	0	3	7	69	197	164	2	26	452
703	16896	1.059700	0.0048303905	2	20	18	10	5/3/5/7/4	17	67	14	0	3	7	69	197	164	2	26	452
704	16920	1.059548	0.0048282704	-6	15	21	12	4/6/8/4/2	16	68	14	0	3	7	70	196	164	2	25	451
705	16944	1.059397	0.0048261534	1	17	16	15	2/6/8/5/3	16	68	14	0	3	7	70	196	164	2	25	451
706	16968	1.059245	0.0048240397	-5	16	21	11	4/5/9/4/2	16	68	14	0	3	7	69	195	165	2	25	450
707	16992	1.059094	0.0048219291	2	21	19	8	4/2/9/6/3	16	68	14	0	3	7	69	196	165	2	25	450
708	17016	1.058943	0.0048198217	-4	16	20	12	4/6/6/6/2	16	69	14	0	3	7	70	195	164	2	25	449
709	17040	1.058792	0.0048177174	-3	14	17	17	4/5/7/6/2	17	69	14	0	3	7	70	195	164	2	24	449
710	17064	1.058642	0.0048156163	-5	15	20	13	4/5/8/6/1	16	68	14	0	3	7	71	195	165	2	24	449
711	17088	1.058492	0.0048135183	-3	18	21	9	4/4/9/5/2	16	68	14	0	3	7	70	196	165	2	24	448
712	17112	1.058342	0.0048114234	-3	17	20	11	4/5/7/6/2	16	68	14	0	3	7	70	196	165	2	24	448
713	17136	1.058192	0.0048093317	5	19	14	15	2/4/9/5/4	16	68	14	0	3	7	71	196	165	2	24	448
714	17160	1.058042	0.0048072431	-4	14	18	16	3/7/7/5/2	16	69	14	0	3	7	71	195	166	2	24	448
715	17184	1.057893	0.0048051576	-10	14	24	10	7/4/7/4/2	17	68	14	0	3	7	70	193	164	2	23	446
716	17208	1.057744	0.0048030752	-5	16	21	11	4/4/12/1/3	17	68	14	0	3	7	69	194	165	2	23	445
717	17232	1.057595	0.0048009959	-6	12	18	18	4/6/8/4/2	16	67	14	0	3	7	70	193	166	2	22	446
718	17256	1.057446	0.0047989196	5	20	15	13	1/6/9/3/5	17	68	14	0	3	7	69	194	166	2	23	447
719	17280	1.057298	0.0047968465	-3	13	16	19	3/5/9/6/1	17	68	14	0	3	7	70	194	167	2	22	447
720	17304	1.057150	0.0047947764	-3	16	19	13	3/4/11/5/1	17	68	14	0	3	7	70	195	166	2	22	446
721	17328	1.057002	0.0047927094	-2	14	16	18	2/6/9/6/1	17	68	14	0	3	7	70	195	166	2	22	446
722	17352	1.056854	0.0047906454	12	23	11	14	1/3/8/7/5	17	66	14	0	3	7	72	197	165	2	21	444
723	17376	1.056706	0.0047885845	-4	18	22	8	3/7/9/1/4	17	67	14	0	3	7	71	196	164	2	21	445
724	17400	1.056559	0.0047865266	-2	17	19	12	3/6/8/4/3	17	67	14	0	3	7	71	196	164	2	21	445
725	17424	1.056412	0.0047844718	4	19	15	14	1/7/8/3/5	17	67	14	0	3	7	72	196	164	2	21	444
726	17448	1.056265	0.0047824199	-4	18	22	8	5/3/9/5/2	17	67	14	0	3	7	71	196	163	2	21	445
727	17472	1.056118	0.0047803711	6	24	18	6	3/2/10/4/5	17	67	14	0	3	7	71	195	163	2	22	444
728	17496	1.055972	0.0047783253	3	23	20	5	5/2/9/1/7	17	68	14	0	3	7	70	196	163	2	22	443
729	17520	1.055826	0.0047762825	8	22	14	12	2/4/7/6/5	17	69	14	0	3	7	71	197	162	2	21	445
730	17544	1.055680	0.0047742427	10	23	13	12	2/3/8/5/6	17	67	14	0	3	7	70	199	163	2	20	446
731	17568	1.055534	0.0047722059	-12	13	25	10	7/6/6/2/3	17	66	14	0	3	7	72	197	165	2	20	444
732	17592	1.055389	0.0047701721	-6	13	19	16	2/9/8/3/2	17	65	14	0	3	7	72	198	164	2	20	445
733	17616	1.055243	0.0047681413	5	20	15	13	1/4/10/7/2	17	65	14	0	3	7	72	197	165	2	20	445
734	17640	1.055098	0.0047661134	-10	12	22	14	4/8/7/4/1	18	63	14	0	3	7	71	195	163	2	21	443
735	17664	1.054953	0.0047640884	-2	17	19	12	5/3/9/3/4	18	64	14	0	3	7	70	196	163	2	21	443
736	17688	1.054809	0.0047620665	14	25	11	12	1/2/9/6/6	18	65	14	0	3	7	69	193	165	2	22	441
737	17712	1.054664	0.0047600474	-5	15	20	13	4/6/7/5/2	18	65	14	0	3	7	69	194	166	2	23	440
738	17736	1.054520	0.0047580313	2	19	17	12	2/4/12/2/4	18	65	14	0	3	7	69	194	165	2	22	441
739	17760	1.054376	0.0047560182	-9	14	23	11	7/2/10/3/2	18	64	14	0	3	7	70	192	164	3	23	439
740	17784	1.054232	0.0047540079	2	20	18	10	3/5/7/5/4	18	64	14	0	3	7	70	193	164	3	23	439
741	17808	1.054089	0.0047520006	-9	13	22	13	3/5/14/2/0	18	65	14	0	3	7	69	194	163	2	24	437
742	17832	1.053945	0.0047499962	2	20	18	10	4/3/9/3/5	18	65	14	0	3	7	69	194	163	2	24	438
743	17856	1.053802	0.0047479946	-3	16	19	13	3/7/6/6/2	18	65	14	0	3	7	69	194	163	2	24	438
744	17880	1.053659	0.004745996	5	21	16	11	3/3/8/6/4	18	64	14	0	3	7	69	195	163	2	23	439
745	17904	1.053516	0.0047440003	0	18	18	12	4/5/5/7/3	18	64	14	0	3	7	69	195	163	2	23	439
746	17928	1.053374	0.0047420074	-1	18	19	11	2/6/9/5/2	18	64	14	0	3	7	69	195	163	2	23	439
747	17952	1.053232	0.0047400175	-1	18	19	11	3/3/12/4/2	18	64	14	0	3	7	69	195	163	2	23	439
748	17976	1.053089	0.0047380303	-14	8	22	18	6/7/7/3/1	18	63	14	0	3	7	67	193	162	3	25	437
749	18000	1.052948	0.0047360461	-3	17	20	11	5/4/7/5/3	18	63	14	0	3	7	68	193	162	3	25	437
750	18024	1.052806	0.0047340647	4	18	14	16	2/7/4/7/4	18	63	14	0	3	7	67	194	162	3	25	438
751	18048	1.052664	0.0047320861	0	18	18	12	1/9/8/1/5	18	63	14	0	3	7	67	194	162	3	25	438
752	18072	1.052523	0.0047301104	5	20	15	13	1/4/11/5/3	18	62	14	0	3	7	67	195	162	3	25	439
753	18096	1.052382	0.0047281375	-10	14	24	10	5/5/10/3/1	18	61	14	0	3	7	65	193	161	3	26	437
754	18120	1.052241	0.0047261675	2	21	19	8	3/3/11/3/4	18	61	14	0	3	7	65	194	161	3	26	437
755	18144	1.052100	0.0047242003	8	19	11	18	1/2/10/10/1	18	60	14	0	3	7	66	195	160	3	27	438
756	18168	1.051960	0.0047222358	-1	18	19	11	2/5/11/4/2	18	60	14	0	3	7	66	195	160	3	27	438
757	18192	1.051820	0.0047202742	2	21	19	8	3/2/12/4/3	18	60	14	0	3	7	66	194	160	3	27	438
758	18216	1.051680	0.0047183154	3	20	17	11	3/7/4/4/6	18	60	14	0	3	7	66	194	160	3	27	439
759	18240	1.051540	0.0047163594	-7	14	21	13	6/2/11/3/2	18	61	14	0	3	7	67	195	161	3	28	437
760	18264	1.051400	0.0047144061	-6	15	21	12	3/6/10/4/1	18	60	14	0	3	7	66	196	160	3	27	437
761	18288	1.051261	0.0047124557	-4	15	19	14	3/8/5/6/2	18	60	14	0	3	7	66	197	160	3	27	437
762	18312	1.051122	0.004710508	-12	11	23	14	6/6/6/6/0	18	61	14	0	3	7	65	198	161	3	26	435
763	18336	1.050982	0.0047085631	5	22	17	9	3/4/8/3/6	18	61	14	0	3	7	64	199	160	3	26	434
764	18360	1.050844	0.0047066209	7	21	14	13	1/6/6/7/4	18	60	14	0	3	7	63	198	160	3	26	436
765	18384	1.050705	0.0047046815	3	17	14	17	1/5/11/4/3	18	60	14	0	3	7	63	199	160	3	26	436
766	18408	1.050567	0.0047027448	7	22	15	11	1/3/12/4/4	18	60	14	0	3	7	63	197	161	3	25	435
767	18432	1.050428	0.0047008109	-1	17	18	13	3/4/10/5/2	18	61	14	0	3	7	63	198	161	3	25	435
768	18456	1.050290	0.0046988797	-9	15	24	9	6/5/8/2/3	18	59	14	0	3	7	64	196	162	3	26	433
769	18480	1.050152	0.0046969512	5	22	17	9	4/2/7/7/4	18	59	14	0	3	7	64	195	162	3	26	434
770	18504	1.050015	0.0046950255	-12	11	23	14	6/6/6/6/0	18	60	14	0	3	7	63	194	164	3	25	432
771	18528	1.049877	0.0046931025	0	17	17	14	1/7/9/5/2	18	60	14	0	3	7	63	194	164	3	25	432
772	18552	1.049740	0.0046911821	-1	14	15	19	3/6/5/9/1	18	60	14	0	3	7	63	193	164	3	25	432
773	18576	1.049603	0.0046892645	-2	14	16	18	2/5/11/5/1	18	60	14	0	3	7	62	193	164	3	25	432
774	18600	1.049466	0.0046873496	-3	17	20	11	4/5/8/4/3	18	60	14	0	3	7	62	193	164	3	26	431
775	18624	1.049329	0.0046854374	6	22	16	10	1/4/11/4/4	18	61	13	0	3	7	63	194	164	3	25	430
776	18648	1.049193	0.0046835278	-3	17	20	11	6/3/6/6/3	18	61	13	0	3	7	62	193	165	3	25	430
777	18672	1.049057	0.0046816209	-5	10	15	23	3/6/8/7/0	18	60	14	0	3	7	63	194	165	3	25	429
778	18696	1.048921	0.0046797167	1	19	18	11	2/6/9/3/4	18	60	14	0	3	7	63	194	165	3	25	429
779	18720	1.048785	0.0046778152	1	19	18	11	3/3/11/4/3	18	60	13	0	3	7	63	194	165	3	25	429
780	18744	1.048649	0.0046759163	-11	12	23	13	5/6/9/3/1	18	62	14	0	3	7	62	192	164	3	24	427
781	18768	1.048514	0.00467402	-2	14	16	18	4/5/7/5/3	18	61	14	0	3	7	62	192	164	3	25	427
782	18792	1.048378	0.0046721264	-4	14	18	16	5/6/3/8/2	18	61	14	0	3	7	62	193	165	3	24	426
783	18816	1.048243	0.0046702355	1	18	17	13	2/8/6/3/5	18	61	14	0	3	7	63	193	165	3	24	427
784	18840	1.048108	0.0046683472	-3	15	18	15	3/7/7/4/3	18	61	14	0	3	7	63	192	165	3	24	426
785	18864	1.047973	0.0046664615	-2	16	18	14	2/8/8/2/4	18	61	14	0	3	7	63	192	166	3	24	426
786	18888	1.047839	0.0046645784	5	19	14	15	2/3/8/10/1	18	61	14	0	3	7	63	193	165	3	25	427
787	18912	1.047704	0.0046626979	0	14	14	20	0/7/11/5/1	18	61	14	0	3	7	63	193	165	3	25	427
788	18936	1.047570	0.0046608201	-4	14	18	16	6/2/8/6/2	18	60	14	0	3	7	63	193	165	3	25	428
789	18960	1.047436	0.0046589448	9	24	15	9	4/2/5/7/6	18	59	14	0	3	7	64	192	166	3	26	429
790	18984	1.047302	0.0046570722	-8	16	24	8	5/5/10/1/3	18	58	14	0	3	7	65	193	165	3	25	431
791	19008	1.047169	0.0046552021	-1	20	21	7	5/1/11/4/3	18	58	13	0	3	7	65	193	165	3	25	430
792	19032	1.047035	0.0046533346	3	20	17	11	2/4/10/5/3	18	59	14	0	3	7	65	192	164	3	25	430
793	19056	1.046902	0.0046514697	-3	14	17	17	3/7/5/8/1	18	58	13	0	3	7	65	192	165	3	25	429
794	19080	1.046769	0.0046496074	-7	15	22	11	7/3/6/6/2	19	59	14	0	3	7	64	193	165	3	26	431
795	19104	1.046636	0.0046477476	-4	16	20	12	4/4/10/4/2	19	59	14	0	3	7	64	194	166	3	25	431
796	19128	1.046503	0.0046458904	5	21	16	11	1/6/9/3/5	18	59	14	0	3	7	64	193	166	3	26	432
797	19152	1.046371	0.0046440357	2	21	19	8	3/3/10/5/3	19	59	14	0	3	7	64	193	166	3	25	432
798	19176	1.046238	0.0046421836	5	18	13	17	1/5/8/8/2	18	60	14	0	3	6	64	194	166	3	26	432
799	19200	1.046106	0.0046403341	0	20	20	8	3/3/12/3/3	18	60	14	0	3	6	64	194	166	3	26	432
800	19224	1.045974	0.004638487	-2	17	19	12	3/6/9/2/4	18	59	14	0	3	7	64	194	166	3	26	432
801	19248	1.045843	0.0046366425	-4	16	20	12	6/2/9/4/3	19	59	14	0	3	7	64	194	165	3	26	431
802	19272	1.045711	0.0046348006	-4	14	18	16	4/4/9/6/1	18	59	14	0	3	7	64	195	166	3	26	432
803	19296	1.045579	0.0046329611	-2	16	18	14	3/6/8/4/3	18	59	14	0	3	6	64	195	166	3	26	432
804	19320	1.045448	0.0046311242	-4	15	19	14	4/6/7/4/3	18	60	14	0	3	7	64	195	166	3	26	432
805	19344	1.045317	0.0046292897	1	20	19	9	3/5/8/4/4	18	60	14	0	3	7	63	195	165	3	26	432
806	19368	1.045186	0.0046274578	16	24	8	16	0/2/8/10/4	19	58	14	0	2	6	62	193	167	3	27	429
807	19392	1.045056	0.0046256284	-4	16	20	12	4/5/7/7/1	19	57	14	0	2	6	61	194	168	3	27	429
808	19416	1.044925	0.0046238014	12	23	11	14	0/3/11/5/5	19	59	14	0	3	6	60	195	169	3	26	427
809	19440	1.044795	0.004621977	-15	9	24	15	5/7/10/2/0	19	60	14	0	3	6	61	198	167	3	25	429
810	19464	1.044664	0.004620155	7	21	14	13	1/4/11/3/5	19	61	14	0	3	6	61	199	167	3	24	428
811	19488	1.044534	0.0046183355	-2	12	14	22	3/4/9/8/0	19	61	14	0	3	6	61	199	166	3	24	429
812	19512	1.044405	0.0046165184	0	18	18	12	3/4/10/4/3	19	61	14	0	3	6	61	199	166	3	24	429
813	19536	1.044275	0.0046147039	6	20	14	14	4/3/4/9/4	19	62	14	0	3	6	62	200	166	3	25	429
814	19560	1.044145	0.0046128917	-2	15	17	16	1/6/12/4/1	19	62	14	0	3	6	61	200	166	3	24	430
815	19584	1.044016	0.0046110821	6	20	14	14	2/2/10/8/2	19	61	14	0	3	6	61	201	167	3	25	431
816	19608	1.043887	0.0046092748	3	18	15	15	1/8/6/5/4	19	62	14	0	3	6	61	200	166	3	25	430
817	19632	1.043758	0.0046074701	1	18	17	13	3/6/6/5/4	19	62	14	0	3	6	61	200	166	3	25	430
818	19656	1.043629	0.0046056677	-6	14	20	14	5/4/8/6/1	19	62	14	0	3	6	60	201	166	3	25	431
819	19680	1.043501	0.0046038678	12	27	15	6	2/2/9/4/7	19	61	14	0	3	6	59	199	167	3	25	429
820	19704	1.043372	0.0046020703	0	19	19	10	4/2/10/6/2	19	61	14	0	3	6	59	199	167	3	25	429
821	19728	1.043244	0.0046002752	-6	17	23	8	4/5/11/1/3	19	60	14	0	3	6	58	198	166	3	24	429
822	19752	1.043116	0.0045984825	4	19	15	14	0/5/12/5/2	19	60	14	0	3	6	58	199	166	3	24	429
823	19776	1.042988	0.0045966923	6	20	14	14	1/4/9/8/2	19	59	14	0	3	6	57	198	165	3	25	428
824	19800	1.042860	0.0045949044	-5	16	21	11	4/5/9/4/2	19	59	14	0	3	6	58	199	166	3	25	429
825	19824	1.042733	0.0045931189	-1	18	19	11	5/4/7/3/5	19	59	14	0	3	6	58	198	166	3	25	429
826	19848	1.042605	0.0045913359	-13	12	25	11	5/7/9/2/1	19	60	13	0	3	6	59	200	164	3	24	427
827	19872	1.042478	0.0045895552	1	16	15	17	3/2/11/7/1	19	60	14	0	3	6	60	200	164	3	24	427
828	19896	1.042351	0.0045877769	5	20	15	13	2/5/7/6/4	19	60	14	0	3	6	60	200	165	3	24	428
829	19920	1.042224	0.0045860009	-11	12	23	13	5/9/4/4/2	19	61	14	0	3	7	59	198	164	3	24	429
830	19944	1.042097	0.0045842274	-6	15	21	12	4/8/5/4/3	19	60	14	0	3	7	60	197	163	3	24	430
831	19968	1.041971	0.0045824562	-5	11	16	21	1/8/11/3/1	19	60	14	0	2	7	60	196	162	3	24	431
832	19992	1.041844	0.0045806873	0	16	16	16	1/6/10/6/1	19	60	14	0	2	7	60	196	162	3	24	431
833	20016	1.041718	0.0045789208	5	19	14	15	2/4/8/7/3	19	60	14	0	3	7	60	197	163	3	24	432
834	20040	1.041592	0.0045771567	-6	14	20	14	2/9/8/3/2	19	60	14	0	3	7	59	196	164	3	25	431
835	20064	1.041466	0.0045753949	5	20	15	13	3/3/8/6/4	19	59	14	0	3	6	59	195	163	3	25	432
836	20088	1.041340	0.0045736354	-5	16	21	11	2/8/9/3/2	19	58	14	0	2	7	59	195	164	3	25	431
837	20112	1.041215	0.0045718783	-12	12	24	12	6/4/10/4/0	19	60	14	0	3	6	57	196	165	3	24	429
838	20136	1.041089	0.0045701235	0	19	19	10	2/6/11/0/5	19	60	14	0	3	6	57	196	165	3	24	429
839	20160	1.040964	0.004568371	-3	15	18	15	3/6/9/3/3	19	60	14	0	3	6	57	196	165	3	23	430
840	20184	1.040839	0.0045666208	-2	17	19	12	4/5/7/5/3	19	60	14	0	3	6	57	196	166	3	23	430
841	20208	1.040714	0.004564873	9	20	11	17	0/5/8/8/3	19	61	14	0	3	6	56	194	165	3	23	431
842	20232	1.040589	0.0045631274	2	18	16	14	1/6/10/4/3	19	61	14	0	3	6	56	195	164	3	23	432
843	20256	1.040465	0.0045613842	7	23	16	9	1/3/11/6/3	19	60	14	0	3	6	55	196	165	3	22	431
844	20280	1.040340	0.0045596432	3	17	14	17	3/4/6/9/2	19	61	14	0	3	6	55	196	165	3	22	431
845	20304	1.040216	0.0045579046	-11	13	24	11	9/3/4/6/2	19	62	14	0	3	6	56	198	164	3	23	433
846	20328	1.040092	0.0045561682	-16	10	26	12	5/10/6/2/1	19	60	14	0	2	6	54	195	162	2	24	435
847	20352	1.039968	0.0045544341	-8	15	23	10	5/6/8/2/3	18	61	14	0	2	6	53	194	161	2	24	434
848	20376	1.039844	0.0045527023	-8	12	20	16	3/7/10/3/1	18	62	14	0	2	6	54	195	162	2	24	433
849	20400	1.039720	0.0045509728	8	22	14	12	1/2/13/4/4	18	63	14	0	2	5	53	194	161	2	25	434
850	20424	1.039597	0.0045492455	5	20	15	13	3/4/5/9/3	18	63	14	0	3	6	54	195	160	2	25	433
851	20448	1.039474	0.0045475205	0	19	19	10	3/4/9/6/2	18	63	14	0	3	6	54	195	160	2	25	433
852	20472	1.039351	0.0045457977	-8	12	20	16	5/5/9/3/2	18	64	14	0	3	5	55	194	159	2	25	432
853	20496	1.039228	0.0045440772	-8	11	19	18	3/9/7/3/2	18	65	14	0	3	6	56	192	160	3	26	433
854	20520	1.039105	0.004542359	7	21	14	13	1/4/9/7/3	18	64	14	0	3	6	57	191	161	3	25	432
855	20544	1.038982	0.0045406429	-7	13	20	15	4/7/7/4/2	18	65	14	0	3	6	57	190	160	3	25	433
856	20568	1.038860	0.0045389291	6	21	15	12	2/2/10/8/2	18	66	14	0	3	6	58	191	161	3	25	434
857	20592	1.038737	0.0045372176	0	16	16	16	2/6/8/6/2	18	66	14	0	3	6	58	191	161	3	25	434
858	20616	1.038615	0.0045355083	2	20	18	10	4/1/12/3/4	18	66	14	0	3	6	58	191	161	3	25	434
859	20640	1.038493	0.0045338012	-5	17	22	9	5/5/8/2/4	18	66	13	0	3	6	59	192	161	3	25	435
860	20664	1.038371	0.0045320963	7	22	15	11	2/3/9/6/4	18	65	14	0	3	5	60	193	161	3	24	434
861	20688	1.038249	0.0045303936	6	21	15	12	2/2/10/8/2	18	64	14	0	3	6	59	192	162	3	24	433
862	20712	1.038128	0.0045286931	5	20	15	13	2/3/9/8/2	18	65	14	0	3	6	58	192	161	3	23	434
863	20736	1.038006	0.0045269949	-2	17	19	12	2/3/15/3/1	18	65	14	0	3	6	59	192	162	3	24	434
864	20760	1.037885	0.0045252988	-15	13	28	7	10/4/4/3/3	18	63	13	0	3	6	60	190	163	3	25	436
865	20784	1.037764	0.0045236049	-8	14	22	12	5/5/9/3/2	18	62	14	0	3	6	59	188	162	3	24	437
866	20808	1.037643	0.0045219132	-10	14	24	10	8/3/6/5/2	18	63	14	0	3	6	58	187	164	3	25	438
867	20832	1.037522	0.0045202237	2	19	17	12	0/6/12/4/2	18	63	14	0	3	6	59	187	163	3	25	439
868	20856	1.037402	0.0045185364	-1	18	19	11	2/9/6/2/5	18	63	14	0	3	6	58	187	163	3	25	439
869	20880	1.037281	0.0045168512	-2	15	17	16	2/5/12/3/2	18	64	14	0	3	6	59	186	163	3	25	438
870	20904	1.037161	0.0045151683	17	26	9	13	0/2/8/9/5	18	62	13	0	3	7	61	189	165	2	26	441
871	20928	1.037041	0.0045134874	16	26	10	12	0/3/9/5/7	18	63	13	0	3	6	59	186	163	2	27	443
872	20952	1.036921	0.0045118088	-6	14	20	14	4/5/9/5/1	18	64	13	0	3	6	59	185	164	2	27	442
873	20976	1.036801	0.0045101323	-1	19	20	9	4/3/10/4/3	18	64	13	0	3	6	59	186	164	2	27	442
874	21000	1.036681	0.0045084579	-1	17	18	13	2/5/10/6/1	18	64	13	0	3	6	59	186	164	2	27	442
875	21024	1.036561	0.0045067857	7	22	15	11	0/4/12/5/3	18	63	13	0	3	6	58	185	165	2	27	443
876	21048	1.036442	0.0045051156	9	22	13	13	2/2/11/3/6	18	62	13	0	3	6	59	186	166	2	27	445
877	21072	1.036323	0.0045034477	-1	16	17	15	3/7/5/6/3	18	62	13	0	3	6	59	186	166	2	27	445
878	21096	1.036203	0.0045017819	0	15	15	18	2/5/9/7/1	18	62	13	0	3	6	59	186	166	2	27	445
879	21120	1.036084	0.0045001182	-12	14	26	8	5/5/11/3/0	18	61	13	0	3	7	61	188	167	2	26	443
880	21144	1.035966	0.0044984567	4	18	14	16	1/4/12/4/3	18	60	14	0	3	7	60	187	168	2	26	444
881	21168	1.035847	0.0044967972	-2	16	18	14	2/5/11/5/1	18	61	14	0	3	7	60	188	168	2	26	443
882	21192	1.035728	0.0044951399	1	19	18	11	3/4/9/5/3	18	61	14	0	3	7	61	188	168	2	26	443
883	21216	1.035610	0.0044934847	-3	15	18	15	3/4/12/3/2	18	60	14	0	3	7	61	187	168	2	26	444
884	21240	1.035492	0.0044918316	-6	15	21	12	4/4/12/2/2	18	61	14	0	3	7	60	186	168	2	25	445
885	21264	1.035374	0.0044901806	-6	16	22	10	5/6/6/4/3	18	60	14	0	3	7	60	187	169	2	26	446
886	21288	1.035256	0.0044885317	6	20	14	14	0/6/9/6/3	18	61	14	0	3	7	60	186	170	2	26	446
887	21312	1.035138	0.0044868849	0	18	18	12	1/5/13/3/2	18	61	14	0	3	7	60	186	170	2	26	446
888	21336	1.035020	0.0044852401	-4	16	20	12	3/5/12/1/3	18	61	14	0	3	7	61	186	169	2	27	446
889	21360	1.034903	0.0044835975	6	19	13	16	2/3/9/7/3	18	62	14	0	3	7	61	185	170	2	27	447
890	21384	1.034785	0.0044819569	-1	16	17	15	3/5/8/6/2	18	62	14	0	3	7	61	185	170	2	27	447
891	21408	1.034668	0.0044803184	0	15	15	18	2/6/7/8/1	18	62	14	0	3	7	61	185	170	2	27	447
892	21432	1.034551	0.004478682	-1	19	20	9	3/5/9/4/3	18	62	14	0	3	7	61	185	170	2	27	447
893	21456	1.034434	0.0044770476	13	26	13	9	2/1/10/4/7	18	64	14	0	3	7	63	187	169	2	28	449
894	21480	1.034317	0.0044754153	8	24	16	8	3/4/6/4/7	18	63	14	0	3	7	62	186	169	2	29	450
895	21504	1.034201	0.0044737851	-1	17	18	13	2/7/8/4/3	18	63	14	0	3	7	62	185	169	2	29	450
896	21528	1.034084	0.0044721569	1	21	20	7	5/1/10/4/4	18	63	14	0	3	7	62	186	169	2	29	450
897	21552	1.033968	0.0044705307	-17	8	25	15	6/9/6/2/1	18	61	14	0	3	6	64	183	171	2	27	452
898	21576	1.033852	0.0044689066	-1	18	19	11	2/6/10/3/3	18	61	14	0	3	6	64	183	171	2	28	452
899	21600	1.033735	0.0044672845	2	15	13	20	1/4/13/4/2	18	61	14	0	3	6	64	183	171	2	28	453
900	21624	1.033620	0.0044656645	7	21	14	13	0/3/14/4/3	18	62	14	0	3	6	65	184	172	2	28	452
901	21648	1.033504	0.0044640465	-10	12	22	14	3/8/10/2/1	18	61	15	0	3	6	64	186	170	2	29	450
902	21672	1.033388	0.0044624305	4	17	13	18	2/7/6/3/6	18	62	15	0	3	6	63	185	170	2	29	451
903	21696	1.033273	0.0044608165	-4	16	20	12	3/5/10/5/1	18	62	15	0	3	6	64	185	170	2	28	450
904	21720	1.033157	0.0044592046	12	24	12	12	1/5/6/5/7	18	63	15	0	3	6	62	183	172	2	27	452
905	21744	1.033042	0.0044575946	-13	8	21	19	4/10/5/5/0	19	65	15	0	3	5	61	185	173	2	28	454
906	21768	1.032927	0.0044559867	-8	13	21	14	4/6/9/4/1	18	64	15	0	3	6	60	186	172	2	28	455
907	21792	1.032812	0.0044543808	1	19	18	11	2/4/12/3/3	18	64	15	0	3	6	60	186	172	2	28	455
908	21816	1.032697	0.0044527769	3	14	11	23	0/4/13/7/0	18	64	15	0	3	6	60	185	172	2	28	455
909	21840	1.032582	0.0044511749	6	20	14	14	2/5/7/5/5	18	64	15	0	3	5	59	185	173	2	27	456
910	21864	1.032468	0.004449575	-6	13	19	16	2/9/8/3/2	18	63	15	0	3	6	58	185	172	2	28	457
911	21888	1.032353	0.0044479771	7	21	14	13	2/2/9/9/2	18	62	16	0	3	6	58	187	173	2	27	458
912	21912	1.032239	0.0044463811	-9	12	21	15	6/6/4/7/1	18	61	16	0	3	6	59	188	172	2	28	457
913	21936	1.032125	0.0044447871	8	22	14	12	2/3/11/1/7	18	62	16	0	3	6	60	187	173	2	28	456
914	21960	1.032011	0.0044431951	0	18	18	12	3/6/7/4/4	18	62	16	0	3	6	60	187	173	2	28	456
915	21984	1.031897	0.0044416051	1	18	17	13	4/2/10/5/3	18	62	16	0	3	6	59	187	172	2	28	456
916	22008	1.031784	0.004440017	0	19	19	10	4/3/10/3/4	18	62	16	0	3	6	59	187	172	2	28	456
917	22032	1.031670	0.0044384309	0	19	19	10	3/6/7/4/4	18	62	16	0	3	6	59	187	172	2	28	456
918	22056	1.031557	0.0044368467	-4	12	16	20	4/4/9/6/1	18	62	16	0	3	6	60	186	173	2	28	455
919	22080	1.031443	0.0044352645	2	18	16	14	3/4/9/4/4	18	63	16	0	3	6	60	186	173	2	28	455
920	22104	1.031330	0.0044336843	-1	16	17	15	2/7/8/4/3	18	63	16	0	3	6	60	186	173	2	28	455
921	22128	1.031217	0.004432106	-7	15	22	11	4/7/8/2/3	18	62	16	0	3	6	61	185	173	2	29	454
922	22152	1.031104	0.0044305296	-6	15	21	12	4/6/8/4/2	18	62	16	0	3	6	61	186	173	2	29	453
923	22176	1.030991	0.0044289552	-7	15	22	11	4/5/11/2/2	18	63	16	0	3	6	61	187	173	2	30	452
924	22200	1.030879	0.0044273827	-6	14	20	14	6/5/4/7/2	19	63	16	0	3	6	60	186	173	2	30	451
925	22224	1.030766	0.0044258122	7	21	14	13	1/4/10/5/4	19	63	16	0	3	6	61	187	174	2	30	450
926	22248	1.030654	0.0044242435	-2	19	21	8	4/4/10/2/4	19	63	16	0	3	6	60	187	173	2	30	451
927	22272	1.030542	0.0044226768	-5	18	23	7	5/2/13/1/3	19	63	16	0	3	6	60	186	173	2	30	450
928	22296	1.030430	0.004421112	11	22	11	15	2/3/6/8/5	18	61	16	0	3	6	61	184	172	2	29	448
929	22320	1.030318	0.0044195491	-9	13	22	13	3/7/10/4/0	18	62	16	0	3	6	60	183	171	2	30	447
930	22344	1.030206	0.0044179882	5	23	18	7	3/3/9/4/5	18	62	16	0	3	6	60	184	171	2	30	448
931	22368	1.030094	0.0044164291	-4	17	21	10	6/5/5/3/5	18	62	16	0	3	6	59	183	171	2	29	447
932	22392	1.029983	0.004414872	-3	17	20	11	6/4/5/5/4	18	63	16	0	3	6	60	183	170	2	30	448
933	22416	1.029871	0.0044133167	6	20	14	14	1/6/7/6/4	18	62	16	0	3	6	60	184	171	2	30	447
934	22440	1.029760	0.0044117633	0	18	18	12	2/5/10/5/2	18	62	16	0	3	6	60	184	171	2	30	447
935	22464	1.029649	0.0044102119	4	17	13	18	0/6/10/6/2	18	62	16	0	3	6	61	185	171	2	30	446
936	22488	1.029538	0.0044086623	5	23	18	7	3/4/8/3/6	19	63	16	0	3	6	60	186	171	2	30	445
937	22512	1.029427	0.0044071146	3	18	15	15	2/5/9/4/4	18	63	16	0	3	6	60	185	171	2	30	445
938	22536	1.029316	0.0044055687	9	23	14	11	2/3/8/6/5	18	64	16	0	3	6	61	187	172	2	30	444
939	22560	1.029205	0.0044040248	1	19	18	11	3/2/11/7/1	18	64	16	0	3	6	61	186	172	2	30	443
940	22584	1.029095	0.0044024827	0	18	18	12	3/4/8/8/1	18	64	16	0	3	6	61	186	172	2	30	443
941	22608	1.028984	0.0044009425	-4	14	18	16	6/4/5/6/3	18	64	16	0	3	6	61	187	173	2	30	444
942	22632	1.028874	0.0043994042	0	18	18	12	1/6/10/6/1	18	64	16	0	3	6	61	187	173	2	30	444
943	22656	1.028764	0.0043978677	1	18	17	13	2/2/14/5/1	18	64	16	0	3	6	61	187	173	2	30	444
944	22680	1.028654	0.004396333	-1	18	19	11	2/5/11/4/2	18	64	16	0	3	6	61	187	173	2	30	444
945	22704	1.028544	0.0043948003	7	20	13	15	1/4/9/7/3	18	63	16	0	3	7	60	188	174	2	30	445
946	22728	1.028434	0.0043932693	0	18	18	12	4/5/7/3/5	18	63	16	0	3	7	60	188	174	2	30	445
947	22752	1.028325	0.0043917402	13	22	9	17	0/4/7/9/4	19	62	16	0	3	6	59	186	172	2	30	443
948	22776	1.028215	0.004390213	-7	14	21	13	6/5/6/4/3	19	62	16	0	3	6	60	185	172	2	30	442
949	22800	1.028106	0.0043886876	-8	13	21	14	4/9/6/1/4	19	63	16	0	3	6	60	186	172	2	29	441
950	22824	1.027997	0.004387164	4	18	14	16	2/4/9/6/3	19	63	16	0	3	6	60	187	172	2	29	442
951	22848	1.027887	0.0043856423	4	21	17	10	3/6/5/4/6	19	62	16	0	3	6	60	187	172	2	29	441
952	22872	1.027778	0.0043841223	3	18	15	15	2/5/7/8/2	19	62	16	0	3	6	60	187	171	2	29	441
953	22896	1.027670	0.0043826042	-3	13	16	19	2/5/12/4/1	19	62	16	0	3	6	60	187	172	2	28	441
954	22920	1.027561	0.004381088	-2	16	18	14	4/4/8/6/2	19	62	16	0	3	6	60	186	172	2	28	441
955	22944	1.027452	0.0043795735	14	24	10	14	1/2/7/10/4	19	61	16	0	3	6	62	184	173	2	29	439
956	22968	1.027344	0.0043780608	-1	17	18	13	4/5/5/8/2	19	61	16	0	3	6	62	184	173	2	29	439
957	22992	1.027235	0.00437655	-14	9	23	16	5/8/8/2/1	19	62	16	0	3	7	60	182	175	3	30	441
958	23016	1.027127	0.004375041	7	23	16	9	2/4/9/3/6	19	62	16	0	3	7	59	183	174	2	31	442
959	23040	1.027019	0.0043735337	10	24	14	10	2/3/8/5/6	19	63	16	0	3	6	58	184	173	3	30	441
960	23064	1.026911	0.0043720283	-10	12	22	14	5/7/7/3/2	19	64	16	0	3	7	57	183	174	2	31	440
961	23088	1.026803	0.0043705246	0	15	15	18	3/3/12/3/3	19	64	16	0	3	7	57	183	174	2	31	440
962	23112	1.026695	0.0043690228	10	21	11	16	1/5/7/5/6	18	65	16	0	3	7	58	184	173	2	32	438
963	23136	1.026588	0.0043675227	-6	14	20	14	4/4/12/2/2	18	64	16	0	3	7	59	184	174	2	32	439
964	23160	1.026480	0.0043660244	-7	13	20	15	4/6/8/5/1	18	65	16	0	3	7	60	185	174	2	31	438
965	23184	1.026373	0.0043645279	-7	15	22	11	6/4/8/3/3	19	66	16	0	3	7	60	186	174	2	32	437
966	23208	1.026266	0.0043630331	4	20	16	12	2/5/8/5/4	19	65	16	0	3	7	61	185	173	2	32	436
967	23232	1.026159	0.0043615402	4	23	19	6	2/2/14/2/4	19	65	16	0	3	7	60	184	173	2	32	437
968	23256	1.026052	0.004360049	-2	17	19	12	4/5/8/3/4	19	65	16	0	3	7	61	185	173	2	32	437
969	23280	1.025945	0.0043585595	-7	14	21	13	4/7/7/4/2	18	64	16	0	3	7	61	186	173	2	31	438
970	23304	1.025838	0.0043570719	-4	16	20	12	5/4/7/6/2	18	64	16	0	3	7	61	186	174	2	31	439
971	23328	1.025731	0.004355586	5	19	14	15	2/4/7/9/2	19	64	16	0	3	7	60	187	173	2	31	438
972	23352	1.025625	0.0043541018	-1	18	19	11	2/6/10/3/3	19	64	16	0	3	7	61	187	173	2	31	438
973	23376	1.025518	0.0043526194	4	20	16	12	3/2/11/4/4	18	63	16	0	3	7	60	186	173	2	31	439
974	23400	1.025412	0.0043511387	2	17	15	16	4/3/6/9/2	18	63	16	0	3	7	60	187	173	2	31	439
975	23424	1.025306	0.0043496598	-3	15	18	15	5/3/7/8/1	19	63	16	0	3	7	60	186	173	2	31	439
976	23448	1.025200	0.0043481826	7	22	15	11	2/7/4/4/7	19	63	16	0	3	7	60	185	174	2	30	438
977	23472	1.025094	0.0043467072	8	23	15	10	2/2/11/4/5	18	63	16	0	3	7	60	186	175	2	31	437
978	23496	1.024988	0.0043452335	-5	13	18	17	5/4/8/5/2	19	64	16	0	3	7	61	186	174	2	31	436
979	23520	1.024883	0.0043437615	-1	16	17	15	4/6/5/5/4	19	64	16	0	3	7	61	186	174	2	31	436
980	23544	1.024777	0.0043422912	6	18	12	18	2/4/6/10/2	19	65	16	0	3	7	60	187	174	2	31	435
981	23568	1.024671	0.0043408227	2	19	17	12	4/2/9/6/3	19	64	16	0	3	7	60	186	174	2	31	435
982	23592	1.024566	0.0043393559	-3	14	17	17	2/6/9/7/0	19	65	16	0	3	7	61	187	174	2	31	435
983	23616	1.024461	0.0043378908	-1	18	19	11	4/3/9/6/2	19	65	16	0	3	7	61	187	174	2	31	435
984	23640	1.024356	0.0043364274	-6	14	20	14	4/5/9/5/1	19	64	16	0	3	7	60	187	174	2	30	436
985	23664	1.024251	0.0043349657	-4	16	20	12	3/4/13/2/2	19	65	16	0	3	7	60	187	174	2	30	435
986	23688	1.024146	0.0043335057	-4	14	18	16	2/6/10/6/0	19	64	16	0	3	7	60	186	174	2	31	436
987	23712	1.024041	0.0043320475	-7	13	20	15	3/6/10/5/0	19	65	16	0	3	7	59	185	175	2	31	435
988	23736	1.023937	0.0043305909	4	17	13	18	0/7/8/7/2	19	65	16	0	3	7	59	185	175	3	32	436
989	23760	1.023832	0.004329136	-2	16	18	14	4/5/7/5/3	19	65	16	0	3	7	59	185	175	3	32	436
990	23784	1.023728	0.0043276828	-3	17	20	11	5/2/11/3/3	19	66	16	0	3	7	59	184	175	2	32	435
991	23808	1.023623	0.0043262314	3	20	17	11	2/4/10/5/3	19	66	16	0	3	7	59	185	175	3	32	436
992	23832	1.023519	0.0043247815	1	19	18	11	5/1/9/6/3	19	66	16	0	3	7	58	185	175	3	32	436
993	23856	1.023415	0.0043233334	-5	14	19	15	3/6/10/3/2	19	67	16	0	3	7	58	185	175	3	32	436
994	23880	1.023311	0.004321887	-5	14	19	15	3/6/9/5/1	19	66	16	0	3	7	57	185	175	3	32	436
995	23904	1.023208	0.0043204422	5	19	14	15	0/8/6/7/3	19	67	16	0	3	7	58	184	175	2	32	436
996	23928	1.023104	0.0043189991	6	19	13	16	2/2/10/8/2	19	67	16	0	3	7	57	183	176	2	31	437
997	23952	1.023000	0.0043175577	-2	15	17	16	1/6/12/4/1	19	67	16	0	3	7	58	183	176	2	31	437
998	23976	1.022897	0.0043161179	-2	19	21	8	4/3/10/5/2	19	67	16	0	3	7	58	183	176	2	31	437
999	24000	1.022793	0.0043146798	-8	14	22	12	5/6/8/2/3	19	66	16	0	3	7	57	184	176	2	31	438
1000	24024	1.022690	0.0043132434	6	22	16	10	2/3/10/5/4	19	66	16	0	3	7	56	185	177	2	30	439
1001	24048	1.022587	0.0043118086	-2	16	18	14	4/6/7/2/5	19	65	16	0	3	7	56	184	177	2	30	439
1002	24072	1.022484	0.0043103755	-4	14	18	16	4/5/7/7/1	19	65	16	0	3	7	56	185	177	2	30	438
1003	24096	1.022381	0.004308944	-6	14	20	14	3/8/7/4/2	19	64	16	0	3	7	55	184	176	2	29	438
1004	24120	1.022278	0.0043075142	-1	19	20	9	3/4/11/3/3	19	64	16	0	3	7	55	184	176	2	29	438
1005	24144	1.022176	0.004306086	3	21	18	9	2/5/10/2/5	19	65	16	0	3	7	56	184	176	2	30	438
1006	24168	1.022073	0.0043046594	-6	15	21	12	5/5/7/5/2	19	64	16	0	3	7	55	185	176	2	30	437
1007	24192	1.021971	0.0043032345	1	20	19	9	4/6/5/3/6	19	64	16	0	3	7	55	185	176	2	30	437
1008	24216	1.021868	0.0043018112	-6	15	21	12	6/4/7/4/3	19	65	16	0	3	7	56	184	177	2	29	438
1009	24240	1.021766	0.0043003896	-2	16	18	14	3/5/10/3/3	19	65	16	0	3	7	56	184	176	2	30	439
1010	24264	1.021664	0.0042989696	4	19	15	14	3/3/8/7/3	19	64	17	0	3	7	57	183	177	2	30	438
1011	24288	1.021562	0.0042975512	10	21	11	16	1/4/8/6/5	20	63	16	0	3	7	58	182	178	2	29	437
1012	24312	1.021460	0.0042961344	6	21	15	12	3/3/8/5/5	19	64	16	0	3	7	57	182	178	2	30	436
1013	24336	1.021358	0.0042947192	9	24	15	9	3/2/9/3/7	20	65	17	0	3	7	58	184	179	2	30	434
1014	24360	1.021257	0.0042933057	6	20	14	14	1/4/12/2/5	20	64	17	0	3	7	59	183	179	2	31	434
1015	24384	1.021155	0.0042918938	-5	15	20	13	3/7/8/4/2	20	65	17	0	3	7	58	182	178	2	31	433
1016	24408	1.021053	0.0042904834	1	16	15	17	2/8/6/3/5	20	65	17	0	3	7	58	182	178	2	31	433
1017	24432	1.020952	0.0042890747	-7	14	21	13	2/8/10/3/1	19	66	16	0	3	7	57	183	178	2	30	432
1018	24456	1.020851	0.0042876676	-2	16	18	14	3/5/10/3/3	19	66	16	0	3	7	57	184	177	2	31	432
1019	24480	1.020750	0.0042862621	-5	16	21	11	5/4/8/5/2	19	65	17	0	3	7	56	184	177	2	31	432
1020	24504	1.020649	0.0042848582	-2	17	19	12	2/5/12/3/2	19	65	16	0	3	7	56	184	177	2	31	432
1021	24528	1.020548	0.0042834559	-15	10	25	13	8/5/6/4/1	20	63	17	0	3	7	55	186	179	2	30	434
1022	24552	1.020447	0.0042820551	-3	17	20	11	5/5/6/4/4	20	64	17	0	3	7	54	186	179	2	30	434
1023	24576	1.020346	0.004280656	-6	14	20	14	6/5/5/5/3	20	63	17	0	3	7	54	187	180	2	31	435
1024	24600	1.020246	0.0042792584	2	17	15	16	1/4/12/6/1	20	63	17	0	3	7	54	187	180	2	31	435
1025	24624	1.020145	0.0042778624	5	20	15	13	3/3/7/8/3	20	63	17	0	3	7	53	188	179	2	31	434
1026	24648	1.020045	0.004276468	12	23	11	14	1/1/11/7/4	20	64	17	0	3	7	52	186	181	2	30	433
1027	24672	1.019945	0.0042750752	1	19	18	11	4/4/7/5/4	20	64	17	0	3	7	52	186	180	2	30	433
1028	24696	1.019845	0.0042736839	8	20	12	16	1/3/11/5/4	19	63	17	0	3	7	52	187	181	2	29	434
1029	24720	1.019744	0.0042722943	4	22	18	8	4/3/7/5/5	19	63	17	0	3	7	53	187	181	2	30	434
1030	24744	1.019645	0.0042709061	9	22	13	13	1/3/10/6/4	19	64	17	0	3	7	54	185	182	2	29	433
1031	24768	1.019545	0.0042695196	-10	12	22	14	4/8/9/0/3	19	63	17	0	3	6	53	187	181	2	30	432
1032	24792	1.019445	0.0042681346	2	19	17	12	3/5/7/5/4	19	62	17	0	3	6	53	187	181	2	30	431
1033	24816	1.019345	0.0042667511	0	15	15	18	2/6/8/6/2	19	62	17	0	3	6	53	187	181	2	30	431
1034	24840	1.019246	0.0042653693	5	19	14	15	1/6/7/7/3	19	62	17	0	3	7	54	186	180	2	30	432
1035	24864	1.019146	0.0042639889	0	18	18	12	2/7/7/5/3	19	62	17	0	3	7	54	186	180	2	30	432
1036	24888	1.019047	0.0042626101	3	18	15	15	1/8/7/3/5	19	62	17	0	3	7	54	186	181	2	30	432
1037	24912	1.018948	0.0042612329	0	17	17	14	3/4/9/6/2	19	62	17	0	3	7	54	186	181	2	30	432
1038	24936	1.018849	0.0042598572	-6	14	20	14	7/2/6/8/1	19	62	17	0	3	6	54	187	180	2	30	431
1039	24960	1.018750	0.004258483	-3	16	19	13	5/4/6/7/2	19	62	17	0	3	7	54	187	180	2	30	430
1040	24984	1.018651	0.0042571104	0	16	16	16	3/5/7/7/2	19	62	17	0	3	7	54	187	180	2	30	430
1041	25008	1.018552	0.0042557393	8	22	14	12	3/4/5/6/6	19	63	17	0	3	7	53	186	181	2	30	429
1042	25032	1.018453	0.0042543697	8	21	13	14	1/3/10/7/3	19	64	17	0	3	7	54	187	181	2	29	428
1043	25056	1.018355	0.0042530017	1	16	15	17	2/6/8/5/3	19	63	17	0	3	6	54	187	182	2	29	428
1044	25080	1.018256	0.0042516352	-4	14	18	16	2/8/8/4/2	19	64	17	0	3	7	54	188	181	2	29	428
1045	25104	1.018158	0.0042502702	1	18	17	13	3/4/10/3/4	19	64	17	0	3	7	54	188	181	2	29	429
1046	25128	1.018060	0.0042489068	-1	16	17	15	2/5/10/6/1	19	64	17	0	3	7	54	188	181	2	29	429
1047	25152	1.017962	0.0042475448	-13	10	23	15	6/5/9/4/0	19	63	17	0	3	6	56	190	183	2	28	427
1048	25176	1.017864	0.0042461844	7	20	13	15	3/2/7/9/3	19	63	17	0	3	6	57	189	182	2	29	426
1049	25200	1.017766	0.0042448254	-8	15	23	10	5/5/9/3/2	19	62	17	0	3	6	57	190	183	2	28	425
1050	25224	1.017668	0.004243468	1	19	18	11	3/4/10/3/4	19	62	17	0	3	6	57	190	183	2	28	425
1051	25248	1.017570	0.0042421121	16	27	11	10	1/1/9/7/6	19	64	17	0	3	7	56	187	181	2	29	423
1052	25272	1.017472	0.0042407577	5	21	16	11	4/4/5/5/6	19	64	17	0	3	7	56	188	182	2	29	422
1053	25296	1.017375	0.0042394048	5	17	12	19	1/5/9/6/3	19	65	17	0	3	7	56	187	182	2	29	421
1054	25320	1.017277	0.0042380534	-2	17	19	12	3/4/11/4/2	19	65	17	0	3	7	55	187	182	2	29	421
1055	25344	1.017180	0.0042367034	-3	14	17	17	3/6/9/3/3	19	66	17	0	3	7	55	187	182	2	29	422
1056	25368	1.017083	0.004235355	-6	14	20	14	1/9/11/1/2	19	65	17	0	3	7	54	188	181	2	30	421
1057	25392	1.016986	0.0042340081	-9	13	22	13	6/4/7/7/0	19	64	17	0	3	7	54	187	180	2	29	422
1058	25416	1.016889	0.0042326626	10	23	13	12	2/3/7/7/5	19	63	17	0	3	6	52	188	179	2	29	421
1059	25440	1.016792	0.0042313186	-3	16	19	13	2/6/11/3/2	19	63	17	0	3	7	53	188	179	2	28	421
1060	25464	1.016695	0.0042299761	2	17	15	16	2/4/11/4/3	19	63	17	0	3	6	53	188	179	2	29	422
1061	25488	1.016598	0.0042286351	-1	18	19	11	5/4/7/3/5	19	63	17	0	3	6	53	188	179	2	28	422
1062	25512	1.016502	0.0042272956	0	19	19	10	3/4/10/4/3	19	63	17	0	3	6	53	188	179	2	28	422
1063	25536	1.016405	0.0042259575	-12	10	22	16	5/9/4/5/1	20	64	17	0	3	7	54	190	178	2	29	423
1064	25560	1.016309	0.0042246209	0	16	16	16	2/8/6/4/4	20	64	17	0	3	7	54	190	178	2	29	423
1065	25584	1.016212	0.0042232858	-5	15	20	13	4/6/7/5/2	20	64	17	0	3	7	55	189	178	2	29	423
1066	25608	1.016116	0.0042219521	5	22	17	9	4/3/6/6/5	20	64	17	0	3	7	55	188	179	2	29	423
1067	25632	1.016020	0.0042206199	7	20	13	15	1/2/12/7/2	20	63	17	0	3	6	56	189	180	2	29	424
1068	25656	1.015924	0.0042192891	4	22	18	8	4/3/7/5/5	20	64	17	0	3	6	55	189	179	2	29	424
1069	25680	1.015828	0.0042179598	4	20	16	12	3/4/7/6/4	20	63	17	0	3	6	55	189	180	2	29	423
1070	25704	1.015732	0.004216632	12	24	12	12	1/2/9/8/4	20	65	17	0	3	6	56	188	178	3	30	425
1071	25728	1.015636	0.0042153056	8	21	13	14	1/5/8/5/5	20	65	17	0	3	6	55	187	179	2	29	426
1072	25752	1.015541	0.0042139806	15	25	10	13	2/3/5/6/8	20	67	16	0	3	7	54	185	178	2	28	424
1073	25776	1.015445	0.0042126571	3	19	16	13	2/4/9/7/2	20	67	16	0	3	7	54	184	178	2	28	424
1074	25800	1.015350	0.004211335	-9	11	20	17	4/7/8/4/1	20	68	16	0	3	7	53	183	177	2	28	425
1075	25824	1.015254	0.0042100144	-14	10	24	14	7/8/4/2/3	20	69	16	0	3	7	51	185	176	2	27	427
1076	25848	1.015159	0.0042086952	4	18	14	16	2/5/7/7/3	20	69	16	0	3	6	52	184	176	3	27	426
1077	25872	1.015064	0.0042073775	-8	15	23	10	3/5/14/1/1	20	68	16	1	3	7	52	185	175	3	28	427
1078	25896	1.014969	0.0042060611	-5	15	20	13	4/5/9/4/2	20	67	16	0	3	7	53	185	176	3	28	427
1079	25920	1.014874	0.0042047462	-3	17	20	11	2/2/17/3/0	20	67	16	0	3	7	53	184	176	3	28	427
1080	25944	1.014779	0.0042034328	11	24	13	11	1/4/8/5/6	20	66	16	0	3	6	54	183	177	3	28	428
1081	25968	1.014684	0.0042021207	-10	13	23	12	7/4/6/6/1	20	67	17	0	3	7	53	184	176	3	28	430
1082	25992	1.014590	0.0042008101	-2	19	21	8	6/2/8/4/4	20	67	16	0	3	7	53	184	175	3	28	430
1083	26016	1.014495	0.0041995009	8	19	11	18	1/5/5/11/2	20	68	16	0	3	7	52	183	175	2	28	431
1084	26040	1.014401	0.0041981931	-4	19	23	6	4/3/12/3/2	20	68	16	0	3	7	52	183	174	2	28	432
1085	26064	1.014306	0.0041968867	4	21	17	10	3/3/11/1/6	20	68	16	0	3	7	52	183	174	2	28	431
1086	26088	1.014212	0.0041955817	-5	16	21	11	5/3/11/2/3	20	67	16	0	3	7	52	183	173	2	29	432
1087	26112	1.014118	0.0041942781	0	21	21	6	3/2/13/4/2	20	67	16	0	3	7	52	183	173	2	29	432
1088	26136	1.014024	0.004192976	9	23	14	11	1/4/8/7/4	20	67	17	0	3	7	53	184	174	3	29	433
1089	26160	1.013930	0.0041916752	5	20	15	13	2/8/3/5/6	20	67	16	0	3	7	52	185	174	3	30	434
1090	26184	1.013836	0.0041903759	1	16	15	17	2/3/12/6/1	20	67	16	1	3	7	52	184	174	3	30	434
1091	26208	1.013742	0.0041890779	4	21	17	10	2/5/10/1/6	20	67	17	0	3	7	53	184	173	3	30	434
1092	26232	1.013648	0.0041877813	-6	13	19	16	3/9/5/5/2	20	66	16	1	3	7	53	183	173	3	30	435
1093	26256	1.013555	0.0041864862	3	21	18	9	5/2/6/7/4	20	66	16	0	3	7	54	183	173	3	29	436
1094	26280	1.013461	0.0041851924	7	22	15	11	3/2/7/9/3	20	67	16	1	3	7	53	182	172	3	30	437
1095	26304	1.013368	0.0041839	8	23	15	10	2/4/8/4/6	20	68	16	0	3	6	54	183	173	3	29	436
1096	26328	1.013274	0.004182609	-9	12	21	15	6/5/7/4/2	20	69	17	0	3	6	55	182	174	3	29	434
1097	26352	1.013181	0.0041813194	2	22	20	6	3/3/12/1/5	20	69	17	0	3	6	55	181	174	3	29	435
1098	26376	1.013088	0.0041800311	10	24	14	10	0/4/11/4/5	20	68	17	0	3	6	56	180	173	3	28	433
1099	26400	1.012995	0.0041787442	-2	18	20	10	3/3/13/3/2	20	67	17	0	3	6	55	180	173	3	28	433
1100	26424	1.012902	0.0041774587	-3	15	18	15	3/6/8/5/2	20	67	17	0	3	6	55	179	173	3	28	433
1101	26448	1.012809	0.0041761746	-5	14	19	15	4/7/7/2/4	20	67	17	0	3	6	56	180	174	3	28	432
1102	26472	1.012716	0.0041748919	2	21	19	8	3/4/10/2/5	20	66	17	0	3	6	55	180	173	3	28	433
1103	26496	1.012624	0.0041736105	10	24	14	10	1/4/8/6/5	20	65	17	0	3	6	54	179	174	3	28	431
1104	26520	1.012531	0.0041723304	-5	16	21	11	5/1/13/4/1	20	66	17	0	3	6	55	180	175	3	27	432
1105	26544	1.012438	0.0041710518	-3	18	21	9	4/6/7/3/4	20	66	17	0	3	6	55	179	175	3	27	432
1106	26568	1.012346	0.0041697745	4	21	17	10	2/3/12/3/4	20	66	17	0	3	6	56	179	175	3	28	433
1107	26592	1.012254	0.0041684985	-5	14	19	15	2/11/5/2/4	20	65	17	0	3	6	56	178	175	3	27	434
1108	26616	1.012162	0.0041672239	2	17	15	16	1/6/9/6/2	20	65	17	0	3	6	56	178	176	3	27	433
1109	26640	1.012069	0.0041659507	8	20	12	16	0/5/10/5/4	20	64	17	0	3	7	55	179	176	3	27	432
1110	26664	1.011977	0.0041646788	-1	20	21	7	2/6/11/1/4	20	64	17	0	3	7	55	179	176	3	27	432
1111	26688	1.011885	0.0041634083	0	18	18	12	1/7/9/5/2	20	64	17	0	3	7	55	179	176	3	27	432
1112	26712	1.011794	0.0041621391	-11	14	25	9	6/3/12/2/1	21	65	17	0	3	6	54	180	177	3	26	434
1113	26736	1.011702	0.0041608712	13	27	14	7	2/3/8/2/9	21	64	16	0	3	7	53	178	179	3	27	435
1114	26760	1.011610	0.0041596047	-5	16	21	11	3/4/14/1/2	21	65	16	0	3	6	53	178	179	3	27	435
1115	26784	1.011518	0.0041583395	-1	18	19	11	2/5/12/2/3	21	65	16	0	3	7	53	178	179	3	27	435
1116	26808	1.011427	0.0041570757	-7	16	23	9	4/5/10/4/1	21	65	16	0	3	7	54	179	180	3	27	436
1117	26832	1.011336	0.0041558132	6	20	14	14	3/4/6/6/5	21	65	16	0	3	7	54	178	179	3	26	437
1118	26856	1.011244	0.004154552	-5	14	19	15	5/6/6/3/4	21	64	16	0	3	7	54	179	179	3	26	437
1119	26880	1.011153	0.0041532922	-5	12	17	19	2/9/7/4/2	20	64	16	0	3	7	53	179	178	3	26	437
1120	26904	1.011062	0.0041520337	4	19	15	14	2/4/9/6/3	21	63	16	0	3	6	54	179	178	3	26	436
1121	26928	1.010971	0.0041507765	-4	14	18	16	5/4/5/10/0	20	64	16	0	3	6	54	179	178	3	27	437
1122	26952	1.010880	0.0041495206	2	19	17	12	2/4/10/6/2	20	64	16	0	3	6	54	180	178	3	27	437
1123	26976	1.010789	0.004148266	-8	15	23	10	6/3/11/1/3	21	65	16	0	3	6	53	181	179	3	27	436
1124	27000	1.010698	0.0041470128	-1	18	19	11	3/6/8/3/4	21	65	16	0	3	6	53	180	179	3	27	436
1125	27024	1.010608	0.0041457609	6	18	12	18	3/2/6/12/1	20	64	16	0	3	6	54	180	178	3	27	437
1126	27048	1.010517	0.0041445103	4	19	15	14	1/5/9/7/2	20	64	17	0	3	6	54	179	179	3	26	437
1127	27072	1.010426	0.0041432609	-7	16	23	9	3/6/11/3/1	21	63	16	0	3	6	54	180	179	3	27	436
1128	27096	1.010336	0.0041420129	-8	11	19	18	2/8/11/2/1	20	62	17	0	3	6	54	179	179	3	27	437
1129	27120	1.010246	0.0041407663	-1	18	19	11	4/5/6/6/3	20	62	17	0	3	6	55	179	179	3	27	438
1130	27144	1.010155	0.0041395209	8	19	11	18	0/5/7/11/1	21	63	16	0	3	6	55	180	180	3	27	439
1131	27168	1.010065	0.0041382768	9	23	14	11	2/5/6/4/7	20	64	17	0	3	6	54	181	180	3	26	437
1132	27192	1.009975	0.004137034	4	20	16	12	1/4/12/4/3	20	65	17	0	3	6	54	181	180	3	27	438
1133	27216	1.009885	0.0041357925	-8	13	21	14	7/2/8/6/1	21	65	17	0	3	6	55	182	179	3	26	439
1134	27240	1.009795	0.0041345523	6	20	14	14	2/4/7/8/3	21	66	17	0	3	6	55	181	180	3	26	438
1135	27264	1.009705	0.0041333134	-17	10	27	11	6/8/7/3/0	20	68	17	0	3	6	57	179	178	2	27	436
1136	27288	1.009616	0.0041320758	-5	14	19	15	4/5/8/6/1	20	67	17	0	3	6	57	178	178	2	26	437
1137	27312	1.009526	0.0041308394	2	16	14	18	1/7/7/7/2	20	67	17	0	3	6	57	178	178	2	27	436
1138	27336	1.009437	0.0041296044	11	25	14	9	3/2/8/3/8	20	68	17	0	3	6	58	179	179	2	26	435
1139	27360	1.009347	0.0041283706	1	18	17	13	2/7/7/4/4	20	69	17	0	3	6	58	180	179	2	26	435
1140	27384	1.009258	0.0041271381	-20	8	28	12	6/9/8/1/0	20	67	17	0	3	6	60	177	177	2	27	438
1141	27408	1.009168	0.0041259069	-3	17	20	11	4/4/9/5/2	20	67	17	0	3	6	60	176	177	2	27	438
1142	27432	1.009079	0.004124677	1	19	18	11	1/5/12/4/2	20	67	17	0	3	6	60	177	177	2	27	438
1143	27456	1.008990	0.0041234483	2	18	16	14	1/5/12/3/3	20	67	17	0	3	6	59	176	177	2	27	438
1144	27480	1.008901	0.0041222209	2	18	16	14	2/3/12/5/2	20	67	17	0	3	6	59	176	177	2	27	438
1145	27504	1.008812	0.0041209948	-2	19	21	8	5/3/9/3/4	20	68	17	0	3	6	59	176	177	2	27	438
1146	27528	1.008723	0.0041197699	-7	13	20	15	4/7/6/6/1	20	67	17	0	3	6	59	177	176	2	26	437
1147	27552	1.008634	0.0041185463	-3	16	19	13	2/8/8/3/3	20	67	17	0	3	6	58	177	176	2	26	437
1148	27576	1.008546	0.004117324	1	18	17	13	2/6/8/5/3	20	67	17	0	3	6	58	177	176	2	26	437
1149	27600	1.008457	0.0041161029	2	18	16	14	3/6/7/2/6	20	67	17	0	3	7	59	177	176	2	26	437
1150	27624	1.008369	0.0041148831	-6	13	19	16	4/9/4/3/4	20	66	17	0	3	6	59	176	175	2	25	438
1151	27648	1.008280	0.0041136645	2	20	18	10	2/5/9/5/3	20	66	17	0	3	6	59	177	175	2	25	438
1152	27672	1.008192	0.0041124472	0	18	18	12	2/3/13/5/1	20	66	17	0	3	6	59	177	175	2	25	438
1153	27696	1.008104	0.0041112312	-6	12	18	18	3/10/4/4/3	20	67	17	0	3	7	60	176	175	2	25	439
1154	27720	1.008015	0.0041100164	2	16	14	18	3/5/5/9/2	20	67	17	0	3	7	60	176	175	2	25	439
1155	27744	1.007927	0.0041088028	-7	17	24	7	6/4/8/3/3	20	68	17	0	3	6	59	177	175	2	25	440
1156	27768	1.007839	0.0041075905	0	16	16	16	2/5/9/7/1	20	68	17	0	3	6	59	177	175	2	25	440
1157	27792	1.007751	0.0041063794	-2	17	19	12	4/5/7/5/3	20	68	17	0	3	6	59	177	176	2	25	440
1158	27816	1.007663	0.0041051696	-2	16	18	14	4/7/3/7/3	20	68	17	0	3	6	59	177	176	2	25	440
1159	27840	1.007576	0.004103961	4	19	15	14	0/7/9/5/3	20	68	17	0	3	7	59	178	176	2	25	440
1160	27864	1.007488	0.0041027536	-4	16	20	12	4/5/8/5/2	20	68	17	0	3	6	59	177	177	2	25	440
1161	27888	1.007400	0.0041015475	3	21	18	9	2/3/12/4/3	20	68	17	0	3	7	59	178	176	2	25	439
1162	27912	1.007313	0.0041003426	2	17	15	16	2/4/11/4/3	20	68	17	0	3	6	59	178	176	2	25	439
1163	27936	1.007225	0.0040991389	-4	15	19	14	6/3/6/7/2	20	68	17	0	3	7	59	177	176	2	25	439
1164	27960	1.007138	0.0040979365	-5	16	21	11	5/4/7/7/1	20	68	17	0	3	7	59	177	176	2	24	439
1165	27984	1.007051	0.0040967353	3	20	17	11	2/3/11/6/2	20	68	17	0	3	7	59	176	177	2	24	439
1166	28008	1.006964	0.0040955353	-2	15	17	16	1/7/10/5/1	20	68	17	0	3	7	59	176	177	2	24	439
1167	28032	1.006876	0.0040943365	1	21	20	7	3/5/9/2/5	20	68	17	0	3	7	59	176	177	2	24	439
1168	28056	1.006789	0.004093139	2	18	16	14	2/5/9/5/3	20	68	17	0	3	7	59	176	177	2	24	438
1169	28080	1.006702	0.0040919426	-8	14	22	12	6/4/8/4/2	20	68	17	0	3	7	58	177	176	2	25	439
1170	28104	1.006616	0.0040907475	-2	18	20	10	3/6/8/4/3	20	67	17	0	3	7	58	176	176	2	25	439
1171	28128	1.006529	0.0040895536	5	16	11	21	1/4/10/7/2	20	67	17	0	3	7	58	176	176	2	24	440
1172	28152	1.006442	0.0040883609	-13	12	25	11	8/4/7/3/2	21	68	17	0	3	7	59	177	174	2	24	442
1173	28176	1.006356	0.0040871694	-2	14	16	18	2/7/7/7/1	21	68	17	0	3	7	59	177	174	2	24	441
1174	28200	1.006269	0.0040859791	5	21	16	11	4/1/8/8/3	21	68	17	0	3	7	59	178	175	2	24	441
1175	28224	1.006183	0.00408479	3	18	15	15	3/2/9/9/1	21	68	17	0	3	7	59	178	175	2	24	440
1176	28248	1.006096	0.0040836022	-1	17	18	13	0/8/11/3/2	21	67	17	0	3	7	59	178	175	2	24	440
1177	28272	1.006010	0.0040824155	-3	16	19	13	3/3/13/4/1	21	68	17	0	3	7	59	179	175	2	24	440
1178	28296	1.005924	0.00408123	-11	10	21	17	2/11/8/2/1	20	69	17	0	3	7	58	180	176	2	23	439
1179	28320	1.005838	0.0040800457	6	22	16	10	1/5/9/5/4	20	68	17	0	3	6	59	181	177	2	23	438
1180	28344	1.005751	0.0040788626	-6	13	19	16	3/6/10/4/1	20	68	17	0	3	7	59	180	177	2	23	437
1181	28368	1.005665	0.0040776807	7	23	16	9	3/2/9/5/5	20	68	17	0	3	6	60	181	178	2	22	436
1182	28392	1.005580	0.0040765	-1	17	18	13	2/6/9/5/2	20	68	17	0	3	6	60	181	178	2	22	436
1183	28416	1.005494	0.0040753205	-3	16	19	13	3/6/8/5/2	20	68	17	0	3	6	60	181	177	2	23	437
1184	28440	1.005408	0.0040741422	-15	10	25	13	9/5/3/6/1	20	69	17	0	3	7	59	179	179	2	22	435
1185	28464	1.005322	0.004072965	5	20	15	13	3/3/8/6/4	20	69	17	0	3	7	58	180	179	2	21	434
1186	28488	1.005237	0.004071789	0	16	16	16	1/5/13/3/2	20	69	17	0	3	7	58	180	179	2	21	434
1187	28512	1.005151	0.0040706143	0	19	19	10	3/6/8/2/5	20	69	17	0	3	7	58	180	179	2	21	434
1188	28536	1.005066	0.0040694406	2	17	15	16	3/5/7/5/4	20	69	17	0	3	7	58	180	180	2	21	434
1189	28560	1.004981	0.0040682682	5	19	14	15	3/4/7/5/5	20	69	17	0	3	7	58	179	179	2	21	435
1190	28584	1.004895	0.0040670969	-4	14	18	16	2/7/10/3/2	20	69	17	0	3	7	58	180	179	2	21	434
1191	28608	1.004810	0.0040659268	1	19	18	11	2/4/12/3/3	20	69	17	0	3	7	58	180	179	2	21	435
1192	28632	1.004725	0.0040647579	1	17	16	15	3/5/6/8/2	20	69	17	0	3	7	58	180	179	2	21	435
1193	28656	1.004640	0.0040635902	-1	17	18	13	5/3/7/6/3	20	69	17	0	3	7	58	180	179	2	21	435
1194	28680	1.004555	0.0040624236	-6	15	21	12	4/6/8/4/2	20	69	17	0	3	6	59	179	178	2	21	434
1195	28704	1.004470	0.0040612581	-4	17	21	10	4/6/7/4/3	20	69	17	0	3	7	58	180	178	2	21	433
1196	28728	1.004385	0.0040600939	1	18	17	13	2/6/8/5/3	20	69	17	0	3	7	58	180	178	2	21	433
1197	28752	1.004301	0.0040589308	-6	16	22	10	6/3/9/3/3	20	70	17	0	3	7	58	179	178	2	21	433
1198	28776	1.004216	0.0040577688	12	26	14	8	1/3/11/1/8	20	68	17	0	3	7	59	177	179	2	22	434
1199	28800	1.004132	0.004056608	5	19	14	15	0/7/8/6/3	20	68	17	0	3	7	58	177	180	2	22	433
1200	28824	1.004047	0.0040554484	10	22	12	14	2/5/4/7/6	21	67	17	0	3	7	59	178	181	2	21	432
1201	28848	1.003963	0.0040542899	5	18	13	17	3/5/5/6/5	21	67	17	0	3	7	59	177	180	2	21	433
1202	28872	1.003878	0.0040531326	5	15	10	23	2/4/8/7/3	20	67	17	0	3	7	58	178	180	2	21	432
1203	28896	1.003794	0.0040519764	-6	16	22	10	5/5/8/3/3	20	66	17	0	3	7	58	179	181	2	21	433
1204	28920	1.003710	0.0040508213	-1	15	16	17	1/6/10/7/0	20	66	17	0	3	7	58	179	180	2	21	433
1205	28944	1.003626	0.0040496674	-5	15	20	13	3/6/9/5/1	20	66	17	0	3	7	58	179	181	2	21	434
1206	28968	1.003542	0.0040485147	5	18	13	17	1/5/9/6/3	20	65	17	0	3	7	58	179	180	2	21	433
1207	28992	1.003458	0.0040473631	-8	14	22	12	5/6/8/2/3	20	66	17	0	3	7	59	178	181	2	22	434
1208	29016	1.003374	0.0040462126	-2	15	17	16	4/4/8/6/2	20	66	17	0	3	7	59	178	181	2	22	434
1209	29040	1.003290	0.0040450632	12	25	13	10	2/3/7/5/7	20	65	17	0	3	7	58	177	182	2	21	436
1210	29064	1.003207	0.004043915	5	20	15	13	1/8/5/5/5	20	64	17	0	3	7	57	177	183	2	21	435
1211	29088	1.003123	0.004042768	-3	17	20	11	5/5/5/6/3	20	64	17	0	3	7	58	177	182	2	21	435
1212	29112	1.003039	0.004041622	-4	13	17	18	3/5/11/3/2	20	65	17	0	3	7	58	177	182	2	21	435
1213	29136	1.002956	0.0040404772	-6	17	23	8	6/3/9/3/3	20	64	17	0	3	7	59	177	183	2	21	436
1214	29160	1.002872	0.0040393335	-13	12	25	11	7/4/8/5/0	20	63	16	0	3	6	60	178	181	2	22	438
1215	29184	1.002789	0.0040381909	10	23	13	12	3/2/8/4/7	20	64	16	0	3	6	59	179	182	2	23	439
1216	29208	1.002706	0.0040370495	3	18	15	15	2/5/8/6/3	20	64	16	0	3	6	59	180	182	2	22	440
1217	29232	1.002623	0.0040359092	-8	13	21	14	4/6/10/2/2	20	64	16	0	3	6	58	181	183	2	22	439
1218	29256	1.002540	0.00403477	-6	12	18	18	2/7/11/3/1	20	63	16	0	3	6	58	182	183	2	22	438
1219	29280	1.002457	0.0040336319	1	15	14	19	2/4/11/5/2	20	63	16	0	3	6	58	182	183	2	22	438
1220	29304	1.002374	0.0040324949	-6	15	21	12	5/3/9/7/0	20	62	16	0	3	7	59	181	184	2	22	437
1221	29328	1.002291	0.0040313591	4	18	14	16	4/5/3/7/5	20	62	17	0	3	7	59	180	184	2	22	438
1222	29352	1.002208	0.0040302243	1	16	15	17	3/5/6/8/2	20	62	17	0	3	7	59	180	184	2	22	437
1223	29376	1.002125	0.0040290907	-1	17	18	13	2/5/11/4/2	20	62	17	0	3	7	59	181	184	2	22	438
1224	29400	1.002043	0.0040279582	6	21	15	12	1/4/10/6/3	20	63	17	0	3	7	58	180	184	2	22	437
1225	29424	1.001960	0.0040268268	2	15	13	20	0/5/13/5/1	20	63	17	0	3	7	58	179	184	2	22	437
1226	29448	1.001877	0.0040256965	-3	18	21	9	3/5/10/4/2	20	63	17	0	3	7	58	180	184	2	22	436
1227	29472	1.001795	0.0040245673	7	21	14	13	0/5/11/4/4	20	62	16	0	3	7	59	181	184	2	23	437
1228	29496	1.001713	0.0040234391	1	17	16	15	3/5/8/4/4	20	62	16	0	3	7	59	181	184	2	23	437
1229	29520	1.001630	0.0040223121	-6	12	18	18	3/7/8/5/1	20	63	17	0	3	7	58	180	184	2	23	436
1230	29544	1.001548	0.0040211862	1	18	17	13	1/6/10/5/2	20	63	17	0	3	7	58	180	183	2	23	436
1231	29568	1.001466	0.0040200614	11	24	13	11	4/0/7/7/6	20	62	16	0	3	7	59	179	182	2	22	437
1232	29592	1.001384	0.0040189377	0	15	15	18	3/3/11/5/2	20	62	16	0	3	7	59	179	182	2	22	437
1233	29616	1.001302	0.0040178151	11	22	11	15	0/3/11/6/4	20	63	17	0	3	6	58	180	181	2	22	436
1234	29640	1.001220	0.0040166935	5	22	17	9	2/4/9/5/4	20	62	16	0	3	6	58	181	182	2	22	435
1235	29664	1.001138	0.0040155731	8	21	13	14	2/3/9/5/5	20	63	16	0	3	6	57	180	181	2	23	436
1236	29688	1.001056	0.0040144537	-2	18	20	10	3/3/13/3/2	20	63	16	0	3	6	57	180	181	2	22	437
1237	29712	1.000975	0.0040133354	10	22	12	14	0/6/6/8/4	20	64	16	0	3	6	56	181	180	2	22	435
1238	29736	1.000893	0.0040122182	1	18	17	13	2/7/7/4/4	20	64	16	0	3	6	56	181	180	2	22	435
1239	29760	1.000812	0.0040111021	4	19	15	14	3/6/4/6/5	20	64	16	0	3	6	57	182	180	2	22	435
1240	29784	1.000730	0.0040099871	2	16	14	18	4/3/6/9/2	20	64	16	0	3	6	57	181	180	2	22	435
1241	29808	1.000649	0.0040088731	15	23	8	17	0/2/9/9/4	20	63	16	0	3	7	55	183	182	2	23	437
1242	29832	1.000567	0.0040077602	-12	11	23	14	5/7/7/5/0	20	64	16	0	3	6	54	182	183	2	22	435
1243	29856	1.000486	0.0040066484	10	23	13	12	1/3/11/3/6	19	65	16	0	3	7	53	180	184	2	22	434
1244	29880	1.000405	0.0040055377	4	17	13	18	1/4/12/4/3	19	64	16	0	3	7	53	181	184	2	22	435
1245	29904	1.000324	0.004004428	-9	13	22	13	5/5/10/2/2	19	65	15	0	3	7	52	182	185	2	21	436
1246	29928	1.000243	0.0040033194	-5	17	22	9	4/3/13/2/2	19	65	15	0	3	6	52	183	185	2	22	435
1247	29952	1.000162	0.0040022119	9	22	13	13	3/3/5/8/5	19	64	15	0	3	6	51	182	185	2	21	436
1248	29976	1.000081	0.0040011054	-7	12	19	17	3/4/14/3/0	19	63	15	0	3	6	52	182	184	2	21	437
1249	30000	1.000000	0.004	0	17	17	14	2/4/11/6/1	19	63	15	0	3	6	52	182	184	2	21	437
