Building reference d785b89 ...
Preparing worktree (detached HEAD d785b89)
-- Arch native (-march=native) -- THIS MACHINE ONLY, never distributed
-- Sanitizer OFF
-- Tune build OFF
-- PGO off
-- Test timeout 60s (build type Release)
Building reference 08461e0 ...
Preparing worktree (detached HEAD 08461e0)
-- Arch native (-march=native) -- THIS MACHINE ONLY, never distributed
-- Sanitizer OFF
-- Tune build OFF
-- PGO off
-- Test timeout 60s (build type Release)
candidate  d785b89  2026-09-14
reference  08461e0  2026-09-14
config     arch native  tune off
tc 8+0.08  hash 16  concurrency 12 of 12 cores
book       noob_3moves.epd
seed       20260914172203
bounds     elo0=0 elo1=5 alpha=0.05 beta=0.05
out        /home/max/ws/chesso/.tuning/sprt_s091_20260914_172203

id name    cand-d785b89  Chesso d785b89 native
id name    ref-08461e0  Chesso 08461e0 native

Indexing opening suite...
Started game 1 of 40000 (cand-d785b89 vs ref-08461e0)
Started game 4 of 40000 (ref-08461e0 vs cand-d785b89)
Started game 9 of 40000 (cand-d785b89 vs ref-08461e0)
Started game 5 of 40000 (cand-d785b89 vs ref-08461e0)
Started game 6 of 40000 (ref-08461e0 vs cand-d785b89)
Started game 11 of 40000 (cand-d785b89 vs ref-08461e0)
Started game 10 of 40000 (ref-08461e0 vs cand-d785b89)
Started game 12 of 40000 (ref-08461e0 vs cand-d785b89)
Started game 2 of 40000 (ref-08461e0 vs cand-d785b89)
Started game 8 of 40000 (ref-08461e0 vs cand-d785b89)
Started game 7 of 40000 (cand-d785b89 vs ref-08461e0)
Started game 3 of 40000 (cand-d785b89 vs ref-08461e0)
Finished game 6 (ref-08461e0 vs cand-d785b89): 1-0 {White wins by adjudication}
Started game 13 of 40000 (cand-d785b89 vs ref-08461e0)
Finished game 12 (ref-08461e0 vs cand-d785b89): 1-0 {White wins by adjudication}
Started game 14 of 40000 (ref-08461e0 vs cand-d785b89)
Finished game 2 (ref-08461e0 vs cand-d785b89): 0-1 {Black wins by adjudication}
Started game 15 of 40000 (cand-d785b89 vs ref-08461e0)
Finished game 7 (cand-d785b89 vs ref-08461e0): 1-0 {White wins by adjudication}
Started game 16 of 40000 (ref-08461e0 vs cand-d785b89)
Finished game 10 (ref-08461e0 vs cand-d785b89): 1-0 {White wins by adjudication}
Started game 17 of 40000 (cand-d785b89 vs ref-08461e0)
Finished game 5 (cand-d785b89 vs ref-08461e0): 0-1 {Black wins by adjudication}
Started game 18 of 40000 (ref-08461e0 vs cand-d785b89)
Finished game 4 (ref-08461e0 vs cand-d785b89): 0-1 {Black wins by adjudication}
Started game 19 of 40000 (cand-d785b89 vs ref-08461e0)
Finished game 9 (cand-d785b89 vs ref-08461e0): 0-1 {Black wins by adjudication}
Started game 20 of 40000 (ref-08461e0 vs cand-d785b89)
Finished game 3 (cand-d785b89 vs ref-08461e0): 1-0 {White wins by adjudication}
Started game 21 of 40000 (cand-d785b89 vs ref-08461e0)
Finished game 13 (cand-d785b89 vs ref-08461e0): 1/2-1/2 {Draw by 3-fold repetition}
Started game 22 of 40000 (ref-08461e0 vs cand-d785b89)
Finished game 8 (ref-08461e0 vs cand-d785b89): 1/2-1/2 {Draw by adjudication}
Started game 23 of 40000 (cand-d785b89 vs ref-08461e0)
Finished game 11 (cand-d785b89 vs ref-08461e0): 1/2-1/2 {Draw by stalemate}
Started game 24 of 40000 (ref-08461e0 vs cand-d785b89)
Finished game 1 (cand-d785b89 vs ref-08461e0): 1-0 {White wins by adjudication}
Started game 25 of 40000 (cand-d785b89 vs ref-08461e0)
Finished game 15 (cand-d785b89 vs ref-08461e0): 0-1 {Black wins by adjudication}
Started game 26 of 40000 (ref-08461e0 vs cand-d785b89)
Finished game 14 (ref-08461e0 vs cand-d785b89): 1-0 {White wins by adjudication}
Started game 27 of 40000 (cand-d785b89 vs ref-08461e0)
Finished game 18 (ref-08461e0 vs cand-d785b89): 1-0 {White wins by adjudication}
Started game 28 of 40000 (ref-08461e0 vs cand-d785b89)
Finished game 19 (cand-d785b89 vs ref-08461e0): 1/2-1/2 {Draw by 3-fold repetition}
Started game 29 of 40000 (cand-d785b89 vs ref-08461e0)
Finished game 23 (cand-d785b89 vs ref-08461e0): 1-0 {White wins by adjudication}
Started game 30 of 40000 (ref-08461e0 vs cand-d785b89)
Finished game 17 (cand-d785b89 vs ref-08461e0): 1-0 {White wins by adjudication}
Started game 31 of 40000 (cand-d785b89 vs ref-08461e0)
Finished game 21 (cand-d785b89 vs ref-08461e0): 1-0 {White wins by adjudication}
Started game 32 of 40000 (ref-08461e0 vs cand-d785b89)
Finished game 24 (ref-08461e0 vs cand-d785b89): 0-1 {Black wins by adjudication}
Started game 33 of 40000 (cand-d785b89 vs ref-08461e0)
Finished game 16 (ref-08461e0 vs cand-d785b89): 1/2-1/2 {Draw by 3-fold repetition}
Started game 34 of 40000 (ref-08461e0 vs cand-d785b89)
Finished game 20 (ref-08461e0 vs cand-d785b89): 1/2-1/2 {Draw by adjudication}
--------------------------------------------------
Results of cand-d785b89 vs ref-08461e0 (8+0.08, 1t, 16MB, noob_3moves.epd):
Elo: -0.00 +/- 162.54, nElo: -0.00 +/- 145.18
LOS: 50.00 %, DrawRatio: 18.18 %, PairsRatio: 0.80
Games: 22, Wins: 8, Losses: 8, Draws: 6, Points: 11.0 (50.00 %)
Ptnml(0-2): [2, 3, 2, 1, 3], WL/DD Ratio: 1.00
LLR: -0.00 (-0.1%) (-2.94, 2.94) [0.00, 5.00]
--------------------------------------------------
Started game 35 of 40000 (cand-d785b89 vs ref-08461e0)
Finished game 32 (ref-08461e0 vs cand-d785b89): 1-0 {White wins by adjudication}
Started game 36 of 40000 (ref-08461e0 vs cand-d785b89)
Finished game 25 (cand-d785b89 vs ref-08461e0): 1-0 {White wins by adjudication}
Started game 37 of 40000 (cand-d785b89 vs ref-08461e0)
Finished game 26 (ref-08461e0 vs cand-d785b89): 1/2-1/2 {Draw by adjudication}
Started game 38 of 40000 (ref-08461e0 vs cand-d785b89)
Finished game 29 (cand-d785b89 vs ref-08461e0): 1/2-1/2 {Draw by 3-fold repetition}
Started game 39 of 40000 (cand-d785b89 vs ref-08461e0)
Finished game 30 (ref-08461e0 vs cand-d785b89): 1/2-1/2 {Draw by 3-fold repetition}
Started game 40 of 40000 (ref-08461e0 vs cand-d785b89)
Finished game 27 (cand-d785b89 vs ref-08461e0): 0-1 {Black wins by adjudication}
Started game 41 of 40000 (cand-d785b89 vs ref-08461e0)
Finished game 28 (ref-08461e0 vs cand-d785b89): 1/2-1/2 {Draw by adjudication}
Started game 42 of 40000 (ref-08461e0 vs cand-d785b89)
Finished game 31 (cand-d785b89 vs ref-08461e0): 1/2-1/2 {Draw by adjudication}
Started game 43 of 40000 (cand-d785b89 vs ref-08461e0)
Finished game 22 (ref-08461e0 vs cand-d785b89): 1/2-1/2 {Draw by fifty moves rule}
Started game 44 of 40000 (ref-08461e0 vs cand-d785b89)
Finished game 37 (cand-d785b89 vs ref-08461e0): 1-0 {White wins by adjudication}
Started game 45 of 40000 (cand-d785b89 vs ref-08461e0)
Finished game 36 (ref-08461e0 vs cand-d785b89): 0-1 {Black wins by adjudication}
Started game 46 of 40000 (ref-08461e0 vs cand-d785b89)
Finished game 35 (cand-d785b89 vs ref-08461e0): 0-1 {Black wins by adjudication}
Started game 47 of 40000 (cand-d785b89 vs ref-08461e0)
Finished game 33 (cand-d785b89 vs ref-08461e0): 1-0 {White wins by adjudication}
Started game 48 of 40000 (ref-08461e0 vs cand-d785b89)
Finished game 34 (ref-08461e0 vs cand-d785b89): 1-0 {White wins by adjudication}
Started game 49 of 40000 (cand-d785b89 vs ref-08461e0)
Finished game 38 (ref-08461e0 vs cand-d785b89): 1/2-1/2 {Draw by 3-fold repetition}
Started game 50 of 40000 (ref-08461e0 vs cand-d785b89)
Finished game 42 (ref-08461e0 vs cand-d785b89): 0-1 {Black wins by adjudication}
Started game 51 of 40000 (cand-d785b89 vs ref-08461e0)
Finished game 44 (ref-08461e0 vs cand-d785b89): 1-0 {White wins by adjudication}
Started game 52 of 40000 (ref-08461e0 vs cand-d785b89)
Finished game 40 (ref-08461e0 vs cand-d785b89): 1/2-1/2 {Draw by 3-fold repetition}
Started game 53 of 40000 (cand-d785b89 vs ref-08461e0)
Finished game 39 (cand-d785b89 vs ref-08461e0): 1/2-1/2 {Draw by insufficient mating material}
--------------------------------------------------
Results of cand-d785b89 vs ref-08461e0 (8+0.08, 1t, 16MB, noob_3moves.epd):
Elo: 8.69 +/- 93.88, nElo: 10.21 +/- 107.67
LOS: 57.37 %, DrawRatio: 30.00 %, PairsRatio: 1.00
Games: 40, Wins: 13, Losses: 12, Draws: 15, Points: 20.5 (51.25 %)
Ptnml(0-2): [2, 5, 6, 4, 3], WL/DD Ratio: 1.00
LLR: 0.01 (0.4%) (-2.94, 2.94) [0.00, 5.00]
--------------------------------------------------
Started game 54 of 40000 (ref-08461e0 vs cand-d785b89)
Finished game 47 (cand-d785b89 vs ref-08461e0): 0-1 {Black wins by adjudication}
Started game 55 of 40000 (cand-d785b89 vs ref-08461e0)
Finished game 48 (ref-08461e0 vs cand-d785b89): 0-1 {Black wins by adjudication}
Started game 56 of 40000 (ref-08461e0 vs cand-d785b89)
Finished game 41 (cand-d785b89 vs ref-08461e0): 1/2-1/2 {Draw by adjudication}
Started game 57 of 40000 (cand-d785b89 vs ref-08461e0)
Finished game 45 (cand-d785b89 vs ref-08461e0): 0-1 {Black wins by adjudication}
Started game 58 of 40000 (ref-08461e0 vs cand-d785b89)
Finished game 43 (cand-d785b89 vs ref-08461e0): 0-1 {Black wins by adjudication}
Started game 59 of 40000 (cand-d785b89 vs ref-08461e0)
Finished game 46 (ref-08461e0 vs cand-d785b89): 0-1 {Black wins by adjudication}
Started game 60 of 40000 (ref-08461e0 vs cand-d785b89)
Finished game 49 (cand-d785b89 vs ref-08461e0): 1-0 {White wins by adjudication}
Started game 61 of 40000 (cand-d785b89 vs ref-08461e0)
Finished game 50 (ref-08461e0 vs cand-d785b89): 0-1 {Black wins by adjudication}
Started game 62 of 40000 (ref-08461e0 vs cand-d785b89)
Finished game 52 (ref-08461e0 vs cand-d785b89): 1/2-1/2 {Draw by adjudication}
Started game 63 of 40000 (cand-d785b89 vs ref-08461e0)
Finished game 54 (ref-08461e0 vs cand-d785b89): 1-0 {White wins by adjudication}
Started game 64 of 40000 (ref-08461e0 vs cand-d785b89)
Finished game 53 (cand-d785b89 vs ref-08461e0): 0-1 {Black wins by adjudication}
Started game 65 of 40000 (cand-d785b89 vs ref-08461e0)
Finished game 51 (cand-d785b89 vs ref-08461e0): 1/2-1/2 {Draw by 3-fold repetition}
Started game 66 of 40000 (ref-08461e0 vs cand-d785b89)
Finished game 62 (ref-08461e0 vs cand-d785b89): 0-1 {Black wins by adjudication}
Started game 67 of 40000 (cand-d785b89 vs ref-08461e0)
Finished game 60 (ref-08461e0 vs cand-d785b89): 1-0 {White wins by adjudication}
Started game 68 of 40000 (ref-08461e0 vs cand-d785b89)
Finished game 59 (cand-d785b89 vs ref-08461e0): 1/2-1/2 {Draw by 3-fold repetition}
--------------------------------------------------
Results of cand-d785b89 vs ref-08461e0 (8+0.08, 1t, 16MB, noob_3moves.epd):
Elo: -6.20 +/- 81.18, nElo: -7.08 +/- 91.00
LOS: 43.94 %, DrawRatio: 32.14 %, PairsRatio: 0.90
Games: 56, Wins: 18, Losses: 19, Draws: 19, Points: 27.5 (49.11 %)
Ptnml(0-2): [4, 6, 9, 5, 4], WL/DD Ratio: 1.25
LLR: -0.02 (-0.8%) (-2.94, 2.94) [0.00, 5.00]
--------------------------------------------------
Started game 69 of 40000 (cand-d785b89 vs ref-08461e0)
Finished game 57 (cand-d785b89 vs ref-08461e0): 1-0 {White wins by adjudication}
Started game 70 of 40000 (ref-08461e0 vs cand-d785b89)
Finished game 56 (ref-08461e0 vs cand-d785b89): 1/2-1/2 {Draw by 3-fold repetition}
Started game 71 of 40000 (cand-d785b89 vs ref-08461e0)
Finished game 55 (cand-d785b89 vs ref-08461e0): 1-0 {White wins by adjudication}
Started game 72 of 40000 (ref-08461e0 vs cand-d785b89)
Finished game 58 (ref-08461e0 vs cand-d785b89): 0-1 {Black wins by adjudication}
Started game 73 of 40000 (cand-d785b89 vs ref-08461e0)
Finished game 61 (cand-d785b89 vs ref-08461e0): 1-0 {White wins by adjudication}
Started game 74 of 40000 (ref-08461e0 vs cand-d785b89)
Finished game 65 (cand-d785b89 vs ref-08461e0): 0-1 {Black wins by adjudication}
Started game 75 of 40000 (cand-d785b89 vs ref-08461e0)
Finished game 63 (cand-d785b89 vs ref-08461e0): 1-0 {White wins by adjudication}
Started game 76 of 40000 (ref-08461e0 vs cand-d785b89)
Finished game 70 (ref-08461e0 vs cand-d785b89): 0-1 {Black wins by adjudication}
Started game 77 of 40000 (cand-d785b89 vs ref-08461e0)
Finished game 68 (ref-08461e0 vs cand-d785b89): 0-1 {Black wins by adjudication}
Started game 78 of 40000 (ref-08461e0 vs cand-d785b89)
Finished game 64 (ref-08461e0 vs cand-d785b89): 0-1 {Black wins by adjudication}
Started game 79 of 40000 (cand-d785b89 vs ref-08461e0)
Finished game 69 (cand-d785b89 vs ref-08461e0): 1-0 {White wins by adjudication}
Started game 80 of 40000 (ref-08461e0 vs cand-d785b89)
Finished game 67 (cand-d785b89 vs ref-08461e0): 1/2-1/2 {Draw by 3-fold repetition}
Started game 81 of 40000 (cand-d785b89 vs ref-08461e0)
Finished game 71 (cand-d785b89 vs ref-08461e0): 1-0 {White wins by adjudication}
Started game 82 of 40000 (ref-08461e0 vs cand-d785b89)
Finished game 66 (ref-08461e0 vs cand-d785b89): 1-0 {White wins by adjudication}
Started game 83 of 40000 (cand-d785b89 vs ref-08461e0)
Finished game 73 (cand-d785b89 vs ref-08461e0): 1-0 {White wins by adjudication}
Started game 84 of 40000 (ref-08461e0 vs cand-d785b89)
Finished game 76 (ref-08461e0 vs cand-d785b89): 1-0 {White wins by adjudication}
Started game 85 of 40000 (cand-d785b89 vs ref-08461e0)
Finished game 82 (ref-08461e0 vs cand-d785b89): 1/2-1/2 {Draw by 3-fold repetition}
Started game 86 of 40000 (ref-08461e0 vs cand-d785b89)
Finished game 78 (ref-08461e0 vs cand-d785b89): 0-1 {Black wins by adjudication}
Started game 87 of 40000 (cand-d785b89 vs ref-08461e0)
Finished game 72 (ref-08461e0 vs cand-d785b89): 1/2-1/2 {Draw by adjudication}
Started game 88 of 40000 (ref-08461e0 vs cand-d785b89)
Finished game 77 (cand-d785b89 vs ref-08461e0): 1-0 {White wins by adjudication}
Started game 89 of 40000 (cand-d785b89 vs ref-08461e0)
Finished game 75 (cand-d785b89 vs ref-08461e0): 1/2-1/2 {Draw by 3-fold repetition}
Started game 90 of 40000 (ref-08461e0 vs cand-d785b89)
Finished game 80 (ref-08461e0 vs cand-d785b89): 0-1 {Black wins by adjudication}
Started game 91 of 40000 (cand-d785b89 vs ref-08461e0)
Finished game 84 (ref-08461e0 vs cand-d785b89): 0-1 {Black wins by adjudication}
Started game 92 of 40000 (ref-08461e0 vs cand-d785b89)
Finished game 81 (cand-d785b89 vs ref-08461e0): 0-1 {Black wins by adjudication}
Started game 93 of 40000 (cand-d785b89 vs ref-08461e0)
Finished game 79 (cand-d785b89 vs ref-08461e0): 1-0 {White wins by adjudication}
--------------------------------------------------
Results of cand-d785b89 vs ref-08461e0 (8+0.08, 1t, 16MB, noob_3moves.epd):
Elo: 43.66 +/- 75.35, nElo: 45.31 +/- 76.13
LOS: 87.83 %, DrawRatio: 22.50 %, PairsRatio: 1.38
Games: 80, Wins: 33, Losses: 23, Draws: 24, Points: 45.0 (56.25 %)
Ptnml(0-2): [5, 8, 9, 8, 10], WL/DD Ratio: 1.25
LLR: 0.14 (4.8%) (-2.94, 2.94) [0.00, 5.00]
--------------------------------------------------
Started game 94 of 40000 (ref-08461e0 vs cand-d785b89)
Finished game 74 (ref-08461e0 vs cand-d785b89): 1/2-1/2 {Draw by adjudication}
Started game 95 of 40000 (cand-d785b89 vs ref-08461e0)
Finished game 85 (cand-d785b89 vs ref-08461e0): 0-1 {Black wins by adjudication}
Started game 96 of 40000 (ref-08461e0 vs cand-d785b89)
Finished game 83 (cand-d785b89 vs ref-08461e0): 1/2-1/2 {Draw by adjudication}
Started game 97 of 40000 (cand-d785b89 vs ref-08461e0)
Finished game 87 (cand-d785b89 vs ref-08461e0): 1/2-1/2 {Draw by adjudication}
Started game 98 of 40000 (ref-08461e0 vs cand-d785b89)
Finished game 90 (ref-08461e0 vs cand-d785b89): 0-1 {Black wins by adjudication}
Started game 99 of 40000 (cand-d785b89 vs ref-08461e0)
Finished game 91 (cand-d785b89 vs ref-08461e0): 1-0 {White wins by adjudication}
Started game 100 of 40000 (ref-08461e0 vs cand-d785b89)
Finished game 88 (ref-08461e0 vs cand-d785b89): 0-1 {Black wins by adjudication}
Started game 101 of 40000 (cand-d785b89 vs ref-08461e0)
Finished game 86 (ref-08461e0 vs cand-d785b89): 1/2-1/2 {Draw by adjudication}
Started game 102 of 40000 (ref-08461e0 vs cand-d785b89)
Finished game 89 (cand-d785b89 vs ref-08461e0): 1/2-1/2 {Draw by 3-fold repetition}
Started game 103 of 40000 (cand-d785b89 vs ref-08461e0)
Finished game 93 (cand-d785b89 vs ref-08461e0): 1/2-1/2 {Draw by 3-fold repetition}
Started game 104 of 40000 (ref-08461e0 vs cand-d785b89)
Finished game 94 (ref-08461e0 vs cand-d785b89): 1/2-1/2 {Draw by 3-fold repetition}
Started game 105 of 40000 (cand-d785b89 vs ref-08461e0)
Finished game 96 (ref-08461e0 vs cand-d785b89): 1-0 {White wins by adjudication}
Started game 106 of 40000 (ref-08461e0 vs cand-d785b89)
Finished game 95 (cand-d785b89 vs ref-08461e0): 0-1 {Black wins by adjudication}
Started game 107 of 40000 (cand-d785b89 vs ref-08461e0)
Finished game 92 (ref-08461e0 vs cand-d785b89): 1/2-1/2 {Draw by adjudication}
Started game 108 of 40000 (ref-08461e0 vs cand-d785b89)
Finished game 97 (cand-d785b89 vs ref-08461e0): 0-1 {Black wins by adjudication}
Started game 109 of 40000 (cand-d785b89 vs ref-08461e0)
Finished game 100 (ref-08461e0 vs cand-d785b89): 0-1 {Black wins by adjudication}
Started game 110 of 40000 (ref-08461e0 vs cand-d785b89)
Finished game 98 (ref-08461e0 vs cand-d785b89): 0-1 {Black wins by adjudication}
Started game 111 of 40000 (cand-d785b89 vs ref-08461e0)
Finished game 101 (cand-d785b89 vs ref-08461e0): 1/2-1/2 {Draw by 3-fold repetition}
Started game 112 of 40000 (ref-08461e0 vs cand-d785b89)
Finished game 99 (cand-d785b89 vs ref-08461e0): 0-1 {Black wins by adjudication}
--------------------------------------------------
Results of cand-d785b89 vs ref-08461e0 (8+0.08, 1t, 16MB, noob_3moves.epd):
Elo: 41.89 +/- 63.73, nElo: 45.73 +/- 68.10
LOS: 90.59 %, DrawRatio: 24.00 %, PairsRatio: 1.53
Games: 100, Wins: 40, Losses: 28, Draws: 32, Points: 56.0 (56.00 %)
Ptnml(0-2): [6, 9, 12, 13, 10], WL/DD Ratio: 1.40
LLR: 0.18 (6.0%) (-2.94, 2.94) [0.00, 5.00]
--------------------------------------------------
Started game 113 of 40000 (cand-d785b89 vs ref-08461e0)
Finished game 103 (cand-d785b89 vs ref-08461e0): 1-0 {White wins by adjudication}
Started game 114 of 40000 (ref-08461e0 vs cand-d785b89)
Finished game 102 (ref-08461e0 vs cand-d785b89): 0-1 {Black wins by adjudication}
Started game 115 of 40000 (cand-d785b89 vs ref-08461e0)
Finished game 104 (ref-08461e0 vs cand-d785b89): 0-1 {Black wins by adjudication}
Started game 116 of 40000 (ref-08461e0 vs cand-d785b89)
Finished game 106 (ref-08461e0 vs cand-d785b89): 0-1 {Black wins by adjudication}
Started game 117 of 40000 (cand-d785b89 vs ref-08461e0)
Finished game 108 (ref-08461e0 vs cand-d785b89): 1/2-1/2 {Draw by 3-fold repetition}
Started game 118 of 40000 (ref-08461e0 vs cand-d785b89)
Finished game 105 (cand-d785b89 vs ref-08461e0): 1/2-1/2 {Draw by insufficient mating material}
Started game 119 of 40000 (cand-d785b89 vs ref-08461e0)
Finished game 113 (cand-d785b89 vs ref-08461e0): 1-0 {White wins by adjudication}
Started game 120 of 40000 (ref-08461e0 vs cand-d785b89)
Finished game 110 (ref-08461e0 vs cand-d785b89): 1/2-1/2 {Draw by adjudication}
Started game 121 of 40000 (cand-d785b89 vs ref-08461e0)
Finished game 109 (cand-d785b89 vs ref-08461e0): 0-1 {Black wins by adjudication}
Started game 122 of 40000 (ref-08461e0 vs cand-d785b89)
Finished game 111 (cand-d785b89 vs ref-08461e0): 1-0 {White wins by adjudication}
Started game 123 of 40000 (cand-d785b89 vs ref-08461e0)
Finished game 107 (cand-d785b89 vs ref-08461e0): 1/2-1/2 {Draw by adjudication}
Started game 124 of 40000 (ref-08461e0 vs cand-d785b89)
Finished game 115 (cand-d785b89 vs ref-08461e0): 1-0 {White wins by adjudication}
Started game 125 of 40000 (cand-d785b89 vs ref-08461e0)
Finished game 112 (ref-08461e0 vs cand-d785b89): 0-1 {Black wins by adjudication}
Started game 126 of 40000 (ref-08461e0 vs cand-d785b89)
Finished game 116 (ref-08461e0 vs cand-d785b89): 1-0 {White wins by adjudication}
Started game 127 of 40000 (cand-d785b89 vs ref-08461e0)
Finished game 114 (ref-08461e0 vs cand-d785b89): 1-0 {White wins by adjudication}
Started game 128 of 40000 (ref-08461e0 vs cand-d785b89)
Finished game 119 (cand-d785b89 vs ref-08461e0): 1-0 {White wins by adjudication}
Started game 129 of 40000 (cand-d785b89 vs ref-08461e0)
Finished game 123 (cand-d785b89 vs ref-08461e0): 0-1 {Black wins by adjudication}
Started game 130 of 40000 (ref-08461e0 vs cand-d785b89)
Finished game 121 (cand-d785b89 vs ref-08461e0): 1-0 {White wins by adjudication}
Started game 131 of 40000 (cand-d785b89 vs ref-08461e0)
Finished game 118 (ref-08461e0 vs cand-d785b89): 0-1 {Black wins by adjudication}
Started game 132 of 40000 (ref-08461e0 vs cand-d785b89)
Finished game 120 (ref-08461e0 vs cand-d785b89): 1/2-1/2 {Draw by 3-fold repetition}
--------------------------------------------------
Results of cand-d785b89 vs ref-08461e0 (8+0.08, 1t, 16MB, noob_3moves.epd):
Elo: 53.42 +/- 57.38, nElo: 59.86 +/- 62.69
LOS: 96.94 %, DrawRatio: 25.42 %, PairsRatio: 1.75
Games: 118, Wins: 49, Losses: 31, Draws: 38, Points: 68.0 (57.63 %)
Ptnml(0-2): [6, 10, 15, 16, 12], WL/DD Ratio: 1.50
LLR: 0.27 (9.2%) (-2.94, 2.94) [0.00, 5.00]
--------------------------------------------------
Started game 133 of 40000 (cand-d785b89 vs ref-08461e0)
Finished game 124 (ref-08461e0 vs cand-d785b89): 0-1 {Black wins by adjudication}
Started game 134 of 40000 (ref-08461e0 vs cand-d785b89)
Finished game 129 (cand-d785b89 vs ref-08461e0): 0-1 {Black wins by adjudication}
Started game 135 of 40000 (cand-d785b89 vs ref-08461e0)
Finished game 125 (cand-d785b89 vs ref-08461e0): 0-1 {Black wins by adjudication}
Started game 136 of 40000 (ref-08461e0 vs cand-d785b89)
Finished game 127 (cand-d785b89 vs ref-08461e0): 1/2-1/2 {Draw by 3-fold repetition}
Started game 137 of 40000 (cand-d785b89 vs ref-08461e0)
Finished game 128 (ref-08461e0 vs cand-d785b89): 1-0 {White wins by adjudication}
Started game 138 of 40000 (ref-08461e0 vs cand-d785b89)
Finished game 117 (cand-d785b89 vs ref-08461e0): 1-0 {White wins by adjudication}
Started game 139 of 40000 (cand-d785b89 vs ref-08461e0)
Finished game 122 (ref-08461e0 vs cand-d785b89): 1/2-1/2 {Draw by insufficient mating material}
Started game 140 of 40000 (ref-08461e0 vs cand-d785b89)
Finished game 131 (cand-d785b89 vs ref-08461e0): 1-0 {White wins by adjudication}
Started game 141 of 40000 (cand-d785b89 vs ref-08461e0)
Finished game 132 (ref-08461e0 vs cand-d785b89): 1-0 {White wins by adjudication}
Started game 142 of 40000 (ref-08461e0 vs cand-d785b89)
Finished game 133 (cand-d785b89 vs ref-08461e0): 1/2-1/2 {Draw by insufficient mating material}
Started game 143 of 40000 (cand-d785b89 vs ref-08461e0)
Finished game 130 (ref-08461e0 vs cand-d785b89): 1/2-1/2 {Draw by adjudication}
Started game 144 of 40000 (ref-08461e0 vs cand-d785b89)
Finished game 134 (ref-08461e0 vs cand-d785b89): 1-0 {White wins by adjudication}
Started game 145 of 40000 (cand-d785b89 vs ref-08461e0)
Finished game 126 (ref-08461e0 vs cand-d785b89): 1/2-1/2 {Draw by 3-fold repetition}
Started game 146 of 40000 (ref-08461e0 vs cand-d785b89)
Finished game 139 (cand-d785b89 vs ref-08461e0): 0-1 {Black wins by adjudication}
Started game 147 of 40000 (cand-d785b89 vs ref-08461e0)
Finished game 140 (ref-08461e0 vs cand-d785b89): 1-0 {White wins by adjudication}
--------------------------------------------------
Results of cand-d785b89 vs ref-08461e0 (8+0.08, 1t, 16MB, noob_3moves.epd):
Elo: 38.48 +/- 53.02, nElo: 43.06 +/- 58.39
LOS: 92.58 %, DrawRatio: 25.00 %, PairsRatio: 1.43
Games: 136, Wins: 54, Losses: 39, Draws: 43, Points: 75.5 (55.51 %)
Ptnml(0-2): [7, 14, 17, 17, 13], WL/DD Ratio: 1.83
LLR: 0.23 (7.7%) (-2.94, 2.94) [0.00, 5.00]
--------------------------------------------------
Started game 148 of 40000 (ref-08461e0 vs cand-d785b89)
Finished game 136 (ref-08461e0 vs cand-d785b89): 0-1 {Black wins by adjudication}
Started game 149 of 40000 (cand-d785b89 vs ref-08461e0)
Finished game 135 (cand-d785b89 vs ref-08461e0): 1-0 {White wins by adjudication}
Started game 150 of 40000 (ref-08461e0 vs cand-d785b89)
Finished game 138 (ref-08461e0 vs cand-d785b89): 0-1 {Black wins by adjudication}
Started game 151 of 40000 (cand-d785b89 vs ref-08461e0)
Finished game 141 (cand-d785b89 vs ref-08461e0): 1-0 {White wins by adjudication}
Started game 152 of 40000 (ref-08461e0 vs cand-d785b89)
Finished game 148 (ref-08461e0 vs cand-d785b89): 1/2-1/2 {Draw by 3-fold repetition}
Started game 153 of 40000 (cand-d785b89 vs ref-08461e0)
Finished game 142 (ref-08461e0 vs cand-d785b89): 0-1 {Black wins by adjudication}
Started game 154 of 40000 (ref-08461e0 vs cand-d785b89)
Finished game 144 (ref-08461e0 vs cand-d785b89): 1-0 {White wins by adjudication}
Started game 155 of 40000 (cand-d785b89 vs ref-08461e0)
Finished game 147 (cand-d785b89 vs ref-08461e0): 1-0 {White wins by adjudication}
Started game 156 of 40000 (ref-08461e0 vs cand-d785b89)
Finished game 143 (cand-d785b89 vs ref-08461e0): 1/2-1/2 {Draw by fifty moves rule}
Started game 157 of 40000 (cand-d785b89 vs ref-08461e0)
Finished game 150 (ref-08461e0 vs cand-d785b89): 0-1 {Black wins by adjudication}
Started game 158 of 40000 (ref-08461e0 vs cand-d785b89)
Finished game 137 (cand-d785b89 vs ref-08461e0): 0-1 {Black wins by adjudication}
Started game 159 of 40000 (cand-d785b89 vs ref-08461e0)
Finished game 149 (cand-d785b89 vs ref-08461e0): 1-0 {White wins by adjudication}
Started game 160 of 40000 (ref-08461e0 vs cand-d785b89)
Finished game 146 (ref-08461e0 vs cand-d785b89): 1/2-1/2 {Draw by insufficient mating material}
Started game 161 of 40000 (cand-d785b89 vs ref-08461e0)
Finished game 152 (ref-08461e0 vs cand-d785b89): 1-0 {White wins by adjudication}
Started game 162 of 40000 (ref-08461e0 vs cand-d785b89)
Finished game 145 (cand-d785b89 vs ref-08461e0): 1/2-1/2 {Draw by insufficient mating material}
Started game 163 of 40000 (cand-d785b89 vs ref-08461e0)
Finished game 151 (cand-d785b89 vs ref-08461e0): 1-0 {White wins by adjudication}
Started game 164 of 40000 (ref-08461e0 vs cand-d785b89)
Finished game 154 (ref-08461e0 vs cand-d785b89): 0-1 {Black wins by adjudication}
Started game 165 of 40000 (cand-d785b89 vs ref-08461e0)
Finished game 156 (ref-08461e0 vs cand-d785b89): 1/2-1/2 {Draw by 3-fold repetition}
Started game 166 of 40000 (ref-08461e0 vs cand-d785b89)
Finished game 153 (cand-d785b89 vs ref-08461e0): 1/2-1/2 {Draw by 3-fold repetition}
Started game 167 of 40000 (cand-d785b89 vs ref-08461e0)
Finished game 155 (cand-d785b89 vs ref-08461e0): 1/2-1/2 {Draw by 3-fold repetition}
Started game 168 of 40000 (ref-08461e0 vs cand-d785b89)
Finished game 160 (ref-08461e0 vs cand-d785b89): 1-0 {White wins by adjudication}
Started game 169 of 40000 (cand-d785b89 vs ref-08461e0)
Finished game 162 (ref-08461e0 vs cand-d785b89): 1-0 {White wins by adjudication}
Started game 170 of 40000 (ref-08461e0 vs cand-d785b89)
Finished game 158 (ref-08461e0 vs cand-d785b89): 1/2-1/2 {Draw by adjudication}
Started game 171 of 40000 (cand-d785b89 vs ref-08461e0)
Finished game 167 (cand-d785b89 vs ref-08461e0): 0-1 {Black wins by adjudication}
Started game 172 of 40000 (ref-08461e0 vs cand-d785b89)
Finished game 164 (ref-08461e0 vs cand-d785b89): 0-1 {Black wins by adjudication}
Started game 173 of 40000 (cand-d785b89 vs ref-08461e0)
Finished game 161 (cand-d785b89 vs ref-08461e0): 1/2-1/2 {Draw by 3-fold repetition}
Started game 174 of 40000 (ref-08461e0 vs cand-d785b89)
Finished game 157 (cand-d785b89 vs ref-08461e0): 0-1 {Black wins by adjudication}
Started game 175 of 40000 (cand-d785b89 vs ref-08461e0)
Finished game 165 (cand-d785b89 vs ref-08461e0): 1/2-1/2 {Draw by 3-fold repetition}
Started game 176 of 40000 (ref-08461e0 vs cand-d785b89)
Finished game 163 (cand-d785b89 vs ref-08461e0): 1/2-1/2 {Draw by 3-fold repetition}
Started game 177 of 40000 (cand-d785b89 vs ref-08461e0)
Finished game 166 (ref-08461e0 vs cand-d785b89): 1/2-1/2 {Draw by 3-fold repetition}
Started game 178 of 40000 (ref-08461e0 vs cand-d785b89)
Finished game 159 (cand-d785b89 vs ref-08461e0): 1/2-1/2 {Draw by fifty moves rule}
--------------------------------------------------
Results of cand-d785b89 vs ref-08461e0 (8+0.08, 1t, 16MB, noob_3moves.epd):
Elo: 42.06 +/- 46.87, nElo: 48.20 +/- 52.85
LOS: 96.31 %, DrawRatio: 26.51 %, PairsRatio: 1.44
Games: 166, Wins: 65, Losses: 45, Draws: 56, Points: 93.0 (56.02 %)
Ptnml(0-2): [7, 18, 22, 20, 16], WL/DD Ratio: 1.44
LLR: 0.31 (10.5%) (-2.94, 2.94) [0.00, 5.00]
--------------------------------------------------
Started game 179 of 40000 (cand-d785b89 vs ref-08461e0)
Finished game 170 (ref-08461e0 vs cand-d785b89): 0-1 {Black wins by adjudication}
Started game 180 of 40000 (ref-08461e0 vs cand-d785b89)
Finished game 168 (ref-08461e0 vs cand-d785b89): 1/2-1/2 {Draw by 3-fold repetition}
Started game 181 of 40000 (cand-d785b89 vs ref-08461e0)
Finished game 174 (ref-08461e0 vs cand-d785b89): 0-1 {Black wins by adjudication}
Started game 182 of 40000 (ref-08461e0 vs cand-d785b89)
Finished game 171 (cand-d785b89 vs ref-08461e0): 1/2-1/2 {Draw by 3-fold repetition}
Started game 183 of 40000 (cand-d785b89 vs ref-08461e0)
Finished game 173 (cand-d785b89 vs ref-08461e0): 1-0 {White wins by adjudication}
Started game 184 of 40000 (ref-08461e0 vs cand-d785b89)
Finished game 169 (cand-d785b89 vs ref-08461e0): 1-0 {White wins by adjudication}
Started game 185 of 40000 (cand-d785b89 vs ref-08461e0)
Finished game 176 (ref-08461e0 vs cand-d785b89): 1-0 {White wins by adjudication}
Started game 186 of 40000 (ref-08461e0 vs cand-d785b89)
Finished game 179 (cand-d785b89 vs ref-08461e0): 1-0 {White wins by adjudication}
Started game 187 of 40000 (cand-d785b89 vs ref-08461e0)
Finished game 172 (ref-08461e0 vs cand-d785b89): 1-0 {White wins by adjudication}
Started game 188 of 40000 (ref-08461e0 vs cand-d785b89)
Finished game 178 (ref-08461e0 vs cand-d785b89): 0-1 {Black wins by adjudication}
Started game 189 of 40000 (cand-d785b89 vs ref-08461e0)
Finished game 182 (ref-08461e0 vs cand-d785b89): 0-1 {Black wins by adjudication}
Started game 190 of 40000 (ref-08461e0 vs cand-d785b89)
Finished game 180 (ref-08461e0 vs cand-d785b89): 1/2-1/2 {Draw by 3-fold repetition}
--------------------------------------------------
Results of cand-d785b89 vs ref-08461e0 (8+0.08, 1t, 16MB, noob_3moves.epd):
Elo: 45.66 +/- 46.01, nElo: 51.84 +/- 51.33
LOS: 97.61 %, DrawRatio: 25.00 %, PairsRatio: 1.44
Games: 176, Wins: 70, Losses: 47, Draws: 59, Points: 99.5 (56.53 %)
Ptnml(0-2): [7, 20, 22, 21, 18], WL/DD Ratio: 1.44
LLR: 0.36 (12.1%) (-2.94, 2.94) [0.00, 5.00]
--------------------------------------------------
Started game 191 of 40000 (cand-d785b89 vs ref-08461e0)
Finished game 175 (cand-d785b89 vs ref-08461e0): 1/2-1/2 {Draw by insufficient mating material}
Started game 192 of 40000 (ref-08461e0 vs cand-d785b89)
Finished game 183 (cand-d785b89 vs ref-08461e0): 1-0 {White wins by adjudication}
Started game 193 of 40000 (cand-d785b89 vs ref-08461e0)
Finished game 184 (ref-08461e0 vs cand-d785b89): 1-0 {White wins by adjudication}
Started game 194 of 40000 (ref-08461e0 vs cand-d785b89)
Finished game 181 (cand-d785b89 vs ref-08461e0): 1-0 {White wins by adjudication}
Started game 195 of 40000 (cand-d785b89 vs ref-08461e0)
Finished game 186 (ref-08461e0 vs cand-d785b89): 1-0 {White wins by adjudication}
Started game 196 of 40000 (ref-08461e0 vs cand-d785b89)
Finished game 187 (cand-d785b89 vs ref-08461e0): 1-0 {White wins by adjudication}
Started game 197 of 40000 (cand-d785b89 vs ref-08461e0)
Finished game 177 (cand-d785b89 vs ref-08461e0): 1/2-1/2 {Draw by fifty moves rule}
Started game 198 of 40000 (ref-08461e0 vs cand-d785b89)
Finished game 185 (cand-d785b89 vs ref-08461e0): 1/2-1/2 {Draw by 3-fold repetition}
Started game 199 of 40000 (cand-d785b89 vs ref-08461e0)
Finished game 198 (ref-08461e0 vs cand-d785b89): 1-0 {White wins by adjudication}
Started game 200 of 40000 (ref-08461e0 vs cand-d785b89)
Finished game 188 (ref-08461e0 vs cand-d785b89): 1-0 {White wins by adjudication}
Started game 201 of 40000 (cand-d785b89 vs ref-08461e0)
Finished game 189 (cand-d785b89 vs ref-08461e0): 1-0 {White wins by adjudication}
Started game 202 of 40000 (ref-08461e0 vs cand-d785b89)
Finished game 192 (ref-08461e0 vs cand-d785b89): 1/2-1/2 {Draw by 3-fold repetition}
Started game 203 of 40000 (cand-d785b89 vs ref-08461e0)
Finished game 191 (cand-d785b89 vs ref-08461e0): 1-0 {White wins by adjudication}
Started game 204 of 40000 (ref-08461e0 vs cand-d785b89)
Finished game 190 (ref-08461e0 vs cand-d785b89): 0-1 {Black wins by adjudication}
Started game 205 of 40000 (cand-d785b89 vs ref-08461e0)
Finished game 195 (cand-d785b89 vs ref-08461e0): 1-0 {White wins by adjudication}
Started game 206 of 40000 (ref-08461e0 vs cand-d785b89)
Finished game 193 (cand-d785b89 vs ref-08461e0): 1-0 {White wins by adjudication}
Started game 207 of 40000 (cand-d785b89 vs ref-08461e0)
Finished game 196 (ref-08461e0 vs cand-d785b89): 1/2-1/2 {Draw by 3-fold repetition}
Started game 208 of 40000 (ref-08461e0 vs cand-d785b89)
Finished game 194 (ref-08461e0 vs cand-d785b89): 1-0 {White wins by adjudication}
Started game 209 of 40000 (cand-d785b89 vs ref-08461e0)
Finished game 202 (ref-08461e0 vs cand-d785b89): 0-1 {Black wins by adjudication}
Started game 210 of 40000 (ref-08461e0 vs cand-d785b89)
Finished game 197 (cand-d785b89 vs ref-08461e0): 1/2-1/2 {Draw by 3-fold repetition}
Started game 211 of 40000 (cand-d785b89 vs ref-08461e0)
Finished game 201 (cand-d785b89 vs ref-08461e0): 1/2-1/2 {Draw by 3-fold repetition}
Started game 212 of 40000 (ref-08461e0 vs cand-d785b89)
Finished game 200 (ref-08461e0 vs cand-d785b89): 0-1 {Black wins by adjudication}
Started game 213 of 40000 (cand-d785b89 vs ref-08461e0)
Finished game 204 (ref-08461e0 vs cand-d785b89): 1-0 {White wins by adjudication}
Started game 214 of 40000 (ref-08461e0 vs cand-d785b89)
Finished game 203 (cand-d785b89 vs ref-08461e0): 0-1 {Black wins by adjudication}
Started game 215 of 40000 (cand-d785b89 vs ref-08461e0)
Finished game 199 (cand-d785b89 vs ref-08461e0): 1/2-1/2 {Draw by adjudication}
--------------------------------------------------
Results of cand-d785b89 vs ref-08461e0 (8+0.08, 1t, 16MB, noob_3moves.epd):
Elo: 46.26 +/- 42.36, nElo: 52.95 +/- 47.68
LOS: 98.53 %, DrawRatio: 24.51 %, PairsRatio: 1.48
Games: 204, Wins: 82, Losses: 55, Draws: 67, Points: 115.5 (56.62 %)
Ptnml(0-2): [8, 23, 25, 26, 20], WL/DD Ratio: 1.78
LLR: 0.42 (14.3%) (-2.94, 2.94) [0.00, 5.00]
--------------------------------------------------
Started game 216 of 40000 (ref-08461e0 vs cand-d785b89)
Finished game 208 (ref-08461e0 vs cand-d785b89): 1-0 {White wins by adjudication}
Started game 217 of 40000 (cand-d785b89 vs ref-08461e0)
Finished game 205 (cand-d785b89 vs ref-08461e0): 1-0 {White wins by adjudication}
Started game 218 of 40000 (ref-08461e0 vs cand-d785b89)
Finished game 206 (ref-08461e0 vs cand-d785b89): 0-1 {Black wins by adjudication}
Started game 219 of 40000 (cand-d785b89 vs ref-08461e0)
Finished game 210 (ref-08461e0 vs cand-d785b89): 0-1 {Black wins by adjudication}
Started game 220 of 40000 (ref-08461e0 vs cand-d785b89)
Finished game 207 (cand-d785b89 vs ref-08461e0): 1-0 {White wins by adjudication}
Started game 221 of 40000 (cand-d785b89 vs ref-08461e0)
Finished game 212 (ref-08461e0 vs cand-d785b89): 0-1 {Black wins by adjudication}
Started game 222 of 40000 (ref-08461e0 vs cand-d785b89)
Finished game 218 (ref-08461e0 vs cand-d785b89): 1-0 {White wins by adjudication}
Started game 223 of 40000 (cand-d785b89 vs ref-08461e0)
Finished game 213 (cand-d785b89 vs ref-08461e0): 1/2-1/2 {Draw by 3-fold repetition}
Started game 224 of 40000 (ref-08461e0 vs cand-d785b89)
Finished game 211 (cand-d785b89 vs ref-08461e0): 1-0 {White wins by adjudication}
Started game 225 of 40000 (cand-d785b89 vs ref-08461e0)
Finished game 209 (cand-d785b89 vs ref-08461e0): 1/2-1/2 {Draw by 3-fold repetition}
Started game 226 of 40000 (ref-08461e0 vs cand-d785b89)
Finished game 214 (ref-08461e0 vs cand-d785b89): 1/2-1/2 {Draw by 3-fold repetition}
Started game 227 of 40000 (cand-d785b89 vs ref-08461e0)
Finished game 219 (cand-d785b89 vs ref-08461e0): 1-0 {White wins by adjudication}
Started game 228 of 40000 (ref-08461e0 vs cand-d785b89)
Finished game 217 (cand-d785b89 vs ref-08461e0): 1/2-1/2 {Draw by 3-fold repetition}
Started game 229 of 40000 (cand-d785b89 vs ref-08461e0)
Finished game 216 (ref-08461e0 vs cand-d785b89): 0-1 {Black wins by adjudication}
Started game 230 of 40000 (ref-08461e0 vs cand-d785b89)
Finished game 215 (cand-d785b89 vs ref-08461e0): 1-0 {White wins by adjudication}
Started game 231 of 40000 (cand-d785b89 vs ref-08461e0)
Finished game 220 (ref-08461e0 vs cand-d785b89): 0-1 {Black wins by adjudication}
--------------------------------------------------
Results of cand-d785b89 vs ref-08461e0 (8+0.08, 1t, 16MB, noob_3moves.epd):
Elo: 55.75 +/- 41.35, nElo: 63.28 +/- 45.91
LOS: 99.65 %, DrawRatio: 24.55 %, PairsRatio: 1.59
Games: 220, Wins: 92, Losses: 57, Draws: 71, Points: 127.5 (57.95 %)
Ptnml(0-2): [8, 24, 27, 27, 24], WL/DD Ratio: 1.70
LLR: 0.54 (18.4%) (-2.94, 2.94) [0.00, 5.00]
--------------------------------------------------
Started game 232 of 40000 (ref-08461e0 vs cand-d785b89)
Finished game 225 (cand-d785b89 vs ref-08461e0): 0-1 {Black wins by adjudication}
Started game 233 of 40000 (cand-d785b89 vs ref-08461e0)
Finished game 221 (cand-d785b89 vs ref-08461e0): 0-1 {Black wins by adjudication}
Started game 234 of 40000 (ref-08461e0 vs cand-d785b89)
Finished game 224 (ref-08461e0 vs cand-d785b89): 1/2-1/2 {Draw by adjudication}
Started game 235 of 40000 (cand-d785b89 vs ref-08461e0)
Finished game 222 (ref-08461e0 vs cand-d785b89): 1/2-1/2 {Draw by insufficient mating material}
Started game 236 of 40000 (ref-08461e0 vs cand-d785b89)
Finished game 229 (cand-d785b89 vs ref-08461e0): 0-1 {Black wins by adjudication}
Started game 237 of 40000 (cand-d785b89 vs ref-08461e0)
Finished game 230 (ref-08461e0 vs cand-d785b89): 1/2-1/2 {Draw by adjudication}
Started game 238 of 40000 (ref-08461e0 vs cand-d785b89)
Finished game 228 (ref-08461e0 vs cand-d785b89): 1/2-1/2 {Draw by insufficient mating material}
Started game 239 of 40000 (cand-d785b89 vs ref-08461e0)
Finished game 233 (cand-d785b89 vs ref-08461e0): 0-1 {Black wins by adjudication}
Started game 240 of 40000 (ref-08461e0 vs cand-d785b89)
Finished game 226 (ref-08461e0 vs cand-d785b89): 0-1 {Black wins by adjudication}
Started game 241 of 40000 (cand-d785b89 vs ref-08461e0)
Finished game 227 (cand-d785b89 vs ref-08461e0): 1/2-1/2 {Draw by adjudication}
Started game 242 of 40000 (ref-08461e0 vs cand-d785b89)
Finished game 231 (cand-d785b89 vs ref-08461e0): 1-0 {White wins by adjudication}
Started game 243 of 40000 (cand-d785b89 vs ref-08461e0)
Finished game 234 (ref-08461e0 vs cand-d785b89): 1-0 {White wins by adjudication}
Started game 244 of 40000 (ref-08461e0 vs cand-d785b89)
Finished game 232 (ref-08461e0 vs cand-d785b89): 0-1 {Black wins by adjudication}
Started game 245 of 40000 (cand-d785b89 vs ref-08461e0)
Finished game 223 (cand-d785b89 vs ref-08461e0): 1/2-1/2 {Draw by fifty moves rule}
Started game 246 of 40000 (ref-08461e0 vs cand-d785b89)
Finished game 236 (ref-08461e0 vs cand-d785b89): 0-1 {Black wins by adjudication}
Started game 247 of 40000 (cand-d785b89 vs ref-08461e0)
Finished game 235 (cand-d785b89 vs ref-08461e0): 0-1 {Black wins by adjudication}
Started game 248 of 40000 (ref-08461e0 vs cand-d785b89)
Finished game 240 (ref-08461e0 vs cand-d785b89): 1-0 {White wins by adjudication}
Started game 249 of 40000 (cand-d785b89 vs ref-08461e0)
Finished game 239 (cand-d785b89 vs ref-08461e0): 1-0 {White wins by adjudication}
--------------------------------------------------
Results of cand-d785b89 vs ref-08461e0 (8+0.08, 1t, 16MB, noob_3moves.epd):
Elo: 48.49 +/- 39.30, nElo: 55.42 +/- 44.14
LOS: 99.31 %, DrawRatio: 26.89 %, PairsRatio: 1.49
Games: 238, Wins: 97, Losses: 64, Draws: 77, Points: 135.5 (56.93 %)
Ptnml(0-2): [9, 26, 32, 27, 25], WL/DD Ratio: 1.67
LLR: 0.52 (17.5%) (-2.94, 2.94) [0.00, 5.00]
--------------------------------------------------
Started game 250 of 40000 (ref-08461e0 vs cand-d785b89)
Finished game 244 (ref-08461e0 vs cand-d785b89): 0-1 {Black wins by adjudication}
Started game 251 of 40000 (cand-d785b89 vs ref-08461e0)
Finished game 238 (ref-08461e0 vs cand-d785b89): 0-1 {Black wins by adjudication}
Started game 252 of 40000 (ref-08461e0 vs cand-d785b89)
Finished game 237 (cand-d785b89 vs ref-08461e0): 1-0 {White wins by adjudication}
Started game 253 of 40000 (cand-d785b89 vs ref-08461e0)
Finished game 242 (ref-08461e0 vs cand-d785b89): 0-1 {Black wins by adjudication}
Started game 254 of 40000 (ref-08461e0 vs cand-d785b89)
Finished game 241 (cand-d785b89 vs ref-08461e0): 1-0 {White wins by adjudication}
Started game 255 of 40000 (cand-d785b89 vs ref-08461e0)
Finished game 243 (cand-d785b89 vs ref-08461e0): 0-1 {Black wins by adjudication}
Started game 256 of 40000 (ref-08461e0 vs cand-d785b89)
Finished game 245 (cand-d785b89 vs ref-08461e0): 0-1 {Black wins by adjudication}
Started game 257 of 40000 (cand-d785b89 vs ref-08461e0)
Finished game 247 (cand-d785b89 vs ref-08461e0): 1-0 {White wins by adjudication}
Started game 258 of 40000 (ref-08461e0 vs cand-d785b89)
Finished game 246 (ref-08461e0 vs cand-d785b89): 0-1 {Black wins by adjudication}
Started game 259 of 40000 (cand-d785b89 vs ref-08461e0)
Finished game 248 (ref-08461e0 vs cand-d785b89): 1-0 {White wins by adjudication}
Started game 260 of 40000 (ref-08461e0 vs cand-d785b89)
Finished game 250 (ref-08461e0 vs cand-d785b89): 0-1 {Black wins by adjudication}
Started game 261 of 40000 (cand-d785b89 vs ref-08461e0)
Finished game 251 (cand-d785b89 vs ref-08461e0): 1-0 {White wins by adjudication}
Started game 262 of 40000 (ref-08461e0 vs cand-d785b89)
Finished game 249 (cand-d785b89 vs ref-08461e0): 1-0 {White wins by adjudication}
Started game 263 of 40000 (cand-d785b89 vs ref-08461e0)
Finished game 252 (ref-08461e0 vs cand-d785b89): 1-0 {White wins by adjudication}
Started game 264 of 40000 (ref-08461e0 vs cand-d785b89)
Finished game 256 (ref-08461e0 vs cand-d785b89): 0-1 {Black wins by adjudication}
Started game 265 of 40000 (cand-d785b89 vs ref-08461e0)
Finished game 253 (cand-d785b89 vs ref-08461e0): 1-0 {White wins by adjudication}
Started game 266 of 40000 (ref-08461e0 vs cand-d785b89)
Finished game 254 (ref-08461e0 vs cand-d785b89): 0-1 {Black wins by adjudication}
Started game 267 of 40000 (cand-d785b89 vs ref-08461e0)
Finished game 257 (cand-d785b89 vs ref-08461e0): 1/2-1/2 {Draw by 3-fold repetition}
Started game 268 of 40000 (ref-08461e0 vs cand-d785b89)
Finished game 255 (cand-d785b89 vs ref-08461e0): 0-1 {Black wins by adjudication}
Started game 269 of 40000 (cand-d785b89 vs ref-08461e0)
Finished game 259 (cand-d785b89 vs ref-08461e0): 1/2-1/2 {Draw by 3-fold repetition}
Started game 270 of 40000 (ref-08461e0 vs cand-d785b89)
Finished game 260 (ref-08461e0 vs cand-d785b89): 1-0 {White wins by adjudication}
--------------------------------------------------
Results of cand-d785b89 vs ref-08461e0 (8+0.08, 1t, 16MB, noob_3moves.epd):
Elo: 54.30 +/- 37.79, nElo: 62.18 +/- 42.39
LOS: 99.80 %, DrawRatio: 28.68 %, PairsRatio: 1.56
Games: 258, Wins: 110, Losses: 70, Draws: 78, Points: 149.0 (57.75 %)
Ptnml(0-2): [9, 27, 37, 27, 29], WL/DD Ratio: 2.08
LLR: 0.63 (21.4%) (-2.94, 2.94) [0.00, 5.00]
--------------------------------------------------
Started game 271 of 40000 (cand-d785b89 vs ref-08461e0)
Finished game 264 (ref-08461e0 vs cand-d785b89): 1-0 {White wins by adjudication}
Started game 272 of 40000 (ref-08461e0 vs cand-d785b89)
Finished game 258 (ref-08461e0 vs cand-d785b89): 1-0 {White wins by adjudication}
Started game 273 of 40000 (cand-d785b89 vs ref-08461e0)
Finished game 262 (ref-08461e0 vs cand-d785b89): 1-0 {White wins by adjudication}
Started game 274 of 40000 (ref-08461e0 vs cand-d785b89)
Finished game 268 (ref-08461e0 vs cand-d785b89): 1-0 {White wins by adjudication}
Started game 275 of 40000 (cand-d785b89 vs ref-08461e0)
Finished game 263 (cand-d785b89 vs ref-08461e0): 1/2-1/2 {Draw by 3-fold repetition}
Started game 276 of 40000 (ref-08461e0 vs cand-d785b89)
Finished game 261 (cand-d785b89 vs ref-08461e0): 0-1 {Black wins by adjudication}
Started game 277 of 40000 (cand-d785b89 vs ref-08461e0)
Finished game 265 (cand-d785b89 vs ref-08461e0): 0-1 {Black wins by adjudication}
Started game 278 of 40000 (ref-08461e0 vs cand-d785b89)
Finished game 266 (ref-08461e0 vs cand-d785b89): 0-1 {Black wins by adjudication}
Started game 279 of 40000 (cand-d785b89 vs ref-08461e0)
Finished game 271 (cand-d785b89 vs ref-08461e0): 1-0 {White wins by adjudication}
Started game 280 of 40000 (ref-08461e0 vs cand-d785b89)
Finished game 273 (cand-d785b89 vs ref-08461e0): 0-1 {Black wins by adjudication}
Started game 281 of 40000 (cand-d785b89 vs ref-08461e0)
Finished game 267 (cand-d785b89 vs ref-08461e0): 1/2-1/2 {Draw by insufficient mating material}
Started game 282 of 40000 (ref-08461e0 vs cand-d785b89)
Finished game 270 (ref-08461e0 vs cand-d785b89): 1/2-1/2 {Draw by 3-fold repetition}
Started game 283 of 40000 (cand-d785b89 vs ref-08461e0)
Finished game 269 (cand-d785b89 vs ref-08461e0): 1-0 {White wins by adjudication}
Started game 284 of 40000 (ref-08461e0 vs cand-d785b89)
Finished game 276 (ref-08461e0 vs cand-d785b89): 1-0 {White wins by adjudication}
Started game 285 of 40000 (cand-d785b89 vs ref-08461e0)
Finished game 272 (ref-08461e0 vs cand-d785b89): 1-0 {White wins by adjudication}
Started game 286 of 40000 (ref-08461e0 vs cand-d785b89)
Finished game 274 (ref-08461e0 vs cand-d785b89): 1/2-1/2 {Draw by 3-fold repetition}
Started game 287 of 40000 (cand-d785b89 vs ref-08461e0)
Finished game 278 (ref-08461e0 vs cand-d785b89): 1-0 {White wins by adjudication}
Started game 288 of 40000 (ref-08461e0 vs cand-d785b89)
Finished game 277 (cand-d785b89 vs ref-08461e0): 0-1 {Black wins by adjudication}
Started game 289 of 40000 (cand-d785b89 vs ref-08461e0)
Finished game 279 (cand-d785b89 vs ref-08461e0): 0-1 {Black wins by adjudication}
Started game 290 of 40000 (ref-08461e0 vs cand-d785b89)
Finished game 281 (cand-d785b89 vs ref-08461e0): 1-0 {White wins by adjudication}
Started game 291 of 40000 (cand-d785b89 vs ref-08461e0)
Finished game 280 (ref-08461e0 vs cand-d785b89): 0-1 {Black wins by adjudication}
--------------------------------------------------
Results of cand-d785b89 vs ref-08461e0 (8+0.08, 1t, 16MB, noob_3moves.epd):
Elo: 41.44 +/- 36.24, nElo: 47.32 +/- 40.84
LOS: 98.84 %, DrawRatio: 28.78 %, PairsRatio: 1.36
Games: 278, Wins: 114, Losses: 81, Draws: 83, Points: 155.5 (55.94 %)
Ptnml(0-2): [11, 31, 40, 28, 29], WL/DD Ratio: 2.33
LLR: 0.51 (17.4%) (-2.94, 2.94) [0.00, 5.00]
--------------------------------------------------
Started game 292 of 40000 (ref-08461e0 vs cand-d785b89)
Finished game 285 (cand-d785b89 vs ref-08461e0): 1-0 {White wins by adjudication}
Started game 293 of 40000 (cand-d785b89 vs ref-08461e0)
Finished game 275 (cand-d785b89 vs ref-08461e0): 1-0 {White wins by adjudication}
Started game 294 of 40000 (ref-08461e0 vs cand-d785b89)
Finished game 284 (ref-08461e0 vs cand-d785b89): 1/2-1/2 {Draw by adjudication}
Started game 295 of 40000 (cand-d785b89 vs ref-08461e0)
Finished game 286 (ref-08461e0 vs cand-d785b89): 0-1 {Black wins by adjudication}
Started game 296 of 40000 (ref-08461e0 vs cand-d785b89)
Finished game 283 (cand-d785b89 vs ref-08461e0): 1/2-1/2 {Draw by 3-fold repetition}
Started game 297 of 40000 (cand-d785b89 vs ref-08461e0)
Finished game 290 (ref-08461e0 vs cand-d785b89): 0-1 {Black wins by adjudication}
Started game 298 of 40000 (ref-08461e0 vs cand-d785b89)
Finished game 288 (ref-08461e0 vs cand-d785b89): 1/2-1/2 {Draw by 3-fold repetition}
Started game 299 of 40000 (cand-d785b89 vs ref-08461e0)
Finished game 287 (cand-d785b89 vs ref-08461e0): 1/2-1/2 {Draw by insufficient mating material}
Started game 300 of 40000 (ref-08461e0 vs cand-d785b89)
Finished game 282 (ref-08461e0 vs cand-d785b89): 0-1 {Black wins by adjudication}
Started game 301 of 40000 (cand-d785b89 vs ref-08461e0)
Finished game 289 (cand-d785b89 vs ref-08461e0): 1-0 {White wins by adjudication}
Started game 302 of 40000 (ref-08461e0 vs cand-d785b89)
Finished game 292 (ref-08461e0 vs cand-d785b89): 1-0 {White wins by adjudication}
Started game 303 of 40000 (cand-d785b89 vs ref-08461e0)
Finished game 294 (ref-08461e0 vs cand-d785b89): 1/2-1/2 {Draw by 3-fold repetition}
Started game 304 of 40000 (ref-08461e0 vs cand-d785b89)
Finished game 293 (cand-d785b89 vs ref-08461e0): 1/2-1/2 {Draw by 3-fold repetition}
Started game 305 of 40000 (cand-d785b89 vs ref-08461e0)
Finished game 291 (cand-d785b89 vs ref-08461e0): 1/2-1/2 {Draw by 3-fold repetition}
Started game 306 of 40000 (ref-08461e0 vs cand-d785b89)
Finished game 296 (ref-08461e0 vs cand-d785b89): 1/2-1/2 {Draw by insufficient mating material}
Started game 307 of 40000 (cand-d785b89 vs ref-08461e0)
Finished game 298 (ref-08461e0 vs cand-d785b89): 1/2-1/2 {Draw by adjudication}
Started game 308 of 40000 (ref-08461e0 vs cand-d785b89)
Finished game 297 (cand-d785b89 vs ref-08461e0): 1-0 {White wins by adjudication}
Started game 309 of 40000 (cand-d785b89 vs ref-08461e0)
Finished game 295 (cand-d785b89 vs ref-08461e0): 0-1 {Black wins by adjudication}
Started game 310 of 40000 (ref-08461e0 vs cand-d785b89)
Finished game 301 (cand-d785b89 vs ref-08461e0): 1-0 {White wins by adjudication}
Started game 311 of 40000 (cand-d785b89 vs ref-08461e0)
Finished game 299 (cand-d785b89 vs ref-08461e0): 0-1 {Black wins by adjudication}
Started game 312 of 40000 (ref-08461e0 vs cand-d785b89)
Finished game 300 (ref-08461e0 vs cand-d785b89): 1-0 {White wins by adjudication}
--------------------------------------------------
Results of cand-d785b89 vs ref-08461e0 (8+0.08, 1t, 16MB, noob_3moves.epd):
Elo: 41.89 +/- 35.00, nElo: 47.68 +/- 39.32
LOS: 99.13 %, DrawRatio: 29.33 %, PairsRatio: 1.36
Games: 300, Wins: 122, Losses: 86, Draws: 92, Points: 168.0 (56.00 %)
Ptnml(0-2): [12, 33, 44, 29, 32], WL/DD Ratio: 1.93
LLR: 0.56 (19.0%) (-2.94, 2.94) [0.00, 5.00]
--------------------------------------------------
Started game 313 of 40000 (cand-d785b89 vs ref-08461e0)
Finished game 306 (ref-08461e0 vs cand-d785b89): 1/2-1/2 {Draw by 3-fold repetition}
Started game 314 of 40000 (ref-08461e0 vs cand-d785b89)
Finished game 302 (ref-08461e0 vs cand-d785b89): 1/2-1/2 {Draw by 3-fold repetition}
Started game 315 of 40000 (cand-d785b89 vs ref-08461e0)
Finished game 307 (cand-d785b89 vs ref-08461e0): 1-0 {White wins by adjudication}
Started game 316 of 40000 (ref-08461e0 vs cand-d785b89)
Finished game 303 (cand-d785b89 vs ref-08461e0): 1-0 {White wins by adjudication}
Started game 317 of 40000 (cand-d785b89 vs ref-08461e0)
Finished game 309 (cand-d785b89 vs ref-08461e0): 1-0 {White wins by adjudication}
Started game 318 of 40000 (ref-08461e0 vs cand-d785b89)
Finished game 310 (ref-08461e0 vs cand-d785b89): 0-1 {Black wins by adjudication}
Started game 319 of 40000 (cand-d785b89 vs ref-08461e0)
Finished game 305 (cand-d785b89 vs ref-08461e0): 0-1 {Black wins by adjudication}
Started game 320 of 40000 (ref-08461e0 vs cand-d785b89)
Finished game 304 (ref-08461e0 vs cand-d785b89): 1/2-1/2 {Draw by 3-fold repetition}
Started game 321 of 40000 (cand-d785b89 vs ref-08461e0)
Finished game 308 (ref-08461e0 vs cand-d785b89): 1-0 {White wins by adjudication}
Started game 322 of 40000 (ref-08461e0 vs cand-d785b89)
Finished game 311 (cand-d785b89 vs ref-08461e0): 1-0 {White wins by adjudication}
Started game 323 of 40000 (cand-d785b89 vs ref-08461e0)
Finished game 314 (ref-08461e0 vs cand-d785b89): 1-0 {White wins by adjudication}
Started game 324 of 40000 (ref-08461e0 vs cand-d785b89)
Finished game 315 (cand-d785b89 vs ref-08461e0): 1/2-1/2 {Draw by 3-fold repetition}
Started game 325 of 40000 (cand-d785b89 vs ref-08461e0)
Finished game 321 (cand-d785b89 vs ref-08461e0): 1-0 {White wins by adjudication}
Started game 326 of 40000 (ref-08461e0 vs cand-d785b89)
Finished game 317 (cand-d785b89 vs ref-08461e0): 1-0 {White wins by adjudication}
Started game 327 of 40000 (cand-d785b89 vs ref-08461e0)
Finished game 313 (cand-d785b89 vs ref-08461e0): 1-0 {White wins by adjudication}
Started game 328 of 40000 (ref-08461e0 vs cand-d785b89)
Finished game 316 (ref-08461e0 vs cand-d785b89): 0-1 {Black wins by adjudication}
Started game 329 of 40000 (cand-d785b89 vs ref-08461e0)
Finished game 322 (ref-08461e0 vs cand-d785b89): 1/2-1/2 {Draw by 3-fold repetition}
Started game 330 of 40000 (ref-08461e0 vs cand-d785b89)
Finished game 318 (ref-08461e0 vs cand-d785b89): 1/2-1/2 {Draw by 3-fold repetition}
Started game 331 of 40000 (cand-d785b89 vs ref-08461e0)
Finished game 312 (ref-08461e0 vs cand-d785b89): 1-0 {White wins by adjudication}
Started game 332 of 40000 (ref-08461e0 vs cand-d785b89)
Finished game 319 (cand-d785b89 vs ref-08461e0): 1-0 {White wins by adjudication}
Started game 333 of 40000 (cand-d785b89 vs ref-08461e0)
Finished game 323 (cand-d785b89 vs ref-08461e0): 1/2-1/2 {Draw by 3-fold repetition}
Started game 334 of 40000 (ref-08461e0 vs cand-d785b89)
Finished game 320 (ref-08461e0 vs cand-d785b89): 1/2-1/2 {Draw by insufficient mating material}
--------------------------------------------------
Results of cand-d785b89 vs ref-08461e0 (8+0.08, 1t, 16MB, noob_3moves.epd):
Elo: 46.68 +/- 33.29, nElo: 54.02 +/- 37.95
LOS: 99.74 %, DrawRatio: 29.19 %, PairsRatio: 1.48
Games: 322, Wins: 133, Losses: 90, Draws: 99, Points: 182.5 (56.68 %)
Ptnml(0-2): [12, 34, 47, 35, 33], WL/DD Ratio: 2.13
LLR: 0.68 (23.1%) (-2.94, 2.94) [0.00, 5.00]
--------------------------------------------------
Started game 335 of 40000 (cand-d785b89 vs ref-08461e0)
Finished game 328 (ref-08461e0 vs cand-d785b89): 1/2-1/2 {Draw by 3-fold repetition}
Started game 336 of 40000 (ref-08461e0 vs cand-d785b89)
Finished game 324 (ref-08461e0 vs cand-d785b89): 1/2-1/2 {Draw by 3-fold repetition}
Started game 337 of 40000 (cand-d785b89 vs ref-08461e0)
Finished game 326 (ref-08461e0 vs cand-d785b89): 1/2-1/2 {Draw by 3-fold repetition}
Started game 338 of 40000 (ref-08461e0 vs cand-d785b89)
Finished game 329 (cand-d785b89 vs ref-08461e0): 1-0 {White wins by adjudication}
Started game 339 of 40000 (cand-d785b89 vs ref-08461e0)
Finished game 327 (cand-d785b89 vs ref-08461e0): 1-0 {White wins by adjudication}
Started game 340 of 40000 (ref-08461e0 vs cand-d785b89)
Finished game 331 (cand-d785b89 vs ref-08461e0): 1-0 {White wins by adjudication}
Started game 341 of 40000 (cand-d785b89 vs ref-08461e0)
Finished game 333 (cand-d785b89 vs ref-08461e0): 1-0 {White wins by adjudication}
Started game 342 of 40000 (ref-08461e0 vs cand-d785b89)
Finished game 330 (ref-08461e0 vs cand-d785b89): 1-0 {White wins by adjudication}
Started game 343 of 40000 (cand-d785b89 vs ref-08461e0)
Finished game 325 (cand-d785b89 vs ref-08461e0): 1/2-1/2 {Draw by insufficient mating material}
Started game 344 of 40000 (ref-08461e0 vs cand-d785b89)
Finished game 337 (cand-d785b89 vs ref-08461e0): 0-1 {Black wins by adjudication}
Started game 345 of 40000 (cand-d785b89 vs ref-08461e0)
Finished game 335 (cand-d785b89 vs ref-08461e0): 1/2-1/2 {Draw by 3-fold repetition}
Started game 346 of 40000 (ref-08461e0 vs cand-d785b89)
Finished game 334 (ref-08461e0 vs cand-d785b89): 1/2-1/2 {Draw by insufficient mating material}
Started game 347 of 40000 (cand-d785b89 vs ref-08461e0)
Finished game 332 (ref-08461e0 vs cand-d785b89): 1/2-1/2 {Draw by adjudication}
Started game 348 of 40000 (ref-08461e0 vs cand-d785b89)
Finished game 338 (ref-08461e0 vs cand-d785b89): 0-1 {Black wins by adjudication}
Started game 349 of 40000 (cand-d785b89 vs ref-08461e0)
Finished game 336 (ref-08461e0 vs cand-d785b89): 0-1 {Black wins by adjudication}
Started game 350 of 40000 (ref-08461e0 vs cand-d785b89)
Finished game 339 (cand-d785b89 vs ref-08461e0): 1-0 {White wins by adjudication}
Started game 351 of 40000 (cand-d785b89 vs ref-08461e0)
Finished game 347 (cand-d785b89 vs ref-08461e0): 1-0 {White wins by adjudication}
Started game 352 of 40000 (ref-08461e0 vs cand-d785b89)
Finished game 343 (cand-d785b89 vs ref-08461e0): 1-0 {White wins by adjudication}
Started game 353 of 40000 (cand-d785b89 vs ref-08461e0)
Finished game 348 (ref-08461e0 vs cand-d785b89): 1-0 {White wins by adjudication}
Started game 354 of 40000 (ref-08461e0 vs cand-d785b89)
Finished game 340 (ref-08461e0 vs cand-d785b89): 1-0 {White wins by adjudication}
--------------------------------------------------
Results of cand-d785b89 vs ref-08461e0 (8+0.08, 1t, 16MB, noob_3moves.epd):
Elo: 48.05 +/- 31.54, nElo: 56.99 +/- 36.82
LOS: 99.88 %, DrawRatio: 30.99 %, PairsRatio: 1.57
Games: 342, Wins: 141, Losses: 94, Draws: 107, Points: 194.5 (56.87 %)
Ptnml(0-2): [12, 34, 53, 39, 33], WL/DD Ratio: 2.12
LLR: 0.76 (25.8%) (-2.94, 2.94) [0.00, 5.00]
--------------------------------------------------
Started game 355 of 40000 (cand-d785b89 vs ref-08461e0)
Finished game 344 (ref-08461e0 vs cand-d785b89): 1/2-1/2 {Draw by insufficient mating material}
Started game 356 of 40000 (ref-08461e0 vs cand-d785b89)
Finished game 350 (ref-08461e0 vs cand-d785b89): 0-1 {Black wins by adjudication}
Started game 357 of 40000 (cand-d785b89 vs ref-08461e0)
Finished game 346 (ref-08461e0 vs cand-d785b89): 0-1 {Black wins by adjudication}
Started game 358 of 40000 (ref-08461e0 vs cand-d785b89)
Finished game 345 (cand-d785b89 vs ref-08461e0): 1-0 {White wins by adjudication}
Started game 359 of 40000 (cand-d785b89 vs ref-08461e0)
Finished game 349 (cand-d785b89 vs ref-08461e0): 0-1 {Black wins by adjudication}
Started game 360 of 40000 (ref-08461e0 vs cand-d785b89)
Finished game 352 (ref-08461e0 vs cand-d785b89): 0-1 {Black wins by adjudication}
Started game 361 of 40000 (cand-d785b89 vs ref-08461e0)
Finished game 341 (cand-d785b89 vs ref-08461e0): 1/2-1/2 {Draw by insufficient mating material}
Started game 362 of 40000 (ref-08461e0 vs cand-d785b89)
Finished game 342 (ref-08461e0 vs cand-d785b89): 1/2-1/2 {Draw by adjudication}
Started game 363 of 40000 (cand-d785b89 vs ref-08461e0)
Finished game 353 (cand-d785b89 vs ref-08461e0): 0-1 {Black wins by adjudication}
Started game 364 of 40000 (ref-08461e0 vs cand-d785b89)
Finished game 351 (cand-d785b89 vs ref-08461e0): 1/2-1/2 {Draw by stalemate}
Started game 365 of 40000 (cand-d785b89 vs ref-08461e0)
Finished game 355 (cand-d785b89 vs ref-08461e0): 1-0 {White wins by adjudication}
Started game 366 of 40000 (ref-08461e0 vs cand-d785b89)
Finished game 354 (ref-08461e0 vs cand-d785b89): 1-0 {White wins by adjudication}
Started game 367 of 40000 (cand-d785b89 vs ref-08461e0)
Finished game 356 (ref-08461e0 vs cand-d785b89): 0-1 {Black wins by adjudication}
Started game 368 of 40000 (ref-08461e0 vs cand-d785b89)
Finished game 360 (ref-08461e0 vs cand-d785b89): 1-0 {White wins by adjudication}
Started game 369 of 40000 (cand-d785b89 vs ref-08461e0)
Finished game 357 (cand-d785b89 vs ref-08461e0): 0-1 {Black wins by adjudication}
Started game 370 of 40000 (ref-08461e0 vs cand-d785b89)
Finished game 361 (cand-d785b89 vs ref-08461e0): 1-0 {White wins by adjudication}
Started game 371 of 40000 (cand-d785b89 vs ref-08461e0)
Finished game 367 (cand-d785b89 vs ref-08461e0): 0-1 {Black wins by adjudication}
Started game 372 of 40000 (ref-08461e0 vs cand-d785b89)
Finished game 359 (cand-d785b89 vs ref-08461e0): 1-0 {White wins by adjudication}
--------------------------------------------------
Results of cand-d785b89 vs ref-08461e0 (8+0.08, 1t, 16MB, noob_3moves.epd):
Elo: 49.83 +/- 30.94, nElo: 58.94 +/- 35.99
LOS: 99.93 %, DrawRatio: 31.28 %, PairsRatio: 1.62
Games: 358, Wins: 149, Losses: 98, Draws: 111, Points: 204.5 (57.12 %)
Ptnml(0-2): [13, 34, 56, 41, 35], WL/DD Ratio: 2.11
LLR: 0.82 (27.9%) (-2.94, 2.94) [0.00, 5.00]
--------------------------------------------------
Started game 373 of 40000 (cand-d785b89 vs ref-08461e0)
Finished game 366 (ref-08461e0 vs cand-d785b89): 0-1 {Black wins by adjudication}
Started game 374 of 40000 (ref-08461e0 vs cand-d785b89)
Finished game 362 (ref-08461e0 vs cand-d785b89): 0-1 {Black wins by adjudication}
Started game 375 of 40000 (cand-d785b89 vs ref-08461e0)
Finished game 363 (cand-d785b89 vs ref-08461e0): 1/2-1/2 {Draw by insufficient mating material}
Started game 376 of 40000 (ref-08461e0 vs cand-d785b89)
Finished game 365 (cand-d785b89 vs ref-08461e0): 1-0 {White wins by adjudication}
Started game 377 of 40000 (cand-d785b89 vs ref-08461e0)
Finished game 364 (ref-08461e0 vs cand-d785b89): 1/2-1/2 {Draw by 3-fold repetition}
Started game 378 of 40000 (ref-08461e0 vs cand-d785b89)
Finished game 369 (cand-d785b89 vs ref-08461e0): 0-1 {Black wins by adjudication}
Started game 379 of 40000 (cand-d785b89 vs ref-08461e0)
Finished game 358 (ref-08461e0 vs cand-d785b89): 1/2-1/2 {Draw by insufficient mating material}
Started game 380 of 40000 (ref-08461e0 vs cand-d785b89)
Finished game 368 (ref-08461e0 vs cand-d785b89): 0-1 {Black wins by adjudication}
Started game 381 of 40000 (cand-d785b89 vs ref-08461e0)
Finished game 371 (cand-d785b89 vs ref-08461e0): 1/2-1/2 {Draw by 3-fold repetition}
Started game 382 of 40000 (ref-08461e0 vs cand-d785b89)
Finished game 373 (cand-d785b89 vs ref-08461e0): 1-0 {White wins by adjudication}
Started game 383 of 40000 (cand-d785b89 vs ref-08461e0)
Finished game 372 (ref-08461e0 vs cand-d785b89): 1/2-1/2 {Draw by 3-fold repetition}
Started game 384 of 40000 (ref-08461e0 vs cand-d785b89)
Finished game 370 (ref-08461e0 vs cand-d785b89): 1-0 {White wins by adjudication}
Started game 385 of 40000 (cand-d785b89 vs ref-08461e0)
Finished game 378 (ref-08461e0 vs cand-d785b89): 1-0 {White wins by adjudication}
Started game 386 of 40000 (ref-08461e0 vs cand-d785b89)
Finished game 374 (ref-08461e0 vs cand-d785b89): 0-1 {Black wins by adjudication}
Started game 387 of 40000 (cand-d785b89 vs ref-08461e0)
Finished game 376 (ref-08461e0 vs cand-d785b89): 0-1 {Black wins by adjudication}
Started game 388 of 40000 (ref-08461e0 vs cand-d785b89)
Finished game 379 (cand-d785b89 vs ref-08461e0): 1/2-1/2 {Draw by 3-fold repetition}
Started game 389 of 40000 (cand-d785b89 vs ref-08461e0)
Finished game 382 (ref-08461e0 vs cand-d785b89): 1/2-1/2 {Draw by 3-fold repetition}
Started game 390 of 40000 (ref-08461e0 vs cand-d785b89)
Finished game 381 (cand-d785b89 vs ref-08461e0): 1/2-1/2 {Draw by adjudication}
Started game 391 of 40000 (cand-d785b89 vs ref-08461e0)
Finished game 384 (ref-08461e0 vs cand-d785b89): 1/2-1/2 {Draw by 3-fold repetition}
Started game 392 of 40000 (ref-08461e0 vs cand-d785b89)
Finished game 375 (cand-d785b89 vs ref-08461e0): 1/2-1/2 {Draw by 3-fold repetition}
Started game 393 of 40000 (cand-d785b89 vs ref-08461e0)
Finished game 380 (ref-08461e0 vs cand-d785b89): 0-1 {Black wins by adjudication}
--------------------------------------------------
Results of cand-d785b89 vs ref-08461e0 (8+0.08, 1t, 16MB, noob_3moves.epd):
Elo: 51.58 +/- 30.15, nElo: 60.80 +/- 34.93
LOS: 99.97 %, DrawRatio: 31.58 %, PairsRatio: 1.65
Games: 380, Wins: 158, Losses: 102, Draws: 120, Points: 218.0 (57.37 %)
Ptnml(0-2): [14, 35, 60, 43, 38], WL/DD Ratio: 1.86
LLR: 0.90 (30.5%) (-2.94, 2.94) [0.00, 5.00]
--------------------------------------------------
Started game 394 of 40000 (ref-08461e0 vs cand-d785b89)
Finished game 377 (cand-d785b89 vs ref-08461e0): 0-1 {Black wins by adjudication}
Started game 395 of 40000 (cand-d785b89 vs ref-08461e0)
Finished game 385 (cand-d785b89 vs ref-08461e0): 0-1 {Black wins by adjudication}
Started game 396 of 40000 (ref-08461e0 vs cand-d785b89)
Finished game 383 (cand-d785b89 vs ref-08461e0): 1-0 {White wins by adjudication}
Started game 397 of 40000 (cand-d785b89 vs ref-08461e0)
Finished game 389 (cand-d785b89 vs ref-08461e0): 0-1 {Black wins by adjudication}
Started game 398 of 40000 (ref-08461e0 vs cand-d785b89)
Finished game 386 (ref-08461e0 vs cand-d785b89): 0-1 {Black wins by adjudication}
Started game 399 of 40000 (cand-d785b89 vs ref-08461e0)
Finished game 392 (ref-08461e0 vs cand-d785b89): 0-1 {Black wins by adjudication}
Started game 400 of 40000 (ref-08461e0 vs cand-d785b89)
Finished game 387 (cand-d785b89 vs ref-08461e0): 0-1 {Black wins by adjudication}
Started game 401 of 40000 (cand-d785b89 vs ref-08461e0)
Finished game 388 (ref-08461e0 vs cand-d785b89): 1/2-1/2 {Draw by 3-fold repetition}
Started game 402 of 40000 (ref-08461e0 vs cand-d785b89)
Finished game 397 (cand-d785b89 vs ref-08461e0): 1/2-1/2 {Draw by 3-fold repetition}
Started game 403 of 40000 (cand-d785b89 vs ref-08461e0)
Finished game 390 (ref-08461e0 vs cand-d785b89): 0-1 {Black wins by adjudication}
Started game 404 of 40000 (ref-08461e0 vs cand-d785b89)
Finished game 395 (cand-d785b89 vs ref-08461e0): 1-0 {White wins by adjudication}
Started game 405 of 40000 (cand-d785b89 vs ref-08461e0)
Finished game 391 (cand-d785b89 vs ref-08461e0): 1-0 {White wins by adjudication}
Started game 406 of 40000 (ref-08461e0 vs cand-d785b89)
Finished game 394 (ref-08461e0 vs cand-d785b89): 1/2-1/2 {Draw by 3-fold repetition}
Started game 407 of 40000 (cand-d785b89 vs ref-08461e0)
Finished game 396 (ref-08461e0 vs cand-d785b89): 1-0 {White wins by adjudication}
Started game 408 of 40000 (ref-08461e0 vs cand-d785b89)
Finished game 398 (ref-08461e0 vs cand-d785b89): 1-0 {White wins by adjudication}
Started game 409 of 40000 (cand-d785b89 vs ref-08461e0)
Finished game 401 (cand-d785b89 vs ref-08461e0): 0-1 {Black wins by adjudication}
Started game 410 of 40000 (ref-08461e0 vs cand-d785b89)
Finished game 399 (cand-d785b89 vs ref-08461e0): 1-0 {White wins by adjudication}
Started game 411 of 40000 (cand-d785b89 vs ref-08461e0)
Finished game 400 (ref-08461e0 vs cand-d785b89): 0-1 {Black wins by adjudication}
--------------------------------------------------
Results of cand-d785b89 vs ref-08461e0 (8+0.08, 1t, 16MB, noob_3moves.epd):
Elo: 50.10 +/- 29.55, nElo: 58.83 +/- 34.13
LOS: 99.96 %, DrawRatio: 31.66 %, PairsRatio: 1.62
Games: 398, Wins: 166, Losses: 109, Draws: 123, Points: 227.5 (57.16 %)
Ptnml(0-2): [15, 37, 63, 44, 40], WL/DD Ratio: 2.00
LLR: 0.91 (30.9%) (-2.94, 2.94) [0.00, 5.00]
--------------------------------------------------
Started game 412 of 40000 (ref-08461e0 vs cand-d785b89)
Finished game 402 (ref-08461e0 vs cand-d785b89): 0-1 {Black wins by adjudication}
Started game 413 of 40000 (cand-d785b89 vs ref-08461e0)
Finished game 405 (cand-d785b89 vs ref-08461e0): 1-0 {White wins by adjudication}
Started game 414 of 40000 (ref-08461e0 vs cand-d785b89)
Finished game 393 (cand-d785b89 vs ref-08461e0): 1/2-1/2 {Draw by adjudication}
Started game 415 of 40000 (cand-d785b89 vs ref-08461e0)
Finished game 403 (cand-d785b89 vs ref-08461e0): 1-0 {White wins by adjudication}
Started game 416 of 40000 (ref-08461e0 vs cand-d785b89)
Finished game 409 (cand-d785b89 vs ref-08461e0): 1-0 {White wins by adjudication}
Started game 417 of 40000 (cand-d785b89 vs ref-08461e0)
Finished game 404 (ref-08461e0 vs cand-d785b89): 0-1 {Black wins by adjudication}
Started game 418 of 40000 (ref-08461e0 vs cand-d785b89)
Finished game 406 (ref-08461e0 vs cand-d785b89): 1-0 {White wins by adjudication}
Started game 419 of 40000 (cand-d785b89 vs ref-08461e0)
Finished game 407 (cand-d785b89 vs ref-08461e0): 0-1 {Black wins by adjudication}
Started game 420 of 40000 (ref-08461e0 vs cand-d785b89)
Finished game 410 (ref-08461e0 vs cand-d785b89): 1/2-1/2 {Draw by 3-fold repetition}
Started game 421 of 40000 (cand-d785b89 vs ref-08461e0)
Finished game 414 (ref-08461e0 vs cand-d785b89): 1-0 {White wins by adjudication}
Started game 422 of 40000 (ref-08461e0 vs cand-d785b89)
Finished game 408 (ref-08461e0 vs cand-d785b89): 0-1 {Black wins by adjudication}
Started game 423 of 40000 (cand-d785b89 vs ref-08461e0)
Finished game 413 (cand-d785b89 vs ref-08461e0): 0-1 {Black wins by adjudication}
Started game 424 of 40000 (ref-08461e0 vs cand-d785b89)
Finished game 411 (cand-d785b89 vs ref-08461e0): 1-0 {White wins by adjudication}
Started game 425 of 40000 (cand-d785b89 vs ref-08461e0)
Finished game 415 (cand-d785b89 vs ref-08461e0): 1-0 {White wins by adjudication}
Started game 426 of 40000 (ref-08461e0 vs cand-d785b89)
Finished game 416 (ref-08461e0 vs cand-d785b89): 0-1 {Black wins by adjudication}
Started game 427 of 40000 (cand-d785b89 vs ref-08461e0)
Finished game 412 (ref-08461e0 vs cand-d785b89): 1-0 {White wins by adjudication}
Started game 428 of 40000 (ref-08461e0 vs cand-d785b89)
Warning; Incomplete mating PV - from cand-d785b89
Info; info score mate -9 time 469 depth 14 nodes 1762823 nps 3755857 pv g7f6 b1b7 a2a1 f1e2 a1a2 e2e3 d5d4 e3f3 e5e4 f3g4 d8d7 b7d7 a2h2 h5f7 
Position; fen r1bqkbnr/ppp2ppp/2npp3/8/5N2/6P1/PPPPPP1P/RNBQKB1R w KQkq - 0 4
Moves; b1c3 g8f6 f1g2 g7g5 f4d3 a7a5 e1g1 f8g7 e2e4 e8g8 f2f4 g5g4 d3f2 e6e5 f4f5 h7h5 d2d3 c6d4 h2h3 g4h3 f2h3 c7c6 c3a4 b7b5 c2c3 d4f5 e4f5 b5a4 d1a4 d8b6 g1h1 c8b7 a4h4 c6c5 h3f2 b7g2 h1g2 d6d5 a1b1 a5a4 c1g5 a4a3 b2a3 b6c6 g5f6 g7f6 h4h5 a8a3 f1h1 f8d8 f2g4 f6g7 f5f6 a3a2 g2f1 c6f6 g4f6
Finished game 418 (ref-08461e0 vs cand-d785b89): 1-0 {White wins by adjudication}
Started game 429 of 40000 (cand-d785b89 vs ref-08461e0)
Finished game 419 (cand-d785b89 vs ref-08461e0): 1/2-1/2 {Draw by 3-fold repetition}
Started game 430 of 40000 (ref-08461e0 vs cand-d785b89)
Finished game 420 (ref-08461e0 vs cand-d785b89): 1/2-1/2 {Draw by 3-fold repetition}
--------------------------------------------------
Results of cand-d785b89 vs ref-08461e0 (8+0.08, 1t, 16MB, noob_3moves.epd):
Elo: 50.22 +/- 28.72, nElo: 59.19 +/- 33.31
LOS: 99.98 %, DrawRatio: 33.01 %, PairsRatio: 1.64
Games: 418, Wins: 175, Losses: 115, Draws: 128, Points: 239.0 (57.18 %)
Ptnml(0-2): [16, 37, 69, 45, 42], WL/DD Ratio: 2.00
LLR: 0.96 (32.6%) (-2.94, 2.94) [0.00, 5.00]
--------------------------------------------------
Started game 431 of 40000 (cand-d785b89 vs ref-08461e0)
Finished game 421 (cand-d785b89 vs ref-08461e0): 1-0 {White wins by adjudication}
Started game 432 of 40000 (ref-08461e0 vs cand-d785b89)
Finished game 423 (cand-d785b89 vs ref-08461e0): 0-1 {Black wins by adjudication}
Started game 433 of 40000 (cand-d785b89 vs ref-08461e0)
Finished game 426 (ref-08461e0 vs cand-d785b89): 1/2-1/2 {Draw by 3-fold repetition}
Started game 434 of 40000 (ref-08461e0 vs cand-d785b89)
Finished game 422 (ref-08461e0 vs cand-d785b89): 1-0 {White wins by adjudication}
Started game 435 of 40000 (cand-d785b89 vs ref-08461e0)
Finished game 428 (ref-08461e0 vs cand-d785b89): 0-1 {Black wins by adjudication}
Started game 436 of 40000 (ref-08461e0 vs cand-d785b89)
Finished game 433 (cand-d785b89 vs ref-08461e0): 1-0 {White wins by adjudication}
Started game 437 of 40000 (cand-d785b89 vs ref-08461e0)
Finished game 425 (cand-d785b89 vs ref-08461e0): 1/2-1/2 {Draw by 3-fold repetition}
Started game 438 of 40000 (ref-08461e0 vs cand-d785b89)
Finished game 424 (ref-08461e0 vs cand-d785b89): 1-0 {White wins by adjudication}
Started game 439 of 40000 (cand-d785b89 vs ref-08461e0)
Finished game 429 (cand-d785b89 vs ref-08461e0): 1-0 {White wins by adjudication}
Started game 440 of 40000 (ref-08461e0 vs cand-d785b89)
Finished game 417 (cand-d785b89 vs ref-08461e0): 1/2-1/2 {Draw by 3-fold repetition}
Started game 441 of 40000 (cand-d785b89 vs ref-08461e0)
Finished game 430 (ref-08461e0 vs cand-d785b89): 1/2-1/2 {Draw by 3-fold repetition}
Started game 442 of 40000 (ref-08461e0 vs cand-d785b89)
Finished game 432 (ref-08461e0 vs cand-d785b89): 0-1 {Black wins by adjudication}
Started game 443 of 40000 (cand-d785b89 vs ref-08461e0)
Finished game 431 (cand-d785b89 vs ref-08461e0): 1/2-1/2 {Draw by 3-fold repetition}
Started game 444 of 40000 (ref-08461e0 vs cand-d785b89)
Finished game 435 (cand-d785b89 vs ref-08461e0): 0-1 {Black wins by adjudication}
Started game 445 of 40000 (cand-d785b89 vs ref-08461e0)
Finished game 440 (ref-08461e0 vs cand-d785b89): 0-1 {Black wins by adjudication}
Started game 446 of 40000 (ref-08461e0 vs cand-d785b89)
Finished game 434 (ref-08461e0 vs cand-d785b89): 1-0 {White wins by adjudication}
Started game 447 of 40000 (cand-d785b89 vs ref-08461e0)
Finished game 427 (cand-d785b89 vs ref-08461e0): 1/2-1/2 {Draw by fifty moves rule}
Started game 448 of 40000 (ref-08461e0 vs cand-d785b89)
Finished game 436 (ref-08461e0 vs cand-d785b89): 0-1 {Black wins by adjudication}
Started game 449 of 40000 (cand-d785b89 vs ref-08461e0)
Finished game 437 (cand-d785b89 vs ref-08461e0): 0-1 {Black wins by adjudication}
Started game 450 of 40000 (ref-08461e0 vs cand-d785b89)
Finished game 438 (ref-08461e0 vs cand-d785b89): 0-1 {Black wins by adjudication}
Started game 451 of 40000 (cand-d785b89 vs ref-08461e0)
Finished game 439 (cand-d785b89 vs ref-08461e0): 0-1 {Black wins by adjudication}
--------------------------------------------------
Results of cand-d785b89 vs ref-08461e0 (8+0.08, 1t, 16MB, noob_3moves.epd):
Elo: 47.67 +/- 27.63, nElo: 56.85 +/- 32.46
LOS: 99.97 %, DrawRatio: 34.09 %, PairsRatio: 1.64
Games: 440, Wins: 183, Losses: 123, Draws: 134, Points: 250.0 (56.82 %)
Ptnml(0-2): [17, 38, 75, 48, 42], WL/DD Ratio: 2.12
LLR: 0.97 (33.0%) (-2.94, 2.94) [0.00, 5.00]
--------------------------------------------------
Started game 452 of 40000 (ref-08461e0 vs cand-d785b89)
Finished game 443 (cand-d785b89 vs ref-08461e0): 1-0 {White wins by adjudication}
Started game 453 of 40000 (cand-d785b89 vs ref-08461e0)
Finished game 442 (ref-08461e0 vs cand-d785b89): 1/2-1/2 {Draw by insufficient mating material}
Started game 454 of 40000 (ref-08461e0 vs cand-d785b89)
Finished game 446 (ref-08461e0 vs cand-d785b89): 0-1 {Black wins by adjudication}
Started game 455 of 40000 (cand-d785b89 vs ref-08461e0)
Finished game 445 (cand-d785b89 vs ref-08461e0): 1-0 {White wins by adjudication}
Started game 456 of 40000 (ref-08461e0 vs cand-d785b89)
Finished game 448 (ref-08461e0 vs cand-d785b89): 0-1 {Black wins by adjudication}
Started game 457 of 40000 (cand-d785b89 vs ref-08461e0)
Finished game 450 (ref-08461e0 vs cand-d785b89): 1-0 {White wins by adjudication}
Started game 458 of 40000 (ref-08461e0 vs cand-d785b89)
Finished game 444 (ref-08461e0 vs cand-d785b89): 1-0 {White wins by adjudication}
Started game 459 of 40000 (cand-d785b89 vs ref-08461e0)
Finished game 451 (cand-d785b89 vs ref-08461e0): 0-1 {Black wins by adjudication}
Started game 460 of 40000 (ref-08461e0 vs cand-d785b89)
Finished game 453 (cand-d785b89 vs ref-08461e0): 1-0 {White wins by adjudication}
Started game 461 of 40000 (cand-d785b89 vs ref-08461e0)
Finished game 452 (ref-08461e0 vs cand-d785b89): 1-0 {White wins by adjudication}
Started game 462 of 40000 (ref-08461e0 vs cand-d785b89)
Finished game 447 (cand-d785b89 vs ref-08461e0): 1/2-1/2 {Draw by 3-fold repetition}
Started game 463 of 40000 (cand-d785b89 vs ref-08461e0)
Finished game 441 (cand-d785b89 vs ref-08461e0): 1/2-1/2 {Draw by adjudication}
Started game 464 of 40000 (ref-08461e0 vs cand-d785b89)
Finished game 454 (ref-08461e0 vs cand-d785b89): 1/2-1/2 {Draw by 3-fold repetition}
Started game 465 of 40000 (cand-d785b89 vs ref-08461e0)
Finished game 455 (cand-d785b89 vs ref-08461e0): 0-1 {Black wins by adjudication}
Started game 466 of 40000 (ref-08461e0 vs cand-d785b89)
Finished game 449 (cand-d785b89 vs ref-08461e0): 1/2-1/2 {Draw by adjudication}
Started game 467 of 40000 (cand-d785b89 vs ref-08461e0)
Finished game 459 (cand-d785b89 vs ref-08461e0): 1/2-1/2 {Draw by 3-fold repetition}
Started game 468 of 40000 (ref-08461e0 vs cand-d785b89)
Finished game 457 (cand-d785b89 vs ref-08461e0): 1-0 {White wins by adjudication}
Started game 469 of 40000 (cand-d785b89 vs ref-08461e0)
Finished game 461 (cand-d785b89 vs ref-08461e0): 1-0 {White wins by adjudication}
Started game 470 of 40000 (ref-08461e0 vs cand-d785b89)
Finished game 456 (ref-08461e0 vs cand-d785b89): 1/2-1/2 {Draw by adjudication}
Started game 471 of 40000 (cand-d785b89 vs ref-08461e0)
Finished game 466 (ref-08461e0 vs cand-d785b89): 0-1 {Black wins by adjudication}
Started game 472 of 40000 (ref-08461e0 vs cand-d785b89)
Finished game 462 (ref-08461e0 vs cand-d785b89): 0-1 {Black wins by adjudication}
Started game 473 of 40000 (cand-d785b89 vs ref-08461e0)
Finished game 463 (cand-d785b89 vs ref-08461e0): 1/2-1/2 {Draw by insufficient mating material}
Started game 474 of 40000 (ref-08461e0 vs cand-d785b89)
Finished game 460 (ref-08461e0 vs cand-d785b89): 1/2-1/2 {Draw by 3-fold repetition}
--------------------------------------------------
Results of cand-d785b89 vs ref-08461e0 (8+0.08, 1t, 16MB, noob_3moves.epd):
Elo: 47.11 +/- 27.08, nElo: 56.03 +/- 31.75
LOS: 99.97 %, DrawRatio: 33.91 %, PairsRatio: 1.62
Games: 460, Wins: 190, Losses: 128, Draws: 142, Points: 261.0 (56.74 %)
Ptnml(0-2): [18, 40, 78, 50, 44], WL/DD Ratio: 2.00
LLR: 1.00 (34.0%) (-2.94, 2.94) [0.00, 5.00]
--------------------------------------------------
Started game 475 of 40000 (cand-d785b89 vs ref-08461e0)
Finished game 470 (ref-08461e0 vs cand-d785b89): 1-0 {White wins by adjudication}
Started game 476 of 40000 (ref-08461e0 vs cand-d785b89)
Finished game 464 (ref-08461e0 vs cand-d785b89): 1/2-1/2 {Draw by insufficient mating material}
Started game 477 of 40000 (cand-d785b89 vs ref-08461e0)
Finished game 465 (cand-d785b89 vs ref-08461e0): 1/2-1/2 {Draw by adjudication}
Started game 478 of 40000 (ref-08461e0 vs cand-d785b89)
Finished game 468 (ref-08461e0 vs cand-d785b89): 0-1 {Black wins by adjudication}
Started game 479 of 40000 (cand-d785b89 vs ref-08461e0)
Finished game 467 (cand-d785b89 vs ref-08461e0): 1-0 {White wins by adjudication}
Started game 480 of 40000 (ref-08461e0 vs cand-d785b89)
Finished game 469 (cand-d785b89 vs ref-08461e0): 1-0 {White wins by adjudication}
Started game 481 of 40000 (cand-d785b89 vs ref-08461e0)
Finished game 458 (ref-08461e0 vs cand-d785b89): 1/2-1/2 {Draw by adjudication}
Started game 482 of 40000 (ref-08461e0 vs cand-d785b89)
Finished game 472 (ref-08461e0 vs cand-d785b89): 1-0 {White wins by adjudication}
Started game 483 of 40000 (cand-d785b89 vs ref-08461e0)
Finished game 471 (cand-d785b89 vs ref-08461e0): 1-0 {White wins by adjudication}
Started game 484 of 40000 (ref-08461e0 vs cand-d785b89)
Finished game 479 (cand-d785b89 vs ref-08461e0): 0-1 {Black wins by adjudication}
Started game 485 of 40000 (cand-d785b89 vs ref-08461e0)
Finished game 473 (cand-d785b89 vs ref-08461e0): 1/2-1/2 {Draw by 3-fold repetition}
Started game 486 of 40000 (ref-08461e0 vs cand-d785b89)
Finished game 474 (ref-08461e0 vs cand-d785b89): 0-1 {Black wins by adjudication}
Started game 487 of 40000 (cand-d785b89 vs ref-08461e0)
Finished game 477 (cand-d785b89 vs ref-08461e0): 0-1 {Black wins by adjudication}
Started game 488 of 40000 (ref-08461e0 vs cand-d785b89)
Finished game 475 (cand-d785b89 vs ref-08461e0): 1-0 {White wins by adjudication}
Started game 489 of 40000 (cand-d785b89 vs ref-08461e0)
Finished game 483 (cand-d785b89 vs ref-08461e0): 1-0 {White wins by adjudication}
Started game 490 of 40000 (ref-08461e0 vs cand-d785b89)
Finished game 482 (ref-08461e0 vs cand-d785b89): 0-1 {Black wins by adjudication}
Started game 491 of 40000 (cand-d785b89 vs ref-08461e0)
Finished game 476 (ref-08461e0 vs cand-d785b89): 1/2-1/2 {Draw by insufficient mating material}
Started game 492 of 40000 (ref-08461e0 vs cand-d785b89)
Finished game 481 (cand-d785b89 vs ref-08461e0): 1/2-1/2 {Draw by insufficient mating material}
Started game 493 of 40000 (cand-d785b89 vs ref-08461e0)
Finished game 480 (ref-08461e0 vs cand-d785b89): 1/2-1/2 {Draw by insufficient mating material}
--------------------------------------------------
Results of cand-d785b89 vs ref-08461e0 (8+0.08, 1t, 16MB, noob_3moves.epd):
Elo: 49.55 +/- 26.30, nElo: 59.48 +/- 31.08
LOS: 99.99 %, DrawRatio: 33.75 %, PairsRatio: 1.69
Games: 480, Wins: 199, Losses: 131, Draws: 150, Points: 274.0 (57.08 %)
Ptnml(0-2): [18, 41, 81, 55, 45], WL/DD Ratio: 2.00
LLR: 1.11 (37.5%) (-2.94, 2.94) [0.00, 5.00]
--------------------------------------------------
Started game 494 of 40000 (ref-08461e0 vs cand-d785b89)
Finished game 478 (ref-08461e0 vs cand-d785b89): 1/2-1/2 {Draw by adjudication}
Started game 495 of 40000 (cand-d785b89 vs ref-08461e0)
Finished game 484 (ref-08461e0 vs cand-d785b89): 0-1 {Black wins by adjudication}
Started game 496 of 40000 (ref-08461e0 vs cand-d785b89)
Finished game 488 (ref-08461e0 vs cand-d785b89): 0-1 {Black wins by adjudication}
Started game 497 of 40000 (cand-d785b89 vs ref-08461e0)
Finished game 486 (ref-08461e0 vs cand-d785b89): 0-1 {Black wins by adjudication}
Started game 498 of 40000 (ref-08461e0 vs cand-d785b89)
Finished game 489 (cand-d785b89 vs ref-08461e0): 1/2-1/2 {Draw by 3-fold repetition}
Started game 499 of 40000 (cand-d785b89 vs ref-08461e0)
Finished game 487 (cand-d785b89 vs ref-08461e0): 1/2-1/2 {Draw by 3-fold repetition}
Started game 500 of 40000 (ref-08461e0 vs cand-d785b89)
Finished game 493 (cand-d785b89 vs ref-08461e0): 1-0 {White wins by adjudication}
Started game 501 of 40000 (cand-d785b89 vs ref-08461e0)
Finished game 485 (cand-d785b89 vs ref-08461e0): 1/2-1/2 {Draw by adjudication}
Started game 502 of 40000 (ref-08461e0 vs cand-d785b89)
Finished game 498 (ref-08461e0 vs cand-d785b89): 1/2-1/2 {Draw by 3-fold repetition}
Started game 503 of 40000 (cand-d785b89 vs ref-08461e0)
Finished game 492 (ref-08461e0 vs cand-d785b89): 0-1 {Black wins by adjudication}
Started game 504 of 40000 (ref-08461e0 vs cand-d785b89)
Finished game 494 (ref-08461e0 vs cand-d785b89): 0-1 {Black wins by adjudication}
Started game 505 of 40000 (cand-d785b89 vs ref-08461e0)
Finished game 491 (cand-d785b89 vs ref-08461e0): 1-0 {White wins by adjudication}
Started game 506 of 40000 (ref-08461e0 vs cand-d785b89)
Finished game 497 (cand-d785b89 vs ref-08461e0): 1/2-1/2 {Draw by 3-fold repetition}
Started game 507 of 40000 (cand-d785b89 vs ref-08461e0)
Finished game 502 (ref-08461e0 vs cand-d785b89): 0-1 {Black wins by adjudication}
Started game 508 of 40000 (ref-08461e0 vs cand-d785b89)
Finished game 495 (cand-d785b89 vs ref-08461e0): 0-1 {Black wins by adjudication}
Started game 509 of 40000 (cand-d785b89 vs ref-08461e0)
Finished game 490 (ref-08461e0 vs cand-d785b89): 1/2-1/2 {Draw by insufficient mating material}
Started game 510 of 40000 (ref-08461e0 vs cand-d785b89)
Finished game 500 (ref-08461e0 vs cand-d785b89): 0-1 {Black wins by adjudication}
Started game 511 of 40000 (cand-d785b89 vs ref-08461e0)
Finished game 499 (cand-d785b89 vs ref-08461e0): 1/2-1/2 {Draw by adjudication}
--------------------------------------------------
Results of cand-d785b89 vs ref-08461e0 (8+0.08, 1t, 16MB, noob_3moves.epd):
Elo: 53.44 +/- 25.90, nElo: 64.09 +/- 30.51
LOS: 100.00 %, DrawRatio: 33.33 %, PairsRatio: 1.77
Games: 498, Wins: 208, Losses: 132, Draws: 158, Points: 287.0 (57.63 %)
Ptnml(0-2): [18, 42, 83, 58, 48], WL/DD Ratio: 1.86
LLR: 1.23 (41.9%) (-2.94, 2.94) [0.00, 5.00]
--------------------------------------------------
Started game 512 of 40000 (ref-08461e0 vs cand-d785b89)
Finished game 501 (cand-d785b89 vs ref-08461e0): 1-0 {White wins by adjudication}
Started game 513 of 40000 (cand-d785b89 vs ref-08461e0)
Finished game 503 (cand-d785b89 vs ref-08461e0): 1-0 {White wins by adjudication}
Started game 514 of 40000 (ref-08461e0 vs cand-d785b89)
Finished game 507 (cand-d785b89 vs ref-08461e0): 1-0 {White wins by adjudication}
Started game 515 of 40000 (cand-d785b89 vs ref-08461e0)
Finished game 506 (ref-08461e0 vs cand-d785b89): 0-1 {Black wins by adjudication}
Started game 516 of 40000 (ref-08461e0 vs cand-d785b89)
Finished game 504 (ref-08461e0 vs cand-d785b89): 0-1 {Black wins by adjudication}
Started game 517 of 40000 (cand-d785b89 vs ref-08461e0)
Finished game 496 (ref-08461e0 vs cand-d785b89): 1/2-1/2 {Draw by adjudication}
Started game 518 of 40000 (ref-08461e0 vs cand-d785b89)
Finished game 505 (cand-d785b89 vs ref-08461e0): 1-0 {White wins by adjudication}
Started game 519 of 40000 (cand-d785b89 vs ref-08461e0)
Finished game 513 (cand-d785b89 vs ref-08461e0): 1-0 {White wins by adjudication}
Started game 520 of 40000 (ref-08461e0 vs cand-d785b89)
Finished game 511 (cand-d785b89 vs ref-08461e0): 0-1 {Black wins by adjudication}
Started game 521 of 40000 (cand-d785b89 vs ref-08461e0)
Finished game 508 (ref-08461e0 vs cand-d785b89): 1/2-1/2 {Draw by adjudication}
Started game 522 of 40000 (ref-08461e0 vs cand-d785b89)
Finished game 516 (ref-08461e0 vs cand-d785b89): 1-0 {White wins by adjudication}
Started game 523 of 40000 (cand-d785b89 vs ref-08461e0)
Finished game 514 (ref-08461e0 vs cand-d785b89): 0-1 {Black wins by adjudication}
Started game 524 of 40000 (ref-08461e0 vs cand-d785b89)
Finished game 520 (ref-08461e0 vs cand-d785b89): 1/2-1/2 {Draw by 3-fold repetition}
Started game 525 of 40000 (cand-d785b89 vs ref-08461e0)
Finished game 509 (cand-d785b89 vs ref-08461e0): 0-1 {Black wins by adjudication}
Started game 526 of 40000 (ref-08461e0 vs cand-d785b89)
Finished game 510 (ref-08461e0 vs cand-d785b89): 1-0 {White wins by adjudication}
Started game 527 of 40000 (cand-d785b89 vs ref-08461e0)
Finished game 518 (ref-08461e0 vs cand-d785b89): 0-1 {Black wins by adjudication}
Started game 528 of 40000 (ref-08461e0 vs cand-d785b89)
Finished game 519 (cand-d785b89 vs ref-08461e0): 0-1 {Black wins by adjudication}
--------------------------------------------------
Results of cand-d785b89 vs ref-08461e0 (8+0.08, 1t, 16MB, noob_3moves.epd):
Elo: 55.21 +/- 25.88, nElo: 65.29 +/- 30.04
LOS: 100.00 %, DrawRatio: 32.30 %, PairsRatio: 1.76
Games: 514, Wins: 217, Losses: 136, Draws: 161, Points: 297.5 (57.88 %)
Ptnml(0-2): [19, 44, 83, 59, 52], WL/DD Ratio: 1.86
LLR: 1.30 (44.1%) (-2.94, 2.94) [0.00, 5.00]
--------------------------------------------------
Started game 529 of 40000 (cand-d785b89 vs ref-08461e0)
Finished game 512 (ref-08461e0 vs cand-d785b89): 1/2-1/2 {Draw by insufficient mating material}
Started game 530 of 40000 (ref-08461e0 vs cand-d785b89)
Finished game 515 (cand-d785b89 vs ref-08461e0): 1/2-1/2 {Draw by fifty moves rule}
Started game 531 of 40000 (cand-d785b89 vs ref-08461e0)
Finished game 517 (cand-d785b89 vs ref-08461e0): 1/2-1/2 {Draw by adjudication}
Started game 532 of 40000 (ref-08461e0 vs cand-d785b89)
Finished game 522 (ref-08461e0 vs cand-d785b89): 1/2-1/2 {Draw by 3-fold repetition}
Started game 533 of 40000 (cand-d785b89 vs ref-08461e0)
Finished game 521 (cand-d785b89 vs ref-08461e0): 1-0 {White wins by adjudication}
Started game 534 of 40000 (ref-08461e0 vs cand-d785b89)
Finished game 523 (cand-d785b89 vs ref-08461e0): 0-1 {Black wins by adjudication}
Started game 535 of 40000 (cand-d785b89 vs ref-08461e0)
Finished game 528 (ref-08461e0 vs cand-d785b89): 0-1 {Black wins by adjudication}
Started game 536 of 40000 (ref-08461e0 vs cand-d785b89)
Finished game 525 (cand-d785b89 vs ref-08461e0): 0-1 {Black wins by adjudication}
Started game 537 of 40000 (cand-d785b89 vs ref-08461e0)
Finished game 524 (ref-08461e0 vs cand-d785b89): 1-0 {White wins by adjudication}
Started game 538 of 40000 (ref-08461e0 vs cand-d785b89)
Finished game 526 (ref-08461e0 vs cand-d785b89): 1/2-1/2 {Draw by insufficient mating material}
Started game 539 of 40000 (cand-d785b89 vs ref-08461e0)
Finished game 530 (ref-08461e0 vs cand-d785b89): 0-1 {Black wins by adjudication}
Started game 540 of 40000 (ref-08461e0 vs cand-d785b89)
Finished game 531 (cand-d785b89 vs ref-08461e0): 0-1 {Black wins by adjudication}
Started game 541 of 40000 (cand-d785b89 vs ref-08461e0)
Finished game 535 (cand-d785b89 vs ref-08461e0): 0-1 {Black wins by adjudication}
Started game 542 of 40000 (ref-08461e0 vs cand-d785b89)
Finished game 536 (ref-08461e0 vs cand-d785b89): 1/2-1/2 {Draw by 3-fold repetition}
Started game 543 of 40000 (cand-d785b89 vs ref-08461e0)
Finished game 527 (cand-d785b89 vs ref-08461e0): 1/2-1/2 {Draw by adjudication}
Started game 544 of 40000 (ref-08461e0 vs cand-d785b89)
Finished game 532 (ref-08461e0 vs cand-d785b89): 1-0 {White wins by adjudication}
Started game 545 of 40000 (cand-d785b89 vs ref-08461e0)
Finished game 529 (cand-d785b89 vs ref-08461e0): 1/2-1/2 {Draw by adjudication}
Started game 546 of 40000 (ref-08461e0 vs cand-d785b89)
Finished game 533 (cand-d785b89 vs ref-08461e0): 0-1 {Black wins by adjudication}
Started game 547 of 40000 (cand-d785b89 vs ref-08461e0)
Finished game 543 (cand-d785b89 vs ref-08461e0): 0-1 {Black wins by adjudication}
Started game 548 of 40000 (ref-08461e0 vs cand-d785b89)
Finished game 537 (cand-d785b89 vs ref-08461e0): 0-1 {Black wins by adjudication}
Started game 549 of 40000 (cand-d785b89 vs ref-08461e0)
Finished game 539 (cand-d785b89 vs ref-08461e0): 0-1 {Black wins by adjudication}
Started game 550 of 40000 (ref-08461e0 vs cand-d785b89)
Finished game 534 (ref-08461e0 vs cand-d785b89): 0-1 {Black wins by adjudication}
Started game 551 of 40000 (cand-d785b89 vs ref-08461e0)
Finished game 540 (ref-08461e0 vs cand-d785b89): 0-1 {Black wins by adjudication}
--------------------------------------------------
Results of cand-d785b89 vs ref-08461e0 (8+0.08, 1t, 16MB, noob_3moves.epd):
Elo: 50.07 +/- 25.27, nElo: 59.09 +/- 29.36
LOS: 100.00 %, DrawRatio: 31.60 %, PairsRatio: 1.67
Games: 538, Wins: 223, Losses: 146, Draws: 169, Points: 307.5 (57.16 %)
Ptnml(0-2): [21, 48, 85, 63, 52], WL/DD Ratio: 1.93
LLR: 1.23 (41.8%) (-2.94, 2.94) [0.00, 5.00]
--------------------------------------------------
Started game 552 of 40000 (ref-08461e0 vs cand-d785b89)
Finished game 542 (ref-08461e0 vs cand-d785b89): 0-1 {Black wins by adjudication}
Started game 553 of 40000 (cand-d785b89 vs ref-08461e0)
Finished game 549 (cand-d785b89 vs ref-08461e0): 1-0 {White wins by adjudication}
Started game 554 of 40000 (ref-08461e0 vs cand-d785b89)
Finished game 538 (ref-08461e0 vs cand-d785b89): 1/2-1/2 {Draw by insufficient mating material}
Started game 555 of 40000 (cand-d785b89 vs ref-08461e0)
Finished game 546 (ref-08461e0 vs cand-d785b89): 1/2-1/2 {Draw by 3-fold repetition}
Started game 556 of 40000 (ref-08461e0 vs cand-d785b89)
Finished game 544 (ref-08461e0 vs cand-d785b89): 0-1 {Black wins by adjudication}
Started game 557 of 40000 (cand-d785b89 vs ref-08461e0)
Finished game 545 (cand-d785b89 vs ref-08461e0): 1-0 {White wins by adjudication}
Started game 558 of 40000 (ref-08461e0 vs cand-d785b89)
Finished game 550 (ref-08461e0 vs cand-d785b89): 0-1 {Black wins by adjudication}
Started game 559 of 40000 (cand-d785b89 vs ref-08461e0)
Finished game 541 (cand-d785b89 vs ref-08461e0): 1/2-1/2 {Draw by 3-fold repetition}
Started game 560 of 40000 (ref-08461e0 vs cand-d785b89)
Finished game 548 (ref-08461e0 vs cand-d785b89): 1-0 {White wins by adjudication}
Started game 561 of 40000 (cand-d785b89 vs ref-08461e0)
Finished game 551 (cand-d785b89 vs ref-08461e0): 0-1 {Black wins by adjudication}
Started game 562 of 40000 (ref-08461e0 vs cand-d785b89)
Finished game 552 (ref-08461e0 vs cand-d785b89): 1/2-1/2 {Draw by 3-fold repetition}
Started game 563 of 40000 (cand-d785b89 vs ref-08461e0)
Finished game 547 (cand-d785b89 vs ref-08461e0): 1-0 {White wins by adjudication}
Started game 564 of 40000 (ref-08461e0 vs cand-d785b89)
Finished game 554 (ref-08461e0 vs cand-d785b89): 0-1 {Black wins by adjudication}
Started game 565 of 40000 (cand-d785b89 vs ref-08461e0)
Finished game 557 (cand-d785b89 vs ref-08461e0): 0-1 {Black wins by adjudication}
Started game 566 of 40000 (ref-08461e0 vs cand-d785b89)
Finished game 555 (cand-d785b89 vs ref-08461e0): 1-0 {White wins by adjudication}
Started game 567 of 40000 (cand-d785b89 vs ref-08461e0)
Finished game 553 (cand-d785b89 vs ref-08461e0): 1/2-1/2 {Draw by insufficient mating material}
Started game 568 of 40000 (ref-08461e0 vs cand-d785b89)
Finished game 559 (cand-d785b89 vs ref-08461e0): 1/2-1/2 {Draw by 3-fold repetition}
Started game 569 of 40000 (cand-d785b89 vs ref-08461e0)
Finished game 558 (ref-08461e0 vs cand-d785b89): 1/2-1/2 {Draw by 3-fold repetition}
Started game 570 of 40000 (ref-08461e0 vs cand-d785b89)
Finished game 561 (cand-d785b89 vs ref-08461e0): 1/2-1/2 {Draw by 3-fold repetition}
Started game 571 of 40000 (cand-d785b89 vs ref-08461e0)
Finished game 563 (cand-d785b89 vs ref-08461e0): 1-0 {White wins by adjudication}
Started game 572 of 40000 (ref-08461e0 vs cand-d785b89)
Finished game 560 (ref-08461e0 vs cand-d785b89): 0-1 {Black wins by adjudication}
--------------------------------------------------
Results of cand-d785b89 vs ref-08461e0 (8+0.08, 1t, 16MB, noob_3moves.epd):
Elo: 50.16 +/- 24.68, nElo: 59.50 +/- 28.83
LOS: 100.00 %, DrawRatio: 31.18 %, PairsRatio: 1.67
Games: 558, Wins: 231, Losses: 151, Draws: 176, Points: 319.0 (57.17 %)
Ptnml(0-2): [21, 51, 87, 67, 53], WL/DD Ratio: 2.00
LLR: 1.29 (43.7%) (-2.94, 2.94) [0.00, 5.00]
--------------------------------------------------
Started game 573 of 40000 (cand-d785b89 vs ref-08461e0)
Finished game 556 (ref-08461e0 vs cand-d785b89): 1-0 {White wins by adjudication}
Started game 574 of 40000 (ref-08461e0 vs cand-d785b89)
Finished game 562 (ref-08461e0 vs cand-d785b89): 1/2-1/2 {Draw by 3-fold repetition}
Started game 575 of 40000 (cand-d785b89 vs ref-08461e0)
Finished game 565 (cand-d785b89 vs ref-08461e0): 1-0 {White wins by adjudication}
Started game 576 of 40000 (ref-08461e0 vs cand-d785b89)
Finished game 568 (ref-08461e0 vs cand-d785b89): 1-0 {White wins by adjudication}
Started game 577 of 40000 (cand-d785b89 vs ref-08461e0)
Finished game 564 (ref-08461e0 vs cand-d785b89): 0-1 {Black wins by adjudication}
Started game 578 of 40000 (ref-08461e0 vs cand-d785b89)
Finished game 569 (cand-d785b89 vs ref-08461e0): 1-0 {White wins by adjudication}
Started game 579 of 40000 (cand-d785b89 vs ref-08461e0)
Finished game 574 (ref-08461e0 vs cand-d785b89): 1/2-1/2 {Draw by 3-fold repetition}
Started game 580 of 40000 (ref-08461e0 vs cand-d785b89)
Finished game 571 (cand-d785b89 vs ref-08461e0): 1-0 {White wins by adjudication}
Started game 581 of 40000 (cand-d785b89 vs ref-08461e0)
Finished game 567 (cand-d785b89 vs ref-08461e0): 1-0 {White wins by adjudication}
Started game 582 of 40000 (ref-08461e0 vs cand-d785b89)
Finished game 570 (ref-08461e0 vs cand-d785b89): 1-0 {White wins by adjudication}
Started game 583 of 40000 (cand-d785b89 vs ref-08461e0)
Finished game 572 (ref-08461e0 vs cand-d785b89): 0-1 {Black wins by adjudication}
Started game 584 of 40000 (ref-08461e0 vs cand-d785b89)
Finished game 566 (ref-08461e0 vs cand-d785b89): 0-1 {Black wins by adjudication}
Started game 585 of 40000 (cand-d785b89 vs ref-08461e0)
Finished game 579 (cand-d785b89 vs ref-08461e0): 1/2-1/2 {Draw by 3-fold repetition}
Started game 586 of 40000 (ref-08461e0 vs cand-d785b89)
Finished game 576 (ref-08461e0 vs cand-d785b89): 0-1 {Black wins by adjudication}
Started game 587 of 40000 (cand-d785b89 vs ref-08461e0)
Finished game 580 (ref-08461e0 vs cand-d785b89): 1-0 {White wins by adjudication}
--------------------------------------------------
Results of cand-d785b89 vs ref-08461e0 (8+0.08, 1t, 16MB, noob_3moves.epd):
Elo: 51.83 +/- 24.36, nElo: 61.49 +/- 28.42
LOS: 100.00 %, DrawRatio: 31.71 %, PairsRatio: 1.68
Games: 574, Wins: 240, Losses: 155, Draws: 179, Points: 329.5 (57.40 %)
Ptnml(0-2): [21, 52, 91, 67, 56], WL/DD Ratio: 2.03
LLR: 1.37 (46.5%) (-2.94, 2.94) [0.00, 5.00]
--------------------------------------------------
Started game 588 of 40000 (ref-08461e0 vs cand-d785b89)
Finished game 584 (ref-08461e0 vs cand-d785b89): 1-0 {White wins by adjudication}
Started game 589 of 40000 (cand-d785b89 vs ref-08461e0)
Finished game 577 (cand-d785b89 vs ref-08461e0): 1-0 {White wins by adjudication}
Started game 590 of 40000 (ref-08461e0 vs cand-d785b89)
Finished game 573 (cand-d785b89 vs ref-08461e0): 0-1 {Black wins by adjudication}
Started game 591 of 40000 (cand-d785b89 vs ref-08461e0)
Finished game 583 (cand-d785b89 vs ref-08461e0): 1-0 {White wins by adjudication}
Started game 592 of 40000 (ref-08461e0 vs cand-d785b89)
Finished game 588 (ref-08461e0 vs cand-d785b89): 0-1 {Black wins by adjudication}
Started game 593 of 40000 (cand-d785b89 vs ref-08461e0)
Finished game 582 (ref-08461e0 vs cand-d785b89): 1/2-1/2 {Draw by 3-fold repetition}
Started game 594 of 40000 (ref-08461e0 vs cand-d785b89)
Finished game 575 (cand-d785b89 vs ref-08461e0): 1/2-1/2 {Draw by insufficient mating material}
Started game 595 of 40000 (cand-d785b89 vs ref-08461e0)
Finished game 581 (cand-d785b89 vs ref-08461e0): 1/2-1/2 {Draw by 3-fold repetition}
Started game 596 of 40000 (ref-08461e0 vs cand-d785b89)
Finished game 586 (ref-08461e0 vs cand-d785b89): 0-1 {Black wins by adjudication}
Started game 597 of 40000 (cand-d785b89 vs ref-08461e0)
Finished game 587 (cand-d785b89 vs ref-08461e0): 1-0 {White wins by adjudication}
Started game 598 of 40000 (ref-08461e0 vs cand-d785b89)
Finished game 578 (ref-08461e0 vs cand-d785b89): 1-0 {White wins by adjudication}
Started game 599 of 40000 (cand-d785b89 vs ref-08461e0)
Finished game 590 (ref-08461e0 vs cand-d785b89): 1/2-1/2 {Draw by 3-fold repetition}
Started game 600 of 40000 (ref-08461e0 vs cand-d785b89)
Finished game 585 (cand-d785b89 vs ref-08461e0): 0-1 {Black wins by adjudication}
Started game 601 of 40000 (cand-d785b89 vs ref-08461e0)
Finished game 594 (ref-08461e0 vs cand-d785b89): 0-1 {Black wins by adjudication}
Started game 602 of 40000 (ref-08461e0 vs cand-d785b89)
Finished game 589 (cand-d785b89 vs ref-08461e0): 0-1 {Black wins by adjudication}
Started game 603 of 40000 (cand-d785b89 vs ref-08461e0)
Finished game 592 (ref-08461e0 vs cand-d785b89): 0-1 {Black wins by adjudication}
Started game 604 of 40000 (ref-08461e0 vs cand-d785b89)
Finished game 600 (ref-08461e0 vs cand-d785b89): 1/2-1/2 {Draw by 3-fold repetition}
Started game 605 of 40000 (cand-d785b89 vs ref-08461e0)
Finished game 593 (cand-d785b89 vs ref-08461e0): 0-1 {Black wins by adjudication}
Started game 606 of 40000 (ref-08461e0 vs cand-d785b89)
Finished game 591 (cand-d785b89 vs ref-08461e0): 1/2-1/2 {Draw by adjudication}
Started game 607 of 40000 (cand-d785b89 vs ref-08461e0)
Finished game 595 (cand-d785b89 vs ref-08461e0): 1/2-1/2 {Draw by 3-fold repetition}
Started game 608 of 40000 (ref-08461e0 vs cand-d785b89)
Finished game 599 (cand-d785b89 vs ref-08461e0): 1-0 {White wins by adjudication}
--------------------------------------------------
Results of cand-d785b89 vs ref-08461e0 (8+0.08, 1t, 16MB, noob_3moves.epd):
Elo: 51.68 +/- 23.69, nElo: 61.85 +/- 27.89
LOS: 100.00 %, DrawRatio: 32.21 %, PairsRatio: 1.69
Games: 596, Wins: 249, Losses: 161, Draws: 186, Points: 342.0 (57.38 %)
Ptnml(0-2): [21, 54, 96, 70, 57], WL/DD Ratio: 2.10
LLR: 1.43 (48.6%) (-2.94, 2.94) [0.00, 5.00]
--------------------------------------------------
Started game 609 of 40000 (cand-d785b89 vs ref-08461e0)
Finished game 596 (ref-08461e0 vs cand-d785b89): 0-1 {Black wins by adjudication}
Started game 610 of 40000 (ref-08461e0 vs cand-d785b89)
Finished game 598 (ref-08461e0 vs cand-d785b89): 1/2-1/2 {Draw by 3-fold repetition}
Started game 611 of 40000 (cand-d785b89 vs ref-08461e0)
Finished game 603 (cand-d785b89 vs ref-08461e0): 1-0 {White wins by adjudication}
Started game 612 of 40000 (ref-08461e0 vs cand-d785b89)
Finished game 601 (cand-d785b89 vs ref-08461e0): 1/2-1/2 {Draw by insufficient mating material}
Started game 613 of 40000 (cand-d785b89 vs ref-08461e0)
Finished game 604 (ref-08461e0 vs cand-d785b89): 1/2-1/2 {Draw by insufficient mating material}
Started game 614 of 40000 (ref-08461e0 vs cand-d785b89)
Finished game 602 (ref-08461e0 vs cand-d785b89): 0-1 {Black wins by adjudication}
Started game 615 of 40000 (cand-d785b89 vs ref-08461e0)
Finished game 608 (ref-08461e0 vs cand-d785b89): 0-1 {Black wins by adjudication}
Started game 616 of 40000 (ref-08461e0 vs cand-d785b89)
Finished game 610 (ref-08461e0 vs cand-d785b89): 1/2-1/2 {Draw by 3-fold repetition}
Started game 617 of 40000 (cand-d785b89 vs ref-08461e0)
Finished game 609 (cand-d785b89 vs ref-08461e0): 1-0 {White wins by adjudication}
Started game 618 of 40000 (ref-08461e0 vs cand-d785b89)
Finished game 607 (cand-d785b89 vs ref-08461e0): 0-1 {Black wins by adjudication}
Started game 619 of 40000 (cand-d785b89 vs ref-08461e0)
Finished game 597 (cand-d785b89 vs ref-08461e0): 1/2-1/2 {Draw by fifty moves rule}
Started game 620 of 40000 (ref-08461e0 vs cand-d785b89)
Finished game 606 (ref-08461e0 vs cand-d785b89): 1-0 {White wins by adjudication}
Started game 621 of 40000 (cand-d785b89 vs ref-08461e0)
Finished game 611 (cand-d785b89 vs ref-08461e0): 1-0 {White wins by adjudication}
Started game 622 of 40000 (ref-08461e0 vs cand-d785b89)
Finished game 612 (ref-08461e0 vs cand-d785b89): 0-1 {Black wins by adjudication}
Started game 623 of 40000 (cand-d785b89 vs ref-08461e0)
Finished game 613 (cand-d785b89 vs ref-08461e0): 1-0 {White wins by adjudication}
Started game 624 of 40000 (ref-08461e0 vs cand-d785b89)
Finished game 605 (cand-d785b89 vs ref-08461e0): 1/2-1/2 {Draw by adjudication}
Started game 625 of 40000 (cand-d785b89 vs ref-08461e0)
Finished game 616 (ref-08461e0 vs cand-d785b89): 1/2-1/2 {Draw by adjudication}
Started game 626 of 40000 (ref-08461e0 vs cand-d785b89)
Finished game 617 (cand-d785b89 vs ref-08461e0): 1/2-1/2 {Draw by 3-fold repetition}
Started game 627 of 40000 (cand-d785b89 vs ref-08461e0)
Finished game 618 (ref-08461e0 vs cand-d785b89): 0-1 {Black wins by adjudication}
Started game 628 of 40000 (ref-08461e0 vs cand-d785b89)
Finished game 614 (ref-08461e0 vs cand-d785b89): 1/2-1/2 {Draw by 3-fold repetition}
Started game 629 of 40000 (cand-d785b89 vs ref-08461e0)
Finished game 615 (cand-d785b89 vs ref-08461e0): 1/2-1/2 {Draw by adjudication}
Started game 630 of 40000 (ref-08461e0 vs cand-d785b89)
Finished game 619 (cand-d785b89 vs ref-08461e0): 1/2-1/2 {Draw by 3-fold repetition}
Started game 631 of 40000 (cand-d785b89 vs ref-08461e0)
Finished game 622 (ref-08461e0 vs cand-d785b89): 1/2-1/2 {Draw by 3-fold repetition}
Started game 632 of 40000 (ref-08461e0 vs cand-d785b89)
Finished game 625 (cand-d785b89 vs ref-08461e0): 1-0 {White wins by adjudication}
Started game 633 of 40000 (cand-d785b89 vs ref-08461e0)
Finished game 623 (cand-d785b89 vs ref-08461e0): 1/2-1/2 {Draw by 3-fold repetition}
Started game 634 of 40000 (ref-08461e0 vs cand-d785b89)
Finished game 620 (ref-08461e0 vs cand-d785b89): 1-0 {White wins by adjudication}
--------------------------------------------------
Results of cand-d785b89 vs ref-08461e0 (8+0.08, 1t, 16MB, noob_3moves.epd):
Elo: 53.08 +/- 23.06, nElo: 64.04 +/- 27.35
LOS: 100.00 %, DrawRatio: 31.94 %, PairsRatio: 1.74
Games: 620, Wins: 258, Losses: 164, Draws: 198, Points: 357.0 (57.58 %)
Ptnml(0-2): [21, 56, 99, 76, 58], WL/DD Ratio: 2.00
LLR: 1.54 (52.2%) (-2.94, 2.94) [0.00, 5.00]
--------------------------------------------------
Started game 635 of 40000 (cand-d785b89 vs ref-08461e0)
Finished game 624 (ref-08461e0 vs cand-d785b89): 1-0 {White wins by adjudication}
Started game 636 of 40000 (ref-08461e0 vs cand-d785b89)
Finished game 621 (cand-d785b89 vs ref-08461e0): 0-1 {Black wins by adjudication}
Started game 637 of 40000 (cand-d785b89 vs ref-08461e0)
Finished game 628 (ref-08461e0 vs cand-d785b89): 0-1 {Black wins by adjudication}
Started game 638 of 40000 (ref-08461e0 vs cand-d785b89)
Finished game 626 (ref-08461e0 vs cand-d785b89): 0-1 {Black wins by adjudication}
Started game 639 of 40000 (cand-d785b89 vs ref-08461e0)
Finished game 627 (cand-d785b89 vs ref-08461e0): 1-0 {White wins by adjudication}
Started game 640 of 40000 (ref-08461e0 vs cand-d785b89)
Finished game 630 (ref-08461e0 vs cand-d785b89): 1-0 {White wins by adjudication}
Started game 641 of 40000 (cand-d785b89 vs ref-08461e0)
Finished game 629 (cand-d785b89 vs ref-08461e0): 1-0 {White wins by adjudication}
Started game 642 of 40000 (ref-08461e0 vs cand-d785b89)
Finished game 631 (cand-d785b89 vs ref-08461e0): 0-1 {Black wins by adjudication}
Started game 643 of 40000 (cand-d785b89 vs ref-08461e0)
Finished game 632 (ref-08461e0 vs cand-d785b89): 0-1 {Black wins by adjudication}
Started game 644 of 40000 (ref-08461e0 vs cand-d785b89)
Finished game 635 (cand-d785b89 vs ref-08461e0): 1/2-1/2 {Draw by 3-fold repetition}
Started game 645 of 40000 (cand-d785b89 vs ref-08461e0)
Finished game 640 (ref-08461e0 vs cand-d785b89): 0-1 {Black wins by adjudication}
Started game 646 of 40000 (ref-08461e0 vs cand-d785b89)
Finished game 636 (ref-08461e0 vs cand-d785b89): 0-1 {Black wins by adjudication}
Started game 647 of 40000 (cand-d785b89 vs ref-08461e0)
Finished game 634 (ref-08461e0 vs cand-d785b89): 1/2-1/2 {Draw by 3-fold repetition}
Started game 648 of 40000 (ref-08461e0 vs cand-d785b89)
Finished game 641 (cand-d785b89 vs ref-08461e0): 0-1 {Black wins by adjudication}
Started game 649 of 40000 (cand-d785b89 vs ref-08461e0)
Finished game 638 (ref-08461e0 vs cand-d785b89): 1-0 {White wins by adjudication}
Started game 650 of 40000 (ref-08461e0 vs cand-d785b89)
Finished game 637 (cand-d785b89 vs ref-08461e0): 1-0 {White wins by adjudication}
Started game 651 of 40000 (cand-d785b89 vs ref-08461e0)
Finished game 633 (cand-d785b89 vs ref-08461e0): 1/2-1/2 {Draw by fifty moves rule}
Started game 652 of 40000 (ref-08461e0 vs cand-d785b89)
Finished game 646 (ref-08461e0 vs cand-d785b89): 0-1 {Black wins by adjudication}
Started game 653 of 40000 (cand-d785b89 vs ref-08461e0)
Finished game 639 (cand-d785b89 vs ref-08461e0): 0-1 {Black wins by adjudication}
--------------------------------------------------
Results of cand-d785b89 vs ref-08461e0 (8+0.08, 1t, 16MB, noob_3moves.epd):
Elo: 53.07 +/- 22.61, nElo: 64.27 +/- 26.92
LOS: 100.00 %, DrawRatio: 32.50 %, PairsRatio: 1.73
Games: 640, Wins: 267, Losses: 170, Draws: 203, Points: 368.5 (57.58 %)
Ptnml(0-2): [21, 58, 104, 77, 60], WL/DD Ratio: 2.06
LLR: 1.60 (54.2%) (-2.94, 2.94) [0.00, 5.00]
--------------------------------------------------
Started game 654 of 40000 (ref-08461e0 vs cand-d785b89)
Finished game 648 (ref-08461e0 vs cand-d785b89): 0-1 {Black wins by adjudication}
Started game 655 of 40000 (cand-d785b89 vs ref-08461e0)
Finished game 644 (ref-08461e0 vs cand-d785b89): 0-1 {Black wins by adjudication}
Started game 656 of 40000 (ref-08461e0 vs cand-d785b89)
Finished game 643 (cand-d785b89 vs ref-08461e0): 0-1 {Black wins by adjudication}
Started game 657 of 40000 (cand-d785b89 vs ref-08461e0)
Finished game 647 (cand-d785b89 vs ref-08461e0): 1-0 {White wins by adjudication}
Started game 658 of 40000 (ref-08461e0 vs cand-d785b89)
Finished game 642 (ref-08461e0 vs cand-d785b89): 1-0 {White wins by adjudication}
Started game 659 of 40000 (cand-d785b89 vs ref-08461e0)
Finished game 649 (cand-d785b89 vs ref-08461e0): 1-0 {White wins by adjudication}
Started game 660 of 40000 (ref-08461e0 vs cand-d785b89)
Finished game 651 (cand-d785b89 vs ref-08461e0): 1-0 {White wins by adjudication}
Started game 661 of 40000 (cand-d785b89 vs ref-08461e0)
Finished game 650 (ref-08461e0 vs cand-d785b89): 0-1 {Black wins by adjudication}
Started game 662 of 40000 (ref-08461e0 vs cand-d785b89)
Finished game 645 (cand-d785b89 vs ref-08461e0): 0-1 {Black wins by adjudication}
Started game 663 of 40000 (cand-d785b89 vs ref-08461e0)
Finished game 657 (cand-d785b89 vs ref-08461e0): 0-1 {Black wins by adjudication}
Started game 664 of 40000 (ref-08461e0 vs cand-d785b89)
Finished game 652 (ref-08461e0 vs cand-d785b89): 1/2-1/2 {Draw by 3-fold repetition}
Started game 665 of 40000 (cand-d785b89 vs ref-08461e0)
Finished game 655 (cand-d785b89 vs ref-08461e0): 0-1 {Black wins by adjudication}
Started game 666 of 40000 (ref-08461e0 vs cand-d785b89)
Finished game 660 (ref-08461e0 vs cand-d785b89): 0-1 {Black wins by adjudication}
Started game 667 of 40000 (cand-d785b89 vs ref-08461e0)
Finished game 653 (cand-d785b89 vs ref-08461e0): 1/2-1/2 {Draw by adjudication}
Started game 668 of 40000 (ref-08461e0 vs cand-d785b89)
Finished game 662 (ref-08461e0 vs cand-d785b89): 1-0 {White wins by adjudication}
Started game 669 of 40000 (cand-d785b89 vs ref-08461e0)
Finished game 656 (ref-08461e0 vs cand-d785b89): 1/2-1/2 {Draw by adjudication}
Started game 670 of 40000 (ref-08461e0 vs cand-d785b89)
Finished game 664 (ref-08461e0 vs cand-d785b89): 1-0 {White wins by adjudication}
Started game 671 of 40000 (cand-d785b89 vs ref-08461e0)
Finished game 654 (ref-08461e0 vs cand-d785b89): 1/2-1/2 {Draw by insufficient mating material}
Started game 672 of 40000 (ref-08461e0 vs cand-d785b89)
Finished game 666 (ref-08461e0 vs cand-d785b89): 1/2-1/2 {Draw by 3-fold repetition}
Started game 673 of 40000 (cand-d785b89 vs ref-08461e0)
Finished game 663 (cand-d785b89 vs ref-08461e0): 0-1 {Black wins by adjudication}
Started game 674 of 40000 (ref-08461e0 vs cand-d785b89)
Finished game 661 (cand-d785b89 vs ref-08461e0): 1/2-1/2 {Draw by adjudication}
Started game 675 of 40000 (cand-d785b89 vs ref-08461e0)
Finished game 659 (cand-d785b89 vs ref-08461e0): 1-0 {White wins by adjudication}
--------------------------------------------------
Results of cand-d785b89 vs ref-08461e0 (8+0.08, 1t, 16MB, noob_3moves.epd):
Elo: 51.81 +/- 22.42, nElo: 62.18 +/- 26.47
LOS: 100.00 %, DrawRatio: 32.33 %, PairsRatio: 1.70
Games: 662, Wins: 276, Losses: 178, Draws: 208, Points: 380.0 (57.40 %)
Ptnml(0-2): [23, 60, 107, 78, 63], WL/DD Ratio: 2.06
LLR: 1.60 (54.2%) (-2.94, 2.94) [0.00, 5.00]
--------------------------------------------------
Started game 676 of 40000 (ref-08461e0 vs cand-d785b89)
Finished game 668 (ref-08461e0 vs cand-d785b89): 0-1 {Black wins by adjudication}
Started game 677 of 40000 (cand-d785b89 vs ref-08461e0)
Finished game 658 (ref-08461e0 vs cand-d785b89): 1/2-1/2 {Draw by 3-fold repetition}
Started game 678 of 40000 (ref-08461e0 vs cand-d785b89)
Finished game 665 (cand-d785b89 vs ref-08461e0): 1/2-1/2 {Draw by insufficient mating material}
Started game 679 of 40000 (cand-d785b89 vs ref-08461e0)
Finished game 667 (cand-d785b89 vs ref-08461e0): 0-1 {Black wins by adjudication}
Started game 680 of 40000 (ref-08461e0 vs cand-d785b89)
Finished game 671 (cand-d785b89 vs ref-08461e0): 0-1 {Black wins by adjudication}
Started game 681 of 40000 (cand-d785b89 vs ref-08461e0)
Finished game 677 (cand-d785b89 vs ref-08461e0): 1-0 {White wins by adjudication}
Started game 682 of 40000 (ref-08461e0 vs cand-d785b89)
Finished game 670 (ref-08461e0 vs cand-d785b89): 0-1 {Black wins by adjudication}
Started game 683 of 40000 (cand-d785b89 vs ref-08461e0)
Finished game 675 (cand-d785b89 vs ref-08461e0): 1-0 {White wins by adjudication}
Started game 684 of 40000 (ref-08461e0 vs cand-d785b89)
Finished game 676 (ref-08461e0 vs cand-d785b89): 1/2-1/2 {Draw by 3-fold repetition}
Started game 685 of 40000 (cand-d785b89 vs ref-08461e0)
Finished game 673 (cand-d785b89 vs ref-08461e0): 1-0 {White wins by adjudication}
Started game 686 of 40000 (ref-08461e0 vs cand-d785b89)
Finished game 678 (ref-08461e0 vs cand-d785b89): 0-1 {Black wins by adjudication}
Started game 687 of 40000 (cand-d785b89 vs ref-08461e0)
Finished game 669 (cand-d785b89 vs ref-08461e0): 1/2-1/2 {Draw by insufficient mating material}
Started game 688 of 40000 (ref-08461e0 vs cand-d785b89)
Finished game 672 (ref-08461e0 vs cand-d785b89): 1/2-1/2 {Draw by insufficient mating material}
Started game 689 of 40000 (cand-d785b89 vs ref-08461e0)
Finished game 674 (ref-08461e0 vs cand-d785b89): 0-1 {Black wins by adjudication}
Started game 690 of 40000 (ref-08461e0 vs cand-d785b89)
Finished game 680 (ref-08461e0 vs cand-d785b89): 0-1 {Black wins by adjudication}
Started game 691 of 40000 (cand-d785b89 vs ref-08461e0)
Finished game 681 (cand-d785b89 vs ref-08461e0): 0-1 {Black wins by adjudication}
Started game 692 of 40000 (ref-08461e0 vs cand-d785b89)
Finished game 679 (cand-d785b89 vs ref-08461e0): 0-1 {Black wins by adjudication}
--------------------------------------------------
Results of cand-d785b89 vs ref-08461e0 (8+0.08, 1t, 16MB, noob_3moves.epd):
Elo: 52.51 +/- 22.09, nElo: 63.13 +/- 26.11
LOS: 100.00 %, DrawRatio: 32.35 %, PairsRatio: 1.71
Games: 680, Wins: 284, Losses: 182, Draws: 214, Points: 391.0 (57.50 %)
Ptnml(0-2): [23, 62, 110, 80, 65], WL/DD Ratio: 2.06
LLR: 1.67 (56.6%) (-2.94, 2.94) [0.00, 5.00]
--------------------------------------------------
Started game 693 of 40000 (cand-d785b89 vs ref-08461e0)
Finished game 688 (ref-08461e0 vs cand-d785b89): 1-0 {White wins by adjudication}
Started game 694 of 40000 (ref-08461e0 vs cand-d785b89)
Finished game 682 (ref-08461e0 vs cand-d785b89): 1-0 {White wins by adjudication}
Started game 695 of 40000 (cand-d785b89 vs ref-08461e0)
Finished game 684 (ref-08461e0 vs cand-d785b89): 0-1 {Black wins by adjudication}
Started game 696 of 40000 (ref-08461e0 vs cand-d785b89)
Finished game 687 (cand-d785b89 vs ref-08461e0): 1/2-1/2 {Draw by 3-fold repetition}
Started game 697 of 40000 (cand-d785b89 vs ref-08461e0)
Finished game 689 (cand-d785b89 vs ref-08461e0): 1-0 {White wins by adjudication}
Started game 698 of 40000 (ref-08461e0 vs cand-d785b89)
Finished game 691 (cand-d785b89 vs ref-08461e0): 1-0 {White wins by adjudication}
Started game 699 of 40000 (cand-d785b89 vs ref-08461e0)
Finished game 696 (ref-08461e0 vs cand-d785b89): 1/2-1/2 {Draw by 3-fold repetition}
Started game 700 of 40000 (ref-08461e0 vs cand-d785b89)
Finished game 692 (ref-08461e0 vs cand-d785b89): 0-1 {Black wins by adjudication}
Started game 701 of 40000 (cand-d785b89 vs ref-08461e0)
Finished game 690 (ref-08461e0 vs cand-d785b89): 0-1 {Black wins by adjudication}
Started game 702 of 40000 (ref-08461e0 vs cand-d785b89)
Finished game 686 (ref-08461e0 vs cand-d785b89): 1/2-1/2 {Draw by adjudication}
Started game 703 of 40000 (cand-d785b89 vs ref-08461e0)
Finished game 685 (cand-d785b89 vs ref-08461e0): 1/2-1/2 {Draw by insufficient mating material}
Started game 704 of 40000 (ref-08461e0 vs cand-d785b89)
Finished game 693 (cand-d785b89 vs ref-08461e0): 1/2-1/2 {Draw by 3-fold repetition}
Started game 705 of 40000 (cand-d785b89 vs ref-08461e0)
Finished game 683 (cand-d785b89 vs ref-08461e0): 1/2-1/2 {Draw by fifty moves rule}
Started game 706 of 40000 (ref-08461e0 vs cand-d785b89)
Finished game 694 (ref-08461e0 vs cand-d785b89): 1-0 {White wins by adjudication}
Started game 707 of 40000 (cand-d785b89 vs ref-08461e0)
Finished game 698 (ref-08461e0 vs cand-d785b89): 1-0 {White wins by adjudication}
Started game 708 of 40000 (ref-08461e0 vs cand-d785b89)
Finished game 699 (cand-d785b89 vs ref-08461e0): 1-0 {White wins by adjudication}
Started game 709 of 40000 (cand-d785b89 vs ref-08461e0)
Finished game 695 (cand-d785b89 vs ref-08461e0): 1/2-1/2 {Draw by 3-fold repetition}
Started game 710 of 40000 (ref-08461e0 vs cand-d785b89)
Finished game 701 (cand-d785b89 vs ref-08461e0): 1/2-1/2 {Draw by 3-fold repetition}
Started game 711 of 40000 (cand-d785b89 vs ref-08461e0)
Finished game 697 (cand-d785b89 vs ref-08461e0): 0-1 {Black wins by adjudication}
Started game 712 of 40000 (ref-08461e0 vs cand-d785b89)
Finished game 706 (ref-08461e0 vs cand-d785b89): 0-1 {Black wins by adjudication}
Started game 713 of 40000 (cand-d785b89 vs ref-08461e0)
Finished game 703 (cand-d785b89 vs ref-08461e0): 1-0 {White wins by adjudication}
Started game 714 of 40000 (ref-08461e0 vs cand-d785b89)
Finished game 705 (cand-d785b89 vs ref-08461e0): 1-0 {White wins by adjudication}
Started game 715 of 40000 (cand-d785b89 vs ref-08461e0)
Finished game 708 (ref-08461e0 vs cand-d785b89): 1/2-1/2 {Draw by 3-fold repetition}
Started game 716 of 40000 (ref-08461e0 vs cand-d785b89)
Finished game 700 (ref-08461e0 vs cand-d785b89): 0-1 {Black wins by adjudication}
--------------------------------------------------
Results of cand-d785b89 vs ref-08461e0 (8+0.08, 1t, 16MB, noob_3moves.epd):
Elo: 52.36 +/- 21.99, nElo: 62.23 +/- 25.70
LOS: 100.00 %, DrawRatio: 31.91 %, PairsRatio: 1.69
Games: 702, Wins: 293, Losses: 188, Draws: 221, Points: 403.5 (57.48 %)
Ptnml(0-2): [25, 64, 112, 81, 69], WL/DD Ratio: 1.95
LLR: 1.70 (57.6%) (-2.94, 2.94) [0.00, 5.00]
--------------------------------------------------
Started game 717 of 40000 (cand-d785b89 vs ref-08461e0)
Finished game 702 (ref-08461e0 vs cand-d785b89): 1-0 {White wins by adjudication}
Started game 718 of 40000 (ref-08461e0 vs cand-d785b89)
Finished game 704 (ref-08461e0 vs cand-d785b89): 0-1 {Black wins by adjudication}
Started game 719 of 40000 (cand-d785b89 vs ref-08461e0)
Finished game 715 (cand-d785b89 vs ref-08461e0): 0-1 {Black wins by adjudication}
Started game 720 of 40000 (ref-08461e0 vs cand-d785b89)
Finished game 711 (cand-d785b89 vs ref-08461e0): 0-1 {Black wins by adjudication}
Started game 721 of 40000 (cand-d785b89 vs ref-08461e0)
Finished game 707 (cand-d785b89 vs ref-08461e0): 1/2-1/2 {Draw by adjudication}
Started game 722 of 40000 (ref-08461e0 vs cand-d785b89)
Finished game 718 (ref-08461e0 vs cand-d785b89): 0-1 {Black wins by adjudication}
Started game 723 of 40000 (cand-d785b89 vs ref-08461e0)
Finished game 709 (cand-d785b89 vs ref-08461e0): 1/2-1/2 {Draw by insufficient mating material}
Started game 724 of 40000 (ref-08461e0 vs cand-d785b89)
Finished game 713 (cand-d785b89 vs ref-08461e0): 0-1 {Black wins by adjudication}
Started game 725 of 40000 (cand-d785b89 vs ref-08461e0)
Finished game 714 (ref-08461e0 vs cand-d785b89): 0-1 {Black wins by adjudication}
Started game 726 of 40000 (ref-08461e0 vs cand-d785b89)
Finished game 717 (cand-d785b89 vs ref-08461e0): 1/2-1/2 {Draw by 3-fold repetition}
Started game 727 of 40000 (cand-d785b89 vs ref-08461e0)
Finished game 710 (ref-08461e0 vs cand-d785b89): 1/2-1/2 {Draw by insufficient mating material}
Started game 728 of 40000 (ref-08461e0 vs cand-d785b89)
Finished game 712 (ref-08461e0 vs cand-d785b89): 0-1 {Black wins by adjudication}
Started game 729 of 40000 (cand-d785b89 vs ref-08461e0)
Finished game 719 (cand-d785b89 vs ref-08461e0): 1/2-1/2 {Draw by 3-fold repetition}
Started game 730 of 40000 (ref-08461e0 vs cand-d785b89)
Finished game 716 (ref-08461e0 vs cand-d785b89): 0-1 {Black wins by adjudication}
Started game 731 of 40000 (cand-d785b89 vs ref-08461e0)
Finished game 723 (cand-d785b89 vs ref-08461e0): 0-1 {Black wins by adjudication}
Started game 732 of 40000 (ref-08461e0 vs cand-d785b89)
Finished game 721 (cand-d785b89 vs ref-08461e0): 1/2-1/2 {Draw by 3-fold repetition}
Started game 733 of 40000 (cand-d785b89 vs ref-08461e0)
Finished game 726 (ref-08461e0 vs cand-d785b89): 1-0 {White wins by adjudication}
Started game 734 of 40000 (ref-08461e0 vs cand-d785b89)
Finished game 724 (ref-08461e0 vs cand-d785b89): 1/2-1/2 {Draw by 3-fold repetition}
Started game 735 of 40000 (cand-d785b89 vs ref-08461e0)
Finished game 725 (cand-d785b89 vs ref-08461e0): 1-0 {White wins by adjudication}
Started game 736 of 40000 (ref-08461e0 vs cand-d785b89)
Finished game 728 (ref-08461e0 vs cand-d785b89): 0-1 {Black wins by adjudication}
Started game 737 of 40000 (cand-d785b89 vs ref-08461e0)
Finished game 730 (ref-08461e0 vs cand-d785b89): 1/2-1/2 {Draw by 3-fold repetition}
Started game 738 of 40000 (ref-08461e0 vs cand-d785b89)
Finished game 729 (cand-d785b89 vs ref-08461e0): 1/2-1/2 {Draw by 3-fold repetition}
Started game 739 of 40000 (cand-d785b89 vs ref-08461e0)
Finished game 731 (cand-d785b89 vs ref-08461e0): 0-1 {Black wins by adjudication}
Started game 740 of 40000 (ref-08461e0 vs cand-d785b89)
Finished game 734 (ref-08461e0 vs cand-d785b89): 0-1 {Black wins by adjudication}
Started game 741 of 40000 (cand-d785b89 vs ref-08461e0)
Finished game 722 (ref-08461e0 vs cand-d785b89): 1/2-1/2 {Draw by fifty moves rule}
Started game 742 of 40000 (ref-08461e0 vs cand-d785b89)
Finished game 720 (ref-08461e0 vs cand-d785b89): 1/2-1/2 {Draw by insufficient mating material}
--------------------------------------------------
Results of cand-d785b89 vs ref-08461e0 (8+0.08, 1t, 16MB, noob_3moves.epd):
Elo: 50.95 +/- 21.34, nElo: 61.22 +/- 25.24
LOS: 100.00 %, DrawRatio: 33.24 %, PairsRatio: 1.67
Games: 728, Wins: 300, Losses: 194, Draws: 234, Points: 417.0 (57.28 %)
Ptnml(0-2): [25, 66, 121, 82, 70], WL/DD Ratio: 1.81
LLR: 1.73 (58.9%) (-2.94, 2.94) [0.00, 5.00]
--------------------------------------------------
Started game 743 of 40000 (cand-d785b89 vs ref-08461e0)
Finished game 727 (cand-d785b89 vs ref-08461e0): 1/2-1/2 {Draw by insufficient mating material}
Started game 744 of 40000 (ref-08461e0 vs cand-d785b89)
Finished game 735 (cand-d785b89 vs ref-08461e0): 1-0 {White wins by adjudication}
Started game 745 of 40000 (cand-d785b89 vs ref-08461e0)
Finished game 736 (ref-08461e0 vs cand-d785b89): 1/2-1/2 {Draw by insufficient mating material}
Started game 746 of 40000 (ref-08461e0 vs cand-d785b89)
Finished game 738 (ref-08461e0 vs cand-d785b89): 1-0 {White wins by adjudication}
Started game 747 of 40000 (cand-d785b89 vs ref-08461e0)
Finished game 740 (ref-08461e0 vs cand-d785b89): 0-1 {Black wins by adjudication}
Started game 748 of 40000 (ref-08461e0 vs cand-d785b89)
Finished game 741 (cand-d785b89 vs ref-08461e0): 1-0 {White wins by adjudication}
Started game 749 of 40000 (cand-d785b89 vs ref-08461e0)
Finished game 733 (cand-d785b89 vs ref-08461e0): 1/2-1/2 {Draw by fifty moves rule}
Started game 750 of 40000 (ref-08461e0 vs cand-d785b89)
Finished game 737 (cand-d785b89 vs ref-08461e0): 1/2-1/2 {Draw by 3-fold repetition}
Started game 751 of 40000 (cand-d785b89 vs ref-08461e0)
Finished game 732 (ref-08461e0 vs cand-d785b89): 1/2-1/2 {Draw by 3-fold repetition}
Started game 752 of 40000 (ref-08461e0 vs cand-d785b89)
Finished game 739 (cand-d785b89 vs ref-08461e0): 1/2-1/2 {Draw by fifty moves rule}
--------------------------------------------------
Results of cand-d785b89 vs ref-08461e0 (8+0.08, 1t, 16MB, noob_3moves.epd):
Elo: 51.07 +/- 21.10, nElo: 61.54 +/- 25.03
LOS: 100.00 %, DrawRatio: 32.70 %, PairsRatio: 1.68
Games: 740, Wins: 304, Losses: 196, Draws: 240, Points: 424.0 (57.30 %)
Ptnml(0-2): [25, 68, 121, 86, 70], WL/DD Ratio: 1.81
LLR: 1.77 (60.1%) (-2.94, 2.94) [0.00, 5.00]
--------------------------------------------------
Started game 753 of 40000 (cand-d785b89 vs ref-08461e0)
Finished game 744 (ref-08461e0 vs cand-d785b89): 1-0 {White wins by adjudication}
Started game 754 of 40000 (ref-08461e0 vs cand-d785b89)
Finished game 743 (cand-d785b89 vs ref-08461e0): 1-0 {White wins by adjudication}
Started game 755 of 40000 (cand-d785b89 vs ref-08461e0)
Finished game 742 (ref-08461e0 vs cand-d785b89): 0-1 {Black wins by adjudication}
Started game 756 of 40000 (ref-08461e0 vs cand-d785b89)
Finished game 746 (ref-08461e0 vs cand-d785b89): 1-0 {White wins by adjudication}
Started game 757 of 40000 (cand-d785b89 vs ref-08461e0)
Finished game 747 (cand-d785b89 vs ref-08461e0): 0-1 {Black wins by adjudication}
Started game 758 of 40000 (ref-08461e0 vs cand-d785b89)
Finished game 752 (ref-08461e0 vs cand-d785b89): 0-1 {Black wins by adjudication}
Started game 759 of 40000 (cand-d785b89 vs ref-08461e0)
Finished game 748 (ref-08461e0 vs cand-d785b89): 1/2-1/2 {Draw by adjudication}
Started game 760 of 40000 (ref-08461e0 vs cand-d785b89)
Finished game 754 (ref-08461e0 vs cand-d785b89): 0-1 {Black wins by adjudication}
Started game 761 of 40000 (cand-d785b89 vs ref-08461e0)
Finished game 749 (cand-d785b89 vs ref-08461e0): 0-1 {Black wins by adjudication}
Started game 762 of 40000 (ref-08461e0 vs cand-d785b89)
Finished game 751 (cand-d785b89 vs ref-08461e0): 1-0 {White wins by adjudication}
Started game 763 of 40000 (cand-d785b89 vs ref-08461e0)
Finished game 750 (ref-08461e0 vs cand-d785b89): 1/2-1/2 {Draw by 3-fold repetition}
Started game 764 of 40000 (ref-08461e0 vs cand-d785b89)
Finished game 753 (cand-d785b89 vs ref-08461e0): 1/2-1/2 {Draw by 3-fold repetition}
Started game 765 of 40000 (cand-d785b89 vs ref-08461e0)
Finished game 755 (cand-d785b89 vs ref-08461e0): 1-0 {White wins by adjudication}
Started game 766 of 40000 (ref-08461e0 vs cand-d785b89)
Finished game 756 (ref-08461e0 vs cand-d785b89): 0-1 {Black wins by adjudication}
Started game 767 of 40000 (cand-d785b89 vs ref-08461e0)
Finished game 759 (cand-d785b89 vs ref-08461e0): 1-0 {White wins by adjudication}
Started game 768 of 40000 (ref-08461e0 vs cand-d785b89)
Finished game 758 (ref-08461e0 vs cand-d785b89): 1-0 {White wins by adjudication}
Started game 769 of 40000 (cand-d785b89 vs ref-08461e0)
Finished game 757 (cand-d785b89 vs ref-08461e0): 1/2-1/2 {Draw by insufficient mating material}
Started game 770 of 40000 (ref-08461e0 vs cand-d785b89)
Finished game 760 (ref-08461e0 vs cand-d785b89): 1/2-1/2 {Draw by 3-fold repetition}
--------------------------------------------------
Results of cand-d785b89 vs ref-08461e0 (8+0.08, 1t, 16MB, noob_3moves.epd):
Elo: 52.18 +/- 20.92, nElo: 62.70 +/- 24.73
LOS: 100.00 %, DrawRatio: 32.19 %, PairsRatio: 1.68
Games: 758, Wins: 313, Losses: 200, Draws: 245, Points: 435.5 (57.45 %)
Ptnml(0-2): [25, 71, 122, 88, 73], WL/DD Ratio: 1.84
LLR: 1.85 (62.8%) (-2.94, 2.94) [0.00, 5.00]
--------------------------------------------------
Started game 771 of 40000 (cand-d785b89 vs ref-08461e0)
Finished game 745 (cand-d785b89 vs ref-08461e0): 1/2-1/2 {Draw by insufficient mating material}
Started game 772 of 40000 (ref-08461e0 vs cand-d785b89)
Finished game 763 (cand-d785b89 vs ref-08461e0): 0-1 {Black wins by adjudication}
Started game 773 of 40000 (cand-d785b89 vs ref-08461e0)
Finished game 765 (cand-d785b89 vs ref-08461e0): 1-0 {White wins by adjudication}
Started game 774 of 40000 (ref-08461e0 vs cand-d785b89)
Finished game 762 (ref-08461e0 vs cand-d785b89): 1-0 {White wins by adjudication}
Started game 775 of 40000 (cand-d785b89 vs ref-08461e0)
Finished game 761 (cand-d785b89 vs ref-08461e0): 1-0 {White wins by adjudication}
Started game 776 of 40000 (ref-08461e0 vs cand-d785b89)
Finished game 764 (ref-08461e0 vs cand-d785b89): 0-1 {Black wins by adjudication}
Started game 777 of 40000 (cand-d785b89 vs ref-08461e0)
Finished game 767 (cand-d785b89 vs ref-08461e0): 1-0 {White wins by adjudication}
Started game 778 of 40000 (ref-08461e0 vs cand-d785b89)
Finished game 770 (ref-08461e0 vs cand-d785b89): 0-1 {Black wins by adjudication}
Started game 779 of 40000 (cand-d785b89 vs ref-08461e0)
Finished game 773 (cand-d785b89 vs ref-08461e0): 1-0 {White wins by adjudication}
Started game 780 of 40000 (ref-08461e0 vs cand-d785b89)
Finished game 766 (ref-08461e0 vs cand-d785b89): 0-1 {Black wins by adjudication}
Started game 781 of 40000 (cand-d785b89 vs ref-08461e0)
Finished game 769 (cand-d785b89 vs ref-08461e0): 1-0 {White wins by adjudication}
Started game 782 of 40000 (ref-08461e0 vs cand-d785b89)
Finished game 772 (ref-08461e0 vs cand-d785b89): 1-0 {White wins by adjudication}
Started game 783 of 40000 (cand-d785b89 vs ref-08461e0)
Finished game 768 (ref-08461e0 vs cand-d785b89): 0-1 {Black wins by adjudication}
Started game 784 of 40000 (ref-08461e0 vs cand-d785b89)
Finished game 777 (cand-d785b89 vs ref-08461e0): 1/2-1/2 {Draw by 3-fold repetition}
Started game 785 of 40000 (cand-d785b89 vs ref-08461e0)
Finished game 771 (cand-d785b89 vs ref-08461e0): 0-1 {Black wins by adjudication}
Started game 786 of 40000 (ref-08461e0 vs cand-d785b89)
Finished game 774 (ref-08461e0 vs cand-d785b89): 1/2-1/2 {Draw by 3-fold repetition}
Started game 787 of 40000 (cand-d785b89 vs ref-08461e0)
Finished game 780 (ref-08461e0 vs cand-d785b89): 1-0 {White wins by adjudication}
Started game 788 of 40000 (ref-08461e0 vs cand-d785b89)
Finished game 778 (ref-08461e0 vs cand-d785b89): 1/2-1/2 {Draw by 3-fold repetition}
Started game 789 of 40000 (cand-d785b89 vs ref-08461e0)
Finished game 775 (cand-d785b89 vs ref-08461e0): 1-0 {White wins by adjudication}
Started game 790 of 40000 (ref-08461e0 vs cand-d785b89)
Finished game 779 (cand-d785b89 vs ref-08461e0): 1-0 {White wins by adjudication}
--------------------------------------------------
Results of cand-d785b89 vs ref-08461e0 (8+0.08, 1t, 16MB, noob_3moves.epd):
Elo: 52.65 +/- 20.72, nElo: 63.08 +/- 24.41
LOS: 100.00 %, DrawRatio: 32.39 %, PairsRatio: 1.68
Games: 778, Wins: 323, Losses: 206, Draws: 249, Points: 447.5 (57.52 %)
Ptnml(0-2): [26, 72, 126, 89, 76], WL/DD Ratio: 1.86
LLR: 1.91 (64.8%) (-2.94, 2.94) [0.00, 5.00]
--------------------------------------------------
Started game 791 of 40000 (cand-d785b89 vs ref-08461e0)
Finished game 782 (ref-08461e0 vs cand-d785b89): 1/2-1/2 {Draw by 3-fold repetition}
Started game 792 of 40000 (ref-08461e0 vs cand-d785b89)
Finished game 776 (ref-08461e0 vs cand-d785b89): 1-0 {White wins by adjudication}
Started game 793 of 40000 (cand-d785b89 vs ref-08461e0)
Finished game 786 (ref-08461e0 vs cand-d785b89): 1/2-1/2 {Draw by 3-fold repetition}
Started game 794 of 40000 (ref-08461e0 vs cand-d785b89)
Finished game 781 (cand-d785b89 vs ref-08461e0): 0-1 {Black wins by adjudication}
Started game 795 of 40000 (cand-d785b89 vs ref-08461e0)
Finished game 785 (cand-d785b89 vs ref-08461e0): 1/2-1/2 {Draw by 3-fold repetition}
Started game 796 of 40000 (ref-08461e0 vs cand-d785b89)
Finished game 783 (cand-d785b89 vs ref-08461e0): 1/2-1/2 {Draw by adjudication}
Started game 797 of 40000 (cand-d785b89 vs ref-08461e0)
Finished game 792 (ref-08461e0 vs cand-d785b89): 1-0 {White wins by adjudication}
Started game 798 of 40000 (ref-08461e0 vs cand-d785b89)
Finished game 790 (ref-08461e0 vs cand-d785b89): 1/2-1/2 {Draw by adjudication}
Started game 799 of 40000 (cand-d785b89 vs ref-08461e0)
Finished game 787 (cand-d785b89 vs ref-08461e0): 1/2-1/2 {Draw by adjudication}
Started game 800 of 40000 (ref-08461e0 vs cand-d785b89)
Finished game 793 (cand-d785b89 vs ref-08461e0): 1-0 {White wins by adjudication}
Started game 801 of 40000 (cand-d785b89 vs ref-08461e0)
Finished game 784 (ref-08461e0 vs cand-d785b89): 1/2-1/2 {Draw by fifty moves rule}
Started game 802 of 40000 (ref-08461e0 vs cand-d785b89)
Finished game 788 (ref-08461e0 vs cand-d785b89): 1/2-1/2 {Draw by adjudication}
Started game 803 of 40000 (cand-d785b89 vs ref-08461e0)
Finished game 791 (cand-d785b89 vs ref-08461e0): 0-1 {Black wins by adjudication}
Started game 804 of 40000 (ref-08461e0 vs cand-d785b89)
Finished game 794 (ref-08461e0 vs cand-d785b89): 1-0 {White wins by adjudication}
Started game 805 of 40000 (cand-d785b89 vs ref-08461e0)
Finished game 795 (cand-d785b89 vs ref-08461e0): 1/2-1/2 {Draw by insufficient mating material}
Started game 806 of 40000 (ref-08461e0 vs cand-d785b89)
Finished game 789 (cand-d785b89 vs ref-08461e0): 1/2-1/2 {Draw by adjudication}
Started game 807 of 40000 (cand-d785b89 vs ref-08461e0)
Finished game 797 (cand-d785b89 vs ref-08461e0): 1-0 {White wins by adjudication}
Started game 808 of 40000 (ref-08461e0 vs cand-d785b89)
Finished game 796 (ref-08461e0 vs cand-d785b89): 1/2-1/2 {Draw by adjudication}
Started game 809 of 40000 (cand-d785b89 vs ref-08461e0)
Finished game 804 (ref-08461e0 vs cand-d785b89): 1/2-1/2 {Draw by 3-fold repetition}
Started game 810 of 40000 (ref-08461e0 vs cand-d785b89)
Finished game 798 (ref-08461e0 vs cand-d785b89): 1-0 {White wins by adjudication}
Started game 811 of 40000 (cand-d785b89 vs ref-08461e0)
Finished game 801 (cand-d785b89 vs ref-08461e0): 0-1 {Black wins by adjudication}
Started game 812 of 40000 (ref-08461e0 vs cand-d785b89)
Finished game 799 (cand-d785b89 vs ref-08461e0): 0-1 {Black wins by adjudication}
Started game 813 of 40000 (cand-d785b89 vs ref-08461e0)
Finished game 802 (ref-08461e0 vs cand-d785b89): 0-1 {Black wins by adjudication}
Started game 814 of 40000 (ref-08461e0 vs cand-d785b89)
Finished game 805 (cand-d785b89 vs ref-08461e0): 1/2-1/2 {Draw by insufficient mating material}
Started game 815 of 40000 (cand-d785b89 vs ref-08461e0)
Finished game 807 (cand-d785b89 vs ref-08461e0): 1-0 {White wins by adjudication}
Started game 816 of 40000 (ref-08461e0 vs cand-d785b89)
Finished game 806 (ref-08461e0 vs cand-d785b89): 0-1 {Black wins by adjudication}
Started game 817 of 40000 (cand-d785b89 vs ref-08461e0)
Finished game 803 (cand-d785b89 vs ref-08461e0): 1/2-1/2 {Draw by insufficient mating material}
Started game 818 of 40000 (ref-08461e0 vs cand-d785b89)
Finished game 808 (ref-08461e0 vs cand-d785b89): 1/2-1/2 {Draw by adjudication}
Started game 819 of 40000 (cand-d785b89 vs ref-08461e0)
Finished game 809 (cand-d785b89 vs ref-08461e0): 0-1 {Black wins by adjudication}
Started game 820 of 40000 (ref-08461e0 vs cand-d785b89)
Finished game 800 (ref-08461e0 vs cand-d785b89): 1/2-1/2 {Draw by 3-fold repetition}
--------------------------------------------------
Results of cand-d785b89 vs ref-08461e0 (8+0.08, 1t, 16MB, noob_3moves.epd):
Elo: 49.79 +/- 20.09, nElo: 60.25 +/- 23.96
LOS: 100.00 %, DrawRatio: 33.66 %, PairsRatio: 1.65
Games: 808, Wins: 329, Losses: 214, Draws: 265, Points: 461.5 (57.12 %)
Ptnml(0-2): [27, 74, 136, 91, 76], WL/DD Ratio: 1.72
LLR: 1.89 (64.3%) (-2.94, 2.94) [0.00, 5.00]
--------------------------------------------------
Started game 821 of 40000 (cand-d785b89 vs ref-08461e0)
Finished game 817 (cand-d785b89 vs ref-08461e0): 1-0 {White wins by adjudication}
Started game 822 of 40000 (ref-08461e0 vs cand-d785b89)
Finished game 811 (cand-d785b89 vs ref-08461e0): 1-0 {White wins by adjudication}
Started game 823 of 40000 (cand-d785b89 vs ref-08461e0)
Finished game 810 (ref-08461e0 vs cand-d785b89): 0-1 {Black wins by adjudication}
Started game 824 of 40000 (ref-08461e0 vs cand-d785b89)
Finished game 814 (ref-08461e0 vs cand-d785b89): 1-0 {White wins by adjudication}
Started game 825 of 40000 (cand-d785b89 vs ref-08461e0)
Finished game 812 (ref-08461e0 vs cand-d785b89): 1/2-1/2 {Draw by 3-fold repetition}
Started game 826 of 40000 (ref-08461e0 vs cand-d785b89)
Finished game 813 (cand-d785b89 vs ref-08461e0): 1-0 {White wins by adjudication}
Started game 827 of 40000 (cand-d785b89 vs ref-08461e0)
Finished game 815 (cand-d785b89 vs ref-08461e0): 1-0 {White wins by adjudication}
Started game 828 of 40000 (ref-08461e0 vs cand-d785b89)
Finished game 816 (ref-08461e0 vs cand-d785b89): 1/2-1/2 {Draw by 3-fold repetition}
Started game 829 of 40000 (cand-d785b89 vs ref-08461e0)
Finished game 822 (ref-08461e0 vs cand-d785b89): 0-1 {Black wins by adjudication}
Started game 830 of 40000 (ref-08461e0 vs cand-d785b89)
Finished game 818 (ref-08461e0 vs cand-d785b89): 1/2-1/2 {Draw by adjudication}
Started game 831 of 40000 (cand-d785b89 vs ref-08461e0)
Finished game 820 (ref-08461e0 vs cand-d785b89): 0-1 {Black wins by adjudication}
Started game 832 of 40000 (ref-08461e0 vs cand-d785b89)
Finished game 819 (cand-d785b89 vs ref-08461e0): 1-0 {White wins by adjudication}
--------------------------------------------------
Results of cand-d785b89 vs ref-08461e0 (8+0.08, 1t, 16MB, noob_3moves.epd):
Elo: 51.21 +/- 19.90, nElo: 62.15 +/- 23.78
LOS: 100.00 %, DrawRatio: 33.66 %, PairsRatio: 1.69
Games: 820, Wins: 336, Losses: 216, Draws: 268, Points: 470.0 (57.32 %)
Ptnml(0-2): [27, 74, 138, 94, 77], WL/DD Ratio: 1.76
LLR: 1.98 (67.3%) (-2.94, 2.94) [0.00, 5.00]
--------------------------------------------------
Started game 833 of 40000 (cand-d785b89 vs ref-08461e0)
Finished game 821 (cand-d785b89 vs ref-08461e0): 0-1 {Black wins by adjudication}
Started game 834 of 40000 (ref-08461e0 vs cand-d785b89)
Finished game 823 (cand-d785b89 vs ref-08461e0): 1/2-1/2 {Draw by 3-fold repetition}
Started game 835 of 40000 (cand-d785b89 vs ref-08461e0)
Finished game 829 (cand-d785b89 vs ref-08461e0): 1-0 {White mates}
Started game 836 of 40000 (ref-08461e0 vs cand-d785b89)
Finished game 825 (cand-d785b89 vs ref-08461e0): 0-1 {Black wins by adjudication}
Started game 837 of 40000 (cand-d785b89 vs ref-08461e0)
Finished game 826 (ref-08461e0 vs cand-d785b89): 1/2-1/2 {Draw by 3-fold repetition}
Started game 838 of 40000 (ref-08461e0 vs cand-d785b89)
Finished game 830 (ref-08461e0 vs cand-d785b89): 0-1 {Black wins by adjudication}
Started game 839 of 40000 (cand-d785b89 vs ref-08461e0)
Finished game 827 (cand-d785b89 vs ref-08461e0): 0-1 {Black wins by adjudication}
Started game 840 of 40000 (ref-08461e0 vs cand-d785b89)
Finished game 824 (ref-08461e0 vs cand-d785b89): 0-1 {Black wins by adjudication}
Started game 841 of 40000 (cand-d785b89 vs ref-08461e0)
Finished game 828 (ref-08461e0 vs cand-d785b89): 0-1 {Black wins by adjudication}
Started game 842 of 40000 (ref-08461e0 vs cand-d785b89)
Finished game 831 (cand-d785b89 vs ref-08461e0): 1/2-1/2 {Draw by insufficient mating material}
Started game 843 of 40000 (cand-d785b89 vs ref-08461e0)
Finished game 832 (ref-08461e0 vs cand-d785b89): 0-1 {Black wins by adjudication}
Started game 844 of 40000 (ref-08461e0 vs cand-d785b89)
Finished game 837 (cand-d785b89 vs ref-08461e0): 1-0 {White wins by adjudication}
Started game 845 of 40000 (cand-d785b89 vs ref-08461e0)
Finished game 835 (cand-d785b89 vs ref-08461e0): 1-0 {White wins by adjudication}
Started game 846 of 40000 (ref-08461e0 vs cand-d785b89)
Finished game 834 (ref-08461e0 vs cand-d785b89): 1-0 {White wins by adjudication}
Started game 847 of 40000 (cand-d785b89 vs ref-08461e0)
Finished game 838 (ref-08461e0 vs cand-d785b89): 0-1 {Black wins by adjudication}
Started game 848 of 40000 (ref-08461e0 vs cand-d785b89)
Finished game 833 (cand-d785b89 vs ref-08461e0): 0-1 {Black wins by adjudication}
Started game 849 of 40000 (cand-d785b89 vs ref-08461e0)
Finished game 836 (ref-08461e0 vs cand-d785b89): 0-1 {Black wins by adjudication}
Started game 850 of 40000 (ref-08461e0 vs cand-d785b89)
Finished game 839 (cand-d785b89 vs ref-08461e0): 0-1 {Black wins by adjudication}
Started game 851 of 40000 (cand-d785b89 vs ref-08461e0)
Finished game 845 (cand-d785b89 vs ref-08461e0): 1-0 {White wins by adjudication}
Started game 852 of 40000 (ref-08461e0 vs cand-d785b89)
Finished game 840 (ref-08461e0 vs cand-d785b89): 1/2-1/2 {Draw by insufficient mating material}
--------------------------------------------------
Results of cand-d785b89 vs ref-08461e0 (8+0.08, 1t, 16MB, noob_3moves.epd):
Elo: 51.67 +/- 19.76, nElo: 62.40 +/- 23.50
LOS: 100.00 %, DrawRatio: 33.33 %, PairsRatio: 1.69
Games: 840, Wins: 346, Losses: 222, Draws: 272, Points: 482.0 (57.38 %)
Ptnml(0-2): [28, 76, 140, 96, 80], WL/DD Ratio: 1.80
LLR: 2.04 (69.2%) (-2.94, 2.94) [0.00, 5.00]
--------------------------------------------------
Started game 853 of 40000 (cand-d785b89 vs ref-08461e0)
Finished game 844 (ref-08461e0 vs cand-d785b89): 0-1 {Black wins by adjudication}
Started game 854 of 40000 (ref-08461e0 vs cand-d785b89)
Finished game 841 (cand-d785b89 vs ref-08461e0): 1/2-1/2 {Draw by insufficient mating material}
Started game 855 of 40000 (cand-d785b89 vs ref-08461e0)
Finished game 846 (ref-08461e0 vs cand-d785b89): 0-1 {Black wins by adjudication}
Started game 856 of 40000 (ref-08461e0 vs cand-d785b89)
Finished game 849 (cand-d785b89 vs ref-08461e0): 1-0 {White wins by adjudication}
Started game 857 of 40000 (cand-d785b89 vs ref-08461e0)
Finished game 847 (cand-d785b89 vs ref-08461e0): 1-0 {White wins by adjudication}
Started game 858 of 40000 (ref-08461e0 vs cand-d785b89)
Finished game 843 (cand-d785b89 vs ref-08461e0): 1/2-1/2 {Draw by adjudication}
Started game 859 of 40000 (cand-d785b89 vs ref-08461e0)
Finished game 852 (ref-08461e0 vs cand-d785b89): 1-0 {White wins by adjudication}
Started game 860 of 40000 (ref-08461e0 vs cand-d785b89)
Finished game 851 (cand-d785b89 vs ref-08461e0): 1/2-1/2 {Draw by insufficient mating material}
Started game 861 of 40000 (cand-d785b89 vs ref-08461e0)
Finished game 848 (ref-08461e0 vs cand-d785b89): 1-0 {White wins by adjudication}
Started game 862 of 40000 (ref-08461e0 vs cand-d785b89)
Finished game 850 (ref-08461e0 vs cand-d785b89): 0-1 {Black wins by adjudication}
Started game 863 of 40000 (cand-d785b89 vs ref-08461e0)
Finished game 842 (ref-08461e0 vs cand-d785b89): 1/2-1/2 {Draw by insufficient mating material}
Started game 864 of 40000 (ref-08461e0 vs cand-d785b89)
Finished game 854 (ref-08461e0 vs cand-d785b89): 0-1 {Black wins by adjudication}
Started game 865 of 40000 (cand-d785b89 vs ref-08461e0)
Finished game 856 (ref-08461e0 vs cand-d785b89): 0-1 {Black wins by adjudication}
Started game 866 of 40000 (ref-08461e0 vs cand-d785b89)
Finished game 857 (cand-d785b89 vs ref-08461e0): 1-0 {White wins by adjudication}
Started game 867 of 40000 (cand-d785b89 vs ref-08461e0)
Finished game 855 (cand-d785b89 vs ref-08461e0): 0-1 {Black wins by adjudication}
Started game 868 of 40000 (ref-08461e0 vs cand-d785b89)
Finished game 853 (cand-d785b89 vs ref-08461e0): 1/2-1/2 {Draw by 3-fold repetition}
Started game 869 of 40000 (cand-d785b89 vs ref-08461e0)
Finished game 861 (cand-d785b89 vs ref-08461e0): 0-1 {Black wins by adjudication}
Started game 870 of 40000 (ref-08461e0 vs cand-d785b89)
Finished game 862 (ref-08461e0 vs cand-d785b89): 1-0 {White wins by adjudication}
Started game 871 of 40000 (cand-d785b89 vs ref-08461e0)
Finished game 865 (cand-d785b89 vs ref-08461e0): 1-0 {White wins by adjudication}
Started game 872 of 40000 (ref-08461e0 vs cand-d785b89)
Finished game 858 (ref-08461e0 vs cand-d785b89): 0-1 {Black wins by adjudication}
Started game 873 of 40000 (cand-d785b89 vs ref-08461e0)
Finished game 860 (ref-08461e0 vs cand-d785b89): 0-1 {Black wins by adjudication}
Started game 874 of 40000 (ref-08461e0 vs cand-d785b89)
Finished game 868 (ref-08461e0 vs cand-d785b89): 1-0 {White wins by adjudication}
Started game 875 of 40000 (cand-d785b89 vs ref-08461e0)
Finished game 863 (cand-d785b89 vs ref-08461e0): 1/2-1/2 {Draw by adjudication}
Started game 876 of 40000 (ref-08461e0 vs cand-d785b89)
Finished game 866 (ref-08461e0 vs cand-d785b89): 0-1 {Black wins by adjudication}
Started game 877 of 40000 (cand-d785b89 vs ref-08461e0)
Finished game 859 (cand-d785b89 vs ref-08461e0): 1/2-1/2 {Draw by adjudication}
--------------------------------------------------
Results of cand-d785b89 vs ref-08461e0 (8+0.08, 1t, 16MB, noob_3moves.epd):
Elo: 53.50 +/- 19.58, nElo: 64.36 +/- 23.17
LOS: 100.00 %, DrawRatio: 33.10 %, PairsRatio: 1.73
Games: 864, Wins: 359, Losses: 227, Draws: 278, Points: 498.0 (57.64 %)
Ptnml(0-2): [29, 77, 143, 99, 84], WL/DD Ratio: 1.80
LLR: 2.16 (73.3%) (-2.94, 2.94) [0.00, 5.00]
--------------------------------------------------
Started game 878 of 40000 (ref-08461e0 vs cand-d785b89)
Finished game 864 (ref-08461e0 vs cand-d785b89): 0-1 {Black wins by adjudication}
Started game 879 of 40000 (cand-d785b89 vs ref-08461e0)
Finished game 871 (cand-d785b89 vs ref-08461e0): 1/2-1/2 {Draw by 3-fold repetition}
Started game 880 of 40000 (ref-08461e0 vs cand-d785b89)
Finished game 875 (cand-d785b89 vs ref-08461e0): 1-0 {White wins by adjudication}
Started game 881 of 40000 (cand-d785b89 vs ref-08461e0)
Finished game 867 (cand-d785b89 vs ref-08461e0): 1-0 {White wins by adjudication}
Started game 882 of 40000 (ref-08461e0 vs cand-d785b89)
Finished game 874 (ref-08461e0 vs cand-d785b89): 0-1 {Black wins by adjudication}
Started game 883 of 40000 (cand-d785b89 vs ref-08461e0)
Finished game 877 (cand-d785b89 vs ref-08461e0): 0-1 {Black wins by adjudication}
Started game 884 of 40000 (ref-08461e0 vs cand-d785b89)
Finished game 869 (cand-d785b89 vs ref-08461e0): 1/2-1/2 {Draw by insufficient mating material}
Started game 885 of 40000 (cand-d785b89 vs ref-08461e0)
Finished game 873 (cand-d785b89 vs ref-08461e0): 1-0 {White wins by adjudication}
Started game 886 of 40000 (ref-08461e0 vs cand-d785b89)
Finished game 879 (cand-d785b89 vs ref-08461e0): 1-0 {White wins by adjudication}
Started game 887 of 40000 (cand-d785b89 vs ref-08461e0)
Finished game 878 (ref-08461e0 vs cand-d785b89): 0-1 {Black wins by adjudication}
Started game 888 of 40000 (ref-08461e0 vs cand-d785b89)
Finished game 876 (ref-08461e0 vs cand-d785b89): 0-1 {Black wins by adjudication}
Started game 889 of 40000 (cand-d785b89 vs ref-08461e0)
Finished game 872 (ref-08461e0 vs cand-d785b89): 1/2-1/2 {Draw by insufficient mating material}
Started game 890 of 40000 (ref-08461e0 vs cand-d785b89)
Finished game 880 (ref-08461e0 vs cand-d785b89): 0-1 {Black wins by adjudication}
--------------------------------------------------
Results of cand-d785b89 vs ref-08461e0 (8+0.08, 1t, 16MB, noob_3moves.epd):
Elo: 55.47 +/- 19.46, nElo: 66.71 +/- 22.98
LOS: 100.00 %, DrawRatio: 33.26 %, PairsRatio: 1.76
Games: 878, Wins: 368, Losses: 229, Draws: 281, Points: 508.5 (57.92 %)
Ptnml(0-2): [29, 77, 146, 100, 87], WL/DD Ratio: 1.81
LLR: 2.27 (77.2%) (-2.94, 2.94) [0.00, 5.00]
--------------------------------------------------
Started game 891 of 40000 (cand-d785b89 vs ref-08461e0)
Finished game 882 (ref-08461e0 vs cand-d785b89): 1-0 {White wins by adjudication}
Started game 892 of 40000 (ref-08461e0 vs cand-d785b89)
Finished game 870 (ref-08461e0 vs cand-d785b89): 1/2-1/2 {Draw by fifty moves rule}
Started game 893 of 40000 (cand-d785b89 vs ref-08461e0)
Finished game 881 (cand-d785b89 vs ref-08461e0): 1-0 {White wins by adjudication}
Started game 894 of 40000 (ref-08461e0 vs cand-d785b89)
Finished game 886 (ref-08461e0 vs cand-d785b89): 1/2-1/2 {Draw by 3-fold repetition}
Started game 895 of 40000 (cand-d785b89 vs ref-08461e0)
Finished game 888 (ref-08461e0 vs cand-d785b89): 1/2-1/2 {Draw by 3-fold repetition}
Started game 896 of 40000 (ref-08461e0 vs cand-d785b89)
Finished game 884 (ref-08461e0 vs cand-d785b89): 1-0 {White wins by adjudication}
Started game 897 of 40000 (cand-d785b89 vs ref-08461e0)
Finished game 883 (cand-d785b89 vs ref-08461e0): 1/2-1/2 {Draw by insufficient mating material}
Started game 898 of 40000 (ref-08461e0 vs cand-d785b89)
Finished game 885 (cand-d785b89 vs ref-08461e0): 1-0 {White wins by adjudication}
Started game 899 of 40000 (cand-d785b89 vs ref-08461e0)
Finished game 889 (cand-d785b89 vs ref-08461e0): 0-1 {Black wins by adjudication}
Started game 900 of 40000 (ref-08461e0 vs cand-d785b89)
Finished game 890 (ref-08461e0 vs cand-d785b89): 0-1 {Black wins by adjudication}
Started game 901 of 40000 (cand-d785b89 vs ref-08461e0)
Finished game 887 (cand-d785b89 vs ref-08461e0): 0-1 {Black wins by adjudication}
Started game 902 of 40000 (ref-08461e0 vs cand-d785b89)
Finished game 893 (cand-d785b89 vs ref-08461e0): 1-0 {White wins by adjudication}
Started game 903 of 40000 (cand-d785b89 vs ref-08461e0)
Finished game 891 (cand-d785b89 vs ref-08461e0): 1-0 {White wins by adjudication}
Started game 904 of 40000 (ref-08461e0 vs cand-d785b89)
Finished game 902 (ref-08461e0 vs cand-d785b89): 0-1 {Black wins by adjudication}
Started game 905 of 40000 (cand-d785b89 vs ref-08461e0)
Finished game 892 (ref-08461e0 vs cand-d785b89): 1/2-1/2 {Draw by 3-fold repetition}
Started game 906 of 40000 (ref-08461e0 vs cand-d785b89)
Finished game 898 (ref-08461e0 vs cand-d785b89): 0-1 {Black wins by adjudication}
Started game 907 of 40000 (cand-d785b89 vs ref-08461e0)
Finished game 894 (ref-08461e0 vs cand-d785b89): 1/2-1/2 {Draw by insufficient mating material}
Started game 908 of 40000 (ref-08461e0 vs cand-d785b89)
Finished game 899 (cand-d785b89 vs ref-08461e0): 1/2-1/2 {Draw by 3-fold repetition}
Started game 909 of 40000 (cand-d785b89 vs ref-08461e0)
Finished game 897 (cand-d785b89 vs ref-08461e0): 0-1 {Black wins by adjudication}
Started game 910 of 40000 (ref-08461e0 vs cand-d785b89)
Finished game 895 (cand-d785b89 vs ref-08461e0): 0-1 {Black wins by adjudication}
Started game 911 of 40000 (cand-d785b89 vs ref-08461e0)
Finished game 896 (ref-08461e0 vs cand-d785b89): 0-1 {Black wins by adjudication}
Started game 912 of 40000 (ref-08461e0 vs cand-d785b89)
Finished game 900 (ref-08461e0 vs cand-d785b89): 1/2-1/2 {Draw by 3-fold repetition}
--------------------------------------------------
Results of cand-d785b89 vs ref-08461e0 (8+0.08, 1t, 16MB, noob_3moves.epd):
Elo: 54.49 +/- 19.05, nElo: 66.06 +/- 22.70
LOS: 100.00 %, DrawRatio: 33.78 %, PairsRatio: 1.76
Games: 900, Wins: 375, Losses: 235, Draws: 290, Points: 520.0 (57.78 %)
Ptnml(0-2): [29, 79, 152, 103, 87], WL/DD Ratio: 1.81
LLR: 2.31 (78.4%) (-2.94, 2.94) [0.00, 5.00]
--------------------------------------------------
Started game 913 of 40000 (cand-d785b89 vs ref-08461e0)
Finished game 901 (cand-d785b89 vs ref-08461e0): 1-0 {White wins by adjudication}
Started game 914 of 40000 (ref-08461e0 vs cand-d785b89)
Finished game 906 (ref-08461e0 vs cand-d785b89): 0-1 {Black wins by adjudication}
Started game 915 of 40000 (cand-d785b89 vs ref-08461e0)
Finished game 905 (cand-d785b89 vs ref-08461e0): 1-0 {White wins by adjudication}
Started game 916 of 40000 (ref-08461e0 vs cand-d785b89)
Finished game 903 (cand-d785b89 vs ref-08461e0): 1-0 {White wins by adjudication}
Started game 917 of 40000 (cand-d785b89 vs ref-08461e0)
Finished game 907 (cand-d785b89 vs ref-08461e0): 1/2-1/2 {Draw by insufficient mating material}
Started game 918 of 40000 (ref-08461e0 vs cand-d785b89)
Finished game 910 (ref-08461e0 vs cand-d785b89): 0-1 {Black wins by adjudication}
Started game 919 of 40000 (cand-d785b89 vs ref-08461e0)
Finished game 908 (ref-08461e0 vs cand-d785b89): 1-0 {White wins by adjudication}
Started game 920 of 40000 (ref-08461e0 vs cand-d785b89)
Finished game 909 (cand-d785b89 vs ref-08461e0): 1/2-1/2 {Draw by 3-fold repetition}
Started game 921 of 40000 (cand-d785b89 vs ref-08461e0)
Finished game 904 (ref-08461e0 vs cand-d785b89): 1/2-1/2 {Draw by 3-fold repetition}
Started game 922 of 40000 (ref-08461e0 vs cand-d785b89)
Finished game 911 (cand-d785b89 vs ref-08461e0): 0-1 {Black wins by adjudication}
Started game 923 of 40000 (cand-d785b89 vs ref-08461e0)
Finished game 915 (cand-d785b89 vs ref-08461e0): 1/2-1/2 {Draw by 3-fold repetition}
Started game 924 of 40000 (ref-08461e0 vs cand-d785b89)
Finished game 913 (cand-d785b89 vs ref-08461e0): 1-0 {White wins by adjudication}
Started game 925 of 40000 (cand-d785b89 vs ref-08461e0)
Finished game 912 (ref-08461e0 vs cand-d785b89): 0-1 {Black wins by adjudication}
Started game 926 of 40000 (ref-08461e0 vs cand-d785b89)
Finished game 917 (cand-d785b89 vs ref-08461e0): 0-1 {Black wins by adjudication}
Started game 927 of 40000 (cand-d785b89 vs ref-08461e0)
Finished game 916 (ref-08461e0 vs cand-d785b89): 1-0 {White wins by adjudication}
Started game 928 of 40000 (ref-08461e0 vs cand-d785b89)
Finished game 921 (cand-d785b89 vs ref-08461e0): 0-1 {Black wins by adjudication}
Started game 929 of 40000 (cand-d785b89 vs ref-08461e0)
Finished game 918 (ref-08461e0 vs cand-d785b89): 1/2-1/2 {Draw by 3-fold repetition}
Started game 930 of 40000 (ref-08461e0 vs cand-d785b89)
Finished game 920 (ref-08461e0 vs cand-d785b89): 0-1 {Black wins by adjudication}
Started game 931 of 40000 (cand-d785b89 vs ref-08461e0)
Finished game 914 (ref-08461e0 vs cand-d785b89): 1/2-1/2 {Draw by adjudication}
Started game 932 of 40000 (ref-08461e0 vs cand-d785b89)
Finished game 919 (cand-d785b89 vs ref-08461e0): 1/2-1/2 {Draw by adjudication}
--------------------------------------------------
Results of cand-d785b89 vs ref-08461e0 (8+0.08, 1t, 16MB, noob_3moves.epd):
Elo: 55.22 +/- 18.85, nElo: 66.96 +/- 22.45
LOS: 100.00 %, DrawRatio: 33.26 %, PairsRatio: 1.77
Games: 920, Wins: 384, Losses: 239, Draws: 297, Points: 532.5 (57.88 %)
Ptnml(0-2): [29, 82, 153, 107, 89], WL/DD Ratio: 1.83
LLR: 2.39 (81.2%) (-2.94, 2.94) [0.00, 5.00]
--------------------------------------------------
Started game 933 of 40000 (cand-d785b89 vs ref-08461e0)
Finished game 922 (ref-08461e0 vs cand-d785b89): 1-0 {White wins by adjudication}
Started game 934 of 40000 (ref-08461e0 vs cand-d785b89)
Finished game 924 (ref-08461e0 vs cand-d785b89): 0-1 {Black wins by adjudication}
Started game 935 of 40000 (cand-d785b89 vs ref-08461e0)
Finished game 925 (cand-d785b89 vs ref-08461e0): 1-0 {White wins by adjudication}
Started game 936 of 40000 (ref-08461e0 vs cand-d785b89)
Finished game 928 (ref-08461e0 vs cand-d785b89): 1/2-1/2 {Draw by 3-fold repetition}
Started game 937 of 40000 (cand-d785b89 vs ref-08461e0)
Finished game 923 (cand-d785b89 vs ref-08461e0): 1-0 {White wins by adjudication}
Started game 938 of 40000 (ref-08461e0 vs cand-d785b89)
Finished game 927 (cand-d785b89 vs ref-08461e0): 1/2-1/2 {Draw by adjudication}
Started game 939 of 40000 (cand-d785b89 vs ref-08461e0)
Finished game 926 (ref-08461e0 vs cand-d785b89): 1/2-1/2 {Draw by insufficient mating material}
Started game 940 of 40000 (ref-08461e0 vs cand-d785b89)
Finished game 930 (ref-08461e0 vs cand-d785b89): 0-1 {Black wins by adjudication}
Started game 941 of 40000 (cand-d785b89 vs ref-08461e0)
Finished game 929 (cand-d785b89 vs ref-08461e0): 1/2-1/2 {Draw by adjudication}
Started game 942 of 40000 (ref-08461e0 vs cand-d785b89)
Finished game 932 (ref-08461e0 vs cand-d785b89): 1-0 {White wins by adjudication}
Started game 943 of 40000 (cand-d785b89 vs ref-08461e0)
Finished game 934 (ref-08461e0 vs cand-d785b89): 1/2-1/2 {Draw by 3-fold repetition}
Started game 944 of 40000 (ref-08461e0 vs cand-d785b89)
Finished game 937 (cand-d785b89 vs ref-08461e0): 1/2-1/2 {Draw by 3-fold repetition}
Started game 945 of 40000 (cand-d785b89 vs ref-08461e0)
Finished game 935 (cand-d785b89 vs ref-08461e0): 0-1 {Black wins by adjudication}
Started game 946 of 40000 (ref-08461e0 vs cand-d785b89)
Finished game 931 (cand-d785b89 vs ref-08461e0): 0-1 {Black wins by adjudication}
Started game 947 of 40000 (cand-d785b89 vs ref-08461e0)
Finished game 933 (cand-d785b89 vs ref-08461e0): 0-1 {Black wins by adjudication}
Started game 948 of 40000 (ref-08461e0 vs cand-d785b89)
Finished game 936 (ref-08461e0 vs cand-d785b89): 1-0 {White wins by adjudication}
Started game 949 of 40000 (cand-d785b89 vs ref-08461e0)
Finished game 938 (ref-08461e0 vs cand-d785b89): 1/2-1/2 {Draw by insufficient mating material}
Started game 950 of 40000 (ref-08461e0 vs cand-d785b89)
Finished game 940 (ref-08461e0 vs cand-d785b89): 1/2-1/2 {Draw by 3-fold repetition}
Started game 951 of 40000 (cand-d785b89 vs ref-08461e0)
Finished game 942 (ref-08461e0 vs cand-d785b89): 0-1 {Black wins by adjudication}
Started game 952 of 40000 (ref-08461e0 vs cand-d785b89)
Finished game 941 (cand-d785b89 vs ref-08461e0): 1/2-1/2 {Draw by adjudication}
Started game 953 of 40000 (cand-d785b89 vs ref-08461e0)
Finished game 943 (cand-d785b89 vs ref-08461e0): 0-1 {Black wins by adjudication}
Started game 954 of 40000 (ref-08461e0 vs cand-d785b89)
Finished game 946 (ref-08461e0 vs cand-d785b89): 0-1 {Black wins by adjudication}
Started game 955 of 40000 (cand-d785b89 vs ref-08461e0)
Finished game 939 (cand-d785b89 vs ref-08461e0): 1-0 {White wins by adjudication}
--------------------------------------------------
Results of cand-d785b89 vs ref-08461e0 (8+0.08, 1t, 16MB, noob_3moves.epd):
Elo: 53.53 +/- 18.72, nElo: 64.54 +/- 22.19
LOS: 100.00 %, DrawRatio: 32.91 %, PairsRatio: 1.75
Games: 942, Wins: 390, Losses: 246, Draws: 306, Points: 543.0 (57.64 %)
Ptnml(0-2): [32, 83, 155, 111, 90], WL/DD Ratio: 1.77
LLR: 2.36 (80.0%) (-2.94, 2.94) [0.00, 5.00]
--------------------------------------------------
Started game 956 of 40000 (ref-08461e0 vs cand-d785b89)
Finished game 947 (cand-d785b89 vs ref-08461e0): 1-0 {White wins by adjudication}
Started game 957 of 40000 (cand-d785b89 vs ref-08461e0)
Finished game 944 (ref-08461e0 vs cand-d785b89): 1/2-1/2 {Draw by insufficient mating material}
Started game 958 of 40000 (ref-08461e0 vs cand-d785b89)
Finished game 945 (cand-d785b89 vs ref-08461e0): 1/2-1/2 {Draw by adjudication}
Started game 959 of 40000 (cand-d785b89 vs ref-08461e0)
Finished game 950 (ref-08461e0 vs cand-d785b89): 1-0 {White wins by adjudication}
Started game 960 of 40000 (ref-08461e0 vs cand-d785b89)
Finished game 949 (cand-d785b89 vs ref-08461e0): 1-0 {White wins by adjudication}
Started game 961 of 40000 (cand-d785b89 vs ref-08461e0)
Finished game 951 (cand-d785b89 vs ref-08461e0): 0-1 {Black wins by adjudication}
Started game 962 of 40000 (ref-08461e0 vs cand-d785b89)
Finished game 952 (ref-08461e0 vs cand-d785b89): 0-1 {Black wins by adjudication}
Started game 963 of 40000 (cand-d785b89 vs ref-08461e0)
Finished game 948 (ref-08461e0 vs cand-d785b89): 1/2-1/2 {Draw by adjudication}
Started game 964 of 40000 (ref-08461e0 vs cand-d785b89)
Finished game 957 (cand-d785b89 vs ref-08461e0): 1/2-1/2 {Draw by 3-fold repetition}
Started game 965 of 40000 (cand-d785b89 vs ref-08461e0)
Finished game 960 (ref-08461e0 vs cand-d785b89): 1/2-1/2 {Draw by 3-fold repetition}
Started game 966 of 40000 (ref-08461e0 vs cand-d785b89)
Finished game 956 (ref-08461e0 vs cand-d785b89): 1/2-1/2 {Draw by adjudication}
Started game 967 of 40000 (cand-d785b89 vs ref-08461e0)
Finished game 961 (cand-d785b89 vs ref-08461e0): 1-0 {White wins by adjudication}
Started game 968 of 40000 (ref-08461e0 vs cand-d785b89)
Finished game 954 (ref-08461e0 vs cand-d785b89): 1/2-1/2 {Draw by adjudication}
Started game 969 of 40000 (cand-d785b89 vs ref-08461e0)
Finished game 965 (cand-d785b89 vs ref-08461e0): 1-0 {White wins by adjudication}
Started game 970 of 40000 (ref-08461e0 vs cand-d785b89)
Finished game 963 (cand-d785b89 vs ref-08461e0): 1-0 {White wins by adjudication}
Started game 971 of 40000 (cand-d785b89 vs ref-08461e0)
Finished game 953 (cand-d785b89 vs ref-08461e0): 1/2-1/2 {Draw by fifty moves rule}
Started game 972 of 40000 (ref-08461e0 vs cand-d785b89)
Finished game 955 (cand-d785b89 vs ref-08461e0): 1/2-1/2 {Draw by 3-fold repetition}
Started game 973 of 40000 (cand-d785b89 vs ref-08461e0)
Finished game 962 (ref-08461e0 vs cand-d785b89): 0-1 {Black wins by adjudication}
Started game 974 of 40000 (ref-08461e0 vs cand-d785b89)
Finished game 966 (ref-08461e0 vs cand-d785b89): 1-0 {White wins by adjudication}
Started game 975 of 40000 (cand-d785b89 vs ref-08461e0)
Finished game 959 (cand-d785b89 vs ref-08461e0): 1/2-1/2 {Draw by adjudication}
--------------------------------------------------
Results of cand-d785b89 vs ref-08461e0 (8+0.08, 1t, 16MB, noob_3moves.epd):
Elo: 53.51 +/- 18.41, nElo: 64.88 +/- 21.96
LOS: 100.00 %, DrawRatio: 33.47 %, PairsRatio: 1.76
Games: 962, Wins: 397, Losses: 250, Draws: 315, Points: 554.5 (57.64 %)
Ptnml(0-2): [32, 84, 161, 113, 91], WL/DD Ratio: 1.73
LLR: 2.42 (82.2%) (-2.94, 2.94) [0.00, 5.00]
--------------------------------------------------
Started game 976 of 40000 (ref-08461e0 vs cand-d785b89)
Finished game 968 (ref-08461e0 vs cand-d785b89): 1-0 {White wins by adjudication}
Started game 977 of 40000 (cand-d785b89 vs ref-08461e0)
Finished game 958 (ref-08461e0 vs cand-d785b89): 1/2-1/2 {Draw by adjudication}
Started game 978 of 40000 (ref-08461e0 vs cand-d785b89)
Finished game 964 (ref-08461e0 vs cand-d785b89): 0-1 {Black wins by adjudication}
Started game 979 of 40000 (cand-d785b89 vs ref-08461e0)
Finished game 967 (cand-d785b89 vs ref-08461e0): 1-0 {White wins by adjudication}
Started game 980 of 40000 (ref-08461e0 vs cand-d785b89)
Finished game 970 (ref-08461e0 vs cand-d785b89): 0-1 {Black wins by adjudication}
Started game 981 of 40000 (cand-d785b89 vs ref-08461e0)
Finished game 971 (cand-d785b89 vs ref-08461e0): 1-0 {White wins by adjudication}
Started game 982 of 40000 (ref-08461e0 vs cand-d785b89)
Finished game 969 (cand-d785b89 vs ref-08461e0): 1/2-1/2 {Draw by insufficient mating material}
Started game 983 of 40000 (cand-d785b89 vs ref-08461e0)
Finished game 972 (ref-08461e0 vs cand-d785b89): 1-0 {White wins by adjudication}
Started game 984 of 40000 (ref-08461e0 vs cand-d785b89)
Finished game 974 (ref-08461e0 vs cand-d785b89): 1/2-1/2 {Draw by adjudication}
Started game 985 of 40000 (cand-d785b89 vs ref-08461e0)
Finished game 973 (cand-d785b89 vs ref-08461e0): 1/2-1/2 {Draw by 3-fold repetition}
Started game 986 of 40000 (ref-08461e0 vs cand-d785b89)
Finished game 976 (ref-08461e0 vs cand-d785b89): 0-1 {Black wins by adjudication}
Started game 987 of 40000 (cand-d785b89 vs ref-08461e0)
Finished game 975 (cand-d785b89 vs ref-08461e0): 1-0 {White wins by adjudication}
Started game 988 of 40000 (ref-08461e0 vs cand-d785b89)
Finished game 979 (cand-d785b89 vs ref-08461e0): 1-0 {White wins by adjudication}
Started game 989 of 40000 (cand-d785b89 vs ref-08461e0)
Finished game 980 (ref-08461e0 vs cand-d785b89): 1-0 {White wins by adjudication}
--------------------------------------------------
Results of cand-d785b89 vs ref-08461e0 (8+0.08, 1t, 16MB, noob_3moves.epd):
Elo: 54.44 +/- 18.22, nElo: 66.20 +/- 21.77
LOS: 100.00 %, DrawRatio: 33.95 %, PairsRatio: 1.78
Games: 978, Wins: 405, Losses: 253, Draws: 320, Points: 565.0 (57.77 %)
Ptnml(0-2): [32, 84, 166, 114, 93], WL/DD Ratio: 1.72
LLR: 2.51 (85.2%) (-2.94, 2.94) [0.00, 5.00]
--------------------------------------------------
Started game 990 of 40000 (ref-08461e0 vs cand-d785b89)
Finished game 978 (ref-08461e0 vs cand-d785b89): 1/2-1/2 {Draw by 3-fold repetition}
Started game 991 of 40000 (cand-d785b89 vs ref-08461e0)
Finished game 977 (cand-d785b89 vs ref-08461e0): 1-0 {White wins by adjudication}
Started game 992 of 40000 (ref-08461e0 vs cand-d785b89)
Finished game 985 (cand-d785b89 vs ref-08461e0): 1-0 {White wins by adjudication}
Started game 993 of 40000 (cand-d785b89 vs ref-08461e0)
Finished game 982 (ref-08461e0 vs cand-d785b89): 0-1 {Black wins by adjudication}
Started game 994 of 40000 (ref-08461e0 vs cand-d785b89)
Finished game 989 (cand-d785b89 vs ref-08461e0): 1-0 {White wins by adjudication}
Started game 995 of 40000 (cand-d785b89 vs ref-08461e0)
Finished game 981 (cand-d785b89 vs ref-08461e0): 1-0 {White wins by adjudication}
Started game 996 of 40000 (ref-08461e0 vs cand-d785b89)
Finished game 983 (cand-d785b89 vs ref-08461e0): 1-0 {White wins by adjudication}
Started game 997 of 40000 (cand-d785b89 vs ref-08461e0)
Finished game 988 (ref-08461e0 vs cand-d785b89): 1-0 {White wins by adjudication}
Started game 998 of 40000 (ref-08461e0 vs cand-d785b89)
Finished game 992 (ref-08461e0 vs cand-d785b89): 1-0 {White wins by adjudication}
Started game 999 of 40000 (cand-d785b89 vs ref-08461e0)
Finished game 990 (ref-08461e0 vs cand-d785b89): 0-1 {Black wins by adjudication}
Started game 1000 of 40000 (ref-08461e0 vs cand-d785b89)
Finished game 987 (cand-d785b89 vs ref-08461e0): 1-0 {White wins by adjudication}
Started game 1001 of 40000 (cand-d785b89 vs ref-08461e0)
Finished game 993 (cand-d785b89 vs ref-08461e0): 1-0 {White wins by adjudication}
Started game 1002 of 40000 (ref-08461e0 vs cand-d785b89)
Finished game 984 (ref-08461e0 vs cand-d785b89): 1/2-1/2 {Draw by 3-fold repetition}
Started game 1003 of 40000 (cand-d785b89 vs ref-08461e0)
Finished game 994 (ref-08461e0 vs cand-d785b89): 0-1 {Black wins by adjudication}
Started game 1004 of 40000 (ref-08461e0 vs cand-d785b89)
Finished game 996 (ref-08461e0 vs cand-d785b89): 1-0 {White wins by adjudication}
Started game 1005 of 40000 (cand-d785b89 vs ref-08461e0)
Finished game 991 (cand-d785b89 vs ref-08461e0): 1/2-1/2 {Draw by insufficient mating material}
Started game 1006 of 40000 (ref-08461e0 vs cand-d785b89)
Finished game 995 (cand-d785b89 vs ref-08461e0): 1-0 {White wins by adjudication}
Started game 1007 of 40000 (cand-d785b89 vs ref-08461e0)
Finished game 1000 (ref-08461e0 vs cand-d785b89): 1/2-1/2 {Draw by 3-fold repetition}
Started game 1008 of 40000 (ref-08461e0 vs cand-d785b89)
Finished game 986 (ref-08461e0 vs cand-d785b89): 1/2-1/2 {Draw by adjudication}
Started game 1009 of 40000 (cand-d785b89 vs ref-08461e0)
Finished game 998 (ref-08461e0 vs cand-d785b89): 1-0 {White wins by adjudication}
Started game 1010 of 40000 (ref-08461e0 vs cand-d785b89)
Finished game 997 (cand-d785b89 vs ref-08461e0): 1-0 {White wins by adjudication}
Started game 1011 of 40000 (cand-d785b89 vs ref-08461e0)
Finished game 1005 (cand-d785b89 vs ref-08461e0): 1/2-1/2 {Draw by 3-fold repetition}
Started game 1012 of 40000 (ref-08461e0 vs cand-d785b89)
Finished game 1002 (ref-08461e0 vs cand-d785b89): 1/2-1/2 {Draw by 3-fold repetition}
Started game 1013 of 40000 (cand-d785b89 vs ref-08461e0)
Finished game 999 (cand-d785b89 vs ref-08461e0): 1-0 {White wins by adjudication}
--------------------------------------------------
Results of cand-d785b89 vs ref-08461e0 (8+0.08, 1t, 16MB, noob_3moves.epd):
Elo: 56.43 +/- 18.02, nElo: 68.69 +/- 21.53
LOS: 100.00 %, DrawRatio: 33.80 %, PairsRatio: 1.83
Games: 1000, Wins: 418, Losses: 257, Draws: 325, Points: 580.5 (58.05 %)
Ptnml(0-2): [32, 85, 169, 118, 96], WL/DD Ratio: 1.77
LLR: 2.66 (90.3%) (-2.94, 2.94) [0.00, 5.00]
--------------------------------------------------
Started game 1014 of 40000 (ref-08461e0 vs cand-d785b89)
Finished game 1001 (cand-d785b89 vs ref-08461e0): 1-0 {White wins by adjudication}
Started game 1015 of 40000 (cand-d785b89 vs ref-08461e0)
Finished game 1003 (cand-d785b89 vs ref-08461e0): 0-1 {Black wins by adjudication}
Started game 1016 of 40000 (ref-08461e0 vs cand-d785b89)
Finished game 1004 (ref-08461e0 vs cand-d785b89): 0-1 {Black wins by adjudication}
Started game 1017 of 40000 (cand-d785b89 vs ref-08461e0)
Finished game 1007 (cand-d785b89 vs ref-08461e0): 1-0 {White wins by adjudication}
Started game 1018 of 40000 (ref-08461e0 vs cand-d785b89)
Finished game 1006 (ref-08461e0 vs cand-d785b89): 1/2-1/2 {Draw by adjudication}
Started game 1019 of 40000 (cand-d785b89 vs ref-08461e0)
Finished game 1014 (ref-08461e0 vs cand-d785b89): 0-1 {Black wins by adjudication}
Started game 1020 of 40000 (ref-08461e0 vs cand-d785b89)
Finished game 1010 (ref-08461e0 vs cand-d785b89): 1-0 {White wins by adjudication}
Started game 1021 of 40000 (cand-d785b89 vs ref-08461e0)
Finished game 1009 (cand-d785b89 vs ref-08461e0): 0-1 {Black wins by adjudication}
Started game 1022 of 40000 (ref-08461e0 vs cand-d785b89)
Finished game 1011 (cand-d785b89 vs ref-08461e0): 1/2-1/2 {Draw by 3-fold repetition}
Started game 1023 of 40000 (cand-d785b89 vs ref-08461e0)
Finished game 1018 (ref-08461e0 vs cand-d785b89): 1-0 {White wins by adjudication}
Started game 1024 of 40000 (ref-08461e0 vs cand-d785b89)
Finished game 1013 (cand-d785b89 vs ref-08461e0): 1/2-1/2 {Draw by adjudication}
Started game 1025 of 40000 (cand-d785b89 vs ref-08461e0)
Finished game 1015 (cand-d785b89 vs ref-08461e0): 1/2-1/2 {Draw by insufficient mating material}
Started game 1026 of 40000 (ref-08461e0 vs cand-d785b89)
Finished game 1012 (ref-08461e0 vs cand-d785b89): 1/2-1/2 {Draw by adjudication}
Started game 1027 of 40000 (cand-d785b89 vs ref-08461e0)
Finished game 1016 (ref-08461e0 vs cand-d785b89): 0-1 {Black wins by adjudication}
Started game 1028 of 40000 (ref-08461e0 vs cand-d785b89)
Finished game 1017 (cand-d785b89 vs ref-08461e0): 1/2-1/2 {Draw by adjudication}
Started game 1029 of 40000 (cand-d785b89 vs ref-08461e0)
Finished game 1008 (ref-08461e0 vs cand-d785b89): 1/2-1/2 {Draw by fifty moves rule}
Started game 1030 of 40000 (ref-08461e0 vs cand-d785b89)
Finished game 1020 (ref-08461e0 vs cand-d785b89): 1/2-1/2 {Draw by 3-fold repetition}
Started game 1031 of 40000 (cand-d785b89 vs ref-08461e0)
Finished game 1023 (cand-d785b89 vs ref-08461e0): 0-1 {Black wins by adjudication}
Started game 1032 of 40000 (ref-08461e0 vs cand-d785b89)
Finished game 1019 (cand-d785b89 vs ref-08461e0): 1-0 {White wins by adjudication}
--------------------------------------------------
Results of cand-d785b89 vs ref-08461e0 (8+0.08, 1t, 16MB, noob_3moves.epd):
Elo: 56.00 +/- 17.79, nElo: 68.36 +/- 21.32
LOS: 100.00 %, DrawRatio: 33.73 %, PairsRatio: 1.84
Games: 1020, Wins: 424, Losses: 261, Draws: 335, Points: 591.5 (57.99 %)
Ptnml(0-2): [33, 86, 172, 123, 96], WL/DD Ratio: 1.73
LLR: 2.69 (91.5%) (-2.94, 2.94) [0.00, 5.00]
--------------------------------------------------
Started game 1033 of 40000 (cand-d785b89 vs ref-08461e0)
Finished game 1024 (ref-08461e0 vs cand-d785b89): 1-0 {White wins by adjudication}
Started game 1034 of 40000 (ref-08461e0 vs cand-d785b89)
Finished game 1022 (ref-08461e0 vs cand-d785b89): 1-0 {White wins by adjudication}
Started game 1035 of 40000 (cand-d785b89 vs ref-08461e0)
Finished game 1021 (cand-d785b89 vs ref-08461e0): 0-1 {Black wins by adjudication}
Started game 1036 of 40000 (ref-08461e0 vs cand-d785b89)
Finished game 1026 (ref-08461e0 vs cand-d785b89): 1-0 {White wins by adjudication}
Started game 1037 of 40000 (cand-d785b89 vs ref-08461e0)
Finished game 1025 (cand-d785b89 vs ref-08461e0): 1-0 {White wins by adjudication}
Started game 1038 of 40000 (ref-08461e0 vs cand-d785b89)
Finished game 1030 (ref-08461e0 vs cand-d785b89): 0-1 {Black wins by adjudication}
Started game 1039 of 40000 (cand-d785b89 vs ref-08461e0)
Finished game 1035 (cand-d785b89 vs ref-08461e0): 1-0 {White wins by adjudication}
Started game 1040 of 40000 (ref-08461e0 vs cand-d785b89)
Finished game 1027 (cand-d785b89 vs ref-08461e0): 0-1 {Black wins by adjudication}
Started game 1041 of 40000 (cand-d785b89 vs ref-08461e0)
Finished game 1029 (cand-d785b89 vs ref-08461e0): 1/2-1/2 {Draw by insufficient mating material}
Started game 1042 of 40000 (ref-08461e0 vs cand-d785b89)
Finished game 1033 (cand-d785b89 vs ref-08461e0): 1-0 {White wins by adjudication}
Started game 1043 of 40000 (cand-d785b89 vs ref-08461e0)
Finished game 1032 (ref-08461e0 vs cand-d785b89): 1-0 {White wins by adjudication}
Started game 1044 of 40000 (ref-08461e0 vs cand-d785b89)
Finished game 1031 (cand-d785b89 vs ref-08461e0): 1/2-1/2 {Draw by adjudication}
Started game 1045 of 40000 (cand-d785b89 vs ref-08461e0)
Finished game 1036 (ref-08461e0 vs cand-d785b89): 1-0 {White wins by adjudication}
Started game 1046 of 40000 (ref-08461e0 vs cand-d785b89)
Finished game 1037 (cand-d785b89 vs ref-08461e0): 1/2-1/2 {Draw by 3-fold repetition}
Started game 1047 of 40000 (cand-d785b89 vs ref-08461e0)
Finished game 1034 (ref-08461e0 vs cand-d785b89): 1/2-1/2 {Draw by insufficient mating material}
Started game 1048 of 40000 (ref-08461e0 vs cand-d785b89)
Finished game 1039 (cand-d785b89 vs ref-08461e0): 0-1 {Black wins by adjudication}
Started game 1049 of 40000 (cand-d785b89 vs ref-08461e0)
Finished game 1044 (ref-08461e0 vs cand-d785b89): 1-0 {White wins by adjudication}
Started game 1050 of 40000 (ref-08461e0 vs cand-d785b89)
Finished game 1038 (ref-08461e0 vs cand-d785b89): 0-1 {Black wins by adjudication}
Started game 1051 of 40000 (cand-d785b89 vs ref-08461e0)
Finished game 1040 (ref-08461e0 vs cand-d785b89): 0-1 {Black wins by adjudication}
--------------------------------------------------
Results of cand-d785b89 vs ref-08461e0 (8+0.08, 1t, 16MB, noob_3moves.epd):
Elo: 54.33 +/- 17.64, nElo: 66.24 +/- 21.14
LOS: 100.00 %, DrawRatio: 33.72 %, PairsRatio: 1.82
Games: 1038, Wins: 430, Losses: 269, Draws: 339, Points: 599.5 (57.76 %)
Ptnml(0-2): [35, 87, 175, 126, 96], WL/DD Ratio: 1.78
LLR: 2.65 (90.2%) (-2.94, 2.94) [0.00, 5.00]
--------------------------------------------------
Started game 1052 of 40000 (ref-08461e0 vs cand-d785b89)
Finished game 1028 (ref-08461e0 vs cand-d785b89): 1/2-1/2 {Draw by fifty moves rule}
Started game 1053 of 40000 (cand-d785b89 vs ref-08461e0)
Finished game 1042 (ref-08461e0 vs cand-d785b89): 1-0 {White wins by adjudication}
Started game 1054 of 40000 (ref-08461e0 vs cand-d785b89)
Finished game 1047 (cand-d785b89 vs ref-08461e0): 1/2-1/2 {Draw by 3-fold repetition}
Started game 1055 of 40000 (cand-d785b89 vs ref-08461e0)
Finished game 1043 (cand-d785b89 vs ref-08461e0): 1-0 {White wins by adjudication}
Started game 1056 of 40000 (ref-08461e0 vs cand-d785b89)
Finished game 1048 (ref-08461e0 vs cand-d785b89): 0-1 {Black wins by adjudication}
Started game 1057 of 40000 (cand-d785b89 vs ref-08461e0)
Finished game 1045 (cand-d785b89 vs ref-08461e0): 1/2-1/2 {Draw by adjudication}
Started game 1058 of 40000 (ref-08461e0 vs cand-d785b89)
Finished game 1050 (ref-08461e0 vs cand-d785b89): 0-1 {Black wins by adjudication}
Started game 1059 of 40000 (cand-d785b89 vs ref-08461e0)
Finished game 1052 (ref-08461e0 vs cand-d785b89): 1/2-1/2 {Draw by 3-fold repetition}
Started game 1060 of 40000 (ref-08461e0 vs cand-d785b89)
Finished game 1049 (cand-d785b89 vs ref-08461e0): 1/2-1/2 {Draw by insufficient mating material}
Started game 1061 of 40000 (cand-d785b89 vs ref-08461e0)
Finished game 1053 (cand-d785b89 vs ref-08461e0): 0-1 {Black wins by adjudication}
Started game 1062 of 40000 (ref-08461e0 vs cand-d785b89)
Finished game 1046 (ref-08461e0 vs cand-d785b89): 1/2-1/2 {Draw by adjudication}
Started game 1063 of 40000 (cand-d785b89 vs ref-08461e0)
Finished game 1055 (cand-d785b89 vs ref-08461e0): 1-0 {White wins by adjudication}
Started game 1064 of 40000 (ref-08461e0 vs cand-d785b89)
Finished game 1059 (cand-d785b89 vs ref-08461e0): 1-0 {White wins by adjudication}
Started game 1065 of 40000 (cand-d785b89 vs ref-08461e0)
Finished game 1041 (cand-d785b89 vs ref-08461e0): 1/2-1/2 {Draw by fifty moves rule}
Started game 1066 of 40000 (ref-08461e0 vs cand-d785b89)
Finished game 1056 (ref-08461e0 vs cand-d785b89): 1/2-1/2 {Draw by adjudication}
Started game 1067 of 40000 (cand-d785b89 vs ref-08461e0)
Finished game 1051 (cand-d785b89 vs ref-08461e0): 1/2-1/2 {Draw by adjudication}
Started game 1068 of 40000 (ref-08461e0 vs cand-d785b89)
Finished game 1060 (ref-08461e0 vs cand-d785b89): 1-0 {White wins by adjudication}
--------------------------------------------------
Results of cand-d785b89 vs ref-08461e0 (8+0.08, 1t, 16MB, noob_3moves.epd):
Elo: 53.72 +/- 17.39, nElo: 65.83 +/- 20.96
LOS: 100.00 %, DrawRatio: 33.90 %, PairsRatio: 1.81
Games: 1056, Wins: 435, Losses: 273, Draws: 348, Points: 609.0 (57.67 %)
Ptnml(0-2): [35, 89, 179, 129, 96], WL/DD Ratio: 1.75
LLR: 2.68 (91.2%) (-2.94, 2.94) [0.00, 5.00]
--------------------------------------------------
Started game 1069 of 40000 (cand-d785b89 vs ref-08461e0)
Finished game 1062 (ref-08461e0 vs cand-d785b89): 1/2-1/2 {Draw by 3-fold repetition}
Started game 1070 of 40000 (ref-08461e0 vs cand-d785b89)
Finished game 1068 (ref-08461e0 vs cand-d785b89): 1-0 {White wins by adjudication}
Started game 1071 of 40000 (cand-d785b89 vs ref-08461e0)
Finished game 1058 (ref-08461e0 vs cand-d785b89): 0-1 {Black wins by adjudication}
Started game 1072 of 40000 (ref-08461e0 vs cand-d785b89)
Finished game 1054 (ref-08461e0 vs cand-d785b89): 1/2-1/2 {Draw by 3-fold repetition}
Started game 1073 of 40000 (cand-d785b89 vs ref-08461e0)
Finished game 1061 (cand-d785b89 vs ref-08461e0): 1-0 {White wins by adjudication}
Started game 1074 of 40000 (ref-08461e0 vs cand-d785b89)
Finished game 1067 (cand-d785b89 vs ref-08461e0): 0-1 {Black wins by adjudication}
Started game 1075 of 40000 (cand-d785b89 vs ref-08461e0)
Finished game 1063 (cand-d785b89 vs ref-08461e0): 1-0 {White wins by adjudication}
Started game 1076 of 40000 (ref-08461e0 vs cand-d785b89)
Finished game 1065 (cand-d785b89 vs ref-08461e0): 0-1 {Black wins by adjudication}
Started game 1077 of 40000 (cand-d785b89 vs ref-08461e0)
Finished game 1069 (cand-d785b89 vs ref-08461e0): 1/2-1/2 {Draw by 3-fold repetition}
Started game 1078 of 40000 (ref-08461e0 vs cand-d785b89)
Finished game 1057 (cand-d785b89 vs ref-08461e0): 0-1 {Black wins by adjudication}
Started game 1079 of 40000 (cand-d785b89 vs ref-08461e0)
Finished game 1064 (ref-08461e0 vs cand-d785b89): 1/2-1/2 {Draw by insufficient mating material}
Started game 1080 of 40000 (ref-08461e0 vs cand-d785b89)
Finished game 1072 (ref-08461e0 vs cand-d785b89): 1-0 {White wins by adjudication}
Started game 1081 of 40000 (cand-d785b89 vs ref-08461e0)
Finished game 1070 (ref-08461e0 vs cand-d785b89): 1-0 {White wins by adjudication}
Started game 1082 of 40000 (ref-08461e0 vs cand-d785b89)
Finished game 1066 (ref-08461e0 vs cand-d785b89): 0-1 {Black wins by adjudication}
Started game 1083 of 40000 (cand-d785b89 vs ref-08461e0)
Finished game 1074 (ref-08461e0 vs cand-d785b89): 1-0 {White wins by adjudication}
Started game 1084 of 40000 (ref-08461e0 vs cand-d785b89)
Finished game 1073 (cand-d785b89 vs ref-08461e0): 1-0 {White wins by adjudication}
Started game 1085 of 40000 (cand-d785b89 vs ref-08461e0)
Finished game 1071 (cand-d785b89 vs ref-08461e0): 1-0 {White wins by adjudication}
Started game 1086 of 40000 (ref-08461e0 vs cand-d785b89)
Finished game 1075 (cand-d785b89 vs ref-08461e0): 1-0 {White wins by adjudication}
Started game 1087 of 40000 (cand-d785b89 vs ref-08461e0)
Finished game 1076 (ref-08461e0 vs cand-d785b89): 1/2-1/2 {Draw by 3-fold repetition}
Started game 1088 of 40000 (ref-08461e0 vs cand-d785b89)
Finished game 1077 (cand-d785b89 vs ref-08461e0): 1-0 {White wins by adjudication}
Started game 1089 of 40000 (cand-d785b89 vs ref-08461e0)
Finished game 1081 (cand-d785b89 vs ref-08461e0): 1-0 {White wins by adjudication}
Started game 1090 of 40000 (ref-08461e0 vs cand-d785b89)
Finished game 1085 (cand-d785b89 vs ref-08461e0): 1-0 {White wins by adjudication}
Started game 1091 of 40000 (cand-d785b89 vs ref-08461e0)
Finished game 1080 (ref-08461e0 vs cand-d785b89): 0-1 {Black wins by adjudication}
Started game 1092 of 40000 (ref-08461e0 vs cand-d785b89)
Finished game 1082 (ref-08461e0 vs cand-d785b89): 1-0 {White wins by adjudication}
Started game 1093 of 40000 (cand-d785b89 vs ref-08461e0)
Finished game 1078 (ref-08461e0 vs cand-d785b89): 1/2-1/2 {Draw by insufficient mating material}
Started game 1094 of 40000 (ref-08461e0 vs cand-d785b89)
Finished game 1084 (ref-08461e0 vs cand-d785b89): 0-1 {Black wins by adjudication}
Started game 1095 of 40000 (cand-d785b89 vs ref-08461e0)
Finished game 1089 (cand-d785b89 vs ref-08461e0): 1-0 {White wins by adjudication}
Started game 1096 of 40000 (ref-08461e0 vs cand-d785b89)
Finished game 1083 (cand-d785b89 vs ref-08461e0): 1/2-1/2 {Draw by 3-fold repetition}
Started game 1097 of 40000 (cand-d785b89 vs ref-08461e0)
Finished game 1087 (cand-d785b89 vs ref-08461e0): 1-0 {White wins by adjudication}
Started game 1098 of 40000 (ref-08461e0 vs cand-d785b89)
Finished game 1086 (ref-08461e0 vs cand-d785b89): 1/2-1/2 {Draw by 3-fold repetition}
Started game 1099 of 40000 (cand-d785b89 vs ref-08461e0)
Finished game 1079 (cand-d785b89 vs ref-08461e0): 1/2-1/2 {Draw by fifty moves rule}
--------------------------------------------------
Results of cand-d785b89 vs ref-08461e0 (8+0.08, 1t, 16MB, noob_3moves.epd):
Elo: 53.20 +/- 17.06, nElo: 65.52 +/- 20.66
LOS: 100.00 %, DrawRatio: 33.89 %, PairsRatio: 1.83
Games: 1086, Wins: 447, Losses: 282, Draws: 357, Points: 625.5 (57.60 %)
Ptnml(0-2): [36, 91, 184, 136, 96], WL/DD Ratio: 1.83
LLR: 2.74 (93.2%) (-2.94, 2.94) [0.00, 5.00]
--------------------------------------------------
Started game 1100 of 40000 (ref-08461e0 vs cand-d785b89)
Finished game 1093 (cand-d785b89 vs ref-08461e0): 1-0 {White wins by adjudication}
Started game 1101 of 40000 (cand-d785b89 vs ref-08461e0)
Finished game 1091 (cand-d785b89 vs ref-08461e0): 1-0 {White wins by adjudication}
Started game 1102 of 40000 (ref-08461e0 vs cand-d785b89)
Finished game 1088 (ref-08461e0 vs cand-d785b89): 1/2-1/2 {Draw by fifty moves rule}
Started game 1103 of 40000 (cand-d785b89 vs ref-08461e0)
Finished game 1095 (cand-d785b89 vs ref-08461e0): 1-0 {White wins by adjudication}
Started game 1104 of 40000 (ref-08461e0 vs cand-d785b89)
Finished game 1092 (ref-08461e0 vs cand-d785b89): 1/2-1/2 {Draw by adjudication}
Started game 1105 of 40000 (cand-d785b89 vs ref-08461e0)
Finished game 1090 (ref-08461e0 vs cand-d785b89): 1/2-1/2 {Draw by 3-fold repetition}
Started game 1106 of 40000 (ref-08461e0 vs cand-d785b89)
Finished game 1099 (cand-d785b89 vs ref-08461e0): 0-1 {Black wins by adjudication}
Started game 1107 of 40000 (cand-d785b89 vs ref-08461e0)
Finished game 1094 (ref-08461e0 vs cand-d785b89): 1-0 {White wins by adjudication}
Started game 1108 of 40000 (ref-08461e0 vs cand-d785b89)
Finished game 1097 (cand-d785b89 vs ref-08461e0): 1/2-1/2 {Draw by 3-fold repetition}
Started game 1109 of 40000 (cand-d785b89 vs ref-08461e0)
Finished game 1098 (ref-08461e0 vs cand-d785b89): 1-0 {White wins by adjudication}
Started game 1110 of 40000 (ref-08461e0 vs cand-d785b89)
Finished game 1096 (ref-08461e0 vs cand-d785b89): 1-0 {White wins by adjudication}
Started game 1111 of 40000 (cand-d785b89 vs ref-08461e0)
Finished game 1100 (ref-08461e0 vs cand-d785b89): 1-0 {White wins by adjudication}
--------------------------------------------------
Results of cand-d785b89 vs ref-08461e0 (8+0.08, 1t, 16MB, noob_3moves.epd):
Elo: 52.51 +/- 16.93, nElo: 64.71 +/- 20.53
LOS: 100.00 %, DrawRatio: 33.82 %, PairsRatio: 1.82
Games: 1100, Wins: 452, Losses: 287, Draws: 361, Points: 632.5 (57.50 %)
Ptnml(0-2): [37, 92, 186, 139, 96], WL/DD Ratio: 1.86
LLR: 2.74 (93.2%) (-2.94, 2.94) [0.00, 5.00]
--------------------------------------------------
Started game 1112 of 40000 (ref-08461e0 vs cand-d785b89)
Finished game 1101 (cand-d785b89 vs ref-08461e0): 1/2-1/2 {Draw by 3-fold repetition}
Started game 1113 of 40000 (cand-d785b89 vs ref-08461e0)
Finished game 1105 (cand-d785b89 vs ref-08461e0): 1-0 {White wins by adjudication}
Started game 1114 of 40000 (ref-08461e0 vs cand-d785b89)
Finished game 1102 (ref-08461e0 vs cand-d785b89): 1-0 {White wins by adjudication}
Started game 1115 of 40000 (cand-d785b89 vs ref-08461e0)
Finished game 1107 (cand-d785b89 vs ref-08461e0): 0-1 {Black wins by adjudication}
Started game 1116 of 40000 (ref-08461e0 vs cand-d785b89)
Finished game 1103 (cand-d785b89 vs ref-08461e0): 1/2-1/2 {Draw by adjudication}
Started game 1117 of 40000 (cand-d785b89 vs ref-08461e0)
Finished game 1108 (ref-08461e0 vs cand-d785b89): 1/2-1/2 {Draw by 3-fold repetition}
Started game 1118 of 40000 (ref-08461e0 vs cand-d785b89)
Finished game 1112 (ref-08461e0 vs cand-d785b89): 1/2-1/2 {Draw by 3-fold repetition}
Started game 1119 of 40000 (cand-d785b89 vs ref-08461e0)
Finished game 1106 (ref-08461e0 vs cand-d785b89): 1/2-1/2 {Draw by adjudication}
Started game 1120 of 40000 (ref-08461e0 vs cand-d785b89)
Finished game 1113 (cand-d785b89 vs ref-08461e0): 0-1 {Black wins by adjudication}
Started game 1121 of 40000 (cand-d785b89 vs ref-08461e0)
Finished game 1109 (cand-d785b89 vs ref-08461e0): 0-1 {Black wins by adjudication}
Started game 1122 of 40000 (ref-08461e0 vs cand-d785b89)
Finished game 1114 (ref-08461e0 vs cand-d785b89): 1/2-1/2 {Draw by 3-fold repetition}
Started game 1123 of 40000 (cand-d785b89 vs ref-08461e0)
Finished game 1116 (ref-08461e0 vs cand-d785b89): 1-0 {White wins by adjudication}
Started game 1124 of 40000 (ref-08461e0 vs cand-d785b89)
Finished game 1110 (ref-08461e0 vs cand-d785b89): 0-1 {Black wins by adjudication}
Started game 1125 of 40000 (cand-d785b89 vs ref-08461e0)
Finished game 1111 (cand-d785b89 vs ref-08461e0): 1/2-1/2 {Draw by insufficient mating material}
Started game 1126 of 40000 (ref-08461e0 vs cand-d785b89)
Finished game 1104 (ref-08461e0 vs cand-d785b89): 1/2-1/2 {Draw by fifty moves rule}
Started game 1127 of 40000 (cand-d785b89 vs ref-08461e0)
Finished game 1118 (ref-08461e0 vs cand-d785b89): 1/2-1/2 {Draw by 3-fold repetition}
Started game 1128 of 40000 (ref-08461e0 vs cand-d785b89)
Finished game 1115 (cand-d785b89 vs ref-08461e0): 1-0 {White wins by adjudication}
Started game 1129 of 40000 (cand-d785b89 vs ref-08461e0)
Finished game 1119 (cand-d785b89 vs ref-08461e0): 0-1 {Black wins by adjudication}
Started game 1130 of 40000 (ref-08461e0 vs cand-d785b89)
Finished game 1117 (cand-d785b89 vs ref-08461e0): 1/2-1/2 {Draw by 3-fold repetition}
Started game 1131 of 40000 (cand-d785b89 vs ref-08461e0)
Finished game 1120 (ref-08461e0 vs cand-d785b89): 1-0 {White wins by adjudication}
--------------------------------------------------
Results of cand-d785b89 vs ref-08461e0 (8+0.08, 1t, 16MB, noob_3moves.epd):
Elo: 50.29 +/- 16.73, nElo: 62.09 +/- 20.35
LOS: 100.00 %, DrawRatio: 34.11 %, PairsRatio: 1.77
Games: 1120, Wins: 455, Losses: 294, Draws: 371, Points: 640.5 (57.19 %)
Ptnml(0-2): [38, 95, 191, 140, 96], WL/DD Ratio: 1.81
LLR: 2.68 (91.2%) (-2.94, 2.94) [0.00, 5.00]
--------------------------------------------------
Started game 1132 of 40000 (ref-08461e0 vs cand-d785b89)
Finished game 1121 (cand-d785b89 vs ref-08461e0): 0-1 {Black wins by adjudication}
Started game 1133 of 40000 (cand-d785b89 vs ref-08461e0)
Finished game 1128 (ref-08461e0 vs cand-d785b89): 1-0 {White wins by adjudication}
Started game 1134 of 40000 (ref-08461e0 vs cand-d785b89)
Finished game 1123 (cand-d785b89 vs ref-08461e0): 0-1 {Black wins by adjudication}
Started game 1135 of 40000 (cand-d785b89 vs ref-08461e0)
Finished game 1122 (ref-08461e0 vs cand-d785b89): 1-0 {White wins by adjudication}
Started game 1136 of 40000 (ref-08461e0 vs cand-d785b89)
Finished game 1127 (cand-d785b89 vs ref-08461e0): 1-0 {White wins by adjudication}
Started game 1137 of 40000 (cand-d785b89 vs ref-08461e0)
Finished game 1125 (cand-d785b89 vs ref-08461e0): 0-1 {Black wins by adjudication}
Started game 1138 of 40000 (ref-08461e0 vs cand-d785b89)
Finished game 1124 (ref-08461e0 vs cand-d785b89): 1/2-1/2 {Draw by adjudication}
Started game 1139 of 40000 (cand-d785b89 vs ref-08461e0)
Finished game 1126 (ref-08461e0 vs cand-d785b89): 1/2-1/2 {Draw by insufficient mating material}
Started game 1140 of 40000 (ref-08461e0 vs cand-d785b89)
Finished game 1130 (ref-08461e0 vs cand-d785b89): 0-1 {Black wins by adjudication}
Started game 1141 of 40000 (cand-d785b89 vs ref-08461e0)
Finished game 1132 (ref-08461e0 vs cand-d785b89): 0-1 {Black wins by adjudication}
Started game 1142 of 40000 (ref-08461e0 vs cand-d785b89)
Finished game 1133 (cand-d785b89 vs ref-08461e0): 1/2-1/2 {Draw by insufficient mating material}
Started game 1143 of 40000 (cand-d785b89 vs ref-08461e0)
Finished game 1136 (ref-08461e0 vs cand-d785b89): 1-0 {White wins by adjudication}
Started game 1144 of 40000 (ref-08461e0 vs cand-d785b89)
Finished game 1134 (ref-08461e0 vs cand-d785b89): 1-0 {White wins by adjudication}
Started game 1145 of 40000 (cand-d785b89 vs ref-08461e0)
Finished game 1131 (cand-d785b89 vs ref-08461e0): 1/2-1/2 {Draw by insufficient mating material}
Started game 1146 of 40000 (ref-08461e0 vs cand-d785b89)
Finished game 1137 (cand-d785b89 vs ref-08461e0): 1-0 {White wins by adjudication}
Started game 1147 of 40000 (cand-d785b89 vs ref-08461e0)
Finished game 1135 (cand-d785b89 vs ref-08461e0): 1-0 {White wins by adjudication}
Started game 1148 of 40000 (ref-08461e0 vs cand-d785b89)
Finished game 1129 (cand-d785b89 vs ref-08461e0): 1/2-1/2 {Draw by 3-fold repetition}
Started game 1149 of 40000 (cand-d785b89 vs ref-08461e0)
Finished game 1139 (cand-d785b89 vs ref-08461e0): 0-1 {Black wins by adjudication}
Started game 1150 of 40000 (ref-08461e0 vs cand-d785b89)
Finished game 1140 (ref-08461e0 vs cand-d785b89): 1/2-1/2 {Draw by 3-fold repetition}
--------------------------------------------------
Results of cand-d785b89 vs ref-08461e0 (8+0.08, 1t, 16MB, noob_3moves.epd):
Elo: 48.24 +/- 16.58, nElo: 59.53 +/- 20.19
LOS: 100.00 %, DrawRatio: 33.92 %, PairsRatio: 1.72
Games: 1138, Wins: 459, Losses: 302, Draws: 377, Points: 647.5 (56.90 %)
Ptnml(0-2): [39, 99, 193, 142, 96], WL/DD Ratio: 1.84
LLR: 2.62 (88.9%) (-2.94, 2.94) [0.00, 5.00]
--------------------------------------------------
Started game 1151 of 40000 (cand-d785b89 vs ref-08461e0)
Finished game 1145 (cand-d785b89 vs ref-08461e0): 1/2-1/2 {Draw by 3-fold repetition}
Started game 1152 of 40000 (ref-08461e0 vs cand-d785b89)
Finished game 1144 (ref-08461e0 vs cand-d785b89): 1/2-1/2 {Draw by 3-fold repetition}
Started game 1153 of 40000 (cand-d785b89 vs ref-08461e0)
Finished game 1143 (cand-d785b89 vs ref-08461e0): 1-0 {White wins by adjudication}
Started game 1154 of 40000 (ref-08461e0 vs cand-d785b89)
Finished game 1141 (cand-d785b89 vs ref-08461e0): 0-1 {Black wins by adjudication}
Started game 1155 of 40000 (cand-d785b89 vs ref-08461e0)
Finished game 1146 (ref-08461e0 vs cand-d785b89): 0-1 {Black wins by adjudication}
Started game 1156 of 40000 (ref-08461e0 vs cand-d785b89)
Finished game 1138 (ref-08461e0 vs cand-d785b89): 1/2-1/2 {Draw by fifty moves rule}
Started game 1157 of 40000 (cand-d785b89 vs ref-08461e0)
Finished game 1142 (ref-08461e0 vs cand-d785b89): 1/2-1/2 {Draw by insufficient mating material}
Started game 1158 of 40000 (ref-08461e0 vs cand-d785b89)
Finished game 1148 (ref-08461e0 vs cand-d785b89): 0-1 {Black wins by adjudication}
Started game 1159 of 40000 (cand-d785b89 vs ref-08461e0)
Finished game 1149 (cand-d785b89 vs ref-08461e0): 1-0 {White wins by adjudication}
Started game 1160 of 40000 (ref-08461e0 vs cand-d785b89)
Finished game 1150 (ref-08461e0 vs cand-d785b89): 1/2-1/2 {Draw by insufficient mating material}
Started game 1161 of 40000 (cand-d785b89 vs ref-08461e0)
Finished game 1154 (ref-08461e0 vs cand-d785b89): 0-1 {Black wins by adjudication}
Started game 1162 of 40000 (ref-08461e0 vs cand-d785b89)
Finished game 1152 (ref-08461e0 vs cand-d785b89): 1/2-1/2 {Draw by 3-fold repetition}
Started game 1163 of 40000 (cand-d785b89 vs ref-08461e0)
Finished game 1151 (cand-d785b89 vs ref-08461e0): 0-1 {Black wins by adjudication}
Started game 1164 of 40000 (ref-08461e0 vs cand-d785b89)
Finished game 1153 (cand-d785b89 vs ref-08461e0): 1/2-1/2 {Draw by adjudication}
Started game 1165 of 40000 (cand-d785b89 vs ref-08461e0)
Finished game 1147 (cand-d785b89 vs ref-08461e0): 1/2-1/2 {Draw by fifty moves rule}
Started game 1166 of 40000 (ref-08461e0 vs cand-d785b89)
Finished game 1157 (cand-d785b89 vs ref-08461e0): 1-0 {White wins by adjudication}
Started game 1167 of 40000 (cand-d785b89 vs ref-08461e0)
Finished game 1155 (cand-d785b89 vs ref-08461e0): 1-0 {White wins by adjudication}
Started game 1168 of 40000 (ref-08461e0 vs cand-d785b89)
Finished game 1156 (ref-08461e0 vs cand-d785b89): 1-0 {White wins by adjudication}
Started game 1169 of 40000 (cand-d785b89 vs ref-08461e0)
Finished game 1161 (cand-d785b89 vs ref-08461e0): 0-1 {Black wins by adjudication}
Started game 1170 of 40000 (ref-08461e0 vs cand-d785b89)
Finished game 1162 (ref-08461e0 vs cand-d785b89): 1-0 {White wins by adjudication}
Started game 1171 of 40000 (cand-d785b89 vs ref-08461e0)
Finished game 1158 (ref-08461e0 vs cand-d785b89): 1/2-1/2 {Draw by insufficient mating material}
Started game 1172 of 40000 (ref-08461e0 vs cand-d785b89)
Finished game 1160 (ref-08461e0 vs cand-d785b89): 0-1 {Black wins by adjudication}
Started game 1173 of 40000 (cand-d785b89 vs ref-08461e0)
Finished game 1164 (ref-08461e0 vs cand-d785b89): 1-0 {White wins by adjudication}
Started game 1174 of 40000 (ref-08461e0 vs cand-d785b89)
Finished game 1159 (cand-d785b89 vs ref-08461e0): 1/2-1/2 {Draw by 3-fold repetition}
--------------------------------------------------
Results of cand-d785b89 vs ref-08461e0 (8+0.08, 1t, 16MB, noob_3moves.epd):
Elo: 48.45 +/- 16.38, nElo: 59.90 +/- 19.98
LOS: 100.00 %, DrawRatio: 33.39 %, PairsRatio: 1.74
Games: 1162, Wins: 468, Losses: 307, Draws: 387, Points: 661.5 (56.93 %)
Ptnml(0-2): [40, 101, 194, 150, 96], WL/DD Ratio: 1.85
LLR: 2.69 (91.2%) (-2.94, 2.94) [0.00, 5.00]
--------------------------------------------------
Started game 1175 of 40000 (cand-d785b89 vs ref-08461e0)
Finished game 1173 (cand-d785b89 vs ref-08461e0): 1-0 {White wins by adjudication}
Started game 1176 of 40000 (ref-08461e0 vs cand-d785b89)
Finished game 1172 (ref-08461e0 vs cand-d785b89): 1/2-1/2 {Draw by 3-fold repetition}
Started game 1177 of 40000 (cand-d785b89 vs ref-08461e0)
Finished game 1170 (ref-08461e0 vs cand-d785b89): 1-0 {White wins by adjudication}
Started game 1178 of 40000 (ref-08461e0 vs cand-d785b89)
Finished game 1165 (cand-d785b89 vs ref-08461e0): 1/2-1/2 {Draw by adjudication}
Started game 1179 of 40000 (cand-d785b89 vs ref-08461e0)
Finished game 1169 (cand-d785b89 vs ref-08461e0): 1-0 {White wins by adjudication}
Started game 1180 of 40000 (ref-08461e0 vs cand-d785b89)
Finished game 1171 (cand-d785b89 vs ref-08461e0): 1/2-1/2 {Draw by 3-fold repetition}
Started game 1181 of 40000 (cand-d785b89 vs ref-08461e0)
Finished game 1163 (cand-d785b89 vs ref-08461e0): 0-1 {Black wins by adjudication}
Started game 1182 of 40000 (ref-08461e0 vs cand-d785b89)
Finished game 1174 (ref-08461e0 vs cand-d785b89): 0-1 {Black wins by adjudication}
Started game 1183 of 40000 (cand-d785b89 vs ref-08461e0)
Finished game 1168 (ref-08461e0 vs cand-d785b89): 0-1 {Black wins by adjudication}
Started game 1184 of 40000 (ref-08461e0 vs cand-d785b89)
Finished game 1166 (ref-08461e0 vs cand-d785b89): 1/2-1/2 {Draw by fifty moves rule}
Started game 1185 of 40000 (cand-d785b89 vs ref-08461e0)
Finished game 1176 (ref-08461e0 vs cand-d785b89): 0-1 {Black wins by adjudication}
Started game 1186 of 40000 (ref-08461e0 vs cand-d785b89)
Finished game 1175 (cand-d785b89 vs ref-08461e0): 1/2-1/2 {Draw by 3-fold repetition}
Started game 1187 of 40000 (cand-d785b89 vs ref-08461e0)
Finished game 1167 (cand-d785b89 vs ref-08461e0): 1/2-1/2 {Draw by insufficient mating material}
Started game 1188 of 40000 (ref-08461e0 vs cand-d785b89)
Finished game 1178 (ref-08461e0 vs cand-d785b89): 1-0 {White wins by adjudication}
Started game 1189 of 40000 (cand-d785b89 vs ref-08461e0)
Finished game 1177 (cand-d785b89 vs ref-08461e0): 0-1 {Black wins by adjudication}
Started game 1190 of 40000 (ref-08461e0 vs cand-d785b89)
Finished game 1183 (cand-d785b89 vs ref-08461e0): 1/2-1/2 {Draw by 3-fold repetition}
Started game 1191 of 40000 (cand-d785b89 vs ref-08461e0)
Finished game 1180 (ref-08461e0 vs cand-d785b89): 0-1 {Black wins by adjudication}
Started game 1192 of 40000 (ref-08461e0 vs cand-d785b89)
Finished game 1182 (ref-08461e0 vs cand-d785b89): 1-0 {White wins by adjudication}
Started game 1193 of 40000 (cand-d785b89 vs ref-08461e0)
Finished game 1181 (cand-d785b89 vs ref-08461e0): 1/2-1/2 {Draw by 3-fold repetition}
Started game 1194 of 40000 (ref-08461e0 vs cand-d785b89)
Finished game 1184 (ref-08461e0 vs cand-d785b89): 0-1 {Black wins by adjudication}
Started game 1195 of 40000 (cand-d785b89 vs ref-08461e0)
Finished game 1186 (ref-08461e0 vs cand-d785b89): 1-0 {White wins by adjudication}
Started game 1196 of 40000 (ref-08461e0 vs cand-d785b89)
Finished game 1185 (cand-d785b89 vs ref-08461e0): 0-1 {Black wins by adjudication}
Started game 1197 of 40000 (cand-d785b89 vs ref-08461e0)
Finished game 1192 (ref-08461e0 vs cand-d785b89): 1/2-1/2 {Draw by 3-fold repetition}
Started game 1198 of 40000 (ref-08461e0 vs cand-d785b89)
Finished game 1187 (cand-d785b89 vs ref-08461e0): 1-0 {White wins by adjudication}
Started game 1199 of 40000 (cand-d785b89 vs ref-08461e0)
Finished game 1179 (cand-d785b89 vs ref-08461e0): 0-1 {Black wins by adjudication}
--------------------------------------------------
Results of cand-d785b89 vs ref-08461e0 (8+0.08, 1t, 16MB, noob_3moves.epd):
Elo: 46.86 +/- 16.26, nElo: 57.72 +/- 19.77
LOS: 100.00 %, DrawRatio: 33.39 %, PairsRatio: 1.72
Games: 1186, Wins: 475, Losses: 316, Draws: 395, Points: 672.5 (56.70 %)
Ptnml(0-2): [43, 102, 198, 153, 97], WL/DD Ratio: 1.83
LLR: 2.64 (89.6%) (-2.94, 2.94) [0.00, 5.00]
--------------------------------------------------
Started game 1200 of 40000 (ref-08461e0 vs cand-d785b89)
Finished game 1188 (ref-08461e0 vs cand-d785b89): 0-1 {Black wins by adjudication}
Started game 1201 of 40000 (cand-d785b89 vs ref-08461e0)
Finished game 1189 (cand-d785b89 vs ref-08461e0): 0-1 {Black wins by adjudication}
Started game 1202 of 40000 (ref-08461e0 vs cand-d785b89)
Finished game 1193 (cand-d785b89 vs ref-08461e0): 1/2-1/2 {Draw by adjudication}
Started game 1203 of 40000 (cand-d785b89 vs ref-08461e0)
Finished game 1197 (cand-d785b89 vs ref-08461e0): 0-1 {Black wins by adjudication}
Started game 1204 of 40000 (ref-08461e0 vs cand-d785b89)
Finished game 1190 (ref-08461e0 vs cand-d785b89): 1-0 {White wins by adjudication}
Started game 1205 of 40000 (cand-d785b89 vs ref-08461e0)
Finished game 1191 (cand-d785b89 vs ref-08461e0): 1/2-1/2 {Draw by fifty moves rule}
Started game 1206 of 40000 (ref-08461e0 vs cand-d785b89)
Finished game 1194 (ref-08461e0 vs cand-d785b89): 1-0 {White wins by adjudication}
Started game 1207 of 40000 (cand-d785b89 vs ref-08461e0)
Finished game 1196 (ref-08461e0 vs cand-d785b89): 0-1 {Black wins by adjudication}
Started game 1208 of 40000 (ref-08461e0 vs cand-d785b89)
Finished game 1195 (cand-d785b89 vs ref-08461e0): 0-1 {Black wins by adjudication}
Started game 1209 of 40000 (cand-d785b89 vs ref-08461e0)
Finished game 1200 (ref-08461e0 vs cand-d785b89): 1/2-1/2 {Draw by 3-fold repetition}
Started game 1210 of 40000 (ref-08461e0 vs cand-d785b89)
Finished game 1202 (ref-08461e0 vs cand-d785b89): 0-1 {Black wins by adjudication}
Started game 1211 of 40000 (cand-d785b89 vs ref-08461e0)
Finished game 1198 (ref-08461e0 vs cand-d785b89): 1/2-1/2 {Draw by 3-fold repetition}
Started game 1212 of 40000 (ref-08461e0 vs cand-d785b89)
Finished game 1201 (cand-d785b89 vs ref-08461e0): 1/2-1/2 {Draw by adjudication}
Started game 1213 of 40000 (cand-d785b89 vs ref-08461e0)
Finished game 1203 (cand-d785b89 vs ref-08461e0): 1-0 {White wins by adjudication}
Started game 1214 of 40000 (ref-08461e0 vs cand-d785b89)
Finished game 1199 (cand-d785b89 vs ref-08461e0): 0-1 {Black wins by adjudication}
--------------------------------------------------
Results of cand-d785b89 vs ref-08461e0 (8+0.08, 1t, 16MB, noob_3moves.epd):
Elo: 45.64 +/- 16.17, nElo: 56.12 +/- 19.64
LOS: 100.00 %, DrawRatio: 33.28 %, PairsRatio: 1.69
Games: 1202, Wins: 479, Losses: 322, Draws: 401, Points: 679.5 (56.53 %)
Ptnml(0-2): [44, 105, 200, 154, 98], WL/DD Ratio: 1.82
LLR: 2.60 (88.4%) (-2.94, 2.94) [0.00, 5.00]
--------------------------------------------------
Started game 1215 of 40000 (cand-d785b89 vs ref-08461e0)
Finished game 1207 (cand-d785b89 vs ref-08461e0): 0-1 {Black wins by adjudication}
Started game 1216 of 40000 (ref-08461e0 vs cand-d785b89)
Finished game 1205 (cand-d785b89 vs ref-08461e0): 0-1 {Black wins by adjudication}
Started game 1217 of 40000 (cand-d785b89 vs ref-08461e0)
Finished game 1206 (ref-08461e0 vs cand-d785b89): 0-1 {Black wins by adjudication}
Started game 1218 of 40000 (ref-08461e0 vs cand-d785b89)
Finished game 1204 (ref-08461e0 vs cand-d785b89): 1/2-1/2 {Draw by adjudication}
Started game 1219 of 40000 (cand-d785b89 vs ref-08461e0)
Finished game 1209 (cand-d785b89 vs ref-08461e0): 1/2-1/2 {Draw by 3-fold repetition}
Started game 1220 of 40000 (ref-08461e0 vs cand-d785b89)
Finished game 1208 (ref-08461e0 vs cand-d785b89): 0-1 {Black wins by adjudication}
Started game 1221 of 40000 (cand-d785b89 vs ref-08461e0)
Finished game 1210 (ref-08461e0 vs cand-d785b89): 1/2-1/2 {Draw by adjudication}
Started game 1222 of 40000 (ref-08461e0 vs cand-d785b89)
Finished game 1212 (ref-08461e0 vs cand-d785b89): 1-0 {White wins by adjudication}
Started game 1223 of 40000 (cand-d785b89 vs ref-08461e0)
Finished game 1211 (cand-d785b89 vs ref-08461e0): 1-0 {White wins by adjudication}
Started game 1224 of 40000 (ref-08461e0 vs cand-d785b89)
Finished game 1213 (cand-d785b89 vs ref-08461e0): 1-0 {White wins by adjudication}
Started game 1225 of 40000 (cand-d785b89 vs ref-08461e0)
Finished game 1217 (cand-d785b89 vs ref-08461e0): 1-0 {White wins by adjudication}
Started game 1226 of 40000 (ref-08461e0 vs cand-d785b89)
Finished game 1220 (ref-08461e0 vs cand-d785b89): 1-0 {White wins by adjudication}
Started game 1227 of 40000 (cand-d785b89 vs ref-08461e0)
Finished game 1218 (ref-08461e0 vs cand-d785b89): 0-1 {Black wins by adjudication}
Started game 1228 of 40000 (ref-08461e0 vs cand-d785b89)
Finished game 1216 (ref-08461e0 vs cand-d785b89): 1-0 {White wins by adjudication}
Started game 1229 of 40000 (cand-d785b89 vs ref-08461e0)
Finished game 1222 (ref-08461e0 vs cand-d785b89): 1-0 {White wins by adjudication}
Started game 1230 of 40000 (ref-08461e0 vs cand-d785b89)
Finished game 1215 (cand-d785b89 vs ref-08461e0): 0-1 {Black wins by adjudication}
Started game 1231 of 40000 (cand-d785b89 vs ref-08461e0)
Finished game 1221 (cand-d785b89 vs ref-08461e0): 0-1 {Black wins by adjudication}
Started game 1232 of 40000 (ref-08461e0 vs cand-d785b89)
Finished game 1214 (ref-08461e0 vs cand-d785b89): 0-1 {Black wins by adjudication}
Started game 1233 of 40000 (cand-d785b89 vs ref-08461e0)
Finished game 1224 (ref-08461e0 vs cand-d785b89): 0-1 {Black wins by adjudication}
Started game 1234 of 40000 (ref-08461e0 vs cand-d785b89)
Finished game 1219 (cand-d785b89 vs ref-08461e0): 1/2-1/2 {Draw by adjudication}
--------------------------------------------------
Results of cand-d785b89 vs ref-08461e0 (8+0.08, 1t, 16MB, noob_3moves.epd):
Elo: 44.89 +/- 16.08, nElo: 55.01 +/- 19.48
LOS: 100.00 %, DrawRatio: 33.39 %, PairsRatio: 1.68
Games: 1222, Wins: 487, Losses: 330, Draws: 405, Points: 689.5 (56.42 %)
Ptnml(0-2): [46, 106, 204, 155, 100], WL/DD Ratio: 1.83
LLR: 2.59 (88.0%) (-2.94, 2.94) [0.00, 5.00]
--------------------------------------------------
Started game 1235 of 40000 (cand-d785b89 vs ref-08461e0)
Finished game 1226 (ref-08461e0 vs cand-d785b89): 1-0 {White wins by adjudication}
Started game 1236 of 40000 (ref-08461e0 vs cand-d785b89)
Finished game 1223 (cand-d785b89 vs ref-08461e0): 1-0 {White wins by adjudication}
Started game 1237 of 40000 (cand-d785b89 vs ref-08461e0)
Finished game 1228 (ref-08461e0 vs cand-d785b89): 1-0 {White wins by adjudication}
Started game 1238 of 40000 (ref-08461e0 vs cand-d785b89)
Finished game 1229 (cand-d785b89 vs ref-08461e0): 0-1 {Black wins by adjudication}
Started game 1239 of 40000 (cand-d785b89 vs ref-08461e0)
Finished game 1225 (cand-d785b89 vs ref-08461e0): 1/2-1/2 {Draw by adjudication}
Started game 1240 of 40000 (ref-08461e0 vs cand-d785b89)
Finished game 1230 (ref-08461e0 vs cand-d785b89): 0-1 {Black wins by adjudication}
Started game 1241 of 40000 (cand-d785b89 vs ref-08461e0)
Finished game 1233 (cand-d785b89 vs ref-08461e0): 1-0 {White wins by adjudication}
Started game 1242 of 40000 (ref-08461e0 vs cand-d785b89)
Finished game 1234 (ref-08461e0 vs cand-d785b89): 0-1 {Black wins by adjudication}
Started game 1243 of 40000 (cand-d785b89 vs ref-08461e0)
Finished game 1235 (cand-d785b89 vs ref-08461e0): 1-0 {White wins by adjudication}
Started game 1244 of 40000 (ref-08461e0 vs cand-d785b89)
Finished game 1231 (cand-d785b89 vs ref-08461e0): 1-0 {White wins by adjudication}
Started game 1245 of 40000 (cand-d785b89 vs ref-08461e0)
Finished game 1237 (cand-d785b89 vs ref-08461e0): 1/2-1/2 {Draw by 3-fold repetition}
Started game 1246 of 40000 (ref-08461e0 vs cand-d785b89)
Finished game 1227 (cand-d785b89 vs ref-08461e0): 1/2-1/2 {Draw by insufficient mating material}
Started game 1247 of 40000 (cand-d785b89 vs ref-08461e0)
Finished game 1236 (ref-08461e0 vs cand-d785b89): 1-0 {White wins by adjudication}
Started game 1248 of 40000 (ref-08461e0 vs cand-d785b89)
Finished game 1232 (ref-08461e0 vs cand-d785b89): 1/2-1/2 {Draw by insufficient mating material}
Started game 1249 of 40000 (cand-d785b89 vs ref-08461e0)
Finished game 1239 (cand-d785b89 vs ref-08461e0): 0-1 {Black wins by adjudication}
Started game 1250 of 40000 (ref-08461e0 vs cand-d785b89)
Finished game 1240 (ref-08461e0 vs cand-d785b89): 1-0 {White wins by adjudication}
--------------------------------------------------
Results of cand-d785b89 vs ref-08461e0 (8+0.08, 1t, 16MB, noob_3moves.epd):
Elo: 44.58 +/- 16.02, nElo: 54.49 +/- 19.35
LOS: 100.00 %, DrawRatio: 33.28 %, PairsRatio: 1.66
Games: 1238, Wins: 494, Losses: 336, Draws: 408, Points: 698.0 (56.38 %)
Ptnml(0-2): [47, 108, 206, 156, 102], WL/DD Ratio: 1.86
LLR: 2.60 (88.4%) (-2.94, 2.94) [0.00, 5.00]
--------------------------------------------------
Started game 1251 of 40000 (cand-d785b89 vs ref-08461e0)
Finished game 1241 (cand-d785b89 vs ref-08461e0): 0-1 {Black wins by adjudication}
Started game 1252 of 40000 (ref-08461e0 vs cand-d785b89)
Finished game 1244 (ref-08461e0 vs cand-d785b89): 0-1 {Black wins by adjudication}
Started game 1253 of 40000 (cand-d785b89 vs ref-08461e0)
Finished game 1243 (cand-d785b89 vs ref-08461e0): 1/2-1/2 {Draw by insufficient mating material}
Started game 1254 of 40000 (ref-08461e0 vs cand-d785b89)
Finished game 1242 (ref-08461e0 vs cand-d785b89): 1/2-1/2 {Draw by insufficient mating material}
Started game 1255 of 40000 (cand-d785b89 vs ref-08461e0)
Finished game 1238 (ref-08461e0 vs cand-d785b89): 1/2-1/2 {Draw by adjudication}
Started game 1256 of 40000 (ref-08461e0 vs cand-d785b89)
Finished game 1246 (ref-08461e0 vs cand-d785b89): 1/2-1/2 {Draw by 3-fold repetition}
Started game 1257 of 40000 (cand-d785b89 vs ref-08461e0)
Finished game 1249 (cand-d785b89 vs ref-08461e0): 1-0 {White wins by adjudication}
Started game 1258 of 40000 (ref-08461e0 vs cand-d785b89)
Finished game 1245 (cand-d785b89 vs ref-08461e0): 1-0 {White wins by adjudication}
Started game 1259 of 40000 (cand-d785b89 vs ref-08461e0)
Finished game 1248 (ref-08461e0 vs cand-d785b89): 0-1 {Black wins by adjudication}
Started game 1260 of 40000 (ref-08461e0 vs cand-d785b89)
Finished game 1253 (cand-d785b89 vs ref-08461e0): 1-0 {White wins by adjudication}
Started game 1261 of 40000 (cand-d785b89 vs ref-08461e0)
Finished game 1247 (cand-d785b89 vs ref-08461e0): 1/2-1/2 {Draw by insufficient mating material}
Started game 1262 of 40000 (ref-08461e0 vs cand-d785b89)
Finished game 1251 (cand-d785b89 vs ref-08461e0): 1/2-1/2 {Draw by insufficient mating material}
Started game 1263 of 40000 (cand-d785b89 vs ref-08461e0)
Finished game 1250 (ref-08461e0 vs cand-d785b89): 1/2-1/2 {Draw by 3-fold repetition}
Started game 1264 of 40000 (ref-08461e0 vs cand-d785b89)
Finished game 1256 (ref-08461e0 vs cand-d785b89): 0-1 {Black wins by adjudication}
Started game 1265 of 40000 (cand-d785b89 vs ref-08461e0)
Finished game 1255 (cand-d785b89 vs ref-08461e0): 1-0 {White wins by adjudication}
Started game 1266 of 40000 (ref-08461e0 vs cand-d785b89)
Finished game 1257 (cand-d785b89 vs ref-08461e0): 1-0 {White wins by adjudication}
Started game 1267 of 40000 (cand-d785b89 vs ref-08461e0)
Finished game 1252 (ref-08461e0 vs cand-d785b89): 1-0 {White wins by adjudication}
Started game 1268 of 40000 (ref-08461e0 vs cand-d785b89)
Finished game 1259 (cand-d785b89 vs ref-08461e0): 1/2-1/2 {Draw by 3-fold repetition}
Started game 1269 of 40000 (cand-d785b89 vs ref-08461e0)
Finished game 1264 (ref-08461e0 vs cand-d785b89): 1/2-1/2 {Draw by 3-fold repetition}
Started game 1270 of 40000 (ref-08461e0 vs cand-d785b89)
Finished game 1260 (ref-08461e0 vs cand-d785b89): 1/2-1/2 {Draw by adjudication}
--------------------------------------------------
Results of cand-d785b89 vs ref-08461e0 (8+0.08, 1t, 16MB, noob_3moves.epd):
Elo: 45.06 +/- 15.88, nElo: 55.19 +/- 19.21
LOS: 100.00 %, DrawRatio: 33.12 %, PairsRatio: 1.68
Games: 1256, Wins: 500, Losses: 338, Draws: 418, Points: 709.0 (56.45 %)
Ptnml(0-2): [47, 110, 208, 160, 103], WL/DD Ratio: 1.81
LLR: 2.67 (90.8%) (-2.94, 2.94) [0.00, 5.00]
--------------------------------------------------
Started game 1271 of 40000 (cand-d785b89 vs ref-08461e0)
Finished game 1258 (ref-08461e0 vs cand-d785b89): 1/2-1/2 {Draw by insufficient mating material}
Started game 1272 of 40000 (ref-08461e0 vs cand-d785b89)
Finished game 1269 (cand-d785b89 vs ref-08461e0): 1-0 {White wins by adjudication}
Started game 1273 of 40000 (cand-d785b89 vs ref-08461e0)
Finished game 1261 (cand-d785b89 vs ref-08461e0): 1/2-1/2 {Draw by insufficient mating material}
Started game 1274 of 40000 (ref-08461e0 vs cand-d785b89)
Finished game 1254 (ref-08461e0 vs cand-d785b89): 1/2-1/2 {Draw by insufficient mating material}
Started game 1275 of 40000 (cand-d785b89 vs ref-08461e0)
Finished game 1262 (ref-08461e0 vs cand-d785b89): 0-1 {Black wins by adjudication}
Started game 1276 of 40000 (ref-08461e0 vs cand-d785b89)
Finished game 1266 (ref-08461e0 vs cand-d785b89): 1-0 {White wins by adjudication}
Started game 1277 of 40000 (cand-d785b89 vs ref-08461e0)
Finished game 1263 (cand-d785b89 vs ref-08461e0): 0-1 {Black wins by adjudication}
Started game 1278 of 40000 (ref-08461e0 vs cand-d785b89)
Finished game 1268 (ref-08461e0 vs cand-d785b89): 1-0 {White wins by adjudication}
Started game 1279 of 40000 (cand-d785b89 vs ref-08461e0)
Finished game 1265 (cand-d785b89 vs ref-08461e0): 1/2-1/2 {Draw by adjudication}
Started game 1280 of 40000 (ref-08461e0 vs cand-d785b89)
Finished game 1267 (cand-d785b89 vs ref-08461e0): 1-0 {White wins by adjudication}
Started game 1281 of 40000 (cand-d785b89 vs ref-08461e0)
Finished game 1278 (ref-08461e0 vs cand-d785b89): 0-1 {Black wins by adjudication}
Started game 1282 of 40000 (ref-08461e0 vs cand-d785b89)
Finished game 1276 (ref-08461e0 vs cand-d785b89): 0-1 {Black wins by adjudication}
Started game 1283 of 40000 (cand-d785b89 vs ref-08461e0)
Finished game 1271 (cand-d785b89 vs ref-08461e0): 1/2-1/2 {Draw by 3-fold repetition}
Started game 1284 of 40000 (ref-08461e0 vs cand-d785b89)
Finished game 1275 (cand-d785b89 vs ref-08461e0): 1-0 {White wins by adjudication}
Started game 1285 of 40000 (cand-d785b89 vs ref-08461e0)
Finished game 1279 (cand-d785b89 vs ref-08461e0): 1-0 {White wins by adjudication}
Started game 1286 of 40000 (ref-08461e0 vs cand-d785b89)
Finished game 1270 (ref-08461e0 vs cand-d785b89): 0-1 {Black wins by adjudication}
Started game 1287 of 40000 (cand-d785b89 vs ref-08461e0)
Finished game 1273 (cand-d785b89 vs ref-08461e0): 0-1 {Black wins by adjudication}
Started game 1288 of 40000 (ref-08461e0 vs cand-d785b89)
Finished game 1272 (ref-08461e0 vs cand-d785b89): 1/2-1/2 {Draw by insufficient mating material}
Started game 1289 of 40000 (cand-d785b89 vs ref-08461e0)
Finished game 1274 (ref-08461e0 vs cand-d785b89): 1-0 {White wins by adjudication}
Started game 1290 of 40000 (ref-08461e0 vs cand-d785b89)
Finished game 1277 (cand-d785b89 vs ref-08461e0): 1-0 {White wins by adjudication}
Started game 1291 of 40000 (cand-d785b89 vs ref-08461e0)
Finished game 1281 (cand-d785b89 vs ref-08461e0): 1/2-1/2 {Draw by adjudication}
Started game 1292 of 40000 (ref-08461e0 vs cand-d785b89)
Finished game 1282 (ref-08461e0 vs cand-d785b89): 0-1 {Black wins by adjudication}
Started game 1293 of 40000 (cand-d785b89 vs ref-08461e0)
Finished game 1280 (ref-08461e0 vs cand-d785b89): 0-1 {Black wins by adjudication}
--------------------------------------------------
Results of cand-d785b89 vs ref-08461e0 (8+0.08, 1t, 16MB, noob_3moves.epd):
Elo: 46.34 +/- 15.78, nElo: 56.55 +/- 19.02
LOS: 100.00 %, DrawRatio: 32.76 %, PairsRatio: 1.69
Games: 1282, Wins: 513, Losses: 343, Draws: 426, Points: 726.0 (56.63 %)
Ptnml(0-2): [48, 112, 210, 164, 107], WL/DD Ratio: 1.80
LLR: 2.80 (95.0%) (-2.94, 2.94) [0.00, 5.00]
--------------------------------------------------
Started game 1294 of 40000 (ref-08461e0 vs cand-d785b89)
Finished game 1287 (cand-d785b89 vs ref-08461e0): 1-0 {White wins by adjudication}
Started game 1295 of 40000 (cand-d785b89 vs ref-08461e0)
Finished game 1288 (ref-08461e0 vs cand-d785b89): 0-1 {Black wins by adjudication}
Started game 1296 of 40000 (ref-08461e0 vs cand-d785b89)
Finished game 1284 (ref-08461e0 vs cand-d785b89): 1/2-1/2 {Draw by 3-fold repetition}
Started game 1297 of 40000 (cand-d785b89 vs ref-08461e0)
Finished game 1285 (cand-d785b89 vs ref-08461e0): 1/2-1/2 {Draw by adjudication}
Started game 1298 of 40000 (ref-08461e0 vs cand-d785b89)
Finished game 1293 (cand-d785b89 vs ref-08461e0): 0-1 {Black wins by adjudication}
Started game 1299 of 40000 (cand-d785b89 vs ref-08461e0)
Finished game 1292 (ref-08461e0 vs cand-d785b89): 1/2-1/2 {Draw by 3-fold repetition}
Started game 1300 of 40000 (ref-08461e0 vs cand-d785b89)
Finished game 1283 (cand-d785b89 vs ref-08461e0): 1/2-1/2 {Draw by fifty moves rule}
Started game 1301 of 40000 (cand-d785b89 vs ref-08461e0)
Finished game 1290 (ref-08461e0 vs cand-d785b89): 1/2-1/2 {Draw by adjudication}
Started game 1302 of 40000 (ref-08461e0 vs cand-d785b89)
Finished game 1294 (ref-08461e0 vs cand-d785b89): 1-0 {White wins by adjudication}
Started game 1303 of 40000 (cand-d785b89 vs ref-08461e0)
Finished game 1286 (ref-08461e0 vs cand-d785b89): 1/2-1/2 {Draw by adjudication}
Started game 1304 of 40000 (ref-08461e0 vs cand-d785b89)
Finished game 1291 (cand-d785b89 vs ref-08461e0): 0-1 {Black wins by adjudication}
Started game 1305 of 40000 (cand-d785b89 vs ref-08461e0)
Finished game 1296 (ref-08461e0 vs cand-d785b89): 0-1 {Black wins by adjudication}
Started game 1306 of 40000 (ref-08461e0 vs cand-d785b89)
Finished game 1289 (cand-d785b89 vs ref-08461e0): 1/2-1/2 {Draw by fifty moves rule}
Started game 1307 of 40000 (cand-d785b89 vs ref-08461e0)
Finished game 1299 (cand-d785b89 vs ref-08461e0): 0-1 {Black wins by adjudication}
Started game 1308 of 40000 (ref-08461e0 vs cand-d785b89)
Finished game 1297 (cand-d785b89 vs ref-08461e0): 1-0 {White wins by adjudication}
Started game 1309 of 40000 (cand-d785b89 vs ref-08461e0)
Finished game 1303 (cand-d785b89 vs ref-08461e0): 1-0 {White wins by adjudication}
Started game 1310 of 40000 (ref-08461e0 vs cand-d785b89)
Finished game 1298 (ref-08461e0 vs cand-d785b89): 0-1 {Black wins by adjudication}
Started game 1311 of 40000 (cand-d785b89 vs ref-08461e0)
Finished game 1300 (ref-08461e0 vs cand-d785b89): 0-1 {Black wins by adjudication}
--------------------------------------------------
Results of cand-d785b89 vs ref-08461e0 (8+0.08, 1t, 16MB, noob_3moves.epd):
Elo: 46.04 +/- 15.70, nElo: 56.10 +/- 18.90
LOS: 100.00 %, DrawRatio: 32.97 %, PairsRatio: 1.69
Games: 1298, Wins: 518, Losses: 347, Draws: 433, Points: 734.5 (56.59 %)
Ptnml(0-2): [49, 113, 214, 164, 109], WL/DD Ratio: 1.74
LLR: 2.81 (95.4%) (-2.94, 2.94) [0.00, 5.00]
--------------------------------------------------
Started game 1312 of 40000 (ref-08461e0 vs cand-d785b89)
Finished game 1295 (cand-d785b89 vs ref-08461e0): 1/2-1/2 {Draw by adjudication}
Started game 1313 of 40000 (cand-d785b89 vs ref-08461e0)
Finished game 1301 (cand-d785b89 vs ref-08461e0): 0-1 {Black wins by adjudication}
Started game 1314 of 40000 (ref-08461e0 vs cand-d785b89)
Finished game 1304 (ref-08461e0 vs cand-d785b89): 0-1 {Black wins by adjudication}
Started game 1315 of 40000 (cand-d785b89 vs ref-08461e0)
Finished game 1305 (cand-d785b89 vs ref-08461e0): 0-1 {Black wins by adjudication}
Started game 1316 of 40000 (ref-08461e0 vs cand-d785b89)
Finished game 1311 (cand-d785b89 vs ref-08461e0): 0-1 {Black wins by adjudication}
Started game 1317 of 40000 (cand-d785b89 vs ref-08461e0)
Finished game 1309 (cand-d785b89 vs ref-08461e0): 1-0 {White wins by adjudication}
Started game 1318 of 40000 (ref-08461e0 vs cand-d785b89)
Finished game 1310 (ref-08461e0 vs cand-d785b89): 0-1 {Black wins by adjudication}
Started game 1319 of 40000 (cand-d785b89 vs ref-08461e0)
Finished game 1306 (ref-08461e0 vs cand-d785b89): 1/2-1/2 {Draw by insufficient mating material}
Started game 1320 of 40000 (ref-08461e0 vs cand-d785b89)
Finished game 1314 (ref-08461e0 vs cand-d785b89): 1-0 {White wins by adjudication}
Started game 1321 of 40000 (cand-d785b89 vs ref-08461e0)
Finished game 1312 (ref-08461e0 vs cand-d785b89): 1-0 {White wins by adjudication}
Started game 1322 of 40000 (ref-08461e0 vs cand-d785b89)
Finished game 1307 (cand-d785b89 vs ref-08461e0): 1/2-1/2 {Draw by insufficient mating material}
Started game 1323 of 40000 (cand-d785b89 vs ref-08461e0)
Finished game 1308 (ref-08461e0 vs cand-d785b89): 1/2-1/2 {Draw by fifty moves rule}
Started game 1324 of 40000 (ref-08461e0 vs cand-d785b89)
Finished game 1318 (ref-08461e0 vs cand-d785b89): 1/2-1/2 {Draw by 3-fold repetition}
Started game 1325 of 40000 (cand-d785b89 vs ref-08461e0)
Finished game 1313 (cand-d785b89 vs ref-08461e0): 1-0 {White wins by adjudication}
Started game 1326 of 40000 (ref-08461e0 vs cand-d785b89)
Finished game 1316 (ref-08461e0 vs cand-d785b89): 0-1 {Black wins by adjudication}
Started game 1327 of 40000 (cand-d785b89 vs ref-08461e0)
Finished game 1317 (cand-d785b89 vs ref-08461e0): 1/2-1/2 {Draw by 3-fold repetition}
Started game 1328 of 40000 (ref-08461e0 vs cand-d785b89)
Finished game 1322 (ref-08461e0 vs cand-d785b89): 1-0 {White wins by adjudication}
Started game 1329 of 40000 (cand-d785b89 vs ref-08461e0)
Finished game 1315 (cand-d785b89 vs ref-08461e0): 1/2-1/2 {Draw by adjudication}
Started game 1330 of 40000 (ref-08461e0 vs cand-d785b89)
Finished game 1319 (cand-d785b89 vs ref-08461e0): 1-0 {White wins by adjudication}
Started game 1331 of 40000 (cand-d785b89 vs ref-08461e0)
Finished game 1326 (ref-08461e0 vs cand-d785b89): 0-1 {Black wins by adjudication}
Started game 1332 of 40000 (ref-08461e0 vs cand-d785b89)
Finished game 1323 (cand-d785b89 vs ref-08461e0): 1/2-1/2 {Draw by 3-fold repetition}
Started game 1333 of 40000 (cand-d785b89 vs ref-08461e0)
Finished game 1302 (ref-08461e0 vs cand-d785b89): 1/2-1/2 {Draw by fifty moves rule}
Started game 1334 of 40000 (ref-08461e0 vs cand-d785b89)
Finished game 1324 (ref-08461e0 vs cand-d785b89): 1-0 {White wins by adjudication}
Started game 1335 of 40000 (cand-d785b89 vs ref-08461e0)
Finished game 1320 (ref-08461e0 vs cand-d785b89): 0-1 {Black wins by adjudication}
--------------------------------------------------
Results of cand-d785b89 vs ref-08461e0 (8+0.08, 1t, 16MB, noob_3moves.epd):
Elo: 46.00 +/- 15.60, nElo: 55.92 +/- 18.73
LOS: 100.00 %, DrawRatio: 32.83 %, PairsRatio: 1.67
Games: 1322, Wins: 527, Losses: 353, Draws: 442, Points: 748.0 (56.58 %)
Ptnml(0-2): [50, 116, 217, 166, 112], WL/DD Ratio: 1.71
LLR: 2.85 (96.9%) (-2.94, 2.94) [0.00, 5.00]
--------------------------------------------------
Started game 1336 of 40000 (ref-08461e0 vs cand-d785b89)
Finished game 1329 (cand-d785b89 vs ref-08461e0): 1-0 {White wins by adjudication}
Started game 1337 of 40000 (cand-d785b89 vs ref-08461e0)
Finished game 1325 (cand-d785b89 vs ref-08461e0): 1/2-1/2 {Draw by insufficient mating material}
Started game 1338 of 40000 (ref-08461e0 vs cand-d785b89)
Finished game 1327 (cand-d785b89 vs ref-08461e0): 0-1 {Black wins by adjudication}
Started game 1339 of 40000 (cand-d785b89 vs ref-08461e0)
Finished game 1331 (cand-d785b89 vs ref-08461e0): 1-0 {White wins by adjudication}
Started game 1340 of 40000 (ref-08461e0 vs cand-d785b89)
Finished game 1328 (ref-08461e0 vs cand-d785b89): 1-0 {White wins by adjudication}
Started game 1341 of 40000 (cand-d785b89 vs ref-08461e0)
Finished game 1321 (cand-d785b89 vs ref-08461e0): 1/2-1/2 {Draw by insufficient mating material}
Started game 1342 of 40000 (ref-08461e0 vs cand-d785b89)
Finished game 1335 (cand-d785b89 vs ref-08461e0): 1-0 {White wins by adjudication}
Started game 1343 of 40000 (cand-d785b89 vs ref-08461e0)
Finished game 1330 (ref-08461e0 vs cand-d785b89): 0-1 {Black wins by adjudication}
Started game 1344 of 40000 (ref-08461e0 vs cand-d785b89)
Finished game 1334 (ref-08461e0 vs cand-d785b89): 1/2-1/2 {Draw by 3-fold repetition}
Started game 1345 of 40000 (cand-d785b89 vs ref-08461e0)
Finished game 1332 (ref-08461e0 vs cand-d785b89): 0-1 {Black wins by adjudication}
Started game 1346 of 40000 (ref-08461e0 vs cand-d785b89)
Finished game 1336 (ref-08461e0 vs cand-d785b89): 0-1 {Black wins by adjudication}
Started game 1347 of 40000 (cand-d785b89 vs ref-08461e0)
Finished game 1333 (cand-d785b89 vs ref-08461e0): 0-1 {Black wins by adjudication}
Started game 1348 of 40000 (ref-08461e0 vs cand-d785b89)
Finished game 1337 (cand-d785b89 vs ref-08461e0): 1-0 {White wins by adjudication}
Started game 1349 of 40000 (cand-d785b89 vs ref-08461e0)
Finished game 1339 (cand-d785b89 vs ref-08461e0): 1/2-1/2 {Draw by 3-fold repetition}
Started game 1350 of 40000 (ref-08461e0 vs cand-d785b89)
Finished game 1342 (ref-08461e0 vs cand-d785b89): 1-0 {White wins by adjudication}
Started game 1351 of 40000 (cand-d785b89 vs ref-08461e0)
Finished game 1341 (cand-d785b89 vs ref-08461e0): 0-1 {Black wins by adjudication}
Started game 1352 of 40000 (ref-08461e0 vs cand-d785b89)
Finished game 1348 (ref-08461e0 vs cand-d785b89): 0-1 {Black wins by adjudication}
Started game 1353 of 40000 (cand-d785b89 vs ref-08461e0)
Finished game 1338 (ref-08461e0 vs cand-d785b89): 1/2-1/2 {Draw by 3-fold repetition}
Started game 1354 of 40000 (ref-08461e0 vs cand-d785b89)
Finished game 1340 (ref-08461e0 vs cand-d785b89): 0-1 {Black wins by adjudication}
--------------------------------------------------
Results of cand-d785b89 vs ref-08461e0 (8+0.08, 1t, 16MB, noob_3moves.epd):
Elo: 46.09 +/- 15.57, nElo: 55.70 +/- 18.59
LOS: 100.00 %, DrawRatio: 32.34 %, PairsRatio: 1.67
Games: 1342, Wins: 536, Losses: 359, Draws: 447, Points: 759.5 (56.59 %)
Ptnml(0-2): [52, 118, 217, 169, 115], WL/DD Ratio: 1.71
LLR: 2.88 (98.0%) (-2.94, 2.94) [0.00, 5.00]
--------------------------------------------------
Started game 1355 of 40000 (cand-d785b89 vs ref-08461e0)
Finished game 1344 (ref-08461e0 vs cand-d785b89): 0-1 {Black wins by adjudication}
Started game 1356 of 40000 (ref-08461e0 vs cand-d785b89)
Finished game 1346 (ref-08461e0 vs cand-d785b89): 1-0 {White wins by adjudication}
Started game 1357 of 40000 (cand-d785b89 vs ref-08461e0)
Finished game 1349 (cand-d785b89 vs ref-08461e0): 0-1 {Black wins by adjudication}
Started game 1358 of 40000 (ref-08461e0 vs cand-d785b89)
Finished game 1343 (cand-d785b89 vs ref-08461e0): 0-1 {Black wins by adjudication}
Started game 1359 of 40000 (cand-d785b89 vs ref-08461e0)
Finished game 1351 (cand-d785b89 vs ref-08461e0): 0-1 {Black wins by adjudication}
Started game 1360 of 40000 (ref-08461e0 vs cand-d785b89)
Finished game 1352 (ref-08461e0 vs cand-d785b89): 0-1 {Black wins by adjudication}
Started game 1361 of 40000 (cand-d785b89 vs ref-08461e0)
Finished game 1350 (ref-08461e0 vs cand-d785b89): 0-1 {Black wins by adjudication}
Started game 1362 of 40000 (ref-08461e0 vs cand-d785b89)
Finished game 1353 (cand-d785b89 vs ref-08461e0): 0-1 {Black wins by adjudication}
Started game 1363 of 40000 (cand-d785b89 vs ref-08461e0)
Finished game 1355 (cand-d785b89 vs ref-08461e0): 1-0 {White wins by adjudication}
Started game 1364 of 40000 (ref-08461e0 vs cand-d785b89)
Finished game 1347 (cand-d785b89 vs ref-08461e0): 1/2-1/2 {Draw by insufficient mating material}
Started game 1365 of 40000 (cand-d785b89 vs ref-08461e0)
Finished game 1354 (ref-08461e0 vs cand-d785b89): 0-1 {Black wins by adjudication}
Started game 1366 of 40000 (ref-08461e0 vs cand-d785b89)
Finished game 1356 (ref-08461e0 vs cand-d785b89): 0-1 {Black wins by adjudication}
Started game 1367 of 40000 (cand-d785b89 vs ref-08461e0)
Finished game 1345 (cand-d785b89 vs ref-08461e0): 1/2-1/2 {Draw by fifty moves rule}
Started game 1368 of 40000 (ref-08461e0 vs cand-d785b89)
Finished game 1357 (cand-d785b89 vs ref-08461e0): 1-0 {White wins by adjudication}
Started game 1369 of 40000 (cand-d785b89 vs ref-08461e0)
Finished game 1363 (cand-d785b89 vs ref-08461e0): 1-0 {White wins by adjudication}
Started game 1370 of 40000 (ref-08461e0 vs cand-d785b89)
Finished game 1359 (cand-d785b89 vs ref-08461e0): 1/2-1/2 {Draw by 3-fold repetition}
Started game 1371 of 40000 (cand-d785b89 vs ref-08461e0)
Finished game 1360 (ref-08461e0 vs cand-d785b89): 0-1 {Black wins by adjudication}
--------------------------------------------------
Results of cand-d785b89 vs ref-08461e0 (8+0.08, 1t, 16MB, noob_3moves.epd):
Elo: 46.32 +/- 15.44, nElo: 56.13 +/- 18.48
LOS: 100.00 %, DrawRatio: 32.55 %, PairsRatio: 1.68
Games: 1358, Wins: 544, Losses: 364, Draws: 450, Points: 769.0 (56.63 %)
Ptnml(0-2): [52, 119, 221, 171, 116], WL/DD Ratio: 1.76
LLR: 2.94 (99.9%) (-2.94, 2.94) [0.00, 5.00]
--------------------------------------------------
Started game 1372 of 40000 (ref-08461e0 vs cand-d785b89)
Finished game 1361 (cand-d785b89 vs ref-08461e0): 1-0 {White wins by adjudication}
Started game 1373 of 40000 (cand-d785b89 vs ref-08461e0)
Finished game 1366 (ref-08461e0 vs cand-d785b89): 1-0 {White wins by adjudication}
Started game 1374 of 40000 (ref-08461e0 vs cand-d785b89)
Finished game 1358 (ref-08461e0 vs cand-d785b89): 1/2-1/2 {Draw by insufficient mating material}
--------------------------------------------------
Results of cand-d785b89 vs ref-08461e0 (8+0.08, 1t, 16MB, noob_3moves.epd):
Elo: 46.52 +/- 15.43, nElo: 56.38 +/- 18.47
LOS: 100.00 %, DrawRatio: 32.50 %, PairsRatio: 1.68
Games: 1360, Wins: 545, Losses: 364, Draws: 451, Points: 770.5 (56.65 %)
Ptnml(0-2): [52, 119, 221, 172, 116], WL/DD Ratio: 1.76
LLR: 2.96 (100.5%) (-2.94, 2.94) [0.00, 5.00]
--------------------------------------------------
SPRT ([0.00, 5.00]) completed - H1 was accepted
Finished match
Total Time: 00:38:00 (hours:minutes:seconds)


=== 1363 games in /home/max/ws/chesso/.tuning/sprt_s091_20260914_172203/games.pgn ===
   1015 [Termination "adjudication"]
    348 [Termination "normal"]
draws     451 of 1363, 33.1 %
decisive  912 of 1363, 66.9 %
forfeits  0 of 1363, 0.00 %
SPRT-RUN-DONE full /home/max/ws/chesso/.tuning/sprt_s091_20260914_172203
