Building reference a771260 ...
Preparing worktree (detached HEAD a771260)
-- Arch native (-march=native) -- THIS MACHINE ONLY, never distributed
-- Sanitizer OFF
-- Tune build OFF
-- PGO off
-- Test timeout 60s (build type Release)
Building reference 50fd965 ...
Preparing worktree (detached HEAD 50fd965)
-- Arch native (-march=native) -- THIS MACHINE ONLY, never distributed
-- Sanitizer OFF
-- Tune build OFF
-- PGO off
-- Test timeout 60s (build type Release)
candidate  a771260  2026-09-16
reference  50fd965  2026-09-16
config     arch native  tune off
tc 8+0.08  hash 16  concurrency 12 of 12 cores
book       noob_3moves.epd
seed       20260916115932
bounds     elo0=0 elo1=5 alpha=0.05 beta=0.05
out        /home/max/ws/chesso/.tuning/sprt_s098_v2_20260916_115932

id name    cand-a771260  Chesso a771260 native
id name    ref-50fd965  Chesso 50fd965 native

Indexing opening suite...
Started game 1 of 40000 (cand-a771260 vs ref-50fd965)
Started game 3 of 40000 (cand-a771260 vs ref-50fd965)
Started game 2 of 40000 (ref-50fd965 vs cand-a771260)
Started game 7 of 40000 (cand-a771260 vs ref-50fd965)
Started game 4 of 40000 (ref-50fd965 vs cand-a771260)
Started game 10 of 40000 (ref-50fd965 vs cand-a771260)
Started game 12 of 40000 (ref-50fd965 vs cand-a771260)
Started game 9 of 40000 (cand-a771260 vs ref-50fd965)
Started game 5 of 40000 (cand-a771260 vs ref-50fd965)
Started game 6 of 40000 (ref-50fd965 vs cand-a771260)
Started game 11 of 40000 (cand-a771260 vs ref-50fd965)
Started game 8 of 40000 (ref-50fd965 vs cand-a771260)
Finished game 3 (cand-a771260 vs ref-50fd965): 1-0 {White wins by adjudication}
Started game 13 of 40000 (cand-a771260 vs ref-50fd965)
Finished game 9 (cand-a771260 vs ref-50fd965): 1-0 {White wins by adjudication}
Started game 14 of 40000 (ref-50fd965 vs cand-a771260)
Finished game 1 (cand-a771260 vs ref-50fd965): 1/2-1/2 {Draw by 3-fold repetition}
Started game 15 of 40000 (cand-a771260 vs ref-50fd965)
Finished game 7 (cand-a771260 vs ref-50fd965): 1/2-1/2 {Draw by 3-fold repetition}
Started game 16 of 40000 (ref-50fd965 vs cand-a771260)
Finished game 12 (ref-50fd965 vs cand-a771260): 0-1 {Black wins by adjudication}
Started game 17 of 40000 (cand-a771260 vs ref-50fd965)
Finished game 6 (ref-50fd965 vs cand-a771260): 1-0 {White wins by adjudication}
Started game 18 of 40000 (ref-50fd965 vs cand-a771260)
Finished game 5 (cand-a771260 vs ref-50fd965): 1-0 {White wins by adjudication}
Started game 19 of 40000 (cand-a771260 vs ref-50fd965)
Finished game 2 (ref-50fd965 vs cand-a771260): 1-0 {White wins by adjudication}
Started game 20 of 40000 (ref-50fd965 vs cand-a771260)
Finished game 10 (ref-50fd965 vs cand-a771260): 1/2-1/2 {Draw by insufficient mating material}
Started game 21 of 40000 (cand-a771260 vs ref-50fd965)
Finished game 4 (ref-50fd965 vs cand-a771260): 1-0 {White wins by adjudication}
Started game 22 of 40000 (ref-50fd965 vs cand-a771260)
Finished game 8 (ref-50fd965 vs cand-a771260): 0-1 {Black wins by adjudication}
Started game 23 of 40000 (cand-a771260 vs ref-50fd965)
Finished game 20 (ref-50fd965 vs cand-a771260): 0-1 {Black wins by adjudication}
Started game 24 of 40000 (ref-50fd965 vs cand-a771260)
Finished game 14 (ref-50fd965 vs cand-a771260): 1/2-1/2 {Draw by adjudication}
Started game 25 of 40000 (cand-a771260 vs ref-50fd965)
Finished game 15 (cand-a771260 vs ref-50fd965): 0-1 {Black wins by adjudication}
Started game 26 of 40000 (ref-50fd965 vs cand-a771260)
Finished game 18 (ref-50fd965 vs cand-a771260): 1-0 {White wins by adjudication}
Started game 27 of 40000 (cand-a771260 vs ref-50fd965)
Finished game 11 (cand-a771260 vs ref-50fd965): 1/2-1/2 {Draw by stalemate}
Started game 28 of 40000 (ref-50fd965 vs cand-a771260)
Finished game 17 (cand-a771260 vs ref-50fd965): 1-0 {White wins by adjudication}
Started game 29 of 40000 (cand-a771260 vs ref-50fd965)
Finished game 13 (cand-a771260 vs ref-50fd965): 1/2-1/2 {Draw by 3-fold repetition}
Started game 30 of 40000 (ref-50fd965 vs cand-a771260)
Finished game 21 (cand-a771260 vs ref-50fd965): 1/2-1/2 {Draw by adjudication}
Started game 31 of 40000 (cand-a771260 vs ref-50fd965)
Finished game 22 (ref-50fd965 vs cand-a771260): 1/2-1/2 {Draw by adjudication}
Started game 32 of 40000 (ref-50fd965 vs cand-a771260)
Finished game 25 (cand-a771260 vs ref-50fd965): 0-1 {Black wins by adjudication}
Started game 33 of 40000 (cand-a771260 vs ref-50fd965)
Finished game 19 (cand-a771260 vs ref-50fd965): 0-1 {Black wins by adjudication}
--------------------------------------------------
Results of cand-a771260 vs ref-50fd965 (8+0.08, 1t, 16MB, noob_3moves.epd):
Elo: 34.86 +/- 66.06, nElo: 81.89 +/- 152.27
LOS: 85.41 %, DrawRatio: 60.00 %, PairsRatio: 3.00
Games: 20, Wins: 7, Losses: 5, Draws: 8, Points: 11.0 (55.00 %)
Ptnml(0-2): [0, 1, 6, 3, 0], WL/DD Ratio: 2.00
LLR: 0.06 (2.1%) (-2.94, 2.94) [0.00, 5.00]
--------------------------------------------------
Started game 34 of 40000 (ref-50fd965 vs cand-a771260)
Finished game 23 (cand-a771260 vs ref-50fd965): 1/2-1/2 {Draw by 3-fold repetition}
Started game 35 of 40000 (cand-a771260 vs ref-50fd965)
Finished game 24 (ref-50fd965 vs cand-a771260): 0-1 {Black wins by adjudication}
Started game 36 of 40000 (ref-50fd965 vs cand-a771260)
Finished game 28 (ref-50fd965 vs cand-a771260): 0-1 {Black wins by adjudication}
Started game 37 of 40000 (cand-a771260 vs ref-50fd965)
Finished game 26 (ref-50fd965 vs cand-a771260): 0-1 {Black wins by adjudication}
Started game 38 of 40000 (ref-50fd965 vs cand-a771260)
Finished game 27 (cand-a771260 vs ref-50fd965): 1-0 {White wins by adjudication}
Started game 39 of 40000 (cand-a771260 vs ref-50fd965)
Finished game 30 (ref-50fd965 vs cand-a771260): 0-1 {Black wins by adjudication}
Started game 40 of 40000 (ref-50fd965 vs cand-a771260)
Finished game 16 (ref-50fd965 vs cand-a771260): 1/2-1/2 {Draw by fifty moves rule}
Started game 41 of 40000 (cand-a771260 vs ref-50fd965)
Finished game 31 (cand-a771260 vs ref-50fd965): 1-0 {White wins by adjudication}
Started game 42 of 40000 (ref-50fd965 vs cand-a771260)
Finished game 29 (cand-a771260 vs ref-50fd965): 0-1 {Black wins by adjudication}
Started game 43 of 40000 (cand-a771260 vs ref-50fd965)
Finished game 33 (cand-a771260 vs ref-50fd965): 0-1 {Black wins by adjudication}
Started game 44 of 40000 (ref-50fd965 vs cand-a771260)
Finished game 32 (ref-50fd965 vs cand-a771260): 1-0 {White wins by adjudication}
Started game 45 of 40000 (cand-a771260 vs ref-50fd965)
Finished game 34 (ref-50fd965 vs cand-a771260): 1/2-1/2 {Draw by 3-fold repetition}
Started game 46 of 40000 (ref-50fd965 vs cand-a771260)
Finished game 39 (cand-a771260 vs ref-50fd965): 1/2-1/2 {Draw by 3-fold repetition}
Started game 47 of 40000 (cand-a771260 vs ref-50fd965)
Finished game 42 (ref-50fd965 vs cand-a771260): 1/2-1/2 {Draw by 3-fold repetition}
Started game 48 of 40000 (ref-50fd965 vs cand-a771260)
Finished game 36 (ref-50fd965 vs cand-a771260): 1-0 {White wins by adjudication}
Started game 49 of 40000 (cand-a771260 vs ref-50fd965)
Finished game 38 (ref-50fd965 vs cand-a771260): 1/2-1/2 {Draw by 3-fold repetition}
Started game 50 of 40000 (ref-50fd965 vs cand-a771260)
Finished game 41 (cand-a771260 vs ref-50fd965): 1/2-1/2 {Draw by 3-fold repetition}
Started game 51 of 40000 (cand-a771260 vs ref-50fd965)
Finished game 37 (cand-a771260 vs ref-50fd965): 1/2-1/2 {Draw by 3-fold repetition}
Started game 52 of 40000 (ref-50fd965 vs cand-a771260)
Finished game 40 (ref-50fd965 vs cand-a771260): 0-1 {Black wins by adjudication}
--------------------------------------------------
Results of cand-a771260 vs ref-50fd965 (8+0.08, 1t, 16MB, noob_3moves.epd):
Elo: 34.86 +/- 58.10, nElo: 65.66 +/- 107.67
LOS: 88.40 %, DrawRatio: 55.00 %, PairsRatio: 2.00
Games: 40, Wins: 14, Losses: 10, Draws: 16, Points: 22.0 (55.00 %)
Ptnml(0-2): [0, 3, 11, 5, 1], WL/DD Ratio: 1.75
LLR: 0.11 (3.6%) (-2.94, 2.94) [0.00, 5.00]
--------------------------------------------------
Started game 53 of 40000 (cand-a771260 vs ref-50fd965)
Finished game 35 (cand-a771260 vs ref-50fd965): 1-0 {White wins by adjudication}
Started game 54 of 40000 (ref-50fd965 vs cand-a771260)
Finished game 47 (cand-a771260 vs ref-50fd965): 1/2-1/2 {Draw by 3-fold repetition}
Started game 55 of 40000 (cand-a771260 vs ref-50fd965)
Finished game 46 (ref-50fd965 vs cand-a771260): 0-1 {Black wins by adjudication}
Started game 56 of 40000 (ref-50fd965 vs cand-a771260)
Finished game 45 (cand-a771260 vs ref-50fd965): 1-0 {White wins by adjudication}
Started game 57 of 40000 (cand-a771260 vs ref-50fd965)
Finished game 44 (ref-50fd965 vs cand-a771260): 1/2-1/2 {Draw by insufficient mating material}
Started game 58 of 40000 (ref-50fd965 vs cand-a771260)
Finished game 50 (ref-50fd965 vs cand-a771260): 1/2-1/2 {Draw by 3-fold repetition}
Started game 59 of 40000 (cand-a771260 vs ref-50fd965)
Finished game 49 (cand-a771260 vs ref-50fd965): 1-0 {White wins by adjudication}
Started game 60 of 40000 (ref-50fd965 vs cand-a771260)
Finished game 51 (cand-a771260 vs ref-50fd965): 1-0 {White wins by adjudication}
Started game 61 of 40000 (cand-a771260 vs ref-50fd965)
Finished game 43 (cand-a771260 vs ref-50fd965): 1/2-1/2 {Draw by 3-fold repetition}
Started game 62 of 40000 (ref-50fd965 vs cand-a771260)
Finished game 52 (ref-50fd965 vs cand-a771260): 1-0 {White wins by adjudication}
Started game 63 of 40000 (cand-a771260 vs ref-50fd965)
Finished game 56 (ref-50fd965 vs cand-a771260): 0-1 {Black wins by adjudication}
Started game 64 of 40000 (ref-50fd965 vs cand-a771260)
Finished game 48 (ref-50fd965 vs cand-a771260): 1/2-1/2 {Draw by insufficient mating material}
Started game 65 of 40000 (cand-a771260 vs ref-50fd965)
Finished game 54 (ref-50fd965 vs cand-a771260): 0-1 {Black wins by adjudication}
Started game 66 of 40000 (ref-50fd965 vs cand-a771260)
Finished game 59 (cand-a771260 vs ref-50fd965): 1-0 {White wins by adjudication}
Started game 67 of 40000 (cand-a771260 vs ref-50fd965)
Finished game 57 (cand-a771260 vs ref-50fd965): 1/2-1/2 {Draw by 3-fold repetition}
Started game 68 of 40000 (ref-50fd965 vs cand-a771260)
Finished game 55 (cand-a771260 vs ref-50fd965): 1/2-1/2 {Draw by 3-fold repetition}
Started game 69 of 40000 (cand-a771260 vs ref-50fd965)
Finished game 53 (cand-a771260 vs ref-50fd965): 0-1 {Black wins by adjudication}
Started game 70 of 40000 (ref-50fd965 vs cand-a771260)
Finished game 58 (ref-50fd965 vs cand-a771260): 0-1 {Black wins by adjudication}
Started game 71 of 40000 (cand-a771260 vs ref-50fd965)
Finished game 61 (cand-a771260 vs ref-50fd965): 1/2-1/2 {Draw by 3-fold repetition}
Started game 72 of 40000 (ref-50fd965 vs cand-a771260)
Finished game 60 (ref-50fd965 vs cand-a771260): 1/2-1/2 {Draw by 3-fold repetition}
--------------------------------------------------
Results of cand-a771260 vs ref-50fd965 (8+0.08, 1t, 16MB, noob_3moves.epd):
Elo: 58.45 +/- 47.99, nElo: 109.87 +/- 87.91
LOS: 99.28 %, DrawRatio: 53.33 %, PairsRatio: 3.67
Games: 60, Wins: 23, Losses: 13, Draws: 24, Points: 35.0 (58.33 %)
Ptnml(0-2): [0, 3, 16, 9, 2], WL/DD Ratio: 1.67
LLR: 0.24 (8.3%) (-2.94, 2.94) [0.00, 5.00]
--------------------------------------------------
Started game 73 of 40000 (cand-a771260 vs ref-50fd965)
Finished game 63 (cand-a771260 vs ref-50fd965): 1/2-1/2 {Draw by 3-fold repetition}
Started game 74 of 40000 (ref-50fd965 vs cand-a771260)
Finished game 64 (ref-50fd965 vs cand-a771260): 0-1 {Black wins by adjudication}
Started game 75 of 40000 (cand-a771260 vs ref-50fd965)
Finished game 73 (cand-a771260 vs ref-50fd965): 1-0 {White wins by adjudication}
Started game 76 of 40000 (ref-50fd965 vs cand-a771260)
Finished game 62 (ref-50fd965 vs cand-a771260): 0-1 {Black wins by adjudication}
Started game 77 of 40000 (cand-a771260 vs ref-50fd965)
Finished game 71 (cand-a771260 vs ref-50fd965): 1-0 {White wins by adjudication}
Started game 78 of 40000 (ref-50fd965 vs cand-a771260)
Finished game 70 (ref-50fd965 vs cand-a771260): 0-1 {Black wins by adjudication}
Started game 79 of 40000 (cand-a771260 vs ref-50fd965)
Finished game 67 (cand-a771260 vs ref-50fd965): 1-0 {White wins by adjudication}
Started game 80 of 40000 (ref-50fd965 vs cand-a771260)
Finished game 66 (ref-50fd965 vs cand-a771260): 0-1 {Black wins by adjudication}
Started game 81 of 40000 (cand-a771260 vs ref-50fd965)
Finished game 69 (cand-a771260 vs ref-50fd965): 1-0 {White wins by adjudication}
Started game 82 of 40000 (ref-50fd965 vs cand-a771260)
Finished game 65 (cand-a771260 vs ref-50fd965): 0-1 {Black wins by adjudication}
Started game 83 of 40000 (cand-a771260 vs ref-50fd965)
Finished game 75 (cand-a771260 vs ref-50fd965): 1-0 {White wins by adjudication}
Started game 84 of 40000 (ref-50fd965 vs cand-a771260)
Finished game 77 (cand-a771260 vs ref-50fd965): 0-1 {Black wins by adjudication}
Started game 85 of 40000 (cand-a771260 vs ref-50fd965)
Finished game 74 (ref-50fd965 vs cand-a771260): 1/2-1/2 {Draw by insufficient mating material}
Started game 86 of 40000 (ref-50fd965 vs cand-a771260)
Finished game 81 (cand-a771260 vs ref-50fd965): 1-0 {White wins by adjudication}
Started game 87 of 40000 (cand-a771260 vs ref-50fd965)
Finished game 68 (ref-50fd965 vs cand-a771260): 1/2-1/2 {Draw by adjudication}
Started game 88 of 40000 (ref-50fd965 vs cand-a771260)
Finished game 76 (ref-50fd965 vs cand-a771260): 0-1 {Black wins by adjudication}
Started game 89 of 40000 (cand-a771260 vs ref-50fd965)
Finished game 78 (ref-50fd965 vs cand-a771260): 1-0 {White wins by adjudication}
Started game 90 of 40000 (ref-50fd965 vs cand-a771260)
Finished game 83 (cand-a771260 vs ref-50fd965): 1/2-1/2 {Draw by 3-fold repetition}
Started game 91 of 40000 (cand-a771260 vs ref-50fd965)
Finished game 72 (ref-50fd965 vs cand-a771260): 1-0 {White wins by adjudication}
Started game 92 of 40000 (ref-50fd965 vs cand-a771260)
Finished game 79 (cand-a771260 vs ref-50fd965): 1-0 {White wins by adjudication}
Started game 93 of 40000 (cand-a771260 vs ref-50fd965)
Finished game 80 (ref-50fd965 vs cand-a771260): 1/2-1/2 {Draw by 3-fold repetition}
--------------------------------------------------
Results of cand-a771260 vs ref-50fd965 (8+0.08, 1t, 16MB, noob_3moves.epd):
Elo: 74.97 +/- 49.01, nElo: 121.02 +/- 76.13
LOS: 99.91 %, DrawRatio: 45.00 %, PairsRatio: 4.50
Games: 80, Wins: 34, Losses: 17, Draws: 29, Points: 48.5 (60.62 %)
Ptnml(0-2): [1, 3, 18, 14, 4], WL/DD Ratio: 2.00
LLR: 0.33 (11.1%) (-2.94, 2.94) [0.00, 5.00]
--------------------------------------------------
Started game 94 of 40000 (ref-50fd965 vs cand-a771260)
Finished game 84 (ref-50fd965 vs cand-a771260): 1-0 {White wins by adjudication}
Started game 95 of 40000 (cand-a771260 vs ref-50fd965)
Finished game 90 (ref-50fd965 vs cand-a771260): 0-1 {Black wins by adjudication}
Started game 96 of 40000 (ref-50fd965 vs cand-a771260)
Finished game 85 (cand-a771260 vs ref-50fd965): 0-1 {Black wins by adjudication}
Started game 97 of 40000 (cand-a771260 vs ref-50fd965)
Finished game 88 (ref-50fd965 vs cand-a771260): 1-0 {White wins by adjudication}
Started game 98 of 40000 (ref-50fd965 vs cand-a771260)
Finished game 82 (ref-50fd965 vs cand-a771260): 1/2-1/2 {Draw by adjudication}
Started game 99 of 40000 (cand-a771260 vs ref-50fd965)
Finished game 89 (cand-a771260 vs ref-50fd965): 0-1 {Black wins by adjudication}
Started game 100 of 40000 (ref-50fd965 vs cand-a771260)
Finished game 93 (cand-a771260 vs ref-50fd965): 1/2-1/2 {Draw by 3-fold repetition}
Started game 101 of 40000 (cand-a771260 vs ref-50fd965)
Finished game 86 (ref-50fd965 vs cand-a771260): 0-1 {Black wins by adjudication}
Started game 102 of 40000 (ref-50fd965 vs cand-a771260)
Finished game 87 (cand-a771260 vs ref-50fd965): 1/2-1/2 {Draw by adjudication}
Started game 103 of 40000 (cand-a771260 vs ref-50fd965)
Finished game 92 (ref-50fd965 vs cand-a771260): 0-1 {Black wins by adjudication}
Started game 104 of 40000 (ref-50fd965 vs cand-a771260)
Finished game 91 (cand-a771260 vs ref-50fd965): 1/2-1/2 {Draw by 3-fold repetition}
Started game 105 of 40000 (cand-a771260 vs ref-50fd965)
Finished game 94 (ref-50fd965 vs cand-a771260): 0-1 {Black wins by adjudication}
Started game 106 of 40000 (ref-50fd965 vs cand-a771260)
Finished game 96 (ref-50fd965 vs cand-a771260): 0-1 {Black wins by adjudication}
Started game 107 of 40000 (cand-a771260 vs ref-50fd965)
Finished game 99 (cand-a771260 vs ref-50fd965): 0-1 {Black wins by adjudication}
Started game 108 of 40000 (ref-50fd965 vs cand-a771260)
Finished game 97 (cand-a771260 vs ref-50fd965): 0-1 {Black wins by adjudication}
Started game 109 of 40000 (cand-a771260 vs ref-50fd965)
Finished game 102 (ref-50fd965 vs cand-a771260): 1-0 {White wins by adjudication}
Started game 110 of 40000 (ref-50fd965 vs cand-a771260)
Finished game 98 (ref-50fd965 vs cand-a771260): 1/2-1/2 {Draw by 3-fold repetition}
Started game 111 of 40000 (cand-a771260 vs ref-50fd965)
Finished game 95 (cand-a771260 vs ref-50fd965): 1/2-1/2 {Draw by insufficient mating material}
Started game 112 of 40000 (ref-50fd965 vs cand-a771260)
Finished game 101 (cand-a771260 vs ref-50fd965): 1-0 {White wins by adjudication}
Started game 113 of 40000 (cand-a771260 vs ref-50fd965)
Finished game 104 (ref-50fd965 vs cand-a771260): 0-1 {Black wins by adjudication}
Started game 114 of 40000 (ref-50fd965 vs cand-a771260)
Finished game 100 (ref-50fd965 vs cand-a771260): 1-0 {White wins by adjudication}
--------------------------------------------------
Results of cand-a771260 vs ref-50fd965 (8+0.08, 1t, 16MB, noob_3moves.epd):
Elo: 54.95 +/- 45.14, nElo: 83.96 +/- 67.43
LOS: 99.27 %, DrawRatio: 41.18 %, PairsRatio: 2.75
Games: 102, Wins: 41, Losses: 25, Draws: 36, Points: 59.0 (57.84 %)
Ptnml(0-2): [2, 6, 21, 18, 4], WL/DD Ratio: 2.50
LLR: 0.31 (10.5%) (-2.94, 2.94) [0.00, 5.00]
--------------------------------------------------
Started game 115 of 40000 (cand-a771260 vs ref-50fd965)
Finished game 105 (cand-a771260 vs ref-50fd965): 1-0 {White wins by adjudication}
Started game 116 of 40000 (ref-50fd965 vs cand-a771260)
Finished game 103 (cand-a771260 vs ref-50fd965): 1-0 {White wins by adjudication}
Started game 117 of 40000 (cand-a771260 vs ref-50fd965)
Finished game 106 (ref-50fd965 vs cand-a771260): 1/2-1/2 {Draw by adjudication}
Started game 118 of 40000 (ref-50fd965 vs cand-a771260)
Finished game 110 (ref-50fd965 vs cand-a771260): 1/2-1/2 {Draw by 3-fold repetition}
Started game 119 of 40000 (cand-a771260 vs ref-50fd965)
Finished game 112 (ref-50fd965 vs cand-a771260): 1-0 {White wins by adjudication}
Started game 120 of 40000 (ref-50fd965 vs cand-a771260)
Finished game 109 (cand-a771260 vs ref-50fd965): 1-0 {White wins by adjudication}
Started game 121 of 40000 (cand-a771260 vs ref-50fd965)
Finished game 111 (cand-a771260 vs ref-50fd965): 0-1 {Black wins by adjudication}
Started game 122 of 40000 (ref-50fd965 vs cand-a771260)
Finished game 108 (ref-50fd965 vs cand-a771260): 1-0 {White wins by adjudication}
Started game 123 of 40000 (cand-a771260 vs ref-50fd965)
Finished game 107 (cand-a771260 vs ref-50fd965): 1/2-1/2 {Draw by 3-fold repetition}
Started game 124 of 40000 (ref-50fd965 vs cand-a771260)
Finished game 113 (cand-a771260 vs ref-50fd965): 0-1 {Black wins by adjudication}
Started game 125 of 40000 (cand-a771260 vs ref-50fd965)
Finished game 118 (ref-50fd965 vs cand-a771260): 1/2-1/2 {Draw by 3-fold repetition}
Started game 126 of 40000 (ref-50fd965 vs cand-a771260)
Finished game 116 (ref-50fd965 vs cand-a771260): 1-0 {White wins by adjudication}
Started game 127 of 40000 (cand-a771260 vs ref-50fd965)
Finished game 115 (cand-a771260 vs ref-50fd965): 1/2-1/2 {Draw by insufficient mating material}
Started game 128 of 40000 (ref-50fd965 vs cand-a771260)
Finished game 114 (ref-50fd965 vs cand-a771260): 1/2-1/2 {Draw by 3-fold repetition}
Started game 129 of 40000 (cand-a771260 vs ref-50fd965)
Finished game 117 (cand-a771260 vs ref-50fd965): 1/2-1/2 {Draw by 3-fold repetition}
Started game 130 of 40000 (ref-50fd965 vs cand-a771260)
Finished game 121 (cand-a771260 vs ref-50fd965): 1/2-1/2 {Draw by 3-fold repetition}
Started game 131 of 40000 (cand-a771260 vs ref-50fd965)
Finished game 125 (cand-a771260 vs ref-50fd965): 0-1 {Black wins by adjudication}
Started game 132 of 40000 (ref-50fd965 vs cand-a771260)
Finished game 124 (ref-50fd965 vs cand-a771260): 1/2-1/2 {Draw by 3-fold repetition}
Started game 133 of 40000 (cand-a771260 vs ref-50fd965)
Finished game 122 (ref-50fd965 vs cand-a771260): 0-1 {Black wins by adjudication}
Started game 134 of 40000 (ref-50fd965 vs cand-a771260)
Finished game 123 (cand-a771260 vs ref-50fd965): 1-0 {White wins by adjudication}
Started game 135 of 40000 (cand-a771260 vs ref-50fd965)
Finished game 120 (ref-50fd965 vs cand-a771260): 1-0 {White wins by adjudication}
Started game 136 of 40000 (ref-50fd965 vs cand-a771260)
Finished game 126 (ref-50fd965 vs cand-a771260): 0-1 {Black wins by adjudication}
Started game 137 of 40000 (cand-a771260 vs ref-50fd965)
Finished game 128 (ref-50fd965 vs cand-a771260): 1-0 {White wins by adjudication}
Started game 138 of 40000 (ref-50fd965 vs cand-a771260)
Finished game 127 (cand-a771260 vs ref-50fd965): 1-0 {White wins by adjudication}
Started game 139 of 40000 (cand-a771260 vs ref-50fd965)
Finished game 119 (cand-a771260 vs ref-50fd965): 1/2-1/2 {Draw by 3-fold repetition}
--------------------------------------------------
Results of cand-a771260 vs ref-50fd965 (8+0.08, 1t, 16MB, noob_3moves.epd):
Elo: 43.66 +/- 42.08, nElo: 63.43 +/- 60.19
LOS: 98.06 %, DrawRatio: 37.50 %, PairsRatio: 2.08
Games: 128, Wins: 49, Losses: 33, Draws: 46, Points: 72.0 (56.25 %)
Ptnml(0-2): [3, 10, 24, 22, 5], WL/DD Ratio: 2.43
LLR: 0.30 (10.3%) (-2.94, 2.94) [0.00, 5.00]
--------------------------------------------------
Started game 140 of 40000 (ref-50fd965 vs cand-a771260)
Finished game 133 (cand-a771260 vs ref-50fd965): 1-0 {White wins by adjudication}
Started game 141 of 40000 (cand-a771260 vs ref-50fd965)
Finished game 130 (ref-50fd965 vs cand-a771260): 0-1 {Black wins by adjudication}
Started game 142 of 40000 (ref-50fd965 vs cand-a771260)
Finished game 132 (ref-50fd965 vs cand-a771260): 1-0 {White wins by adjudication}
Started game 143 of 40000 (cand-a771260 vs ref-50fd965)
Finished game 138 (ref-50fd965 vs cand-a771260): 1/2-1/2 {Draw by 3-fold repetition}
Started game 144 of 40000 (ref-50fd965 vs cand-a771260)
Finished game 129 (cand-a771260 vs ref-50fd965): 1/2-1/2 {Draw by 3-fold repetition}
Started game 145 of 40000 (cand-a771260 vs ref-50fd965)
Finished game 135 (cand-a771260 vs ref-50fd965): 0-1 {Black wins by adjudication}
Started game 146 of 40000 (ref-50fd965 vs cand-a771260)
Finished game 139 (cand-a771260 vs ref-50fd965): 0-1 {Black wins by adjudication}
Started game 147 of 40000 (cand-a771260 vs ref-50fd965)
Finished game 137 (cand-a771260 vs ref-50fd965): 1-0 {White wins by adjudication}
Started game 148 of 40000 (ref-50fd965 vs cand-a771260)
Finished game 131 (cand-a771260 vs ref-50fd965): 1-0 {White wins by adjudication}
Started game 149 of 40000 (cand-a771260 vs ref-50fd965)
Finished game 134 (ref-50fd965 vs cand-a771260): 1/2-1/2 {Draw by 3-fold repetition}
Started game 150 of 40000 (ref-50fd965 vs cand-a771260)
Finished game 136 (ref-50fd965 vs cand-a771260): 0-1 {Black wins by adjudication}
Started game 151 of 40000 (cand-a771260 vs ref-50fd965)
Finished game 141 (cand-a771260 vs ref-50fd965): 1/2-1/2 {Draw by 3-fold repetition}
Started game 152 of 40000 (ref-50fd965 vs cand-a771260)
Finished game 143 (cand-a771260 vs ref-50fd965): 1-0 {White wins by adjudication}
Started game 153 of 40000 (cand-a771260 vs ref-50fd965)
Finished game 142 (ref-50fd965 vs cand-a771260): 0-1 {Black wins by adjudication}
Started game 154 of 40000 (ref-50fd965 vs cand-a771260)
Finished game 146 (ref-50fd965 vs cand-a771260): 0-1 {Black wins by adjudication}
Started game 155 of 40000 (cand-a771260 vs ref-50fd965)
Finished game 145 (cand-a771260 vs ref-50fd965): 1-0 {White wins by adjudication}
Started game 156 of 40000 (ref-50fd965 vs cand-a771260)
Finished game 140 (ref-50fd965 vs cand-a771260): 1/2-1/2 {Draw by 3-fold repetition}
--------------------------------------------------
Results of cand-a771260 vs ref-50fd965 (8+0.08, 1t, 16MB, noob_3moves.epd):
Elo: 51.03 +/- 39.69, nElo: 74.35 +/- 56.75
LOS: 99.49 %, DrawRatio: 36.11 %, PairsRatio: 2.29
Games: 144, Wins: 57, Losses: 36, Draws: 51, Points: 82.5 (57.29 %)
Ptnml(0-2): [3, 11, 26, 26, 6], WL/DD Ratio: 2.71
LLR: 0.40 (13.5%) (-2.94, 2.94) [0.00, 5.00]
--------------------------------------------------
Started game 157 of 40000 (cand-a771260 vs ref-50fd965)
Finished game 149 (cand-a771260 vs ref-50fd965): 0-1 {Black wins by adjudication}
Started game 158 of 40000 (ref-50fd965 vs cand-a771260)
Finished game 150 (ref-50fd965 vs cand-a771260): 0-1 {Black wins by adjudication}
Started game 159 of 40000 (cand-a771260 vs ref-50fd965)
Finished game 151 (cand-a771260 vs ref-50fd965): 0-1 {Black wins by adjudication}
Started game 160 of 40000 (ref-50fd965 vs cand-a771260)
Finished game 153 (cand-a771260 vs ref-50fd965): 1-0 {White wins by adjudication}
Started game 161 of 40000 (cand-a771260 vs ref-50fd965)
Finished game 152 (ref-50fd965 vs cand-a771260): 0-1 {Black wins by adjudication}
Started game 162 of 40000 (ref-50fd965 vs cand-a771260)
Finished game 148 (ref-50fd965 vs cand-a771260): 1-0 {White wins by adjudication}
Started game 163 of 40000 (cand-a771260 vs ref-50fd965)
Finished game 144 (ref-50fd965 vs cand-a771260): 1/2-1/2 {Draw by fifty moves rule}
Started game 164 of 40000 (ref-50fd965 vs cand-a771260)
Finished game 147 (cand-a771260 vs ref-50fd965): 1-0 {White wins by adjudication}
Started game 165 of 40000 (cand-a771260 vs ref-50fd965)
Finished game 158 (ref-50fd965 vs cand-a771260): 1-0 {White wins by adjudication}
Started game 166 of 40000 (ref-50fd965 vs cand-a771260)
Finished game 155 (cand-a771260 vs ref-50fd965): 1-0 {White wins by adjudication}
Started game 167 of 40000 (cand-a771260 vs ref-50fd965)
Finished game 159 (cand-a771260 vs ref-50fd965): 0-1 {Black wins by adjudication}
Started game 168 of 40000 (ref-50fd965 vs cand-a771260)
Finished game 156 (ref-50fd965 vs cand-a771260): 1/2-1/2 {Draw by 3-fold repetition}
Started game 169 of 40000 (cand-a771260 vs ref-50fd965)
Finished game 157 (cand-a771260 vs ref-50fd965): 0-1 {Black wins by adjudication}
Started game 170 of 40000 (ref-50fd965 vs cand-a771260)
Finished game 163 (cand-a771260 vs ref-50fd965): 0-1 {Black wins by adjudication}
Started game 171 of 40000 (cand-a771260 vs ref-50fd965)
Finished game 154 (ref-50fd965 vs cand-a771260): 0-1 {Black wins by adjudication}
Started game 172 of 40000 (ref-50fd965 vs cand-a771260)
Finished game 160 (ref-50fd965 vs cand-a771260): 0-1 {Black wins by adjudication}
--------------------------------------------------
Results of cand-a771260 vs ref-50fd965 (8+0.08, 1t, 16MB, noob_3moves.epd):
Elo: 50.29 +/- 38.14, nElo: 72.28 +/- 53.83
LOS: 99.58 %, DrawRatio: 37.50 %, PairsRatio: 2.33
Games: 160, Wins: 65, Losses: 42, Draws: 53, Points: 91.5 (57.19 %)
Ptnml(0-2): [4, 11, 30, 28, 7], WL/DD Ratio: 3.29
LLR: 0.43 (14.5%) (-2.94, 2.94) [0.00, 5.00]
--------------------------------------------------
Started game 173 of 40000 (cand-a771260 vs ref-50fd965)
Finished game 166 (ref-50fd965 vs cand-a771260): 0-1 {Black wins by adjudication}
Started game 174 of 40000 (ref-50fd965 vs cand-a771260)
Finished game 162 (ref-50fd965 vs cand-a771260): 1-0 {White wins by adjudication}
Started game 175 of 40000 (cand-a771260 vs ref-50fd965)
Finished game 161 (cand-a771260 vs ref-50fd965): 1/2-1/2 {Draw by adjudication}
Started game 176 of 40000 (ref-50fd965 vs cand-a771260)
Finished game 164 (ref-50fd965 vs cand-a771260): 0-1 {Black wins by adjudication}
Started game 177 of 40000 (cand-a771260 vs ref-50fd965)
Finished game 167 (cand-a771260 vs ref-50fd965): 0-1 {Black wins by adjudication}
Started game 178 of 40000 (ref-50fd965 vs cand-a771260)
Finished game 173 (cand-a771260 vs ref-50fd965): 0-1 {Black wins by adjudication}
Started game 179 of 40000 (cand-a771260 vs ref-50fd965)
Finished game 170 (ref-50fd965 vs cand-a771260): 1-0 {White wins by adjudication}
Started game 180 of 40000 (ref-50fd965 vs cand-a771260)
Finished game 165 (cand-a771260 vs ref-50fd965): 1/2-1/2 {Draw by insufficient mating material}
Started game 181 of 40000 (cand-a771260 vs ref-50fd965)
Finished game 171 (cand-a771260 vs ref-50fd965): 1/2-1/2 {Draw by 3-fold repetition}
Started game 182 of 40000 (ref-50fd965 vs cand-a771260)
Finished game 168 (ref-50fd965 vs cand-a771260): 1-0 {White wins by adjudication}
Started game 183 of 40000 (cand-a771260 vs ref-50fd965)
Finished game 172 (ref-50fd965 vs cand-a771260): 0-1 {Black wins by adjudication}
Started game 184 of 40000 (ref-50fd965 vs cand-a771260)
Finished game 169 (cand-a771260 vs ref-50fd965): 1/2-1/2 {Draw by insufficient mating material}
Started game 185 of 40000 (cand-a771260 vs ref-50fd965)
Finished game 174 (ref-50fd965 vs cand-a771260): 0-1 {Black wins by adjudication}
Started game 186 of 40000 (ref-50fd965 vs cand-a771260)
Finished game 175 (cand-a771260 vs ref-50fd965): 1/2-1/2 {Draw by adjudication}
Started game 187 of 40000 (cand-a771260 vs ref-50fd965)
Finished game 177 (cand-a771260 vs ref-50fd965): 1-0 {White wins by adjudication}
Started game 188 of 40000 (ref-50fd965 vs cand-a771260)
Finished game 182 (ref-50fd965 vs cand-a771260): 1/2-1/2 {Draw by 3-fold repetition}
Started game 189 of 40000 (cand-a771260 vs ref-50fd965)
Finished game 178 (ref-50fd965 vs cand-a771260): 1-0 {White wins by adjudication}
Started game 190 of 40000 (ref-50fd965 vs cand-a771260)
Finished game 179 (cand-a771260 vs ref-50fd965): 0-1 {Black wins by adjudication}
Started game 191 of 40000 (cand-a771260 vs ref-50fd965)
Finished game 176 (ref-50fd965 vs cand-a771260): 0-1 {Black wins by adjudication}
Started game 192 of 40000 (ref-50fd965 vs cand-a771260)
Finished game 183 (cand-a771260 vs ref-50fd965): 1/2-1/2 {Draw by 3-fold repetition}
Started game 193 of 40000 (cand-a771260 vs ref-50fd965)
Finished game 181 (cand-a771260 vs ref-50fd965): 1/2-1/2 {Draw by adjudication}
Started game 194 of 40000 (ref-50fd965 vs cand-a771260)
Finished game 184 (ref-50fd965 vs cand-a771260): 0-1 {Black wins by adjudication}
Started game 195 of 40000 (cand-a771260 vs ref-50fd965)
Finished game 185 (cand-a771260 vs ref-50fd965): 1-0 {White wins by adjudication}
Started game 196 of 40000 (ref-50fd965 vs cand-a771260)
Finished game 186 (ref-50fd965 vs cand-a771260): 1/2-1/2 {Draw by 3-fold repetition}
Started game 197 of 40000 (cand-a771260 vs ref-50fd965)
Finished game 180 (ref-50fd965 vs cand-a771260): 1/2-1/2 {Draw by 3-fold repetition}
--------------------------------------------------
Results of cand-a771260 vs ref-50fd965 (8+0.08, 1t, 16MB, noob_3moves.epd):
Elo: 43.18 +/- 35.26, nElo: 62.00 +/- 49.93
LOS: 99.25 %, DrawRatio: 36.56 %, PairsRatio: 2.11
Games: 186, Wins: 73, Losses: 50, Draws: 63, Points: 104.5 (56.18 %)
Ptnml(0-2): [5, 14, 34, 33, 7], WL/DD Ratio: 3.25
LLR: 0.43 (14.6%) (-2.94, 2.94) [0.00, 5.00]
--------------------------------------------------
Started game 198 of 40000 (ref-50fd965 vs cand-a771260)
Finished game 187 (cand-a771260 vs ref-50fd965): 0-1 {Black wins by adjudication}
Started game 199 of 40000 (cand-a771260 vs ref-50fd965)
Finished game 193 (cand-a771260 vs ref-50fd965): 1-0 {White wins by adjudication}
Started game 200 of 40000 (ref-50fd965 vs cand-a771260)
Finished game 189 (cand-a771260 vs ref-50fd965): 0-1 {Black wins by adjudication}
Started game 201 of 40000 (cand-a771260 vs ref-50fd965)
Finished game 192 (ref-50fd965 vs cand-a771260): 1-0 {White wins by adjudication}
Started game 202 of 40000 (ref-50fd965 vs cand-a771260)
Finished game 194 (ref-50fd965 vs cand-a771260): 1-0 {White wins by adjudication}
Started game 203 of 40000 (cand-a771260 vs ref-50fd965)
Finished game 190 (ref-50fd965 vs cand-a771260): 0-1 {Black wins by adjudication}
Started game 204 of 40000 (ref-50fd965 vs cand-a771260)
Finished game 195 (cand-a771260 vs ref-50fd965): 1/2-1/2 {Draw by 3-fold repetition}
Started game 205 of 40000 (cand-a771260 vs ref-50fd965)
Finished game 199 (cand-a771260 vs ref-50fd965): 0-1 {Black wins by adjudication}
Started game 206 of 40000 (ref-50fd965 vs cand-a771260)
Finished game 198 (ref-50fd965 vs cand-a771260): 0-1 {Black wins by adjudication}
Started game 207 of 40000 (cand-a771260 vs ref-50fd965)
Finished game 188 (ref-50fd965 vs cand-a771260): 1/2-1/2 {Draw by fifty moves rule}
Started game 208 of 40000 (ref-50fd965 vs cand-a771260)
Finished game 200 (ref-50fd965 vs cand-a771260): 1-0 {White wins by adjudication}
--------------------------------------------------
Results of cand-a771260 vs ref-50fd965 (8+0.08, 1t, 16MB, noob_3moves.epd):
Elo: 35.95 +/- 34.86, nElo: 50.95 +/- 48.89
LOS: 97.95 %, DrawRatio: 37.11 %, PairsRatio: 1.90
Games: 194, Wins: 75, Losses: 55, Draws: 64, Points: 107.0 (55.15 %)
Ptnml(0-2): [6, 15, 36, 33, 7], WL/DD Ratio: 3.50
LLR: 0.37 (12.6%) (-2.94, 2.94) [0.00, 5.00]
--------------------------------------------------
Started game 209 of 40000 (cand-a771260 vs ref-50fd965)
Finished game 197 (cand-a771260 vs ref-50fd965): 0-1 {Black wins by adjudication}
Started game 210 of 40000 (ref-50fd965 vs cand-a771260)
Finished game 202 (ref-50fd965 vs cand-a771260): 0-1 {Black wins by adjudication}
Started game 211 of 40000 (cand-a771260 vs ref-50fd965)
Finished game 196 (ref-50fd965 vs cand-a771260): 1/2-1/2 {Draw by insufficient mating material}
Started game 212 of 40000 (ref-50fd965 vs cand-a771260)
Finished game 201 (cand-a771260 vs ref-50fd965): 1-0 {White wins by adjudication}
Started game 213 of 40000 (cand-a771260 vs ref-50fd965)
Finished game 209 (cand-a771260 vs ref-50fd965): 0-1 {Black wins by adjudication}
Started game 214 of 40000 (ref-50fd965 vs cand-a771260)
Finished game 208 (ref-50fd965 vs cand-a771260): 1-0 {White wins by adjudication}
Started game 215 of 40000 (cand-a771260 vs ref-50fd965)
Finished game 191 (cand-a771260 vs ref-50fd965): 1/2-1/2 {Draw by fifty moves rule}
Started game 216 of 40000 (ref-50fd965 vs cand-a771260)
Finished game 204 (ref-50fd965 vs cand-a771260): 1/2-1/2 {Draw by 3-fold repetition}
Started game 217 of 40000 (cand-a771260 vs ref-50fd965)
Finished game 203 (cand-a771260 vs ref-50fd965): 0-1 {Black wins by adjudication}
Started game 218 of 40000 (ref-50fd965 vs cand-a771260)
Finished game 210 (ref-50fd965 vs cand-a771260): 1/2-1/2 {Draw by 3-fold repetition}
Started game 219 of 40000 (cand-a771260 vs ref-50fd965)
Finished game 211 (cand-a771260 vs ref-50fd965): 1-0 {White wins by adjudication}
Started game 220 of 40000 (ref-50fd965 vs cand-a771260)
Finished game 205 (cand-a771260 vs ref-50fd965): 1-0 {White wins by adjudication}
Started game 221 of 40000 (cand-a771260 vs ref-50fd965)
Finished game 207 (cand-a771260 vs ref-50fd965): 1/2-1/2 {Draw by 3-fold repetition}
Started game 222 of 40000 (ref-50fd965 vs cand-a771260)
Finished game 212 (ref-50fd965 vs cand-a771260): 1-0 {White wins by adjudication}
Started game 223 of 40000 (cand-a771260 vs ref-50fd965)
Finished game 216 (ref-50fd965 vs cand-a771260): 0-1 {Black wins by adjudication}
Started game 224 of 40000 (ref-50fd965 vs cand-a771260)
Finished game 214 (ref-50fd965 vs cand-a771260): 0-1 {Black wins by adjudication}
Started game 225 of 40000 (cand-a771260 vs ref-50fd965)
Finished game 213 (cand-a771260 vs ref-50fd965): 1/2-1/2 {Draw by insufficient mating material}
Started game 226 of 40000 (ref-50fd965 vs cand-a771260)
Finished game 217 (cand-a771260 vs ref-50fd965): 1-0 {White wins by adjudication}
Started game 227 of 40000 (cand-a771260 vs ref-50fd965)
Finished game 206 (ref-50fd965 vs cand-a771260): 1/2-1/2 {Draw by fifty moves rule}
Started game 228 of 40000 (ref-50fd965 vs cand-a771260)
Finished game 218 (ref-50fd965 vs cand-a771260): 0-1 {Black wins by adjudication}
Started game 229 of 40000 (cand-a771260 vs ref-50fd965)
Finished game 222 (ref-50fd965 vs cand-a771260): 1/2-1/2 {Draw by 3-fold repetition}
Started game 230 of 40000 (ref-50fd965 vs cand-a771260)
Finished game 220 (ref-50fd965 vs cand-a771260): 1-0 {White wins by adjudication}
Started game 231 of 40000 (cand-a771260 vs ref-50fd965)
Finished game 221 (cand-a771260 vs ref-50fd965): 1-0 {White wins by adjudication}
Started game 232 of 40000 (ref-50fd965 vs cand-a771260)
Finished game 215 (cand-a771260 vs ref-50fd965): 1/2-1/2 {Draw by insufficient mating material}
Started game 233 of 40000 (cand-a771260 vs ref-50fd965)
Finished game 224 (ref-50fd965 vs cand-a771260): 0-1 {Black wins by adjudication}
Started game 234 of 40000 (ref-50fd965 vs cand-a771260)
Finished game 223 (cand-a771260 vs ref-50fd965): 0-1 {Black wins by adjudication}
Started game 235 of 40000 (cand-a771260 vs ref-50fd965)
Finished game 225 (cand-a771260 vs ref-50fd965): 1-0 {White wins by adjudication}
Started game 236 of 40000 (ref-50fd965 vs cand-a771260)
Finished game 226 (ref-50fd965 vs cand-a771260): 1/2-1/2 {Draw by 3-fold repetition}
Started game 237 of 40000 (cand-a771260 vs ref-50fd965)
Finished game 219 (cand-a771260 vs ref-50fd965): 1/2-1/2 {Draw by fifty moves rule}
--------------------------------------------------
Results of cand-a771260 vs ref-50fd965 (8+0.08, 1t, 16MB, noob_3moves.epd):
Elo: 37.04 +/- 32.48, nElo: 52.20 +/- 45.30
LOS: 98.80 %, DrawRatio: 35.40 %, PairsRatio: 1.81
Games: 226, Wins: 87, Losses: 63, Draws: 76, Points: 125.0 (55.31 %)
Ptnml(0-2): [6, 20, 40, 38, 9], WL/DD Ratio: 3.44
LLR: 0.45 (15.2%) (-2.94, 2.94) [0.00, 5.00]
--------------------------------------------------
Started game 238 of 40000 (ref-50fd965 vs cand-a771260)
Finished game 229 (cand-a771260 vs ref-50fd965): 1-0 {White wins by adjudication}
Started game 239 of 40000 (cand-a771260 vs ref-50fd965)
Finished game 230 (ref-50fd965 vs cand-a771260): 0-1 {Black wins by adjudication}
Started game 240 of 40000 (ref-50fd965 vs cand-a771260)
Finished game 227 (cand-a771260 vs ref-50fd965): 1/2-1/2 {Draw by insufficient mating material}
Started game 241 of 40000 (cand-a771260 vs ref-50fd965)
Finished game 233 (cand-a771260 vs ref-50fd965): 1-0 {White wins by adjudication}
Started game 242 of 40000 (ref-50fd965 vs cand-a771260)
Finished game 228 (ref-50fd965 vs cand-a771260): 0-1 {Black wins by adjudication}
Started game 243 of 40000 (cand-a771260 vs ref-50fd965)
Finished game 232 (ref-50fd965 vs cand-a771260): 1/2-1/2 {Draw by 3-fold repetition}
Started game 244 of 40000 (ref-50fd965 vs cand-a771260)
Finished game 234 (ref-50fd965 vs cand-a771260): 0-1 {Black wins by adjudication}
Started game 245 of 40000 (cand-a771260 vs ref-50fd965)
Finished game 237 (cand-a771260 vs ref-50fd965): 1-0 {White wins by adjudication}
Started game 246 of 40000 (ref-50fd965 vs cand-a771260)
Finished game 238 (ref-50fd965 vs cand-a771260): 0-1 {Black wins by adjudication}
Started game 247 of 40000 (cand-a771260 vs ref-50fd965)
Finished game 241 (cand-a771260 vs ref-50fd965): 0-1 {Black wins by adjudication}
Started game 248 of 40000 (ref-50fd965 vs cand-a771260)
Finished game 242 (ref-50fd965 vs cand-a771260): 1-0 {White wins by adjudication}
Started game 249 of 40000 (cand-a771260 vs ref-50fd965)
Finished game 231 (cand-a771260 vs ref-50fd965): 1/2-1/2 {Draw by fifty moves rule}
Started game 250 of 40000 (ref-50fd965 vs cand-a771260)
Finished game 235 (cand-a771260 vs ref-50fd965): 0-1 {Black wins by adjudication}
Started game 251 of 40000 (cand-a771260 vs ref-50fd965)
Finished game 240 (ref-50fd965 vs cand-a771260): 0-1 {Black wins by adjudication}
Started game 252 of 40000 (ref-50fd965 vs cand-a771260)
Finished game 236 (ref-50fd965 vs cand-a771260): 0-1 {Black wins by adjudication}
Started game 253 of 40000 (cand-a771260 vs ref-50fd965)
Finished game 247 (cand-a771260 vs ref-50fd965): 0-1 {Black wins by adjudication}
Started game 254 of 40000 (ref-50fd965 vs cand-a771260)
Finished game 246 (ref-50fd965 vs cand-a771260): 1-0 {White wins by adjudication}
Started game 255 of 40000 (cand-a771260 vs ref-50fd965)
Finished game 245 (cand-a771260 vs ref-50fd965): 1-0 {White wins by adjudication}
Started game 256 of 40000 (ref-50fd965 vs cand-a771260)
Finished game 243 (cand-a771260 vs ref-50fd965): 1/2-1/2 {Draw by insufficient mating material}
Started game 257 of 40000 (cand-a771260 vs ref-50fd965)
Finished game 244 (ref-50fd965 vs cand-a771260): 1/2-1/2 {Draw by insufficient mating material}
Started game 258 of 40000 (ref-50fd965 vs cand-a771260)
Finished game 249 (cand-a771260 vs ref-50fd965): 0-1 {Black wins by adjudication}
Started game 259 of 40000 (cand-a771260 vs ref-50fd965)
Finished game 252 (ref-50fd965 vs cand-a771260): 1/2-1/2 {Draw by 3-fold repetition}
Started game 260 of 40000 (ref-50fd965 vs cand-a771260)
Finished game 251 (cand-a771260 vs ref-50fd965): 1/2-1/2 {Draw by 3-fold repetition}
Started game 261 of 40000 (cand-a771260 vs ref-50fd965)
Finished game 253 (cand-a771260 vs ref-50fd965): 0-1 {Black wins by adjudication}
Started game 262 of 40000 (ref-50fd965 vs cand-a771260)
Finished game 239 (cand-a771260 vs ref-50fd965): 1/2-1/2 {Draw by insufficient mating material}
--------------------------------------------------
Results of cand-a771260 vs ref-50fd965 (8+0.08, 1t, 16MB, noob_3moves.epd):
Elo: 42.24 +/- 31.71, nElo: 58.33 +/- 43.24
LOS: 99.59 %, DrawRatio: 36.29 %, PairsRatio: 1.93
Games: 248, Wins: 97, Losses: 67, Draws: 84, Points: 139.0 (56.05 %)
Ptnml(0-2): [7, 20, 45, 40, 12], WL/DD Ratio: 2.75
LLR: 0.55 (18.6%) (-2.94, 2.94) [0.00, 5.00]
--------------------------------------------------
Started game 263 of 40000 (cand-a771260 vs ref-50fd965)
Finished game 248 (ref-50fd965 vs cand-a771260): 1/2-1/2 {Draw by fifty moves rule}
Started game 264 of 40000 (ref-50fd965 vs cand-a771260)
Finished game 254 (ref-50fd965 vs cand-a771260): 0-1 {Black wins by adjudication}
Started game 265 of 40000 (cand-a771260 vs ref-50fd965)
Finished game 255 (cand-a771260 vs ref-50fd965): 1-0 {White wins by adjudication}
Started game 266 of 40000 (ref-50fd965 vs cand-a771260)
Finished game 258 (ref-50fd965 vs cand-a771260): 0-1 {Black wins by adjudication}
Started game 267 of 40000 (cand-a771260 vs ref-50fd965)
Finished game 260 (ref-50fd965 vs cand-a771260): 0-1 {Black wins by adjudication}
Started game 268 of 40000 (ref-50fd965 vs cand-a771260)
Finished game 250 (ref-50fd965 vs cand-a771260): 1-0 {White wins by adjudication}
Started game 269 of 40000 (cand-a771260 vs ref-50fd965)
Finished game 257 (cand-a771260 vs ref-50fd965): 0-1 {Black wins by adjudication}
Started game 270 of 40000 (ref-50fd965 vs cand-a771260)
Finished game 259 (cand-a771260 vs ref-50fd965): 1/2-1/2 {Draw by adjudication}
--------------------------------------------------
Results of cand-a771260 vs ref-50fd965 (8+0.08, 1t, 16MB, noob_3moves.epd):
Elo: 37.86 +/- 31.22, nElo: 51.95 +/- 42.39
LOS: 99.18 %, DrawRatio: 36.43 %, PairsRatio: 1.83
Games: 258, Wins: 100, Losses: 72, Draws: 86, Points: 143.0 (55.43 %)
Ptnml(0-2): [8, 21, 47, 41, 12], WL/DD Ratio: 2.92
LLR: 0.51 (17.2%) (-2.94, 2.94) [0.00, 5.00]
--------------------------------------------------
Started game 271 of 40000 (cand-a771260 vs ref-50fd965)
Finished game 256 (ref-50fd965 vs cand-a771260): 1/2-1/2 {Draw by insufficient mating material}
Started game 272 of 40000 (ref-50fd965 vs cand-a771260)
Finished game 263 (cand-a771260 vs ref-50fd965): 0-1 {Black wins by adjudication}
Started game 273 of 40000 (cand-a771260 vs ref-50fd965)
Finished game 261 (cand-a771260 vs ref-50fd965): 1-0 {White wins by adjudication}
Started game 274 of 40000 (ref-50fd965 vs cand-a771260)
Finished game 264 (ref-50fd965 vs cand-a771260): 1-0 {White wins by adjudication}
Started game 275 of 40000 (cand-a771260 vs ref-50fd965)
Finished game 265 (cand-a771260 vs ref-50fd965): 1-0 {White wins by adjudication}
Started game 276 of 40000 (ref-50fd965 vs cand-a771260)
Finished game 262 (ref-50fd965 vs cand-a771260): 0-1 {Black wins by adjudication}
Started game 277 of 40000 (cand-a771260 vs ref-50fd965)
Finished game 267 (cand-a771260 vs ref-50fd965): 0-1 {Black wins by adjudication}
Started game 278 of 40000 (ref-50fd965 vs cand-a771260)
Finished game 271 (cand-a771260 vs ref-50fd965): 1-0 {White wins by adjudication}
Started game 279 of 40000 (cand-a771260 vs ref-50fd965)
Finished game 266 (ref-50fd965 vs cand-a771260): 0-1 {Black wins by adjudication}
Started game 280 of 40000 (ref-50fd965 vs cand-a771260)
Finished game 275 (cand-a771260 vs ref-50fd965): 1-0 {White wins by adjudication}
Started game 281 of 40000 (cand-a771260 vs ref-50fd965)
Finished game 272 (ref-50fd965 vs cand-a771260): 1-0 {White wins by adjudication}
Started game 282 of 40000 (ref-50fd965 vs cand-a771260)
Finished game 268 (ref-50fd965 vs cand-a771260): 0-1 {Black wins by adjudication}
Started game 283 of 40000 (cand-a771260 vs ref-50fd965)
Finished game 269 (cand-a771260 vs ref-50fd965): 0-1 {Black wins by adjudication}
Started game 284 of 40000 (ref-50fd965 vs cand-a771260)
Finished game 273 (cand-a771260 vs ref-50fd965): 1-0 {White wins by adjudication}
Started game 285 of 40000 (cand-a771260 vs ref-50fd965)
Finished game 278 (ref-50fd965 vs cand-a771260): 0-1 {Black wins by adjudication}
Started game 286 of 40000 (ref-50fd965 vs cand-a771260)
Finished game 274 (ref-50fd965 vs cand-a771260): 1/2-1/2 {Draw by adjudication}
Started game 287 of 40000 (cand-a771260 vs ref-50fd965)
Finished game 270 (ref-50fd965 vs cand-a771260): 0-1 {Black wins by adjudication}
Started game 288 of 40000 (ref-50fd965 vs cand-a771260)
Finished game 280 (ref-50fd965 vs cand-a771260): 1/2-1/2 {Draw by 3-fold repetition}
Started game 289 of 40000 (cand-a771260 vs ref-50fd965)
Finished game 283 (cand-a771260 vs ref-50fd965): 0-1 {Black wins by adjudication}
Started game 290 of 40000 (ref-50fd965 vs cand-a771260)
Finished game 279 (cand-a771260 vs ref-50fd965): 0-1 {Black wins by adjudication}
--------------------------------------------------
Results of cand-a771260 vs ref-50fd965 (8+0.08, 1t, 16MB, noob_3moves.epd):
Elo: 39.19 +/- 30.69, nElo: 52.93 +/- 40.99
LOS: 99.43 %, DrawRatio: 36.23 %, PairsRatio: 1.84
Games: 276, Wins: 109, Losses: 78, Draws: 89, Points: 153.5 (55.62 %)
Ptnml(0-2): [9, 22, 50, 43, 14], WL/DD Ratio: 3.17
LLR: 0.55 (18.8%) (-2.94, 2.94) [0.00, 5.00]
--------------------------------------------------
Started game 291 of 40000 (cand-a771260 vs ref-50fd965)
Finished game 277 (cand-a771260 vs ref-50fd965): 0-1 {Black wins by adjudication}
Started game 292 of 40000 (ref-50fd965 vs cand-a771260)
Finished game 282 (ref-50fd965 vs cand-a771260): 0-1 {Black wins by adjudication}
Started game 293 of 40000 (cand-a771260 vs ref-50fd965)
Finished game 276 (ref-50fd965 vs cand-a771260): 1/2-1/2 {Draw by adjudication}
Started game 294 of 40000 (ref-50fd965 vs cand-a771260)
Finished game 281 (cand-a771260 vs ref-50fd965): 0-1 {Black wins by adjudication}
Started game 295 of 40000 (cand-a771260 vs ref-50fd965)
Finished game 285 (cand-a771260 vs ref-50fd965): 1/2-1/2 {Draw by 3-fold repetition}
Started game 296 of 40000 (ref-50fd965 vs cand-a771260)
Finished game 284 (ref-50fd965 vs cand-a771260): 1-0 {White wins by adjudication}
Started game 297 of 40000 (cand-a771260 vs ref-50fd965)
Finished game 286 (ref-50fd965 vs cand-a771260): 1-0 {White wins by adjudication}
Started game 298 of 40000 (ref-50fd965 vs cand-a771260)
Finished game 289 (cand-a771260 vs ref-50fd965): 1/2-1/2 {Draw by 3-fold repetition}
Started game 299 of 40000 (cand-a771260 vs ref-50fd965)
Finished game 290 (ref-50fd965 vs cand-a771260): 1-0 {White wins by adjudication}
Started game 300 of 40000 (ref-50fd965 vs cand-a771260)
Finished game 291 (cand-a771260 vs ref-50fd965): 1-0 {White wins by adjudication}
Started game 301 of 40000 (cand-a771260 vs ref-50fd965)
Finished game 293 (cand-a771260 vs ref-50fd965): 0-1 {Black wins by adjudication}
Started game 302 of 40000 (ref-50fd965 vs cand-a771260)
Finished game 297 (cand-a771260 vs ref-50fd965): 0-1 {Black wins by adjudication}
Started game 303 of 40000 (cand-a771260 vs ref-50fd965)
Finished game 292 (ref-50fd965 vs cand-a771260): 0-1 {Black wins by adjudication}
Started game 304 of 40000 (ref-50fd965 vs cand-a771260)
Finished game 294 (ref-50fd965 vs cand-a771260): 1-0 {White wins by adjudication}
Started game 305 of 40000 (cand-a771260 vs ref-50fd965)
Finished game 296 (ref-50fd965 vs cand-a771260): 1-0 {White wins by adjudication}
Started game 306 of 40000 (ref-50fd965 vs cand-a771260)
Finished game 287 (cand-a771260 vs ref-50fd965): 1/2-1/2 {Draw by insufficient mating material}
Started game 307 of 40000 (cand-a771260 vs ref-50fd965)
Finished game 300 (ref-50fd965 vs cand-a771260): 0-1 {Black wins by adjudication}
Started game 308 of 40000 (ref-50fd965 vs cand-a771260)
Finished game 288 (ref-50fd965 vs cand-a771260): 1/2-1/2 {Draw by fifty moves rule}
Started game 309 of 40000 (cand-a771260 vs ref-50fd965)
Finished game 295 (cand-a771260 vs ref-50fd965): 1/2-1/2 {Draw by adjudication}
Started game 310 of 40000 (ref-50fd965 vs cand-a771260)
Finished game 302 (ref-50fd965 vs cand-a771260): 0-1 {Black wins by adjudication}
Started game 311 of 40000 (cand-a771260 vs ref-50fd965)
Finished game 301 (cand-a771260 vs ref-50fd965): 0-1 {Black wins by adjudication}
Started game 312 of 40000 (ref-50fd965 vs cand-a771260)
Finished game 299 (cand-a771260 vs ref-50fd965): 1-0 {White wins by adjudication}
--------------------------------------------------
Results of cand-a771260 vs ref-50fd965 (8+0.08, 1t, 16MB, noob_3moves.epd):
Elo: 33.69 +/- 30.07, nElo: 44.43 +/- 39.32
LOS: 98.66 %, DrawRatio: 36.00 %, PairsRatio: 1.67
Games: 300, Wins: 117, Losses: 88, Draws: 95, Points: 164.5 (54.83 %)
Ptnml(0-2): [11, 25, 54, 44, 16], WL/DD Ratio: 3.15
LLR: 0.51 (17.2%) (-2.94, 2.94) [0.00, 5.00]
--------------------------------------------------
Started game 313 of 40000 (cand-a771260 vs ref-50fd965)
Finished game 304 (ref-50fd965 vs cand-a771260): 0-1 {Black wins by adjudication}
Started game 314 of 40000 (ref-50fd965 vs cand-a771260)
Finished game 307 (cand-a771260 vs ref-50fd965): 0-1 {Black wins by adjudication}
Started game 315 of 40000 (cand-a771260 vs ref-50fd965)
Finished game 298 (ref-50fd965 vs cand-a771260): 1/2-1/2 {Draw by fifty moves rule}
Started game 316 of 40000 (ref-50fd965 vs cand-a771260)
Finished game 305 (cand-a771260 vs ref-50fd965): 0-1 {Black wins by adjudication}
Started game 317 of 40000 (cand-a771260 vs ref-50fd965)
Finished game 303 (cand-a771260 vs ref-50fd965): 1/2-1/2 {Draw by 3-fold repetition}
Started game 318 of 40000 (ref-50fd965 vs cand-a771260)
Finished game 306 (ref-50fd965 vs cand-a771260): 1-0 {White wins by adjudication}
Started game 319 of 40000 (cand-a771260 vs ref-50fd965)
Finished game 309 (cand-a771260 vs ref-50fd965): 1-0 {White wins by adjudication}
Started game 320 of 40000 (ref-50fd965 vs cand-a771260)
Finished game 311 (cand-a771260 vs ref-50fd965): 1-0 {White wins by adjudication}
Started game 321 of 40000 (cand-a771260 vs ref-50fd965)
Finished game 312 (ref-50fd965 vs cand-a771260): 0-1 {Black wins by adjudication}
Started game 322 of 40000 (ref-50fd965 vs cand-a771260)
Finished game 315 (cand-a771260 vs ref-50fd965): 1-0 {White wins by adjudication}
Started game 323 of 40000 (cand-a771260 vs ref-50fd965)
Finished game 310 (ref-50fd965 vs cand-a771260): 1-0 {White wins by adjudication}
Started game 324 of 40000 (ref-50fd965 vs cand-a771260)
Finished game 314 (ref-50fd965 vs cand-a771260): 1-0 {White wins by adjudication}
Started game 325 of 40000 (cand-a771260 vs ref-50fd965)
Finished game 317 (cand-a771260 vs ref-50fd965): 0-1 {Black wins by adjudication}
Started game 326 of 40000 (ref-50fd965 vs cand-a771260)
Finished game 308 (ref-50fd965 vs cand-a771260): 0-1 {Black wins by adjudication}
Started game 327 of 40000 (cand-a771260 vs ref-50fd965)
Finished game 319 (cand-a771260 vs ref-50fd965): 1-0 {White wins by adjudication}
Started game 328 of 40000 (ref-50fd965 vs cand-a771260)
Finished game 321 (cand-a771260 vs ref-50fd965): 0-1 {Black wins by adjudication}
Started game 329 of 40000 (cand-a771260 vs ref-50fd965)
Finished game 318 (ref-50fd965 vs cand-a771260): 0-1 {Black wins by adjudication}
Started game 330 of 40000 (ref-50fd965 vs cand-a771260)
Finished game 316 (ref-50fd965 vs cand-a771260): 0-1 {Black wins by adjudication}
Started game 331 of 40000 (cand-a771260 vs ref-50fd965)
Finished game 313 (cand-a771260 vs ref-50fd965): 1/2-1/2 {Draw by adjudication}
Started game 332 of 40000 (ref-50fd965 vs cand-a771260)
Finished game 320 (ref-50fd965 vs cand-a771260): 1-0 {White wins by adjudication}
--------------------------------------------------
Results of cand-a771260 vs ref-50fd965 (8+0.08, 1t, 16MB, noob_3moves.epd):
Elo: 32.67 +/- 29.38, nElo: 42.68 +/- 38.07
LOS: 98.60 %, DrawRatio: 36.25 %, PairsRatio: 1.62
Games: 320, Wins: 126, Losses: 96, Draws: 98, Points: 175.0 (54.69 %)
Ptnml(0-2): [12, 27, 58, 45, 18], WL/DD Ratio: 3.46
LLR: 0.52 (17.7%) (-2.94, 2.94) [0.00, 5.00]
--------------------------------------------------
Started game 333 of 40000 (cand-a771260 vs ref-50fd965)
Finished game 323 (cand-a771260 vs ref-50fd965): 1-0 {White wins by adjudication}
Started game 334 of 40000 (ref-50fd965 vs cand-a771260)
Finished game 322 (ref-50fd965 vs cand-a771260): 1/2-1/2 {Draw by 3-fold repetition}
Started game 335 of 40000 (cand-a771260 vs ref-50fd965)
Finished game 332 (ref-50fd965 vs cand-a771260): 1-0 {White wins by adjudication}
Started game 336 of 40000 (ref-50fd965 vs cand-a771260)
Finished game 327 (cand-a771260 vs ref-50fd965): 1/2-1/2 {Draw by 3-fold repetition}
Started game 337 of 40000 (cand-a771260 vs ref-50fd965)
Finished game 326 (ref-50fd965 vs cand-a771260): 1-0 {White wins by adjudication}
Started game 338 of 40000 (ref-50fd965 vs cand-a771260)
Finished game 324 (ref-50fd965 vs cand-a771260): 1/2-1/2 {Draw by insufficient mating material}
Started game 339 of 40000 (cand-a771260 vs ref-50fd965)
Finished game 325 (cand-a771260 vs ref-50fd965): 1/2-1/2 {Draw by adjudication}
Started game 340 of 40000 (ref-50fd965 vs cand-a771260)
Finished game 329 (cand-a771260 vs ref-50fd965): 1-0 {White wins by adjudication}
Started game 341 of 40000 (cand-a771260 vs ref-50fd965)
Finished game 330 (ref-50fd965 vs cand-a771260): 0-1 {Black wins by adjudication}
Started game 342 of 40000 (ref-50fd965 vs cand-a771260)
Finished game 328 (ref-50fd965 vs cand-a771260): 1-0 {White wins by adjudication}
Started game 343 of 40000 (cand-a771260 vs ref-50fd965)
Finished game 331 (cand-a771260 vs ref-50fd965): 1/2-1/2 {Draw by fifty moves rule}
Started game 344 of 40000 (ref-50fd965 vs cand-a771260)
Finished game 336 (ref-50fd965 vs cand-a771260): 1-0 {White wins by adjudication}
Started game 345 of 40000 (cand-a771260 vs ref-50fd965)
Finished game 338 (ref-50fd965 vs cand-a771260): 1-0 {White wins by adjudication}
Started game 346 of 40000 (ref-50fd965 vs cand-a771260)
Finished game 334 (ref-50fd965 vs cand-a771260): 1-0 {White wins by adjudication}
Started game 347 of 40000 (cand-a771260 vs ref-50fd965)
Finished game 333 (cand-a771260 vs ref-50fd965): 0-1 {Black wins by adjudication}
Started game 348 of 40000 (ref-50fd965 vs cand-a771260)
Finished game 341 (cand-a771260 vs ref-50fd965): 1/2-1/2 {Draw by 3-fold repetition}
Started game 349 of 40000 (cand-a771260 vs ref-50fd965)
Finished game 337 (cand-a771260 vs ref-50fd965): 1/2-1/2 {Draw by 3-fold repetition}
Started game 350 of 40000 (ref-50fd965 vs cand-a771260)
Finished game 335 (cand-a771260 vs ref-50fd965): 1/2-1/2 {Draw by insufficient mating material}
Started game 351 of 40000 (cand-a771260 vs ref-50fd965)
Finished game 340 (ref-50fd965 vs cand-a771260): 0-1 {Black wins by adjudication}
Started game 352 of 40000 (ref-50fd965 vs cand-a771260)
Finished game 339 (cand-a771260 vs ref-50fd965): 0-1 {Black wins by adjudication}
--------------------------------------------------
Results of cand-a771260 vs ref-50fd965 (8+0.08, 1t, 16MB, noob_3moves.epd):
Elo: 25.59 +/- 28.78, nElo: 33.04 +/- 36.93
LOS: 96.02 %, DrawRatio: 34.71 %, PairsRatio: 1.41
Games: 340, Wins: 130, Losses: 105, Draws: 105, Points: 182.5 (53.68 %)
Ptnml(0-2): [13, 33, 59, 46, 19], WL/DD Ratio: 3.54
LLR: 0.42 (14.4%) (-2.94, 2.94) [0.00, 5.00]
--------------------------------------------------
Started game 353 of 40000 (cand-a771260 vs ref-50fd965)
Finished game 343 (cand-a771260 vs ref-50fd965): 1-0 {White wins by adjudication}
Started game 354 of 40000 (ref-50fd965 vs cand-a771260)
Finished game 349 (cand-a771260 vs ref-50fd965): 0-1 {Black wins by adjudication}
Started game 355 of 40000 (cand-a771260 vs ref-50fd965)
Finished game 346 (ref-50fd965 vs cand-a771260): 1/2-1/2 {Draw by 3-fold repetition}
Started game 356 of 40000 (ref-50fd965 vs cand-a771260)
Finished game 342 (ref-50fd965 vs cand-a771260): 0-1 {Black wins by adjudication}
Started game 357 of 40000 (cand-a771260 vs ref-50fd965)
Finished game 347 (cand-a771260 vs ref-50fd965): 0-1 {Black wins by adjudication}
Started game 358 of 40000 (ref-50fd965 vs cand-a771260)
Finished game 344 (ref-50fd965 vs cand-a771260): 1/2-1/2 {Draw by adjudication}
Started game 359 of 40000 (cand-a771260 vs ref-50fd965)
Finished game 348 (ref-50fd965 vs cand-a771260): 1/2-1/2 {Draw by adjudication}
Started game 360 of 40000 (ref-50fd965 vs cand-a771260)
Finished game 352 (ref-50fd965 vs cand-a771260): 1/2-1/2 {Draw by insufficient mating material}
Started game 361 of 40000 (cand-a771260 vs ref-50fd965)
Finished game 354 (ref-50fd965 vs cand-a771260): 1/2-1/2 {Draw by 3-fold repetition}
Started game 362 of 40000 (ref-50fd965 vs cand-a771260)
Finished game 357 (cand-a771260 vs ref-50fd965): 1/2-1/2 {Draw by 3-fold repetition}
Started game 363 of 40000 (cand-a771260 vs ref-50fd965)
Finished game 350 (ref-50fd965 vs cand-a771260): 1-0 {White wins by adjudication}
Started game 364 of 40000 (ref-50fd965 vs cand-a771260)
Finished game 345 (cand-a771260 vs ref-50fd965): 1/2-1/2 {Draw by insufficient mating material}
Started game 365 of 40000 (cand-a771260 vs ref-50fd965)
Finished game 355 (cand-a771260 vs ref-50fd965): 1/2-1/2 {Draw by 3-fold repetition}
Started game 366 of 40000 (ref-50fd965 vs cand-a771260)
Finished game 356 (ref-50fd965 vs cand-a771260): 1/2-1/2 {Draw by 3-fold repetition}
Started game 367 of 40000 (cand-a771260 vs ref-50fd965)
Finished game 353 (cand-a771260 vs ref-50fd965): 0-1 {Black wins by adjudication}
Started game 368 of 40000 (ref-50fd965 vs cand-a771260)
Finished game 351 (cand-a771260 vs ref-50fd965): 1/2-1/2 {Draw by insufficient mating material}
Started game 369 of 40000 (cand-a771260 vs ref-50fd965)
Finished game 363 (cand-a771260 vs ref-50fd965): 0-1 {Black wins by adjudication}
Started game 370 of 40000 (ref-50fd965 vs cand-a771260)
Finished game 361 (cand-a771260 vs ref-50fd965): 1-0 {White wins by adjudication}
Started game 371 of 40000 (cand-a771260 vs ref-50fd965)
Finished game 362 (ref-50fd965 vs cand-a771260): 1-0 {White wins by adjudication}
Started game 372 of 40000 (ref-50fd965 vs cand-a771260)
Finished game 364 (ref-50fd965 vs cand-a771260): 0-1 {Black wins by adjudication}
Started game 373 of 40000 (cand-a771260 vs ref-50fd965)
Finished game 360 (ref-50fd965 vs cand-a771260): 1-0 {White wins by adjudication}
Started game 374 of 40000 (ref-50fd965 vs cand-a771260)
Finished game 359 (cand-a771260 vs ref-50fd965): 1/2-1/2 {Draw by adjudication}
--------------------------------------------------
Results of cand-a771260 vs ref-50fd965 (8+0.08, 1t, 16MB, noob_3moves.epd):
Elo: 21.14 +/- 27.64, nElo: 27.51 +/- 35.79
LOS: 93.40 %, DrawRatio: 35.36 %, PairsRatio: 1.34
Games: 362, Wins: 134, Losses: 112, Draws: 116, Points: 192.0 (53.04 %)
Ptnml(0-2): [14, 36, 64, 48, 19], WL/DD Ratio: 3.00
LLR: 0.37 (12.6%) (-2.94, 2.94) [0.00, 5.00]
--------------------------------------------------
Started game 375 of 40000 (cand-a771260 vs ref-50fd965)
Finished game 365 (cand-a771260 vs ref-50fd965): 1/2-1/2 {Draw by adjudication}
Started game 376 of 40000 (ref-50fd965 vs cand-a771260)
Finished game 358 (ref-50fd965 vs cand-a771260): 1/2-1/2 {Draw by fifty moves rule}
Started game 377 of 40000 (cand-a771260 vs ref-50fd965)
Finished game 368 (ref-50fd965 vs cand-a771260): 1/2-1/2 {Draw by 3-fold repetition}
Started game 378 of 40000 (ref-50fd965 vs cand-a771260)
Finished game 373 (cand-a771260 vs ref-50fd965): 1/2-1/2 {Draw by 3-fold repetition}
Started game 379 of 40000 (cand-a771260 vs ref-50fd965)
Finished game 366 (ref-50fd965 vs cand-a771260): 1-0 {White wins by adjudication}
Started game 380 of 40000 (ref-50fd965 vs cand-a771260)
Finished game 367 (cand-a771260 vs ref-50fd965): 1-0 {White wins by adjudication}
Started game 381 of 40000 (cand-a771260 vs ref-50fd965)
Finished game 369 (cand-a771260 vs ref-50fd965): 0-1 {Black wins by adjudication}
Started game 382 of 40000 (ref-50fd965 vs cand-a771260)
Finished game 374 (ref-50fd965 vs cand-a771260): 1-0 {White wins by adjudication}
Started game 383 of 40000 (cand-a771260 vs ref-50fd965)
Finished game 371 (cand-a771260 vs ref-50fd965): 1/2-1/2 {Draw by insufficient mating material}
Started game 384 of 40000 (ref-50fd965 vs cand-a771260)
Finished game 370 (ref-50fd965 vs cand-a771260): 0-1 {Black wins by adjudication}
Started game 385 of 40000 (cand-a771260 vs ref-50fd965)
Finished game 372 (ref-50fd965 vs cand-a771260): 0-1 {Black wins by adjudication}
Started game 386 of 40000 (ref-50fd965 vs cand-a771260)
Finished game 377 (cand-a771260 vs ref-50fd965): 1-0 {White wins by adjudication}
Started game 387 of 40000 (cand-a771260 vs ref-50fd965)
Finished game 380 (ref-50fd965 vs cand-a771260): 0-1 {Black wins by adjudication}
Started game 388 of 40000 (ref-50fd965 vs cand-a771260)
Finished game 381 (cand-a771260 vs ref-50fd965): 1-0 {White wins by adjudication}
Started game 389 of 40000 (cand-a771260 vs ref-50fd965)
Finished game 379 (cand-a771260 vs ref-50fd965): 1/2-1/2 {Draw by 3-fold repetition}
--------------------------------------------------
Results of cand-a771260 vs ref-50fd965 (8+0.08, 1t, 16MB, noob_3moves.epd):
Elo: 21.28 +/- 26.91, nElo: 27.90 +/- 35.12
LOS: 94.03 %, DrawRatio: 35.11 %, PairsRatio: 1.35
Games: 376, Wins: 138, Losses: 115, Draws: 123, Points: 199.5 (53.06 %)
Ptnml(0-2): [14, 38, 66, 51, 19], WL/DD Ratio: 2.88
LLR: 0.39 (13.3%) (-2.94, 2.94) [0.00, 5.00]
--------------------------------------------------
Started game 390 of 40000 (ref-50fd965 vs cand-a771260)
Finished game 376 (ref-50fd965 vs cand-a771260): 1/2-1/2 {Draw by insufficient mating material}
Started game 391 of 40000 (cand-a771260 vs ref-50fd965)
Finished game 378 (ref-50fd965 vs cand-a771260): 1-0 {White wins by adjudication}
Started game 392 of 40000 (ref-50fd965 vs cand-a771260)
Finished game 382 (ref-50fd965 vs cand-a771260): 0-1 {Black wins by adjudication}
Started game 393 of 40000 (cand-a771260 vs ref-50fd965)
Finished game 383 (cand-a771260 vs ref-50fd965): 1/2-1/2 {Draw by 3-fold repetition}
Started game 394 of 40000 (ref-50fd965 vs cand-a771260)
Finished game 375 (cand-a771260 vs ref-50fd965): 1-0 {White wins by adjudication}
Started game 395 of 40000 (cand-a771260 vs ref-50fd965)
Finished game 384 (ref-50fd965 vs cand-a771260): 0-1 {Black wins by adjudication}
Started game 396 of 40000 (ref-50fd965 vs cand-a771260)
Finished game 386 (ref-50fd965 vs cand-a771260): 1-0 {White wins by adjudication}
Started game 397 of 40000 (cand-a771260 vs ref-50fd965)
Finished game 385 (cand-a771260 vs ref-50fd965): 1-0 {White wins by adjudication}
Started game 398 of 40000 (ref-50fd965 vs cand-a771260)
Finished game 389 (cand-a771260 vs ref-50fd965): 1/2-1/2 {Draw by 3-fold repetition}
Started game 399 of 40000 (cand-a771260 vs ref-50fd965)
Finished game 388 (ref-50fd965 vs cand-a771260): 1/2-1/2 {Draw by insufficient mating material}
Started game 400 of 40000 (ref-50fd965 vs cand-a771260)
Finished game 391 (cand-a771260 vs ref-50fd965): 1/2-1/2 {Draw by 3-fold repetition}
Started game 401 of 40000 (cand-a771260 vs ref-50fd965)
Finished game 393 (cand-a771260 vs ref-50fd965): 1-0 {White wins by adjudication}
Started game 402 of 40000 (ref-50fd965 vs cand-a771260)
Finished game 387 (cand-a771260 vs ref-50fd965): 1/2-1/2 {Draw by adjudication}
Started game 403 of 40000 (cand-a771260 vs ref-50fd965)
Finished game 390 (ref-50fd965 vs cand-a771260): 1/2-1/2 {Draw by insufficient mating material}
Started game 404 of 40000 (ref-50fd965 vs cand-a771260)
Finished game 396 (ref-50fd965 vs cand-a771260): 0-1 {Black wins by adjudication}
Started game 405 of 40000 (cand-a771260 vs ref-50fd965)
Finished game 395 (cand-a771260 vs ref-50fd965): 1-0 {White wins by adjudication}
Started game 406 of 40000 (ref-50fd965 vs cand-a771260)
Finished game 398 (ref-50fd965 vs cand-a771260): 1-0 {White wins by adjudication}
Started game 407 of 40000 (cand-a771260 vs ref-50fd965)
Finished game 394 (ref-50fd965 vs cand-a771260): 0-1 {Black wins by adjudication}
Started game 408 of 40000 (ref-50fd965 vs cand-a771260)
Finished game 392 (ref-50fd965 vs cand-a771260): 1/2-1/2 {Draw by fifty moves rule}
Started game 409 of 40000 (cand-a771260 vs ref-50fd965)
Finished game 400 (ref-50fd965 vs cand-a771260): 0-1 {Black wins by adjudication}
Started game 410 of 40000 (ref-50fd965 vs cand-a771260)
Finished game 399 (cand-a771260 vs ref-50fd965): 1-0 {White wins by adjudication}
--------------------------------------------------
Results of cand-a771260 vs ref-50fd965 (8+0.08, 1t, 16MB, noob_3moves.epd):
Elo: 28.87 +/- 26.38, nElo: 37.61 +/- 34.13
LOS: 98.46 %, DrawRatio: 35.68 %, PairsRatio: 1.46
Games: 398, Wins: 150, Losses: 117, Draws: 131, Points: 215.5 (54.15 %)
Ptnml(0-2): [14, 38, 71, 53, 23], WL/DD Ratio: 2.55
LLR: 0.57 (19.4%) (-2.94, 2.94) [0.00, 5.00]
--------------------------------------------------
Started game 411 of 40000 (cand-a771260 vs ref-50fd965)
Finished game 401 (cand-a771260 vs ref-50fd965): 1/2-1/2 {Draw by 3-fold repetition}
Started game 412 of 40000 (ref-50fd965 vs cand-a771260)
Finished game 403 (cand-a771260 vs ref-50fd965): 1-0 {White wins by adjudication}
Started game 413 of 40000 (cand-a771260 vs ref-50fd965)
Finished game 397 (cand-a771260 vs ref-50fd965): 1/2-1/2 {Draw by adjudication}
Started game 414 of 40000 (ref-50fd965 vs cand-a771260)
Finished game 408 (ref-50fd965 vs cand-a771260): 1-0 {White wins by adjudication}
Started game 415 of 40000 (cand-a771260 vs ref-50fd965)
Finished game 404 (ref-50fd965 vs cand-a771260): 1/2-1/2 {Draw by 3-fold repetition}
Started game 416 of 40000 (ref-50fd965 vs cand-a771260)
Finished game 405 (cand-a771260 vs ref-50fd965): 1/2-1/2 {Draw by 3-fold repetition}
Started game 417 of 40000 (cand-a771260 vs ref-50fd965)
Finished game 409 (cand-a771260 vs ref-50fd965): 0-1 {Black wins by adjudication}
Started game 418 of 40000 (ref-50fd965 vs cand-a771260)
Finished game 407 (cand-a771260 vs ref-50fd965): 1-0 {White wins by adjudication}
Started game 419 of 40000 (cand-a771260 vs ref-50fd965)
Finished game 406 (ref-50fd965 vs cand-a771260): 0-1 {Black wins by adjudication}
Started game 420 of 40000 (ref-50fd965 vs cand-a771260)
Finished game 402 (ref-50fd965 vs cand-a771260): 1/2-1/2 {Draw by insufficient mating material}
Started game 421 of 40000 (cand-a771260 vs ref-50fd965)
Finished game 410 (ref-50fd965 vs cand-a771260): 1-0 {White wins by adjudication}
Started game 422 of 40000 (ref-50fd965 vs cand-a771260)
Finished game 414 (ref-50fd965 vs cand-a771260): 1/2-1/2 {Draw by 3-fold repetition}
Started game 423 of 40000 (cand-a771260 vs ref-50fd965)
Finished game 413 (cand-a771260 vs ref-50fd965): 1/2-1/2 {Draw by 3-fold repetition}
Started game 424 of 40000 (ref-50fd965 vs cand-a771260)
Finished game 411 (cand-a771260 vs ref-50fd965): 0-1 {Black wins by adjudication}
Started game 425 of 40000 (cand-a771260 vs ref-50fd965)
Finished game 412 (ref-50fd965 vs cand-a771260): 0-1 {Black wins by adjudication}
Started game 426 of 40000 (ref-50fd965 vs cand-a771260)
Finished game 416 (ref-50fd965 vs cand-a771260): 0-1 {Black wins by adjudication}
Started game 427 of 40000 (cand-a771260 vs ref-50fd965)
Finished game 420 (ref-50fd965 vs cand-a771260): 1/2-1/2 {Draw by 3-fold repetition}
Started game 428 of 40000 (ref-50fd965 vs cand-a771260)
Finished game 419 (cand-a771260 vs ref-50fd965): 0-1 {Black wins by adjudication}
--------------------------------------------------
Results of cand-a771260 vs ref-50fd965 (8+0.08, 1t, 16MB, noob_3moves.epd):
Elo: 25.94 +/- 25.67, nElo: 33.92 +/- 33.39
LOS: 97.68 %, DrawRatio: 36.06 %, PairsRatio: 1.42
Games: 416, Wins: 154, Losses: 123, Draws: 139, Points: 223.5 (53.73 %)
Ptnml(0-2): [15, 40, 75, 55, 23], WL/DD Ratio: 2.41
LLR: 0.53 (18.2%) (-2.94, 2.94) [0.00, 5.00]
--------------------------------------------------
Started game 429 of 40000 (cand-a771260 vs ref-50fd965)
Finished game 417 (cand-a771260 vs ref-50fd965): 1-0 {White wins by adjudication}
Started game 430 of 40000 (ref-50fd965 vs cand-a771260)
Finished game 418 (ref-50fd965 vs cand-a771260): 1-0 {White wins by adjudication}
Started game 431 of 40000 (cand-a771260 vs ref-50fd965)
Finished game 422 (ref-50fd965 vs cand-a771260): 1/2-1/2 {Draw by adjudication}
Started game 432 of 40000 (ref-50fd965 vs cand-a771260)
Finished game 421 (cand-a771260 vs ref-50fd965): 0-1 {Black wins by adjudication}
Started game 433 of 40000 (cand-a771260 vs ref-50fd965)
Finished game 415 (cand-a771260 vs ref-50fd965): 1-0 {White wins by adjudication}
Started game 434 of 40000 (ref-50fd965 vs cand-a771260)
Finished game 423 (cand-a771260 vs ref-50fd965): 1/2-1/2 {Draw by 3-fold repetition}
Started game 435 of 40000 (cand-a771260 vs ref-50fd965)
Finished game 426 (ref-50fd965 vs cand-a771260): 0-1 {Black wins by adjudication}
Started game 436 of 40000 (ref-50fd965 vs cand-a771260)
Finished game 428 (ref-50fd965 vs cand-a771260): 1/2-1/2 {Draw by 3-fold repetition}
Started game 437 of 40000 (cand-a771260 vs ref-50fd965)
Finished game 430 (ref-50fd965 vs cand-a771260): 1/2-1/2 {Draw by 3-fold repetition}
Started game 438 of 40000 (ref-50fd965 vs cand-a771260)
Finished game 432 (ref-50fd965 vs cand-a771260): 1/2-1/2 {Draw by 3-fold repetition}
Started game 439 of 40000 (cand-a771260 vs ref-50fd965)
Finished game 424 (ref-50fd965 vs cand-a771260): 1/2-1/2 {Draw by insufficient mating material}
Started game 440 of 40000 (ref-50fd965 vs cand-a771260)
Finished game 427 (cand-a771260 vs ref-50fd965): 1-0 {White wins by adjudication}
Started game 441 of 40000 (cand-a771260 vs ref-50fd965)
Finished game 429 (cand-a771260 vs ref-50fd965): 0-1 {Black wins by adjudication}
Started game 442 of 40000 (ref-50fd965 vs cand-a771260)
Finished game 433 (cand-a771260 vs ref-50fd965): 0-1 {Black wins by adjudication}
Started game 443 of 40000 (cand-a771260 vs ref-50fd965)
Finished game 436 (ref-50fd965 vs cand-a771260): 1-0 {White wins by adjudication}
Started game 444 of 40000 (ref-50fd965 vs cand-a771260)
Finished game 431 (cand-a771260 vs ref-50fd965): 1-0 {White wins by adjudication}
Started game 445 of 40000 (cand-a771260 vs ref-50fd965)
Finished game 425 (cand-a771260 vs ref-50fd965): 0-1 {Black wins by adjudication}
Started game 446 of 40000 (ref-50fd965 vs cand-a771260)
Finished game 434 (ref-50fd965 vs cand-a771260): 0-1 {Black wins by adjudication}
Started game 447 of 40000 (cand-a771260 vs ref-50fd965)
Finished game 435 (cand-a771260 vs ref-50fd965): 1/2-1/2 {Draw by 3-fold repetition}
Started game 448 of 40000 (ref-50fd965 vs cand-a771260)
Finished game 440 (ref-50fd965 vs cand-a771260): 1-0 {White wins by adjudication}
Started game 449 of 40000 (cand-a771260 vs ref-50fd965)
Finished game 438 (ref-50fd965 vs cand-a771260): 0-1 {Black wins by adjudication}
Started game 450 of 40000 (ref-50fd965 vs cand-a771260)
Finished game 439 (cand-a771260 vs ref-50fd965): 1/2-1/2 {Draw by adjudication}
--------------------------------------------------
Results of cand-a771260 vs ref-50fd965 (8+0.08, 1t, 16MB, noob_3moves.epd):
Elo: 24.63 +/- 24.88, nElo: 32.38 +/- 32.54
LOS: 97.44 %, DrawRatio: 36.07 %, PairsRatio: 1.37
Games: 438, Wins: 161, Losses: 130, Draws: 147, Points: 234.5 (53.54 %)
Ptnml(0-2): [15, 44, 79, 57, 24], WL/DD Ratio: 2.43
LLR: 0.54 (18.2%) (-2.94, 2.94) [0.00, 5.00]
--------------------------------------------------
Started game 451 of 40000 (cand-a771260 vs ref-50fd965)
Finished game 442 (ref-50fd965 vs cand-a771260): 1/2-1/2 {Draw by 3-fold repetition}
Started game 452 of 40000 (ref-50fd965 vs cand-a771260)
Finished game 444 (ref-50fd965 vs cand-a771260): 1-0 {White wins by adjudication}
Started game 453 of 40000 (cand-a771260 vs ref-50fd965)
Finished game 446 (ref-50fd965 vs cand-a771260): 1/2-1/2 {Draw by 3-fold repetition}
Started game 454 of 40000 (ref-50fd965 vs cand-a771260)
Finished game 441 (cand-a771260 vs ref-50fd965): 1/2-1/2 {Draw by adjudication}
Started game 455 of 40000 (cand-a771260 vs ref-50fd965)
Finished game 443 (cand-a771260 vs ref-50fd965): 1-0 {White wins by adjudication}
Started game 456 of 40000 (ref-50fd965 vs cand-a771260)
Finished game 448 (ref-50fd965 vs cand-a771260): 1/2-1/2 {Draw by insufficient mating material}
Started game 457 of 40000 (cand-a771260 vs ref-50fd965)
Finished game 447 (cand-a771260 vs ref-50fd965): 1/2-1/2 {Draw by insufficient mating material}
Started game 458 of 40000 (ref-50fd965 vs cand-a771260)
Finished game 437 (cand-a771260 vs ref-50fd965): 1/2-1/2 {Draw by fifty moves rule}
Started game 459 of 40000 (cand-a771260 vs ref-50fd965)
Finished game 452 (ref-50fd965 vs cand-a771260): 1/2-1/2 {Draw by 3-fold repetition}
Started game 460 of 40000 (ref-50fd965 vs cand-a771260)
Finished game 449 (cand-a771260 vs ref-50fd965): 0-1 {Black wins by adjudication}
Started game 461 of 40000 (cand-a771260 vs ref-50fd965)
Finished game 457 (cand-a771260 vs ref-50fd965): 0-1 {Black wins by adjudication}
Started game 462 of 40000 (ref-50fd965 vs cand-a771260)
Finished game 456 (ref-50fd965 vs cand-a771260): 1-0 {White wins by adjudication}
Started game 463 of 40000 (cand-a771260 vs ref-50fd965)
Finished game 453 (cand-a771260 vs ref-50fd965): 1-0 {White wins by adjudication}
Started game 464 of 40000 (ref-50fd965 vs cand-a771260)
Finished game 445 (cand-a771260 vs ref-50fd965): 1/2-1/2 {Draw by fifty moves rule}
Started game 465 of 40000 (cand-a771260 vs ref-50fd965)
Finished game 455 (cand-a771260 vs ref-50fd965): 1-0 {White wins by adjudication}
Started game 466 of 40000 (ref-50fd965 vs cand-a771260)
Finished game 454 (ref-50fd965 vs cand-a771260): 0-1 {Black wins by adjudication}
Started game 467 of 40000 (cand-a771260 vs ref-50fd965)
Finished game 458 (ref-50fd965 vs cand-a771260): 1/2-1/2 {Draw by 3-fold repetition}
Started game 468 of 40000 (ref-50fd965 vs cand-a771260)
Finished game 450 (ref-50fd965 vs cand-a771260): 1/2-1/2 {Draw by insufficient mating material}
Started game 469 of 40000 (cand-a771260 vs ref-50fd965)
Finished game 451 (cand-a771260 vs ref-50fd965): 1/2-1/2 {Draw by adjudication}
Started game 470 of 40000 (ref-50fd965 vs cand-a771260)
Finished game 462 (ref-50fd965 vs cand-a771260): 1/2-1/2 {Draw by 3-fold repetition}
Started game 471 of 40000 (cand-a771260 vs ref-50fd965)
Finished game 460 (ref-50fd965 vs cand-a771260): 1-0 {White wins by adjudication}
Started game 472 of 40000 (ref-50fd965 vs cand-a771260)
Finished game 463 (cand-a771260 vs ref-50fd965): 1-0 {White wins by adjudication}
Started game 473 of 40000 (cand-a771260 vs ref-50fd965)
Finished game 459 (cand-a771260 vs ref-50fd965): 1-0 {White wins by adjudication}
--------------------------------------------------
Results of cand-a771260 vs ref-50fd965 (8+0.08, 1t, 16MB, noob_3moves.epd):
Elo: 24.21 +/- 24.00, nElo: 32.18 +/- 31.75
LOS: 97.65 %, DrawRatio: 37.39 %, PairsRatio: 1.36
Games: 460, Wins: 167, Losses: 135, Draws: 158, Points: 246.0 (53.48 %)
Ptnml(0-2): [15, 46, 86, 58, 25], WL/DD Ratio: 2.19
LLR: 0.56 (19.0%) (-2.94, 2.94) [0.00, 5.00]
--------------------------------------------------
Started game 474 of 40000 (ref-50fd965 vs cand-a771260)
Finished game 465 (cand-a771260 vs ref-50fd965): 0-1 {Black wins by adjudication}
Started game 475 of 40000 (cand-a771260 vs ref-50fd965)
Finished game 468 (ref-50fd965 vs cand-a771260): 1-0 {White wins by adjudication}
Started game 476 of 40000 (ref-50fd965 vs cand-a771260)
Finished game 467 (cand-a771260 vs ref-50fd965): 0-1 {Black wins by adjudication}
Started game 477 of 40000 (cand-a771260 vs ref-50fd965)
Finished game 469 (cand-a771260 vs ref-50fd965): 1/2-1/2 {Draw by 3-fold repetition}
Started game 478 of 40000 (ref-50fd965 vs cand-a771260)
Finished game 464 (ref-50fd965 vs cand-a771260): 1/2-1/2 {Draw by 3-fold repetition}
Started game 479 of 40000 (cand-a771260 vs ref-50fd965)
Finished game 461 (cand-a771260 vs ref-50fd965): 1/2-1/2 {Draw by adjudication}
Started game 480 of 40000 (ref-50fd965 vs cand-a771260)
Finished game 466 (ref-50fd965 vs cand-a771260): 1-0 {White wins by adjudication}
Started game 481 of 40000 (cand-a771260 vs ref-50fd965)
Finished game 470 (ref-50fd965 vs cand-a771260): 1-0 {White wins by adjudication}
Started game 482 of 40000 (ref-50fd965 vs cand-a771260)
Finished game 473 (cand-a771260 vs ref-50fd965): 1/2-1/2 {Draw by 3-fold repetition}
Started game 483 of 40000 (cand-a771260 vs ref-50fd965)
Finished game 472 (ref-50fd965 vs cand-a771260): 1/2-1/2 {Draw by 3-fold repetition}
Started game 484 of 40000 (ref-50fd965 vs cand-a771260)
Finished game 471 (cand-a771260 vs ref-50fd965): 1-0 {White wins by adjudication}
Started game 485 of 40000 (cand-a771260 vs ref-50fd965)
Finished game 476 (ref-50fd965 vs cand-a771260): 1-0 {White wins by adjudication}
Started game 486 of 40000 (ref-50fd965 vs cand-a771260)
Finished game 474 (ref-50fd965 vs cand-a771260): 0-1 {Black wins by adjudication}
Started game 487 of 40000 (cand-a771260 vs ref-50fd965)
Finished game 475 (cand-a771260 vs ref-50fd965): 0-1 {Black wins by adjudication}
Started game 488 of 40000 (ref-50fd965 vs cand-a771260)
Finished game 479 (cand-a771260 vs ref-50fd965): 1/2-1/2 {Draw by 3-fold repetition}
Started game 489 of 40000 (cand-a771260 vs ref-50fd965)
Finished game 477 (cand-a771260 vs ref-50fd965): 1-0 {White wins by adjudication}
Started game 490 of 40000 (ref-50fd965 vs cand-a771260)
Finished game 481 (cand-a771260 vs ref-50fd965): 1/2-1/2 {Draw by 3-fold repetition}
Started game 491 of 40000 (cand-a771260 vs ref-50fd965)
Finished game 480 (ref-50fd965 vs cand-a771260): 0-1 {Black wins by adjudication}
--------------------------------------------------
Results of cand-a771260 vs ref-50fd965 (8+0.08, 1t, 16MB, noob_3moves.epd):
Elo: 21.10 +/- 23.86, nElo: 27.67 +/- 31.15
LOS: 95.92 %, DrawRatio: 36.40 %, PairsRatio: 1.34
Games: 478, Wins: 171, Losses: 142, Draws: 165, Points: 253.5 (53.03 %)
Ptnml(0-2): [18, 47, 87, 62, 25], WL/DD Ratio: 2.11
LLR: 0.49 (16.8%) (-2.94, 2.94) [0.00, 5.00]
--------------------------------------------------
Started game 492 of 40000 (ref-50fd965 vs cand-a771260)
Finished game 478 (ref-50fd965 vs cand-a771260): 1/2-1/2 {Draw by adjudication}
Started game 493 of 40000 (cand-a771260 vs ref-50fd965)
Finished game 488 (ref-50fd965 vs cand-a771260): 1-0 {White wins by adjudication}
Started game 494 of 40000 (ref-50fd965 vs cand-a771260)
Finished game 485 (cand-a771260 vs ref-50fd965): 1-0 {White wins by adjudication}
Started game 495 of 40000 (cand-a771260 vs ref-50fd965)
Finished game 484 (ref-50fd965 vs cand-a771260): 0-1 {Black wins by adjudication}
Started game 496 of 40000 (ref-50fd965 vs cand-a771260)
Finished game 483 (cand-a771260 vs ref-50fd965): 0-1 {Black wins by adjudication}
Started game 497 of 40000 (cand-a771260 vs ref-50fd965)
Finished game 486 (ref-50fd965 vs cand-a771260): 0-1 {Black wins by adjudication}
Started game 498 of 40000 (ref-50fd965 vs cand-a771260)
Finished game 492 (ref-50fd965 vs cand-a771260): 0-1 {Black wins by adjudication}
Started game 499 of 40000 (cand-a771260 vs ref-50fd965)
Finished game 489 (cand-a771260 vs ref-50fd965): 1/2-1/2 {Draw by adjudication}
Started game 500 of 40000 (ref-50fd965 vs cand-a771260)
Finished game 482 (ref-50fd965 vs cand-a771260): 1-0 {White wins by adjudication}
Started game 501 of 40000 (cand-a771260 vs ref-50fd965)
Finished game 490 (ref-50fd965 vs cand-a771260): 1/2-1/2 {Draw by 3-fold repetition}
Started game 502 of 40000 (ref-50fd965 vs cand-a771260)
Finished game 495 (cand-a771260 vs ref-50fd965): 0-1 {Black wins by adjudication}
Started game 503 of 40000 (cand-a771260 vs ref-50fd965)
Finished game 493 (cand-a771260 vs ref-50fd965): 0-1 {Black wins by adjudication}
Started game 504 of 40000 (ref-50fd965 vs cand-a771260)
Finished game 487 (cand-a771260 vs ref-50fd965): 1/2-1/2 {Draw by adjudication}
Started game 505 of 40000 (cand-a771260 vs ref-50fd965)
Finished game 494 (ref-50fd965 vs cand-a771260): 1-0 {White wins by adjudication}
Started game 506 of 40000 (ref-50fd965 vs cand-a771260)
Finished game 491 (cand-a771260 vs ref-50fd965): 1/2-1/2 {Draw by adjudication}
Started game 507 of 40000 (cand-a771260 vs ref-50fd965)
Finished game 498 (ref-50fd965 vs cand-a771260): 1/2-1/2 {Draw by 3-fold repetition}
Started game 508 of 40000 (ref-50fd965 vs cand-a771260)
Finished game 496 (ref-50fd965 vs cand-a771260): 1-0 {White wins by adjudication}
Started game 509 of 40000 (cand-a771260 vs ref-50fd965)
Finished game 497 (cand-a771260 vs ref-50fd965): 1-0 {White wins by adjudication}
Started game 510 of 40000 (ref-50fd965 vs cand-a771260)
Finished game 506 (ref-50fd965 vs cand-a771260): 1/2-1/2 {Draw by 3-fold repetition}
Started game 511 of 40000 (cand-a771260 vs ref-50fd965)
Finished game 499 (cand-a771260 vs ref-50fd965): 1/2-1/2 {Draw by insufficient mating material}
Started game 512 of 40000 (ref-50fd965 vs cand-a771260)
Finished game 503 (cand-a771260 vs ref-50fd965): 1-0 {White wins by adjudication}
Started game 513 of 40000 (cand-a771260 vs ref-50fd965)
Finished game 504 (ref-50fd965 vs cand-a771260): 0-1 {Black wins by adjudication}
Started game 514 of 40000 (ref-50fd965 vs cand-a771260)
Finished game 500 (ref-50fd965 vs cand-a771260): 1/2-1/2 {Draw by insufficient mating material}
--------------------------------------------------
Results of cand-a771260 vs ref-50fd965 (8+0.08, 1t, 16MB, noob_3moves.epd):
Elo: 20.79 +/- 23.55, nElo: 26.93 +/- 30.39
LOS: 95.88 %, DrawRatio: 35.86 %, PairsRatio: 1.33
Games: 502, Wins: 179, Losses: 149, Draws: 174, Points: 266.0 (52.99 %)
Ptnml(0-2): [20, 49, 90, 65, 27], WL/DD Ratio: 2.00
LLR: 0.50 (17.1%) (-2.94, 2.94) [0.00, 5.00]
--------------------------------------------------
Started game 515 of 40000 (cand-a771260 vs ref-50fd965)
Finished game 505 (cand-a771260 vs ref-50fd965): 1/2-1/2 {Draw by adjudication}
Started game 516 of 40000 (ref-50fd965 vs cand-a771260)
Finished game 507 (cand-a771260 vs ref-50fd965): 1-0 {White wins by adjudication}
Started game 517 of 40000 (cand-a771260 vs ref-50fd965)
Finished game 501 (cand-a771260 vs ref-50fd965): 1/2-1/2 {Draw by insufficient mating material}
Started game 518 of 40000 (ref-50fd965 vs cand-a771260)
Finished game 508 (ref-50fd965 vs cand-a771260): 0-1 {Black wins by adjudication}
Started game 519 of 40000 (cand-a771260 vs ref-50fd965)
Finished game 502 (ref-50fd965 vs cand-a771260): 1/2-1/2 {Draw by adjudication}
Started game 520 of 40000 (ref-50fd965 vs cand-a771260)
Finished game 510 (ref-50fd965 vs cand-a771260): 0-1 {Black wins by adjudication}
Started game 521 of 40000 (cand-a771260 vs ref-50fd965)
Finished game 518 (ref-50fd965 vs cand-a771260): 0-1 {Black wins by adjudication}
Started game 522 of 40000 (ref-50fd965 vs cand-a771260)
Finished game 509 (cand-a771260 vs ref-50fd965): 1/2-1/2 {Draw by insufficient mating material}
Started game 523 of 40000 (cand-a771260 vs ref-50fd965)
Finished game 511 (cand-a771260 vs ref-50fd965): 1-0 {White wins by adjudication}
Started game 524 of 40000 (ref-50fd965 vs cand-a771260)
Finished game 517 (cand-a771260 vs ref-50fd965): 1/2-1/2 {Draw by 3-fold repetition}
Started game 525 of 40000 (cand-a771260 vs ref-50fd965)
Finished game 513 (cand-a771260 vs ref-50fd965): 1/2-1/2 {Draw by 3-fold repetition}
Started game 526 of 40000 (ref-50fd965 vs cand-a771260)
Finished game 512 (ref-50fd965 vs cand-a771260): 0-1 {Black wins by adjudication}
Started game 527 of 40000 (cand-a771260 vs ref-50fd965)
Finished game 515 (cand-a771260 vs ref-50fd965): 0-1 {Black wins by adjudication}
Started game 528 of 40000 (ref-50fd965 vs cand-a771260)
Finished game 520 (ref-50fd965 vs cand-a771260): 0-1 {Black wins by adjudication}
Started game 529 of 40000 (cand-a771260 vs ref-50fd965)
Finished game 516 (ref-50fd965 vs cand-a771260): 0-1 {Black wins by adjudication}
Started game 530 of 40000 (ref-50fd965 vs cand-a771260)
Finished game 519 (cand-a771260 vs ref-50fd965): 1/2-1/2 {Draw by 3-fold repetition}
--------------------------------------------------
Results of cand-a771260 vs ref-50fd965 (8+0.08, 1t, 16MB, noob_3moves.epd):
Elo: 24.86 +/- 23.21, nElo: 32.20 +/- 29.92
LOS: 98.25 %, DrawRatio: 35.91 %, PairsRatio: 1.41
Games: 518, Wins: 187, Losses: 150, Draws: 181, Points: 277.5 (53.57 %)
Ptnml(0-2): [20, 49, 93, 68, 29], WL/DD Ratio: 1.91
LLR: 0.63 (21.4%) (-2.94, 2.94) [0.00, 5.00]
--------------------------------------------------
Started game 531 of 40000 (cand-a771260 vs ref-50fd965)
Finished game 514 (ref-50fd965 vs cand-a771260): 1-0 {White wins by adjudication}
Started game 532 of 40000 (ref-50fd965 vs cand-a771260)
Finished game 522 (ref-50fd965 vs cand-a771260): 1-0 {White wins by adjudication}
Started game 533 of 40000 (cand-a771260 vs ref-50fd965)
Finished game 521 (cand-a771260 vs ref-50fd965): 0-1 {Black wins by adjudication}
Started game 534 of 40000 (ref-50fd965 vs cand-a771260)
Finished game 524 (ref-50fd965 vs cand-a771260): 0-1 {Black wins by adjudication}
Started game 535 of 40000 (cand-a771260 vs ref-50fd965)
Finished game 528 (ref-50fd965 vs cand-a771260): 0-1 {Black wins by adjudication}
Started game 536 of 40000 (ref-50fd965 vs cand-a771260)
Finished game 526 (ref-50fd965 vs cand-a771260): 1-0 {White wins by adjudication}
Started game 537 of 40000 (cand-a771260 vs ref-50fd965)
Finished game 523 (cand-a771260 vs ref-50fd965): 1-0 {White wins by adjudication}
Started game 538 of 40000 (ref-50fd965 vs cand-a771260)
Finished game 529 (cand-a771260 vs ref-50fd965): 1-0 {White wins by adjudication}
Started game 539 of 40000 (cand-a771260 vs ref-50fd965)
Finished game 527 (cand-a771260 vs ref-50fd965): 1/2-1/2 {Draw by insufficient mating material}
Started game 540 of 40000 (ref-50fd965 vs cand-a771260)
Finished game 525 (cand-a771260 vs ref-50fd965): 1/2-1/2 {Draw by fifty moves rule}
Started game 541 of 40000 (cand-a771260 vs ref-50fd965)
Finished game 531 (cand-a771260 vs ref-50fd965): 1/2-1/2 {Draw by 3-fold repetition}
Started game 542 of 40000 (ref-50fd965 vs cand-a771260)
Finished game 533 (cand-a771260 vs ref-50fd965): 0-1 {Black wins by adjudication}
Started game 543 of 40000 (cand-a771260 vs ref-50fd965)
Finished game 532 (ref-50fd965 vs cand-a771260): 1/2-1/2 {Draw by adjudication}
Started game 544 of 40000 (ref-50fd965 vs cand-a771260)
Finished game 530 (ref-50fd965 vs cand-a771260): 1/2-1/2 {Draw by adjudication}
Started game 545 of 40000 (cand-a771260 vs ref-50fd965)
Finished game 537 (cand-a771260 vs ref-50fd965): 1-0 {White wins by adjudication}
Started game 546 of 40000 (ref-50fd965 vs cand-a771260)
Finished game 538 (ref-50fd965 vs cand-a771260): 1/2-1/2 {Draw by 3-fold repetition}
Started game 547 of 40000 (cand-a771260 vs ref-50fd965)
Finished game 540 (ref-50fd965 vs cand-a771260): 1-0 {White wins by adjudication}
Started game 548 of 40000 (ref-50fd965 vs cand-a771260)
Finished game 536 (ref-50fd965 vs cand-a771260): 0-1 {Black wins by adjudication}
Started game 549 of 40000 (cand-a771260 vs ref-50fd965)
Finished game 534 (ref-50fd965 vs cand-a771260): 1/2-1/2 {Draw by adjudication}
Started game 550 of 40000 (ref-50fd965 vs cand-a771260)
Finished game 539 (cand-a771260 vs ref-50fd965): 1-0 {White wins by adjudication}
--------------------------------------------------
Results of cand-a771260 vs ref-50fd965 (8+0.08, 1t, 16MB, noob_3moves.epd):
Elo: 23.93 +/- 22.85, nElo: 30.89 +/- 29.36
LOS: 98.04 %, DrawRatio: 35.32 %, PairsRatio: 1.38
Games: 538, Wins: 193, Losses: 156, Draws: 189, Points: 287.5 (53.44 %)
Ptnml(0-2): [21, 52, 95, 71, 30], WL/DD Ratio: 1.88
LLR: 0.63 (21.3%) (-2.94, 2.94) [0.00, 5.00]
--------------------------------------------------
Started game 551 of 40000 (cand-a771260 vs ref-50fd965)
Finished game 535 (cand-a771260 vs ref-50fd965): 1-0 {White wins by adjudication}
Started game 552 of 40000 (ref-50fd965 vs cand-a771260)
Finished game 541 (cand-a771260 vs ref-50fd965): 1/2-1/2 {Draw by adjudication}
Started game 553 of 40000 (cand-a771260 vs ref-50fd965)
Finished game 547 (cand-a771260 vs ref-50fd965): 1/2-1/2 {Draw by 3-fold repetition}
Started game 554 of 40000 (ref-50fd965 vs cand-a771260)
Finished game 542 (ref-50fd965 vs cand-a771260): 0-1 {Black wins by adjudication}
Started game 555 of 40000 (cand-a771260 vs ref-50fd965)
Finished game 543 (cand-a771260 vs ref-50fd965): 1-0 {White wins by adjudication}
Started game 556 of 40000 (ref-50fd965 vs cand-a771260)
Finished game 545 (cand-a771260 vs ref-50fd965): 0-1 {Black wins by adjudication}
Started game 557 of 40000 (cand-a771260 vs ref-50fd965)
Finished game 544 (ref-50fd965 vs cand-a771260): 1-0 {White wins by adjudication}
Started game 558 of 40000 (ref-50fd965 vs cand-a771260)
Finished game 554 (ref-50fd965 vs cand-a771260): 1/2-1/2 {Draw by 3-fold repetition}
Started game 559 of 40000 (cand-a771260 vs ref-50fd965)
Finished game 550 (ref-50fd965 vs cand-a771260): 1-0 {White wins by adjudication}
Started game 560 of 40000 (ref-50fd965 vs cand-a771260)
Finished game 548 (ref-50fd965 vs cand-a771260): 0-1 {Black wins by adjudication}
Started game 561 of 40000 (cand-a771260 vs ref-50fd965)
Finished game 546 (ref-50fd965 vs cand-a771260): 1/2-1/2 {Draw by 3-fold repetition}
Started game 562 of 40000 (ref-50fd965 vs cand-a771260)
Finished game 549 (cand-a771260 vs ref-50fd965): 1-0 {White wins by adjudication}
Started game 563 of 40000 (cand-a771260 vs ref-50fd965)
Finished game 553 (cand-a771260 vs ref-50fd965): 0-1 {Black wins by adjudication}
Started game 564 of 40000 (ref-50fd965 vs cand-a771260)
Finished game 555 (cand-a771260 vs ref-50fd965): 1/2-1/2 {Draw by 3-fold repetition}
Started game 565 of 40000 (cand-a771260 vs ref-50fd965)
Finished game 552 (ref-50fd965 vs cand-a771260): 1/2-1/2 {Draw by adjudication}
Started game 566 of 40000 (ref-50fd965 vs cand-a771260)
Finished game 551 (cand-a771260 vs ref-50fd965): 1/2-1/2 {Draw by insufficient mating material}
Started game 567 of 40000 (cand-a771260 vs ref-50fd965)
Finished game 557 (cand-a771260 vs ref-50fd965): 1/2-1/2 {Draw by 3-fold repetition}
Started game 568 of 40000 (ref-50fd965 vs cand-a771260)
Finished game 560 (ref-50fd965 vs cand-a771260): 0-1 {Black wins by adjudication}
Started game 569 of 40000 (cand-a771260 vs ref-50fd965)
Finished game 564 (ref-50fd965 vs cand-a771260): 1-0 {White wins by adjudication}
Started game 570 of 40000 (ref-50fd965 vs cand-a771260)
Finished game 561 (cand-a771260 vs ref-50fd965): 0-1 {Black wins by adjudication}
Started game 571 of 40000 (cand-a771260 vs ref-50fd965)
Finished game 556 (ref-50fd965 vs cand-a771260): 1/2-1/2 {Draw by 3-fold repetition}
Started game 572 of 40000 (ref-50fd965 vs cand-a771260)
Finished game 562 (ref-50fd965 vs cand-a771260): 1/2-1/2 {Draw by 3-fold repetition}
Started game 573 of 40000 (cand-a771260 vs ref-50fd965)
Finished game 558 (ref-50fd965 vs cand-a771260): 1-0 {White wins by adjudication}
Started game 574 of 40000 (ref-50fd965 vs cand-a771260)
Finished game 563 (cand-a771260 vs ref-50fd965): 0-1 {Black wins by adjudication}
Started game 575 of 40000 (cand-a771260 vs ref-50fd965)
Warning; Incomplete mating PV - from cand-a771260
Info; info score mate 8 time 0 depth 1 nodes 44 nps 2315789 pv c2c1 
Position; fen r1bqkbnr/pppnppp1/3p4/7p/PP1P4/8/2P1PPPP/RNBQKBNR w KQkq - 0 4
Moves; e2e4 e7e5 g1f3 h5h4 b4b5 e5d4 d1d4 g8f6 f1c4 h4h3 g2g3 a7a6 e1g1 a6b5 a4b5 a8a1 d4a1 d7b6 c4b3 f8e7 b1c3 e8g8 f3g5 c7c6 f1d1 f6e8 g5f7 f8f7 b5c6 b7c6 c1e3 b6d7 a1a2 d7e5 f2f4 d6d5 f4e5 e7g5 e3d4 e8c7 e4d5 c6d5 c3d5 g8h8 d4b6 c8e6 a2a5 d8f8 b6c5 f8c8 c5e3 g5e3 d5e3 e6b3 c2b3 c7e6 a5b4 c8c6 d1d5 h8g8 b4c4 c6a8 b3b4 a8a1 e3d1 a1a7 g1h1 a7a8 h1g1 a8a7 g1h1 a7c7 c4d3 c7c2 d1e3
Warning; Incomplete mating PV - from cand-a771260
Info; info score mate 8 time 0 depth 2 nodes 92 nps 1614035 pv c2c1 d3d1 
Position; fen r1bqkbnr/pppnppp1/3p4/7p/PP1P4/8/2P1PPPP/RNBQKBNR w KQkq - 0 4
Moves; e2e4 e7e5 g1f3 h5h4 b4b5 e5d4 d1d4 g8f6 f1c4 h4h3 g2g3 a7a6 e1g1 a6b5 a4b5 a8a1 d4a1 d7b6 c4b3 f8e7 b1c3 e8g8 f3g5 c7c6 f1d1 f6e8 g5f7 f8f7 b5c6 b7c6 c1e3 b6d7 a1a2 d7e5 f2f4 d6d5 f4e5 e7g5 e3d4 e8c7 e4d5 c6d5 c3d5 g8h8 d4b6 c8e6 a2a5 d8f8 b6c5 f8c8 c5e3 g5e3 d5e3 e6b3 c2b3 c7e6 a5b4 c8c6 d1d5 h8g8 b4c4 c6a8 b3b4 a8a1 e3d1 a1a7 g1h1 a7a8 h1g1 a8a7 g1h1 a7c7 c4d3 c7c2 d1e3
Warning; Incomplete mating PV - from cand-a771260
Info; info score mate 8 time 0 depth 3 nodes 178 nps 1934782 pv c2c1 d3d1 c1e3 
Position; fen r1bqkbnr/pppnppp1/3p4/7p/PP1P4/8/2P1PPPP/RNBQKBNR w KQkq - 0 4
Moves; e2e4 e7e5 g1f3 h5h4 b4b5 e5d4 d1d4 g8f6 f1c4 h4h3 g2g3 a7a6 e1g1 a6b5 a4b5 a8a1 d4a1 d7b6 c4b3 f8e7 b1c3 e8g8 f3g5 c7c6 f1d1 f6e8 g5f7 f8f7 b5c6 b7c6 c1e3 b6d7 a1a2 d7e5 f2f4 d6d5 f4e5 e7g5 e3d4 e8c7 e4d5 c6d5 c3d5 g8h8 d4b6 c8e6 a2a5 d8f8 b6c5 f8c8 c5e3 g5e3 d5e3 e6b3 c2b3 c7e6 a5b4 c8c6 d1d5 h8g8 b4c4 c6a8 b3b4 a8a1 e3d1 a1a7 g1h1 a7a8 h1g1 a8a7 g1h1 a7c7 c4d3 c7c2 d1e3
Warning; Incomplete mating PV - from cand-a771260
Info; info score mate 8 time 2 depth 9 nodes 9501 nps 3624952 pv c2c1 d3d1 c1e3 d5d8 e6d8 d1d8 f7f8 d8d5 g8h7 
Position; fen r1bqkbnr/pppnppp1/3p4/7p/PP1P4/8/2P1PPPP/RNBQKBNR w KQkq - 0 4
Moves; e2e4 e7e5 g1f3 h5h4 b4b5 e5d4 d1d4 g8f6 f1c4 h4h3 g2g3 a7a6 e1g1 a6b5 a4b5 a8a1 d4a1 d7b6 c4b3 f8e7 b1c3 e8g8 f3g5 c7c6 f1d1 f6e8 g5f7 f8f7 b5c6 b7c6 c1e3 b6d7 a1a2 d7e5 f2f4 d6d5 f4e5 e7g5 e3d4 e8c7 e4d5 c6d5 c3d5 g8h8 d4b6 c8e6 a2a5 d8f8 b6c5 f8c8 c5e3 g5e3 d5e3 e6b3 c2b3 c7e6 a5b4 c8c6 d1d5 h8g8 b4c4 c6a8 b3b4 a8a1 e3d1 a1a7 g1h1 a7a8 h1g1 a8a7 g1h1 a7c7 c4d3 c7c2 d1e3
Finished game 566 (ref-50fd965 vs cand-a771260): 0-1 {Black wins by adjudication}
Started game 576 of 40000 (ref-50fd965 vs cand-a771260)
Finished game 567 (cand-a771260 vs ref-50fd965): 1/2-1/2 {Draw by insufficient mating material}
Started game 577 of 40000 (cand-a771260 vs ref-50fd965)
Finished game 572 (ref-50fd965 vs cand-a771260): 0-1 {Black wins by adjudication}
Started game 578 of 40000 (ref-50fd965 vs cand-a771260)
Finished game 570 (ref-50fd965 vs cand-a771260): 1-0 {White wins by adjudication}
Started game 579 of 40000 (cand-a771260 vs ref-50fd965)
Finished game 574 (ref-50fd965 vs cand-a771260): 1/2-1/2 {Draw by 3-fold repetition}
Started game 580 of 40000 (ref-50fd965 vs cand-a771260)
Finished game 571 (cand-a771260 vs ref-50fd965): 0-1 {Black wins by adjudication}
Started game 581 of 40000 (cand-a771260 vs ref-50fd965)
Finished game 559 (cand-a771260 vs ref-50fd965): 1/2-1/2 {Draw by adjudication}
--------------------------------------------------
Results of cand-a771260 vs ref-50fd965 (8+0.08, 1t, 16MB, noob_3moves.epd):
Elo: 22.13 +/- 22.22, nElo: 28.62 +/- 28.62
LOS: 97.50 %, DrawRatio: 35.34 %, PairsRatio: 1.35
Games: 566, Wins: 201, Losses: 165, Draws: 200, Points: 301.0 (53.18 %)
Ptnml(0-2): [22, 56, 100, 74, 31], WL/DD Ratio: 1.86
LLR: 0.61 (20.6%) (-2.94, 2.94) [0.00, 5.00]
--------------------------------------------------
Started game 582 of 40000 (ref-50fd965 vs cand-a771260)
Finished game 565 (cand-a771260 vs ref-50fd965): 1/2-1/2 {Draw by fifty moves rule}
Started game 583 of 40000 (cand-a771260 vs ref-50fd965)
Finished game 568 (ref-50fd965 vs cand-a771260): 0-1 {Black wins by adjudication}
Started game 584 of 40000 (ref-50fd965 vs cand-a771260)
Finished game 569 (cand-a771260 vs ref-50fd965): 1-0 {White wins by adjudication}
Started game 585 of 40000 (cand-a771260 vs ref-50fd965)
Finished game 573 (cand-a771260 vs ref-50fd965): 0-1 {Black wins by adjudication}
Started game 586 of 40000 (ref-50fd965 vs cand-a771260)
Finished game 575 (cand-a771260 vs ref-50fd965): 0-1 {Black wins by adjudication}
Started game 587 of 40000 (cand-a771260 vs ref-50fd965)
Finished game 579 (cand-a771260 vs ref-50fd965): 0-1 {Black wins by adjudication}
Started game 588 of 40000 (ref-50fd965 vs cand-a771260)
Finished game 577 (cand-a771260 vs ref-50fd965): 1-0 {White wins by adjudication}
Started game 589 of 40000 (cand-a771260 vs ref-50fd965)
Finished game 578 (ref-50fd965 vs cand-a771260): 0-1 {Black wins by adjudication}
Started game 590 of 40000 (ref-50fd965 vs cand-a771260)
Finished game 576 (ref-50fd965 vs cand-a771260): 1/2-1/2 {Draw by insufficient mating material}
Started game 591 of 40000 (cand-a771260 vs ref-50fd965)
Finished game 583 (cand-a771260 vs ref-50fd965): 1/2-1/2 {Draw by 3-fold repetition}
Started game 592 of 40000 (ref-50fd965 vs cand-a771260)
Finished game 581 (cand-a771260 vs ref-50fd965): 1/2-1/2 {Draw by 3-fold repetition}
Started game 593 of 40000 (cand-a771260 vs ref-50fd965)
Finished game 588 (ref-50fd965 vs cand-a771260): 0-1 {Black wins by adjudication}
Started game 594 of 40000 (ref-50fd965 vs cand-a771260)
Finished game 582 (ref-50fd965 vs cand-a771260): 1/2-1/2 {Draw by insufficient mating material}
Started game 595 of 40000 (cand-a771260 vs ref-50fd965)
Finished game 589 (cand-a771260 vs ref-50fd965): 1-0 {White wins by adjudication}
Started game 596 of 40000 (ref-50fd965 vs cand-a771260)
Finished game 580 (ref-50fd965 vs cand-a771260): 1/2-1/2 {Draw by adjudication}
--------------------------------------------------
Results of cand-a771260 vs ref-50fd965 (8+0.08, 1t, 16MB, noob_3moves.epd):
Elo: 22.12 +/- 21.89, nElo: 28.63 +/- 28.23
LOS: 97.66 %, DrawRatio: 35.05 %, PairsRatio: 1.33
Games: 582, Wins: 206, Losses: 169, Draws: 207, Points: 309.5 (53.18 %)
Ptnml(0-2): [22, 59, 102, 76, 32], WL/DD Ratio: 1.83
LLR: 0.62 (21.2%) (-2.94, 2.94) [0.00, 5.00]
--------------------------------------------------
Started game 597 of 40000 (cand-a771260 vs ref-50fd965)
Finished game 585 (cand-a771260 vs ref-50fd965): 1-0 {White wins by adjudication}
Started game 598 of 40000 (ref-50fd965 vs cand-a771260)
Finished game 584 (ref-50fd965 vs cand-a771260): 1/2-1/2 {Draw by insufficient mating material}
Started game 599 of 40000 (cand-a771260 vs ref-50fd965)
Finished game 586 (ref-50fd965 vs cand-a771260): 1/2-1/2 {Draw by 3-fold repetition}
Started game 600 of 40000 (ref-50fd965 vs cand-a771260)
Finished game 590 (ref-50fd965 vs cand-a771260): 0-1 {Black wins by adjudication}
Started game 601 of 40000 (cand-a771260 vs ref-50fd965)
Finished game 587 (cand-a771260 vs ref-50fd965): 1/2-1/2 {Draw by 3-fold repetition}
Started game 602 of 40000 (ref-50fd965 vs cand-a771260)
Finished game 598 (ref-50fd965 vs cand-a771260): 0-1 {Black wins by adjudication}
Started game 603 of 40000 (cand-a771260 vs ref-50fd965)
Finished game 596 (ref-50fd965 vs cand-a771260): 1-0 {White wins by adjudication}
Started game 604 of 40000 (ref-50fd965 vs cand-a771260)
Finished game 594 (ref-50fd965 vs cand-a771260): 0-1 {Black wins by adjudication}
Started game 605 of 40000 (cand-a771260 vs ref-50fd965)
Finished game 595 (cand-a771260 vs ref-50fd965): 1/2-1/2 {Draw by 3-fold repetition}
Started game 606 of 40000 (ref-50fd965 vs cand-a771260)
Finished game 600 (ref-50fd965 vs cand-a771260): 1/2-1/2 {Draw by 3-fold repetition}
Started game 607 of 40000 (cand-a771260 vs ref-50fd965)
Finished game 597 (cand-a771260 vs ref-50fd965): 1/2-1/2 {Draw by insufficient mating material}
Started game 608 of 40000 (ref-50fd965 vs cand-a771260)
Finished game 593 (cand-a771260 vs ref-50fd965): 0-1 {Black wins by adjudication}
Started game 609 of 40000 (cand-a771260 vs ref-50fd965)
Finished game 601 (cand-a771260 vs ref-50fd965): 1/2-1/2 {Draw by 3-fold repetition}
Started game 610 of 40000 (ref-50fd965 vs cand-a771260)
Finished game 592 (ref-50fd965 vs cand-a771260): 0-1 {Black wins by adjudication}
Started game 611 of 40000 (cand-a771260 vs ref-50fd965)
Finished game 591 (cand-a771260 vs ref-50fd965): 1-0 {White wins by adjudication}
Started game 612 of 40000 (ref-50fd965 vs cand-a771260)
Finished game 603 (cand-a771260 vs ref-50fd965): 1/2-1/2 {Draw by 3-fold repetition}
Started game 613 of 40000 (cand-a771260 vs ref-50fd965)
Finished game 607 (cand-a771260 vs ref-50fd965): 1-0 {White wins by adjudication}
Started game 614 of 40000 (ref-50fd965 vs cand-a771260)
Finished game 599 (cand-a771260 vs ref-50fd965): 1/2-1/2 {Draw by adjudication}
--------------------------------------------------
Results of cand-a771260 vs ref-50fd965 (8+0.08, 1t, 16MB, noob_3moves.epd):
Elo: 24.94 +/- 21.58, nElo: 32.29 +/- 27.80
LOS: 98.86 %, DrawRatio: 35.00 %, PairsRatio: 1.38
Games: 600, Wins: 214, Losses: 171, Draws: 215, Points: 321.5 (53.58 %)
Ptnml(0-2): [22, 60, 105, 79, 34], WL/DD Ratio: 1.76
LLR: 0.73 (24.9%) (-2.94, 2.94) [0.00, 5.00]
--------------------------------------------------
Started game 615 of 40000 (cand-a771260 vs ref-50fd965)
Finished game 606 (ref-50fd965 vs cand-a771260): 0-1 {Black wins by adjudication}
Started game 616 of 40000 (ref-50fd965 vs cand-a771260)
Finished game 608 (ref-50fd965 vs cand-a771260): 0-1 {Black wins by adjudication}
Started game 617 of 40000 (cand-a771260 vs ref-50fd965)
Finished game 611 (cand-a771260 vs ref-50fd965): 1/2-1/2 {Draw by 3-fold repetition}
Started game 618 of 40000 (ref-50fd965 vs cand-a771260)
Finished game 604 (ref-50fd965 vs cand-a771260): 1/2-1/2 {Draw by insufficient mating material}
Started game 619 of 40000 (cand-a771260 vs ref-50fd965)
Finished game 605 (cand-a771260 vs ref-50fd965): 1/2-1/2 {Draw by insufficient mating material}
Started game 620 of 40000 (ref-50fd965 vs cand-a771260)
Finished game 610 (ref-50fd965 vs cand-a771260): 1-0 {White wins by adjudication}
Started game 621 of 40000 (cand-a771260 vs ref-50fd965)
Finished game 612 (ref-50fd965 vs cand-a771260): 1-0 {White wins by adjudication}
Started game 622 of 40000 (ref-50fd965 vs cand-a771260)
Finished game 602 (ref-50fd965 vs cand-a771260): 1/2-1/2 {Draw by insufficient mating material}
Started game 623 of 40000 (cand-a771260 vs ref-50fd965)
Finished game 613 (cand-a771260 vs ref-50fd965): 1-0 {White wins by adjudication}
Started game 624 of 40000 (ref-50fd965 vs cand-a771260)
Finished game 615 (cand-a771260 vs ref-50fd965): 1-0 {White wins by adjudication}
Started game 625 of 40000 (cand-a771260 vs ref-50fd965)
Finished game 619 (cand-a771260 vs ref-50fd965): 0-1 {Black wins by adjudication}
Started game 626 of 40000 (ref-50fd965 vs cand-a771260)
Finished game 609 (cand-a771260 vs ref-50fd965): 1/2-1/2 {Draw by insufficient mating material}
Started game 627 of 40000 (cand-a771260 vs ref-50fd965)
Finished game 614 (ref-50fd965 vs cand-a771260): 1/2-1/2 {Draw by 3-fold repetition}
Started game 628 of 40000 (ref-50fd965 vs cand-a771260)
Finished game 620 (ref-50fd965 vs cand-a771260): 1/2-1/2 {Draw by 3-fold repetition}
--------------------------------------------------
Results of cand-a771260 vs ref-50fd965 (8+0.08, 1t, 16MB, noob_3moves.epd):
Elo: 24.86 +/- 21.28, nElo: 32.21 +/- 27.44
LOS: 98.93 %, DrawRatio: 34.74 %, PairsRatio: 1.36
Games: 616, Wins: 218, Losses: 174, Draws: 224, Points: 330.0 (53.57 %)
Ptnml(0-2): [22, 63, 107, 81, 35], WL/DD Ratio: 1.68
LLR: 0.75 (25.5%) (-2.94, 2.94) [0.00, 5.00]
--------------------------------------------------
Started game 629 of 40000 (cand-a771260 vs ref-50fd965)
Finished game 617 (cand-a771260 vs ref-50fd965): 1/2-1/2 {Draw by 3-fold repetition}
Started game 630 of 40000 (ref-50fd965 vs cand-a771260)
Finished game 622 (ref-50fd965 vs cand-a771260): 0-1 {Black wins by adjudication}
Started game 631 of 40000 (cand-a771260 vs ref-50fd965)
Finished game 624 (ref-50fd965 vs cand-a771260): 0-1 {Black wins by adjudication}
Started game 632 of 40000 (ref-50fd965 vs cand-a771260)
Finished game 621 (cand-a771260 vs ref-50fd965): 1/2-1/2 {Draw by 3-fold repetition}
Started game 633 of 40000 (cand-a771260 vs ref-50fd965)
Finished game 618 (ref-50fd965 vs cand-a771260): 1/2-1/2 {Draw by adjudication}
Started game 634 of 40000 (ref-50fd965 vs cand-a771260)
Finished game 629 (cand-a771260 vs ref-50fd965): 1/2-1/2 {Draw by 3-fold repetition}
Started game 635 of 40000 (cand-a771260 vs ref-50fd965)
Finished game 623 (cand-a771260 vs ref-50fd965): 0-1 {Black wins by adjudication}
Started game 636 of 40000 (ref-50fd965 vs cand-a771260)
Finished game 627 (cand-a771260 vs ref-50fd965): 0-1 {Black wins by adjudication}
Started game 637 of 40000 (cand-a771260 vs ref-50fd965)
Finished game 616 (ref-50fd965 vs cand-a771260): 1/2-1/2 {Draw by insufficient mating material}
Started game 638 of 40000 (ref-50fd965 vs cand-a771260)
Finished game 625 (cand-a771260 vs ref-50fd965): 1/2-1/2 {Draw by insufficient mating material}
Started game 639 of 40000 (cand-a771260 vs ref-50fd965)
Finished game 628 (ref-50fd965 vs cand-a771260): 1/2-1/2 {Draw by adjudication}
Started game 640 of 40000 (ref-50fd965 vs cand-a771260)
Finished game 630 (ref-50fd965 vs cand-a771260): 0-1 {Black wins by adjudication}
Started game 641 of 40000 (cand-a771260 vs ref-50fd965)
Finished game 636 (ref-50fd965 vs cand-a771260): 1/2-1/2 {Draw by 3-fold repetition}
Started game 642 of 40000 (ref-50fd965 vs cand-a771260)
Finished game 635 (cand-a771260 vs ref-50fd965): 1-0 {White wins by adjudication}
Started game 643 of 40000 (cand-a771260 vs ref-50fd965)
Finished game 632 (ref-50fd965 vs cand-a771260): 1/2-1/2 {Draw by 3-fold repetition}
Started game 644 of 40000 (ref-50fd965 vs cand-a771260)
Finished game 634 (ref-50fd965 vs cand-a771260): 0-1 {Black wins by adjudication}
Started game 645 of 40000 (cand-a771260 vs ref-50fd965)
Finished game 633 (cand-a771260 vs ref-50fd965): 0-1 {Black wins by adjudication}
Started game 646 of 40000 (ref-50fd965 vs cand-a771260)
Finished game 639 (cand-a771260 vs ref-50fd965): 0-1 {Black wins by adjudication}
Started game 647 of 40000 (cand-a771260 vs ref-50fd965)
Finished game 638 (ref-50fd965 vs cand-a771260): 0-1 {Black wins by adjudication}
Started game 648 of 40000 (ref-50fd965 vs cand-a771260)
Finished game 631 (cand-a771260 vs ref-50fd965): 1/2-1/2 {Draw by fifty moves rule}
Started game 649 of 40000 (cand-a771260 vs ref-50fd965)
Finished game 626 (ref-50fd965 vs cand-a771260): 1/2-1/2 {Draw by fifty moves rule}
Started game 650 of 40000 (ref-50fd965 vs cand-a771260)
Finished game 640 (ref-50fd965 vs cand-a771260): 1/2-1/2 {Draw by adjudication}
--------------------------------------------------
Results of cand-a771260 vs ref-50fd965 (8+0.08, 1t, 16MB, noob_3moves.epd):
Elo: 25.09 +/- 20.70, nElo: 32.83 +/- 26.96
LOS: 99.15 %, DrawRatio: 35.11 %, PairsRatio: 1.38
Games: 638, Wins: 224, Losses: 178, Draws: 236, Points: 342.0 (53.61 %)
Ptnml(0-2): [22, 65, 112, 85, 35], WL/DD Ratio: 1.60
LLR: 0.79 (27.0%) (-2.94, 2.94) [0.00, 5.00]
--------------------------------------------------
Started game 651 of 40000 (cand-a771260 vs ref-50fd965)
Finished game 646 (ref-50fd965 vs cand-a771260): 1/2-1/2 {Draw by 3-fold repetition}
Started game 652 of 40000 (ref-50fd965 vs cand-a771260)
Finished game 643 (cand-a771260 vs ref-50fd965): 1/2-1/2 {Draw by 3-fold repetition}
Started game 653 of 40000 (cand-a771260 vs ref-50fd965)
Finished game 644 (ref-50fd965 vs cand-a771260): 1-0 {White wins by adjudication}
Started game 654 of 40000 (ref-50fd965 vs cand-a771260)
Finished game 637 (cand-a771260 vs ref-50fd965): 0-1 {Black wins by adjudication}
Started game 655 of 40000 (cand-a771260 vs ref-50fd965)
Finished game 642 (ref-50fd965 vs cand-a771260): 1/2-1/2 {Draw by 3-fold repetition}
Started game 656 of 40000 (ref-50fd965 vs cand-a771260)
Finished game 641 (cand-a771260 vs ref-50fd965): 1/2-1/2 {Draw by 3-fold repetition}
Started game 657 of 40000 (cand-a771260 vs ref-50fd965)
Finished game 648 (ref-50fd965 vs cand-a771260): 1-0 {White wins by adjudication}
Started game 658 of 40000 (ref-50fd965 vs cand-a771260)
Finished game 645 (cand-a771260 vs ref-50fd965): 1-0 {White wins by adjudication}
Started game 659 of 40000 (cand-a771260 vs ref-50fd965)
Finished game 647 (cand-a771260 vs ref-50fd965): 1-0 {White wins by adjudication}
Started game 660 of 40000 (ref-50fd965 vs cand-a771260)
Finished game 652 (ref-50fd965 vs cand-a771260): 1/2-1/2 {Draw by 3-fold repetition}
Started game 661 of 40000 (cand-a771260 vs ref-50fd965)
Finished game 650 (ref-50fd965 vs cand-a771260): 1/2-1/2 {Draw by 3-fold repetition}
Started game 662 of 40000 (ref-50fd965 vs cand-a771260)
Finished game 649 (cand-a771260 vs ref-50fd965): 1/2-1/2 {Draw by adjudication}
Started game 663 of 40000 (cand-a771260 vs ref-50fd965)
Finished game 651 (cand-a771260 vs ref-50fd965): 1-0 {White wins by adjudication}
Started game 664 of 40000 (ref-50fd965 vs cand-a771260)
Finished game 657 (cand-a771260 vs ref-50fd965): 1-0 {White wins by adjudication}
Started game 665 of 40000 (cand-a771260 vs ref-50fd965)
Finished game 659 (cand-a771260 vs ref-50fd965): 1/2-1/2 {Draw by 3-fold repetition}
Started game 666 of 40000 (ref-50fd965 vs cand-a771260)
Finished game 653 (cand-a771260 vs ref-50fd965): 1-0 {White wins by adjudication}
Started game 667 of 40000 (cand-a771260 vs ref-50fd965)
Finished game 660 (ref-50fd965 vs cand-a771260): 0-1 {Black wins by adjudication}
--------------------------------------------------
Results of cand-a771260 vs ref-50fd965 (8+0.08, 1t, 16MB, noob_3moves.epd):
Elo: 25.55 +/- 20.29, nElo: 33.68 +/- 26.63
LOS: 99.34 %, DrawRatio: 35.47 %, PairsRatio: 1.40
Games: 654, Wins: 229, Losses: 181, Draws: 244, Points: 351.0 (53.67 %)
Ptnml(0-2): [22, 66, 116, 88, 35], WL/DD Ratio: 1.58
LLR: 0.84 (28.4%) (-2.94, 2.94) [0.00, 5.00]
--------------------------------------------------
Started game 668 of 40000 (ref-50fd965 vs cand-a771260)
Finished game 656 (ref-50fd965 vs cand-a771260): 1/2-1/2 {Draw by 3-fold repetition}
Started game 669 of 40000 (cand-a771260 vs ref-50fd965)
Finished game 655 (cand-a771260 vs ref-50fd965): 0-1 {Black wins by adjudication}
Started game 670 of 40000 (ref-50fd965 vs cand-a771260)
Finished game 654 (ref-50fd965 vs cand-a771260): 1/2-1/2 {Draw by 3-fold repetition}
Started game 671 of 40000 (cand-a771260 vs ref-50fd965)
Finished game 662 (ref-50fd965 vs cand-a771260): 0-1 {Black wins by adjudication}
Started game 672 of 40000 (ref-50fd965 vs cand-a771260)
Finished game 664 (ref-50fd965 vs cand-a771260): 1/2-1/2 {Draw by 3-fold repetition}
Started game 673 of 40000 (cand-a771260 vs ref-50fd965)
Finished game 661 (cand-a771260 vs ref-50fd965): 1/2-1/2 {Draw by adjudication}
Started game 674 of 40000 (ref-50fd965 vs cand-a771260)
Finished game 658 (ref-50fd965 vs cand-a771260): 0-1 {Black wins by adjudication}
Started game 675 of 40000 (cand-a771260 vs ref-50fd965)
Finished game 663 (cand-a771260 vs ref-50fd965): 1/2-1/2 {Draw by insufficient mating material}
Started game 676 of 40000 (ref-50fd965 vs cand-a771260)
Finished game 667 (cand-a771260 vs ref-50fd965): 0-1 {Black wins by adjudication}
Started game 677 of 40000 (cand-a771260 vs ref-50fd965)
Finished game 665 (cand-a771260 vs ref-50fd965): 1/2-1/2 {Draw by insufficient mating material}
Started game 678 of 40000 (ref-50fd965 vs cand-a771260)
Finished game 666 (ref-50fd965 vs cand-a771260): 0-1 {Black wins by adjudication}
Started game 679 of 40000 (cand-a771260 vs ref-50fd965)
Finished game 668 (ref-50fd965 vs cand-a771260): 1/2-1/2 {Draw by adjudication}
Started game 680 of 40000 (ref-50fd965 vs cand-a771260)
Finished game 671 (cand-a771260 vs ref-50fd965): 1-0 {White wins by adjudication}
Started game 681 of 40000 (cand-a771260 vs ref-50fd965)
Finished game 669 (cand-a771260 vs ref-50fd965): 0-1 {Black wins by adjudication}
Started game 682 of 40000 (ref-50fd965 vs cand-a771260)
Finished game 672 (ref-50fd965 vs cand-a771260): 1-0 {White wins by adjudication}
Started game 683 of 40000 (cand-a771260 vs ref-50fd965)
Finished game 674 (ref-50fd965 vs cand-a771260): 1-0 {White wins by adjudication}
Started game 684 of 40000 (ref-50fd965 vs cand-a771260)
Finished game 677 (cand-a771260 vs ref-50fd965): 0-1 {Black wins by adjudication}
Started game 685 of 40000 (cand-a771260 vs ref-50fd965)
Finished game 675 (cand-a771260 vs ref-50fd965): 1-0 {White wins by adjudication}
Started game 686 of 40000 (ref-50fd965 vs cand-a771260)
Finished game 670 (ref-50fd965 vs cand-a771260): 1/2-1/2 {Draw by adjudication}
Started game 687 of 40000 (cand-a771260 vs ref-50fd965)
Finished game 681 (cand-a771260 vs ref-50fd965): 0-1 {Black wins by adjudication}
Started game 688 of 40000 (ref-50fd965 vs cand-a771260)
Finished game 673 (cand-a771260 vs ref-50fd965): 1/2-1/2 {Draw by adjudication}
Started game 689 of 40000 (cand-a771260 vs ref-50fd965)
Finished game 684 (ref-50fd965 vs cand-a771260): 1/2-1/2 {Draw by 3-fold repetition}
Started game 690 of 40000 (ref-50fd965 vs cand-a771260)
Finished game 680 (ref-50fd965 vs cand-a771260): 0-1 {Black wins by adjudication}
Started game 691 of 40000 (cand-a771260 vs ref-50fd965)
Finished game 679 (cand-a771260 vs ref-50fd965): 1-0 {White wins by adjudication}
--------------------------------------------------
Results of cand-a771260 vs ref-50fd965 (8+0.08, 1t, 16MB, noob_3moves.epd):
Elo: 26.26 +/- 20.01, nElo: 34.54 +/- 26.19
LOS: 99.51 %, DrawRatio: 34.91 %, PairsRatio: 1.39
Games: 676, Wins: 237, Losses: 186, Draws: 253, Points: 363.5 (53.77 %)
Ptnml(0-2): [22, 70, 118, 91, 37], WL/DD Ratio: 1.57
LLR: 0.89 (30.2%) (-2.94, 2.94) [0.00, 5.00]
--------------------------------------------------
Started game 692 of 40000 (ref-50fd965 vs cand-a771260)
Finished game 678 (ref-50fd965 vs cand-a771260): 1/2-1/2 {Draw by adjudication}
Started game 693 of 40000 (cand-a771260 vs ref-50fd965)
Finished game 682 (ref-50fd965 vs cand-a771260): 0-1 {Black wins by adjudication}
Started game 694 of 40000 (ref-50fd965 vs cand-a771260)
Finished game 676 (ref-50fd965 vs cand-a771260): 1/2-1/2 {Draw by adjudication}
Started game 695 of 40000 (cand-a771260 vs ref-50fd965)
Finished game 688 (ref-50fd965 vs cand-a771260): 1-0 {White wins by adjudication}
Started game 696 of 40000 (ref-50fd965 vs cand-a771260)
Finished game 686 (ref-50fd965 vs cand-a771260): 1/2-1/2 {Draw by adjudication}
Started game 697 of 40000 (cand-a771260 vs ref-50fd965)
Finished game 683 (cand-a771260 vs ref-50fd965): 0-1 {Black wins by adjudication}
Started game 698 of 40000 (ref-50fd965 vs cand-a771260)
Finished game 690 (ref-50fd965 vs cand-a771260): 1-0 {White wins by adjudication}
Started game 699 of 40000 (cand-a771260 vs ref-50fd965)
Finished game 687 (cand-a771260 vs ref-50fd965): 1/2-1/2 {Draw by insufficient mating material}
Started game 700 of 40000 (ref-50fd965 vs cand-a771260)
Finished game 685 (cand-a771260 vs ref-50fd965): 0-1 {Black wins by adjudication}
Started game 701 of 40000 (cand-a771260 vs ref-50fd965)
Finished game 694 (ref-50fd965 vs cand-a771260): 1-0 {White wins by adjudication}
Started game 702 of 40000 (ref-50fd965 vs cand-a771260)
Finished game 695 (cand-a771260 vs ref-50fd965): 1-0 {White wins by adjudication}
Started game 703 of 40000 (cand-a771260 vs ref-50fd965)
Finished game 692 (ref-50fd965 vs cand-a771260): 0-1 {Black wins by adjudication}
Started game 704 of 40000 (ref-50fd965 vs cand-a771260)
Finished game 693 (cand-a771260 vs ref-50fd965): 1/2-1/2 {Draw by insufficient mating material}
Started game 705 of 40000 (cand-a771260 vs ref-50fd965)
Finished game 697 (cand-a771260 vs ref-50fd965): 0-1 {Black wins by adjudication}
Started game 706 of 40000 (ref-50fd965 vs cand-a771260)
Finished game 699 (cand-a771260 vs ref-50fd965): 1/2-1/2 {Draw by 3-fold repetition}
Started game 707 of 40000 (cand-a771260 vs ref-50fd965)
Finished game 689 (cand-a771260 vs ref-50fd965): 1/2-1/2 {Draw by fifty moves rule}
Started game 708 of 40000 (ref-50fd965 vs cand-a771260)
Finished game 696 (ref-50fd965 vs cand-a771260): 1/2-1/2 {Draw by insufficient mating material}
Started game 709 of 40000 (cand-a771260 vs ref-50fd965)
Finished game 698 (ref-50fd965 vs cand-a771260): 0-1 {Black wins by adjudication}
Started game 710 of 40000 (ref-50fd965 vs cand-a771260)
Finished game 691 (cand-a771260 vs ref-50fd965): 1/2-1/2 {Draw by fifty moves rule}
Started game 711 of 40000 (cand-a771260 vs ref-50fd965)
Finished game 701 (cand-a771260 vs ref-50fd965): 1/2-1/2 {Draw by 3-fold repetition}
Started game 712 of 40000 (ref-50fd965 vs cand-a771260)
Finished game 700 (ref-50fd965 vs cand-a771260): 1/2-1/2 {Draw by 3-fold repetition}
--------------------------------------------------
Results of cand-a771260 vs ref-50fd965 (8+0.08, 1t, 16MB, noob_3moves.epd):
Elo: 23.86 +/- 19.55, nElo: 31.54 +/- 25.74
LOS: 99.18 %, DrawRatio: 34.57 %, PairsRatio: 1.34
Games: 700, Wins: 242, Losses: 194, Draws: 264, Points: 374.0 (53.43 %)
Ptnml(0-2): [22, 76, 121, 94, 37], WL/DD Ratio: 1.57
LLR: 0.84 (28.4%) (-2.94, 2.94) [0.00, 5.00]
--------------------------------------------------
Started game 713 of 40000 (cand-a771260 vs ref-50fd965)
Finished game 702 (ref-50fd965 vs cand-a771260): 0-1 {Black wins by adjudication}
Started game 714 of 40000 (ref-50fd965 vs cand-a771260)
Finished game 703 (cand-a771260 vs ref-50fd965): 1-0 {White wins by adjudication}
Started game 715 of 40000 (cand-a771260 vs ref-50fd965)
Finished game 706 (ref-50fd965 vs cand-a771260): 0-1 {Black wins by adjudication}
Started game 716 of 40000 (ref-50fd965 vs cand-a771260)
Finished game 708 (ref-50fd965 vs cand-a771260): 1/2-1/2 {Draw by 3-fold repetition}
Started game 717 of 40000 (cand-a771260 vs ref-50fd965)
Finished game 709 (cand-a771260 vs ref-50fd965): 0-1 {Black wins by adjudication}
Started game 718 of 40000 (ref-50fd965 vs cand-a771260)
Finished game 705 (cand-a771260 vs ref-50fd965): 1/2-1/2 {Draw by adjudication}
Started game 719 of 40000 (cand-a771260 vs ref-50fd965)
Finished game 707 (cand-a771260 vs ref-50fd965): 0-1 {Black wins by adjudication}
Started game 720 of 40000 (ref-50fd965 vs cand-a771260)
Finished game 711 (cand-a771260 vs ref-50fd965): 1-0 {White wins by adjudication}
Started game 721 of 40000 (cand-a771260 vs ref-50fd965)
Finished game 714 (ref-50fd965 vs cand-a771260): 1/2-1/2 {Draw by 3-fold repetition}
Started game 722 of 40000 (ref-50fd965 vs cand-a771260)
Finished game 704 (ref-50fd965 vs cand-a771260): 1/2-1/2 {Draw by adjudication}
Started game 723 of 40000 (cand-a771260 vs ref-50fd965)
Finished game 715 (cand-a771260 vs ref-50fd965): 1-0 {White wins by adjudication}
Started game 724 of 40000 (ref-50fd965 vs cand-a771260)
Finished game 712 (ref-50fd965 vs cand-a771260): 0-1 {Black wins by adjudication}
Started game 725 of 40000 (cand-a771260 vs ref-50fd965)
Finished game 719 (cand-a771260 vs ref-50fd965): 1/2-1/2 {Draw by 3-fold repetition}
Started game 726 of 40000 (ref-50fd965 vs cand-a771260)
Finished game 717 (cand-a771260 vs ref-50fd965): 1-0 {White wins by adjudication}
Started game 727 of 40000 (cand-a771260 vs ref-50fd965)
Finished game 718 (ref-50fd965 vs cand-a771260): 1-0 {White wins by adjudication}
Started game 728 of 40000 (ref-50fd965 vs cand-a771260)
Finished game 722 (ref-50fd965 vs cand-a771260): 0-1 {Black wins by adjudication}
Started game 729 of 40000 (cand-a771260 vs ref-50fd965)
Finished game 710 (ref-50fd965 vs cand-a771260): 1/2-1/2 {Draw by fifty moves rule}
Started game 730 of 40000 (ref-50fd965 vs cand-a771260)
Finished game 713 (cand-a771260 vs ref-50fd965): 1/2-1/2 {Draw by fifty moves rule}
Started game 731 of 40000 (cand-a771260 vs ref-50fd965)
Finished game 716 (ref-50fd965 vs cand-a771260): 1/2-1/2 {Draw by insufficient mating material}
Started game 732 of 40000 (ref-50fd965 vs cand-a771260)
Finished game 721 (cand-a771260 vs ref-50fd965): 0-1 {Black wins by adjudication}
Started game 733 of 40000 (cand-a771260 vs ref-50fd965)
Finished game 720 (ref-50fd965 vs cand-a771260): 0-1 {Black wins by adjudication}
--------------------------------------------------
Results of cand-a771260 vs ref-50fd965 (8+0.08, 1t, 16MB, noob_3moves.epd):
Elo: 25.55 +/- 19.20, nElo: 33.88 +/- 25.34
LOS: 99.56 %, DrawRatio: 34.35 %, PairsRatio: 1.37
Games: 722, Wins: 251, Losses: 198, Draws: 273, Points: 387.5 (53.67 %)
Ptnml(0-2): [22, 78, 124, 99, 38], WL/DD Ratio: 1.58
LLR: 0.93 (31.6%) (-2.94, 2.94) [0.00, 5.00]
--------------------------------------------------
Started game 734 of 40000 (ref-50fd965 vs cand-a771260)
Finished game 723 (cand-a771260 vs ref-50fd965): 1/2-1/2 {Draw by insufficient mating material}
Started game 735 of 40000 (cand-a771260 vs ref-50fd965)
Finished game 724 (ref-50fd965 vs cand-a771260): 0-1 {Black wins by adjudication}
Started game 736 of 40000 (ref-50fd965 vs cand-a771260)
Finished game 727 (cand-a771260 vs ref-50fd965): 0-1 {Black wins by adjudication}
Started game 737 of 40000 (cand-a771260 vs ref-50fd965)
Finished game 732 (ref-50fd965 vs cand-a771260): 1/2-1/2 {Draw by 3-fold repetition}
Started game 738 of 40000 (ref-50fd965 vs cand-a771260)
Finished game 728 (ref-50fd965 vs cand-a771260): 0-1 {Black wins by adjudication}
Started game 739 of 40000 (cand-a771260 vs ref-50fd965)
Finished game 731 (cand-a771260 vs ref-50fd965): 1/2-1/2 {Draw by 3-fold repetition}
Started game 740 of 40000 (ref-50fd965 vs cand-a771260)
Finished game 730 (ref-50fd965 vs cand-a771260): 0-1 {Black wins by adjudication}
Started game 741 of 40000 (cand-a771260 vs ref-50fd965)
Finished game 726 (ref-50fd965 vs cand-a771260): 0-1 {Black wins by adjudication}
Started game 742 of 40000 (ref-50fd965 vs cand-a771260)
Finished game 725 (cand-a771260 vs ref-50fd965): 1-0 {White wins by adjudication}
Started game 743 of 40000 (cand-a771260 vs ref-50fd965)
Finished game 737 (cand-a771260 vs ref-50fd965): 1-0 {White wins by adjudication}
Started game 744 of 40000 (ref-50fd965 vs cand-a771260)
Finished game 729 (cand-a771260 vs ref-50fd965): 1/2-1/2 {Draw by fifty moves rule}
Started game 745 of 40000 (cand-a771260 vs ref-50fd965)
Finished game 734 (ref-50fd965 vs cand-a771260): 1-0 {White wins by adjudication}
Started game 746 of 40000 (ref-50fd965 vs cand-a771260)
Finished game 736 (ref-50fd965 vs cand-a771260): 1/2-1/2 {Draw by 3-fold repetition}
Started game 747 of 40000 (cand-a771260 vs ref-50fd965)
Finished game 735 (cand-a771260 vs ref-50fd965): 1/2-1/2 {Draw by 3-fold repetition}
Started game 748 of 40000 (ref-50fd965 vs cand-a771260)
Finished game 733 (cand-a771260 vs ref-50fd965): 0-1 {Black wins by adjudication}
Started game 749 of 40000 (cand-a771260 vs ref-50fd965)
Finished game 739 (cand-a771260 vs ref-50fd965): 1-0 {White wins by adjudication}
Started game 750 of 40000 (ref-50fd965 vs cand-a771260)
Finished game 742 (ref-50fd965 vs cand-a771260): 1-0 {White wins by adjudication}
Started game 751 of 40000 (cand-a771260 vs ref-50fd965)
Finished game 741 (cand-a771260 vs ref-50fd965): 1-0 {White wins by adjudication}
Started game 752 of 40000 (ref-50fd965 vs cand-a771260)
Finished game 738 (ref-50fd965 vs cand-a771260): 1/2-1/2 {Draw by 3-fold repetition}
Started game 753 of 40000 (cand-a771260 vs ref-50fd965)
Finished game 748 (ref-50fd965 vs cand-a771260): 0-1 {Black wins by adjudication}
Started game 754 of 40000 (ref-50fd965 vs cand-a771260)
Finished game 740 (ref-50fd965 vs cand-a771260): 1/2-1/2 {Draw by 3-fold repetition}
--------------------------------------------------
Results of cand-a771260 vs ref-50fd965 (8+0.08, 1t, 16MB, noob_3moves.epd):
Elo: 26.74 +/- 18.94, nElo: 35.46 +/- 25.00
LOS: 99.73 %, DrawRatio: 34.50 %, PairsRatio: 1.41
Games: 742, Wins: 259, Losses: 202, Draws: 281, Points: 399.5 (53.84 %)
Ptnml(0-2): [23, 78, 128, 103, 39], WL/DD Ratio: 1.56
LLR: 1.00 (34.0%) (-2.94, 2.94) [0.00, 5.00]
--------------------------------------------------
Started game 755 of 40000 (cand-a771260 vs ref-50fd965)
Finished game 749 (cand-a771260 vs ref-50fd965): 0-1 {Black wins by adjudication}
Started game 756 of 40000 (ref-50fd965 vs cand-a771260)
Finished game 743 (cand-a771260 vs ref-50fd965): 0-1 {Black wins by adjudication}
Started game 757 of 40000 (cand-a771260 vs ref-50fd965)
Finished game 745 (cand-a771260 vs ref-50fd965): 0-1 {Black wins by adjudication}
Started game 758 of 40000 (ref-50fd965 vs cand-a771260)
Finished game 750 (ref-50fd965 vs cand-a771260): 0-1 {Black wins by adjudication}
Started game 759 of 40000 (cand-a771260 vs ref-50fd965)
Finished game 752 (ref-50fd965 vs cand-a771260): 1-0 {White wins by adjudication}
Started game 760 of 40000 (ref-50fd965 vs cand-a771260)
Finished game 744 (ref-50fd965 vs cand-a771260): 1-0 {White wins by adjudication}
Started game 761 of 40000 (cand-a771260 vs ref-50fd965)
Finished game 751 (cand-a771260 vs ref-50fd965): 1/2-1/2 {Draw by 3-fold repetition}
Started game 762 of 40000 (ref-50fd965 vs cand-a771260)
Finished game 746 (ref-50fd965 vs cand-a771260): 1/2-1/2 {Draw by fifty moves rule}
Started game 763 of 40000 (cand-a771260 vs ref-50fd965)
Finished game 755 (cand-a771260 vs ref-50fd965): 0-1 {Black wins by adjudication}
Started game 764 of 40000 (ref-50fd965 vs cand-a771260)
Finished game 757 (cand-a771260 vs ref-50fd965): 0-1 {Black wins by adjudication}
Started game 765 of 40000 (cand-a771260 vs ref-50fd965)
Finished game 747 (cand-a771260 vs ref-50fd965): 1/2-1/2 {Draw by insufficient mating material}
Started game 766 of 40000 (ref-50fd965 vs cand-a771260)
Finished game 754 (ref-50fd965 vs cand-a771260): 1-0 {White wins by adjudication}
Started game 767 of 40000 (cand-a771260 vs ref-50fd965)
Finished game 758 (ref-50fd965 vs cand-a771260): 0-1 {Black wins by adjudication}
Started game 768 of 40000 (ref-50fd965 vs cand-a771260)
Finished game 761 (cand-a771260 vs ref-50fd965): 1-0 {White wins by adjudication}
Started game 769 of 40000 (cand-a771260 vs ref-50fd965)
Finished game 753 (cand-a771260 vs ref-50fd965): 0-1 {Black wins by adjudication}
Started game 770 of 40000 (ref-50fd965 vs cand-a771260)
Finished game 759 (cand-a771260 vs ref-50fd965): 0-1 {Black wins by adjudication}
Started game 771 of 40000 (cand-a771260 vs ref-50fd965)
Finished game 756 (ref-50fd965 vs cand-a771260): 1-0 {White wins by adjudication}
Started game 772 of 40000 (ref-50fd965 vs cand-a771260)
Finished game 763 (cand-a771260 vs ref-50fd965): 0-1 {Black wins by adjudication}
Started game 773 of 40000 (cand-a771260 vs ref-50fd965)
Finished game 760 (ref-50fd965 vs cand-a771260): 1-0 {White wins by adjudication}
--------------------------------------------------
Results of cand-a771260 vs ref-50fd965 (8+0.08, 1t, 16MB, noob_3moves.epd):
Elo: 21.97 +/- 18.93, nElo: 28.78 +/- 24.70
LOS: 98.88 %, DrawRatio: 34.21 %, PairsRatio: 1.34
Games: 760, Wins: 262, Losses: 214, Draws: 284, Points: 404.0 (53.16 %)
Ptnml(0-2): [27, 80, 130, 104, 39], WL/DD Ratio: 1.60
LLR: 0.82 (27.8%) (-2.94, 2.94) [0.00, 5.00]
--------------------------------------------------
Started game 774 of 40000 (ref-50fd965 vs cand-a771260)
Finished game 762 (ref-50fd965 vs cand-a771260): 1/2-1/2 {Draw by 3-fold repetition}
Started game 775 of 40000 (cand-a771260 vs ref-50fd965)
Finished game 764 (ref-50fd965 vs cand-a771260): 0-1 {Black wins by adjudication}
Started game 776 of 40000 (ref-50fd965 vs cand-a771260)
Finished game 765 (cand-a771260 vs ref-50fd965): 1-0 {White wins by adjudication}
Started game 777 of 40000 (cand-a771260 vs ref-50fd965)
Finished game 766 (ref-50fd965 vs cand-a771260): 0-1 {Black wins by adjudication}
Started game 778 of 40000 (ref-50fd965 vs cand-a771260)
Finished game 774 (ref-50fd965 vs cand-a771260): 0-1 {Black wins by adjudication}
Started game 779 of 40000 (cand-a771260 vs ref-50fd965)
Finished game 769 (cand-a771260 vs ref-50fd965): 1-0 {White wins by adjudication}
Started game 780 of 40000 (ref-50fd965 vs cand-a771260)
Finished game 768 (ref-50fd965 vs cand-a771260): 0-1 {Black wins by adjudication}
Started game 781 of 40000 (cand-a771260 vs ref-50fd965)
Finished game 770 (ref-50fd965 vs cand-a771260): 0-1 {Black wins by adjudication}
Started game 782 of 40000 (ref-50fd965 vs cand-a771260)
Finished game 773 (cand-a771260 vs ref-50fd965): 1-0 {White wins by adjudication}
Started game 783 of 40000 (cand-a771260 vs ref-50fd965)
Finished game 767 (cand-a771260 vs ref-50fd965): 1/2-1/2 {Draw by 3-fold repetition}
Started game 784 of 40000 (ref-50fd965 vs cand-a771260)
Finished game 775 (cand-a771260 vs ref-50fd965): 1/2-1/2 {Draw by 3-fold repetition}
Started game 785 of 40000 (cand-a771260 vs ref-50fd965)
Finished game 772 (ref-50fd965 vs cand-a771260): 1/2-1/2 {Draw by 3-fold repetition}
Started game 786 of 40000 (ref-50fd965 vs cand-a771260)
Finished game 779 (cand-a771260 vs ref-50fd965): 1/2-1/2 {Draw by 3-fold repetition}
Started game 787 of 40000 (cand-a771260 vs ref-50fd965)
Finished game 777 (cand-a771260 vs ref-50fd965): 1/2-1/2 {Draw by 3-fold repetition}
Started game 788 of 40000 (ref-50fd965 vs cand-a771260)
Finished game 771 (cand-a771260 vs ref-50fd965): 0-1 {Black wins by adjudication}
Started game 789 of 40000 (cand-a771260 vs ref-50fd965)
Finished game 778 (ref-50fd965 vs cand-a771260): 1/2-1/2 {Draw by 3-fold repetition}
Started game 790 of 40000 (ref-50fd965 vs cand-a771260)
Finished game 786 (ref-50fd965 vs cand-a771260): 0-1 {Black wins by adjudication}
Started game 791 of 40000 (cand-a771260 vs ref-50fd965)
Finished game 776 (ref-50fd965 vs cand-a771260): 0-1 {Black wins by adjudication}
Started game 792 of 40000 (ref-50fd965 vs cand-a771260)
Finished game 785 (cand-a771260 vs ref-50fd965): 1/2-1/2 {Draw by 3-fold repetition}
Started game 793 of 40000 (cand-a771260 vs ref-50fd965)
Finished game 780 (ref-50fd965 vs cand-a771260): 0-1 {Black wins by adjudication}
--------------------------------------------------
Results of cand-a771260 vs ref-50fd965 (8+0.08, 1t, 16MB, noob_3moves.epd):
Elo: 25.82 +/- 18.75, nElo: 33.69 +/- 24.35
LOS: 99.67 %, DrawRatio: 33.76 %, PairsRatio: 1.40
Games: 782, Wins: 274, Losses: 216, Draws: 292, Points: 420.0 (53.71 %)
Ptnml(0-2): [27, 81, 132, 109, 42], WL/DD Ratio: 1.59
LLR: 1.00 (33.9%) (-2.94, 2.94) [0.00, 5.00]
--------------------------------------------------
Started game 794 of 40000 (ref-50fd965 vs cand-a771260)
Finished game 782 (ref-50fd965 vs cand-a771260): 1/2-1/2 {Draw by adjudication}
Started game 795 of 40000 (cand-a771260 vs ref-50fd965)
Finished game 781 (cand-a771260 vs ref-50fd965): 1/2-1/2 {Draw by adjudication}
Started game 796 of 40000 (ref-50fd965 vs cand-a771260)
Finished game 787 (cand-a771260 vs ref-50fd965): 1/2-1/2 {Draw by 3-fold repetition}
Started game 797 of 40000 (cand-a771260 vs ref-50fd965)
Finished game 783 (cand-a771260 vs ref-50fd965): 1/2-1/2 {Draw by 3-fold repetition}
Started game 798 of 40000 (ref-50fd965 vs cand-a771260)
Finished game 792 (ref-50fd965 vs cand-a771260): 0-1 {Black wins by adjudication}
Started game 799 of 40000 (cand-a771260 vs ref-50fd965)
Finished game 788 (ref-50fd965 vs cand-a771260): 1-0 {White wins by adjudication}
Started game 800 of 40000 (ref-50fd965 vs cand-a771260)
Finished game 791 (cand-a771260 vs ref-50fd965): 0-1 {Black wins by adjudication}
Started game 801 of 40000 (cand-a771260 vs ref-50fd965)
Finished game 784 (ref-50fd965 vs cand-a771260): 1/2-1/2 {Draw by fifty moves rule}
Started game 802 of 40000 (ref-50fd965 vs cand-a771260)
Finished game 790 (ref-50fd965 vs cand-a771260): 1/2-1/2 {Draw by adjudication}
Started game 803 of 40000 (cand-a771260 vs ref-50fd965)
Finished game 789 (cand-a771260 vs ref-50fd965): 1/2-1/2 {Draw by 3-fold repetition}
Started game 804 of 40000 (ref-50fd965 vs cand-a771260)
Finished game 794 (ref-50fd965 vs cand-a771260): 1-0 {White wins by adjudication}
Started game 805 of 40000 (cand-a771260 vs ref-50fd965)
Finished game 797 (cand-a771260 vs ref-50fd965): 1-0 {White wins by adjudication}
Started game 806 of 40000 (ref-50fd965 vs cand-a771260)
Finished game 796 (ref-50fd965 vs cand-a771260): 0-1 {Black wins by adjudication}
Started game 807 of 40000 (cand-a771260 vs ref-50fd965)
Finished game 793 (cand-a771260 vs ref-50fd965): 0-1 {Black wins by adjudication}
Started game 808 of 40000 (ref-50fd965 vs cand-a771260)
Finished game 795 (cand-a771260 vs ref-50fd965): 1/2-1/2 {Draw by insufficient mating material}
Started game 809 of 40000 (cand-a771260 vs ref-50fd965)
Finished game 798 (ref-50fd965 vs cand-a771260): 1-0 {White wins by adjudication}
Started game 810 of 40000 (ref-50fd965 vs cand-a771260)
Finished game 801 (cand-a771260 vs ref-50fd965): 0-1 {Black wins by adjudication}
Started game 811 of 40000 (cand-a771260 vs ref-50fd965)
Finished game 802 (ref-50fd965 vs cand-a771260): 1/2-1/2 {Draw by adjudication}
Started game 812 of 40000 (ref-50fd965 vs cand-a771260)
Finished game 804 (ref-50fd965 vs cand-a771260): 1-0 {White wins by adjudication}
Started game 813 of 40000 (cand-a771260 vs ref-50fd965)
Finished game 805 (cand-a771260 vs ref-50fd965): 1/2-1/2 {Draw by adjudication}
Started game 814 of 40000 (ref-50fd965 vs cand-a771260)
Finished game 803 (cand-a771260 vs ref-50fd965): 0-1 {Black wins by adjudication}
Started game 815 of 40000 (cand-a771260 vs ref-50fd965)
Finished game 806 (ref-50fd965 vs cand-a771260): 1/2-1/2 {Draw by 3-fold repetition}
Started game 816 of 40000 (ref-50fd965 vs cand-a771260)
Finished game 808 (ref-50fd965 vs cand-a771260): 0-1 {Black wins by adjudication}
Started game 817 of 40000 (cand-a771260 vs ref-50fd965)
Finished game 799 (cand-a771260 vs ref-50fd965): 0-1 {Black wins by adjudication}
Started game 818 of 40000 (ref-50fd965 vs cand-a771260)
Finished game 807 (cand-a771260 vs ref-50fd965): 1/2-1/2 {Draw by 3-fold repetition}
Started game 819 of 40000 (cand-a771260 vs ref-50fd965)
Finished game 809 (cand-a771260 vs ref-50fd965): 1/2-1/2 {Draw by 3-fold repetition}
Started game 820 of 40000 (ref-50fd965 vs cand-a771260)
Finished game 811 (cand-a771260 vs ref-50fd965): 0-1 {Black wins by adjudication}
Started game 821 of 40000 (cand-a771260 vs ref-50fd965)
Finished game 812 (ref-50fd965 vs cand-a771260): 0-1 {Black wins by adjudication}
Started game 822 of 40000 (ref-50fd965 vs cand-a771260)
Finished game 813 (cand-a771260 vs ref-50fd965): 1/2-1/2 {Draw by 3-fold repetition}
Started game 823 of 40000 (cand-a771260 vs ref-50fd965)
Finished game 810 (ref-50fd965 vs cand-a771260): 1-0 {White wins by adjudication}
Started game 824 of 40000 (ref-50fd965 vs cand-a771260)
Finished game 817 (cand-a771260 vs ref-50fd965): 1/2-1/2 {Draw by 3-fold repetition}
Started game 825 of 40000 (cand-a771260 vs ref-50fd965)
Finished game 800 (ref-50fd965 vs cand-a771260): 1-0 {White wins by adjudication}
--------------------------------------------------
Results of cand-a771260 vs ref-50fd965 (8+0.08, 1t, 16MB, noob_3moves.epd):
Elo: 21.85 +/- 18.40, nElo: 28.48 +/- 23.90
LOS: 99.03 %, DrawRatio: 34.24 %, PairsRatio: 1.34
Games: 812, Wins: 279, Losses: 228, Draws: 305, Points: 431.5 (53.14 %)
Ptnml(0-2): [30, 84, 139, 111, 42], WL/DD Ratio: 1.53
LLR: 0.87 (29.4%) (-2.94, 2.94) [0.00, 5.00]
--------------------------------------------------
Started game 826 of 40000 (ref-50fd965 vs cand-a771260)
Finished game 815 (cand-a771260 vs ref-50fd965): 1-0 {White wins by adjudication}
Started game 827 of 40000 (cand-a771260 vs ref-50fd965)
Finished game 820 (ref-50fd965 vs cand-a771260): 1/2-1/2 {Draw by 3-fold repetition}
Started game 828 of 40000 (ref-50fd965 vs cand-a771260)
Finished game 814 (ref-50fd965 vs cand-a771260): 0-1 {Black wins by adjudication}
Started game 829 of 40000 (cand-a771260 vs ref-50fd965)
Finished game 816 (ref-50fd965 vs cand-a771260): 1-0 {White wins by adjudication}
Started game 830 of 40000 (ref-50fd965 vs cand-a771260)
Finished game 818 (ref-50fd965 vs cand-a771260): 0-1 {Black wins by adjudication}
Started game 831 of 40000 (cand-a771260 vs ref-50fd965)
Finished game 823 (cand-a771260 vs ref-50fd965): 0-1 {Black wins by adjudication}
Started game 832 of 40000 (ref-50fd965 vs cand-a771260)
Finished game 819 (cand-a771260 vs ref-50fd965): 1/2-1/2 {Draw by 3-fold repetition}
--------------------------------------------------
Results of cand-a771260 vs ref-50fd965 (8+0.08, 1t, 16MB, noob_3moves.epd):
Elo: 22.49 +/- 18.25, nElo: 29.41 +/- 23.78
LOS: 99.23 %, DrawRatio: 34.39 %, PairsRatio: 1.36
Games: 820, Wins: 282, Losses: 229, Draws: 309, Points: 436.5 (53.23 %)
Ptnml(0-2): [30, 84, 141, 113, 42], WL/DD Ratio: 1.52
LLR: 0.90 (30.7%) (-2.94, 2.94) [0.00, 5.00]
--------------------------------------------------
Started game 833 of 40000 (cand-a771260 vs ref-50fd965)
Finished game 824 (ref-50fd965 vs cand-a771260): 0-1 {Black wins by adjudication}
Started game 834 of 40000 (ref-50fd965 vs cand-a771260)
Finished game 826 (ref-50fd965 vs cand-a771260): 1/2-1/2 {Draw by 3-fold repetition}
Started game 835 of 40000 (cand-a771260 vs ref-50fd965)
Finished game 822 (ref-50fd965 vs cand-a771260): 0-1 {Black wins by adjudication}
Started game 836 of 40000 (ref-50fd965 vs cand-a771260)
Finished game 821 (cand-a771260 vs ref-50fd965): 1/2-1/2 {Draw by 3-fold repetition}
Started game 837 of 40000 (cand-a771260 vs ref-50fd965)
Finished game 832 (ref-50fd965 vs cand-a771260): 0-1 {Black wins by adjudication}
Started game 838 of 40000 (ref-50fd965 vs cand-a771260)
Finished game 827 (cand-a771260 vs ref-50fd965): 0-1 {Black wins by adjudication}
Started game 839 of 40000 (cand-a771260 vs ref-50fd965)
Finished game 828 (ref-50fd965 vs cand-a771260): 1/2-1/2 {Draw by 3-fold repetition}
Started game 840 of 40000 (ref-50fd965 vs cand-a771260)
Finished game 834 (ref-50fd965 vs cand-a771260): 0-1 {Black wins by adjudication}
Started game 841 of 40000 (cand-a771260 vs ref-50fd965)
Finished game 830 (ref-50fd965 vs cand-a771260): 1/2-1/2 {Draw by 3-fold repetition}
Started game 842 of 40000 (ref-50fd965 vs cand-a771260)
Finished game 836 (ref-50fd965 vs cand-a771260): 1-0 {White wins by adjudication}
Started game 843 of 40000 (cand-a771260 vs ref-50fd965)
Finished game 833 (cand-a771260 vs ref-50fd965): 1/2-1/2 {Draw by 3-fold repetition}
Started game 844 of 40000 (ref-50fd965 vs cand-a771260)
Finished game 825 (cand-a771260 vs ref-50fd965): 1/2-1/2 {Draw by adjudication}
Started game 845 of 40000 (cand-a771260 vs ref-50fd965)
Finished game 835 (cand-a771260 vs ref-50fd965): 1-0 {White wins by adjudication}
Started game 846 of 40000 (ref-50fd965 vs cand-a771260)
Finished game 829 (cand-a771260 vs ref-50fd965): 1/2-1/2 {Draw by insufficient mating material}
Started game 847 of 40000 (cand-a771260 vs ref-50fd965)
Finished game 839 (cand-a771260 vs ref-50fd965): 0-1 {Black wins by adjudication}
Started game 848 of 40000 (ref-50fd965 vs cand-a771260)
Finished game 831 (cand-a771260 vs ref-50fd965): 1/2-1/2 {Draw by fifty moves rule}
Started game 849 of 40000 (cand-a771260 vs ref-50fd965)
Finished game 837 (cand-a771260 vs ref-50fd965): 1-0 {White wins by adjudication}
Started game 850 of 40000 (ref-50fd965 vs cand-a771260)
Finished game 841 (cand-a771260 vs ref-50fd965): 1-0 {White wins by adjudication}
Started game 851 of 40000 (cand-a771260 vs ref-50fd965)
Finished game 840 (ref-50fd965 vs cand-a771260): 1/2-1/2 {Draw by insufficient mating material}
--------------------------------------------------
Results of cand-a771260 vs ref-50fd965 (8+0.08, 1t, 16MB, noob_3moves.epd):
Elo: 22.42 +/- 17.95, nElo: 29.49 +/- 23.52
LOS: 99.30 %, DrawRatio: 34.61 %, PairsRatio: 1.36
Games: 838, Wins: 287, Losses: 233, Draws: 318, Points: 446.0 (53.22 %)
Ptnml(0-2): [30, 86, 145, 116, 42], WL/DD Ratio: 1.50
LLR: 0.93 (31.5%) (-2.94, 2.94) [0.00, 5.00]
--------------------------------------------------
Started game 852 of 40000 (ref-50fd965 vs cand-a771260)
Finished game 843 (cand-a771260 vs ref-50fd965): 1-0 {White wins by adjudication}
Started game 853 of 40000 (cand-a771260 vs ref-50fd965)
Finished game 842 (ref-50fd965 vs cand-a771260): 1-0 {White wins by adjudication}
Started game 854 of 40000 (ref-50fd965 vs cand-a771260)
Finished game 838 (ref-50fd965 vs cand-a771260): 1/2-1/2 {Draw by fifty moves rule}
Started game 855 of 40000 (cand-a771260 vs ref-50fd965)
Finished game 846 (ref-50fd965 vs cand-a771260): 0-1 {Black wins by adjudication}
Started game 856 of 40000 (ref-50fd965 vs cand-a771260)
Finished game 844 (ref-50fd965 vs cand-a771260): 1/2-1/2 {Draw by 3-fold repetition}
Started game 857 of 40000 (cand-a771260 vs ref-50fd965)
Finished game 849 (cand-a771260 vs ref-50fd965): 1-0 {White wins by adjudication}
Started game 858 of 40000 (ref-50fd965 vs cand-a771260)
Finished game 845 (cand-a771260 vs ref-50fd965): 1/2-1/2 {Draw by insufficient mating material}
Started game 859 of 40000 (cand-a771260 vs ref-50fd965)
Finished game 850 (ref-50fd965 vs cand-a771260): 1/2-1/2 {Draw by 3-fold repetition}
Started game 860 of 40000 (ref-50fd965 vs cand-a771260)
Finished game 847 (cand-a771260 vs ref-50fd965): 1/2-1/2 {Draw by 3-fold repetition}
Started game 861 of 40000 (cand-a771260 vs ref-50fd965)
Finished game 853 (cand-a771260 vs ref-50fd965): 1-0 {White wins by adjudication}
Started game 862 of 40000 (ref-50fd965 vs cand-a771260)
Finished game 852 (ref-50fd965 vs cand-a771260): 1-0 {White wins by adjudication}
Started game 863 of 40000 (cand-a771260 vs ref-50fd965)
Finished game 854 (ref-50fd965 vs cand-a771260): 1-0 {White wins by adjudication}
Started game 864 of 40000 (ref-50fd965 vs cand-a771260)
Finished game 851 (cand-a771260 vs ref-50fd965): 1-0 {White wins by adjudication}
Started game 865 of 40000 (cand-a771260 vs ref-50fd965)
Finished game 856 (ref-50fd965 vs cand-a771260): 1-0 {White wins by adjudication}
Started game 866 of 40000 (ref-50fd965 vs cand-a771260)
Finished game 848 (ref-50fd965 vs cand-a771260): 1/2-1/2 {Draw by adjudication}
Started game 867 of 40000 (cand-a771260 vs ref-50fd965)
Finished game 857 (cand-a771260 vs ref-50fd965): 1/2-1/2 {Draw by 3-fold repetition}
Started game 868 of 40000 (ref-50fd965 vs cand-a771260)
Finished game 855 (cand-a771260 vs ref-50fd965): 1/2-1/2 {Draw by 3-fold repetition}
Started game 869 of 40000 (cand-a771260 vs ref-50fd965)
Finished game 860 (ref-50fd965 vs cand-a771260): 0-1 {Black wins by adjudication}
Started game 870 of 40000 (ref-50fd965 vs cand-a771260)
Finished game 861 (cand-a771260 vs ref-50fd965): 1/2-1/2 {Draw by 3-fold repetition}
Started game 871 of 40000 (cand-a771260 vs ref-50fd965)
Finished game 859 (cand-a771260 vs ref-50fd965): 1/2-1/2 {Draw by insufficient mating material}
--------------------------------------------------
Results of cand-a771260 vs ref-50fd965 (8+0.08, 1t, 16MB, noob_3moves.epd):
Elo: 23.52 +/- 17.63, nElo: 31.14 +/- 23.25
LOS: 99.57 %, DrawRatio: 34.73 %, PairsRatio: 1.39
Games: 858, Wins: 295, Losses: 237, Draws: 326, Points: 458.0 (53.38 %)
Ptnml(0-2): [30, 87, 149, 121, 42], WL/DD Ratio: 1.53
LLR: 1.01 (34.2%) (-2.94, 2.94) [0.00, 5.00]
--------------------------------------------------
Started game 872 of 40000 (ref-50fd965 vs cand-a771260)
Finished game 865 (cand-a771260 vs ref-50fd965): 1-0 {White wins by adjudication}
Started game 873 of 40000 (cand-a771260 vs ref-50fd965)
Finished game 863 (cand-a771260 vs ref-50fd965): 0-1 {Black wins by adjudication}
Started game 874 of 40000 (ref-50fd965 vs cand-a771260)
Finished game 869 (cand-a771260 vs ref-50fd965): 1/2-1/2 {Draw by 3-fold repetition}
Started game 875 of 40000 (cand-a771260 vs ref-50fd965)
Finished game 864 (ref-50fd965 vs cand-a771260): 1/2-1/2 {Draw by insufficient mating material}
Started game 876 of 40000 (ref-50fd965 vs cand-a771260)
Finished game 858 (ref-50fd965 vs cand-a771260): 1-0 {White wins by adjudication}
Started game 877 of 40000 (cand-a771260 vs ref-50fd965)
Finished game 862 (ref-50fd965 vs cand-a771260): 1/2-1/2 {Draw by adjudication}
Started game 878 of 40000 (ref-50fd965 vs cand-a771260)
Finished game 871 (cand-a771260 vs ref-50fd965): 0-1 {Black wins by adjudication}
Started game 879 of 40000 (cand-a771260 vs ref-50fd965)
Finished game 867 (cand-a771260 vs ref-50fd965): 1/2-1/2 {Draw by adjudication}
Started game 880 of 40000 (ref-50fd965 vs cand-a771260)
Finished game 868 (ref-50fd965 vs cand-a771260): 0-1 {Black wins by adjudication}
Started game 881 of 40000 (cand-a771260 vs ref-50fd965)
Finished game 873 (cand-a771260 vs ref-50fd965): 0-1 {Black wins by adjudication}
Started game 882 of 40000 (ref-50fd965 vs cand-a771260)
Finished game 866 (ref-50fd965 vs cand-a771260): 1/2-1/2 {Draw by adjudication}
Started game 883 of 40000 (cand-a771260 vs ref-50fd965)
Finished game 875 (cand-a771260 vs ref-50fd965): 1-0 {White wins by adjudication}
Started game 884 of 40000 (ref-50fd965 vs cand-a771260)
Finished game 870 (ref-50fd965 vs cand-a771260): 0-1 {Black wins by adjudication}
Started game 885 of 40000 (cand-a771260 vs ref-50fd965)
Finished game 874 (ref-50fd965 vs cand-a771260): 0-1 {Black wins by adjudication}
Started game 886 of 40000 (ref-50fd965 vs cand-a771260)
Finished game 878 (ref-50fd965 vs cand-a771260): 0-1 {Black wins by adjudication}
Started game 887 of 40000 (cand-a771260 vs ref-50fd965)
Finished game 877 (cand-a771260 vs ref-50fd965): 1-0 {White wins by adjudication}
Started game 888 of 40000 (ref-50fd965 vs cand-a771260)
Finished game 876 (ref-50fd965 vs cand-a771260): 1/2-1/2 {Draw by 3-fold repetition}
Started game 889 of 40000 (cand-a771260 vs ref-50fd965)
Finished game 879 (cand-a771260 vs ref-50fd965): 1-0 {White wins by adjudication}
Started game 890 of 40000 (ref-50fd965 vs cand-a771260)
Finished game 872 (ref-50fd965 vs cand-a771260): 1/2-1/2 {Draw by 3-fold repetition}
Started game 891 of 40000 (cand-a771260 vs ref-50fd965)
Finished game 880 (ref-50fd965 vs cand-a771260): 1/2-1/2 {Draw by 3-fold repetition}
--------------------------------------------------
Results of cand-a771260 vs ref-50fd965 (8+0.08, 1t, 16MB, noob_3moves.epd):
Elo: 24.52 +/- 17.39, nElo: 32.50 +/- 22.96
LOS: 99.72 %, DrawRatio: 34.32 %, PairsRatio: 1.41
Games: 880, Wins: 303, Losses: 241, Draws: 336, Points: 471.0 (53.52 %)
Ptnml(0-2): [30, 90, 151, 126, 43], WL/DD Ratio: 1.52
LLR: 1.08 (36.7%) (-2.94, 2.94) [0.00, 5.00]
--------------------------------------------------
Started game 892 of 40000 (ref-50fd965 vs cand-a771260)
Finished game 884 (ref-50fd965 vs cand-a771260): 0-1 {Black wins by adjudication}
Started game 893 of 40000 (cand-a771260 vs ref-50fd965)
Finished game 885 (cand-a771260 vs ref-50fd965): 1/2-1/2 {Draw by 3-fold repetition}
Started game 894 of 40000 (ref-50fd965 vs cand-a771260)
Finished game 889 (cand-a771260 vs ref-50fd965): 1/2-1/2 {Draw by 3-fold repetition}
Started game 895 of 40000 (cand-a771260 vs ref-50fd965)
Finished game 881 (cand-a771260 vs ref-50fd965): 0-1 {Black wins by adjudication}
Started game 896 of 40000 (ref-50fd965 vs cand-a771260)
Finished game 882 (ref-50fd965 vs cand-a771260): 1-0 {White wins by adjudication}
Started game 897 of 40000 (cand-a771260 vs ref-50fd965)
Finished game 886 (ref-50fd965 vs cand-a771260): 1/2-1/2 {Draw by 3-fold repetition}
Started game 898 of 40000 (ref-50fd965 vs cand-a771260)
Finished game 890 (ref-50fd965 vs cand-a771260): 0-1 {Black wins by adjudication}
Started game 899 of 40000 (cand-a771260 vs ref-50fd965)
Finished game 888 (ref-50fd965 vs cand-a771260): 0-1 {Black wins by adjudication}
Started game 900 of 40000 (ref-50fd965 vs cand-a771260)
Finished game 883 (cand-a771260 vs ref-50fd965): 1/2-1/2 {Draw by insufficient mating material}
Started game 901 of 40000 (cand-a771260 vs ref-50fd965)
Finished game 895 (cand-a771260 vs ref-50fd965): 1/2-1/2 {Draw by 3-fold repetition}
Started game 902 of 40000 (ref-50fd965 vs cand-a771260)
Finished game 891 (cand-a771260 vs ref-50fd965): 0-1 {Black wins by adjudication}
Started game 903 of 40000 (cand-a771260 vs ref-50fd965)
Finished game 893 (cand-a771260 vs ref-50fd965): 1/2-1/2 {Draw by 3-fold repetition}
Started game 904 of 40000 (ref-50fd965 vs cand-a771260)
Finished game 897 (cand-a771260 vs ref-50fd965): 0-1 {Black wins by adjudication}
Started game 905 of 40000 (cand-a771260 vs ref-50fd965)
Finished game 892 (ref-50fd965 vs cand-a771260): 1/2-1/2 {Draw by insufficient mating material}
Started game 906 of 40000 (ref-50fd965 vs cand-a771260)
Finished game 896 (ref-50fd965 vs cand-a771260): 1-0 {White wins by adjudication}
Started game 907 of 40000 (cand-a771260 vs ref-50fd965)
Finished game 894 (ref-50fd965 vs cand-a771260): 0-1 {Black wins by adjudication}
Started game 908 of 40000 (ref-50fd965 vs cand-a771260)
Finished game 887 (cand-a771260 vs ref-50fd965): 1/2-1/2 {Draw by 3-fold repetition}
Started game 909 of 40000 (cand-a771260 vs ref-50fd965)
Finished game 899 (cand-a771260 vs ref-50fd965): 1-0 {White wins by adjudication}
Started game 910 of 40000 (ref-50fd965 vs cand-a771260)
Finished game 903 (cand-a771260 vs ref-50fd965): 0-1 {Black wins by adjudication}
Started game 911 of 40000 (cand-a771260 vs ref-50fd965)
Finished game 900 (ref-50fd965 vs cand-a771260): 0-1 {Black wins by adjudication}
--------------------------------------------------
Results of cand-a771260 vs ref-50fd965 (8+0.08, 1t, 16MB, noob_3moves.epd):
Elo: 24.80 +/- 17.28, nElo: 32.76 +/- 22.72
LOS: 99.76 %, DrawRatio: 33.85 %, PairsRatio: 1.41
Games: 898, Wins: 309, Losses: 245, Draws: 344, Points: 481.0 (53.56 %)
Ptnml(0-2): [31, 92, 152, 130, 44], WL/DD Ratio: 1.49
LLR: 1.11 (37.7%) (-2.94, 2.94) [0.00, 5.00]
--------------------------------------------------
Started game 912 of 40000 (ref-50fd965 vs cand-a771260)
Finished game 898 (ref-50fd965 vs cand-a771260): 0-1 {Black wins by adjudication}
Started game 913 of 40000 (cand-a771260 vs ref-50fd965)
Finished game 901 (cand-a771260 vs ref-50fd965): 1/2-1/2 {Draw by insufficient mating material}
Started game 914 of 40000 (ref-50fd965 vs cand-a771260)
Finished game 902 (ref-50fd965 vs cand-a771260): 0-1 {Black wins by adjudication}
Started game 915 of 40000 (cand-a771260 vs ref-50fd965)
Finished game 906 (ref-50fd965 vs cand-a771260): 0-1 {Black wins by adjudication}
Started game 916 of 40000 (ref-50fd965 vs cand-a771260)
Finished game 908 (ref-50fd965 vs cand-a771260): 1/2-1/2 {Draw by 3-fold repetition}
Started game 917 of 40000 (cand-a771260 vs ref-50fd965)
Finished game 905 (cand-a771260 vs ref-50fd965): 0-1 {Black wins by adjudication}
Started game 918 of 40000 (ref-50fd965 vs cand-a771260)
Finished game 904 (ref-50fd965 vs cand-a771260): 1/2-1/2 {Draw by insufficient mating material}
Started game 919 of 40000 (cand-a771260 vs ref-50fd965)
Finished game 907 (cand-a771260 vs ref-50fd965): 1-0 {White wins by adjudication}
Started game 920 of 40000 (ref-50fd965 vs cand-a771260)
Finished game 912 (ref-50fd965 vs cand-a771260): 1/2-1/2 {Draw by 3-fold repetition}
Started game 921 of 40000 (cand-a771260 vs ref-50fd965)
Finished game 915 (cand-a771260 vs ref-50fd965): 1-0 {White wins by adjudication}
Started game 922 of 40000 (ref-50fd965 vs cand-a771260)
Finished game 913 (cand-a771260 vs ref-50fd965): 1-0 {White wins by adjudication}
Started game 923 of 40000 (cand-a771260 vs ref-50fd965)
Finished game 909 (cand-a771260 vs ref-50fd965): 1/2-1/2 {Draw by insufficient mating material}
Started game 924 of 40000 (ref-50fd965 vs cand-a771260)
Finished game 919 (cand-a771260 vs ref-50fd965): 0-1 {Black wins by adjudication}
Started game 925 of 40000 (cand-a771260 vs ref-50fd965)
Finished game 920 (ref-50fd965 vs cand-a771260): 0-1 {Black wins by adjudication}
--------------------------------------------------
Results of cand-a771260 vs ref-50fd965 (8+0.08, 1t, 16MB, noob_3moves.epd):
Elo: 24.86 +/- 17.09, nElo: 32.97 +/- 22.57
LOS: 99.79 %, DrawRatio: 34.07 %, PairsRatio: 1.42
Games: 910, Wins: 314, Losses: 249, Draws: 347, Points: 487.5 (53.57 %)
Ptnml(0-2): [31, 93, 155, 132, 44], WL/DD Ratio: 1.54
LLR: 1.13 (38.5%) (-2.94, 2.94) [0.00, 5.00]
--------------------------------------------------
Started game 926 of 40000 (ref-50fd965 vs cand-a771260)
Finished game 918 (ref-50fd965 vs cand-a771260): 0-1 {Black wins by adjudication}
Started game 927 of 40000 (cand-a771260 vs ref-50fd965)
Finished game 911 (cand-a771260 vs ref-50fd965): 0-1 {Black wins by adjudication}
Started game 928 of 40000 (ref-50fd965 vs cand-a771260)
Finished game 916 (ref-50fd965 vs cand-a771260): 1/2-1/2 {Draw by adjudication}
Started game 929 of 40000 (cand-a771260 vs ref-50fd965)
Finished game 910 (ref-50fd965 vs cand-a771260): 1/2-1/2 {Draw by adjudication}
Started game 930 of 40000 (ref-50fd965 vs cand-a771260)
Finished game 921 (cand-a771260 vs ref-50fd965): 1/2-1/2 {Draw by adjudication}
Started game 931 of 40000 (cand-a771260 vs ref-50fd965)
Finished game 917 (cand-a771260 vs ref-50fd965): 1/2-1/2 {Draw by fifty moves rule}
Started game 932 of 40000 (ref-50fd965 vs cand-a771260)
Finished game 914 (ref-50fd965 vs cand-a771260): 1/2-1/2 {Draw by 3-fold repetition}
Started game 933 of 40000 (cand-a771260 vs ref-50fd965)
Finished game 924 (ref-50fd965 vs cand-a771260): 1/2-1/2 {Draw by adjudication}
Started game 934 of 40000 (ref-50fd965 vs cand-a771260)
Finished game 930 (ref-50fd965 vs cand-a771260): 1/2-1/2 {Draw by 3-fold repetition}
Started game 935 of 40000 (cand-a771260 vs ref-50fd965)
Finished game 922 (ref-50fd965 vs cand-a771260): 1-0 {White wins by adjudication}
Started game 936 of 40000 (ref-50fd965 vs cand-a771260)
Finished game 927 (cand-a771260 vs ref-50fd965): 1/2-1/2 {Draw by 3-fold repetition}
Started game 937 of 40000 (cand-a771260 vs ref-50fd965)
Finished game 926 (ref-50fd965 vs cand-a771260): 1-0 {White wins by adjudication}
Started game 938 of 40000 (ref-50fd965 vs cand-a771260)
Finished game 931 (cand-a771260 vs ref-50fd965): 1-0 {White wins by adjudication}
Started game 939 of 40000 (cand-a771260 vs ref-50fd965)
Finished game 925 (cand-a771260 vs ref-50fd965): 1-0 {White wins by adjudication}
Started game 940 of 40000 (ref-50fd965 vs cand-a771260)
Finished game 923 (cand-a771260 vs ref-50fd965): 1/2-1/2 {Draw by adjudication}
Started game 941 of 40000 (cand-a771260 vs ref-50fd965)
Finished game 929 (cand-a771260 vs ref-50fd965): 0-1 {Black wins by adjudication}
Started game 942 of 40000 (ref-50fd965 vs cand-a771260)
Finished game 928 (ref-50fd965 vs cand-a771260): 1/2-1/2 {Draw by fifty moves rule}
Started game 943 of 40000 (cand-a771260 vs ref-50fd965)
Finished game 939 (cand-a771260 vs ref-50fd965): 1/2-1/2 {Draw by 3-fold repetition}
Started game 944 of 40000 (ref-50fd965 vs cand-a771260)
Finished game 933 (cand-a771260 vs ref-50fd965): 0-1 {Black wins by adjudication}
Started game 945 of 40000 (cand-a771260 vs ref-50fd965)
Finished game 932 (ref-50fd965 vs cand-a771260): 1/2-1/2 {Draw by insufficient mating material}
Started game 946 of 40000 (ref-50fd965 vs cand-a771260)
Finished game 937 (cand-a771260 vs ref-50fd965): 0-1 {Black wins by adjudication}
Started game 947 of 40000 (cand-a771260 vs ref-50fd965)
Finished game 938 (ref-50fd965 vs cand-a771260): 0-1 {Black wins by adjudication}
Started game 948 of 40000 (ref-50fd965 vs cand-a771260)
Finished game 934 (ref-50fd965 vs cand-a771260): 1-0 {White wins by adjudication}
Started game 949 of 40000 (cand-a771260 vs ref-50fd965)
Finished game 935 (cand-a771260 vs ref-50fd965): 1-0 {White wins by adjudication}
Started game 950 of 40000 (ref-50fd965 vs cand-a771260)
Finished game 941 (cand-a771260 vs ref-50fd965): 0-1 {Black wins by adjudication}
Started game 951 of 40000 (cand-a771260 vs ref-50fd965)
Finished game 936 (ref-50fd965 vs cand-a771260): 1/2-1/2 {Draw by adjudication}
Started game 952 of 40000 (ref-50fd965 vs cand-a771260)
Finished game 944 (ref-50fd965 vs cand-a771260): 0-1 {Black wins by adjudication}
Started game 953 of 40000 (cand-a771260 vs ref-50fd965)
Finished game 945 (cand-a771260 vs ref-50fd965): 1/2-1/2 {Draw by 3-fold repetition}
Started game 954 of 40000 (ref-50fd965 vs cand-a771260)
Finished game 949 (cand-a771260 vs ref-50fd965): 1-0 {White wins by adjudication}
Started game 955 of 40000 (cand-a771260 vs ref-50fd965)
Finished game 940 (ref-50fd965 vs cand-a771260): 1-0 {White wins by adjudication}
--------------------------------------------------
Results of cand-a771260 vs ref-50fd965 (8+0.08, 1t, 16MB, noob_3moves.epd):
Elo: 23.69 +/- 16.76, nElo: 31.52 +/- 22.21
LOS: 99.73 %, DrawRatio: 34.04 %, PairsRatio: 1.40
Games: 940, Wins: 321, Losses: 257, Draws: 362, Points: 502.0 (53.40 %)
Ptnml(0-2): [32, 97, 160, 137, 44], WL/DD Ratio: 1.50
LLR: 1.12 (37.9%) (-2.94, 2.94) [0.00, 5.00]
--------------------------------------------------
Started game 956 of 40000 (ref-50fd965 vs cand-a771260)
Finished game 946 (ref-50fd965 vs cand-a771260): 0-1 {Black wins by adjudication}
Started game 957 of 40000 (cand-a771260 vs ref-50fd965)
Finished game 942 (ref-50fd965 vs cand-a771260): 1/2-1/2 {Draw by insufficient mating material}
Started game 958 of 40000 (ref-50fd965 vs cand-a771260)
Finished game 951 (cand-a771260 vs ref-50fd965): 1-0 {White wins by adjudication}
Started game 959 of 40000 (cand-a771260 vs ref-50fd965)
Finished game 947 (cand-a771260 vs ref-50fd965): 1/2-1/2 {Draw by adjudication}
Started game 960 of 40000 (ref-50fd965 vs cand-a771260)
Finished game 950 (ref-50fd965 vs cand-a771260): 1-0 {White wins by adjudication}
Started game 961 of 40000 (cand-a771260 vs ref-50fd965)
Finished game 952 (ref-50fd965 vs cand-a771260): 1/2-1/2 {Draw by 3-fold repetition}
Started game 962 of 40000 (ref-50fd965 vs cand-a771260)
Finished game 943 (cand-a771260 vs ref-50fd965): 1-0 {White wins by adjudication}
Started game 963 of 40000 (cand-a771260 vs ref-50fd965)
Finished game 948 (ref-50fd965 vs cand-a771260): 1-0 {White wins by adjudication}
Started game 964 of 40000 (ref-50fd965 vs cand-a771260)
Finished game 955 (cand-a771260 vs ref-50fd965): 1-0 {White wins by adjudication}
Started game 965 of 40000 (cand-a771260 vs ref-50fd965)
Finished game 953 (cand-a771260 vs ref-50fd965): 1-0 {White wins by adjudication}
Started game 966 of 40000 (ref-50fd965 vs cand-a771260)
Finished game 957 (cand-a771260 vs ref-50fd965): 1-0 {White wins by adjudication}
Started game 967 of 40000 (cand-a771260 vs ref-50fd965)
Finished game 956 (ref-50fd965 vs cand-a771260): 1/2-1/2 {Draw by 3-fold repetition}
Started game 968 of 40000 (ref-50fd965 vs cand-a771260)
Finished game 958 (ref-50fd965 vs cand-a771260): 0-1 {Black wins by adjudication}
Started game 969 of 40000 (cand-a771260 vs ref-50fd965)
Finished game 962 (ref-50fd965 vs cand-a771260): 1/2-1/2 {Draw by 3-fold repetition}
Started game 970 of 40000 (ref-50fd965 vs cand-a771260)
Finished game 960 (ref-50fd965 vs cand-a771260): 1/2-1/2 {Draw by 3-fold repetition}
Started game 971 of 40000 (cand-a771260 vs ref-50fd965)
Finished game 963 (cand-a771260 vs ref-50fd965): 0-1 {Black wins by adjudication}
Started game 972 of 40000 (ref-50fd965 vs cand-a771260)
Finished game 961 (cand-a771260 vs ref-50fd965): 1-0 {White wins by adjudication}
Started game 973 of 40000 (cand-a771260 vs ref-50fd965)
Finished game 965 (cand-a771260 vs ref-50fd965): 1-0 {White wins by adjudication}
Started game 974 of 40000 (ref-50fd965 vs cand-a771260)
Finished game 966 (ref-50fd965 vs cand-a771260): 1-0 {White wins by adjudication}
Started game 975 of 40000 (cand-a771260 vs ref-50fd965)
Finished game 964 (ref-50fd965 vs cand-a771260): 0-1 {Black wins by adjudication}
Started game 976 of 40000 (ref-50fd965 vs cand-a771260)
Finished game 959 (cand-a771260 vs ref-50fd965): 0-1 {Black wins by adjudication}
--------------------------------------------------
Results of cand-a771260 vs ref-50fd965 (8+0.08, 1t, 16MB, noob_3moves.epd):
Elo: 24.91 +/- 16.56, nElo: 33.13 +/- 21.93
LOS: 99.85 %, DrawRatio: 33.82 %, PairsRatio: 1.42
Games: 964, Wins: 332, Losses: 263, Draws: 369, Points: 516.5 (53.58 %)
Ptnml(0-2): [32, 100, 163, 141, 46], WL/DD Ratio: 1.55
LLR: 1.21 (41.0%) (-2.94, 2.94) [0.00, 5.00]
--------------------------------------------------
Started game 977 of 40000 (cand-a771260 vs ref-50fd965)
Finished game 954 (ref-50fd965 vs cand-a771260): 1/2-1/2 {Draw by 3-fold repetition}
Started game 978 of 40000 (ref-50fd965 vs cand-a771260)
Finished game 967 (cand-a771260 vs ref-50fd965): 1-0 {White wins by adjudication}
Started game 979 of 40000 (cand-a771260 vs ref-50fd965)
Finished game 968 (ref-50fd965 vs cand-a771260): 1/2-1/2 {Draw by 3-fold repetition}
Started game 980 of 40000 (ref-50fd965 vs cand-a771260)
Finished game 970 (ref-50fd965 vs cand-a771260): 0-1 {Black wins by adjudication}
Started game 981 of 40000 (cand-a771260 vs ref-50fd965)
Finished game 969 (cand-a771260 vs ref-50fd965): 0-1 {Black wins by adjudication}
Started game 982 of 40000 (ref-50fd965 vs cand-a771260)
Finished game 972 (ref-50fd965 vs cand-a771260): 1/2-1/2 {Draw by insufficient mating material}
Started game 983 of 40000 (cand-a771260 vs ref-50fd965)
Finished game 975 (cand-a771260 vs ref-50fd965): 1-0 {White wins by adjudication}
Started game 984 of 40000 (ref-50fd965 vs cand-a771260)
Finished game 977 (cand-a771260 vs ref-50fd965): 0-1 {Black wins by adjudication}
Started game 985 of 40000 (cand-a771260 vs ref-50fd965)
Finished game 976 (ref-50fd965 vs cand-a771260): 0-1 {Black wins by adjudication}
Started game 986 of 40000 (ref-50fd965 vs cand-a771260)
Finished game 981 (cand-a771260 vs ref-50fd965): 1-0 {White wins by adjudication}
Started game 987 of 40000 (cand-a771260 vs ref-50fd965)
Finished game 980 (ref-50fd965 vs cand-a771260): 0-1 {Black wins by adjudication}
Started game 988 of 40000 (ref-50fd965 vs cand-a771260)
Finished game 978 (ref-50fd965 vs cand-a771260): 1-0 {White wins by adjudication}
Started game 989 of 40000 (cand-a771260 vs ref-50fd965)
Finished game 971 (cand-a771260 vs ref-50fd965): 1/2-1/2 {Draw by insufficient mating material}
Started game 990 of 40000 (ref-50fd965 vs cand-a771260)
Finished game 974 (ref-50fd965 vs cand-a771260): 1/2-1/2 {Draw by adjudication}
Started game 991 of 40000 (cand-a771260 vs ref-50fd965)
Finished game 973 (cand-a771260 vs ref-50fd965): 1/2-1/2 {Draw by adjudication}
Started game 992 of 40000 (ref-50fd965 vs cand-a771260)
Finished game 979 (cand-a771260 vs ref-50fd965): 1-0 {White wins by adjudication}
--------------------------------------------------
Results of cand-a771260 vs ref-50fd965 (8+0.08, 1t, 16MB, noob_3moves.epd):
Elo: 25.93 +/- 16.49, nElo: 34.36 +/- 21.75
LOS: 99.90 %, DrawRatio: 33.88 %, PairsRatio: 1.44
Games: 980, Wins: 339, Losses: 266, Draws: 375, Points: 526.5 (53.72 %)
Ptnml(0-2): [33, 100, 166, 143, 48], WL/DD Ratio: 1.52
LLR: 1.27 (43.3%) (-2.94, 2.94) [0.00, 5.00]
--------------------------------------------------
Started game 993 of 40000 (cand-a771260 vs ref-50fd965)
Finished game 982 (ref-50fd965 vs cand-a771260): 1/2-1/2 {Draw by stalemate}
Started game 994 of 40000 (ref-50fd965 vs cand-a771260)
Finished game 983 (cand-a771260 vs ref-50fd965): 1/2-1/2 {Draw by 3-fold repetition}
Started game 995 of 40000 (cand-a771260 vs ref-50fd965)
Finished game 985 (cand-a771260 vs ref-50fd965): 1-0 {White wins by adjudication}
Started game 996 of 40000 (ref-50fd965 vs cand-a771260)
Finished game 989 (cand-a771260 vs ref-50fd965): 1/2-1/2 {Draw by 3-fold repetition}
Started game 997 of 40000 (cand-a771260 vs ref-50fd965)
Finished game 988 (ref-50fd965 vs cand-a771260): 0-1 {Black wins by adjudication}
Started game 998 of 40000 (ref-50fd965 vs cand-a771260)
Finished game 987 (cand-a771260 vs ref-50fd965): 1/2-1/2 {Draw by 3-fold repetition}
Started game 999 of 40000 (cand-a771260 vs ref-50fd965)
Finished game 986 (ref-50fd965 vs cand-a771260): 1/2-1/2 {Draw by insufficient mating material}
Started game 1000 of 40000 (ref-50fd965 vs cand-a771260)
Finished game 990 (ref-50fd965 vs cand-a771260): 0-1 {Black wins by adjudication}
Started game 1001 of 40000 (cand-a771260 vs ref-50fd965)
Finished game 994 (ref-50fd965 vs cand-a771260): 0-1 {Black wins by adjudication}
Started game 1002 of 40000 (ref-50fd965 vs cand-a771260)
Finished game 992 (ref-50fd965 vs cand-a771260): 1-0 {White wins by adjudication}
Started game 1003 of 40000 (cand-a771260 vs ref-50fd965)
Finished game 984 (ref-50fd965 vs cand-a771260): 1/2-1/2 {Draw by adjudication}
Started game 1004 of 40000 (ref-50fd965 vs cand-a771260)
Finished game 991 (cand-a771260 vs ref-50fd965): 1-0 {White wins by adjudication}
Started game 1005 of 40000 (cand-a771260 vs ref-50fd965)
Finished game 993 (cand-a771260 vs ref-50fd965): 1-0 {White wins by adjudication}
Started game 1006 of 40000 (ref-50fd965 vs cand-a771260)
Finished game 995 (cand-a771260 vs ref-50fd965): 0-1 {Black wins by adjudication}
Started game 1007 of 40000 (cand-a771260 vs ref-50fd965)
Finished game 996 (ref-50fd965 vs cand-a771260): 1-0 {White wins by adjudication}
Started game 1008 of 40000 (ref-50fd965 vs cand-a771260)
Finished game 998 (ref-50fd965 vs cand-a771260): 0-1 {Black wins by adjudication}
Started game 1009 of 40000 (cand-a771260 vs ref-50fd965)
Finished game 1000 (ref-50fd965 vs cand-a771260): 0-1 {Black wins by adjudication}
Started game 1010 of 40000 (ref-50fd965 vs cand-a771260)
Finished game 999 (cand-a771260 vs ref-50fd965): 0-1 {Black wins by adjudication}
--------------------------------------------------
Results of cand-a771260 vs ref-50fd965 (8+0.08, 1t, 16MB, noob_3moves.epd):
Elo: 26.86 +/- 16.36, nElo: 35.56 +/- 21.56
LOS: 99.94 %, DrawRatio: 33.87 %, PairsRatio: 1.46
Games: 998, Wins: 347, Losses: 270, Draws: 381, Points: 537.5 (53.86 %)
Ptnml(0-2): [34, 100, 169, 147, 49], WL/DD Ratio: 1.52
LLR: 1.34 (45.7%) (-2.94, 2.94) [0.00, 5.00]
--------------------------------------------------
Started game 1011 of 40000 (cand-a771260 vs ref-50fd965)
Finished game 997 (cand-a771260 vs ref-50fd965): 0-1 {Black wins by adjudication}
Started game 1012 of 40000 (ref-50fd965 vs cand-a771260)
Finished game 1006 (ref-50fd965 vs cand-a771260): 0-1 {Black wins by adjudication}
Started game 1013 of 40000 (cand-a771260 vs ref-50fd965)
Finished game 1001 (cand-a771260 vs ref-50fd965): 1/2-1/2 {Draw by 3-fold repetition}
Started game 1014 of 40000 (ref-50fd965 vs cand-a771260)
Finished game 1002 (ref-50fd965 vs cand-a771260): 0-1 {Black wins by adjudication}
Started game 1015 of 40000 (cand-a771260 vs ref-50fd965)
Finished game 1005 (cand-a771260 vs ref-50fd965): 1-0 {White wins by adjudication}
Started game 1016 of 40000 (ref-50fd965 vs cand-a771260)
Finished game 1007 (cand-a771260 vs ref-50fd965): 1/2-1/2 {Draw by 3-fold repetition}
Started game 1017 of 40000 (cand-a771260 vs ref-50fd965)
Finished game 1004 (ref-50fd965 vs cand-a771260): 1-0 {White wins by adjudication}
Started game 1018 of 40000 (ref-50fd965 vs cand-a771260)
Finished game 1003 (cand-a771260 vs ref-50fd965): 1/2-1/2 {Draw by adjudication}
Started game 1019 of 40000 (cand-a771260 vs ref-50fd965)
Finished game 1008 (ref-50fd965 vs cand-a771260): 1/2-1/2 {Draw by adjudication}
Started game 1020 of 40000 (ref-50fd965 vs cand-a771260)
Finished game 1009 (cand-a771260 vs ref-50fd965): 1/2-1/2 {Draw by 3-fold repetition}
Started game 1021 of 40000 (cand-a771260 vs ref-50fd965)
Finished game 1010 (ref-50fd965 vs cand-a771260): 1-0 {White wins by adjudication}
Started game 1022 of 40000 (ref-50fd965 vs cand-a771260)
Finished game 1012 (ref-50fd965 vs cand-a771260): 1-0 {White wins by adjudication}
Started game 1023 of 40000 (cand-a771260 vs ref-50fd965)
Finished game 1011 (cand-a771260 vs ref-50fd965): 1/2-1/2 {Draw by 3-fold repetition}
Started game 1024 of 40000 (ref-50fd965 vs cand-a771260)
Finished game 1013 (cand-a771260 vs ref-50fd965): 0-1 {Black wins by adjudication}
Started game 1025 of 40000 (cand-a771260 vs ref-50fd965)
Finished game 1015 (cand-a771260 vs ref-50fd965): 1/2-1/2 {Draw by 3-fold repetition}
Started game 1026 of 40000 (ref-50fd965 vs cand-a771260)
Finished game 1020 (ref-50fd965 vs cand-a771260): 1-0 {White wins by adjudication}
Started game 1027 of 40000 (cand-a771260 vs ref-50fd965)
Finished game 1016 (ref-50fd965 vs cand-a771260): 1-0 {White wins by adjudication}
Started game 1028 of 40000 (ref-50fd965 vs cand-a771260)
Finished game 1014 (ref-50fd965 vs cand-a771260): 1/2-1/2 {Draw by 3-fold repetition}
Started game 1029 of 40000 (cand-a771260 vs ref-50fd965)
Finished game 1018 (ref-50fd965 vs cand-a771260): 0-1 {Black wins by adjudication}
Started game 1030 of 40000 (ref-50fd965 vs cand-a771260)
Finished game 1022 (ref-50fd965 vs cand-a771260): 1/2-1/2 {Draw by 3-fold repetition}
Started game 1031 of 40000 (cand-a771260 vs ref-50fd965)
Finished game 1019 (cand-a771260 vs ref-50fd965): 1/2-1/2 {Draw by 3-fold repetition}
--------------------------------------------------
Results of cand-a771260 vs ref-50fd965 (8+0.08, 1t, 16MB, noob_3moves.epd):
Elo: 25.30 +/- 16.20, nElo: 33.48 +/- 21.34
LOS: 99.89 %, DrawRatio: 33.60 %, PairsRatio: 1.41
Games: 1018, Wins: 351, Losses: 277, Draws: 390, Points: 546.0 (53.63 %)
Ptnml(0-2): [34, 106, 171, 148, 50], WL/DD Ratio: 1.51
LLR: 1.29 (43.8%) (-2.94, 2.94) [0.00, 5.00]
--------------------------------------------------
Started game 1032 of 40000 (ref-50fd965 vs cand-a771260)
Finished game 1017 (cand-a771260 vs ref-50fd965): 1-0 {White wins by adjudication}
Started game 1033 of 40000 (cand-a771260 vs ref-50fd965)
Finished game 1025 (cand-a771260 vs ref-50fd965): 1-0 {White wins by adjudication}
Started game 1034 of 40000 (ref-50fd965 vs cand-a771260)
Finished game 1024 (ref-50fd965 vs cand-a771260): 1-0 {White wins by adjudication}
Started game 1035 of 40000 (cand-a771260 vs ref-50fd965)
Finished game 1021 (cand-a771260 vs ref-50fd965): 1/2-1/2 {Draw by 3-fold repetition}
Started game 1036 of 40000 (ref-50fd965 vs cand-a771260)
Finished game 1023 (cand-a771260 vs ref-50fd965): 1-0 {White wins by adjudication}
Started game 1037 of 40000 (cand-a771260 vs ref-50fd965)
Finished game 1029 (cand-a771260 vs ref-50fd965): 1/2-1/2 {Draw by adjudication}
Started game 1038 of 40000 (ref-50fd965 vs cand-a771260)
Finished game 1031 (cand-a771260 vs ref-50fd965): 0-1 {Black wins by adjudication}
Started game 1039 of 40000 (cand-a771260 vs ref-50fd965)
Finished game 1033 (cand-a771260 vs ref-50fd965): 1-0 {White wins by adjudication}
Started game 1040 of 40000 (ref-50fd965 vs cand-a771260)
Finished game 1027 (cand-a771260 vs ref-50fd965): 1-0 {White wins by adjudication}
Started game 1041 of 40000 (cand-a771260 vs ref-50fd965)
Finished game 1030 (ref-50fd965 vs cand-a771260): 0-1 {Black wins by adjudication}
Started game 1042 of 40000 (ref-50fd965 vs cand-a771260)
Finished game 1035 (cand-a771260 vs ref-50fd965): 1/2-1/2 {Draw by 3-fold repetition}
Started game 1043 of 40000 (cand-a771260 vs ref-50fd965)
Finished game 1026 (ref-50fd965 vs cand-a771260): 1/2-1/2 {Draw by insufficient mating material}
Started game 1044 of 40000 (ref-50fd965 vs cand-a771260)
Finished game 1028 (ref-50fd965 vs cand-a771260): 0-1 {Black wins by adjudication}
Started game 1045 of 40000 (cand-a771260 vs ref-50fd965)
Finished game 1032 (ref-50fd965 vs cand-a771260): 0-1 {Black wins by adjudication}
Started game 1046 of 40000 (ref-50fd965 vs cand-a771260)
Finished game 1034 (ref-50fd965 vs cand-a771260): 1-0 {White wins by adjudication}
Started game 1047 of 40000 (cand-a771260 vs ref-50fd965)
Finished game 1036 (ref-50fd965 vs cand-a771260): 1-0 {White wins by adjudication}
Started game 1048 of 40000 (ref-50fd965 vs cand-a771260)
Finished game 1037 (cand-a771260 vs ref-50fd965): 1/2-1/2 {Draw by 3-fold repetition}
Started game 1049 of 40000 (cand-a771260 vs ref-50fd965)
Finished game 1038 (ref-50fd965 vs cand-a771260): 0-1 {Black wins by adjudication}
Started game 1050 of 40000 (ref-50fd965 vs cand-a771260)
Finished game 1039 (cand-a771260 vs ref-50fd965): 1-0 {White wins by adjudication}
Started game 1051 of 40000 (cand-a771260 vs ref-50fd965)
Finished game 1043 (cand-a771260 vs ref-50fd965): 1-0 {White wins by adjudication}
Started game 1052 of 40000 (ref-50fd965 vs cand-a771260)
Finished game 1040 (ref-50fd965 vs cand-a771260): 1-0 {White wins by adjudication}
--------------------------------------------------
Results of cand-a771260 vs ref-50fd965 (8+0.08, 1t, 16MB, noob_3moves.epd):
Elo: 26.78 +/- 16.01, nElo: 35.49 +/- 21.12
LOS: 99.95 %, DrawRatio: 33.85 %, PairsRatio: 1.44
Games: 1040, Wins: 362, Losses: 282, Draws: 396, Points: 560.0 (53.85 %)
Ptnml(0-2): [34, 107, 176, 151, 52], WL/DD Ratio: 1.55
LLR: 1.40 (47.6%) (-2.94, 2.94) [0.00, 5.00]
--------------------------------------------------
Started game 1053 of 40000 (cand-a771260 vs ref-50fd965)
Finished game 1041 (cand-a771260 vs ref-50fd965): 0-1 {Black wins by adjudication}
Started game 1054 of 40000 (ref-50fd965 vs cand-a771260)
Finished game 1042 (ref-50fd965 vs cand-a771260): 1-0 {White wins by adjudication}
Started game 1055 of 40000 (cand-a771260 vs ref-50fd965)
Finished game 1046 (ref-50fd965 vs cand-a771260): 0-1 {Black wins by adjudication}
Started game 1056 of 40000 (ref-50fd965 vs cand-a771260)
Finished game 1045 (cand-a771260 vs ref-50fd965): 1/2-1/2 {Draw by 3-fold repetition}
Started game 1057 of 40000 (cand-a771260 vs ref-50fd965)
Finished game 1044 (ref-50fd965 vs cand-a771260): 1-0 {White wins by adjudication}
Started game 1058 of 40000 (ref-50fd965 vs cand-a771260)
Finished game 1052 (ref-50fd965 vs cand-a771260): 0-1 {Black wins by adjudication}
Started game 1059 of 40000 (cand-a771260 vs ref-50fd965)
Finished game 1047 (cand-a771260 vs ref-50fd965): 0-1 {Black wins by adjudication}
Started game 1060 of 40000 (ref-50fd965 vs cand-a771260)
Finished game 1049 (cand-a771260 vs ref-50fd965): 0-1 {Black wins by adjudication}
Started game 1061 of 40000 (cand-a771260 vs ref-50fd965)
Finished game 1050 (ref-50fd965 vs cand-a771260): 1-0 {White wins by adjudication}
Started game 1062 of 40000 (ref-50fd965 vs cand-a771260)
Finished game 1053 (cand-a771260 vs ref-50fd965): 1-0 {White wins by adjudication}
Started game 1063 of 40000 (cand-a771260 vs ref-50fd965)
Finished game 1051 (cand-a771260 vs ref-50fd965): 0-1 {Black wins by adjudication}
Started game 1064 of 40000 (ref-50fd965 vs cand-a771260)
Finished game 1054 (ref-50fd965 vs cand-a771260): 1/2-1/2 {Draw by insufficient mating material}
Started game 1065 of 40000 (cand-a771260 vs ref-50fd965)
Finished game 1055 (cand-a771260 vs ref-50fd965): 0-1 {Black wins by adjudication}
Started game 1066 of 40000 (ref-50fd965 vs cand-a771260)
Finished game 1056 (ref-50fd965 vs cand-a771260): 0-1 {Black wins by adjudication}
Started game 1067 of 40000 (cand-a771260 vs ref-50fd965)
Finished game 1060 (ref-50fd965 vs cand-a771260): 1-0 {White wins by adjudication}
Started game 1068 of 40000 (ref-50fd965 vs cand-a771260)
Finished game 1048 (ref-50fd965 vs cand-a771260): 0-1 {Black wins by adjudication}
Started game 1069 of 40000 (cand-a771260 vs ref-50fd965)
Finished game 1057 (cand-a771260 vs ref-50fd965): 1-0 {White wins by adjudication}
Started game 1070 of 40000 (ref-50fd965 vs cand-a771260)
Finished game 1058 (ref-50fd965 vs cand-a771260): 1/2-1/2 {Draw by adjudication}
Started game 1071 of 40000 (cand-a771260 vs ref-50fd965)
Finished game 1059 (cand-a771260 vs ref-50fd965): 1-0 {White wins by adjudication}
--------------------------------------------------
Results of cand-a771260 vs ref-50fd965 (8+0.08, 1t, 16MB, noob_3moves.epd):
Elo: 25.94 +/- 15.85, nElo: 34.38 +/- 20.92
LOS: 99.94 %, DrawRatio: 34.15 %, PairsRatio: 1.44
Games: 1060, Wins: 370, Losses: 291, Draws: 399, Points: 569.5 (53.73 %)
Ptnml(0-2): [36, 107, 181, 154, 52], WL/DD Ratio: 1.62
LLR: 1.38 (46.9%) (-2.94, 2.94) [0.00, 5.00]
--------------------------------------------------
Started game 1072 of 40000 (ref-50fd965 vs cand-a771260)
Finished game 1062 (ref-50fd965 vs cand-a771260): 1/2-1/2 {Draw by 3-fold repetition}
Started game 1073 of 40000 (cand-a771260 vs ref-50fd965)
Finished game 1061 (cand-a771260 vs ref-50fd965): 0-1 {Black wins by adjudication}
Started game 1074 of 40000 (ref-50fd965 vs cand-a771260)
Finished game 1065 (cand-a771260 vs ref-50fd965): 1/2-1/2 {Draw by 3-fold repetition}
Started game 1075 of 40000 (cand-a771260 vs ref-50fd965)
Finished game 1066 (ref-50fd965 vs cand-a771260): 0-1 {Black wins by adjudication}
Started game 1076 of 40000 (ref-50fd965 vs cand-a771260)
Finished game 1064 (ref-50fd965 vs cand-a771260): 1/2-1/2 {Draw by 3-fold repetition}
Started game 1077 of 40000 (cand-a771260 vs ref-50fd965)
Finished game 1068 (ref-50fd965 vs cand-a771260): 1-0 {White wins by adjudication}
Started game 1078 of 40000 (ref-50fd965 vs cand-a771260)
Finished game 1070 (ref-50fd965 vs cand-a771260): 1/2-1/2 {Draw by 3-fold repetition}
Started game 1079 of 40000 (cand-a771260 vs ref-50fd965)
Finished game 1063 (cand-a771260 vs ref-50fd965): 1/2-1/2 {Draw by insufficient mating material}
Started game 1080 of 40000 (ref-50fd965 vs cand-a771260)
Finished game 1071 (cand-a771260 vs ref-50fd965): 1-0 {White wins by adjudication}
Started game 1081 of 40000 (cand-a771260 vs ref-50fd965)
Finished game 1069 (cand-a771260 vs ref-50fd965): 0-1 {Black wins by adjudication}
Started game 1082 of 40000 (ref-50fd965 vs cand-a771260)
Finished game 1073 (cand-a771260 vs ref-50fd965): 1-0 {White wins by adjudication}
Started game 1083 of 40000 (cand-a771260 vs ref-50fd965)
Finished game 1079 (cand-a771260 vs ref-50fd965): 1-0 {White wins by adjudication}
Started game 1084 of 40000 (ref-50fd965 vs cand-a771260)
Finished game 1072 (ref-50fd965 vs cand-a771260): 1-0 {White wins by adjudication}
Started game 1085 of 40000 (cand-a771260 vs ref-50fd965)
Finished game 1067 (cand-a771260 vs ref-50fd965): 1/2-1/2 {Draw by fifty moves rule}
Started game 1086 of 40000 (ref-50fd965 vs cand-a771260)
Finished game 1074 (ref-50fd965 vs cand-a771260): 1/2-1/2 {Draw by insufficient mating material}
Started game 1087 of 40000 (cand-a771260 vs ref-50fd965)
Finished game 1078 (ref-50fd965 vs cand-a771260): 0-1 {Black wins by adjudication}
Started game 1088 of 40000 (ref-50fd965 vs cand-a771260)
Finished game 1077 (cand-a771260 vs ref-50fd965): 1-0 {White wins by adjudication}
Started game 1089 of 40000 (cand-a771260 vs ref-50fd965)
Finished game 1080 (ref-50fd965 vs cand-a771260): 0-1 {Black wins by adjudication}
--------------------------------------------------
Results of cand-a771260 vs ref-50fd965 (8+0.08, 1t, 16MB, noob_3moves.epd):
Elo: 26.48 +/- 15.75, nElo: 35.03 +/- 20.74
LOS: 99.95 %, DrawRatio: 33.95 %, PairsRatio: 1.44
Games: 1078, Wins: 377, Losses: 295, Draws: 406, Points: 580.0 (53.80 %)
Ptnml(0-2): [36, 110, 183, 156, 54], WL/DD Ratio: 1.61
LLR: 1.43 (48.6%) (-2.94, 2.94) [0.00, 5.00]
--------------------------------------------------
Started game 1090 of 40000 (ref-50fd965 vs cand-a771260)
Finished game 1076 (ref-50fd965 vs cand-a771260): 0-1 {Black wins by adjudication}
Started game 1091 of 40000 (cand-a771260 vs ref-50fd965)
Finished game 1085 (cand-a771260 vs ref-50fd965): 1/2-1/2 {Draw by 3-fold repetition}
Started game 1092 of 40000 (ref-50fd965 vs cand-a771260)
Finished game 1075 (cand-a771260 vs ref-50fd965): 1/2-1/2 {Draw by adjudication}
Started game 1093 of 40000 (cand-a771260 vs ref-50fd965)
Finished game 1086 (ref-50fd965 vs cand-a771260): 1-0 {White wins by adjudication}
Started game 1094 of 40000 (ref-50fd965 vs cand-a771260)
Finished game 1081 (cand-a771260 vs ref-50fd965): 1-0 {White wins by adjudication}
Started game 1095 of 40000 (cand-a771260 vs ref-50fd965)
Finished game 1088 (ref-50fd965 vs cand-a771260): 1-0 {White wins by adjudication}
Started game 1096 of 40000 (ref-50fd965 vs cand-a771260)
Finished game 1087 (cand-a771260 vs ref-50fd965): 1-0 {White wins by adjudication}
Started game 1097 of 40000 (cand-a771260 vs ref-50fd965)
Finished game 1083 (cand-a771260 vs ref-50fd965): 1-0 {White wins by adjudication}
Started game 1098 of 40000 (ref-50fd965 vs cand-a771260)
Finished game 1091 (cand-a771260 vs ref-50fd965): 1-0 {White wins by adjudication}
Started game 1099 of 40000 (cand-a771260 vs ref-50fd965)
Finished game 1089 (cand-a771260 vs ref-50fd965): 0-1 {Black wins by adjudication}
Started game 1100 of 40000 (ref-50fd965 vs cand-a771260)
Finished game 1090 (ref-50fd965 vs cand-a771260): 0-1 {Black wins by adjudication}
Started game 1101 of 40000 (cand-a771260 vs ref-50fd965)
Finished game 1084 (ref-50fd965 vs cand-a771260): 1/2-1/2 {Draw by insufficient mating material}
Started game 1102 of 40000 (ref-50fd965 vs cand-a771260)
Finished game 1092 (ref-50fd965 vs cand-a771260): 0-1 {Black wins by adjudication}
Started game 1103 of 40000 (cand-a771260 vs ref-50fd965)
Finished game 1096 (ref-50fd965 vs cand-a771260): 0-1 {Black wins by adjudication}
Started game 1104 of 40000 (ref-50fd965 vs cand-a771260)
Finished game 1082 (ref-50fd965 vs cand-a771260): 1/2-1/2 {Draw by 3-fold repetition}
Started game 1105 of 40000 (cand-a771260 vs ref-50fd965)
Finished game 1099 (cand-a771260 vs ref-50fd965): 1/2-1/2 {Draw by 3-fold repetition}
Started game 1106 of 40000 (ref-50fd965 vs cand-a771260)
Finished game 1097 (cand-a771260 vs ref-50fd965): 0-1 {Black wins by adjudication}
Started game 1107 of 40000 (cand-a771260 vs ref-50fd965)
Finished game 1094 (ref-50fd965 vs cand-a771260): 1-0 {White wins by adjudication}
Started game 1108 of 40000 (ref-50fd965 vs cand-a771260)
Finished game 1093 (cand-a771260 vs ref-50fd965): 1-0 {White wins by adjudication}
Started game 1109 of 40000 (cand-a771260 vs ref-50fd965)
Finished game 1101 (cand-a771260 vs ref-50fd965): 0-1 {Black wins by adjudication}
Started game 1110 of 40000 (ref-50fd965 vs cand-a771260)
Finished game 1098 (ref-50fd965 vs cand-a771260): 1/2-1/2 {Draw by insufficient mating material}
Started game 1111 of 40000 (cand-a771260 vs ref-50fd965)
Finished game 1100 (ref-50fd965 vs cand-a771260): 1/2-1/2 {Draw by 3-fold repetition}
--------------------------------------------------
Results of cand-a771260 vs ref-50fd965 (8+0.08, 1t, 16MB, noob_3moves.epd):
Elo: 26.95 +/- 15.57, nElo: 35.74 +/- 20.55
LOS: 99.97 %, DrawRatio: 34.06 %, PairsRatio: 1.45
Games: 1098, Wins: 385, Losses: 300, Draws: 413, Points: 591.5 (53.87 %)
Ptnml(0-2): [36, 112, 187, 159, 55], WL/DD Ratio: 1.63
LLR: 1.49 (50.6%) (-2.94, 2.94) [0.00, 5.00]
--------------------------------------------------
Started game 1112 of 40000 (ref-50fd965 vs cand-a771260)
Finished game 1104 (ref-50fd965 vs cand-a771260): 1-0 {White wins by adjudication}
Started game 1113 of 40000 (cand-a771260 vs ref-50fd965)
Finished game 1108 (ref-50fd965 vs cand-a771260): 1-0 {White wins by adjudication}
Started game 1114 of 40000 (ref-50fd965 vs cand-a771260)
Finished game 1102 (ref-50fd965 vs cand-a771260): 0-1 {Black wins by adjudication}
Started game 1115 of 40000 (cand-a771260 vs ref-50fd965)
Finished game 1103 (cand-a771260 vs ref-50fd965): 1/2-1/2 {Draw by 3-fold repetition}
Started game 1116 of 40000 (ref-50fd965 vs cand-a771260)
Finished game 1095 (cand-a771260 vs ref-50fd965): 0-1 {Black wins by adjudication}
Started game 1117 of 40000 (cand-a771260 vs ref-50fd965)
Finished game 1107 (cand-a771260 vs ref-50fd965): 1-0 {White wins by adjudication}
Started game 1118 of 40000 (ref-50fd965 vs cand-a771260)
Finished game 1110 (ref-50fd965 vs cand-a771260): 1/2-1/2 {Draw by 3-fold repetition}
Started game 1119 of 40000 (cand-a771260 vs ref-50fd965)
Finished game 1106 (ref-50fd965 vs cand-a771260): 0-1 {Black wins by adjudication}
Started game 1120 of 40000 (ref-50fd965 vs cand-a771260)
Finished game 1105 (cand-a771260 vs ref-50fd965): 1-0 {White wins by adjudication}
Started game 1121 of 40000 (cand-a771260 vs ref-50fd965)
Finished game 1109 (cand-a771260 vs ref-50fd965): 1/2-1/2 {Draw by insufficient mating material}
Started game 1122 of 40000 (ref-50fd965 vs cand-a771260)
Finished game 1111 (cand-a771260 vs ref-50fd965): 1-0 {White wins by adjudication}
Started game 1123 of 40000 (cand-a771260 vs ref-50fd965)
Finished game 1112 (ref-50fd965 vs cand-a771260): 0-1 {Black wins by adjudication}
Started game 1124 of 40000 (ref-50fd965 vs cand-a771260)
Finished game 1119 (cand-a771260 vs ref-50fd965): 0-1 {Black wins by adjudication}
Started game 1125 of 40000 (cand-a771260 vs ref-50fd965)
Finished game 1115 (cand-a771260 vs ref-50fd965): 1/2-1/2 {Draw by 3-fold repetition}
Started game 1126 of 40000 (ref-50fd965 vs cand-a771260)
Finished game 1113 (cand-a771260 vs ref-50fd965): 0-1 {Black wins by adjudication}
Started game 1127 of 40000 (cand-a771260 vs ref-50fd965)
Finished game 1114 (ref-50fd965 vs cand-a771260): 1/2-1/2 {Draw by adjudication}
Started game 1128 of 40000 (ref-50fd965 vs cand-a771260)
Finished game 1120 (ref-50fd965 vs cand-a771260): 0-1 {Black wins by adjudication}
--------------------------------------------------
Results of cand-a771260 vs ref-50fd965 (8+0.08, 1t, 16MB, noob_3moves.epd):
Elo: 27.14 +/- 15.44, nElo: 36.01 +/- 20.38
LOS: 99.97 %, DrawRatio: 34.41 %, PairsRatio: 1.44
Games: 1116, Wins: 393, Losses: 306, Draws: 417, Points: 601.5 (53.90 %)
Ptnml(0-2): [36, 114, 192, 159, 57], WL/DD Ratio: 1.67
LLR: 1.53 (51.9%) (-2.94, 2.94) [0.00, 5.00]
--------------------------------------------------
Started game 1129 of 40000 (cand-a771260 vs ref-50fd965)
Finished game 1121 (cand-a771260 vs ref-50fd965): 1/2-1/2 {Draw by 3-fold repetition}
Started game 1130 of 40000 (ref-50fd965 vs cand-a771260)
Finished game 1116 (ref-50fd965 vs cand-a771260): 0-1 {Black wins by adjudication}
Started game 1131 of 40000 (cand-a771260 vs ref-50fd965)
Finished game 1117 (cand-a771260 vs ref-50fd965): 1/2-1/2 {Draw by 3-fold repetition}
Started game 1132 of 40000 (ref-50fd965 vs cand-a771260)
Finished game 1118 (ref-50fd965 vs cand-a771260): 1/2-1/2 {Draw by 3-fold repetition}
Started game 1133 of 40000 (cand-a771260 vs ref-50fd965)
Finished game 1123 (cand-a771260 vs ref-50fd965): 1-0 {White wins by adjudication}
Started game 1134 of 40000 (ref-50fd965 vs cand-a771260)
Finished game 1126 (ref-50fd965 vs cand-a771260): 1/2-1/2 {Draw by 3-fold repetition}
Started game 1135 of 40000 (cand-a771260 vs ref-50fd965)
Finished game 1122 (ref-50fd965 vs cand-a771260): 1-0 {White wins by adjudication}
Started game 1136 of 40000 (ref-50fd965 vs cand-a771260)
Finished game 1125 (cand-a771260 vs ref-50fd965): 1-0 {White wins by adjudication}
Started game 1137 of 40000 (cand-a771260 vs ref-50fd965)
Finished game 1124 (ref-50fd965 vs cand-a771260): 1/2-1/2 {Draw by insufficient mating material}
Started game 1138 of 40000 (ref-50fd965 vs cand-a771260)
Finished game 1131 (cand-a771260 vs ref-50fd965): 1/2-1/2 {Draw by 3-fold repetition}
Started game 1139 of 40000 (cand-a771260 vs ref-50fd965)
Finished game 1134 (ref-50fd965 vs cand-a771260): 0-1 {Black wins by adjudication}
Started game 1140 of 40000 (ref-50fd965 vs cand-a771260)
Finished game 1130 (ref-50fd965 vs cand-a771260): 1/2-1/2 {Draw by adjudication}
Started game 1141 of 40000 (cand-a771260 vs ref-50fd965)
Finished game 1132 (ref-50fd965 vs cand-a771260): 1-0 {White wins by adjudication}
Started game 1142 of 40000 (ref-50fd965 vs cand-a771260)
Finished game 1127 (cand-a771260 vs ref-50fd965): 0-1 {Black wins by adjudication}
Started game 1143 of 40000 (cand-a771260 vs ref-50fd965)
Finished game 1129 (cand-a771260 vs ref-50fd965): 1/2-1/2 {Draw by 3-fold repetition}
Started game 1144 of 40000 (ref-50fd965 vs cand-a771260)
Finished game 1135 (cand-a771260 vs ref-50fd965): 0-1 {Black wins by adjudication}
Started game 1145 of 40000 (cand-a771260 vs ref-50fd965)
Finished game 1136 (ref-50fd965 vs cand-a771260): 1/2-1/2 {Draw by adjudication}
Started game 1146 of 40000 (ref-50fd965 vs cand-a771260)
Finished game 1128 (ref-50fd965 vs cand-a771260): 1/2-1/2 {Draw by adjudication}
Started game 1147 of 40000 (cand-a771260 vs ref-50fd965)
Finished game 1137 (cand-a771260 vs ref-50fd965): 0-1 {Black wins by adjudication}
Started game 1148 of 40000 (ref-50fd965 vs cand-a771260)
Finished game 1138 (ref-50fd965 vs cand-a771260): 0-1 {Black wins by adjudication}
Started game 1149 of 40000 (cand-a771260 vs ref-50fd965)
Finished game 1133 (cand-a771260 vs ref-50fd965): 1/2-1/2 {Draw by 3-fold repetition}
Started game 1150 of 40000 (ref-50fd965 vs cand-a771260)
Finished game 1139 (cand-a771260 vs ref-50fd965): 0-1 {Black wins by adjudication}
Started game 1151 of 40000 (cand-a771260 vs ref-50fd965)
Finished game 1140 (ref-50fd965 vs cand-a771260): 1-0 {White wins by adjudication}
--------------------------------------------------
Results of cand-a771260 vs ref-50fd965 (8+0.08, 1t, 16MB, noob_3moves.epd):
Elo: 25.95 +/- 15.26, nElo: 34.46 +/- 20.17
LOS: 99.96 %, DrawRatio: 34.21 %, PairsRatio: 1.42
Games: 1140, Wins: 398, Losses: 313, Draws: 429, Points: 612.5 (53.73 %)
Ptnml(0-2): [37, 118, 195, 163, 57], WL/DD Ratio: 1.64
LLR: 1.49 (50.6%) (-2.94, 2.94) [0.00, 5.00]
--------------------------------------------------
Started game 1152 of 40000 (ref-50fd965 vs cand-a771260)
Finished game 1141 (cand-a771260 vs ref-50fd965): 1-0 {White wins by adjudication}
Started game 1153 of 40000 (cand-a771260 vs ref-50fd965)
Finished game 1143 (cand-a771260 vs ref-50fd965): 1-0 {White wins by adjudication}
Started game 1154 of 40000 (ref-50fd965 vs cand-a771260)
Finished game 1145 (cand-a771260 vs ref-50fd965): 1-0 {White wins by adjudication}
Started game 1155 of 40000 (cand-a771260 vs ref-50fd965)
Finished game 1146 (ref-50fd965 vs cand-a771260): 0-1 {Black wins by adjudication}
Started game 1156 of 40000 (ref-50fd965 vs cand-a771260)
Finished game 1150 (ref-50fd965 vs cand-a771260): 0-1 {Black wins by adjudication}
Started game 1157 of 40000 (cand-a771260 vs ref-50fd965)
Finished game 1147 (cand-a771260 vs ref-50fd965): 1-0 {White wins by adjudication}
Started game 1158 of 40000 (ref-50fd965 vs cand-a771260)
Finished game 1148 (ref-50fd965 vs cand-a771260): 0-1 {Black wins by adjudication}
Started game 1159 of 40000 (cand-a771260 vs ref-50fd965)
Finished game 1149 (cand-a771260 vs ref-50fd965): 1/2-1/2 {Draw by 3-fold repetition}
Started game 1160 of 40000 (ref-50fd965 vs cand-a771260)
Finished game 1151 (cand-a771260 vs ref-50fd965): 1-0 {White wins by adjudication}
Started game 1161 of 40000 (cand-a771260 vs ref-50fd965)
Finished game 1142 (ref-50fd965 vs cand-a771260): 0-1 {Black wins by adjudication}
Started game 1162 of 40000 (ref-50fd965 vs cand-a771260)
Finished game 1153 (cand-a771260 vs ref-50fd965): 1/2-1/2 {Draw by 3-fold repetition}
Started game 1163 of 40000 (cand-a771260 vs ref-50fd965)
Finished game 1155 (cand-a771260 vs ref-50fd965): 0-1 {Black wins by adjudication}
Started game 1164 of 40000 (ref-50fd965 vs cand-a771260)
Finished game 1152 (ref-50fd965 vs cand-a771260): 1-0 {White wins by adjudication}
Started game 1165 of 40000 (cand-a771260 vs ref-50fd965)
Finished game 1156 (ref-50fd965 vs cand-a771260): 0-1 {Black wins by adjudication}
Started game 1166 of 40000 (ref-50fd965 vs cand-a771260)
Finished game 1159 (cand-a771260 vs ref-50fd965): 0-1 {Black wins by adjudication}
Started game 1167 of 40000 (cand-a771260 vs ref-50fd965)
Finished game 1144 (ref-50fd965 vs cand-a771260): 1/2-1/2 {Draw by adjudication}
Started game 1168 of 40000 (ref-50fd965 vs cand-a771260)
Finished game 1154 (ref-50fd965 vs cand-a771260): 1-0 {White wins by adjudication}
Started game 1169 of 40000 (cand-a771260 vs ref-50fd965)
Finished game 1157 (cand-a771260 vs ref-50fd965): 0-1 {Black wins by adjudication}
Started game 1170 of 40000 (ref-50fd965 vs cand-a771260)
Finished game 1158 (ref-50fd965 vs cand-a771260): 0-1 {Black wins by adjudication}
Started game 1171 of 40000 (cand-a771260 vs ref-50fd965)
Finished game 1160 (ref-50fd965 vs cand-a771260): 1/2-1/2 {Draw by adjudication}
--------------------------------------------------
Results of cand-a771260 vs ref-50fd965 (8+0.08, 1t, 16MB, noob_3moves.epd):
Elo: 27.31 +/- 15.17, nElo: 36.17 +/- 19.99
LOS: 99.98 %, DrawRatio: 34.14 %, PairsRatio: 1.43
Games: 1160, Wins: 409, Losses: 318, Draws: 433, Points: 625.5 (53.92 %)
Ptnml(0-2): [37, 120, 198, 165, 60], WL/DD Ratio: 1.68
LLR: 1.60 (54.2%) (-2.94, 2.94) [0.00, 5.00]
--------------------------------------------------
Started game 1172 of 40000 (ref-50fd965 vs cand-a771260)
Finished game 1164 (ref-50fd965 vs cand-a771260): 1/2-1/2 {Draw by 3-fold repetition}
Started game 1173 of 40000 (cand-a771260 vs ref-50fd965)
Finished game 1166 (ref-50fd965 vs cand-a771260): 1/2-1/2 {Draw by 3-fold repetition}
Started game 1174 of 40000 (ref-50fd965 vs cand-a771260)
Finished game 1165 (cand-a771260 vs ref-50fd965): 1-0 {White wins by adjudication}
Started game 1175 of 40000 (cand-a771260 vs ref-50fd965)
Finished game 1172 (ref-50fd965 vs cand-a771260): 1/2-1/2 {Draw by 3-fold repetition}
Started game 1176 of 40000 (ref-50fd965 vs cand-a771260)
Finished game 1162 (ref-50fd965 vs cand-a771260): 1-0 {White wins by adjudication}
Started game 1177 of 40000 (cand-a771260 vs ref-50fd965)
Finished game 1167 (cand-a771260 vs ref-50fd965): 0-1 {Black wins by adjudication}
Started game 1178 of 40000 (ref-50fd965 vs cand-a771260)
Finished game 1163 (cand-a771260 vs ref-50fd965): 1/2-1/2 {Draw by insufficient mating material}
Started game 1179 of 40000 (cand-a771260 vs ref-50fd965)
Finished game 1173 (cand-a771260 vs ref-50fd965): 1-0 {White wins by adjudication}
Started game 1180 of 40000 (ref-50fd965 vs cand-a771260)
Finished game 1169 (cand-a771260 vs ref-50fd965): 0-1 {Black wins by adjudication}
Started game 1181 of 40000 (cand-a771260 vs ref-50fd965)
Finished game 1171 (cand-a771260 vs ref-50fd965): 1/2-1/2 {Draw by insufficient mating material}
Started game 1182 of 40000 (ref-50fd965 vs cand-a771260)
Finished game 1168 (ref-50fd965 vs cand-a771260): 1/2-1/2 {Draw by insufficient mating material}
Started game 1183 of 40000 (cand-a771260 vs ref-50fd965)
Finished game 1174 (ref-50fd965 vs cand-a771260): 1/2-1/2 {Draw by 3-fold repetition}
Started game 1184 of 40000 (ref-50fd965 vs cand-a771260)
Finished game 1175 (cand-a771260 vs ref-50fd965): 1/2-1/2 {Draw by 3-fold repetition}
Started game 1185 of 40000 (cand-a771260 vs ref-50fd965)
Finished game 1170 (ref-50fd965 vs cand-a771260): 1/2-1/2 {Draw by fifty moves rule}
Started game 1186 of 40000 (ref-50fd965 vs cand-a771260)
Finished game 1161 (cand-a771260 vs ref-50fd965): 1/2-1/2 {Draw by insufficient mating material}
Started game 1187 of 40000 (cand-a771260 vs ref-50fd965)
Finished game 1180 (ref-50fd965 vs cand-a771260): 1-0 {White wins by adjudication}
Started game 1188 of 40000 (ref-50fd965 vs cand-a771260)
Finished game 1178 (ref-50fd965 vs cand-a771260): 0-1 {Black wins by adjudication}
Started game 1189 of 40000 (cand-a771260 vs ref-50fd965)
Finished game 1179 (cand-a771260 vs ref-50fd965): 0-1 {Black wins by adjudication}
--------------------------------------------------
Results of cand-a771260 vs ref-50fd965 (8+0.08, 1t, 16MB, noob_3moves.epd):
Elo: 26.05 +/- 15.07, nElo: 34.47 +/- 19.86
LOS: 99.97 %, DrawRatio: 34.01 %, PairsRatio: 1.41
Games: 1176, Wins: 411, Losses: 323, Draws: 442, Points: 632.0 (53.74 %)
Ptnml(0-2): [38, 123, 200, 167, 60], WL/DD Ratio: 1.63
LLR: 1.54 (52.3%) (-2.94, 2.94) [0.00, 5.00]
--------------------------------------------------
Started game 1190 of 40000 (ref-50fd965 vs cand-a771260)
Finished game 1176 (ref-50fd965 vs cand-a771260): 0-1 {Black wins by adjudication}
Started game 1191 of 40000 (cand-a771260 vs ref-50fd965)
Finished game 1177 (cand-a771260 vs ref-50fd965): 1/2-1/2 {Draw by insufficient mating material}
Started game 1192 of 40000 (ref-50fd965 vs cand-a771260)
Finished game 1181 (cand-a771260 vs ref-50fd965): 1/2-1/2 {Draw by 3-fold repetition}
Started game 1193 of 40000 (cand-a771260 vs ref-50fd965)
Finished game 1182 (ref-50fd965 vs cand-a771260): 1/2-1/2 {Draw by 3-fold repetition}
Started game 1194 of 40000 (ref-50fd965 vs cand-a771260)
Finished game 1184 (ref-50fd965 vs cand-a771260): 0-1 {Black wins by adjudication}
Started game 1195 of 40000 (cand-a771260 vs ref-50fd965)
Finished game 1183 (cand-a771260 vs ref-50fd965): 0-1 {Black wins by adjudication}
Started game 1196 of 40000 (ref-50fd965 vs cand-a771260)
Finished game 1186 (ref-50fd965 vs cand-a771260): 1-0 {White wins by adjudication}
Started game 1197 of 40000 (cand-a771260 vs ref-50fd965)
Finished game 1188 (ref-50fd965 vs cand-a771260): 0-1 {Black wins by adjudication}
Started game 1198 of 40000 (ref-50fd965 vs cand-a771260)
Finished game 1190 (ref-50fd965 vs cand-a771260): 1-0 {White wins by adjudication}
Started game 1199 of 40000 (cand-a771260 vs ref-50fd965)
Finished game 1187 (cand-a771260 vs ref-50fd965): 1-0 {White wins by adjudication}
Started game 1200 of 40000 (ref-50fd965 vs cand-a771260)
Finished game 1189 (cand-a771260 vs ref-50fd965): 1/2-1/2 {Draw by insufficient mating material}
Started game 1201 of 40000 (cand-a771260 vs ref-50fd965)
Finished game 1193 (cand-a771260 vs ref-50fd965): 1/2-1/2 {Draw by insufficient mating material}
Started game 1202 of 40000 (ref-50fd965 vs cand-a771260)
Finished game 1195 (cand-a771260 vs ref-50fd965): 0-1 {Black wins by adjudication}
Started game 1203 of 40000 (cand-a771260 vs ref-50fd965)
Finished game 1192 (ref-50fd965 vs cand-a771260): 0-1 {Black wins by adjudication}
Started game 1204 of 40000 (ref-50fd965 vs cand-a771260)
Finished game 1191 (cand-a771260 vs ref-50fd965): 1/2-1/2 {Draw by adjudication}
Started game 1205 of 40000 (cand-a771260 vs ref-50fd965)
Finished game 1196 (ref-50fd965 vs cand-a771260): 0-1 {Black wins by adjudication}
Started game 1206 of 40000 (ref-50fd965 vs cand-a771260)
Finished game 1185 (cand-a771260 vs ref-50fd965): 1/2-1/2 {Draw by fifty moves rule}
Started game 1207 of 40000 (cand-a771260 vs ref-50fd965)
Finished game 1201 (cand-a771260 vs ref-50fd965): 1-0 {White wins by adjudication}
Started game 1208 of 40000 (ref-50fd965 vs cand-a771260)
Finished game 1197 (cand-a771260 vs ref-50fd965): 1-0 {White wins by adjudication}
Started game 1209 of 40000 (cand-a771260 vs ref-50fd965)
Finished game 1198 (ref-50fd965 vs cand-a771260): 1/2-1/2 {Draw by insufficient mating material}
Started game 1210 of 40000 (ref-50fd965 vs cand-a771260)
Finished game 1194 (ref-50fd965 vs cand-a771260): 1/2-1/2 {Draw by fifty moves rule}
Started game 1211 of 40000 (cand-a771260 vs ref-50fd965)
Finished game 1199 (cand-a771260 vs ref-50fd965): 1/2-1/2 {Draw by 3-fold repetition}
Started game 1212 of 40000 (ref-50fd965 vs cand-a771260)
Finished game 1207 (cand-a771260 vs ref-50fd965): 0-1 {Black wins by adjudication}
Started game 1213 of 40000 (cand-a771260 vs ref-50fd965)
Finished game 1204 (ref-50fd965 vs cand-a771260): 0-1 {Black wins by adjudication}
Started game 1214 of 40000 (ref-50fd965 vs cand-a771260)
Finished game 1208 (ref-50fd965 vs cand-a771260): 0-1 {Black wins by adjudication}
Started game 1215 of 40000 (cand-a771260 vs ref-50fd965)
Finished game 1205 (cand-a771260 vs ref-50fd965): 1/2-1/2 {Draw by 3-fold repetition}
Started game 1216 of 40000 (ref-50fd965 vs cand-a771260)
Finished game 1203 (cand-a771260 vs ref-50fd965): 1/2-1/2 {Draw by insufficient mating material}
Started game 1217 of 40000 (cand-a771260 vs ref-50fd965)
Finished game 1211 (cand-a771260 vs ref-50fd965): 0-1 {Black wins by adjudication}
Started game 1218 of 40000 (ref-50fd965 vs cand-a771260)
Finished game 1209 (cand-a771260 vs ref-50fd965): 0-1 {Black wins by adjudication}
Started game 1219 of 40000 (cand-a771260 vs ref-50fd965)
Finished game 1210 (ref-50fd965 vs cand-a771260): 1-0 {White wins by adjudication}
Started game 1220 of 40000 (ref-50fd965 vs cand-a771260)
Finished game 1206 (ref-50fd965 vs cand-a771260): 1/2-1/2 {Draw by insufficient mating material}
Started game 1221 of 40000 (cand-a771260 vs ref-50fd965)
Finished game 1200 (ref-50fd965 vs cand-a771260): 1/2-1/2 {Draw by fifty moves rule}
--------------------------------------------------
Results of cand-a771260 vs ref-50fd965 (8+0.08, 1t, 16MB, noob_3moves.epd):
Elo: 26.22 +/- 14.83, nElo: 34.80 +/- 19.59
LOS: 99.98 %, DrawRatio: 34.27 %, PairsRatio: 1.42
Games: 1208, Wins: 421, Losses: 330, Draws: 457, Points: 649.5 (53.77 %)
Ptnml(0-2): [39, 125, 207, 172, 61], WL/DD Ratio: 1.59
LLR: 1.60 (54.2%) (-2.94, 2.94) [0.00, 5.00]
--------------------------------------------------
Started game 1222 of 40000 (ref-50fd965 vs cand-a771260)
Finished game 1212 (ref-50fd965 vs cand-a771260): 0-1 {Black wins by adjudication}
Started game 1223 of 40000 (cand-a771260 vs ref-50fd965)
Finished game 1217 (cand-a771260 vs ref-50fd965): 1-0 {White wins by adjudication}
Started game 1224 of 40000 (ref-50fd965 vs cand-a771260)
Finished game 1216 (ref-50fd965 vs cand-a771260): 0-1 {Black wins by adjudication}
Started game 1225 of 40000 (cand-a771260 vs ref-50fd965)
Finished game 1215 (cand-a771260 vs ref-50fd965): 0-1 {Black wins by adjudication}
Started game 1226 of 40000 (ref-50fd965 vs cand-a771260)
Finished game 1214 (ref-50fd965 vs cand-a771260): 1-0 {White wins by adjudication}
Started game 1227 of 40000 (cand-a771260 vs ref-50fd965)
Finished game 1219 (cand-a771260 vs ref-50fd965): 0-1 {Black wins by adjudication}
Started game 1228 of 40000 (ref-50fd965 vs cand-a771260)
Finished game 1213 (cand-a771260 vs ref-50fd965): 1/2-1/2 {Draw by adjudication}
Started game 1229 of 40000 (cand-a771260 vs ref-50fd965)
Finished game 1202 (ref-50fd965 vs cand-a771260): 1/2-1/2 {Draw by 3-fold repetition}
Started game 1230 of 40000 (ref-50fd965 vs cand-a771260)
Finished game 1221 (cand-a771260 vs ref-50fd965): 1-0 {White wins by adjudication}
Started game 1231 of 40000 (cand-a771260 vs ref-50fd965)
Finished game 1218 (ref-50fd965 vs cand-a771260): 0-1 {Black wins by adjudication}
Started game 1232 of 40000 (ref-50fd965 vs cand-a771260)
Finished game 1222 (ref-50fd965 vs cand-a771260): 0-1 {Black wins by adjudication}
Started game 1233 of 40000 (cand-a771260 vs ref-50fd965)
Finished game 1227 (cand-a771260 vs ref-50fd965): 1/2-1/2 {Draw by 3-fold repetition}
Started game 1234 of 40000 (ref-50fd965 vs cand-a771260)
Finished game 1220 (ref-50fd965 vs cand-a771260): 0-1 {Black wins by adjudication}
--------------------------------------------------
Results of cand-a771260 vs ref-50fd965 (8+0.08, 1t, 16MB, noob_3moves.epd):
Elo: 27.06 +/- 14.76, nElo: 35.89 +/- 19.48
LOS: 99.98 %, DrawRatio: 34.37 %, PairsRatio: 1.43
Games: 1222, Wins: 429, Losses: 334, Draws: 459, Points: 658.5 (53.89 %)
Ptnml(0-2): [39, 126, 210, 173, 63], WL/DD Ratio: 1.62
LLR: 1.67 (56.7%) (-2.94, 2.94) [0.00, 5.00]
--------------------------------------------------
Started game 1235 of 40000 (cand-a771260 vs ref-50fd965)
Finished game 1223 (cand-a771260 vs ref-50fd965): 1/2-1/2 {Draw by 3-fold repetition}
Started game 1236 of 40000 (ref-50fd965 vs cand-a771260)
Finished game 1225 (cand-a771260 vs ref-50fd965): 1-0 {White wins by adjudication}
Started game 1237 of 40000 (cand-a771260 vs ref-50fd965)
Finished game 1230 (ref-50fd965 vs cand-a771260): 0-1 {Black wins by adjudication}
Started game 1238 of 40000 (ref-50fd965 vs cand-a771260)
Finished game 1226 (ref-50fd965 vs cand-a771260): 1-0 {White wins by adjudication}
Started game 1239 of 40000 (cand-a771260 vs ref-50fd965)
Finished game 1231 (cand-a771260 vs ref-50fd965): 1-0 {White wins by adjudication}
Started game 1240 of 40000 (ref-50fd965 vs cand-a771260)
Finished game 1238 (ref-50fd965 vs cand-a771260): 0-1 {Black wins by adjudication}
Started game 1241 of 40000 (cand-a771260 vs ref-50fd965)
Finished game 1229 (cand-a771260 vs ref-50fd965): 1-0 {White wins by adjudication}
Started game 1242 of 40000 (ref-50fd965 vs cand-a771260)
Finished game 1236 (ref-50fd965 vs cand-a771260): 1-0 {White wins by adjudication}
Started game 1243 of 40000 (cand-a771260 vs ref-50fd965)
Finished game 1234 (ref-50fd965 vs cand-a771260): 1-0 {White wins by adjudication}
Started game 1244 of 40000 (ref-50fd965 vs cand-a771260)
Finished game 1237 (cand-a771260 vs ref-50fd965): 1-0 {White wins by adjudication}
Started game 1245 of 40000 (cand-a771260 vs ref-50fd965)
Finished game 1235 (cand-a771260 vs ref-50fd965): 0-1 {Black wins by adjudication}
Started game 1246 of 40000 (ref-50fd965 vs cand-a771260)
Finished game 1228 (ref-50fd965 vs cand-a771260): 1/2-1/2 {Draw by fifty moves rule}
Started game 1247 of 40000 (cand-a771260 vs ref-50fd965)
Finished game 1233 (cand-a771260 vs ref-50fd965): 1/2-1/2 {Draw by insufficient mating material}
Started game 1248 of 40000 (ref-50fd965 vs cand-a771260)
Finished game 1232 (ref-50fd965 vs cand-a771260): 1/2-1/2 {Draw by insufficient mating material}
Started game 1249 of 40000 (cand-a771260 vs ref-50fd965)
Finished game 1239 (cand-a771260 vs ref-50fd965): 0-1 {Black wins by adjudication}
Started game 1250 of 40000 (ref-50fd965 vs cand-a771260)
Finished game 1247 (cand-a771260 vs ref-50fd965): 1-0 {White wins by adjudication}
Started game 1251 of 40000 (cand-a771260 vs ref-50fd965)
Finished game 1242 (ref-50fd965 vs cand-a771260): 0-1 {Black wins by adjudication}
Started game 1252 of 40000 (ref-50fd965 vs cand-a771260)
Finished game 1243 (cand-a771260 vs ref-50fd965): 1-0 {White wins by adjudication}
Started game 1253 of 40000 (cand-a771260 vs ref-50fd965)
Finished game 1240 (ref-50fd965 vs cand-a771260): 0-1 {Black wins by adjudication}
--------------------------------------------------
Results of cand-a771260 vs ref-50fd965 (8+0.08, 1t, 16MB, noob_3moves.epd):
Elo: 27.28 +/- 14.71, nElo: 36.05 +/- 19.35
LOS: 99.99 %, DrawRatio: 34.41 %, PairsRatio: 1.43
Games: 1238, Wins: 436, Losses: 339, Draws: 463, Points: 667.5 (53.92 %)
Ptnml(0-2): [40, 127, 213, 174, 65], WL/DD Ratio: 1.63
LLR: 1.70 (57.7%) (-2.94, 2.94) [0.00, 5.00]
--------------------------------------------------
Started game 1254 of 40000 (ref-50fd965 vs cand-a771260)
Finished game 1241 (cand-a771260 vs ref-50fd965): 1-0 {White wins by adjudication}
Started game 1255 of 40000 (cand-a771260 vs ref-50fd965)
Finished game 1245 (cand-a771260 vs ref-50fd965): 0-1 {Black wins by adjudication}
Started game 1256 of 40000 (ref-50fd965 vs cand-a771260)
Finished game 1224 (ref-50fd965 vs cand-a771260): 1/2-1/2 {Draw by insufficient mating material}
Started game 1257 of 40000 (cand-a771260 vs ref-50fd965)
Finished game 1248 (ref-50fd965 vs cand-a771260): 1-0 {White wins by adjudication}
Started game 1258 of 40000 (ref-50fd965 vs cand-a771260)
Finished game 1244 (ref-50fd965 vs cand-a771260): 1/2-1/2 {Draw by adjudication}
Started game 1259 of 40000 (cand-a771260 vs ref-50fd965)
Finished game 1251 (cand-a771260 vs ref-50fd965): 0-1 {Black wins by adjudication}
Started game 1260 of 40000 (ref-50fd965 vs cand-a771260)
Finished game 1249 (cand-a771260 vs ref-50fd965): 1/2-1/2 {Draw by 3-fold repetition}
Started game 1261 of 40000 (cand-a771260 vs ref-50fd965)
Finished game 1253 (cand-a771260 vs ref-50fd965): 0-1 {Black wins by adjudication}
Started game 1262 of 40000 (ref-50fd965 vs cand-a771260)
Finished game 1252 (ref-50fd965 vs cand-a771260): 0-1 {Black wins by adjudication}
Started game 1263 of 40000 (cand-a771260 vs ref-50fd965)
Finished game 1246 (ref-50fd965 vs cand-a771260): 1/2-1/2 {Draw by fifty moves rule}
Started game 1264 of 40000 (ref-50fd965 vs cand-a771260)
Finished game 1255 (cand-a771260 vs ref-50fd965): 0-1 {Black wins by adjudication}
Started game 1265 of 40000 (cand-a771260 vs ref-50fd965)
Finished game 1259 (cand-a771260 vs ref-50fd965): 1-0 {White wins by adjudication}
Started game 1266 of 40000 (ref-50fd965 vs cand-a771260)
Finished game 1250 (ref-50fd965 vs cand-a771260): 1/2-1/2 {Draw by adjudication}
Started game 1267 of 40000 (cand-a771260 vs ref-50fd965)
Finished game 1254 (ref-50fd965 vs cand-a771260): 1/2-1/2 {Draw by adjudication}
Started game 1268 of 40000 (ref-50fd965 vs cand-a771260)
Finished game 1258 (ref-50fd965 vs cand-a771260): 0-1 {Black wins by adjudication}
Started game 1269 of 40000 (cand-a771260 vs ref-50fd965)
Finished game 1257 (cand-a771260 vs ref-50fd965): 1/2-1/2 {Draw by fifty moves rule}
Started game 1270 of 40000 (ref-50fd965 vs cand-a771260)
Finished game 1256 (ref-50fd965 vs cand-a771260): 0-1 {Black wins by adjudication}
Started game 1271 of 40000 (cand-a771260 vs ref-50fd965)
Finished game 1260 (ref-50fd965 vs cand-a771260): 1-0 {White wins by adjudication}
--------------------------------------------------
Results of cand-a771260 vs ref-50fd965 (8+0.08, 1t, 16MB, noob_3moves.epd):
Elo: 27.35 +/- 14.53, nElo: 36.28 +/- 19.18
LOS: 99.99 %, DrawRatio: 34.76 %, PairsRatio: 1.43
Games: 1260, Wins: 444, Losses: 345, Draws: 471, Points: 679.5 (53.93 %)
Ptnml(0-2): [40, 129, 219, 176, 66], WL/DD Ratio: 1.64
LLR: 1.74 (59.1%) (-2.94, 2.94) [0.00, 5.00]
--------------------------------------------------
Started game 1272 of 40000 (ref-50fd965 vs cand-a771260)
Finished game 1266 (ref-50fd965 vs cand-a771260): 0-1 {Black wins by adjudication}
Started game 1273 of 40000 (cand-a771260 vs ref-50fd965)
Finished game 1265 (cand-a771260 vs ref-50fd965): 0-1 {Black wins by adjudication}
Started game 1274 of 40000 (ref-50fd965 vs cand-a771260)
Finished game 1263 (cand-a771260 vs ref-50fd965): 1-0 {White wins by adjudication}
Started game 1275 of 40000 (cand-a771260 vs ref-50fd965)
Finished game 1261 (cand-a771260 vs ref-50fd965): 0-1 {Black wins by adjudication}
Started game 1276 of 40000 (ref-50fd965 vs cand-a771260)
Finished game 1264 (ref-50fd965 vs cand-a771260): 1-0 {White wins by adjudication}
Started game 1277 of 40000 (cand-a771260 vs ref-50fd965)
Finished game 1267 (cand-a771260 vs ref-50fd965): 0-1 {Black wins by adjudication}
Started game 1278 of 40000 (ref-50fd965 vs cand-a771260)
Finished game 1262 (ref-50fd965 vs cand-a771260): 1/2-1/2 {Draw by 3-fold repetition}
Started game 1279 of 40000 (cand-a771260 vs ref-50fd965)
Finished game 1268 (ref-50fd965 vs cand-a771260): 1/2-1/2 {Draw by 3-fold repetition}
Started game 1280 of 40000 (ref-50fd965 vs cand-a771260)
Finished game 1270 (ref-50fd965 vs cand-a771260): 1-0 {White wins by adjudication}
Started game 1281 of 40000 (cand-a771260 vs ref-50fd965)
Finished game 1271 (cand-a771260 vs ref-50fd965): 0-1 {Black wins by adjudication}
Started game 1282 of 40000 (ref-50fd965 vs cand-a771260)
Finished game 1275 (cand-a771260 vs ref-50fd965): 1-0 {White wins by adjudication}
Started game 1283 of 40000 (cand-a771260 vs ref-50fd965)
Finished game 1274 (ref-50fd965 vs cand-a771260): 1-0 {White wins by adjudication}
Started game 1284 of 40000 (ref-50fd965 vs cand-a771260)
Finished game 1273 (cand-a771260 vs ref-50fd965): 1-0 {White wins by adjudication}
Started game 1285 of 40000 (cand-a771260 vs ref-50fd965)
Finished game 1272 (ref-50fd965 vs cand-a771260): 1/2-1/2 {Draw by fifty moves rule}
Started game 1286 of 40000 (ref-50fd965 vs cand-a771260)
Finished game 1281 (cand-a771260 vs ref-50fd965): 1/2-1/2 {Draw by 3-fold repetition}
Started game 1287 of 40000 (cand-a771260 vs ref-50fd965)
Finished game 1277 (cand-a771260 vs ref-50fd965): 1-0 {White wins by adjudication}
Started game 1288 of 40000 (ref-50fd965 vs cand-a771260)
Finished game 1278 (ref-50fd965 vs cand-a771260): 1-0 {White wins by adjudication}
Started game 1289 of 40000 (cand-a771260 vs ref-50fd965)
Finished game 1280 (ref-50fd965 vs cand-a771260): 1-0 {White wins by adjudication}
Started game 1290 of 40000 (ref-50fd965 vs cand-a771260)
Finished game 1269 (cand-a771260 vs ref-50fd965): 1/2-1/2 {Draw by fifty moves rule}
Started game 1291 of 40000 (cand-a771260 vs ref-50fd965)
Finished game 1282 (ref-50fd965 vs cand-a771260): 0-1 {Black wins by adjudication}
Started game 1292 of 40000 (ref-50fd965 vs cand-a771260)
Finished game 1279 (cand-a771260 vs ref-50fd965): 1-0 {White wins by adjudication}
--------------------------------------------------
Results of cand-a771260 vs ref-50fd965 (8+0.08, 1t, 16MB, noob_3moves.epd):
Elo: 26.11 +/- 14.36, nElo: 34.75 +/- 19.03
LOS: 99.98 %, DrawRatio: 35.00 %, PairsRatio: 1.40
Games: 1280, Wins: 450, Losses: 354, Draws: 476, Points: 688.0 (53.75 %)
Ptnml(0-2): [40, 133, 224, 177, 66], WL/DD Ratio: 1.70
LLR: 1.69 (57.4%) (-2.94, 2.94) [0.00, 5.00]
--------------------------------------------------
Started game 1293 of 40000 (cand-a771260 vs ref-50fd965)
Finished game 1283 (cand-a771260 vs ref-50fd965): 0-1 {Black wins by adjudication}
Started game 1294 of 40000 (ref-50fd965 vs cand-a771260)
Finished game 1276 (ref-50fd965 vs cand-a771260): 1/2-1/2 {Draw by insufficient mating material}
Started game 1295 of 40000 (cand-a771260 vs ref-50fd965)
Finished game 1284 (ref-50fd965 vs cand-a771260): 1/2-1/2 {Draw by adjudication}
Started game 1296 of 40000 (ref-50fd965 vs cand-a771260)
Finished game 1285 (cand-a771260 vs ref-50fd965): 0-1 {Black wins by adjudication}
Started game 1297 of 40000 (cand-a771260 vs ref-50fd965)
Finished game 1286 (ref-50fd965 vs cand-a771260): 1-0 {White wins by adjudication}
Started game 1298 of 40000 (ref-50fd965 vs cand-a771260)
Finished game 1290 (ref-50fd965 vs cand-a771260): 1-0 {White wins by adjudication}
Started game 1299 of 40000 (cand-a771260 vs ref-50fd965)
Finished game 1293 (cand-a771260 vs ref-50fd965): 1-0 {White wins by adjudication}
Started game 1300 of 40000 (ref-50fd965 vs cand-a771260)
Finished game 1294 (ref-50fd965 vs cand-a771260): 0-1 {Black wins by adjudication}
Started game 1301 of 40000 (cand-a771260 vs ref-50fd965)
Finished game 1288 (ref-50fd965 vs cand-a771260): 1-0 {White wins by adjudication}
Started game 1302 of 40000 (ref-50fd965 vs cand-a771260)
Finished game 1289 (cand-a771260 vs ref-50fd965): 0-1 {Black wins by adjudication}
Started game 1303 of 40000 (cand-a771260 vs ref-50fd965)
Finished game 1295 (cand-a771260 vs ref-50fd965): 1-0 {White wins by adjudication}
Started game 1304 of 40000 (ref-50fd965 vs cand-a771260)
Finished game 1287 (cand-a771260 vs ref-50fd965): 1/2-1/2 {Draw by adjudication}
Started game 1305 of 40000 (cand-a771260 vs ref-50fd965)
Finished game 1291 (cand-a771260 vs ref-50fd965): 0-1 {Black wins by adjudication}
Started game 1306 of 40000 (ref-50fd965 vs cand-a771260)
Finished game 1292 (ref-50fd965 vs cand-a771260): 1/2-1/2 {Draw by adjudication}
Started game 1307 of 40000 (cand-a771260 vs ref-50fd965)
Finished game 1297 (cand-a771260 vs ref-50fd965): 1-0 {White wins by adjudication}
Started game 1308 of 40000 (ref-50fd965 vs cand-a771260)
Finished game 1300 (ref-50fd965 vs cand-a771260): 1-0 {White wins by adjudication}
Started game 1309 of 40000 (cand-a771260 vs ref-50fd965)
Finished game 1298 (ref-50fd965 vs cand-a771260): 0-1 {Black wins by adjudication}
Started game 1310 of 40000 (ref-50fd965 vs cand-a771260)
Finished game 1302 (ref-50fd965 vs cand-a771260): 1/2-1/2 {Draw by 3-fold repetition}
Started game 1311 of 40000 (cand-a771260 vs ref-50fd965)
Finished game 1305 (cand-a771260 vs ref-50fd965): 1/2-1/2 {Draw by 3-fold repetition}
Started game 1312 of 40000 (ref-50fd965 vs cand-a771260)
Finished game 1296 (ref-50fd965 vs cand-a771260): 1/2-1/2 {Draw by adjudication}
Started game 1313 of 40000 (cand-a771260 vs ref-50fd965)
Finished game 1306 (ref-50fd965 vs cand-a771260): 0-1 {Black wins by adjudication}
Started game 1314 of 40000 (ref-50fd965 vs cand-a771260)
Finished game 1301 (cand-a771260 vs ref-50fd965): 1/2-1/2 {Draw by insufficient mating material}
Started game 1315 of 40000 (cand-a771260 vs ref-50fd965)
Finished game 1303 (cand-a771260 vs ref-50fd965): 1/2-1/2 {Draw by 3-fold repetition}
Started game 1316 of 40000 (ref-50fd965 vs cand-a771260)
Finished game 1307 (cand-a771260 vs ref-50fd965): 1-0 {White wins by adjudication}
Started game 1317 of 40000 (cand-a771260 vs ref-50fd965)
Finished game 1304 (ref-50fd965 vs cand-a771260): 0-1 {Black wins by adjudication}
Started game 1318 of 40000 (ref-50fd965 vs cand-a771260)
Finished game 1309 (cand-a771260 vs ref-50fd965): 1-0 {White wins by adjudication}
Started game 1319 of 40000 (cand-a771260 vs ref-50fd965)
Finished game 1299 (cand-a771260 vs ref-50fd965): 1/2-1/2 {Draw by fifty moves rule}
--------------------------------------------------
Results of cand-a771260 vs ref-50fd965 (8+0.08, 1t, 16MB, noob_3moves.epd):
Elo: 25.59 +/- 14.31, nElo: 33.84 +/- 18.84
LOS: 99.98 %, DrawRatio: 34.46 %, PairsRatio: 1.39
Games: 1306, Wins: 458, Losses: 362, Draws: 486, Points: 701.0 (53.68 %)
Ptnml(0-2): [42, 137, 225, 181, 68], WL/DD Ratio: 1.68
LLR: 1.68 (57.0%) (-2.94, 2.94) [0.00, 5.00]
--------------------------------------------------
Started game 1320 of 40000 (ref-50fd965 vs cand-a771260)
Finished game 1312 (ref-50fd965 vs cand-a771260): 1-0 {White wins by adjudication}
Started game 1321 of 40000 (cand-a771260 vs ref-50fd965)
Finished game 1313 (cand-a771260 vs ref-50fd965): 1/2-1/2 {Draw by 3-fold repetition}
Started game 1322 of 40000 (ref-50fd965 vs cand-a771260)
Finished game 1315 (cand-a771260 vs ref-50fd965): 0-1 {Black wins by adjudication}
Started game 1323 of 40000 (cand-a771260 vs ref-50fd965)
Finished game 1308 (ref-50fd965 vs cand-a771260): 1-0 {White wins by adjudication}
Started game 1324 of 40000 (ref-50fd965 vs cand-a771260)
Finished game 1314 (ref-50fd965 vs cand-a771260): 1/2-1/2 {Draw by 3-fold repetition}
Started game 1325 of 40000 (cand-a771260 vs ref-50fd965)
Finished game 1311 (cand-a771260 vs ref-50fd965): 1/2-1/2 {Draw by 3-fold repetition}
Started game 1326 of 40000 (ref-50fd965 vs cand-a771260)
Finished game 1318 (ref-50fd965 vs cand-a771260): 0-1 {Black wins by adjudication}
Started game 1327 of 40000 (cand-a771260 vs ref-50fd965)
Finished game 1319 (cand-a771260 vs ref-50fd965): 1-0 {White wins by adjudication}
Started game 1328 of 40000 (ref-50fd965 vs cand-a771260)
Finished game 1310 (ref-50fd965 vs cand-a771260): 1/2-1/2 {Draw by adjudication}
Started game 1329 of 40000 (cand-a771260 vs ref-50fd965)
Finished game 1316 (ref-50fd965 vs cand-a771260): 1/2-1/2 {Draw by 3-fold repetition}
Started game 1330 of 40000 (ref-50fd965 vs cand-a771260)
Finished game 1317 (cand-a771260 vs ref-50fd965): 1-0 {White wins by adjudication}
Started game 1331 of 40000 (cand-a771260 vs ref-50fd965)
Finished game 1322 (ref-50fd965 vs cand-a771260): 1/2-1/2 {Draw by 3-fold repetition}
Started game 1332 of 40000 (ref-50fd965 vs cand-a771260)
Finished game 1323 (cand-a771260 vs ref-50fd965): 0-1 {Black wins by adjudication}
Started game 1333 of 40000 (cand-a771260 vs ref-50fd965)
Finished game 1324 (ref-50fd965 vs cand-a771260): 1-0 {White wins by adjudication}
Started game 1334 of 40000 (ref-50fd965 vs cand-a771260)
Finished game 1321 (cand-a771260 vs ref-50fd965): 1/2-1/2 {Draw by insufficient mating material}
Started game 1335 of 40000 (cand-a771260 vs ref-50fd965)
Finished game 1329 (cand-a771260 vs ref-50fd965): 1/2-1/2 {Draw by adjudication}
Started game 1336 of 40000 (ref-50fd965 vs cand-a771260)
Finished game 1326 (ref-50fd965 vs cand-a771260): 0-1 {Black wins by adjudication}
Started game 1337 of 40000 (cand-a771260 vs ref-50fd965)
Finished game 1320 (ref-50fd965 vs cand-a771260): 1/2-1/2 {Draw by fifty moves rule}
--------------------------------------------------
Results of cand-a771260 vs ref-50fd965 (8+0.08, 1t, 16MB, noob_3moves.epd):
Elo: 25.24 +/- 14.23, nElo: 33.34 +/- 18.71
LOS: 99.98 %, DrawRatio: 34.44 %, PairsRatio: 1.38
Games: 1324, Wins: 463, Losses: 367, Draws: 494, Points: 710.0 (53.63 %)
Ptnml(0-2): [43, 139, 228, 183, 69], WL/DD Ratio: 1.65
LLR: 1.67 (56.8%) (-2.94, 2.94) [0.00, 5.00]
--------------------------------------------------
Started game 1338 of 40000 (ref-50fd965 vs cand-a771260)
Finished game 1327 (cand-a771260 vs ref-50fd965): 0-1 {Black wins by adjudication}
Started game 1339 of 40000 (cand-a771260 vs ref-50fd965)
Finished game 1328 (ref-50fd965 vs cand-a771260): 0-1 {Black wins by adjudication}
Started game 1340 of 40000 (ref-50fd965 vs cand-a771260)
Finished game 1325 (cand-a771260 vs ref-50fd965): 0-1 {Black wins by adjudication}
Started game 1341 of 40000 (cand-a771260 vs ref-50fd965)
Finished game 1331 (cand-a771260 vs ref-50fd965): 1-0 {White wins by adjudication}
Started game 1342 of 40000 (ref-50fd965 vs cand-a771260)
Finished game 1333 (cand-a771260 vs ref-50fd965): 1/2-1/2 {Draw by insufficient mating material}
Started game 1343 of 40000 (cand-a771260 vs ref-50fd965)
Finished game 1330 (ref-50fd965 vs cand-a771260): 1/2-1/2 {Draw by insufficient mating material}
Started game 1344 of 40000 (ref-50fd965 vs cand-a771260)
Finished game 1332 (ref-50fd965 vs cand-a771260): 1-0 {White wins by adjudication}
Started game 1345 of 40000 (cand-a771260 vs ref-50fd965)
Finished game 1335 (cand-a771260 vs ref-50fd965): 0-1 {Black wins by adjudication}
Started game 1346 of 40000 (ref-50fd965 vs cand-a771260)
Finished game 1334 (ref-50fd965 vs cand-a771260): 1/2-1/2 {Draw by 3-fold repetition}
Started game 1347 of 40000 (cand-a771260 vs ref-50fd965)
Finished game 1336 (ref-50fd965 vs cand-a771260): 0-1 {Black wins by adjudication}
Started game 1348 of 40000 (ref-50fd965 vs cand-a771260)
Finished game 1338 (ref-50fd965 vs cand-a771260): 0-1 {Black wins by adjudication}
Started game 1349 of 40000 (cand-a771260 vs ref-50fd965)
Finished game 1337 (cand-a771260 vs ref-50fd965): 0-1 {Black wins by adjudication}
Started game 1350 of 40000 (ref-50fd965 vs cand-a771260)
Finished game 1339 (cand-a771260 vs ref-50fd965): 1/2-1/2 {Draw by 3-fold repetition}
Started game 1351 of 40000 (cand-a771260 vs ref-50fd965)
Finished game 1343 (cand-a771260 vs ref-50fd965): 1-0 {White wins by adjudication}
Started game 1352 of 40000 (ref-50fd965 vs cand-a771260)
Finished game 1340 (ref-50fd965 vs cand-a771260): 1/2-1/2 {Draw by adjudication}
--------------------------------------------------
Results of cand-a771260 vs ref-50fd965 (8+0.08, 1t, 16MB, noob_3moves.epd):
Elo: 24.93 +/- 14.05, nElo: 33.13 +/- 18.60
LOS: 99.98 %, DrawRatio: 35.22 %, PairsRatio: 1.38
Games: 1340, Wins: 468, Losses: 372, Draws: 500, Points: 718.0 (53.58 %)
Ptnml(0-2): [43, 139, 236, 183, 69], WL/DD Ratio: 1.65
LLR: 1.68 (57.2%) (-2.94, 2.94) [0.00, 5.00]
--------------------------------------------------
Started game 1353 of 40000 (cand-a771260 vs ref-50fd965)
Finished game 1341 (cand-a771260 vs ref-50fd965): 1-0 {White wins by adjudication}
Started game 1354 of 40000 (ref-50fd965 vs cand-a771260)
Finished game 1346 (ref-50fd965 vs cand-a771260): 1-0 {White wins by adjudication}
Started game 1355 of 40000 (cand-a771260 vs ref-50fd965)
Finished game 1344 (ref-50fd965 vs cand-a771260): 0-1 {Black wins by adjudication}
Started game 1356 of 40000 (ref-50fd965 vs cand-a771260)
Finished game 1350 (ref-50fd965 vs cand-a771260): 1/2-1/2 {Draw by 3-fold repetition}
Started game 1357 of 40000 (cand-a771260 vs ref-50fd965)
Finished game 1342 (ref-50fd965 vs cand-a771260): 1/2-1/2 {Draw by adjudication}
Started game 1358 of 40000 (ref-50fd965 vs cand-a771260)
Finished game 1345 (cand-a771260 vs ref-50fd965): 1-0 {White wins by adjudication}
Started game 1359 of 40000 (cand-a771260 vs ref-50fd965)
Finished game 1353 (cand-a771260 vs ref-50fd965): 1/2-1/2 {Draw by 3-fold repetition}
Started game 1360 of 40000 (ref-50fd965 vs cand-a771260)
Finished game 1347 (cand-a771260 vs ref-50fd965): 1/2-1/2 {Draw by 3-fold repetition}
Started game 1361 of 40000 (cand-a771260 vs ref-50fd965)
Finished game 1349 (cand-a771260 vs ref-50fd965): 1-0 {White wins by adjudication}
Started game 1362 of 40000 (ref-50fd965 vs cand-a771260)
Finished game 1352 (ref-50fd965 vs cand-a771260): 1-0 {White wins by adjudication}
Started game 1363 of 40000 (cand-a771260 vs ref-50fd965)
Finished game 1354 (ref-50fd965 vs cand-a771260): 0-1 {Black wins by adjudication}
Started game 1364 of 40000 (ref-50fd965 vs cand-a771260)
Finished game 1351 (cand-a771260 vs ref-50fd965): 1-0 {White wins by adjudication}
Started game 1365 of 40000 (cand-a771260 vs ref-50fd965)
Finished game 1357 (cand-a771260 vs ref-50fd965): 1-0 {White wins by adjudication}
Started game 1366 of 40000 (ref-50fd965 vs cand-a771260)
Finished game 1355 (cand-a771260 vs ref-50fd965): 0-1 {Black wins by adjudication}
Started game 1367 of 40000 (cand-a771260 vs ref-50fd965)
Finished game 1356 (ref-50fd965 vs cand-a771260): 0-1 {Black wins by adjudication}
Started game 1368 of 40000 (ref-50fd965 vs cand-a771260)
Finished game 1348 (ref-50fd965 vs cand-a771260): 1/2-1/2 {Draw by fifty moves rule}
Started game 1369 of 40000 (cand-a771260 vs ref-50fd965)
Finished game 1360 (ref-50fd965 vs cand-a771260): 0-1 {Black wins by adjudication}
Started game 1370 of 40000 (ref-50fd965 vs cand-a771260)
Finished game 1358 (ref-50fd965 vs cand-a771260): 1/2-1/2 {Draw by 3-fold repetition}
Started game 1371 of 40000 (cand-a771260 vs ref-50fd965)
Finished game 1361 (cand-a771260 vs ref-50fd965): 1/2-1/2 {Draw by adjudication}
Started game 1372 of 40000 (ref-50fd965 vs cand-a771260)
Finished game 1362 (ref-50fd965 vs cand-a771260): 1/2-1/2 {Draw by 3-fold repetition}
Started game 1373 of 40000 (cand-a771260 vs ref-50fd965)
Finished game 1364 (ref-50fd965 vs cand-a771260): 1-0 {White wins by adjudication}
Started game 1374 of 40000 (ref-50fd965 vs cand-a771260)
Finished game 1363 (cand-a771260 vs ref-50fd965): 1/2-1/2 {Draw by insufficient mating material}
Started game 1375 of 40000 (cand-a771260 vs ref-50fd965)
Finished game 1367 (cand-a771260 vs ref-50fd965): 1-0 {White wins by adjudication}
Started game 1376 of 40000 (ref-50fd965 vs cand-a771260)
Finished game 1359 (cand-a771260 vs ref-50fd965): 1/2-1/2 {Draw by fifty moves rule}
--------------------------------------------------
Results of cand-a771260 vs ref-50fd965 (8+0.08, 1t, 16MB, noob_3moves.epd):
Elo: 26.03 +/- 13.89, nElo: 34.70 +/- 18.44
LOS: 99.99 %, DrawRatio: 35.34 %, PairsRatio: 1.41
Games: 1364, Wins: 478, Losses: 376, Draws: 510, Points: 733.0 (53.74 %)
Ptnml(0-2): [43, 140, 241, 188, 70], WL/DD Ratio: 1.65
LLR: 1.80 (61.1%) (-2.94, 2.94) [0.00, 5.00]
--------------------------------------------------
Started game 1377 of 40000 (cand-a771260 vs ref-50fd965)
Finished game 1368 (ref-50fd965 vs cand-a771260): 1-0 {White wins by adjudication}
Started game 1378 of 40000 (ref-50fd965 vs cand-a771260)
Finished game 1374 (ref-50fd965 vs cand-a771260): 1-0 {White wins by adjudication}
Started game 1379 of 40000 (cand-a771260 vs ref-50fd965)
Finished game 1370 (ref-50fd965 vs cand-a771260): 0-1 {Black wins by adjudication}
Started game 1380 of 40000 (ref-50fd965 vs cand-a771260)
Finished game 1369 (cand-a771260 vs ref-50fd965): 0-1 {Black wins by adjudication}
Started game 1381 of 40000 (cand-a771260 vs ref-50fd965)
Finished game 1371 (cand-a771260 vs ref-50fd965): 1/2-1/2 {Draw by 3-fold repetition}
Started game 1382 of 40000 (ref-50fd965 vs cand-a771260)
Finished game 1372 (ref-50fd965 vs cand-a771260): 1/2-1/2 {Draw by 3-fold repetition}
Started game 1383 of 40000 (cand-a771260 vs ref-50fd965)
Finished game 1373 (cand-a771260 vs ref-50fd965): 0-1 {Black wins by adjudication}
Started game 1384 of 40000 (ref-50fd965 vs cand-a771260)
Finished game 1366 (ref-50fd965 vs cand-a771260): 1/2-1/2 {Draw by insufficient mating material}
Started game 1385 of 40000 (cand-a771260 vs ref-50fd965)
Finished game 1380 (ref-50fd965 vs cand-a771260): 1-0 {White wins by adjudication}
Started game 1386 of 40000 (ref-50fd965 vs cand-a771260)
Finished game 1376 (ref-50fd965 vs cand-a771260): 1/2-1/2 {Draw by 3-fold repetition}
Started game 1387 of 40000 (cand-a771260 vs ref-50fd965)
Finished game 1375 (cand-a771260 vs ref-50fd965): 1-0 {White wins by adjudication}
Started game 1388 of 40000 (ref-50fd965 vs cand-a771260)
Finished game 1379 (cand-a771260 vs ref-50fd965): 1/2-1/2 {Draw by 3-fold repetition}
--------------------------------------------------
Results of cand-a771260 vs ref-50fd965 (8+0.08, 1t, 16MB, noob_3moves.epd):
Elo: 25.29 +/- 13.83, nElo: 33.72 +/- 18.36
LOS: 99.98 %, DrawRatio: 35.47 %, PairsRatio: 1.40
Games: 1376, Wins: 481, Losses: 381, Draws: 514, Points: 738.0 (53.63 %)
Ptnml(0-2): [44, 141, 244, 189, 70], WL/DD Ratio: 1.65
LLR: 1.76 (59.8%) (-2.94, 2.94) [0.00, 5.00]
--------------------------------------------------
Started game 1389 of 40000 (cand-a771260 vs ref-50fd965)
Finished game 1383 (cand-a771260 vs ref-50fd965): 1-0 {White wins by adjudication}
Started game 1390 of 40000 (ref-50fd965 vs cand-a771260)
Finished game 1377 (cand-a771260 vs ref-50fd965): 0-1 {Black wins by adjudication}
Started game 1391 of 40000 (cand-a771260 vs ref-50fd965)
Finished game 1365 (cand-a771260 vs ref-50fd965): 1/2-1/2 {Draw by insufficient mating material}
Started game 1392 of 40000 (ref-50fd965 vs cand-a771260)
Finished game 1378 (ref-50fd965 vs cand-a771260): 0-1 {Black wins by adjudication}
Started game 1393 of 40000 (cand-a771260 vs ref-50fd965)
Finished game 1381 (cand-a771260 vs ref-50fd965): 1-0 {White wins by adjudication}
Started game 1394 of 40000 (ref-50fd965 vs cand-a771260)
Finished game 1382 (ref-50fd965 vs cand-a771260): 1-0 {White wins by adjudication}
Started game 1395 of 40000 (cand-a771260 vs ref-50fd965)
Finished game 1385 (cand-a771260 vs ref-50fd965): 1/2-1/2 {Draw by 3-fold repetition}
Started game 1396 of 40000 (ref-50fd965 vs cand-a771260)
Finished game 1384 (ref-50fd965 vs cand-a771260): 1/2-1/2 {Draw by insufficient mating material}
Started game 1397 of 40000 (cand-a771260 vs ref-50fd965)
Finished game 1388 (ref-50fd965 vs cand-a771260): 0-1 {Black wins by adjudication}
Started game 1398 of 40000 (ref-50fd965 vs cand-a771260)
Finished game 1386 (ref-50fd965 vs cand-a771260): 1-0 {White wins by adjudication}
Started game 1399 of 40000 (cand-a771260 vs ref-50fd965)
Finished game 1389 (cand-a771260 vs ref-50fd965): 1-0 {White wins by adjudication}
Started game 1400 of 40000 (ref-50fd965 vs cand-a771260)
Finished game 1387 (cand-a771260 vs ref-50fd965): 1/2-1/2 {Draw by insufficient mating material}
Started game 1401 of 40000 (cand-a771260 vs ref-50fd965)
Finished game 1390 (ref-50fd965 vs cand-a771260): 1/2-1/2 {Draw by 3-fold repetition}
Started game 1402 of 40000 (ref-50fd965 vs cand-a771260)
Finished game 1394 (ref-50fd965 vs cand-a771260): 0-1 {Black wins by adjudication}
Started game 1403 of 40000 (cand-a771260 vs ref-50fd965)
Finished game 1396 (ref-50fd965 vs cand-a771260): 1-0 {White wins by adjudication}
Started game 1404 of 40000 (ref-50fd965 vs cand-a771260)
Finished game 1393 (cand-a771260 vs ref-50fd965): 0-1 {Black wins by adjudication}
Started game 1405 of 40000 (cand-a771260 vs ref-50fd965)
Finished game 1391 (cand-a771260 vs ref-50fd965): 1/2-1/2 {Draw by 3-fold repetition}
Started game 1406 of 40000 (ref-50fd965 vs cand-a771260)
Finished game 1397 (cand-a771260 vs ref-50fd965): 1-0 {White wins by adjudication}
Started game 1407 of 40000 (cand-a771260 vs ref-50fd965)
Finished game 1392 (ref-50fd965 vs cand-a771260): 1/2-1/2 {Draw by 3-fold repetition}
Started game 1408 of 40000 (ref-50fd965 vs cand-a771260)
Finished game 1395 (cand-a771260 vs ref-50fd965): 1/2-1/2 {Draw by 3-fold repetition}
Started game 1409 of 40000 (cand-a771260 vs ref-50fd965)
Finished game 1398 (ref-50fd965 vs cand-a771260): 1-0 {White wins by adjudication}
Started game 1410 of 40000 (ref-50fd965 vs cand-a771260)
Finished game 1399 (cand-a771260 vs ref-50fd965): 1/2-1/2 {Draw by insufficient mating material}
Started game 1411 of 40000 (cand-a771260 vs ref-50fd965)
Finished game 1402 (ref-50fd965 vs cand-a771260): 0-1 {Black wins by adjudication}
Started game 1412 of 40000 (ref-50fd965 vs cand-a771260)
Finished game 1400 (ref-50fd965 vs cand-a771260): 1-0 {White wins by adjudication}
--------------------------------------------------
Results of cand-a771260 vs ref-50fd965 (8+0.08, 1t, 16MB, noob_3moves.epd):
Elo: 24.86 +/- 13.64, nElo: 33.30 +/- 18.20
LOS: 99.98 %, DrawRatio: 35.71 %, PairsRatio: 1.39
Games: 1400, Wins: 488, Losses: 388, Draws: 524, Points: 750.0 (53.57 %)
Ptnml(0-2): [44, 144, 250, 192, 70], WL/DD Ratio: 1.66
LLR: 1.77 (60.0%) (-2.94, 2.94) [0.00, 5.00]
--------------------------------------------------
Started game 1413 of 40000 (cand-a771260 vs ref-50fd965)
Finished game 1403 (cand-a771260 vs ref-50fd965): 1-0 {White wins by adjudication}
Started game 1414 of 40000 (ref-50fd965 vs cand-a771260)
Finished game 1401 (cand-a771260 vs ref-50fd965): 0-1 {Black wins by adjudication}
Started game 1415 of 40000 (cand-a771260 vs ref-50fd965)
Finished game 1407 (cand-a771260 vs ref-50fd965): 0-1 {Black wins by adjudication}
Started game 1416 of 40000 (ref-50fd965 vs cand-a771260)
Finished game 1405 (cand-a771260 vs ref-50fd965): 1/2-1/2 {Draw by 3-fold repetition}
Started game 1417 of 40000 (cand-a771260 vs ref-50fd965)
Finished game 1408 (ref-50fd965 vs cand-a771260): 0-1 {Black wins by adjudication}
Started game 1418 of 40000 (ref-50fd965 vs cand-a771260)
Finished game 1413 (cand-a771260 vs ref-50fd965): 1/2-1/2 {Draw by 3-fold repetition}
Started game 1419 of 40000 (cand-a771260 vs ref-50fd965)
Finished game 1404 (ref-50fd965 vs cand-a771260): 1-0 {White wins by adjudication}
Started game 1420 of 40000 (ref-50fd965 vs cand-a771260)
Finished game 1412 (ref-50fd965 vs cand-a771260): 0-1 {Black wins by adjudication}
Started game 1421 of 40000 (cand-a771260 vs ref-50fd965)
Finished game 1410 (ref-50fd965 vs cand-a771260): 0-1 {Black wins by adjudication}
Started game 1422 of 40000 (ref-50fd965 vs cand-a771260)
Finished game 1411 (cand-a771260 vs ref-50fd965): 0-1 {Black wins by adjudication}
Started game 1423 of 40000 (cand-a771260 vs ref-50fd965)
Finished game 1406 (ref-50fd965 vs cand-a771260): 1/2-1/2 {Draw by adjudication}
Started game 1424 of 40000 (ref-50fd965 vs cand-a771260)
Finished game 1409 (cand-a771260 vs ref-50fd965): 1/2-1/2 {Draw by adjudication}
Started game 1425 of 40000 (cand-a771260 vs ref-50fd965)
Finished game 1414 (ref-50fd965 vs cand-a771260): 0-1 {Black wins by adjudication}
Started game 1426 of 40000 (ref-50fd965 vs cand-a771260)
Finished game 1420 (ref-50fd965 vs cand-a771260): 0-1 {Black wins by adjudication}
Started game 1427 of 40000 (cand-a771260 vs ref-50fd965)
Finished game 1416 (ref-50fd965 vs cand-a771260): 1/2-1/2 {Draw by 3-fold repetition}
Started game 1428 of 40000 (ref-50fd965 vs cand-a771260)
Finished game 1419 (cand-a771260 vs ref-50fd965): 1/2-1/2 {Draw by 3-fold repetition}
--------------------------------------------------
Results of cand-a771260 vs ref-50fd965 (8+0.08, 1t, 16MB, noob_3moves.epd):
Elo: 25.32 +/- 13.51, nElo: 34.05 +/- 18.10
LOS: 99.99 %, DrawRatio: 36.02 %, PairsRatio: 1.41
Games: 1416, Wins: 495, Losses: 392, Draws: 529, Points: 759.5 (53.64 %)
Ptnml(0-2): [44, 144, 255, 195, 70], WL/DD Ratio: 1.68
LLR: 1.83 (62.1%) (-2.94, 2.94) [0.00, 5.00]
--------------------------------------------------
Started game 1429 of 40000 (cand-a771260 vs ref-50fd965)
Finished game 1417 (cand-a771260 vs ref-50fd965): 1-0 {White wins by adjudication}
Started game 1430 of 40000 (ref-50fd965 vs cand-a771260)
Finished game 1423 (cand-a771260 vs ref-50fd965): 1-0 {White wins by adjudication}
Started game 1431 of 40000 (cand-a771260 vs ref-50fd965)
Finished game 1424 (ref-50fd965 vs cand-a771260): 1-0 {White wins by adjudication}
Started game 1432 of 40000 (ref-50fd965 vs cand-a771260)
Finished game 1418 (ref-50fd965 vs cand-a771260): 1/2-1/2 {Draw by 3-fold repetition}
Started game 1433 of 40000 (cand-a771260 vs ref-50fd965)
Finished game 1415 (cand-a771260 vs ref-50fd965): 0-1 {Black wins by adjudication}
Started game 1434 of 40000 (ref-50fd965 vs cand-a771260)
Finished game 1421 (cand-a771260 vs ref-50fd965): 1/2-1/2 {Draw by insufficient mating material}
Started game 1435 of 40000 (cand-a771260 vs ref-50fd965)
Finished game 1422 (ref-50fd965 vs cand-a771260): 1/2-1/2 {Draw by insufficient mating material}
Started game 1436 of 40000 (ref-50fd965 vs cand-a771260)
Finished game 1427 (cand-a771260 vs ref-50fd965): 1-0 {White wins by adjudication}
Started game 1437 of 40000 (cand-a771260 vs ref-50fd965)
Finished game 1425 (cand-a771260 vs ref-50fd965): 1/2-1/2 {Draw by 3-fold repetition}
Started game 1438 of 40000 (ref-50fd965 vs cand-a771260)
Finished game 1426 (ref-50fd965 vs cand-a771260): 1/2-1/2 {Draw by 3-fold repetition}
Started game 1439 of 40000 (cand-a771260 vs ref-50fd965)
Finished game 1430 (ref-50fd965 vs cand-a771260): 0-1 {Black wins by adjudication}
Started game 1440 of 40000 (ref-50fd965 vs cand-a771260)
Finished game 1429 (cand-a771260 vs ref-50fd965): 0-1 {Black wins by adjudication}
Started game 1441 of 40000 (cand-a771260 vs ref-50fd965)
Finished game 1435 (cand-a771260 vs ref-50fd965): 1-0 {White wins by adjudication}
Started game 1442 of 40000 (ref-50fd965 vs cand-a771260)
Finished game 1428 (ref-50fd965 vs cand-a771260): 1-0 {White wins by adjudication}
Started game 1443 of 40000 (cand-a771260 vs ref-50fd965)
Finished game 1433 (cand-a771260 vs ref-50fd965): 1-0 {White wins by adjudication}
Started game 1444 of 40000 (ref-50fd965 vs cand-a771260)
Finished game 1431 (cand-a771260 vs ref-50fd965): 1/2-1/2 {Draw by adjudication}
Started game 1445 of 40000 (cand-a771260 vs ref-50fd965)
Finished game 1437 (cand-a771260 vs ref-50fd965): 1-0 {White wins by adjudication}
Started game 1446 of 40000 (ref-50fd965 vs cand-a771260)
Finished game 1434 (ref-50fd965 vs cand-a771260): 1-0 {White wins by adjudication}
Started game 1447 of 40000 (cand-a771260 vs ref-50fd965)
Finished game 1438 (ref-50fd965 vs cand-a771260): 1-0 {White wins by adjudication}
Started game 1448 of 40000 (ref-50fd965 vs cand-a771260)
Finished game 1432 (ref-50fd965 vs cand-a771260): 1/2-1/2 {Draw by 3-fold repetition}
Started game 1449 of 40000 (cand-a771260 vs ref-50fd965)
Finished game 1436 (ref-50fd965 vs cand-a771260): 1/2-1/2 {Draw by 3-fold repetition}
Started game 1450 of 40000 (ref-50fd965 vs cand-a771260)
Finished game 1439 (cand-a771260 vs ref-50fd965): 1-0 {White wins by adjudication}
Started game 1451 of 40000 (cand-a771260 vs ref-50fd965)
Finished game 1442 (ref-50fd965 vs cand-a771260): 1-0 {White wins by adjudication}
Started game 1452 of 40000 (ref-50fd965 vs cand-a771260)
Finished game 1441 (cand-a771260 vs ref-50fd965): 1-0 {White wins by adjudication}
Started game 1453 of 40000 (cand-a771260 vs ref-50fd965)
Finished game 1444 (ref-50fd965 vs cand-a771260): 1/2-1/2 {Draw by 3-fold repetition}
Started game 1454 of 40000 (ref-50fd965 vs cand-a771260)
Finished game 1443 (cand-a771260 vs ref-50fd965): 1/2-1/2 {Draw by insufficient mating material}
Started game 1455 of 40000 (cand-a771260 vs ref-50fd965)
Finished game 1446 (ref-50fd965 vs cand-a771260): 0-1 {Black wins by adjudication}
Started game 1456 of 40000 (ref-50fd965 vs cand-a771260)
Finished game 1445 (cand-a771260 vs ref-50fd965): 1/2-1/2 {Draw by adjudication}
Started game 1457 of 40000 (cand-a771260 vs ref-50fd965)
Finished game 1440 (ref-50fd965 vs cand-a771260): 1/2-1/2 {Draw by fifty moves rule}
--------------------------------------------------
Results of cand-a771260 vs ref-50fd965 (8+0.08, 1t, 16MB, noob_3moves.epd):
Elo: 25.51 +/- 13.27, nElo: 34.58 +/- 17.91
LOS: 99.99 %, DrawRatio: 36.65 %, PairsRatio: 1.42
Games: 1446, Wins: 505, Losses: 399, Draws: 542, Points: 776.0 (53.67 %)
Ptnml(0-2): [44, 145, 265, 199, 70], WL/DD Ratio: 1.68
LLR: 1.90 (64.5%) (-2.94, 2.94) [0.00, 5.00]
--------------------------------------------------
Started game 1458 of 40000 (ref-50fd965 vs cand-a771260)
Finished game 1452 (ref-50fd965 vs cand-a771260): 1-0 {White wins by adjudication}
Started game 1459 of 40000 (cand-a771260 vs ref-50fd965)
Finished game 1448 (ref-50fd965 vs cand-a771260): 0-1 {Black wins by adjudication}
Started game 1460 of 40000 (ref-50fd965 vs cand-a771260)
Finished game 1447 (cand-a771260 vs ref-50fd965): 0-1 {Black wins by adjudication}
Started game 1461 of 40000 (cand-a771260 vs ref-50fd965)
Finished game 1449 (cand-a771260 vs ref-50fd965): 1/2-1/2 {Draw by adjudication}
Started game 1462 of 40000 (ref-50fd965 vs cand-a771260)
Finished game 1450 (ref-50fd965 vs cand-a771260): 1/2-1/2 {Draw by insufficient mating material}
Started game 1463 of 40000 (cand-a771260 vs ref-50fd965)
Finished game 1455 (cand-a771260 vs ref-50fd965): 0-1 {Black wins by adjudication}
Started game 1464 of 40000 (ref-50fd965 vs cand-a771260)
Finished game 1454 (ref-50fd965 vs cand-a771260): 0-1 {Black wins by adjudication}
Started game 1465 of 40000 (cand-a771260 vs ref-50fd965)
Finished game 1458 (ref-50fd965 vs cand-a771260): 1-0 {White wins by adjudication}
Started game 1466 of 40000 (ref-50fd965 vs cand-a771260)
Finished game 1457 (cand-a771260 vs ref-50fd965): 1-0 {White wins by adjudication}
Started game 1467 of 40000 (cand-a771260 vs ref-50fd965)
Finished game 1456 (ref-50fd965 vs cand-a771260): 0-1 {Black wins by adjudication}
Started game 1468 of 40000 (ref-50fd965 vs cand-a771260)
Finished game 1451 (cand-a771260 vs ref-50fd965): 1/2-1/2 {Draw by insufficient mating material}
Started game 1469 of 40000 (cand-a771260 vs ref-50fd965)
Finished game 1460 (ref-50fd965 vs cand-a771260): 1/2-1/2 {Draw by 3-fold repetition}
Started game 1470 of 40000 (ref-50fd965 vs cand-a771260)
Finished game 1459 (cand-a771260 vs ref-50fd965): 1-0 {White wins by adjudication}
--------------------------------------------------
Results of cand-a771260 vs ref-50fd965 (8+0.08, 1t, 16MB, noob_3moves.epd):
Elo: 25.30 +/- 13.18, nElo: 34.39 +/- 17.83
LOS: 99.99 %, DrawRatio: 36.90 %, PairsRatio: 1.42
Games: 1458, Wins: 509, Losses: 403, Draws: 546, Points: 782.0 (53.64 %)
Ptnml(0-2): [44, 146, 269, 200, 70], WL/DD Ratio: 1.69
LLR: 1.90 (64.6%) (-2.94, 2.94) [0.00, 5.00]
--------------------------------------------------
Started game 1471 of 40000 (cand-a771260 vs ref-50fd965)
Finished game 1461 (cand-a771260 vs ref-50fd965): 1/2-1/2 {Draw by 3-fold repetition}
Started game 1472 of 40000 (ref-50fd965 vs cand-a771260)
Finished game 1453 (cand-a771260 vs ref-50fd965): 1/2-1/2 {Draw by fifty moves rule}
Started game 1473 of 40000 (cand-a771260 vs ref-50fd965)
Finished game 1464 (ref-50fd965 vs cand-a771260): 0-1 {Black wins by adjudication}
Started game 1474 of 40000 (ref-50fd965 vs cand-a771260)
Finished game 1462 (ref-50fd965 vs cand-a771260): 0-1 {Black wins by adjudication}
Started game 1475 of 40000 (cand-a771260 vs ref-50fd965)
Finished game 1466 (ref-50fd965 vs cand-a771260): 0-1 {Black wins by adjudication}
Started game 1476 of 40000 (ref-50fd965 vs cand-a771260)
Finished game 1463 (cand-a771260 vs ref-50fd965): 0-1 {Black wins by adjudication}
Started game 1477 of 40000 (cand-a771260 vs ref-50fd965)
Finished game 1467 (cand-a771260 vs ref-50fd965): 0-1 {Black wins by adjudication}
Started game 1478 of 40000 (ref-50fd965 vs cand-a771260)
Finished game 1465 (cand-a771260 vs ref-50fd965): 0-1 {Black wins by adjudication}
Started game 1479 of 40000 (cand-a771260 vs ref-50fd965)
Finished game 1470 (ref-50fd965 vs cand-a771260): 1-0 {White wins by adjudication}
Started game 1480 of 40000 (ref-50fd965 vs cand-a771260)
Finished game 1475 (cand-a771260 vs ref-50fd965): 1-0 {White wins by adjudication}
Started game 1481 of 40000 (cand-a771260 vs ref-50fd965)
Finished game 1469 (cand-a771260 vs ref-50fd965): 1/2-1/2 {Draw by 3-fold repetition}
Started game 1482 of 40000 (ref-50fd965 vs cand-a771260)
Finished game 1468 (ref-50fd965 vs cand-a771260): 1-0 {White wins by adjudication}
Started game 1483 of 40000 (cand-a771260 vs ref-50fd965)
Finished game 1476 (ref-50fd965 vs cand-a771260): 1-0 {White wins by adjudication}
Started game 1484 of 40000 (ref-50fd965 vs cand-a771260)
Finished game 1472 (ref-50fd965 vs cand-a771260): 0-1 {Black wins by adjudication}
Started game 1485 of 40000 (cand-a771260 vs ref-50fd965)
Finished game 1474 (ref-50fd965 vs cand-a771260): 0-1 {Black wins by adjudication}
Started game 1486 of 40000 (ref-50fd965 vs cand-a771260)
Finished game 1479 (cand-a771260 vs ref-50fd965): 0-1 {Black wins by adjudication}
Started game 1487 of 40000 (cand-a771260 vs ref-50fd965)
Finished game 1471 (cand-a771260 vs ref-50fd965): 1-0 {White wins by adjudication}
Started game 1488 of 40000 (ref-50fd965 vs cand-a771260)
Finished game 1477 (cand-a771260 vs ref-50fd965): 0-1 {Black wins by adjudication}
Started game 1489 of 40000 (cand-a771260 vs ref-50fd965)
Finished game 1480 (ref-50fd965 vs cand-a771260): 1-0 {White wins by adjudication}
--------------------------------------------------
Results of cand-a771260 vs ref-50fd965 (8+0.08, 1t, 16MB, noob_3moves.epd):
Elo: 24.76 +/- 13.14, nElo: 33.53 +/- 17.72
LOS: 99.99 %, DrawRatio: 36.86 %, PairsRatio: 1.41
Games: 1476, Wins: 516, Losses: 411, Draws: 549, Points: 790.5 (53.56 %)
Ptnml(0-2): [46, 147, 272, 202, 71], WL/DD Ratio: 1.72
LLR: 1.87 (63.7%) (-2.94, 2.94) [0.00, 5.00]
--------------------------------------------------
Started game 1490 of 40000 (ref-50fd965 vs cand-a771260)
Finished game 1481 (cand-a771260 vs ref-50fd965): 0-1 {Black wins by adjudication}
Started game 1491 of 40000 (cand-a771260 vs ref-50fd965)
Finished game 1484 (ref-50fd965 vs cand-a771260): 1/2-1/2 {Draw by 3-fold repetition}
Started game 1492 of 40000 (ref-50fd965 vs cand-a771260)
Finished game 1482 (ref-50fd965 vs cand-a771260): 0-1 {Black wins by adjudication}
Started game 1493 of 40000 (cand-a771260 vs ref-50fd965)
Finished game 1473 (cand-a771260 vs ref-50fd965): 1/2-1/2 {Draw by fifty moves rule}
Started game 1494 of 40000 (ref-50fd965 vs cand-a771260)
Finished game 1483 (cand-a771260 vs ref-50fd965): 1-0 {White wins by adjudication}
Started game 1495 of 40000 (cand-a771260 vs ref-50fd965)
Finished game 1486 (ref-50fd965 vs cand-a771260): 1/2-1/2 {Draw by 3-fold repetition}
Started game 1496 of 40000 (ref-50fd965 vs cand-a771260)
Finished game 1478 (ref-50fd965 vs cand-a771260): 1/2-1/2 {Draw by insufficient mating material}
Started game 1497 of 40000 (cand-a771260 vs ref-50fd965)
Finished game 1485 (cand-a771260 vs ref-50fd965): 1-0 {White wins by adjudication}
Started game 1498 of 40000 (ref-50fd965 vs cand-a771260)
Finished game 1489 (cand-a771260 vs ref-50fd965): 0-1 {Black wins by adjudication}
Started game 1499 of 40000 (cand-a771260 vs ref-50fd965)
Finished game 1488 (ref-50fd965 vs cand-a771260): 1-0 {White wins by adjudication}
Started game 1500 of 40000 (ref-50fd965 vs cand-a771260)
Finished game 1487 (cand-a771260 vs ref-50fd965): 1/2-1/2 {Draw by adjudication}
Started game 1501 of 40000 (cand-a771260 vs ref-50fd965)
Finished game 1492 (ref-50fd965 vs cand-a771260): 1-0 {White wins by adjudication}
Started game 1502 of 40000 (ref-50fd965 vs cand-a771260)
Finished game 1494 (ref-50fd965 vs cand-a771260): 1/2-1/2 {Draw by 3-fold repetition}
Started game 1503 of 40000 (cand-a771260 vs ref-50fd965)
Finished game 1491 (cand-a771260 vs ref-50fd965): 1-0 {White wins by adjudication}
Started game 1504 of 40000 (ref-50fd965 vs cand-a771260)
Finished game 1490 (ref-50fd965 vs cand-a771260): 1/2-1/2 {Draw by adjudication}
Started game 1505 of 40000 (cand-a771260 vs ref-50fd965)
Finished game 1497 (cand-a771260 vs ref-50fd965): 0-1 {Black wins by adjudication}
Started game 1506 of 40000 (ref-50fd965 vs cand-a771260)
Finished game 1500 (ref-50fd965 vs cand-a771260): 1-0 {White wins by adjudication}
Started game 1507 of 40000 (cand-a771260 vs ref-50fd965)
Finished game 1495 (cand-a771260 vs ref-50fd965): 1/2-1/2 {Draw by insufficient mating material}
Started game 1508 of 40000 (ref-50fd965 vs cand-a771260)
Finished game 1493 (cand-a771260 vs ref-50fd965): 0-1 {Black wins by adjudication}
Started game 1509 of 40000 (cand-a771260 vs ref-50fd965)
Finished game 1498 (ref-50fd965 vs cand-a771260): 0-1 {Black wins by adjudication}
Started game 1510 of 40000 (ref-50fd965 vs cand-a771260)
Finished game 1496 (ref-50fd965 vs cand-a771260): 1/2-1/2 {Draw by adjudication}
Started game 1511 of 40000 (cand-a771260 vs ref-50fd965)
Finished game 1504 (ref-50fd965 vs cand-a771260): 1-0 {White wins by adjudication}
Started game 1512 of 40000 (ref-50fd965 vs cand-a771260)
Finished game 1501 (cand-a771260 vs ref-50fd965): 1-0 {White wins by adjudication}
Started game 1513 of 40000 (cand-a771260 vs ref-50fd965)
Finished game 1502 (ref-50fd965 vs cand-a771260): 0-1 {Black wins by adjudication}
Started game 1514 of 40000 (ref-50fd965 vs cand-a771260)
Finished game 1499 (cand-a771260 vs ref-50fd965): 1/2-1/2 {Draw by 3-fold repetition}
--------------------------------------------------
Results of cand-a771260 vs ref-50fd965 (8+0.08, 1t, 16MB, noob_3moves.epd):
Elo: 24.33 +/- 13.01, nElo: 32.99 +/- 17.57
LOS: 99.99 %, DrawRatio: 36.75 %, PairsRatio: 1.40
Games: 1502, Wins: 524, Losses: 419, Draws: 559, Points: 803.5 (53.50 %)
Ptnml(0-2): [46, 152, 276, 205, 72], WL/DD Ratio: 1.73
LLR: 1.88 (63.7%) (-2.94, 2.94) [0.00, 5.00]
--------------------------------------------------
Started game 1515 of 40000 (cand-a771260 vs ref-50fd965)
Finished game 1505 (cand-a771260 vs ref-50fd965): 0-1 {Black wins by adjudication}
Started game 1516 of 40000 (ref-50fd965 vs cand-a771260)
Finished game 1503 (cand-a771260 vs ref-50fd965): 1/2-1/2 {Draw by 3-fold repetition}
Started game 1517 of 40000 (cand-a771260 vs ref-50fd965)
Finished game 1507 (cand-a771260 vs ref-50fd965): 1-0 {White wins by adjudication}
Started game 1518 of 40000 (ref-50fd965 vs cand-a771260)
Finished game 1510 (ref-50fd965 vs cand-a771260): 1-0 {White wins by adjudication}
Started game 1519 of 40000 (cand-a771260 vs ref-50fd965)
Finished game 1509 (cand-a771260 vs ref-50fd965): 1/2-1/2 {Draw by 3-fold repetition}
Started game 1520 of 40000 (ref-50fd965 vs cand-a771260)
Finished game 1506 (ref-50fd965 vs cand-a771260): 0-1 {Black wins by adjudication}
Started game 1521 of 40000 (cand-a771260 vs ref-50fd965)
Finished game 1514 (ref-50fd965 vs cand-a771260): 1-0 {White wins by adjudication}
Started game 1522 of 40000 (ref-50fd965 vs cand-a771260)
Finished game 1508 (ref-50fd965 vs cand-a771260): 0-1 {Black wins by adjudication}
Started game 1523 of 40000 (cand-a771260 vs ref-50fd965)
Finished game 1515 (cand-a771260 vs ref-50fd965): 0-1 {Black wins by adjudication}
Started game 1524 of 40000 (ref-50fd965 vs cand-a771260)
Finished game 1511 (cand-a771260 vs ref-50fd965): 1-0 {White wins by adjudication}
Started game 1525 of 40000 (cand-a771260 vs ref-50fd965)
Finished game 1513 (cand-a771260 vs ref-50fd965): 1-0 {White wins by adjudication}
Started game 1526 of 40000 (ref-50fd965 vs cand-a771260)
Finished game 1512 (ref-50fd965 vs cand-a771260): 0-1 {Black wins by adjudication}
Started game 1527 of 40000 (cand-a771260 vs ref-50fd965)
Finished game 1518 (ref-50fd965 vs cand-a771260): 0-1 {Black wins by adjudication}
Started game 1528 of 40000 (ref-50fd965 vs cand-a771260)
Finished game 1519 (cand-a771260 vs ref-50fd965): 1-0 {White wins by adjudication}
Started game 1529 of 40000 (cand-a771260 vs ref-50fd965)
Finished game 1521 (cand-a771260 vs ref-50fd965): 0-1 {Black wins by adjudication}
Started game 1530 of 40000 (ref-50fd965 vs cand-a771260)
Finished game 1517 (cand-a771260 vs ref-50fd965): 0-1 {Black wins by adjudication}
Started game 1531 of 40000 (cand-a771260 vs ref-50fd965)
Finished game 1520 (ref-50fd965 vs cand-a771260): 0-1 {Black wins by adjudication}
--------------------------------------------------
Results of cand-a771260 vs ref-50fd965 (8+0.08, 1t, 16MB, noob_3moves.epd):
Elo: 24.99 +/- 12.98, nElo: 33.79 +/- 17.48
LOS: 99.99 %, DrawRatio: 36.76 %, PairsRatio: 1.40
Games: 1518, Wins: 533, Losses: 424, Draws: 561, Points: 813.5 (53.59 %)
Ptnml(0-2): [46, 154, 279, 205, 75], WL/DD Ratio: 1.76
LLR: 1.95 (66.1%) (-2.94, 2.94) [0.00, 5.00]
--------------------------------------------------
Started game 1532 of 40000 (ref-50fd965 vs cand-a771260)
Finished game 1516 (ref-50fd965 vs cand-a771260): 1/2-1/2 {Draw by insufficient mating material}
Started game 1533 of 40000 (cand-a771260 vs ref-50fd965)
Finished game 1522 (ref-50fd965 vs cand-a771260): 1/2-1/2 {Draw by 3-fold repetition}
Started game 1534 of 40000 (ref-50fd965 vs cand-a771260)
Finished game 1526 (ref-50fd965 vs cand-a771260): 0-1 {Black wins by adjudication}
Started game 1535 of 40000 (cand-a771260 vs ref-50fd965)
Finished game 1525 (cand-a771260 vs ref-50fd965): 1-0 {White wins by adjudication}
Started game 1536 of 40000 (ref-50fd965 vs cand-a771260)
Finished game 1527 (cand-a771260 vs ref-50fd965): 0-1 {Black wins by adjudication}
Started game 1537 of 40000 (cand-a771260 vs ref-50fd965)
Finished game 1523 (cand-a771260 vs ref-50fd965): 1-0 {White wins by adjudication}
Started game 1538 of 40000 (ref-50fd965 vs cand-a771260)
Finished game 1530 (ref-50fd965 vs cand-a771260): 0-1 {Black wins by adjudication}
Started game 1539 of 40000 (cand-a771260 vs ref-50fd965)
Finished game 1524 (ref-50fd965 vs cand-a771260): 1/2-1/2 {Draw by adjudication}
Started game 1540 of 40000 (ref-50fd965 vs cand-a771260)
Finished game 1529 (cand-a771260 vs ref-50fd965): 1/2-1/2 {Draw by 3-fold repetition}
Started game 1541 of 40000 (cand-a771260 vs ref-50fd965)
Finished game 1531 (cand-a771260 vs ref-50fd965): 0-1 {Black wins by adjudication}
Started game 1542 of 40000 (ref-50fd965 vs cand-a771260)
Finished game 1535 (cand-a771260 vs ref-50fd965): 0-1 {Black wins by adjudication}
Started game 1543 of 40000 (cand-a771260 vs ref-50fd965)
Finished game 1536 (ref-50fd965 vs cand-a771260): 0-1 {Black wins by adjudication}
Started game 1544 of 40000 (ref-50fd965 vs cand-a771260)
Finished game 1528 (ref-50fd965 vs cand-a771260): 0-1 {Black wins by adjudication}
Started game 1545 of 40000 (cand-a771260 vs ref-50fd965)
Finished game 1532 (ref-50fd965 vs cand-a771260): 1/2-1/2 {Draw by 3-fold repetition}
Started game 1546 of 40000 (ref-50fd965 vs cand-a771260)
Finished game 1537 (cand-a771260 vs ref-50fd965): 0-1 {Black wins by adjudication}
Started game 1547 of 40000 (cand-a771260 vs ref-50fd965)
Finished game 1534 (ref-50fd965 vs cand-a771260): 0-1 {Black wins by adjudication}
Started game 1548 of 40000 (ref-50fd965 vs cand-a771260)
Finished game 1538 (ref-50fd965 vs cand-a771260): 1-0 {White wins by adjudication}
Started game 1549 of 40000 (cand-a771260 vs ref-50fd965)
Finished game 1542 (ref-50fd965 vs cand-a771260): 1/2-1/2 {Draw by 3-fold repetition}
Started game 1550 of 40000 (ref-50fd965 vs cand-a771260)
Finished game 1533 (cand-a771260 vs ref-50fd965): 0-1 {Black wins by adjudication}
Started game 1551 of 40000 (cand-a771260 vs ref-50fd965)
Finished game 1545 (cand-a771260 vs ref-50fd965): 1-0 {White wins by adjudication}
Started game 1552 of 40000 (ref-50fd965 vs cand-a771260)
Finished game 1546 (ref-50fd965 vs cand-a771260): 1/2-1/2 {Draw by 3-fold repetition}
Started game 1553 of 40000 (cand-a771260 vs ref-50fd965)
Finished game 1539 (cand-a771260 vs ref-50fd965): 1/2-1/2 {Draw by adjudication}
Started game 1554 of 40000 (ref-50fd965 vs cand-a771260)
Finished game 1541 (cand-a771260 vs ref-50fd965): 1/2-1/2 {Draw by fifty moves rule}
Started game 1555 of 40000 (cand-a771260 vs ref-50fd965)
Warning; Incomplete mating PV - from cand-a771260
Info; info score mate 8 time 0 depth 1 nodes 50 nps 2941176 pv f2g1 
Position; fen rn1qkbnr/pp1bpppp/8/1Bpp4/8/N3P3/PPPP1PPP/R1BQK1NR w KQkq - 0 4
Moves; g1f3 a7a6 b5e2 g8f6 c2c4 e7e6 e1g1 f8e7 d2d4 e8g8 c1d2 b8c6 a3c2 d5c4 d4c5 e7c5 e2c4 e6e5 d2c3 d8c7 a2a3 e5e4 f3g5 d7g4 d1b1 c6e5 b1a2 g4h5 c4d5 f8e8 h2h3 f6d5 a2d5 a8d8 d5b3 h5g6 a1d1 e5d3 c2e1 d3f2 d1d8 c7d8 e1c2 d8g5 f1f2 b7b5 c3b4 c5a7 b4d6 h7h6 d6f4 g5h5 f2d2 h5h4 d2d7 h4f4 d7a7 f4d6 b3c3 g6f5 c2d4 e8c8 c3e1 f5h7 e1a5 c8c1 g1f2 d6f6 f2g3 h7f5 d4f5 f6f5 a5d8 g8h7 a7a8 c1f1 d8g8 h7g6 g8b8 f5f2 g3h2
Warning; Incomplete mating PV - from cand-a771260
Info; info score mate 8 time 0 depth 2 nodes 203 nps 3222222 pv f2g1 h2g3 
Position; fen rn1qkbnr/pp1bpppp/8/1Bpp4/8/N3P3/PPPP1PPP/R1BQK1NR w KQkq - 0 4
Moves; g1f3 a7a6 b5e2 g8f6 c2c4 e7e6 e1g1 f8e7 d2d4 e8g8 c1d2 b8c6 a3c2 d5c4 d4c5 e7c5 e2c4 e6e5 d2c3 d8c7 a2a3 e5e4 f3g5 d7g4 d1b1 c6e5 b1a2 g4h5 c4d5 f8e8 h2h3 f6d5 a2d5 a8d8 d5b3 h5g6 a1d1 e5d3 c2e1 d3f2 d1d8 c7d8 e1c2 d8g5 f1f2 b7b5 c3b4 c5a7 b4d6 h7h6 d6f4 g5h5 f2d2 h5h4 d2d7 h4f4 d7a7 f4d6 b3c3 g6f5 c2d4 e8c8 c3e1 f5h7 e1a5 c8c1 g1f2 d6f6 f2g3 h7f5 d4f5 f6f5 a5d8 g8h7 a7a8 c1f1 d8g8 h7g6 g8b8 f5f2 g3h2
Warning; Incomplete mating PV - from cand-a771260
Info; info score mate 8 time 0 depth 3 nodes 439 nps 4262135 pv f2g1 h2g3 f1f3 
Position; fen rn1qkbnr/pp1bpppp/8/1Bpp4/8/N3P3/PPPP1PPP/R1BQK1NR w KQkq - 0 4
Moves; g1f3 a7a6 b5e2 g8f6 c2c4 e7e6 e1g1 f8e7 d2d4 e8g8 c1d2 b8c6 a3c2 d5c4 d4c5 e7c5 e2c4 e6e5 d2c3 d8c7 a2a3 e5e4 f3g5 d7g4 d1b1 c6e5 b1a2 g4h5 c4d5 f8e8 h2h3 f6d5 a2d5 a8d8 d5b3 h5g6 a1d1 e5d3 c2e1 d3f2 d1d8 c7d8 e1c2 d8g5 f1f2 b7b5 c3b4 c5a7 b4d6 h7h6 d6f4 g5h5 f2d2 h5h4 d2d7 h4f4 d7a7 f4d6 b3c3 g6f5 c2d4 e8c8 c3e1 f5h7 e1a5 c8c1 g1f2 d6f6 f2g3 h7f5 d4f5 f6f5 a5d8 g8h7 a7a8 c1f1 d8g8 h7g6 g8b8 f5f2 g3h2
Warning; Incomplete mating PV - from cand-a771260
Info; info score mate 8 time 0 depth 4 nodes 893 nps 3968888 pv f2g1 h2g3 f1f3 g3h4 
Position; fen rn1qkbnr/pp1bpppp/8/1Bpp4/8/N3P3/PPPP1PPP/R1BQK1NR w KQkq - 0 4
Moves; g1f3 a7a6 b5e2 g8f6 c2c4 e7e6 e1g1 f8e7 d2d4 e8g8 c1d2 b8c6 a3c2 d5c4 d4c5 e7c5 e2c4 e6e5 d2c3 d8c7 a2a3 e5e4 f3g5 d7g4 d1b1 c6e5 b1a2 g4h5 c4d5 f8e8 h2h3 f6d5 a2d5 a8d8 d5b3 h5g6 a1d1 e5d3 c2e1 d3f2 d1d8 c7d8 e1c2 d8g5 f1f2 b7b5 c3b4 c5a7 b4d6 h7h6 d6f4 g5h5 f2d2 h5h4 d2d7 h4f4 d7a7 f4d6 b3c3 g6f5 c2d4 e8c8 c3e1 f5h7 e1a5 c8c1 g1f2 d6f6 f2g3 h7f5 d4f5 f6f5 a5d8 g8h7 a7a8 c1f1 d8g8 h7g6 g8b8 f5f2 g3h2
Warning; Incomplete mating PV - from cand-a771260
Info; info score mate 8 time 0 depth 5 nodes 2936 nps 4984719 pv f2g1 h2g3 f1f3 g3h4 g1g2 
Position; fen rn1qkbnr/pp1bpppp/8/1Bpp4/8/N3P3/PPPP1PPP/R1BQK1NR w KQkq - 0 4
Moves; g1f3 a7a6 b5e2 g8f6 c2c4 e7e6 e1g1 f8e7 d2d4 e8g8 c1d2 b8c6 a3c2 d5c4 d4c5 e7c5 e2c4 e6e5 d2c3 d8c7 a2a3 e5e4 f3g5 d7g4 d1b1 c6e5 b1a2 g4h5 c4d5 f8e8 h2h3 f6d5 a2d5 a8d8 d5b3 h5g6 a1d1 e5d3 c2e1 d3f2 d1d8 c7d8 e1c2 d8g5 f1f2 b7b5 c3b4 c5a7 b4d6 h7h6 d6f4 g5h5 f2d2 h5h4 d2d7 h4f4 d7a7 f4d6 b3c3 g6f5 c2d4 e8c8 c3e1 f5h7 e1a5 c8c1 g1f2 d6f6 f2g3 h7f5 d4f5 f6f5 a5d8 g8h7 a7a8 c1f1 d8g8 h7g6 g8b8 f5f2 g3h2
Warning; Incomplete mating PV - from cand-a771260
Info; info score mate 8 time 4 depth 6 nodes 6357 nps 1496116 pv f2g1 h2g3 f1f3 g3h4 g1g2 a8a6 
Position; fen rn1qkbnr/pp1bpppp/8/1Bpp4/8/N3P3/PPPP1PPP/R1BQK1NR w KQkq - 0 4
Moves; g1f3 a7a6 b5e2 g8f6 c2c4 e7e6 e1g1 f8e7 d2d4 e8g8 c1d2 b8c6 a3c2 d5c4 d4c5 e7c5 e2c4 e6e5 d2c3 d8c7 a2a3 e5e4 f3g5 d7g4 d1b1 c6e5 b1a2 g4h5 c4d5 f8e8 h2h3 f6d5 a2d5 a8d8 d5b3 h5g6 a1d1 e5d3 c2e1 d3f2 d1d8 c7d8 e1c2 d8g5 f1f2 b7b5 c3b4 c5a7 b4d6 h7h6 d6f4 g5h5 f2d2 h5h4 d2d7 h4f4 d7a7 f4d6 b3c3 g6f5 c2d4 e8c8 c3e1 f5h7 e1a5 c8c1 g1f2 d6f6 f2g3 h7f5 d4f5 f6f5 a5d8 g8h7 a7a8 c1f1 d8g8 h7g6 g8b8 f5f2 g3h2
Warning; Incomplete mating PV - from cand-a771260
Info; info score mate 8 time 6 depth 7 nodes 16837 nps 2674237 pv f2g1 h2g3 f1f3 g3h4 g1g2 a8a6 g6h7 
Position; fen rn1qkbnr/pp1bpppp/8/1Bpp4/8/N3P3/PPPP1PPP/R1BQK1NR w KQkq - 0 4
Moves; g1f3 a7a6 b5e2 g8f6 c2c4 e7e6 e1g1 f8e7 d2d4 e8g8 c1d2 b8c6 a3c2 d5c4 d4c5 e7c5 e2c4 e6e5 d2c3 d8c7 a2a3 e5e4 f3g5 d7g4 d1b1 c6e5 b1a2 g4h5 c4d5 f8e8 h2h3 f6d5 a2d5 a8d8 d5b3 h5g6 a1d1 e5d3 c2e1 d3f2 d1d8 c7d8 e1c2 d8g5 f1f2 b7b5 c3b4 c5a7 b4d6 h7h6 d6f4 g5h5 f2d2 h5h4 d2d7 h4f4 d7a7 f4d6 b3c3 g6f5 c2d4 e8c8 c3e1 f5h7 e1a5 c8c1 g1f2 d6f6 f2g3 h7f5 d4f5 f6f5 a5d8 g8h7 a7a8 c1f1 d8g8 h7g6 g8b8 f5f2 g3h2
Warning; Incomplete mating PV - from cand-a771260
Info; info score mate 8 time 11 depth 8 nodes 35233 nps 3149459 pv f2g1 h2g3 f1f3 g3h4 g1g2 a8a6 g6h7 b8h8 
Position; fen rn1qkbnr/pp1bpppp/8/1Bpp4/8/N3P3/PPPP1PPP/R1BQK1NR w KQkq - 0 4
Moves; g1f3 a7a6 b5e2 g8f6 c2c4 e7e6 e1g1 f8e7 d2d4 e8g8 c1d2 b8c6 a3c2 d5c4 d4c5 e7c5 e2c4 e6e5 d2c3 d8c7 a2a3 e5e4 f3g5 d7g4 d1b1 c6e5 b1a2 g4h5 c4d5 f8e8 h2h3 f6d5 a2d5 a8d8 d5b3 h5g6 a1d1 e5d3 c2e1 d3f2 d1d8 c7d8 e1c2 d8g5 f1f2 b7b5 c3b4 c5a7 b4d6 h7h6 d6f4 g5h5 f2d2 h5h4 d2d7 h4f4 d7a7 f4d6 b3c3 g6f5 c2d4 e8c8 c3e1 f5h7 e1a5 c8c1 g1f2 d6f6 f2g3 h7f5 d4f5 f6f5 a5d8 g8h7 a7a8 c1f1 d8g8 h7g6 g8b8 f5f2 g3h2
Warning; Incomplete mating PV - from cand-a771260
Info; info score mate 8 time 23 depth 9 nodes 93762 nps 4013956 pv f2g1 h2g3 f1f3 g3h4 g1g2 a8a6 g6h7 b8h8 h7h8 
Position; fen rn1qkbnr/pp1bpppp/8/1Bpp4/8/N3P3/PPPP1PPP/R1BQK1NR w KQkq - 0 4
Moves; g1f3 a7a6 b5e2 g8f6 c2c4 e7e6 e1g1 f8e7 d2d4 e8g8 c1d2 b8c6 a3c2 d5c4 d4c5 e7c5 e2c4 e6e5 d2c3 d8c7 a2a3 e5e4 f3g5 d7g4 d1b1 c6e5 b1a2 g4h5 c4d5 f8e8 h2h3 f6d5 a2d5 a8d8 d5b3 h5g6 a1d1 e5d3 c2e1 d3f2 d1d8 c7d8 e1c2 d8g5 f1f2 b7b5 c3b4 c5a7 b4d6 h7h6 d6f4 g5h5 f2d2 h5h4 d2d7 h4f4 d7a7 f4d6 b3c3 g6f5 c2d4 e8c8 c3e1 f5h7 e1a5 c8c1 g1f2 d6f6 f2g3 h7f5 d4f5 f6f5 a5d8 g8h7 a7a8 c1f1 d8g8 h7g6 g8b8 f5f2 g3h2
Warning; Incomplete mating PV - from cand-a771260
Info; info score mate 8 time 47 depth 10 nodes 182407 nps 3821162 pv f2g1 h2g3 f1f3 g3h4 g1g2 a8a6 g6h7 b8h8 h7h8 a6a8 
Position; fen rn1qkbnr/pp1bpppp/8/1Bpp4/8/N3P3/PPPP1PPP/R1BQK1NR w KQkq - 0 4
Moves; g1f3 a7a6 b5e2 g8f6 c2c4 e7e6 e1g1 f8e7 d2d4 e8g8 c1d2 b8c6 a3c2 d5c4 d4c5 e7c5 e2c4 e6e5 d2c3 d8c7 a2a3 e5e4 f3g5 d7g4 d1b1 c6e5 b1a2 g4h5 c4d5 f8e8 h2h3 f6d5 a2d5 a8d8 d5b3 h5g6 a1d1 e5d3 c2e1 d3f2 d1d8 c7d8 e1c2 d8g5 f1f2 b7b5 c3b4 c5a7 b4d6 h7h6 d6f4 g5h5 f2d2 h5h4 d2d7 h4f4 d7a7 f4d6 b3c3 g6f5 c2d4 e8c8 c3e1 f5h7 e1a5 c8c1 g1f2 d6f6 f2g3 h7f5 d4f5 f6f5 a5d8 g8h7 a7a8 c1f1 d8g8 h7g6 g8b8 f5f2 g3h2
Warning; Incomplete mating PV - from ref-50fd965
Info; info score mate -7 time 0 depth 1 nodes 3 nps 333333 pv h2g3 
Position; fen rn1qkbnr/pp1bpppp/8/1Bpp4/8/N3P3/PPPP1PPP/R1BQK1NR w KQkq - 0 4
Moves; g1f3 a7a6 b5e2 g8f6 c2c4 e7e6 e1g1 f8e7 d2d4 e8g8 c1d2 b8c6 a3c2 d5c4 d4c5 e7c5 e2c4 e6e5 d2c3 d8c7 a2a3 e5e4 f3g5 d7g4 d1b1 c6e5 b1a2 g4h5 c4d5 f8e8 h2h3 f6d5 a2d5 a8d8 d5b3 h5g6 a1d1 e5d3 c2e1 d3f2 d1d8 c7d8 e1c2 d8g5 f1f2 b7b5 c3b4 c5a7 b4d6 h7h6 d6f4 g5h5 f2d2 h5h4 d2d7 h4f4 d7a7 f4d6 b3c3 g6f5 c2d4 e8c8 c3e1 f5h7 e1a5 c8c1 g1f2 d6f6 f2g3 h7f5 d4f5 f6f5 a5d8 g8h7 a7a8 c1f1 d8g8 h7g6 g8b8 f5f2 g3h2 f2g1
Warning; Incomplete mating PV - from ref-50fd965
Info; info score mate -7 time 0 depth 2 nodes 38 nps 1357142 pv h2g3 f1f3 
Position; fen rn1qkbnr/pp1bpppp/8/1Bpp4/8/N3P3/PPPP1PPP/R1BQK1NR w KQkq - 0 4
Moves; g1f3 a7a6 b5e2 g8f6 c2c4 e7e6 e1g1 f8e7 d2d4 e8g8 c1d2 b8c6 a3c2 d5c4 d4c5 e7c5 e2c4 e6e5 d2c3 d8c7 a2a3 e5e4 f3g5 d7g4 d1b1 c6e5 b1a2 g4h5 c4d5 f8e8 h2h3 f6d5 a2d5 a8d8 d5b3 h5g6 a1d1 e5d3 c2e1 d3f2 d1d8 c7d8 e1c2 d8g5 f1f2 b7b5 c3b4 c5a7 b4d6 h7h6 d6f4 g5h5 f2d2 h5h4 d2d7 h4f4 d7a7 f4d6 b3c3 g6f5 c2d4 e8c8 c3e1 f5h7 e1a5 c8c1 g1f2 d6f6 f2g3 h7f5 d4f5 f6f5 a5d8 g8h7 a7a8 c1f1 d8g8 h7g6 g8b8 f5f2 g3h2 f2g1
Warning; Incomplete mating PV - from ref-50fd965
Info; info score mate -7 time 0 depth 3 nodes 78 nps 1591836 pv h2g3 f1f3 g3h4 
Position; fen rn1qkbnr/pp1bpppp/8/1Bpp4/8/N3P3/PPPP1PPP/R1BQK1NR w KQkq - 0 4
Moves; g1f3 a7a6 b5e2 g8f6 c2c4 e7e6 e1g1 f8e7 d2d4 e8g8 c1d2 b8c6 a3c2 d5c4 d4c5 e7c5 e2c4 e6e5 d2c3 d8c7 a2a3 e5e4 f3g5 d7g4 d1b1 c6e5 b1a2 g4h5 c4d5 f8e8 h2h3 f6d5 a2d5 a8d8 d5b3 h5g6 a1d1 e5d3 c2e1 d3f2 d1d8 c7d8 e1c2 d8g5 f1f2 b7b5 c3b4 c5a7 b4d6 h7h6 d6f4 g5h5 f2d2 h5h4 d2d7 h4f4 d7a7 f4d6 b3c3 g6f5 c2d4 e8c8 c3e1 f5h7 e1a5 c8c1 g1f2 d6f6 f2g3 h7f5 d4f5 f6f5 a5d8 g8h7 a7a8 c1f1 d8g8 h7g6 g8b8 f5f2 g3h2 f2g1
Warning; Incomplete mating PV - from ref-50fd965
Info; info score mate -7 time 0 depth 4 nodes 184 nps 2389610 pv h2g3 f1f3 g3h4 g1g2 
Position; fen rn1qkbnr/pp1bpppp/8/1Bpp4/8/N3P3/PPPP1PPP/R1BQK1NR w KQkq - 0 4
Moves; g1f3 a7a6 b5e2 g8f6 c2c4 e7e6 e1g1 f8e7 d2d4 e8g8 c1d2 b8c6 a3c2 d5c4 d4c5 e7c5 e2c4 e6e5 d2c3 d8c7 a2a3 e5e4 f3g5 d7g4 d1b1 c6e5 b1a2 g4h5 c4d5 f8e8 h2h3 f6d5 a2d5 a8d8 d5b3 h5g6 a1d1 e5d3 c2e1 d3f2 d1d8 c7d8 e1c2 d8g5 f1f2 b7b5 c3b4 c5a7 b4d6 h7h6 d6f4 g5h5 f2d2 h5h4 d2d7 h4f4 d7a7 f4d6 b3c3 g6f5 c2d4 e8c8 c3e1 f5h7 e1a5 c8c1 g1f2 d6f6 f2g3 h7f5 d4f5 f6f5 a5d8 g8h7 a7a8 c1f1 d8g8 h7g6 g8b8 f5f2 g3h2 f2g1
Warning; Incomplete mating PV - from ref-50fd965
Info; info score mate -7 time 0 depth 5 nodes 415 nps 3029197 pv h2g3 f1f3 g3h4 g1g2 a8a6 
Position; fen rn1qkbnr/pp1bpppp/8/1Bpp4/8/N3P3/PPPP1PPP/R1BQK1NR w KQkq - 0 4
Moves; g1f3 a7a6 b5e2 g8f6 c2c4 e7e6 e1g1 f8e7 d2d4 e8g8 c1d2 b8c6 a3c2 d5c4 d4c5 e7c5 e2c4 e6e5 d2c3 d8c7 a2a3 e5e4 f3g5 d7g4 d1b1 c6e5 b1a2 g4h5 c4d5 f8e8 h2h3 f6d5 a2d5 a8d8 d5b3 h5g6 a1d1 e5d3 c2e1 d3f2 d1d8 c7d8 e1c2 d8g5 f1f2 b7b5 c3b4 c5a7 b4d6 h7h6 d6f4 g5h5 f2d2 h5h4 d2d7 h4f4 d7a7 f4d6 b3c3 g6f5 c2d4 e8c8 c3e1 f5h7 e1a5 c8c1 g1f2 d6f6 f2g3 h7f5 d4f5 f6f5 a5d8 g8h7 a7a8 c1f1 d8g8 h7g6 g8b8 f5f2 g3h2 f2g1
Warning; Incomplete mating PV - from ref-50fd965
Info; info score mate -7 time 0 depth 6 nodes 551 nps 3241176 pv h2g3 f1f3 g3h4 g1g2 a8a6 g6h7 
Position; fen rn1qkbnr/pp1bpppp/8/1Bpp4/8/N3P3/PPPP1PPP/R1BQK1NR w KQkq - 0 4
Moves; g1f3 a7a6 b5e2 g8f6 c2c4 e7e6 e1g1 f8e7 d2d4 e8g8 c1d2 b8c6 a3c2 d5c4 d4c5 e7c5 e2c4 e6e5 d2c3 d8c7 a2a3 e5e4 f3g5 d7g4 d1b1 c6e5 b1a2 g4h5 c4d5 f8e8 h2h3 f6d5 a2d5 a8d8 d5b3 h5g6 a1d1 e5d3 c2e1 d3f2 d1d8 c7d8 e1c2 d8g5 f1f2 b7b5 c3b4 c5a7 b4d6 h7h6 d6f4 g5h5 f2d2 h5h4 d2d7 h4f4 d7a7 f4d6 b3c3 g6f5 c2d4 e8c8 c3e1 f5h7 e1a5 c8c1 g1f2 d6f6 f2g3 h7f5 d4f5 f6f5 a5d8 g8h7 a7a8 c1f1 d8g8 h7g6 g8b8 f5f2 g3h2 f2g1
Warning; Incomplete mating PV - from ref-50fd965
Info; info score mate -7 time 0 depth 7 nodes 807 nps 3320987 pv h2g3 f1f3 g3h4 g1g2 a8a6 g6h7 b8h8 
Position; fen rn1qkbnr/pp1bpppp/8/1Bpp4/8/N3P3/PPPP1PPP/R1BQK1NR w KQkq - 0 4
Moves; g1f3 a7a6 b5e2 g8f6 c2c4 e7e6 e1g1 f8e7 d2d4 e8g8 c1d2 b8c6 a3c2 d5c4 d4c5 e7c5 e2c4 e6e5 d2c3 d8c7 a2a3 e5e4 f3g5 d7g4 d1b1 c6e5 b1a2 g4h5 c4d5 f8e8 h2h3 f6d5 a2d5 a8d8 d5b3 h5g6 a1d1 e5d3 c2e1 d3f2 d1d8 c7d8 e1c2 d8g5 f1f2 b7b5 c3b4 c5a7 b4d6 h7h6 d6f4 g5h5 f2d2 h5h4 d2d7 h4f4 d7a7 f4d6 b3c3 g6f5 c2d4 e8c8 c3e1 f5h7 e1a5 c8c1 g1f2 d6f6 f2g3 h7f5 d4f5 f6f5 a5d8 g8h7 a7a8 c1f1 d8g8 h7g6 g8b8 f5f2 g3h2 f2g1
Warning; Incomplete mating PV - from ref-50fd965
Info; info score mate -7 time 0 depth 8 nodes 1246 nps 3632653 pv h2g3 f1f3 g3h4 g1g2 a8a6 g6h7 b8h8 h7h8 
Position; fen rn1qkbnr/pp1bpppp/8/1Bpp4/8/N3P3/PPPP1PPP/R1BQK1NR w KQkq - 0 4
Moves; g1f3 a7a6 b5e2 g8f6 c2c4 e7e6 e1g1 f8e7 d2d4 e8g8 c1d2 b8c6 a3c2 d5c4 d4c5 e7c5 e2c4 e6e5 d2c3 d8c7 a2a3 e5e4 f3g5 d7g4 d1b1 c6e5 b1a2 g4h5 c4d5 f8e8 h2h3 f6d5 a2d5 a8d8 d5b3 h5g6 a1d1 e5d3 c2e1 d3f2 d1d8 c7d8 e1c2 d8g5 f1f2 b7b5 c3b4 c5a7 b4d6 h7h6 d6f4 g5h5 f2d2 h5h4 d2d7 h4f4 d7a7 f4d6 b3c3 g6f5 c2d4 e8c8 c3e1 f5h7 e1a5 c8c1 g1f2 d6f6 f2g3 h7f5 d4f5 f6f5 a5d8 g8h7 a7a8 c1f1 d8g8 h7g6 g8b8 f5f2 g3h2 f2g1
Warning; Incomplete mating PV - from ref-50fd965
Info; info score mate -7 time 0 depth 9 nodes 2319 nps 3910623 pv h2g3 f1f3 g3h4 g1g2 a8a6 g6h7 b8h8 h7h8 a6a8 
Position; fen rn1qkbnr/pp1bpppp/8/1Bpp4/8/N3P3/PPPP1PPP/R1BQK1NR w KQkq - 0 4
Moves; g1f3 a7a6 b5e2 g8f6 c2c4 e7e6 e1g1 f8e7 d2d4 e8g8 c1d2 b8c6 a3c2 d5c4 d4c5 e7c5 e2c4 e6e5 d2c3 d8c7 a2a3 e5e4 f3g5 d7g4 d1b1 c6e5 b1a2 g4h5 c4d5 f8e8 h2h3 f6d5 a2d5 a8d8 d5b3 h5g6 a1d1 e5d3 c2e1 d3f2 d1d8 c7d8 e1c2 d8g5 f1f2 b7b5 c3b4 c5a7 b4d6 h7h6 d6f4 g5h5 f2d2 h5h4 d2d7 h4f4 d7a7 f4d6 b3c3 g6f5 c2d4 e8c8 c3e1 f5h7 e1a5 c8c1 g1f2 d6f6 f2g3 h7f5 d4f5 f6f5 a5d8 g8h7 a7a8 c1f1 d8g8 h7g6 g8b8 f5f2 g3h2 f2g1
Finished game 1548 (ref-50fd965 vs cand-a771260): 0-1 {Black wins by adjudication}
Started game 1556 of 40000 (ref-50fd965 vs cand-a771260)
Finished game 1547 (cand-a771260 vs ref-50fd965): 1/2-1/2 {Draw by 3-fold repetition}
Started game 1557 of 40000 (cand-a771260 vs ref-50fd965)
Finished game 1549 (cand-a771260 vs ref-50fd965): 0-1 {Black wins by adjudication}
Started game 1558 of 40000 (ref-50fd965 vs cand-a771260)
Finished game 1543 (cand-a771260 vs ref-50fd965): 1/2-1/2 {Draw by fifty moves rule}
Started game 1559 of 40000 (cand-a771260 vs ref-50fd965)
Finished game 1540 (ref-50fd965 vs cand-a771260): 0-1 {Black wins by adjudication}
--------------------------------------------------
Results of cand-a771260 vs ref-50fd965 (8+0.08, 1t, 16MB, noob_3moves.epd):
Elo: 24.99 +/- 12.86, nElo: 33.78 +/- 17.32
LOS: 99.99 %, DrawRatio: 36.61 %, PairsRatio: 1.40
Games: 1546, Wins: 543, Losses: 432, Draws: 571, Points: 828.5 (53.59 %)
Ptnml(0-2): [47, 157, 283, 210, 76], WL/DD Ratio: 1.77
LLR: 1.98 (67.3%) (-2.94, 2.94) [0.00, 5.00]
--------------------------------------------------
Started game 1560 of 40000 (ref-50fd965 vs cand-a771260)
Finished game 1557 (cand-a771260 vs ref-50fd965): 1/2-1/2 {Draw by 3-fold repetition}
Started game 1561 of 40000 (cand-a771260 vs ref-50fd965)
Finished game 1550 (ref-50fd965 vs cand-a771260): 1/2-1/2 {Draw by 3-fold repetition}
Started game 1562 of 40000 (ref-50fd965 vs cand-a771260)
Finished game 1544 (ref-50fd965 vs cand-a771260): 1/2-1/2 {Draw by 3-fold repetition}
Started game 1563 of 40000 (cand-a771260 vs ref-50fd965)
Finished game 1556 (ref-50fd965 vs cand-a771260): 0-1 {Black wins by adjudication}
Started game 1564 of 40000 (ref-50fd965 vs cand-a771260)
Finished game 1553 (cand-a771260 vs ref-50fd965): 1/2-1/2 {Draw by 3-fold repetition}
Started game 1565 of 40000 (cand-a771260 vs ref-50fd965)
Finished game 1551 (cand-a771260 vs ref-50fd965): 1/2-1/2 {Draw by insufficient mating material}
Started game 1566 of 40000 (ref-50fd965 vs cand-a771260)
Finished game 1552 (ref-50fd965 vs cand-a771260): 1/2-1/2 {Draw by stalemate}
Started game 1567 of 40000 (cand-a771260 vs ref-50fd965)
Finished game 1559 (cand-a771260 vs ref-50fd965): 1/2-1/2 {Draw by 3-fold repetition}
Started game 1568 of 40000 (ref-50fd965 vs cand-a771260)
Finished game 1558 (ref-50fd965 vs cand-a771260): 1/2-1/2 {Draw by 3-fold repetition}
Started game 1569 of 40000 (cand-a771260 vs ref-50fd965)
Finished game 1555 (cand-a771260 vs ref-50fd965): 0-1 {Black wins by adjudication}
Started game 1570 of 40000 (ref-50fd965 vs cand-a771260)
Finished game 1554 (ref-50fd965 vs cand-a771260): 1/2-1/2 {Draw by adjudication}
Started game 1571 of 40000 (cand-a771260 vs ref-50fd965)
Finished game 1560 (ref-50fd965 vs cand-a771260): 1-0 {White wins by adjudication}
--------------------------------------------------
Results of cand-a771260 vs ref-50fd965 (8+0.08, 1t, 16MB, noob_3moves.epd):
Elo: 24.32 +/- 12.76, nElo: 32.97 +/- 17.24
LOS: 99.99 %, DrawRatio: 36.92 %, PairsRatio: 1.39
Games: 1560, Wins: 544, Losses: 435, Draws: 581, Points: 834.5 (53.49 %)
Ptnml(0-2): [47, 159, 288, 210, 76], WL/DD Ratio: 1.72
LLR: 1.95 (66.2%) (-2.94, 2.94) [0.00, 5.00]
--------------------------------------------------
Started game 1572 of 40000 (ref-50fd965 vs cand-a771260)
Finished game 1564 (ref-50fd965 vs cand-a771260): 1/2-1/2 {Draw by 3-fold repetition}
Started game 1573 of 40000 (cand-a771260 vs ref-50fd965)
Finished game 1566 (ref-50fd965 vs cand-a771260): 0-1 {Black wins by adjudication}
Started game 1574 of 40000 (ref-50fd965 vs cand-a771260)
Finished game 1562 (ref-50fd965 vs cand-a771260): 1/2-1/2 {Draw by insufficient mating material}
Started game 1575 of 40000 (cand-a771260 vs ref-50fd965)
Finished game 1561 (cand-a771260 vs ref-50fd965): 1/2-1/2 {Draw by 3-fold repetition}
Started game 1576 of 40000 (ref-50fd965 vs cand-a771260)
Finished game 1563 (cand-a771260 vs ref-50fd965): 1/2-1/2 {Draw by 3-fold repetition}
Started game 1577 of 40000 (cand-a771260 vs ref-50fd965)
Finished game 1568 (ref-50fd965 vs cand-a771260): 0-1 {Black wins by adjudication}
Started game 1578 of 40000 (ref-50fd965 vs cand-a771260)
Finished game 1565 (cand-a771260 vs ref-50fd965): 1/2-1/2 {Draw by insufficient mating material}
Started game 1579 of 40000 (cand-a771260 vs ref-50fd965)
Finished game 1567 (cand-a771260 vs ref-50fd965): 1/2-1/2 {Draw by 3-fold repetition}
Started game 1580 of 40000 (ref-50fd965 vs cand-a771260)
Finished game 1571 (cand-a771260 vs ref-50fd965): 1/2-1/2 {Draw by 3-fold repetition}
Started game 1581 of 40000 (cand-a771260 vs ref-50fd965)
Finished game 1570 (ref-50fd965 vs cand-a771260): 1/2-1/2 {Draw by adjudication}
Started game 1582 of 40000 (ref-50fd965 vs cand-a771260)
Finished game 1575 (cand-a771260 vs ref-50fd965): 1/2-1/2 {Draw by 3-fold repetition}
Started game 1583 of 40000 (cand-a771260 vs ref-50fd965)
Finished game 1574 (ref-50fd965 vs cand-a771260): 1/2-1/2 {Draw by 3-fold repetition}
Started game 1584 of 40000 (ref-50fd965 vs cand-a771260)
Finished game 1579 (cand-a771260 vs ref-50fd965): 1/2-1/2 {Draw by 3-fold repetition}
Started game 1585 of 40000 (cand-a771260 vs ref-50fd965)
Finished game 1572 (ref-50fd965 vs cand-a771260): 1-0 {White wins by adjudication}
Started game 1586 of 40000 (ref-50fd965 vs cand-a771260)
Finished game 1569 (cand-a771260 vs ref-50fd965): 0-1 {Black wins by adjudication}
Started game 1587 of 40000 (cand-a771260 vs ref-50fd965)
Finished game 1582 (ref-50fd965 vs cand-a771260): 1/2-1/2 {Draw by 3-fold repetition}
Started game 1588 of 40000 (ref-50fd965 vs cand-a771260)
Finished game 1576 (ref-50fd965 vs cand-a771260): 0-1 {Black wins by adjudication}
Started game 1589 of 40000 (cand-a771260 vs ref-50fd965)
Finished game 1580 (ref-50fd965 vs cand-a771260): 1-0 {White wins by adjudication}
--------------------------------------------------
Results of cand-a771260 vs ref-50fd965 (8+0.08, 1t, 16MB, noob_3moves.epd):
Elo: 24.07 +/- 12.68, nElo: 32.68 +/- 17.15
LOS: 99.99 %, DrawRatio: 36.80 %, PairsRatio: 1.38
Games: 1576, Wins: 547, Losses: 438, Draws: 591, Points: 842.5 (53.46 %)
Ptnml(0-2): [47, 162, 290, 213, 76], WL/DD Ratio: 1.69
LLR: 1.95 (66.3%) (-2.94, 2.94) [0.00, 5.00]
--------------------------------------------------
Started game 1590 of 40000 (ref-50fd965 vs cand-a771260)
Finished game 1577 (cand-a771260 vs ref-50fd965): 1-0 {White wins by adjudication}
Started game 1591 of 40000 (cand-a771260 vs ref-50fd965)
Finished game 1573 (cand-a771260 vs ref-50fd965): 1-0 {White wins by adjudication}
Started game 1592 of 40000 (ref-50fd965 vs cand-a771260)
Finished game 1578 (ref-50fd965 vs cand-a771260): 1-0 {White wins by adjudication}
Started game 1593 of 40000 (cand-a771260 vs ref-50fd965)
Finished game 1586 (ref-50fd965 vs cand-a771260): 1/2-1/2 {Draw by 3-fold repetition}
Started game 1594 of 40000 (ref-50fd965 vs cand-a771260)
Finished game 1581 (cand-a771260 vs ref-50fd965): 1/2-1/2 {Draw by insufficient mating material}
Started game 1595 of 40000 (cand-a771260 vs ref-50fd965)
Finished game 1591 (cand-a771260 vs ref-50fd965): 1-0 {White wins by adjudication}
Started game 1596 of 40000 (ref-50fd965 vs cand-a771260)
Finished game 1590 (ref-50fd965 vs cand-a771260): 1-0 {White wins by adjudication}
Started game 1597 of 40000 (cand-a771260 vs ref-50fd965)
Finished game 1585 (cand-a771260 vs ref-50fd965): 1-0 {White wins by adjudication}
Started game 1598 of 40000 (ref-50fd965 vs cand-a771260)
Finished game 1583 (cand-a771260 vs ref-50fd965): 1/2-1/2 {Draw by 3-fold repetition}
Started game 1599 of 40000 (cand-a771260 vs ref-50fd965)
Finished game 1588 (ref-50fd965 vs cand-a771260): 0-1 {Black wins by adjudication}
Started game 1600 of 40000 (ref-50fd965 vs cand-a771260)
Finished game 1589 (cand-a771260 vs ref-50fd965): 0-1 {Black wins by adjudication}
Started game 1601 of 40000 (cand-a771260 vs ref-50fd965)
Finished game 1587 (cand-a771260 vs ref-50fd965): 1-0 {White wins by adjudication}
Started game 1602 of 40000 (ref-50fd965 vs cand-a771260)
Finished game 1584 (ref-50fd965 vs cand-a771260): 1/2-1/2 {Draw by adjudication}
Started game 1603 of 40000 (cand-a771260 vs ref-50fd965)
Finished game 1596 (ref-50fd965 vs cand-a771260): 1/2-1/2 {Draw by 3-fold repetition}
Started game 1604 of 40000 (ref-50fd965 vs cand-a771260)
Finished game 1595 (cand-a771260 vs ref-50fd965): 0-1 {Black wins by adjudication}
Started game 1605 of 40000 (cand-a771260 vs ref-50fd965)
Finished game 1599 (cand-a771260 vs ref-50fd965): 1-0 {White wins by adjudication}
Started game 1606 of 40000 (ref-50fd965 vs cand-a771260)
Finished game 1597 (cand-a771260 vs ref-50fd965): 0-1 {Black wins by adjudication}
Started game 1607 of 40000 (cand-a771260 vs ref-50fd965)
Finished game 1600 (ref-50fd965 vs cand-a771260): 0-1 {Black wins by adjudication}
--------------------------------------------------
Results of cand-a771260 vs ref-50fd965 (8+0.08, 1t, 16MB, noob_3moves.epd):
Elo: 24.45 +/- 12.64, nElo: 33.11 +/- 17.06
LOS: 99.99 %, DrawRatio: 36.76 %, PairsRatio: 1.39
Games: 1594, Wins: 554, Losses: 442, Draws: 598, Points: 853.0 (53.51 %)
Ptnml(0-2): [48, 163, 293, 215, 78], WL/DD Ratio: 1.66
LLR: 2.00 (68.0%) (-2.94, 2.94) [0.00, 5.00]
--------------------------------------------------
Started game 1608 of 40000 (ref-50fd965 vs cand-a771260)
Finished game 1592 (ref-50fd965 vs cand-a771260): 1-0 {White wins by adjudication}
Started game 1609 of 40000 (cand-a771260 vs ref-50fd965)
Finished game 1594 (ref-50fd965 vs cand-a771260): 1-0 {White wins by adjudication}
Started game 1610 of 40000 (ref-50fd965 vs cand-a771260)
Finished game 1593 (cand-a771260 vs ref-50fd965): 1/2-1/2 {Draw by 3-fold repetition}
Started game 1611 of 40000 (cand-a771260 vs ref-50fd965)
Finished game 1601 (cand-a771260 vs ref-50fd965): 1/2-1/2 {Draw by 3-fold repetition}
Started game 1612 of 40000 (ref-50fd965 vs cand-a771260)
Finished game 1606 (ref-50fd965 vs cand-a771260): 0-1 {Black wins by adjudication}
Started game 1613 of 40000 (cand-a771260 vs ref-50fd965)
Finished game 1602 (ref-50fd965 vs cand-a771260): 0-1 {Black wins by adjudication}
Started game 1614 of 40000 (ref-50fd965 vs cand-a771260)
Finished game 1607 (cand-a771260 vs ref-50fd965): 1-0 {White wins by adjudication}
Started game 1615 of 40000 (cand-a771260 vs ref-50fd965)
Finished game 1598 (ref-50fd965 vs cand-a771260): 1/2-1/2 {Draw by 3-fold repetition}
Started game 1616 of 40000 (ref-50fd965 vs cand-a771260)
Finished game 1608 (ref-50fd965 vs cand-a771260): 1-0 {White wins by adjudication}
Started game 1617 of 40000 (cand-a771260 vs ref-50fd965)
Finished game 1604 (ref-50fd965 vs cand-a771260): 1/2-1/2 {Draw by 3-fold repetition}
Started game 1618 of 40000 (ref-50fd965 vs cand-a771260)
Finished game 1603 (cand-a771260 vs ref-50fd965): 0-1 {Black wins by adjudication}
Started game 1619 of 40000 (cand-a771260 vs ref-50fd965)
Finished game 1616 (ref-50fd965 vs cand-a771260): 1/2-1/2 {Draw by 3-fold repetition}
Started game 1620 of 40000 (ref-50fd965 vs cand-a771260)
Finished game 1610 (ref-50fd965 vs cand-a771260): 0-1 {Black wins by adjudication}
Started game 1621 of 40000 (cand-a771260 vs ref-50fd965)
Finished game 1611 (cand-a771260 vs ref-50fd965): 1-0 {White wins by adjudication}
Started game 1622 of 40000 (ref-50fd965 vs cand-a771260)
Finished game 1605 (cand-a771260 vs ref-50fd965): 1-0 {White wins by adjudication}
Started game 1623 of 40000 (cand-a771260 vs ref-50fd965)
Finished game 1609 (cand-a771260 vs ref-50fd965): 1/2-1/2 {Draw by 3-fold repetition}
Started game 1624 of 40000 (ref-50fd965 vs cand-a771260)
Finished game 1615 (cand-a771260 vs ref-50fd965): 1/2-1/2 {Draw by 3-fold repetition}
Started game 1625 of 40000 (cand-a771260 vs ref-50fd965)
Finished game 1612 (ref-50fd965 vs cand-a771260): 1/2-1/2 {Draw by adjudication}
Started game 1626 of 40000 (ref-50fd965 vs cand-a771260)
Finished game 1617 (cand-a771260 vs ref-50fd965): 1/2-1/2 {Draw by 3-fold repetition}
Started game 1627 of 40000 (cand-a771260 vs ref-50fd965)
Finished game 1621 (cand-a771260 vs ref-50fd965): 1/2-1/2 {Draw by 3-fold repetition}
Started game 1628 of 40000 (ref-50fd965 vs cand-a771260)
Finished game 1618 (ref-50fd965 vs cand-a771260): 1/2-1/2 {Draw by insufficient mating material}
Started game 1629 of 40000 (cand-a771260 vs ref-50fd965)
Finished game 1625 (cand-a771260 vs ref-50fd965): 1/2-1/2 {Draw by 3-fold repetition}
Started game 1630 of 40000 (ref-50fd965 vs cand-a771260)
Finished game 1613 (cand-a771260 vs ref-50fd965): 1/2-1/2 {Draw by fifty moves rule}
Started game 1631 of 40000 (cand-a771260 vs ref-50fd965)
Finished game 1614 (ref-50fd965 vs cand-a771260): 1/2-1/2 {Draw by adjudication}
Started game 1632 of 40000 (ref-50fd965 vs cand-a771260)
Finished game 1622 (ref-50fd965 vs cand-a771260): 1-0 {White wins by adjudication}
Started game 1633 of 40000 (cand-a771260 vs ref-50fd965)
Finished game 1620 (ref-50fd965 vs cand-a771260): 1/2-1/2 {Draw by 3-fold repetition}
Started game 1634 of 40000 (ref-50fd965 vs cand-a771260)
Finished game 1624 (ref-50fd965 vs cand-a771260): 1-0 {White wins by adjudication}
Started game 1635 of 40000 (cand-a771260 vs ref-50fd965)
Finished game 1626 (ref-50fd965 vs cand-a771260): 0-1 {Black wins by adjudication}
Started game 1636 of 40000 (ref-50fd965 vs cand-a771260)
Finished game 1623 (cand-a771260 vs ref-50fd965): 0-1 {Black wins by adjudication}
Started game 1637 of 40000 (cand-a771260 vs ref-50fd965)
Finished game 1630 (ref-50fd965 vs cand-a771260): 1/2-1/2 {Draw by 3-fold repetition}
Started game 1638 of 40000 (ref-50fd965 vs cand-a771260)
Finished game 1619 (cand-a771260 vs ref-50fd965): 1/2-1/2 {Draw by fifty moves rule}
--------------------------------------------------
Results of cand-a771260 vs ref-50fd965 (8+0.08, 1t, 16MB, noob_3moves.epd):
Elo: 23.97 +/- 12.51, nElo: 32.48 +/- 16.89
LOS: 99.99 %, DrawRatio: 36.78 %, PairsRatio: 1.38
Games: 1626, Wins: 562, Losses: 450, Draws: 614, Points: 869.0 (53.44 %)
Ptnml(0-2): [49, 167, 299, 219, 79], WL/DD Ratio: 1.62
LLR: 2.00 (67.9%) (-2.94, 2.94) [0.00, 5.00]
--------------------------------------------------
Started game 1639 of 40000 (cand-a771260 vs ref-50fd965)
Finished game 1627 (cand-a771260 vs ref-50fd965): 0-1 {Black wins by adjudication}
Started game 1640 of 40000 (ref-50fd965 vs cand-a771260)
Finished game 1631 (cand-a771260 vs ref-50fd965): 1-0 {White wins by adjudication}
Started game 1641 of 40000 (cand-a771260 vs ref-50fd965)
Finished game 1628 (ref-50fd965 vs cand-a771260): 1-0 {White wins by adjudication}
Started game 1642 of 40000 (ref-50fd965 vs cand-a771260)
Finished game 1632 (ref-50fd965 vs cand-a771260): 0-1 {Black wins by adjudication}
Started game 1643 of 40000 (cand-a771260 vs ref-50fd965)
Finished game 1634 (ref-50fd965 vs cand-a771260): 1/2-1/2 {Draw by 3-fold repetition}
Started game 1644 of 40000 (ref-50fd965 vs cand-a771260)
Finished game 1635 (cand-a771260 vs ref-50fd965): 0-1 {Black wins by adjudication}
Started game 1645 of 40000 (cand-a771260 vs ref-50fd965)
Finished game 1637 (cand-a771260 vs ref-50fd965): 1-0 {White wins by adjudication}
Started game 1646 of 40000 (ref-50fd965 vs cand-a771260)
Finished game 1638 (ref-50fd965 vs cand-a771260): 1/2-1/2 {Draw by adjudication}
Started game 1647 of 40000 (cand-a771260 vs ref-50fd965)
Finished game 1629 (cand-a771260 vs ref-50fd965): 1-0 {White wins by adjudication}
Started game 1648 of 40000 (ref-50fd965 vs cand-a771260)
Finished game 1641 (cand-a771260 vs ref-50fd965): 1-0 {White wins by adjudication}
Started game 1649 of 40000 (cand-a771260 vs ref-50fd965)
Finished game 1640 (ref-50fd965 vs cand-a771260): 0-1 {Black wins by adjudication}
Started game 1650 of 40000 (ref-50fd965 vs cand-a771260)
Finished game 1636 (ref-50fd965 vs cand-a771260): 1-0 {White wins by adjudication}
Started game 1651 of 40000 (cand-a771260 vs ref-50fd965)
Finished game 1642 (ref-50fd965 vs cand-a771260): 0-1 {Black wins by adjudication}
Started game 1652 of 40000 (ref-50fd965 vs cand-a771260)
Finished game 1633 (cand-a771260 vs ref-50fd965): 0-1 {Black wins by adjudication}
Started game 1653 of 40000 (cand-a771260 vs ref-50fd965)
Finished game 1645 (cand-a771260 vs ref-50fd965): 1-0 {White wins by adjudication}
Started game 1654 of 40000 (ref-50fd965 vs cand-a771260)
Finished game 1639 (cand-a771260 vs ref-50fd965): 1/2-1/2 {Draw by 3-fold repetition}
--------------------------------------------------
Results of cand-a771260 vs ref-50fd965 (8+0.08, 1t, 16MB, noob_3moves.epd):
Elo: 24.16 +/- 12.52, nElo: 32.54 +/- 16.80
LOS: 99.99 %, DrawRatio: 36.42 %, PairsRatio: 1.38
Games: 1642, Wins: 569, Losses: 455, Draws: 618, Points: 878.0 (53.47 %)
Ptnml(0-2): [51, 168, 299, 222, 81], WL/DD Ratio: 1.62
LLR: 2.02 (68.7%) (-2.94, 2.94) [0.00, 5.00]
--------------------------------------------------
Started game 1655 of 40000 (cand-a771260 vs ref-50fd965)
Finished game 1644 (ref-50fd965 vs cand-a771260): 1/2-1/2 {Draw by 3-fold repetition}
Started game 1656 of 40000 (ref-50fd965 vs cand-a771260)
Finished game 1643 (cand-a771260 vs ref-50fd965): 1-0 {White wins by adjudication}
Started game 1657 of 40000 (cand-a771260 vs ref-50fd965)
Finished game 1646 (ref-50fd965 vs cand-a771260): 1-0 {White wins by adjudication}
Started game 1658 of 40000 (ref-50fd965 vs cand-a771260)
Finished game 1647 (cand-a771260 vs ref-50fd965): 1-0 {White wins by adjudication}
Started game 1659 of 40000 (cand-a771260 vs ref-50fd965)
Finished game 1650 (ref-50fd965 vs cand-a771260): 1/2-1/2 {Draw by 3-fold repetition}
Started game 1660 of 40000 (ref-50fd965 vs cand-a771260)
Finished game 1654 (ref-50fd965 vs cand-a771260): 1/2-1/2 {Draw by 3-fold repetition}
Started game 1661 of 40000 (cand-a771260 vs ref-50fd965)
Finished game 1648 (ref-50fd965 vs cand-a771260): 1/2-1/2 {Draw by adjudication}
Started game 1662 of 40000 (ref-50fd965 vs cand-a771260)
Finished game 1651 (cand-a771260 vs ref-50fd965): 1/2-1/2 {Draw by 3-fold repetition}
Started game 1663 of 40000 (cand-a771260 vs ref-50fd965)
Finished game 1652 (ref-50fd965 vs cand-a771260): 0-1 {Black wins by adjudication}
Started game 1664 of 40000 (ref-50fd965 vs cand-a771260)
Finished game 1655 (cand-a771260 vs ref-50fd965): 0-1 {Black wins by adjudication}
Started game 1665 of 40000 (cand-a771260 vs ref-50fd965)
Finished game 1653 (cand-a771260 vs ref-50fd965): 0-1 {Black wins by adjudication}
Started game 1666 of 40000 (ref-50fd965 vs cand-a771260)
Finished game 1659 (cand-a771260 vs ref-50fd965): 1/2-1/2 {Draw by 3-fold repetition}
Started game 1667 of 40000 (cand-a771260 vs ref-50fd965)
Finished game 1649 (cand-a771260 vs ref-50fd965): 1-0 {White wins by adjudication}
Started game 1668 of 40000 (ref-50fd965 vs cand-a771260)
Finished game 1656 (ref-50fd965 vs cand-a771260): 0-1 {Black wins by adjudication}
Started game 1669 of 40000 (cand-a771260 vs ref-50fd965)
Finished game 1661 (cand-a771260 vs ref-50fd965): 1-0 {White wins by adjudication}
Started game 1670 of 40000 (ref-50fd965 vs cand-a771260)
Finished game 1657 (cand-a771260 vs ref-50fd965): 1/2-1/2 {Draw by 3-fold repetition}
Started game 1671 of 40000 (cand-a771260 vs ref-50fd965)
Finished game 1660 (ref-50fd965 vs cand-a771260): 0-1 {Black wins by adjudication}
--------------------------------------------------
Results of cand-a771260 vs ref-50fd965 (8+0.08, 1t, 16MB, noob_3moves.epd):
Elo: 24.77 +/- 12.44, nElo: 33.43 +/- 16.72
LOS: 100.00 %, DrawRatio: 36.31 %, PairsRatio: 1.40
Games: 1658, Wins: 576, Losses: 458, Draws: 624, Points: 888.0 (53.56 %)
Ptnml(0-2): [51, 169, 301, 227, 81], WL/DD Ratio: 1.64
LLR: 2.10 (71.3%) (-2.94, 2.94) [0.00, 5.00]
--------------------------------------------------
Started game 1672 of 40000 (ref-50fd965 vs cand-a771260)
Finished game 1665 (cand-a771260 vs ref-50fd965): 1-0 {White wins by adjudication}
Started game 1673 of 40000 (cand-a771260 vs ref-50fd965)
Finished game 1666 (ref-50fd965 vs cand-a771260): 1-0 {White wins by adjudication}
Started game 1674 of 40000 (ref-50fd965 vs cand-a771260)
Finished game 1663 (cand-a771260 vs ref-50fd965): 1-0 {White wins by adjudication}
Started game 1675 of 40000 (cand-a771260 vs ref-50fd965)
Finished game 1664 (ref-50fd965 vs cand-a771260): 1-0 {White wins by adjudication}
Started game 1676 of 40000 (ref-50fd965 vs cand-a771260)
Finished game 1669 (cand-a771260 vs ref-50fd965): 0-1 {Black wins by adjudication}
Started game 1677 of 40000 (cand-a771260 vs ref-50fd965)
Finished game 1658 (ref-50fd965 vs cand-a771260): 1/2-1/2 {Draw by insufficient mating material}
Started game 1678 of 40000 (ref-50fd965 vs cand-a771260)
Finished game 1668 (ref-50fd965 vs cand-a771260): 0-1 {Black wins by adjudication}
Started game 1679 of 40000 (cand-a771260 vs ref-50fd965)
Finished game 1671 (cand-a771260 vs ref-50fd965): 0-1 {Black wins by adjudication}
Started game 1680 of 40000 (ref-50fd965 vs cand-a771260)
Finished game 1672 (ref-50fd965 vs cand-a771260): 0-1 {Black wins by adjudication}
Started game 1681 of 40000 (cand-a771260 vs ref-50fd965)
Finished game 1667 (cand-a771260 vs ref-50fd965): 0-1 {Black wins by adjudication}
Started game 1682 of 40000 (ref-50fd965 vs cand-a771260)
Finished game 1662 (ref-50fd965 vs cand-a771260): 1/2-1/2 {Draw by fifty moves rule}
Started game 1683 of 40000 (cand-a771260 vs ref-50fd965)
Finished game 1670 (ref-50fd965 vs cand-a771260): 1/2-1/2 {Draw by 3-fold repetition}
Started game 1684 of 40000 (ref-50fd965 vs cand-a771260)
Finished game 1675 (cand-a771260 vs ref-50fd965): 1-0 {White wins by adjudication}
Started game 1685 of 40000 (cand-a771260 vs ref-50fd965)
Finished game 1677 (cand-a771260 vs ref-50fd965): 1-0 {White wins by adjudication}
Started game 1686 of 40000 (ref-50fd965 vs cand-a771260)
Finished game 1673 (cand-a771260 vs ref-50fd965): 1/2-1/2 {Draw by adjudication}
Started game 1687 of 40000 (cand-a771260 vs ref-50fd965)
Finished game 1679 (cand-a771260 vs ref-50fd965): 0-1 {Black wins by adjudication}
Started game 1688 of 40000 (ref-50fd965 vs cand-a771260)
Finished game 1674 (ref-50fd965 vs cand-a771260): 1/2-1/2 {Draw by 3-fold repetition}
Started game 1689 of 40000 (cand-a771260 vs ref-50fd965)
Finished game 1682 (ref-50fd965 vs cand-a771260): 1-0 {White wins by adjudication}
Started game 1690 of 40000 (ref-50fd965 vs cand-a771260)
Finished game 1676 (ref-50fd965 vs cand-a771260): 0-1 {Black wins by adjudication}
Started game 1691 of 40000 (cand-a771260 vs ref-50fd965)
Finished game 1680 (ref-50fd965 vs cand-a771260): 0-1 {Black wins by adjudication}
--------------------------------------------------
Results of cand-a771260 vs ref-50fd965 (8+0.08, 1t, 16MB, noob_3moves.epd):
Elo: 24.89 +/- 12.33, nElo: 33.69 +/- 16.62
LOS: 100.00 %, DrawRatio: 36.71 %, PairsRatio: 1.40
Games: 1678, Wins: 584, Losses: 464, Draws: 630, Points: 899.0 (53.58 %)
Ptnml(0-2): [51, 170, 308, 228, 82], WL/DD Ratio: 1.66
LLR: 2.14 (72.8%) (-2.94, 2.94) [0.00, 5.00]
--------------------------------------------------
Started game 1692 of 40000 (ref-50fd965 vs cand-a771260)
Finished game 1681 (cand-a771260 vs ref-50fd965): 1/2-1/2 {Draw by 3-fold repetition}
Started game 1693 of 40000 (cand-a771260 vs ref-50fd965)
Finished game 1678 (ref-50fd965 vs cand-a771260): 1/2-1/2 {Draw by insufficient mating material}
Started game 1694 of 40000 (ref-50fd965 vs cand-a771260)
Finished game 1689 (cand-a771260 vs ref-50fd965): 1-0 {White wins by adjudication}
Started game 1695 of 40000 (cand-a771260 vs ref-50fd965)
Finished game 1685 (cand-a771260 vs ref-50fd965): 1/2-1/2 {Draw by 3-fold repetition}
Started game 1696 of 40000 (ref-50fd965 vs cand-a771260)
Finished game 1684 (ref-50fd965 vs cand-a771260): 1-0 {White wins by adjudication}
Started game 1697 of 40000 (cand-a771260 vs ref-50fd965)
Finished game 1683 (cand-a771260 vs ref-50fd965): 0-1 {Black wins by adjudication}
Started game 1698 of 40000 (ref-50fd965 vs cand-a771260)
Finished game 1687 (cand-a771260 vs ref-50fd965): 1/2-1/2 {Draw by 3-fold repetition}
Started game 1699 of 40000 (cand-a771260 vs ref-50fd965)
Finished game 1690 (ref-50fd965 vs cand-a771260): 1-0 {White wins by adjudication}
Started game 1700 of 40000 (ref-50fd965 vs cand-a771260)
Finished game 1686 (ref-50fd965 vs cand-a771260): 1-0 {White wins by adjudication}
Started game 1701 of 40000 (cand-a771260 vs ref-50fd965)
Finished game 1688 (ref-50fd965 vs cand-a771260): 1-0 {White wins by adjudication}
Started game 1702 of 40000 (ref-50fd965 vs cand-a771260)
Finished game 1692 (ref-50fd965 vs cand-a771260): 1/2-1/2 {Draw by 3-fold repetition}
Started game 1703 of 40000 (cand-a771260 vs ref-50fd965)
Finished game 1691 (cand-a771260 vs ref-50fd965): 1-0 {White wins by adjudication}
Started game 1704 of 40000 (ref-50fd965 vs cand-a771260)
Finished game 1693 (cand-a771260 vs ref-50fd965): 1-0 {White wins by adjudication}
Started game 1705 of 40000 (cand-a771260 vs ref-50fd965)
Finished game 1697 (cand-a771260 vs ref-50fd965): 1/2-1/2 {Draw by 3-fold repetition}
Started game 1706 of 40000 (ref-50fd965 vs cand-a771260)
Finished game 1695 (cand-a771260 vs ref-50fd965): 1-0 {White wins by adjudication}
Started game 1707 of 40000 (cand-a771260 vs ref-50fd965)
Finished game 1694 (ref-50fd965 vs cand-a771260): 1-0 {White wins by adjudication}
Started game 1708 of 40000 (ref-50fd965 vs cand-a771260)
Finished game 1703 (cand-a771260 vs ref-50fd965): 0-1 {Black wins by adjudication}
Started game 1709 of 40000 (cand-a771260 vs ref-50fd965)
Finished game 1696 (ref-50fd965 vs cand-a771260): 1/2-1/2 {Draw by 3-fold repetition}
Started game 1710 of 40000 (ref-50fd965 vs cand-a771260)
Finished game 1704 (ref-50fd965 vs cand-a771260): 1-0 {White wins by adjudication}
Started game 1711 of 40000 (cand-a771260 vs ref-50fd965)
Finished game 1699 (cand-a771260 vs ref-50fd965): 0-1 {Black wins by adjudication}
Started game 1712 of 40000 (ref-50fd965 vs cand-a771260)
Finished game 1706 (ref-50fd965 vs cand-a771260): 1-0 {White wins by adjudication}
Started game 1713 of 40000 (cand-a771260 vs ref-50fd965)
Finished game 1701 (cand-a771260 vs ref-50fd965): 0-1 {Black wins by adjudication}
Started game 1714 of 40000 (ref-50fd965 vs cand-a771260)
Finished game 1705 (cand-a771260 vs ref-50fd965): 0-1 {Black wins by adjudication}
Started game 1715 of 40000 (cand-a771260 vs ref-50fd965)
Finished game 1709 (cand-a771260 vs ref-50fd965): 1-0 {White wins by adjudication}
Started game 1716 of 40000 (ref-50fd965 vs cand-a771260)
Finished game 1698 (ref-50fd965 vs cand-a771260): 1/2-1/2 {Draw by adjudication}
Started game 1717 of 40000 (cand-a771260 vs ref-50fd965)
Finished game 1700 (ref-50fd965 vs cand-a771260): 0-1 {Black wins by adjudication}
--------------------------------------------------
Results of cand-a771260 vs ref-50fd965 (8+0.08, 1t, 16MB, noob_3moves.epd):
Elo: 23.28 +/- 12.26, nElo: 31.42 +/- 16.50
LOS: 99.99 %, DrawRatio: 36.62 %, PairsRatio: 1.38
Games: 1704, Wins: 590, Losses: 476, Draws: 638, Points: 909.0 (53.35 %)
Ptnml(0-2): [54, 173, 312, 231, 82], WL/DD Ratio: 1.67
LLR: 2.02 (68.6%) (-2.94, 2.94) [0.00, 5.00]
--------------------------------------------------
Started game 1718 of 40000 (ref-50fd965 vs cand-a771260)
Finished game 1707 (cand-a771260 vs ref-50fd965): 1-0 {White wins by adjudication}
Started game 1719 of 40000 (cand-a771260 vs ref-50fd965)
Finished game 1708 (ref-50fd965 vs cand-a771260): 1/2-1/2 {Draw by 3-fold repetition}
Started game 1720 of 40000 (ref-50fd965 vs cand-a771260)
Finished game 1702 (ref-50fd965 vs cand-a771260): 1/2-1/2 {Draw by fifty moves rule}
Started game 1721 of 40000 (cand-a771260 vs ref-50fd965)
Finished game 1710 (ref-50fd965 vs cand-a771260): 0-1 {Black wins by adjudication}
Started game 1722 of 40000 (ref-50fd965 vs cand-a771260)
Finished game 1712 (ref-50fd965 vs cand-a771260): 0-1 {Black wins by adjudication}
Started game 1723 of 40000 (cand-a771260 vs ref-50fd965)
Finished game 1711 (cand-a771260 vs ref-50fd965): 0-1 {Black wins by adjudication}
Started game 1724 of 40000 (ref-50fd965 vs cand-a771260)
Finished game 1713 (cand-a771260 vs ref-50fd965): 1-0 {White wins by adjudication}
Started game 1725 of 40000 (cand-a771260 vs ref-50fd965)
Finished game 1714 (ref-50fd965 vs cand-a771260): 0-1 {Black wins by adjudication}
Started game 1726 of 40000 (ref-50fd965 vs cand-a771260)
Finished game 1718 (ref-50fd965 vs cand-a771260): 0-1 {Black wins by adjudication}
Started game 1727 of 40000 (cand-a771260 vs ref-50fd965)
Finished game 1715 (cand-a771260 vs ref-50fd965): 1-0 {White wins by adjudication}
Started game 1728 of 40000 (ref-50fd965 vs cand-a771260)
Finished game 1717 (cand-a771260 vs ref-50fd965): 1-0 {White wins by adjudication}
Started game 1729 of 40000 (cand-a771260 vs ref-50fd965)
Finished game 1719 (cand-a771260 vs ref-50fd965): 0-1 {Black wins by adjudication}
Started game 1730 of 40000 (ref-50fd965 vs cand-a771260)
Finished game 1721 (cand-a771260 vs ref-50fd965): 0-1 {Black wins by adjudication}
Started game 1731 of 40000 (cand-a771260 vs ref-50fd965)
Finished game 1722 (ref-50fd965 vs cand-a771260): 0-1 {Black wins by adjudication}
Started game 1732 of 40000 (ref-50fd965 vs cand-a771260)
Finished game 1720 (ref-50fd965 vs cand-a771260): 1/2-1/2 {Draw by adjudication}
--------------------------------------------------
Results of cand-a771260 vs ref-50fd965 (8+0.08, 1t, 16MB, noob_3moves.epd):
Elo: 24.08 +/- 12.24, nElo: 32.40 +/- 16.42
LOS: 99.99 %, DrawRatio: 36.51 %, PairsRatio: 1.38
Games: 1720, Wins: 599, Losses: 480, Draws: 641, Points: 919.5 (53.46 %)
Ptnml(0-2): [54, 175, 314, 232, 85], WL/DD Ratio: 1.68
LLR: 2.11 (71.6%) (-2.94, 2.94) [0.00, 5.00]
--------------------------------------------------
Started game 1733 of 40000 (cand-a771260 vs ref-50fd965)
Finished game 1723 (cand-a771260 vs ref-50fd965): 1/2-1/2 {Draw by 3-fold repetition}
Started game 1734 of 40000 (ref-50fd965 vs cand-a771260)
Finished game 1725 (cand-a771260 vs ref-50fd965): 0-1 {Black wins by adjudication}
Started game 1735 of 40000 (cand-a771260 vs ref-50fd965)
Finished game 1716 (ref-50fd965 vs cand-a771260): 1/2-1/2 {Draw by fifty moves rule}
Started game 1736 of 40000 (ref-50fd965 vs cand-a771260)
Finished game 1724 (ref-50fd965 vs cand-a771260): 1/2-1/2 {Draw by 3-fold repetition}
Started game 1737 of 40000 (cand-a771260 vs ref-50fd965)
Finished game 1732 (ref-50fd965 vs cand-a771260): 0-1 {Black wins by adjudication}
Started game 1738 of 40000 (ref-50fd965 vs cand-a771260)
Finished game 1730 (ref-50fd965 vs cand-a771260): 0-1 {Black wins by adjudication}
Started game 1739 of 40000 (cand-a771260 vs ref-50fd965)
Finished game 1726 (ref-50fd965 vs cand-a771260): 0-1 {Black wins by adjudication}
Started game 1740 of 40000 (ref-50fd965 vs cand-a771260)
Finished game 1731 (cand-a771260 vs ref-50fd965): 1-0 {White wins by adjudication}
Started game 1741 of 40000 (cand-a771260 vs ref-50fd965)
Finished game 1728 (ref-50fd965 vs cand-a771260): 1/2-1/2 {Draw by insufficient mating material}
Started game 1742 of 40000 (ref-50fd965 vs cand-a771260)
Finished game 1727 (cand-a771260 vs ref-50fd965): 1/2-1/2 {Draw by adjudication}
Started game 1743 of 40000 (cand-a771260 vs ref-50fd965)
Finished game 1736 (ref-50fd965 vs cand-a771260): 1-0 {White wins by adjudication}
Started game 1744 of 40000 (ref-50fd965 vs cand-a771260)
Finished game 1733 (cand-a771260 vs ref-50fd965): 1/2-1/2 {Draw by insufficient mating material}
Started game 1745 of 40000 (cand-a771260 vs ref-50fd965)
Finished game 1734 (ref-50fd965 vs cand-a771260): 0-1 {Black wins by adjudication}
Started game 1746 of 40000 (ref-50fd965 vs cand-a771260)
Finished game 1735 (cand-a771260 vs ref-50fd965): 1-0 {White wins by adjudication}
Started game 1747 of 40000 (cand-a771260 vs ref-50fd965)
Finished game 1740 (ref-50fd965 vs cand-a771260): 0-1 {Black wins by adjudication}
Started game 1748 of 40000 (ref-50fd965 vs cand-a771260)
Finished game 1739 (cand-a771260 vs ref-50fd965): 1/2-1/2 {Draw by insufficient mating material}
--------------------------------------------------
Results of cand-a771260 vs ref-50fd965 (8+0.08, 1t, 16MB, noob_3moves.epd):
Elo: 24.86 +/- 12.17, nElo: 33.51 +/- 16.34
LOS: 100.00 %, DrawRatio: 36.64 %, PairsRatio: 1.40
Games: 1736, Wins: 606, Losses: 482, Draws: 648, Points: 930.0 (53.57 %)
Ptnml(0-2): [54, 175, 318, 235, 86], WL/DD Ratio: 1.67
LLR: 2.21 (74.9%) (-2.94, 2.94) [0.00, 5.00]
--------------------------------------------------
Started game 1749 of 40000 (cand-a771260 vs ref-50fd965)
Finished game 1729 (cand-a771260 vs ref-50fd965): 1/2-1/2 {Draw by adjudication}
Started game 1750 of 40000 (ref-50fd965 vs cand-a771260)
Finished game 1738 (ref-50fd965 vs cand-a771260): 1-0 {White wins by adjudication}
Started game 1751 of 40000 (cand-a771260 vs ref-50fd965)
Finished game 1737 (cand-a771260 vs ref-50fd965): 1/2-1/2 {Draw by insufficient mating material}
Started game 1752 of 40000 (ref-50fd965 vs cand-a771260)
Finished game 1743 (cand-a771260 vs ref-50fd965): 1-0 {White wins by adjudication}
Started game 1753 of 40000 (cand-a771260 vs ref-50fd965)
Finished game 1744 (ref-50fd965 vs cand-a771260): 0-1 {Black wins by adjudication}
Started game 1754 of 40000 (ref-50fd965 vs cand-a771260)
Finished game 1741 (cand-a771260 vs ref-50fd965): 0-1 {Black wins by adjudication}
Started game 1755 of 40000 (cand-a771260 vs ref-50fd965)
Finished game 1742 (ref-50fd965 vs cand-a771260): 0-1 {Black wins by adjudication}
Started game 1756 of 40000 (ref-50fd965 vs cand-a771260)
Finished game 1746 (ref-50fd965 vs cand-a771260): 0-1 {Black wins by adjudication}
Started game 1757 of 40000 (cand-a771260 vs ref-50fd965)
Finished game 1745 (cand-a771260 vs ref-50fd965): 1-0 {White wins by adjudication}
Started game 1758 of 40000 (ref-50fd965 vs cand-a771260)
Finished game 1747 (cand-a771260 vs ref-50fd965): 1/2-1/2 {Draw by adjudication}
Started game 1759 of 40000 (cand-a771260 vs ref-50fd965)
Finished game 1749 (cand-a771260 vs ref-50fd965): 0-1 {Black wins by adjudication}
Started game 1760 of 40000 (ref-50fd965 vs cand-a771260)
Finished game 1752 (ref-50fd965 vs cand-a771260): 0-1 {Black wins by adjudication}
Started game 1761 of 40000 (cand-a771260 vs ref-50fd965)
Finished game 1748 (ref-50fd965 vs cand-a771260): 1-0 {White wins by adjudication}
Started game 1762 of 40000 (ref-50fd965 vs cand-a771260)
Finished game 1754 (ref-50fd965 vs cand-a771260): 0-1 {Black wins by adjudication}
Started game 1763 of 40000 (cand-a771260 vs ref-50fd965)
Finished game 1753 (cand-a771260 vs ref-50fd965): 1-0 {White wins by adjudication}
Started game 1764 of 40000 (ref-50fd965 vs cand-a771260)
Finished game 1756 (ref-50fd965 vs cand-a771260): 1/2-1/2 {Draw by 3-fold repetition}
Started game 1765 of 40000 (cand-a771260 vs ref-50fd965)
Finished game 1750 (ref-50fd965 vs cand-a771260): 1/2-1/2 {Draw by insufficient mating material}
Started game 1766 of 40000 (ref-50fd965 vs cand-a771260)
Finished game 1757 (cand-a771260 vs ref-50fd965): 1/2-1/2 {Draw by adjudication}
Started game 1767 of 40000 (cand-a771260 vs ref-50fd965)
Finished game 1758 (ref-50fd965 vs cand-a771260): 1/2-1/2 {Draw by 3-fold repetition}
Started game 1768 of 40000 (ref-50fd965 vs cand-a771260)
Finished game 1759 (cand-a771260 vs ref-50fd965): 1/2-1/2 {Draw by adjudication}
Started game 1769 of 40000 (cand-a771260 vs ref-50fd965)
Finished game 1751 (cand-a771260 vs ref-50fd965): 1/2-1/2 {Draw by adjudication}
Started game 1770 of 40000 (ref-50fd965 vs cand-a771260)
Finished game 1761 (cand-a771260 vs ref-50fd965): 1-0 {White wins by adjudication}
Started game 1771 of 40000 (cand-a771260 vs ref-50fd965)
Finished game 1760 (ref-50fd965 vs cand-a771260): 1/2-1/2 {Draw by insufficient mating material}
--------------------------------------------------
Results of cand-a771260 vs ref-50fd965 (8+0.08, 1t, 16MB, noob_3moves.epd):
Elo: 25.54 +/- 12.12, nElo: 34.36 +/- 16.24
LOS: 100.00 %, DrawRatio: 36.52 %, PairsRatio: 1.41
Games: 1758, Wins: 615, Losses: 486, Draws: 657, Points: 943.5 (53.67 %)
Ptnml(0-2): [54, 178, 321, 237, 89], WL/DD Ratio: 1.65
LLR: 2.29 (77.9%) (-2.94, 2.94) [0.00, 5.00]
--------------------------------------------------
Started game 1772 of 40000 (ref-50fd965 vs cand-a771260)
Finished game 1762 (ref-50fd965 vs cand-a771260): 0-1 {Black wins by adjudication}
Started game 1773 of 40000 (cand-a771260 vs ref-50fd965)
Finished game 1764 (ref-50fd965 vs cand-a771260): 1/2-1/2 {Draw by 3-fold repetition}
Started game 1774 of 40000 (ref-50fd965 vs cand-a771260)
Finished game 1763 (cand-a771260 vs ref-50fd965): 0-1 {Black wins by adjudication}
Started game 1775 of 40000 (cand-a771260 vs ref-50fd965)
Finished game 1755 (cand-a771260 vs ref-50fd965): 1/2-1/2 {Draw by adjudication}
Started game 1776 of 40000 (ref-50fd965 vs cand-a771260)
Finished game 1766 (ref-50fd965 vs cand-a771260): 1-0 {White wins by adjudication}
Started game 1777 of 40000 (cand-a771260 vs ref-50fd965)
Finished game 1765 (cand-a771260 vs ref-50fd965): 1/2-1/2 {Draw by 3-fold repetition}
Started game 1778 of 40000 (ref-50fd965 vs cand-a771260)
Finished game 1771 (cand-a771260 vs ref-50fd965): 1-0 {White wins by adjudication}
Started game 1779 of 40000 (cand-a771260 vs ref-50fd965)
Finished game 1774 (ref-50fd965 vs cand-a771260): 1-0 {White wins by adjudication}
Started game 1780 of 40000 (ref-50fd965 vs cand-a771260)
Finished game 1768 (ref-50fd965 vs cand-a771260): 1/2-1/2 {Draw by 3-fold repetition}
Started game 1781 of 40000 (cand-a771260 vs ref-50fd965)
Finished game 1773 (cand-a771260 vs ref-50fd965): 0-1 {Black wins by adjudication}
Started game 1782 of 40000 (ref-50fd965 vs cand-a771260)
Finished game 1772 (ref-50fd965 vs cand-a771260): 0-1 {Black wins by adjudication}
Started game 1783 of 40000 (cand-a771260 vs ref-50fd965)
Finished game 1770 (ref-50fd965 vs cand-a771260): 1-0 {White wins by adjudication}
Started game 1784 of 40000 (ref-50fd965 vs cand-a771260)
Finished game 1775 (cand-a771260 vs ref-50fd965): 0-1 {Black wins by adjudication}
Started game 1785 of 40000 (cand-a771260 vs ref-50fd965)
Finished game 1769 (cand-a771260 vs ref-50fd965): 1/2-1/2 {Draw by adjudication}
Started game 1786 of 40000 (ref-50fd965 vs cand-a771260)
Finished game 1778 (ref-50fd965 vs cand-a771260): 1/2-1/2 {Draw by 3-fold repetition}
Started game 1787 of 40000 (cand-a771260 vs ref-50fd965)
Finished game 1767 (cand-a771260 vs ref-50fd965): 1/2-1/2 {Draw by insufficient mating material}
Started game 1788 of 40000 (ref-50fd965 vs cand-a771260)
Finished game 1780 (ref-50fd965 vs cand-a771260): 0-1 {Black wins by adjudication}
Started game 1789 of 40000 (cand-a771260 vs ref-50fd965)
Finished game 1781 (cand-a771260 vs ref-50fd965): 0-1 {Black wins by adjudication}
Started game 1790 of 40000 (ref-50fd965 vs cand-a771260)
Finished game 1776 (ref-50fd965 vs cand-a771260): 0-1 {Black wins by adjudication}
Started game 1791 of 40000 (cand-a771260 vs ref-50fd965)
Finished game 1777 (cand-a771260 vs ref-50fd965): 1/2-1/2 {Draw by insufficient mating material}
Started game 1792 of 40000 (ref-50fd965 vs cand-a771260)
Finished game 1785 (cand-a771260 vs ref-50fd965): 1-0 {White wins by adjudication}
Started game 1793 of 40000 (cand-a771260 vs ref-50fd965)
Finished game 1790 (ref-50fd965 vs cand-a771260): 1-0 {White wins by adjudication}
Started game 1794 of 40000 (ref-50fd965 vs cand-a771260)
Finished game 1784 (ref-50fd965 vs cand-a771260): 0-1 {Black wins by adjudication}
Started game 1795 of 40000 (cand-a771260 vs ref-50fd965)
Finished game 1786 (ref-50fd965 vs cand-a771260): 1-0 {White wins by adjudication}
Started game 1796 of 40000 (ref-50fd965 vs cand-a771260)
Finished game 1783 (cand-a771260 vs ref-50fd965): 0-1 {Black wins by adjudication}
Started game 1797 of 40000 (cand-a771260 vs ref-50fd965)
Finished game 1782 (ref-50fd965 vs cand-a771260): 1-0 {White wins by adjudication}
Started game 1798 of 40000 (ref-50fd965 vs cand-a771260)
Finished game 1779 (cand-a771260 vs ref-50fd965): 1-0 {White wins by adjudication}
--------------------------------------------------
Results of cand-a771260 vs ref-50fd965 (8+0.08, 1t, 16MB, noob_3moves.epd):
Elo: 24.94 +/- 12.07, nElo: 33.42 +/- 16.11
LOS: 100.00 %, DrawRatio: 36.62 %, PairsRatio: 1.39
Games: 1786, Wins: 624, Losses: 496, Draws: 666, Points: 957.0 (53.58 %)
Ptnml(0-2): [56, 181, 327, 237, 92], WL/DD Ratio: 1.64
LLR: 2.26 (76.9%) (-2.94, 2.94) [0.00, 5.00]
--------------------------------------------------
Started game 1799 of 40000 (cand-a771260 vs ref-50fd965)
Finished game 1789 (cand-a771260 vs ref-50fd965): 1/2-1/2 {Draw by 3-fold repetition}
Started game 1800 of 40000 (ref-50fd965 vs cand-a771260)
Finished game 1787 (cand-a771260 vs ref-50fd965): 0-1 {Black wins by adjudication}
Started game 1801 of 40000 (cand-a771260 vs ref-50fd965)
Finished game 1788 (ref-50fd965 vs cand-a771260): 0-1 {Black wins by adjudication}
Started game 1802 of 40000 (ref-50fd965 vs cand-a771260)
Finished game 1791 (cand-a771260 vs ref-50fd965): 1-0 {White wins by adjudication}
Started game 1803 of 40000 (cand-a771260 vs ref-50fd965)
Finished game 1793 (cand-a771260 vs ref-50fd965): 1-0 {White wins by adjudication}
Started game 1804 of 40000 (ref-50fd965 vs cand-a771260)
Finished game 1798 (ref-50fd965 vs cand-a771260): 0-1 {Black wins by adjudication}
Started game 1805 of 40000 (cand-a771260 vs ref-50fd965)
Finished game 1795 (cand-a771260 vs ref-50fd965): 0-1 {Black wins by adjudication}
Started game 1806 of 40000 (ref-50fd965 vs cand-a771260)
Finished game 1794 (ref-50fd965 vs cand-a771260): 0-1 {Black wins by adjudication}
Started game 1807 of 40000 (cand-a771260 vs ref-50fd965)
Finished game 1803 (cand-a771260 vs ref-50fd965): 0-1 {Black wins by adjudication}
Started game 1808 of 40000 (ref-50fd965 vs cand-a771260)
Finished game 1792 (ref-50fd965 vs cand-a771260): 1/2-1/2 {Draw by insufficient mating material}
Started game 1809 of 40000 (cand-a771260 vs ref-50fd965)
Finished game 1800 (ref-50fd965 vs cand-a771260): 0-1 {Black wins by adjudication}
Started game 1810 of 40000 (ref-50fd965 vs cand-a771260)
Finished game 1801 (cand-a771260 vs ref-50fd965): 1-0 {White wins by adjudication}
Started game 1811 of 40000 (cand-a771260 vs ref-50fd965)
Finished game 1796 (ref-50fd965 vs cand-a771260): 1/2-1/2 {Draw by insufficient mating material}
Started game 1812 of 40000 (ref-50fd965 vs cand-a771260)
Finished game 1797 (cand-a771260 vs ref-50fd965): 1/2-1/2 {Draw by 3-fold repetition}
Started game 1813 of 40000 (cand-a771260 vs ref-50fd965)
Finished game 1802 (ref-50fd965 vs cand-a771260): 1/2-1/2 {Draw by 3-fold repetition}
Started game 1814 of 40000 (ref-50fd965 vs cand-a771260)
Finished game 1804 (ref-50fd965 vs cand-a771260): 1/2-1/2 {Draw by insufficient mating material}
Started game 1815 of 40000 (cand-a771260 vs ref-50fd965)
Finished game 1806 (ref-50fd965 vs cand-a771260): 1-0 {White wins by adjudication}
Started game 1816 of 40000 (ref-50fd965 vs cand-a771260)
Finished game 1799 (cand-a771260 vs ref-50fd965): 1/2-1/2 {Draw by 3-fold repetition}
--------------------------------------------------
Results of cand-a771260 vs ref-50fd965 (8+0.08, 1t, 16MB, noob_3moves.epd):
Elo: 25.27 +/- 12.02, nElo: 33.85 +/- 16.03
LOS: 100.00 %, DrawRatio: 36.36 %, PairsRatio: 1.39
Games: 1804, Wins: 631, Losses: 500, Draws: 673, Points: 967.5 (53.63 %)
Ptnml(0-2): [56, 184, 328, 241, 93], WL/DD Ratio: 1.65
LLR: 2.32 (78.8%) (-2.94, 2.94) [0.00, 5.00]
--------------------------------------------------
Started game 1817 of 40000 (cand-a771260 vs ref-50fd965)
Finished game 1805 (cand-a771260 vs ref-50fd965): 1-0 {White wins by adjudication}
Started game 1818 of 40000 (ref-50fd965 vs cand-a771260)
Finished game 1811 (cand-a771260 vs ref-50fd965): 1-0 {White wins by adjudication}
Started game 1819 of 40000 (cand-a771260 vs ref-50fd965)
Finished game 1807 (cand-a771260 vs ref-50fd965): 1/2-1/2 {Draw by 3-fold repetition}
Started game 1820 of 40000 (ref-50fd965 vs cand-a771260)
Finished game 1814 (ref-50fd965 vs cand-a771260): 1/2-1/2 {Draw by 3-fold repetition}
Started game 1821 of 40000 (cand-a771260 vs ref-50fd965)
Finished game 1809 (cand-a771260 vs ref-50fd965): 1/2-1/2 {Draw by adjudication}
Started game 1822 of 40000 (ref-50fd965 vs cand-a771260)
Finished game 1813 (cand-a771260 vs ref-50fd965): 0-1 {Black wins by adjudication}
Started game 1823 of 40000 (cand-a771260 vs ref-50fd965)
Finished game 1808 (ref-50fd965 vs cand-a771260): 1/2-1/2 {Draw by adjudication}
Started game 1824 of 40000 (ref-50fd965 vs cand-a771260)
Finished game 1810 (ref-50fd965 vs cand-a771260): 1/2-1/2 {Draw by 3-fold repetition}
Started game 1825 of 40000 (cand-a771260 vs ref-50fd965)
Finished game 1816 (ref-50fd965 vs cand-a771260): 0-1 {Black wins by adjudication}
Started game 1826 of 40000 (ref-50fd965 vs cand-a771260)
Finished game 1815 (cand-a771260 vs ref-50fd965): 1-0 {White wins by adjudication}
Started game 1827 of 40000 (cand-a771260 vs ref-50fd965)
Finished game 1817 (cand-a771260 vs ref-50fd965): 1-0 {White wins by adjudication}
Started game 1828 of 40000 (ref-50fd965 vs cand-a771260)
Finished game 1819 (cand-a771260 vs ref-50fd965): 1-0 {White wins by adjudication}
Started game 1829 of 40000 (cand-a771260 vs ref-50fd965)
Finished game 1812 (ref-50fd965 vs cand-a771260): 1/2-1/2 {Draw by 3-fold repetition}
Started game 1830 of 40000 (ref-50fd965 vs cand-a771260)
Finished game 1818 (ref-50fd965 vs cand-a771260): 0-1 {Black wins by adjudication}
Started game 1831 of 40000 (cand-a771260 vs ref-50fd965)
Finished game 1821 (cand-a771260 vs ref-50fd965): 1-0 {White wins by adjudication}
Started game 1832 of 40000 (ref-50fd965 vs cand-a771260)
Finished game 1828 (ref-50fd965 vs cand-a771260): 1-0 {White wins by adjudication}
Started game 1833 of 40000 (cand-a771260 vs ref-50fd965)
Finished game 1827 (cand-a771260 vs ref-50fd965): 0-1 {Black wins by adjudication}
Started game 1834 of 40000 (ref-50fd965 vs cand-a771260)
Finished game 1825 (cand-a771260 vs ref-50fd965): 0-1 {Black wins by adjudication}
Started game 1835 of 40000 (cand-a771260 vs ref-50fd965)
Finished game 1824 (ref-50fd965 vs cand-a771260): 0-1 {Black wins by adjudication}
Started game 1836 of 40000 (ref-50fd965 vs cand-a771260)
Finished game 1820 (ref-50fd965 vs cand-a771260): 0-1 {Black wins by adjudication}
--------------------------------------------------
Results of cand-a771260 vs ref-50fd965 (8+0.08, 1t, 16MB, noob_3moves.epd):
Elo: 25.79 +/- 12.00, nElo: 34.42 +/- 15.95
LOS: 100.00 %, DrawRatio: 36.33 %, PairsRatio: 1.40
Games: 1822, Wins: 639, Losses: 504, Draws: 679, Points: 978.5 (53.70 %)
Ptnml(0-2): [57, 185, 331, 242, 96], WL/DD Ratio: 1.63
LLR: 2.38 (81.0%) (-2.94, 2.94) [0.00, 5.00]
--------------------------------------------------
Started game 1837 of 40000 (cand-a771260 vs ref-50fd965)
Finished game 1823 (cand-a771260 vs ref-50fd965): 0-1 {Black wins by adjudication}
Started game 1838 of 40000 (ref-50fd965 vs cand-a771260)
Finished game 1826 (ref-50fd965 vs cand-a771260): 1/2-1/2 {Draw by insufficient mating material}
Started game 1839 of 40000 (cand-a771260 vs ref-50fd965)
Finished game 1822 (ref-50fd965 vs cand-a771260): 1-0 {White wins by adjudication}
Started game 1840 of 40000 (ref-50fd965 vs cand-a771260)
Finished game 1832 (ref-50fd965 vs cand-a771260): 0-1 {Black wins by adjudication}
Started game 1841 of 40000 (cand-a771260 vs ref-50fd965)
Finished game 1829 (cand-a771260 vs ref-50fd965): 0-1 {Black wins by adjudication}
Started game 1842 of 40000 (ref-50fd965 vs cand-a771260)
Finished game 1831 (cand-a771260 vs ref-50fd965): 1/2-1/2 {Draw by insufficient mating material}
Started game 1843 of 40000 (cand-a771260 vs ref-50fd965)
Finished game 1837 (cand-a771260 vs ref-50fd965): 1/2-1/2 {Draw by 3-fold repetition}
Started game 1844 of 40000 (ref-50fd965 vs cand-a771260)
Finished game 1836 (ref-50fd965 vs cand-a771260): 0-1 {Black wins by adjudication}
Started game 1845 of 40000 (cand-a771260 vs ref-50fd965)
Finished game 1838 (ref-50fd965 vs cand-a771260): 1-0 {White wins by adjudication}
Started game 1846 of 40000 (ref-50fd965 vs cand-a771260)
Finished game 1834 (ref-50fd965 vs cand-a771260): 1/2-1/2 {Draw by 3-fold repetition}
Started game 1847 of 40000 (cand-a771260 vs ref-50fd965)
Finished game 1833 (cand-a771260 vs ref-50fd965): 0-1 {Black wins by adjudication}
Started game 1848 of 40000 (ref-50fd965 vs cand-a771260)
Finished game 1840 (ref-50fd965 vs cand-a771260): 1-0 {White wins by adjudication}
Started game 1849 of 40000 (cand-a771260 vs ref-50fd965)
Finished game 1835 (cand-a771260 vs ref-50fd965): 1-0 {White wins by adjudication}
Started game 1850 of 40000 (ref-50fd965 vs cand-a771260)
Finished game 1839 (cand-a771260 vs ref-50fd965): 1-0 {White wins by adjudication}
--------------------------------------------------
Results of cand-a771260 vs ref-50fd965 (8+0.08, 1t, 16MB, noob_3moves.epd):
Elo: 25.56 +/- 11.94, nElo: 34.14 +/- 15.88
LOS: 100.00 %, DrawRatio: 36.34 %, PairsRatio: 1.39
Games: 1838, Wins: 645, Losses: 510, Draws: 683, Points: 986.5 (53.67 %)
Ptnml(0-2): [57, 188, 334, 243, 97], WL/DD Ratio: 1.65
LLR: 2.39 (81.0%) (-2.94, 2.94) [0.00, 5.00]
--------------------------------------------------
Started game 1851 of 40000 (cand-a771260 vs ref-50fd965)
Finished game 1830 (ref-50fd965 vs cand-a771260): 1/2-1/2 {Draw by insufficient mating material}
Started game 1852 of 40000 (ref-50fd965 vs cand-a771260)
Finished game 1843 (cand-a771260 vs ref-50fd965): 1/2-1/2 {Draw by adjudication}
Started game 1853 of 40000 (cand-a771260 vs ref-50fd965)
Finished game 1846 (ref-50fd965 vs cand-a771260): 1-0 {White wins by adjudication}
Started game 1854 of 40000 (ref-50fd965 vs cand-a771260)
Finished game 1850 (ref-50fd965 vs cand-a771260): 0-1 {Black wins by adjudication}
Started game 1855 of 40000 (cand-a771260 vs ref-50fd965)
Finished game 1841 (cand-a771260 vs ref-50fd965): 1/2-1/2 {Draw by 3-fold repetition}
Started game 1856 of 40000 (ref-50fd965 vs cand-a771260)
Finished game 1844 (ref-50fd965 vs cand-a771260): 1-0 {White wins by adjudication}
Started game 1857 of 40000 (cand-a771260 vs ref-50fd965)
Finished game 1847 (cand-a771260 vs ref-50fd965): 1-0 {White wins by adjudication}
Started game 1858 of 40000 (ref-50fd965 vs cand-a771260)
Finished game 1842 (ref-50fd965 vs cand-a771260): 1/2-1/2 {Draw by 3-fold repetition}
Started game 1859 of 40000 (cand-a771260 vs ref-50fd965)
Finished game 1845 (cand-a771260 vs ref-50fd965): 0-1 {Black wins by adjudication}
Started game 1860 of 40000 (ref-50fd965 vs cand-a771260)
Finished game 1854 (ref-50fd965 vs cand-a771260): 1/2-1/2 {Draw by 3-fold repetition}
Started game 1861 of 40000 (cand-a771260 vs ref-50fd965)
Finished game 1849 (cand-a771260 vs ref-50fd965): 1-0 {White wins by adjudication}
Started game 1862 of 40000 (ref-50fd965 vs cand-a771260)
Finished game 1848 (ref-50fd965 vs cand-a771260): 1/2-1/2 {Draw by adjudication}
Started game 1863 of 40000 (cand-a771260 vs ref-50fd965)
Finished game 1855 (cand-a771260 vs ref-50fd965): 1-0 {White wins by adjudication}
Started game 1864 of 40000 (ref-50fd965 vs cand-a771260)
Finished game 1853 (cand-a771260 vs ref-50fd965): 0-1 {Black wins by adjudication}
Started game 1865 of 40000 (cand-a771260 vs ref-50fd965)
Finished game 1851 (cand-a771260 vs ref-50fd965): 1-0 {White wins by adjudication}
Started game 1866 of 40000 (ref-50fd965 vs cand-a771260)
Finished game 1852 (ref-50fd965 vs cand-a771260): 0-1 {Black wins by adjudication}
Started game 1867 of 40000 (cand-a771260 vs ref-50fd965)
Finished game 1857 (cand-a771260 vs ref-50fd965): 0-1 {Black wins by adjudication}
Started game 1868 of 40000 (ref-50fd965 vs cand-a771260)
Finished game 1858 (ref-50fd965 vs cand-a771260): 0-1 {Black wins by adjudication}
Started game 1869 of 40000 (cand-a771260 vs ref-50fd965)
Finished game 1861 (cand-a771260 vs ref-50fd965): 0-1 {Black wins by adjudication}
Started game 1870 of 40000 (ref-50fd965 vs cand-a771260)
Finished game 1859 (cand-a771260 vs ref-50fd965): 1-0 {White wins by adjudication}
Started game 1871 of 40000 (cand-a771260 vs ref-50fd965)
Finished game 1856 (ref-50fd965 vs cand-a771260): 1-0 {White wins by adjudication}
Started game 1872 of 40000 (ref-50fd965 vs cand-a771260)
Finished game 1860 (ref-50fd965 vs cand-a771260): 0-1 {Black wins by adjudication}
--------------------------------------------------
Results of cand-a771260 vs ref-50fd965 (8+0.08, 1t, 16MB, noob_3moves.epd):
Elo: 25.64 +/- 11.91, nElo: 34.11 +/- 15.79
LOS: 100.00 %, DrawRatio: 36.24 %, PairsRatio: 1.38
Games: 1860, Wins: 654, Losses: 517, Draws: 689, Points: 998.5 (53.68 %)
Ptnml(0-2): [58, 191, 337, 244, 100], WL/DD Ratio: 1.65
LLR: 2.41 (82.0%) (-2.94, 2.94) [0.00, 5.00]
--------------------------------------------------
Started game 1873 of 40000 (cand-a771260 vs ref-50fd965)
Finished game 1864 (ref-50fd965 vs cand-a771260): 0-1 {Black wins by adjudication}
Started game 1874 of 40000 (ref-50fd965 vs cand-a771260)
Finished game 1869 (cand-a771260 vs ref-50fd965): 0-1 {Black wins by adjudication}
Started game 1875 of 40000 (cand-a771260 vs ref-50fd965)
Finished game 1862 (ref-50fd965 vs cand-a771260): 1-0 {White wins by adjudication}
Started game 1876 of 40000 (ref-50fd965 vs cand-a771260)
Finished game 1866 (ref-50fd965 vs cand-a771260): 1/2-1/2 {Draw by 3-fold repetition}
Started game 1877 of 40000 (cand-a771260 vs ref-50fd965)
Finished game 1868 (ref-50fd965 vs cand-a771260): 0-1 {Black wins by adjudication}
Started game 1878 of 40000 (ref-50fd965 vs cand-a771260)
Finished game 1863 (cand-a771260 vs ref-50fd965): 1/2-1/2 {Draw by fifty moves rule}
Started game 1879 of 40000 (cand-a771260 vs ref-50fd965)
Finished game 1875 (cand-a771260 vs ref-50fd965): 1/2-1/2 {Draw by 3-fold repetition}
Started game 1880 of 40000 (ref-50fd965 vs cand-a771260)
Finished game 1867 (cand-a771260 vs ref-50fd965): 1/2-1/2 {Draw by adjudication}
Started game 1881 of 40000 (cand-a771260 vs ref-50fd965)
Finished game 1871 (cand-a771260 vs ref-50fd965): 0-1 {Black wins by adjudication}
Started game 1882 of 40000 (ref-50fd965 vs cand-a771260)
Finished game 1872 (ref-50fd965 vs cand-a771260): 1/2-1/2 {Draw by adjudication}
Started game 1883 of 40000 (cand-a771260 vs ref-50fd965)
Finished game 1865 (cand-a771260 vs ref-50fd965): 1/2-1/2 {Draw by fifty moves rule}
Started game 1884 of 40000 (ref-50fd965 vs cand-a771260)
Finished game 1873 (cand-a771260 vs ref-50fd965): 1-0 {White wins by adjudication}
Started game 1885 of 40000 (cand-a771260 vs ref-50fd965)
Finished game 1870 (ref-50fd965 vs cand-a771260): 1-0 {White wins by adjudication}
Started game 1886 of 40000 (ref-50fd965 vs cand-a771260)
Finished game 1877 (cand-a771260 vs ref-50fd965): 1-0 {White wins by adjudication}
Started game 1887 of 40000 (cand-a771260 vs ref-50fd965)
Finished game 1876 (ref-50fd965 vs cand-a771260): 0-1 {Black wins by adjudication}
Started game 1888 of 40000 (ref-50fd965 vs cand-a771260)
Finished game 1883 (cand-a771260 vs ref-50fd965): 0-1 {Black wins by adjudication}
Started game 1889 of 40000 (cand-a771260 vs ref-50fd965)
Finished game 1878 (ref-50fd965 vs cand-a771260): 0-1 {Black wins by adjudication}
Started game 1890 of 40000 (ref-50fd965 vs cand-a771260)
Finished game 1881 (cand-a771260 vs ref-50fd965): 0-1 {Black wins by adjudication}
Started game 1891 of 40000 (cand-a771260 vs ref-50fd965)
Finished game 1874 (ref-50fd965 vs cand-a771260): 1/2-1/2 {Draw by adjudication}
Started game 1892 of 40000 (ref-50fd965 vs cand-a771260)
Finished game 1885 (cand-a771260 vs ref-50fd965): 1/2-1/2 {Draw by 3-fold repetition}
Started game 1893 of 40000 (cand-a771260 vs ref-50fd965)
Finished game 1880 (ref-50fd965 vs cand-a771260): 1/2-1/2 {Draw by 3-fold repetition}
Started game 1894 of 40000 (ref-50fd965 vs cand-a771260)
Finished game 1884 (ref-50fd965 vs cand-a771260): 0-1 {Black wins by adjudication}
Started game 1895 of 40000 (cand-a771260 vs ref-50fd965)
Finished game 1882 (ref-50fd965 vs cand-a771260): 1/2-1/2 {Draw by insufficient mating material}
Started game 1896 of 40000 (ref-50fd965 vs cand-a771260)
Finished game 1879 (cand-a771260 vs ref-50fd965): 0-1 {Black wins by adjudication}
--------------------------------------------------
Results of cand-a771260 vs ref-50fd965 (8+0.08, 1t, 16MB, noob_3moves.epd):
Elo: 25.12 +/- 11.87, nElo: 33.34 +/- 15.69
LOS: 100.00 %, DrawRatio: 35.99 %, PairsRatio: 1.37
Games: 1884, Wins: 661, Losses: 525, Draws: 698, Points: 1010.0 (53.61 %)
Ptnml(0-2): [60, 194, 339, 248, 101], WL/DD Ratio: 1.65
LLR: 2.38 (81.0%) (-2.94, 2.94) [0.00, 5.00]
--------------------------------------------------
Started game 1897 of 40000 (cand-a771260 vs ref-50fd965)
Finished game 1888 (ref-50fd965 vs cand-a771260): 0-1 {Black wins by adjudication}
Started game 1898 of 40000 (ref-50fd965 vs cand-a771260)
Finished game 1886 (ref-50fd965 vs cand-a771260): 1/2-1/2 {Draw by 3-fold repetition}
Started game 1899 of 40000 (cand-a771260 vs ref-50fd965)
Finished game 1887 (cand-a771260 vs ref-50fd965): 1/2-1/2 {Draw by 3-fold repetition}
Started game 1900 of 40000 (ref-50fd965 vs cand-a771260)
Finished game 1892 (ref-50fd965 vs cand-a771260): 0-1 {Black wins by adjudication}
Started game 1901 of 40000 (cand-a771260 vs ref-50fd965)
Finished game 1889 (cand-a771260 vs ref-50fd965): 1/2-1/2 {Draw by adjudication}
Started game 1902 of 40000 (ref-50fd965 vs cand-a771260)
Finished game 1895 (cand-a771260 vs ref-50fd965): 1-0 {White wins by adjudication}
Started game 1903 of 40000 (cand-a771260 vs ref-50fd965)
Finished game 1894 (ref-50fd965 vs cand-a771260): 0-1 {Black wins by adjudication}
Started game 1904 of 40000 (ref-50fd965 vs cand-a771260)
Finished game 1890 (ref-50fd965 vs cand-a771260): 0-1 {Black wins by adjudication}
Started game 1905 of 40000 (cand-a771260 vs ref-50fd965)
Finished game 1891 (cand-a771260 vs ref-50fd965): 1-0 {White wins by adjudication}
Started game 1906 of 40000 (ref-50fd965 vs cand-a771260)
Finished game 1897 (cand-a771260 vs ref-50fd965): 1/2-1/2 {Draw by 3-fold repetition}
Started game 1907 of 40000 (cand-a771260 vs ref-50fd965)
Finished game 1896 (ref-50fd965 vs cand-a771260): 1-0 {White wins by adjudication}
Started game 1908 of 40000 (ref-50fd965 vs cand-a771260)
Finished game 1893 (cand-a771260 vs ref-50fd965): 0-1 {Black wins by adjudication}
Started game 1909 of 40000 (cand-a771260 vs ref-50fd965)
Finished game 1898 (ref-50fd965 vs cand-a771260): 0-1 {Black wins by adjudication}
Started game 1910 of 40000 (ref-50fd965 vs cand-a771260)
Finished game 1900 (ref-50fd965 vs cand-a771260): 0-1 {Black wins by adjudication}
Started game 1911 of 40000 (cand-a771260 vs ref-50fd965)
Finished game 1905 (cand-a771260 vs ref-50fd965): 1-0 {White wins by adjudication}
Started game 1912 of 40000 (ref-50fd965 vs cand-a771260)
Finished game 1899 (cand-a771260 vs ref-50fd965): 0-1 {Black wins by adjudication}
--------------------------------------------------
Results of cand-a771260 vs ref-50fd965 (8+0.08, 1t, 16MB, noob_3moves.epd):
Elo: 25.83 +/- 11.80, nElo: 34.32 +/- 15.62
LOS: 100.00 %, DrawRatio: 36.11 %, PairsRatio: 1.39
Games: 1900, Wins: 669, Losses: 528, Draws: 703, Points: 1020.5 (53.71 %)
Ptnml(0-2): [60, 194, 343, 251, 102], WL/DD Ratio: 1.66
LLR: 2.48 (84.2%) (-2.94, 2.94) [0.00, 5.00]
--------------------------------------------------
Started game 1913 of 40000 (cand-a771260 vs ref-50fd965)
Finished game 1904 (ref-50fd965 vs cand-a771260): 0-1 {Black wins by adjudication}
Started game 1914 of 40000 (ref-50fd965 vs cand-a771260)
Finished game 1908 (ref-50fd965 vs cand-a771260): 1-0 {White wins by adjudication}
Started game 1915 of 40000 (cand-a771260 vs ref-50fd965)
Finished game 1910 (ref-50fd965 vs cand-a771260): 0-1 {Black wins by adjudication}
Started game 1916 of 40000 (ref-50fd965 vs cand-a771260)
Finished game 1901 (cand-a771260 vs ref-50fd965): 1/2-1/2 {Draw by insufficient mating material}
Started game 1917 of 40000 (cand-a771260 vs ref-50fd965)
Finished game 1902 (ref-50fd965 vs cand-a771260): 1/2-1/2 {Draw by 3-fold repetition}
Started game 1918 of 40000 (ref-50fd965 vs cand-a771260)
Finished game 1906 (ref-50fd965 vs cand-a771260): 1/2-1/2 {Draw by 3-fold repetition}
Started game 1919 of 40000 (cand-a771260 vs ref-50fd965)
Finished game 1907 (cand-a771260 vs ref-50fd965): 1/2-1/2 {Draw by insufficient mating material}
Started game 1920 of 40000 (ref-50fd965 vs cand-a771260)
Finished game 1909 (cand-a771260 vs ref-50fd965): 1-0 {White wins by adjudication}
Started game 1921 of 40000 (cand-a771260 vs ref-50fd965)
Finished game 1912 (ref-50fd965 vs cand-a771260): 0-1 {Black wins by adjudication}
Started game 1922 of 40000 (ref-50fd965 vs cand-a771260)
Finished game 1903 (cand-a771260 vs ref-50fd965): 1/2-1/2 {Draw by insufficient mating material}
Started game 1923 of 40000 (cand-a771260 vs ref-50fd965)
Finished game 1911 (cand-a771260 vs ref-50fd965): 1-0 {White wins by adjudication}
Started game 1924 of 40000 (ref-50fd965 vs cand-a771260)
Finished game 1915 (cand-a771260 vs ref-50fd965): 0-1 {Black wins by adjudication}
Started game 1925 of 40000 (cand-a771260 vs ref-50fd965)
Finished game 1914 (ref-50fd965 vs cand-a771260): 1/2-1/2 {Draw by 3-fold repetition}
Started game 1926 of 40000 (ref-50fd965 vs cand-a771260)
Finished game 1913 (cand-a771260 vs ref-50fd965): 1/2-1/2 {Draw by 3-fold repetition}
Started game 1927 of 40000 (cand-a771260 vs ref-50fd965)
Finished game 1916 (ref-50fd965 vs cand-a771260): 0-1 {Black wins by adjudication}
Started game 1928 of 40000 (ref-50fd965 vs cand-a771260)
Finished game 1917 (cand-a771260 vs ref-50fd965): 1-0 {White wins by adjudication}
Started game 1929 of 40000 (cand-a771260 vs ref-50fd965)
Finished game 1918 (ref-50fd965 vs cand-a771260): 0-1 {Black wins by adjudication}
Started game 1930 of 40000 (ref-50fd965 vs cand-a771260)
Finished game 1920 (ref-50fd965 vs cand-a771260): 1-0 {White wins by adjudication}
Started game 1931 of 40000 (cand-a771260 vs ref-50fd965)
Finished game 1919 (cand-a771260 vs ref-50fd965): 1/2-1/2 {Draw by adjudication}
--------------------------------------------------
Results of cand-a771260 vs ref-50fd965 (8+0.08, 1t, 16MB, noob_3moves.epd):
Elo: 26.65 +/- 11.76, nElo: 35.36 +/- 15.54
LOS: 100.00 %, DrawRatio: 36.04 %, PairsRatio: 1.40
Games: 1920, Wins: 678, Losses: 531, Draws: 711, Points: 1033.5 (53.83 %)
Ptnml(0-2): [60, 196, 346, 253, 105], WL/DD Ratio: 1.64
LLR: 2.59 (87.9%) (-2.94, 2.94) [0.00, 5.00]
--------------------------------------------------
Started game 1932 of 40000 (ref-50fd965 vs cand-a771260)
Finished game 1921 (cand-a771260 vs ref-50fd965): 1-0 {White wins by adjudication}
Started game 1933 of 40000 (cand-a771260 vs ref-50fd965)
Finished game 1924 (ref-50fd965 vs cand-a771260): 1/2-1/2 {Draw by 3-fold repetition}
Started game 1934 of 40000 (ref-50fd965 vs cand-a771260)
Finished game 1923 (cand-a771260 vs ref-50fd965): 0-1 {Black wins by adjudication}
Started game 1935 of 40000 (cand-a771260 vs ref-50fd965)
Finished game 1930 (ref-50fd965 vs cand-a771260): 1/2-1/2 {Draw by 3-fold repetition}
Started game 1936 of 40000 (ref-50fd965 vs cand-a771260)
Finished game 1928 (ref-50fd965 vs cand-a771260): 0-1 {Black wins by adjudication}
Started game 1937 of 40000 (cand-a771260 vs ref-50fd965)
Finished game 1925 (cand-a771260 vs ref-50fd965): 1/2-1/2 {Draw by 3-fold repetition}
Started game 1938 of 40000 (ref-50fd965 vs cand-a771260)
Finished game 1922 (ref-50fd965 vs cand-a771260): 1-0 {White wins by adjudication}
Started game 1939 of 40000 (cand-a771260 vs ref-50fd965)
Finished game 1932 (ref-50fd965 vs cand-a771260): 1-0 {White wins by adjudication}
Started game 1940 of 40000 (ref-50fd965 vs cand-a771260)
Finished game 1929 (cand-a771260 vs ref-50fd965): 1-0 {White wins by adjudication}
Started game 1941 of 40000 (cand-a771260 vs ref-50fd965)
Finished game 1927 (cand-a771260 vs ref-50fd965): 1-0 {White wins by adjudication}
Started game 1942 of 40000 (ref-50fd965 vs cand-a771260)
Finished game 1934 (ref-50fd965 vs cand-a771260): 0-1 {Black wins by adjudication}
Started game 1943 of 40000 (cand-a771260 vs ref-50fd965)
Finished game 1940 (ref-50fd965 vs cand-a771260): 1-0 {White wins by adjudication}
Started game 1944 of 40000 (ref-50fd965 vs cand-a771260)
Finished game 1933 (cand-a771260 vs ref-50fd965): 1/2-1/2 {Draw by adjudication}
Started game 1945 of 40000 (cand-a771260 vs ref-50fd965)
Finished game 1939 (cand-a771260 vs ref-50fd965): 1-0 {White wins by adjudication}
--------------------------------------------------
Results of cand-a771260 vs ref-50fd965 (8+0.08, 1t, 16MB, noob_3moves.epd):
Elo: 27.03 +/- 11.73, nElo: 35.87 +/- 15.49
LOS: 100.00 %, DrawRatio: 36.02 %, PairsRatio: 1.40
Games: 1932, Wins: 684, Losses: 534, Draws: 714, Points: 1041.0 (53.88 %)
Ptnml(0-2): [60, 197, 348, 255, 106], WL/DD Ratio: 1.66
LLR: 2.64 (89.8%) (-2.94, 2.94) [0.00, 5.00]
--------------------------------------------------
Started game 1946 of 40000 (ref-50fd965 vs cand-a771260)
Finished game 1937 (cand-a771260 vs ref-50fd965): 1-0 {White wins by adjudication}
Started game 1947 of 40000 (cand-a771260 vs ref-50fd965)
Finished game 1936 (ref-50fd965 vs cand-a771260): 0-1 {Black wins by adjudication}
Started game 1948 of 40000 (ref-50fd965 vs cand-a771260)
Finished game 1931 (cand-a771260 vs ref-50fd965): 1/2-1/2 {Draw by insufficient mating material}
Started game 1949 of 40000 (cand-a771260 vs ref-50fd965)
Finished game 1935 (cand-a771260 vs ref-50fd965): 1/2-1/2 {Draw by 3-fold repetition}
Started game 1950 of 40000 (ref-50fd965 vs cand-a771260)
Finished game 1942 (ref-50fd965 vs cand-a771260): 0-1 {Black wins by adjudication}
Started game 1951 of 40000 (cand-a771260 vs ref-50fd965)
Finished game 1938 (ref-50fd965 vs cand-a771260): 1/2-1/2 {Draw by 3-fold repetition}
Started game 1952 of 40000 (ref-50fd965 vs cand-a771260)
Finished game 1926 (ref-50fd965 vs cand-a771260): 1/2-1/2 {Draw by insufficient mating material}
Started game 1953 of 40000 (cand-a771260 vs ref-50fd965)
Finished game 1943 (cand-a771260 vs ref-50fd965): 1-0 {White wins by adjudication}
Started game 1954 of 40000 (ref-50fd965 vs cand-a771260)
Finished game 1941 (cand-a771260 vs ref-50fd965): 0-1 {Black wins by adjudication}
Started game 1955 of 40000 (cand-a771260 vs ref-50fd965)
Finished game 1945 (cand-a771260 vs ref-50fd965): 1/2-1/2 {Draw by 3-fold repetition}
Started game 1956 of 40000 (ref-50fd965 vs cand-a771260)
Finished game 1947 (cand-a771260 vs ref-50fd965): 1-0 {White wins by adjudication}
Started game 1957 of 40000 (cand-a771260 vs ref-50fd965)
Finished game 1946 (ref-50fd965 vs cand-a771260): 1-0 {White wins by adjudication}
Started game 1958 of 40000 (ref-50fd965 vs cand-a771260)
Finished game 1949 (cand-a771260 vs ref-50fd965): 1/2-1/2 {Draw by 3-fold repetition}
Started game 1959 of 40000 (cand-a771260 vs ref-50fd965)
Finished game 1948 (ref-50fd965 vs cand-a771260): 1/2-1/2 {Draw by adjudication}
Started game 1960 of 40000 (ref-50fd965 vs cand-a771260)
Finished game 1953 (cand-a771260 vs ref-50fd965): 1-0 {White wins by adjudication}
Started game 1961 of 40000 (cand-a771260 vs ref-50fd965)
Finished game 1944 (ref-50fd965 vs cand-a771260): 1/2-1/2 {Draw by insufficient mating material}
Started game 1962 of 40000 (ref-50fd965 vs cand-a771260)
Finished game 1950 (ref-50fd965 vs cand-a771260): 0-1 {Black wins by adjudication}
Started game 1963 of 40000 (cand-a771260 vs ref-50fd965)
Finished game 1955 (cand-a771260 vs ref-50fd965): 0-1 {Black wins by adjudication}
Started game 1964 of 40000 (ref-50fd965 vs cand-a771260)
Finished game 1951 (cand-a771260 vs ref-50fd965): 1/2-1/2 {Draw by insufficient mating material}
Started game 1965 of 40000 (cand-a771260 vs ref-50fd965)
Finished game 1952 (ref-50fd965 vs cand-a771260): 0-1 {Black wins by adjudication}
Started game 1966 of 40000 (ref-50fd965 vs cand-a771260)
Finished game 1954 (ref-50fd965 vs cand-a771260): 1/2-1/2 {Draw by 3-fold repetition}
Started game 1967 of 40000 (cand-a771260 vs ref-50fd965)
Finished game 1956 (ref-50fd965 vs cand-a771260): 0-1 {Black wins by adjudication}
Started game 1968 of 40000 (ref-50fd965 vs cand-a771260)
Finished game 1959 (cand-a771260 vs ref-50fd965): 0-1 {Black wins by adjudication}
Started game 1969 of 40000 (cand-a771260 vs ref-50fd965)
Finished game 1958 (ref-50fd965 vs cand-a771260): 1/2-1/2 {Draw by 3-fold repetition}
Started game 1970 of 40000 (ref-50fd965 vs cand-a771260)
Finished game 1957 (cand-a771260 vs ref-50fd965): 1-0 {White wins by adjudication}
Started game 1971 of 40000 (cand-a771260 vs ref-50fd965)
Finished game 1966 (ref-50fd965 vs cand-a771260): 0-1 {Black wins by adjudication}
Started game 1972 of 40000 (ref-50fd965 vs cand-a771260)
Finished game 1960 (ref-50fd965 vs cand-a771260): 0-1 {Black wins by adjudication}
--------------------------------------------------
Results of cand-a771260 vs ref-50fd965 (8+0.08, 1t, 16MB, noob_3moves.epd):
Elo: 27.71 +/- 11.61, nElo: 36.89 +/- 15.38
LOS: 100.00 %, DrawRatio: 35.92 %, PairsRatio: 1.42
Games: 1960, Wins: 695, Losses: 539, Draws: 726, Points: 1058.0 (53.98 %)
Ptnml(0-2): [60, 199, 352, 263, 106], WL/DD Ratio: 1.67
LLR: 2.76 (93.8%) (-2.94, 2.94) [0.00, 5.00]
--------------------------------------------------
Started game 1973 of 40000 (cand-a771260 vs ref-50fd965)
Finished game 1967 (cand-a771260 vs ref-50fd965): 1-0 {White wins by adjudication}
Started game 1974 of 40000 (ref-50fd965 vs cand-a771260)
Finished game 1965 (cand-a771260 vs ref-50fd965): 1-0 {White wins by adjudication}
Started game 1975 of 40000 (cand-a771260 vs ref-50fd965)
Finished game 1962 (ref-50fd965 vs cand-a771260): 0-1 {Black wins by adjudication}
Started game 1976 of 40000 (ref-50fd965 vs cand-a771260)
Finished game 1970 (ref-50fd965 vs cand-a771260): 1/2-1/2 {Draw by 3-fold repetition}
Started game 1977 of 40000 (cand-a771260 vs ref-50fd965)
Finished game 1963 (cand-a771260 vs ref-50fd965): 1-0 {White wins by adjudication}
Started game 1978 of 40000 (ref-50fd965 vs cand-a771260)
Finished game 1961 (cand-a771260 vs ref-50fd965): 1-0 {White wins by adjudication}
Started game 1979 of 40000 (cand-a771260 vs ref-50fd965)
Finished game 1964 (ref-50fd965 vs cand-a771260): 1/2-1/2 {Draw by 3-fold repetition}
Started game 1980 of 40000 (ref-50fd965 vs cand-a771260)
Finished game 1969 (cand-a771260 vs ref-50fd965): 1-0 {White wins by adjudication}
Started game 1981 of 40000 (cand-a771260 vs ref-50fd965)
Finished game 1972 (ref-50fd965 vs cand-a771260): 1-0 {White wins by adjudication}
Started game 1982 of 40000 (ref-50fd965 vs cand-a771260)
Finished game 1968 (ref-50fd965 vs cand-a771260): 1/2-1/2 {Draw by adjudication}
Started game 1983 of 40000 (cand-a771260 vs ref-50fd965)
Finished game 1971 (cand-a771260 vs ref-50fd965): 1-0 {White wins by adjudication}
Started game 1984 of 40000 (ref-50fd965 vs cand-a771260)
Finished game 1977 (cand-a771260 vs ref-50fd965): 1/2-1/2 {Draw by 3-fold repetition}
Started game 1985 of 40000 (cand-a771260 vs ref-50fd965)
Finished game 1980 (ref-50fd965 vs cand-a771260): 1/2-1/2 {Draw by 3-fold repetition}
Started game 1986 of 40000 (ref-50fd965 vs cand-a771260)
Finished game 1976 (ref-50fd965 vs cand-a771260): 1-0 {White wins by adjudication}
Started game 1987 of 40000 (cand-a771260 vs ref-50fd965)
Finished game 1975 (cand-a771260 vs ref-50fd965): 1-0 {White wins by adjudication}
Started game 1988 of 40000 (ref-50fd965 vs cand-a771260)
Finished game 1973 (cand-a771260 vs ref-50fd965): 1-0 {White wins by adjudication}
Started game 1989 of 40000 (cand-a771260 vs ref-50fd965)
Finished game 1978 (ref-50fd965 vs cand-a771260): 0-1 {Black wins by adjudication}
Started game 1990 of 40000 (ref-50fd965 vs cand-a771260)
Finished game 1974 (ref-50fd965 vs cand-a771260): 1-0 {White wins by adjudication}
Started game 1991 of 40000 (cand-a771260 vs ref-50fd965)
Finished game 1984 (ref-50fd965 vs cand-a771260): 1-0 {White wins by adjudication}
Started game 1992 of 40000 (ref-50fd965 vs cand-a771260)
Finished game 1981 (cand-a771260 vs ref-50fd965): 0-1 {Black wins by adjudication}
Started game 1993 of 40000 (cand-a771260 vs ref-50fd965)
Finished game 1979 (cand-a771260 vs ref-50fd965): 1-0 {White wins by adjudication}
--------------------------------------------------
Results of cand-a771260 vs ref-50fd965 (8+0.08, 1t, 16MB, noob_3moves.epd):
Elo: 29.02 +/- 11.55, nElo: 38.64 +/- 15.30
LOS: 100.00 %, DrawRatio: 35.86 %, PairsRatio: 1.45
Games: 1980, Wins: 707, Losses: 542, Draws: 731, Points: 1072.5 (54.17 %)
Ptnml(0-2): [60, 199, 355, 268, 108], WL/DD Ratio: 1.69
LLR: 2.93 (99.4%) (-2.94, 2.94) [0.00, 5.00]
--------------------------------------------------
Started game 1994 of 40000 (ref-50fd965 vs cand-a771260)
Finished game 1982 (ref-50fd965 vs cand-a771260): 0-1 {Black wins by adjudication}
Started game 1995 of 40000 (cand-a771260 vs ref-50fd965)
Finished game 1983 (cand-a771260 vs ref-50fd965): 1-0 {White wins by adjudication}
Started game 1996 of 40000 (ref-50fd965 vs cand-a771260)
Finished game 1986 (ref-50fd965 vs cand-a771260): 1/2-1/2 {Draw by 3-fold repetition}
Started game 1997 of 40000 (cand-a771260 vs ref-50fd965)
Finished game 1988 (ref-50fd965 vs cand-a771260): 1-0 {White wins by adjudication}
Started game 1998 of 40000 (ref-50fd965 vs cand-a771260)
Finished game 1989 (cand-a771260 vs ref-50fd965): 0-1 {Black wins by adjudication}
Started game 1999 of 40000 (cand-a771260 vs ref-50fd965)
Finished game 1987 (cand-a771260 vs ref-50fd965): 1/2-1/2 {Draw by 3-fold repetition}
Started game 2000 of 40000 (ref-50fd965 vs cand-a771260)
Finished game 1992 (ref-50fd965 vs cand-a771260): 0-1 {Black wins by adjudication}
Started game 2001 of 40000 (cand-a771260 vs ref-50fd965)
Finished game 1990 (ref-50fd965 vs cand-a771260): 0-1 {Black wins by adjudication}
Started game 2002 of 40000 (ref-50fd965 vs cand-a771260)
Finished game 1991 (cand-a771260 vs ref-50fd965): 1-0 {White wins by adjudication}
--------------------------------------------------
Results of cand-a771260 vs ref-50fd965 (8+0.08, 1t, 16MB, noob_3moves.epd):
Elo: 29.05 +/- 11.52, nElo: 38.70 +/- 15.26
LOS: 100.00 %, DrawRatio: 35.98 %, PairsRatio: 1.45
Games: 1990, Wins: 712, Losses: 546, Draws: 732, Points: 1078.0 (54.17 %)
Ptnml(0-2): [60, 200, 358, 268, 109], WL/DD Ratio: 1.71
LLR: 2.95 (100.1%) (-2.94, 2.94) [0.00, 5.00]
--------------------------------------------------
SPRT ([0.00, 5.00]) completed - H1 was accepted
Finished match
Total Time: 00:55:58 (hours:minutes:seconds)


=== 1991 games in /home/max/ws/chesso/.tuning/sprt_s098_v2_20260916_115932/games.pgn ===
   1397 [Termination "adjudication"]
    594 [Termination "normal"]
draws     733 of 1991, 36.8 %
decisive  1258 of 1991, 63.2 %
forfeits  0 of 1991, 0.00 %
SPRT-RUN-DONE full /home/max/ws/chesso/.tuning/sprt_s098_v2_20260916_115932
