Building reference 13caf43 ...
Preparing worktree (detached HEAD 13caf43)
-- Arch native (-march=native) -- THIS MACHINE ONLY, never distributed
-- Sanitizer OFF
-- Tune build OFF
-- PGO off
-- Test timeout 60s (build type Release)
Building reference 2d6b8f1 ...
Preparing worktree (detached HEAD 2d6b8f1)
-- Arch native (-march=native) -- THIS MACHINE ONLY, never distributed
-- Sanitizer OFF
-- Tune build OFF
-- PGO off
-- Test timeout 60s (build type Release)
candidate  13caf43  2026-09-28
reference  2d6b8f1  2026-09-28
config     arch native  tune off
tc 8+0.08  hash 16  concurrency 12 of 12 cores
book       noob_3moves.epd
seed       20260928231941
bounds     elo0=0 elo1=5 alpha=0.05 beta=0.05
out        /home/max/ws/chesso/.tuning/sprt_s131_20260928_231941

id name    cand-13caf43  Chesso 13caf43 native
id name    ref-2d6b8f1  Chesso 2d6b8f1 native

Indexing opening suite...
Started game 2 of 40000 (ref-2d6b8f1 vs cand-13caf43)
Started game 1 of 40000 (cand-13caf43 vs ref-2d6b8f1)
Started game 9 of 40000 (cand-13caf43 vs ref-2d6b8f1)
Started game 4 of 40000 (ref-2d6b8f1 vs cand-13caf43)
Started game 8 of 40000 (ref-2d6b8f1 vs cand-13caf43)
Started game 6 of 40000 (ref-2d6b8f1 vs cand-13caf43)
Started game 10 of 40000 (ref-2d6b8f1 vs cand-13caf43)
Started game 3 of 40000 (cand-13caf43 vs ref-2d6b8f1)
Started game 11 of 40000 (cand-13caf43 vs ref-2d6b8f1)
Started game 7 of 40000 (cand-13caf43 vs ref-2d6b8f1)
Started game 12 of 40000 (ref-2d6b8f1 vs cand-13caf43)
Started game 5 of 40000 (cand-13caf43 vs ref-2d6b8f1)
Finished game 6 (ref-2d6b8f1 vs cand-13caf43): 1/2-1/2 {Draw by 3-fold repetition}
Started game 13 of 40000 (cand-13caf43 vs ref-2d6b8f1)
Finished game 12 (ref-2d6b8f1 vs cand-13caf43): 1/2-1/2 {Draw by 3-fold repetition}
Started game 14 of 40000 (ref-2d6b8f1 vs cand-13caf43)
Finished game 5 (cand-13caf43 vs ref-2d6b8f1): 1-0 {White wins by adjudication}
Started game 15 of 40000 (cand-13caf43 vs ref-2d6b8f1)
Finished game 1 (cand-13caf43 vs ref-2d6b8f1): 1/2-1/2 {Draw by 3-fold repetition}
Started game 16 of 40000 (ref-2d6b8f1 vs cand-13caf43)
Finished game 3 (cand-13caf43 vs ref-2d6b8f1): 0-1 {Black wins by adjudication}
Started game 17 of 40000 (cand-13caf43 vs ref-2d6b8f1)
Finished game 10 (ref-2d6b8f1 vs cand-13caf43): 1/2-1/2 {Draw by adjudication}
Started game 18 of 40000 (ref-2d6b8f1 vs cand-13caf43)
Finished game 2 (ref-2d6b8f1 vs cand-13caf43): 0-1 {Black wins by adjudication}
Started game 19 of 40000 (cand-13caf43 vs ref-2d6b8f1)
Finished game 8 (ref-2d6b8f1 vs cand-13caf43): 1/2-1/2 {Draw by adjudication}
Started game 20 of 40000 (ref-2d6b8f1 vs cand-13caf43)
Finished game 4 (ref-2d6b8f1 vs cand-13caf43): 1-0 {White wins by adjudication}
Started game 21 of 40000 (cand-13caf43 vs ref-2d6b8f1)
Finished game 7 (cand-13caf43 vs ref-2d6b8f1): 0-1 {Black wins by adjudication}
Started game 22 of 40000 (ref-2d6b8f1 vs cand-13caf43)
Finished game 11 (cand-13caf43 vs ref-2d6b8f1): 1/2-1/2 {Draw by adjudication}
Started game 23 of 40000 (cand-13caf43 vs ref-2d6b8f1)
Finished game 13 (cand-13caf43 vs ref-2d6b8f1): 1/2-1/2 {Draw by 3-fold repetition}
Started game 24 of 40000 (ref-2d6b8f1 vs cand-13caf43)
Finished game 14 (ref-2d6b8f1 vs cand-13caf43): 1-0 {White wins by adjudication}
Started game 25 of 40000 (cand-13caf43 vs ref-2d6b8f1)
Finished game 16 (ref-2d6b8f1 vs cand-13caf43): 1/2-1/2 {Draw by 3-fold repetition}
Started game 26 of 40000 (ref-2d6b8f1 vs cand-13caf43)
Finished game 20 (ref-2d6b8f1 vs cand-13caf43): 1/2-1/2 {Draw by 3-fold repetition}
Started game 27 of 40000 (cand-13caf43 vs ref-2d6b8f1)
Finished game 15 (cand-13caf43 vs ref-2d6b8f1): 0-1 {Black wins by adjudication}
Started game 28 of 40000 (ref-2d6b8f1 vs cand-13caf43)
Finished game 22 (ref-2d6b8f1 vs cand-13caf43): 1-0 {White wins by adjudication}
Started game 29 of 40000 (cand-13caf43 vs ref-2d6b8f1)
Finished game 9 (cand-13caf43 vs ref-2d6b8f1): 1/2-1/2 {Draw by adjudication}
Started game 30 of 40000 (ref-2d6b8f1 vs cand-13caf43)
Finished game 18 (ref-2d6b8f1 vs cand-13caf43): 1-0 {White wins by adjudication}
Started game 31 of 40000 (cand-13caf43 vs ref-2d6b8f1)
Finished game 17 (cand-13caf43 vs ref-2d6b8f1): 1-0 {White wins by adjudication}
Started game 32 of 40000 (ref-2d6b8f1 vs cand-13caf43)
Finished game 19 (cand-13caf43 vs ref-2d6b8f1): 0-1 {Black wins by adjudication}
--------------------------------------------------
Results of cand-13caf43 vs ref-2d6b8f1 (8+0.08, 1t, 16MB, noob_3moves.epd):
Elo: -70.44 +/- 106.39, nElo: -107.22 +/- 152.27
LOS: 8.38 %, DrawRatio: 30.00 %, PairsRatio: 0.40
Games: 20, Wins: 3, Losses: 7, Draws: 10, Points: 8.0 (40.00 %)
Ptnml(0-2): [1, 4, 3, 2, 0], WL/DD Ratio: 0.50
LLR: -0.09 (-3.0%) (-2.94, 2.94) [0.00, 5.00]
--------------------------------------------------
Started game 33 of 40000 (cand-13caf43 vs ref-2d6b8f1)
Finished game 24 (ref-2d6b8f1 vs cand-13caf43): 0-1 {Black wins by adjudication}
Started game 34 of 40000 (ref-2d6b8f1 vs cand-13caf43)
Finished game 21 (cand-13caf43 vs ref-2d6b8f1): 0-1 {Black wins by adjudication}
Started game 35 of 40000 (cand-13caf43 vs ref-2d6b8f1)
Finished game 25 (cand-13caf43 vs ref-2d6b8f1): 1-0 {White wins by adjudication}
Started game 36 of 40000 (ref-2d6b8f1 vs cand-13caf43)
Finished game 28 (ref-2d6b8f1 vs cand-13caf43): 0-1 {Black wins by adjudication}
Started game 37 of 40000 (cand-13caf43 vs ref-2d6b8f1)
Finished game 23 (cand-13caf43 vs ref-2d6b8f1): 1/2-1/2 {Draw by 3-fold repetition}
Started game 38 of 40000 (ref-2d6b8f1 vs cand-13caf43)
Finished game 26 (ref-2d6b8f1 vs cand-13caf43): 1-0 {White wins by adjudication}
Started game 39 of 40000 (cand-13caf43 vs ref-2d6b8f1)
Finished game 29 (cand-13caf43 vs ref-2d6b8f1): 1-0 {White wins by adjudication}
Started game 40 of 40000 (ref-2d6b8f1 vs cand-13caf43)
Finished game 27 (cand-13caf43 vs ref-2d6b8f1): 0-1 {Black wins by adjudication}
Started game 41 of 40000 (cand-13caf43 vs ref-2d6b8f1)
Finished game 36 (ref-2d6b8f1 vs cand-13caf43): 1/2-1/2 {Draw by 3-fold repetition}
Started game 42 of 40000 (ref-2d6b8f1 vs cand-13caf43)
Finished game 30 (ref-2d6b8f1 vs cand-13caf43): 1-0 {White wins by adjudication}
Started game 43 of 40000 (cand-13caf43 vs ref-2d6b8f1)
Finished game 37 (cand-13caf43 vs ref-2d6b8f1): 1/2-1/2 {Draw by 3-fold repetition}
Started game 44 of 40000 (ref-2d6b8f1 vs cand-13caf43)
Finished game 32 (ref-2d6b8f1 vs cand-13caf43): 1-0 {White wins by adjudication}
Started game 45 of 40000 (cand-13caf43 vs ref-2d6b8f1)
Finished game 33 (cand-13caf43 vs ref-2d6b8f1): 1/2-1/2 {Draw by 3-fold repetition}
Started game 46 of 40000 (ref-2d6b8f1 vs cand-13caf43)
Finished game 34 (ref-2d6b8f1 vs cand-13caf43): 1-0 {White wins by adjudication}
Started game 47 of 40000 (cand-13caf43 vs ref-2d6b8f1)
Finished game 35 (cand-13caf43 vs ref-2d6b8f1): 1-0 {White wins by adjudication}
Started game 48 of 40000 (ref-2d6b8f1 vs cand-13caf43)
Finished game 31 (cand-13caf43 vs ref-2d6b8f1): 1/2-1/2 {Draw by 3-fold repetition}
Started game 49 of 40000 (cand-13caf43 vs ref-2d6b8f1)
Finished game 39 (cand-13caf43 vs ref-2d6b8f1): 0-1 {Black wins by adjudication}
Started game 50 of 40000 (ref-2d6b8f1 vs cand-13caf43)
Finished game 40 (ref-2d6b8f1 vs cand-13caf43): 1/2-1/2 {Draw by 3-fold repetition}
--------------------------------------------------
Results of cand-13caf43 vs ref-2d6b8f1 (8+0.08, 1t, 16MB, noob_3moves.epd):
Elo: -64.74 +/- 76.51, nElo: -97.36 +/- 110.47
LOS: 4.20 %, DrawRatio: 31.58 %, PairsRatio: 0.44
Games: 38, Wins: 8, Losses: 15, Draws: 15, Points: 15.5 (40.79 %)
Ptnml(0-2): [2, 7, 6, 4, 0], WL/DD Ratio: 2.00
LLR: -0.16 (-5.4%) (-2.94, 2.94) [0.00, 5.00]
--------------------------------------------------
Started game 51 of 40000 (cand-13caf43 vs ref-2d6b8f1)
Finished game 38 (ref-2d6b8f1 vs cand-13caf43): 1-0 {White wins by adjudication}
Started game 52 of 40000 (ref-2d6b8f1 vs cand-13caf43)
Finished game 41 (cand-13caf43 vs ref-2d6b8f1): 1-0 {White wins by adjudication}
Started game 53 of 40000 (cand-13caf43 vs ref-2d6b8f1)
Finished game 44 (ref-2d6b8f1 vs cand-13caf43): 0-1 {Black wins by adjudication}
Started game 54 of 40000 (ref-2d6b8f1 vs cand-13caf43)
Finished game 45 (cand-13caf43 vs ref-2d6b8f1): 1/2-1/2 {Draw by 3-fold repetition}
Started game 55 of 40000 (cand-13caf43 vs ref-2d6b8f1)
Finished game 47 (cand-13caf43 vs ref-2d6b8f1): 1-0 {White wins by adjudication}
Started game 56 of 40000 (ref-2d6b8f1 vs cand-13caf43)
Finished game 46 (ref-2d6b8f1 vs cand-13caf43): 1/2-1/2 {Draw by 3-fold repetition}
Started game 57 of 40000 (cand-13caf43 vs ref-2d6b8f1)
Finished game 43 (cand-13caf43 vs ref-2d6b8f1): 1/2-1/2 {Draw by fifty moves rule}
Started game 58 of 40000 (ref-2d6b8f1 vs cand-13caf43)
Finished game 49 (cand-13caf43 vs ref-2d6b8f1): 0-1 {Black wins by adjudication}
Started game 59 of 40000 (cand-13caf43 vs ref-2d6b8f1)
Finished game 54 (ref-2d6b8f1 vs cand-13caf43): 1/2-1/2 {Draw by 3-fold repetition}
Started game 60 of 40000 (ref-2d6b8f1 vs cand-13caf43)
Finished game 50 (ref-2d6b8f1 vs cand-13caf43): 1/2-1/2 {Draw by 3-fold repetition}
Started game 61 of 40000 (cand-13caf43 vs ref-2d6b8f1)
Finished game 48 (ref-2d6b8f1 vs cand-13caf43): 0-1 {Black wins by adjudication}
Started game 62 of 40000 (ref-2d6b8f1 vs cand-13caf43)
Finished game 42 (ref-2d6b8f1 vs cand-13caf43): 1/2-1/2 {Draw by fifty moves rule}
Started game 63 of 40000 (cand-13caf43 vs ref-2d6b8f1)
Finished game 51 (cand-13caf43 vs ref-2d6b8f1): 0-1 {Black wins by adjudication}
Started game 64 of 40000 (ref-2d6b8f1 vs cand-13caf43)
Finished game 53 (cand-13caf43 vs ref-2d6b8f1): 1-0 {White wins by adjudication}
Started game 65 of 40000 (cand-13caf43 vs ref-2d6b8f1)
Finished game 56 (ref-2d6b8f1 vs cand-13caf43): 1/2-1/2 {Draw by 3-fold repetition}
Started game 66 of 40000 (ref-2d6b8f1 vs cand-13caf43)
Finished game 52 (ref-2d6b8f1 vs cand-13caf43): 0-1 {Black wins by adjudication}
Started game 67 of 40000 (cand-13caf43 vs ref-2d6b8f1)
Finished game 55 (cand-13caf43 vs ref-2d6b8f1): 1-0 {White wins by adjudication}
Started game 68 of 40000 (ref-2d6b8f1 vs cand-13caf43)
Finished game 60 (ref-2d6b8f1 vs cand-13caf43): 0-1 {Black wins by adjudication}
Started game 69 of 40000 (cand-13caf43 vs ref-2d6b8f1)
Finished game 57 (cand-13caf43 vs ref-2d6b8f1): 1/2-1/2 {Draw by 3-fold repetition}
Started game 70 of 40000 (ref-2d6b8f1 vs cand-13caf43)
Finished game 61 (cand-13caf43 vs ref-2d6b8f1): 1/2-1/2 {Draw by 3-fold repetition}
Started game 71 of 40000 (cand-13caf43 vs ref-2d6b8f1)
Finished game 62 (ref-2d6b8f1 vs cand-13caf43): 1/2-1/2 {Draw by 3-fold repetition}
Started game 72 of 40000 (ref-2d6b8f1 vs cand-13caf43)
Finished game 58 (ref-2d6b8f1 vs cand-13caf43): 1/2-1/2 {Draw by 3-fold repetition}
Started game 73 of 40000 (cand-13caf43 vs ref-2d6b8f1)
Finished game 65 (cand-13caf43 vs ref-2d6b8f1): 0-1 {Black wins by adjudication}
Started game 74 of 40000 (ref-2d6b8f1 vs cand-13caf43)
Finished game 63 (cand-13caf43 vs ref-2d6b8f1): 0-1 {Black wins by adjudication}
Started game 75 of 40000 (cand-13caf43 vs ref-2d6b8f1)
Finished game 59 (cand-13caf43 vs ref-2d6b8f1): 1-0 {White wins by adjudication}
--------------------------------------------------
Results of cand-13caf43 vs ref-2d6b8f1 (8+0.08, 1t, 16MB, noob_3moves.epd):
Elo: -5.60 +/- 63.79, nElo: -7.68 +/- 86.48
LOS: 43.09 %, DrawRatio: 32.26 %, PairsRatio: 0.91
Games: 62, Wins: 17, Losses: 18, Draws: 27, Points: 30.5 (49.19 %)
Ptnml(0-2): [2, 9, 10, 8, 2], WL/DD Ratio: 1.00
LLR: -0.03 (-0.9%) (-2.94, 2.94) [0.00, 5.00]
--------------------------------------------------
Started game 76 of 40000 (ref-2d6b8f1 vs cand-13caf43)
Finished game 64 (ref-2d6b8f1 vs cand-13caf43): 1-0 {White wins by adjudication}
Started game 77 of 40000 (cand-13caf43 vs ref-2d6b8f1)
Finished game 66 (ref-2d6b8f1 vs cand-13caf43): 1/2-1/2 {Draw by adjudication}
Started game 78 of 40000 (ref-2d6b8f1 vs cand-13caf43)
Finished game 67 (cand-13caf43 vs ref-2d6b8f1): 1/2-1/2 {Draw by insufficient mating material}
Started game 79 of 40000 (cand-13caf43 vs ref-2d6b8f1)
Finished game 68 (ref-2d6b8f1 vs cand-13caf43): 0-1 {Black wins by adjudication}
Started game 80 of 40000 (ref-2d6b8f1 vs cand-13caf43)
Finished game 69 (cand-13caf43 vs ref-2d6b8f1): 1/2-1/2 {Draw by 3-fold repetition}
Started game 81 of 40000 (cand-13caf43 vs ref-2d6b8f1)
Finished game 77 (cand-13caf43 vs ref-2d6b8f1): 1/2-1/2 {Draw by 3-fold repetition}
Started game 82 of 40000 (ref-2d6b8f1 vs cand-13caf43)
Finished game 71 (cand-13caf43 vs ref-2d6b8f1): 1-0 {White wins by adjudication}
Started game 83 of 40000 (cand-13caf43 vs ref-2d6b8f1)
Finished game 74 (ref-2d6b8f1 vs cand-13caf43): 0-1 {Black wins by adjudication}
Started game 84 of 40000 (ref-2d6b8f1 vs cand-13caf43)
Finished game 72 (ref-2d6b8f1 vs cand-13caf43): 0-1 {Black wins by adjudication}
Started game 85 of 40000 (cand-13caf43 vs ref-2d6b8f1)
Finished game 70 (ref-2d6b8f1 vs cand-13caf43): 0-1 {Black wins by adjudication}
Started game 86 of 40000 (ref-2d6b8f1 vs cand-13caf43)
Finished game 75 (cand-13caf43 vs ref-2d6b8f1): 1/2-1/2 {Draw by 3-fold repetition}
Started game 87 of 40000 (cand-13caf43 vs ref-2d6b8f1)
Finished game 76 (ref-2d6b8f1 vs cand-13caf43): 0-1 {Black wins by adjudication}
Started game 88 of 40000 (ref-2d6b8f1 vs cand-13caf43)
Finished game 73 (cand-13caf43 vs ref-2d6b8f1): 1/2-1/2 {Draw by 3-fold repetition}
Started game 89 of 40000 (cand-13caf43 vs ref-2d6b8f1)
Finished game 80 (ref-2d6b8f1 vs cand-13caf43): 1-0 {White wins by adjudication}
Started game 90 of 40000 (ref-2d6b8f1 vs cand-13caf43)
Finished game 81 (cand-13caf43 vs ref-2d6b8f1): 0-1 {Black wins by adjudication}
Started game 91 of 40000 (cand-13caf43 vs ref-2d6b8f1)
Finished game 79 (cand-13caf43 vs ref-2d6b8f1): 1/2-1/2 {Draw by 3-fold repetition}
--------------------------------------------------
Results of cand-13caf43 vs ref-2d6b8f1 (8+0.08, 1t, 16MB, noob_3moves.epd):
Elo: 4.45 +/- 60.45, nElo: 5.74 +/- 77.10
LOS: 55.80 %, DrawRatio: 25.64 %, PairsRatio: 1.07
Games: 78, Wins: 23, Losses: 22, Draws: 33, Points: 39.5 (50.64 %)
Ptnml(0-2): [3, 11, 10, 12, 3], WL/DD Ratio: 1.00
LLR: 0.01 (0.4%) (-2.94, 2.94) [0.00, 5.00]
--------------------------------------------------
Started game 92 of 40000 (ref-2d6b8f1 vs cand-13caf43)
Finished game 83 (cand-13caf43 vs ref-2d6b8f1): 1-0 {White wins by adjudication}
Started game 93 of 40000 (cand-13caf43 vs ref-2d6b8f1)
Finished game 86 (ref-2d6b8f1 vs cand-13caf43): 0-1 {Black wins by adjudication}
Started game 94 of 40000 (ref-2d6b8f1 vs cand-13caf43)
Finished game 82 (ref-2d6b8f1 vs cand-13caf43): 1/2-1/2 {Draw by 3-fold repetition}
Started game 95 of 40000 (cand-13caf43 vs ref-2d6b8f1)
Finished game 84 (ref-2d6b8f1 vs cand-13caf43): 1-0 {White wins by adjudication}
Started game 96 of 40000 (ref-2d6b8f1 vs cand-13caf43)
Finished game 87 (cand-13caf43 vs ref-2d6b8f1): 0-1 {Black wins by adjudication}
Started game 97 of 40000 (cand-13caf43 vs ref-2d6b8f1)
Finished game 88 (ref-2d6b8f1 vs cand-13caf43): 0-1 {Black wins by adjudication}
Started game 98 of 40000 (ref-2d6b8f1 vs cand-13caf43)
Finished game 85 (cand-13caf43 vs ref-2d6b8f1): 1/2-1/2 {Draw by 3-fold repetition}
Started game 99 of 40000 (cand-13caf43 vs ref-2d6b8f1)
Finished game 89 (cand-13caf43 vs ref-2d6b8f1): 0-1 {Black wins by adjudication}
Started game 100 of 40000 (ref-2d6b8f1 vs cand-13caf43)
Finished game 78 (ref-2d6b8f1 vs cand-13caf43): 1/2-1/2 {Draw by fifty moves rule}
Started game 101 of 40000 (cand-13caf43 vs ref-2d6b8f1)
Finished game 92 (ref-2d6b8f1 vs cand-13caf43): 1-0 {White wins by adjudication}
Started game 102 of 40000 (ref-2d6b8f1 vs cand-13caf43)
Finished game 94 (ref-2d6b8f1 vs cand-13caf43): 1/2-1/2 {Draw by 3-fold repetition}
Started game 103 of 40000 (cand-13caf43 vs ref-2d6b8f1)
Finished game 93 (cand-13caf43 vs ref-2d6b8f1): 0-1 {Black wins by adjudication}
Started game 104 of 40000 (ref-2d6b8f1 vs cand-13caf43)
Finished game 95 (cand-13caf43 vs ref-2d6b8f1): 0-1 {Black wins by adjudication}
Started game 105 of 40000 (cand-13caf43 vs ref-2d6b8f1)
Finished game 99 (cand-13caf43 vs ref-2d6b8f1): 1-0 {White wins by adjudication}
Started game 106 of 40000 (ref-2d6b8f1 vs cand-13caf43)
Finished game 96 (ref-2d6b8f1 vs cand-13caf43): 1/2-1/2 {Draw by insufficient mating material}
Started game 107 of 40000 (cand-13caf43 vs ref-2d6b8f1)
Finished game 98 (ref-2d6b8f1 vs cand-13caf43): 1-0 {White wins by adjudication}
Started game 108 of 40000 (ref-2d6b8f1 vs cand-13caf43)
Finished game 100 (ref-2d6b8f1 vs cand-13caf43): 1/2-1/2 {Draw by adjudication}
--------------------------------------------------
Results of cand-13caf43 vs ref-2d6b8f1 (8+0.08, 1t, 16MB, noob_3moves.epd):
Elo: -0.00 +/- 52.64, nElo: -0.00 +/- 70.24
LOS: 50.00 %, DrawRatio: 27.66 %, PairsRatio: 1.00
Games: 94, Wins: 27, Losses: 27, Draws: 40, Points: 47.0 (50.00 %)
Ptnml(0-2): [3, 14, 13, 14, 3], WL/DD Ratio: 1.17
LLR: -0.01 (-0.3%) (-2.94, 2.94) [0.00, 5.00]
--------------------------------------------------
Started game 109 of 40000 (cand-13caf43 vs ref-2d6b8f1)
Finished game 101 (cand-13caf43 vs ref-2d6b8f1): 1-0 {White wins by adjudication}
Started game 110 of 40000 (ref-2d6b8f1 vs cand-13caf43)
Finished game 90 (ref-2d6b8f1 vs cand-13caf43): 1/2-1/2 {Draw by insufficient mating material}
Started game 111 of 40000 (cand-13caf43 vs ref-2d6b8f1)
Finished game 97 (cand-13caf43 vs ref-2d6b8f1): 1/2-1/2 {Draw by adjudication}
Started game 112 of 40000 (ref-2d6b8f1 vs cand-13caf43)
Finished game 102 (ref-2d6b8f1 vs cand-13caf43): 1-0 {White wins by adjudication}
Started game 113 of 40000 (cand-13caf43 vs ref-2d6b8f1)
Finished game 103 (cand-13caf43 vs ref-2d6b8f1): 0-1 {Black wins by adjudication}
Started game 114 of 40000 (ref-2d6b8f1 vs cand-13caf43)
Finished game 91 (cand-13caf43 vs ref-2d6b8f1): 1/2-1/2 {Draw by insufficient mating material}
Started game 115 of 40000 (cand-13caf43 vs ref-2d6b8f1)
Finished game 105 (cand-13caf43 vs ref-2d6b8f1): 1-0 {White wins by adjudication}
Started game 116 of 40000 (ref-2d6b8f1 vs cand-13caf43)
Finished game 106 (ref-2d6b8f1 vs cand-13caf43): 1/2-1/2 {Draw by 3-fold repetition}
Started game 117 of 40000 (cand-13caf43 vs ref-2d6b8f1)
Finished game 111 (cand-13caf43 vs ref-2d6b8f1): 0-1 {Black wins by adjudication}
Started game 118 of 40000 (ref-2d6b8f1 vs cand-13caf43)
Finished game 109 (cand-13caf43 vs ref-2d6b8f1): 1/2-1/2 {Draw by 3-fold repetition}
Started game 119 of 40000 (cand-13caf43 vs ref-2d6b8f1)
Finished game 104 (ref-2d6b8f1 vs cand-13caf43): 1/2-1/2 {Draw by adjudication}
Started game 120 of 40000 (ref-2d6b8f1 vs cand-13caf43)
Finished game 107 (cand-13caf43 vs ref-2d6b8f1): 1/2-1/2 {Draw by insufficient mating material}
Started game 121 of 40000 (cand-13caf43 vs ref-2d6b8f1)
Finished game 113 (cand-13caf43 vs ref-2d6b8f1): 1-0 {White wins by adjudication}
Started game 122 of 40000 (ref-2d6b8f1 vs cand-13caf43)
Finished game 112 (ref-2d6b8f1 vs cand-13caf43): 1/2-1/2 {Draw by 3-fold repetition}
Started game 123 of 40000 (cand-13caf43 vs ref-2d6b8f1)
Finished game 108 (ref-2d6b8f1 vs cand-13caf43): 1-0 {White wins by adjudication}
Started game 124 of 40000 (ref-2d6b8f1 vs cand-13caf43)
Finished game 114 (ref-2d6b8f1 vs cand-13caf43): 1-0 {White wins by adjudication}
Started game 125 of 40000 (cand-13caf43 vs ref-2d6b8f1)
Finished game 117 (cand-13caf43 vs ref-2d6b8f1): 1/2-1/2 {Draw by 3-fold repetition}
Started game 126 of 40000 (ref-2d6b8f1 vs cand-13caf43)
Finished game 118 (ref-2d6b8f1 vs cand-13caf43): 1-0 {White wins by adjudication}
Started game 127 of 40000 (cand-13caf43 vs ref-2d6b8f1)
Finished game 116 (ref-2d6b8f1 vs cand-13caf43): 1/2-1/2 {Draw by 3-fold repetition}
Started game 128 of 40000 (ref-2d6b8f1 vs cand-13caf43)
Finished game 120 (ref-2d6b8f1 vs cand-13caf43): 0-1 {Black wins by adjudication}
Started game 129 of 40000 (cand-13caf43 vs ref-2d6b8f1)
Finished game 122 (ref-2d6b8f1 vs cand-13caf43): 1-0 {White wins by adjudication}
Started game 130 of 40000 (ref-2d6b8f1 vs cand-13caf43)
Finished game 115 (cand-13caf43 vs ref-2d6b8f1): 1/2-1/2 {Draw by 3-fold repetition}
Started game 131 of 40000 (cand-13caf43 vs ref-2d6b8f1)
Finished game 123 (cand-13caf43 vs ref-2d6b8f1): 0-1 {Black wins by adjudication}
Started game 132 of 40000 (ref-2d6b8f1 vs cand-13caf43)
Finished game 119 (cand-13caf43 vs ref-2d6b8f1): 0-1 {Black wins by adjudication}
--------------------------------------------------
Results of cand-13caf43 vs ref-2d6b8f1 (8+0.08, 1t, 16MB, noob_3moves.epd):
Elo: -17.68 +/- 44.84, nElo: -24.90 +/- 62.69
LOS: 21.81 %, DrawRatio: 28.81 %, PairsRatio: 0.75
Games: 118, Wins: 31, Losses: 37, Draws: 50, Points: 56.0 (47.46 %)
Ptnml(0-2): [3, 21, 17, 15, 3], WL/DD Ratio: 1.43
LLR: -0.13 (-4.5%) (-2.94, 2.94) [0.00, 5.00]
--------------------------------------------------
Started game 133 of 40000 (cand-13caf43 vs ref-2d6b8f1)
Finished game 110 (ref-2d6b8f1 vs cand-13caf43): 1/2-1/2 {Draw by adjudication}
Started game 134 of 40000 (ref-2d6b8f1 vs cand-13caf43)
Finished game 121 (cand-13caf43 vs ref-2d6b8f1): 1/2-1/2 {Draw by 3-fold repetition}
Started game 135 of 40000 (cand-13caf43 vs ref-2d6b8f1)
Finished game 125 (cand-13caf43 vs ref-2d6b8f1): 1-0 {White wins by adjudication}
Started game 136 of 40000 (ref-2d6b8f1 vs cand-13caf43)
Finished game 128 (ref-2d6b8f1 vs cand-13caf43): 1/2-1/2 {Draw by 3-fold repetition}
Started game 137 of 40000 (cand-13caf43 vs ref-2d6b8f1)
Finished game 130 (ref-2d6b8f1 vs cand-13caf43): 1-0 {White wins by adjudication}
Started game 138 of 40000 (ref-2d6b8f1 vs cand-13caf43)
Finished game 124 (ref-2d6b8f1 vs cand-13caf43): 1-0 {White wins by adjudication}
Started game 139 of 40000 (cand-13caf43 vs ref-2d6b8f1)
Finished game 126 (ref-2d6b8f1 vs cand-13caf43): 0-1 {Black wins by adjudication}
Started game 140 of 40000 (ref-2d6b8f1 vs cand-13caf43)
Finished game 127 (cand-13caf43 vs ref-2d6b8f1): 1/2-1/2 {Draw by 3-fold repetition}
Started game 141 of 40000 (cand-13caf43 vs ref-2d6b8f1)
Finished game 134 (ref-2d6b8f1 vs cand-13caf43): 0-1 {Black wins by adjudication}
Started game 142 of 40000 (ref-2d6b8f1 vs cand-13caf43)
Finished game 131 (cand-13caf43 vs ref-2d6b8f1): 0-1 {Black wins by adjudication}
Started game 143 of 40000 (cand-13caf43 vs ref-2d6b8f1)
Finished game 137 (cand-13caf43 vs ref-2d6b8f1): 1-0 {White wins by adjudication}
Started game 144 of 40000 (ref-2d6b8f1 vs cand-13caf43)
Finished game 135 (cand-13caf43 vs ref-2d6b8f1): 1/2-1/2 {Draw by 3-fold repetition}
Started game 145 of 40000 (cand-13caf43 vs ref-2d6b8f1)
Finished game 132 (ref-2d6b8f1 vs cand-13caf43): 1/2-1/2 {Draw by adjudication}
Started game 146 of 40000 (ref-2d6b8f1 vs cand-13caf43)
Finished game 129 (cand-13caf43 vs ref-2d6b8f1): 1/2-1/2 {Draw by insufficient mating material}
Started game 147 of 40000 (cand-13caf43 vs ref-2d6b8f1)
Finished game 133 (cand-13caf43 vs ref-2d6b8f1): 1-0 {White wins by adjudication}
Started game 148 of 40000 (ref-2d6b8f1 vs cand-13caf43)
Finished game 136 (ref-2d6b8f1 vs cand-13caf43): 1-0 {White wins by adjudication}
Started game 149 of 40000 (cand-13caf43 vs ref-2d6b8f1)
Finished game 140 (ref-2d6b8f1 vs cand-13caf43): 1/2-1/2 {Draw by 3-fold repetition}
Started game 150 of 40000 (ref-2d6b8f1 vs cand-13caf43)
Finished game 138 (ref-2d6b8f1 vs cand-13caf43): 1-0 {White wins by adjudication}
Started game 151 of 40000 (cand-13caf43 vs ref-2d6b8f1)
Finished game 143 (cand-13caf43 vs ref-2d6b8f1): 1/2-1/2 {Draw by 3-fold repetition}
Started game 152 of 40000 (ref-2d6b8f1 vs cand-13caf43)
Finished game 146 (ref-2d6b8f1 vs cand-13caf43): 1/2-1/2 {Draw by 3-fold repetition}
Started game 153 of 40000 (cand-13caf43 vs ref-2d6b8f1)
Finished game 149 (cand-13caf43 vs ref-2d6b8f1): 1-0 {White wins by adjudication}
Started game 154 of 40000 (ref-2d6b8f1 vs cand-13caf43)
Finished game 141 (cand-13caf43 vs ref-2d6b8f1): 1/2-1/2 {Draw by insufficient mating material}
Started game 155 of 40000 (cand-13caf43 vs ref-2d6b8f1)
Finished game 147 (cand-13caf43 vs ref-2d6b8f1): 0-1 {Black wins by adjudication}
Started game 156 of 40000 (ref-2d6b8f1 vs cand-13caf43)
Finished game 139 (cand-13caf43 vs ref-2d6b8f1): 1/2-1/2 {Draw by insufficient mating material}
--------------------------------------------------
Results of cand-13caf43 vs ref-2d6b8f1 (8+0.08, 1t, 16MB, noob_3moves.epd):
Elo: -19.88 +/- 42.50, nElo: -27.11 +/- 57.55
LOS: 17.79 %, DrawRatio: 30.00 %, PairsRatio: 0.69
Games: 140, Wins: 36, Losses: 44, Draws: 60, Points: 66.0 (47.14 %)
Ptnml(0-2): [4, 25, 21, 15, 5], WL/DD Ratio: 1.10
LLR: -0.17 (-5.7%) (-2.94, 2.94) [0.00, 5.00]
--------------------------------------------------
Started game 157 of 40000 (cand-13caf43 vs ref-2d6b8f1)
Finished game 144 (ref-2d6b8f1 vs cand-13caf43): 1/2-1/2 {Draw by 3-fold repetition}
Started game 158 of 40000 (ref-2d6b8f1 vs cand-13caf43)
Finished game 142 (ref-2d6b8f1 vs cand-13caf43): 1/2-1/2 {Draw by fifty moves rule}
Started game 159 of 40000 (cand-13caf43 vs ref-2d6b8f1)
Finished game 148 (ref-2d6b8f1 vs cand-13caf43): 0-1 {Black wins by adjudication}
Started game 160 of 40000 (ref-2d6b8f1 vs cand-13caf43)
Finished game 150 (ref-2d6b8f1 vs cand-13caf43): 0-1 {Black wins by adjudication}
Started game 161 of 40000 (cand-13caf43 vs ref-2d6b8f1)
Finished game 151 (cand-13caf43 vs ref-2d6b8f1): 1-0 {White wins by adjudication}
Started game 162 of 40000 (ref-2d6b8f1 vs cand-13caf43)
Finished game 145 (cand-13caf43 vs ref-2d6b8f1): 1-0 {White wins by adjudication}
Started game 163 of 40000 (cand-13caf43 vs ref-2d6b8f1)
Finished game 157 (cand-13caf43 vs ref-2d6b8f1): 1/2-1/2 {Draw by 3-fold repetition}
Started game 164 of 40000 (ref-2d6b8f1 vs cand-13caf43)
Finished game 152 (ref-2d6b8f1 vs cand-13caf43): 0-1 {Black wins by adjudication}
Started game 165 of 40000 (cand-13caf43 vs ref-2d6b8f1)
Finished game 160 (ref-2d6b8f1 vs cand-13caf43): 0-1 {Black wins by adjudication}
Started game 166 of 40000 (ref-2d6b8f1 vs cand-13caf43)
Finished game 154 (ref-2d6b8f1 vs cand-13caf43): 1-0 {White wins by adjudication}
Started game 167 of 40000 (cand-13caf43 vs ref-2d6b8f1)
Finished game 153 (cand-13caf43 vs ref-2d6b8f1): 1/2-1/2 {Draw by adjudication}
Started game 168 of 40000 (ref-2d6b8f1 vs cand-13caf43)
Finished game 156 (ref-2d6b8f1 vs cand-13caf43): 1/2-1/2 {Draw by adjudication}
Started game 169 of 40000 (cand-13caf43 vs ref-2d6b8f1)
Finished game 163 (cand-13caf43 vs ref-2d6b8f1): 1/2-1/2 {Draw by 3-fold repetition}
Started game 170 of 40000 (ref-2d6b8f1 vs cand-13caf43)
Finished game 158 (ref-2d6b8f1 vs cand-13caf43): 0-1 {Black wins by adjudication}
Started game 171 of 40000 (cand-13caf43 vs ref-2d6b8f1)
Finished game 159 (cand-13caf43 vs ref-2d6b8f1): 1-0 {White wins by adjudication}
--------------------------------------------------
Results of cand-13caf43 vs ref-2d6b8f1 (8+0.08, 1t, 16MB, noob_3moves.epd):
Elo: -2.20 +/- 41.31, nElo: -2.90 +/- 54.17
LOS: 45.83 %, DrawRatio: 30.38 %, PairsRatio: 0.83
Games: 158, Wins: 45, Losses: 46, Draws: 67, Points: 78.5 (49.68 %)
Ptnml(0-2): [4, 26, 24, 17, 8], WL/DD Ratio: 1.00
LLR: -0.04 (-1.2%) (-2.94, 2.94) [0.00, 5.00]
--------------------------------------------------
Started game 172 of 40000 (ref-2d6b8f1 vs cand-13caf43)
Finished game 155 (cand-13caf43 vs ref-2d6b8f1): 1/2-1/2 {Draw by 3-fold repetition}
Started game 173 of 40000 (cand-13caf43 vs ref-2d6b8f1)
Finished game 161 (cand-13caf43 vs ref-2d6b8f1): 1-0 {White wins by adjudication}
Started game 174 of 40000 (ref-2d6b8f1 vs cand-13caf43)
Finished game 162 (ref-2d6b8f1 vs cand-13caf43): 1/2-1/2 {Draw by adjudication}
Started game 175 of 40000 (cand-13caf43 vs ref-2d6b8f1)
Finished game 164 (ref-2d6b8f1 vs cand-13caf43): 1/2-1/2 {Draw by 3-fold repetition}
Started game 176 of 40000 (ref-2d6b8f1 vs cand-13caf43)
Finished game 165 (cand-13caf43 vs ref-2d6b8f1): 1/2-1/2 {Draw by 3-fold repetition}
Started game 177 of 40000 (cand-13caf43 vs ref-2d6b8f1)
Finished game 167 (cand-13caf43 vs ref-2d6b8f1): 1-0 {White wins by adjudication}
Started game 178 of 40000 (ref-2d6b8f1 vs cand-13caf43)
Finished game 166 (ref-2d6b8f1 vs cand-13caf43): 0-1 {Black wins by adjudication}
Started game 179 of 40000 (cand-13caf43 vs ref-2d6b8f1)
Finished game 169 (cand-13caf43 vs ref-2d6b8f1): 1-0 {White wins by adjudication}
Started game 180 of 40000 (ref-2d6b8f1 vs cand-13caf43)
Finished game 170 (ref-2d6b8f1 vs cand-13caf43): 0-1 {Black wins by adjudication}
Started game 181 of 40000 (cand-13caf43 vs ref-2d6b8f1)
Finished game 168 (ref-2d6b8f1 vs cand-13caf43): 1/2-1/2 {Draw by 3-fold repetition}
Started game 182 of 40000 (ref-2d6b8f1 vs cand-13caf43)
Finished game 172 (ref-2d6b8f1 vs cand-13caf43): 1/2-1/2 {Draw by insufficient mating material}
Started game 183 of 40000 (cand-13caf43 vs ref-2d6b8f1)
Finished game 174 (ref-2d6b8f1 vs cand-13caf43): 0-1 {Black wins by adjudication}
Started game 184 of 40000 (ref-2d6b8f1 vs cand-13caf43)
Finished game 173 (cand-13caf43 vs ref-2d6b8f1): 0-1 {Black wins by adjudication}
Started game 185 of 40000 (cand-13caf43 vs ref-2d6b8f1)
Finished game 178 (ref-2d6b8f1 vs cand-13caf43): 1-0 {White wins by adjudication}
Started game 186 of 40000 (ref-2d6b8f1 vs cand-13caf43)
Finished game 171 (cand-13caf43 vs ref-2d6b8f1): 1-0 {White wins by adjudication}
Started game 187 of 40000 (cand-13caf43 vs ref-2d6b8f1)
Finished game 176 (ref-2d6b8f1 vs cand-13caf43): 0-1 {Black wins by adjudication}
Started game 188 of 40000 (ref-2d6b8f1 vs cand-13caf43)
Finished game 180 (ref-2d6b8f1 vs cand-13caf43): 0-1 {Black wins by adjudication}
Started game 189 of 40000 (cand-13caf43 vs ref-2d6b8f1)
Finished game 181 (cand-13caf43 vs ref-2d6b8f1): 1-0 {White wins by adjudication}
Started game 190 of 40000 (ref-2d6b8f1 vs cand-13caf43)
Finished game 179 (cand-13caf43 vs ref-2d6b8f1): 0-1 {Black wins by adjudication}
--------------------------------------------------
Results of cand-13caf43 vs ref-2d6b8f1 (8+0.08, 1t, 16MB, noob_3moves.epd):
Elo: 9.87 +/- 38.63, nElo: 13.18 +/- 51.33
LOS: 69.26 %, DrawRatio: 31.82 %, PairsRatio: 1.00
Games: 176, Wins: 53, Losses: 48, Draws: 75, Points: 90.5 (51.42 %)
Ptnml(0-2): [4, 26, 28, 21, 9], WL/DD Ratio: 1.00
LLR: 0.08 (2.7%) (-2.94, 2.94) [0.00, 5.00]
--------------------------------------------------
Started game 191 of 40000 (cand-13caf43 vs ref-2d6b8f1)
Finished game 177 (cand-13caf43 vs ref-2d6b8f1): 1/2-1/2 {Draw by adjudication}
Started game 192 of 40000 (ref-2d6b8f1 vs cand-13caf43)
Finished game 182 (ref-2d6b8f1 vs cand-13caf43): 0-1 {Black wins by adjudication}
Started game 193 of 40000 (cand-13caf43 vs ref-2d6b8f1)
Finished game 185 (cand-13caf43 vs ref-2d6b8f1): 0-1 {Black wins by adjudication}
Started game 194 of 40000 (ref-2d6b8f1 vs cand-13caf43)
Finished game 175 (cand-13caf43 vs ref-2d6b8f1): 1-0 {White wins by adjudication}
Started game 195 of 40000 (cand-13caf43 vs ref-2d6b8f1)
Finished game 183 (cand-13caf43 vs ref-2d6b8f1): 1/2-1/2 {Draw by adjudication}
Started game 196 of 40000 (ref-2d6b8f1 vs cand-13caf43)
Finished game 187 (cand-13caf43 vs ref-2d6b8f1): 1-0 {White wins by adjudication}
Started game 197 of 40000 (cand-13caf43 vs ref-2d6b8f1)
Finished game 188 (ref-2d6b8f1 vs cand-13caf43): 1/2-1/2 {Draw by 3-fold repetition}
Started game 198 of 40000 (ref-2d6b8f1 vs cand-13caf43)
Finished game 186 (ref-2d6b8f1 vs cand-13caf43): 0-1 {Black wins by adjudication}
Started game 199 of 40000 (cand-13caf43 vs ref-2d6b8f1)
Finished game 189 (cand-13caf43 vs ref-2d6b8f1): 1/2-1/2 {Draw by 3-fold repetition}
Started game 200 of 40000 (ref-2d6b8f1 vs cand-13caf43)
Finished game 191 (cand-13caf43 vs ref-2d6b8f1): 0-1 {Black wins by adjudication}
Started game 201 of 40000 (cand-13caf43 vs ref-2d6b8f1)
Finished game 192 (ref-2d6b8f1 vs cand-13caf43): 0-1 {Black wins by adjudication}
Started game 202 of 40000 (ref-2d6b8f1 vs cand-13caf43)
Finished game 193 (cand-13caf43 vs ref-2d6b8f1): 1/2-1/2 {Draw by insufficient mating material}
Started game 203 of 40000 (cand-13caf43 vs ref-2d6b8f1)
Finished game 190 (ref-2d6b8f1 vs cand-13caf43): 1-0 {White wins by adjudication}
Started game 204 of 40000 (ref-2d6b8f1 vs cand-13caf43)
Finished game 184 (ref-2d6b8f1 vs cand-13caf43): 1/2-1/2 {Draw by adjudication}
Started game 205 of 40000 (cand-13caf43 vs ref-2d6b8f1)
Finished game 194 (ref-2d6b8f1 vs cand-13caf43): 1/2-1/2 {Draw by 3-fold repetition}
Started game 206 of 40000 (ref-2d6b8f1 vs cand-13caf43)
Finished game 199 (cand-13caf43 vs ref-2d6b8f1): 0-1 {Black wins by adjudication}
Started game 207 of 40000 (cand-13caf43 vs ref-2d6b8f1)
Finished game 197 (cand-13caf43 vs ref-2d6b8f1): 1/2-1/2 {Draw by 3-fold repetition}
Started game 208 of 40000 (ref-2d6b8f1 vs cand-13caf43)
Finished game 196 (ref-2d6b8f1 vs cand-13caf43): 1/2-1/2 {Draw by adjudication}
Started game 209 of 40000 (cand-13caf43 vs ref-2d6b8f1)
Finished game 200 (ref-2d6b8f1 vs cand-13caf43): 1/2-1/2 {Draw by 3-fold repetition}
--------------------------------------------------
Results of cand-13caf43 vs ref-2d6b8f1 (8+0.08, 1t, 16MB, noob_3moves.epd):
Elo: 12.41 +/- 36.70, nElo: 16.53 +/- 48.64
LOS: 74.73 %, DrawRatio: 32.65 %, PairsRatio: 1.00
Games: 196, Wins: 60, Losses: 53, Draws: 83, Points: 101.5 (51.79 %)
Ptnml(0-2): [4, 29, 32, 22, 11], WL/DD Ratio: 1.00
LLR: 0.11 (3.9%) (-2.94, 2.94) [0.00, 5.00]
--------------------------------------------------
Started game 210 of 40000 (ref-2d6b8f1 vs cand-13caf43)
Finished game 195 (cand-13caf43 vs ref-2d6b8f1): 1/2-1/2 {Draw by 3-fold repetition}
Started game 211 of 40000 (cand-13caf43 vs ref-2d6b8f1)
Finished game 201 (cand-13caf43 vs ref-2d6b8f1): 0-1 {Black wins by adjudication}
Started game 212 of 40000 (ref-2d6b8f1 vs cand-13caf43)
Finished game 198 (ref-2d6b8f1 vs cand-13caf43): 0-1 {Black wins by adjudication}
Started game 213 of 40000 (cand-13caf43 vs ref-2d6b8f1)
Finished game 202 (ref-2d6b8f1 vs cand-13caf43): 1-0 {White wins by adjudication}
Started game 214 of 40000 (ref-2d6b8f1 vs cand-13caf43)
Finished game 203 (cand-13caf43 vs ref-2d6b8f1): 1-0 {White wins by adjudication}
Started game 215 of 40000 (cand-13caf43 vs ref-2d6b8f1)
Finished game 206 (ref-2d6b8f1 vs cand-13caf43): 0-1 {Black wins by adjudication}
Started game 216 of 40000 (ref-2d6b8f1 vs cand-13caf43)
Finished game 205 (cand-13caf43 vs ref-2d6b8f1): 1/2-1/2 {Draw by adjudication}
Started game 217 of 40000 (cand-13caf43 vs ref-2d6b8f1)
Finished game 208 (ref-2d6b8f1 vs cand-13caf43): 1/2-1/2 {Draw by 3-fold repetition}
Started game 218 of 40000 (ref-2d6b8f1 vs cand-13caf43)
Finished game 207 (cand-13caf43 vs ref-2d6b8f1): 1-0 {White wins by adjudication}
Started game 219 of 40000 (cand-13caf43 vs ref-2d6b8f1)
Finished game 210 (ref-2d6b8f1 vs cand-13caf43): 0-1 {Black wins by adjudication}
Started game 220 of 40000 (ref-2d6b8f1 vs cand-13caf43)
Finished game 209 (cand-13caf43 vs ref-2d6b8f1): 0-1 {Black wins by adjudication}
Started game 221 of 40000 (cand-13caf43 vs ref-2d6b8f1)
Finished game 213 (cand-13caf43 vs ref-2d6b8f1): 0-1 {Black wins by adjudication}
Started game 222 of 40000 (ref-2d6b8f1 vs cand-13caf43)
Finished game 215 (cand-13caf43 vs ref-2d6b8f1): 0-1 {Black wins by adjudication}
Started game 223 of 40000 (cand-13caf43 vs ref-2d6b8f1)
Finished game 204 (ref-2d6b8f1 vs cand-13caf43): 1/2-1/2 {Draw by insufficient mating material}
Started game 224 of 40000 (ref-2d6b8f1 vs cand-13caf43)
Finished game 214 (ref-2d6b8f1 vs cand-13caf43): 1/2-1/2 {Draw by 3-fold repetition}
Started game 225 of 40000 (cand-13caf43 vs ref-2d6b8f1)
Finished game 217 (cand-13caf43 vs ref-2d6b8f1): 0-1 {Black wins by adjudication}
Started game 226 of 40000 (ref-2d6b8f1 vs cand-13caf43)
Finished game 218 (ref-2d6b8f1 vs cand-13caf43): 1/2-1/2 {Draw by 3-fold repetition}
Started game 227 of 40000 (cand-13caf43 vs ref-2d6b8f1)
Finished game 212 (ref-2d6b8f1 vs cand-13caf43): 1/2-1/2 {Draw by insufficient mating material}
Started game 228 of 40000 (ref-2d6b8f1 vs cand-13caf43)
Finished game 211 (cand-13caf43 vs ref-2d6b8f1): 0-1 {Black wins by adjudication}
Started game 229 of 40000 (cand-13caf43 vs ref-2d6b8f1)
Finished game 219 (cand-13caf43 vs ref-2d6b8f1): 1-0 {White wins by adjudication}
Started game 230 of 40000 (ref-2d6b8f1 vs cand-13caf43)
Finished game 220 (ref-2d6b8f1 vs cand-13caf43): 1-0 {White wins by adjudication}
--------------------------------------------------
Results of cand-13caf43 vs ref-2d6b8f1 (8+0.08, 1t, 16MB, noob_3moves.epd):
Elo: 9.56 +/- 34.60, nElo: 12.80 +/- 46.12
LOS: 70.68 %, DrawRatio: 32.11 %, PairsRatio: 1.00
Games: 218, Wins: 66, Losses: 60, Draws: 92, Points: 112.0 (51.38 %)
Ptnml(0-2): [5, 32, 35, 26, 11], WL/DD Ratio: 1.06
LLR: 0.09 (3.2%) (-2.94, 2.94) [0.00, 5.00]
--------------------------------------------------
Started game 231 of 40000 (cand-13caf43 vs ref-2d6b8f1)
Finished game 221 (cand-13caf43 vs ref-2d6b8f1): 0-1 {Black wins by adjudication}
Started game 232 of 40000 (ref-2d6b8f1 vs cand-13caf43)
Finished game 222 (ref-2d6b8f1 vs cand-13caf43): 1/2-1/2 {Draw by 3-fold repetition}
Started game 233 of 40000 (cand-13caf43 vs ref-2d6b8f1)
Finished game 216 (ref-2d6b8f1 vs cand-13caf43): 1/2-1/2 {Draw by 3-fold repetition}
Started game 234 of 40000 (ref-2d6b8f1 vs cand-13caf43)
Finished game 224 (ref-2d6b8f1 vs cand-13caf43): 1/2-1/2 {Draw by 3-fold repetition}
Started game 235 of 40000 (cand-13caf43 vs ref-2d6b8f1)
Finished game 226 (ref-2d6b8f1 vs cand-13caf43): 1/2-1/2 {Draw by 3-fold repetition}
Started game 236 of 40000 (ref-2d6b8f1 vs cand-13caf43)
Finished game 223 (cand-13caf43 vs ref-2d6b8f1): 1/2-1/2 {Draw by 3-fold repetition}
Started game 237 of 40000 (cand-13caf43 vs ref-2d6b8f1)
Finished game 225 (cand-13caf43 vs ref-2d6b8f1): 0-1 {Black wins by adjudication}
Started game 238 of 40000 (ref-2d6b8f1 vs cand-13caf43)
Finished game 234 (ref-2d6b8f1 vs cand-13caf43): 1/2-1/2 {Draw by 3-fold repetition}
Started game 239 of 40000 (cand-13caf43 vs ref-2d6b8f1)
Finished game 228 (ref-2d6b8f1 vs cand-13caf43): 0-1 {Black wins by adjudication}
Started game 240 of 40000 (ref-2d6b8f1 vs cand-13caf43)
Finished game 230 (ref-2d6b8f1 vs cand-13caf43): 1/2-1/2 {Draw by 3-fold repetition}
Started game 241 of 40000 (cand-13caf43 vs ref-2d6b8f1)
Finished game 227 (cand-13caf43 vs ref-2d6b8f1): 1-0 {White wins by adjudication}
Started game 242 of 40000 (ref-2d6b8f1 vs cand-13caf43)
Finished game 233 (cand-13caf43 vs ref-2d6b8f1): 1/2-1/2 {Draw by 3-fold repetition}
Started game 243 of 40000 (cand-13caf43 vs ref-2d6b8f1)
Finished game 229 (cand-13caf43 vs ref-2d6b8f1): 1-0 {White wins by adjudication}
Started game 244 of 40000 (ref-2d6b8f1 vs cand-13caf43)
Finished game 235 (cand-13caf43 vs ref-2d6b8f1): 0-1 {Black wins by adjudication}
Started game 245 of 40000 (cand-13caf43 vs ref-2d6b8f1)
Finished game 237 (cand-13caf43 vs ref-2d6b8f1): 0-1 {Black wins by adjudication}
Started game 246 of 40000 (ref-2d6b8f1 vs cand-13caf43)
Finished game 231 (cand-13caf43 vs ref-2d6b8f1): 1/2-1/2 {Draw by insufficient mating material}
Started game 247 of 40000 (cand-13caf43 vs ref-2d6b8f1)
Finished game 236 (ref-2d6b8f1 vs cand-13caf43): 0-1 {Black wins by adjudication}
Started game 248 of 40000 (ref-2d6b8f1 vs cand-13caf43)
Finished game 232 (ref-2d6b8f1 vs cand-13caf43): 1/2-1/2 {Draw by fifty moves rule}
Started game 249 of 40000 (cand-13caf43 vs ref-2d6b8f1)
Finished game 242 (ref-2d6b8f1 vs cand-13caf43): 1/2-1/2 {Draw by 3-fold repetition}
Started game 250 of 40000 (ref-2d6b8f1 vs cand-13caf43)
Finished game 239 (cand-13caf43 vs ref-2d6b8f1): 1-0 {White wins by adjudication}
Started game 251 of 40000 (cand-13caf43 vs ref-2d6b8f1)
Finished game 238 (ref-2d6b8f1 vs cand-13caf43): 1/2-1/2 {Draw by insufficient mating material}
Started game 252 of 40000 (ref-2d6b8f1 vs cand-13caf43)
Finished game 243 (cand-13caf43 vs ref-2d6b8f1): 1-0 {White wins by adjudication}
Started game 253 of 40000 (cand-13caf43 vs ref-2d6b8f1)
Finished game 241 (cand-13caf43 vs ref-2d6b8f1): 1-0 {White wins by adjudication}
Started game 254 of 40000 (ref-2d6b8f1 vs cand-13caf43)
Finished game 244 (ref-2d6b8f1 vs cand-13caf43): 1-0 {White wins by adjudication}
Started game 255 of 40000 (cand-13caf43 vs ref-2d6b8f1)
Finished game 240 (ref-2d6b8f1 vs cand-13caf43): 0-1 {Black wins by adjudication}
--------------------------------------------------
Results of cand-13caf43 vs ref-2d6b8f1 (8+0.08, 1t, 16MB, noob_3moves.epd):
Elo: 11.40 +/- 32.61, nElo: 15.29 +/- 43.59
LOS: 75.41 %, DrawRatio: 32.79 %, PairsRatio: 1.00
Games: 244, Wins: 74, Losses: 66, Draws: 104, Points: 126.0 (51.64 %)
Ptnml(0-2): [5, 36, 40, 28, 13], WL/DD Ratio: 1.00
LLR: 0.13 (4.4%) (-2.94, 2.94) [0.00, 5.00]
--------------------------------------------------
Started game 256 of 40000 (ref-2d6b8f1 vs cand-13caf43)
Finished game 248 (ref-2d6b8f1 vs cand-13caf43): 1-0 {White wins by adjudication}
Started game 257 of 40000 (cand-13caf43 vs ref-2d6b8f1)
Finished game 245 (cand-13caf43 vs ref-2d6b8f1): 1-0 {White wins by adjudication}
Started game 258 of 40000 (ref-2d6b8f1 vs cand-13caf43)
Finished game 247 (cand-13caf43 vs ref-2d6b8f1): 0-1 {Black wins by adjudication}
Started game 259 of 40000 (cand-13caf43 vs ref-2d6b8f1)
Finished game 250 (ref-2d6b8f1 vs cand-13caf43): 0-1 {Black wins by adjudication}
Started game 260 of 40000 (ref-2d6b8f1 vs cand-13caf43)
Finished game 251 (cand-13caf43 vs ref-2d6b8f1): 0-1 {Black wins by adjudication}
Started game 261 of 40000 (cand-13caf43 vs ref-2d6b8f1)
Finished game 256 (ref-2d6b8f1 vs cand-13caf43): 0-1 {Black wins by adjudication}
Started game 262 of 40000 (ref-2d6b8f1 vs cand-13caf43)
Finished game 249 (cand-13caf43 vs ref-2d6b8f1): 1-0 {White wins by adjudication}
Started game 263 of 40000 (cand-13caf43 vs ref-2d6b8f1)
Finished game 257 (cand-13caf43 vs ref-2d6b8f1): 1/2-1/2 {Draw by 3-fold repetition}
Started game 264 of 40000 (ref-2d6b8f1 vs cand-13caf43)
Finished game 254 (ref-2d6b8f1 vs cand-13caf43): 1-0 {White wins by adjudication}
Started game 265 of 40000 (cand-13caf43 vs ref-2d6b8f1)
Finished game 255 (cand-13caf43 vs ref-2d6b8f1): 0-1 {Black wins by adjudication}
Started game 266 of 40000 (ref-2d6b8f1 vs cand-13caf43)
Finished game 246 (ref-2d6b8f1 vs cand-13caf43): 1/2-1/2 {Draw by fifty moves rule}
Started game 267 of 40000 (cand-13caf43 vs ref-2d6b8f1)
Finished game 259 (cand-13caf43 vs ref-2d6b8f1): 1-0 {White wins by adjudication}
Started game 268 of 40000 (ref-2d6b8f1 vs cand-13caf43)
Finished game 252 (ref-2d6b8f1 vs cand-13caf43): 1-0 {White wins by adjudication}
Started game 269 of 40000 (cand-13caf43 vs ref-2d6b8f1)
Finished game 253 (cand-13caf43 vs ref-2d6b8f1): 1/2-1/2 {Draw by stalemate}
Started game 270 of 40000 (ref-2d6b8f1 vs cand-13caf43)
Finished game 261 (cand-13caf43 vs ref-2d6b8f1): 1/2-1/2 {Draw by adjudication}
Started game 271 of 40000 (cand-13caf43 vs ref-2d6b8f1)
Finished game 258 (ref-2d6b8f1 vs cand-13caf43): 1/2-1/2 {Draw by adjudication}
Started game 272 of 40000 (ref-2d6b8f1 vs cand-13caf43)
Finished game 260 (ref-2d6b8f1 vs cand-13caf43): 1/2-1/2 {Draw by 3-fold repetition}
--------------------------------------------------
Results of cand-13caf43 vs ref-2d6b8f1 (8+0.08, 1t, 16MB, noob_3moves.epd):
Elo: 9.36 +/- 32.26, nElo: 12.29 +/- 42.23
LOS: 71.58 %, DrawRatio: 32.31 %, PairsRatio: 1.00
Games: 260, Wins: 79, Losses: 72, Draws: 109, Points: 133.5 (51.35 %)
Ptnml(0-2): [7, 37, 42, 30, 14], WL/DD Ratio: 1.00
LLR: 0.11 (3.6%) (-2.94, 2.94) [0.00, 5.00]
--------------------------------------------------
Started game 273 of 40000 (cand-13caf43 vs ref-2d6b8f1)
Finished game 262 (ref-2d6b8f1 vs cand-13caf43): 0-1 {Black wins by adjudication}
Started game 274 of 40000 (ref-2d6b8f1 vs cand-13caf43)
Finished game 263 (cand-13caf43 vs ref-2d6b8f1): 1/2-1/2 {Draw by 3-fold repetition}
Started game 275 of 40000 (cand-13caf43 vs ref-2d6b8f1)
Finished game 265 (cand-13caf43 vs ref-2d6b8f1): 0-1 {Black wins by adjudication}
Started game 276 of 40000 (ref-2d6b8f1 vs cand-13caf43)
Finished game 264 (ref-2d6b8f1 vs cand-13caf43): 0-1 {Black wins by adjudication}
Started game 277 of 40000 (cand-13caf43 vs ref-2d6b8f1)
Finished game 266 (ref-2d6b8f1 vs cand-13caf43): 1/2-1/2 {Draw by 3-fold repetition}
Started game 278 of 40000 (ref-2d6b8f1 vs cand-13caf43)
Finished game 267 (cand-13caf43 vs ref-2d6b8f1): 1-0 {White wins by adjudication}
Started game 279 of 40000 (cand-13caf43 vs ref-2d6b8f1)
Finished game 268 (ref-2d6b8f1 vs cand-13caf43): 0-1 {Black wins by adjudication}
Started game 280 of 40000 (ref-2d6b8f1 vs cand-13caf43)
Finished game 270 (ref-2d6b8f1 vs cand-13caf43): 0-1 {Black wins by adjudication}
Started game 281 of 40000 (cand-13caf43 vs ref-2d6b8f1)
Finished game 272 (ref-2d6b8f1 vs cand-13caf43): 1-0 {White wins by adjudication}
Started game 282 of 40000 (ref-2d6b8f1 vs cand-13caf43)
Finished game 274 (ref-2d6b8f1 vs cand-13caf43): 1-0 {White wins by adjudication}
Started game 283 of 40000 (cand-13caf43 vs ref-2d6b8f1)
Finished game 273 (cand-13caf43 vs ref-2d6b8f1): 1-0 {White wins by adjudication}
Started game 284 of 40000 (ref-2d6b8f1 vs cand-13caf43)
Finished game 271 (cand-13caf43 vs ref-2d6b8f1): 0-1 {Black wins by adjudication}
Started game 285 of 40000 (cand-13caf43 vs ref-2d6b8f1)
Finished game 279 (cand-13caf43 vs ref-2d6b8f1): 0-1 {Black wins by adjudication}
Started game 286 of 40000 (ref-2d6b8f1 vs cand-13caf43)
Finished game 278 (ref-2d6b8f1 vs cand-13caf43): 0-1 {Black wins by adjudication}
Started game 287 of 40000 (cand-13caf43 vs ref-2d6b8f1)
Finished game 269 (cand-13caf43 vs ref-2d6b8f1): 1/2-1/2 {Draw by adjudication}
Started game 288 of 40000 (ref-2d6b8f1 vs cand-13caf43)
Finished game 276 (ref-2d6b8f1 vs cand-13caf43): 0-1 {Black wins by adjudication}
Started game 289 of 40000 (cand-13caf43 vs ref-2d6b8f1)
Finished game 280 (ref-2d6b8f1 vs cand-13caf43): 1/2-1/2 {Draw by 3-fold repetition}
--------------------------------------------------
Results of cand-13caf43 vs ref-2d6b8f1 (8+0.08, 1t, 16MB, noob_3moves.epd):
Elo: 10.07 +/- 31.67, nElo: 13.08 +/- 40.99
LOS: 73.42 %, DrawRatio: 31.16 %, PairsRatio: 1.02
Games: 276, Wins: 85, Losses: 77, Draws: 114, Points: 142.0 (51.45 %)
Ptnml(0-2): [8, 39, 43, 33, 15], WL/DD Ratio: 1.05
LLR: 0.12 (4.1%) (-2.94, 2.94) [0.00, 5.00]
--------------------------------------------------
Started game 290 of 40000 (ref-2d6b8f1 vs cand-13caf43)
Finished game 277 (cand-13caf43 vs ref-2d6b8f1): 1/2-1/2 {Draw by fifty moves rule}
Started game 291 of 40000 (cand-13caf43 vs ref-2d6b8f1)
Finished game 284 (ref-2d6b8f1 vs cand-13caf43): 1-0 {White wins by adjudication}
Started game 292 of 40000 (ref-2d6b8f1 vs cand-13caf43)
Finished game 281 (cand-13caf43 vs ref-2d6b8f1): 1-0 {White wins by adjudication}
Started game 293 of 40000 (cand-13caf43 vs ref-2d6b8f1)
Finished game 275 (cand-13caf43 vs ref-2d6b8f1): 1/2-1/2 {Draw by insufficient mating material}
Started game 294 of 40000 (ref-2d6b8f1 vs cand-13caf43)
Finished game 282 (ref-2d6b8f1 vs cand-13caf43): 1-0 {White wins by adjudication}
Started game 295 of 40000 (cand-13caf43 vs ref-2d6b8f1)
Finished game 287 (cand-13caf43 vs ref-2d6b8f1): 1/2-1/2 {Draw by 3-fold repetition}
Started game 296 of 40000 (ref-2d6b8f1 vs cand-13caf43)
Finished game 288 (ref-2d6b8f1 vs cand-13caf43): 0-1 {Black wins by adjudication}
Started game 297 of 40000 (cand-13caf43 vs ref-2d6b8f1)
Finished game 285 (cand-13caf43 vs ref-2d6b8f1): 1-0 {White wins by adjudication}
Started game 298 of 40000 (ref-2d6b8f1 vs cand-13caf43)
Finished game 289 (cand-13caf43 vs ref-2d6b8f1): 1-0 {White wins by adjudication}
Started game 299 of 40000 (cand-13caf43 vs ref-2d6b8f1)
Finished game 286 (ref-2d6b8f1 vs cand-13caf43): 0-1 {Black wins by adjudication}
Started game 300 of 40000 (ref-2d6b8f1 vs cand-13caf43)
Finished game 290 (ref-2d6b8f1 vs cand-13caf43): 1/2-1/2 {Draw by insufficient mating material}
Started game 301 of 40000 (cand-13caf43 vs ref-2d6b8f1)
Finished game 283 (cand-13caf43 vs ref-2d6b8f1): 1/2-1/2 {Draw by fifty moves rule}
Started game 302 of 40000 (ref-2d6b8f1 vs cand-13caf43)
Finished game 291 (cand-13caf43 vs ref-2d6b8f1): 0-1 {Black wins by adjudication}
Started game 303 of 40000 (cand-13caf43 vs ref-2d6b8f1)
Finished game 292 (ref-2d6b8f1 vs cand-13caf43): 1-0 {White wins by adjudication}
Started game 304 of 40000 (ref-2d6b8f1 vs cand-13caf43)
Finished game 293 (cand-13caf43 vs ref-2d6b8f1): 1/2-1/2 {Draw by adjudication}
Started game 305 of 40000 (cand-13caf43 vs ref-2d6b8f1)
Finished game 294 (ref-2d6b8f1 vs cand-13caf43): 0-1 {Black wins by adjudication}
Started game 306 of 40000 (ref-2d6b8f1 vs cand-13caf43)
Finished game 297 (cand-13caf43 vs ref-2d6b8f1): 1/2-1/2 {Draw by 3-fold repetition}
Started game 307 of 40000 (cand-13caf43 vs ref-2d6b8f1)
Finished game 298 (ref-2d6b8f1 vs cand-13caf43): 0-1 {Black wins by adjudication}
Started game 308 of 40000 (ref-2d6b8f1 vs cand-13caf43)
Finished game 300 (ref-2d6b8f1 vs cand-13caf43): 0-1 {Black wins by adjudication}
Started game 309 of 40000 (cand-13caf43 vs ref-2d6b8f1)
Finished game 295 (cand-13caf43 vs ref-2d6b8f1): 1/2-1/2 {Draw by adjudication}
Started game 310 of 40000 (ref-2d6b8f1 vs cand-13caf43)
Finished game 296 (ref-2d6b8f1 vs cand-13caf43): 1-0 {White wins by adjudication}
Started game 311 of 40000 (cand-13caf43 vs ref-2d6b8f1)
Finished game 299 (cand-13caf43 vs ref-2d6b8f1): 1/2-1/2 {Draw by insufficient mating material}
--------------------------------------------------
Results of cand-13caf43 vs ref-2d6b8f1 (8+0.08, 1t, 16MB, noob_3moves.epd):
Elo: 15.06 +/- 30.58, nElo: 19.44 +/- 39.32
LOS: 83.38 %, DrawRatio: 29.33 %, PairsRatio: 1.12
Games: 300, Wins: 95, Losses: 82, Draws: 123, Points: 156.5 (52.17 %)
Ptnml(0-2): [9, 41, 44, 40, 16], WL/DD Ratio: 1.10
LLR: 0.21 (7.2%) (-2.94, 2.94) [0.00, 5.00]
--------------------------------------------------
Started game 312 of 40000 (ref-2d6b8f1 vs cand-13caf43)
Finished game 304 (ref-2d6b8f1 vs cand-13caf43): 1-0 {White wins by adjudication}
Started game 313 of 40000 (cand-13caf43 vs ref-2d6b8f1)
Finished game 308 (ref-2d6b8f1 vs cand-13caf43): 1-0 {White wins by adjudication}
Started game 314 of 40000 (ref-2d6b8f1 vs cand-13caf43)
Finished game 303 (cand-13caf43 vs ref-2d6b8f1): 1/2-1/2 {Draw by adjudication}
Started game 315 of 40000 (cand-13caf43 vs ref-2d6b8f1)
Finished game 301 (cand-13caf43 vs ref-2d6b8f1): 1/2-1/2 {Draw by fifty moves rule}
Started game 316 of 40000 (ref-2d6b8f1 vs cand-13caf43)
Finished game 305 (cand-13caf43 vs ref-2d6b8f1): 1/2-1/2 {Draw by 3-fold repetition}
Started game 317 of 40000 (cand-13caf43 vs ref-2d6b8f1)
Finished game 306 (ref-2d6b8f1 vs cand-13caf43): 1-0 {White wins by adjudication}
Started game 318 of 40000 (ref-2d6b8f1 vs cand-13caf43)
Finished game 309 (cand-13caf43 vs ref-2d6b8f1): 1/2-1/2 {Draw by 3-fold repetition}
Started game 319 of 40000 (cand-13caf43 vs ref-2d6b8f1)
Finished game 302 (ref-2d6b8f1 vs cand-13caf43): 1/2-1/2 {Draw by adjudication}
Started game 320 of 40000 (ref-2d6b8f1 vs cand-13caf43)
Finished game 310 (ref-2d6b8f1 vs cand-13caf43): 0-1 {Black wins by adjudication}
Started game 321 of 40000 (cand-13caf43 vs ref-2d6b8f1)
Finished game 311 (cand-13caf43 vs ref-2d6b8f1): 0-1 {Black wins by adjudication}
Started game 322 of 40000 (ref-2d6b8f1 vs cand-13caf43)
Finished game 312 (ref-2d6b8f1 vs cand-13caf43): 1/2-1/2 {Draw by 3-fold repetition}
Started game 323 of 40000 (cand-13caf43 vs ref-2d6b8f1)
Finished game 313 (cand-13caf43 vs ref-2d6b8f1): 1-0 {White wins by adjudication}
Started game 324 of 40000 (ref-2d6b8f1 vs cand-13caf43)
Finished game 316 (ref-2d6b8f1 vs cand-13caf43): 1/2-1/2 {Draw by 3-fold repetition}
Started game 325 of 40000 (cand-13caf43 vs ref-2d6b8f1)
Finished game 319 (cand-13caf43 vs ref-2d6b8f1): 1-0 {White wins by adjudication}
Started game 326 of 40000 (ref-2d6b8f1 vs cand-13caf43)
Finished game 315 (cand-13caf43 vs ref-2d6b8f1): 0-1 {Black wins by adjudication}
Started game 327 of 40000 (cand-13caf43 vs ref-2d6b8f1)
Finished game 307 (cand-13caf43 vs ref-2d6b8f1): 1-0 {White wins by adjudication}
Started game 328 of 40000 (ref-2d6b8f1 vs cand-13caf43)
Finished game 320 (ref-2d6b8f1 vs cand-13caf43): 1-0 {White wins by adjudication}
--------------------------------------------------
Results of cand-13caf43 vs ref-2d6b8f1 (8+0.08, 1t, 16MB, noob_3moves.epd):
Elo: 11.00 +/- 29.44, nElo: 14.36 +/- 38.31
LOS: 76.87 %, DrawRatio: 29.75 %, PairsRatio: 1.06
Games: 316, Wins: 98, Losses: 88, Draws: 130, Points: 163.0 (51.58 %)
Ptnml(0-2): [9, 45, 47, 41, 16], WL/DD Ratio: 1.14
LLR: 0.16 (5.3%) (-2.94, 2.94) [0.00, 5.00]
--------------------------------------------------
Started game 329 of 40000 (cand-13caf43 vs ref-2d6b8f1)
Finished game 317 (cand-13caf43 vs ref-2d6b8f1): 1/2-1/2 {Draw by 3-fold repetition}
Started game 330 of 40000 (ref-2d6b8f1 vs cand-13caf43)
Finished game 314 (ref-2d6b8f1 vs cand-13caf43): 1-0 {White wins by adjudication}
Started game 331 of 40000 (cand-13caf43 vs ref-2d6b8f1)
Finished game 321 (cand-13caf43 vs ref-2d6b8f1): 1-0 {White wins by adjudication}
Started game 332 of 40000 (ref-2d6b8f1 vs cand-13caf43)
Finished game 318 (ref-2d6b8f1 vs cand-13caf43): 1/2-1/2 {Draw by adjudication}
Started game 333 of 40000 (cand-13caf43 vs ref-2d6b8f1)
Finished game 322 (ref-2d6b8f1 vs cand-13caf43): 1-0 {White wins by adjudication}
Started game 334 of 40000 (ref-2d6b8f1 vs cand-13caf43)
Finished game 324 (ref-2d6b8f1 vs cand-13caf43): 0-1 {Black wins by adjudication}
Started game 335 of 40000 (cand-13caf43 vs ref-2d6b8f1)
Finished game 327 (cand-13caf43 vs ref-2d6b8f1): 1-0 {White wins by adjudication}
Started game 336 of 40000 (ref-2d6b8f1 vs cand-13caf43)
Finished game 323 (cand-13caf43 vs ref-2d6b8f1): 1-0 {White wins by adjudication}
Started game 337 of 40000 (cand-13caf43 vs ref-2d6b8f1)
Finished game 325 (cand-13caf43 vs ref-2d6b8f1): 0-1 {Black wins by adjudication}
Started game 338 of 40000 (ref-2d6b8f1 vs cand-13caf43)
Finished game 328 (ref-2d6b8f1 vs cand-13caf43): 1-0 {White wins by adjudication}
Started game 339 of 40000 (cand-13caf43 vs ref-2d6b8f1)
Finished game 326 (ref-2d6b8f1 vs cand-13caf43): 0-1 {Black wins by adjudication}
Started game 340 of 40000 (ref-2d6b8f1 vs cand-13caf43)
Finished game 329 (cand-13caf43 vs ref-2d6b8f1): 0-1 {Black wins by adjudication}
Started game 341 of 40000 (cand-13caf43 vs ref-2d6b8f1)
Finished game 333 (cand-13caf43 vs ref-2d6b8f1): 0-1 {Black wins by adjudication}
Started game 342 of 40000 (ref-2d6b8f1 vs cand-13caf43)
Finished game 332 (ref-2d6b8f1 vs cand-13caf43): 0-1 {Black wins by adjudication}
Started game 343 of 40000 (cand-13caf43 vs ref-2d6b8f1)
Finished game 330 (ref-2d6b8f1 vs cand-13caf43): 1/2-1/2 {Draw by adjudication}
Started game 344 of 40000 (ref-2d6b8f1 vs cand-13caf43)
Finished game 331 (cand-13caf43 vs ref-2d6b8f1): 1-0 {White wins by adjudication}
Started game 345 of 40000 (cand-13caf43 vs ref-2d6b8f1)
Finished game 336 (ref-2d6b8f1 vs cand-13caf43): 1/2-1/2 {Draw by 3-fold repetition}
Started game 346 of 40000 (ref-2d6b8f1 vs cand-13caf43)
Finished game 337 (cand-13caf43 vs ref-2d6b8f1): 1/2-1/2 {Draw by insufficient mating material}
Started game 347 of 40000 (cand-13caf43 vs ref-2d6b8f1)
Finished game 335 (cand-13caf43 vs ref-2d6b8f1): 1/2-1/2 {Draw by adjudication}
Started game 348 of 40000 (ref-2d6b8f1 vs cand-13caf43)
Finished game 339 (cand-13caf43 vs ref-2d6b8f1): 1/2-1/2 {Draw by adjudication}
Started game 349 of 40000 (cand-13caf43 vs ref-2d6b8f1)
Finished game 340 (ref-2d6b8f1 vs cand-13caf43): 0-1 {Black wins by adjudication}
--------------------------------------------------
Results of cand-13caf43 vs ref-2d6b8f1 (8+0.08, 1t, 16MB, noob_3moves.epd):
Elo: 14.48 +/- 28.40, nElo: 19.01 +/- 37.15
LOS: 84.21 %, DrawRatio: 31.55 %, PairsRatio: 1.09
Games: 336, Wins: 107, Losses: 93, Draws: 136, Points: 175.0 (52.08 %)
Ptnml(0-2): [9, 46, 53, 42, 18], WL/DD Ratio: 1.21
LLR: 0.23 (7.8%) (-2.94, 2.94) [0.00, 5.00]
--------------------------------------------------
Started game 350 of 40000 (ref-2d6b8f1 vs cand-13caf43)
Finished game 338 (ref-2d6b8f1 vs cand-13caf43): 1/2-1/2 {Draw by insufficient mating material}
Started game 351 of 40000 (cand-13caf43 vs ref-2d6b8f1)
Finished game 341 (cand-13caf43 vs ref-2d6b8f1): 0-1 {Black wins by adjudication}
Started game 352 of 40000 (ref-2d6b8f1 vs cand-13caf43)
Finished game 342 (ref-2d6b8f1 vs cand-13caf43): 1/2-1/2 {Draw by adjudication}
Started game 353 of 40000 (cand-13caf43 vs ref-2d6b8f1)
Finished game 343 (cand-13caf43 vs ref-2d6b8f1): 1/2-1/2 {Draw by 3-fold repetition}
Started game 354 of 40000 (ref-2d6b8f1 vs cand-13caf43)
Finished game 344 (ref-2d6b8f1 vs cand-13caf43): 1-0 {White wins by adjudication}
Started game 355 of 40000 (cand-13caf43 vs ref-2d6b8f1)
Finished game 334 (ref-2d6b8f1 vs cand-13caf43): 1/2-1/2 {Draw by adjudication}
Started game 356 of 40000 (ref-2d6b8f1 vs cand-13caf43)
Finished game 351 (cand-13caf43 vs ref-2d6b8f1): 1-0 {White wins by adjudication}
Started game 357 of 40000 (cand-13caf43 vs ref-2d6b8f1)
Finished game 345 (cand-13caf43 vs ref-2d6b8f1): 1/2-1/2 {Draw by insufficient mating material}
Started game 358 of 40000 (ref-2d6b8f1 vs cand-13caf43)
Finished game 348 (ref-2d6b8f1 vs cand-13caf43): 0-1 {Black wins by adjudication}
Started game 359 of 40000 (cand-13caf43 vs ref-2d6b8f1)
Finished game 346 (ref-2d6b8f1 vs cand-13caf43): 0-1 {Black wins by adjudication}
Started game 360 of 40000 (ref-2d6b8f1 vs cand-13caf43)
Finished game 349 (cand-13caf43 vs ref-2d6b8f1): 1/2-1/2 {Draw by 3-fold repetition}
Started game 361 of 40000 (cand-13caf43 vs ref-2d6b8f1)
Finished game 350 (ref-2d6b8f1 vs cand-13caf43): 1/2-1/2 {Draw by adjudication}
Started game 362 of 40000 (ref-2d6b8f1 vs cand-13caf43)
Finished game 352 (ref-2d6b8f1 vs cand-13caf43): 1/2-1/2 {Draw by 3-fold repetition}
Started game 363 of 40000 (cand-13caf43 vs ref-2d6b8f1)
Finished game 347 (cand-13caf43 vs ref-2d6b8f1): 0-1 {Black wins by adjudication}
Started game 364 of 40000 (ref-2d6b8f1 vs cand-13caf43)
Finished game 354 (ref-2d6b8f1 vs cand-13caf43): 0-1 {Black wins by adjudication}
Started game 365 of 40000 (cand-13caf43 vs ref-2d6b8f1)
Finished game 356 (ref-2d6b8f1 vs cand-13caf43): 1/2-1/2 {Draw by 3-fold repetition}
Started game 366 of 40000 (ref-2d6b8f1 vs cand-13caf43)
Finished game 357 (cand-13caf43 vs ref-2d6b8f1): 0-1 {Black wins by adjudication}
Started game 367 of 40000 (cand-13caf43 vs ref-2d6b8f1)
Finished game 355 (cand-13caf43 vs ref-2d6b8f1): 1/2-1/2 {Draw by adjudication}
Started game 368 of 40000 (ref-2d6b8f1 vs cand-13caf43)
Finished game 363 (cand-13caf43 vs ref-2d6b8f1): 0-1 {Black wins by adjudication}
Started game 369 of 40000 (cand-13caf43 vs ref-2d6b8f1)
Finished game 359 (cand-13caf43 vs ref-2d6b8f1): 1/2-1/2 {Draw by adjudication}
Started game 370 of 40000 (ref-2d6b8f1 vs cand-13caf43)
Finished game 358 (ref-2d6b8f1 vs cand-13caf43): 1/2-1/2 {Draw by 3-fold repetition}
Started game 371 of 40000 (cand-13caf43 vs ref-2d6b8f1)
Finished game 364 (ref-2d6b8f1 vs cand-13caf43): 1-0 {White wins by adjudication}
Started game 372 of 40000 (ref-2d6b8f1 vs cand-13caf43)
Finished game 353 (cand-13caf43 vs ref-2d6b8f1): 1/2-1/2 {Draw by 3-fold repetition}
Started game 373 of 40000 (cand-13caf43 vs ref-2d6b8f1)
Finished game 362 (ref-2d6b8f1 vs cand-13caf43): 0-1 {Black wins by adjudication}
Started game 374 of 40000 (ref-2d6b8f1 vs cand-13caf43)
Finished game 360 (ref-2d6b8f1 vs cand-13caf43): 1-0 {White wins by adjudication}
--------------------------------------------------
Results of cand-13caf43 vs ref-2d6b8f1 (8+0.08, 1t, 16MB, noob_3moves.epd):
Elo: 9.60 +/- 27.17, nElo: 12.68 +/- 35.79
LOS: 75.63 %, DrawRatio: 31.49 %, PairsRatio: 1.03
Games: 362, Wins: 111, Losses: 101, Draws: 150, Points: 186.0 (51.38 %)
Ptnml(0-2): [10, 51, 57, 45, 18], WL/DD Ratio: 1.11
LLR: 0.15 (5.2%) (-2.94, 2.94) [0.00, 5.00]
--------------------------------------------------
Started game 375 of 40000 (cand-13caf43 vs ref-2d6b8f1)
Finished game 366 (ref-2d6b8f1 vs cand-13caf43): 1-0 {White wins by adjudication}
Started game 376 of 40000 (ref-2d6b8f1 vs cand-13caf43)
Finished game 365 (cand-13caf43 vs ref-2d6b8f1): 1/2-1/2 {Draw by 3-fold repetition}
Started game 377 of 40000 (cand-13caf43 vs ref-2d6b8f1)
Finished game 361 (cand-13caf43 vs ref-2d6b8f1): 0-1 {Black wins by adjudication}
Started game 378 of 40000 (ref-2d6b8f1 vs cand-13caf43)
Finished game 368 (ref-2d6b8f1 vs cand-13caf43): 0-1 {Black wins by adjudication}
Started game 379 of 40000 (cand-13caf43 vs ref-2d6b8f1)
Finished game 372 (ref-2d6b8f1 vs cand-13caf43): 0-1 {Black wins by adjudication}
Started game 380 of 40000 (ref-2d6b8f1 vs cand-13caf43)
Finished game 378 (ref-2d6b8f1 vs cand-13caf43): 1/2-1/2 {Draw by 3-fold repetition}
Started game 381 of 40000 (cand-13caf43 vs ref-2d6b8f1)
Finished game 367 (cand-13caf43 vs ref-2d6b8f1): 1-0 {White wins by adjudication}
Started game 382 of 40000 (ref-2d6b8f1 vs cand-13caf43)
Finished game 370 (ref-2d6b8f1 vs cand-13caf43): 1/2-1/2 {Draw by 3-fold repetition}
Started game 383 of 40000 (cand-13caf43 vs ref-2d6b8f1)
Finished game 375 (cand-13caf43 vs ref-2d6b8f1): 1-0 {White wins by adjudication}
Started game 384 of 40000 (ref-2d6b8f1 vs cand-13caf43)
Finished game 371 (cand-13caf43 vs ref-2d6b8f1): 0-1 {Black wins by adjudication}
Started game 385 of 40000 (cand-13caf43 vs ref-2d6b8f1)
Finished game 369 (cand-13caf43 vs ref-2d6b8f1): 1/2-1/2 {Draw by 3-fold repetition}
Started game 386 of 40000 (ref-2d6b8f1 vs cand-13caf43)
Finished game 373 (cand-13caf43 vs ref-2d6b8f1): 0-1 {Black wins by adjudication}
Started game 387 of 40000 (cand-13caf43 vs ref-2d6b8f1)
Finished game 377 (cand-13caf43 vs ref-2d6b8f1): 1/2-1/2 {Draw by 3-fold repetition}
Started game 388 of 40000 (ref-2d6b8f1 vs cand-13caf43)
Finished game 374 (ref-2d6b8f1 vs cand-13caf43): 1/2-1/2 {Draw by 3-fold repetition}
Started game 389 of 40000 (cand-13caf43 vs ref-2d6b8f1)
Finished game 376 (ref-2d6b8f1 vs cand-13caf43): 1/2-1/2 {Draw by adjudication}
Started game 390 of 40000 (ref-2d6b8f1 vs cand-13caf43)
Finished game 383 (cand-13caf43 vs ref-2d6b8f1): 1-0 {White wins by adjudication}
Started game 391 of 40000 (cand-13caf43 vs ref-2d6b8f1)
Finished game 379 (cand-13caf43 vs ref-2d6b8f1): 1-0 {White wins by adjudication}
Started game 392 of 40000 (ref-2d6b8f1 vs cand-13caf43)
Finished game 384 (ref-2d6b8f1 vs cand-13caf43): 1-0 {White wins by adjudication}
Started game 393 of 40000 (cand-13caf43 vs ref-2d6b8f1)
Finished game 386 (ref-2d6b8f1 vs cand-13caf43): 1/2-1/2 {Draw by 3-fold repetition}
Started game 394 of 40000 (ref-2d6b8f1 vs cand-13caf43)
Finished game 381 (cand-13caf43 vs ref-2d6b8f1): 1-0 {White wins by adjudication}
Started game 395 of 40000 (cand-13caf43 vs ref-2d6b8f1)
Finished game 380 (ref-2d6b8f1 vs cand-13caf43): 1-0 {White wins by adjudication}
--------------------------------------------------
Results of cand-13caf43 vs ref-2d6b8f1 (8+0.08, 1t, 16MB, noob_3moves.epd):
Elo: 10.01 +/- 26.17, nElo: 13.36 +/- 34.84
LOS: 77.38 %, DrawRatio: 32.98 %, PairsRatio: 1.03
Games: 382, Wins: 118, Losses: 107, Draws: 157, Points: 196.5 (51.44 %)
Ptnml(0-2): [10, 53, 63, 46, 19], WL/DD Ratio: 1.17
LLR: 0.17 (5.9%) (-2.94, 2.94) [0.00, 5.00]
--------------------------------------------------
Started game 396 of 40000 (ref-2d6b8f1 vs cand-13caf43)
Finished game 382 (ref-2d6b8f1 vs cand-13caf43): 0-1 {Black wins by adjudication}
Started game 397 of 40000 (cand-13caf43 vs ref-2d6b8f1)
Finished game 388 (ref-2d6b8f1 vs cand-13caf43): 1/2-1/2 {Draw by 3-fold repetition}
Started game 398 of 40000 (ref-2d6b8f1 vs cand-13caf43)
Finished game 387 (cand-13caf43 vs ref-2d6b8f1): 1-0 {White wins by adjudication}
Started game 399 of 40000 (cand-13caf43 vs ref-2d6b8f1)
Finished game 390 (ref-2d6b8f1 vs cand-13caf43): 1/2-1/2 {Draw by 3-fold repetition}
Started game 400 of 40000 (ref-2d6b8f1 vs cand-13caf43)
Finished game 389 (cand-13caf43 vs ref-2d6b8f1): 1/2-1/2 {Draw by insufficient mating material}
Started game 401 of 40000 (cand-13caf43 vs ref-2d6b8f1)
Finished game 391 (cand-13caf43 vs ref-2d6b8f1): 1/2-1/2 {Draw by 3-fold repetition}
Started game 402 of 40000 (ref-2d6b8f1 vs cand-13caf43)
Finished game 393 (cand-13caf43 vs ref-2d6b8f1): 1/2-1/2 {Draw by 3-fold repetition}
Started game 403 of 40000 (cand-13caf43 vs ref-2d6b8f1)
Finished game 394 (ref-2d6b8f1 vs cand-13caf43): 1-0 {White wins by adjudication}
Started game 404 of 40000 (ref-2d6b8f1 vs cand-13caf43)
Finished game 385 (cand-13caf43 vs ref-2d6b8f1): 1/2-1/2 {Draw by fifty moves rule}
Started game 405 of 40000 (cand-13caf43 vs ref-2d6b8f1)
Finished game 396 (ref-2d6b8f1 vs cand-13caf43): 0-1 {Black wins by adjudication}
Started game 406 of 40000 (ref-2d6b8f1 vs cand-13caf43)
Finished game 397 (cand-13caf43 vs ref-2d6b8f1): 1-0 {White wins by adjudication}
Started game 407 of 40000 (cand-13caf43 vs ref-2d6b8f1)
Finished game 400 (ref-2d6b8f1 vs cand-13caf43): 1-0 {White wins by adjudication}
Started game 408 of 40000 (ref-2d6b8f1 vs cand-13caf43)
Finished game 399 (cand-13caf43 vs ref-2d6b8f1): 1/2-1/2 {Draw by 3-fold repetition}
--------------------------------------------------
Results of cand-13caf43 vs ref-2d6b8f1 (8+0.08, 1t, 16MB, noob_3moves.epd):
Elo: 10.59 +/- 25.78, nElo: 14.12 +/- 34.31
LOS: 79.01 %, DrawRatio: 32.99 %, PairsRatio: 1.03
Games: 394, Wins: 121, Losses: 109, Draws: 164, Points: 203.0 (51.52 %)
Ptnml(0-2): [10, 55, 65, 47, 20], WL/DD Ratio: 1.10
LLR: 0.19 (6.5%) (-2.94, 2.94) [0.00, 5.00]
--------------------------------------------------
Started game 409 of 40000 (cand-13caf43 vs ref-2d6b8f1)
Finished game 392 (ref-2d6b8f1 vs cand-13caf43): 0-1 {Black wins by adjudication}
Started game 410 of 40000 (ref-2d6b8f1 vs cand-13caf43)
Finished game 398 (ref-2d6b8f1 vs cand-13caf43): 1/2-1/2 {Draw by 3-fold repetition}
Started game 411 of 40000 (cand-13caf43 vs ref-2d6b8f1)
Finished game 395 (cand-13caf43 vs ref-2d6b8f1): 1-0 {White wins by adjudication}
Started game 412 of 40000 (ref-2d6b8f1 vs cand-13caf43)
Finished game 401 (cand-13caf43 vs ref-2d6b8f1): 0-1 {Black wins by adjudication}
Started game 413 of 40000 (cand-13caf43 vs ref-2d6b8f1)
Finished game 403 (cand-13caf43 vs ref-2d6b8f1): 1-0 {White wins by adjudication}
Started game 414 of 40000 (ref-2d6b8f1 vs cand-13caf43)
Finished game 407 (cand-13caf43 vs ref-2d6b8f1): 1-0 {White wins by adjudication}
Started game 415 of 40000 (cand-13caf43 vs ref-2d6b8f1)
Finished game 410 (ref-2d6b8f1 vs cand-13caf43): 1/2-1/2 {Draw by 3-fold repetition}
Started game 416 of 40000 (ref-2d6b8f1 vs cand-13caf43)
Finished game 402 (ref-2d6b8f1 vs cand-13caf43): 1/2-1/2 {Draw by insufficient mating material}
Started game 417 of 40000 (cand-13caf43 vs ref-2d6b8f1)
Finished game 412 (ref-2d6b8f1 vs cand-13caf43): 1/2-1/2 {Draw by 3-fold repetition}
Started game 418 of 40000 (ref-2d6b8f1 vs cand-13caf43)
Finished game 408 (ref-2d6b8f1 vs cand-13caf43): 1-0 {White wins by adjudication}
Started game 419 of 40000 (cand-13caf43 vs ref-2d6b8f1)
Finished game 405 (cand-13caf43 vs ref-2d6b8f1): 1/2-1/2 {Draw by adjudication}
Started game 420 of 40000 (ref-2d6b8f1 vs cand-13caf43)
Finished game 411 (cand-13caf43 vs ref-2d6b8f1): 1-0 {White wins by adjudication}
Started game 421 of 40000 (cand-13caf43 vs ref-2d6b8f1)
Finished game 406 (ref-2d6b8f1 vs cand-13caf43): 0-1 {Black wins by adjudication}
Started game 422 of 40000 (ref-2d6b8f1 vs cand-13caf43)
Finished game 404 (ref-2d6b8f1 vs cand-13caf43): 1/2-1/2 {Draw by fifty moves rule}
Started game 423 of 40000 (cand-13caf43 vs ref-2d6b8f1)
Finished game 414 (ref-2d6b8f1 vs cand-13caf43): 1-0 {White wins by adjudication}
Started game 424 of 40000 (ref-2d6b8f1 vs cand-13caf43)
Finished game 415 (cand-13caf43 vs ref-2d6b8f1): 1/2-1/2 {Draw by 3-fold repetition}
Started game 425 of 40000 (cand-13caf43 vs ref-2d6b8f1)
Finished game 416 (ref-2d6b8f1 vs cand-13caf43): 0-1 {Black wins by adjudication}
Started game 426 of 40000 (ref-2d6b8f1 vs cand-13caf43)
Finished game 413 (cand-13caf43 vs ref-2d6b8f1): 0-1 {Black wins by adjudication}
Started game 427 of 40000 (cand-13caf43 vs ref-2d6b8f1)
Finished game 409 (cand-13caf43 vs ref-2d6b8f1): 1/2-1/2 {Draw by fifty moves rule}
Started game 428 of 40000 (ref-2d6b8f1 vs cand-13caf43)
Finished game 419 (cand-13caf43 vs ref-2d6b8f1): 0-1 {Black wins by adjudication}
Started game 429 of 40000 (cand-13caf43 vs ref-2d6b8f1)
Finished game 418 (ref-2d6b8f1 vs cand-13caf43): 1-0 {White wins by adjudication}
Started game 430 of 40000 (ref-2d6b8f1 vs cand-13caf43)
Finished game 417 (cand-13caf43 vs ref-2d6b8f1): 1/2-1/2 {Draw by adjudication}
Started game 431 of 40000 (cand-13caf43 vs ref-2d6b8f1)
Finished game 420 (ref-2d6b8f1 vs cand-13caf43): 1-0 {White wins by adjudication}
--------------------------------------------------
Results of cand-13caf43 vs ref-2d6b8f1 (8+0.08, 1t, 16MB, noob_3moves.epd):
Elo: 11.59 +/- 25.25, nElo: 15.29 +/- 33.23
LOS: 81.64 %, DrawRatio: 31.90 %, PairsRatio: 1.07
Games: 420, Wins: 130, Losses: 116, Draws: 174, Points: 217.0 (51.67 %)
Ptnml(0-2): [12, 57, 67, 53, 21], WL/DD Ratio: 1.09
LLR: 0.22 (7.6%) (-2.94, 2.94) [0.00, 5.00]
--------------------------------------------------
Started game 432 of 40000 (ref-2d6b8f1 vs cand-13caf43)
Finished game 424 (ref-2d6b8f1 vs cand-13caf43): 1/2-1/2 {Draw by 3-fold repetition}
Started game 433 of 40000 (cand-13caf43 vs ref-2d6b8f1)
Finished game 421 (cand-13caf43 vs ref-2d6b8f1): 1-0 {White wins by adjudication}
Started game 434 of 40000 (ref-2d6b8f1 vs cand-13caf43)
Finished game 423 (cand-13caf43 vs ref-2d6b8f1): 0-1 {Black wins by adjudication}
Started game 435 of 40000 (cand-13caf43 vs ref-2d6b8f1)
Finished game 427 (cand-13caf43 vs ref-2d6b8f1): 1-0 {White wins by adjudication}
Started game 436 of 40000 (ref-2d6b8f1 vs cand-13caf43)
Finished game 422 (ref-2d6b8f1 vs cand-13caf43): 0-1 {Black wins by adjudication}
Started game 437 of 40000 (cand-13caf43 vs ref-2d6b8f1)
Finished game 425 (cand-13caf43 vs ref-2d6b8f1): 1-0 {White wins by adjudication}
Started game 438 of 40000 (ref-2d6b8f1 vs cand-13caf43)
Finished game 426 (ref-2d6b8f1 vs cand-13caf43): 1/2-1/2 {Draw by insufficient mating material}
Started game 439 of 40000 (cand-13caf43 vs ref-2d6b8f1)
Finished game 430 (ref-2d6b8f1 vs cand-13caf43): 1-0 {White wins by adjudication}
Started game 440 of 40000 (ref-2d6b8f1 vs cand-13caf43)
Finished game 431 (cand-13caf43 vs ref-2d6b8f1): 1-0 {White wins by adjudication}
Started game 441 of 40000 (cand-13caf43 vs ref-2d6b8f1)
Finished game 432 (ref-2d6b8f1 vs cand-13caf43): 1/2-1/2 {Draw by 3-fold repetition}
Started game 442 of 40000 (ref-2d6b8f1 vs cand-13caf43)
Finished game 433 (cand-13caf43 vs ref-2d6b8f1): 0-1 {Black wins by adjudication}
Started game 443 of 40000 (cand-13caf43 vs ref-2d6b8f1)
Finished game 429 (cand-13caf43 vs ref-2d6b8f1): 1-0 {White wins by adjudication}
Started game 444 of 40000 (ref-2d6b8f1 vs cand-13caf43)
Finished game 434 (ref-2d6b8f1 vs cand-13caf43): 0-1 {Black wins by adjudication}
Started game 445 of 40000 (cand-13caf43 vs ref-2d6b8f1)
Finished game 435 (cand-13caf43 vs ref-2d6b8f1): 1/2-1/2 {Draw by insufficient mating material}
Started game 446 of 40000 (ref-2d6b8f1 vs cand-13caf43)
Finished game 428 (ref-2d6b8f1 vs cand-13caf43): 1/2-1/2 {Draw by adjudication}
Started game 447 of 40000 (cand-13caf43 vs ref-2d6b8f1)
Finished game 436 (ref-2d6b8f1 vs cand-13caf43): 1/2-1/2 {Draw by adjudication}
Started game 448 of 40000 (ref-2d6b8f1 vs cand-13caf43)
Finished game 438 (ref-2d6b8f1 vs cand-13caf43): 1-0 {White wins by adjudication}
Started game 449 of 40000 (cand-13caf43 vs ref-2d6b8f1)
Finished game 441 (cand-13caf43 vs ref-2d6b8f1): 1-0 {White wins by adjudication}
Started game 450 of 40000 (ref-2d6b8f1 vs cand-13caf43)
Finished game 437 (cand-13caf43 vs ref-2d6b8f1): 1/2-1/2 {Draw by insufficient mating material}
Started game 451 of 40000 (cand-13caf43 vs ref-2d6b8f1)
Finished game 439 (cand-13caf43 vs ref-2d6b8f1): 1-0 {White wins by adjudication}
Started game 452 of 40000 (ref-2d6b8f1 vs cand-13caf43)
Finished game 440 (ref-2d6b8f1 vs cand-13caf43): 0-1 {Black wins by adjudication}
--------------------------------------------------
Results of cand-13caf43 vs ref-2d6b8f1 (8+0.08, 1t, 16MB, noob_3moves.epd):
Elo: 15.01 +/- 24.72, nElo: 19.77 +/- 32.46
LOS: 88.37 %, DrawRatio: 31.82 %, PairsRatio: 1.11
Games: 440, Wins: 139, Losses: 120, Draws: 181, Points: 229.5 (52.16 %)
Ptnml(0-2): [12, 59, 70, 56, 23], WL/DD Ratio: 1.12
LLR: 0.32 (10.7%) (-2.94, 2.94) [0.00, 5.00]
--------------------------------------------------
Started game 453 of 40000 (cand-13caf43 vs ref-2d6b8f1)
Finished game 442 (ref-2d6b8f1 vs cand-13caf43): 1/2-1/2 {Draw by 3-fold repetition}
Started game 454 of 40000 (ref-2d6b8f1 vs cand-13caf43)
Finished game 443 (cand-13caf43 vs ref-2d6b8f1): 1-0 {White wins by adjudication}
Started game 455 of 40000 (cand-13caf43 vs ref-2d6b8f1)
Finished game 448 (ref-2d6b8f1 vs cand-13caf43): 0-1 {Black wins by adjudication}
Started game 456 of 40000 (ref-2d6b8f1 vs cand-13caf43)
Finished game 444 (ref-2d6b8f1 vs cand-13caf43): 1/2-1/2 {Draw by insufficient mating material}
Started game 457 of 40000 (cand-13caf43 vs ref-2d6b8f1)
Finished game 445 (cand-13caf43 vs ref-2d6b8f1): 0-1 {Black wins by adjudication}
Started game 458 of 40000 (ref-2d6b8f1 vs cand-13caf43)
Finished game 451 (cand-13caf43 vs ref-2d6b8f1): 1-0 {White wins by adjudication}
Started game 459 of 40000 (cand-13caf43 vs ref-2d6b8f1)
Finished game 453 (cand-13caf43 vs ref-2d6b8f1): 0-1 {Black wins by adjudication}
Started game 460 of 40000 (ref-2d6b8f1 vs cand-13caf43)
Finished game 446 (ref-2d6b8f1 vs cand-13caf43): 0-1 {Black wins by adjudication}
Started game 461 of 40000 (cand-13caf43 vs ref-2d6b8f1)
Finished game 452 (ref-2d6b8f1 vs cand-13caf43): 0-1 {Black wins by adjudication}
Started game 462 of 40000 (ref-2d6b8f1 vs cand-13caf43)
Finished game 450 (ref-2d6b8f1 vs cand-13caf43): 1-0 {White wins by adjudication}
Started game 463 of 40000 (cand-13caf43 vs ref-2d6b8f1)
Finished game 454 (ref-2d6b8f1 vs cand-13caf43): 1/2-1/2 {Draw by 3-fold repetition}
Started game 464 of 40000 (ref-2d6b8f1 vs cand-13caf43)
Finished game 449 (cand-13caf43 vs ref-2d6b8f1): 1/2-1/2 {Draw by insufficient mating material}
Started game 465 of 40000 (cand-13caf43 vs ref-2d6b8f1)
Finished game 447 (cand-13caf43 vs ref-2d6b8f1): 1-0 {White wins by adjudication}
Started game 466 of 40000 (ref-2d6b8f1 vs cand-13caf43)
Finished game 455 (cand-13caf43 vs ref-2d6b8f1): 1-0 {White wins by adjudication}
Started game 467 of 40000 (cand-13caf43 vs ref-2d6b8f1)
Finished game 457 (cand-13caf43 vs ref-2d6b8f1): 0-1 {Black wins by adjudication}
Started game 468 of 40000 (ref-2d6b8f1 vs cand-13caf43)
Finished game 458 (ref-2d6b8f1 vs cand-13caf43): 1-0 {White wins by adjudication}
Started game 469 of 40000 (cand-13caf43 vs ref-2d6b8f1)
Finished game 456 (ref-2d6b8f1 vs cand-13caf43): 1/2-1/2 {Draw by insufficient mating material}
Started game 470 of 40000 (ref-2d6b8f1 vs cand-13caf43)
Finished game 460 (ref-2d6b8f1 vs cand-13caf43): 1-0 {White wins by adjudication}
Started game 471 of 40000 (cand-13caf43 vs ref-2d6b8f1)
Finished game 462 (ref-2d6b8f1 vs cand-13caf43): 1-0 {White wins by adjudication}
Started game 472 of 40000 (ref-2d6b8f1 vs cand-13caf43)
Finished game 459 (cand-13caf43 vs ref-2d6b8f1): 1/2-1/2 {Draw by insufficient mating material}
--------------------------------------------------
Results of cand-13caf43 vs ref-2d6b8f1 (8+0.08, 1t, 16MB, noob_3moves.epd):
Elo: 15.87 +/- 24.46, nElo: 20.66 +/- 31.75
LOS: 89.89 %, DrawRatio: 30.87 %, PairsRatio: 1.12
Games: 460, Wins: 147, Losses: 126, Draws: 187, Points: 240.5 (52.28 %)
Ptnml(0-2): [13, 62, 71, 59, 25], WL/DD Ratio: 1.15
LLR: 0.35 (11.8%) (-2.94, 2.94) [0.00, 5.00]
--------------------------------------------------
Started game 473 of 40000 (cand-13caf43 vs ref-2d6b8f1)
Finished game 468 (ref-2d6b8f1 vs cand-13caf43): 1-0 {White wins by adjudication}
Started game 474 of 40000 (ref-2d6b8f1 vs cand-13caf43)
Finished game 463 (cand-13caf43 vs ref-2d6b8f1): 0-1 {Black wins by adjudication}
Started game 475 of 40000 (cand-13caf43 vs ref-2d6b8f1)
Finished game 465 (cand-13caf43 vs ref-2d6b8f1): 1/2-1/2 {Draw by 3-fold repetition}
Started game 476 of 40000 (ref-2d6b8f1 vs cand-13caf43)
Finished game 464 (ref-2d6b8f1 vs cand-13caf43): 1-0 {White wins by adjudication}
Started game 477 of 40000 (cand-13caf43 vs ref-2d6b8f1)
Finished game 461 (cand-13caf43 vs ref-2d6b8f1): 1/2-1/2 {Draw by fifty moves rule}
Started game 478 of 40000 (ref-2d6b8f1 vs cand-13caf43)
Finished game 467 (cand-13caf43 vs ref-2d6b8f1): 1/2-1/2 {Draw by adjudication}
Started game 479 of 40000 (cand-13caf43 vs ref-2d6b8f1)
Finished game 466 (ref-2d6b8f1 vs cand-13caf43): 0-1 {Black wins by adjudication}
Started game 480 of 40000 (ref-2d6b8f1 vs cand-13caf43)
Finished game 469 (cand-13caf43 vs ref-2d6b8f1): 0-1 {Black wins by adjudication}
Started game 481 of 40000 (cand-13caf43 vs ref-2d6b8f1)
Finished game 471 (cand-13caf43 vs ref-2d6b8f1): 1-0 {White wins by adjudication}
Started game 482 of 40000 (ref-2d6b8f1 vs cand-13caf43)
Finished game 475 (cand-13caf43 vs ref-2d6b8f1): 1/2-1/2 {Draw by adjudication}
Started game 483 of 40000 (cand-13caf43 vs ref-2d6b8f1)
Finished game 470 (ref-2d6b8f1 vs cand-13caf43): 1/2-1/2 {Draw by insufficient mating material}
Started game 484 of 40000 (ref-2d6b8f1 vs cand-13caf43)
Finished game 473 (cand-13caf43 vs ref-2d6b8f1): 0-1 {Black wins by adjudication}
Started game 485 of 40000 (cand-13caf43 vs ref-2d6b8f1)
Finished game 477 (cand-13caf43 vs ref-2d6b8f1): 1-0 {White wins by adjudication}
Started game 486 of 40000 (ref-2d6b8f1 vs cand-13caf43)
Finished game 472 (ref-2d6b8f1 vs cand-13caf43): 1/2-1/2 {Draw by adjudication}
Started game 487 of 40000 (cand-13caf43 vs ref-2d6b8f1)
Finished game 476 (ref-2d6b8f1 vs cand-13caf43): 0-1 {Black wins by adjudication}
Started game 488 of 40000 (ref-2d6b8f1 vs cand-13caf43)
Finished game 480 (ref-2d6b8f1 vs cand-13caf43): 0-1 {Black wins by adjudication}
Started game 489 of 40000 (cand-13caf43 vs ref-2d6b8f1)
Finished game 474 (ref-2d6b8f1 vs cand-13caf43): 1/2-1/2 {Draw by adjudication}
Started game 490 of 40000 (ref-2d6b8f1 vs cand-13caf43)
Finished game 478 (ref-2d6b8f1 vs cand-13caf43): 0-1 {Black wins by adjudication}
Started game 491 of 40000 (cand-13caf43 vs ref-2d6b8f1)
Finished game 479 (cand-13caf43 vs ref-2d6b8f1): 0-1 {Black wins by adjudication}
--------------------------------------------------
Results of cand-13caf43 vs ref-2d6b8f1 (8+0.08, 1t, 16MB, noob_3moves.epd):
Elo: 14.48 +/- 24.09, nElo: 18.74 +/- 31.08
LOS: 88.14 %, DrawRatio: 30.00 %, PairsRatio: 1.10
Games: 480, Wins: 153, Losses: 133, Draws: 194, Points: 250.0 (52.08 %)
Ptnml(0-2): [14, 66, 72, 62, 26], WL/DD Ratio: 1.18
LLR: 0.32 (11.0%) (-2.94, 2.94) [0.00, 5.00]
--------------------------------------------------
Started game 492 of 40000 (ref-2d6b8f1 vs cand-13caf43)
Finished game 483 (cand-13caf43 vs ref-2d6b8f1): 0-1 {Black wins by adjudication}
Started game 493 of 40000 (cand-13caf43 vs ref-2d6b8f1)
Finished game 481 (cand-13caf43 vs ref-2d6b8f1): 1-0 {White wins by adjudication}
Started game 494 of 40000 (ref-2d6b8f1 vs cand-13caf43)
Finished game 482 (ref-2d6b8f1 vs cand-13caf43): 0-1 {Black wins by adjudication}
Started game 495 of 40000 (cand-13caf43 vs ref-2d6b8f1)
Finished game 484 (ref-2d6b8f1 vs cand-13caf43): 0-1 {Black wins by adjudication}
Started game 496 of 40000 (ref-2d6b8f1 vs cand-13caf43)
Finished game 485 (cand-13caf43 vs ref-2d6b8f1): 1-0 {White wins by adjudication}
Started game 497 of 40000 (cand-13caf43 vs ref-2d6b8f1)
Finished game 487 (cand-13caf43 vs ref-2d6b8f1): 0-1 {Black wins by adjudication}
Started game 498 of 40000 (ref-2d6b8f1 vs cand-13caf43)
Finished game 486 (ref-2d6b8f1 vs cand-13caf43): 1/2-1/2 {Draw by adjudication}
Started game 499 of 40000 (cand-13caf43 vs ref-2d6b8f1)
Finished game 488 (ref-2d6b8f1 vs cand-13caf43): 1/2-1/2 {Draw by adjudication}
Started game 500 of 40000 (ref-2d6b8f1 vs cand-13caf43)
Finished game 489 (cand-13caf43 vs ref-2d6b8f1): 0-1 {Black wins by adjudication}
Started game 501 of 40000 (cand-13caf43 vs ref-2d6b8f1)
Finished game 490 (ref-2d6b8f1 vs cand-13caf43): 1/2-1/2 {Draw by insufficient mating material}
Started game 502 of 40000 (ref-2d6b8f1 vs cand-13caf43)
Finished game 491 (cand-13caf43 vs ref-2d6b8f1): 1-0 {White wins by adjudication}
Started game 503 of 40000 (cand-13caf43 vs ref-2d6b8f1)
Finished game 492 (ref-2d6b8f1 vs cand-13caf43): 1/2-1/2 {Draw by 3-fold repetition}
Started game 504 of 40000 (ref-2d6b8f1 vs cand-13caf43)
Finished game 497 (cand-13caf43 vs ref-2d6b8f1): 1-0 {White wins by adjudication}
Started game 505 of 40000 (cand-13caf43 vs ref-2d6b8f1)
Finished game 496 (ref-2d6b8f1 vs cand-13caf43): 0-1 {Black wins by adjudication}
Started game 506 of 40000 (ref-2d6b8f1 vs cand-13caf43)
Finished game 494 (ref-2d6b8f1 vs cand-13caf43): 0-1 {Black wins by adjudication}
Started game 507 of 40000 (cand-13caf43 vs ref-2d6b8f1)
Finished game 498 (ref-2d6b8f1 vs cand-13caf43): 0-1 {Black wins by adjudication}
Started game 508 of 40000 (ref-2d6b8f1 vs cand-13caf43)
Finished game 493 (cand-13caf43 vs ref-2d6b8f1): 0-1 {Black wins by adjudication}
Started game 509 of 40000 (cand-13caf43 vs ref-2d6b8f1)
Finished game 495 (cand-13caf43 vs ref-2d6b8f1): 0-1 {Black wins by adjudication}
Started game 510 of 40000 (ref-2d6b8f1 vs cand-13caf43)
Finished game 500 (ref-2d6b8f1 vs cand-13caf43): 1/2-1/2 {Draw by 3-fold repetition}
Started game 511 of 40000 (cand-13caf43 vs ref-2d6b8f1)
Finished game 499 (cand-13caf43 vs ref-2d6b8f1): 1-0 {White wins by adjudication}
--------------------------------------------------
Results of cand-13caf43 vs ref-2d6b8f1 (8+0.08, 1t, 16MB, noob_3moves.epd):
Elo: 17.39 +/- 23.63, nElo: 22.48 +/- 30.45
LOS: 92.61 %, DrawRatio: 30.00 %, PairsRatio: 1.13
Games: 500, Wins: 163, Losses: 138, Draws: 199, Points: 262.5 (52.50 %)
Ptnml(0-2): [14, 68, 75, 65, 28], WL/DD Ratio: 1.27
LLR: 0.41 (14.1%) (-2.94, 2.94) [0.00, 5.00]
--------------------------------------------------
Started game 512 of 40000 (ref-2d6b8f1 vs cand-13caf43)
Finished game 502 (ref-2d6b8f1 vs cand-13caf43): 1/2-1/2 {Draw by 3-fold repetition}
Started game 513 of 40000 (cand-13caf43 vs ref-2d6b8f1)
Finished game 504 (ref-2d6b8f1 vs cand-13caf43): 0-1 {Black wins by adjudication}
Started game 514 of 40000 (ref-2d6b8f1 vs cand-13caf43)
Finished game 509 (cand-13caf43 vs ref-2d6b8f1): 1-0 {White wins by adjudication}
Started game 515 of 40000 (cand-13caf43 vs ref-2d6b8f1)
Finished game 505 (cand-13caf43 vs ref-2d6b8f1): 0-1 {Black wins by adjudication}
Started game 516 of 40000 (ref-2d6b8f1 vs cand-13caf43)
Finished game 503 (cand-13caf43 vs ref-2d6b8f1): 0-1 {Black wins by adjudication}
Started game 517 of 40000 (cand-13caf43 vs ref-2d6b8f1)
Finished game 506 (ref-2d6b8f1 vs cand-13caf43): 0-1 {Black wins by adjudication}
Started game 518 of 40000 (ref-2d6b8f1 vs cand-13caf43)
Finished game 507 (cand-13caf43 vs ref-2d6b8f1): 1-0 {White wins by adjudication}
Started game 519 of 40000 (cand-13caf43 vs ref-2d6b8f1)
Finished game 501 (cand-13caf43 vs ref-2d6b8f1): 1/2-1/2 {Draw by insufficient mating material}
Started game 520 of 40000 (ref-2d6b8f1 vs cand-13caf43)
Finished game 510 (ref-2d6b8f1 vs cand-13caf43): 1-0 {White wins by adjudication}
Started game 521 of 40000 (cand-13caf43 vs ref-2d6b8f1)
Finished game 511 (cand-13caf43 vs ref-2d6b8f1): 0-1 {Black wins by adjudication}
Started game 522 of 40000 (ref-2d6b8f1 vs cand-13caf43)
Finished game 513 (cand-13caf43 vs ref-2d6b8f1): 1/2-1/2 {Draw by 3-fold repetition}
Started game 523 of 40000 (cand-13caf43 vs ref-2d6b8f1)
Finished game 512 (ref-2d6b8f1 vs cand-13caf43): 1-0 {White wins by adjudication}
Started game 524 of 40000 (ref-2d6b8f1 vs cand-13caf43)
Finished game 514 (ref-2d6b8f1 vs cand-13caf43): 1-0 {White wins by adjudication}
Started game 525 of 40000 (cand-13caf43 vs ref-2d6b8f1)
Finished game 508 (ref-2d6b8f1 vs cand-13caf43): 1/2-1/2 {Draw by adjudication}
Started game 526 of 40000 (ref-2d6b8f1 vs cand-13caf43)
Finished game 520 (ref-2d6b8f1 vs cand-13caf43): 1-0 {White wins by adjudication}
Started game 527 of 40000 (cand-13caf43 vs ref-2d6b8f1)
Finished game 518 (ref-2d6b8f1 vs cand-13caf43): 0-1 {Black wins by adjudication}
Started game 528 of 40000 (ref-2d6b8f1 vs cand-13caf43)
Finished game 519 (cand-13caf43 vs ref-2d6b8f1): 1/2-1/2 {Draw by 3-fold repetition}
--------------------------------------------------
Results of cand-13caf43 vs ref-2d6b8f1 (8+0.08, 1t, 16MB, noob_3moves.epd):
Elo: 14.82 +/- 23.17, nElo: 19.23 +/- 29.98
LOS: 89.57 %, DrawRatio: 30.62 %, PairsRatio: 1.11
Games: 516, Wins: 167, Losses: 145, Draws: 204, Points: 269.0 (52.13 %)
Ptnml(0-2): [15, 70, 79, 66, 28], WL/DD Ratio: 1.32
LLR: 0.36 (12.2%) (-2.94, 2.94) [0.00, 5.00]
--------------------------------------------------
Started game 529 of 40000 (cand-13caf43 vs ref-2d6b8f1)
Finished game 515 (cand-13caf43 vs ref-2d6b8f1): 0-1 {Black wins by adjudication}
Started game 530 of 40000 (ref-2d6b8f1 vs cand-13caf43)
Finished game 516 (ref-2d6b8f1 vs cand-13caf43): 1/2-1/2 {Draw by adjudication}
Started game 531 of 40000 (cand-13caf43 vs ref-2d6b8f1)
Finished game 524 (ref-2d6b8f1 vs cand-13caf43): 1/2-1/2 {Draw by 3-fold repetition}
Started game 532 of 40000 (ref-2d6b8f1 vs cand-13caf43)
Finished game 525 (cand-13caf43 vs ref-2d6b8f1): 0-1 {Black wins by adjudication}
Started game 533 of 40000 (cand-13caf43 vs ref-2d6b8f1)
Finished game 517 (cand-13caf43 vs ref-2d6b8f1): 1/2-1/2 {Draw by insufficient mating material}
Started game 534 of 40000 (ref-2d6b8f1 vs cand-13caf43)
Finished game 522 (ref-2d6b8f1 vs cand-13caf43): 1-0 {White wins by adjudication}
Started game 535 of 40000 (cand-13caf43 vs ref-2d6b8f1)
Finished game 526 (ref-2d6b8f1 vs cand-13caf43): 1-0 {White wins by adjudication}
Started game 536 of 40000 (ref-2d6b8f1 vs cand-13caf43)
Finished game 523 (cand-13caf43 vs ref-2d6b8f1): 1-0 {White wins by adjudication}
Started game 537 of 40000 (cand-13caf43 vs ref-2d6b8f1)
Finished game 527 (cand-13caf43 vs ref-2d6b8f1): 1/2-1/2 {Draw by 3-fold repetition}
Started game 538 of 40000 (ref-2d6b8f1 vs cand-13caf43)
Finished game 529 (cand-13caf43 vs ref-2d6b8f1): 1-0 {White wins by adjudication}
Started game 539 of 40000 (cand-13caf43 vs ref-2d6b8f1)
Finished game 528 (ref-2d6b8f1 vs cand-13caf43): 0-1 {Black wins by adjudication}
Started game 540 of 40000 (ref-2d6b8f1 vs cand-13caf43)
Finished game 530 (ref-2d6b8f1 vs cand-13caf43): 1/2-1/2 {Draw by 3-fold repetition}
Started game 541 of 40000 (cand-13caf43 vs ref-2d6b8f1)
Finished game 531 (cand-13caf43 vs ref-2d6b8f1): 1-0 {White wins by adjudication}
Started game 542 of 40000 (ref-2d6b8f1 vs cand-13caf43)
Finished game 521 (cand-13caf43 vs ref-2d6b8f1): 1/2-1/2 {Draw by adjudication}
Started game 543 of 40000 (cand-13caf43 vs ref-2d6b8f1)
Finished game 532 (ref-2d6b8f1 vs cand-13caf43): 1/2-1/2 {Draw by 3-fold repetition}
Started game 544 of 40000 (ref-2d6b8f1 vs cand-13caf43)
Finished game 537 (cand-13caf43 vs ref-2d6b8f1): 0-1 {Black wins by adjudication}
Started game 545 of 40000 (cand-13caf43 vs ref-2d6b8f1)
Finished game 534 (ref-2d6b8f1 vs cand-13caf43): 1/2-1/2 {Draw by adjudication}
Started game 546 of 40000 (ref-2d6b8f1 vs cand-13caf43)
Finished game 536 (ref-2d6b8f1 vs cand-13caf43): 0-1 {Black wins by adjudication}
Started game 547 of 40000 (cand-13caf43 vs ref-2d6b8f1)
Finished game 533 (cand-13caf43 vs ref-2d6b8f1): 1/2-1/2 {Draw by adjudication}
Started game 548 of 40000 (ref-2d6b8f1 vs cand-13caf43)
Finished game 535 (cand-13caf43 vs ref-2d6b8f1): 1-0 {White wins by adjudication}
Started game 549 of 40000 (cand-13caf43 vs ref-2d6b8f1)
Finished game 538 (ref-2d6b8f1 vs cand-13caf43): 1/2-1/2 {Draw by 3-fold repetition}
Started game 550 of 40000 (ref-2d6b8f1 vs cand-13caf43)
Finished game 543 (cand-13caf43 vs ref-2d6b8f1): 1-0 {White wins by adjudication}
Started game 551 of 40000 (cand-13caf43 vs ref-2d6b8f1)
Finished game 540 (ref-2d6b8f1 vs cand-13caf43): 0-1 {Black wins by adjudication}
Started game 552 of 40000 (ref-2d6b8f1 vs cand-13caf43)
Finished game 539 (cand-13caf43 vs ref-2d6b8f1): 1/2-1/2 {Draw by stalemate}
--------------------------------------------------
Results of cand-13caf43 vs ref-2d6b8f1 (8+0.08, 1t, 16MB, noob_3moves.epd):
Elo: 16.10 +/- 22.73, nElo: 20.81 +/- 29.30
LOS: 91.80 %, DrawRatio: 29.63 %, PairsRatio: 1.13
Games: 540, Wins: 175, Losses: 150, Draws: 215, Points: 282.5 (52.31 %)
Ptnml(0-2): [16, 73, 80, 72, 29], WL/DD Ratio: 1.29
LLR: 0.41 (13.9%) (-2.94, 2.94) [0.00, 5.00]
--------------------------------------------------
Started game 553 of 40000 (cand-13caf43 vs ref-2d6b8f1)
Finished game 542 (ref-2d6b8f1 vs cand-13caf43): 1-0 {White wins by adjudication}
Started game 554 of 40000 (ref-2d6b8f1 vs cand-13caf43)
Finished game 545 (cand-13caf43 vs ref-2d6b8f1): 0-1 {Black wins by adjudication}
Started game 555 of 40000 (cand-13caf43 vs ref-2d6b8f1)
Finished game 547 (cand-13caf43 vs ref-2d6b8f1): 1-0 {White wins by adjudication}
Started game 556 of 40000 (ref-2d6b8f1 vs cand-13caf43)
Finished game 549 (cand-13caf43 vs ref-2d6b8f1): 1/2-1/2 {Draw by 3-fold repetition}
Started game 557 of 40000 (cand-13caf43 vs ref-2d6b8f1)
Finished game 544 (ref-2d6b8f1 vs cand-13caf43): 1-0 {White wins by adjudication}
Started game 558 of 40000 (ref-2d6b8f1 vs cand-13caf43)
Finished game 541 (cand-13caf43 vs ref-2d6b8f1): 1-0 {White wins by adjudication}
Started game 559 of 40000 (cand-13caf43 vs ref-2d6b8f1)
Finished game 546 (ref-2d6b8f1 vs cand-13caf43): 1-0 {White wins by adjudication}
Started game 560 of 40000 (ref-2d6b8f1 vs cand-13caf43)
Finished game 550 (ref-2d6b8f1 vs cand-13caf43): 1-0 {White wins by adjudication}
Started game 561 of 40000 (cand-13caf43 vs ref-2d6b8f1)
Finished game 548 (ref-2d6b8f1 vs cand-13caf43): 0-1 {Black wins by adjudication}
Started game 562 of 40000 (ref-2d6b8f1 vs cand-13caf43)
Finished game 556 (ref-2d6b8f1 vs cand-13caf43): 1/2-1/2 {Draw by 3-fold repetition}
Started game 563 of 40000 (cand-13caf43 vs ref-2d6b8f1)
Finished game 552 (ref-2d6b8f1 vs cand-13caf43): 0-1 {Black wins by adjudication}
Started game 564 of 40000 (ref-2d6b8f1 vs cand-13caf43)
Finished game 551 (cand-13caf43 vs ref-2d6b8f1): 1-0 {White wins by adjudication}
Started game 565 of 40000 (cand-13caf43 vs ref-2d6b8f1)
Finished game 555 (cand-13caf43 vs ref-2d6b8f1): 1-0 {White wins by adjudication}
Started game 566 of 40000 (ref-2d6b8f1 vs cand-13caf43)
Finished game 554 (ref-2d6b8f1 vs cand-13caf43): 1-0 {White wins by adjudication}
Started game 567 of 40000 (cand-13caf43 vs ref-2d6b8f1)
Finished game 558 (ref-2d6b8f1 vs cand-13caf43): 1-0 {White wins by adjudication}
Started game 568 of 40000 (ref-2d6b8f1 vs cand-13caf43)
Finished game 553 (cand-13caf43 vs ref-2d6b8f1): 0-1 {Black wins by adjudication}
Started game 569 of 40000 (cand-13caf43 vs ref-2d6b8f1)
Finished game 559 (cand-13caf43 vs ref-2d6b8f1): 0-1 {Black wins by adjudication}
Started game 570 of 40000 (ref-2d6b8f1 vs cand-13caf43)
Finished game 561 (cand-13caf43 vs ref-2d6b8f1): 0-1 {Black wins by adjudication}
Started game 571 of 40000 (cand-13caf43 vs ref-2d6b8f1)
Finished game 557 (cand-13caf43 vs ref-2d6b8f1): 1/2-1/2 {Draw by insufficient mating material}
Started game 572 of 40000 (ref-2d6b8f1 vs cand-13caf43)
Finished game 566 (ref-2d6b8f1 vs cand-13caf43): 1/2-1/2 {Draw by 3-fold repetition}
Started game 573 of 40000 (cand-13caf43 vs ref-2d6b8f1)
Finished game 560 (ref-2d6b8f1 vs cand-13caf43): 1/2-1/2 {Draw by insufficient mating material}
--------------------------------------------------
Results of cand-13caf43 vs ref-2d6b8f1 (8+0.08, 1t, 16MB, noob_3moves.epd):
Elo: 14.28 +/- 22.59, nElo: 18.23 +/- 28.78
LOS: 89.28 %, DrawRatio: 29.29 %, PairsRatio: 1.11
Games: 560, Wins: 182, Losses: 159, Draws: 219, Points: 291.5 (52.05 %)
Ptnml(0-2): [18, 76, 82, 73, 31], WL/DD Ratio: 1.34
LLR: 0.37 (12.4%) (-2.94, 2.94) [0.00, 5.00]
--------------------------------------------------
Started game 574 of 40000 (ref-2d6b8f1 vs cand-13caf43)
Finished game 562 (ref-2d6b8f1 vs cand-13caf43): 1/2-1/2 {Draw by insufficient mating material}
Started game 575 of 40000 (cand-13caf43 vs ref-2d6b8f1)
Finished game 563 (cand-13caf43 vs ref-2d6b8f1): 1-0 {White wins by adjudication}
Started game 576 of 40000 (ref-2d6b8f1 vs cand-13caf43)
Finished game 567 (cand-13caf43 vs ref-2d6b8f1): 1-0 {White wins by adjudication}
Started game 577 of 40000 (cand-13caf43 vs ref-2d6b8f1)
Finished game 571 (cand-13caf43 vs ref-2d6b8f1): 1-0 {White wins by adjudication}
Started game 578 of 40000 (ref-2d6b8f1 vs cand-13caf43)
Finished game 565 (cand-13caf43 vs ref-2d6b8f1): 1/2-1/2 {Draw by insufficient mating material}
Started game 579 of 40000 (cand-13caf43 vs ref-2d6b8f1)
Finished game 564 (ref-2d6b8f1 vs cand-13caf43): 1-0 {White wins by adjudication}
Started game 580 of 40000 (ref-2d6b8f1 vs cand-13caf43)
Finished game 572 (ref-2d6b8f1 vs cand-13caf43): 1/2-1/2 {Draw by 3-fold repetition}
Started game 581 of 40000 (cand-13caf43 vs ref-2d6b8f1)
Finished game 570 (ref-2d6b8f1 vs cand-13caf43): 0-1 {Black wins by adjudication}
Started game 582 of 40000 (ref-2d6b8f1 vs cand-13caf43)
Finished game 569 (cand-13caf43 vs ref-2d6b8f1): 1-0 {White wins by adjudication}
Started game 583 of 40000 (cand-13caf43 vs ref-2d6b8f1)
Finished game 568 (ref-2d6b8f1 vs cand-13caf43): 1/2-1/2 {Draw by 3-fold repetition}
Started game 584 of 40000 (ref-2d6b8f1 vs cand-13caf43)
Finished game 579 (cand-13caf43 vs ref-2d6b8f1): 1-0 {White wins by adjudication}
Started game 585 of 40000 (cand-13caf43 vs ref-2d6b8f1)
Finished game 580 (ref-2d6b8f1 vs cand-13caf43): 1/2-1/2 {Draw by 3-fold repetition}
--------------------------------------------------
Results of cand-13caf43 vs ref-2d6b8f1 (8+0.08, 1t, 16MB, noob_3moves.epd):
Elo: 16.35 +/- 22.29, nElo: 20.92 +/- 28.42
LOS: 92.54 %, DrawRatio: 29.27 %, PairsRatio: 1.14
Games: 574, Wins: 188, Losses: 161, Draws: 225, Points: 300.5 (52.35 %)
Ptnml(0-2): [18, 77, 84, 76, 32], WL/DD Ratio: 1.33
LLR: 0.44 (14.9%) (-2.94, 2.94) [0.00, 5.00]
--------------------------------------------------
Started game 586 of 40000 (ref-2d6b8f1 vs cand-13caf43)
Finished game 576 (ref-2d6b8f1 vs cand-13caf43): 0-1 {Black wins by adjudication}
Started game 587 of 40000 (cand-13caf43 vs ref-2d6b8f1)
Finished game 577 (cand-13caf43 vs ref-2d6b8f1): 0-1 {Black wins by adjudication}
Started game 588 of 40000 (ref-2d6b8f1 vs cand-13caf43)
Finished game 573 (cand-13caf43 vs ref-2d6b8f1): 1/2-1/2 {Draw by insufficient mating material}
Started game 589 of 40000 (cand-13caf43 vs ref-2d6b8f1)
Finished game 575 (cand-13caf43 vs ref-2d6b8f1): 1-0 {White wins by adjudication}
Started game 590 of 40000 (ref-2d6b8f1 vs cand-13caf43)
Finished game 582 (ref-2d6b8f1 vs cand-13caf43): 1-0 {White wins by adjudication}
Started game 591 of 40000 (cand-13caf43 vs ref-2d6b8f1)
Finished game 584 (ref-2d6b8f1 vs cand-13caf43): 1-0 {White wins by adjudication}
Started game 592 of 40000 (ref-2d6b8f1 vs cand-13caf43)
Finished game 583 (cand-13caf43 vs ref-2d6b8f1): 0-1 {Black wins by adjudication}
Started game 593 of 40000 (cand-13caf43 vs ref-2d6b8f1)
Finished game 581 (cand-13caf43 vs ref-2d6b8f1): 1/2-1/2 {Draw by adjudication}
Started game 594 of 40000 (ref-2d6b8f1 vs cand-13caf43)
Finished game 574 (ref-2d6b8f1 vs cand-13caf43): 1/2-1/2 {Draw by adjudication}
Started game 595 of 40000 (cand-13caf43 vs ref-2d6b8f1)
Finished game 578 (ref-2d6b8f1 vs cand-13caf43): 1/2-1/2 {Draw by fifty moves rule}
Started game 596 of 40000 (ref-2d6b8f1 vs cand-13caf43)
Finished game 585 (cand-13caf43 vs ref-2d6b8f1): 1/2-1/2 {Draw by insufficient mating material}
Started game 597 of 40000 (cand-13caf43 vs ref-2d6b8f1)
Finished game 586 (ref-2d6b8f1 vs cand-13caf43): 1-0 {White wins by adjudication}
Started game 598 of 40000 (ref-2d6b8f1 vs cand-13caf43)
Finished game 589 (cand-13caf43 vs ref-2d6b8f1): 0-1 {Black wins by adjudication}
Started game 599 of 40000 (cand-13caf43 vs ref-2d6b8f1)
Finished game 587 (cand-13caf43 vs ref-2d6b8f1): 1/2-1/2 {Draw by 3-fold repetition}
Started game 600 of 40000 (ref-2d6b8f1 vs cand-13caf43)
Finished game 588 (ref-2d6b8f1 vs cand-13caf43): 1/2-1/2 {Draw by 3-fold repetition}
Started game 601 of 40000 (cand-13caf43 vs ref-2d6b8f1)
Finished game 591 (cand-13caf43 vs ref-2d6b8f1): 1/2-1/2 {Draw by 3-fold repetition}
Started game 602 of 40000 (ref-2d6b8f1 vs cand-13caf43)
Finished game 593 (cand-13caf43 vs ref-2d6b8f1): 0-1 {Black wins by adjudication}
Started game 603 of 40000 (cand-13caf43 vs ref-2d6b8f1)
Finished game 592 (ref-2d6b8f1 vs cand-13caf43): 1-0 {White wins by adjudication}
Started game 604 of 40000 (ref-2d6b8f1 vs cand-13caf43)
Finished game 595 (cand-13caf43 vs ref-2d6b8f1): 1-0 {White wins by adjudication}
Started game 605 of 40000 (cand-13caf43 vs ref-2d6b8f1)
Finished game 594 (ref-2d6b8f1 vs cand-13caf43): 0-1 {Black wins by adjudication}
Started game 606 of 40000 (ref-2d6b8f1 vs cand-13caf43)
Finished game 596 (ref-2d6b8f1 vs cand-13caf43): 0-1 {Black wins by adjudication}
Started game 607 of 40000 (cand-13caf43 vs ref-2d6b8f1)
Finished game 599 (cand-13caf43 vs ref-2d6b8f1): 0-1 {Black wins by adjudication}
Started game 608 of 40000 (ref-2d6b8f1 vs cand-13caf43)
Finished game 597 (cand-13caf43 vs ref-2d6b8f1): 1-0 {White wins by adjudication}
Started game 609 of 40000 (cand-13caf43 vs ref-2d6b8f1)
Finished game 600 (ref-2d6b8f1 vs cand-13caf43): 0-1 {Black wins by adjudication}
--------------------------------------------------
Results of cand-13caf43 vs ref-2d6b8f1 (8+0.08, 1t, 16MB, noob_3moves.epd):
Elo: 14.58 +/- 21.95, nElo: 18.57 +/- 27.89
LOS: 90.41 %, DrawRatio: 29.53 %, PairsRatio: 1.10
Games: 596, Wins: 194, Losses: 169, Draws: 233, Points: 310.5 (52.10 %)
Ptnml(0-2): [19, 81, 88, 76, 34], WL/DD Ratio: 1.32
LLR: 0.40 (13.5%) (-2.94, 2.94) [0.00, 5.00]
--------------------------------------------------
Started game 610 of 40000 (ref-2d6b8f1 vs cand-13caf43)
Finished game 590 (ref-2d6b8f1 vs cand-13caf43): 1/2-1/2 {Draw by adjudication}
Started game 611 of 40000 (cand-13caf43 vs ref-2d6b8f1)
Finished game 601 (cand-13caf43 vs ref-2d6b8f1): 0-1 {Black wins by adjudication}
Started game 612 of 40000 (ref-2d6b8f1 vs cand-13caf43)
Finished game 598 (ref-2d6b8f1 vs cand-13caf43): 1/2-1/2 {Draw by adjudication}
Started game 613 of 40000 (cand-13caf43 vs ref-2d6b8f1)
Finished game 603 (cand-13caf43 vs ref-2d6b8f1): 0-1 {Black wins by adjudication}
Started game 614 of 40000 (ref-2d6b8f1 vs cand-13caf43)
Finished game 602 (ref-2d6b8f1 vs cand-13caf43): 1/2-1/2 {Draw by 3-fold repetition}
Started game 615 of 40000 (cand-13caf43 vs ref-2d6b8f1)
Finished game 611 (cand-13caf43 vs ref-2d6b8f1): 1/2-1/2 {Draw by 3-fold repetition}
Started game 616 of 40000 (ref-2d6b8f1 vs cand-13caf43)
Finished game 606 (ref-2d6b8f1 vs cand-13caf43): 0-1 {Black wins by adjudication}
Started game 617 of 40000 (cand-13caf43 vs ref-2d6b8f1)
Finished game 609 (cand-13caf43 vs ref-2d6b8f1): 0-1 {Black wins by adjudication}
Started game 618 of 40000 (ref-2d6b8f1 vs cand-13caf43)
Finished game 604 (ref-2d6b8f1 vs cand-13caf43): 0-1 {Black wins by adjudication}
Started game 619 of 40000 (cand-13caf43 vs ref-2d6b8f1)
Finished game 607 (cand-13caf43 vs ref-2d6b8f1): 1-0 {White wins by adjudication}
Started game 620 of 40000 (ref-2d6b8f1 vs cand-13caf43)
Finished game 608 (ref-2d6b8f1 vs cand-13caf43): 1/2-1/2 {Draw by adjudication}
Started game 621 of 40000 (cand-13caf43 vs ref-2d6b8f1)
Finished game 614 (ref-2d6b8f1 vs cand-13caf43): 0-1 {Black wins by adjudication}
Started game 622 of 40000 (ref-2d6b8f1 vs cand-13caf43)
Finished game 612 (ref-2d6b8f1 vs cand-13caf43): 1/2-1/2 {Draw by insufficient mating material}
Started game 623 of 40000 (cand-13caf43 vs ref-2d6b8f1)
Finished game 605 (cand-13caf43 vs ref-2d6b8f1): 1-0 {White wins by adjudication}
Started game 624 of 40000 (ref-2d6b8f1 vs cand-13caf43)
Finished game 610 (ref-2d6b8f1 vs cand-13caf43): 1/2-1/2 {Draw by adjudication}
Started game 625 of 40000 (cand-13caf43 vs ref-2d6b8f1)
Finished game 613 (cand-13caf43 vs ref-2d6b8f1): 1-0 {White wins by adjudication}
Started game 626 of 40000 (ref-2d6b8f1 vs cand-13caf43)
Finished game 617 (cand-13caf43 vs ref-2d6b8f1): 1-0 {White wins by adjudication}
Started game 627 of 40000 (cand-13caf43 vs ref-2d6b8f1)
Finished game 621 (cand-13caf43 vs ref-2d6b8f1): 1-0 {White wins by adjudication}
Started game 628 of 40000 (ref-2d6b8f1 vs cand-13caf43)
Finished game 619 (cand-13caf43 vs ref-2d6b8f1): 1-0 {White wins by adjudication}
Started game 629 of 40000 (cand-13caf43 vs ref-2d6b8f1)
Finished game 620 (ref-2d6b8f1 vs cand-13caf43): 1-0 {White wins by adjudication}
--------------------------------------------------
Results of cand-13caf43 vs ref-2d6b8f1 (8+0.08, 1t, 16MB, noob_3moves.epd):
Elo: 15.80 +/- 21.61, nElo: 20.12 +/- 27.44
LOS: 92.47 %, DrawRatio: 29.55 %, PairsRatio: 1.11
Games: 616, Wins: 202, Losses: 174, Draws: 240, Points: 322.0 (52.27 %)
Ptnml(0-2): [19, 84, 91, 78, 36], WL/DD Ratio: 1.33
LLR: 0.45 (15.3%) (-2.94, 2.94) [0.00, 5.00]
--------------------------------------------------
Started game 630 of 40000 (ref-2d6b8f1 vs cand-13caf43)
Finished game 615 (cand-13caf43 vs ref-2d6b8f1): 1/2-1/2 {Draw by 3-fold repetition}
Started game 631 of 40000 (cand-13caf43 vs ref-2d6b8f1)
Finished game 616 (ref-2d6b8f1 vs cand-13caf43): 1/2-1/2 {Draw by 3-fold repetition}
Started game 632 of 40000 (ref-2d6b8f1 vs cand-13caf43)
Finished game 623 (cand-13caf43 vs ref-2d6b8f1): 1-0 {White wins by adjudication}
Started game 633 of 40000 (cand-13caf43 vs ref-2d6b8f1)
Finished game 618 (ref-2d6b8f1 vs cand-13caf43): 1/2-1/2 {Draw by fifty moves rule}
Started game 634 of 40000 (ref-2d6b8f1 vs cand-13caf43)
Finished game 624 (ref-2d6b8f1 vs cand-13caf43): 1-0 {White wins by adjudication}
Started game 635 of 40000 (cand-13caf43 vs ref-2d6b8f1)
Finished game 625 (cand-13caf43 vs ref-2d6b8f1): 1-0 {White wins by adjudication}
Started game 636 of 40000 (ref-2d6b8f1 vs cand-13caf43)
Finished game 627 (cand-13caf43 vs ref-2d6b8f1): 1/2-1/2 {Draw by 3-fold repetition}
Started game 637 of 40000 (cand-13caf43 vs ref-2d6b8f1)
Finished game 622 (ref-2d6b8f1 vs cand-13caf43): 0-1 {Black wins by adjudication}
Started game 638 of 40000 (ref-2d6b8f1 vs cand-13caf43)
Finished game 629 (cand-13caf43 vs ref-2d6b8f1): 0-1 {Black wins by adjudication}
Started game 639 of 40000 (cand-13caf43 vs ref-2d6b8f1)
Finished game 626 (ref-2d6b8f1 vs cand-13caf43): 1/2-1/2 {Draw by 3-fold repetition}
Started game 640 of 40000 (ref-2d6b8f1 vs cand-13caf43)
Finished game 632 (ref-2d6b8f1 vs cand-13caf43): 1/2-1/2 {Draw by 3-fold repetition}
Started game 641 of 40000 (cand-13caf43 vs ref-2d6b8f1)
Finished game 630 (ref-2d6b8f1 vs cand-13caf43): 0-1 {Black wins by adjudication}
Started game 642 of 40000 (ref-2d6b8f1 vs cand-13caf43)
Finished game 631 (cand-13caf43 vs ref-2d6b8f1): 0-1 {Black wins by adjudication}
Started game 643 of 40000 (cand-13caf43 vs ref-2d6b8f1)
Finished game 628 (ref-2d6b8f1 vs cand-13caf43): 0-1 {Black wins by adjudication}
Started game 644 of 40000 (ref-2d6b8f1 vs cand-13caf43)
Finished game 636 (ref-2d6b8f1 vs cand-13caf43): 0-1 {Black wins by adjudication}
Started game 645 of 40000 (cand-13caf43 vs ref-2d6b8f1)
Finished game 638 (ref-2d6b8f1 vs cand-13caf43): 1-0 {White wins by adjudication}
Started game 646 of 40000 (ref-2d6b8f1 vs cand-13caf43)
Finished game 635 (cand-13caf43 vs ref-2d6b8f1): 1-0 {White wins by adjudication}
Started game 647 of 40000 (cand-13caf43 vs ref-2d6b8f1)
Finished game 633 (cand-13caf43 vs ref-2d6b8f1): 1-0 {White wins by adjudication}
Started game 648 of 40000 (ref-2d6b8f1 vs cand-13caf43)
Finished game 634 (ref-2d6b8f1 vs cand-13caf43): 1/2-1/2 {Draw by fifty moves rule}
Started game 649 of 40000 (cand-13caf43 vs ref-2d6b8f1)
Finished game 640 (ref-2d6b8f1 vs cand-13caf43): 1/2-1/2 {Draw by 3-fold repetition}
Started game 650 of 40000 (ref-2d6b8f1 vs cand-13caf43)
Finished game 643 (cand-13caf43 vs ref-2d6b8f1): 1-0 {White wins by adjudication}
Started game 651 of 40000 (cand-13caf43 vs ref-2d6b8f1)
Finished game 639 (cand-13caf43 vs ref-2d6b8f1): 1-0 {White wins by adjudication}
--------------------------------------------------
Results of cand-13caf43 vs ref-2d6b8f1 (8+0.08, 1t, 16MB, noob_3moves.epd):
Elo: 19.63 +/- 21.22, nElo: 25.01 +/- 26.96
LOS: 96.55 %, DrawRatio: 29.47 %, PairsRatio: 1.16
Games: 638, Wins: 213, Losses: 177, Draws: 248, Points: 337.0 (52.82 %)
Ptnml(0-2): [19, 85, 94, 83, 38], WL/DD Ratio: 1.35
LLR: 0.60 (20.2%) (-2.94, 2.94) [0.00, 5.00]
--------------------------------------------------
Started game 652 of 40000 (ref-2d6b8f1 vs cand-13caf43)
Finished game 641 (cand-13caf43 vs ref-2d6b8f1): 1-0 {White wins by adjudication}
Started game 653 of 40000 (cand-13caf43 vs ref-2d6b8f1)
Finished game 637 (cand-13caf43 vs ref-2d6b8f1): 1/2-1/2 {Draw by insufficient mating material}
Started game 654 of 40000 (ref-2d6b8f1 vs cand-13caf43)
Finished game 642 (ref-2d6b8f1 vs cand-13caf43): 1/2-1/2 {Draw by 3-fold repetition}
Started game 655 of 40000 (cand-13caf43 vs ref-2d6b8f1)
Finished game 645 (cand-13caf43 vs ref-2d6b8f1): 1-0 {White wins by adjudication}
Started game 656 of 40000 (ref-2d6b8f1 vs cand-13caf43)
Finished game 644 (ref-2d6b8f1 vs cand-13caf43): 1/2-1/2 {Draw by 3-fold repetition}
Started game 657 of 40000 (cand-13caf43 vs ref-2d6b8f1)
Finished game 648 (ref-2d6b8f1 vs cand-13caf43): 0-1 {Black wins by adjudication}
Started game 658 of 40000 (ref-2d6b8f1 vs cand-13caf43)
Finished game 649 (cand-13caf43 vs ref-2d6b8f1): 1-0 {White wins by adjudication}
Started game 659 of 40000 (cand-13caf43 vs ref-2d6b8f1)
Finished game 654 (ref-2d6b8f1 vs cand-13caf43): 0-1 {Black wins by adjudication}
Started game 660 of 40000 (ref-2d6b8f1 vs cand-13caf43)
Finished game 653 (cand-13caf43 vs ref-2d6b8f1): 1/2-1/2 {Draw by 3-fold repetition}
Started game 661 of 40000 (cand-13caf43 vs ref-2d6b8f1)
Finished game 647 (cand-13caf43 vs ref-2d6b8f1): 1/2-1/2 {Draw by 3-fold repetition}
Started game 662 of 40000 (ref-2d6b8f1 vs cand-13caf43)
Finished game 657 (cand-13caf43 vs ref-2d6b8f1): 1/2-1/2 {Draw by 3-fold repetition}
Started game 663 of 40000 (cand-13caf43 vs ref-2d6b8f1)
Finished game 650 (ref-2d6b8f1 vs cand-13caf43): 0-1 {Black wins by adjudication}
Started game 664 of 40000 (ref-2d6b8f1 vs cand-13caf43)
Finished game 651 (cand-13caf43 vs ref-2d6b8f1): 1-0 {White wins by adjudication}
Started game 665 of 40000 (cand-13caf43 vs ref-2d6b8f1)
Finished game 652 (ref-2d6b8f1 vs cand-13caf43): 1-0 {White wins by adjudication}
Started game 666 of 40000 (ref-2d6b8f1 vs cand-13caf43)
Finished game 655 (cand-13caf43 vs ref-2d6b8f1): 1/2-1/2 {Draw by adjudication}
Started game 667 of 40000 (cand-13caf43 vs ref-2d6b8f1)
Finished game 646 (ref-2d6b8f1 vs cand-13caf43): 1/2-1/2 {Draw by adjudication}
Started game 668 of 40000 (ref-2d6b8f1 vs cand-13caf43)
Finished game 660 (ref-2d6b8f1 vs cand-13caf43): 0-1 {Black wins by adjudication}
Started game 669 of 40000 (cand-13caf43 vs ref-2d6b8f1)
Finished game 656 (ref-2d6b8f1 vs cand-13caf43): 1/2-1/2 {Draw by 3-fold repetition}
Started game 670 of 40000 (ref-2d6b8f1 vs cand-13caf43)
Finished game 659 (cand-13caf43 vs ref-2d6b8f1): 0-1 {Black wins by adjudication}
--------------------------------------------------
Results of cand-13caf43 vs ref-2d6b8f1 (8+0.08, 1t, 16MB, noob_3moves.epd):
Elo: 22.21 +/- 20.82, nElo: 28.42 +/- 26.55
LOS: 98.21 %, DrawRatio: 29.48 %, PairsRatio: 1.21
Games: 658, Wins: 222, Losses: 180, Draws: 256, Points: 350.0 (53.19 %)
Ptnml(0-2): [19, 86, 97, 88, 39], WL/DD Ratio: 1.37
LLR: 0.71 (24.0%) (-2.94, 2.94) [0.00, 5.00]
--------------------------------------------------
Started game 671 of 40000 (cand-13caf43 vs ref-2d6b8f1)
Finished game 662 (ref-2d6b8f1 vs cand-13caf43): 1/2-1/2 {Draw by 3-fold repetition}
Started game 672 of 40000 (ref-2d6b8f1 vs cand-13caf43)
Finished game 666 (ref-2d6b8f1 vs cand-13caf43): 0-1 {Black wins by adjudication}
Started game 673 of 40000 (cand-13caf43 vs ref-2d6b8f1)
Finished game 661 (cand-13caf43 vs ref-2d6b8f1): 1-0 {White wins by adjudication}
Started game 674 of 40000 (ref-2d6b8f1 vs cand-13caf43)
Finished game 663 (cand-13caf43 vs ref-2d6b8f1): 0-1 {Black wins by adjudication}
Started game 675 of 40000 (cand-13caf43 vs ref-2d6b8f1)
Finished game 667 (cand-13caf43 vs ref-2d6b8f1): 1-0 {White wins by adjudication}
Started game 676 of 40000 (ref-2d6b8f1 vs cand-13caf43)
Finished game 664 (ref-2d6b8f1 vs cand-13caf43): 1/2-1/2 {Draw by 3-fold repetition}
Started game 677 of 40000 (cand-13caf43 vs ref-2d6b8f1)
Finished game 665 (cand-13caf43 vs ref-2d6b8f1): 0-1 {Black wins by adjudication}
Started game 678 of 40000 (ref-2d6b8f1 vs cand-13caf43)
Finished game 658 (ref-2d6b8f1 vs cand-13caf43): 1/2-1/2 {Draw by 3-fold repetition}
Started game 679 of 40000 (cand-13caf43 vs ref-2d6b8f1)
Finished game 669 (cand-13caf43 vs ref-2d6b8f1): 1-0 {White wins by adjudication}
Started game 680 of 40000 (ref-2d6b8f1 vs cand-13caf43)
Finished game 668 (ref-2d6b8f1 vs cand-13caf43): 0-1 {Black wins by adjudication}
Started game 681 of 40000 (cand-13caf43 vs ref-2d6b8f1)
Finished game 670 (ref-2d6b8f1 vs cand-13caf43): 0-1 {Black wins by adjudication}
Started game 682 of 40000 (ref-2d6b8f1 vs cand-13caf43)
Finished game 673 (cand-13caf43 vs ref-2d6b8f1): 1/2-1/2 {Draw by 3-fold repetition}
Started game 683 of 40000 (cand-13caf43 vs ref-2d6b8f1)
Finished game 676 (ref-2d6b8f1 vs cand-13caf43): 0-1 {Black wins by adjudication}
Started game 684 of 40000 (ref-2d6b8f1 vs cand-13caf43)
Finished game 674 (ref-2d6b8f1 vs cand-13caf43): 0-1 {Black wins by adjudication}
Started game 685 of 40000 (cand-13caf43 vs ref-2d6b8f1)
Finished game 678 (ref-2d6b8f1 vs cand-13caf43): 0-1 {Black wins by adjudication}
Started game 686 of 40000 (ref-2d6b8f1 vs cand-13caf43)
Finished game 671 (cand-13caf43 vs ref-2d6b8f1): 1-0 {White wins by adjudication}
Started game 687 of 40000 (cand-13caf43 vs ref-2d6b8f1)
Finished game 679 (cand-13caf43 vs ref-2d6b8f1): 1/2-1/2 {Draw by 3-fold repetition}
Started game 688 of 40000 (ref-2d6b8f1 vs cand-13caf43)
Finished game 680 (ref-2d6b8f1 vs cand-13caf43): 1-0 {White wins by adjudication}
--------------------------------------------------
Results of cand-13caf43 vs ref-2d6b8f1 (8+0.08, 1t, 16MB, noob_3moves.epd):
Elo: 23.75 +/- 20.62, nElo: 30.34 +/- 26.23
LOS: 98.83 %, DrawRatio: 29.38 %, PairsRatio: 1.22
Games: 674, Wins: 229, Losses: 183, Draws: 262, Points: 360.0 (53.41 %)
Ptnml(0-2): [19, 88, 99, 90, 41], WL/DD Ratio: 1.36
LLR: 0.78 (26.4%) (-2.94, 2.94) [0.00, 5.00]
--------------------------------------------------
Started game 689 of 40000 (cand-13caf43 vs ref-2d6b8f1)
Finished game 685 (cand-13caf43 vs ref-2d6b8f1): 0-1 {Black wins by adjudication}
Started game 690 of 40000 (ref-2d6b8f1 vs cand-13caf43)
Finished game 677 (cand-13caf43 vs ref-2d6b8f1): 1/2-1/2 {Draw by 3-fold repetition}
Started game 691 of 40000 (cand-13caf43 vs ref-2d6b8f1)
Finished game 675 (cand-13caf43 vs ref-2d6b8f1): 1/2-1/2 {Draw by insufficient mating material}
Started game 692 of 40000 (ref-2d6b8f1 vs cand-13caf43)
Finished game 672 (ref-2d6b8f1 vs cand-13caf43): 0-1 {Black wins by adjudication}
Started game 693 of 40000 (cand-13caf43 vs ref-2d6b8f1)
Finished game 684 (ref-2d6b8f1 vs cand-13caf43): 1-0 {White wins by adjudication}
Started game 694 of 40000 (ref-2d6b8f1 vs cand-13caf43)
Finished game 683 (cand-13caf43 vs ref-2d6b8f1): 1-0 {White wins by adjudication}
Started game 695 of 40000 (cand-13caf43 vs ref-2d6b8f1)
Finished game 682 (ref-2d6b8f1 vs cand-13caf43): 1/2-1/2 {Draw by 3-fold repetition}
Started game 696 of 40000 (ref-2d6b8f1 vs cand-13caf43)
Finished game 686 (ref-2d6b8f1 vs cand-13caf43): 1/2-1/2 {Draw by 3-fold repetition}
Started game 697 of 40000 (cand-13caf43 vs ref-2d6b8f1)
Finished game 681 (cand-13caf43 vs ref-2d6b8f1): 1/2-1/2 {Draw by 3-fold repetition}
Started game 698 of 40000 (ref-2d6b8f1 vs cand-13caf43)
Finished game 688 (ref-2d6b8f1 vs cand-13caf43): 1/2-1/2 {Draw by 3-fold repetition}
Started game 699 of 40000 (cand-13caf43 vs ref-2d6b8f1)
Finished game 694 (ref-2d6b8f1 vs cand-13caf43): 1/2-1/2 {Draw by 3-fold repetition}
Started game 700 of 40000 (ref-2d6b8f1 vs cand-13caf43)
Finished game 689 (cand-13caf43 vs ref-2d6b8f1): 0-1 {Black wins by adjudication}
Started game 701 of 40000 (cand-13caf43 vs ref-2d6b8f1)
Finished game 691 (cand-13caf43 vs ref-2d6b8f1): 1/2-1/2 {Draw by 3-fold repetition}
Started game 702 of 40000 (ref-2d6b8f1 vs cand-13caf43)
Finished game 687 (cand-13caf43 vs ref-2d6b8f1): 1-0 {White wins by adjudication}
Started game 703 of 40000 (cand-13caf43 vs ref-2d6b8f1)
Finished game 693 (cand-13caf43 vs ref-2d6b8f1): 1/2-1/2 {Draw by 3-fold repetition}
Started game 704 of 40000 (ref-2d6b8f1 vs cand-13caf43)
Finished game 690 (ref-2d6b8f1 vs cand-13caf43): 0-1 {Black wins by adjudication}
Started game 705 of 40000 (cand-13caf43 vs ref-2d6b8f1)
Finished game 696 (ref-2d6b8f1 vs cand-13caf43): 1-0 {White wins by adjudication}
Started game 706 of 40000 (ref-2d6b8f1 vs cand-13caf43)
Finished game 698 (ref-2d6b8f1 vs cand-13caf43): 0-1 {Black wins by adjudication}
Started game 707 of 40000 (cand-13caf43 vs ref-2d6b8f1)
Finished game 695 (cand-13caf43 vs ref-2d6b8f1): 0-1 {Black wins by adjudication}
Started game 708 of 40000 (ref-2d6b8f1 vs cand-13caf43)
Finished game 699 (cand-13caf43 vs ref-2d6b8f1): 1/2-1/2 {Draw by 3-fold repetition}
Started game 709 of 40000 (cand-13caf43 vs ref-2d6b8f1)
Finished game 703 (cand-13caf43 vs ref-2d6b8f1): 1-0 {White wins by adjudication}
Started game 710 of 40000 (ref-2d6b8f1 vs cand-13caf43)
Finished game 692 (ref-2d6b8f1 vs cand-13caf43): 1/2-1/2 {Draw by adjudication}
Started game 711 of 40000 (cand-13caf43 vs ref-2d6b8f1)
Finished game 701 (cand-13caf43 vs ref-2d6b8f1): 0-1 {Black wins by adjudication}
Started game 712 of 40000 (ref-2d6b8f1 vs cand-13caf43)
Finished game 704 (ref-2d6b8f1 vs cand-13caf43): 0-1 {Black wins by adjudication}
Started game 713 of 40000 (cand-13caf43 vs ref-2d6b8f1)
Finished game 706 (ref-2d6b8f1 vs cand-13caf43): 0-1 {Black wins by adjudication}
Started game 714 of 40000 (ref-2d6b8f1 vs cand-13caf43)
Finished game 697 (cand-13caf43 vs ref-2d6b8f1): 1/2-1/2 {Draw by fifty moves rule}
Started game 715 of 40000 (cand-13caf43 vs ref-2d6b8f1)
Finished game 700 (ref-2d6b8f1 vs cand-13caf43): 1/2-1/2 {Draw by 3-fold repetition}
--------------------------------------------------
Results of cand-13caf43 vs ref-2d6b8f1 (8+0.08, 1t, 16MB, noob_3moves.epd):
Elo: 25.29 +/- 20.19, nElo: 32.34 +/- 25.70
LOS: 99.32 %, DrawRatio: 29.91 %, PairsRatio: 1.26
Games: 702, Wins: 239, Losses: 188, Draws: 275, Points: 376.5 (53.63 %)
Ptnml(0-2): [20, 89, 105, 94, 43], WL/DD Ratio: 1.28
LLR: 0.87 (29.4%) (-2.94, 2.94) [0.00, 5.00]
--------------------------------------------------
Started game 716 of 40000 (ref-2d6b8f1 vs cand-13caf43)
Finished game 702 (ref-2d6b8f1 vs cand-13caf43): 1/2-1/2 {Draw by 3-fold repetition}
Started game 717 of 40000 (cand-13caf43 vs ref-2d6b8f1)
Finished game 707 (cand-13caf43 vs ref-2d6b8f1): 1-0 {White wins by adjudication}
Started game 718 of 40000 (ref-2d6b8f1 vs cand-13caf43)
Finished game 705 (cand-13caf43 vs ref-2d6b8f1): 1-0 {White wins by adjudication}
Started game 719 of 40000 (cand-13caf43 vs ref-2d6b8f1)
Finished game 708 (ref-2d6b8f1 vs cand-13caf43): 1-0 {White wins by adjudication}
Started game 720 of 40000 (ref-2d6b8f1 vs cand-13caf43)
Finished game 715 (cand-13caf43 vs ref-2d6b8f1): 1/2-1/2 {Draw by 3-fold repetition}
Started game 721 of 40000 (cand-13caf43 vs ref-2d6b8f1)
Finished game 710 (ref-2d6b8f1 vs cand-13caf43): 1-0 {White wins by adjudication}
Started game 722 of 40000 (ref-2d6b8f1 vs cand-13caf43)
Finished game 709 (cand-13caf43 vs ref-2d6b8f1): 0-1 {Black wins by adjudication}
Started game 723 of 40000 (cand-13caf43 vs ref-2d6b8f1)
Finished game 711 (cand-13caf43 vs ref-2d6b8f1): 0-1 {Black wins by adjudication}
Started game 724 of 40000 (ref-2d6b8f1 vs cand-13caf43)
Finished game 712 (ref-2d6b8f1 vs cand-13caf43): 0-1 {Black wins by adjudication}
Started game 725 of 40000 (cand-13caf43 vs ref-2d6b8f1)
Finished game 717 (cand-13caf43 vs ref-2d6b8f1): 1-0 {White wins by adjudication}
Started game 726 of 40000 (ref-2d6b8f1 vs cand-13caf43)
Finished game 716 (ref-2d6b8f1 vs cand-13caf43): 0-1 {Black wins by adjudication}
Started game 727 of 40000 (cand-13caf43 vs ref-2d6b8f1)
Finished game 713 (cand-13caf43 vs ref-2d6b8f1): 0-1 {Black wins by adjudication}
Started game 728 of 40000 (ref-2d6b8f1 vs cand-13caf43)
Finished game 718 (ref-2d6b8f1 vs cand-13caf43): 0-1 {Black wins by adjudication}
Started game 729 of 40000 (cand-13caf43 vs ref-2d6b8f1)
Finished game 714 (ref-2d6b8f1 vs cand-13caf43): 1/2-1/2 {Draw by 3-fold repetition}
Started game 730 of 40000 (ref-2d6b8f1 vs cand-13caf43)
Finished game 720 (ref-2d6b8f1 vs cand-13caf43): 0-1 {Black wins by adjudication}
Started game 731 of 40000 (cand-13caf43 vs ref-2d6b8f1)
Finished game 719 (cand-13caf43 vs ref-2d6b8f1): 1-0 {White wins by adjudication}
--------------------------------------------------
Results of cand-13caf43 vs ref-2d6b8f1 (8+0.08, 1t, 16MB, noob_3moves.epd):
Elo: 26.11 +/- 20.11, nElo: 33.11 +/- 25.38
LOS: 99.47 %, DrawRatio: 29.72 %, PairsRatio: 1.26
Games: 720, Wins: 248, Losses: 194, Draws: 278, Points: 387.0 (53.75 %)
Ptnml(0-2): [21, 91, 107, 95, 46], WL/DD Ratio: 1.33
LLR: 0.91 (31.0%) (-2.94, 2.94) [0.00, 5.00]
--------------------------------------------------
Started game 732 of 40000 (ref-2d6b8f1 vs cand-13caf43)
Finished game 722 (ref-2d6b8f1 vs cand-13caf43): 0-1 {Black wins by adjudication}
Started game 733 of 40000 (cand-13caf43 vs ref-2d6b8f1)
Finished game 724 (ref-2d6b8f1 vs cand-13caf43): 1/2-1/2 {Draw by adjudication}
Started game 734 of 40000 (ref-2d6b8f1 vs cand-13caf43)
Finished game 728 (ref-2d6b8f1 vs cand-13caf43): 1/2-1/2 {Draw by 3-fold repetition}
Started game 735 of 40000 (cand-13caf43 vs ref-2d6b8f1)
Finished game 726 (ref-2d6b8f1 vs cand-13caf43): 1/2-1/2 {Draw by 3-fold repetition}
Started game 736 of 40000 (ref-2d6b8f1 vs cand-13caf43)
Finished game 730 (ref-2d6b8f1 vs cand-13caf43): 1-0 {White wins by adjudication}
Started game 737 of 40000 (cand-13caf43 vs ref-2d6b8f1)
Finished game 727 (cand-13caf43 vs ref-2d6b8f1): 0-1 {Black wins by adjudication}
Started game 738 of 40000 (ref-2d6b8f1 vs cand-13caf43)
Finished game 731 (cand-13caf43 vs ref-2d6b8f1): 0-1 {Black wins by adjudication}
Started game 739 of 40000 (cand-13caf43 vs ref-2d6b8f1)
Finished game 723 (cand-13caf43 vs ref-2d6b8f1): 1/2-1/2 {Draw by adjudication}
Started game 740 of 40000 (ref-2d6b8f1 vs cand-13caf43)
Finished game 721 (cand-13caf43 vs ref-2d6b8f1): 1/2-1/2 {Draw by adjudication}
Started game 741 of 40000 (cand-13caf43 vs ref-2d6b8f1)
Finished game 725 (cand-13caf43 vs ref-2d6b8f1): 1/2-1/2 {Draw by adjudication}
Started game 742 of 40000 (ref-2d6b8f1 vs cand-13caf43)
Finished game 734 (ref-2d6b8f1 vs cand-13caf43): 0-1 {Black wins by adjudication}
Started game 743 of 40000 (cand-13caf43 vs ref-2d6b8f1)
Finished game 733 (cand-13caf43 vs ref-2d6b8f1): 1-0 {White wins by adjudication}
Started game 744 of 40000 (ref-2d6b8f1 vs cand-13caf43)
Finished game 729 (cand-13caf43 vs ref-2d6b8f1): 1/2-1/2 {Draw by adjudication}
Started game 745 of 40000 (cand-13caf43 vs ref-2d6b8f1)
Finished game 732 (ref-2d6b8f1 vs cand-13caf43): 1/2-1/2 {Draw by 3-fold repetition}
Started game 746 of 40000 (ref-2d6b8f1 vs cand-13caf43)
Finished game 735 (cand-13caf43 vs ref-2d6b8f1): 1/2-1/2 {Draw by 3-fold repetition}
Started game 747 of 40000 (cand-13caf43 vs ref-2d6b8f1)
Finished game 738 (ref-2d6b8f1 vs cand-13caf43): 0-1 {Black wins by adjudication}
Started game 748 of 40000 (ref-2d6b8f1 vs cand-13caf43)
Finished game 739 (cand-13caf43 vs ref-2d6b8f1): 1-0 {White wins by adjudication}
Started game 749 of 40000 (cand-13caf43 vs ref-2d6b8f1)
Finished game 741 (cand-13caf43 vs ref-2d6b8f1): 0-1 {Black wins by adjudication}
Started game 750 of 40000 (ref-2d6b8f1 vs cand-13caf43)
Finished game 743 (cand-13caf43 vs ref-2d6b8f1): 0-1 {Black wins by adjudication}
Started game 751 of 40000 (cand-13caf43 vs ref-2d6b8f1)
Finished game 740 (ref-2d6b8f1 vs cand-13caf43): 1-0 {White wins by adjudication}
--------------------------------------------------
Results of cand-13caf43 vs ref-2d6b8f1 (8+0.08, 1t, 16MB, noob_3moves.epd):
Elo: 25.54 +/- 19.84, nElo: 32.45 +/- 25.10
LOS: 99.44 %, DrawRatio: 29.89 %, PairsRatio: 1.24
Games: 736, Wins: 252, Losses: 198, Draws: 286, Points: 395.0 (53.67 %)
Ptnml(0-2): [21, 94, 110, 96, 47], WL/DD Ratio: 1.29
LLR: 0.91 (31.0%) (-2.94, 2.94) [0.00, 5.00]
--------------------------------------------------
Started game 752 of 40000 (ref-2d6b8f1 vs cand-13caf43)
Finished game 737 (cand-13caf43 vs ref-2d6b8f1): 0-1 {Black wins by adjudication}
Started game 753 of 40000 (cand-13caf43 vs ref-2d6b8f1)
Finished game 736 (ref-2d6b8f1 vs cand-13caf43): 1/2-1/2 {Draw by fifty moves rule}
Started game 754 of 40000 (ref-2d6b8f1 vs cand-13caf43)
Finished game 744 (ref-2d6b8f1 vs cand-13caf43): 0-1 {Black wins by adjudication}
Started game 755 of 40000 (cand-13caf43 vs ref-2d6b8f1)
Finished game 745 (cand-13caf43 vs ref-2d6b8f1): 1/2-1/2 {Draw by 3-fold repetition}
Started game 756 of 40000 (ref-2d6b8f1 vs cand-13caf43)
Finished game 742 (ref-2d6b8f1 vs cand-13caf43): 1-0 {White wins by adjudication}
Started game 757 of 40000 (cand-13caf43 vs ref-2d6b8f1)
Finished game 748 (ref-2d6b8f1 vs cand-13caf43): 0-1 {Black wins by adjudication}
Started game 758 of 40000 (ref-2d6b8f1 vs cand-13caf43)
Finished game 749 (cand-13caf43 vs ref-2d6b8f1): 0-1 {Black wins by adjudication}
Started game 759 of 40000 (cand-13caf43 vs ref-2d6b8f1)
Finished game 747 (cand-13caf43 vs ref-2d6b8f1): 0-1 {Black wins by adjudication}
Started game 760 of 40000 (ref-2d6b8f1 vs cand-13caf43)
Finished game 752 (ref-2d6b8f1 vs cand-13caf43): 1/2-1/2 {Draw by 3-fold repetition}
Started game 761 of 40000 (cand-13caf43 vs ref-2d6b8f1)
Finished game 746 (ref-2d6b8f1 vs cand-13caf43): 1-0 {White wins by adjudication}
Started game 762 of 40000 (ref-2d6b8f1 vs cand-13caf43)
Finished game 750 (ref-2d6b8f1 vs cand-13caf43): 0-1 {Black wins by adjudication}
Started game 763 of 40000 (cand-13caf43 vs ref-2d6b8f1)
Finished game 751 (cand-13caf43 vs ref-2d6b8f1): 1-0 {White wins by adjudication}
Started game 764 of 40000 (ref-2d6b8f1 vs cand-13caf43)
Finished game 756 (ref-2d6b8f1 vs cand-13caf43): 1-0 {White wins by adjudication}
Started game 765 of 40000 (cand-13caf43 vs ref-2d6b8f1)
Finished game 753 (cand-13caf43 vs ref-2d6b8f1): 1/2-1/2 {Draw by 3-fold repetition}
Started game 766 of 40000 (ref-2d6b8f1 vs cand-13caf43)
Finished game 754 (ref-2d6b8f1 vs cand-13caf43): 1/2-1/2 {Draw by insufficient mating material}
Started game 767 of 40000 (cand-13caf43 vs ref-2d6b8f1)
Finished game 757 (cand-13caf43 vs ref-2d6b8f1): 1-0 {White wins by adjudication}
Started game 768 of 40000 (ref-2d6b8f1 vs cand-13caf43)
Finished game 758 (ref-2d6b8f1 vs cand-13caf43): 1-0 {White wins by adjudication}
Started game 769 of 40000 (cand-13caf43 vs ref-2d6b8f1)
Finished game 761 (cand-13caf43 vs ref-2d6b8f1): 0-1 {Black wins by adjudication}
Started game 770 of 40000 (ref-2d6b8f1 vs cand-13caf43)
Finished game 762 (ref-2d6b8f1 vs cand-13caf43): 0-1 {Black wins by adjudication}
Started game 771 of 40000 (cand-13caf43 vs ref-2d6b8f1)
Finished game 760 (ref-2d6b8f1 vs cand-13caf43): 0-1 {Black wins by adjudication}
Started game 772 of 40000 (ref-2d6b8f1 vs cand-13caf43)
Finished game 759 (cand-13caf43 vs ref-2d6b8f1): 1/2-1/2 {Draw by 3-fold repetition}
--------------------------------------------------
Results of cand-13caf43 vs ref-2d6b8f1 (8+0.08, 1t, 16MB, noob_3moves.epd):
Elo: 24.27 +/- 19.37, nElo: 31.09 +/- 24.70
LOS: 99.32 %, DrawRatio: 31.05 %, PairsRatio: 1.24
Games: 760, Wins: 260, Losses: 207, Draws: 293, Points: 406.5 (53.49 %)
Ptnml(0-2): [22, 95, 118, 98, 47], WL/DD Ratio: 1.36
LLR: 0.90 (30.6%) (-2.94, 2.94) [0.00, 5.00]
--------------------------------------------------
Started game 773 of 40000 (cand-13caf43 vs ref-2d6b8f1)
Finished game 755 (cand-13caf43 vs ref-2d6b8f1): 1/2-1/2 {Draw by insufficient mating material}
Started game 774 of 40000 (ref-2d6b8f1 vs cand-13caf43)
Finished game 763 (cand-13caf43 vs ref-2d6b8f1): 0-1 {Black wins by adjudication}
Started game 775 of 40000 (cand-13caf43 vs ref-2d6b8f1)
Finished game 770 (ref-2d6b8f1 vs cand-13caf43): 1/2-1/2 {Draw by 3-fold repetition}
Started game 776 of 40000 (ref-2d6b8f1 vs cand-13caf43)
Finished game 764 (ref-2d6b8f1 vs cand-13caf43): 0-1 {Black wins by adjudication}
Started game 777 of 40000 (cand-13caf43 vs ref-2d6b8f1)
Finished game 765 (cand-13caf43 vs ref-2d6b8f1): 1/2-1/2 {Draw by 3-fold repetition}
Started game 778 of 40000 (ref-2d6b8f1 vs cand-13caf43)
Finished game 766 (ref-2d6b8f1 vs cand-13caf43): 0-1 {Black wins by adjudication}
Started game 779 of 40000 (cand-13caf43 vs ref-2d6b8f1)
Finished game 767 (cand-13caf43 vs ref-2d6b8f1): 1/2-1/2 {Draw by fifty moves rule}
Started game 780 of 40000 (ref-2d6b8f1 vs cand-13caf43)
Finished game 769 (cand-13caf43 vs ref-2d6b8f1): 0-1 {Black wins by adjudication}
Started game 781 of 40000 (cand-13caf43 vs ref-2d6b8f1)
Finished game 768 (ref-2d6b8f1 vs cand-13caf43): 0-1 {Black wins by adjudication}
Started game 782 of 40000 (ref-2d6b8f1 vs cand-13caf43)
Finished game 774 (ref-2d6b8f1 vs cand-13caf43): 0-1 {Black wins by adjudication}
Started game 783 of 40000 (cand-13caf43 vs ref-2d6b8f1)
Finished game 775 (cand-13caf43 vs ref-2d6b8f1): 0-1 {Black wins by adjudication}
Started game 784 of 40000 (ref-2d6b8f1 vs cand-13caf43)
Finished game 772 (ref-2d6b8f1 vs cand-13caf43): 0-1 {Black wins by adjudication}
Started game 785 of 40000 (cand-13caf43 vs ref-2d6b8f1)
Finished game 778 (ref-2d6b8f1 vs cand-13caf43): 0-1 {Black wins by adjudication}
Started game 786 of 40000 (ref-2d6b8f1 vs cand-13caf43)
Finished game 773 (cand-13caf43 vs ref-2d6b8f1): 1-0 {White wins by adjudication}
Started game 787 of 40000 (cand-13caf43 vs ref-2d6b8f1)
Finished game 780 (ref-2d6b8f1 vs cand-13caf43): 1-0 {White wins by adjudication}
Started game 788 of 40000 (ref-2d6b8f1 vs cand-13caf43)
Finished game 771 (cand-13caf43 vs ref-2d6b8f1): 1/2-1/2 {Draw by adjudication}
Started game 789 of 40000 (cand-13caf43 vs ref-2d6b8f1)
Finished game 777 (cand-13caf43 vs ref-2d6b8f1): 1-0 {White wins by adjudication}
Started game 790 of 40000 (ref-2d6b8f1 vs cand-13caf43)
Finished game 776 (ref-2d6b8f1 vs cand-13caf43): 1/2-1/2 {Draw by insufficient mating material}
Started game 791 of 40000 (cand-13caf43 vs ref-2d6b8f1)
Finished game 781 (cand-13caf43 vs ref-2d6b8f1): 0-1 {Black wins by adjudication}
Started game 792 of 40000 (ref-2d6b8f1 vs cand-13caf43)
Finished game 785 (cand-13caf43 vs ref-2d6b8f1): 1-0 {White wins by adjudication}
Started game 793 of 40000 (cand-13caf43 vs ref-2d6b8f1)
Finished game 782 (ref-2d6b8f1 vs cand-13caf43): 1/2-1/2 {Draw by 3-fold repetition}
Started game 794 of 40000 (ref-2d6b8f1 vs cand-13caf43)
Finished game 779 (cand-13caf43 vs ref-2d6b8f1): 1/2-1/2 {Draw by 3-fold repetition}
--------------------------------------------------
Results of cand-13caf43 vs ref-2d6b8f1 (8+0.08, 1t, 16MB, noob_3moves.epd):
Elo: 24.48 +/- 19.14, nElo: 31.28 +/- 24.35
LOS: 99.41 %, DrawRatio: 30.43 %, PairsRatio: 1.23
Games: 782, Wins: 268, Losses: 213, Draws: 301, Points: 418.5 (53.52 %)
Ptnml(0-2): [22, 100, 119, 101, 49], WL/DD Ratio: 1.38
LLR: 0.93 (31.7%) (-2.94, 2.94) [0.00, 5.00]
--------------------------------------------------
Started game 795 of 40000 (cand-13caf43 vs ref-2d6b8f1)
Finished game 787 (cand-13caf43 vs ref-2d6b8f1): 1-0 {White wins by adjudication}
Started game 796 of 40000 (ref-2d6b8f1 vs cand-13caf43)
Finished game 783 (cand-13caf43 vs ref-2d6b8f1): 1-0 {White wins by adjudication}
Started game 797 of 40000 (cand-13caf43 vs ref-2d6b8f1)
Finished game 784 (ref-2d6b8f1 vs cand-13caf43): 0-1 {Black wins by adjudication}
Started game 798 of 40000 (ref-2d6b8f1 vs cand-13caf43)
Finished game 790 (ref-2d6b8f1 vs cand-13caf43): 1-0 {White wins by adjudication}
Started game 799 of 40000 (cand-13caf43 vs ref-2d6b8f1)
Finished game 791 (cand-13caf43 vs ref-2d6b8f1): 1/2-1/2 {Draw by 3-fold repetition}
Started game 800 of 40000 (ref-2d6b8f1 vs cand-13caf43)
Finished game 786 (ref-2d6b8f1 vs cand-13caf43): 1/2-1/2 {Draw by fifty moves rule}
Started game 801 of 40000 (cand-13caf43 vs ref-2d6b8f1)
Finished game 788 (ref-2d6b8f1 vs cand-13caf43): 0-1 {Black wins by adjudication}
Started game 802 of 40000 (ref-2d6b8f1 vs cand-13caf43)
Finished game 789 (cand-13caf43 vs ref-2d6b8f1): 1/2-1/2 {Draw by insufficient mating material}
Started game 803 of 40000 (cand-13caf43 vs ref-2d6b8f1)
Finished game 797 (cand-13caf43 vs ref-2d6b8f1): 1/2-1/2 {Draw by 3-fold repetition}
Started game 804 of 40000 (ref-2d6b8f1 vs cand-13caf43)
Finished game 792 (ref-2d6b8f1 vs cand-13caf43): 1/2-1/2 {Draw by insufficient mating material}
Started game 805 of 40000 (cand-13caf43 vs ref-2d6b8f1)
Finished game 793 (cand-13caf43 vs ref-2d6b8f1): 0-1 {Black wins by adjudication}
Started game 806 of 40000 (ref-2d6b8f1 vs cand-13caf43)
Finished game 794 (ref-2d6b8f1 vs cand-13caf43): 1/2-1/2 {Draw by 3-fold repetition}
Started game 807 of 40000 (cand-13caf43 vs ref-2d6b8f1)
Finished game 796 (ref-2d6b8f1 vs cand-13caf43): 0-1 {Black wins by adjudication}
Started game 808 of 40000 (ref-2d6b8f1 vs cand-13caf43)
Finished game 798 (ref-2d6b8f1 vs cand-13caf43): 0-1 {Black wins by adjudication}
Started game 809 of 40000 (cand-13caf43 vs ref-2d6b8f1)
Finished game 800 (ref-2d6b8f1 vs cand-13caf43): 1-0 {White wins by adjudication}
Started game 810 of 40000 (ref-2d6b8f1 vs cand-13caf43)
Finished game 799 (cand-13caf43 vs ref-2d6b8f1): 1-0 {White wins by adjudication}
--------------------------------------------------
Results of cand-13caf43 vs ref-2d6b8f1 (8+0.08, 1t, 16MB, noob_3moves.epd):
Elo: 25.73 +/- 18.98, nElo: 32.84 +/- 24.11
LOS: 99.62 %, DrawRatio: 30.33 %, PairsRatio: 1.24
Games: 798, Wins: 275, Losses: 216, Draws: 307, Points: 428.5 (53.70 %)
Ptnml(0-2): [22, 102, 121, 103, 51], WL/DD Ratio: 1.37
LLR: 1.00 (34.1%) (-2.94, 2.94) [0.00, 5.00]
--------------------------------------------------
Started game 811 of 40000 (cand-13caf43 vs ref-2d6b8f1)
Finished game 795 (cand-13caf43 vs ref-2d6b8f1): 1/2-1/2 {Draw by fifty moves rule}
Started game 812 of 40000 (ref-2d6b8f1 vs cand-13caf43)
Finished game 801 (cand-13caf43 vs ref-2d6b8f1): 1/2-1/2 {Draw by 3-fold repetition}
Started game 813 of 40000 (cand-13caf43 vs ref-2d6b8f1)
Finished game 803 (cand-13caf43 vs ref-2d6b8f1): 1/2-1/2 {Draw by 3-fold repetition}
Started game 814 of 40000 (ref-2d6b8f1 vs cand-13caf43)
Finished game 802 (ref-2d6b8f1 vs cand-13caf43): 1/2-1/2 {Draw by 3-fold repetition}
Started game 815 of 40000 (cand-13caf43 vs ref-2d6b8f1)
Finished game 804 (ref-2d6b8f1 vs cand-13caf43): 0-1 {Black wins by adjudication}
Started game 816 of 40000 (ref-2d6b8f1 vs cand-13caf43)
Finished game 806 (ref-2d6b8f1 vs cand-13caf43): 1-0 {White wins by adjudication}
Started game 817 of 40000 (cand-13caf43 vs ref-2d6b8f1)
Finished game 807 (cand-13caf43 vs ref-2d6b8f1): 1/2-1/2 {Draw by 3-fold repetition}
Started game 818 of 40000 (ref-2d6b8f1 vs cand-13caf43)
Finished game 805 (cand-13caf43 vs ref-2d6b8f1): 0-1 {Black wins by adjudication}
Started game 819 of 40000 (cand-13caf43 vs ref-2d6b8f1)
Finished game 810 (ref-2d6b8f1 vs cand-13caf43): 1-0 {White wins by adjudication}
Started game 820 of 40000 (ref-2d6b8f1 vs cand-13caf43)
Finished game 811 (cand-13caf43 vs ref-2d6b8f1): 1-0 {White wins by adjudication}
Started game 821 of 40000 (cand-13caf43 vs ref-2d6b8f1)
Finished game 809 (cand-13caf43 vs ref-2d6b8f1): 1/2-1/2 {Draw by adjudication}
Started game 822 of 40000 (ref-2d6b8f1 vs cand-13caf43)
Finished game 812 (ref-2d6b8f1 vs cand-13caf43): 0-1 {Black wins by adjudication}
Started game 823 of 40000 (cand-13caf43 vs ref-2d6b8f1)
Finished game 814 (ref-2d6b8f1 vs cand-13caf43): 1-0 {White wins by adjudication}
Started game 824 of 40000 (ref-2d6b8f1 vs cand-13caf43)
Finished game 808 (ref-2d6b8f1 vs cand-13caf43): 1/2-1/2 {Draw by 3-fold repetition}
Started game 825 of 40000 (cand-13caf43 vs ref-2d6b8f1)
Finished game 816 (ref-2d6b8f1 vs cand-13caf43): 1/2-1/2 {Draw by adjudication}
Started game 826 of 40000 (ref-2d6b8f1 vs cand-13caf43)
Finished game 820 (ref-2d6b8f1 vs cand-13caf43): 1/2-1/2 {Draw by insufficient mating material}
Started game 827 of 40000 (cand-13caf43 vs ref-2d6b8f1)
Finished game 817 (cand-13caf43 vs ref-2d6b8f1): 0-1 {Black wins by adjudication}
Started game 828 of 40000 (ref-2d6b8f1 vs cand-13caf43)
Finished game 822 (ref-2d6b8f1 vs cand-13caf43): 1-0 {White wins by adjudication}
Started game 829 of 40000 (cand-13caf43 vs ref-2d6b8f1)
Finished game 818 (ref-2d6b8f1 vs cand-13caf43): 1/2-1/2 {Draw by adjudication}
Started game 830 of 40000 (ref-2d6b8f1 vs cand-13caf43)
Finished game 815 (cand-13caf43 vs ref-2d6b8f1): 1/2-1/2 {Draw by 3-fold repetition}
Started game 831 of 40000 (cand-13caf43 vs ref-2d6b8f1)
Finished game 821 (cand-13caf43 vs ref-2d6b8f1): 1-0 {White wins by adjudication}
Started game 832 of 40000 (ref-2d6b8f1 vs cand-13caf43)
Finished game 813 (cand-13caf43 vs ref-2d6b8f1): 1/2-1/2 {Draw by adjudication}
Started game 833 of 40000 (cand-13caf43 vs ref-2d6b8f1)
Finished game 823 (cand-13caf43 vs ref-2d6b8f1): 1-0 {White wins by adjudication}
Started game 834 of 40000 (ref-2d6b8f1 vs cand-13caf43)
Finished game 819 (cand-13caf43 vs ref-2d6b8f1): 1/2-1/2 {Draw by adjudication}
--------------------------------------------------
Results of cand-13caf43 vs ref-2d6b8f1 (8+0.08, 1t, 16MB, noob_3moves.epd):
Elo: 24.56 +/- 18.67, nElo: 31.38 +/- 23.75
LOS: 99.52 %, DrawRatio: 30.66 %, PairsRatio: 1.23
Games: 822, Wins: 280, Losses: 222, Draws: 320, Points: 440.0 (53.53 %)
Ptnml(0-2): [23, 105, 126, 105, 52], WL/DD Ratio: 1.29
LLR: 0.98 (33.4%) (-2.94, 2.94) [0.00, 5.00]
--------------------------------------------------
Started game 835 of 40000 (cand-13caf43 vs ref-2d6b8f1)
Finished game 824 (ref-2d6b8f1 vs cand-13caf43): 1-0 {White wins by adjudication}
Started game 836 of 40000 (ref-2d6b8f1 vs cand-13caf43)
Finished game 825 (cand-13caf43 vs ref-2d6b8f1): 1-0 {White wins by adjudication}
Started game 837 of 40000 (cand-13caf43 vs ref-2d6b8f1)
Finished game 831 (cand-13caf43 vs ref-2d6b8f1): 1-0 {White wins by adjudication}
Started game 838 of 40000 (ref-2d6b8f1 vs cand-13caf43)
Finished game 832 (ref-2d6b8f1 vs cand-13caf43): 1/2-1/2 {Draw by 3-fold repetition}
Started game 839 of 40000 (cand-13caf43 vs ref-2d6b8f1)
Finished game 828 (ref-2d6b8f1 vs cand-13caf43): 1-0 {White wins by adjudication}
Started game 840 of 40000 (ref-2d6b8f1 vs cand-13caf43)
Finished game 833 (cand-13caf43 vs ref-2d6b8f1): 0-1 {Black wins by adjudication}
Started game 841 of 40000 (cand-13caf43 vs ref-2d6b8f1)
Finished game 830 (ref-2d6b8f1 vs cand-13caf43): 1-0 {White wins by adjudication}
Started game 842 of 40000 (ref-2d6b8f1 vs cand-13caf43)
Finished game 829 (cand-13caf43 vs ref-2d6b8f1): 1-0 {White wins by adjudication}
Started game 843 of 40000 (cand-13caf43 vs ref-2d6b8f1)
Finished game 834 (ref-2d6b8f1 vs cand-13caf43): 1/2-1/2 {Draw by 3-fold repetition}
Started game 844 of 40000 (ref-2d6b8f1 vs cand-13caf43)
Finished game 826 (ref-2d6b8f1 vs cand-13caf43): 1/2-1/2 {Draw by 3-fold repetition}
Started game 845 of 40000 (cand-13caf43 vs ref-2d6b8f1)
Finished game 827 (cand-13caf43 vs ref-2d6b8f1): 1-0 {White wins by adjudication}
Started game 846 of 40000 (ref-2d6b8f1 vs cand-13caf43)
Finished game 837 (cand-13caf43 vs ref-2d6b8f1): 0-1 {Black wins by adjudication}
Started game 847 of 40000 (cand-13caf43 vs ref-2d6b8f1)
Finished game 835 (cand-13caf43 vs ref-2d6b8f1): 1-0 {White wins by adjudication}
Started game 848 of 40000 (ref-2d6b8f1 vs cand-13caf43)
Finished game 836 (ref-2d6b8f1 vs cand-13caf43): 1-0 {White wins by adjudication}
Started game 849 of 40000 (cand-13caf43 vs ref-2d6b8f1)
Finished game 842 (ref-2d6b8f1 vs cand-13caf43): 0-1 {Black wins by adjudication}
Started game 850 of 40000 (ref-2d6b8f1 vs cand-13caf43)
Finished game 845 (cand-13caf43 vs ref-2d6b8f1): 1-0 {White wins by adjudication}
Started game 851 of 40000 (cand-13caf43 vs ref-2d6b8f1)
Finished game 838 (ref-2d6b8f1 vs cand-13caf43): 0-1 {Black wins by adjudication}
Started game 852 of 40000 (ref-2d6b8f1 vs cand-13caf43)
Finished game 843 (cand-13caf43 vs ref-2d6b8f1): 1-0 {White wins by adjudication}
Started game 853 of 40000 (cand-13caf43 vs ref-2d6b8f1)
Finished game 839 (cand-13caf43 vs ref-2d6b8f1): 1-0 {White wins by adjudication}
Started game 854 of 40000 (ref-2d6b8f1 vs cand-13caf43)
Finished game 841 (cand-13caf43 vs ref-2d6b8f1): 1/2-1/2 {Draw by insufficient mating material}
Started game 855 of 40000 (cand-13caf43 vs ref-2d6b8f1)
Finished game 846 (ref-2d6b8f1 vs cand-13caf43): 0-1 {Black wins by adjudication}
Started game 856 of 40000 (ref-2d6b8f1 vs cand-13caf43)
Finished game 840 (ref-2d6b8f1 vs cand-13caf43): 1/2-1/2 {Draw by insufficient mating material}
--------------------------------------------------
Results of cand-13caf43 vs ref-2d6b8f1 (8+0.08, 1t, 16MB, noob_3moves.epd):
Elo: 25.98 +/- 18.33, nElo: 33.38 +/- 23.44
LOS: 99.74 %, DrawRatio: 31.04 %, PairsRatio: 1.26
Games: 844, Wins: 291, Losses: 228, Draws: 325, Points: 453.5 (53.73 %)
Ptnml(0-2): [23, 106, 131, 109, 53], WL/DD Ratio: 1.38
LLR: 1.08 (36.7%) (-2.94, 2.94) [0.00, 5.00]
--------------------------------------------------
Started game 857 of 40000 (cand-13caf43 vs ref-2d6b8f1)
Finished game 847 (cand-13caf43 vs ref-2d6b8f1): 1/2-1/2 {Draw by 3-fold repetition}
Started game 858 of 40000 (ref-2d6b8f1 vs cand-13caf43)
Finished game 849 (cand-13caf43 vs ref-2d6b8f1): 1/2-1/2 {Draw by insufficient mating material}
Started game 859 of 40000 (cand-13caf43 vs ref-2d6b8f1)
Finished game 844 (ref-2d6b8f1 vs cand-13caf43): 1/2-1/2 {Draw by fifty moves rule}
Started game 860 of 40000 (ref-2d6b8f1 vs cand-13caf43)
Finished game 851 (cand-13caf43 vs ref-2d6b8f1): 1/2-1/2 {Draw by 3-fold repetition}
Started game 861 of 40000 (cand-13caf43 vs ref-2d6b8f1)
Finished game 848 (ref-2d6b8f1 vs cand-13caf43): 0-1 {Black wins by adjudication}
Started game 862 of 40000 (ref-2d6b8f1 vs cand-13caf43)
Finished game 855 (cand-13caf43 vs ref-2d6b8f1): 1-0 {White wins by adjudication}
Started game 863 of 40000 (cand-13caf43 vs ref-2d6b8f1)
Finished game 850 (ref-2d6b8f1 vs cand-13caf43): 1-0 {White wins by adjudication}
Started game 864 of 40000 (ref-2d6b8f1 vs cand-13caf43)
Finished game 853 (cand-13caf43 vs ref-2d6b8f1): 0-1 {Black wins by adjudication}
Started game 865 of 40000 (cand-13caf43 vs ref-2d6b8f1)
Finished game 856 (ref-2d6b8f1 vs cand-13caf43): 1/2-1/2 {Draw by 3-fold repetition}
Started game 866 of 40000 (ref-2d6b8f1 vs cand-13caf43)
Finished game 852 (ref-2d6b8f1 vs cand-13caf43): 1-0 {White wins by adjudication}
Started game 867 of 40000 (cand-13caf43 vs ref-2d6b8f1)
Finished game 854 (ref-2d6b8f1 vs cand-13caf43): 0-1 {Black wins by adjudication}
Started game 868 of 40000 (ref-2d6b8f1 vs cand-13caf43)
Finished game 861 (cand-13caf43 vs ref-2d6b8f1): 1/2-1/2 {Draw by 3-fold repetition}
Started game 869 of 40000 (cand-13caf43 vs ref-2d6b8f1)
Finished game 858 (ref-2d6b8f1 vs cand-13caf43): 0-1 {Black wins by adjudication}
Started game 870 of 40000 (ref-2d6b8f1 vs cand-13caf43)
Finished game 860 (ref-2d6b8f1 vs cand-13caf43): 0-1 {Black wins by adjudication}
Started game 871 of 40000 (cand-13caf43 vs ref-2d6b8f1)
Finished game 857 (cand-13caf43 vs ref-2d6b8f1): 0-1 {Black wins by adjudication}
Started game 872 of 40000 (ref-2d6b8f1 vs cand-13caf43)
Finished game 864 (ref-2d6b8f1 vs cand-13caf43): 1-0 {White wins by adjudication}
Started game 873 of 40000 (cand-13caf43 vs ref-2d6b8f1)
Finished game 866 (ref-2d6b8f1 vs cand-13caf43): 1/2-1/2 {Draw by 3-fold repetition}
Started game 874 of 40000 (ref-2d6b8f1 vs cand-13caf43)
Finished game 870 (ref-2d6b8f1 vs cand-13caf43): 1/2-1/2 {Draw by 3-fold repetition}
Started game 875 of 40000 (cand-13caf43 vs ref-2d6b8f1)
Finished game 867 (cand-13caf43 vs ref-2d6b8f1): 0-1 {Black wins by adjudication}
Started game 876 of 40000 (ref-2d6b8f1 vs cand-13caf43)
Finished game 865 (cand-13caf43 vs ref-2d6b8f1): 1/2-1/2 {Draw by 3-fold repetition}
Started game 877 of 40000 (cand-13caf43 vs ref-2d6b8f1)
Finished game 859 (cand-13caf43 vs ref-2d6b8f1): 1/2-1/2 {Draw by adjudication}
--------------------------------------------------
Results of cand-13caf43 vs ref-2d6b8f1 (8+0.08, 1t, 16MB, noob_3moves.epd):
Elo: 26.25 +/- 18.05, nElo: 33.89 +/- 23.19
LOS: 99.79 %, DrawRatio: 31.09 %, PairsRatio: 1.27
Games: 862, Wins: 297, Losses: 232, Draws: 333, Points: 463.5 (53.77 %)
Ptnml(0-2): [23, 108, 134, 113, 53], WL/DD Ratio: 1.39
LLR: 1.12 (38.0%) (-2.94, 2.94) [0.00, 5.00]
--------------------------------------------------
Started game 878 of 40000 (ref-2d6b8f1 vs cand-13caf43)
Finished game 862 (ref-2d6b8f1 vs cand-13caf43): 1-0 {White wins by adjudication}
Started game 879 of 40000 (cand-13caf43 vs ref-2d6b8f1)
Finished game 869 (cand-13caf43 vs ref-2d6b8f1): 0-1 {Black wins by adjudication}
Started game 880 of 40000 (ref-2d6b8f1 vs cand-13caf43)
Finished game 874 (ref-2d6b8f1 vs cand-13caf43): 1/2-1/2 {Draw by 3-fold repetition}
Started game 881 of 40000 (cand-13caf43 vs ref-2d6b8f1)
Finished game 868 (ref-2d6b8f1 vs cand-13caf43): 1/2-1/2 {Draw by fifty moves rule}
Started game 882 of 40000 (ref-2d6b8f1 vs cand-13caf43)
Finished game 872 (ref-2d6b8f1 vs cand-13caf43): 1-0 {White wins by adjudication}
Started game 883 of 40000 (cand-13caf43 vs ref-2d6b8f1)
Finished game 863 (cand-13caf43 vs ref-2d6b8f1): 1/2-1/2 {Draw by insufficient mating material}
Started game 884 of 40000 (ref-2d6b8f1 vs cand-13caf43)
Finished game 871 (cand-13caf43 vs ref-2d6b8f1): 1/2-1/2 {Draw by adjudication}
Started game 885 of 40000 (cand-13caf43 vs ref-2d6b8f1)
Finished game 876 (ref-2d6b8f1 vs cand-13caf43): 1-0 {White wins by adjudication}
Started game 886 of 40000 (ref-2d6b8f1 vs cand-13caf43)
Finished game 873 (cand-13caf43 vs ref-2d6b8f1): 1/2-1/2 {Draw by 3-fold repetition}
Started game 887 of 40000 (cand-13caf43 vs ref-2d6b8f1)
Finished game 875 (cand-13caf43 vs ref-2d6b8f1): 1-0 {White wins by adjudication}
Started game 888 of 40000 (ref-2d6b8f1 vs cand-13caf43)
Finished game 880 (ref-2d6b8f1 vs cand-13caf43): 1-0 {White wins by adjudication}
Started game 889 of 40000 (cand-13caf43 vs ref-2d6b8f1)
Finished game 879 (cand-13caf43 vs ref-2d6b8f1): 1-0 {White wins by adjudication}
--------------------------------------------------
Results of cand-13caf43 vs ref-2d6b8f1 (8+0.08, 1t, 16MB, noob_3moves.epd):
Elo: 23.78 +/- 17.82, nElo: 30.80 +/- 22.98
LOS: 99.57 %, DrawRatio: 31.21 %, PairsRatio: 1.22
Games: 878, Wins: 299, Losses: 239, Draws: 340, Points: 469.0 (53.42 %)
Ptnml(0-2): [23, 113, 137, 113, 53], WL/DD Ratio: 1.40
LLR: 1.03 (35.0%) (-2.94, 2.94) [0.00, 5.00]
--------------------------------------------------
Started game 890 of 40000 (ref-2d6b8f1 vs cand-13caf43)
Finished game 881 (cand-13caf43 vs ref-2d6b8f1): 1/2-1/2 {Draw by 3-fold repetition}
Started game 891 of 40000 (cand-13caf43 vs ref-2d6b8f1)
Finished game 882 (ref-2d6b8f1 vs cand-13caf43): 0-1 {Black wins by adjudication}
Started game 892 of 40000 (ref-2d6b8f1 vs cand-13caf43)
Finished game 878 (ref-2d6b8f1 vs cand-13caf43): 1/2-1/2 {Draw by adjudication}
Started game 893 of 40000 (cand-13caf43 vs ref-2d6b8f1)
Finished game 884 (ref-2d6b8f1 vs cand-13caf43): 1/2-1/2 {Draw by 3-fold repetition}
Started game 894 of 40000 (ref-2d6b8f1 vs cand-13caf43)
Finished game 886 (ref-2d6b8f1 vs cand-13caf43): 1/2-1/2 {Draw by 3-fold repetition}
Started game 895 of 40000 (cand-13caf43 vs ref-2d6b8f1)
Finished game 877 (cand-13caf43 vs ref-2d6b8f1): 1/2-1/2 {Draw by insufficient mating material}
Started game 896 of 40000 (ref-2d6b8f1 vs cand-13caf43)
Finished game 883 (cand-13caf43 vs ref-2d6b8f1): 1-0 {White wins by adjudication}
Started game 897 of 40000 (cand-13caf43 vs ref-2d6b8f1)
Finished game 885 (cand-13caf43 vs ref-2d6b8f1): 1/2-1/2 {Draw by 3-fold repetition}
Started game 898 of 40000 (ref-2d6b8f1 vs cand-13caf43)
Finished game 887 (cand-13caf43 vs ref-2d6b8f1): 0-1 {Black wins by adjudication}
Started game 899 of 40000 (cand-13caf43 vs ref-2d6b8f1)
Finished game 888 (ref-2d6b8f1 vs cand-13caf43): 1-0 {White wins by adjudication}
Started game 900 of 40000 (ref-2d6b8f1 vs cand-13caf43)
Finished game 889 (cand-13caf43 vs ref-2d6b8f1): 0-1 {Black wins by adjudication}
Started game 901 of 40000 (cand-13caf43 vs ref-2d6b8f1)
Finished game 891 (cand-13caf43 vs ref-2d6b8f1): 1/2-1/2 {Draw by 3-fold repetition}
Started game 902 of 40000 (ref-2d6b8f1 vs cand-13caf43)
Finished game 890 (ref-2d6b8f1 vs cand-13caf43): 1/2-1/2 {Draw by 3-fold repetition}
Started game 903 of 40000 (cand-13caf43 vs ref-2d6b8f1)
Finished game 893 (cand-13caf43 vs ref-2d6b8f1): 0-1 {Black wins by adjudication}
Started game 904 of 40000 (ref-2d6b8f1 vs cand-13caf43)
Finished game 894 (ref-2d6b8f1 vs cand-13caf43): 0-1 {Black wins by adjudication}
Started game 905 of 40000 (cand-13caf43 vs ref-2d6b8f1)
Finished game 896 (ref-2d6b8f1 vs cand-13caf43): 0-1 {Black wins by adjudication}
Started game 906 of 40000 (ref-2d6b8f1 vs cand-13caf43)
Finished game 900 (ref-2d6b8f1 vs cand-13caf43): 1-0 {White wins by adjudication}
Started game 907 of 40000 (cand-13caf43 vs ref-2d6b8f1)
Finished game 899 (cand-13caf43 vs ref-2d6b8f1): 1-0 {White wins by adjudication}
--------------------------------------------------
Results of cand-13caf43 vs ref-2d6b8f1 (8+0.08, 1t, 16MB, noob_3moves.epd):
Elo: 22.96 +/- 17.61, nElo: 29.80 +/- 22.77
LOS: 99.48 %, DrawRatio: 31.54 %, PairsRatio: 1.22
Games: 894, Wins: 303, Losses: 244, Draws: 347, Points: 476.5 (53.30 %)
Ptnml(0-2): [24, 114, 141, 115, 53], WL/DD Ratio: 1.39
LLR: 1.01 (34.4%) (-2.94, 2.94) [0.00, 5.00]
--------------------------------------------------
Started game 908 of 40000 (ref-2d6b8f1 vs cand-13caf43)
Finished game 895 (cand-13caf43 vs ref-2d6b8f1): 1-0 {White wins by adjudication}
Started game 909 of 40000 (cand-13caf43 vs ref-2d6b8f1)
Finished game 898 (ref-2d6b8f1 vs cand-13caf43): 0-1 {Black wins by adjudication}
Started game 910 of 40000 (ref-2d6b8f1 vs cand-13caf43)
Finished game 901 (cand-13caf43 vs ref-2d6b8f1): 1-0 {White wins by adjudication}
Started game 911 of 40000 (cand-13caf43 vs ref-2d6b8f1)
Finished game 892 (ref-2d6b8f1 vs cand-13caf43): 1/2-1/2 {Draw by adjudication}
Started game 912 of 40000 (ref-2d6b8f1 vs cand-13caf43)
Finished game 897 (cand-13caf43 vs ref-2d6b8f1): 1/2-1/2 {Draw by 3-fold repetition}
Started game 913 of 40000 (cand-13caf43 vs ref-2d6b8f1)
Finished game 907 (cand-13caf43 vs ref-2d6b8f1): 1/2-1/2 {Draw by 3-fold repetition}
Started game 914 of 40000 (ref-2d6b8f1 vs cand-13caf43)
Finished game 904 (ref-2d6b8f1 vs cand-13caf43): 1-0 {White wins by adjudication}
Started game 915 of 40000 (cand-13caf43 vs ref-2d6b8f1)
Finished game 909 (cand-13caf43 vs ref-2d6b8f1): 0-1 {Black wins by adjudication}
Started game 916 of 40000 (ref-2d6b8f1 vs cand-13caf43)
Finished game 910 (ref-2d6b8f1 vs cand-13caf43): 0-1 {Black wins by adjudication}
Started game 917 of 40000 (cand-13caf43 vs ref-2d6b8f1)
Finished game 905 (cand-13caf43 vs ref-2d6b8f1): 0-1 {Black wins by adjudication}
Started game 918 of 40000 (ref-2d6b8f1 vs cand-13caf43)
Finished game 902 (ref-2d6b8f1 vs cand-13caf43): 1-0 {White wins by adjudication}
Started game 919 of 40000 (cand-13caf43 vs ref-2d6b8f1)
Finished game 913 (cand-13caf43 vs ref-2d6b8f1): 1-0 {White wins by adjudication}
Started game 920 of 40000 (ref-2d6b8f1 vs cand-13caf43)
Finished game 903 (cand-13caf43 vs ref-2d6b8f1): 1/2-1/2 {Draw by fifty moves rule}
Started game 921 of 40000 (cand-13caf43 vs ref-2d6b8f1)
Finished game 912 (ref-2d6b8f1 vs cand-13caf43): 1/2-1/2 {Draw by 3-fold repetition}
Started game 922 of 40000 (ref-2d6b8f1 vs cand-13caf43)
Finished game 908 (ref-2d6b8f1 vs cand-13caf43): 0-1 {Black wins by adjudication}
Started game 923 of 40000 (cand-13caf43 vs ref-2d6b8f1)
Finished game 911 (cand-13caf43 vs ref-2d6b8f1): 1-0 {White wins by adjudication}
Started game 924 of 40000 (ref-2d6b8f1 vs cand-13caf43)
Finished game 906 (ref-2d6b8f1 vs cand-13caf43): 1/2-1/2 {Draw by adjudication}
Started game 925 of 40000 (cand-13caf43 vs ref-2d6b8f1)
Finished game 919 (cand-13caf43 vs ref-2d6b8f1): 1/2-1/2 {Draw by 3-fold repetition}
Started game 926 of 40000 (ref-2d6b8f1 vs cand-13caf43)
Finished game 917 (cand-13caf43 vs ref-2d6b8f1): 1/2-1/2 {Draw by insufficient mating material}
Started game 927 of 40000 (cand-13caf43 vs ref-2d6b8f1)
Finished game 915 (cand-13caf43 vs ref-2d6b8f1): 1-0 {White wins by adjudication}
Started game 928 of 40000 (ref-2d6b8f1 vs cand-13caf43)
Finished game 914 (ref-2d6b8f1 vs cand-13caf43): 1/2-1/2 {Draw by adjudication}
Started game 929 of 40000 (cand-13caf43 vs ref-2d6b8f1)
Finished game 922 (ref-2d6b8f1 vs cand-13caf43): 1/2-1/2 {Draw by 3-fold repetition}
Started game 930 of 40000 (ref-2d6b8f1 vs cand-13caf43)
Finished game 918 (ref-2d6b8f1 vs cand-13caf43): 0-1 {Black wins by adjudication}
Started game 931 of 40000 (cand-13caf43 vs ref-2d6b8f1)
Finished game 916 (ref-2d6b8f1 vs cand-13caf43): 1-0 {White wins by adjudication}
Started game 932 of 40000 (ref-2d6b8f1 vs cand-13caf43)
Finished game 926 (ref-2d6b8f1 vs cand-13caf43): 1-0 {White wins by adjudication}
Started game 933 of 40000 (cand-13caf43 vs ref-2d6b8f1)
Finished game 920 (ref-2d6b8f1 vs cand-13caf43): 1/2-1/2 {Draw by 3-fold repetition}
--------------------------------------------------
Results of cand-13caf43 vs ref-2d6b8f1 (8+0.08, 1t, 16MB, noob_3moves.epd):
Elo: 24.21 +/- 17.28, nElo: 31.57 +/- 22.45
LOS: 99.71 %, DrawRatio: 31.74 %, PairsRatio: 1.24
Games: 920, Wins: 313, Losses: 249, Draws: 358, Points: 492.0 (53.48 %)
Ptnml(0-2): [24, 116, 146, 120, 54], WL/DD Ratio: 1.39
LLR: 1.11 (37.6%) (-2.94, 2.94) [0.00, 5.00]
--------------------------------------------------
Started game 934 of 40000 (ref-2d6b8f1 vs cand-13caf43)
Finished game 923 (cand-13caf43 vs ref-2d6b8f1): 1/2-1/2 {Draw by 3-fold repetition}
Started game 935 of 40000 (cand-13caf43 vs ref-2d6b8f1)
Finished game 924 (ref-2d6b8f1 vs cand-13caf43): 0-1 {Black wins by adjudication}
Started game 936 of 40000 (ref-2d6b8f1 vs cand-13caf43)
Finished game 929 (cand-13caf43 vs ref-2d6b8f1): 0-1 {Black wins by adjudication}
Started game 937 of 40000 (cand-13caf43 vs ref-2d6b8f1)
Finished game 921 (cand-13caf43 vs ref-2d6b8f1): 1-0 {White wins by adjudication}
Started game 938 of 40000 (ref-2d6b8f1 vs cand-13caf43)
Finished game 927 (cand-13caf43 vs ref-2d6b8f1): 0-1 {Black wins by adjudication}
Started game 939 of 40000 (cand-13caf43 vs ref-2d6b8f1)
Finished game 925 (cand-13caf43 vs ref-2d6b8f1): 1-0 {White wins by adjudication}
Started game 940 of 40000 (ref-2d6b8f1 vs cand-13caf43)
Finished game 933 (cand-13caf43 vs ref-2d6b8f1): 0-1 {Black wins by adjudication}
Started game 941 of 40000 (cand-13caf43 vs ref-2d6b8f1)
Finished game 930 (ref-2d6b8f1 vs cand-13caf43): 0-1 {Black wins by adjudication}
Started game 942 of 40000 (ref-2d6b8f1 vs cand-13caf43)
Finished game 938 (ref-2d6b8f1 vs cand-13caf43): 0-1 {Black wins by adjudication}
Started game 943 of 40000 (cand-13caf43 vs ref-2d6b8f1)
Finished game 935 (cand-13caf43 vs ref-2d6b8f1): 1-0 {White wins by adjudication}
Started game 944 of 40000 (ref-2d6b8f1 vs cand-13caf43)
Finished game 931 (cand-13caf43 vs ref-2d6b8f1): 1/2-1/2 {Draw by adjudication}
Started game 945 of 40000 (cand-13caf43 vs ref-2d6b8f1)
Finished game 934 (ref-2d6b8f1 vs cand-13caf43): 0-1 {Black wins by adjudication}
Started game 946 of 40000 (ref-2d6b8f1 vs cand-13caf43)
Finished game 932 (ref-2d6b8f1 vs cand-13caf43): 1-0 {White wins by adjudication}
Started game 947 of 40000 (cand-13caf43 vs ref-2d6b8f1)
Finished game 937 (cand-13caf43 vs ref-2d6b8f1): 1-0 {White wins by adjudication}
Started game 948 of 40000 (ref-2d6b8f1 vs cand-13caf43)
Finished game 941 (cand-13caf43 vs ref-2d6b8f1): 1-0 {White wins by adjudication}
Started game 949 of 40000 (cand-13caf43 vs ref-2d6b8f1)
Finished game 936 (ref-2d6b8f1 vs cand-13caf43): 1-0 {White wins by adjudication}
Started game 950 of 40000 (ref-2d6b8f1 vs cand-13caf43)
Finished game 939 (cand-13caf43 vs ref-2d6b8f1): 0-1 {Black wins by adjudication}
Started game 951 of 40000 (cand-13caf43 vs ref-2d6b8f1)
Finished game 945 (cand-13caf43 vs ref-2d6b8f1): 1/2-1/2 {Draw by 3-fold repetition}
Started game 952 of 40000 (ref-2d6b8f1 vs cand-13caf43)
Finished game 940 (ref-2d6b8f1 vs cand-13caf43): 1/2-1/2 {Draw by insufficient mating material}
--------------------------------------------------
Results of cand-13caf43 vs ref-2d6b8f1 (8+0.08, 1t, 16MB, noob_3moves.epd):
Elo: 24.49 +/- 17.07, nElo: 32.02 +/- 22.23
LOS: 99.76 %, DrawRatio: 31.98 %, PairsRatio: 1.25
Games: 938, Wins: 321, Losses: 255, Draws: 362, Points: 502.0 (53.52 %)
Ptnml(0-2): [24, 118, 150, 122, 55], WL/DD Ratio: 1.46
LLR: 1.15 (39.0%) (-2.94, 2.94) [0.00, 5.00]
--------------------------------------------------
Started game 953 of 40000 (cand-13caf43 vs ref-2d6b8f1)
Finished game 928 (ref-2d6b8f1 vs cand-13caf43): 1/2-1/2 {Draw by fifty moves rule}
Started game 954 of 40000 (ref-2d6b8f1 vs cand-13caf43)
Finished game 942 (ref-2d6b8f1 vs cand-13caf43): 0-1 {Black wins by adjudication}
Started game 955 of 40000 (cand-13caf43 vs ref-2d6b8f1)
Finished game 943 (cand-13caf43 vs ref-2d6b8f1): 1-0 {White wins by adjudication}
Started game 956 of 40000 (ref-2d6b8f1 vs cand-13caf43)
Finished game 946 (ref-2d6b8f1 vs cand-13caf43): 1/2-1/2 {Draw by adjudication}
Started game 957 of 40000 (cand-13caf43 vs ref-2d6b8f1)
Finished game 947 (cand-13caf43 vs ref-2d6b8f1): 1/2-1/2 {Draw by adjudication}
Started game 958 of 40000 (ref-2d6b8f1 vs cand-13caf43)
Finished game 948 (ref-2d6b8f1 vs cand-13caf43): 0-1 {Black wins by adjudication}
Started game 959 of 40000 (cand-13caf43 vs ref-2d6b8f1)
Finished game 953 (cand-13caf43 vs ref-2d6b8f1): 0-1 {Black wins by adjudication}
Started game 960 of 40000 (ref-2d6b8f1 vs cand-13caf43)
Finished game 956 (ref-2d6b8f1 vs cand-13caf43): 1/2-1/2 {Draw by 3-fold repetition}
Started game 961 of 40000 (cand-13caf43 vs ref-2d6b8f1)
Finished game 951 (cand-13caf43 vs ref-2d6b8f1): 1-0 {White wins by adjudication}
Started game 962 of 40000 (ref-2d6b8f1 vs cand-13caf43)
Finished game 952 (ref-2d6b8f1 vs cand-13caf43): 0-1 {Black wins by adjudication}
Started game 963 of 40000 (cand-13caf43 vs ref-2d6b8f1)
Finished game 944 (ref-2d6b8f1 vs cand-13caf43): 1-0 {White wins by adjudication}
Started game 964 of 40000 (ref-2d6b8f1 vs cand-13caf43)
Finished game 950 (ref-2d6b8f1 vs cand-13caf43): 1-0 {White wins by adjudication}
Started game 965 of 40000 (cand-13caf43 vs ref-2d6b8f1)
Finished game 955 (cand-13caf43 vs ref-2d6b8f1): 0-1 {Black wins by adjudication}
Started game 966 of 40000 (ref-2d6b8f1 vs cand-13caf43)
Finished game 949 (cand-13caf43 vs ref-2d6b8f1): 1/2-1/2 {Draw by adjudication}
Started game 967 of 40000 (cand-13caf43 vs ref-2d6b8f1)
Finished game 958 (ref-2d6b8f1 vs cand-13caf43): 0-1 {Black wins by adjudication}
Started game 968 of 40000 (ref-2d6b8f1 vs cand-13caf43)
Finished game 957 (cand-13caf43 vs ref-2d6b8f1): 1/2-1/2 {Draw by adjudication}
Started game 969 of 40000 (cand-13caf43 vs ref-2d6b8f1)
Finished game 959 (cand-13caf43 vs ref-2d6b8f1): 0-1 {Black wins by adjudication}
Started game 970 of 40000 (ref-2d6b8f1 vs cand-13caf43)
Finished game 963 (cand-13caf43 vs ref-2d6b8f1): 0-1 {Black wins by adjudication}
Started game 971 of 40000 (cand-13caf43 vs ref-2d6b8f1)
Finished game 966 (ref-2d6b8f1 vs cand-13caf43): 1-0 {White wins by adjudication}
Started game 972 of 40000 (ref-2d6b8f1 vs cand-13caf43)
Finished game 961 (cand-13caf43 vs ref-2d6b8f1): 1/2-1/2 {Draw by adjudication}
Started game 973 of 40000 (cand-13caf43 vs ref-2d6b8f1)
Finished game 965 (cand-13caf43 vs ref-2d6b8f1): 1/2-1/2 {Draw by 3-fold repetition}
Started game 974 of 40000 (ref-2d6b8f1 vs cand-13caf43)
Finished game 962 (ref-2d6b8f1 vs cand-13caf43): 0-1 {Black wins by adjudication}
Started game 975 of 40000 (cand-13caf43 vs ref-2d6b8f1)
Finished game 964 (ref-2d6b8f1 vs cand-13caf43): 0-1 {Black wins by adjudication}
Started game 976 of 40000 (ref-2d6b8f1 vs cand-13caf43)
Finished game 960 (ref-2d6b8f1 vs cand-13caf43): 1-0 {White wins by adjudication}
--------------------------------------------------
Results of cand-13caf43 vs ref-2d6b8f1 (8+0.08, 1t, 16MB, noob_3moves.epd):
Elo: 24.19 +/- 16.90, nElo: 31.52 +/- 21.93
LOS: 99.76 %, DrawRatio: 31.74 %, PairsRatio: 1.24
Games: 964, Wins: 330, Losses: 263, Draws: 371, Points: 515.5 (53.48 %)
Ptnml(0-2): [25, 122, 153, 125, 57], WL/DD Ratio: 1.47
LLR: 1.16 (39.4%) (-2.94, 2.94) [0.00, 5.00]
--------------------------------------------------
Started game 977 of 40000 (cand-13caf43 vs ref-2d6b8f1)
Finished game 954 (ref-2d6b8f1 vs cand-13caf43): 1/2-1/2 {Draw by fifty moves rule}
Started game 978 of 40000 (ref-2d6b8f1 vs cand-13caf43)
Finished game 968 (ref-2d6b8f1 vs cand-13caf43): 1/2-1/2 {Draw by 3-fold repetition}
Started game 979 of 40000 (cand-13caf43 vs ref-2d6b8f1)
Finished game 970 (ref-2d6b8f1 vs cand-13caf43): 1-0 {White wins by adjudication}
Started game 980 of 40000 (ref-2d6b8f1 vs cand-13caf43)
Finished game 967 (cand-13caf43 vs ref-2d6b8f1): 0-1 {Black wins by adjudication}
Started game 981 of 40000 (cand-13caf43 vs ref-2d6b8f1)
Finished game 969 (cand-13caf43 vs ref-2d6b8f1): 1-0 {White wins by adjudication}
Started game 982 of 40000 (ref-2d6b8f1 vs cand-13caf43)
Finished game 971 (cand-13caf43 vs ref-2d6b8f1): 1/2-1/2 {Draw by 3-fold repetition}
Started game 983 of 40000 (cand-13caf43 vs ref-2d6b8f1)
Finished game 972 (ref-2d6b8f1 vs cand-13caf43): 1/2-1/2 {Draw by insufficient mating material}
Started game 984 of 40000 (ref-2d6b8f1 vs cand-13caf43)
Finished game 973 (cand-13caf43 vs ref-2d6b8f1): 1/2-1/2 {Draw by 3-fold repetition}
Started game 985 of 40000 (cand-13caf43 vs ref-2d6b8f1)
Finished game 975 (cand-13caf43 vs ref-2d6b8f1): 1/2-1/2 {Draw by 3-fold repetition}
Started game 986 of 40000 (ref-2d6b8f1 vs cand-13caf43)
Finished game 978 (ref-2d6b8f1 vs cand-13caf43): 0-1 {Black wins by adjudication}
Started game 987 of 40000 (cand-13caf43 vs ref-2d6b8f1)
Finished game 974 (ref-2d6b8f1 vs cand-13caf43): 0-1 {Black wins by adjudication}
Started game 988 of 40000 (ref-2d6b8f1 vs cand-13caf43)
Finished game 977 (cand-13caf43 vs ref-2d6b8f1): 0-1 {Black wins by adjudication}
Started game 989 of 40000 (cand-13caf43 vs ref-2d6b8f1)
Finished game 979 (cand-13caf43 vs ref-2d6b8f1): 1/2-1/2 {Draw by 3-fold repetition}
Started game 990 of 40000 (ref-2d6b8f1 vs cand-13caf43)
Finished game 980 (ref-2d6b8f1 vs cand-13caf43): 1-0 {White wins by adjudication}
--------------------------------------------------
Results of cand-13caf43 vs ref-2d6b8f1 (8+0.08, 1t, 16MB, noob_3moves.epd):
Elo: 23.13 +/- 16.72, nElo: 30.24 +/- 21.77
LOS: 99.68 %, DrawRatio: 31.90 %, PairsRatio: 1.22
Games: 978, Wins: 333, Losses: 268, Draws: 377, Points: 521.5 (53.32 %)
Ptnml(0-2): [25, 125, 156, 126, 57], WL/DD Ratio: 1.48
LLR: 1.13 (38.2%) (-2.94, 2.94) [0.00, 5.00]
--------------------------------------------------
Started game 991 of 40000 (cand-13caf43 vs ref-2d6b8f1)
Finished game 982 (ref-2d6b8f1 vs cand-13caf43): 1-0 {White wins by adjudication}
Started game 992 of 40000 (ref-2d6b8f1 vs cand-13caf43)
Finished game 984 (ref-2d6b8f1 vs cand-13caf43): 1/2-1/2 {Draw by 3-fold repetition}
Started game 993 of 40000 (cand-13caf43 vs ref-2d6b8f1)
Finished game 983 (cand-13caf43 vs ref-2d6b8f1): 0-1 {Black wins by adjudication}
Started game 994 of 40000 (ref-2d6b8f1 vs cand-13caf43)
Finished game 976 (ref-2d6b8f1 vs cand-13caf43): 1/2-1/2 {Draw by adjudication}
Started game 995 of 40000 (cand-13caf43 vs ref-2d6b8f1)
Finished game 991 (cand-13caf43 vs ref-2d6b8f1): 1/2-1/2 {Draw by 3-fold repetition}
Started game 996 of 40000 (ref-2d6b8f1 vs cand-13caf43)
Finished game 985 (cand-13caf43 vs ref-2d6b8f1): 0-1 {Black wins by adjudication}
Started game 997 of 40000 (cand-13caf43 vs ref-2d6b8f1)
Finished game 981 (cand-13caf43 vs ref-2d6b8f1): 1-0 {White wins by adjudication}
Started game 998 of 40000 (ref-2d6b8f1 vs cand-13caf43)
Finished game 987 (cand-13caf43 vs ref-2d6b8f1): 0-1 {Black wins by adjudication}
Started game 999 of 40000 (cand-13caf43 vs ref-2d6b8f1)
Finished game 990 (ref-2d6b8f1 vs cand-13caf43): 1-0 {White wins by adjudication}
Started game 1000 of 40000 (ref-2d6b8f1 vs cand-13caf43)
Finished game 988 (ref-2d6b8f1 vs cand-13caf43): 1/2-1/2 {Draw by insufficient mating material}
Started game 1001 of 40000 (cand-13caf43 vs ref-2d6b8f1)
Finished game 989 (cand-13caf43 vs ref-2d6b8f1): 1-0 {White wins by adjudication}
Started game 1002 of 40000 (ref-2d6b8f1 vs cand-13caf43)
Finished game 993 (cand-13caf43 vs ref-2d6b8f1): 1/2-1/2 {Draw by adjudication}
Started game 1003 of 40000 (cand-13caf43 vs ref-2d6b8f1)
Finished game 992 (ref-2d6b8f1 vs cand-13caf43): 0-1 {Black wins by adjudication}
Started game 1004 of 40000 (ref-2d6b8f1 vs cand-13caf43)
Finished game 997 (cand-13caf43 vs ref-2d6b8f1): 1-0 {White wins by adjudication}
Started game 1005 of 40000 (cand-13caf43 vs ref-2d6b8f1)
Finished game 995 (cand-13caf43 vs ref-2d6b8f1): 1-0 {White wins by adjudication}
Started game 1006 of 40000 (ref-2d6b8f1 vs cand-13caf43)
Finished game 998 (ref-2d6b8f1 vs cand-13caf43): 0-1 {Black wins by adjudication}
Started game 1007 of 40000 (cand-13caf43 vs ref-2d6b8f1)
Finished game 994 (ref-2d6b8f1 vs cand-13caf43): 1/2-1/2 {Draw by 3-fold repetition}
Started game 1008 of 40000 (ref-2d6b8f1 vs cand-13caf43)
Finished game 986 (ref-2d6b8f1 vs cand-13caf43): 1/2-1/2 {Draw by fifty moves rule}
Started game 1009 of 40000 (cand-13caf43 vs ref-2d6b8f1)
Finished game 1001 (cand-13caf43 vs ref-2d6b8f1): 0-1 {Black wins by adjudication}
Started game 1010 of 40000 (ref-2d6b8f1 vs cand-13caf43)
Finished game 996 (ref-2d6b8f1 vs cand-13caf43): 1/2-1/2 {Draw by 3-fold repetition}
Started game 1011 of 40000 (cand-13caf43 vs ref-2d6b8f1)
Finished game 999 (cand-13caf43 vs ref-2d6b8f1): 1-0 {White wins by adjudication}
Started game 1012 of 40000 (ref-2d6b8f1 vs cand-13caf43)
Finished game 1004 (ref-2d6b8f1 vs cand-13caf43): 1-0 {White wins by adjudication}
Started game 1013 of 40000 (cand-13caf43 vs ref-2d6b8f1)
Finished game 1002 (ref-2d6b8f1 vs cand-13caf43): 1-0 {White wins by adjudication}
Started game 1014 of 40000 (ref-2d6b8f1 vs cand-13caf43)
Finished game 1006 (ref-2d6b8f1 vs cand-13caf43): 1-0 {White wins by adjudication}
Started game 1015 of 40000 (cand-13caf43 vs ref-2d6b8f1)
Finished game 1009 (cand-13caf43 vs ref-2d6b8f1): 1/2-1/2 {Draw by 3-fold repetition}
Started game 1016 of 40000 (ref-2d6b8f1 vs cand-13caf43)
Finished game 1007 (cand-13caf43 vs ref-2d6b8f1): 1-0 {White wins by adjudication}
Started game 1017 of 40000 (cand-13caf43 vs ref-2d6b8f1)
Finished game 1000 (ref-2d6b8f1 vs cand-13caf43): 1/2-1/2 {Draw by adjudication}
--------------------------------------------------
Results of cand-13caf43 vs ref-2d6b8f1 (8+0.08, 1t, 16MB, noob_3moves.epd):
Elo: 22.57 +/- 16.51, nElo: 29.51 +/- 21.51
LOS: 99.64 %, DrawRatio: 31.94 %, PairsRatio: 1.21
Games: 1002, Wins: 340, Losses: 275, Draws: 387, Points: 533.5 (53.24 %)
Ptnml(0-2): [26, 128, 160, 129, 58], WL/DD Ratio: 1.46
LLR: 1.12 (38.1%) (-2.94, 2.94) [0.00, 5.00]
--------------------------------------------------
Started game 1018 of 40000 (ref-2d6b8f1 vs cand-13caf43)
Finished game 1003 (cand-13caf43 vs ref-2d6b8f1): 1/2-1/2 {Draw by adjudication}
Started game 1019 of 40000 (cand-13caf43 vs ref-2d6b8f1)
Finished game 1010 (ref-2d6b8f1 vs cand-13caf43): 1/2-1/2 {Draw by adjudication}
Started game 1020 of 40000 (ref-2d6b8f1 vs cand-13caf43)
Finished game 1008 (ref-2d6b8f1 vs cand-13caf43): 1/2-1/2 {Draw by adjudication}
Started game 1021 of 40000 (cand-13caf43 vs ref-2d6b8f1)
Finished game 1012 (ref-2d6b8f1 vs cand-13caf43): 1-0 {White wins by adjudication}
Started game 1022 of 40000 (ref-2d6b8f1 vs cand-13caf43)
Finished game 1005 (cand-13caf43 vs ref-2d6b8f1): 1/2-1/2 {Draw by insufficient mating material}
Started game 1023 of 40000 (cand-13caf43 vs ref-2d6b8f1)
Finished game 1011 (cand-13caf43 vs ref-2d6b8f1): 0-1 {Black wins by adjudication}
Started game 1024 of 40000 (ref-2d6b8f1 vs cand-13caf43)
Finished game 1017 (cand-13caf43 vs ref-2d6b8f1): 1/2-1/2 {Draw by 3-fold repetition}
Started game 1025 of 40000 (cand-13caf43 vs ref-2d6b8f1)
Finished game 1020 (ref-2d6b8f1 vs cand-13caf43): 1/2-1/2 {Draw by 3-fold repetition}
Started game 1026 of 40000 (ref-2d6b8f1 vs cand-13caf43)
Finished game 1013 (cand-13caf43 vs ref-2d6b8f1): 0-1 {Black wins by adjudication}
Started game 1027 of 40000 (cand-13caf43 vs ref-2d6b8f1)
Finished game 1015 (cand-13caf43 vs ref-2d6b8f1): 0-1 {Black wins by adjudication}
Started game 1028 of 40000 (ref-2d6b8f1 vs cand-13caf43)
Finished game 1021 (cand-13caf43 vs ref-2d6b8f1): 1-0 {White wins by adjudication}
Started game 1029 of 40000 (cand-13caf43 vs ref-2d6b8f1)
Finished game 1016 (ref-2d6b8f1 vs cand-13caf43): 0-1 {Black wins by adjudication}
Started game 1030 of 40000 (ref-2d6b8f1 vs cand-13caf43)
Finished game 1019 (cand-13caf43 vs ref-2d6b8f1): 1-0 {White wins by adjudication}
--------------------------------------------------
Results of cand-13caf43 vs ref-2d6b8f1 (8+0.08, 1t, 16MB, noob_3moves.epd):
Elo: 21.57 +/- 16.40, nElo: 28.20 +/- 21.36
LOS: 99.52 %, DrawRatio: 31.89 %, PairsRatio: 1.20
Games: 1016, Wins: 343, Losses: 280, Draws: 393, Points: 539.5 (53.10 %)
Ptnml(0-2): [27, 130, 162, 131, 58], WL/DD Ratio: 1.45
LLR: 1.08 (36.8%) (-2.94, 2.94) [0.00, 5.00]
--------------------------------------------------
Started game 1031 of 40000 (cand-13caf43 vs ref-2d6b8f1)
Finished game 1014 (ref-2d6b8f1 vs cand-13caf43): 1-0 {White wins by adjudication}
Started game 1032 of 40000 (ref-2d6b8f1 vs cand-13caf43)
Finished game 1022 (ref-2d6b8f1 vs cand-13caf43): 1-0 {White wins by adjudication}
Started game 1033 of 40000 (cand-13caf43 vs ref-2d6b8f1)
Finished game 1024 (ref-2d6b8f1 vs cand-13caf43): 1-0 {White wins by adjudication}
Started game 1034 of 40000 (ref-2d6b8f1 vs cand-13caf43)
Finished game 1018 (ref-2d6b8f1 vs cand-13caf43): 1-0 {White wins by adjudication}
Started game 1035 of 40000 (cand-13caf43 vs ref-2d6b8f1)
Finished game 1023 (cand-13caf43 vs ref-2d6b8f1): 1-0 {White wins by adjudication}
Started game 1036 of 40000 (ref-2d6b8f1 vs cand-13caf43)
Finished game 1030 (ref-2d6b8f1 vs cand-13caf43): 1-0 {White wins by adjudication}
Started game 1037 of 40000 (cand-13caf43 vs ref-2d6b8f1)
Finished game 1026 (ref-2d6b8f1 vs cand-13caf43): 1/2-1/2 {Draw by adjudication}
Started game 1038 of 40000 (ref-2d6b8f1 vs cand-13caf43)
Finished game 1031 (cand-13caf43 vs ref-2d6b8f1): 1-0 {White wins by adjudication}
Started game 1039 of 40000 (cand-13caf43 vs ref-2d6b8f1)
Finished game 1025 (cand-13caf43 vs ref-2d6b8f1): 0-1 {Black wins by adjudication}
Started game 1040 of 40000 (ref-2d6b8f1 vs cand-13caf43)
Finished game 1027 (cand-13caf43 vs ref-2d6b8f1): 0-1 {Black wins by adjudication}
Started game 1041 of 40000 (cand-13caf43 vs ref-2d6b8f1)
Finished game 1035 (cand-13caf43 vs ref-2d6b8f1): 1-0 {White wins by adjudication}
Started game 1042 of 40000 (ref-2d6b8f1 vs cand-13caf43)
Finished game 1029 (cand-13caf43 vs ref-2d6b8f1): 1/2-1/2 {Draw by adjudication}
Started game 1043 of 40000 (cand-13caf43 vs ref-2d6b8f1)
Finished game 1033 (cand-13caf43 vs ref-2d6b8f1): 1/2-1/2 {Draw by 3-fold repetition}
Started game 1044 of 40000 (ref-2d6b8f1 vs cand-13caf43)
Finished game 1034 (ref-2d6b8f1 vs cand-13caf43): 1/2-1/2 {Draw by adjudication}
Started game 1045 of 40000 (cand-13caf43 vs ref-2d6b8f1)
Finished game 1028 (ref-2d6b8f1 vs cand-13caf43): 0-1 {Black wins by adjudication}
Started game 1046 of 40000 (ref-2d6b8f1 vs cand-13caf43)
Finished game 1040 (ref-2d6b8f1 vs cand-13caf43): 1/2-1/2 {Draw by 3-fold repetition}
Started game 1047 of 40000 (cand-13caf43 vs ref-2d6b8f1)
Finished game 1037 (cand-13caf43 vs ref-2d6b8f1): 0-1 {Black wins by adjudication}
Started game 1048 of 40000 (ref-2d6b8f1 vs cand-13caf43)
Finished game 1032 (ref-2d6b8f1 vs cand-13caf43): 1/2-1/2 {Draw by insufficient mating material}
Started game 1049 of 40000 (cand-13caf43 vs ref-2d6b8f1)
Finished game 1039 (cand-13caf43 vs ref-2d6b8f1): 1-0 {White wins by adjudication}
--------------------------------------------------
Results of cand-13caf43 vs ref-2d6b8f1 (8+0.08, 1t, 16MB, noob_3moves.epd):
Elo: 20.14 +/- 16.21, nElo: 26.37 +/- 21.16
LOS: 99.27 %, DrawRatio: 32.05 %, PairsRatio: 1.19
Games: 1036, Wins: 348, Losses: 288, Draws: 400, Points: 548.0 (52.90 %)
Ptnml(0-2): [28, 133, 166, 133, 58], WL/DD Ratio: 1.48
LLR: 1.03 (34.8%) (-2.94, 2.94) [0.00, 5.00]
--------------------------------------------------
Started game 1050 of 40000 (ref-2d6b8f1 vs cand-13caf43)
Finished game 1042 (ref-2d6b8f1 vs cand-13caf43): 1-0 {White wins by adjudication}
Started game 1051 of 40000 (cand-13caf43 vs ref-2d6b8f1)
Finished game 1041 (cand-13caf43 vs ref-2d6b8f1): 1/2-1/2 {Draw by 3-fold repetition}
Started game 1052 of 40000 (ref-2d6b8f1 vs cand-13caf43)
Finished game 1044 (ref-2d6b8f1 vs cand-13caf43): 1/2-1/2 {Draw by 3-fold repetition}
Started game 1053 of 40000 (cand-13caf43 vs ref-2d6b8f1)
Finished game 1036 (ref-2d6b8f1 vs cand-13caf43): 1/2-1/2 {Draw by 3-fold repetition}
Started game 1054 of 40000 (ref-2d6b8f1 vs cand-13caf43)
Finished game 1043 (cand-13caf43 vs ref-2d6b8f1): 1/2-1/2 {Draw by 3-fold repetition}
Started game 1055 of 40000 (cand-13caf43 vs ref-2d6b8f1)
Finished game 1038 (ref-2d6b8f1 vs cand-13caf43): 0-1 {Black wins by adjudication}
Started game 1056 of 40000 (ref-2d6b8f1 vs cand-13caf43)
Finished game 1046 (ref-2d6b8f1 vs cand-13caf43): 0-1 {Black wins by adjudication}
Started game 1057 of 40000 (cand-13caf43 vs ref-2d6b8f1)
Finished game 1045 (cand-13caf43 vs ref-2d6b8f1): 0-1 {Black wins by adjudication}
Started game 1058 of 40000 (ref-2d6b8f1 vs cand-13caf43)
Finished game 1048 (ref-2d6b8f1 vs cand-13caf43): 0-1 {Black wins by adjudication}
Started game 1059 of 40000 (cand-13caf43 vs ref-2d6b8f1)
Finished game 1049 (cand-13caf43 vs ref-2d6b8f1): 1-0 {White wins by adjudication}
Started game 1060 of 40000 (ref-2d6b8f1 vs cand-13caf43)
Finished game 1047 (cand-13caf43 vs ref-2d6b8f1): 0-1 {Black wins by adjudication}
Started game 1061 of 40000 (cand-13caf43 vs ref-2d6b8f1)
Finished game 1051 (cand-13caf43 vs ref-2d6b8f1): 0-1 {Black wins by adjudication}
Started game 1062 of 40000 (ref-2d6b8f1 vs cand-13caf43)
Finished game 1050 (ref-2d6b8f1 vs cand-13caf43): 1/2-1/2 {Draw by 3-fold repetition}
Started game 1063 of 40000 (cand-13caf43 vs ref-2d6b8f1)
Finished game 1053 (cand-13caf43 vs ref-2d6b8f1): 0-1 {Black wins by adjudication}
Started game 1064 of 40000 (ref-2d6b8f1 vs cand-13caf43)
Finished game 1055 (cand-13caf43 vs ref-2d6b8f1): 0-1 {Black wins by adjudication}
Started game 1065 of 40000 (cand-13caf43 vs ref-2d6b8f1)
Finished game 1056 (ref-2d6b8f1 vs cand-13caf43): 1/2-1/2 {Draw by 3-fold repetition}
Started game 1066 of 40000 (ref-2d6b8f1 vs cand-13caf43)
Finished game 1058 (ref-2d6b8f1 vs cand-13caf43): 1-0 {White wins by adjudication}
Started game 1067 of 40000 (cand-13caf43 vs ref-2d6b8f1)
Finished game 1060 (ref-2d6b8f1 vs cand-13caf43): 1/2-1/2 {Draw by 3-fold repetition}
Started game 1068 of 40000 (ref-2d6b8f1 vs cand-13caf43)
Finished game 1057 (cand-13caf43 vs ref-2d6b8f1): 1/2-1/2 {Draw by 3-fold repetition}
Started game 1069 of 40000 (cand-13caf43 vs ref-2d6b8f1)
Finished game 1061 (cand-13caf43 vs ref-2d6b8f1): 1-0 {White wins by adjudication}
Started game 1070 of 40000 (ref-2d6b8f1 vs cand-13caf43)
Finished game 1052 (ref-2d6b8f1 vs cand-13caf43): 1/2-1/2 {Draw by insufficient mating material}
Started game 1071 of 40000 (cand-13caf43 vs ref-2d6b8f1)
Finished game 1059 (cand-13caf43 vs ref-2d6b8f1): 1/2-1/2 {Draw by insufficient mating material}
--------------------------------------------------
Results of cand-13caf43 vs ref-2d6b8f1 (8+0.08, 1t, 16MB, noob_3moves.epd):
Elo: 19.07 +/- 15.95, nElo: 25.09 +/- 20.94
LOS: 99.06 %, DrawRatio: 32.33 %, PairsRatio: 1.17
Games: 1058, Wins: 353, Losses: 295, Draws: 410, Points: 558.0 (52.74 %)
Ptnml(0-2): [28, 137, 171, 135, 58], WL/DD Ratio: 1.48
LLR: 0.99 (33.7%) (-2.94, 2.94) [0.00, 5.00]
--------------------------------------------------
Started game 1072 of 40000 (ref-2d6b8f1 vs cand-13caf43)
Finished game 1064 (ref-2d6b8f1 vs cand-13caf43): 1-0 {White wins by adjudication}
Started game 1073 of 40000 (cand-13caf43 vs ref-2d6b8f1)
Finished game 1065 (cand-13caf43 vs ref-2d6b8f1): 1-0 {White wins by adjudication}
Started game 1074 of 40000 (ref-2d6b8f1 vs cand-13caf43)
Finished game 1062 (ref-2d6b8f1 vs cand-13caf43): 0-1 {Black wins by adjudication}
Started game 1075 of 40000 (cand-13caf43 vs ref-2d6b8f1)
Finished game 1054 (ref-2d6b8f1 vs cand-13caf43): 1/2-1/2 {Draw by adjudication}
Started game 1076 of 40000 (ref-2d6b8f1 vs cand-13caf43)
Finished game 1063 (cand-13caf43 vs ref-2d6b8f1): 1/2-1/2 {Draw by adjudication}
Started game 1077 of 40000 (cand-13caf43 vs ref-2d6b8f1)
Finished game 1067 (cand-13caf43 vs ref-2d6b8f1): 0-1 {Black wins by adjudication}
Started game 1078 of 40000 (ref-2d6b8f1 vs cand-13caf43)
Finished game 1068 (ref-2d6b8f1 vs cand-13caf43): 1-0 {White wins by adjudication}
Started game 1079 of 40000 (cand-13caf43 vs ref-2d6b8f1)
Finished game 1070 (ref-2d6b8f1 vs cand-13caf43): 1-0 {White wins by adjudication}
Started game 1080 of 40000 (ref-2d6b8f1 vs cand-13caf43)
Finished game 1074 (ref-2d6b8f1 vs cand-13caf43): 1-0 {White wins by adjudication}
Started game 1081 of 40000 (cand-13caf43 vs ref-2d6b8f1)
Finished game 1075 (cand-13caf43 vs ref-2d6b8f1): 1/2-1/2 {Draw by 3-fold repetition}
Started game 1082 of 40000 (ref-2d6b8f1 vs cand-13caf43)
Finished game 1069 (cand-13caf43 vs ref-2d6b8f1): 1/2-1/2 {Draw by 3-fold repetition}
Started game 1083 of 40000 (cand-13caf43 vs ref-2d6b8f1)
Finished game 1071 (cand-13caf43 vs ref-2d6b8f1): 0-1 {Black wins by adjudication}
Started game 1084 of 40000 (ref-2d6b8f1 vs cand-13caf43)
Finished game 1072 (ref-2d6b8f1 vs cand-13caf43): 1-0 {White wins by adjudication}
Started game 1085 of 40000 (cand-13caf43 vs ref-2d6b8f1)
Finished game 1073 (cand-13caf43 vs ref-2d6b8f1): 1/2-1/2 {Draw by adjudication}
Started game 1086 of 40000 (ref-2d6b8f1 vs cand-13caf43)
Finished game 1066 (ref-2d6b8f1 vs cand-13caf43): 1/2-1/2 {Draw by fifty moves rule}
Started game 1087 of 40000 (cand-13caf43 vs ref-2d6b8f1)
Finished game 1078 (ref-2d6b8f1 vs cand-13caf43): 0-1 {Black wins by adjudication}
Started game 1088 of 40000 (ref-2d6b8f1 vs cand-13caf43)
Finished game 1079 (cand-13caf43 vs ref-2d6b8f1): 1-0 {White wins by adjudication}
Started game 1089 of 40000 (cand-13caf43 vs ref-2d6b8f1)
Finished game 1083 (cand-13caf43 vs ref-2d6b8f1): 1/2-1/2 {Draw by 3-fold repetition}
Started game 1090 of 40000 (ref-2d6b8f1 vs cand-13caf43)
Finished game 1076 (ref-2d6b8f1 vs cand-13caf43): 0-1 {Black wins by adjudication}
Started game 1091 of 40000 (cand-13caf43 vs ref-2d6b8f1)
Finished game 1077 (cand-13caf43 vs ref-2d6b8f1): 1-0 {White wins by adjudication}
Started game 1092 of 40000 (ref-2d6b8f1 vs cand-13caf43)
Finished game 1082 (ref-2d6b8f1 vs cand-13caf43): 1/2-1/2 {Draw by 3-fold repetition}
Started game 1093 of 40000 (cand-13caf43 vs ref-2d6b8f1)
Finished game 1087 (cand-13caf43 vs ref-2d6b8f1): 0-1 {Black wins by adjudication}
Started game 1094 of 40000 (ref-2d6b8f1 vs cand-13caf43)
Finished game 1084 (ref-2d6b8f1 vs cand-13caf43): 1-0 {White wins by adjudication}
Started game 1095 of 40000 (cand-13caf43 vs ref-2d6b8f1)
Finished game 1081 (cand-13caf43 vs ref-2d6b8f1): 1/2-1/2 {Draw by 3-fold repetition}
Started game 1096 of 40000 (ref-2d6b8f1 vs cand-13caf43)
Finished game 1080 (ref-2d6b8f1 vs cand-13caf43): 0-1 {Black wins by adjudication}
--------------------------------------------------
Results of cand-13caf43 vs ref-2d6b8f1 (8+0.08, 1t, 16MB, noob_3moves.epd):
Elo: 18.29 +/- 15.91, nElo: 23.83 +/- 20.68
LOS: 98.80 %, DrawRatio: 31.73 %, PairsRatio: 1.15
Games: 1084, Wins: 361, Losses: 304, Draws: 419, Points: 570.5 (52.63 %)
Ptnml(0-2): [30, 142, 172, 137, 61], WL/DD Ratio: 1.46
LLR: 0.96 (32.6%) (-2.94, 2.94) [0.00, 5.00]
--------------------------------------------------
Started game 1097 of 40000 (cand-13caf43 vs ref-2d6b8f1)
Finished game 1089 (cand-13caf43 vs ref-2d6b8f1): 0-1 {Black wins by adjudication}
Started game 1098 of 40000 (ref-2d6b8f1 vs cand-13caf43)
Finished game 1090 (ref-2d6b8f1 vs cand-13caf43): 1/2-1/2 {Draw by 3-fold repetition}
Started game 1099 of 40000 (cand-13caf43 vs ref-2d6b8f1)
Finished game 1088 (ref-2d6b8f1 vs cand-13caf43): 1-0 {White wins by adjudication}
Started game 1100 of 40000 (ref-2d6b8f1 vs cand-13caf43)
Finished game 1085 (cand-13caf43 vs ref-2d6b8f1): 0-1 {Black wins by adjudication}
Started game 1101 of 40000 (cand-13caf43 vs ref-2d6b8f1)
Finished game 1086 (ref-2d6b8f1 vs cand-13caf43): 1/2-1/2 {Draw by 3-fold repetition}
Started game 1102 of 40000 (ref-2d6b8f1 vs cand-13caf43)
Finished game 1096 (ref-2d6b8f1 vs cand-13caf43): 1-0 {White wins by adjudication}
Started game 1103 of 40000 (cand-13caf43 vs ref-2d6b8f1)
Finished game 1097 (cand-13caf43 vs ref-2d6b8f1): 1/2-1/2 {Draw by 3-fold repetition}
Started game 1104 of 40000 (ref-2d6b8f1 vs cand-13caf43)
Finished game 1093 (cand-13caf43 vs ref-2d6b8f1): 0-1 {Black wins by adjudication}
Started game 1105 of 40000 (cand-13caf43 vs ref-2d6b8f1)
Finished game 1095 (cand-13caf43 vs ref-2d6b8f1): 0-1 {Black wins by adjudication}
Started game 1106 of 40000 (ref-2d6b8f1 vs cand-13caf43)
Finished game 1092 (ref-2d6b8f1 vs cand-13caf43): 1/2-1/2 {Draw by 3-fold repetition}
Started game 1107 of 40000 (cand-13caf43 vs ref-2d6b8f1)
Finished game 1101 (cand-13caf43 vs ref-2d6b8f1): 1-0 {White wins by adjudication}
Started game 1108 of 40000 (ref-2d6b8f1 vs cand-13caf43)
Finished game 1098 (ref-2d6b8f1 vs cand-13caf43): 0-1 {Black wins by adjudication}
Started game 1109 of 40000 (cand-13caf43 vs ref-2d6b8f1)
Finished game 1094 (ref-2d6b8f1 vs cand-13caf43): 1-0 {White wins by adjudication}
Started game 1110 of 40000 (ref-2d6b8f1 vs cand-13caf43)
Finished game 1099 (cand-13caf43 vs ref-2d6b8f1): 1-0 {White wins by adjudication}
Started game 1111 of 40000 (cand-13caf43 vs ref-2d6b8f1)
Finished game 1102 (ref-2d6b8f1 vs cand-13caf43): 1/2-1/2 {Draw by 3-fold repetition}
Started game 1112 of 40000 (ref-2d6b8f1 vs cand-13caf43)
Finished game 1100 (ref-2d6b8f1 vs cand-13caf43): 0-1 {Black wins by adjudication}
--------------------------------------------------
Results of cand-13caf43 vs ref-2d6b8f1 (8+0.08, 1t, 16MB, noob_3moves.epd):
Elo: 16.75 +/- 15.93, nElo: 21.65 +/- 20.53
LOS: 98.06 %, DrawRatio: 31.27 %, PairsRatio: 1.14
Games: 1100, Wins: 365, Losses: 312, Draws: 423, Points: 576.5 (52.41 %)
Ptnml(0-2): [33, 144, 172, 139, 62], WL/DD Ratio: 1.46
LLR: 0.87 (29.7%) (-2.94, 2.94) [0.00, 5.00]
--------------------------------------------------
Started game 1113 of 40000 (cand-13caf43 vs ref-2d6b8f1)
Finished game 1103 (cand-13caf43 vs ref-2d6b8f1): 0-1 {Black wins by adjudication}
Started game 1114 of 40000 (ref-2d6b8f1 vs cand-13caf43)
Finished game 1106 (ref-2d6b8f1 vs cand-13caf43): 1-0 {White wins by adjudication}
Started game 1115 of 40000 (cand-13caf43 vs ref-2d6b8f1)
Finished game 1091 (cand-13caf43 vs ref-2d6b8f1): 1/2-1/2 {Draw by fifty moves rule}
Started game 1116 of 40000 (ref-2d6b8f1 vs cand-13caf43)
Finished game 1108 (ref-2d6b8f1 vs cand-13caf43): 1/2-1/2 {Draw by 3-fold repetition}
Started game 1117 of 40000 (cand-13caf43 vs ref-2d6b8f1)
Finished game 1105 (cand-13caf43 vs ref-2d6b8f1): 1-0 {White wins by adjudication}
Started game 1118 of 40000 (ref-2d6b8f1 vs cand-13caf43)
Finished game 1107 (cand-13caf43 vs ref-2d6b8f1): 0-1 {Black wins by adjudication}
Started game 1119 of 40000 (cand-13caf43 vs ref-2d6b8f1)
Finished game 1104 (ref-2d6b8f1 vs cand-13caf43): 0-1 {Black wins by adjudication}
Started game 1120 of 40000 (ref-2d6b8f1 vs cand-13caf43)
Finished game 1110 (ref-2d6b8f1 vs cand-13caf43): 1-0 {White wins by adjudication}
Started game 1121 of 40000 (cand-13caf43 vs ref-2d6b8f1)
Finished game 1113 (cand-13caf43 vs ref-2d6b8f1): 0-1 {Black wins by adjudication}
Started game 1122 of 40000 (ref-2d6b8f1 vs cand-13caf43)
Finished game 1109 (cand-13caf43 vs ref-2d6b8f1): 1/2-1/2 {Draw by adjudication}
Started game 1123 of 40000 (cand-13caf43 vs ref-2d6b8f1)
Finished game 1111 (cand-13caf43 vs ref-2d6b8f1): 0-1 {Black wins by adjudication}
Started game 1124 of 40000 (ref-2d6b8f1 vs cand-13caf43)
Finished game 1118 (ref-2d6b8f1 vs cand-13caf43): 0-1 {Black wins by adjudication}
Started game 1125 of 40000 (cand-13caf43 vs ref-2d6b8f1)
Finished game 1114 (ref-2d6b8f1 vs cand-13caf43): 1/2-1/2 {Draw by 3-fold repetition}
Started game 1126 of 40000 (ref-2d6b8f1 vs cand-13caf43)
Finished game 1115 (cand-13caf43 vs ref-2d6b8f1): 0-1 {Black wins by adjudication}
Started game 1127 of 40000 (cand-13caf43 vs ref-2d6b8f1)
Finished game 1119 (cand-13caf43 vs ref-2d6b8f1): 0-1 {Black wins by adjudication}
Started game 1128 of 40000 (ref-2d6b8f1 vs cand-13caf43)
Finished game 1116 (ref-2d6b8f1 vs cand-13caf43): 1-0 {White wins by adjudication}
Started game 1129 of 40000 (cand-13caf43 vs ref-2d6b8f1)
Finished game 1117 (cand-13caf43 vs ref-2d6b8f1): 0-1 {Black wins by adjudication}
Started game 1130 of 40000 (ref-2d6b8f1 vs cand-13caf43)
Finished game 1112 (ref-2d6b8f1 vs cand-13caf43): 1/2-1/2 {Draw by insufficient mating material}
Started game 1131 of 40000 (cand-13caf43 vs ref-2d6b8f1)
Finished game 1122 (ref-2d6b8f1 vs cand-13caf43): 1/2-1/2 {Draw by adjudication}
Started game 1132 of 40000 (ref-2d6b8f1 vs cand-13caf43)
Finished game 1120 (ref-2d6b8f1 vs cand-13caf43): 1/2-1/2 {Draw by 3-fold repetition}
--------------------------------------------------
Results of cand-13caf43 vs ref-2d6b8f1 (8+0.08, 1t, 16MB, noob_3moves.epd):
Elo: 14.28 +/- 15.75, nElo: 18.47 +/- 20.35
LOS: 96.24 %, DrawRatio: 31.43 %, PairsRatio: 1.10
Games: 1120, Wins: 368, Losses: 322, Draws: 430, Points: 583.0 (52.05 %)
Ptnml(0-2): [34, 149, 176, 139, 62], WL/DD Ratio: 1.48
LLR: 0.74 (25.2%) (-2.94, 2.94) [0.00, 5.00]
--------------------------------------------------
Started game 1133 of 40000 (cand-13caf43 vs ref-2d6b8f1)
Finished game 1121 (cand-13caf43 vs ref-2d6b8f1): 0-1 {Black wins by adjudication}
Started game 1134 of 40000 (ref-2d6b8f1 vs cand-13caf43)
Finished game 1123 (cand-13caf43 vs ref-2d6b8f1): 0-1 {Black wins by adjudication}
Started game 1135 of 40000 (cand-13caf43 vs ref-2d6b8f1)
Finished game 1127 (cand-13caf43 vs ref-2d6b8f1): 1-0 {White wins by adjudication}
Started game 1136 of 40000 (ref-2d6b8f1 vs cand-13caf43)
Finished game 1125 (cand-13caf43 vs ref-2d6b8f1): 1/2-1/2 {Draw by 3-fold repetition}
Started game 1137 of 40000 (cand-13caf43 vs ref-2d6b8f1)
Finished game 1126 (ref-2d6b8f1 vs cand-13caf43): 1/2-1/2 {Draw by 3-fold repetition}
Started game 1138 of 40000 (ref-2d6b8f1 vs cand-13caf43)
Finished game 1130 (ref-2d6b8f1 vs cand-13caf43): 1/2-1/2 {Draw by 3-fold repetition}
Started game 1139 of 40000 (cand-13caf43 vs ref-2d6b8f1)
Finished game 1131 (cand-13caf43 vs ref-2d6b8f1): 1/2-1/2 {Draw by 3-fold repetition}
Started game 1140 of 40000 (ref-2d6b8f1 vs cand-13caf43)
Finished game 1128 (ref-2d6b8f1 vs cand-13caf43): 1-0 {White wins by adjudication}
Started game 1141 of 40000 (cand-13caf43 vs ref-2d6b8f1)
Finished game 1129 (cand-13caf43 vs ref-2d6b8f1): 0-1 {Black wins by adjudication}
Started game 1142 of 40000 (ref-2d6b8f1 vs cand-13caf43)
Finished game 1124 (ref-2d6b8f1 vs cand-13caf43): 1/2-1/2 {Draw by adjudication}
Started game 1143 of 40000 (cand-13caf43 vs ref-2d6b8f1)
Finished game 1137 (cand-13caf43 vs ref-2d6b8f1): 1/2-1/2 {Draw by 3-fold repetition}
Started game 1144 of 40000 (ref-2d6b8f1 vs cand-13caf43)
Finished game 1138 (ref-2d6b8f1 vs cand-13caf43): 0-1 {Black wins by adjudication}
Started game 1145 of 40000 (cand-13caf43 vs ref-2d6b8f1)
Finished game 1135 (cand-13caf43 vs ref-2d6b8f1): 1-0 {White wins by adjudication}
Started game 1146 of 40000 (ref-2d6b8f1 vs cand-13caf43)
Finished game 1134 (ref-2d6b8f1 vs cand-13caf43): 1/2-1/2 {Draw by 3-fold repetition}
Started game 1147 of 40000 (cand-13caf43 vs ref-2d6b8f1)
Finished game 1132 (ref-2d6b8f1 vs cand-13caf43): 1/2-1/2 {Draw by adjudication}
Started game 1148 of 40000 (ref-2d6b8f1 vs cand-13caf43)
Finished game 1133 (cand-13caf43 vs ref-2d6b8f1): 1-0 {White wins by adjudication}
Started game 1149 of 40000 (cand-13caf43 vs ref-2d6b8f1)
Finished game 1140 (ref-2d6b8f1 vs cand-13caf43): 0-1 {Black wins by adjudication}
Started game 1150 of 40000 (ref-2d6b8f1 vs cand-13caf43)
Finished game 1136 (ref-2d6b8f1 vs cand-13caf43): 1/2-1/2 {Draw by fifty moves rule}
Started game 1151 of 40000 (cand-13caf43 vs ref-2d6b8f1)
Finished game 1143 (cand-13caf43 vs ref-2d6b8f1): 1-0 {White wins by adjudication}
Started game 1152 of 40000 (ref-2d6b8f1 vs cand-13caf43)
Finished game 1139 (cand-13caf43 vs ref-2d6b8f1): 0-1 {Black wins by adjudication}
--------------------------------------------------
Results of cand-13caf43 vs ref-2d6b8f1 (8+0.08, 1t, 16MB, noob_3moves.epd):
Elo: 14.03 +/- 15.55, nElo: 18.23 +/- 20.17
LOS: 96.18 %, DrawRatio: 31.58 %, PairsRatio: 1.10
Games: 1140, Wins: 373, Losses: 327, Draws: 440, Points: 593.0 (52.02 %)
Ptnml(0-2): [34, 152, 180, 142, 62], WL/DD Ratio: 1.47
LLR: 0.74 (25.3%) (-2.94, 2.94) [0.00, 5.00]
--------------------------------------------------
Started game 1153 of 40000 (cand-13caf43 vs ref-2d6b8f1)
Finished game 1144 (ref-2d6b8f1 vs cand-13caf43): 0-1 {Black wins by adjudication}
Started game 1154 of 40000 (ref-2d6b8f1 vs cand-13caf43)
Finished game 1147 (cand-13caf43 vs ref-2d6b8f1): 1/2-1/2 {Draw by 3-fold repetition}
Started game 1155 of 40000 (cand-13caf43 vs ref-2d6b8f1)
Finished game 1145 (cand-13caf43 vs ref-2d6b8f1): 0-1 {Black wins by adjudication}
Started game 1156 of 40000 (ref-2d6b8f1 vs cand-13caf43)
Finished game 1146 (ref-2d6b8f1 vs cand-13caf43): 1/2-1/2 {Draw by 3-fold repetition}
Started game 1157 of 40000 (cand-13caf43 vs ref-2d6b8f1)
Finished game 1148 (ref-2d6b8f1 vs cand-13caf43): 1-0 {White wins by adjudication}
Started game 1158 of 40000 (ref-2d6b8f1 vs cand-13caf43)
Finished game 1150 (ref-2d6b8f1 vs cand-13caf43): 0-1 {Black wins by adjudication}
Started game 1159 of 40000 (cand-13caf43 vs ref-2d6b8f1)
Finished game 1149 (cand-13caf43 vs ref-2d6b8f1): 1-0 {White wins by adjudication}
Started game 1160 of 40000 (ref-2d6b8f1 vs cand-13caf43)
Finished game 1141 (cand-13caf43 vs ref-2d6b8f1): 1/2-1/2 {Draw by fifty moves rule}
Started game 1161 of 40000 (cand-13caf43 vs ref-2d6b8f1)
Finished game 1152 (ref-2d6b8f1 vs cand-13caf43): 1-0 {White wins by adjudication}
Started game 1162 of 40000 (ref-2d6b8f1 vs cand-13caf43)
Finished game 1151 (cand-13caf43 vs ref-2d6b8f1): 1-0 {White wins by adjudication}
Started game 1163 of 40000 (cand-13caf43 vs ref-2d6b8f1)
Finished game 1154 (ref-2d6b8f1 vs cand-13caf43): 0-1 {Black wins by adjudication}
Started game 1164 of 40000 (ref-2d6b8f1 vs cand-13caf43)
Finished game 1142 (ref-2d6b8f1 vs cand-13caf43): 1/2-1/2 {Draw by fifty moves rule}
Started game 1165 of 40000 (cand-13caf43 vs ref-2d6b8f1)
Finished game 1153 (cand-13caf43 vs ref-2d6b8f1): 1-0 {White wins by adjudication}
Started game 1166 of 40000 (ref-2d6b8f1 vs cand-13caf43)
Finished game 1155 (cand-13caf43 vs ref-2d6b8f1): 0-1 {Black wins by adjudication}
Started game 1167 of 40000 (cand-13caf43 vs ref-2d6b8f1)
Finished game 1156 (ref-2d6b8f1 vs cand-13caf43): 1-0 {White wins by adjudication}
Started game 1168 of 40000 (ref-2d6b8f1 vs cand-13caf43)
Finished game 1157 (cand-13caf43 vs ref-2d6b8f1): 0-1 {Black wins by adjudication}
Started game 1169 of 40000 (cand-13caf43 vs ref-2d6b8f1)
Finished game 1165 (cand-13caf43 vs ref-2d6b8f1): 1/2-1/2 {Draw by 3-fold repetition}
Started game 1170 of 40000 (ref-2d6b8f1 vs cand-13caf43)
Finished game 1160 (ref-2d6b8f1 vs cand-13caf43): 1-0 {White wins by adjudication}
Started game 1171 of 40000 (cand-13caf43 vs ref-2d6b8f1)
Finished game 1158 (ref-2d6b8f1 vs cand-13caf43): 1/2-1/2 {Draw by stalemate}
Started game 1172 of 40000 (ref-2d6b8f1 vs cand-13caf43)
Finished game 1163 (cand-13caf43 vs ref-2d6b8f1): 1-0 {White wins by adjudication}
Started game 1173 of 40000 (cand-13caf43 vs ref-2d6b8f1)
Finished game 1162 (ref-2d6b8f1 vs cand-13caf43): 1/2-1/2 {Draw by insufficient mating material}
Started game 1174 of 40000 (ref-2d6b8f1 vs cand-13caf43)
Finished game 1166 (ref-2d6b8f1 vs cand-13caf43): 1-0 {White wins by adjudication}
Started game 1175 of 40000 (cand-13caf43 vs ref-2d6b8f1)
Finished game 1164 (ref-2d6b8f1 vs cand-13caf43): 0-1 {Black wins by adjudication}
Started game 1176 of 40000 (ref-2d6b8f1 vs cand-13caf43)
Finished game 1167 (cand-13caf43 vs ref-2d6b8f1): 1/2-1/2 {Draw by insufficient mating material}
Started game 1177 of 40000 (cand-13caf43 vs ref-2d6b8f1)
Finished game 1161 (cand-13caf43 vs ref-2d6b8f1): 1/2-1/2 {Draw by adjudication}
Started game 1178 of 40000 (ref-2d6b8f1 vs cand-13caf43)
Finished game 1168 (ref-2d6b8f1 vs cand-13caf43): 0-1 {Black wins by adjudication}
Started game 1179 of 40000 (cand-13caf43 vs ref-2d6b8f1)
Finished game 1159 (cand-13caf43 vs ref-2d6b8f1): 1/2-1/2 {Draw by fifty moves rule}
--------------------------------------------------
Results of cand-13caf43 vs ref-2d6b8f1 (8+0.08, 1t, 16MB, noob_3moves.epd):
Elo: 14.29 +/- 15.46, nElo: 18.44 +/- 19.93
LOS: 96.52 %, DrawRatio: 31.34 %, PairsRatio: 1.09
Games: 1168, Wins: 383, Losses: 335, Draws: 450, Points: 608.0 (52.05 %)
Ptnml(0-2): [35, 157, 183, 143, 66], WL/DD Ratio: 1.44
LLR: 0.77 (26.3%) (-2.94, 2.94) [0.00, 5.00]
--------------------------------------------------
Started game 1180 of 40000 (ref-2d6b8f1 vs cand-13caf43)
Finished game 1169 (cand-13caf43 vs ref-2d6b8f1): 1/2-1/2 {Draw by 3-fold repetition}
Started game 1181 of 40000 (cand-13caf43 vs ref-2d6b8f1)
Finished game 1172 (ref-2d6b8f1 vs cand-13caf43): 1/2-1/2 {Draw by adjudication}
Started game 1182 of 40000 (ref-2d6b8f1 vs cand-13caf43)
Finished game 1176 (ref-2d6b8f1 vs cand-13caf43): 0-1 {Black wins by adjudication}
Started game 1183 of 40000 (cand-13caf43 vs ref-2d6b8f1)
Finished game 1173 (cand-13caf43 vs ref-2d6b8f1): 1/2-1/2 {Draw by 3-fold repetition}
Started game 1184 of 40000 (ref-2d6b8f1 vs cand-13caf43)
Finished game 1177 (cand-13caf43 vs ref-2d6b8f1): 1-0 {White wins by adjudication}
Started game 1185 of 40000 (cand-13caf43 vs ref-2d6b8f1)
Finished game 1170 (ref-2d6b8f1 vs cand-13caf43): 1/2-1/2 {Draw by fifty moves rule}
Started game 1186 of 40000 (ref-2d6b8f1 vs cand-13caf43)
Finished game 1171 (cand-13caf43 vs ref-2d6b8f1): 1/2-1/2 {Draw by adjudication}
Started game 1187 of 40000 (cand-13caf43 vs ref-2d6b8f1)
Finished game 1179 (cand-13caf43 vs ref-2d6b8f1): 0-1 {Black wins by adjudication}
Started game 1188 of 40000 (ref-2d6b8f1 vs cand-13caf43)
Finished game 1178 (ref-2d6b8f1 vs cand-13caf43): 0-1 {Black wins by adjudication}
Started game 1189 of 40000 (cand-13caf43 vs ref-2d6b8f1)
Finished game 1174 (ref-2d6b8f1 vs cand-13caf43): 1-0 {White wins by adjudication}
Started game 1190 of 40000 (ref-2d6b8f1 vs cand-13caf43)
Finished game 1180 (ref-2d6b8f1 vs cand-13caf43): 0-1 {Black wins by adjudication}
--------------------------------------------------
Results of cand-13caf43 vs ref-2d6b8f1 (8+0.08, 1t, 16MB, noob_3moves.epd):
Elo: 14.46 +/- 15.38, nElo: 18.68 +/- 19.84
LOS: 96.75 %, DrawRatio: 31.58 %, PairsRatio: 1.09
Games: 1178, Wins: 386, Losses: 337, Draws: 455, Points: 613.5 (52.08 %)
Ptnml(0-2): [35, 158, 186, 143, 67], WL/DD Ratio: 1.42
LLR: 0.79 (26.9%) (-2.94, 2.94) [0.00, 5.00]
--------------------------------------------------
Started game 1191 of 40000 (cand-13caf43 vs ref-2d6b8f1)
Finished game 1175 (cand-13caf43 vs ref-2d6b8f1): 1/2-1/2 {Draw by 3-fold repetition}
Started game 1192 of 40000 (ref-2d6b8f1 vs cand-13caf43)
Finished game 1184 (ref-2d6b8f1 vs cand-13caf43): 0-1 {Black wins by adjudication}
Started game 1193 of 40000 (cand-13caf43 vs ref-2d6b8f1)
Finished game 1181 (cand-13caf43 vs ref-2d6b8f1): 1/2-1/2 {Draw by 3-fold repetition}
Started game 1194 of 40000 (ref-2d6b8f1 vs cand-13caf43)
Finished game 1182 (ref-2d6b8f1 vs cand-13caf43): 1/2-1/2 {Draw by 3-fold repetition}
Started game 1195 of 40000 (cand-13caf43 vs ref-2d6b8f1)
Finished game 1188 (ref-2d6b8f1 vs cand-13caf43): 1/2-1/2 {Draw by adjudication}
Started game 1196 of 40000 (ref-2d6b8f1 vs cand-13caf43)
Finished game 1185 (cand-13caf43 vs ref-2d6b8f1): 1-0 {White wins by adjudication}
Started game 1197 of 40000 (cand-13caf43 vs ref-2d6b8f1)
Finished game 1183 (cand-13caf43 vs ref-2d6b8f1): 1/2-1/2 {Draw by insufficient mating material}
Started game 1198 of 40000 (ref-2d6b8f1 vs cand-13caf43)
Finished game 1186 (ref-2d6b8f1 vs cand-13caf43): 0-1 {Black wins by adjudication}
Started game 1199 of 40000 (cand-13caf43 vs ref-2d6b8f1)
Finished game 1191 (cand-13caf43 vs ref-2d6b8f1): 0-1 {Black wins by adjudication}
Started game 1200 of 40000 (ref-2d6b8f1 vs cand-13caf43)
Finished game 1187 (cand-13caf43 vs ref-2d6b8f1): 1/2-1/2 {Draw by adjudication}
Started game 1201 of 40000 (cand-13caf43 vs ref-2d6b8f1)
Finished game 1190 (ref-2d6b8f1 vs cand-13caf43): 1/2-1/2 {Draw by adjudication}
Started game 1202 of 40000 (ref-2d6b8f1 vs cand-13caf43)
Finished game 1189 (cand-13caf43 vs ref-2d6b8f1): 0-1 {Black wins by adjudication}
Started game 1203 of 40000 (cand-13caf43 vs ref-2d6b8f1)
Finished game 1192 (ref-2d6b8f1 vs cand-13caf43): 0-1 {Black wins by adjudication}
Started game 1204 of 40000 (ref-2d6b8f1 vs cand-13caf43)
Finished game 1193 (cand-13caf43 vs ref-2d6b8f1): 1/2-1/2 {Draw by adjudication}
Started game 1205 of 40000 (cand-13caf43 vs ref-2d6b8f1)
Finished game 1197 (cand-13caf43 vs ref-2d6b8f1): 0-1 {Black wins by adjudication}
Started game 1206 of 40000 (ref-2d6b8f1 vs cand-13caf43)
Finished game 1196 (ref-2d6b8f1 vs cand-13caf43): 1/2-1/2 {Draw by 3-fold repetition}
Started game 1207 of 40000 (cand-13caf43 vs ref-2d6b8f1)
Finished game 1195 (cand-13caf43 vs ref-2d6b8f1): 1/2-1/2 {Draw by 3-fold repetition}
Started game 1208 of 40000 (ref-2d6b8f1 vs cand-13caf43)
Finished game 1200 (ref-2d6b8f1 vs cand-13caf43): 0-1 {Black wins by adjudication}
Started game 1209 of 40000 (cand-13caf43 vs ref-2d6b8f1)
Finished game 1194 (ref-2d6b8f1 vs cand-13caf43): 0-1 {Black wins by adjudication}
Started game 1210 of 40000 (ref-2d6b8f1 vs cand-13caf43)
Finished game 1201 (cand-13caf43 vs ref-2d6b8f1): 1/2-1/2 {Draw by 3-fold repetition}
Started game 1211 of 40000 (cand-13caf43 vs ref-2d6b8f1)
Finished game 1199 (cand-13caf43 vs ref-2d6b8f1): 1/2-1/2 {Draw by 3-fold repetition}
--------------------------------------------------
Results of cand-13caf43 vs ref-2d6b8f1 (8+0.08, 1t, 16MB, noob_3moves.epd):
Elo: 15.67 +/- 15.22, nElo: 20.30 +/- 19.67
LOS: 97.84 %, DrawRatio: 31.72 %, PairsRatio: 1.11
Games: 1198, Wins: 393, Losses: 339, Draws: 466, Points: 626.0 (52.25 %)
Ptnml(0-2): [35, 159, 190, 147, 68], WL/DD Ratio: 1.38
LLR: 0.89 (30.1%) (-2.94, 2.94) [0.00, 5.00]
--------------------------------------------------
Started game 1212 of 40000 (ref-2d6b8f1 vs cand-13caf43)
Finished game 1198 (ref-2d6b8f1 vs cand-13caf43): 1/2-1/2 {Draw by fifty moves rule}
Started game 1213 of 40000 (cand-13caf43 vs ref-2d6b8f1)
Finished game 1205 (cand-13caf43 vs ref-2d6b8f1): 1/2-1/2 {Draw by adjudication}
Started game 1214 of 40000 (ref-2d6b8f1 vs cand-13caf43)
Finished game 1202 (ref-2d6b8f1 vs cand-13caf43): 0-1 {Black wins by adjudication}
Started game 1215 of 40000 (cand-13caf43 vs ref-2d6b8f1)
Finished game 1206 (ref-2d6b8f1 vs cand-13caf43): 1/2-1/2 {Draw by 3-fold repetition}
Started game 1216 of 40000 (ref-2d6b8f1 vs cand-13caf43)
Finished game 1203 (cand-13caf43 vs ref-2d6b8f1): 1/2-1/2 {Draw by fifty moves rule}
Started game 1217 of 40000 (cand-13caf43 vs ref-2d6b8f1)
Finished game 1204 (ref-2d6b8f1 vs cand-13caf43): 1/2-1/2 {Draw by insufficient mating material}
Started game 1218 of 40000 (ref-2d6b8f1 vs cand-13caf43)
Finished game 1212 (ref-2d6b8f1 vs cand-13caf43): 1/2-1/2 {Draw by 3-fold repetition}
Started game 1219 of 40000 (cand-13caf43 vs ref-2d6b8f1)
Finished game 1209 (cand-13caf43 vs ref-2d6b8f1): 1-0 {White wins by adjudication}
Started game 1220 of 40000 (ref-2d6b8f1 vs cand-13caf43)
Finished game 1211 (cand-13caf43 vs ref-2d6b8f1): 0-1 {Black wins by adjudication}
Started game 1221 of 40000 (cand-13caf43 vs ref-2d6b8f1)
Finished game 1210 (ref-2d6b8f1 vs cand-13caf43): 0-1 {Black wins by adjudication}
Started game 1222 of 40000 (ref-2d6b8f1 vs cand-13caf43)
Finished game 1207 (cand-13caf43 vs ref-2d6b8f1): 1/2-1/2 {Draw by 3-fold repetition}
Started game 1223 of 40000 (cand-13caf43 vs ref-2d6b8f1)
Finished game 1208 (ref-2d6b8f1 vs cand-13caf43): 1/2-1/2 {Draw by 3-fold repetition}
Started game 1224 of 40000 (ref-2d6b8f1 vs cand-13caf43)
Finished game 1214 (ref-2d6b8f1 vs cand-13caf43): 1-0 {White wins by adjudication}
Started game 1225 of 40000 (cand-13caf43 vs ref-2d6b8f1)
Finished game 1218 (ref-2d6b8f1 vs cand-13caf43): 1-0 {White wins by adjudication}
Started game 1226 of 40000 (ref-2d6b8f1 vs cand-13caf43)
Finished game 1216 (ref-2d6b8f1 vs cand-13caf43): 0-1 {Black wins by adjudication}
Started game 1227 of 40000 (cand-13caf43 vs ref-2d6b8f1)
Finished game 1213 (cand-13caf43 vs ref-2d6b8f1): 0-1 {Black wins by adjudication}
Started game 1228 of 40000 (ref-2d6b8f1 vs cand-13caf43)
Finished game 1215 (cand-13caf43 vs ref-2d6b8f1): 1/2-1/2 {Draw by adjudication}
Started game 1229 of 40000 (cand-13caf43 vs ref-2d6b8f1)
Finished game 1221 (cand-13caf43 vs ref-2d6b8f1): 1-0 {White wins by adjudication}
Started game 1230 of 40000 (ref-2d6b8f1 vs cand-13caf43)
Finished game 1217 (cand-13caf43 vs ref-2d6b8f1): 0-1 {Black wins by adjudication}
Started game 1231 of 40000 (cand-13caf43 vs ref-2d6b8f1)
Finished game 1223 (cand-13caf43 vs ref-2d6b8f1): 1/2-1/2 {Draw by 3-fold repetition}
Started game 1232 of 40000 (ref-2d6b8f1 vs cand-13caf43)
Finished game 1220 (ref-2d6b8f1 vs cand-13caf43): 1-0 {White wins by adjudication}
Started game 1233 of 40000 (cand-13caf43 vs ref-2d6b8f1)
Finished game 1219 (cand-13caf43 vs ref-2d6b8f1): 1/2-1/2 {Draw by insufficient mating material}
--------------------------------------------------
Results of cand-13caf43 vs ref-2d6b8f1 (8+0.08, 1t, 16MB, noob_3moves.epd):
Elo: 14.53 +/- 15.12, nElo: 18.77 +/- 19.50
LOS: 97.04 %, DrawRatio: 31.64 %, PairsRatio: 1.10
Games: 1220, Wins: 397, Losses: 346, Draws: 477, Points: 635.5 (52.09 %)
Ptnml(0-2): [37, 162, 193, 149, 69], WL/DD Ratio: 1.33
LLR: 0.82 (28.0%) (-2.94, 2.94) [0.00, 5.00]
--------------------------------------------------
Started game 1234 of 40000 (ref-2d6b8f1 vs cand-13caf43)
Finished game 1222 (ref-2d6b8f1 vs cand-13caf43): 1/2-1/2 {Draw by insufficient mating material}
Started game 1235 of 40000 (cand-13caf43 vs ref-2d6b8f1)
Finished game 1224 (ref-2d6b8f1 vs cand-13caf43): 0-1 {Black wins by adjudication}
Started game 1236 of 40000 (ref-2d6b8f1 vs cand-13caf43)
Finished game 1226 (ref-2d6b8f1 vs cand-13caf43): 1/2-1/2 {Draw by 3-fold repetition}
Started game 1237 of 40000 (cand-13caf43 vs ref-2d6b8f1)
Finished game 1227 (cand-13caf43 vs ref-2d6b8f1): 0-1 {Black wins by adjudication}
Started game 1238 of 40000 (ref-2d6b8f1 vs cand-13caf43)
Finished game 1234 (ref-2d6b8f1 vs cand-13caf43): 1/2-1/2 {Draw by 3-fold repetition}
Started game 1239 of 40000 (cand-13caf43 vs ref-2d6b8f1)
Finished game 1231 (cand-13caf43 vs ref-2d6b8f1): 1-0 {White wins by adjudication}
Started game 1240 of 40000 (ref-2d6b8f1 vs cand-13caf43)
Finished game 1232 (ref-2d6b8f1 vs cand-13caf43): 0-1 {Black wins by adjudication}
Started game 1241 of 40000 (cand-13caf43 vs ref-2d6b8f1)
Finished game 1228 (ref-2d6b8f1 vs cand-13caf43): 0-1 {Black wins by adjudication}
Started game 1242 of 40000 (ref-2d6b8f1 vs cand-13caf43)
Finished game 1229 (cand-13caf43 vs ref-2d6b8f1): 0-1 {Black wins by adjudication}
Started game 1243 of 40000 (cand-13caf43 vs ref-2d6b8f1)
Finished game 1236 (ref-2d6b8f1 vs cand-13caf43): 0-1 {Black wins by adjudication}
Started game 1244 of 40000 (ref-2d6b8f1 vs cand-13caf43)
Finished game 1237 (cand-13caf43 vs ref-2d6b8f1): 1/2-1/2 {Draw by 3-fold repetition}
Started game 1245 of 40000 (cand-13caf43 vs ref-2d6b8f1)
Finished game 1233 (cand-13caf43 vs ref-2d6b8f1): 1/2-1/2 {Draw by 3-fold repetition}
Started game 1246 of 40000 (ref-2d6b8f1 vs cand-13caf43)
Finished game 1230 (ref-2d6b8f1 vs cand-13caf43): 0-1 {Black wins by adjudication}
Started game 1247 of 40000 (cand-13caf43 vs ref-2d6b8f1)
Finished game 1235 (cand-13caf43 vs ref-2d6b8f1): 1/2-1/2 {Draw by adjudication}
Started game 1248 of 40000 (ref-2d6b8f1 vs cand-13caf43)
Finished game 1238 (ref-2d6b8f1 vs cand-13caf43): 1/2-1/2 {Draw by insufficient mating material}
Started game 1249 of 40000 (cand-13caf43 vs ref-2d6b8f1)
Finished game 1240 (ref-2d6b8f1 vs cand-13caf43): 1/2-1/2 {Draw by 3-fold repetition}
Started game 1250 of 40000 (ref-2d6b8f1 vs cand-13caf43)
Finished game 1239 (cand-13caf43 vs ref-2d6b8f1): 1-0 {White wins by adjudication}
--------------------------------------------------
Results of cand-13caf43 vs ref-2d6b8f1 (8+0.08, 1t, 16MB, noob_3moves.epd):
Elo: 16.01 +/- 14.98, nElo: 20.72 +/- 19.35
LOS: 98.21 %, DrawRatio: 31.83 %, PairsRatio: 1.12
Games: 1238, Wins: 405, Losses: 348, Draws: 485, Points: 647.5 (52.30 %)
Ptnml(0-2): [37, 162, 197, 153, 70], WL/DD Ratio: 1.32
LLR: 0.94 (31.8%) (-2.94, 2.94) [0.00, 5.00]
--------------------------------------------------
Started game 1251 of 40000 (cand-13caf43 vs ref-2d6b8f1)
Finished game 1241 (cand-13caf43 vs ref-2d6b8f1): 0-1 {Black wins by adjudication}
Started game 1252 of 40000 (ref-2d6b8f1 vs cand-13caf43)
Finished game 1225 (cand-13caf43 vs ref-2d6b8f1): 1/2-1/2 {Draw by adjudication}
Started game 1253 of 40000 (cand-13caf43 vs ref-2d6b8f1)
Finished game 1248 (ref-2d6b8f1 vs cand-13caf43): 1-0 {White wins by adjudication}
Started game 1254 of 40000 (ref-2d6b8f1 vs cand-13caf43)
Finished game 1242 (ref-2d6b8f1 vs cand-13caf43): 0-1 {Black wins by adjudication}
Started game 1255 of 40000 (cand-13caf43 vs ref-2d6b8f1)
Finished game 1244 (ref-2d6b8f1 vs cand-13caf43): 0-1 {Black wins by adjudication}
Started game 1256 of 40000 (ref-2d6b8f1 vs cand-13caf43)
Finished game 1243 (cand-13caf43 vs ref-2d6b8f1): 1-0 {White wins by adjudication}
Started game 1257 of 40000 (cand-13caf43 vs ref-2d6b8f1)
Finished game 1246 (ref-2d6b8f1 vs cand-13caf43): 1-0 {White wins by adjudication}
Started game 1258 of 40000 (ref-2d6b8f1 vs cand-13caf43)
Finished game 1247 (cand-13caf43 vs ref-2d6b8f1): 1-0 {White wins by adjudication}
Started game 1259 of 40000 (cand-13caf43 vs ref-2d6b8f1)
Finished game 1245 (cand-13caf43 vs ref-2d6b8f1): 0-1 {Black wins by adjudication}
Started game 1260 of 40000 (ref-2d6b8f1 vs cand-13caf43)
Finished game 1249 (cand-13caf43 vs ref-2d6b8f1): 0-1 {Black wins by adjudication}
Started game 1261 of 40000 (cand-13caf43 vs ref-2d6b8f1)
Finished game 1250 (ref-2d6b8f1 vs cand-13caf43): 0-1 {Black wins by adjudication}
Started game 1262 of 40000 (ref-2d6b8f1 vs cand-13caf43)
Finished game 1253 (cand-13caf43 vs ref-2d6b8f1): 1/2-1/2 {Draw by insufficient mating material}
Started game 1263 of 40000 (cand-13caf43 vs ref-2d6b8f1)
Finished game 1255 (cand-13caf43 vs ref-2d6b8f1): 1/2-1/2 {Draw by 3-fold repetition}
Started game 1264 of 40000 (ref-2d6b8f1 vs cand-13caf43)
Finished game 1256 (ref-2d6b8f1 vs cand-13caf43): 1/2-1/2 {Draw by 3-fold repetition}
Started game 1265 of 40000 (cand-13caf43 vs ref-2d6b8f1)
Finished game 1259 (cand-13caf43 vs ref-2d6b8f1): 1-0 {White wins by adjudication}
Started game 1266 of 40000 (ref-2d6b8f1 vs cand-13caf43)
Finished game 1252 (ref-2d6b8f1 vs cand-13caf43): 1/2-1/2 {Draw by 3-fold repetition}
Started game 1267 of 40000 (cand-13caf43 vs ref-2d6b8f1)
Finished game 1251 (cand-13caf43 vs ref-2d6b8f1): 1-0 {White wins by adjudication}
Started game 1268 of 40000 (ref-2d6b8f1 vs cand-13caf43)
Finished game 1258 (ref-2d6b8f1 vs cand-13caf43): 1-0 {White wins by adjudication}
Started game 1269 of 40000 (cand-13caf43 vs ref-2d6b8f1)
Finished game 1254 (ref-2d6b8f1 vs cand-13caf43): 1/2-1/2 {Draw by adjudication}
Started game 1270 of 40000 (ref-2d6b8f1 vs cand-13caf43)
Finished game 1260 (ref-2d6b8f1 vs cand-13caf43): 1-0 {White wins by adjudication}
--------------------------------------------------
Results of cand-13caf43 vs ref-2d6b8f1 (8+0.08, 1t, 16MB, noob_3moves.epd):
Elo: 16.03 +/- 14.83, nElo: 20.79 +/- 19.20
LOS: 98.31 %, DrawRatio: 32.43 %, PairsRatio: 1.12
Games: 1258, Wins: 412, Losses: 354, Draws: 492, Points: 658.0 (52.31 %)
Ptnml(0-2): [38, 162, 204, 154, 71], WL/DD Ratio: 1.32
LLR: 0.96 (32.4%) (-2.94, 2.94) [0.00, 5.00]
--------------------------------------------------
Started game 1271 of 40000 (cand-13caf43 vs ref-2d6b8f1)
Finished game 1265 (cand-13caf43 vs ref-2d6b8f1): 1-0 {White wins by adjudication}
Started game 1272 of 40000 (ref-2d6b8f1 vs cand-13caf43)
Finished game 1257 (cand-13caf43 vs ref-2d6b8f1): 1/2-1/2 {Draw by fifty moves rule}
Started game 1273 of 40000 (cand-13caf43 vs ref-2d6b8f1)
Finished game 1262 (ref-2d6b8f1 vs cand-13caf43): 1/2-1/2 {Draw by 3-fold repetition}
Started game 1274 of 40000 (ref-2d6b8f1 vs cand-13caf43)
Finished game 1268 (ref-2d6b8f1 vs cand-13caf43): 0-1 {Black wins by adjudication}
Started game 1275 of 40000 (cand-13caf43 vs ref-2d6b8f1)
Finished game 1261 (cand-13caf43 vs ref-2d6b8f1): 0-1 {Black wins by adjudication}
Started game 1276 of 40000 (ref-2d6b8f1 vs cand-13caf43)
Finished game 1266 (ref-2d6b8f1 vs cand-13caf43): 0-1 {Black wins by adjudication}
Started game 1277 of 40000 (cand-13caf43 vs ref-2d6b8f1)
Finished game 1267 (cand-13caf43 vs ref-2d6b8f1): 1-0 {White wins by adjudication}
Started game 1278 of 40000 (ref-2d6b8f1 vs cand-13caf43)
Finished game 1263 (cand-13caf43 vs ref-2d6b8f1): 1-0 {White wins by adjudication}
Started game 1279 of 40000 (cand-13caf43 vs ref-2d6b8f1)
Finished game 1270 (ref-2d6b8f1 vs cand-13caf43): 1/2-1/2 {Draw by adjudication}
Started game 1280 of 40000 (ref-2d6b8f1 vs cand-13caf43)
Finished game 1264 (ref-2d6b8f1 vs cand-13caf43): 0-1 {Black wins by adjudication}
Started game 1281 of 40000 (cand-13caf43 vs ref-2d6b8f1)
Finished game 1269 (cand-13caf43 vs ref-2d6b8f1): 0-1 {Black wins by adjudication}
Started game 1282 of 40000 (ref-2d6b8f1 vs cand-13caf43)
Finished game 1273 (cand-13caf43 vs ref-2d6b8f1): 1/2-1/2 {Draw by 3-fold repetition}
Started game 1283 of 40000 (cand-13caf43 vs ref-2d6b8f1)
Finished game 1272 (ref-2d6b8f1 vs cand-13caf43): 1-0 {White wins by adjudication}
Started game 1284 of 40000 (ref-2d6b8f1 vs cand-13caf43)
Finished game 1275 (cand-13caf43 vs ref-2d6b8f1): 1/2-1/2 {Draw by 3-fold repetition}
Started game 1285 of 40000 (cand-13caf43 vs ref-2d6b8f1)
Finished game 1271 (cand-13caf43 vs ref-2d6b8f1): 1/2-1/2 {Draw by fifty moves rule}
Started game 1286 of 40000 (ref-2d6b8f1 vs cand-13caf43)
Finished game 1274 (ref-2d6b8f1 vs cand-13caf43): 1-0 {White wins by adjudication}
Started game 1287 of 40000 (cand-13caf43 vs ref-2d6b8f1)
Finished game 1277 (cand-13caf43 vs ref-2d6b8f1): 1-0 {White wins by adjudication}
Started game 1288 of 40000 (ref-2d6b8f1 vs cand-13caf43)
Finished game 1276 (ref-2d6b8f1 vs cand-13caf43): 0-1 {Black wins by adjudication}
Started game 1289 of 40000 (cand-13caf43 vs ref-2d6b8f1)
Finished game 1279 (cand-13caf43 vs ref-2d6b8f1): 1-0 {White wins by adjudication}
Started game 1290 of 40000 (ref-2d6b8f1 vs cand-13caf43)
Finished game 1283 (cand-13caf43 vs ref-2d6b8f1): 1/2-1/2 {Draw by adjudication}
Started game 1291 of 40000 (cand-13caf43 vs ref-2d6b8f1)
Finished game 1282 (ref-2d6b8f1 vs cand-13caf43): 0-1 {Black wins by adjudication}
Started game 1292 of 40000 (ref-2d6b8f1 vs cand-13caf43)
Finished game 1278 (ref-2d6b8f1 vs cand-13caf43): 1/2-1/2 {Draw by adjudication}
Started game 1293 of 40000 (cand-13caf43 vs ref-2d6b8f1)
Finished game 1284 (ref-2d6b8f1 vs cand-13caf43): 0-1 {Black wins by adjudication}
Started game 1294 of 40000 (ref-2d6b8f1 vs cand-13caf43)
Finished game 1280 (ref-2d6b8f1 vs cand-13caf43): 0-1 {Black wins by adjudication}
--------------------------------------------------
Results of cand-13caf43 vs ref-2d6b8f1 (8+0.08, 1t, 16MB, noob_3moves.epd):
Elo: 17.36 +/- 14.78, nElo: 22.39 +/- 19.02
LOS: 98.95 %, DrawRatio: 31.83 %, PairsRatio: 1.13
Games: 1282, Wins: 423, Losses: 359, Draws: 500, Points: 673.0 (52.50 %)
Ptnml(0-2): [38, 167, 204, 157, 75], WL/DD Ratio: 1.32
LLR: 1.06 (35.9%) (-2.94, 2.94) [0.00, 5.00]
--------------------------------------------------
Started game 1295 of 40000 (cand-13caf43 vs ref-2d6b8f1)
Finished game 1281 (cand-13caf43 vs ref-2d6b8f1): 1/2-1/2 {Draw by adjudication}
Started game 1296 of 40000 (ref-2d6b8f1 vs cand-13caf43)
Finished game 1287 (cand-13caf43 vs ref-2d6b8f1): 0-1 {Black wins by adjudication}
Started game 1297 of 40000 (cand-13caf43 vs ref-2d6b8f1)
Finished game 1285 (cand-13caf43 vs ref-2d6b8f1): 0-1 {Black wins by adjudication}
Started game 1298 of 40000 (ref-2d6b8f1 vs cand-13caf43)
Finished game 1286 (ref-2d6b8f1 vs cand-13caf43): 1-0 {White wins by adjudication}
Started game 1299 of 40000 (cand-13caf43 vs ref-2d6b8f1)
Finished game 1289 (cand-13caf43 vs ref-2d6b8f1): 1-0 {White wins by adjudication}
Started game 1300 of 40000 (ref-2d6b8f1 vs cand-13caf43)
Finished game 1288 (ref-2d6b8f1 vs cand-13caf43): 0-1 {Black wins by adjudication}
Started game 1301 of 40000 (cand-13caf43 vs ref-2d6b8f1)
Finished game 1295 (cand-13caf43 vs ref-2d6b8f1): 0-1 {Black wins by adjudication}
Started game 1302 of 40000 (ref-2d6b8f1 vs cand-13caf43)
Finished game 1290 (ref-2d6b8f1 vs cand-13caf43): 1/2-1/2 {Draw by 3-fold repetition}
Started game 1303 of 40000 (cand-13caf43 vs ref-2d6b8f1)
Finished game 1292 (ref-2d6b8f1 vs cand-13caf43): 1-0 {White wins by adjudication}
Started game 1304 of 40000 (ref-2d6b8f1 vs cand-13caf43)
Finished game 1297 (cand-13caf43 vs ref-2d6b8f1): 1-0 {White wins by adjudication}
Started game 1305 of 40000 (cand-13caf43 vs ref-2d6b8f1)
Finished game 1291 (cand-13caf43 vs ref-2d6b8f1): 1-0 {White wins by adjudication}
Started game 1306 of 40000 (ref-2d6b8f1 vs cand-13caf43)
Finished game 1298 (ref-2d6b8f1 vs cand-13caf43): 1-0 {White wins by adjudication}
Started game 1307 of 40000 (cand-13caf43 vs ref-2d6b8f1)
Finished game 1293 (cand-13caf43 vs ref-2d6b8f1): 0-1 {Black wins by adjudication}
Started game 1308 of 40000 (ref-2d6b8f1 vs cand-13caf43)
Finished game 1296 (ref-2d6b8f1 vs cand-13caf43): 0-1 {Black wins by adjudication}
Started game 1309 of 40000 (cand-13caf43 vs ref-2d6b8f1)
Finished game 1300 (ref-2d6b8f1 vs cand-13caf43): 1-0 {White wins by adjudication}
Started game 1310 of 40000 (ref-2d6b8f1 vs cand-13caf43)
Finished game 1299 (cand-13caf43 vs ref-2d6b8f1): 1/2-1/2 {Draw by 3-fold repetition}
--------------------------------------------------
Results of cand-13caf43 vs ref-2d6b8f1 (8+0.08, 1t, 16MB, noob_3moves.epd):
Elo: 16.88 +/- 14.67, nElo: 21.80 +/- 18.90
LOS: 98.81 %, DrawRatio: 32.05 %, PairsRatio: 1.13
Games: 1298, Wins: 429, Losses: 366, Draws: 503, Points: 680.5 (52.43 %)
Ptnml(0-2): [39, 168, 208, 159, 75], WL/DD Ratio: 1.36
LLR: 1.04 (35.3%) (-2.94, 2.94) [0.00, 5.00]
--------------------------------------------------
Started game 1311 of 40000 (cand-13caf43 vs ref-2d6b8f1)
Finished game 1302 (ref-2d6b8f1 vs cand-13caf43): 1/2-1/2 {Draw by 3-fold repetition}
Started game 1312 of 40000 (ref-2d6b8f1 vs cand-13caf43)
Finished game 1301 (cand-13caf43 vs ref-2d6b8f1): 1-0 {White wins by adjudication}
Started game 1313 of 40000 (cand-13caf43 vs ref-2d6b8f1)
Finished game 1294 (ref-2d6b8f1 vs cand-13caf43): 1/2-1/2 {Draw by adjudication}
Started game 1314 of 40000 (ref-2d6b8f1 vs cand-13caf43)
Finished game 1306 (ref-2d6b8f1 vs cand-13caf43): 1-0 {White wins by adjudication}
Started game 1315 of 40000 (cand-13caf43 vs ref-2d6b8f1)
Finished game 1308 (ref-2d6b8f1 vs cand-13caf43): 1-0 {White wins by adjudication}
Started game 1316 of 40000 (ref-2d6b8f1 vs cand-13caf43)
Finished game 1311 (cand-13caf43 vs ref-2d6b8f1): 1/2-1/2 {Draw by 3-fold repetition}
Started game 1317 of 40000 (cand-13caf43 vs ref-2d6b8f1)
Finished game 1307 (cand-13caf43 vs ref-2d6b8f1): 1-0 {White wins by adjudication}
Started game 1318 of 40000 (ref-2d6b8f1 vs cand-13caf43)
Finished game 1305 (cand-13caf43 vs ref-2d6b8f1): 1/2-1/2 {Draw by adjudication}
Started game 1319 of 40000 (cand-13caf43 vs ref-2d6b8f1)
Finished game 1303 (cand-13caf43 vs ref-2d6b8f1): 1/2-1/2 {Draw by insufficient mating material}
Started game 1320 of 40000 (ref-2d6b8f1 vs cand-13caf43)
Finished game 1304 (ref-2d6b8f1 vs cand-13caf43): 0-1 {Black wins by adjudication}
Started game 1321 of 40000 (cand-13caf43 vs ref-2d6b8f1)
Finished game 1312 (ref-2d6b8f1 vs cand-13caf43): 0-1 {Black wins by adjudication}
Started game 1322 of 40000 (ref-2d6b8f1 vs cand-13caf43)
Finished game 1313 (cand-13caf43 vs ref-2d6b8f1): 0-1 {Black wins by adjudication}
Started game 1323 of 40000 (cand-13caf43 vs ref-2d6b8f1)
Finished game 1310 (ref-2d6b8f1 vs cand-13caf43): 1-0 {White wins by adjudication}
Started game 1324 of 40000 (ref-2d6b8f1 vs cand-13caf43)
Finished game 1309 (cand-13caf43 vs ref-2d6b8f1): 1/2-1/2 {Draw by 3-fold repetition}
Started game 1325 of 40000 (cand-13caf43 vs ref-2d6b8f1)
Finished game 1319 (cand-13caf43 vs ref-2d6b8f1): 1/2-1/2 {Draw by 3-fold repetition}
Started game 1326 of 40000 (ref-2d6b8f1 vs cand-13caf43)
Finished game 1314 (ref-2d6b8f1 vs cand-13caf43): 0-1 {Black wins by adjudication}
Started game 1327 of 40000 (cand-13caf43 vs ref-2d6b8f1)
Finished game 1315 (cand-13caf43 vs ref-2d6b8f1): 1-0 {White wins by adjudication}
Started game 1328 of 40000 (ref-2d6b8f1 vs cand-13caf43)
Finished game 1316 (ref-2d6b8f1 vs cand-13caf43): 0-1 {Black wins by adjudication}
Started game 1329 of 40000 (cand-13caf43 vs ref-2d6b8f1)
Finished game 1317 (cand-13caf43 vs ref-2d6b8f1): 0-1 {Black wins by adjudication}
Started game 1330 of 40000 (ref-2d6b8f1 vs cand-13caf43)
Finished game 1323 (cand-13caf43 vs ref-2d6b8f1): 1/2-1/2 {Draw by 3-fold repetition}
Started game 1331 of 40000 (cand-13caf43 vs ref-2d6b8f1)
Finished game 1318 (ref-2d6b8f1 vs cand-13caf43): 1/2-1/2 {Draw by adjudication}
Started game 1332 of 40000 (ref-2d6b8f1 vs cand-13caf43)
Finished game 1321 (cand-13caf43 vs ref-2d6b8f1): 1-0 {White wins by adjudication}
Started game 1333 of 40000 (cand-13caf43 vs ref-2d6b8f1)
Finished game 1324 (ref-2d6b8f1 vs cand-13caf43): 1-0 {White wins by adjudication}
Started game 1334 of 40000 (ref-2d6b8f1 vs cand-13caf43)
Finished game 1325 (cand-13caf43 vs ref-2d6b8f1): 0-1 {Black wins by adjudication}
Started game 1335 of 40000 (cand-13caf43 vs ref-2d6b8f1)
Finished game 1326 (ref-2d6b8f1 vs cand-13caf43): 1-0 {White wins by adjudication}
Started game 1336 of 40000 (ref-2d6b8f1 vs cand-13caf43)
Finished game 1322 (ref-2d6b8f1 vs cand-13caf43): 1-0 {White wins by adjudication}
Started game 1337 of 40000 (cand-13caf43 vs ref-2d6b8f1)
Finished game 1329 (cand-13caf43 vs ref-2d6b8f1): 1-0 {White wins by adjudication}
Started game 1338 of 40000 (ref-2d6b8f1 vs cand-13caf43)
Finished game 1327 (cand-13caf43 vs ref-2d6b8f1): 1-0 {White wins by adjudication}
Started game 1339 of 40000 (cand-13caf43 vs ref-2d6b8f1)
Finished game 1330 (ref-2d6b8f1 vs cand-13caf43): 1/2-1/2 {Draw by 3-fold repetition}
Started game 1340 of 40000 (ref-2d6b8f1 vs cand-13caf43)
Finished game 1332 (ref-2d6b8f1 vs cand-13caf43): 0-1 {Black wins by adjudication}
Started game 1341 of 40000 (cand-13caf43 vs ref-2d6b8f1)
Finished game 1320 (ref-2d6b8f1 vs cand-13caf43): 1/2-1/2 {Draw by insufficient mating material}
--------------------------------------------------
Results of cand-13caf43 vs ref-2d6b8f1 (8+0.08, 1t, 16MB, noob_3moves.epd):
Elo: 16.23 +/- 14.49, nElo: 20.97 +/- 18.69
LOS: 98.61 %, DrawRatio: 31.93 %, PairsRatio: 1.12
Games: 1328, Wins: 438, Losses: 376, Draws: 514, Points: 695.0 (52.33 %)
Ptnml(0-2): [40, 173, 212, 163, 76], WL/DD Ratio: 1.38
LLR: 1.02 (34.6%) (-2.94, 2.94) [0.00, 5.00]
--------------------------------------------------
Started game 1342 of 40000 (ref-2d6b8f1 vs cand-13caf43)
Finished game 1334 (ref-2d6b8f1 vs cand-13caf43): 0-1 {Black wins by adjudication}
Started game 1343 of 40000 (cand-13caf43 vs ref-2d6b8f1)
Finished game 1331 (cand-13caf43 vs ref-2d6b8f1): 0-1 {Black wins by adjudication}
Started game 1344 of 40000 (ref-2d6b8f1 vs cand-13caf43)
Finished game 1336 (ref-2d6b8f1 vs cand-13caf43): 0-1 {Black wins by adjudication}
Started game 1345 of 40000 (cand-13caf43 vs ref-2d6b8f1)
Finished game 1333 (cand-13caf43 vs ref-2d6b8f1): 0-1 {Black wins by adjudication}
Started game 1346 of 40000 (ref-2d6b8f1 vs cand-13caf43)
Finished game 1335 (cand-13caf43 vs ref-2d6b8f1): 0-1 {Black wins by adjudication}
Started game 1347 of 40000 (cand-13caf43 vs ref-2d6b8f1)
Finished game 1338 (ref-2d6b8f1 vs cand-13caf43): 1/2-1/2 {Draw by insufficient mating material}
Started game 1348 of 40000 (ref-2d6b8f1 vs cand-13caf43)
Finished game 1328 (ref-2d6b8f1 vs cand-13caf43): 1/2-1/2 {Draw by fifty moves rule}
Started game 1349 of 40000 (cand-13caf43 vs ref-2d6b8f1)
Finished game 1337 (cand-13caf43 vs ref-2d6b8f1): 1/2-1/2 {Draw by insufficient mating material}
Started game 1350 of 40000 (ref-2d6b8f1 vs cand-13caf43)
Finished game 1339 (cand-13caf43 vs ref-2d6b8f1): 1/2-1/2 {Draw by insufficient mating material}
Started game 1351 of 40000 (cand-13caf43 vs ref-2d6b8f1)
Finished game 1343 (cand-13caf43 vs ref-2d6b8f1): 0-1 {Black wins by adjudication}
Started game 1352 of 40000 (ref-2d6b8f1 vs cand-13caf43)
Finished game 1341 (cand-13caf43 vs ref-2d6b8f1): 1/2-1/2 {Draw by 3-fold repetition}
Started game 1353 of 40000 (cand-13caf43 vs ref-2d6b8f1)
Finished game 1344 (ref-2d6b8f1 vs cand-13caf43): 0-1 {Black wins by adjudication}
Started game 1354 of 40000 (ref-2d6b8f1 vs cand-13caf43)
Finished game 1342 (ref-2d6b8f1 vs cand-13caf43): 1/2-1/2 {Draw by 3-fold repetition}
Started game 1355 of 40000 (cand-13caf43 vs ref-2d6b8f1)
Finished game 1345 (cand-13caf43 vs ref-2d6b8f1): 0-1 {Black wins by adjudication}
Started game 1356 of 40000 (ref-2d6b8f1 vs cand-13caf43)
Finished game 1346 (ref-2d6b8f1 vs cand-13caf43): 1-0 {White wins by adjudication}
Started game 1357 of 40000 (cand-13caf43 vs ref-2d6b8f1)
Finished game 1349 (cand-13caf43 vs ref-2d6b8f1): 1/2-1/2 {Draw by insufficient mating material}
Started game 1358 of 40000 (ref-2d6b8f1 vs cand-13caf43)
Finished game 1340 (ref-2d6b8f1 vs cand-13caf43): 1/2-1/2 {Draw by insufficient mating material}
--------------------------------------------------
Results of cand-13caf43 vs ref-2d6b8f1 (8+0.08, 1t, 16MB, noob_3moves.epd):
Elo: 15.76 +/- 14.34, nElo: 20.43 +/- 18.56
LOS: 98.45 %, DrawRatio: 32.54 %, PairsRatio: 1.12
Games: 1346, Wins: 443, Losses: 382, Draws: 521, Points: 703.5 (52.27 %)
Ptnml(0-2): [41, 173, 219, 164, 76], WL/DD Ratio: 1.38
LLR: 1.00 (34.0%) (-2.94, 2.94) [0.00, 5.00]
--------------------------------------------------
Started game 1359 of 40000 (cand-13caf43 vs ref-2d6b8f1)
Finished game 1347 (cand-13caf43 vs ref-2d6b8f1): 1/2-1/2 {Draw by adjudication}
Started game 1360 of 40000 (ref-2d6b8f1 vs cand-13caf43)
Finished game 1350 (ref-2d6b8f1 vs cand-13caf43): 0-1 {Black wins by adjudication}
Started game 1361 of 40000 (cand-13caf43 vs ref-2d6b8f1)
Finished game 1348 (ref-2d6b8f1 vs cand-13caf43): 1/2-1/2 {Draw by adjudication}
Started game 1362 of 40000 (ref-2d6b8f1 vs cand-13caf43)
Finished game 1354 (ref-2d6b8f1 vs cand-13caf43): 1-0 {White wins by adjudication}
Started game 1363 of 40000 (cand-13caf43 vs ref-2d6b8f1)
Finished game 1351 (cand-13caf43 vs ref-2d6b8f1): 1/2-1/2 {Draw by fifty moves rule}
Started game 1364 of 40000 (ref-2d6b8f1 vs cand-13caf43)
Finished game 1357 (cand-13caf43 vs ref-2d6b8f1): 1-0 {White wins by adjudication}
Started game 1365 of 40000 (cand-13caf43 vs ref-2d6b8f1)
Finished game 1353 (cand-13caf43 vs ref-2d6b8f1): 1/2-1/2 {Draw by adjudication}
Started game 1366 of 40000 (ref-2d6b8f1 vs cand-13caf43)
Finished game 1352 (ref-2d6b8f1 vs cand-13caf43): 1/2-1/2 {Draw by 3-fold repetition}
Started game 1367 of 40000 (cand-13caf43 vs ref-2d6b8f1)
Finished game 1360 (ref-2d6b8f1 vs cand-13caf43): 1-0 {White wins by adjudication}
Started game 1368 of 40000 (ref-2d6b8f1 vs cand-13caf43)
Finished game 1355 (cand-13caf43 vs ref-2d6b8f1): 1-0 {White wins by adjudication}
Started game 1369 of 40000 (cand-13caf43 vs ref-2d6b8f1)
Finished game 1358 (ref-2d6b8f1 vs cand-13caf43): 0-1 {Black wins by adjudication}
Started game 1370 of 40000 (ref-2d6b8f1 vs cand-13caf43)
Finished game 1361 (cand-13caf43 vs ref-2d6b8f1): 1-0 {White wins by adjudication}
Started game 1371 of 40000 (cand-13caf43 vs ref-2d6b8f1)
Finished game 1356 (ref-2d6b8f1 vs cand-13caf43): 1/2-1/2 {Draw by insufficient mating material}
Started game 1372 of 40000 (ref-2d6b8f1 vs cand-13caf43)
Finished game 1359 (cand-13caf43 vs ref-2d6b8f1): 0-1 {Black wins by adjudication}
--------------------------------------------------
Results of cand-13caf43 vs ref-2d6b8f1 (8+0.08, 1t, 16MB, noob_3moves.epd):
Elo: 15.85 +/- 14.29, nElo: 20.52 +/- 18.47
LOS: 98.53 %, DrawRatio: 32.50 %, PairsRatio: 1.12
Games: 1360, Wins: 447, Losses: 385, Draws: 528, Points: 711.0 (52.28 %)
Ptnml(0-2): [42, 174, 221, 166, 77], WL/DD Ratio: 1.35
LLR: 1.02 (34.5%) (-2.94, 2.94) [0.00, 5.00]
--------------------------------------------------
Started game 1373 of 40000 (cand-13caf43 vs ref-2d6b8f1)
Finished game 1362 (ref-2d6b8f1 vs cand-13caf43): 0-1 {Black wins by adjudication}
Started game 1374 of 40000 (ref-2d6b8f1 vs cand-13caf43)
Finished game 1367 (cand-13caf43 vs ref-2d6b8f1): 1/2-1/2 {Draw by 3-fold repetition}
Started game 1375 of 40000 (cand-13caf43 vs ref-2d6b8f1)
Finished game 1368 (ref-2d6b8f1 vs cand-13caf43): 1-0 {White wins by adjudication}
Started game 1376 of 40000 (ref-2d6b8f1 vs cand-13caf43)
Finished game 1364 (ref-2d6b8f1 vs cand-13caf43): 1/2-1/2 {Draw by adjudication}
Started game 1377 of 40000 (cand-13caf43 vs ref-2d6b8f1)
Finished game 1366 (ref-2d6b8f1 vs cand-13caf43): 1-0 {White wins by adjudication}
Started game 1378 of 40000 (ref-2d6b8f1 vs cand-13caf43)
Finished game 1365 (cand-13caf43 vs ref-2d6b8f1): 0-1 {Black wins by adjudication}
Started game 1379 of 40000 (cand-13caf43 vs ref-2d6b8f1)
Finished game 1363 (cand-13caf43 vs ref-2d6b8f1): 1/2-1/2 {Draw by insufficient mating material}
Started game 1380 of 40000 (ref-2d6b8f1 vs cand-13caf43)
Finished game 1370 (ref-2d6b8f1 vs cand-13caf43): 1-0 {White wins by adjudication}
Started game 1381 of 40000 (cand-13caf43 vs ref-2d6b8f1)
Finished game 1371 (cand-13caf43 vs ref-2d6b8f1): 1/2-1/2 {Draw by 3-fold repetition}
Started game 1382 of 40000 (ref-2d6b8f1 vs cand-13caf43)
Finished game 1372 (ref-2d6b8f1 vs cand-13caf43): 1/2-1/2 {Draw by adjudication}
Started game 1383 of 40000 (cand-13caf43 vs ref-2d6b8f1)
Finished game 1377 (cand-13caf43 vs ref-2d6b8f1): 1-0 {White wins by adjudication}
Started game 1384 of 40000 (ref-2d6b8f1 vs cand-13caf43)
Finished game 1382 (ref-2d6b8f1 vs cand-13caf43): 0-1 {Black wins by adjudication}
Started game 1385 of 40000 (cand-13caf43 vs ref-2d6b8f1)
Finished game 1375 (cand-13caf43 vs ref-2d6b8f1): 1-0 {White wins by adjudication}
Started game 1386 of 40000 (ref-2d6b8f1 vs cand-13caf43)
Finished game 1369 (cand-13caf43 vs ref-2d6b8f1): 1/2-1/2 {Draw by fifty moves rule}
Started game 1387 of 40000 (cand-13caf43 vs ref-2d6b8f1)
Finished game 1374 (ref-2d6b8f1 vs cand-13caf43): 1-0 {White wins by adjudication}
Started game 1388 of 40000 (ref-2d6b8f1 vs cand-13caf43)
Finished game 1378 (ref-2d6b8f1 vs cand-13caf43): 1-0 {White wins by adjudication}
Started game 1389 of 40000 (cand-13caf43 vs ref-2d6b8f1)
Finished game 1373 (cand-13caf43 vs ref-2d6b8f1): 0-1 {Black wins by adjudication}
Started game 1390 of 40000 (ref-2d6b8f1 vs cand-13caf43)
Finished game 1381 (cand-13caf43 vs ref-2d6b8f1): 1/2-1/2 {Draw by 3-fold repetition}
Started game 1391 of 40000 (cand-13caf43 vs ref-2d6b8f1)
Finished game 1376 (ref-2d6b8f1 vs cand-13caf43): 1-0 {White wins by adjudication}
Started game 1392 of 40000 (ref-2d6b8f1 vs cand-13caf43)
Finished game 1380 (ref-2d6b8f1 vs cand-13caf43): 1/2-1/2 {Draw by 3-fold repetition}
Started game 1393 of 40000 (cand-13caf43 vs ref-2d6b8f1)
Finished game 1385 (cand-13caf43 vs ref-2d6b8f1): 1-0 {White wins by adjudication}
Started game 1394 of 40000 (ref-2d6b8f1 vs cand-13caf43)
Finished game 1389 (cand-13caf43 vs ref-2d6b8f1): 1/2-1/2 {Draw by 3-fold repetition}
Started game 1395 of 40000 (cand-13caf43 vs ref-2d6b8f1)
Finished game 1379 (cand-13caf43 vs ref-2d6b8f1): 1/2-1/2 {Draw by insufficient mating material}
--------------------------------------------------
Results of cand-13caf43 vs ref-2d6b8f1 (8+0.08, 1t, 16MB, noob_3moves.epd):
Elo: 14.84 +/- 14.19, nElo: 19.19 +/- 18.32
LOS: 98.00 %, DrawRatio: 32.71 %, PairsRatio: 1.11
Games: 1382, Wins: 452, Losses: 393, Draws: 537, Points: 720.5 (52.13 %)
Ptnml(0-2): [44, 176, 226, 167, 78], WL/DD Ratio: 1.33
LLR: 0.96 (32.5%) (-2.94, 2.94) [0.00, 5.00]
--------------------------------------------------
Started game 1396 of 40000 (ref-2d6b8f1 vs cand-13caf43)
Finished game 1390 (ref-2d6b8f1 vs cand-13caf43): 1/2-1/2 {Draw by 3-fold repetition}
Started game 1397 of 40000 (cand-13caf43 vs ref-2d6b8f1)
Finished game 1383 (cand-13caf43 vs ref-2d6b8f1): 1-0 {White wins by adjudication}
Started game 1398 of 40000 (ref-2d6b8f1 vs cand-13caf43)
Finished game 1384 (ref-2d6b8f1 vs cand-13caf43): 0-1 {Black wins by adjudication}
Started game 1399 of 40000 (cand-13caf43 vs ref-2d6b8f1)
Finished game 1386 (ref-2d6b8f1 vs cand-13caf43): 1/2-1/2 {Draw by adjudication}
Started game 1400 of 40000 (ref-2d6b8f1 vs cand-13caf43)
Finished game 1387 (cand-13caf43 vs ref-2d6b8f1): 1-0 {White wins by adjudication}
Started game 1401 of 40000 (cand-13caf43 vs ref-2d6b8f1)
Finished game 1388 (ref-2d6b8f1 vs cand-13caf43): 1-0 {White wins by adjudication}
Started game 1402 of 40000 (ref-2d6b8f1 vs cand-13caf43)
Finished game 1399 (cand-13caf43 vs ref-2d6b8f1): 1/2-1/2 {Draw by 3-fold repetition}
Started game 1403 of 40000 (cand-13caf43 vs ref-2d6b8f1)
Finished game 1393 (cand-13caf43 vs ref-2d6b8f1): 1-0 {White wins by adjudication}
Started game 1404 of 40000 (ref-2d6b8f1 vs cand-13caf43)
Finished game 1391 (cand-13caf43 vs ref-2d6b8f1): 1-0 {White wins by adjudication}
Started game 1405 of 40000 (cand-13caf43 vs ref-2d6b8f1)
Finished game 1397 (cand-13caf43 vs ref-2d6b8f1): 1/2-1/2 {Draw by 3-fold repetition}
Started game 1406 of 40000 (ref-2d6b8f1 vs cand-13caf43)
Warning; Incomplete mating PV - from ref-2d6b8f1
Info; info score mate 10 time 3 depth 5 nodes 8414 nps 2372145 pv b3c5 d7c6 a8b7 c6c5 a1c1 
Position; fen rnb1kbnr/ppppqp1p/6p1/4p3/3P4/2P5/PPQ1PPPP/RNB1KBNR w KQkq - 0 4
Moves; e2e4 d7d5 g1f3 e5d4 e4e5 c8g4 b1d2 d4c3 c2c3 f8g7 h2h3 g4d7 f1d3 b8c6 e1g1 e8c8 f1e1 d5d4 f3d4 c6d4 c3d4 d7h3 d4a7 d8d3 d2b3 e7b4 c1g5 b4g4 a7a8 c8d7
Warning; Incomplete mating PV - from ref-2d6b8f1
Info; info score mate 10 time 21 depth 6 nodes 30660 nps 1426776 pv b3c5 d7c6 a8b7 c6c5 a1c1 c5d4 
Position; fen rnb1kbnr/ppppqp1p/6p1/4p3/3P4/2P5/PPQ1PPPP/RNB1KBNR w KQkq - 0 4
Moves; e2e4 d7d5 g1f3 e5d4 e4e5 c8g4 b1d2 d4c3 c2c3 f8g7 h2h3 g4d7 f1d3 b8c6 e1g1 e8c8 f1e1 d5d4 f3d4 c6d4 c3d4 d7h3 d4a7 d8d3 d2b3 e7b4 c1g5 b4g4 a7a8 c8d7
Warning; Incomplete mating PV - from ref-2d6b8f1
Info; info score mate 10 time 39 depth 7 nodes 115285 nps 2944323 pv b3c5 d7c6 a8b7 c6c5 a1c1 c5d4 b7a7 
Position; fen rnb1kbnr/ppppqp1p/6p1/4p3/3P4/2P5/PPQ1PPPP/RNB1KBNR w KQkq - 0 4
Moves; e2e4 d7d5 g1f3 e5d4 e4e5 c8g4 b1d2 d4c3 c2c3 f8g7 h2h3 g4d7 f1d3 b8c6 e1g1 e8c8 f1e1 d5d4 f3d4 c6d4 c3d4 d7h3 d4a7 d8d3 d2b3 e7b4 c1g5 b4g4 a7a8 c8d7
Warning; Incomplete mating PV - from ref-2d6b8f1
Info; info score mate 10 time 216 depth 9 nodes 896231 nps 4135451 pv b3c5 d7c6 a8b7 c6c5 a1c1 c5d4 b7a7 d4d5 c1c5 
Position; fen rnb1kbnr/ppppqp1p/6p1/4p3/3P4/2P5/PPQ1PPPP/RNB1KBNR w KQkq - 0 4
Moves; e2e4 d7d5 g1f3 e5d4 e4e5 c8g4 b1d2 d4c3 c2c3 f8g7 h2h3 g4d7 f1d3 b8c6 e1g1 e8c8 f1e1 d5d4 f3d4 c6d4 c3d4 d7h3 d4a7 d8d3 d2b3 e7b4 c1g5 b4g4 a7a8 c8d7
Finished game 1396 (ref-2d6b8f1 vs cand-13caf43): 0-1 {Black wins by adjudication}
Started game 1407 of 40000 (cand-13caf43 vs ref-2d6b8f1)
Finished game 1401 (cand-13caf43 vs ref-2d6b8f1): 1-0 {White wins by adjudication}
Started game 1408 of 40000 (ref-2d6b8f1 vs cand-13caf43)
Finished game 1394 (ref-2d6b8f1 vs cand-13caf43): 1/2-1/2 {Draw by 3-fold repetition}
Started game 1409 of 40000 (cand-13caf43 vs ref-2d6b8f1)
Warning; Incomplete mating PV - from ref-2d6b8f1
Info; info score mate 8 time 413 depth 9 nodes 1555081 nps 3757214 pv a1c1 c5d4 b7a7 d4d5 c1c5 d5e6 a7a6 c7c6 a6c6 
Position; fen rnb1kbnr/ppppqp1p/6p1/4p3/3P4/2P5/PPQ1PPPP/RNB1KBNR w KQkq - 0 4
Moves; e2e4 d7d5 g1f3 e5d4 e4e5 c8g4 b1d2 d4c3 c2c3 f8g7 h2h3 g4d7 f1d3 b8c6 e1g1 e8c8 f1e1 d5d4 f3d4 c6d4 c3d4 d7h3 d4a7 d8d3 d2b3 e7b4 c1g5 b4g4 a7a8 c8d7 b3c5 d7c6 a8b7 c6c5
Finished game 1395 (cand-13caf43 vs ref-2d6b8f1): 0-1 {Black wins by adjudication}
Started game 1410 of 40000 (ref-2d6b8f1 vs cand-13caf43)
Warning; Incomplete mating PV - from ref-2d6b8f1
Info; info score mate 7 time 0 depth 1 nodes 57 nps 2111111 pv b7a7 
Position; fen rnb1kbnr/ppppqp1p/6p1/4p3/3P4/2P5/PPQ1PPPP/RNB1KBNR w KQkq - 0 4
Moves; e2e4 d7d5 g1f3 e5d4 e4e5 c8g4 b1d2 d4c3 c2c3 f8g7 h2h3 g4d7 f1d3 b8c6 e1g1 e8c8 f1e1 d5d4 f3d4 c6d4 c3d4 d7h3 d4a7 d8d3 d2b3 e7b4 c1g5 b4g4 a7a8 c8d7 b3c5 d7c6 a8b7 c6c5 a1c1 c5d4
Warning; Incomplete mating PV - from ref-2d6b8f1
Info; info score mate 7 time 0 depth 2 nodes 125 nps 1689189 pv b7a7 d4d5 
Position; fen rnb1kbnr/ppppqp1p/6p1/4p3/3P4/2P5/PPQ1PPPP/RNB1KBNR w KQkq - 0 4
Moves; e2e4 d7d5 g1f3 e5d4 e4e5 c8g4 b1d2 d4c3 c2c3 f8g7 h2h3 g4d7 f1d3 b8c6 e1g1 e8c8 f1e1 d5d4 f3d4 c6d4 c3d4 d7h3 d4a7 d8d3 d2b3 e7b4 c1g5 b4g4 a7a8 c8d7 b3c5 d7c6 a8b7 c6c5 a1c1 c5d4
Warning; Incomplete mating PV - from ref-2d6b8f1
Info; info score mate 7 time 0 depth 3 nodes 802 nps 3208000 pv b7a7 d4d5 c1c5 
Position; fen rnb1kbnr/ppppqp1p/6p1/4p3/3P4/2P5/PPQ1PPPP/RNB1KBNR w KQkq - 0 4
Moves; e2e4 d7d5 g1f3 e5d4 e4e5 c8g4 b1d2 d4c3 c2c3 f8g7 h2h3 g4d7 f1d3 b8c6 e1g1 e8c8 f1e1 d5d4 f3d4 c6d4 c3d4 d7h3 d4a7 d8d3 d2b3 e7b4 c1g5 b4g4 a7a8 c8d7 b3c5 d7c6 a8b7 c6c5 a1c1 c5d4
Warning; Incomplete mating PV - from ref-2d6b8f1
Info; info score mate 7 time 0 depth 4 nodes 2505 nps 2989260 pv b7a7 d4d5 c1c5 d5e6 
Position; fen rnb1kbnr/ppppqp1p/6p1/4p3/3P4/2P5/PPQ1PPPP/RNB1KBNR w KQkq - 0 4
Moves; e2e4 d7d5 g1f3 e5d4 e4e5 c8g4 b1d2 d4c3 c2c3 f8g7 h2h3 g4d7 f1d3 b8c6 e1g1 e8c8 f1e1 d5d4 f3d4 c6d4 c3d4 d7h3 d4a7 d8d3 d2b3 e7b4 c1g5 b4g4 a7a8 c8d7 b3c5 d7c6 a8b7 c6c5 a1c1 c5d4
Warning; Incomplete mating PV - from ref-2d6b8f1
Info; info score mate 7 time 4 depth 5 nodes 17009 nps 4045908 pv b7a7 d4d5 c1c5 d5e6 a7a6 
Position; fen rnb1kbnr/ppppqp1p/6p1/4p3/3P4/2P5/PPQ1PPPP/RNB1KBNR w KQkq - 0 4
Moves; e2e4 d7d5 g1f3 e5d4 e4e5 c8g4 b1d2 d4c3 c2c3 f8g7 h2h3 g4d7 f1d3 b8c6 e1g1 e8c8 f1e1 d5d4 f3d4 c6d4 c3d4 d7h3 d4a7 d8d3 d2b3 e7b4 c1g5 b4g4 a7a8 c8d7 b3c5 d7c6 a8b7 c6c5 a1c1 c5d4
Warning; Incomplete mating PV - from ref-2d6b8f1
Info; info score mate 7 time 230 depth 9 nodes 864565 nps 3754538 pv b7a7 d4d5 c1c5 d5e6 a7a6 d3d6 e5d6 g4e2 e1e2 
Position; fen rnb1kbnr/ppppqp1p/6p1/4p3/3P4/2P5/PPQ1PPPP/RNB1KBNR w KQkq - 0 4
Moves; e2e4 d7d5 g1f3 e5d4 e4e5 c8g4 b1d2 d4c3 c2c3 f8g7 h2h3 g4d7 f1d3 b8c6 e1g1 e8c8 f1e1 d5d4 f3d4 c6d4 c3d4 d7h3 d4a7 d8d3 d2b3 e7b4 c1g5 b4g4 a7a8 c8d7 b3c5 d7c6 a8b7 c6c5 a1c1 c5d4
Finished game 1392 (ref-2d6b8f1 vs cand-13caf43): 1/2-1/2 {Draw by fifty moves rule}
Started game 1411 of 40000 (cand-13caf43 vs ref-2d6b8f1)
Warning; Incomplete mating PV - from ref-2d6b8f1
Info; info score mate 6 time 0 depth 1 nodes 53 nps 2409090 pv c1c5 
Position; fen rnb1kbnr/ppppqp1p/6p1/4p3/3P4/2P5/PPQ1PPPP/RNB1KBNR w KQkq - 0 4
Moves; e2e4 d7d5 g1f3 e5d4 e4e5 c8g4 b1d2 d4c3 c2c3 f8g7 h2h3 g4d7 f1d3 b8c6 e1g1 e8c8 f1e1 d5d4 f3d4 c6d4 c3d4 d7h3 d4a7 d8d3 d2b3 e7b4 c1g5 b4g4 a7a8 c8d7 b3c5 d7c6 a8b7 c6c5 a1c1 c5d4 b7a7 d4d5
Warning; Incomplete mating PV - from ref-2d6b8f1
Info; info score mate 6 time 0 depth 2 nodes 117 nps 2127272 pv c1c5 d5e6 
Position; fen rnb1kbnr/ppppqp1p/6p1/4p3/3P4/2P5/PPQ1PPPP/RNB1KBNR w KQkq - 0 4
Moves; e2e4 d7d5 g1f3 e5d4 e4e5 c8g4 b1d2 d4c3 c2c3 f8g7 h2h3 g4d7 f1d3 b8c6 e1g1 e8c8 f1e1 d5d4 f3d4 c6d4 c3d4 d7h3 d4a7 d8d3 d2b3 e7b4 c1g5 b4g4 a7a8 c8d7 b3c5 d7c6 a8b7 c6c5 a1c1 c5d4 b7a7 d4d5
Warning; Incomplete mating PV - from ref-2d6b8f1
Info; info score mate 6 time 0 depth 3 nodes 587 nps 2795238 pv c1c5 d5e6 a7a6 
Position; fen rnb1kbnr/ppppqp1p/6p1/4p3/3P4/2P5/PPQ1PPPP/RNB1KBNR w KQkq - 0 4
Moves; e2e4 d7d5 g1f3 e5d4 e4e5 c8g4 b1d2 d4c3 c2c3 f8g7 h2h3 g4d7 f1d3 b8c6 e1g1 e8c8 f1e1 d5d4 f3d4 c6d4 c3d4 d7h3 d4a7 d8d3 d2b3 e7b4 c1g5 b4g4 a7a8 c8d7 b3c5 d7c6 a8b7 c6c5 a1c1 c5d4 b7a7 d4d5
Warning; Incomplete mating PV - from ref-2d6b8f1
Info; info score mate 6 time 0 depth 4 nodes 1924 nps 2850370 pv c1c5 d5e6 a7a6 d3d6 
Position; fen rnb1kbnr/ppppqp1p/6p1/4p3/3P4/2P5/PPQ1PPPP/RNB1KBNR w KQkq - 0 4
Moves; e2e4 d7d5 g1f3 e5d4 e4e5 c8g4 b1d2 d4c3 c2c3 f8g7 h2h3 g4d7 f1d3 b8c6 e1g1 e8c8 f1e1 d5d4 f3d4 c6d4 c3d4 d7h3 d4a7 d8d3 d2b3 e7b4 c1g5 b4g4 a7a8 c8d7 b3c5 d7c6 a8b7 c6c5 a1c1 c5d4 b7a7 d4d5
Warning; Incomplete mating PV - from ref-2d6b8f1
Info; info score mate 6 time 6 depth 5 nodes 14524 nps 2327564 pv c1c5 d5e6 a7a6 d3d6 e5d6 
Position; fen rnb1kbnr/ppppqp1p/6p1/4p3/3P4/2P5/PPQ1PPPP/RNB1KBNR w KQkq - 0 4
Moves; e2e4 d7d5 g1f3 e5d4 e4e5 c8g4 b1d2 d4c3 c2c3 f8g7 h2h3 g4d7 f1d3 b8c6 e1g1 e8c8 f1e1 d5d4 f3d4 c6d4 c3d4 d7h3 d4a7 d8d3 d2b3 e7b4 c1g5 b4g4 a7a8 c8d7 b3c5 d7c6 a8b7 c6c5 a1c1 c5d4 b7a7 d4d5
Warning; Incomplete mating PV - from ref-2d6b8f1
Info; info score mate 6 time 21 depth 6 nodes 33536 nps 1575569 pv c1c5 d5e6 a7a6 d3d6 e5d6 g4e2 
Position; fen rnb1kbnr/ppppqp1p/6p1/4p3/3P4/2P5/PPQ1PPPP/RNB1KBNR w KQkq - 0 4
Moves; e2e4 d7d5 g1f3 e5d4 e4e5 c8g4 b1d2 d4c3 c2c3 f8g7 h2h3 g4d7 f1d3 b8c6 e1g1 e8c8 f1e1 d5d4 f3d4 c6d4 c3d4 d7h3 d4a7 d8d3 d2b3 e7b4 c1g5 b4g4 a7a8 c8d7 b3c5 d7c6 a8b7 c6c5 a1c1 c5d4 b7a7 d4d5
Finished game 1402 (ref-2d6b8f1 vs cand-13caf43): 1-0 {White wins by adjudication}
Started game 1412 of 40000 (ref-2d6b8f1 vs cand-13caf43)
Finished game 1400 (ref-2d6b8f1 vs cand-13caf43): 1/2-1/2 {Draw by adjudication}
--------------------------------------------------
Results of cand-13caf43 vs ref-2d6b8f1 (8+0.08, 1t, 16MB, noob_3moves.epd):
Elo: 15.89 +/- 14.07, nElo: 20.60 +/- 18.20
LOS: 98.67 %, DrawRatio: 33.00 %, PairsRatio: 1.13
Games: 1400, Wins: 460, Losses: 396, Draws: 544, Points: 732.0 (52.29 %)
Ptnml(0-2): [44, 176, 231, 170, 79], WL/DD Ratio: 1.33
LLR: 1.05 (35.7%) (-2.94, 2.94) [0.00, 5.00]
--------------------------------------------------
Started game 1413 of 40000 (cand-13caf43 vs ref-2d6b8f1)
Finished game 1406 (ref-2d6b8f1 vs cand-13caf43): 0-1 {Black wins by adjudication}
Started game 1414 of 40000 (ref-2d6b8f1 vs cand-13caf43)
Finished game 1398 (ref-2d6b8f1 vs cand-13caf43): 1/2-1/2 {Draw by adjudication}
Started game 1415 of 40000 (cand-13caf43 vs ref-2d6b8f1)
Finished game 1404 (ref-2d6b8f1 vs cand-13caf43): 1/2-1/2 {Draw by 3-fold repetition}
Started game 1416 of 40000 (ref-2d6b8f1 vs cand-13caf43)
Finished game 1405 (cand-13caf43 vs ref-2d6b8f1): 1/2-1/2 {Draw by 3-fold repetition}
Started game 1417 of 40000 (cand-13caf43 vs ref-2d6b8f1)
Finished game 1411 (cand-13caf43 vs ref-2d6b8f1): 0-1 {Black wins by adjudication}
Started game 1418 of 40000 (ref-2d6b8f1 vs cand-13caf43)
Finished game 1412 (ref-2d6b8f1 vs cand-13caf43): 1/2-1/2 {Draw by adjudication}
Started game 1419 of 40000 (cand-13caf43 vs ref-2d6b8f1)
Finished game 1408 (ref-2d6b8f1 vs cand-13caf43): 1-0 {White wins by adjudication}
Started game 1420 of 40000 (ref-2d6b8f1 vs cand-13caf43)
Finished game 1410 (ref-2d6b8f1 vs cand-13caf43): 1-0 {White wins by adjudication}
Started game 1421 of 40000 (cand-13caf43 vs ref-2d6b8f1)
Finished game 1407 (cand-13caf43 vs ref-2d6b8f1): 1/2-1/2 {Draw by insufficient mating material}
Started game 1422 of 40000 (ref-2d6b8f1 vs cand-13caf43)
Finished game 1403 (cand-13caf43 vs ref-2d6b8f1): 1/2-1/2 {Draw by 3-fold repetition}
Started game 1423 of 40000 (cand-13caf43 vs ref-2d6b8f1)
Finished game 1409 (cand-13caf43 vs ref-2d6b8f1): 1-0 {White wins by adjudication}
Started game 1424 of 40000 (ref-2d6b8f1 vs cand-13caf43)
Finished game 1414 (ref-2d6b8f1 vs cand-13caf43): 1-0 {White wins by adjudication}
Started game 1425 of 40000 (cand-13caf43 vs ref-2d6b8f1)
Finished game 1413 (cand-13caf43 vs ref-2d6b8f1): 0-1 {Black wins by adjudication}
Started game 1426 of 40000 (ref-2d6b8f1 vs cand-13caf43)
Finished game 1416 (ref-2d6b8f1 vs cand-13caf43): 0-1 {Black wins by adjudication}
Started game 1427 of 40000 (cand-13caf43 vs ref-2d6b8f1)
Finished game 1420 (ref-2d6b8f1 vs cand-13caf43): 0-1 {Black wins by adjudication}
Started game 1428 of 40000 (ref-2d6b8f1 vs cand-13caf43)
Finished game 1415 (cand-13caf43 vs ref-2d6b8f1): 1-0 {White wins by adjudication}
Started game 1429 of 40000 (cand-13caf43 vs ref-2d6b8f1)
Finished game 1419 (cand-13caf43 vs ref-2d6b8f1): 1/2-1/2 {Draw by 3-fold repetition}
--------------------------------------------------
Results of cand-13caf43 vs ref-2d6b8f1 (8+0.08, 1t, 16MB, noob_3moves.epd):
Elo: 15.69 +/- 13.99, nElo: 20.32 +/- 18.08
LOS: 98.62 %, DrawRatio: 33.00 %, PairsRatio: 1.13
Games: 1418, Wins: 465, Losses: 401, Draws: 552, Points: 741.0 (52.26 %)
Ptnml(0-2): [45, 178, 234, 172, 80], WL/DD Ratio: 1.32
LLR: 1.05 (35.6%) (-2.94, 2.94) [0.00, 5.00]
--------------------------------------------------
Started game 1430 of 40000 (ref-2d6b8f1 vs cand-13caf43)
Finished game 1418 (ref-2d6b8f1 vs cand-13caf43): 1/2-1/2 {Draw by insufficient mating material}
Started game 1431 of 40000 (cand-13caf43 vs ref-2d6b8f1)
Finished game 1417 (cand-13caf43 vs ref-2d6b8f1): 1/2-1/2 {Draw by 3-fold repetition}
Started game 1432 of 40000 (ref-2d6b8f1 vs cand-13caf43)
Finished game 1424 (ref-2d6b8f1 vs cand-13caf43): 1/2-1/2 {Draw by 3-fold repetition}
Started game 1433 of 40000 (cand-13caf43 vs ref-2d6b8f1)
Finished game 1421 (cand-13caf43 vs ref-2d6b8f1): 1/2-1/2 {Draw by 3-fold repetition}
Started game 1434 of 40000 (ref-2d6b8f1 vs cand-13caf43)
Finished game 1425 (cand-13caf43 vs ref-2d6b8f1): 1/2-1/2 {Draw by 3-fold repetition}
Started game 1435 of 40000 (cand-13caf43 vs ref-2d6b8f1)
Finished game 1423 (cand-13caf43 vs ref-2d6b8f1): 1/2-1/2 {Draw by insufficient mating material}
Started game 1436 of 40000 (ref-2d6b8f1 vs cand-13caf43)
Finished game 1422 (ref-2d6b8f1 vs cand-13caf43): 1/2-1/2 {Draw by adjudication}
Started game 1437 of 40000 (cand-13caf43 vs ref-2d6b8f1)
Finished game 1427 (cand-13caf43 vs ref-2d6b8f1): 1-0 {White wins by adjudication}
Started game 1438 of 40000 (ref-2d6b8f1 vs cand-13caf43)
Finished game 1429 (cand-13caf43 vs ref-2d6b8f1): 1/2-1/2 {Draw by 3-fold repetition}
Started game 1439 of 40000 (cand-13caf43 vs ref-2d6b8f1)
Finished game 1426 (ref-2d6b8f1 vs cand-13caf43): 1/2-1/2 {Draw by insufficient mating material}
Started game 1440 of 40000 (ref-2d6b8f1 vs cand-13caf43)
Finished game 1430 (ref-2d6b8f1 vs cand-13caf43): 0-1 {Black wins by adjudication}
Started game 1441 of 40000 (cand-13caf43 vs ref-2d6b8f1)
Finished game 1433 (cand-13caf43 vs ref-2d6b8f1): 1-0 {White wins by adjudication}
Started game 1442 of 40000 (ref-2d6b8f1 vs cand-13caf43)
Finished game 1428 (ref-2d6b8f1 vs cand-13caf43): 0-1 {Black wins by adjudication}
Started game 1443 of 40000 (cand-13caf43 vs ref-2d6b8f1)
Finished game 1431 (cand-13caf43 vs ref-2d6b8f1): 1-0 {White wins by adjudication}
Started game 1444 of 40000 (ref-2d6b8f1 vs cand-13caf43)
Finished game 1432 (ref-2d6b8f1 vs cand-13caf43): 1/2-1/2 {Draw by 3-fold repetition}
Started game 1445 of 40000 (cand-13caf43 vs ref-2d6b8f1)
Finished game 1435 (cand-13caf43 vs ref-2d6b8f1): 0-1 {Black wins by adjudication}
Started game 1446 of 40000 (ref-2d6b8f1 vs cand-13caf43)
Finished game 1443 (cand-13caf43 vs ref-2d6b8f1): 1/2-1/2 {Draw by 3-fold repetition}
Started game 1447 of 40000 (cand-13caf43 vs ref-2d6b8f1)
Finished game 1437 (cand-13caf43 vs ref-2d6b8f1): 0-1 {Black wins by adjudication}
Started game 1448 of 40000 (ref-2d6b8f1 vs cand-13caf43)
Finished game 1438 (ref-2d6b8f1 vs cand-13caf43): 1-0 {White wins by adjudication}
Started game 1449 of 40000 (cand-13caf43 vs ref-2d6b8f1)
Finished game 1442 (ref-2d6b8f1 vs cand-13caf43): 1/2-1/2 {Draw by 3-fold repetition}
Started game 1450 of 40000 (ref-2d6b8f1 vs cand-13caf43)
Finished game 1436 (ref-2d6b8f1 vs cand-13caf43): 1/2-1/2 {Draw by 3-fold repetition}
Started game 1451 of 40000 (cand-13caf43 vs ref-2d6b8f1)
Finished game 1440 (ref-2d6b8f1 vs cand-13caf43): 1/2-1/2 {Draw by adjudication}
Started game 1452 of 40000 (ref-2d6b8f1 vs cand-13caf43)
Finished game 1446 (ref-2d6b8f1 vs cand-13caf43): 0-1 {Black wins by adjudication}
Started game 1453 of 40000 (cand-13caf43 vs ref-2d6b8f1)
Finished game 1444 (ref-2d6b8f1 vs cand-13caf43): 0-1 {Black wins by adjudication}
Started game 1454 of 40000 (ref-2d6b8f1 vs cand-13caf43)
Finished game 1439 (cand-13caf43 vs ref-2d6b8f1): 1/2-1/2 {Draw by 3-fold repetition}
--------------------------------------------------
Results of cand-13caf43 vs ref-2d6b8f1 (8+0.08, 1t, 16MB, noob_3moves.epd):
Elo: 15.94 +/- 13.87, nElo: 20.65 +/- 17.94
LOS: 98.80 %, DrawRatio: 33.19 %, PairsRatio: 1.14
Games: 1440, Wins: 470, Losses: 404, Draws: 566, Points: 753.0 (52.29 %)
Ptnml(0-2): [46, 179, 239, 175, 81], WL/DD Ratio: 1.25
LLR: 1.08 (36.8%) (-2.94, 2.94) [0.00, 5.00]
--------------------------------------------------
Started game 1455 of 40000 (cand-13caf43 vs ref-2d6b8f1)
Finished game 1447 (cand-13caf43 vs ref-2d6b8f1): 0-1 {Black wins by adjudication}
Started game 1456 of 40000 (ref-2d6b8f1 vs cand-13caf43)
Finished game 1441 (cand-13caf43 vs ref-2d6b8f1): 1/2-1/2 {Draw by adjudication}
Started game 1457 of 40000 (cand-13caf43 vs ref-2d6b8f1)
Finished game 1434 (ref-2d6b8f1 vs cand-13caf43): 1/2-1/2 {Draw by adjudication}
Started game 1458 of 40000 (ref-2d6b8f1 vs cand-13caf43)
Finished game 1445 (cand-13caf43 vs ref-2d6b8f1): 0-1 {Black wins by adjudication}
Started game 1459 of 40000 (cand-13caf43 vs ref-2d6b8f1)
Finished game 1448 (ref-2d6b8f1 vs cand-13caf43): 1/2-1/2 {Draw by adjudication}
Started game 1460 of 40000 (ref-2d6b8f1 vs cand-13caf43)
Finished game 1451 (cand-13caf43 vs ref-2d6b8f1): 1-0 {White wins by adjudication}
Started game 1461 of 40000 (cand-13caf43 vs ref-2d6b8f1)
Finished game 1454 (ref-2d6b8f1 vs cand-13caf43): 0-1 {Black wins by adjudication}
Started game 1462 of 40000 (ref-2d6b8f1 vs cand-13caf43)
Finished game 1452 (ref-2d6b8f1 vs cand-13caf43): 0-1 {Black wins by adjudication}
Started game 1463 of 40000 (cand-13caf43 vs ref-2d6b8f1)
Finished game 1449 (cand-13caf43 vs ref-2d6b8f1): 1-0 {White wins by adjudication}
Started game 1464 of 40000 (ref-2d6b8f1 vs cand-13caf43)
Finished game 1455 (cand-13caf43 vs ref-2d6b8f1): 0-1 {Black wins by adjudication}
Started game 1465 of 40000 (cand-13caf43 vs ref-2d6b8f1)
Finished game 1457 (cand-13caf43 vs ref-2d6b8f1): 0-1 {Black wins by adjudication}
Started game 1466 of 40000 (ref-2d6b8f1 vs cand-13caf43)
Finished game 1456 (ref-2d6b8f1 vs cand-13caf43): 0-1 {Black wins by adjudication}
Started game 1467 of 40000 (cand-13caf43 vs ref-2d6b8f1)
Finished game 1453 (cand-13caf43 vs ref-2d6b8f1): 1/2-1/2 {Draw by insufficient mating material}
Started game 1468 of 40000 (ref-2d6b8f1 vs cand-13caf43)
Finished game 1459 (cand-13caf43 vs ref-2d6b8f1): 1/2-1/2 {Draw by insufficient mating material}
Started game 1469 of 40000 (cand-13caf43 vs ref-2d6b8f1)
Finished game 1450 (ref-2d6b8f1 vs cand-13caf43): 1/2-1/2 {Draw by adjudication}
Started game 1470 of 40000 (ref-2d6b8f1 vs cand-13caf43)
Finished game 1460 (ref-2d6b8f1 vs cand-13caf43): 1-0 {White wins by adjudication}
--------------------------------------------------
Results of cand-13caf43 vs ref-2d6b8f1 (8+0.08, 1t, 16MB, noob_3moves.epd):
Elo: 16.45 +/- 13.77, nElo: 21.35 +/- 17.83
LOS: 99.05 %, DrawRatio: 33.20 %, PairsRatio: 1.15
Games: 1458, Wins: 477, Losses: 408, Draws: 573, Points: 763.5 (52.37 %)
Ptnml(0-2): [46, 181, 242, 178, 82], WL/DD Ratio: 1.26
LLR: 1.14 (38.7%) (-2.94, 2.94) [0.00, 5.00]
--------------------------------------------------
Started game 1471 of 40000 (cand-13caf43 vs ref-2d6b8f1)
Finished game 1467 (cand-13caf43 vs ref-2d6b8f1): 1/2-1/2 {Draw by 3-fold repetition}
Started game 1472 of 40000 (ref-2d6b8f1 vs cand-13caf43)
Finished game 1466 (ref-2d6b8f1 vs cand-13caf43): 1-0 {White wins by adjudication}
Started game 1473 of 40000 (cand-13caf43 vs ref-2d6b8f1)
Finished game 1462 (ref-2d6b8f1 vs cand-13caf43): 1-0 {White wins by adjudication}
Started game 1474 of 40000 (ref-2d6b8f1 vs cand-13caf43)
Finished game 1461 (cand-13caf43 vs ref-2d6b8f1): 1-0 {White wins by adjudication}
Started game 1475 of 40000 (cand-13caf43 vs ref-2d6b8f1)
Finished game 1465 (cand-13caf43 vs ref-2d6b8f1): 0-1 {Black wins by adjudication}
Started game 1476 of 40000 (ref-2d6b8f1 vs cand-13caf43)
Finished game 1463 (cand-13caf43 vs ref-2d6b8f1): 1/2-1/2 {Draw by 3-fold repetition}
Started game 1477 of 40000 (cand-13caf43 vs ref-2d6b8f1)
Finished game 1464 (ref-2d6b8f1 vs cand-13caf43): 0-1 {Black wins by adjudication}
Started game 1478 of 40000 (ref-2d6b8f1 vs cand-13caf43)
Finished game 1458 (ref-2d6b8f1 vs cand-13caf43): 1/2-1/2 {Draw by fifty moves rule}
Started game 1479 of 40000 (cand-13caf43 vs ref-2d6b8f1)
Finished game 1468 (ref-2d6b8f1 vs cand-13caf43): 0-1 {Black wins by adjudication}
Started game 1480 of 40000 (ref-2d6b8f1 vs cand-13caf43)
Finished game 1470 (ref-2d6b8f1 vs cand-13caf43): 0-1 {Black wins by adjudication}
Started game 1481 of 40000 (cand-13caf43 vs ref-2d6b8f1)
Finished game 1469 (cand-13caf43 vs ref-2d6b8f1): 1/2-1/2 {Draw by insufficient mating material}
Started game 1482 of 40000 (ref-2d6b8f1 vs cand-13caf43)
Finished game 1475 (cand-13caf43 vs ref-2d6b8f1): 1-0 {White wins by adjudication}
Started game 1483 of 40000 (cand-13caf43 vs ref-2d6b8f1)
Finished game 1472 (ref-2d6b8f1 vs cand-13caf43): 0-1 {Black wins by adjudication}
Started game 1484 of 40000 (ref-2d6b8f1 vs cand-13caf43)
Finished game 1471 (cand-13caf43 vs ref-2d6b8f1): 1/2-1/2 {Draw by insufficient mating material}
Started game 1485 of 40000 (cand-13caf43 vs ref-2d6b8f1)
Finished game 1476 (ref-2d6b8f1 vs cand-13caf43): 1/2-1/2 {Draw by 3-fold repetition}
Started game 1486 of 40000 (ref-2d6b8f1 vs cand-13caf43)
Finished game 1477 (cand-13caf43 vs ref-2d6b8f1): 1-0 {White wins by adjudication}
Started game 1487 of 40000 (cand-13caf43 vs ref-2d6b8f1)
Finished game 1480 (ref-2d6b8f1 vs cand-13caf43): 0-1 {Black wins by adjudication}
Started game 1488 of 40000 (ref-2d6b8f1 vs cand-13caf43)
Finished game 1479 (cand-13caf43 vs ref-2d6b8f1): 0-1 {Black wins by adjudication}
--------------------------------------------------
Results of cand-13caf43 vs ref-2d6b8f1 (8+0.08, 1t, 16MB, noob_3moves.epd):
Elo: 16.73 +/- 13.68, nElo: 21.72 +/- 17.72
LOS: 99.18 %, DrawRatio: 33.06 %, PairsRatio: 1.16
Games: 1476, Wins: 484, Losses: 413, Draws: 579, Points: 773.5 (52.41 %)
Ptnml(0-2): [47, 182, 244, 183, 82], WL/DD Ratio: 1.28
LLR: 1.18 (39.9%) (-2.94, 2.94) [0.00, 5.00]
--------------------------------------------------
Started game 1489 of 40000 (cand-13caf43 vs ref-2d6b8f1)
Finished game 1481 (cand-13caf43 vs ref-2d6b8f1): 1-0 {White wins by adjudication}
Started game 1490 of 40000 (ref-2d6b8f1 vs cand-13caf43)
Finished game 1474 (ref-2d6b8f1 vs cand-13caf43): 1/2-1/2 {Draw by adjudication}
Started game 1491 of 40000 (cand-13caf43 vs ref-2d6b8f1)
Finished game 1478 (ref-2d6b8f1 vs cand-13caf43): 1/2-1/2 {Draw by insufficient mating material}
Started game 1492 of 40000 (ref-2d6b8f1 vs cand-13caf43)
Finished game 1485 (cand-13caf43 vs ref-2d6b8f1): 1/2-1/2 {Draw by 3-fold repetition}
Started game 1493 of 40000 (cand-13caf43 vs ref-2d6b8f1)
Finished game 1473 (cand-13caf43 vs ref-2d6b8f1): 1/2-1/2 {Draw by 3-fold repetition}
Started game 1494 of 40000 (ref-2d6b8f1 vs cand-13caf43)
Finished game 1487 (cand-13caf43 vs ref-2d6b8f1): 1/2-1/2 {Draw by 3-fold repetition}
Started game 1495 of 40000 (cand-13caf43 vs ref-2d6b8f1)
Finished game 1484 (ref-2d6b8f1 vs cand-13caf43): 1/2-1/2 {Draw by 3-fold repetition}
Started game 1496 of 40000 (ref-2d6b8f1 vs cand-13caf43)
Finished game 1486 (ref-2d6b8f1 vs cand-13caf43): 0-1 {Black wins by adjudication}
Started game 1497 of 40000 (cand-13caf43 vs ref-2d6b8f1)
Finished game 1483 (cand-13caf43 vs ref-2d6b8f1): 1-0 {White wins by adjudication}
Started game 1498 of 40000 (ref-2d6b8f1 vs cand-13caf43)
Finished game 1488 (ref-2d6b8f1 vs cand-13caf43): 1/2-1/2 {Draw by adjudication}
Started game 1499 of 40000 (cand-13caf43 vs ref-2d6b8f1)
Finished game 1489 (cand-13caf43 vs ref-2d6b8f1): 1-0 {White wins by adjudication}
Started game 1500 of 40000 (ref-2d6b8f1 vs cand-13caf43)
Finished game 1490 (ref-2d6b8f1 vs cand-13caf43): 1-0 {White wins by adjudication}
Started game 1501 of 40000 (cand-13caf43 vs ref-2d6b8f1)
Finished game 1491 (cand-13caf43 vs ref-2d6b8f1): 1-0 {White wins by adjudication}
Started game 1502 of 40000 (ref-2d6b8f1 vs cand-13caf43)
Finished game 1492 (ref-2d6b8f1 vs cand-13caf43): 1/2-1/2 {Draw by 3-fold repetition}
Started game 1503 of 40000 (cand-13caf43 vs ref-2d6b8f1)
Finished game 1482 (ref-2d6b8f1 vs cand-13caf43): 1-0 {White wins by adjudication}
Started game 1504 of 40000 (ref-2d6b8f1 vs cand-13caf43)
Finished game 1496 (ref-2d6b8f1 vs cand-13caf43): 1/2-1/2 {Draw by 3-fold repetition}
Started game 1505 of 40000 (cand-13caf43 vs ref-2d6b8f1)
Finished game 1495 (cand-13caf43 vs ref-2d6b8f1): 0-1 {Black wins by adjudication}
Started game 1506 of 40000 (ref-2d6b8f1 vs cand-13caf43)
Finished game 1499 (cand-13caf43 vs ref-2d6b8f1): 1/2-1/2 {Draw by 3-fold repetition}
Started game 1507 of 40000 (cand-13caf43 vs ref-2d6b8f1)
Finished game 1501 (cand-13caf43 vs ref-2d6b8f1): 1/2-1/2 {Draw by 3-fold repetition}
Started game 1508 of 40000 (ref-2d6b8f1 vs cand-13caf43)
Finished game 1497 (cand-13caf43 vs ref-2d6b8f1): 0-1 {Black wins by adjudication}
Started game 1509 of 40000 (cand-13caf43 vs ref-2d6b8f1)
Finished game 1493 (cand-13caf43 vs ref-2d6b8f1): 1/2-1/2 {Draw by insufficient mating material}
Started game 1510 of 40000 (ref-2d6b8f1 vs cand-13caf43)
Finished game 1500 (ref-2d6b8f1 vs cand-13caf43): 0-1 {Black wins by adjudication}
--------------------------------------------------
Results of cand-13caf43 vs ref-2d6b8f1 (8+0.08, 1t, 16MB, noob_3moves.epd):
Elo: 17.43 +/- 13.54, nElo: 22.72 +/- 17.61
LOS: 99.43 %, DrawRatio: 33.16 %, PairsRatio: 1.17
Games: 1496, Wins: 491, Losses: 416, Draws: 589, Points: 785.5 (52.51 %)
Ptnml(0-2): [47, 183, 248, 188, 82], WL/DD Ratio: 1.28
LLR: 1.25 (42.5%) (-2.94, 2.94) [0.00, 5.00]
--------------------------------------------------
Started game 1511 of 40000 (cand-13caf43 vs ref-2d6b8f1)
Finished game 1494 (ref-2d6b8f1 vs cand-13caf43): 1/2-1/2 {Draw by fifty moves rule}
Started game 1512 of 40000 (ref-2d6b8f1 vs cand-13caf43)
Finished game 1503 (cand-13caf43 vs ref-2d6b8f1): 0-1 {Black wins by adjudication}
Started game 1513 of 40000 (cand-13caf43 vs ref-2d6b8f1)
Finished game 1498 (ref-2d6b8f1 vs cand-13caf43): 0-1 {Black wins by adjudication}
Started game 1514 of 40000 (ref-2d6b8f1 vs cand-13caf43)
Finished game 1502 (ref-2d6b8f1 vs cand-13caf43): 1/2-1/2 {Draw by insufficient mating material}
Started game 1515 of 40000 (cand-13caf43 vs ref-2d6b8f1)
Finished game 1504 (ref-2d6b8f1 vs cand-13caf43): 1/2-1/2 {Draw by insufficient mating material}
Started game 1516 of 40000 (ref-2d6b8f1 vs cand-13caf43)
Finished game 1505 (cand-13caf43 vs ref-2d6b8f1): 1-0 {White wins by adjudication}
Started game 1517 of 40000 (cand-13caf43 vs ref-2d6b8f1)
Finished game 1507 (cand-13caf43 vs ref-2d6b8f1): 0-1 {Black wins by adjudication}
Started game 1518 of 40000 (ref-2d6b8f1 vs cand-13caf43)
Finished game 1509 (cand-13caf43 vs ref-2d6b8f1): 1-0 {White wins by adjudication}
Started game 1519 of 40000 (cand-13caf43 vs ref-2d6b8f1)
Finished game 1506 (ref-2d6b8f1 vs cand-13caf43): 0-1 {Black wins by adjudication}
Started game 1520 of 40000 (ref-2d6b8f1 vs cand-13caf43)
Finished game 1510 (ref-2d6b8f1 vs cand-13caf43): 0-1 {Black wins by adjudication}
Started game 1521 of 40000 (cand-13caf43 vs ref-2d6b8f1)
Finished game 1517 (cand-13caf43 vs ref-2d6b8f1): 1-0 {White wins by adjudication}
Started game 1522 of 40000 (ref-2d6b8f1 vs cand-13caf43)
Finished game 1514 (ref-2d6b8f1 vs cand-13caf43): 1/2-1/2 {Draw by adjudication}
Started game 1523 of 40000 (cand-13caf43 vs ref-2d6b8f1)
Finished game 1508 (ref-2d6b8f1 vs cand-13caf43): 1-0 {White wins by adjudication}
Started game 1524 of 40000 (ref-2d6b8f1 vs cand-13caf43)
Finished game 1513 (cand-13caf43 vs ref-2d6b8f1): 1/2-1/2 {Draw by adjudication}
Started game 1525 of 40000 (cand-13caf43 vs ref-2d6b8f1)
Finished game 1512 (ref-2d6b8f1 vs cand-13caf43): 1/2-1/2 {Draw by insufficient mating material}
Started game 1526 of 40000 (ref-2d6b8f1 vs cand-13caf43)
Finished game 1515 (cand-13caf43 vs ref-2d6b8f1): 0-1 {Black wins by adjudication}
Started game 1527 of 40000 (cand-13caf43 vs ref-2d6b8f1)
Finished game 1516 (ref-2d6b8f1 vs cand-13caf43): 0-1 {Black wins by adjudication}
Started game 1528 of 40000 (ref-2d6b8f1 vs cand-13caf43)
Finished game 1511 (cand-13caf43 vs ref-2d6b8f1): 1/2-1/2 {Draw by 3-fold repetition}
Started game 1529 of 40000 (cand-13caf43 vs ref-2d6b8f1)
Finished game 1518 (ref-2d6b8f1 vs cand-13caf43): 1-0 {White wins by adjudication}
Started game 1530 of 40000 (ref-2d6b8f1 vs cand-13caf43)
Finished game 1520 (ref-2d6b8f1 vs cand-13caf43): 0-1 {Black wins by adjudication}
Started game 1531 of 40000 (cand-13caf43 vs ref-2d6b8f1)
Finished game 1521 (cand-13caf43 vs ref-2d6b8f1): 1/2-1/2 {Draw by 3-fold repetition}
Started game 1532 of 40000 (ref-2d6b8f1 vs cand-13caf43)
Finished game 1523 (cand-13caf43 vs ref-2d6b8f1): 1/2-1/2 {Draw by 3-fold repetition}
Started game 1533 of 40000 (cand-13caf43 vs ref-2d6b8f1)
Finished game 1525 (cand-13caf43 vs ref-2d6b8f1): 0-1 {Black wins by adjudication}
Started game 1534 of 40000 (ref-2d6b8f1 vs cand-13caf43)
Finished game 1519 (cand-13caf43 vs ref-2d6b8f1): 1/2-1/2 {Draw by insufficient mating material}
--------------------------------------------------
Results of cand-13caf43 vs ref-2d6b8f1 (8+0.08, 1t, 16MB, noob_3moves.epd):
Elo: 17.62 +/- 13.43, nElo: 22.96 +/- 17.47
LOS: 99.50 %, DrawRatio: 33.55 %, PairsRatio: 1.18
Games: 1520, Wins: 499, Losses: 422, Draws: 599, Points: 798.5 (52.53 %)
Ptnml(0-2): [48, 184, 255, 189, 84], WL/DD Ratio: 1.26
LLR: 1.29 (43.7%) (-2.94, 2.94) [0.00, 5.00]
--------------------------------------------------
Started game 1535 of 40000 (cand-13caf43 vs ref-2d6b8f1)
Finished game 1522 (ref-2d6b8f1 vs cand-13caf43): 1-0 {White wins by adjudication}
Started game 1536 of 40000 (ref-2d6b8f1 vs cand-13caf43)
Finished game 1527 (cand-13caf43 vs ref-2d6b8f1): 1-0 {White wins by adjudication}
Started game 1537 of 40000 (cand-13caf43 vs ref-2d6b8f1)
Finished game 1528 (ref-2d6b8f1 vs cand-13caf43): 1/2-1/2 {Draw by adjudication}
Started game 1538 of 40000 (ref-2d6b8f1 vs cand-13caf43)
Finished game 1524 (ref-2d6b8f1 vs cand-13caf43): 1-0 {White wins by adjudication}
Started game 1539 of 40000 (cand-13caf43 vs ref-2d6b8f1)
Finished game 1531 (cand-13caf43 vs ref-2d6b8f1): 1-0 {White wins by adjudication}
Started game 1540 of 40000 (ref-2d6b8f1 vs cand-13caf43)
Finished game 1532 (ref-2d6b8f1 vs cand-13caf43): 0-1 {Black wins by adjudication}
Started game 1541 of 40000 (cand-13caf43 vs ref-2d6b8f1)
Finished game 1526 (ref-2d6b8f1 vs cand-13caf43): 1/2-1/2 {Draw by adjudication}
Started game 1542 of 40000 (ref-2d6b8f1 vs cand-13caf43)
Finished game 1533 (cand-13caf43 vs ref-2d6b8f1): 0-1 {Black wins by adjudication}
Started game 1543 of 40000 (cand-13caf43 vs ref-2d6b8f1)
Finished game 1534 (ref-2d6b8f1 vs cand-13caf43): 0-1 {Black wins by adjudication}
Started game 1544 of 40000 (ref-2d6b8f1 vs cand-13caf43)
Finished game 1529 (cand-13caf43 vs ref-2d6b8f1): 0-1 {Black wins by adjudication}
Started game 1545 of 40000 (cand-13caf43 vs ref-2d6b8f1)
Finished game 1535 (cand-13caf43 vs ref-2d6b8f1): 0-1 {Black wins by adjudication}
Started game 1546 of 40000 (ref-2d6b8f1 vs cand-13caf43)
Finished game 1530 (ref-2d6b8f1 vs cand-13caf43): 1/2-1/2 {Draw by fifty moves rule}
Started game 1547 of 40000 (cand-13caf43 vs ref-2d6b8f1)
Finished game 1542 (ref-2d6b8f1 vs cand-13caf43): 1-0 {White wins by adjudication}
Started game 1548 of 40000 (ref-2d6b8f1 vs cand-13caf43)
Finished game 1536 (ref-2d6b8f1 vs cand-13caf43): 1/2-1/2 {Draw by 3-fold repetition}
Started game 1549 of 40000 (cand-13caf43 vs ref-2d6b8f1)
Finished game 1538 (ref-2d6b8f1 vs cand-13caf43): 1/2-1/2 {Draw by 3-fold repetition}
Started game 1550 of 40000 (ref-2d6b8f1 vs cand-13caf43)
Finished game 1539 (cand-13caf43 vs ref-2d6b8f1): 0-1 {Black wins by adjudication}
Started game 1551 of 40000 (cand-13caf43 vs ref-2d6b8f1)
Finished game 1537 (cand-13caf43 vs ref-2d6b8f1): 1/2-1/2 {Draw by insufficient mating material}
Started game 1552 of 40000 (ref-2d6b8f1 vs cand-13caf43)
Finished game 1541 (cand-13caf43 vs ref-2d6b8f1): 1/2-1/2 {Draw by adjudication}
Started game 1553 of 40000 (cand-13caf43 vs ref-2d6b8f1)
Finished game 1547 (cand-13caf43 vs ref-2d6b8f1): 0-1 {Black wins by adjudication}
Started game 1554 of 40000 (ref-2d6b8f1 vs cand-13caf43)
Finished game 1540 (ref-2d6b8f1 vs cand-13caf43): 1-0 {White wins by adjudication}
--------------------------------------------------
Results of cand-13caf43 vs ref-2d6b8f1 (8+0.08, 1t, 16MB, noob_3moves.epd):
Elo: 16.23 +/- 13.35, nElo: 21.13 +/- 17.34
LOS: 99.15 %, DrawRatio: 33.33 %, PairsRatio: 1.15
Games: 1542, Wins: 503, Losses: 431, Draws: 608, Points: 807.0 (52.33 %)
Ptnml(0-2): [49, 190, 257, 190, 85], WL/DD Ratio: 1.25
LLR: 1.19 (40.4%) (-2.94, 2.94) [0.00, 5.00]
--------------------------------------------------
Started game 1555 of 40000 (cand-13caf43 vs ref-2d6b8f1)
Finished game 1550 (ref-2d6b8f1 vs cand-13caf43): 1/2-1/2 {Draw by 3-fold repetition}
Started game 1556 of 40000 (ref-2d6b8f1 vs cand-13caf43)
Finished game 1543 (cand-13caf43 vs ref-2d6b8f1): 1-0 {White wins by adjudication}
Started game 1557 of 40000 (cand-13caf43 vs ref-2d6b8f1)
Finished game 1544 (ref-2d6b8f1 vs cand-13caf43): 1/2-1/2 {Draw by adjudication}
Started game 1558 of 40000 (ref-2d6b8f1 vs cand-13caf43)
Finished game 1549 (cand-13caf43 vs ref-2d6b8f1): 0-1 {Black wins by adjudication}
Started game 1559 of 40000 (cand-13caf43 vs ref-2d6b8f1)
Finished game 1545 (cand-13caf43 vs ref-2d6b8f1): 1/2-1/2 {Draw by insufficient mating material}
Started game 1560 of 40000 (ref-2d6b8f1 vs cand-13caf43)
Finished game 1548 (ref-2d6b8f1 vs cand-13caf43): 0-1 {Black wins by adjudication}
Started game 1561 of 40000 (cand-13caf43 vs ref-2d6b8f1)
Finished game 1552 (ref-2d6b8f1 vs cand-13caf43): 1-0 {White wins by adjudication}
Started game 1562 of 40000 (ref-2d6b8f1 vs cand-13caf43)
Finished game 1546 (ref-2d6b8f1 vs cand-13caf43): 0-1 {Black wins by adjudication}
Started game 1563 of 40000 (cand-13caf43 vs ref-2d6b8f1)
Finished game 1556 (ref-2d6b8f1 vs cand-13caf43): 1-0 {White wins by adjudication}
Started game 1564 of 40000 (ref-2d6b8f1 vs cand-13caf43)
Finished game 1554 (ref-2d6b8f1 vs cand-13caf43): 1/2-1/2 {Draw by adjudication}
Started game 1565 of 40000 (cand-13caf43 vs ref-2d6b8f1)
Finished game 1553 (cand-13caf43 vs ref-2d6b8f1): 1-0 {White wins by adjudication}
Started game 1566 of 40000 (ref-2d6b8f1 vs cand-13caf43)
Finished game 1558 (ref-2d6b8f1 vs cand-13caf43): 1/2-1/2 {Draw by 3-fold repetition}
Started game 1567 of 40000 (cand-13caf43 vs ref-2d6b8f1)
Finished game 1551 (cand-13caf43 vs ref-2d6b8f1): 1-0 {White wins by adjudication}
Started game 1568 of 40000 (ref-2d6b8f1 vs cand-13caf43)
Finished game 1555 (cand-13caf43 vs ref-2d6b8f1): 1/2-1/2 {Draw by adjudication}
Started game 1569 of 40000 (cand-13caf43 vs ref-2d6b8f1)
Finished game 1557 (cand-13caf43 vs ref-2d6b8f1): 1-0 {White wins by adjudication}
Started game 1570 of 40000 (ref-2d6b8f1 vs cand-13caf43)
Finished game 1559 (cand-13caf43 vs ref-2d6b8f1): 1/2-1/2 {Draw by 3-fold repetition}
Started game 1571 of 40000 (cand-13caf43 vs ref-2d6b8f1)
Finished game 1560 (ref-2d6b8f1 vs cand-13caf43): 1-0 {White wins by adjudication}
--------------------------------------------------
Results of cand-13caf43 vs ref-2d6b8f1 (8+0.08, 1t, 16MB, noob_3moves.epd):
Elo: 16.27 +/- 13.25, nElo: 21.22 +/- 17.24
LOS: 99.21 %, DrawRatio: 33.21 %, PairsRatio: 1.15
Games: 1560, Wins: 509, Losses: 436, Draws: 615, Points: 816.5 (52.34 %)
Ptnml(0-2): [49, 193, 259, 194, 85], WL/DD Ratio: 1.27
LLR: 1.21 (41.1%) (-2.94, 2.94) [0.00, 5.00]
--------------------------------------------------
Started game 1572 of 40000 (ref-2d6b8f1 vs cand-13caf43)
Finished game 1563 (cand-13caf43 vs ref-2d6b8f1): 1-0 {White wins by adjudication}
Started game 1573 of 40000 (cand-13caf43 vs ref-2d6b8f1)
Finished game 1567 (cand-13caf43 vs ref-2d6b8f1): 1/2-1/2 {Draw by 3-fold repetition}
Started game 1574 of 40000 (ref-2d6b8f1 vs cand-13caf43)
Finished game 1568 (ref-2d6b8f1 vs cand-13caf43): 1/2-1/2 {Draw by 3-fold repetition}
Started game 1575 of 40000 (cand-13caf43 vs ref-2d6b8f1)
Finished game 1561 (cand-13caf43 vs ref-2d6b8f1): 0-1 {Black wins by adjudication}
Started game 1576 of 40000 (ref-2d6b8f1 vs cand-13caf43)
Finished game 1562 (ref-2d6b8f1 vs cand-13caf43): 0-1 {Black wins by adjudication}
Started game 1577 of 40000 (cand-13caf43 vs ref-2d6b8f1)
Finished game 1566 (ref-2d6b8f1 vs cand-13caf43): 0-1 {Black wins by adjudication}
Started game 1578 of 40000 (ref-2d6b8f1 vs cand-13caf43)
Finished game 1570 (ref-2d6b8f1 vs cand-13caf43): 1/2-1/2 {Draw by 3-fold repetition}
Started game 1579 of 40000 (cand-13caf43 vs ref-2d6b8f1)
Finished game 1565 (cand-13caf43 vs ref-2d6b8f1): 0-1 {Black wins by adjudication}
Started game 1580 of 40000 (ref-2d6b8f1 vs cand-13caf43)
Finished game 1571 (cand-13caf43 vs ref-2d6b8f1): 0-1 {Black wins by adjudication}
Started game 1581 of 40000 (cand-13caf43 vs ref-2d6b8f1)
Finished game 1564 (ref-2d6b8f1 vs cand-13caf43): 1-0 {White wins by adjudication}
Started game 1582 of 40000 (ref-2d6b8f1 vs cand-13caf43)
Finished game 1569 (cand-13caf43 vs ref-2d6b8f1): 1/2-1/2 {Draw by adjudication}
Started game 1583 of 40000 (cand-13caf43 vs ref-2d6b8f1)
Finished game 1572 (ref-2d6b8f1 vs cand-13caf43): 1/2-1/2 {Draw by adjudication}
Started game 1584 of 40000 (ref-2d6b8f1 vs cand-13caf43)
Finished game 1575 (cand-13caf43 vs ref-2d6b8f1): 1/2-1/2 {Draw by 3-fold repetition}
Started game 1585 of 40000 (cand-13caf43 vs ref-2d6b8f1)
Finished game 1573 (cand-13caf43 vs ref-2d6b8f1): 1/2-1/2 {Draw by 3-fold repetition}
Started game 1586 of 40000 (ref-2d6b8f1 vs cand-13caf43)
Finished game 1581 (cand-13caf43 vs ref-2d6b8f1): 1/2-1/2 {Draw by 3-fold repetition}
Started game 1587 of 40000 (cand-13caf43 vs ref-2d6b8f1)
Finished game 1579 (cand-13caf43 vs ref-2d6b8f1): 1/2-1/2 {Draw by 3-fold repetition}
Started game 1588 of 40000 (ref-2d6b8f1 vs cand-13caf43)
Finished game 1577 (cand-13caf43 vs ref-2d6b8f1): 1/2-1/2 {Draw by adjudication}
Started game 1589 of 40000 (cand-13caf43 vs ref-2d6b8f1)
Finished game 1580 (ref-2d6b8f1 vs cand-13caf43): 0-1 {Black wins by adjudication}
--------------------------------------------------
Results of cand-13caf43 vs ref-2d6b8f1 (8+0.08, 1t, 16MB, noob_3moves.epd):
Elo: 16.13 +/- 13.14, nElo: 21.10 +/- 17.16
LOS: 99.20 %, DrawRatio: 33.55 %, PairsRatio: 1.15
Games: 1574, Wins: 513, Losses: 440, Draws: 621, Points: 823.5 (52.32 %)
Ptnml(0-2): [49, 194, 264, 195, 85], WL/DD Ratio: 1.28
LLR: 1.21 (41.2%) (-2.94, 2.94) [0.00, 5.00]
--------------------------------------------------
Started game 1590 of 40000 (ref-2d6b8f1 vs cand-13caf43)
Finished game 1578 (ref-2d6b8f1 vs cand-13caf43): 1/2-1/2 {Draw by insufficient mating material}
Started game 1591 of 40000 (cand-13caf43 vs ref-2d6b8f1)
Finished game 1576 (ref-2d6b8f1 vs cand-13caf43): 1/2-1/2 {Draw by adjudication}
Started game 1592 of 40000 (ref-2d6b8f1 vs cand-13caf43)
Finished game 1574 (ref-2d6b8f1 vs cand-13caf43): 1/2-1/2 {Draw by 3-fold repetition}
Started game 1593 of 40000 (cand-13caf43 vs ref-2d6b8f1)
Finished game 1590 (ref-2d6b8f1 vs cand-13caf43): 1/2-1/2 {Draw by 3-fold repetition}
Started game 1594 of 40000 (ref-2d6b8f1 vs cand-13caf43)
Finished game 1583 (cand-13caf43 vs ref-2d6b8f1): 1/2-1/2 {Draw by insufficient mating material}
Started game 1595 of 40000 (cand-13caf43 vs ref-2d6b8f1)
Finished game 1595 (cand-13caf43 vs ref-2d6b8f1): 1/2-1/2 {Draw by 3-fold repetition}
Started game 1596 of 40000 (ref-2d6b8f1 vs cand-13caf43)
Finished game 1586 (ref-2d6b8f1 vs cand-13caf43): 1/2-1/2 {Draw by 3-fold repetition}
Started game 1597 of 40000 (cand-13caf43 vs ref-2d6b8f1)
Finished game 1584 (ref-2d6b8f1 vs cand-13caf43): 0-1 {Black wins by adjudication}
Started game 1598 of 40000 (ref-2d6b8f1 vs cand-13caf43)
Finished game 1587 (cand-13caf43 vs ref-2d6b8f1): 1-0 {White wins by adjudication}
Started game 1599 of 40000 (cand-13caf43 vs ref-2d6b8f1)
Finished game 1588 (ref-2d6b8f1 vs cand-13caf43): 0-1 {Black wins by adjudication}
Started game 1600 of 40000 (ref-2d6b8f1 vs cand-13caf43)
Finished game 1582 (ref-2d6b8f1 vs cand-13caf43): 1/2-1/2 {Draw by fifty moves rule}
Started game 1601 of 40000 (cand-13caf43 vs ref-2d6b8f1)
Finished game 1589 (cand-13caf43 vs ref-2d6b8f1): 1-0 {White wins by adjudication}
Started game 1602 of 40000 (ref-2d6b8f1 vs cand-13caf43)
Finished game 1585 (cand-13caf43 vs ref-2d6b8f1): 1-0 {White wins by adjudication}
Started game 1603 of 40000 (cand-13caf43 vs ref-2d6b8f1)
Finished game 1592 (ref-2d6b8f1 vs cand-13caf43): 1-0 {White wins by adjudication}
Started game 1604 of 40000 (ref-2d6b8f1 vs cand-13caf43)
Finished game 1591 (cand-13caf43 vs ref-2d6b8f1): 0-1 {Black wins by adjudication}
Started game 1605 of 40000 (cand-13caf43 vs ref-2d6b8f1)
Finished game 1593 (cand-13caf43 vs ref-2d6b8f1): 1-0 {White wins by adjudication}
Started game 1606 of 40000 (ref-2d6b8f1 vs cand-13caf43)
Finished game 1599 (cand-13caf43 vs ref-2d6b8f1): 1-0 {White wins by adjudication}
Started game 1607 of 40000 (cand-13caf43 vs ref-2d6b8f1)
Finished game 1597 (cand-13caf43 vs ref-2d6b8f1): 1/2-1/2 {Draw by adjudication}
Started game 1608 of 40000 (ref-2d6b8f1 vs cand-13caf43)
Finished game 1601 (cand-13caf43 vs ref-2d6b8f1): 1/2-1/2 {Draw by 3-fold repetition}
Started game 1609 of 40000 (cand-13caf43 vs ref-2d6b8f1)
Finished game 1596 (ref-2d6b8f1 vs cand-13caf43): 0-1 {Black wins by adjudication}
Started game 1610 of 40000 (ref-2d6b8f1 vs cand-13caf43)
Finished game 1605 (cand-13caf43 vs ref-2d6b8f1): 1/2-1/2 {Draw by adjudication}
Started game 1611 of 40000 (cand-13caf43 vs ref-2d6b8f1)
Finished game 1604 (ref-2d6b8f1 vs cand-13caf43): 0-1 {Black wins by adjudication}
Started game 1612 of 40000 (ref-2d6b8f1 vs cand-13caf43)
Finished game 1602 (ref-2d6b8f1 vs cand-13caf43): 1-0 {White wins by adjudication}
Started game 1613 of 40000 (cand-13caf43 vs ref-2d6b8f1)
Finished game 1606 (ref-2d6b8f1 vs cand-13caf43): 1/2-1/2 {Draw by 3-fold repetition}
Started game 1614 of 40000 (ref-2d6b8f1 vs cand-13caf43)
Finished game 1594 (ref-2d6b8f1 vs cand-13caf43): 1/2-1/2 {Draw by 3-fold repetition}
Started game 1615 of 40000 (cand-13caf43 vs ref-2d6b8f1)
Finished game 1598 (ref-2d6b8f1 vs cand-13caf43): 1-0 {White wins by adjudication}
Started game 1616 of 40000 (ref-2d6b8f1 vs cand-13caf43)
Finished game 1600 (ref-2d6b8f1 vs cand-13caf43): 1/2-1/2 {Draw by insufficient mating material}
--------------------------------------------------
Results of cand-13caf43 vs ref-2d6b8f1 (8+0.08, 1t, 16MB, noob_3moves.epd):
Elo: 16.69 +/- 13.01, nElo: 21.86 +/- 17.00
LOS: 99.41 %, DrawRatio: 33.54 %, PairsRatio: 1.17
Games: 1604, Wins: 521, Losses: 444, Draws: 639, Points: 840.5 (52.40 %)
Ptnml(0-2): [50, 196, 269, 201, 86], WL/DD Ratio: 1.22
LLR: 1.29 (43.7%) (-2.94, 2.94) [0.00, 5.00]
--------------------------------------------------
Started game 1617 of 40000 (cand-13caf43 vs ref-2d6b8f1)
Finished game 1603 (cand-13caf43 vs ref-2d6b8f1): 0-1 {Black wins by adjudication}
Started game 1618 of 40000 (ref-2d6b8f1 vs cand-13caf43)
Finished game 1608 (ref-2d6b8f1 vs cand-13caf43): 1/2-1/2 {Draw by 3-fold repetition}
Started game 1619 of 40000 (cand-13caf43 vs ref-2d6b8f1)
Finished game 1615 (cand-13caf43 vs ref-2d6b8f1): 1/2-1/2 {Draw by 3-fold repetition}
Started game 1620 of 40000 (ref-2d6b8f1 vs cand-13caf43)
Finished game 1617 (cand-13caf43 vs ref-2d6b8f1): 0-1 {Black wins by adjudication}
Started game 1621 of 40000 (cand-13caf43 vs ref-2d6b8f1)
Finished game 1614 (ref-2d6b8f1 vs cand-13caf43): 1-0 {White wins by adjudication}
Started game 1622 of 40000 (ref-2d6b8f1 vs cand-13caf43)
Finished game 1610 (ref-2d6b8f1 vs cand-13caf43): 1-0 {White wins by adjudication}
Started game 1623 of 40000 (cand-13caf43 vs ref-2d6b8f1)
Finished game 1612 (ref-2d6b8f1 vs cand-13caf43): 0-1 {Black wins by adjudication}
Started game 1624 of 40000 (ref-2d6b8f1 vs cand-13caf43)
Finished game 1611 (cand-13caf43 vs ref-2d6b8f1): 1/2-1/2 {Draw by 3-fold repetition}
Started game 1625 of 40000 (cand-13caf43 vs ref-2d6b8f1)
Finished game 1618 (ref-2d6b8f1 vs cand-13caf43): 0-1 {Black wins by adjudication}
Started game 1626 of 40000 (ref-2d6b8f1 vs cand-13caf43)
Finished game 1621 (cand-13caf43 vs ref-2d6b8f1): 1/2-1/2 {Draw by 3-fold repetition}
Started game 1627 of 40000 (cand-13caf43 vs ref-2d6b8f1)
Finished game 1609 (cand-13caf43 vs ref-2d6b8f1): 1/2-1/2 {Draw by adjudication}
Started game 1628 of 40000 (ref-2d6b8f1 vs cand-13caf43)
Finished game 1616 (ref-2d6b8f1 vs cand-13caf43): 1/2-1/2 {Draw by 3-fold repetition}
Started game 1629 of 40000 (cand-13caf43 vs ref-2d6b8f1)
Finished game 1607 (cand-13caf43 vs ref-2d6b8f1): 1/2-1/2 {Draw by adjudication}
Started game 1630 of 40000 (ref-2d6b8f1 vs cand-13caf43)
Finished game 1613 (cand-13caf43 vs ref-2d6b8f1): 1/2-1/2 {Draw by adjudication}
Started game 1631 of 40000 (cand-13caf43 vs ref-2d6b8f1)
Finished game 1623 (cand-13caf43 vs ref-2d6b8f1): 1/2-1/2 {Draw by 3-fold repetition}
Started game 1632 of 40000 (ref-2d6b8f1 vs cand-13caf43)
Finished game 1624 (ref-2d6b8f1 vs cand-13caf43): 1/2-1/2 {Draw by 3-fold repetition}
Started game 1633 of 40000 (cand-13caf43 vs ref-2d6b8f1)
Finished game 1619 (cand-13caf43 vs ref-2d6b8f1): 1/2-1/2 {Draw by 3-fold repetition}
Started game 1634 of 40000 (ref-2d6b8f1 vs cand-13caf43)
Finished game 1622 (ref-2d6b8f1 vs cand-13caf43): 0-1 {Black wins by adjudication}
Started game 1635 of 40000 (cand-13caf43 vs ref-2d6b8f1)
Finished game 1626 (ref-2d6b8f1 vs cand-13caf43): 0-1 {Black wins by adjudication}
Started game 1636 of 40000 (ref-2d6b8f1 vs cand-13caf43)
Finished game 1629 (cand-13caf43 vs ref-2d6b8f1): 1-0 {White wins by adjudication}
Started game 1637 of 40000 (cand-13caf43 vs ref-2d6b8f1)
Finished game 1620 (ref-2d6b8f1 vs cand-13caf43): 1-0 {White wins by adjudication}
--------------------------------------------------
Results of cand-13caf43 vs ref-2d6b8f1 (8+0.08, 1t, 16MB, noob_3moves.epd):
Elo: 16.27 +/- 12.88, nElo: 21.38 +/- 16.90
LOS: 99.34 %, DrawRatio: 33.74 %, PairsRatio: 1.16
Games: 1624, Wins: 525, Losses: 449, Draws: 650, Points: 850.0 (52.34 %)
Ptnml(0-2): [50, 199, 274, 203, 86], WL/DD Ratio: 1.21
LLR: 1.27 (43.1%) (-2.94, 2.94) [0.00, 5.00]
--------------------------------------------------
Started game 1638 of 40000 (ref-2d6b8f1 vs cand-13caf43)
Finished game 1630 (ref-2d6b8f1 vs cand-13caf43): 1-0 {White wins by adjudication}
Started game 1639 of 40000 (cand-13caf43 vs ref-2d6b8f1)
Finished game 1635 (cand-13caf43 vs ref-2d6b8f1): 1/2-1/2 {Draw by 3-fold repetition}
Started game 1640 of 40000 (ref-2d6b8f1 vs cand-13caf43)
Finished game 1631 (cand-13caf43 vs ref-2d6b8f1): 1/2-1/2 {Draw by 3-fold repetition}
Started game 1641 of 40000 (cand-13caf43 vs ref-2d6b8f1)
Finished game 1628 (ref-2d6b8f1 vs cand-13caf43): 0-1 {Black wins by adjudication}
Started game 1642 of 40000 (ref-2d6b8f1 vs cand-13caf43)
Finished game 1632 (ref-2d6b8f1 vs cand-13caf43): 0-1 {Black wins by adjudication}
Started game 1643 of 40000 (cand-13caf43 vs ref-2d6b8f1)
Finished game 1627 (cand-13caf43 vs ref-2d6b8f1): 1/2-1/2 {Draw by fifty moves rule}
Started game 1644 of 40000 (ref-2d6b8f1 vs cand-13caf43)
Finished game 1625 (cand-13caf43 vs ref-2d6b8f1): 1/2-1/2 {Draw by insufficient mating material}
Started game 1645 of 40000 (cand-13caf43 vs ref-2d6b8f1)
Finished game 1633 (cand-13caf43 vs ref-2d6b8f1): 1-0 {White wins by adjudication}
Started game 1646 of 40000 (ref-2d6b8f1 vs cand-13caf43)
Finished game 1639 (cand-13caf43 vs ref-2d6b8f1): 1/2-1/2 {Draw by 3-fold repetition}
Started game 1647 of 40000 (cand-13caf43 vs ref-2d6b8f1)
Finished game 1634 (ref-2d6b8f1 vs cand-13caf43): 1/2-1/2 {Draw by insufficient mating material}
Started game 1648 of 40000 (ref-2d6b8f1 vs cand-13caf43)
Finished game 1638 (ref-2d6b8f1 vs cand-13caf43): 1/2-1/2 {Draw by adjudication}
Started game 1649 of 40000 (cand-13caf43 vs ref-2d6b8f1)
Finished game 1637 (cand-13caf43 vs ref-2d6b8f1): 0-1 {Black wins by adjudication}
Started game 1650 of 40000 (ref-2d6b8f1 vs cand-13caf43)
Finished game 1646 (ref-2d6b8f1 vs cand-13caf43): 1/2-1/2 {Draw by 3-fold repetition}
Started game 1651 of 40000 (cand-13caf43 vs ref-2d6b8f1)
Finished game 1641 (cand-13caf43 vs ref-2d6b8f1): 0-1 {Black wins by adjudication}
Started game 1652 of 40000 (ref-2d6b8f1 vs cand-13caf43)
Finished game 1649 (cand-13caf43 vs ref-2d6b8f1): 1/2-1/2 {Draw by 3-fold repetition}
Started game 1653 of 40000 (cand-13caf43 vs ref-2d6b8f1)
Finished game 1640 (ref-2d6b8f1 vs cand-13caf43): 1/2-1/2 {Draw by 3-fold repetition}
--------------------------------------------------
Results of cand-13caf43 vs ref-2d6b8f1 (8+0.08, 1t, 16MB, noob_3moves.epd):
Elo: 16.77 +/- 12.80, nElo: 22.08 +/- 16.83
LOS: 99.49 %, DrawRatio: 33.70 %, PairsRatio: 1.17
Games: 1638, Wins: 530, Losses: 451, Draws: 657, Points: 858.5 (52.41 %)
Ptnml(0-2): [50, 200, 276, 207, 86], WL/DD Ratio: 1.21
LLR: 1.33 (45.1%) (-2.94, 2.94) [0.00, 5.00]
--------------------------------------------------
Started game 1654 of 40000 (ref-2d6b8f1 vs cand-13caf43)
Finished game 1647 (cand-13caf43 vs ref-2d6b8f1): 0-1 {Black wins by adjudication}
Started game 1655 of 40000 (cand-13caf43 vs ref-2d6b8f1)
Finished game 1644 (ref-2d6b8f1 vs cand-13caf43): 0-1 {Black wins by adjudication}
Started game 1656 of 40000 (ref-2d6b8f1 vs cand-13caf43)
Finished game 1643 (cand-13caf43 vs ref-2d6b8f1): 1/2-1/2 {Draw by insufficient mating material}
Started game 1657 of 40000 (cand-13caf43 vs ref-2d6b8f1)
Finished game 1645 (cand-13caf43 vs ref-2d6b8f1): 1/2-1/2 {Draw by 3-fold repetition}
Started game 1658 of 40000 (ref-2d6b8f1 vs cand-13caf43)
Finished game 1650 (ref-2d6b8f1 vs cand-13caf43): 1/2-1/2 {Draw by 3-fold repetition}
Started game 1659 of 40000 (cand-13caf43 vs ref-2d6b8f1)
Finished game 1648 (ref-2d6b8f1 vs cand-13caf43): 0-1 {Black wins by adjudication}
Started game 1660 of 40000 (ref-2d6b8f1 vs cand-13caf43)
Finished game 1636 (ref-2d6b8f1 vs cand-13caf43): 1/2-1/2 {Draw by insufficient mating material}
Started game 1661 of 40000 (cand-13caf43 vs ref-2d6b8f1)
Finished game 1642 (ref-2d6b8f1 vs cand-13caf43): 1/2-1/2 {Draw by fifty moves rule}
Started game 1662 of 40000 (ref-2d6b8f1 vs cand-13caf43)
Finished game 1651 (cand-13caf43 vs ref-2d6b8f1): 1-0 {White wins by adjudication}
Started game 1663 of 40000 (cand-13caf43 vs ref-2d6b8f1)
Finished game 1656 (ref-2d6b8f1 vs cand-13caf43): 1/2-1/2 {Draw by adjudication}
Started game 1664 of 40000 (ref-2d6b8f1 vs cand-13caf43)
Finished game 1657 (cand-13caf43 vs ref-2d6b8f1): 1-0 {White wins by adjudication}
Started game 1665 of 40000 (cand-13caf43 vs ref-2d6b8f1)
Finished game 1653 (cand-13caf43 vs ref-2d6b8f1): 1-0 {White wins by adjudication}
Started game 1666 of 40000 (ref-2d6b8f1 vs cand-13caf43)
Finished game 1655 (cand-13caf43 vs ref-2d6b8f1): 1/2-1/2 {Draw by 3-fold repetition}
Started game 1667 of 40000 (cand-13caf43 vs ref-2d6b8f1)
Finished game 1652 (ref-2d6b8f1 vs cand-13caf43): 0-1 {Black wins by adjudication}
Started game 1668 of 40000 (ref-2d6b8f1 vs cand-13caf43)
Finished game 1654 (ref-2d6b8f1 vs cand-13caf43): 1-0 {White wins by adjudication}
Started game 1669 of 40000 (cand-13caf43 vs ref-2d6b8f1)
Finished game 1658 (ref-2d6b8f1 vs cand-13caf43): 1-0 {White wins by adjudication}
Started game 1670 of 40000 (ref-2d6b8f1 vs cand-13caf43)
Finished game 1659 (cand-13caf43 vs ref-2d6b8f1): 1-0 {White wins by adjudication}
Started game 1671 of 40000 (cand-13caf43 vs ref-2d6b8f1)
Finished game 1663 (cand-13caf43 vs ref-2d6b8f1): 1-0 {White wins by adjudication}
Started game 1672 of 40000 (ref-2d6b8f1 vs cand-13caf43)
Finished game 1670 (ref-2d6b8f1 vs cand-13caf43): 1-0 {White wins by adjudication}
Started game 1673 of 40000 (cand-13caf43 vs ref-2d6b8f1)
Finished game 1668 (ref-2d6b8f1 vs cand-13caf43): 1-0 {White wins by adjudication}
Started game 1674 of 40000 (ref-2d6b8f1 vs cand-13caf43)
Finished game 1667 (cand-13caf43 vs ref-2d6b8f1): 1-0 {White wins by adjudication}
Started game 1675 of 40000 (cand-13caf43 vs ref-2d6b8f1)
Finished game 1662 (ref-2d6b8f1 vs cand-13caf43): 0-1 {Black wins by adjudication}
Started game 1676 of 40000 (ref-2d6b8f1 vs cand-13caf43)
Finished game 1666 (ref-2d6b8f1 vs cand-13caf43): 1/2-1/2 {Draw by stalemate}
Started game 1677 of 40000 (cand-13caf43 vs ref-2d6b8f1)
Finished game 1661 (cand-13caf43 vs ref-2d6b8f1): 1-0 {White wins by adjudication}
Started game 1678 of 40000 (ref-2d6b8f1 vs cand-13caf43)
Finished game 1660 (ref-2d6b8f1 vs cand-13caf43): 1/2-1/2 {Draw by adjudication}
--------------------------------------------------
Results of cand-13caf43 vs ref-2d6b8f1 (8+0.08, 1t, 16MB, noob_3moves.epd):
Elo: 17.55 +/- 12.67, nElo: 23.17 +/- 16.69
LOS: 99.67 %, DrawRatio: 34.13 %, PairsRatio: 1.18
Games: 1664, Wins: 540, Losses: 456, Draws: 668, Points: 874.0 (52.52 %)
Ptnml(0-2): [50, 201, 284, 209, 88], WL/DD Ratio: 1.20
LLR: 1.42 (48.4%) (-2.94, 2.94) [0.00, 5.00]
--------------------------------------------------
Started game 1679 of 40000 (cand-13caf43 vs ref-2d6b8f1)
Finished game 1665 (cand-13caf43 vs ref-2d6b8f1): 1/2-1/2 {Draw by 3-fold repetition}
Started game 1680 of 40000 (ref-2d6b8f1 vs cand-13caf43)
Finished game 1671 (cand-13caf43 vs ref-2d6b8f1): 0-1 {Black wins by adjudication}
Started game 1681 of 40000 (cand-13caf43 vs ref-2d6b8f1)
Finished game 1669 (cand-13caf43 vs ref-2d6b8f1): 0-1 {Black wins by adjudication}
Started game 1682 of 40000 (ref-2d6b8f1 vs cand-13caf43)
Finished game 1664 (ref-2d6b8f1 vs cand-13caf43): 1/2-1/2 {Draw by 3-fold repetition}
Started game 1683 of 40000 (cand-13caf43 vs ref-2d6b8f1)
Finished game 1673 (cand-13caf43 vs ref-2d6b8f1): 1/2-1/2 {Draw by 3-fold repetition}
Started game 1684 of 40000 (ref-2d6b8f1 vs cand-13caf43)
Finished game 1672 (ref-2d6b8f1 vs cand-13caf43): 0-1 {Black wins by adjudication}
Started game 1685 of 40000 (cand-13caf43 vs ref-2d6b8f1)
Finished game 1677 (cand-13caf43 vs ref-2d6b8f1): 0-1 {Black wins by adjudication}
Started game 1686 of 40000 (ref-2d6b8f1 vs cand-13caf43)
Finished game 1675 (cand-13caf43 vs ref-2d6b8f1): 1-0 {White wins by adjudication}
Started game 1687 of 40000 (cand-13caf43 vs ref-2d6b8f1)
Finished game 1676 (ref-2d6b8f1 vs cand-13caf43): 1-0 {White wins by adjudication}
Started game 1688 of 40000 (ref-2d6b8f1 vs cand-13caf43)
Finished game 1674 (ref-2d6b8f1 vs cand-13caf43): 1-0 {White wins by adjudication}
Started game 1689 of 40000 (cand-13caf43 vs ref-2d6b8f1)
Finished game 1682 (ref-2d6b8f1 vs cand-13caf43): 1-0 {White wins by adjudication}
Started game 1690 of 40000 (ref-2d6b8f1 vs cand-13caf43)
Finished game 1680 (ref-2d6b8f1 vs cand-13caf43): 1/2-1/2 {Draw by 3-fold repetition}
Started game 1691 of 40000 (cand-13caf43 vs ref-2d6b8f1)
Finished game 1681 (cand-13caf43 vs ref-2d6b8f1): 0-1 {Black wins by adjudication}
Started game 1692 of 40000 (ref-2d6b8f1 vs cand-13caf43)
Finished game 1683 (cand-13caf43 vs ref-2d6b8f1): 0-1 {Black wins by adjudication}
Started game 1693 of 40000 (cand-13caf43 vs ref-2d6b8f1)
Finished game 1679 (cand-13caf43 vs ref-2d6b8f1): 1/2-1/2 {Draw by insufficient mating material}
--------------------------------------------------
Results of cand-13caf43 vs ref-2d6b8f1 (8+0.08, 1t, 16MB, noob_3moves.epd):
Elo: 16.56 +/- 12.62, nElo: 21.84 +/- 16.61
LOS: 99.50 %, DrawRatio: 34.29 %, PairsRatio: 1.17
Games: 1680, Wins: 543, Losses: 463, Draws: 674, Points: 880.0 (52.38 %)
Ptnml(0-2): [52, 202, 288, 210, 88], WL/DD Ratio: 1.20
LLR: 1.35 (45.7%) (-2.94, 2.94) [0.00, 5.00]
--------------------------------------------------
Started game 1694 of 40000 (ref-2d6b8f1 vs cand-13caf43)
Finished game 1678 (ref-2d6b8f1 vs cand-13caf43): 1/2-1/2 {Draw by adjudication}
Started game 1695 of 40000 (cand-13caf43 vs ref-2d6b8f1)
Finished game 1686 (ref-2d6b8f1 vs cand-13caf43): 1-0 {White wins by adjudication}
Started game 1696 of 40000 (ref-2d6b8f1 vs cand-13caf43)
Finished game 1684 (ref-2d6b8f1 vs cand-13caf43): 1/2-1/2 {Draw by adjudication}
Started game 1697 of 40000 (cand-13caf43 vs ref-2d6b8f1)
Finished game 1687 (cand-13caf43 vs ref-2d6b8f1): 0-1 {Black wins by adjudication}
Started game 1698 of 40000 (ref-2d6b8f1 vs cand-13caf43)
Finished game 1688 (ref-2d6b8f1 vs cand-13caf43): 0-1 {Black wins by adjudication}
Started game 1699 of 40000 (cand-13caf43 vs ref-2d6b8f1)
Finished game 1693 (cand-13caf43 vs ref-2d6b8f1): 1/2-1/2 {Draw by 3-fold repetition}
Started game 1700 of 40000 (ref-2d6b8f1 vs cand-13caf43)
Finished game 1685 (cand-13caf43 vs ref-2d6b8f1): 0-1 {Black wins by adjudication}
Started game 1701 of 40000 (cand-13caf43 vs ref-2d6b8f1)
Finished game 1692 (ref-2d6b8f1 vs cand-13caf43): 0-1 {Black wins by adjudication}
Started game 1702 of 40000 (ref-2d6b8f1 vs cand-13caf43)
Finished game 1689 (cand-13caf43 vs ref-2d6b8f1): 1-0 {White wins by adjudication}
Started game 1703 of 40000 (cand-13caf43 vs ref-2d6b8f1)
Finished game 1691 (cand-13caf43 vs ref-2d6b8f1): 1-0 {White wins by adjudication}
Started game 1704 of 40000 (ref-2d6b8f1 vs cand-13caf43)
Finished game 1694 (ref-2d6b8f1 vs cand-13caf43): 1-0 {White wins by adjudication}
Started game 1705 of 40000 (cand-13caf43 vs ref-2d6b8f1)
Finished game 1695 (cand-13caf43 vs ref-2d6b8f1): 0-1 {Black wins by adjudication}
Started game 1706 of 40000 (ref-2d6b8f1 vs cand-13caf43)
Finished game 1690 (ref-2d6b8f1 vs cand-13caf43): 0-1 {Black wins by adjudication}
Started game 1707 of 40000 (cand-13caf43 vs ref-2d6b8f1)
Finished game 1696 (ref-2d6b8f1 vs cand-13caf43): 0-1 {Black wins by adjudication}
Started game 1708 of 40000 (ref-2d6b8f1 vs cand-13caf43)
Finished game 1697 (cand-13caf43 vs ref-2d6b8f1): 0-1 {Black wins by adjudication}
Started game 1709 of 40000 (cand-13caf43 vs ref-2d6b8f1)
Finished game 1699 (cand-13caf43 vs ref-2d6b8f1): 1-0 {White wins by adjudication}
Started game 1710 of 40000 (ref-2d6b8f1 vs cand-13caf43)
Finished game 1698 (ref-2d6b8f1 vs cand-13caf43): 1/2-1/2 {Draw by 3-fold repetition}
Started game 1711 of 40000 (cand-13caf43 vs ref-2d6b8f1)
Finished game 1702 (ref-2d6b8f1 vs cand-13caf43): 1/2-1/2 {Draw by adjudication}
Started game 1712 of 40000 (ref-2d6b8f1 vs cand-13caf43)
Finished game 1703 (cand-13caf43 vs ref-2d6b8f1): 1/2-1/2 {Draw by 3-fold repetition}
Started game 1713 of 40000 (cand-13caf43 vs ref-2d6b8f1)
Finished game 1701 (cand-13caf43 vs ref-2d6b8f1): 1/2-1/2 {Draw by 3-fold repetition}
Started game 1714 of 40000 (ref-2d6b8f1 vs cand-13caf43)
Finished game 1705 (cand-13caf43 vs ref-2d6b8f1): 0-1 {Black wins by adjudication}
Started game 1715 of 40000 (cand-13caf43 vs ref-2d6b8f1)
Finished game 1700 (ref-2d6b8f1 vs cand-13caf43): 1-0 {White wins by adjudication}
--------------------------------------------------
Results of cand-13caf43 vs ref-2d6b8f1 (8+0.08, 1t, 16MB, noob_3moves.epd):
Elo: 15.93 +/- 12.56, nElo: 20.97 +/- 16.51
LOS: 99.36 %, DrawRatio: 34.31 %, PairsRatio: 1.16
Games: 1702, Wins: 550, Losses: 472, Draws: 680, Points: 890.0 (52.29 %)
Ptnml(0-2): [53, 206, 292, 210, 90], WL/DD Ratio: 1.21
LLR: 1.30 (44.2%) (-2.94, 2.94) [0.00, 5.00]
--------------------------------------------------
Started game 1716 of 40000 (ref-2d6b8f1 vs cand-13caf43)
Finished game 1706 (ref-2d6b8f1 vs cand-13caf43): 0-1 {Black wins by adjudication}
Started game 1717 of 40000 (cand-13caf43 vs ref-2d6b8f1)
Finished game 1704 (ref-2d6b8f1 vs cand-13caf43): 1/2-1/2 {Draw by adjudication}
Started game 1718 of 40000 (ref-2d6b8f1 vs cand-13caf43)
Finished game 1710 (ref-2d6b8f1 vs cand-13caf43): 0-1 {Black wins by adjudication}
Started game 1719 of 40000 (cand-13caf43 vs ref-2d6b8f1)
Finished game 1707 (cand-13caf43 vs ref-2d6b8f1): 1/2-1/2 {Draw by adjudication}
Started game 1720 of 40000 (ref-2d6b8f1 vs cand-13caf43)
Finished game 1708 (ref-2d6b8f1 vs cand-13caf43): 0-1 {Black wins by adjudication}
Started game 1721 of 40000 (cand-13caf43 vs ref-2d6b8f1)
Finished game 1711 (cand-13caf43 vs ref-2d6b8f1): 1-0 {White wins by adjudication}
Started game 1722 of 40000 (ref-2d6b8f1 vs cand-13caf43)
Finished game 1713 (cand-13caf43 vs ref-2d6b8f1): 1-0 {White wins by adjudication}
Started game 1723 of 40000 (cand-13caf43 vs ref-2d6b8f1)
Finished game 1709 (cand-13caf43 vs ref-2d6b8f1): 1-0 {White wins by adjudication}
Started game 1724 of 40000 (ref-2d6b8f1 vs cand-13caf43)
Finished game 1715 (cand-13caf43 vs ref-2d6b8f1): 1/2-1/2 {Draw by 3-fold repetition}
Started game 1725 of 40000 (cand-13caf43 vs ref-2d6b8f1)
Finished game 1716 (ref-2d6b8f1 vs cand-13caf43): 0-1 {Black wins by adjudication}
Started game 1726 of 40000 (ref-2d6b8f1 vs cand-13caf43)
Finished game 1717 (cand-13caf43 vs ref-2d6b8f1): 1-0 {White wins by adjudication}
Started game 1727 of 40000 (cand-13caf43 vs ref-2d6b8f1)
Finished game 1714 (ref-2d6b8f1 vs cand-13caf43): 1/2-1/2 {Draw by 3-fold repetition}
Started game 1728 of 40000 (ref-2d6b8f1 vs cand-13caf43)
Finished game 1712 (ref-2d6b8f1 vs cand-13caf43): 1/2-1/2 {Draw by adjudication}
Started game 1729 of 40000 (cand-13caf43 vs ref-2d6b8f1)
Finished game 1720 (ref-2d6b8f1 vs cand-13caf43): 0-1 {Black wins by adjudication}
Started game 1730 of 40000 (ref-2d6b8f1 vs cand-13caf43)
Finished game 1723 (cand-13caf43 vs ref-2d6b8f1): 1-0 {White wins by adjudication}
Started game 1731 of 40000 (cand-13caf43 vs ref-2d6b8f1)
Finished game 1722 (ref-2d6b8f1 vs cand-13caf43): 1/2-1/2 {Draw by 3-fold repetition}
Started game 1732 of 40000 (ref-2d6b8f1 vs cand-13caf43)
Finished game 1724 (ref-2d6b8f1 vs cand-13caf43): 1-0 {White wins by adjudication}
Started game 1733 of 40000 (cand-13caf43 vs ref-2d6b8f1)
Finished game 1727 (cand-13caf43 vs ref-2d6b8f1): 0-1 {Black wins by adjudication}
Started game 1734 of 40000 (ref-2d6b8f1 vs cand-13caf43)
Finished game 1726 (ref-2d6b8f1 vs cand-13caf43): 1/2-1/2 {Draw by 3-fold repetition}
Started game 1735 of 40000 (cand-13caf43 vs ref-2d6b8f1)
Finished game 1719 (cand-13caf43 vs ref-2d6b8f1): 1/2-1/2 {Draw by fifty moves rule}
--------------------------------------------------
Results of cand-13caf43 vs ref-2d6b8f1 (8+0.08, 1t, 16MB, noob_3moves.epd):
Elo: 17.18 +/- 12.48, nElo: 22.65 +/- 16.42
LOS: 99.66 %, DrawRatio: 34.30 %, PairsRatio: 1.18
Games: 1720, Wins: 559, Losses: 474, Draws: 687, Points: 902.5 (52.47 %)
Ptnml(0-2): [53, 206, 295, 215, 91], WL/DD Ratio: 1.22
LLR: 1.43 (48.7%) (-2.94, 2.94) [0.00, 5.00]
--------------------------------------------------
Started game 1736 of 40000 (ref-2d6b8f1 vs cand-13caf43)
Finished game 1718 (ref-2d6b8f1 vs cand-13caf43): 1/2-1/2 {Draw by 3-fold repetition}
Started game 1737 of 40000 (cand-13caf43 vs ref-2d6b8f1)
Finished game 1725 (cand-13caf43 vs ref-2d6b8f1): 0-1 {Black wins by adjudication}
Started game 1738 of 40000 (ref-2d6b8f1 vs cand-13caf43)
Finished game 1721 (cand-13caf43 vs ref-2d6b8f1): 1/2-1/2 {Draw by adjudication}
Started game 1739 of 40000 (cand-13caf43 vs ref-2d6b8f1)
Finished game 1728 (ref-2d6b8f1 vs cand-13caf43): 1-0 {White wins by adjudication}
Started game 1740 of 40000 (ref-2d6b8f1 vs cand-13caf43)
Finished game 1730 (ref-2d6b8f1 vs cand-13caf43): 1-0 {White wins by adjudication}
Started game 1741 of 40000 (cand-13caf43 vs ref-2d6b8f1)
Finished game 1731 (cand-13caf43 vs ref-2d6b8f1): 0-1 {Black wins by adjudication}
Started game 1742 of 40000 (ref-2d6b8f1 vs cand-13caf43)
Finished game 1734 (ref-2d6b8f1 vs cand-13caf43): 1-0 {White wins by adjudication}
Started game 1743 of 40000 (cand-13caf43 vs ref-2d6b8f1)
Finished game 1740 (ref-2d6b8f1 vs cand-13caf43): 0-1 {Black wins by adjudication}
Started game 1744 of 40000 (ref-2d6b8f1 vs cand-13caf43)
Finished game 1732 (ref-2d6b8f1 vs cand-13caf43): 0-1 {Black wins by adjudication}
Started game 1745 of 40000 (cand-13caf43 vs ref-2d6b8f1)
Finished game 1729 (cand-13caf43 vs ref-2d6b8f1): 1/2-1/2 {Draw by fifty moves rule}
Started game 1746 of 40000 (ref-2d6b8f1 vs cand-13caf43)
Finished game 1733 (cand-13caf43 vs ref-2d6b8f1): 0-1 {Black wins by adjudication}
Started game 1747 of 40000 (cand-13caf43 vs ref-2d6b8f1)
Finished game 1735 (cand-13caf43 vs ref-2d6b8f1): 1/2-1/2 {Draw by 3-fold repetition}
Started game 1748 of 40000 (ref-2d6b8f1 vs cand-13caf43)
Finished game 1736 (ref-2d6b8f1 vs cand-13caf43): 1/2-1/2 {Draw by stalemate}
Started game 1749 of 40000 (cand-13caf43 vs ref-2d6b8f1)
Finished game 1738 (ref-2d6b8f1 vs cand-13caf43): 0-1 {Black wins by adjudication}
Started game 1750 of 40000 (ref-2d6b8f1 vs cand-13caf43)
Finished game 1739 (cand-13caf43 vs ref-2d6b8f1): 1/2-1/2 {Draw by insufficient mating material}
--------------------------------------------------
Results of cand-13caf43 vs ref-2d6b8f1 (8+0.08, 1t, 16MB, noob_3moves.epd):
Elo: 16.20 +/- 12.43, nElo: 21.33 +/- 16.33
LOS: 99.48 %, DrawRatio: 34.29 %, PairsRatio: 1.17
Games: 1738, Wins: 562, Losses: 481, Draws: 695, Points: 909.5 (52.33 %)
Ptnml(0-2): [55, 208, 298, 217, 91], WL/DD Ratio: 1.21
LLR: 1.35 (46.0%) (-2.94, 2.94) [0.00, 5.00]
--------------------------------------------------
Started game 1751 of 40000 (cand-13caf43 vs ref-2d6b8f1)
Finished game 1742 (ref-2d6b8f1 vs cand-13caf43): 0-1 {Black wins by adjudication}
Started game 1752 of 40000 (ref-2d6b8f1 vs cand-13caf43)
Finished game 1745 (cand-13caf43 vs ref-2d6b8f1): 1/2-1/2 {Draw by 3-fold repetition}
Started game 1753 of 40000 (cand-13caf43 vs ref-2d6b8f1)
Finished game 1741 (cand-13caf43 vs ref-2d6b8f1): 1/2-1/2 {Draw by insufficient mating material}
Started game 1754 of 40000 (ref-2d6b8f1 vs cand-13caf43)
Finished game 1743 (cand-13caf43 vs ref-2d6b8f1): 0-1 {Black wins by adjudication}
Started game 1755 of 40000 (cand-13caf43 vs ref-2d6b8f1)
Finished game 1744 (ref-2d6b8f1 vs cand-13caf43): 1-0 {White wins by adjudication}
Started game 1756 of 40000 (ref-2d6b8f1 vs cand-13caf43)
Finished game 1737 (cand-13caf43 vs ref-2d6b8f1): 1/2-1/2 {Draw by insufficient mating material}
Started game 1757 of 40000 (cand-13caf43 vs ref-2d6b8f1)
Finished game 1746 (ref-2d6b8f1 vs cand-13caf43): 0-1 {Black wins by adjudication}
Started game 1758 of 40000 (ref-2d6b8f1 vs cand-13caf43)
Finished game 1751 (cand-13caf43 vs ref-2d6b8f1): 1-0 {White wins by adjudication}
Started game 1759 of 40000 (cand-13caf43 vs ref-2d6b8f1)
Finished game 1748 (ref-2d6b8f1 vs cand-13caf43): 1/2-1/2 {Draw by 3-fold repetition}
Started game 1760 of 40000 (ref-2d6b8f1 vs cand-13caf43)
Finished game 1749 (cand-13caf43 vs ref-2d6b8f1): 1-0 {White wins by adjudication}
Started game 1761 of 40000 (cand-13caf43 vs ref-2d6b8f1)
Finished game 1750 (ref-2d6b8f1 vs cand-13caf43): 1-0 {White wins by adjudication}
Started game 1762 of 40000 (ref-2d6b8f1 vs cand-13caf43)
Finished game 1753 (cand-13caf43 vs ref-2d6b8f1): 1-0 {White wins by adjudication}
Started game 1763 of 40000 (cand-13caf43 vs ref-2d6b8f1)
Finished game 1754 (ref-2d6b8f1 vs cand-13caf43): 0-1 {Black wins by adjudication}
Started game 1764 of 40000 (ref-2d6b8f1 vs cand-13caf43)
Finished game 1752 (ref-2d6b8f1 vs cand-13caf43): 1/2-1/2 {Draw by insufficient mating material}
Started game 1765 of 40000 (cand-13caf43 vs ref-2d6b8f1)
Finished game 1755 (cand-13caf43 vs ref-2d6b8f1): 1/2-1/2 {Draw by 3-fold repetition}
Started game 1766 of 40000 (ref-2d6b8f1 vs cand-13caf43)
Finished game 1756 (ref-2d6b8f1 vs cand-13caf43): 1-0 {White wins by adjudication}
Started game 1767 of 40000 (cand-13caf43 vs ref-2d6b8f1)
Finished game 1760 (ref-2d6b8f1 vs cand-13caf43): 1/2-1/2 {Draw by 3-fold repetition}
Started game 1768 of 40000 (ref-2d6b8f1 vs cand-13caf43)
Finished game 1747 (cand-13caf43 vs ref-2d6b8f1): 1/2-1/2 {Draw by fifty moves rule}
Started game 1769 of 40000 (cand-13caf43 vs ref-2d6b8f1)
Finished game 1758 (ref-2d6b8f1 vs cand-13caf43): 1-0 {White wins by adjudication}
Started game 1770 of 40000 (ref-2d6b8f1 vs cand-13caf43)
Finished game 1757 (cand-13caf43 vs ref-2d6b8f1): 1-0 {White wins by adjudication}
Started game 1771 of 40000 (cand-13caf43 vs ref-2d6b8f1)
Finished game 1759 (cand-13caf43 vs ref-2d6b8f1): 0-1 {Black wins by adjudication}
--------------------------------------------------
Results of cand-13caf43 vs ref-2d6b8f1 (8+0.08, 1t, 16MB, noob_3moves.epd):
Elo: 16.40 +/- 12.36, nElo: 21.57 +/- 16.23
LOS: 99.54 %, DrawRatio: 34.20 %, PairsRatio: 1.18
Games: 1760, Wins: 570, Losses: 487, Draws: 703, Points: 921.5 (52.36 %)
Ptnml(0-2): [56, 210, 301, 221, 92], WL/DD Ratio: 1.21
LLR: 1.39 (47.2%) (-2.94, 2.94) [0.00, 5.00]
--------------------------------------------------
Started game 1772 of 40000 (ref-2d6b8f1 vs cand-13caf43)
Finished game 1761 (cand-13caf43 vs ref-2d6b8f1): 1/2-1/2 {Draw by 3-fold repetition}
Started game 1773 of 40000 (cand-13caf43 vs ref-2d6b8f1)
Finished game 1764 (ref-2d6b8f1 vs cand-13caf43): 1-0 {White wins by adjudication}
Started game 1774 of 40000 (ref-2d6b8f1 vs cand-13caf43)
Finished game 1765 (cand-13caf43 vs ref-2d6b8f1): 0-1 {Black wins by adjudication}
Started game 1775 of 40000 (cand-13caf43 vs ref-2d6b8f1)
Finished game 1763 (cand-13caf43 vs ref-2d6b8f1): 1-0 {White wins by adjudication}
Started game 1776 of 40000 (ref-2d6b8f1 vs cand-13caf43)
Finished game 1767 (cand-13caf43 vs ref-2d6b8f1): 1/2-1/2 {Draw by 3-fold repetition}
Started game 1777 of 40000 (cand-13caf43 vs ref-2d6b8f1)
Finished game 1766 (ref-2d6b8f1 vs cand-13caf43): 0-1 {Black wins by adjudication}
Started game 1778 of 40000 (ref-2d6b8f1 vs cand-13caf43)
Finished game 1762 (ref-2d6b8f1 vs cand-13caf43): 1-0 {White wins by adjudication}
Started game 1779 of 40000 (cand-13caf43 vs ref-2d6b8f1)
Finished game 1771 (cand-13caf43 vs ref-2d6b8f1): 0-1 {Black wins by adjudication}
Started game 1780 of 40000 (ref-2d6b8f1 vs cand-13caf43)
Finished game 1770 (ref-2d6b8f1 vs cand-13caf43): 0-1 {Black wins by adjudication}
Started game 1781 of 40000 (cand-13caf43 vs ref-2d6b8f1)
Finished game 1772 (ref-2d6b8f1 vs cand-13caf43): 0-1 {Black wins by adjudication}
Started game 1782 of 40000 (ref-2d6b8f1 vs cand-13caf43)
Finished game 1769 (cand-13caf43 vs ref-2d6b8f1): 1/2-1/2 {Draw by 3-fold repetition}
Started game 1783 of 40000 (cand-13caf43 vs ref-2d6b8f1)
Finished game 1775 (cand-13caf43 vs ref-2d6b8f1): 1-0 {White wins by adjudication}
Started game 1784 of 40000 (ref-2d6b8f1 vs cand-13caf43)
Finished game 1768 (ref-2d6b8f1 vs cand-13caf43): 0-1 {Black wins by adjudication}
Started game 1785 of 40000 (cand-13caf43 vs ref-2d6b8f1)
Finished game 1773 (cand-13caf43 vs ref-2d6b8f1): 0-1 {Black wins by adjudication}
Started game 1786 of 40000 (ref-2d6b8f1 vs cand-13caf43)
Finished game 1777 (cand-13caf43 vs ref-2d6b8f1): 1-0 {White wins by adjudication}
Started game 1787 of 40000 (cand-13caf43 vs ref-2d6b8f1)
Finished game 1778 (ref-2d6b8f1 vs cand-13caf43): 0-1 {Black wins by adjudication}
Started game 1788 of 40000 (ref-2d6b8f1 vs cand-13caf43)
Finished game 1774 (ref-2d6b8f1 vs cand-13caf43): 1/2-1/2 {Draw by 3-fold repetition}
Started game 1789 of 40000 (cand-13caf43 vs ref-2d6b8f1)
Finished game 1776 (ref-2d6b8f1 vs cand-13caf43): 1-0 {White wins by adjudication}
Started game 1790 of 40000 (ref-2d6b8f1 vs cand-13caf43)
Finished game 1780 (ref-2d6b8f1 vs cand-13caf43): 0-1 {Black wins by adjudication}
Started game 1791 of 40000 (cand-13caf43 vs ref-2d6b8f1)
Finished game 1779 (cand-13caf43 vs ref-2d6b8f1): 0-1 {Black wins by adjudication}
--------------------------------------------------
Results of cand-13caf43 vs ref-2d6b8f1 (8+0.08, 1t, 16MB, noob_3moves.epd):
Elo: 16.60 +/- 12.27, nElo: 21.89 +/- 16.14
LOS: 99.61 %, DrawRatio: 34.38 %, PairsRatio: 1.18
Games: 1780, Wins: 579, Losses: 494, Draws: 707, Points: 932.5 (52.39 %)
Ptnml(0-2): [56, 212, 306, 223, 93], WL/DD Ratio: 1.25
LLR: 1.43 (48.5%) (-2.94, 2.94) [0.00, 5.00]
--------------------------------------------------
Started game 1792 of 40000 (ref-2d6b8f1 vs cand-13caf43)
Finished game 1782 (ref-2d6b8f1 vs cand-13caf43): 1/2-1/2 {Draw by 3-fold repetition}
Started game 1793 of 40000 (cand-13caf43 vs ref-2d6b8f1)
Finished game 1781 (cand-13caf43 vs ref-2d6b8f1): 1-0 {White wins by adjudication}
Started game 1794 of 40000 (ref-2d6b8f1 vs cand-13caf43)
Finished game 1784 (ref-2d6b8f1 vs cand-13caf43): 0-1 {Black wins by adjudication}
Started game 1795 of 40000 (cand-13caf43 vs ref-2d6b8f1)
Finished game 1790 (ref-2d6b8f1 vs cand-13caf43): 1-0 {White wins by adjudication}
Started game 1796 of 40000 (ref-2d6b8f1 vs cand-13caf43)
Finished game 1785 (cand-13caf43 vs ref-2d6b8f1): 0-1 {Black wins by adjudication}
Started game 1797 of 40000 (cand-13caf43 vs ref-2d6b8f1)
Finished game 1789 (cand-13caf43 vs ref-2d6b8f1): 1-0 {White wins by adjudication}
Started game 1798 of 40000 (ref-2d6b8f1 vs cand-13caf43)
Finished game 1786 (ref-2d6b8f1 vs cand-13caf43): 1-0 {White wins by adjudication}
Started game 1799 of 40000 (cand-13caf43 vs ref-2d6b8f1)
Finished game 1783 (cand-13caf43 vs ref-2d6b8f1): 1/2-1/2 {Draw by fifty moves rule}
Started game 1800 of 40000 (ref-2d6b8f1 vs cand-13caf43)
Finished game 1791 (cand-13caf43 vs ref-2d6b8f1): 0-1 {Black wins by adjudication}
Started game 1801 of 40000 (cand-13caf43 vs ref-2d6b8f1)
Finished game 1787 (cand-13caf43 vs ref-2d6b8f1): 1/2-1/2 {Draw by insufficient mating material}
Started game 1802 of 40000 (ref-2d6b8f1 vs cand-13caf43)
Finished game 1793 (cand-13caf43 vs ref-2d6b8f1): 1-0 {White wins by adjudication}
Started game 1803 of 40000 (cand-13caf43 vs ref-2d6b8f1)
Finished game 1788 (ref-2d6b8f1 vs cand-13caf43): 1/2-1/2 {Draw by adjudication}
Started game 1804 of 40000 (ref-2d6b8f1 vs cand-13caf43)
Finished game 1792 (ref-2d6b8f1 vs cand-13caf43): 1-0 {White wins by adjudication}
Started game 1805 of 40000 (cand-13caf43 vs ref-2d6b8f1)
Finished game 1794 (ref-2d6b8f1 vs cand-13caf43): 1-0 {White wins by adjudication}
Started game 1806 of 40000 (ref-2d6b8f1 vs cand-13caf43)
Finished game 1801 (cand-13caf43 vs ref-2d6b8f1): 0-1 {Black wins by adjudication}
Started game 1807 of 40000 (cand-13caf43 vs ref-2d6b8f1)
Finished game 1798 (ref-2d6b8f1 vs cand-13caf43): 1-0 {White wins by adjudication}
Started game 1808 of 40000 (ref-2d6b8f1 vs cand-13caf43)
Finished game 1797 (cand-13caf43 vs ref-2d6b8f1): 0-1 {Black wins by adjudication}
Started game 1809 of 40000 (cand-13caf43 vs ref-2d6b8f1)
Finished game 1795 (cand-13caf43 vs ref-2d6b8f1): 1-0 {White wins by adjudication}
Started game 1810 of 40000 (ref-2d6b8f1 vs cand-13caf43)
Finished game 1799 (cand-13caf43 vs ref-2d6b8f1): 1-0 {White wins by adjudication}
Started game 1811 of 40000 (cand-13caf43 vs ref-2d6b8f1)
Finished game 1796 (ref-2d6b8f1 vs cand-13caf43): 1/2-1/2 {Draw by 3-fold repetition}
Started game 1812 of 40000 (ref-2d6b8f1 vs cand-13caf43)
Finished game 1800 (ref-2d6b8f1 vs cand-13caf43): 1-0 {White wins by adjudication}
--------------------------------------------------
Results of cand-13caf43 vs ref-2d6b8f1 (8+0.08, 1t, 16MB, noob_3moves.epd):
Elo: 15.84 +/- 12.22, nElo: 20.84 +/- 16.05
LOS: 99.45 %, DrawRatio: 34.44 %, PairsRatio: 1.18
Games: 1800, Wins: 585, Losses: 503, Draws: 712, Points: 941.0 (52.28 %)
Ptnml(0-2): [59, 212, 310, 226, 93], WL/DD Ratio: 1.26
LLR: 1.37 (46.4%) (-2.94, 2.94) [0.00, 5.00]
--------------------------------------------------
Started game 1813 of 40000 (cand-13caf43 vs ref-2d6b8f1)
Finished game 1803 (cand-13caf43 vs ref-2d6b8f1): 0-1 {Black wins by adjudication}
Started game 1814 of 40000 (ref-2d6b8f1 vs cand-13caf43)
Finished game 1805 (cand-13caf43 vs ref-2d6b8f1): 1-0 {White wins by adjudication}
Started game 1815 of 40000 (cand-13caf43 vs ref-2d6b8f1)
Finished game 1804 (ref-2d6b8f1 vs cand-13caf43): 0-1 {Black wins by adjudication}
Started game 1816 of 40000 (ref-2d6b8f1 vs cand-13caf43)
Finished game 1810 (ref-2d6b8f1 vs cand-13caf43): 1-0 {White wins by adjudication}
Started game 1817 of 40000 (cand-13caf43 vs ref-2d6b8f1)
Finished game 1802 (ref-2d6b8f1 vs cand-13caf43): 1-0 {White wins by adjudication}
Started game 1818 of 40000 (ref-2d6b8f1 vs cand-13caf43)
Finished game 1806 (ref-2d6b8f1 vs cand-13caf43): 1/2-1/2 {Draw by 3-fold repetition}
Started game 1819 of 40000 (cand-13caf43 vs ref-2d6b8f1)
Finished game 1812 (ref-2d6b8f1 vs cand-13caf43): 1/2-1/2 {Draw by 3-fold repetition}
Started game 1820 of 40000 (ref-2d6b8f1 vs cand-13caf43)
Finished game 1808 (ref-2d6b8f1 vs cand-13caf43): 0-1 {Black wins by adjudication}
Started game 1821 of 40000 (cand-13caf43 vs ref-2d6b8f1)
Finished game 1811 (cand-13caf43 vs ref-2d6b8f1): 1-0 {White wins by adjudication}
Started game 1822 of 40000 (ref-2d6b8f1 vs cand-13caf43)
Finished game 1807 (cand-13caf43 vs ref-2d6b8f1): 1-0 {White wins by adjudication}
Started game 1823 of 40000 (cand-13caf43 vs ref-2d6b8f1)
Finished game 1814 (ref-2d6b8f1 vs cand-13caf43): 1/2-1/2 {Draw by 3-fold repetition}
Started game 1824 of 40000 (ref-2d6b8f1 vs cand-13caf43)
Finished game 1809 (cand-13caf43 vs ref-2d6b8f1): 0-1 {Black wins by adjudication}
Started game 1825 of 40000 (cand-13caf43 vs ref-2d6b8f1)
Finished game 1816 (ref-2d6b8f1 vs cand-13caf43): 0-1 {Black wins by adjudication}
Started game 1826 of 40000 (ref-2d6b8f1 vs cand-13caf43)
Finished game 1813 (cand-13caf43 vs ref-2d6b8f1): 1/2-1/2 {Draw by stalemate}
Started game 1827 of 40000 (cand-13caf43 vs ref-2d6b8f1)
Finished game 1817 (cand-13caf43 vs ref-2d6b8f1): 1-0 {White wins by adjudication}
Started game 1828 of 40000 (ref-2d6b8f1 vs cand-13caf43)
Finished game 1815 (cand-13caf43 vs ref-2d6b8f1): 1-0 {White wins by adjudication}
Started game 1829 of 40000 (cand-13caf43 vs ref-2d6b8f1)
Finished game 1820 (ref-2d6b8f1 vs cand-13caf43): 0-1 {Black wins by adjudication}
Started game 1830 of 40000 (ref-2d6b8f1 vs cand-13caf43)
Finished game 1818 (ref-2d6b8f1 vs cand-13caf43): 0-1 {Black wins by adjudication}
Started game 1831 of 40000 (cand-13caf43 vs ref-2d6b8f1)
Finished game 1822 (ref-2d6b8f1 vs cand-13caf43): 1-0 {White wins by adjudication}
Started game 1832 of 40000 (ref-2d6b8f1 vs cand-13caf43)
Finished game 1825 (cand-13caf43 vs ref-2d6b8f1): 0-1 {Black wins by adjudication}
Started game 1833 of 40000 (cand-13caf43 vs ref-2d6b8f1)
Finished game 1823 (cand-13caf43 vs ref-2d6b8f1): 1/2-1/2 {Draw by 3-fold repetition}
Started game 1834 of 40000 (ref-2d6b8f1 vs cand-13caf43)
Finished game 1821 (cand-13caf43 vs ref-2d6b8f1): 0-1 {Black wins by adjudication}
Started game 1835 of 40000 (cand-13caf43 vs ref-2d6b8f1)
Finished game 1824 (ref-2d6b8f1 vs cand-13caf43): 1-0 {White wins by adjudication}
Started game 1836 of 40000 (ref-2d6b8f1 vs cand-13caf43)
Finished game 1829 (cand-13caf43 vs ref-2d6b8f1): 0-1 {Black wins by adjudication}
Started game 1837 of 40000 (cand-13caf43 vs ref-2d6b8f1)
Finished game 1828 (ref-2d6b8f1 vs cand-13caf43): 0-1 {Black wins by adjudication}
Started game 1838 of 40000 (ref-2d6b8f1 vs cand-13caf43)
Finished game 1826 (ref-2d6b8f1 vs cand-13caf43): 1-0 {White wins by adjudication}
Started game 1839 of 40000 (cand-13caf43 vs ref-2d6b8f1)
Finished game 1819 (cand-13caf43 vs ref-2d6b8f1): 0-1 {Black wins by adjudication}
--------------------------------------------------
Results of cand-13caf43 vs ref-2d6b8f1 (8+0.08, 1t, 16MB, noob_3moves.epd):
Elo: 15.42 +/- 12.23, nElo: 20.14 +/- 15.94
LOS: 99.34 %, DrawRatio: 34.28 %, PairsRatio: 1.17
Games: 1826, Wins: 595, Losses: 514, Draws: 717, Points: 953.5 (52.22 %)
Ptnml(0-2): [63, 213, 313, 228, 96], WL/DD Ratio: 1.27
LLR: 1.33 (45.2%) (-2.94, 2.94) [0.00, 5.00]
--------------------------------------------------
Started game 1840 of 40000 (ref-2d6b8f1 vs cand-13caf43)
Finished game 1831 (cand-13caf43 vs ref-2d6b8f1): 1/2-1/2 {Draw by adjudication}
Started game 1841 of 40000 (cand-13caf43 vs ref-2d6b8f1)
Finished game 1827 (cand-13caf43 vs ref-2d6b8f1): 1/2-1/2 {Draw by insufficient mating material}
Started game 1842 of 40000 (ref-2d6b8f1 vs cand-13caf43)
Finished game 1830 (ref-2d6b8f1 vs cand-13caf43): 0-1 {Black wins by adjudication}
Started game 1843 of 40000 (cand-13caf43 vs ref-2d6b8f1)
Finished game 1833 (cand-13caf43 vs ref-2d6b8f1): 0-1 {Black wins by adjudication}
Started game 1844 of 40000 (ref-2d6b8f1 vs cand-13caf43)
Finished game 1834 (ref-2d6b8f1 vs cand-13caf43): 0-1 {Black wins by adjudication}
Started game 1845 of 40000 (cand-13caf43 vs ref-2d6b8f1)
Finished game 1832 (ref-2d6b8f1 vs cand-13caf43): 1-0 {White wins by adjudication}
Started game 1846 of 40000 (ref-2d6b8f1 vs cand-13caf43)
Finished game 1835 (cand-13caf43 vs ref-2d6b8f1): 0-1 {Black wins by adjudication}
Started game 1847 of 40000 (cand-13caf43 vs ref-2d6b8f1)
Finished game 1839 (cand-13caf43 vs ref-2d6b8f1): 0-1 {Black wins by adjudication}
Started game 1848 of 40000 (ref-2d6b8f1 vs cand-13caf43)
Finished game 1837 (cand-13caf43 vs ref-2d6b8f1): 1/2-1/2 {Draw by 3-fold repetition}
Started game 1849 of 40000 (cand-13caf43 vs ref-2d6b8f1)
Finished game 1836 (ref-2d6b8f1 vs cand-13caf43): 0-1 {Black wins by adjudication}
Started game 1850 of 40000 (ref-2d6b8f1 vs cand-13caf43)
Finished game 1840 (ref-2d6b8f1 vs cand-13caf43): 1-0 {White wins by adjudication}
--------------------------------------------------
Results of cand-13caf43 vs ref-2d6b8f1 (8+0.08, 1t, 16MB, noob_3moves.epd):
Elo: 14.94 +/- 12.18, nElo: 19.52 +/- 15.88
LOS: 99.20 %, DrawRatio: 34.39 %, PairsRatio: 1.17
Games: 1838, Wins: 599, Losses: 520, Draws: 719, Points: 958.5 (52.15 %)
Ptnml(0-2): [64, 214, 316, 229, 96], WL/DD Ratio: 1.29
LLR: 1.29 (43.9%) (-2.94, 2.94) [0.00, 5.00]
--------------------------------------------------
Started game 1851 of 40000 (cand-13caf43 vs ref-2d6b8f1)
Finished game 1838 (ref-2d6b8f1 vs cand-13caf43): 0-1 {Black wins by adjudication}
Started game 1852 of 40000 (ref-2d6b8f1 vs cand-13caf43)
Finished game 1844 (ref-2d6b8f1 vs cand-13caf43): 1-0 {White wins by adjudication}
Started game 1853 of 40000 (cand-13caf43 vs ref-2d6b8f1)
Finished game 1846 (ref-2d6b8f1 vs cand-13caf43): 1-0 {White wins by adjudication}
Started game 1854 of 40000 (ref-2d6b8f1 vs cand-13caf43)
Finished game 1843 (cand-13caf43 vs ref-2d6b8f1): 1-0 {White wins by adjudication}
Started game 1855 of 40000 (cand-13caf43 vs ref-2d6b8f1)
Finished game 1842 (ref-2d6b8f1 vs cand-13caf43): 0-1 {Black wins by adjudication}
Started game 1856 of 40000 (ref-2d6b8f1 vs cand-13caf43)
Finished game 1841 (cand-13caf43 vs ref-2d6b8f1): 1/2-1/2 {Draw by insufficient mating material}
Started game 1857 of 40000 (cand-13caf43 vs ref-2d6b8f1)
Finished game 1845 (cand-13caf43 vs ref-2d6b8f1): 1-0 {White wins by adjudication}
Started game 1858 of 40000 (ref-2d6b8f1 vs cand-13caf43)
Finished game 1848 (ref-2d6b8f1 vs cand-13caf43): 0-1 {Black wins by adjudication}
Started game 1859 of 40000 (cand-13caf43 vs ref-2d6b8f1)
Finished game 1849 (cand-13caf43 vs ref-2d6b8f1): 1-0 {White wins by adjudication}
Started game 1860 of 40000 (ref-2d6b8f1 vs cand-13caf43)
Finished game 1847 (cand-13caf43 vs ref-2d6b8f1): 1-0 {White wins by adjudication}
Started game 1861 of 40000 (cand-13caf43 vs ref-2d6b8f1)
Finished game 1851 (cand-13caf43 vs ref-2d6b8f1): 1-0 {White wins by adjudication}
Started game 1862 of 40000 (ref-2d6b8f1 vs cand-13caf43)
Finished game 1850 (ref-2d6b8f1 vs cand-13caf43): 1/2-1/2 {Draw by insufficient mating material}
Started game 1863 of 40000 (cand-13caf43 vs ref-2d6b8f1)
Finished game 1854 (ref-2d6b8f1 vs cand-13caf43): 0-1 {Black wins by adjudication}
Started game 1864 of 40000 (ref-2d6b8f1 vs cand-13caf43)
Finished game 1857 (cand-13caf43 vs ref-2d6b8f1): 0-1 {Black wins by adjudication}
Started game 1865 of 40000 (cand-13caf43 vs ref-2d6b8f1)
Finished game 1852 (ref-2d6b8f1 vs cand-13caf43): 1/2-1/2 {Draw by fifty moves rule}
Started game 1866 of 40000 (ref-2d6b8f1 vs cand-13caf43)
Finished game 1855 (cand-13caf43 vs ref-2d6b8f1): 1-0 {White wins by adjudication}
Started game 1867 of 40000 (cand-13caf43 vs ref-2d6b8f1)
Finished game 1861 (cand-13caf43 vs ref-2d6b8f1): 1-0 {White wins by adjudication}
Started game 1868 of 40000 (ref-2d6b8f1 vs cand-13caf43)
Finished game 1860 (ref-2d6b8f1 vs cand-13caf43): 1/2-1/2 {Draw by 3-fold repetition}
Started game 1869 of 40000 (cand-13caf43 vs ref-2d6b8f1)
Finished game 1853 (cand-13caf43 vs ref-2d6b8f1): 1/2-1/2 {Draw by adjudication}
Started game 1870 of 40000 (ref-2d6b8f1 vs cand-13caf43)
Finished game 1856 (ref-2d6b8f1 vs cand-13caf43): 0-1 {Black wins by adjudication}
Started game 1871 of 40000 (cand-13caf43 vs ref-2d6b8f1)
Finished game 1858 (ref-2d6b8f1 vs cand-13caf43): 1/2-1/2 {Draw by 3-fold repetition}
Started game 1872 of 40000 (ref-2d6b8f1 vs cand-13caf43)
Finished game 1862 (ref-2d6b8f1 vs cand-13caf43): 1-0 {White wins by adjudication}
Started game 1873 of 40000 (cand-13caf43 vs ref-2d6b8f1)
Finished game 1859 (cand-13caf43 vs ref-2d6b8f1): 0-1 {Black wins by adjudication}
--------------------------------------------------
Results of cand-13caf43 vs ref-2d6b8f1 (8+0.08, 1t, 16MB, noob_3moves.epd):
Elo: 16.06 +/- 12.11, nElo: 20.97 +/- 15.78
LOS: 99.54 %, DrawRatio: 34.26 %, PairsRatio: 1.19
Games: 1862, Wins: 611, Losses: 525, Draws: 726, Points: 974.0 (52.31 %)
Ptnml(0-2): [64, 216, 319, 234, 98], WL/DD Ratio: 1.31
LLR: 1.42 (48.3%) (-2.94, 2.94) [0.00, 5.00]
--------------------------------------------------
Started game 1874 of 40000 (ref-2d6b8f1 vs cand-13caf43)
Finished game 1868 (ref-2d6b8f1 vs cand-13caf43): 1/2-1/2 {Draw by 3-fold repetition}
Started game 1875 of 40000 (cand-13caf43 vs ref-2d6b8f1)
Finished game 1866 (ref-2d6b8f1 vs cand-13caf43): 0-1 {Black wins by adjudication}
Started game 1876 of 40000 (ref-2d6b8f1 vs cand-13caf43)
Finished game 1864 (ref-2d6b8f1 vs cand-13caf43): 0-1 {Black wins by adjudication}
Started game 1877 of 40000 (cand-13caf43 vs ref-2d6b8f1)
Finished game 1863 (cand-13caf43 vs ref-2d6b8f1): 1/2-1/2 {Draw by insufficient mating material}
Started game 1878 of 40000 (ref-2d6b8f1 vs cand-13caf43)
Finished game 1870 (ref-2d6b8f1 vs cand-13caf43): 1/2-1/2 {Draw by 3-fold repetition}
Started game 1879 of 40000 (cand-13caf43 vs ref-2d6b8f1)
Finished game 1869 (cand-13caf43 vs ref-2d6b8f1): 1/2-1/2 {Draw by 3-fold repetition}
Started game 1880 of 40000 (ref-2d6b8f1 vs cand-13caf43)
Finished game 1865 (cand-13caf43 vs ref-2d6b8f1): 1/2-1/2 {Draw by 3-fold repetition}
Started game 1881 of 40000 (cand-13caf43 vs ref-2d6b8f1)
Finished game 1867 (cand-13caf43 vs ref-2d6b8f1): 1/2-1/2 {Draw by 3-fold repetition}
Started game 1882 of 40000 (ref-2d6b8f1 vs cand-13caf43)
Finished game 1872 (ref-2d6b8f1 vs cand-13caf43): 1/2-1/2 {Draw by 3-fold repetition}
Started game 1883 of 40000 (cand-13caf43 vs ref-2d6b8f1)
Finished game 1874 (ref-2d6b8f1 vs cand-13caf43): 1-0 {White wins by adjudication}
Started game 1884 of 40000 (ref-2d6b8f1 vs cand-13caf43)
Finished game 1873 (cand-13caf43 vs ref-2d6b8f1): 1-0 {White wins by adjudication}
Started game 1885 of 40000 (cand-13caf43 vs ref-2d6b8f1)
Finished game 1875 (cand-13caf43 vs ref-2d6b8f1): 1/2-1/2 {Draw by 3-fold repetition}
Started game 1886 of 40000 (ref-2d6b8f1 vs cand-13caf43)
Finished game 1876 (ref-2d6b8f1 vs cand-13caf43): 0-1 {Black wins by adjudication}
Started game 1887 of 40000 (cand-13caf43 vs ref-2d6b8f1)
Finished game 1871 (cand-13caf43 vs ref-2d6b8f1): 0-1 {Black wins by adjudication}
Started game 1888 of 40000 (ref-2d6b8f1 vs cand-13caf43)
Finished game 1877 (cand-13caf43 vs ref-2d6b8f1): 1-0 {White wins by adjudication}
Started game 1889 of 40000 (cand-13caf43 vs ref-2d6b8f1)
Finished game 1881 (cand-13caf43 vs ref-2d6b8f1): 1-0 {White wins by adjudication}
Started game 1890 of 40000 (ref-2d6b8f1 vs cand-13caf43)
Finished game 1886 (ref-2d6b8f1 vs cand-13caf43): 0-1 {Black wins by adjudication}
Started game 1891 of 40000 (cand-13caf43 vs ref-2d6b8f1)
Finished game 1882 (ref-2d6b8f1 vs cand-13caf43): 0-1 {Black wins by adjudication}
Started game 1892 of 40000 (ref-2d6b8f1 vs cand-13caf43)
Finished game 1879 (cand-13caf43 vs ref-2d6b8f1): 1/2-1/2 {Draw by insufficient mating material}
Started game 1893 of 40000 (cand-13caf43 vs ref-2d6b8f1)
Finished game 1880 (ref-2d6b8f1 vs cand-13caf43): 0-1 {Black wins by adjudication}
--------------------------------------------------
Results of cand-13caf43 vs ref-2d6b8f1 (8+0.08, 1t, 16MB, noob_3moves.epd):
Elo: 16.83 +/- 12.04, nElo: 22.00 +/- 15.71
LOS: 99.70 %, DrawRatio: 34.26 %, PairsRatio: 1.20
Games: 1880, Wins: 618, Losses: 527, Draws: 735, Points: 985.5 (52.42 %)
Ptnml(0-2): [64, 217, 322, 238, 99], WL/DD Ratio: 1.30
LLR: 1.52 (51.5%) (-2.94, 2.94) [0.00, 5.00]
--------------------------------------------------
Started game 1894 of 40000 (ref-2d6b8f1 vs cand-13caf43)
Finished game 1883 (cand-13caf43 vs ref-2d6b8f1): 1/2-1/2 {Draw by 3-fold repetition}
Started game 1895 of 40000 (cand-13caf43 vs ref-2d6b8f1)
Finished game 1887 (cand-13caf43 vs ref-2d6b8f1): 1-0 {White wins by adjudication}
Started game 1896 of 40000 (ref-2d6b8f1 vs cand-13caf43)
Finished game 1878 (ref-2d6b8f1 vs cand-13caf43): 1/2-1/2 {Draw by fifty moves rule}
Started game 1897 of 40000 (cand-13caf43 vs ref-2d6b8f1)
Finished game 1884 (ref-2d6b8f1 vs cand-13caf43): 1-0 {White wins by adjudication}
Started game 1898 of 40000 (ref-2d6b8f1 vs cand-13caf43)
Finished game 1890 (ref-2d6b8f1 vs cand-13caf43): 0-1 {Black wins by adjudication}
Started game 1899 of 40000 (cand-13caf43 vs ref-2d6b8f1)
Finished game 1885 (cand-13caf43 vs ref-2d6b8f1): 0-1 {Black wins by adjudication}
Started game 1900 of 40000 (ref-2d6b8f1 vs cand-13caf43)
Finished game 1891 (cand-13caf43 vs ref-2d6b8f1): 1/2-1/2 {Draw by 3-fold repetition}
Started game 1901 of 40000 (cand-13caf43 vs ref-2d6b8f1)
Finished game 1892 (ref-2d6b8f1 vs cand-13caf43): 0-1 {Black wins by adjudication}
Started game 1902 of 40000 (ref-2d6b8f1 vs cand-13caf43)
Finished game 1894 (ref-2d6b8f1 vs cand-13caf43): 1/2-1/2 {Draw by 3-fold repetition}
Started game 1903 of 40000 (cand-13caf43 vs ref-2d6b8f1)
Finished game 1889 (cand-13caf43 vs ref-2d6b8f1): 1-0 {White wins by adjudication}
Started game 1904 of 40000 (ref-2d6b8f1 vs cand-13caf43)
Finished game 1888 (ref-2d6b8f1 vs cand-13caf43): 1/2-1/2 {Draw by insufficient mating material}
Started game 1905 of 40000 (cand-13caf43 vs ref-2d6b8f1)
Finished game 1893 (cand-13caf43 vs ref-2d6b8f1): 0-1 {Black wins by adjudication}
Started game 1906 of 40000 (ref-2d6b8f1 vs cand-13caf43)
Finished game 1897 (cand-13caf43 vs ref-2d6b8f1): 0-1 {Black wins by adjudication}
Started game 1907 of 40000 (cand-13caf43 vs ref-2d6b8f1)
Finished game 1895 (cand-13caf43 vs ref-2d6b8f1): 1/2-1/2 {Draw by adjudication}
Started game 1908 of 40000 (ref-2d6b8f1 vs cand-13caf43)
Finished game 1896 (ref-2d6b8f1 vs cand-13caf43): 1/2-1/2 {Draw by 3-fold repetition}
Started game 1909 of 40000 (cand-13caf43 vs ref-2d6b8f1)
Finished game 1901 (cand-13caf43 vs ref-2d6b8f1): 1-0 {White wins by adjudication}
Started game 1910 of 40000 (ref-2d6b8f1 vs cand-13caf43)
Finished game 1898 (ref-2d6b8f1 vs cand-13caf43): 1/2-1/2 {Draw by adjudication}
Started game 1911 of 40000 (cand-13caf43 vs ref-2d6b8f1)
Finished game 1904 (ref-2d6b8f1 vs cand-13caf43): 0-1 {Black wins by adjudication}
Started game 1912 of 40000 (ref-2d6b8f1 vs cand-13caf43)
Finished game 1903 (cand-13caf43 vs ref-2d6b8f1): 1-0 {White wins by adjudication}
Started game 1913 of 40000 (cand-13caf43 vs ref-2d6b8f1)
Finished game 1899 (cand-13caf43 vs ref-2d6b8f1): 1/2-1/2 {Draw by adjudication}
Started game 1914 of 40000 (ref-2d6b8f1 vs cand-13caf43)
Finished game 1906 (ref-2d6b8f1 vs cand-13caf43): 0-1 {Black wins by adjudication}
Started game 1915 of 40000 (cand-13caf43 vs ref-2d6b8f1)
Finished game 1907 (cand-13caf43 vs ref-2d6b8f1): 1/2-1/2 {Draw by adjudication}
Started game 1916 of 40000 (ref-2d6b8f1 vs cand-13caf43)
Finished game 1900 (ref-2d6b8f1 vs cand-13caf43): 1/2-1/2 {Draw by adjudication}
--------------------------------------------------
Results of cand-13caf43 vs ref-2d6b8f1 (8+0.08, 1t, 16MB, noob_3moves.epd):
Elo: 17.37 +/- 11.97, nElo: 22.70 +/- 15.61
LOS: 99.78 %, DrawRatio: 34.17 %, PairsRatio: 1.20
Games: 1902, Wins: 626, Losses: 531, Draws: 745, Points: 998.5 (52.50 %)
Ptnml(0-2): [64, 220, 325, 241, 101], WL/DD Ratio: 1.29
LLR: 1.59 (53.9%) (-2.94, 2.94) [0.00, 5.00]
--------------------------------------------------
Started game 1917 of 40000 (cand-13caf43 vs ref-2d6b8f1)
Finished game 1905 (cand-13caf43 vs ref-2d6b8f1): 1/2-1/2 {Draw by insufficient mating material}
Started game 1918 of 40000 (ref-2d6b8f1 vs cand-13caf43)
Finished game 1909 (cand-13caf43 vs ref-2d6b8f1): 1/2-1/2 {Draw by 3-fold repetition}
Started game 1919 of 40000 (cand-13caf43 vs ref-2d6b8f1)
Finished game 1910 (ref-2d6b8f1 vs cand-13caf43): 0-1 {Black wins by adjudication}
Started game 1920 of 40000 (ref-2d6b8f1 vs cand-13caf43)
Finished game 1902 (ref-2d6b8f1 vs cand-13caf43): 1/2-1/2 {Draw by adjudication}
Started game 1921 of 40000 (cand-13caf43 vs ref-2d6b8f1)
Finished game 1908 (ref-2d6b8f1 vs cand-13caf43): 0-1 {Black wins by adjudication}
Started game 1922 of 40000 (ref-2d6b8f1 vs cand-13caf43)
Finished game 1913 (cand-13caf43 vs ref-2d6b8f1): 1-0 {White wins by adjudication}
Started game 1923 of 40000 (cand-13caf43 vs ref-2d6b8f1)
Finished game 1911 (cand-13caf43 vs ref-2d6b8f1): 1/2-1/2 {Draw by insufficient mating material}
Started game 1924 of 40000 (ref-2d6b8f1 vs cand-13caf43)
Finished game 1914 (ref-2d6b8f1 vs cand-13caf43): 1-0 {White wins by adjudication}
Started game 1925 of 40000 (cand-13caf43 vs ref-2d6b8f1)
Finished game 1912 (ref-2d6b8f1 vs cand-13caf43): 1/2-1/2 {Draw by 3-fold repetition}
Started game 1926 of 40000 (ref-2d6b8f1 vs cand-13caf43)
Finished game 1917 (cand-13caf43 vs ref-2d6b8f1): 0-1 {Black wins by adjudication}
Started game 1927 of 40000 (cand-13caf43 vs ref-2d6b8f1)
Finished game 1916 (ref-2d6b8f1 vs cand-13caf43): 0-1 {Black wins by adjudication}
Started game 1928 of 40000 (ref-2d6b8f1 vs cand-13caf43)
Finished game 1919 (cand-13caf43 vs ref-2d6b8f1): 1/2-1/2 {Draw by 3-fold repetition}
Started game 1929 of 40000 (cand-13caf43 vs ref-2d6b8f1)
Finished game 1921 (cand-13caf43 vs ref-2d6b8f1): 1/2-1/2 {Draw by 3-fold repetition}
Started game 1930 of 40000 (ref-2d6b8f1 vs cand-13caf43)
Finished game 1920 (ref-2d6b8f1 vs cand-13caf43): 0-1 {Black wins by adjudication}
--------------------------------------------------
Results of cand-13caf43 vs ref-2d6b8f1 (8+0.08, 1t, 16MB, noob_3moves.epd):
Elo: 18.15 +/- 11.91, nElo: 23.76 +/- 15.56
LOS: 99.86 %, DrawRatio: 34.13 %, PairsRatio: 1.22
Games: 1916, Wins: 632, Losses: 532, Draws: 752, Points: 1008.0 (52.61 %)
Ptnml(0-2): [64, 220, 327, 246, 101], WL/DD Ratio: 1.29
LLR: 1.68 (57.2%) (-2.94, 2.94) [0.00, 5.00]
--------------------------------------------------
Started game 1931 of 40000 (cand-13caf43 vs ref-2d6b8f1)
Finished game 1918 (ref-2d6b8f1 vs cand-13caf43): 1/2-1/2 {Draw by 3-fold repetition}
Started game 1932 of 40000 (ref-2d6b8f1 vs cand-13caf43)
Finished game 1923 (cand-13caf43 vs ref-2d6b8f1): 0-1 {Black wins by adjudication}
Started game 1933 of 40000 (cand-13caf43 vs ref-2d6b8f1)
Finished game 1924 (ref-2d6b8f1 vs cand-13caf43): 1/2-1/2 {Draw by insufficient mating material}
Started game 1934 of 40000 (ref-2d6b8f1 vs cand-13caf43)
Finished game 1915 (cand-13caf43 vs ref-2d6b8f1): 1/2-1/2 {Draw by insufficient mating material}
Started game 1935 of 40000 (cand-13caf43 vs ref-2d6b8f1)
Finished game 1928 (ref-2d6b8f1 vs cand-13caf43): 1-0 {White wins by adjudication}
Started game 1936 of 40000 (ref-2d6b8f1 vs cand-13caf43)
Finished game 1926 (ref-2d6b8f1 vs cand-13caf43): 0-1 {Black wins by adjudication}
Started game 1937 of 40000 (cand-13caf43 vs ref-2d6b8f1)
Finished game 1922 (ref-2d6b8f1 vs cand-13caf43): 1/2-1/2 {Draw by insufficient mating material}
Started game 1938 of 40000 (ref-2d6b8f1 vs cand-13caf43)
Finished game 1930 (ref-2d6b8f1 vs cand-13caf43): 1/2-1/2 {Draw by 3-fold repetition}
Started game 1939 of 40000 (cand-13caf43 vs ref-2d6b8f1)
Finished game 1929 (cand-13caf43 vs ref-2d6b8f1): 1/2-1/2 {Draw by insufficient mating material}
Started game 1940 of 40000 (ref-2d6b8f1 vs cand-13caf43)
Finished game 1931 (cand-13caf43 vs ref-2d6b8f1): 1/2-1/2 {Draw by 3-fold repetition}
Started game 1941 of 40000 (cand-13caf43 vs ref-2d6b8f1)
Finished game 1925 (cand-13caf43 vs ref-2d6b8f1): 1-0 {White wins by adjudication}
Started game 1942 of 40000 (ref-2d6b8f1 vs cand-13caf43)
Finished game 1932 (ref-2d6b8f1 vs cand-13caf43): 1-0 {White wins by adjudication}
Started game 1943 of 40000 (cand-13caf43 vs ref-2d6b8f1)
Finished game 1927 (cand-13caf43 vs ref-2d6b8f1): 1/2-1/2 {Draw by fifty moves rule}
Started game 1944 of 40000 (ref-2d6b8f1 vs cand-13caf43)
Finished game 1933 (cand-13caf43 vs ref-2d6b8f1): 0-1 {Black wins by adjudication}
Started game 1945 of 40000 (cand-13caf43 vs ref-2d6b8f1)
Finished game 1939 (cand-13caf43 vs ref-2d6b8f1): 1-0 {White wins by adjudication}
Started game 1946 of 40000 (ref-2d6b8f1 vs cand-13caf43)
Finished game 1938 (ref-2d6b8f1 vs cand-13caf43): 0-1 {Black wins by adjudication}
Started game 1947 of 40000 (cand-13caf43 vs ref-2d6b8f1)
Finished game 1934 (ref-2d6b8f1 vs cand-13caf43): 0-1 {Black wins by adjudication}
Started game 1948 of 40000 (ref-2d6b8f1 vs cand-13caf43)
Finished game 1937 (cand-13caf43 vs ref-2d6b8f1): 1/2-1/2 {Draw by 3-fold repetition}
Started game 1949 of 40000 (cand-13caf43 vs ref-2d6b8f1)
Finished game 1940 (ref-2d6b8f1 vs cand-13caf43): 0-1 {Black wins by adjudication}
--------------------------------------------------
Results of cand-13caf43 vs ref-2d6b8f1 (8+0.08, 1t, 16MB, noob_3moves.epd):
Elo: 18.30 +/- 11.85, nElo: 23.96 +/- 15.47
LOS: 99.88 %, DrawRatio: 34.06 %, PairsRatio: 1.22
Games: 1938, Wins: 639, Losses: 537, Draws: 762, Points: 1020.0 (52.63 %)
Ptnml(0-2): [64, 224, 330, 248, 103], WL/DD Ratio: 1.28
LLR: 1.72 (58.3%) (-2.94, 2.94) [0.00, 5.00]
--------------------------------------------------
Started game 1950 of 40000 (ref-2d6b8f1 vs cand-13caf43)
Finished game 1936 (ref-2d6b8f1 vs cand-13caf43): 1-0 {White wins by adjudication}
Started game 1951 of 40000 (cand-13caf43 vs ref-2d6b8f1)
Finished game 1941 (cand-13caf43 vs ref-2d6b8f1): 0-1 {Black wins by adjudication}
Started game 1952 of 40000 (ref-2d6b8f1 vs cand-13caf43)
Finished game 1942 (ref-2d6b8f1 vs cand-13caf43): 1/2-1/2 {Draw by adjudication}
Started game 1953 of 40000 (cand-13caf43 vs ref-2d6b8f1)
Finished game 1944 (ref-2d6b8f1 vs cand-13caf43): 0-1 {Black wins by adjudication}
Started game 1954 of 40000 (ref-2d6b8f1 vs cand-13caf43)
Finished game 1943 (cand-13caf43 vs ref-2d6b8f1): 1/2-1/2 {Draw by adjudication}
Started game 1955 of 40000 (cand-13caf43 vs ref-2d6b8f1)
Finished game 1935 (cand-13caf43 vs ref-2d6b8f1): 1/2-1/2 {Draw by 3-fold repetition}
Started game 1956 of 40000 (ref-2d6b8f1 vs cand-13caf43)
Finished game 1950 (ref-2d6b8f1 vs cand-13caf43): 1-0 {White wins by adjudication}
Started game 1957 of 40000 (cand-13caf43 vs ref-2d6b8f1)
Finished game 1946 (ref-2d6b8f1 vs cand-13caf43): 1/2-1/2 {Draw by 3-fold repetition}
Started game 1958 of 40000 (ref-2d6b8f1 vs cand-13caf43)
Finished game 1945 (cand-13caf43 vs ref-2d6b8f1): 1/2-1/2 {Draw by 3-fold repetition}
Started game 1959 of 40000 (cand-13caf43 vs ref-2d6b8f1)
Finished game 1948 (ref-2d6b8f1 vs cand-13caf43): 1/2-1/2 {Draw by 3-fold repetition}
Started game 1960 of 40000 (ref-2d6b8f1 vs cand-13caf43)
Finished game 1949 (cand-13caf43 vs ref-2d6b8f1): 1/2-1/2 {Draw by 3-fold repetition}
Started game 1961 of 40000 (cand-13caf43 vs ref-2d6b8f1)
Finished game 1947 (cand-13caf43 vs ref-2d6b8f1): 1-0 {White wins by adjudication}
Started game 1962 of 40000 (ref-2d6b8f1 vs cand-13caf43)
Finished game 1951 (cand-13caf43 vs ref-2d6b8f1): 1-0 {White wins by adjudication}
Started game 1963 of 40000 (cand-13caf43 vs ref-2d6b8f1)
Finished game 1954 (ref-2d6b8f1 vs cand-13caf43): 1-0 {White wins by adjudication}
Started game 1964 of 40000 (ref-2d6b8f1 vs cand-13caf43)
Finished game 1952 (ref-2d6b8f1 vs cand-13caf43): 1/2-1/2 {Draw by 3-fold repetition}
Started game 1965 of 40000 (cand-13caf43 vs ref-2d6b8f1)
Finished game 1955 (cand-13caf43 vs ref-2d6b8f1): 1-0 {White wins by adjudication}
Started game 1966 of 40000 (ref-2d6b8f1 vs cand-13caf43)
Finished game 1953 (cand-13caf43 vs ref-2d6b8f1): 0-1 {Black wins by adjudication}
Started game 1967 of 40000 (cand-13caf43 vs ref-2d6b8f1)
Finished game 1956 (ref-2d6b8f1 vs cand-13caf43): 1-0 {White wins by adjudication}
Started game 1968 of 40000 (ref-2d6b8f1 vs cand-13caf43)
Finished game 1958 (ref-2d6b8f1 vs cand-13caf43): 0-1 {Black wins by adjudication}
Started game 1969 of 40000 (cand-13caf43 vs ref-2d6b8f1)
Finished game 1960 (ref-2d6b8f1 vs cand-13caf43): 1-0 {White wins by adjudication}
Started game 1970 of 40000 (ref-2d6b8f1 vs cand-13caf43)
Finished game 1965 (cand-13caf43 vs ref-2d6b8f1): 1-0 {White wins by adjudication}
Started game 1971 of 40000 (cand-13caf43 vs ref-2d6b8f1)
Finished game 1963 (cand-13caf43 vs ref-2d6b8f1): 1/2-1/2 {Draw by insufficient mating material}
Started game 1972 of 40000 (ref-2d6b8f1 vs cand-13caf43)
Finished game 1959 (cand-13caf43 vs ref-2d6b8f1): 1-0 {White wins by adjudication}
--------------------------------------------------
Results of cand-13caf43 vs ref-2d6b8f1 (8+0.08, 1t, 16MB, noob_3moves.epd):
Elo: 17.76 +/- 11.78, nElo: 23.26 +/- 15.39
LOS: 99.85 %, DrawRatio: 34.01 %, PairsRatio: 1.21
Games: 1958, Wins: 644, Losses: 544, Draws: 770, Points: 1029.0 (52.55 %)
Ptnml(0-2): [65, 227, 333, 251, 103], WL/DD Ratio: 1.28
LLR: 1.68 (57.0%) (-2.94, 2.94) [0.00, 5.00]
--------------------------------------------------
Started game 1973 of 40000 (cand-13caf43 vs ref-2d6b8f1)
Finished game 1961 (cand-13caf43 vs ref-2d6b8f1): 1-0 {White wins by adjudication}
Started game 1974 of 40000 (ref-2d6b8f1 vs cand-13caf43)
Finished game 1962 (ref-2d6b8f1 vs cand-13caf43): 1/2-1/2 {Draw by adjudication}
Started game 1975 of 40000 (cand-13caf43 vs ref-2d6b8f1)
Finished game 1957 (cand-13caf43 vs ref-2d6b8f1): 0-1 {Black wins by adjudication}
Started game 1976 of 40000 (ref-2d6b8f1 vs cand-13caf43)
Finished game 1967 (cand-13caf43 vs ref-2d6b8f1): 1/2-1/2 {Draw by 3-fold repetition}
Started game 1977 of 40000 (cand-13caf43 vs ref-2d6b8f1)
Finished game 1969 (cand-13caf43 vs ref-2d6b8f1): 1-0 {White wins by adjudication}
Started game 1978 of 40000 (ref-2d6b8f1 vs cand-13caf43)
Finished game 1966 (ref-2d6b8f1 vs cand-13caf43): 1/2-1/2 {Draw by adjudication}
Started game 1979 of 40000 (cand-13caf43 vs ref-2d6b8f1)
Finished game 1970 (ref-2d6b8f1 vs cand-13caf43): 1-0 {White wins by adjudication}
Started game 1980 of 40000 (ref-2d6b8f1 vs cand-13caf43)
Finished game 1964 (ref-2d6b8f1 vs cand-13caf43): 1/2-1/2 {Draw by fifty moves rule}
Started game 1981 of 40000 (cand-13caf43 vs ref-2d6b8f1)
Finished game 1973 (cand-13caf43 vs ref-2d6b8f1): 1/2-1/2 {Draw by 3-fold repetition}
Started game 1982 of 40000 (ref-2d6b8f1 vs cand-13caf43)
Finished game 1968 (ref-2d6b8f1 vs cand-13caf43): 1/2-1/2 {Draw by adjudication}
Started game 1983 of 40000 (cand-13caf43 vs ref-2d6b8f1)
Finished game 1977 (cand-13caf43 vs ref-2d6b8f1): 1/2-1/2 {Draw by 3-fold repetition}
Started game 1984 of 40000 (ref-2d6b8f1 vs cand-13caf43)
Finished game 1972 (ref-2d6b8f1 vs cand-13caf43): 1/2-1/2 {Draw by adjudication}
Started game 1985 of 40000 (cand-13caf43 vs ref-2d6b8f1)
Finished game 1975 (cand-13caf43 vs ref-2d6b8f1): 0-1 {Black wins by adjudication}
Started game 1986 of 40000 (ref-2d6b8f1 vs cand-13caf43)
Finished game 1971 (cand-13caf43 vs ref-2d6b8f1): 1/2-1/2 {Draw by adjudication}
Started game 1987 of 40000 (cand-13caf43 vs ref-2d6b8f1)
Finished game 1974 (ref-2d6b8f1 vs cand-13caf43): 1/2-1/2 {Draw by adjudication}
Started game 1988 of 40000 (ref-2d6b8f1 vs cand-13caf43)
Finished game 1976 (ref-2d6b8f1 vs cand-13caf43): 1/2-1/2 {Draw by 3-fold repetition}
Started game 1989 of 40000 (cand-13caf43 vs ref-2d6b8f1)
Finished game 1981 (cand-13caf43 vs ref-2d6b8f1): 0-1 {Black wins by adjudication}
Started game 1990 of 40000 (ref-2d6b8f1 vs cand-13caf43)
Finished game 1979 (cand-13caf43 vs ref-2d6b8f1): 1-0 {White wins by adjudication}
Started game 1991 of 40000 (cand-13caf43 vs ref-2d6b8f1)
Finished game 1980 (ref-2d6b8f1 vs cand-13caf43): 1-0 {White wins by adjudication}
--------------------------------------------------
Results of cand-13caf43 vs ref-2d6b8f1 (8+0.08, 1t, 16MB, noob_3moves.epd):
Elo: 17.76 +/- 11.67, nElo: 23.34 +/- 15.31
LOS: 99.86 %, DrawRatio: 34.38 %, PairsRatio: 1.22
Games: 1978, Wins: 649, Losses: 548, Draws: 781, Points: 1039.5 (52.55 %)
Ptnml(0-2): [65, 228, 340, 253, 103], WL/DD Ratio: 1.27
LLR: 1.70 (57.8%) (-2.94, 2.94) [0.00, 5.00]
--------------------------------------------------
Started game 1992 of 40000 (ref-2d6b8f1 vs cand-13caf43)
Finished game 1984 (ref-2d6b8f1 vs cand-13caf43): 1-0 {White wins by adjudication}
Started game 1993 of 40000 (cand-13caf43 vs ref-2d6b8f1)
Finished game 1978 (ref-2d6b8f1 vs cand-13caf43): 0-1 {Black wins by adjudication}
Started game 1994 of 40000 (ref-2d6b8f1 vs cand-13caf43)
Finished game 1982 (ref-2d6b8f1 vs cand-13caf43): 0-1 {Black wins by adjudication}
Started game 1995 of 40000 (cand-13caf43 vs ref-2d6b8f1)
Finished game 1985 (cand-13caf43 vs ref-2d6b8f1): 1/2-1/2 {Draw by insufficient mating material}
Started game 1996 of 40000 (ref-2d6b8f1 vs cand-13caf43)
Finished game 1986 (ref-2d6b8f1 vs cand-13caf43): 0-1 {Black wins by adjudication}
Started game 1997 of 40000 (cand-13caf43 vs ref-2d6b8f1)
Finished game 1990 (ref-2d6b8f1 vs cand-13caf43): 1-0 {White wins by adjudication}
Started game 1998 of 40000 (ref-2d6b8f1 vs cand-13caf43)
Finished game 1983 (cand-13caf43 vs ref-2d6b8f1): 1/2-1/2 {Draw by insufficient mating material}
Started game 1999 of 40000 (cand-13caf43 vs ref-2d6b8f1)
Finished game 1988 (ref-2d6b8f1 vs cand-13caf43): 1/2-1/2 {Draw by insufficient mating material}
Started game 2000 of 40000 (ref-2d6b8f1 vs cand-13caf43)
Finished game 1987 (cand-13caf43 vs ref-2d6b8f1): 1/2-1/2 {Draw by 3-fold repetition}
Started game 2001 of 40000 (cand-13caf43 vs ref-2d6b8f1)
Finished game 1991 (cand-13caf43 vs ref-2d6b8f1): 0-1 {Black wins by adjudication}
Started game 2002 of 40000 (ref-2d6b8f1 vs cand-13caf43)
Finished game 1989 (cand-13caf43 vs ref-2d6b8f1): 1-0 {White wins by adjudication}
Started game 2003 of 40000 (cand-13caf43 vs ref-2d6b8f1)
Finished game 1992 (ref-2d6b8f1 vs cand-13caf43): 1-0 {White wins by adjudication}
Started game 2004 of 40000 (ref-2d6b8f1 vs cand-13caf43)
Finished game 1993 (cand-13caf43 vs ref-2d6b8f1): 1-0 {White wins by adjudication}
Started game 2005 of 40000 (cand-13caf43 vs ref-2d6b8f1)
Finished game 1997 (cand-13caf43 vs ref-2d6b8f1): 1-0 {White wins by adjudication}
Started game 2006 of 40000 (ref-2d6b8f1 vs cand-13caf43)
Finished game 1996 (ref-2d6b8f1 vs cand-13caf43): 1/2-1/2 {Draw by 3-fold repetition}
Started game 2007 of 40000 (cand-13caf43 vs ref-2d6b8f1)
Finished game 1994 (ref-2d6b8f1 vs cand-13caf43): 1/2-1/2 {Draw by fifty moves rule}
Started game 2008 of 40000 (ref-2d6b8f1 vs cand-13caf43)
Finished game 2001 (cand-13caf43 vs ref-2d6b8f1): 1-0 {White wins by adjudication}
Started game 2009 of 40000 (cand-13caf43 vs ref-2d6b8f1)
Finished game 2002 (ref-2d6b8f1 vs cand-13caf43): 1-0 {White wins by adjudication}
Started game 2010 of 40000 (ref-2d6b8f1 vs cand-13caf43)
Finished game 1999 (cand-13caf43 vs ref-2d6b8f1): 0-1 {Black wins by adjudication}
Started game 2011 of 40000 (cand-13caf43 vs ref-2d6b8f1)
Finished game 2004 (ref-2d6b8f1 vs cand-13caf43): 1-0 {White wins by adjudication}
Started game 2012 of 40000 (ref-2d6b8f1 vs cand-13caf43)
Finished game 2000 (ref-2d6b8f1 vs cand-13caf43): 1/2-1/2 {Draw by insufficient mating material}
--------------------------------------------------
Results of cand-13caf43 vs ref-2d6b8f1 (8+0.08, 1t, 16MB, noob_3moves.epd):
Elo: 17.40 +/- 11.60, nElo: 22.90 +/- 15.23
LOS: 99.84 %, DrawRatio: 34.43 %, PairsRatio: 1.21
Games: 1998, Wins: 655, Losses: 555, Draws: 788, Points: 1049.0 (52.50 %)
Ptnml(0-2): [66, 230, 344, 256, 103], WL/DD Ratio: 1.28
LLR: 1.68 (57.2%) (-2.94, 2.94) [0.00, 5.00]
--------------------------------------------------
Started game 2013 of 40000 (cand-13caf43 vs ref-2d6b8f1)
Finished game 1998 (ref-2d6b8f1 vs cand-13caf43): 1/2-1/2 {Draw by adjudication}
Started game 2014 of 40000 (ref-2d6b8f1 vs cand-13caf43)
Finished game 1995 (cand-13caf43 vs ref-2d6b8f1): 1/2-1/2 {Draw by 3-fold repetition}
Started game 2015 of 40000 (cand-13caf43 vs ref-2d6b8f1)
Finished game 2003 (cand-13caf43 vs ref-2d6b8f1): 0-1 {Black wins by adjudication}
Started game 2016 of 40000 (ref-2d6b8f1 vs cand-13caf43)
Finished game 2005 (cand-13caf43 vs ref-2d6b8f1): 0-1 {Black wins by adjudication}
Started game 2017 of 40000 (cand-13caf43 vs ref-2d6b8f1)
Finished game 2009 (cand-13caf43 vs ref-2d6b8f1): 1/2-1/2 {Draw by 3-fold repetition}
Started game 2018 of 40000 (ref-2d6b8f1 vs cand-13caf43)
Finished game 2006 (ref-2d6b8f1 vs cand-13caf43): 1/2-1/2 {Draw by insufficient mating material}
Started game 2019 of 40000 (cand-13caf43 vs ref-2d6b8f1)
Finished game 2007 (cand-13caf43 vs ref-2d6b8f1): 1/2-1/2 {Draw by 3-fold repetition}
Started game 2020 of 40000 (ref-2d6b8f1 vs cand-13caf43)
Finished game 2014 (ref-2d6b8f1 vs cand-13caf43): 1-0 {White wins by adjudication}
Started game 2021 of 40000 (cand-13caf43 vs ref-2d6b8f1)
Finished game 2008 (ref-2d6b8f1 vs cand-13caf43): 1-0 {White wins by adjudication}
Started game 2022 of 40000 (ref-2d6b8f1 vs cand-13caf43)
Finished game 2010 (ref-2d6b8f1 vs cand-13caf43): 0-1 {Black wins by adjudication}
Started game 2023 of 40000 (cand-13caf43 vs ref-2d6b8f1)
Finished game 2012 (ref-2d6b8f1 vs cand-13caf43): 0-1 {Black wins by adjudication}
Started game 2024 of 40000 (ref-2d6b8f1 vs cand-13caf43)
Finished game 2015 (cand-13caf43 vs ref-2d6b8f1): 1-0 {White wins by adjudication}
Started game 2025 of 40000 (cand-13caf43 vs ref-2d6b8f1)
Finished game 2011 (cand-13caf43 vs ref-2d6b8f1): 0-1 {Black wins by adjudication}
Started game 2026 of 40000 (ref-2d6b8f1 vs cand-13caf43)
Finished game 2013 (cand-13caf43 vs ref-2d6b8f1): 1-0 {White wins by adjudication}
Started game 2027 of 40000 (cand-13caf43 vs ref-2d6b8f1)
Finished game 2017 (cand-13caf43 vs ref-2d6b8f1): 0-1 {Black wins by adjudication}
Started game 2028 of 40000 (ref-2d6b8f1 vs cand-13caf43)
Finished game 2016 (ref-2d6b8f1 vs cand-13caf43): 1/2-1/2 {Draw by insufficient mating material}
Started game 2029 of 40000 (cand-13caf43 vs ref-2d6b8f1)
Finished game 2020 (ref-2d6b8f1 vs cand-13caf43): 1/2-1/2 {Draw by 3-fold repetition}
Started game 2030 of 40000 (ref-2d6b8f1 vs cand-13caf43)
Finished game 2018 (ref-2d6b8f1 vs cand-13caf43): 1/2-1/2 {Draw by 3-fold repetition}
Started game 2031 of 40000 (cand-13caf43 vs ref-2d6b8f1)
Finished game 2021 (cand-13caf43 vs ref-2d6b8f1): 1/2-1/2 {Draw by 3-fold repetition}
Started game 2032 of 40000 (ref-2d6b8f1 vs cand-13caf43)
Finished game 2019 (cand-13caf43 vs ref-2d6b8f1): 0-1 {Black wins by adjudication}
--------------------------------------------------
Results of cand-13caf43 vs ref-2d6b8f1 (8+0.08, 1t, 16MB, noob_3moves.epd):
Elo: 16.70 +/- 11.53, nElo: 21.98 +/- 15.15
LOS: 99.78 %, DrawRatio: 34.36 %, PairsRatio: 1.20
Games: 2020, Wins: 660, Losses: 563, Draws: 797, Points: 1058.5 (52.40 %)
Ptnml(0-2): [67, 234, 347, 259, 103], WL/DD Ratio: 1.28
LLR: 1.63 (55.2%) (-2.94, 2.94) [0.00, 5.00]
--------------------------------------------------
Started game 2033 of 40000 (cand-13caf43 vs ref-2d6b8f1)
Finished game 2027 (cand-13caf43 vs ref-2d6b8f1): 1/2-1/2 {Draw by 3-fold repetition}
Started game 2034 of 40000 (ref-2d6b8f1 vs cand-13caf43)
Finished game 2024 (ref-2d6b8f1 vs cand-13caf43): 1/2-1/2 {Draw by adjudication}
Started game 2035 of 40000 (cand-13caf43 vs ref-2d6b8f1)
Finished game 2022 (ref-2d6b8f1 vs cand-13caf43): 1-0 {White wins by adjudication}
Started game 2036 of 40000 (ref-2d6b8f1 vs cand-13caf43)
Finished game 2023 (cand-13caf43 vs ref-2d6b8f1): 1-0 {White wins by adjudication}
Started game 2037 of 40000 (cand-13caf43 vs ref-2d6b8f1)
Finished game 2031 (cand-13caf43 vs ref-2d6b8f1): 0-1 {Black wins by adjudication}
Started game 2038 of 40000 (ref-2d6b8f1 vs cand-13caf43)
Finished game 2030 (ref-2d6b8f1 vs cand-13caf43): 1-0 {White wins by adjudication}
Started game 2039 of 40000 (cand-13caf43 vs ref-2d6b8f1)
Finished game 2028 (ref-2d6b8f1 vs cand-13caf43): 0-1 {Black wins by adjudication}
Started game 2040 of 40000 (ref-2d6b8f1 vs cand-13caf43)
Finished game 2025 (cand-13caf43 vs ref-2d6b8f1): 1-0 {White wins by adjudication}
Started game 2041 of 40000 (cand-13caf43 vs ref-2d6b8f1)
Finished game 2026 (ref-2d6b8f1 vs cand-13caf43): 1/2-1/2 {Draw by insufficient mating material}
Started game 2042 of 40000 (ref-2d6b8f1 vs cand-13caf43)
Finished game 2033 (cand-13caf43 vs ref-2d6b8f1): 1-0 {White wins by adjudication}
Started game 2043 of 40000 (cand-13caf43 vs ref-2d6b8f1)
Finished game 2029 (cand-13caf43 vs ref-2d6b8f1): 0-1 {Black wins by adjudication}
Started game 2044 of 40000 (ref-2d6b8f1 vs cand-13caf43)
Finished game 2036 (ref-2d6b8f1 vs cand-13caf43): 1-0 {White wins by adjudication}
Started game 2045 of 40000 (cand-13caf43 vs ref-2d6b8f1)
Finished game 2032 (ref-2d6b8f1 vs cand-13caf43): 1/2-1/2 {Draw by adjudication}
Started game 2046 of 40000 (ref-2d6b8f1 vs cand-13caf43)
Finished game 2035 (cand-13caf43 vs ref-2d6b8f1): 1/2-1/2 {Draw by adjudication}
Started game 2047 of 40000 (cand-13caf43 vs ref-2d6b8f1)
Finished game 2038 (ref-2d6b8f1 vs cand-13caf43): 0-1 {Black wins by adjudication}
Started game 2048 of 40000 (ref-2d6b8f1 vs cand-13caf43)
Finished game 2039 (cand-13caf43 vs ref-2d6b8f1): 1-0 {White wins by adjudication}
Started game 2049 of 40000 (cand-13caf43 vs ref-2d6b8f1)
Finished game 2034 (ref-2d6b8f1 vs cand-13caf43): 1-0 {White wins by adjudication}
Started game 2050 of 40000 (ref-2d6b8f1 vs cand-13caf43)
Finished game 2037 (cand-13caf43 vs ref-2d6b8f1): 1-0 {White wins by adjudication}
Started game 2051 of 40000 (cand-13caf43 vs ref-2d6b8f1)
Finished game 2040 (ref-2d6b8f1 vs cand-13caf43): 1-0 {White wins by adjudication}
--------------------------------------------------
Results of cand-13caf43 vs ref-2d6b8f1 (8+0.08, 1t, 16MB, noob_3moves.epd):
Elo: 16.53 +/- 11.49, nElo: 21.74 +/- 15.08
LOS: 99.76 %, DrawRatio: 34.22 %, PairsRatio: 1.20
Games: 2040, Wins: 667, Losses: 570, Draws: 803, Points: 1068.5 (52.38 %)
Ptnml(0-2): [68, 237, 349, 262, 104], WL/DD Ratio: 1.30
LLR: 1.62 (55.1%) (-2.94, 2.94) [0.00, 5.00]
--------------------------------------------------
Started game 2052 of 40000 (ref-2d6b8f1 vs cand-13caf43)
Finished game 2046 (ref-2d6b8f1 vs cand-13caf43): 1-0 {White wins by adjudication}
Started game 2053 of 40000 (cand-13caf43 vs ref-2d6b8f1)
Finished game 2041 (cand-13caf43 vs ref-2d6b8f1): 1/2-1/2 {Draw by insufficient mating material}
Started game 2054 of 40000 (ref-2d6b8f1 vs cand-13caf43)
Finished game 2043 (cand-13caf43 vs ref-2d6b8f1): 1/2-1/2 {Draw by 3-fold repetition}
Started game 2055 of 40000 (cand-13caf43 vs ref-2d6b8f1)
Finished game 2042 (ref-2d6b8f1 vs cand-13caf43): 0-1 {Black wins by adjudication}
Started game 2056 of 40000 (ref-2d6b8f1 vs cand-13caf43)
Finished game 2044 (ref-2d6b8f1 vs cand-13caf43): 1-0 {White wins by adjudication}
Started game 2057 of 40000 (cand-13caf43 vs ref-2d6b8f1)
Finished game 2045 (cand-13caf43 vs ref-2d6b8f1): 0-1 {Black wins by adjudication}
Started game 2058 of 40000 (ref-2d6b8f1 vs cand-13caf43)
Finished game 2048 (ref-2d6b8f1 vs cand-13caf43): 1/2-1/2 {Draw by 3-fold repetition}
Started game 2059 of 40000 (cand-13caf43 vs ref-2d6b8f1)
Finished game 2051 (cand-13caf43 vs ref-2d6b8f1): 0-1 {Black wins by adjudication}
Started game 2060 of 40000 (ref-2d6b8f1 vs cand-13caf43)
Finished game 2047 (cand-13caf43 vs ref-2d6b8f1): 1/2-1/2 {Draw by adjudication}
Started game 2061 of 40000 (cand-13caf43 vs ref-2d6b8f1)
Finished game 2049 (cand-13caf43 vs ref-2d6b8f1): 0-1 {Black wins by adjudication}
Started game 2062 of 40000 (ref-2d6b8f1 vs cand-13caf43)
Finished game 2052 (ref-2d6b8f1 vs cand-13caf43): 1-0 {White wins by adjudication}
Started game 2063 of 40000 (cand-13caf43 vs ref-2d6b8f1)
Finished game 2050 (ref-2d6b8f1 vs cand-13caf43): 1/2-1/2 {Draw by 3-fold repetition}
Started game 2064 of 40000 (ref-2d6b8f1 vs cand-13caf43)
Finished game 2060 (ref-2d6b8f1 vs cand-13caf43): 1-0 {White wins by adjudication}
Started game 2065 of 40000 (cand-13caf43 vs ref-2d6b8f1)
Finished game 2058 (ref-2d6b8f1 vs cand-13caf43): 1/2-1/2 {Draw by adjudication}
Started game 2066 of 40000 (ref-2d6b8f1 vs cand-13caf43)
Finished game 2057 (cand-13caf43 vs ref-2d6b8f1): 1-0 {White wins by adjudication}
Started game 2067 of 40000 (cand-13caf43 vs ref-2d6b8f1)
Finished game 2053 (cand-13caf43 vs ref-2d6b8f1): 1/2-1/2 {Draw by insufficient mating material}
Started game 2068 of 40000 (ref-2d6b8f1 vs cand-13caf43)
Finished game 2054 (ref-2d6b8f1 vs cand-13caf43): 0-1 {Black wins by adjudication}
Started game 2069 of 40000 (cand-13caf43 vs ref-2d6b8f1)
Finished game 2059 (cand-13caf43 vs ref-2d6b8f1): 0-1 {Black wins by adjudication}
--------------------------------------------------
Results of cand-13caf43 vs ref-2d6b8f1 (8+0.08, 1t, 16MB, noob_3moves.epd):
Elo: 15.54 +/- 11.47, nElo: 20.38 +/- 15.01
LOS: 99.61 %, DrawRatio: 34.01 %, PairsRatio: 1.19
Games: 2058, Wins: 670, Losses: 578, Draws: 810, Points: 1075.0 (52.24 %)
Ptnml(0-2): [71, 239, 350, 265, 104], WL/DD Ratio: 1.29
LLR: 1.52 (51.6%) (-2.94, 2.94) [0.00, 5.00]
--------------------------------------------------
Started game 2070 of 40000 (ref-2d6b8f1 vs cand-13caf43)
Finished game 2061 (cand-13caf43 vs ref-2d6b8f1): 1/2-1/2 {Draw by 3-fold repetition}
Started game 2071 of 40000 (cand-13caf43 vs ref-2d6b8f1)
Finished game 2055 (cand-13caf43 vs ref-2d6b8f1): 1/2-1/2 {Draw by adjudication}
Started game 2072 of 40000 (ref-2d6b8f1 vs cand-13caf43)
Finished game 2064 (ref-2d6b8f1 vs cand-13caf43): 1/2-1/2 {Draw by adjudication}
Started game 2073 of 40000 (cand-13caf43 vs ref-2d6b8f1)
Finished game 2067 (cand-13caf43 vs ref-2d6b8f1): 0-1 {Black wins by adjudication}
Started game 2074 of 40000 (ref-2d6b8f1 vs cand-13caf43)
Finished game 2063 (cand-13caf43 vs ref-2d6b8f1): 1/2-1/2 {Draw by 3-fold repetition}
Started game 2075 of 40000 (cand-13caf43 vs ref-2d6b8f1)
Finished game 2070 (ref-2d6b8f1 vs cand-13caf43): 1/2-1/2 {Draw by 3-fold repetition}
Started game 2076 of 40000 (ref-2d6b8f1 vs cand-13caf43)
Finished game 2066 (ref-2d6b8f1 vs cand-13caf43): 0-1 {Black wins by adjudication}
Started game 2077 of 40000 (cand-13caf43 vs ref-2d6b8f1)
Finished game 2065 (cand-13caf43 vs ref-2d6b8f1): 0-1 {Black wins by adjudication}
Started game 2078 of 40000 (ref-2d6b8f1 vs cand-13caf43)
Finished game 2062 (ref-2d6b8f1 vs cand-13caf43): 1/2-1/2 {Draw by fifty moves rule}
Started game 2079 of 40000 (cand-13caf43 vs ref-2d6b8f1)
Finished game 2069 (cand-13caf43 vs ref-2d6b8f1): 1-0 {White wins by adjudication}
Started game 2080 of 40000 (ref-2d6b8f1 vs cand-13caf43)
Finished game 2068 (ref-2d6b8f1 vs cand-13caf43): 0-1 {Black wins by adjudication}
Started game 2081 of 40000 (cand-13caf43 vs ref-2d6b8f1)
Finished game 2056 (ref-2d6b8f1 vs cand-13caf43): 1/2-1/2 {Draw by fifty moves rule}
Started game 2082 of 40000 (ref-2d6b8f1 vs cand-13caf43)
Finished game 2071 (cand-13caf43 vs ref-2d6b8f1): 0-1 {Black wins by adjudication}
Started game 2083 of 40000 (cand-13caf43 vs ref-2d6b8f1)
Finished game 2076 (ref-2d6b8f1 vs cand-13caf43): 0-1 {Black wins by adjudication}
Started game 2084 of 40000 (ref-2d6b8f1 vs cand-13caf43)
Finished game 2074 (ref-2d6b8f1 vs cand-13caf43): 1-0 {White wins by adjudication}
Started game 2085 of 40000 (cand-13caf43 vs ref-2d6b8f1)
Finished game 2077 (cand-13caf43 vs ref-2d6b8f1): 1-0 {White wins by adjudication}
Started game 2086 of 40000 (ref-2d6b8f1 vs cand-13caf43)
Finished game 2079 (cand-13caf43 vs ref-2d6b8f1): 1/2-1/2 {Draw by 3-fold repetition}
Started game 2087 of 40000 (cand-13caf43 vs ref-2d6b8f1)
Finished game 2072 (ref-2d6b8f1 vs cand-13caf43): 1/2-1/2 {Draw by 3-fold repetition}
Started game 2088 of 40000 (ref-2d6b8f1 vs cand-13caf43)
Finished game 2078 (ref-2d6b8f1 vs cand-13caf43): 1-0 {White wins by adjudication}
Started game 2089 of 40000 (cand-13caf43 vs ref-2d6b8f1)
Finished game 2075 (cand-13caf43 vs ref-2d6b8f1): 0-1 {Black wins by adjudication}
Started game 2090 of 40000 (ref-2d6b8f1 vs cand-13caf43)
Finished game 2082 (ref-2d6b8f1 vs cand-13caf43): 1/2-1/2 {Draw by 3-fold repetition}
Started game 2091 of 40000 (cand-13caf43 vs ref-2d6b8f1)
Finished game 2080 (ref-2d6b8f1 vs cand-13caf43): 0-1 {Black wins by adjudication}
--------------------------------------------------
Results of cand-13caf43 vs ref-2d6b8f1 (8+0.08, 1t, 16MB, noob_3moves.epd):
Elo: 15.56 +/- 11.37, nElo: 20.47 +/- 14.94
LOS: 99.64 %, DrawRatio: 34.36 %, PairsRatio: 1.19
Games: 2078, Wins: 676, Losses: 583, Draws: 819, Points: 1085.5 (52.24 %)
Ptnml(0-2): [71, 240, 357, 267, 104], WL/DD Ratio: 1.29
LLR: 1.54 (52.4%) (-2.94, 2.94) [0.00, 5.00]
--------------------------------------------------
Started game 2092 of 40000 (ref-2d6b8f1 vs cand-13caf43)
Finished game 2073 (cand-13caf43 vs ref-2d6b8f1): 1/2-1/2 {Draw by fifty moves rule}
Started game 2093 of 40000 (cand-13caf43 vs ref-2d6b8f1)
Finished game 2083 (cand-13caf43 vs ref-2d6b8f1): 1/2-1/2 {Draw by adjudication}
Started game 2094 of 40000 (ref-2d6b8f1 vs cand-13caf43)
Finished game 2081 (cand-13caf43 vs ref-2d6b8f1): 0-1 {Black wins by adjudication}
Started game 2095 of 40000 (cand-13caf43 vs ref-2d6b8f1)
Finished game 2087 (cand-13caf43 vs ref-2d6b8f1): 1-0 {White wins by adjudication}
Started game 2096 of 40000 (ref-2d6b8f1 vs cand-13caf43)
Finished game 2086 (ref-2d6b8f1 vs cand-13caf43): 1-0 {White wins by adjudication}
Started game 2097 of 40000 (cand-13caf43 vs ref-2d6b8f1)
Finished game 2084 (ref-2d6b8f1 vs cand-13caf43): 1-0 {White wins by adjudication}
Started game 2098 of 40000 (ref-2d6b8f1 vs cand-13caf43)
Finished game 2085 (cand-13caf43 vs ref-2d6b8f1): 1-0 {White wins by adjudication}
Started game 2099 of 40000 (cand-13caf43 vs ref-2d6b8f1)
Finished game 2089 (cand-13caf43 vs ref-2d6b8f1): 0-1 {Black wins by adjudication}
Started game 2100 of 40000 (ref-2d6b8f1 vs cand-13caf43)
Finished game 2088 (ref-2d6b8f1 vs cand-13caf43): 1/2-1/2 {Draw by insufficient mating material}
Started game 2101 of 40000 (cand-13caf43 vs ref-2d6b8f1)
Finished game 2090 (ref-2d6b8f1 vs cand-13caf43): 0-1 {Black wins by adjudication}
Started game 2102 of 40000 (ref-2d6b8f1 vs cand-13caf43)
Finished game 2095 (cand-13caf43 vs ref-2d6b8f1): 1-0 {White wins by adjudication}
Started game 2103 of 40000 (cand-13caf43 vs ref-2d6b8f1)
Finished game 2091 (cand-13caf43 vs ref-2d6b8f1): 1-0 {White wins by adjudication}
Started game 2104 of 40000 (ref-2d6b8f1 vs cand-13caf43)
Finished game 2093 (cand-13caf43 vs ref-2d6b8f1): 1-0 {White wins by adjudication}
Started game 2105 of 40000 (cand-13caf43 vs ref-2d6b8f1)
Finished game 2094 (ref-2d6b8f1 vs cand-13caf43): 1-0 {White wins by adjudication}
Started game 2106 of 40000 (ref-2d6b8f1 vs cand-13caf43)
Finished game 2096 (ref-2d6b8f1 vs cand-13caf43): 0-1 {Black wins by adjudication}
Started game 2107 of 40000 (cand-13caf43 vs ref-2d6b8f1)
Finished game 2097 (cand-13caf43 vs ref-2d6b8f1): 1/2-1/2 {Draw by adjudication}
Started game 2108 of 40000 (ref-2d6b8f1 vs cand-13caf43)
Finished game 2100 (ref-2d6b8f1 vs cand-13caf43): 0-1 {Black wins by adjudication}
Started game 2109 of 40000 (cand-13caf43 vs ref-2d6b8f1)
Finished game 2099 (cand-13caf43 vs ref-2d6b8f1): 1/2-1/2 {Draw by adjudication}
--------------------------------------------------
Results of cand-13caf43 vs ref-2d6b8f1 (8+0.08, 1t, 16MB, noob_3moves.epd):
Elo: 15.59 +/- 11.32, nElo: 20.53 +/- 14.87
LOS: 99.66 %, DrawRatio: 34.35 %, PairsRatio: 1.19
Games: 2096, Wins: 683, Losses: 589, Draws: 824, Points: 1095.0 (52.24 %)
Ptnml(0-2): [71, 243, 360, 269, 105], WL/DD Ratio: 1.31
LLR: 1.56 (53.0%) (-2.94, 2.94) [0.00, 5.00]
--------------------------------------------------
Started game 2110 of 40000 (ref-2d6b8f1 vs cand-13caf43)
Finished game 2098 (ref-2d6b8f1 vs cand-13caf43): 1/2-1/2 {Draw by 3-fold repetition}
Started game 2111 of 40000 (cand-13caf43 vs ref-2d6b8f1)
Finished game 2092 (ref-2d6b8f1 vs cand-13caf43): 1/2-1/2 {Draw by insufficient mating material}
Started game 2112 of 40000 (ref-2d6b8f1 vs cand-13caf43)
Finished game 2103 (cand-13caf43 vs ref-2d6b8f1): 1-0 {White wins by adjudication}
Started game 2113 of 40000 (cand-13caf43 vs ref-2d6b8f1)
Finished game 2104 (ref-2d6b8f1 vs cand-13caf43): 0-1 {Black wins by adjudication}
Started game 2114 of 40000 (ref-2d6b8f1 vs cand-13caf43)
Finished game 2105 (cand-13caf43 vs ref-2d6b8f1): 1-0 {White wins by adjudication}
Started game 2115 of 40000 (cand-13caf43 vs ref-2d6b8f1)
Finished game 2101 (cand-13caf43 vs ref-2d6b8f1): 1/2-1/2 {Draw by adjudication}
Started game 2116 of 40000 (ref-2d6b8f1 vs cand-13caf43)
Finished game 2107 (cand-13caf43 vs ref-2d6b8f1): 0-1 {Black wins by adjudication}
Started game 2117 of 40000 (cand-13caf43 vs ref-2d6b8f1)
Finished game 2108 (ref-2d6b8f1 vs cand-13caf43): 0-1 {Black wins by adjudication}
Started game 2118 of 40000 (ref-2d6b8f1 vs cand-13caf43)
Finished game 2112 (ref-2d6b8f1 vs cand-13caf43): 1/2-1/2 {Draw by 3-fold repetition}
Started game 2119 of 40000 (cand-13caf43 vs ref-2d6b8f1)
Finished game 2109 (cand-13caf43 vs ref-2d6b8f1): 1-0 {White wins by adjudication}
Started game 2120 of 40000 (ref-2d6b8f1 vs cand-13caf43)
Finished game 2102 (ref-2d6b8f1 vs cand-13caf43): 1/2-1/2 {Draw by fifty moves rule}
Started game 2121 of 40000 (cand-13caf43 vs ref-2d6b8f1)
Finished game 2110 (ref-2d6b8f1 vs cand-13caf43): 1/2-1/2 {Draw by adjudication}
Started game 2122 of 40000 (ref-2d6b8f1 vs cand-13caf43)
Finished game 2106 (ref-2d6b8f1 vs cand-13caf43): 1-0 {White wins by adjudication}
Started game 2123 of 40000 (cand-13caf43 vs ref-2d6b8f1)
Finished game 2113 (cand-13caf43 vs ref-2d6b8f1): 1-0 {White wins by adjudication}
Started game 2124 of 40000 (ref-2d6b8f1 vs cand-13caf43)
Finished game 2117 (cand-13caf43 vs ref-2d6b8f1): 0-1 {Black wins by adjudication}
Started game 2125 of 40000 (cand-13caf43 vs ref-2d6b8f1)
Finished game 2111 (cand-13caf43 vs ref-2d6b8f1): 1/2-1/2 {Draw by 3-fold repetition}
Started game 2126 of 40000 (ref-2d6b8f1 vs cand-13caf43)
Finished game 2116 (ref-2d6b8f1 vs cand-13caf43): 1/2-1/2 {Draw by 3-fold repetition}
Started game 2127 of 40000 (cand-13caf43 vs ref-2d6b8f1)
Finished game 2115 (cand-13caf43 vs ref-2d6b8f1): 0-1 {Black wins by adjudication}
Started game 2128 of 40000 (ref-2d6b8f1 vs cand-13caf43)
Finished game 2114 (ref-2d6b8f1 vs cand-13caf43): 1-0 {White wins by adjudication}
Started game 2129 of 40000 (cand-13caf43 vs ref-2d6b8f1)
Finished game 2120 (ref-2d6b8f1 vs cand-13caf43): 1/2-1/2 {Draw by 3-fold repetition}
Started game 2130 of 40000 (ref-2d6b8f1 vs cand-13caf43)
Finished game 2119 (cand-13caf43 vs ref-2d6b8f1): 0-1 {Black wins by adjudication}
--------------------------------------------------
Results of cand-13caf43 vs ref-2d6b8f1 (8+0.08, 1t, 16MB, noob_3moves.epd):
Elo: 15.76 +/- 11.24, nElo: 20.79 +/- 14.80
LOS: 99.71 %, DrawRatio: 34.56 %, PairsRatio: 1.19
Games: 2118, Wins: 690, Losses: 594, Draws: 834, Points: 1107.0 (52.27 %)
Ptnml(0-2): [71, 245, 366, 271, 106], WL/DD Ratio: 1.30
LLR: 1.60 (54.4%) (-2.94, 2.94) [0.00, 5.00]
--------------------------------------------------
Started game 2131 of 40000 (cand-13caf43 vs ref-2d6b8f1)
Finished game 2121 (cand-13caf43 vs ref-2d6b8f1): 1-0 {White wins by adjudication}
Started game 2132 of 40000 (ref-2d6b8f1 vs cand-13caf43)
Finished game 2124 (ref-2d6b8f1 vs cand-13caf43): 1/2-1/2 {Draw by 3-fold repetition}
Started game 2133 of 40000 (cand-13caf43 vs ref-2d6b8f1)
Finished game 2118 (ref-2d6b8f1 vs cand-13caf43): 1/2-1/2 {Draw by insufficient mating material}
Started game 2134 of 40000 (ref-2d6b8f1 vs cand-13caf43)
Finished game 2122 (ref-2d6b8f1 vs cand-13caf43): 0-1 {Black wins by adjudication}
Started game 2135 of 40000 (cand-13caf43 vs ref-2d6b8f1)
Finished game 2123 (cand-13caf43 vs ref-2d6b8f1): 0-1 {Black wins by adjudication}
Started game 2136 of 40000 (ref-2d6b8f1 vs cand-13caf43)
Finished game 2129 (cand-13caf43 vs ref-2d6b8f1): 1/2-1/2 {Draw by 3-fold repetition}
Started game 2137 of 40000 (cand-13caf43 vs ref-2d6b8f1)
Finished game 2126 (ref-2d6b8f1 vs cand-13caf43): 0-1 {Black wins by adjudication}
Started game 2138 of 40000 (ref-2d6b8f1 vs cand-13caf43)
Finished game 2130 (ref-2d6b8f1 vs cand-13caf43): 0-1 {Black wins by adjudication}
Started game 2139 of 40000 (cand-13caf43 vs ref-2d6b8f1)
Finished game 2127 (cand-13caf43 vs ref-2d6b8f1): 1/2-1/2 {Draw by adjudication}
Started game 2140 of 40000 (ref-2d6b8f1 vs cand-13caf43)
Finished game 2125 (cand-13caf43 vs ref-2d6b8f1): 0-1 {Black wins by adjudication}
Started game 2141 of 40000 (cand-13caf43 vs ref-2d6b8f1)
Finished game 2128 (ref-2d6b8f1 vs cand-13caf43): 1-0 {White wins by adjudication}
Started game 2142 of 40000 (ref-2d6b8f1 vs cand-13caf43)
Finished game 2132 (ref-2d6b8f1 vs cand-13caf43): 0-1 {Black wins by adjudication}
Started game 2143 of 40000 (cand-13caf43 vs ref-2d6b8f1)
Finished game 2138 (ref-2d6b8f1 vs cand-13caf43): 1-0 {White wins by adjudication}
Started game 2144 of 40000 (ref-2d6b8f1 vs cand-13caf43)
Finished game 2131 (cand-13caf43 vs ref-2d6b8f1): 1/2-1/2 {Draw by insufficient mating material}
Started game 2145 of 40000 (cand-13caf43 vs ref-2d6b8f1)
Finished game 2134 (ref-2d6b8f1 vs cand-13caf43): 0-1 {Black wins by adjudication}
Started game 2146 of 40000 (ref-2d6b8f1 vs cand-13caf43)
Finished game 2136 (ref-2d6b8f1 vs cand-13caf43): 1-0 {White wins by adjudication}
Started game 2147 of 40000 (cand-13caf43 vs ref-2d6b8f1)
Finished game 2135 (cand-13caf43 vs ref-2d6b8f1): 0-1 {Black wins by adjudication}
Started game 2148 of 40000 (ref-2d6b8f1 vs cand-13caf43)
Finished game 2133 (cand-13caf43 vs ref-2d6b8f1): 1/2-1/2 {Draw by 3-fold repetition}
Started game 2149 of 40000 (cand-13caf43 vs ref-2d6b8f1)
Finished game 2141 (cand-13caf43 vs ref-2d6b8f1): 0-1 {Black wins by adjudication}
Started game 2150 of 40000 (ref-2d6b8f1 vs cand-13caf43)
Finished game 2142 (ref-2d6b8f1 vs cand-13caf43): 0-1 {Black wins by adjudication}
Started game 2151 of 40000 (cand-13caf43 vs ref-2d6b8f1)
Finished game 2139 (cand-13caf43 vs ref-2d6b8f1): 0-1 {Black wins by adjudication}
Started game 2152 of 40000 (ref-2d6b8f1 vs cand-13caf43)
Finished game 2137 (cand-13caf43 vs ref-2d6b8f1): 1-0 {White wins by adjudication}
Started game 2153 of 40000 (cand-13caf43 vs ref-2d6b8f1)
Finished game 2140 (ref-2d6b8f1 vs cand-13caf43): 1/2-1/2 {Draw by 3-fold repetition}
--------------------------------------------------
Results of cand-13caf43 vs ref-2d6b8f1 (8+0.08, 1t, 16MB, noob_3moves.epd):
Elo: 15.42 +/- 11.18, nElo: 20.33 +/- 14.71
LOS: 99.66 %, DrawRatio: 34.45 %, PairsRatio: 1.19
Games: 2142, Wins: 698, Losses: 603, Draws: 841, Points: 1118.5 (52.22 %)
Ptnml(0-2): [72, 249, 369, 274, 107], WL/DD Ratio: 1.32
LLR: 1.58 (53.6%) (-2.94, 2.94) [0.00, 5.00]
--------------------------------------------------
Started game 2154 of 40000 (ref-2d6b8f1 vs cand-13caf43)
Finished game 2143 (cand-13caf43 vs ref-2d6b8f1): 1/2-1/2 {Draw by 3-fold repetition}
Started game 2155 of 40000 (cand-13caf43 vs ref-2d6b8f1)
Finished game 2148 (ref-2d6b8f1 vs cand-13caf43): 0-1 {Black wins by adjudication}
Started game 2156 of 40000 (ref-2d6b8f1 vs cand-13caf43)
Finished game 2146 (ref-2d6b8f1 vs cand-13caf43): 1/2-1/2 {Draw by 3-fold repetition}
Started game 2157 of 40000 (cand-13caf43 vs ref-2d6b8f1)
Finished game 2147 (cand-13caf43 vs ref-2d6b8f1): 0-1 {Black wins by adjudication}
Started game 2158 of 40000 (ref-2d6b8f1 vs cand-13caf43)
Finished game 2144 (ref-2d6b8f1 vs cand-13caf43): 0-1 {Black wins by adjudication}
Started game 2159 of 40000 (cand-13caf43 vs ref-2d6b8f1)
Finished game 2145 (cand-13caf43 vs ref-2d6b8f1): 1/2-1/2 {Draw by adjudication}
Started game 2160 of 40000 (ref-2d6b8f1 vs cand-13caf43)
Finished game 2153 (cand-13caf43 vs ref-2d6b8f1): 1-0 {White wins by adjudication}
Started game 2161 of 40000 (cand-13caf43 vs ref-2d6b8f1)
Finished game 2154 (ref-2d6b8f1 vs cand-13caf43): 1/2-1/2 {Draw by 3-fold repetition}
Started game 2162 of 40000 (ref-2d6b8f1 vs cand-13caf43)
Finished game 2151 (cand-13caf43 vs ref-2d6b8f1): 1-0 {White wins by adjudication}
Started game 2163 of 40000 (cand-13caf43 vs ref-2d6b8f1)
Finished game 2149 (cand-13caf43 vs ref-2d6b8f1): 1/2-1/2 {Draw by 3-fold repetition}
Started game 2164 of 40000 (ref-2d6b8f1 vs cand-13caf43)
Finished game 2152 (ref-2d6b8f1 vs cand-13caf43): 1-0 {White wins by adjudication}
Started game 2165 of 40000 (cand-13caf43 vs ref-2d6b8f1)
Finished game 2155 (cand-13caf43 vs ref-2d6b8f1): 0-1 {Black wins by adjudication}
Started game 2166 of 40000 (ref-2d6b8f1 vs cand-13caf43)
Finished game 2156 (ref-2d6b8f1 vs cand-13caf43): 1/2-1/2 {Draw by 3-fold repetition}
Started game 2167 of 40000 (cand-13caf43 vs ref-2d6b8f1)
Finished game 2158 (ref-2d6b8f1 vs cand-13caf43): 1-0 {White wins by adjudication}
Started game 2168 of 40000 (ref-2d6b8f1 vs cand-13caf43)
Finished game 2159 (cand-13caf43 vs ref-2d6b8f1): 1-0 {White wins by adjudication}
Started game 2169 of 40000 (cand-13caf43 vs ref-2d6b8f1)
Finished game 2157 (cand-13caf43 vs ref-2d6b8f1): 1-0 {White wins by adjudication}
Started game 2170 of 40000 (ref-2d6b8f1 vs cand-13caf43)
Finished game 2150 (ref-2d6b8f1 vs cand-13caf43): 1/2-1/2 {Draw by adjudication}
Started game 2171 of 40000 (cand-13caf43 vs ref-2d6b8f1)
Finished game 2161 (cand-13caf43 vs ref-2d6b8f1): 1-0 {White wins by adjudication}
Started game 2172 of 40000 (ref-2d6b8f1 vs cand-13caf43)
Finished game 2162 (ref-2d6b8f1 vs cand-13caf43): 1-0 {White wins by adjudication}
Started game 2173 of 40000 (cand-13caf43 vs ref-2d6b8f1)
Finished game 2163 (cand-13caf43 vs ref-2d6b8f1): 1-0 {White wins by adjudication}
Started game 2174 of 40000 (ref-2d6b8f1 vs cand-13caf43)
Finished game 2164 (ref-2d6b8f1 vs cand-13caf43): 1/2-1/2 {Draw by adjudication}
Started game 2175 of 40000 (cand-13caf43 vs ref-2d6b8f1)
Finished game 2168 (ref-2d6b8f1 vs cand-13caf43): 1/2-1/2 {Draw by 3-fold repetition}
Started game 2176 of 40000 (ref-2d6b8f1 vs cand-13caf43)
Finished game 2169 (cand-13caf43 vs ref-2d6b8f1): 1-0 {White wins by adjudication}
Started game 2177 of 40000 (cand-13caf43 vs ref-2d6b8f1)
Finished game 2160 (ref-2d6b8f1 vs cand-13caf43): 1-0 {White wins by adjudication}
--------------------------------------------------
Results of cand-13caf43 vs ref-2d6b8f1 (8+0.08, 1t, 16MB, noob_3moves.epd):
Elo: 15.58 +/- 11.08, nElo: 20.62 +/- 14.64
LOS: 99.71 %, DrawRatio: 34.75 %, PairsRatio: 1.19
Games: 2164, Wins: 706, Losses: 609, Draws: 849, Points: 1130.5 (52.24 %)
Ptnml(0-2): [72, 250, 376, 277, 107], WL/DD Ratio: 1.34
LLR: 1.62 (55.0%) (-2.94, 2.94) [0.00, 5.00]
--------------------------------------------------
Started game 2178 of 40000 (ref-2d6b8f1 vs cand-13caf43)
Finished game 2167 (cand-13caf43 vs ref-2d6b8f1): 1/2-1/2 {Draw by 3-fold repetition}
Started game 2179 of 40000 (cand-13caf43 vs ref-2d6b8f1)
Finished game 2165 (cand-13caf43 vs ref-2d6b8f1): 0-1 {Black wins by adjudication}
Started game 2180 of 40000 (ref-2d6b8f1 vs cand-13caf43)
Finished game 2171 (cand-13caf43 vs ref-2d6b8f1): 1-0 {White wins by adjudication}
Started game 2181 of 40000 (cand-13caf43 vs ref-2d6b8f1)
Finished game 2170 (ref-2d6b8f1 vs cand-13caf43): 1-0 {White wins by adjudication}
Started game 2182 of 40000 (ref-2d6b8f1 vs cand-13caf43)
Finished game 2166 (ref-2d6b8f1 vs cand-13caf43): 0-1 {Black wins by adjudication}
Started game 2183 of 40000 (cand-13caf43 vs ref-2d6b8f1)
Finished game 2172 (ref-2d6b8f1 vs cand-13caf43): 0-1 {Black wins by adjudication}
Started game 2184 of 40000 (ref-2d6b8f1 vs cand-13caf43)
Finished game 2178 (ref-2d6b8f1 vs cand-13caf43): 0-1 {Black wins by adjudication}
Started game 2185 of 40000 (cand-13caf43 vs ref-2d6b8f1)
Finished game 2177 (cand-13caf43 vs ref-2d6b8f1): 1-0 {White wins by adjudication}
Started game 2186 of 40000 (ref-2d6b8f1 vs cand-13caf43)
Finished game 2174 (ref-2d6b8f1 vs cand-13caf43): 1-0 {White wins by adjudication}
Started game 2187 of 40000 (cand-13caf43 vs ref-2d6b8f1)
Finished game 2175 (cand-13caf43 vs ref-2d6b8f1): 0-1 {Black wins by adjudication}
Started game 2188 of 40000 (ref-2d6b8f1 vs cand-13caf43)
Finished game 2173 (cand-13caf43 vs ref-2d6b8f1): 1-0 {White wins by adjudication}
Started game 2189 of 40000 (cand-13caf43 vs ref-2d6b8f1)
Finished game 2181 (cand-13caf43 vs ref-2d6b8f1): 1-0 {White wins by adjudication}
Started game 2190 of 40000 (ref-2d6b8f1 vs cand-13caf43)
Finished game 2179 (cand-13caf43 vs ref-2d6b8f1): 1-0 {White wins by adjudication}
Started game 2191 of 40000 (cand-13caf43 vs ref-2d6b8f1)
Finished game 2176 (ref-2d6b8f1 vs cand-13caf43): 1-0 {White wins by adjudication}
Started game 2192 of 40000 (ref-2d6b8f1 vs cand-13caf43)
Finished game 2183 (cand-13caf43 vs ref-2d6b8f1): 1/2-1/2 {Draw by 3-fold repetition}
Started game 2193 of 40000 (cand-13caf43 vs ref-2d6b8f1)
Finished game 2188 (ref-2d6b8f1 vs cand-13caf43): 1/2-1/2 {Draw by 3-fold repetition}
Started game 2194 of 40000 (ref-2d6b8f1 vs cand-13caf43)
Finished game 2180 (ref-2d6b8f1 vs cand-13caf43): 0-1 {Black wins by adjudication}
--------------------------------------------------
Results of cand-13caf43 vs ref-2d6b8f1 (8+0.08, 1t, 16MB, noob_3moves.epd):
Elo: 16.11 +/- 11.07, nElo: 21.26 +/- 14.58
LOS: 99.79 %, DrawRatio: 34.86 %, PairsRatio: 1.20
Games: 2180, Wins: 715, Losses: 614, Draws: 851, Points: 1140.5 (52.32 %)
Ptnml(0-2): [73, 250, 380, 277, 110], WL/DD Ratio: 1.35
LLR: 1.69 (57.4%) (-2.94, 2.94) [0.00, 5.00]
--------------------------------------------------
Started game 2195 of 40000 (cand-13caf43 vs ref-2d6b8f1)
Finished game 2182 (ref-2d6b8f1 vs cand-13caf43): 1/2-1/2 {Draw by insufficient mating material}
Started game 2196 of 40000 (ref-2d6b8f1 vs cand-13caf43)
Finished game 2186 (ref-2d6b8f1 vs cand-13caf43): 0-1 {Black wins by adjudication}
Started game 2197 of 40000 (cand-13caf43 vs ref-2d6b8f1)
Finished game 2184 (ref-2d6b8f1 vs cand-13caf43): 0-1 {Black wins by adjudication}
Started game 2198 of 40000 (ref-2d6b8f1 vs cand-13caf43)
Finished game 2191 (cand-13caf43 vs ref-2d6b8f1): 0-1 {Black wins by adjudication}
Started game 2199 of 40000 (cand-13caf43 vs ref-2d6b8f1)
Finished game 2190 (ref-2d6b8f1 vs cand-13caf43): 1-0 {White wins by adjudication}
Started game 2200 of 40000 (ref-2d6b8f1 vs cand-13caf43)
Finished game 2189 (cand-13caf43 vs ref-2d6b8f1): 1/2-1/2 {Draw by adjudication}
Started game 2201 of 40000 (cand-13caf43 vs ref-2d6b8f1)
Finished game 2187 (cand-13caf43 vs ref-2d6b8f1): 1/2-1/2 {Draw by insufficient mating material}
Started game 2202 of 40000 (ref-2d6b8f1 vs cand-13caf43)
Finished game 2185 (cand-13caf43 vs ref-2d6b8f1): 1/2-1/2 {Draw by adjudication}
Started game 2203 of 40000 (cand-13caf43 vs ref-2d6b8f1)
Finished game 2194 (ref-2d6b8f1 vs cand-13caf43): 1-0 {White wins by adjudication}
Started game 2204 of 40000 (ref-2d6b8f1 vs cand-13caf43)
Finished game 2193 (cand-13caf43 vs ref-2d6b8f1): 1-0 {White wins by adjudication}
Started game 2205 of 40000 (cand-13caf43 vs ref-2d6b8f1)
Finished game 2198 (ref-2d6b8f1 vs cand-13caf43): 1-0 {White wins by adjudication}
Started game 2206 of 40000 (ref-2d6b8f1 vs cand-13caf43)
Finished game 2192 (ref-2d6b8f1 vs cand-13caf43): 1/2-1/2 {Draw by adjudication}
Started game 2207 of 40000 (cand-13caf43 vs ref-2d6b8f1)
Finished game 2199 (cand-13caf43 vs ref-2d6b8f1): 1/2-1/2 {Draw by 3-fold repetition}
Started game 2208 of 40000 (ref-2d6b8f1 vs cand-13caf43)
Finished game 2195 (cand-13caf43 vs ref-2d6b8f1): 1/2-1/2 {Draw by adjudication}
Started game 2209 of 40000 (cand-13caf43 vs ref-2d6b8f1)
Finished game 2197 (cand-13caf43 vs ref-2d6b8f1): 1/2-1/2 {Draw by 3-fold repetition}
Started game 2210 of 40000 (ref-2d6b8f1 vs cand-13caf43)
Finished game 2202 (ref-2d6b8f1 vs cand-13caf43): 1/2-1/2 {Draw by adjudication}
Started game 2211 of 40000 (cand-13caf43 vs ref-2d6b8f1)
Finished game 2200 (ref-2d6b8f1 vs cand-13caf43): 1/2-1/2 {Draw by 3-fold repetition}
--------------------------------------------------
Results of cand-13caf43 vs ref-2d6b8f1 (8+0.08, 1t, 16MB, noob_3moves.epd):
Elo: 15.98 +/- 11.01, nElo: 21.12 +/- 14.52
LOS: 99.78 %, DrawRatio: 34.85 %, PairsRatio: 1.20
Games: 2198, Wins: 719, Losses: 618, Draws: 861, Points: 1149.5 (52.30 %)
Ptnml(0-2): [73, 253, 383, 280, 110], WL/DD Ratio: 1.34
LLR: 1.69 (57.5%) (-2.94, 2.94) [0.00, 5.00]
--------------------------------------------------
Started game 2212 of 40000 (ref-2d6b8f1 vs cand-13caf43)
Finished game 2201 (cand-13caf43 vs ref-2d6b8f1): 0-1 {Black wins by adjudication}
Started game 2213 of 40000 (cand-13caf43 vs ref-2d6b8f1)
Finished game 2204 (ref-2d6b8f1 vs cand-13caf43): 0-1 {Black wins by adjudication}
Started game 2214 of 40000 (ref-2d6b8f1 vs cand-13caf43)
Finished game 2208 (ref-2d6b8f1 vs cand-13caf43): 1/2-1/2 {Draw by 3-fold repetition}
Started game 2215 of 40000 (cand-13caf43 vs ref-2d6b8f1)
Finished game 2205 (cand-13caf43 vs ref-2d6b8f1): 1/2-1/2 {Draw by 3-fold repetition}
Started game 2216 of 40000 (ref-2d6b8f1 vs cand-13caf43)
Finished game 2207 (cand-13caf43 vs ref-2d6b8f1): 0-1 {Black wins by adjudication}
Started game 2217 of 40000 (cand-13caf43 vs ref-2d6b8f1)
Finished game 2196 (ref-2d6b8f1 vs cand-13caf43): 1/2-1/2 {Draw by insufficient mating material}
Started game 2218 of 40000 (ref-2d6b8f1 vs cand-13caf43)
Finished game 2206 (ref-2d6b8f1 vs cand-13caf43): 1-0 {White wins by adjudication}
Started game 2219 of 40000 (cand-13caf43 vs ref-2d6b8f1)
Finished game 2203 (cand-13caf43 vs ref-2d6b8f1): 1/2-1/2 {Draw by 3-fold repetition}
Started game 2220 of 40000 (ref-2d6b8f1 vs cand-13caf43)
Finished game 2212 (ref-2d6b8f1 vs cand-13caf43): 0-1 {Black wins by adjudication}
Started game 2221 of 40000 (cand-13caf43 vs ref-2d6b8f1)
Finished game 2210 (ref-2d6b8f1 vs cand-13caf43): 0-1 {Black wins by adjudication}
Started game 2222 of 40000 (ref-2d6b8f1 vs cand-13caf43)
Finished game 2211 (cand-13caf43 vs ref-2d6b8f1): 1-0 {White wins by adjudication}
Started game 2223 of 40000 (cand-13caf43 vs ref-2d6b8f1)
Finished game 2213 (cand-13caf43 vs ref-2d6b8f1): 1/2-1/2 {Draw by 3-fold repetition}
Started game 2224 of 40000 (ref-2d6b8f1 vs cand-13caf43)
Finished game 2215 (cand-13caf43 vs ref-2d6b8f1): 1/2-1/2 {Draw by 3-fold repetition}
Started game 2225 of 40000 (cand-13caf43 vs ref-2d6b8f1)
Finished game 2217 (cand-13caf43 vs ref-2d6b8f1): 1-0 {White wins by adjudication}
Started game 2226 of 40000 (ref-2d6b8f1 vs cand-13caf43)
Finished game 2216 (ref-2d6b8f1 vs cand-13caf43): 0-1 {Black wins by adjudication}
Started game 2227 of 40000 (cand-13caf43 vs ref-2d6b8f1)
Finished game 2214 (ref-2d6b8f1 vs cand-13caf43): 0-1 {Black wins by adjudication}
Started game 2228 of 40000 (ref-2d6b8f1 vs cand-13caf43)
Finished game 2219 (cand-13caf43 vs ref-2d6b8f1): 0-1 {Black wins by adjudication}
Started game 2229 of 40000 (cand-13caf43 vs ref-2d6b8f1)
Finished game 2218 (ref-2d6b8f1 vs cand-13caf43): 1/2-1/2 {Draw by insufficient mating material}
Started game 2230 of 40000 (ref-2d6b8f1 vs cand-13caf43)
Finished game 2209 (cand-13caf43 vs ref-2d6b8f1): 1/2-1/2 {Draw by fifty moves rule}
Started game 2231 of 40000 (cand-13caf43 vs ref-2d6b8f1)
Finished game 2223 (cand-13caf43 vs ref-2d6b8f1): 1/2-1/2 {Draw by 3-fold repetition}
Started game 2232 of 40000 (ref-2d6b8f1 vs cand-13caf43)
Finished game 2222 (ref-2d6b8f1 vs cand-13caf43): 1/2-1/2 {Draw by stalemate}
Started game 2233 of 40000 (cand-13caf43 vs ref-2d6b8f1)
Finished game 2221 (cand-13caf43 vs ref-2d6b8f1): 1-0 {White wins by adjudication}
Started game 2234 of 40000 (ref-2d6b8f1 vs cand-13caf43)
Finished game 2224 (ref-2d6b8f1 vs cand-13caf43): 0-1 {Black wins by adjudication}
Started game 2235 of 40000 (cand-13caf43 vs ref-2d6b8f1)
Finished game 2225 (cand-13caf43 vs ref-2d6b8f1): 0-1 {Black wins by adjudication}
Started game 2236 of 40000 (ref-2d6b8f1 vs cand-13caf43)
Finished game 2226 (ref-2d6b8f1 vs cand-13caf43): 0-1 {Black wins by adjudication}
Started game 2237 of 40000 (cand-13caf43 vs ref-2d6b8f1)
Finished game 2220 (ref-2d6b8f1 vs cand-13caf43): 1/2-1/2 {Draw by insufficient mating material}
--------------------------------------------------
Results of cand-13caf43 vs ref-2d6b8f1 (8+0.08, 1t, 16MB, noob_3moves.epd):
Elo: 16.56 +/- 10.93, nElo: 21.90 +/- 14.43
LOS: 99.85 %, DrawRatio: 34.59 %, PairsRatio: 1.21
Games: 2226, Wins: 729, Losses: 623, Draws: 874, Points: 1166.0 (52.38 %)
Ptnml(0-2): [73, 257, 385, 287, 111], WL/DD Ratio: 1.33
LLR: 1.78 (60.6%) (-2.94, 2.94) [0.00, 5.00]
--------------------------------------------------
Started game 2238 of 40000 (ref-2d6b8f1 vs cand-13caf43)
Finished game 2232 (ref-2d6b8f1 vs cand-13caf43): 1-0 {White wins by adjudication}
Started game 2239 of 40000 (cand-13caf43 vs ref-2d6b8f1)
Finished game 2227 (cand-13caf43 vs ref-2d6b8f1): 1-0 {White wins by adjudication}
Started game 2240 of 40000 (ref-2d6b8f1 vs cand-13caf43)
Finished game 2228 (ref-2d6b8f1 vs cand-13caf43): 0-1 {Black wins by adjudication}
Started game 2241 of 40000 (cand-13caf43 vs ref-2d6b8f1)
Finished game 2233 (cand-13caf43 vs ref-2d6b8f1): 0-1 {Black wins by adjudication}
Started game 2242 of 40000 (ref-2d6b8f1 vs cand-13caf43)
Finished game 2230 (ref-2d6b8f1 vs cand-13caf43): 1-0 {White wins by adjudication}
Started game 2243 of 40000 (cand-13caf43 vs ref-2d6b8f1)
Finished game 2229 (cand-13caf43 vs ref-2d6b8f1): 1-0 {White wins by adjudication}
Started game 2244 of 40000 (ref-2d6b8f1 vs cand-13caf43)
Finished game 2236 (ref-2d6b8f1 vs cand-13caf43): 1/2-1/2 {Draw by adjudication}
Started game 2245 of 40000 (cand-13caf43 vs ref-2d6b8f1)
Finished game 2235 (cand-13caf43 vs ref-2d6b8f1): 1-0 {White wins by adjudication}
Started game 2246 of 40000 (ref-2d6b8f1 vs cand-13caf43)
Finished game 2234 (ref-2d6b8f1 vs cand-13caf43): 1/2-1/2 {Draw by adjudication}
Started game 2247 of 40000 (cand-13caf43 vs ref-2d6b8f1)
Finished game 2231 (cand-13caf43 vs ref-2d6b8f1): 1-0 {White wins by adjudication}
Started game 2248 of 40000 (ref-2d6b8f1 vs cand-13caf43)
Finished game 2242 (ref-2d6b8f1 vs cand-13caf43): 1/2-1/2 {Draw by 3-fold repetition}
Started game 2249 of 40000 (cand-13caf43 vs ref-2d6b8f1)
Finished game 2241 (cand-13caf43 vs ref-2d6b8f1): 1/2-1/2 {Draw by adjudication}
Started game 2250 of 40000 (ref-2d6b8f1 vs cand-13caf43)
Finished game 2243 (cand-13caf43 vs ref-2d6b8f1): 0-1 {Black wins by adjudication}
Started game 2251 of 40000 (cand-13caf43 vs ref-2d6b8f1)
Finished game 2244 (ref-2d6b8f1 vs cand-13caf43): 0-1 {Black wins by adjudication}
Started game 2252 of 40000 (ref-2d6b8f1 vs cand-13caf43)
Finished game 2239 (cand-13caf43 vs ref-2d6b8f1): 0-1 {Black wins by adjudication}
Started game 2253 of 40000 (cand-13caf43 vs ref-2d6b8f1)
Finished game 2240 (ref-2d6b8f1 vs cand-13caf43): 1/2-1/2 {Draw by adjudication}
--------------------------------------------------
Results of cand-13caf43 vs ref-2d6b8f1 (8+0.08, 1t, 16MB, noob_3moves.epd):
Elo: 16.59 +/- 10.88, nElo: 21.97 +/- 14.38
LOS: 99.86 %, DrawRatio: 34.70 %, PairsRatio: 1.20
Games: 2242, Wins: 735, Losses: 628, Draws: 879, Points: 1174.5 (52.39 %)
Ptnml(0-2): [73, 259, 389, 288, 112], WL/DD Ratio: 1.34
LLR: 1.80 (61.3%) (-2.94, 2.94) [0.00, 5.00]
--------------------------------------------------
Started game 2254 of 40000 (ref-2d6b8f1 vs cand-13caf43)
Finished game 2237 (cand-13caf43 vs ref-2d6b8f1): 1/2-1/2 {Draw by 3-fold repetition}
Started game 2255 of 40000 (cand-13caf43 vs ref-2d6b8f1)
Finished game 2248 (ref-2d6b8f1 vs cand-13caf43): 1/2-1/2 {Draw by 3-fold repetition}
Started game 2256 of 40000 (ref-2d6b8f1 vs cand-13caf43)
Finished game 2247 (cand-13caf43 vs ref-2d6b8f1): 1/2-1/2 {Draw by insufficient mating material}
Started game 2257 of 40000 (cand-13caf43 vs ref-2d6b8f1)
Finished game 2251 (cand-13caf43 vs ref-2d6b8f1): 1/2-1/2 {Draw by 3-fold repetition}
Started game 2258 of 40000 (ref-2d6b8f1 vs cand-13caf43)
Finished game 2246 (ref-2d6b8f1 vs cand-13caf43): 1-0 {White wins by adjudication}
Started game 2259 of 40000 (cand-13caf43 vs ref-2d6b8f1)
Finished game 2245 (cand-13caf43 vs ref-2d6b8f1): 1/2-1/2 {Draw by insufficient mating material}
Started game 2260 of 40000 (ref-2d6b8f1 vs cand-13caf43)
Finished game 2250 (ref-2d6b8f1 vs cand-13caf43): 1-0 {White wins by adjudication}
Started game 2261 of 40000 (cand-13caf43 vs ref-2d6b8f1)
Finished game 2253 (cand-13caf43 vs ref-2d6b8f1): 1-0 {White wins by adjudication}
Started game 2262 of 40000 (ref-2d6b8f1 vs cand-13caf43)
Finished game 2249 (cand-13caf43 vs ref-2d6b8f1): 1/2-1/2 {Draw by insufficient mating material}
Started game 2263 of 40000 (cand-13caf43 vs ref-2d6b8f1)
Finished game 2252 (ref-2d6b8f1 vs cand-13caf43): 0-1 {Black wins by adjudication}
Started game 2264 of 40000 (ref-2d6b8f1 vs cand-13caf43)
Finished game 2254 (ref-2d6b8f1 vs cand-13caf43): 1/2-1/2 {Draw by 3-fold repetition}
Started game 2265 of 40000 (cand-13caf43 vs ref-2d6b8f1)
Finished game 2256 (ref-2d6b8f1 vs cand-13caf43): 1/2-1/2 {Draw by 3-fold repetition}
Started game 2266 of 40000 (ref-2d6b8f1 vs cand-13caf43)
Finished game 2238 (ref-2d6b8f1 vs cand-13caf43): 1/2-1/2 {Draw by fifty moves rule}
Started game 2267 of 40000 (cand-13caf43 vs ref-2d6b8f1)
Finished game 2257 (cand-13caf43 vs ref-2d6b8f1): 1-0 {White wins by adjudication}
Started game 2268 of 40000 (ref-2d6b8f1 vs cand-13caf43)
Finished game 2261 (cand-13caf43 vs ref-2d6b8f1): 0-1 {Black wins by adjudication}
Started game 2269 of 40000 (cand-13caf43 vs ref-2d6b8f1)
Finished game 2255 (cand-13caf43 vs ref-2d6b8f1): 1/2-1/2 {Draw by adjudication}
Started game 2270 of 40000 (ref-2d6b8f1 vs cand-13caf43)
Finished game 2260 (ref-2d6b8f1 vs cand-13caf43): 1/2-1/2 {Draw by 3-fold repetition}
Started game 2271 of 40000 (cand-13caf43 vs ref-2d6b8f1)
Finished game 2262 (ref-2d6b8f1 vs cand-13caf43): 0-1 {Black wins by adjudication}
Started game 2272 of 40000 (ref-2d6b8f1 vs cand-13caf43)
Finished game 2259 (cand-13caf43 vs ref-2d6b8f1): 0-1 {Black wins by adjudication}
--------------------------------------------------
Results of cand-13caf43 vs ref-2d6b8f1 (8+0.08, 1t, 16MB, noob_3moves.epd):
Elo: 16.31 +/- 10.82, nElo: 21.64 +/- 14.32
LOS: 99.85 %, DrawRatio: 34.78 %, PairsRatio: 1.20
Games: 2260, Wins: 738, Losses: 632, Draws: 890, Points: 1183.0 (52.35 %)
Ptnml(0-2): [73, 262, 393, 290, 112], WL/DD Ratio: 1.33
LLR: 1.79 (60.7%) (-2.94, 2.94) [0.00, 5.00]
--------------------------------------------------
Started game 2273 of 40000 (cand-13caf43 vs ref-2d6b8f1)
Finished game 2264 (ref-2d6b8f1 vs cand-13caf43): 1-0 {White wins by adjudication}
Started game 2274 of 40000 (ref-2d6b8f1 vs cand-13caf43)
Finished game 2263 (cand-13caf43 vs ref-2d6b8f1): 1-0 {White wins by adjudication}
Started game 2275 of 40000 (cand-13caf43 vs ref-2d6b8f1)
Finished game 2267 (cand-13caf43 vs ref-2d6b8f1): 0-1 {Black wins by adjudication}
Started game 2276 of 40000 (ref-2d6b8f1 vs cand-13caf43)
Finished game 2265 (cand-13caf43 vs ref-2d6b8f1): 1-0 {White wins by adjudication}
Started game 2277 of 40000 (cand-13caf43 vs ref-2d6b8f1)
Finished game 2258 (ref-2d6b8f1 vs cand-13caf43): 1/2-1/2 {Draw by fifty moves rule}
Started game 2278 of 40000 (ref-2d6b8f1 vs cand-13caf43)
Finished game 2270 (ref-2d6b8f1 vs cand-13caf43): 1/2-1/2 {Draw by 3-fold repetition}
Started game 2279 of 40000 (cand-13caf43 vs ref-2d6b8f1)
Finished game 2269 (cand-13caf43 vs ref-2d6b8f1): 0-1 {Black wins by adjudication}
Started game 2280 of 40000 (ref-2d6b8f1 vs cand-13caf43)
Finished game 2272 (ref-2d6b8f1 vs cand-13caf43): 0-1 {Black wins by adjudication}
Started game 2281 of 40000 (cand-13caf43 vs ref-2d6b8f1)
Finished game 2277 (cand-13caf43 vs ref-2d6b8f1): 0-1 {Black wins by adjudication}
Started game 2282 of 40000 (ref-2d6b8f1 vs cand-13caf43)
Finished game 2271 (cand-13caf43 vs ref-2d6b8f1): 1/2-1/2 {Draw by adjudication}
Started game 2283 of 40000 (cand-13caf43 vs ref-2d6b8f1)
Finished game 2273 (cand-13caf43 vs ref-2d6b8f1): 0-1 {Black wins by adjudication}
Started game 2284 of 40000 (ref-2d6b8f1 vs cand-13caf43)
Finished game 2268 (ref-2d6b8f1 vs cand-13caf43): 1/2-1/2 {Draw by adjudication}
Started game 2285 of 40000 (cand-13caf43 vs ref-2d6b8f1)
Finished game 2278 (ref-2d6b8f1 vs cand-13caf43): 1/2-1/2 {Draw by 3-fold repetition}
Started game 2286 of 40000 (ref-2d6b8f1 vs cand-13caf43)
Finished game 2266 (ref-2d6b8f1 vs cand-13caf43): 1-0 {White wins by adjudication}
Started game 2287 of 40000 (cand-13caf43 vs ref-2d6b8f1)
Finished game 2274 (ref-2d6b8f1 vs cand-13caf43): 1-0 {White wins by adjudication}
Started game 2288 of 40000 (ref-2d6b8f1 vs cand-13caf43)
Finished game 2275 (cand-13caf43 vs ref-2d6b8f1): 1-0 {White wins by adjudication}
Started game 2289 of 40000 (cand-13caf43 vs ref-2d6b8f1)
Finished game 2276 (ref-2d6b8f1 vs cand-13caf43): 1-0 {White wins by adjudication}
Started game 2290 of 40000 (ref-2d6b8f1 vs cand-13caf43)
Finished game 2280 (ref-2d6b8f1 vs cand-13caf43): 1-0 {White wins by adjudication}
Started game 2291 of 40000 (cand-13caf43 vs ref-2d6b8f1)
Finished game 2284 (ref-2d6b8f1 vs cand-13caf43): 1-0 {White wins by adjudication}
Started game 2292 of 40000 (ref-2d6b8f1 vs cand-13caf43)
Finished game 2287 (cand-13caf43 vs ref-2d6b8f1): 1-0 {White wins by adjudication}
Started game 2293 of 40000 (cand-13caf43 vs ref-2d6b8f1)
Finished game 2288 (ref-2d6b8f1 vs cand-13caf43): 0-1 {Black wins by adjudication}
Started game 2294 of 40000 (ref-2d6b8f1 vs cand-13caf43)
Finished game 2281 (cand-13caf43 vs ref-2d6b8f1): 0-1 {Black wins by adjudication}
Started game 2295 of 40000 (cand-13caf43 vs ref-2d6b8f1)
Finished game 2283 (cand-13caf43 vs ref-2d6b8f1): 1/2-1/2 {Draw by 3-fold repetition}
Started game 2296 of 40000 (ref-2d6b8f1 vs cand-13caf43)
Finished game 2279 (cand-13caf43 vs ref-2d6b8f1): 1-0 {White wins by adjudication}
--------------------------------------------------
Results of cand-13caf43 vs ref-2d6b8f1 (8+0.08, 1t, 16MB, noob_3moves.epd):
Elo: 15.83 +/- 10.76, nElo: 21.00 +/- 14.25
LOS: 99.81 %, DrawRatio: 34.76 %, PairsRatio: 1.19
Games: 2284, Wins: 746, Losses: 642, Draws: 896, Points: 1194.0 (52.28 %)
Ptnml(0-2): [74, 266, 397, 292, 113], WL/DD Ratio: 1.35
LLR: 1.75 (59.3%) (-2.94, 2.94) [0.00, 5.00]
--------------------------------------------------
Started game 2297 of 40000 (cand-13caf43 vs ref-2d6b8f1)
Finished game 2291 (cand-13caf43 vs ref-2d6b8f1): 1-0 {White wins by adjudication}
Started game 2298 of 40000 (ref-2d6b8f1 vs cand-13caf43)
Finished game 2282 (ref-2d6b8f1 vs cand-13caf43): 1-0 {White wins by adjudication}
Started game 2299 of 40000 (cand-13caf43 vs ref-2d6b8f1)
Finished game 2289 (cand-13caf43 vs ref-2d6b8f1): 1/2-1/2 {Draw by adjudication}
Started game 2300 of 40000 (ref-2d6b8f1 vs cand-13caf43)
Finished game 2290 (ref-2d6b8f1 vs cand-13caf43): 0-1 {Black wins by adjudication}
Started game 2301 of 40000 (cand-13caf43 vs ref-2d6b8f1)
Finished game 2285 (cand-13caf43 vs ref-2d6b8f1): 1/2-1/2 {Draw by adjudication}
Started game 2302 of 40000 (ref-2d6b8f1 vs cand-13caf43)
Finished game 2292 (ref-2d6b8f1 vs cand-13caf43): 1/2-1/2 {Draw by 3-fold repetition}
Started game 2303 of 40000 (cand-13caf43 vs ref-2d6b8f1)
Finished game 2300 (ref-2d6b8f1 vs cand-13caf43): 0-1 {Black wins by adjudication}
Started game 2304 of 40000 (ref-2d6b8f1 vs cand-13caf43)
Finished game 2286 (ref-2d6b8f1 vs cand-13caf43): 1/2-1/2 {Draw by insufficient mating material}
Started game 2305 of 40000 (cand-13caf43 vs ref-2d6b8f1)
Finished game 2297 (cand-13caf43 vs ref-2d6b8f1): 1-0 {White wins by adjudication}
Started game 2306 of 40000 (ref-2d6b8f1 vs cand-13caf43)
Finished game 2294 (ref-2d6b8f1 vs cand-13caf43): 1/2-1/2 {Draw by 3-fold repetition}
Started game 2307 of 40000 (cand-13caf43 vs ref-2d6b8f1)
Finished game 2293 (cand-13caf43 vs ref-2d6b8f1): 0-1 {Black wins by adjudication}
Started game 2308 of 40000 (ref-2d6b8f1 vs cand-13caf43)
Finished game 2298 (ref-2d6b8f1 vs cand-13caf43): 0-1 {Black wins by adjudication}
Started game 2309 of 40000 (cand-13caf43 vs ref-2d6b8f1)
Finished game 2296 (ref-2d6b8f1 vs cand-13caf43): 1/2-1/2 {Draw by insufficient mating material}
Started game 2310 of 40000 (ref-2d6b8f1 vs cand-13caf43)
Finished game 2295 (cand-13caf43 vs ref-2d6b8f1): 1/2-1/2 {Draw by insufficient mating material}
Started game 2311 of 40000 (cand-13caf43 vs ref-2d6b8f1)
Finished game 2299 (cand-13caf43 vs ref-2d6b8f1): 1-0 {White wins by adjudication}
--------------------------------------------------
Results of cand-13caf43 vs ref-2d6b8f1 (8+0.08, 1t, 16MB, noob_3moves.epd):
Elo: 16.17 +/- 10.75, nElo: 21.41 +/- 14.20
LOS: 99.84 %, DrawRatio: 34.70 %, PairsRatio: 1.20
Games: 2300, Wins: 752, Losses: 645, Draws: 903, Points: 1203.5 (52.33 %)
Ptnml(0-2): [75, 267, 399, 294, 115], WL/DD Ratio: 1.33
LLR: 1.80 (61.1%) (-2.94, 2.94) [0.00, 5.00]
--------------------------------------------------
Started game 2312 of 40000 (ref-2d6b8f1 vs cand-13caf43)
Finished game 2302 (ref-2d6b8f1 vs cand-13caf43): 1/2-1/2 {Draw by 3-fold repetition}
Started game 2313 of 40000 (cand-13caf43 vs ref-2d6b8f1)
Finished game 2304 (ref-2d6b8f1 vs cand-13caf43): 1-0 {White wins by adjudication}
Started game 2314 of 40000 (ref-2d6b8f1 vs cand-13caf43)
Finished game 2301 (cand-13caf43 vs ref-2d6b8f1): 0-1 {Black wins by adjudication}
Started game 2315 of 40000 (cand-13caf43 vs ref-2d6b8f1)
Finished game 2306 (ref-2d6b8f1 vs cand-13caf43): 0-1 {Black wins by adjudication}
Started game 2316 of 40000 (ref-2d6b8f1 vs cand-13caf43)
Finished game 2303 (cand-13caf43 vs ref-2d6b8f1): 1/2-1/2 {Draw by 3-fold repetition}
Started game 2317 of 40000 (cand-13caf43 vs ref-2d6b8f1)
Finished game 2307 (cand-13caf43 vs ref-2d6b8f1): 0-1 {Black wins by adjudication}
Started game 2318 of 40000 (ref-2d6b8f1 vs cand-13caf43)
Finished game 2308 (ref-2d6b8f1 vs cand-13caf43): 1/2-1/2 {Draw by 3-fold repetition}
Started game 2319 of 40000 (cand-13caf43 vs ref-2d6b8f1)
Finished game 2309 (cand-13caf43 vs ref-2d6b8f1): 1-0 {White wins by adjudication}
Started game 2320 of 40000 (ref-2d6b8f1 vs cand-13caf43)
Finished game 2312 (ref-2d6b8f1 vs cand-13caf43): 1-0 {White wins by adjudication}
Started game 2321 of 40000 (cand-13caf43 vs ref-2d6b8f1)
Finished game 2313 (cand-13caf43 vs ref-2d6b8f1): 0-1 {Black wins by adjudication}
Started game 2322 of 40000 (ref-2d6b8f1 vs cand-13caf43)
Finished game 2311 (cand-13caf43 vs ref-2d6b8f1): 1/2-1/2 {Draw by 3-fold repetition}
Started game 2323 of 40000 (cand-13caf43 vs ref-2d6b8f1)
Finished game 2318 (ref-2d6b8f1 vs cand-13caf43): 1-0 {White wins by adjudication}
Started game 2324 of 40000 (ref-2d6b8f1 vs cand-13caf43)
Finished game 2316 (ref-2d6b8f1 vs cand-13caf43): 0-1 {Black wins by adjudication}
Started game 2325 of 40000 (cand-13caf43 vs ref-2d6b8f1)
Finished game 2305 (cand-13caf43 vs ref-2d6b8f1): 1/2-1/2 {Draw by adjudication}
Started game 2326 of 40000 (ref-2d6b8f1 vs cand-13caf43)
Finished game 2314 (ref-2d6b8f1 vs cand-13caf43): 1/2-1/2 {Draw by 3-fold repetition}
Started game 2327 of 40000 (cand-13caf43 vs ref-2d6b8f1)
Finished game 2317 (cand-13caf43 vs ref-2d6b8f1): 1-0 {White wins by adjudication}
Started game 2328 of 40000 (ref-2d6b8f1 vs cand-13caf43)
Finished game 2315 (cand-13caf43 vs ref-2d6b8f1): 0-1 {Black wins by adjudication}
Started game 2329 of 40000 (cand-13caf43 vs ref-2d6b8f1)
Finished game 2310 (ref-2d6b8f1 vs cand-13caf43): 1-0 {White wins by adjudication}
Started game 2330 of 40000 (ref-2d6b8f1 vs cand-13caf43)
Finished game 2319 (cand-13caf43 vs ref-2d6b8f1): 1/2-1/2 {Draw by 3-fold repetition}
Started game 2331 of 40000 (cand-13caf43 vs ref-2d6b8f1)
Finished game 2320 (ref-2d6b8f1 vs cand-13caf43): 0-1 {Black wins by adjudication}
--------------------------------------------------
Results of cand-13caf43 vs ref-2d6b8f1 (8+0.08, 1t, 16MB, noob_3moves.epd):
Elo: 15.59 +/- 10.68, nElo: 20.66 +/- 14.14
LOS: 99.79 %, DrawRatio: 34.66 %, PairsRatio: 1.18
Games: 2320, Wins: 757, Losses: 653, Draws: 910, Points: 1212.0 (52.24 %)
Ptnml(0-2): [75, 272, 402, 296, 115], WL/DD Ratio: 1.35
LLR: 1.74 (59.2%) (-2.94, 2.94) [0.00, 5.00]
--------------------------------------------------
Started game 2332 of 40000 (ref-2d6b8f1 vs cand-13caf43)
Finished game 2321 (cand-13caf43 vs ref-2d6b8f1): 1-0 {White wins by adjudication}
Started game 2333 of 40000 (cand-13caf43 vs ref-2d6b8f1)
Finished game 2323 (cand-13caf43 vs ref-2d6b8f1): 0-1 {Black wins by adjudication}
Started game 2334 of 40000 (ref-2d6b8f1 vs cand-13caf43)
Finished game 2329 (cand-13caf43 vs ref-2d6b8f1): 1/2-1/2 {Draw by 3-fold repetition}
Started game 2335 of 40000 (cand-13caf43 vs ref-2d6b8f1)
Finished game 2324 (ref-2d6b8f1 vs cand-13caf43): 0-1 {Black wins by adjudication}
Started game 2336 of 40000 (ref-2d6b8f1 vs cand-13caf43)
Finished game 2325 (cand-13caf43 vs ref-2d6b8f1): 1-0 {White wins by adjudication}
Started game 2337 of 40000 (cand-13caf43 vs ref-2d6b8f1)
Finished game 2322 (ref-2d6b8f1 vs cand-13caf43): 0-1 {Black wins by adjudication}
Started game 2338 of 40000 (ref-2d6b8f1 vs cand-13caf43)
Finished game 2328 (ref-2d6b8f1 vs cand-13caf43): 1/2-1/2 {Draw by 3-fold repetition}
Started game 2339 of 40000 (cand-13caf43 vs ref-2d6b8f1)
Finished game 2332 (ref-2d6b8f1 vs cand-13caf43): 0-1 {Black wins by adjudication}
Started game 2340 of 40000 (ref-2d6b8f1 vs cand-13caf43)
Finished game 2330 (ref-2d6b8f1 vs cand-13caf43): 0-1 {Black wins by adjudication}
Started game 2341 of 40000 (cand-13caf43 vs ref-2d6b8f1)
Finished game 2327 (cand-13caf43 vs ref-2d6b8f1): 0-1 {Black wins by adjudication}
Started game 2342 of 40000 (ref-2d6b8f1 vs cand-13caf43)
Finished game 2331 (cand-13caf43 vs ref-2d6b8f1): 1-0 {White wins by adjudication}
Started game 2343 of 40000 (cand-13caf43 vs ref-2d6b8f1)
Finished game 2326 (ref-2d6b8f1 vs cand-13caf43): 1-0 {White wins by adjudication}
Started game 2344 of 40000 (ref-2d6b8f1 vs cand-13caf43)
Finished game 2335 (cand-13caf43 vs ref-2d6b8f1): 0-1 {Black wins by adjudication}
Started game 2345 of 40000 (cand-13caf43 vs ref-2d6b8f1)
Finished game 2333 (cand-13caf43 vs ref-2d6b8f1): 0-1 {Black wins by adjudication}
Started game 2346 of 40000 (ref-2d6b8f1 vs cand-13caf43)
Finished game 2336 (ref-2d6b8f1 vs cand-13caf43): 1-0 {White wins by adjudication}
Started game 2347 of 40000 (cand-13caf43 vs ref-2d6b8f1)
Finished game 2339 (cand-13caf43 vs ref-2d6b8f1): 0-1 {Black wins by adjudication}
Started game 2348 of 40000 (ref-2d6b8f1 vs cand-13caf43)
Finished game 2341 (cand-13caf43 vs ref-2d6b8f1): 1/2-1/2 {Draw by adjudication}
Started game 2349 of 40000 (cand-13caf43 vs ref-2d6b8f1)
Finished game 2340 (ref-2d6b8f1 vs cand-13caf43): 1/2-1/2 {Draw by 3-fold repetition}
--------------------------------------------------
Results of cand-13caf43 vs ref-2d6b8f1 (8+0.08, 1t, 16MB, noob_3moves.epd):
Elo: 15.63 +/- 10.67, nElo: 20.67 +/- 14.09
LOS: 99.80 %, DrawRatio: 34.59 %, PairsRatio: 1.18
Games: 2336, Wins: 764, Losses: 659, Draws: 913, Points: 1220.5 (52.25 %)
Ptnml(0-2): [76, 274, 404, 297, 117], WL/DD Ratio: 1.36
LLR: 1.76 (59.6%) (-2.94, 2.94) [0.00, 5.00]
--------------------------------------------------
Started game 2350 of 40000 (ref-2d6b8f1 vs cand-13caf43)
Finished game 2334 (ref-2d6b8f1 vs cand-13caf43): 1/2-1/2 {Draw by adjudication}
Started game 2351 of 40000 (cand-13caf43 vs ref-2d6b8f1)
Finished game 2343 (cand-13caf43 vs ref-2d6b8f1): 1-0 {White wins by adjudication}
Started game 2352 of 40000 (ref-2d6b8f1 vs cand-13caf43)
Finished game 2342 (ref-2d6b8f1 vs cand-13caf43): 1/2-1/2 {Draw by insufficient mating material}
Started game 2353 of 40000 (cand-13caf43 vs ref-2d6b8f1)
Finished game 2344 (ref-2d6b8f1 vs cand-13caf43): 1/2-1/2 {Draw by insufficient mating material}
Started game 2354 of 40000 (ref-2d6b8f1 vs cand-13caf43)
Finished game 2338 (ref-2d6b8f1 vs cand-13caf43): 1/2-1/2 {Draw by 3-fold repetition}
Started game 2355 of 40000 (cand-13caf43 vs ref-2d6b8f1)
Finished game 2345 (cand-13caf43 vs ref-2d6b8f1): 1-0 {White wins by adjudication}
Started game 2356 of 40000 (ref-2d6b8f1 vs cand-13caf43)
Finished game 2347 (cand-13caf43 vs ref-2d6b8f1): 1/2-1/2 {Draw by 3-fold repetition}
Started game 2357 of 40000 (cand-13caf43 vs ref-2d6b8f1)
Finished game 2337 (cand-13caf43 vs ref-2d6b8f1): 1/2-1/2 {Draw by adjudication}
Started game 2358 of 40000 (ref-2d6b8f1 vs cand-13caf43)
Finished game 2349 (cand-13caf43 vs ref-2d6b8f1): 1-0 {White wins by adjudication}
Started game 2359 of 40000 (cand-13caf43 vs ref-2d6b8f1)
Finished game 2346 (ref-2d6b8f1 vs cand-13caf43): 0-1 {Black wins by adjudication}
Started game 2360 of 40000 (ref-2d6b8f1 vs cand-13caf43)
Finished game 2354 (ref-2d6b8f1 vs cand-13caf43): 1/2-1/2 {Draw by 3-fold repetition}
Started game 2361 of 40000 (cand-13caf43 vs ref-2d6b8f1)
Finished game 2353 (cand-13caf43 vs ref-2d6b8f1): 0-1 {Black wins by adjudication}
Started game 2362 of 40000 (ref-2d6b8f1 vs cand-13caf43)
Finished game 2348 (ref-2d6b8f1 vs cand-13caf43): 1-0 {White wins by adjudication}
Started game 2363 of 40000 (cand-13caf43 vs ref-2d6b8f1)
Finished game 2352 (ref-2d6b8f1 vs cand-13caf43): 0-1 {Black wins by adjudication}
Started game 2364 of 40000 (ref-2d6b8f1 vs cand-13caf43)
Finished game 2351 (cand-13caf43 vs ref-2d6b8f1): 1/2-1/2 {Draw by insufficient mating material}
Started game 2365 of 40000 (cand-13caf43 vs ref-2d6b8f1)
Finished game 2350 (ref-2d6b8f1 vs cand-13caf43): 1/2-1/2 {Draw by insufficient mating material}
Started game 2366 of 40000 (ref-2d6b8f1 vs cand-13caf43)
Finished game 2357 (cand-13caf43 vs ref-2d6b8f1): 1/2-1/2 {Draw by 3-fold repetition}
Started game 2367 of 40000 (cand-13caf43 vs ref-2d6b8f1)
Finished game 2359 (cand-13caf43 vs ref-2d6b8f1): 1-0 {White wins by adjudication}
Started game 2368 of 40000 (ref-2d6b8f1 vs cand-13caf43)
Finished game 2356 (ref-2d6b8f1 vs cand-13caf43): 0-1 {Black wins by adjudication}
Started game 2369 of 40000 (cand-13caf43 vs ref-2d6b8f1)
Finished game 2355 (cand-13caf43 vs ref-2d6b8f1): 1/2-1/2 {Draw by 3-fold repetition}
Started game 2370 of 40000 (ref-2d6b8f1 vs cand-13caf43)
Finished game 2362 (ref-2d6b8f1 vs cand-13caf43): 1/2-1/2 {Draw by adjudication}
Started game 2371 of 40000 (cand-13caf43 vs ref-2d6b8f1)
Finished game 2360 (ref-2d6b8f1 vs cand-13caf43): 0-1 {Black wins by adjudication}
--------------------------------------------------
Results of cand-13caf43 vs ref-2d6b8f1 (8+0.08, 1t, 16MB, noob_3moves.epd):
Elo: 16.22 +/- 10.63, nElo: 21.44 +/- 14.02
LOS: 99.86 %, DrawRatio: 34.44 %, PairsRatio: 1.19
Games: 2358, Wins: 772, Losses: 662, Draws: 924, Points: 1234.0 (52.33 %)
Ptnml(0-2): [76, 277, 406, 301, 119], WL/DD Ratio: 1.35
LLR: 1.85 (62.7%) (-2.94, 2.94) [0.00, 5.00]
--------------------------------------------------
Started game 2372 of 40000 (ref-2d6b8f1 vs cand-13caf43)
Finished game 2364 (ref-2d6b8f1 vs cand-13caf43): 1-0 {White wins by adjudication}
Started game 2373 of 40000 (cand-13caf43 vs ref-2d6b8f1)
Finished game 2358 (ref-2d6b8f1 vs cand-13caf43): 1/2-1/2 {Draw by insufficient mating material}
Started game 2374 of 40000 (ref-2d6b8f1 vs cand-13caf43)
Finished game 2361 (cand-13caf43 vs ref-2d6b8f1): 0-1 {Black wins by adjudication}
Started game 2375 of 40000 (cand-13caf43 vs ref-2d6b8f1)
Finished game 2367 (cand-13caf43 vs ref-2d6b8f1): 1/2-1/2 {Draw by 3-fold repetition}
Started game 2376 of 40000 (ref-2d6b8f1 vs cand-13caf43)
Finished game 2363 (cand-13caf43 vs ref-2d6b8f1): 1-0 {White wins by adjudication}
Started game 2377 of 40000 (cand-13caf43 vs ref-2d6b8f1)
Finished game 2366 (ref-2d6b8f1 vs cand-13caf43): 0-1 {Black wins by adjudication}
Started game 2378 of 40000 (ref-2d6b8f1 vs cand-13caf43)
Finished game 2365 (cand-13caf43 vs ref-2d6b8f1): 1/2-1/2 {Draw by adjudication}
Started game 2379 of 40000 (cand-13caf43 vs ref-2d6b8f1)
Finished game 2369 (cand-13caf43 vs ref-2d6b8f1): 1/2-1/2 {Draw by adjudication}
Started game 2380 of 40000 (ref-2d6b8f1 vs cand-13caf43)
Finished game 2372 (ref-2d6b8f1 vs cand-13caf43): 0-1 {Black wins by adjudication}
Started game 2381 of 40000 (cand-13caf43 vs ref-2d6b8f1)
Finished game 2368 (ref-2d6b8f1 vs cand-13caf43): 1/2-1/2 {Draw by adjudication}
Started game 2382 of 40000 (ref-2d6b8f1 vs cand-13caf43)
Finished game 2376 (ref-2d6b8f1 vs cand-13caf43): 0-1 {Black wins by adjudication}
Started game 2383 of 40000 (cand-13caf43 vs ref-2d6b8f1)
Finished game 2370 (ref-2d6b8f1 vs cand-13caf43): 1/2-1/2 {Draw by insufficient mating material}
Started game 2384 of 40000 (ref-2d6b8f1 vs cand-13caf43)
Finished game 2374 (ref-2d6b8f1 vs cand-13caf43): 1-0 {White wins by adjudication}
Started game 2385 of 40000 (cand-13caf43 vs ref-2d6b8f1)
Finished game 2371 (cand-13caf43 vs ref-2d6b8f1): 0-1 {Black wins by adjudication}
Started game 2386 of 40000 (ref-2d6b8f1 vs cand-13caf43)
Finished game 2375 (cand-13caf43 vs ref-2d6b8f1): 0-1 {Black wins by adjudication}
Started game 2387 of 40000 (cand-13caf43 vs ref-2d6b8f1)
Finished game 2373 (cand-13caf43 vs ref-2d6b8f1): 1-0 {White wins by adjudication}
Started game 2388 of 40000 (ref-2d6b8f1 vs cand-13caf43)
Finished game 2379 (cand-13caf43 vs ref-2d6b8f1): 1/2-1/2 {Draw by adjudication}
Started game 2389 of 40000 (cand-13caf43 vs ref-2d6b8f1)
Finished game 2382 (ref-2d6b8f1 vs cand-13caf43): 1-0 {White wins by adjudication}
Started game 2390 of 40000 (ref-2d6b8f1 vs cand-13caf43)
Finished game 2377 (cand-13caf43 vs ref-2d6b8f1): 1/2-1/2 {Draw by insufficient mating material}
Started game 2391 of 40000 (cand-13caf43 vs ref-2d6b8f1)
Finished game 2380 (ref-2d6b8f1 vs cand-13caf43): 0-1 {Black wins by adjudication}
--------------------------------------------------
Results of cand-13caf43 vs ref-2d6b8f1 (8+0.08, 1t, 16MB, noob_3moves.epd):
Elo: 16.23 +/- 10.55, nElo: 21.52 +/- 13.96
LOS: 99.87 %, DrawRatio: 34.74 %, PairsRatio: 1.19
Games: 2378, Wins: 778, Losses: 667, Draws: 933, Points: 1244.5 (52.33 %)
Ptnml(0-2): [76, 278, 413, 303, 119], WL/DD Ratio: 1.35
LLR: 1.87 (63.5%) (-2.94, 2.94) [0.00, 5.00]
--------------------------------------------------
Started game 2392 of 40000 (ref-2d6b8f1 vs cand-13caf43)
Finished game 2383 (cand-13caf43 vs ref-2d6b8f1): 1-0 {White wins by adjudication}
Started game 2393 of 40000 (cand-13caf43 vs ref-2d6b8f1)
Finished game 2378 (ref-2d6b8f1 vs cand-13caf43): 1/2-1/2 {Draw by adjudication}
Started game 2394 of 40000 (ref-2d6b8f1 vs cand-13caf43)
Finished game 2385 (cand-13caf43 vs ref-2d6b8f1): 0-1 {Black wins by adjudication}
Started game 2395 of 40000 (cand-13caf43 vs ref-2d6b8f1)
Finished game 2381 (cand-13caf43 vs ref-2d6b8f1): 1-0 {White wins by adjudication}
Started game 2396 of 40000 (ref-2d6b8f1 vs cand-13caf43)
Finished game 2384 (ref-2d6b8f1 vs cand-13caf43): 1-0 {White wins by adjudication}
Started game 2397 of 40000 (cand-13caf43 vs ref-2d6b8f1)
Finished game 2386 (ref-2d6b8f1 vs cand-13caf43): 1-0 {White wins by adjudication}
Started game 2398 of 40000 (ref-2d6b8f1 vs cand-13caf43)
Finished game 2390 (ref-2d6b8f1 vs cand-13caf43): 1/2-1/2 {Draw by 3-fold repetition}
Started game 2399 of 40000 (cand-13caf43 vs ref-2d6b8f1)
Finished game 2387 (cand-13caf43 vs ref-2d6b8f1): 1/2-1/2 {Draw by insufficient mating material}
Started game 2400 of 40000 (ref-2d6b8f1 vs cand-13caf43)
Finished game 2388 (ref-2d6b8f1 vs cand-13caf43): 1-0 {White wins by adjudication}
Started game 2401 of 40000 (cand-13caf43 vs ref-2d6b8f1)
Finished game 2392 (ref-2d6b8f1 vs cand-13caf43): 0-1 {Black wins by adjudication}
Started game 2402 of 40000 (ref-2d6b8f1 vs cand-13caf43)
Finished game 2391 (cand-13caf43 vs ref-2d6b8f1): 1-0 {White wins by adjudication}
Started game 2403 of 40000 (cand-13caf43 vs ref-2d6b8f1)
Finished game 2393 (cand-13caf43 vs ref-2d6b8f1): 0-1 {Black wins by adjudication}
Started game 2404 of 40000 (ref-2d6b8f1 vs cand-13caf43)
Finished game 2389 (cand-13caf43 vs ref-2d6b8f1): 1/2-1/2 {Draw by 3-fold repetition}
Started game 2405 of 40000 (cand-13caf43 vs ref-2d6b8f1)
Finished game 2395 (cand-13caf43 vs ref-2d6b8f1): 1/2-1/2 {Draw by 3-fold repetition}
Started game 2406 of 40000 (ref-2d6b8f1 vs cand-13caf43)
Finished game 2394 (ref-2d6b8f1 vs cand-13caf43): 1/2-1/2 {Draw by adjudication}
Started game 2407 of 40000 (cand-13caf43 vs ref-2d6b8f1)
Finished game 2401 (cand-13caf43 vs ref-2d6b8f1): 1/2-1/2 {Draw by 3-fold repetition}
Started game 2408 of 40000 (ref-2d6b8f1 vs cand-13caf43)
Finished game 2400 (ref-2d6b8f1 vs cand-13caf43): 1-0 {White wins by adjudication}
Started game 2409 of 40000 (cand-13caf43 vs ref-2d6b8f1)
Finished game 2402 (ref-2d6b8f1 vs cand-13caf43): 1/2-1/2 {Draw by 3-fold repetition}
Started game 2410 of 40000 (ref-2d6b8f1 vs cand-13caf43)
Finished game 2399 (cand-13caf43 vs ref-2d6b8f1): 1/2-1/2 {Draw by 3-fold repetition}
--------------------------------------------------
Results of cand-13caf43 vs ref-2d6b8f1 (8+0.08, 1t, 16MB, noob_3moves.epd):
Elo: 15.66 +/- 10.51, nElo: 20.76 +/- 13.91
LOS: 99.83 %, DrawRatio: 34.86 %, PairsRatio: 1.18
Games: 2398, Wins: 782, Losses: 674, Draws: 942, Points: 1253.0 (52.25 %)
Ptnml(0-2): [77, 281, 418, 303, 120], WL/DD Ratio: 1.34
LLR: 1.81 (61.5%) (-2.94, 2.94) [0.00, 5.00]
--------------------------------------------------
Started game 2411 of 40000 (cand-13caf43 vs ref-2d6b8f1)
Finished game 2397 (cand-13caf43 vs ref-2d6b8f1): 0-1 {Black wins by adjudication}
Started game 2412 of 40000 (ref-2d6b8f1 vs cand-13caf43)
Finished game 2398 (ref-2d6b8f1 vs cand-13caf43): 1/2-1/2 {Draw by 3-fold repetition}
Started game 2413 of 40000 (cand-13caf43 vs ref-2d6b8f1)
Finished game 2403 (cand-13caf43 vs ref-2d6b8f1): 0-1 {Black wins by adjudication}
Started game 2414 of 40000 (ref-2d6b8f1 vs cand-13caf43)
Finished game 2404 (ref-2d6b8f1 vs cand-13caf43): 1-0 {White wins by adjudication}
Started game 2415 of 40000 (cand-13caf43 vs ref-2d6b8f1)
Finished game 2408 (ref-2d6b8f1 vs cand-13caf43): 1/2-1/2 {Draw by 3-fold repetition}
Started game 2416 of 40000 (ref-2d6b8f1 vs cand-13caf43)
Finished game 2405 (cand-13caf43 vs ref-2d6b8f1): 0-1 {Black wins by adjudication}
Started game 2417 of 40000 (cand-13caf43 vs ref-2d6b8f1)
Finished game 2396 (ref-2d6b8f1 vs cand-13caf43): 1/2-1/2 {Draw by 3-fold repetition}
Started game 2418 of 40000 (ref-2d6b8f1 vs cand-13caf43)
Finished game 2413 (cand-13caf43 vs ref-2d6b8f1): 1-0 {White wins by adjudication}
Started game 2419 of 40000 (cand-13caf43 vs ref-2d6b8f1)
Finished game 2406 (ref-2d6b8f1 vs cand-13caf43): 1-0 {White wins by adjudication}
Started game 2420 of 40000 (ref-2d6b8f1 vs cand-13caf43)
Finished game 2411 (cand-13caf43 vs ref-2d6b8f1): 1/2-1/2 {Draw by 3-fold repetition}
Started game 2421 of 40000 (cand-13caf43 vs ref-2d6b8f1)
Finished game 2410 (ref-2d6b8f1 vs cand-13caf43): 1/2-1/2 {Draw by 3-fold repetition}
Started game 2422 of 40000 (ref-2d6b8f1 vs cand-13caf43)
Finished game 2412 (ref-2d6b8f1 vs cand-13caf43): 0-1 {Black wins by adjudication}
Started game 2423 of 40000 (cand-13caf43 vs ref-2d6b8f1)
Finished game 2409 (cand-13caf43 vs ref-2d6b8f1): 1-0 {White wins by adjudication}
Started game 2424 of 40000 (ref-2d6b8f1 vs cand-13caf43)
Finished game 2407 (cand-13caf43 vs ref-2d6b8f1): 1-0 {White wins by adjudication}
Started game 2425 of 40000 (cand-13caf43 vs ref-2d6b8f1)
Finished game 2418 (ref-2d6b8f1 vs cand-13caf43): 1/2-1/2 {Draw by 3-fold repetition}
Started game 2426 of 40000 (ref-2d6b8f1 vs cand-13caf43)
Finished game 2416 (ref-2d6b8f1 vs cand-13caf43): 0-1 {Black wins by adjudication}
Started game 2427 of 40000 (cand-13caf43 vs ref-2d6b8f1)
Finished game 2415 (cand-13caf43 vs ref-2d6b8f1): 1-0 {White wins by adjudication}
Started game 2428 of 40000 (ref-2d6b8f1 vs cand-13caf43)
Finished game 2422 (ref-2d6b8f1 vs cand-13caf43): 1-0 {White wins by adjudication}
Started game 2429 of 40000 (cand-13caf43 vs ref-2d6b8f1)
Finished game 2414 (ref-2d6b8f1 vs cand-13caf43): 0-1 {Black wins by adjudication}
Started game 2430 of 40000 (ref-2d6b8f1 vs cand-13caf43)
Finished game 2423 (cand-13caf43 vs ref-2d6b8f1): 0-1 {Black wins by adjudication}
Started game 2431 of 40000 (cand-13caf43 vs ref-2d6b8f1)
Finished game 2425 (cand-13caf43 vs ref-2d6b8f1): 1/2-1/2 {Draw by 3-fold repetition}
Started game 2432 of 40000 (ref-2d6b8f1 vs cand-13caf43)
Finished game 2419 (cand-13caf43 vs ref-2d6b8f1): 1-0 {White wins by adjudication}
Started game 2433 of 40000 (cand-13caf43 vs ref-2d6b8f1)
Finished game 2417 (cand-13caf43 vs ref-2d6b8f1): 1/2-1/2 {Draw by insufficient mating material}
Started game 2434 of 40000 (ref-2d6b8f1 vs cand-13caf43)
Finished game 2424 (ref-2d6b8f1 vs cand-13caf43): 0-1 {Black wins by adjudication}
Started game 2435 of 40000 (cand-13caf43 vs ref-2d6b8f1)
Finished game 2420 (ref-2d6b8f1 vs cand-13caf43): 1-0 {White wins by adjudication}
--------------------------------------------------
Results of cand-13caf43 vs ref-2d6b8f1 (8+0.08, 1t, 16MB, noob_3moves.epd):
Elo: 15.79 +/- 10.48, nElo: 20.89 +/- 13.84
LOS: 99.85 %, DrawRatio: 34.85 %, PairsRatio: 1.19
Games: 2422, Wins: 791, Losses: 681, Draws: 950, Points: 1266.0 (52.27 %)
Ptnml(0-2): [79, 282, 422, 306, 122], WL/DD Ratio: 1.33
LLR: 1.84 (62.6%) (-2.94, 2.94) [0.00, 5.00]
--------------------------------------------------
Started game 2436 of 40000 (ref-2d6b8f1 vs cand-13caf43)
Finished game 2421 (cand-13caf43 vs ref-2d6b8f1): 0-1 {Black wins by adjudication}
Started game 2437 of 40000 (cand-13caf43 vs ref-2d6b8f1)
Finished game 2428 (ref-2d6b8f1 vs cand-13caf43): 1-0 {White wins by adjudication}
Started game 2438 of 40000 (ref-2d6b8f1 vs cand-13caf43)
Finished game 2427 (cand-13caf43 vs ref-2d6b8f1): 0-1 {Black wins by adjudication}
Started game 2439 of 40000 (cand-13caf43 vs ref-2d6b8f1)
Finished game 2430 (ref-2d6b8f1 vs cand-13caf43): 1-0 {White wins by adjudication}
Started game 2440 of 40000 (ref-2d6b8f1 vs cand-13caf43)
Finished game 2431 (cand-13caf43 vs ref-2d6b8f1): 1/2-1/2 {Draw by 3-fold repetition}
Started game 2441 of 40000 (cand-13caf43 vs ref-2d6b8f1)
Finished game 2426 (ref-2d6b8f1 vs cand-13caf43): 1-0 {White wins by adjudication}
Started game 2442 of 40000 (ref-2d6b8f1 vs cand-13caf43)
Finished game 2429 (cand-13caf43 vs ref-2d6b8f1): 1-0 {White wins by adjudication}
Started game 2443 of 40000 (cand-13caf43 vs ref-2d6b8f1)
Finished game 2434 (ref-2d6b8f1 vs cand-13caf43): 1/2-1/2 {Draw by 3-fold repetition}
Started game 2444 of 40000 (ref-2d6b8f1 vs cand-13caf43)
Finished game 2433 (cand-13caf43 vs ref-2d6b8f1): 0-1 {Black wins by adjudication}
Started game 2445 of 40000 (cand-13caf43 vs ref-2d6b8f1)
Finished game 2435 (cand-13caf43 vs ref-2d6b8f1): 1/2-1/2 {Draw by 3-fold repetition}
Started game 2446 of 40000 (ref-2d6b8f1 vs cand-13caf43)
Finished game 2432 (ref-2d6b8f1 vs cand-13caf43): 1-0 {White wins by adjudication}
Started game 2447 of 40000 (cand-13caf43 vs ref-2d6b8f1)
Finished game 2438 (ref-2d6b8f1 vs cand-13caf43): 0-1 {Black wins by adjudication}
Started game 2448 of 40000 (ref-2d6b8f1 vs cand-13caf43)
Finished game 2440 (ref-2d6b8f1 vs cand-13caf43): 1/2-1/2 {Draw by 3-fold repetition}
Started game 2449 of 40000 (cand-13caf43 vs ref-2d6b8f1)
Finished game 2437 (cand-13caf43 vs ref-2d6b8f1): 1-0 {White wins by adjudication}
Started game 2450 of 40000 (ref-2d6b8f1 vs cand-13caf43)
Finished game 2436 (ref-2d6b8f1 vs cand-13caf43): 1/2-1/2 {Draw by insufficient mating material}
Started game 2451 of 40000 (cand-13caf43 vs ref-2d6b8f1)
Finished game 2444 (ref-2d6b8f1 vs cand-13caf43): 0-1 {Black wins by adjudication}
Started game 2452 of 40000 (ref-2d6b8f1 vs cand-13caf43)
Finished game 2442 (ref-2d6b8f1 vs cand-13caf43): 0-1 {Black wins by adjudication}
Started game 2453 of 40000 (cand-13caf43 vs ref-2d6b8f1)
Finished game 2448 (ref-2d6b8f1 vs cand-13caf43): 1-0 {White wins by adjudication}
Started game 2454 of 40000 (ref-2d6b8f1 vs cand-13caf43)
Finished game 2439 (cand-13caf43 vs ref-2d6b8f1): 1/2-1/2 {Draw by adjudication}
--------------------------------------------------
Results of cand-13caf43 vs ref-2d6b8f1 (8+0.08, 1t, 16MB, noob_3moves.epd):
Elo: 14.96 +/- 10.46, nElo: 19.75 +/- 13.79
LOS: 99.75 %, DrawRatio: 34.84 %, PairsRatio: 1.17
Games: 2440, Wins: 794, Losses: 689, Draws: 957, Points: 1272.5 (52.15 %)
Ptnml(0-2): [81, 285, 425, 306, 123], WL/DD Ratio: 1.32
LLR: 1.74 (59.1%) (-2.94, 2.94) [0.00, 5.00]
--------------------------------------------------
Started game 2455 of 40000 (cand-13caf43 vs ref-2d6b8f1)
Finished game 2443 (cand-13caf43 vs ref-2d6b8f1): 1/2-1/2 {Draw by 3-fold repetition}
Started game 2456 of 40000 (ref-2d6b8f1 vs cand-13caf43)
Finished game 2449 (cand-13caf43 vs ref-2d6b8f1): 1-0 {White wins by adjudication}
Started game 2457 of 40000 (cand-13caf43 vs ref-2d6b8f1)
Finished game 2447 (cand-13caf43 vs ref-2d6b8f1): 1-0 {White wins by adjudication}
Started game 2458 of 40000 (ref-2d6b8f1 vs cand-13caf43)
Finished game 2445 (cand-13caf43 vs ref-2d6b8f1): 1/2-1/2 {Draw by insufficient mating material}
Started game 2459 of 40000 (cand-13caf43 vs ref-2d6b8f1)
Finished game 2441 (cand-13caf43 vs ref-2d6b8f1): 1/2-1/2 {Draw by adjudication}
Started game 2460 of 40000 (ref-2d6b8f1 vs cand-13caf43)
Finished game 2453 (cand-13caf43 vs ref-2d6b8f1): 1/2-1/2 {Draw by 3-fold repetition}
Started game 2461 of 40000 (cand-13caf43 vs ref-2d6b8f1)
Finished game 2446 (ref-2d6b8f1 vs cand-13caf43): 1/2-1/2 {Draw by insufficient mating material}
Started game 2462 of 40000 (ref-2d6b8f1 vs cand-13caf43)
Finished game 2450 (ref-2d6b8f1 vs cand-13caf43): 1-0 {White wins by adjudication}
Started game 2463 of 40000 (cand-13caf43 vs ref-2d6b8f1)
Finished game 2452 (ref-2d6b8f1 vs cand-13caf43): 1-0 {White wins by adjudication}
Started game 2464 of 40000 (ref-2d6b8f1 vs cand-13caf43)
Finished game 2454 (ref-2d6b8f1 vs cand-13caf43): 0-1 {Black wins by adjudication}
Started game 2465 of 40000 (cand-13caf43 vs ref-2d6b8f1)
Finished game 2451 (cand-13caf43 vs ref-2d6b8f1): 0-1 {Black wins by adjudication}
Started game 2466 of 40000 (ref-2d6b8f1 vs cand-13caf43)
Finished game 2456 (ref-2d6b8f1 vs cand-13caf43): 1/2-1/2 {Draw by 3-fold repetition}
Started game 2467 of 40000 (cand-13caf43 vs ref-2d6b8f1)
Finished game 2459 (cand-13caf43 vs ref-2d6b8f1): 1-0 {White wins by adjudication}
Started game 2468 of 40000 (ref-2d6b8f1 vs cand-13caf43)
Finished game 2457 (cand-13caf43 vs ref-2d6b8f1): 0-1 {Black wins by adjudication}
Started game 2469 of 40000 (cand-13caf43 vs ref-2d6b8f1)
Finished game 2461 (cand-13caf43 vs ref-2d6b8f1): 1-0 {White wins by adjudication}
Started game 2470 of 40000 (ref-2d6b8f1 vs cand-13caf43)
Finished game 2455 (cand-13caf43 vs ref-2d6b8f1): 1/2-1/2 {Draw by 3-fold repetition}
Started game 2471 of 40000 (cand-13caf43 vs ref-2d6b8f1)
Finished game 2463 (cand-13caf43 vs ref-2d6b8f1): 1-0 {White wins by adjudication}
Started game 2472 of 40000 (ref-2d6b8f1 vs cand-13caf43)
Finished game 2462 (ref-2d6b8f1 vs cand-13caf43): 1-0 {White wins by adjudication}
Started game 2473 of 40000 (cand-13caf43 vs ref-2d6b8f1)
Finished game 2458 (ref-2d6b8f1 vs cand-13caf43): 1/2-1/2 {Draw by adjudication}
Started game 2474 of 40000 (ref-2d6b8f1 vs cand-13caf43)
Finished game 2460 (ref-2d6b8f1 vs cand-13caf43): 1-0 {White wins by adjudication}
--------------------------------------------------
Results of cand-13caf43 vs ref-2d6b8f1 (8+0.08, 1t, 16MB, noob_3moves.epd):
Elo: 14.83 +/- 10.39, nElo: 19.61 +/- 13.72
LOS: 99.74 %, DrawRatio: 35.01 %, PairsRatio: 1.17
Games: 2462, Wins: 801, Losses: 696, Draws: 965, Points: 1283.5 (52.13 %)
Ptnml(0-2): [82, 286, 431, 309, 123], WL/DD Ratio: 1.33
LLR: 1.74 (59.2%) (-2.94, 2.94) [0.00, 5.00]
--------------------------------------------------
Started game 2475 of 40000 (cand-13caf43 vs ref-2d6b8f1)
Finished game 2465 (cand-13caf43 vs ref-2d6b8f1): 0-1 {Black wins by adjudication}
Started game 2476 of 40000 (ref-2d6b8f1 vs cand-13caf43)
Finished game 2466 (ref-2d6b8f1 vs cand-13caf43): 0-1 {Black wins by adjudication}
Started game 2477 of 40000 (cand-13caf43 vs ref-2d6b8f1)
Finished game 2469 (cand-13caf43 vs ref-2d6b8f1): 1/2-1/2 {Draw by 3-fold repetition}
Started game 2478 of 40000 (ref-2d6b8f1 vs cand-13caf43)
Finished game 2464 (ref-2d6b8f1 vs cand-13caf43): 1/2-1/2 {Draw by 3-fold repetition}
Started game 2479 of 40000 (cand-13caf43 vs ref-2d6b8f1)
Finished game 2467 (cand-13caf43 vs ref-2d6b8f1): 1/2-1/2 {Draw by 3-fold repetition}
Started game 2480 of 40000 (ref-2d6b8f1 vs cand-13caf43)
Finished game 2472 (ref-2d6b8f1 vs cand-13caf43): 1/2-1/2 {Draw by 3-fold repetition}
Started game 2481 of 40000 (cand-13caf43 vs ref-2d6b8f1)
Finished game 2473 (cand-13caf43 vs ref-2d6b8f1): 1-0 {White wins by adjudication}
Started game 2482 of 40000 (ref-2d6b8f1 vs cand-13caf43)
Finished game 2471 (cand-13caf43 vs ref-2d6b8f1): 1-0 {White wins by adjudication}
Started game 2483 of 40000 (cand-13caf43 vs ref-2d6b8f1)
Finished game 2470 (ref-2d6b8f1 vs cand-13caf43): 0-1 {Black wins by adjudication}
Started game 2484 of 40000 (ref-2d6b8f1 vs cand-13caf43)
Finished game 2468 (ref-2d6b8f1 vs cand-13caf43): 1-0 {White wins by adjudication}
Started game 2485 of 40000 (cand-13caf43 vs ref-2d6b8f1)
Finished game 2476 (ref-2d6b8f1 vs cand-13caf43): 1-0 {White wins by adjudication}
Started game 2486 of 40000 (ref-2d6b8f1 vs cand-13caf43)
Finished game 2478 (ref-2d6b8f1 vs cand-13caf43): 0-1 {Black wins by adjudication}
Started game 2487 of 40000 (cand-13caf43 vs ref-2d6b8f1)
Finished game 2474 (ref-2d6b8f1 vs cand-13caf43): 0-1 {Black wins by adjudication}
Started game 2488 of 40000 (ref-2d6b8f1 vs cand-13caf43)
Finished game 2480 (ref-2d6b8f1 vs cand-13caf43): 0-1 {Black wins by adjudication}
Started game 2489 of 40000 (cand-13caf43 vs ref-2d6b8f1)
Finished game 2475 (cand-13caf43 vs ref-2d6b8f1): 1-0 {White wins by adjudication}
Started game 2490 of 40000 (ref-2d6b8f1 vs cand-13caf43)
Finished game 2479 (cand-13caf43 vs ref-2d6b8f1): 0-1 {Black wins by adjudication}
--------------------------------------------------
Results of cand-13caf43 vs ref-2d6b8f1 (8+0.08, 1t, 16MB, noob_3moves.epd):
Elo: 15.29 +/- 10.35, nElo: 20.24 +/- 13.68
LOS: 99.81 %, DrawRatio: 35.03 %, PairsRatio: 1.18
Games: 2478, Wins: 809, Losses: 700, Draws: 969, Points: 1293.5 (52.20 %)
Ptnml(0-2): [82, 287, 434, 312, 124], WL/DD Ratio: 1.35
LLR: 1.82 (61.7%) (-2.94, 2.94) [0.00, 5.00]
--------------------------------------------------
Started game 2491 of 40000 (cand-13caf43 vs ref-2d6b8f1)
Finished game 2482 (ref-2d6b8f1 vs cand-13caf43): 1/2-1/2 {Draw by 3-fold repetition}
Started game 2492 of 40000 (ref-2d6b8f1 vs cand-13caf43)
Finished game 2477 (cand-13caf43 vs ref-2d6b8f1): 1/2-1/2 {Draw by insufficient mating material}
Started game 2493 of 40000 (cand-13caf43 vs ref-2d6b8f1)
Finished game 2485 (cand-13caf43 vs ref-2d6b8f1): 1-0 {White wins by adjudication}
Started game 2494 of 40000 (ref-2d6b8f1 vs cand-13caf43)
Finished game 2484 (ref-2d6b8f1 vs cand-13caf43): 1-0 {White wins by adjudication}
Started game 2495 of 40000 (cand-13caf43 vs ref-2d6b8f1)
Finished game 2483 (cand-13caf43 vs ref-2d6b8f1): 1/2-1/2 {Draw by 3-fold repetition}
Started game 2496 of 40000 (ref-2d6b8f1 vs cand-13caf43)
Finished game 2488 (ref-2d6b8f1 vs cand-13caf43): 0-1 {Black wins by adjudication}
Started game 2497 of 40000 (cand-13caf43 vs ref-2d6b8f1)
Finished game 2490 (ref-2d6b8f1 vs cand-13caf43): 1/2-1/2 {Draw by 3-fold repetition}
Started game 2498 of 40000 (ref-2d6b8f1 vs cand-13caf43)
Finished game 2481 (cand-13caf43 vs ref-2d6b8f1): 1/2-1/2 {Draw by 3-fold repetition}
Started game 2499 of 40000 (cand-13caf43 vs ref-2d6b8f1)
Finished game 2487 (cand-13caf43 vs ref-2d6b8f1): 1/2-1/2 {Draw by 3-fold repetition}
Started game 2500 of 40000 (ref-2d6b8f1 vs cand-13caf43)
Finished game 2486 (ref-2d6b8f1 vs cand-13caf43): 1-0 {White wins by adjudication}
Started game 2501 of 40000 (cand-13caf43 vs ref-2d6b8f1)
Finished game 2489 (cand-13caf43 vs ref-2d6b8f1): 1-0 {White wins by adjudication}
Started game 2502 of 40000 (ref-2d6b8f1 vs cand-13caf43)
Finished game 2491 (cand-13caf43 vs ref-2d6b8f1): 1/2-1/2 {Draw by 3-fold repetition}
Started game 2503 of 40000 (cand-13caf43 vs ref-2d6b8f1)
Finished game 2492 (ref-2d6b8f1 vs cand-13caf43): 0-1 {Black wins by adjudication}
Started game 2504 of 40000 (ref-2d6b8f1 vs cand-13caf43)
Finished game 2500 (ref-2d6b8f1 vs cand-13caf43): 1-0 {White wins by adjudication}
Started game 2505 of 40000 (cand-13caf43 vs ref-2d6b8f1)
Finished game 2497 (cand-13caf43 vs ref-2d6b8f1): 1-0 {White wins by adjudication}
Started game 2506 of 40000 (ref-2d6b8f1 vs cand-13caf43)
Finished game 2493 (cand-13caf43 vs ref-2d6b8f1): 1-0 {White wins by adjudication}
Started game 2507 of 40000 (cand-13caf43 vs ref-2d6b8f1)
Finished game 2499 (cand-13caf43 vs ref-2d6b8f1): 1-0 {White wins by adjudication}
--------------------------------------------------
Results of cand-13caf43 vs ref-2d6b8f1 (8+0.08, 1t, 16MB, noob_3moves.epd):
Elo: 15.61 +/- 10.31, nElo: 20.69 +/- 13.64
LOS: 99.85 %, DrawRatio: 35.04 %, PairsRatio: 1.19
Games: 2494, Wins: 815, Losses: 703, Draws: 976, Points: 1303.0 (52.25 %)
Ptnml(0-2): [82, 288, 437, 316, 124], WL/DD Ratio: 1.35
LLR: 1.88 (63.7%) (-2.94, 2.94) [0.00, 5.00]
--------------------------------------------------
Started game 2508 of 40000 (ref-2d6b8f1 vs cand-13caf43)
Finished game 2495 (cand-13caf43 vs ref-2d6b8f1): 1-0 {White wins by adjudication}
Started game 2509 of 40000 (cand-13caf43 vs ref-2d6b8f1)
Finished game 2498 (ref-2d6b8f1 vs cand-13caf43): 0-1 {Black wins by adjudication}
Started game 2510 of 40000 (ref-2d6b8f1 vs cand-13caf43)
Finished game 2494 (ref-2d6b8f1 vs cand-13caf43): 1/2-1/2 {Draw by adjudication}
Started game 2511 of 40000 (cand-13caf43 vs ref-2d6b8f1)
Finished game 2501 (cand-13caf43 vs ref-2d6b8f1): 1/2-1/2 {Draw by adjudication}
Started game 2512 of 40000 (ref-2d6b8f1 vs cand-13caf43)
Finished game 2496 (ref-2d6b8f1 vs cand-13caf43): 1/2-1/2 {Draw by adjudication}
Started game 2513 of 40000 (cand-13caf43 vs ref-2d6b8f1)
Finished game 2502 (ref-2d6b8f1 vs cand-13caf43): 1-0 {White wins by adjudication}
Started game 2514 of 40000 (ref-2d6b8f1 vs cand-13caf43)
Finished game 2503 (cand-13caf43 vs ref-2d6b8f1): 1/2-1/2 {Draw by 3-fold repetition}
Started game 2515 of 40000 (cand-13caf43 vs ref-2d6b8f1)
Finished game 2504 (ref-2d6b8f1 vs cand-13caf43): 1/2-1/2 {Draw by 3-fold repetition}
Started game 2516 of 40000 (ref-2d6b8f1 vs cand-13caf43)
Finished game 2506 (ref-2d6b8f1 vs cand-13caf43): 1-0 {White wins by adjudication}
Started game 2517 of 40000 (cand-13caf43 vs ref-2d6b8f1)
Finished game 2514 (ref-2d6b8f1 vs cand-13caf43): 1-0 {White wins by adjudication}
Started game 2518 of 40000 (ref-2d6b8f1 vs cand-13caf43)
Finished game 2507 (cand-13caf43 vs ref-2d6b8f1): 1-0 {White wins by adjudication}
Started game 2519 of 40000 (cand-13caf43 vs ref-2d6b8f1)
Finished game 2512 (ref-2d6b8f1 vs cand-13caf43): 1-0 {White wins by adjudication}
Started game 2520 of 40000 (ref-2d6b8f1 vs cand-13caf43)
Finished game 2510 (ref-2d6b8f1 vs cand-13caf43): 0-1 {Black wins by adjudication}
Started game 2521 of 40000 (cand-13caf43 vs ref-2d6b8f1)
Finished game 2508 (ref-2d6b8f1 vs cand-13caf43): 1/2-1/2 {Draw by stalemate}
Started game 2522 of 40000 (ref-2d6b8f1 vs cand-13caf43)
Finished game 2509 (cand-13caf43 vs ref-2d6b8f1): 0-1 {Black wins by adjudication}
Started game 2523 of 40000 (cand-13caf43 vs ref-2d6b8f1)
Finished game 2505 (cand-13caf43 vs ref-2d6b8f1): 1/2-1/2 {Draw by stalemate}
Started game 2524 of 40000 (ref-2d6b8f1 vs cand-13caf43)
Finished game 2515 (cand-13caf43 vs ref-2d6b8f1): 0-1 {Black wins by adjudication}
Started game 2525 of 40000 (cand-13caf43 vs ref-2d6b8f1)
Finished game 2516 (ref-2d6b8f1 vs cand-13caf43): 0-1 {Black wins by adjudication}
Started game 2526 of 40000 (ref-2d6b8f1 vs cand-13caf43)
Finished game 2513 (cand-13caf43 vs ref-2d6b8f1): 1/2-1/2 {Draw by adjudication}
Started game 2527 of 40000 (cand-13caf43 vs ref-2d6b8f1)
Finished game 2511 (cand-13caf43 vs ref-2d6b8f1): 1-0 {White wins by adjudication}
Started game 2528 of 40000 (ref-2d6b8f1 vs cand-13caf43)
Finished game 2518 (ref-2d6b8f1 vs cand-13caf43): 1-0 {White wins by adjudication}
Started game 2529 of 40000 (cand-13caf43 vs ref-2d6b8f1)
Finished game 2524 (ref-2d6b8f1 vs cand-13caf43): 1/2-1/2 {Draw by 3-fold repetition}
Started game 2530 of 40000 (ref-2d6b8f1 vs cand-13caf43)
Finished game 2525 (cand-13caf43 vs ref-2d6b8f1): 1-0 {White wins by adjudication}
Started game 2531 of 40000 (cand-13caf43 vs ref-2d6b8f1)
Finished game 2523 (cand-13caf43 vs ref-2d6b8f1): 1/2-1/2 {Draw by insufficient mating material}
Started game 2532 of 40000 (ref-2d6b8f1 vs cand-13caf43)
Finished game 2520 (ref-2d6b8f1 vs cand-13caf43): 1/2-1/2 {Draw by insufficient mating material}
Started game 2533 of 40000 (cand-13caf43 vs ref-2d6b8f1)
Finished game 2517 (cand-13caf43 vs ref-2d6b8f1): 1/2-1/2 {Draw by adjudication}
Started game 2534 of 40000 (ref-2d6b8f1 vs cand-13caf43)
Finished game 2519 (cand-13caf43 vs ref-2d6b8f1): 1/2-1/2 {Draw by insufficient mating material}
--------------------------------------------------
Results of cand-13caf43 vs ref-2d6b8f1 (8+0.08, 1t, 16MB, noob_3moves.epd):
Elo: 15.58 +/- 10.23, nElo: 20.68 +/- 13.56
LOS: 99.86 %, DrawRatio: 35.13 %, PairsRatio: 1.19
Games: 2522, Wins: 823, Losses: 710, Draws: 989, Points: 1317.5 (52.24 %)
Ptnml(0-2): [82, 292, 443, 319, 125], WL/DD Ratio: 1.34
LLR: 1.90 (64.4%) (-2.94, 2.94) [0.00, 5.00]
--------------------------------------------------
Started game 2535 of 40000 (cand-13caf43 vs ref-2d6b8f1)
Finished game 2528 (ref-2d6b8f1 vs cand-13caf43): 1-0 {White wins by adjudication}
Started game 2536 of 40000 (ref-2d6b8f1 vs cand-13caf43)
Finished game 2521 (cand-13caf43 vs ref-2d6b8f1): 0-1 {Black wins by adjudication}
Started game 2537 of 40000 (cand-13caf43 vs ref-2d6b8f1)
Finished game 2527 (cand-13caf43 vs ref-2d6b8f1): 1/2-1/2 {Draw by 3-fold repetition}
Started game 2538 of 40000 (ref-2d6b8f1 vs cand-13caf43)
Finished game 2522 (ref-2d6b8f1 vs cand-13caf43): 1/2-1/2 {Draw by 3-fold repetition}
Started game 2539 of 40000 (cand-13caf43 vs ref-2d6b8f1)
Finished game 2526 (ref-2d6b8f1 vs cand-13caf43): 0-1 {Black wins by adjudication}
Started game 2540 of 40000 (ref-2d6b8f1 vs cand-13caf43)
Finished game 2529 (cand-13caf43 vs ref-2d6b8f1): 0-1 {Black wins by adjudication}
Started game 2541 of 40000 (cand-13caf43 vs ref-2d6b8f1)
Finished game 2530 (ref-2d6b8f1 vs cand-13caf43): 0-1 {Black wins by adjudication}
Started game 2542 of 40000 (ref-2d6b8f1 vs cand-13caf43)
Finished game 2534 (ref-2d6b8f1 vs cand-13caf43): 1-0 {White wins by adjudication}
Started game 2543 of 40000 (cand-13caf43 vs ref-2d6b8f1)
Finished game 2536 (ref-2d6b8f1 vs cand-13caf43): 0-1 {Black wins by adjudication}
Started game 2544 of 40000 (ref-2d6b8f1 vs cand-13caf43)
Finished game 2537 (cand-13caf43 vs ref-2d6b8f1): 1-0 {White wins by adjudication}
Started game 2545 of 40000 (cand-13caf43 vs ref-2d6b8f1)
Finished game 2538 (ref-2d6b8f1 vs cand-13caf43): 1-0 {White wins by adjudication}
Started game 2546 of 40000 (ref-2d6b8f1 vs cand-13caf43)
Finished game 2535 (cand-13caf43 vs ref-2d6b8f1): 1-0 {White wins by adjudication}
Started game 2547 of 40000 (cand-13caf43 vs ref-2d6b8f1)
Finished game 2531 (cand-13caf43 vs ref-2d6b8f1): 1/2-1/2 {Draw by 3-fold repetition}
Started game 2548 of 40000 (ref-2d6b8f1 vs cand-13caf43)
Finished game 2532 (ref-2d6b8f1 vs cand-13caf43): 1/2-1/2 {Draw by adjudication}
Started game 2549 of 40000 (cand-13caf43 vs ref-2d6b8f1)
Finished game 2540 (ref-2d6b8f1 vs cand-13caf43): 0-1 {Black wins by adjudication}
Started game 2550 of 40000 (ref-2d6b8f1 vs cand-13caf43)
Finished game 2542 (ref-2d6b8f1 vs cand-13caf43): 1-0 {White wins by adjudication}
Started game 2551 of 40000 (cand-13caf43 vs ref-2d6b8f1)
Finished game 2541 (cand-13caf43 vs ref-2d6b8f1): 1/2-1/2 {Draw by 3-fold repetition}
Started game 2552 of 40000 (ref-2d6b8f1 vs cand-13caf43)
Finished game 2533 (cand-13caf43 vs ref-2d6b8f1): 1/2-1/2 {Draw by insufficient mating material}
Started game 2553 of 40000 (cand-13caf43 vs ref-2d6b8f1)
Finished game 2546 (ref-2d6b8f1 vs cand-13caf43): 0-1 {Black wins by adjudication}
Started game 2554 of 40000 (ref-2d6b8f1 vs cand-13caf43)
Finished game 2544 (ref-2d6b8f1 vs cand-13caf43): 1-0 {White wins by adjudication}
Started game 2555 of 40000 (cand-13caf43 vs ref-2d6b8f1)
Finished game 2539 (cand-13caf43 vs ref-2d6b8f1): 1/2-1/2 {Draw by insufficient mating material}
--------------------------------------------------
Results of cand-13caf43 vs ref-2d6b8f1 (8+0.08, 1t, 16MB, noob_3moves.epd):
Elo: 15.59 +/- 10.20, nElo: 20.69 +/- 13.51
LOS: 99.87 %, DrawRatio: 35.09 %, PairsRatio: 1.18
Games: 2542, Wins: 830, Losses: 716, Draws: 996, Points: 1328.0 (52.24 %)
Ptnml(0-2): [82, 296, 446, 320, 127], WL/DD Ratio: 1.35
LLR: 1.91 (65.0%) (-2.94, 2.94) [0.00, 5.00]
--------------------------------------------------
Started game 2556 of 40000 (ref-2d6b8f1 vs cand-13caf43)
Finished game 2550 (ref-2d6b8f1 vs cand-13caf43): 1/2-1/2 {Draw by 3-fold repetition}
Started game 2557 of 40000 (cand-13caf43 vs ref-2d6b8f1)
Finished game 2543 (cand-13caf43 vs ref-2d6b8f1): 1/2-1/2 {Draw by fifty moves rule}
Started game 2558 of 40000 (ref-2d6b8f1 vs cand-13caf43)
Finished game 2547 (cand-13caf43 vs ref-2d6b8f1): 1-0 {White wins by adjudication}
Started game 2559 of 40000 (cand-13caf43 vs ref-2d6b8f1)
Finished game 2551 (cand-13caf43 vs ref-2d6b8f1): 1-0 {White wins by adjudication}
Started game 2560 of 40000 (ref-2d6b8f1 vs cand-13caf43)
Finished game 2549 (cand-13caf43 vs ref-2d6b8f1): 1/2-1/2 {Draw by 3-fold repetition}
Started game 2561 of 40000 (cand-13caf43 vs ref-2d6b8f1)
Finished game 2545 (cand-13caf43 vs ref-2d6b8f1): 1/2-1/2 {Draw by adjudication}
Started game 2562 of 40000 (ref-2d6b8f1 vs cand-13caf43)
Finished game 2552 (ref-2d6b8f1 vs cand-13caf43): 0-1 {Black wins by adjudication}
Started game 2563 of 40000 (cand-13caf43 vs ref-2d6b8f1)
Finished game 2554 (ref-2d6b8f1 vs cand-13caf43): 0-1 {Black wins by adjudication}
Started game 2564 of 40000 (ref-2d6b8f1 vs cand-13caf43)
Finished game 2548 (ref-2d6b8f1 vs cand-13caf43): 1/2-1/2 {Draw by insufficient mating material}
Started game 2565 of 40000 (cand-13caf43 vs ref-2d6b8f1)
Finished game 2553 (cand-13caf43 vs ref-2d6b8f1): 1-0 {White wins by adjudication}
Started game 2566 of 40000 (ref-2d6b8f1 vs cand-13caf43)
Finished game 2559 (cand-13caf43 vs ref-2d6b8f1): 0-1 {Black wins by adjudication}
Started game 2567 of 40000 (cand-13caf43 vs ref-2d6b8f1)
Finished game 2561 (cand-13caf43 vs ref-2d6b8f1): 0-1 {Black wins by adjudication}
Started game 2568 of 40000 (ref-2d6b8f1 vs cand-13caf43)
Finished game 2556 (ref-2d6b8f1 vs cand-13caf43): 1-0 {White wins by adjudication}
Started game 2569 of 40000 (cand-13caf43 vs ref-2d6b8f1)
Finished game 2557 (cand-13caf43 vs ref-2d6b8f1): 1-0 {White wins by adjudication}
Started game 2570 of 40000 (ref-2d6b8f1 vs cand-13caf43)
Finished game 2558 (ref-2d6b8f1 vs cand-13caf43): 1-0 {White wins by adjudication}
Started game 2571 of 40000 (cand-13caf43 vs ref-2d6b8f1)
Finished game 2560 (ref-2d6b8f1 vs cand-13caf43): 1/2-1/2 {Draw by 3-fold repetition}
--------------------------------------------------
Results of cand-13caf43 vs ref-2d6b8f1 (8+0.08, 1t, 16MB, noob_3moves.epd):
Elo: 16.04 +/- 10.17, nElo: 21.26 +/- 13.46
LOS: 99.90 %, DrawRatio: 35.03 %, PairsRatio: 1.19
Games: 2558, Wins: 837, Losses: 719, Draws: 1002, Points: 1338.0 (52.31 %)
Ptnml(0-2): [82, 298, 448, 322, 129], WL/DD Ratio: 1.35
LLR: 1.99 (67.4%) (-2.94, 2.94) [0.00, 5.00]
--------------------------------------------------
Started game 2572 of 40000 (ref-2d6b8f1 vs cand-13caf43)
Finished game 2563 (cand-13caf43 vs ref-2d6b8f1): 0-1 {Black wins by adjudication}
Started game 2573 of 40000 (cand-13caf43 vs ref-2d6b8f1)
Finished game 2555 (cand-13caf43 vs ref-2d6b8f1): 1/2-1/2 {Draw by adjudication}
Started game 2574 of 40000 (ref-2d6b8f1 vs cand-13caf43)
Finished game 2565 (cand-13caf43 vs ref-2d6b8f1): 1/2-1/2 {Draw by 3-fold repetition}
Started game 2575 of 40000 (cand-13caf43 vs ref-2d6b8f1)
Finished game 2564 (ref-2d6b8f1 vs cand-13caf43): 0-1 {Black wins by adjudication}
Started game 2576 of 40000 (ref-2d6b8f1 vs cand-13caf43)
Finished game 2566 (ref-2d6b8f1 vs cand-13caf43): 1-0 {White wins by adjudication}
Started game 2577 of 40000 (cand-13caf43 vs ref-2d6b8f1)
Finished game 2569 (cand-13caf43 vs ref-2d6b8f1): 0-1 {Black wins by adjudication}
Started game 2578 of 40000 (ref-2d6b8f1 vs cand-13caf43)
Finished game 2562 (ref-2d6b8f1 vs cand-13caf43): 0-1 {Black wins by adjudication}
Started game 2579 of 40000 (cand-13caf43 vs ref-2d6b8f1)
Finished game 2567 (cand-13caf43 vs ref-2d6b8f1): 0-1 {Black wins by adjudication}
Started game 2580 of 40000 (ref-2d6b8f1 vs cand-13caf43)
Finished game 2571 (cand-13caf43 vs ref-2d6b8f1): 1/2-1/2 {Draw by 3-fold repetition}
Started game 2581 of 40000 (cand-13caf43 vs ref-2d6b8f1)
Finished game 2568 (ref-2d6b8f1 vs cand-13caf43): 0-1 {Black wins by adjudication}
Started game 2582 of 40000 (ref-2d6b8f1 vs cand-13caf43)
Finished game 2572 (ref-2d6b8f1 vs cand-13caf43): 1/2-1/2 {Draw by 3-fold repetition}
Started game 2583 of 40000 (cand-13caf43 vs ref-2d6b8f1)
Finished game 2573 (cand-13caf43 vs ref-2d6b8f1): 1-0 {White wins by adjudication}
Started game 2584 of 40000 (ref-2d6b8f1 vs cand-13caf43)
Finished game 2570 (ref-2d6b8f1 vs cand-13caf43): 1-0 {White wins by adjudication}
Started game 2585 of 40000 (cand-13caf43 vs ref-2d6b8f1)
Finished game 2574 (ref-2d6b8f1 vs cand-13caf43): 0-1 {Black wins by adjudication}
Started game 2586 of 40000 (ref-2d6b8f1 vs cand-13caf43)
Finished game 2575 (cand-13caf43 vs ref-2d6b8f1): 1-0 {White wins by adjudication}
Started game 2587 of 40000 (cand-13caf43 vs ref-2d6b8f1)
Finished game 2577 (cand-13caf43 vs ref-2d6b8f1): 1-0 {White wins by adjudication}
Started game 2588 of 40000 (ref-2d6b8f1 vs cand-13caf43)
Finished game 2578 (ref-2d6b8f1 vs cand-13caf43): 0-1 {Black wins by adjudication}
Started game 2589 of 40000 (cand-13caf43 vs ref-2d6b8f1)
Finished game 2580 (ref-2d6b8f1 vs cand-13caf43): 0-1 {Black wins by adjudication}
Started game 2590 of 40000 (ref-2d6b8f1 vs cand-13caf43)
Finished game 2579 (cand-13caf43 vs ref-2d6b8f1): 1/2-1/2 {Draw by 3-fold repetition}
--------------------------------------------------
Results of cand-13caf43 vs ref-2d6b8f1 (8+0.08, 1t, 16MB, noob_3moves.epd):
Elo: 16.05 +/- 10.15, nElo: 21.25 +/- 13.41
LOS: 99.91 %, DrawRatio: 35.07 %, PairsRatio: 1.19
Games: 2578, Wins: 845, Losses: 726, Draws: 1007, Points: 1348.5 (52.31 %)
Ptnml(0-2): [83, 300, 452, 323, 131], WL/DD Ratio: 1.35
LLR: 2.00 (67.9%) (-2.94, 2.94) [0.00, 5.00]
--------------------------------------------------
Started game 2591 of 40000 (cand-13caf43 vs ref-2d6b8f1)
Finished game 2581 (cand-13caf43 vs ref-2d6b8f1): 1-0 {White wins by adjudication}
Started game 2592 of 40000 (ref-2d6b8f1 vs cand-13caf43)
Finished game 2585 (cand-13caf43 vs ref-2d6b8f1): 1-0 {White wins by adjudication}
Started game 2593 of 40000 (cand-13caf43 vs ref-2d6b8f1)
Finished game 2588 (ref-2d6b8f1 vs cand-13caf43): 1-0 {White wins by adjudication}
Started game 2594 of 40000 (ref-2d6b8f1 vs cand-13caf43)
Finished game 2582 (ref-2d6b8f1 vs cand-13caf43): 1-0 {White wins by adjudication}
Started game 2595 of 40000 (cand-13caf43 vs ref-2d6b8f1)
Finished game 2576 (ref-2d6b8f1 vs cand-13caf43): 1-0 {White wins by adjudication}
Started game 2596 of 40000 (ref-2d6b8f1 vs cand-13caf43)
Finished game 2586 (ref-2d6b8f1 vs cand-13caf43): 0-1 {Black wins by adjudication}
Started game 2597 of 40000 (cand-13caf43 vs ref-2d6b8f1)
Finished game 2587 (cand-13caf43 vs ref-2d6b8f1): 1-0 {White wins by adjudication}
Started game 2598 of 40000 (ref-2d6b8f1 vs cand-13caf43)
Finished game 2583 (cand-13caf43 vs ref-2d6b8f1): 1/2-1/2 {Draw by insufficient mating material}
Started game 2599 of 40000 (cand-13caf43 vs ref-2d6b8f1)
Finished game 2590 (ref-2d6b8f1 vs cand-13caf43): 0-1 {Black wins by adjudication}
Started game 2600 of 40000 (ref-2d6b8f1 vs cand-13caf43)
Finished game 2589 (cand-13caf43 vs ref-2d6b8f1): 1-0 {White wins by adjudication}
Started game 2601 of 40000 (cand-13caf43 vs ref-2d6b8f1)
Finished game 2584 (ref-2d6b8f1 vs cand-13caf43): 1/2-1/2 {Draw by stalemate}
Started game 2602 of 40000 (ref-2d6b8f1 vs cand-13caf43)
Finished game 2591 (cand-13caf43 vs ref-2d6b8f1): 0-1 {Black wins by adjudication}
Started game 2603 of 40000 (cand-13caf43 vs ref-2d6b8f1)
Finished game 2592 (ref-2d6b8f1 vs cand-13caf43): 1/2-1/2 {Draw by 3-fold repetition}
Started game 2604 of 40000 (ref-2d6b8f1 vs cand-13caf43)
Finished game 2593 (cand-13caf43 vs ref-2d6b8f1): 1/2-1/2 {Draw by 3-fold repetition}
Started game 2605 of 40000 (cand-13caf43 vs ref-2d6b8f1)
Finished game 2594 (ref-2d6b8f1 vs cand-13caf43): 1-0 {White wins by adjudication}
Started game 2606 of 40000 (ref-2d6b8f1 vs cand-13caf43)
Finished game 2596 (ref-2d6b8f1 vs cand-13caf43): 1/2-1/2 {Draw by 3-fold repetition}
Started game 2607 of 40000 (cand-13caf43 vs ref-2d6b8f1)
Finished game 2603 (cand-13caf43 vs ref-2d6b8f1): 1/2-1/2 {Draw by 3-fold repetition}
Started game 2608 of 40000 (ref-2d6b8f1 vs cand-13caf43)
Finished game 2595 (cand-13caf43 vs ref-2d6b8f1): 1/2-1/2 {Draw by 3-fold repetition}
Started game 2609 of 40000 (cand-13caf43 vs ref-2d6b8f1)
Finished game 2599 (cand-13caf43 vs ref-2d6b8f1): 1-0 {White wins by adjudication}
Started game 2610 of 40000 (ref-2d6b8f1 vs cand-13caf43)
Finished game 2600 (ref-2d6b8f1 vs cand-13caf43): 1/2-1/2 {Draw by 3-fold repetition}
--------------------------------------------------
Results of cand-13caf43 vs ref-2d6b8f1 (8+0.08, 1t, 16MB, noob_3moves.epd):
Elo: 16.33 +/- 10.10, nElo: 21.63 +/- 13.36
LOS: 99.92 %, DrawRatio: 35.18 %, PairsRatio: 1.19
Games: 2598, Wins: 853, Losses: 731, Draws: 1014, Points: 1360.0 (52.35 %)
Ptnml(0-2): [83, 302, 457, 324, 133], WL/DD Ratio: 1.36
LLR: 2.06 (69.8%) (-2.94, 2.94) [0.00, 5.00]
--------------------------------------------------
Started game 2611 of 40000 (cand-13caf43 vs ref-2d6b8f1)
Finished game 2601 (cand-13caf43 vs ref-2d6b8f1): 0-1 {Black wins by adjudication}
Started game 2612 of 40000 (ref-2d6b8f1 vs cand-13caf43)
Finished game 2598 (ref-2d6b8f1 vs cand-13caf43): 0-1 {Black wins by adjudication}
Started game 2613 of 40000 (cand-13caf43 vs ref-2d6b8f1)
Finished game 2604 (ref-2d6b8f1 vs cand-13caf43): 1/2-1/2 {Draw by adjudication}
Started game 2614 of 40000 (ref-2d6b8f1 vs cand-13caf43)
Finished game 2602 (ref-2d6b8f1 vs cand-13caf43): 1-0 {White wins by adjudication}
Started game 2615 of 40000 (cand-13caf43 vs ref-2d6b8f1)
Finished game 2597 (cand-13caf43 vs ref-2d6b8f1): 0-1 {Black wins by adjudication}
Started game 2616 of 40000 (ref-2d6b8f1 vs cand-13caf43)
Finished game 2612 (ref-2d6b8f1 vs cand-13caf43): 1/2-1/2 {Draw by 3-fold repetition}
Started game 2617 of 40000 (cand-13caf43 vs ref-2d6b8f1)
Finished game 2605 (cand-13caf43 vs ref-2d6b8f1): 1-0 {White wins by adjudication}
Started game 2618 of 40000 (ref-2d6b8f1 vs cand-13caf43)
Finished game 2606 (ref-2d6b8f1 vs cand-13caf43): 0-1 {Black wins by adjudication}
Started game 2619 of 40000 (cand-13caf43 vs ref-2d6b8f1)
Finished game 2610 (ref-2d6b8f1 vs cand-13caf43): 0-1 {Black wins by adjudication}
Started game 2620 of 40000 (ref-2d6b8f1 vs cand-13caf43)
Finished game 2608 (ref-2d6b8f1 vs cand-13caf43): 1/2-1/2 {Draw by 3-fold repetition}
Started game 2621 of 40000 (cand-13caf43 vs ref-2d6b8f1)
Finished game 2609 (cand-13caf43 vs ref-2d6b8f1): 0-1 {Black wins by adjudication}
Started game 2622 of 40000 (ref-2d6b8f1 vs cand-13caf43)
Finished game 2611 (cand-13caf43 vs ref-2d6b8f1): 1/2-1/2 {Draw by adjudication}
Started game 2623 of 40000 (cand-13caf43 vs ref-2d6b8f1)
Finished game 2614 (ref-2d6b8f1 vs cand-13caf43): 1-0 {White wins by adjudication}
Started game 2624 of 40000 (ref-2d6b8f1 vs cand-13caf43)
Finished game 2613 (cand-13caf43 vs ref-2d6b8f1): 0-1 {Black wins by adjudication}
Started game 2625 of 40000 (cand-13caf43 vs ref-2d6b8f1)
Finished game 2607 (cand-13caf43 vs ref-2d6b8f1): 1/2-1/2 {Draw by adjudication}
Started game 2626 of 40000 (ref-2d6b8f1 vs cand-13caf43)
Finished game 2617 (cand-13caf43 vs ref-2d6b8f1): 0-1 {Black wins by adjudication}
Started game 2627 of 40000 (cand-13caf43 vs ref-2d6b8f1)
Finished game 2616 (ref-2d6b8f1 vs cand-13caf43): 0-1 {Black wins by adjudication}
Started game 2628 of 40000 (ref-2d6b8f1 vs cand-13caf43)
Finished game 2619 (cand-13caf43 vs ref-2d6b8f1): 1/2-1/2 {Draw by 3-fold repetition}
Started game 2629 of 40000 (cand-13caf43 vs ref-2d6b8f1)
Finished game 2620 (ref-2d6b8f1 vs cand-13caf43): 1/2-1/2 {Draw by 3-fold repetition}
--------------------------------------------------
Results of cand-13caf43 vs ref-2d6b8f1 (8+0.08, 1t, 16MB, noob_3moves.epd):
Elo: 15.95 +/- 10.08, nElo: 21.11 +/- 13.31
LOS: 99.91 %, DrawRatio: 35.40 %, PairsRatio: 1.18
Games: 2616, Wins: 857, Losses: 737, Draws: 1022, Points: 1368.0 (52.29 %)
Ptnml(0-2): [85, 302, 463, 324, 134], WL/DD Ratio: 1.34
LLR: 2.01 (68.4%) (-2.94, 2.94) [0.00, 5.00]
--------------------------------------------------
Started game 2630 of 40000 (ref-2d6b8f1 vs cand-13caf43)
Finished game 2618 (ref-2d6b8f1 vs cand-13caf43): 0-1 {Black wins by adjudication}
Started game 2631 of 40000 (cand-13caf43 vs ref-2d6b8f1)
Finished game 2615 (cand-13caf43 vs ref-2d6b8f1): 1/2-1/2 {Draw by fifty moves rule}
Started game 2632 of 40000 (ref-2d6b8f1 vs cand-13caf43)
Finished game 2622 (ref-2d6b8f1 vs cand-13caf43): 0-1 {Black wins by adjudication}
Started game 2633 of 40000 (cand-13caf43 vs ref-2d6b8f1)
Finished game 2624 (ref-2d6b8f1 vs cand-13caf43): 1/2-1/2 {Draw by 3-fold repetition}
Started game 2634 of 40000 (ref-2d6b8f1 vs cand-13caf43)
Finished game 2621 (cand-13caf43 vs ref-2d6b8f1): 1-0 {White wins by adjudication}
Started game 2635 of 40000 (cand-13caf43 vs ref-2d6b8f1)
Finished game 2625 (cand-13caf43 vs ref-2d6b8f1): 1/2-1/2 {Draw by 3-fold repetition}
Started game 2636 of 40000 (ref-2d6b8f1 vs cand-13caf43)
Finished game 2623 (cand-13caf43 vs ref-2d6b8f1): 1/2-1/2 {Draw by 3-fold repetition}
Started game 2637 of 40000 (cand-13caf43 vs ref-2d6b8f1)
Finished game 2627 (cand-13caf43 vs ref-2d6b8f1): 1/2-1/2 {Draw by insufficient mating material}
Started game 2638 of 40000 (ref-2d6b8f1 vs cand-13caf43)
Finished game 2628 (ref-2d6b8f1 vs cand-13caf43): 0-1 {Black wins by adjudication}
Started game 2639 of 40000 (cand-13caf43 vs ref-2d6b8f1)
Finished game 2626 (ref-2d6b8f1 vs cand-13caf43): 1/2-1/2 {Draw by insufficient mating material}
Started game 2640 of 40000 (ref-2d6b8f1 vs cand-13caf43)
Finished game 2629 (cand-13caf43 vs ref-2d6b8f1): 0-1 {Black wins by adjudication}
Started game 2641 of 40000 (cand-13caf43 vs ref-2d6b8f1)
Finished game 2631 (cand-13caf43 vs ref-2d6b8f1): 1-0 {White wins by adjudication}
Started game 2642 of 40000 (ref-2d6b8f1 vs cand-13caf43)
Finished game 2632 (ref-2d6b8f1 vs cand-13caf43): 1-0 {White wins by adjudication}
Started game 2643 of 40000 (cand-13caf43 vs ref-2d6b8f1)
Finished game 2634 (ref-2d6b8f1 vs cand-13caf43): 0-1 {Black wins by adjudication}
Started game 2644 of 40000 (ref-2d6b8f1 vs cand-13caf43)
Finished game 2630 (ref-2d6b8f1 vs cand-13caf43): 1/2-1/2 {Draw by 3-fold repetition}
Started game 2645 of 40000 (cand-13caf43 vs ref-2d6b8f1)
Finished game 2635 (cand-13caf43 vs ref-2d6b8f1): 1-0 {White wins by adjudication}
Started game 2646 of 40000 (ref-2d6b8f1 vs cand-13caf43)
Finished game 2633 (cand-13caf43 vs ref-2d6b8f1): 1/2-1/2 {Draw by 3-fold repetition}
Started game 2647 of 40000 (cand-13caf43 vs ref-2d6b8f1)
Finished game 2637 (cand-13caf43 vs ref-2d6b8f1): 0-1 {Black wins by adjudication}
Started game 2648 of 40000 (ref-2d6b8f1 vs cand-13caf43)
Finished game 2640 (ref-2d6b8f1 vs cand-13caf43): 1-0 {White wins by adjudication}
Started game 2649 of 40000 (cand-13caf43 vs ref-2d6b8f1)
Finished game 2636 (ref-2d6b8f1 vs cand-13caf43): 1-0 {White wins by adjudication}
Started game 2650 of 40000 (ref-2d6b8f1 vs cand-13caf43)
Finished game 2638 (ref-2d6b8f1 vs cand-13caf43): 1/2-1/2 {Draw by 3-fold repetition}
Started game 2651 of 40000 (cand-13caf43 vs ref-2d6b8f1)
Finished game 2643 (cand-13caf43 vs ref-2d6b8f1): 0-1 {Black wins by adjudication}
Started game 2652 of 40000 (ref-2d6b8f1 vs cand-13caf43)
Finished game 2641 (cand-13caf43 vs ref-2d6b8f1): 1/2-1/2 {Draw by 3-fold repetition}
Started game 2653 of 40000 (cand-13caf43 vs ref-2d6b8f1)
Finished game 2642 (ref-2d6b8f1 vs cand-13caf43): 1/2-1/2 {Draw by adjudication}
Started game 2654 of 40000 (ref-2d6b8f1 vs cand-13caf43)
Finished game 2647 (cand-13caf43 vs ref-2d6b8f1): 0-1 {Black wins by adjudication}
Started game 2655 of 40000 (cand-13caf43 vs ref-2d6b8f1)
Finished game 2644 (ref-2d6b8f1 vs cand-13caf43): 1-0 {White wins by adjudication}
Started game 2656 of 40000 (ref-2d6b8f1 vs cand-13caf43)
Finished game 2639 (cand-13caf43 vs ref-2d6b8f1): 1/2-1/2 {Draw by adjudication}
--------------------------------------------------
Results of cand-13caf43 vs ref-2d6b8f1 (8+0.08, 1t, 16MB, noob_3moves.epd):
Elo: 15.78 +/- 10.02, nElo: 20.90 +/- 13.24
LOS: 99.90 %, DrawRatio: 35.48 %, PairsRatio: 1.18
Games: 2644, Wins: 865, Losses: 745, Draws: 1034, Points: 1382.0 (52.27 %)
Ptnml(0-2): [86, 305, 469, 327, 135], WL/DD Ratio: 1.33
LLR: 2.01 (68.4%) (-2.94, 2.94) [0.00, 5.00]
--------------------------------------------------
Started game 2657 of 40000 (cand-13caf43 vs ref-2d6b8f1)
Finished game 2646 (ref-2d6b8f1 vs cand-13caf43): 0-1 {Black wins by adjudication}
Started game 2658 of 40000 (ref-2d6b8f1 vs cand-13caf43)
Finished game 2650 (ref-2d6b8f1 vs cand-13caf43): 0-1 {Black wins by adjudication}
Started game 2659 of 40000 (cand-13caf43 vs ref-2d6b8f1)
Finished game 2645 (cand-13caf43 vs ref-2d6b8f1): 0-1 {Black wins by adjudication}
Started game 2660 of 40000 (ref-2d6b8f1 vs cand-13caf43)
Finished game 2648 (ref-2d6b8f1 vs cand-13caf43): 0-1 {Black wins by adjudication}
Started game 2661 of 40000 (cand-13caf43 vs ref-2d6b8f1)
Finished game 2651 (cand-13caf43 vs ref-2d6b8f1): 0-1 {Black wins by adjudication}
Started game 2662 of 40000 (ref-2d6b8f1 vs cand-13caf43)
Finished game 2656 (ref-2d6b8f1 vs cand-13caf43): 1-0 {White wins by adjudication}
Started game 2663 of 40000 (cand-13caf43 vs ref-2d6b8f1)
Finished game 2652 (ref-2d6b8f1 vs cand-13caf43): 1-0 {White wins by adjudication}
Started game 2664 of 40000 (ref-2d6b8f1 vs cand-13caf43)
Finished game 2653 (cand-13caf43 vs ref-2d6b8f1): 1/2-1/2 {Draw by 3-fold repetition}
Started game 2665 of 40000 (cand-13caf43 vs ref-2d6b8f1)
Finished game 2655 (cand-13caf43 vs ref-2d6b8f1): 1-0 {White wins by adjudication}
Started game 2666 of 40000 (ref-2d6b8f1 vs cand-13caf43)
Finished game 2649 (cand-13caf43 vs ref-2d6b8f1): 1/2-1/2 {Draw by fifty moves rule}
Started game 2667 of 40000 (cand-13caf43 vs ref-2d6b8f1)
Finished game 2657 (cand-13caf43 vs ref-2d6b8f1): 1-0 {White wins by adjudication}
Started game 2668 of 40000 (ref-2d6b8f1 vs cand-13caf43)
Finished game 2658 (ref-2d6b8f1 vs cand-13caf43): 1/2-1/2 {Draw by 3-fold repetition}
Started game 2669 of 40000 (cand-13caf43 vs ref-2d6b8f1)
Finished game 2654 (ref-2d6b8f1 vs cand-13caf43): 0-1 {Black wins by adjudication}
Started game 2670 of 40000 (ref-2d6b8f1 vs cand-13caf43)
Finished game 2661 (cand-13caf43 vs ref-2d6b8f1): 1/2-1/2 {Draw by 3-fold repetition}
Started game 2671 of 40000 (cand-13caf43 vs ref-2d6b8f1)
Finished game 2663 (cand-13caf43 vs ref-2d6b8f1): 1/2-1/2 {Draw by 3-fold repetition}
Started game 2672 of 40000 (ref-2d6b8f1 vs cand-13caf43)
Finished game 2659 (cand-13caf43 vs ref-2d6b8f1): 1/2-1/2 {Draw by 3-fold repetition}
Started game 2673 of 40000 (cand-13caf43 vs ref-2d6b8f1)
Finished game 2664 (ref-2d6b8f1 vs cand-13caf43): 0-1 {Black wins by adjudication}
Started game 2674 of 40000 (ref-2d6b8f1 vs cand-13caf43)
Finished game 2665 (cand-13caf43 vs ref-2d6b8f1): 0-1 {Black wins by adjudication}
Started game 2675 of 40000 (cand-13caf43 vs ref-2d6b8f1)
Finished game 2660 (ref-2d6b8f1 vs cand-13caf43): 1/2-1/2 {Draw by 3-fold repetition}
--------------------------------------------------
Results of cand-13caf43 vs ref-2d6b8f1 (8+0.08, 1t, 16MB, noob_3moves.epd):
Elo: 15.93 +/- 9.97, nElo: 21.12 +/- 13.20
LOS: 99.91 %, DrawRatio: 35.54 %, PairsRatio: 1.19
Games: 2662, Wins: 872, Losses: 750, Draws: 1040, Points: 1392.0 (52.29 %)
Ptnml(0-2): [87, 305, 473, 331, 135], WL/DD Ratio: 1.34
LLR: 2.05 (69.6%) (-2.94, 2.94) [0.00, 5.00]
--------------------------------------------------
Started game 2676 of 40000 (ref-2d6b8f1 vs cand-13caf43)
Finished game 2662 (ref-2d6b8f1 vs cand-13caf43): 0-1 {Black wins by adjudication}
Started game 2677 of 40000 (cand-13caf43 vs ref-2d6b8f1)
Finished game 2667 (cand-13caf43 vs ref-2d6b8f1): 1-0 {White wins by adjudication}
Started game 2678 of 40000 (ref-2d6b8f1 vs cand-13caf43)
Finished game 2670 (ref-2d6b8f1 vs cand-13caf43): 1-0 {White wins by adjudication}
Started game 2679 of 40000 (cand-13caf43 vs ref-2d6b8f1)
Finished game 2668 (ref-2d6b8f1 vs cand-13caf43): 0-1 {Black wins by adjudication}
Started game 2680 of 40000 (ref-2d6b8f1 vs cand-13caf43)
Finished game 2672 (ref-2d6b8f1 vs cand-13caf43): 1/2-1/2 {Draw by 3-fold repetition}
Started game 2681 of 40000 (cand-13caf43 vs ref-2d6b8f1)
Finished game 2669 (cand-13caf43 vs ref-2d6b8f1): 1-0 {White wins by adjudication}
Started game 2682 of 40000 (ref-2d6b8f1 vs cand-13caf43)
Finished game 2666 (ref-2d6b8f1 vs cand-13caf43): 1/2-1/2 {Draw by fifty moves rule}
Started game 2683 of 40000 (cand-13caf43 vs ref-2d6b8f1)
Finished game 2673 (cand-13caf43 vs ref-2d6b8f1): 1/2-1/2 {Draw by 3-fold repetition}
Started game 2684 of 40000 (ref-2d6b8f1 vs cand-13caf43)
Finished game 2676 (ref-2d6b8f1 vs cand-13caf43): 0-1 {Black wins by adjudication}
Started game 2685 of 40000 (cand-13caf43 vs ref-2d6b8f1)
Finished game 2674 (ref-2d6b8f1 vs cand-13caf43): 1/2-1/2 {Draw by adjudication}
Started game 2686 of 40000 (ref-2d6b8f1 vs cand-13caf43)
Finished game 2671 (cand-13caf43 vs ref-2d6b8f1): 1/2-1/2 {Draw by fifty moves rule}
Started game 2687 of 40000 (cand-13caf43 vs ref-2d6b8f1)
Finished game 2677 (cand-13caf43 vs ref-2d6b8f1): 1-0 {White wins by adjudication}
Started game 2688 of 40000 (ref-2d6b8f1 vs cand-13caf43)
Finished game 2678 (ref-2d6b8f1 vs cand-13caf43): 0-1 {Black wins by adjudication}
Started game 2689 of 40000 (cand-13caf43 vs ref-2d6b8f1)
Finished game 2675 (cand-13caf43 vs ref-2d6b8f1): 0-1 {Black wins by adjudication}
Started game 2690 of 40000 (ref-2d6b8f1 vs cand-13caf43)
Finished game 2680 (ref-2d6b8f1 vs cand-13caf43): 1/2-1/2 {Draw by 3-fold repetition}
Started game 2691 of 40000 (cand-13caf43 vs ref-2d6b8f1)
Finished game 2683 (cand-13caf43 vs ref-2d6b8f1): 1/2-1/2 {Draw by 3-fold repetition}
Started game 2692 of 40000 (ref-2d6b8f1 vs cand-13caf43)
Finished game 2688 (ref-2d6b8f1 vs cand-13caf43): 1/2-1/2 {Draw by 3-fold repetition}
Started game 2693 of 40000 (cand-13caf43 vs ref-2d6b8f1)
Finished game 2681 (cand-13caf43 vs ref-2d6b8f1): 1-0 {White wins by adjudication}
Started game 2694 of 40000 (ref-2d6b8f1 vs cand-13caf43)
Finished game 2682 (ref-2d6b8f1 vs cand-13caf43): 1-0 {White wins by adjudication}
Started game 2695 of 40000 (cand-13caf43 vs ref-2d6b8f1)
Finished game 2684 (ref-2d6b8f1 vs cand-13caf43): 0-1 {Black wins by adjudication}
Started game 2696 of 40000 (ref-2d6b8f1 vs cand-13caf43)
Finished game 2687 (cand-13caf43 vs ref-2d6b8f1): 1/2-1/2 {Draw by adjudication}
Started game 2697 of 40000 (cand-13caf43 vs ref-2d6b8f1)
Finished game 2679 (cand-13caf43 vs ref-2d6b8f1): 1/2-1/2 {Draw by insufficient mating material}
--------------------------------------------------
Results of cand-13caf43 vs ref-2d6b8f1 (8+0.08, 1t, 16MB, noob_3moves.epd):
Elo: 16.44 +/- 9.92, nElo: 21.82 +/- 13.14
LOS: 99.94 %, DrawRatio: 35.74 %, PairsRatio: 1.20
Games: 2686, Wins: 881, Losses: 754, Draws: 1051, Points: 1406.5 (52.36 %)
Ptnml(0-2): [87, 306, 480, 333, 137], WL/DD Ratio: 1.33
LLR: 2.15 (72.9%) (-2.94, 2.94) [0.00, 5.00]
--------------------------------------------------
Started game 2698 of 40000 (ref-2d6b8f1 vs cand-13caf43)
Finished game 2686 (ref-2d6b8f1 vs cand-13caf43): 1/2-1/2 {Draw by 3-fold repetition}
Started game 2699 of 40000 (cand-13caf43 vs ref-2d6b8f1)
Finished game 2689 (cand-13caf43 vs ref-2d6b8f1): 1/2-1/2 {Draw by 3-fold repetition}
Started game 2700 of 40000 (ref-2d6b8f1 vs cand-13caf43)
Finished game 2685 (cand-13caf43 vs ref-2d6b8f1): 1/2-1/2 {Draw by insufficient mating material}
Started game 2701 of 40000 (cand-13caf43 vs ref-2d6b8f1)
Finished game 2691 (cand-13caf43 vs ref-2d6b8f1): 1-0 {White wins by adjudication}
Started game 2702 of 40000 (ref-2d6b8f1 vs cand-13caf43)
Finished game 2692 (ref-2d6b8f1 vs cand-13caf43): 0-1 {Black wins by adjudication}
Started game 2703 of 40000 (cand-13caf43 vs ref-2d6b8f1)
Finished game 2694 (ref-2d6b8f1 vs cand-13caf43): 0-1 {Black wins by adjudication}
Started game 2704 of 40000 (ref-2d6b8f1 vs cand-13caf43)
Finished game 2695 (cand-13caf43 vs ref-2d6b8f1): 1-0 {White wins by adjudication}
Started game 2705 of 40000 (cand-13caf43 vs ref-2d6b8f1)
Finished game 2698 (ref-2d6b8f1 vs cand-13caf43): 1-0 {White wins by adjudication}
Started game 2706 of 40000 (ref-2d6b8f1 vs cand-13caf43)
Finished game 2693 (cand-13caf43 vs ref-2d6b8f1): 1-0 {White wins by adjudication}
Started game 2707 of 40000 (cand-13caf43 vs ref-2d6b8f1)
Finished game 2700 (ref-2d6b8f1 vs cand-13caf43): 1-0 {White wins by adjudication}
Started game 2708 of 40000 (ref-2d6b8f1 vs cand-13caf43)
Finished game 2696 (ref-2d6b8f1 vs cand-13caf43): 1-0 {White wins by adjudication}
Started game 2709 of 40000 (cand-13caf43 vs ref-2d6b8f1)
Finished game 2690 (ref-2d6b8f1 vs cand-13caf43): 1/2-1/2 {Draw by 3-fold repetition}
Started game 2710 of 40000 (ref-2d6b8f1 vs cand-13caf43)
Finished game 2697 (cand-13caf43 vs ref-2d6b8f1): 0-1 {Black wins by adjudication}
Started game 2711 of 40000 (cand-13caf43 vs ref-2d6b8f1)
Finished game 2702 (ref-2d6b8f1 vs cand-13caf43): 0-1 {Black wins by adjudication}
Started game 2712 of 40000 (ref-2d6b8f1 vs cand-13caf43)
Finished game 2699 (cand-13caf43 vs ref-2d6b8f1): 1-0 {White wins by adjudication}
--------------------------------------------------
Results of cand-13caf43 vs ref-2d6b8f1 (8+0.08, 1t, 16MB, noob_3moves.epd):
Elo: 16.61 +/- 9.91, nElo: 22.02 +/- 13.11
LOS: 99.95 %, DrawRatio: 35.85 %, PairsRatio: 1.20
Games: 2700, Wins: 887, Losses: 758, Draws: 1055, Points: 1414.5 (52.39 %)
Ptnml(0-2): [88, 306, 484, 333, 139], WL/DD Ratio: 1.33
LLR: 2.18 (74.0%) (-2.94, 2.94) [0.00, 5.00]
--------------------------------------------------
Started game 2713 of 40000 (cand-13caf43 vs ref-2d6b8f1)
Finished game 2703 (cand-13caf43 vs ref-2d6b8f1): 1-0 {White wins by adjudication}
Started game 2714 of 40000 (ref-2d6b8f1 vs cand-13caf43)
Finished game 2706 (ref-2d6b8f1 vs cand-13caf43): 1-0 {White wins by adjudication}
Started game 2715 of 40000 (cand-13caf43 vs ref-2d6b8f1)
Finished game 2704 (ref-2d6b8f1 vs cand-13caf43): 1-0 {White wins by adjudication}
Started game 2716 of 40000 (ref-2d6b8f1 vs cand-13caf43)
Finished game 2709 (cand-13caf43 vs ref-2d6b8f1): 1/2-1/2 {Draw by 3-fold repetition}
Started game 2717 of 40000 (cand-13caf43 vs ref-2d6b8f1)
Finished game 2705 (cand-13caf43 vs ref-2d6b8f1): 1-0 {White wins by adjudication}
Started game 2718 of 40000 (ref-2d6b8f1 vs cand-13caf43)
Finished game 2710 (ref-2d6b8f1 vs cand-13caf43): 0-1 {Black wins by adjudication}
Started game 2719 of 40000 (cand-13caf43 vs ref-2d6b8f1)
Finished game 2701 (cand-13caf43 vs ref-2d6b8f1): 1/2-1/2 {Draw by fifty moves rule}
Started game 2720 of 40000 (ref-2d6b8f1 vs cand-13caf43)
Finished game 2711 (cand-13caf43 vs ref-2d6b8f1): 1-0 {White wins by adjudication}
Started game 2721 of 40000 (cand-13caf43 vs ref-2d6b8f1)
Finished game 2716 (ref-2d6b8f1 vs cand-13caf43): 0-1 {Black wins by adjudication}
Started game 2722 of 40000 (ref-2d6b8f1 vs cand-13caf43)
Finished game 2712 (ref-2d6b8f1 vs cand-13caf43): 1/2-1/2 {Draw by 3-fold repetition}
Started game 2723 of 40000 (cand-13caf43 vs ref-2d6b8f1)
Finished game 2708 (ref-2d6b8f1 vs cand-13caf43): 1/2-1/2 {Draw by fifty moves rule}
Started game 2724 of 40000 (ref-2d6b8f1 vs cand-13caf43)
Finished game 2707 (cand-13caf43 vs ref-2d6b8f1): 1/2-1/2 {Draw by fifty moves rule}
Started game 2725 of 40000 (cand-13caf43 vs ref-2d6b8f1)
Finished game 2713 (cand-13caf43 vs ref-2d6b8f1): 1/2-1/2 {Draw by 3-fold repetition}
Started game 2726 of 40000 (ref-2d6b8f1 vs cand-13caf43)
Finished game 2715 (cand-13caf43 vs ref-2d6b8f1): 1/2-1/2 {Draw by 3-fold repetition}
Started game 2727 of 40000 (cand-13caf43 vs ref-2d6b8f1)
Finished game 2714 (ref-2d6b8f1 vs cand-13caf43): 1/2-1/2 {Draw by insufficient mating material}
Started game 2728 of 40000 (ref-2d6b8f1 vs cand-13caf43)
Finished game 2718 (ref-2d6b8f1 vs cand-13caf43): 1-0 {White wins by adjudication}
Started game 2729 of 40000 (cand-13caf43 vs ref-2d6b8f1)
Finished game 2724 (ref-2d6b8f1 vs cand-13caf43): 1-0 {White wins by adjudication}
Started game 2730 of 40000 (ref-2d6b8f1 vs cand-13caf43)
Finished game 2720 (ref-2d6b8f1 vs cand-13caf43): 1/2-1/2 {Draw by adjudication}
Started game 2731 of 40000 (cand-13caf43 vs ref-2d6b8f1)
Finished game 2719 (cand-13caf43 vs ref-2d6b8f1): 1/2-1/2 {Draw by insufficient mating material}
--------------------------------------------------
Results of cand-13caf43 vs ref-2d6b8f1 (8+0.08, 1t, 16MB, noob_3moves.epd):
Elo: 17.01 +/- 9.85, nElo: 22.60 +/- 13.06
LOS: 99.97 %, DrawRatio: 35.98 %, PairsRatio: 1.21
Games: 2718, Wins: 893, Losses: 760, Draws: 1065, Points: 1425.5 (52.45 %)
Ptnml(0-2): [88, 306, 489, 337, 139], WL/DD Ratio: 1.32
LLR: 2.26 (76.7%) (-2.94, 2.94) [0.00, 5.00]
--------------------------------------------------
Started game 2732 of 40000 (ref-2d6b8f1 vs cand-13caf43)
Finished game 2725 (cand-13caf43 vs ref-2d6b8f1): 1/2-1/2 {Draw by adjudication}
Started game 2733 of 40000 (cand-13caf43 vs ref-2d6b8f1)
Finished game 2721 (cand-13caf43 vs ref-2d6b8f1): 1-0 {White wins by adjudication}
Started game 2734 of 40000 (ref-2d6b8f1 vs cand-13caf43)
Finished game 2722 (ref-2d6b8f1 vs cand-13caf43): 1-0 {White wins by adjudication}
Started game 2735 of 40000 (cand-13caf43 vs ref-2d6b8f1)
Finished game 2727 (cand-13caf43 vs ref-2d6b8f1): 1-0 {White wins by adjudication}
Started game 2736 of 40000 (ref-2d6b8f1 vs cand-13caf43)
Finished game 2723 (cand-13caf43 vs ref-2d6b8f1): 0-1 {Black wins by adjudication}
Started game 2737 of 40000 (cand-13caf43 vs ref-2d6b8f1)
Finished game 2730 (ref-2d6b8f1 vs cand-13caf43): 0-1 {Black wins by adjudication}
Started game 2738 of 40000 (ref-2d6b8f1 vs cand-13caf43)
Finished game 2726 (ref-2d6b8f1 vs cand-13caf43): 0-1 {Black wins by adjudication}
Started game 2739 of 40000 (cand-13caf43 vs ref-2d6b8f1)
Finished game 2729 (cand-13caf43 vs ref-2d6b8f1): 0-1 {Black wins by adjudication}
Started game 2740 of 40000 (ref-2d6b8f1 vs cand-13caf43)
Finished game 2717 (cand-13caf43 vs ref-2d6b8f1): 1/2-1/2 {Draw by adjudication}
Started game 2741 of 40000 (cand-13caf43 vs ref-2d6b8f1)
Finished game 2728 (ref-2d6b8f1 vs cand-13caf43): 1-0 {White wins by adjudication}
Started game 2742 of 40000 (ref-2d6b8f1 vs cand-13caf43)
Finished game 2732 (ref-2d6b8f1 vs cand-13caf43): 0-1 {Black wins by adjudication}
Started game 2743 of 40000 (cand-13caf43 vs ref-2d6b8f1)
Finished game 2733 (cand-13caf43 vs ref-2d6b8f1): 0-1 {Black wins by adjudication}
Started game 2744 of 40000 (ref-2d6b8f1 vs cand-13caf43)
Finished game 2731 (cand-13caf43 vs ref-2d6b8f1): 1-0 {White wins by adjudication}
Started game 2745 of 40000 (cand-13caf43 vs ref-2d6b8f1)
Finished game 2737 (cand-13caf43 vs ref-2d6b8f1): 1-0 {White wins by adjudication}
Started game 2746 of 40000 (ref-2d6b8f1 vs cand-13caf43)
Finished game 2734 (ref-2d6b8f1 vs cand-13caf43): 0-1 {Black wins by adjudication}
Started game 2747 of 40000 (cand-13caf43 vs ref-2d6b8f1)
Finished game 2736 (ref-2d6b8f1 vs cand-13caf43): 1/2-1/2 {Draw by 3-fold repetition}
Started game 2748 of 40000 (ref-2d6b8f1 vs cand-13caf43)
Finished game 2741 (cand-13caf43 vs ref-2d6b8f1): 1-0 {White wins by adjudication}
Started game 2749 of 40000 (cand-13caf43 vs ref-2d6b8f1)
Finished game 2738 (ref-2d6b8f1 vs cand-13caf43): 0-1 {Black wins by adjudication}
Started game 2750 of 40000 (ref-2d6b8f1 vs cand-13caf43)
Finished game 2735 (cand-13caf43 vs ref-2d6b8f1): 1-0 {White wins by adjudication}
Started game 2751 of 40000 (cand-13caf43 vs ref-2d6b8f1)
Finished game 2743 (cand-13caf43 vs ref-2d6b8f1): 1-0 {White wins by adjudication}
Started game 2752 of 40000 (ref-2d6b8f1 vs cand-13caf43)
Finished game 2742 (ref-2d6b8f1 vs cand-13caf43): 1/2-1/2 {Draw by 3-fold repetition}
Started game 2753 of 40000 (cand-13caf43 vs ref-2d6b8f1)
Finished game 2744 (ref-2d6b8f1 vs cand-13caf43): 0-1 {Black wins by adjudication}
Started game 2754 of 40000 (ref-2d6b8f1 vs cand-13caf43)
Finished game 2748 (ref-2d6b8f1 vs cand-13caf43): 0-1 {Black wins by adjudication}
Started game 2755 of 40000 (cand-13caf43 vs ref-2d6b8f1)
Finished game 2746 (ref-2d6b8f1 vs cand-13caf43): 0-1 {Black wins by adjudication}
Started game 2756 of 40000 (ref-2d6b8f1 vs cand-13caf43)
Finished game 2745 (cand-13caf43 vs ref-2d6b8f1): 0-1 {Black wins by adjudication}
Started game 2757 of 40000 (cand-13caf43 vs ref-2d6b8f1)
Finished game 2747 (cand-13caf43 vs ref-2d6b8f1): 0-1 {Black wins by adjudication}
Started game 2758 of 40000 (ref-2d6b8f1 vs cand-13caf43)
Finished game 2739 (cand-13caf43 vs ref-2d6b8f1): 1/2-1/2 {Draw by fifty moves rule}
Started game 2759 of 40000 (cand-13caf43 vs ref-2d6b8f1)
Finished game 2749 (cand-13caf43 vs ref-2d6b8f1): 1-0 {White wins by adjudication}
Started game 2760 of 40000 (ref-2d6b8f1 vs cand-13caf43)
Finished game 2751 (cand-13caf43 vs ref-2d6b8f1): 1/2-1/2 {Draw by 3-fold repetition}
Started game 2761 of 40000 (cand-13caf43 vs ref-2d6b8f1)
Finished game 2757 (cand-13caf43 vs ref-2d6b8f1): 1-0 {White wins by adjudication}
Started game 2762 of 40000 (ref-2d6b8f1 vs cand-13caf43)
Finished game 2752 (ref-2d6b8f1 vs cand-13caf43): 1-0 {White wins by adjudication}
Started game 2763 of 40000 (cand-13caf43 vs ref-2d6b8f1)
Finished game 2753 (cand-13caf43 vs ref-2d6b8f1): 1-0 {White wins by adjudication}
Started game 2764 of 40000 (ref-2d6b8f1 vs cand-13caf43)
Finished game 2740 (ref-2d6b8f1 vs cand-13caf43): 1/2-1/2 {Draw by adjudication}
--------------------------------------------------
Results of cand-13caf43 vs ref-2d6b8f1 (8+0.08, 1t, 16MB, noob_3moves.epd):
Elo: 17.45 +/- 9.80, nElo: 23.16 +/- 12.99
LOS: 99.98 %, DrawRatio: 36.07 %, PairsRatio: 1.21
Games: 2750, Wins: 908, Losses: 770, Draws: 1072, Points: 1444.0 (52.51 %)
Ptnml(0-2): [89, 308, 496, 340, 142], WL/DD Ratio: 1.34
LLR: 2.35 (79.8%) (-2.94, 2.94) [0.00, 5.00]
--------------------------------------------------
Started game 2765 of 40000 (cand-13caf43 vs ref-2d6b8f1)
Finished game 2755 (cand-13caf43 vs ref-2d6b8f1): 1/2-1/2 {Draw by 3-fold repetition}
Started game 2766 of 40000 (ref-2d6b8f1 vs cand-13caf43)
Finished game 2750 (ref-2d6b8f1 vs cand-13caf43): 1/2-1/2 {Draw by fifty moves rule}
Started game 2767 of 40000 (cand-13caf43 vs ref-2d6b8f1)
Finished game 2758 (ref-2d6b8f1 vs cand-13caf43): 1/2-1/2 {Draw by 3-fold repetition}
Started game 2768 of 40000 (ref-2d6b8f1 vs cand-13caf43)
Finished game 2754 (ref-2d6b8f1 vs cand-13caf43): 1/2-1/2 {Draw by adjudication}
Started game 2769 of 40000 (cand-13caf43 vs ref-2d6b8f1)
Finished game 2760 (ref-2d6b8f1 vs cand-13caf43): 1/2-1/2 {Draw by adjudication}
Started game 2770 of 40000 (ref-2d6b8f1 vs cand-13caf43)
Finished game 2761 (cand-13caf43 vs ref-2d6b8f1): 1-0 {White wins by adjudication}
Started game 2771 of 40000 (cand-13caf43 vs ref-2d6b8f1)
Finished game 2756 (ref-2d6b8f1 vs cand-13caf43): 1/2-1/2 {Draw by insufficient mating material}
Started game 2772 of 40000 (ref-2d6b8f1 vs cand-13caf43)
Finished game 2759 (cand-13caf43 vs ref-2d6b8f1): 1-0 {White wins by adjudication}
--------------------------------------------------
Results of cand-13caf43 vs ref-2d6b8f1 (8+0.08, 1t, 16MB, noob_3moves.epd):
Elo: 17.89 +/- 9.78, nElo: 23.77 +/- 12.96
LOS: 99.98 %, DrawRatio: 36.01 %, PairsRatio: 1.22
Games: 2760, Wins: 912, Losses: 770, Draws: 1078, Points: 1451.0 (52.57 %)
Ptnml(0-2): [89, 308, 497, 344, 142], WL/DD Ratio: 1.33
LLR: 2.42 (82.4%) (-2.94, 2.94) [0.00, 5.00]
--------------------------------------------------
Started game 2773 of 40000 (cand-13caf43 vs ref-2d6b8f1)
Finished game 2762 (ref-2d6b8f1 vs cand-13caf43): 0-1 {Black wins by adjudication}
Started game 2774 of 40000 (ref-2d6b8f1 vs cand-13caf43)
Finished game 2766 (ref-2d6b8f1 vs cand-13caf43): 1-0 {White wins by adjudication}
Started game 2775 of 40000 (cand-13caf43 vs ref-2d6b8f1)
Finished game 2765 (cand-13caf43 vs ref-2d6b8f1): 0-1 {Black wins by adjudication}
Started game 2776 of 40000 (ref-2d6b8f1 vs cand-13caf43)
Finished game 2764 (ref-2d6b8f1 vs cand-13caf43): 1/2-1/2 {Draw by 3-fold repetition}
Started game 2777 of 40000 (cand-13caf43 vs ref-2d6b8f1)
Finished game 2769 (cand-13caf43 vs ref-2d6b8f1): 1/2-1/2 {Draw by 3-fold repetition}
Started game 2778 of 40000 (ref-2d6b8f1 vs cand-13caf43)
Finished game 2768 (ref-2d6b8f1 vs cand-13caf43): 0-1 {Black wins by adjudication}
Started game 2779 of 40000 (cand-13caf43 vs ref-2d6b8f1)
Finished game 2763 (cand-13caf43 vs ref-2d6b8f1): 1/2-1/2 {Draw by insufficient mating material}
Started game 2780 of 40000 (ref-2d6b8f1 vs cand-13caf43)
Finished game 2772 (ref-2d6b8f1 vs cand-13caf43): 1-0 {White wins by adjudication}
Started game 2781 of 40000 (cand-13caf43 vs ref-2d6b8f1)
Finished game 2770 (ref-2d6b8f1 vs cand-13caf43): 1-0 {White wins by adjudication}
Started game 2782 of 40000 (ref-2d6b8f1 vs cand-13caf43)
Finished game 2771 (cand-13caf43 vs ref-2d6b8f1): 1-0 {White wins by adjudication}
Started game 2783 of 40000 (cand-13caf43 vs ref-2d6b8f1)
Finished game 2773 (cand-13caf43 vs ref-2d6b8f1): 0-1 {Black wins by adjudication}
Started game 2784 of 40000 (ref-2d6b8f1 vs cand-13caf43)
Finished game 2774 (ref-2d6b8f1 vs cand-13caf43): 1-0 {White wins by adjudication}
Started game 2785 of 40000 (cand-13caf43 vs ref-2d6b8f1)
Finished game 2777 (cand-13caf43 vs ref-2d6b8f1): 1/2-1/2 {Draw by 3-fold repetition}
Started game 2786 of 40000 (ref-2d6b8f1 vs cand-13caf43)
Finished game 2767 (cand-13caf43 vs ref-2d6b8f1): 1/2-1/2 {Draw by 3-fold repetition}
Started game 2787 of 40000 (cand-13caf43 vs ref-2d6b8f1)
Finished game 2775 (cand-13caf43 vs ref-2d6b8f1): 1/2-1/2 {Draw by 3-fold repetition}
Started game 2788 of 40000 (ref-2d6b8f1 vs cand-13caf43)
Finished game 2776 (ref-2d6b8f1 vs cand-13caf43): 1/2-1/2 {Draw by 3-fold repetition}
Started game 2789 of 40000 (cand-13caf43 vs ref-2d6b8f1)
Finished game 2780 (ref-2d6b8f1 vs cand-13caf43): 0-1 {Black wins by adjudication}
Started game 2790 of 40000 (ref-2d6b8f1 vs cand-13caf43)
Finished game 2781 (cand-13caf43 vs ref-2d6b8f1): 1-0 {White wins by adjudication}
Started game 2791 of 40000 (cand-13caf43 vs ref-2d6b8f1)
Finished game 2782 (ref-2d6b8f1 vs cand-13caf43): 1-0 {White wins by adjudication}
Started game 2792 of 40000 (ref-2d6b8f1 vs cand-13caf43)
Finished game 2778 (ref-2d6b8f1 vs cand-13caf43): 1/2-1/2 {Draw by insufficient mating material}
Started game 2793 of 40000 (cand-13caf43 vs ref-2d6b8f1)
Finished game 2783 (cand-13caf43 vs ref-2d6b8f1): 0-1 {Black wins by adjudication}
Started game 2794 of 40000 (ref-2d6b8f1 vs cand-13caf43)
Finished game 2787 (cand-13caf43 vs ref-2d6b8f1): 0-1 {Black wins by adjudication}
Started game 2795 of 40000 (cand-13caf43 vs ref-2d6b8f1)
Finished game 2784 (ref-2d6b8f1 vs cand-13caf43): 1/2-1/2 {Draw by 3-fold repetition}
Started game 2796 of 40000 (ref-2d6b8f1 vs cand-13caf43)
Finished game 2786 (ref-2d6b8f1 vs cand-13caf43): 0-1 {Black wins by adjudication}
Started game 2797 of 40000 (cand-13caf43 vs ref-2d6b8f1)
Finished game 2789 (cand-13caf43 vs ref-2d6b8f1): 1/2-1/2 {Draw by 3-fold repetition}
Started game 2798 of 40000 (ref-2d6b8f1 vs cand-13caf43)
Finished game 2788 (ref-2d6b8f1 vs cand-13caf43): 1-0 {White wins by adjudication}
Started game 2799 of 40000 (cand-13caf43 vs ref-2d6b8f1)
Finished game 2790 (ref-2d6b8f1 vs cand-13caf43): 1-0 {White wins by adjudication}
Started game 2800 of 40000 (ref-2d6b8f1 vs cand-13caf43)
Finished game 2791 (cand-13caf43 vs ref-2d6b8f1): 0-1 {Black wins by adjudication}
Started game 2801 of 40000 (cand-13caf43 vs ref-2d6b8f1)
Finished game 2779 (cand-13caf43 vs ref-2d6b8f1): 1/2-1/2 {Draw by 3-fold repetition}
--------------------------------------------------
Results of cand-13caf43 vs ref-2d6b8f1 (8+0.08, 1t, 16MB, noob_3moves.epd):
Elo: 17.09 +/- 9.75, nElo: 22.65 +/- 12.90
LOS: 99.97 %, DrawRatio: 36.01 %, PairsRatio: 1.21
Games: 2788, Wins: 918, Losses: 781, Draws: 1089, Points: 1462.5 (52.46 %)
Ptnml(0-2): [92, 311, 502, 346, 143], WL/DD Ratio: 1.32
LLR: 2.32 (78.8%) (-2.94, 2.94) [0.00, 5.00]
--------------------------------------------------
Started game 2802 of 40000 (ref-2d6b8f1 vs cand-13caf43)
Finished game 2793 (cand-13caf43 vs ref-2d6b8f1): 1/2-1/2 {Draw by 3-fold repetition}
Started game 2803 of 40000 (cand-13caf43 vs ref-2d6b8f1)
Finished game 2792 (ref-2d6b8f1 vs cand-13caf43): 1/2-1/2 {Draw by 3-fold repetition}
Started game 2804 of 40000 (ref-2d6b8f1 vs cand-13caf43)
Finished game 2794 (ref-2d6b8f1 vs cand-13caf43): 1/2-1/2 {Draw by 3-fold repetition}
Started game 2805 of 40000 (cand-13caf43 vs ref-2d6b8f1)
Finished game 2785 (cand-13caf43 vs ref-2d6b8f1): 1/2-1/2 {Draw by fifty moves rule}
Started game 2806 of 40000 (ref-2d6b8f1 vs cand-13caf43)
Finished game 2795 (cand-13caf43 vs ref-2d6b8f1): 1-0 {White wins by adjudication}
Started game 2807 of 40000 (cand-13caf43 vs ref-2d6b8f1)
Finished game 2798 (ref-2d6b8f1 vs cand-13caf43): 1/2-1/2 {Draw by 3-fold repetition}
Started game 2808 of 40000 (ref-2d6b8f1 vs cand-13caf43)
Finished game 2797 (cand-13caf43 vs ref-2d6b8f1): 0-1 {Black wins by adjudication}
Started game 2809 of 40000 (cand-13caf43 vs ref-2d6b8f1)
Finished game 2796 (ref-2d6b8f1 vs cand-13caf43): 1/2-1/2 {Draw by 3-fold repetition}
Started game 2810 of 40000 (ref-2d6b8f1 vs cand-13caf43)
Finished game 2806 (ref-2d6b8f1 vs cand-13caf43): 1/2-1/2 {Draw by 3-fold repetition}
Started game 2811 of 40000 (cand-13caf43 vs ref-2d6b8f1)
Finished game 2801 (cand-13caf43 vs ref-2d6b8f1): 1/2-1/2 {Draw by 3-fold repetition}
Started game 2812 of 40000 (ref-2d6b8f1 vs cand-13caf43)
Finished game 2800 (ref-2d6b8f1 vs cand-13caf43): 0-1 {Black wins by adjudication}
Started game 2813 of 40000 (cand-13caf43 vs ref-2d6b8f1)
Finished game 2799 (cand-13caf43 vs ref-2d6b8f1): 1/2-1/2 {Draw by insufficient mating material}
--------------------------------------------------
Results of cand-13caf43 vs ref-2d6b8f1 (8+0.08, 1t, 16MB, noob_3moves.epd):
Elo: 17.14 +/- 9.72, nElo: 22.73 +/- 12.87
LOS: 99.97 %, DrawRatio: 35.93 %, PairsRatio: 1.21
Games: 2800, Wins: 921, Losses: 783, Draws: 1096, Points: 1469.0 (52.46 %)
Ptnml(0-2): [92, 313, 503, 349, 143], WL/DD Ratio: 1.32
LLR: 2.34 (79.5%) (-2.94, 2.94) [0.00, 5.00]
--------------------------------------------------
Started game 2814 of 40000 (ref-2d6b8f1 vs cand-13caf43)
Finished game 2804 (ref-2d6b8f1 vs cand-13caf43): 1-0 {White wins by adjudication}
Started game 2815 of 40000 (cand-13caf43 vs ref-2d6b8f1)
Finished game 2802 (ref-2d6b8f1 vs cand-13caf43): 1-0 {White wins by adjudication}
Started game 2816 of 40000 (ref-2d6b8f1 vs cand-13caf43)
Finished game 2803 (cand-13caf43 vs ref-2d6b8f1): 0-1 {Black wins by adjudication}
Started game 2817 of 40000 (cand-13caf43 vs ref-2d6b8f1)
Finished game 2807 (cand-13caf43 vs ref-2d6b8f1): 0-1 {Black wins by adjudication}
Started game 2818 of 40000 (ref-2d6b8f1 vs cand-13caf43)
Finished game 2813 (cand-13caf43 vs ref-2d6b8f1): 1-0 {White wins by adjudication}
Started game 2819 of 40000 (cand-13caf43 vs ref-2d6b8f1)
Finished game 2809 (cand-13caf43 vs ref-2d6b8f1): 1/2-1/2 {Draw by adjudication}
Started game 2820 of 40000 (ref-2d6b8f1 vs cand-13caf43)
Finished game 2805 (cand-13caf43 vs ref-2d6b8f1): 1-0 {White wins by adjudication}
Started game 2821 of 40000 (cand-13caf43 vs ref-2d6b8f1)
Finished game 2810 (ref-2d6b8f1 vs cand-13caf43): 1-0 {White wins by adjudication}
Started game 2822 of 40000 (ref-2d6b8f1 vs cand-13caf43)
Finished game 2808 (ref-2d6b8f1 vs cand-13caf43): 1/2-1/2 {Draw by 3-fold repetition}
Started game 2823 of 40000 (cand-13caf43 vs ref-2d6b8f1)
Finished game 2816 (ref-2d6b8f1 vs cand-13caf43): 1/2-1/2 {Draw by 3-fold repetition}
Started game 2824 of 40000 (ref-2d6b8f1 vs cand-13caf43)
Finished game 2815 (cand-13caf43 vs ref-2d6b8f1): 1-0 {White wins by adjudication}
Started game 2825 of 40000 (cand-13caf43 vs ref-2d6b8f1)
Finished game 2811 (cand-13caf43 vs ref-2d6b8f1): 1/2-1/2 {Draw by fifty moves rule}
Started game 2826 of 40000 (ref-2d6b8f1 vs cand-13caf43)
Finished game 2812 (ref-2d6b8f1 vs cand-13caf43): 1-0 {White wins by adjudication}
Started game 2827 of 40000 (cand-13caf43 vs ref-2d6b8f1)
Finished game 2817 (cand-13caf43 vs ref-2d6b8f1): 1-0 {White wins by adjudication}
Started game 2828 of 40000 (ref-2d6b8f1 vs cand-13caf43)
Finished game 2814 (ref-2d6b8f1 vs cand-13caf43): 1/2-1/2 {Draw by insufficient mating material}
Started game 2829 of 40000 (cand-13caf43 vs ref-2d6b8f1)
Finished game 2822 (ref-2d6b8f1 vs cand-13caf43): 1-0 {White wins by adjudication}
Started game 2830 of 40000 (ref-2d6b8f1 vs cand-13caf43)
Finished game 2820 (ref-2d6b8f1 vs cand-13caf43): 1/2-1/2 {Draw by insufficient mating material}
Started game 2831 of 40000 (cand-13caf43 vs ref-2d6b8f1)
Finished game 2818 (ref-2d6b8f1 vs cand-13caf43): 0-1 {Black wins by adjudication}
Started game 2832 of 40000 (ref-2d6b8f1 vs cand-13caf43)
Finished game 2819 (cand-13caf43 vs ref-2d6b8f1): 1/2-1/2 {Draw by insufficient mating material}
--------------------------------------------------
Results of cand-13caf43 vs ref-2d6b8f1 (8+0.08, 1t, 16MB, noob_3moves.epd):
Elo: 16.89 +/- 9.70, nElo: 22.38 +/- 12.82
LOS: 99.97 %, DrawRatio: 35.74 %, PairsRatio: 1.21
Games: 2820, Wins: 926, Losses: 789, Draws: 1105, Points: 1478.5 (52.43 %)
Ptnml(0-2): [93, 317, 504, 352, 144], WL/DD Ratio: 1.31
LLR: 2.32 (78.7%) (-2.94, 2.94) [0.00, 5.00]
--------------------------------------------------
Started game 2833 of 40000 (cand-13caf43 vs ref-2d6b8f1)
Finished game 2827 (cand-13caf43 vs ref-2d6b8f1): 0-1 {Black wins by adjudication}
Started game 2834 of 40000 (ref-2d6b8f1 vs cand-13caf43)
Finished game 2823 (cand-13caf43 vs ref-2d6b8f1): 0-1 {Black wins by adjudication}
Started game 2835 of 40000 (cand-13caf43 vs ref-2d6b8f1)
Finished game 2825 (cand-13caf43 vs ref-2d6b8f1): 1-0 {White wins by adjudication}
Started game 2836 of 40000 (ref-2d6b8f1 vs cand-13caf43)
Finished game 2824 (ref-2d6b8f1 vs cand-13caf43): 0-1 {Black wins by adjudication}
Started game 2837 of 40000 (cand-13caf43 vs ref-2d6b8f1)
Finished game 2828 (ref-2d6b8f1 vs cand-13caf43): 1-0 {White wins by adjudication}
Started game 2838 of 40000 (ref-2d6b8f1 vs cand-13caf43)
Finished game 2821 (cand-13caf43 vs ref-2d6b8f1): 0-1 {Black wins by adjudication}
Started game 2839 of 40000 (cand-13caf43 vs ref-2d6b8f1)
Finished game 2829 (cand-13caf43 vs ref-2d6b8f1): 1-0 {White wins by adjudication}
Started game 2840 of 40000 (ref-2d6b8f1 vs cand-13caf43)
Finished game 2826 (ref-2d6b8f1 vs cand-13caf43): 0-1 {Black wins by adjudication}
Started game 2841 of 40000 (cand-13caf43 vs ref-2d6b8f1)
Finished game 2830 (ref-2d6b8f1 vs cand-13caf43): 1-0 {White wins by adjudication}
Started game 2842 of 40000 (ref-2d6b8f1 vs cand-13caf43)
Finished game 2831 (cand-13caf43 vs ref-2d6b8f1): 0-1 {Black wins by adjudication}
Started game 2843 of 40000 (cand-13caf43 vs ref-2d6b8f1)
Finished game 2835 (cand-13caf43 vs ref-2d6b8f1): 1/2-1/2 {Draw by 3-fold repetition}
Started game 2844 of 40000 (ref-2d6b8f1 vs cand-13caf43)
Finished game 2832 (ref-2d6b8f1 vs cand-13caf43): 1/2-1/2 {Draw by 3-fold repetition}
Started game 2845 of 40000 (cand-13caf43 vs ref-2d6b8f1)
Finished game 2833 (cand-13caf43 vs ref-2d6b8f1): 1/2-1/2 {Draw by insufficient mating material}
Started game 2846 of 40000 (ref-2d6b8f1 vs cand-13caf43)
Finished game 2836 (ref-2d6b8f1 vs cand-13caf43): 0-1 {Black wins by adjudication}
Started game 2847 of 40000 (cand-13caf43 vs ref-2d6b8f1)
Finished game 2834 (ref-2d6b8f1 vs cand-13caf43): 0-1 {Black wins by adjudication}
Started game 2848 of 40000 (ref-2d6b8f1 vs cand-13caf43)
Finished game 2837 (cand-13caf43 vs ref-2d6b8f1): 0-1 {Black wins by adjudication}
Started game 2849 of 40000 (cand-13caf43 vs ref-2d6b8f1)
Finished game 2840 (ref-2d6b8f1 vs cand-13caf43): 1-0 {White wins by adjudication}
Started game 2850 of 40000 (ref-2d6b8f1 vs cand-13caf43)
Finished game 2839 (cand-13caf43 vs ref-2d6b8f1): 1/2-1/2 {Draw by 3-fold repetition}
--------------------------------------------------
Results of cand-13caf43 vs ref-2d6b8f1 (8+0.08, 1t, 16MB, noob_3moves.epd):
Elo: 16.54 +/- 9.68, nElo: 21.87 +/- 12.78
LOS: 99.96 %, DrawRatio: 35.66 %, PairsRatio: 1.21
Games: 2838, Wins: 932, Losses: 797, Draws: 1109, Points: 1486.5 (52.38 %)
Ptnml(0-2): [95, 319, 506, 354, 145], WL/DD Ratio: 1.32
LLR: 2.27 (77.2%) (-2.94, 2.94) [0.00, 5.00]
--------------------------------------------------
Started game 2851 of 40000 (cand-13caf43 vs ref-2d6b8f1)
Finished game 2842 (ref-2d6b8f1 vs cand-13caf43): 0-1 {Black wins by adjudication}
Started game 2852 of 40000 (ref-2d6b8f1 vs cand-13caf43)
Finished game 2841 (cand-13caf43 vs ref-2d6b8f1): 1/2-1/2 {Draw by insufficient mating material}
Started game 2853 of 40000 (cand-13caf43 vs ref-2d6b8f1)
Finished game 2846 (ref-2d6b8f1 vs cand-13caf43): 1-0 {White wins by adjudication}
Started game 2854 of 40000 (ref-2d6b8f1 vs cand-13caf43)
Finished game 2838 (ref-2d6b8f1 vs cand-13caf43): 1/2-1/2 {Draw by adjudication}
Started game 2855 of 40000 (cand-13caf43 vs ref-2d6b8f1)
Finished game 2847 (cand-13caf43 vs ref-2d6b8f1): 1/2-1/2 {Draw by 3-fold repetition}
Started game 2856 of 40000 (ref-2d6b8f1 vs cand-13caf43)
Finished game 2843 (cand-13caf43 vs ref-2d6b8f1): 1/2-1/2 {Draw by adjudication}
Started game 2857 of 40000 (cand-13caf43 vs ref-2d6b8f1)
Finished game 2851 (cand-13caf43 vs ref-2d6b8f1): 1-0 {White wins by adjudication}
Started game 2858 of 40000 (ref-2d6b8f1 vs cand-13caf43)
Finished game 2844 (ref-2d6b8f1 vs cand-13caf43): 1-0 {White wins by adjudication}
Started game 2859 of 40000 (cand-13caf43 vs ref-2d6b8f1)
Finished game 2849 (cand-13caf43 vs ref-2d6b8f1): 0-1 {Black wins by adjudication}
Started game 2860 of 40000 (ref-2d6b8f1 vs cand-13caf43)
Finished game 2845 (cand-13caf43 vs ref-2d6b8f1): 1-0 {White wins by adjudication}
Started game 2861 of 40000 (cand-13caf43 vs ref-2d6b8f1)
Finished game 2848 (ref-2d6b8f1 vs cand-13caf43): 1/2-1/2 {Draw by fifty moves rule}
Started game 2862 of 40000 (ref-2d6b8f1 vs cand-13caf43)
Finished game 2850 (ref-2d6b8f1 vs cand-13caf43): 1/2-1/2 {Draw by insufficient mating material}
Started game 2863 of 40000 (cand-13caf43 vs ref-2d6b8f1)
Finished game 2853 (cand-13caf43 vs ref-2d6b8f1): 1-0 {White wins by adjudication}
Started game 2864 of 40000 (ref-2d6b8f1 vs cand-13caf43)
Finished game 2852 (ref-2d6b8f1 vs cand-13caf43): 1/2-1/2 {Draw by adjudication}
Started game 2865 of 40000 (cand-13caf43 vs ref-2d6b8f1)
Finished game 2859 (cand-13caf43 vs ref-2d6b8f1): 0-1 {Black wins by adjudication}
Started game 2866 of 40000 (ref-2d6b8f1 vs cand-13caf43)
Finished game 2854 (ref-2d6b8f1 vs cand-13caf43): 0-1 {Black wins by adjudication}
Started game 2867 of 40000 (cand-13caf43 vs ref-2d6b8f1)
Finished game 2856 (ref-2d6b8f1 vs cand-13caf43): 1/2-1/2 {Draw by 3-fold repetition}
Started game 2868 of 40000 (ref-2d6b8f1 vs cand-13caf43)
Finished game 2858 (ref-2d6b8f1 vs cand-13caf43): 0-1 {Black wins by adjudication}
Started game 2869 of 40000 (cand-13caf43 vs ref-2d6b8f1)
Finished game 2855 (cand-13caf43 vs ref-2d6b8f1): 1/2-1/2 {Draw by 3-fold repetition}
Started game 2870 of 40000 (ref-2d6b8f1 vs cand-13caf43)
Finished game 2863 (cand-13caf43 vs ref-2d6b8f1): 0-1 {Black wins by adjudication}
Started game 2871 of 40000 (cand-13caf43 vs ref-2d6b8f1)
Finished game 2860 (ref-2d6b8f1 vs cand-13caf43): 0-1 {Black wins by adjudication}
--------------------------------------------------
Results of cand-13caf43 vs ref-2d6b8f1 (8+0.08, 1t, 16MB, noob_3moves.epd):
Elo: 16.55 +/- 9.64, nElo: 21.90 +/- 12.74
LOS: 99.96 %, DrawRatio: 35.69 %, PairsRatio: 1.20
Games: 2858, Wins: 938, Losses: 802, Draws: 1118, Points: 1497.0 (52.38 %)
Ptnml(0-2): [95, 322, 510, 356, 146], WL/DD Ratio: 1.32
LLR: 2.29 (77.8%) (-2.94, 2.94) [0.00, 5.00]
--------------------------------------------------
Started game 2872 of 40000 (ref-2d6b8f1 vs cand-13caf43)
Finished game 2861 (cand-13caf43 vs ref-2d6b8f1): 0-1 {Black wins by adjudication}
Started game 2873 of 40000 (cand-13caf43 vs ref-2d6b8f1)
Finished game 2857 (cand-13caf43 vs ref-2d6b8f1): 1/2-1/2 {Draw by insufficient mating material}
Started game 2874 of 40000 (ref-2d6b8f1 vs cand-13caf43)
Finished game 2862 (ref-2d6b8f1 vs cand-13caf43): 1-0 {White wins by adjudication}
Started game 2875 of 40000 (cand-13caf43 vs ref-2d6b8f1)
Finished game 2864 (ref-2d6b8f1 vs cand-13caf43): 1/2-1/2 {Draw by adjudication}
Started game 2876 of 40000 (ref-2d6b8f1 vs cand-13caf43)
Finished game 2867 (cand-13caf43 vs ref-2d6b8f1): 1-0 {White wins by adjudication}
Started game 2877 of 40000 (cand-13caf43 vs ref-2d6b8f1)
Finished game 2869 (cand-13caf43 vs ref-2d6b8f1): 1-0 {White wins by adjudication}
Started game 2878 of 40000 (ref-2d6b8f1 vs cand-13caf43)
Finished game 2866 (ref-2d6b8f1 vs cand-13caf43): 0-1 {Black wins by adjudication}
Started game 2879 of 40000 (cand-13caf43 vs ref-2d6b8f1)
Finished game 2870 (ref-2d6b8f1 vs cand-13caf43): 1-0 {White wins by adjudication}
Started game 2880 of 40000 (ref-2d6b8f1 vs cand-13caf43)
Finished game 2873 (cand-13caf43 vs ref-2d6b8f1): 1/2-1/2 {Draw by 3-fold repetition}
Started game 2881 of 40000 (cand-13caf43 vs ref-2d6b8f1)
Finished game 2871 (cand-13caf43 vs ref-2d6b8f1): 1-0 {White wins by adjudication}
Started game 2882 of 40000 (ref-2d6b8f1 vs cand-13caf43)
Finished game 2879 (cand-13caf43 vs ref-2d6b8f1): 1/2-1/2 {Draw by 3-fold repetition}
Started game 2883 of 40000 (cand-13caf43 vs ref-2d6b8f1)
Finished game 2877 (cand-13caf43 vs ref-2d6b8f1): 0-1 {Black wins by adjudication}
Started game 2884 of 40000 (ref-2d6b8f1 vs cand-13caf43)
Finished game 2876 (ref-2d6b8f1 vs cand-13caf43): 0-1 {Black wins by adjudication}
Started game 2885 of 40000 (cand-13caf43 vs ref-2d6b8f1)
Finished game 2865 (cand-13caf43 vs ref-2d6b8f1): 1/2-1/2 {Draw by fifty moves rule}
Started game 2886 of 40000 (ref-2d6b8f1 vs cand-13caf43)
Finished game 2874 (ref-2d6b8f1 vs cand-13caf43): 0-1 {Black wins by adjudication}
Started game 2887 of 40000 (cand-13caf43 vs ref-2d6b8f1)
Finished game 2880 (ref-2d6b8f1 vs cand-13caf43): 0-1 {Black wins by adjudication}
--------------------------------------------------
Results of cand-13caf43 vs ref-2d6b8f1 (8+0.08, 1t, 16MB, noob_3moves.epd):
Elo: 16.59 +/- 9.62, nElo: 21.95 +/- 12.71
LOS: 99.96 %, DrawRatio: 35.58 %, PairsRatio: 1.21
Games: 2872, Wins: 943, Losses: 806, Draws: 1123, Points: 1504.5 (52.39 %)
Ptnml(0-2): [96, 323, 511, 360, 146], WL/DD Ratio: 1.32
LLR: 2.31 (78.4%) (-2.94, 2.94) [0.00, 5.00]
--------------------------------------------------
Started game 2888 of 40000 (ref-2d6b8f1 vs cand-13caf43)
Finished game 2875 (cand-13caf43 vs ref-2d6b8f1): 0-1 {Black wins by adjudication}
Started game 2889 of 40000 (cand-13caf43 vs ref-2d6b8f1)
Finished game 2872 (ref-2d6b8f1 vs cand-13caf43): 1/2-1/2 {Draw by fifty moves rule}
Started game 2890 of 40000 (ref-2d6b8f1 vs cand-13caf43)
Finished game 2881 (cand-13caf43 vs ref-2d6b8f1): 0-1 {Black wins by adjudication}
Started game 2891 of 40000 (cand-13caf43 vs ref-2d6b8f1)
Finished game 2883 (cand-13caf43 vs ref-2d6b8f1): 0-1 {Black wins by adjudication}
Started game 2892 of 40000 (ref-2d6b8f1 vs cand-13caf43)
Finished game 2868 (ref-2d6b8f1 vs cand-13caf43): 1/2-1/2 {Draw by fifty moves rule}
Started game 2893 of 40000 (cand-13caf43 vs ref-2d6b8f1)
Finished game 2886 (ref-2d6b8f1 vs cand-13caf43): 0-1 {Black wins by adjudication}
Started game 2894 of 40000 (ref-2d6b8f1 vs cand-13caf43)
Finished game 2878 (ref-2d6b8f1 vs cand-13caf43): 1/2-1/2 {Draw by adjudication}
Started game 2895 of 40000 (cand-13caf43 vs ref-2d6b8f1)
Finished game 2892 (ref-2d6b8f1 vs cand-13caf43): 1/2-1/2 {Draw by 3-fold repetition}
Started game 2896 of 40000 (ref-2d6b8f1 vs cand-13caf43)
Finished game 2887 (cand-13caf43 vs ref-2d6b8f1): 1-0 {White wins by adjudication}
Started game 2897 of 40000 (cand-13caf43 vs ref-2d6b8f1)
Finished game 2885 (cand-13caf43 vs ref-2d6b8f1): 1/2-1/2 {Draw by 3-fold repetition}
Started game 2898 of 40000 (ref-2d6b8f1 vs cand-13caf43)
Finished game 2890 (ref-2d6b8f1 vs cand-13caf43): 1-0 {White wins by adjudication}
Started game 2899 of 40000 (cand-13caf43 vs ref-2d6b8f1)
Finished game 2884 (ref-2d6b8f1 vs cand-13caf43): 0-1 {Black wins by adjudication}
Started game 2900 of 40000 (ref-2d6b8f1 vs cand-13caf43)
Finished game 2889 (cand-13caf43 vs ref-2d6b8f1): 0-1 {Black wins by adjudication}
Started game 2901 of 40000 (cand-13caf43 vs ref-2d6b8f1)
Finished game 2888 (ref-2d6b8f1 vs cand-13caf43): 0-1 {Black wins by adjudication}
Started game 2902 of 40000 (ref-2d6b8f1 vs cand-13caf43)
Finished game 2891 (cand-13caf43 vs ref-2d6b8f1): 0-1 {Black wins by adjudication}
Started game 2903 of 40000 (cand-13caf43 vs ref-2d6b8f1)
Finished game 2893 (cand-13caf43 vs ref-2d6b8f1): 1-0 {White wins by adjudication}
Started game 2904 of 40000 (ref-2d6b8f1 vs cand-13caf43)
Finished game 2894 (ref-2d6b8f1 vs cand-13caf43): 1/2-1/2 {Draw by 3-fold repetition}
Started game 2905 of 40000 (cand-13caf43 vs ref-2d6b8f1)
Finished game 2895 (cand-13caf43 vs ref-2d6b8f1): 1-0 {White wins by adjudication}
Started game 2906 of 40000 (ref-2d6b8f1 vs cand-13caf43)
Finished game 2899 (cand-13caf43 vs ref-2d6b8f1): 1/2-1/2 {Draw by adjudication}
Started game 2907 of 40000 (cand-13caf43 vs ref-2d6b8f1)
Finished game 2896 (ref-2d6b8f1 vs cand-13caf43): 1/2-1/2 {Draw by adjudication}
Started game 2908 of 40000 (ref-2d6b8f1 vs cand-13caf43)
Finished game 2897 (cand-13caf43 vs ref-2d6b8f1): 1-0 {White wins by adjudication}
Started game 2909 of 40000 (cand-13caf43 vs ref-2d6b8f1)
Finished game 2882 (ref-2d6b8f1 vs cand-13caf43): 1/2-1/2 {Draw by adjudication}
Started game 2910 of 40000 (ref-2d6b8f1 vs cand-13caf43)
Finished game 2900 (ref-2d6b8f1 vs cand-13caf43): 0-1 {Black wins by adjudication}
--------------------------------------------------
Results of cand-13caf43 vs ref-2d6b8f1 (8+0.08, 1t, 16MB, noob_3moves.epd):
Elo: 16.80 +/- 9.58, nElo: 22.21 +/- 12.65
LOS: 99.97 %, DrawRatio: 35.40 %, PairsRatio: 1.21
Games: 2898, Wins: 953, Losses: 813, Draws: 1132, Points: 1519.0 (52.42 %)
Ptnml(0-2): [97, 326, 513, 366, 147], WL/DD Ratio: 1.33
LLR: 2.36 (80.2%) (-2.94, 2.94) [0.00, 5.00]
--------------------------------------------------
Started game 2911 of 40000 (cand-13caf43 vs ref-2d6b8f1)
Finished game 2901 (cand-13caf43 vs ref-2d6b8f1): 0-1 {Black wins by adjudication}
Started game 2912 of 40000 (ref-2d6b8f1 vs cand-13caf43)
Finished game 2898 (ref-2d6b8f1 vs cand-13caf43): 1-0 {White wins by adjudication}
Started game 2913 of 40000 (cand-13caf43 vs ref-2d6b8f1)
Finished game 2902 (ref-2d6b8f1 vs cand-13caf43): 1/2-1/2 {Draw by 3-fold repetition}
Started game 2914 of 40000 (ref-2d6b8f1 vs cand-13caf43)
Finished game 2903 (cand-13caf43 vs ref-2d6b8f1): 0-1 {Black wins by adjudication}
Started game 2915 of 40000 (cand-13caf43 vs ref-2d6b8f1)
Finished game 2905 (cand-13caf43 vs ref-2d6b8f1): 1/2-1/2 {Draw by 3-fold repetition}
Started game 2916 of 40000 (ref-2d6b8f1 vs cand-13caf43)
Finished game 2910 (ref-2d6b8f1 vs cand-13caf43): 0-1 {Black wins by adjudication}
Started game 2917 of 40000 (cand-13caf43 vs ref-2d6b8f1)
Finished game 2908 (ref-2d6b8f1 vs cand-13caf43): 1-0 {White wins by adjudication}
Started game 2918 of 40000 (ref-2d6b8f1 vs cand-13caf43)
Finished game 2909 (cand-13caf43 vs ref-2d6b8f1): 1/2-1/2 {Draw by 3-fold repetition}
Started game 2919 of 40000 (cand-13caf43 vs ref-2d6b8f1)
Finished game 2904 (ref-2d6b8f1 vs cand-13caf43): 0-1 {Black wins by adjudication}
Started game 2920 of 40000 (ref-2d6b8f1 vs cand-13caf43)
Finished game 2906 (ref-2d6b8f1 vs cand-13caf43): 1/2-1/2 {Draw by 3-fold repetition}
Started game 2921 of 40000 (cand-13caf43 vs ref-2d6b8f1)
Finished game 2911 (cand-13caf43 vs ref-2d6b8f1): 1/2-1/2 {Draw by 3-fold repetition}
Started game 2922 of 40000 (ref-2d6b8f1 vs cand-13caf43)
Finished game 2907 (cand-13caf43 vs ref-2d6b8f1): 1/2-1/2 {Draw by insufficient mating material}
Started game 2923 of 40000 (cand-13caf43 vs ref-2d6b8f1)
Finished game 2913 (cand-13caf43 vs ref-2d6b8f1): 1-0 {White wins by adjudication}
Started game 2924 of 40000 (ref-2d6b8f1 vs cand-13caf43)
Finished game 2915 (cand-13caf43 vs ref-2d6b8f1): 0-1 {Black wins by adjudication}
Started game 2925 of 40000 (cand-13caf43 vs ref-2d6b8f1)
Finished game 2912 (ref-2d6b8f1 vs cand-13caf43): 1/2-1/2 {Draw by 3-fold repetition}
Started game 2926 of 40000 (ref-2d6b8f1 vs cand-13caf43)
Finished game 2916 (ref-2d6b8f1 vs cand-13caf43): 0-1 {Black wins by adjudication}
Started game 2927 of 40000 (cand-13caf43 vs ref-2d6b8f1)
Finished game 2924 (ref-2d6b8f1 vs cand-13caf43): 1/2-1/2 {Draw by 3-fold repetition}
Started game 2928 of 40000 (ref-2d6b8f1 vs cand-13caf43)
Warning; Incomplete mating PV - from cand-13caf43
Info; info score mate 5 time 0 depth 3 nodes 1253 nps 4190635 pv f5e4 h6h5 e4f4 
Position; fen rnbqkbnr/pp2pp1p/2pp2p1/P7/8/4P3/1PPP1PPP/RNBQKBNR w KQkq - 0 4
Moves; d2d4 g8f6 e3e4 c6c5 d4d5 f8g7 b1c3 e8g8 f1c4 e7e6 d5e6 c8e6 c4e6 f7e6 g1f3 a7a6 e1g1 b8c6 f1e1 f6g4 e1f1 g4e5 f3e5 c6e5 c3a4 e5c4 d1d3 c4a5 a4c5 d6c5 d3d8 a8d8 a1a5 d8d4 f1e1 f8c8 c2c3 d4d3 c1e3 d3c3 b2c3 g7c3 a5a1 c3e1 a1e1 c5c4 g1f1 b7b5 e1a1 c8c6 f1e2 g8f7 e2d2 f7f6 d2c3 g6g5 e3d4 e6e5 d4e3 g5g4 a1a3 f6e6 c3b4 h7h5 e3g5 e6f7 h2h3 c6g6 h3h4 g6c6 f2f3 f7g6 g5d2 g6f6 f3g4 h5g4 a3g3 c6d6 d2c3 f6g6 b4c5 d6d8 g3g4 g6h5 g4g7 d8d3 c3e5 d3e3 c5d5 h5h4 e5f6 h4h5 d5e6 e3e4 e6f5 h5h6
Finished game 2921 (cand-13caf43 vs ref-2d6b8f1): 1-0 {White wins by adjudication}
Started game 2929 of 40000 (cand-13caf43 vs ref-2d6b8f1)
Finished game 2923 (cand-13caf43 vs ref-2d6b8f1): 1-0 {White wins by adjudication}
Started game 2930 of 40000 (ref-2d6b8f1 vs cand-13caf43)
Finished game 2917 (cand-13caf43 vs ref-2d6b8f1): 0-1 {Black wins by adjudication}
Started game 2931 of 40000 (cand-13caf43 vs ref-2d6b8f1)
Finished game 2914 (ref-2d6b8f1 vs cand-13caf43): 1/2-1/2 {Draw by adjudication}
Started game 2932 of 40000 (ref-2d6b8f1 vs cand-13caf43)
Finished game 2919 (cand-13caf43 vs ref-2d6b8f1): 0-1 {Black wins by adjudication}
Started game 2933 of 40000 (cand-13caf43 vs ref-2d6b8f1)
Finished game 2918 (ref-2d6b8f1 vs cand-13caf43): 1-0 {White wins by adjudication}
Started game 2934 of 40000 (ref-2d6b8f1 vs cand-13caf43)
Finished game 2920 (ref-2d6b8f1 vs cand-13caf43): 1/2-1/2 {Draw by adjudication}
--------------------------------------------------
Results of cand-13caf43 vs ref-2d6b8f1 (8+0.08, 1t, 16MB, noob_3moves.epd):
Elo: 16.42 +/- 9.53, nElo: 21.74 +/- 12.60
LOS: 99.96 %, DrawRatio: 35.46 %, PairsRatio: 1.21
Games: 2922, Wins: 959, Losses: 821, Draws: 1142, Points: 1530.0 (52.36 %)
Ptnml(0-2): [98, 329, 518, 369, 147], WL/DD Ratio: 1.33
LLR: 2.32 (78.9%) (-2.94, 2.94) [0.00, 5.00]
--------------------------------------------------
Started game 2935 of 40000 (cand-13caf43 vs ref-2d6b8f1)
Finished game 2926 (ref-2d6b8f1 vs cand-13caf43): 1-0 {White wins by adjudication}
Started game 2936 of 40000 (ref-2d6b8f1 vs cand-13caf43)
Finished game 2922 (ref-2d6b8f1 vs cand-13caf43): 0-1 {Black wins by adjudication}
Started game 2937 of 40000 (cand-13caf43 vs ref-2d6b8f1)
Finished game 2925 (cand-13caf43 vs ref-2d6b8f1): 0-1 {Black wins by adjudication}
Started game 2938 of 40000 (ref-2d6b8f1 vs cand-13caf43)
Finished game 2930 (ref-2d6b8f1 vs cand-13caf43): 1/2-1/2 {Draw by 3-fold repetition}
Started game 2939 of 40000 (cand-13caf43 vs ref-2d6b8f1)
Finished game 2927 (cand-13caf43 vs ref-2d6b8f1): 1-0 {White wins by adjudication}
Started game 2940 of 40000 (ref-2d6b8f1 vs cand-13caf43)
Finished game 2935 (cand-13caf43 vs ref-2d6b8f1): 1-0 {White wins by adjudication}
Started game 2941 of 40000 (cand-13caf43 vs ref-2d6b8f1)
Finished game 2928 (ref-2d6b8f1 vs cand-13caf43): 0-1 {Black wins by adjudication}
Started game 2942 of 40000 (ref-2d6b8f1 vs cand-13caf43)
Finished game 2932 (ref-2d6b8f1 vs cand-13caf43): 1-0 {White wins by adjudication}
Started game 2943 of 40000 (cand-13caf43 vs ref-2d6b8f1)
Finished game 2931 (cand-13caf43 vs ref-2d6b8f1): 1-0 {White wins by adjudication}
Started game 2944 of 40000 (ref-2d6b8f1 vs cand-13caf43)
Finished game 2934 (ref-2d6b8f1 vs cand-13caf43): 1-0 {White wins by adjudication}
Started game 2945 of 40000 (cand-13caf43 vs ref-2d6b8f1)
Finished game 2929 (cand-13caf43 vs ref-2d6b8f1): 1-0 {White wins by adjudication}
Started game 2946 of 40000 (ref-2d6b8f1 vs cand-13caf43)
Finished game 2937 (cand-13caf43 vs ref-2d6b8f1): 1-0 {White wins by adjudication}
Started game 2947 of 40000 (cand-13caf43 vs ref-2d6b8f1)
Finished game 2933 (cand-13caf43 vs ref-2d6b8f1): 1-0 {White wins by adjudication}
Started game 2948 of 40000 (ref-2d6b8f1 vs cand-13caf43)
Finished game 2936 (ref-2d6b8f1 vs cand-13caf43): 1-0 {White wins by adjudication}
Started game 2949 of 40000 (cand-13caf43 vs ref-2d6b8f1)
Finished game 2938 (ref-2d6b8f1 vs cand-13caf43): 0-1 {Black wins by adjudication}
Started game 2950 of 40000 (ref-2d6b8f1 vs cand-13caf43)
Finished game 2939 (cand-13caf43 vs ref-2d6b8f1): 1/2-1/2 {Draw by 3-fold repetition}
Started game 2951 of 40000 (cand-13caf43 vs ref-2d6b8f1)
Finished game 2940 (ref-2d6b8f1 vs cand-13caf43): 1-0 {White wins by adjudication}
--------------------------------------------------
Results of cand-13caf43 vs ref-2d6b8f1 (8+0.08, 1t, 16MB, noob_3moves.epd):
Elo: 16.79 +/- 9.52, nElo: 22.18 +/- 12.56
LOS: 99.97 %, DrawRatio: 35.44 %, PairsRatio: 1.21
Games: 2940, Wins: 969, Losses: 827, Draws: 1144, Points: 1541.0 (52.41 %)
Ptnml(0-2): [99, 330, 521, 370, 150], WL/DD Ratio: 1.35
LLR: 2.39 (81.2%) (-2.94, 2.94) [0.00, 5.00]
--------------------------------------------------
Started game 2952 of 40000 (ref-2d6b8f1 vs cand-13caf43)
Finished game 2942 (ref-2d6b8f1 vs cand-13caf43): 0-1 {Black wins by adjudication}
Started game 2953 of 40000 (cand-13caf43 vs ref-2d6b8f1)
Finished game 2941 (cand-13caf43 vs ref-2d6b8f1): 1-0 {White wins by adjudication}
Started game 2954 of 40000 (ref-2d6b8f1 vs cand-13caf43)
Finished game 2943 (cand-13caf43 vs ref-2d6b8f1): 1-0 {White wins by adjudication}
Started game 2955 of 40000 (cand-13caf43 vs ref-2d6b8f1)
Finished game 2945 (cand-13caf43 vs ref-2d6b8f1): 1/2-1/2 {Draw by 3-fold repetition}
Started game 2956 of 40000 (ref-2d6b8f1 vs cand-13caf43)
Finished game 2944 (ref-2d6b8f1 vs cand-13caf43): 1-0 {White wins by adjudication}
Started game 2957 of 40000 (cand-13caf43 vs ref-2d6b8f1)
Finished game 2946 (ref-2d6b8f1 vs cand-13caf43): 0-1 {Black wins by adjudication}
Started game 2958 of 40000 (ref-2d6b8f1 vs cand-13caf43)
Finished game 2949 (cand-13caf43 vs ref-2d6b8f1): 1-0 {White wins by adjudication}
Started game 2959 of 40000 (cand-13caf43 vs ref-2d6b8f1)
Finished game 2948 (ref-2d6b8f1 vs cand-13caf43): 0-1 {Black wins by adjudication}
Started game 2960 of 40000 (ref-2d6b8f1 vs cand-13caf43)
Finished game 2953 (cand-13caf43 vs ref-2d6b8f1): 0-1 {Black wins by adjudication}
Started game 2961 of 40000 (cand-13caf43 vs ref-2d6b8f1)
Finished game 2956 (ref-2d6b8f1 vs cand-13caf43): 1/2-1/2 {Draw by 3-fold repetition}
Started game 2962 of 40000 (ref-2d6b8f1 vs cand-13caf43)
Finished game 2950 (ref-2d6b8f1 vs cand-13caf43): 1/2-1/2 {Draw by 3-fold repetition}
Started game 2963 of 40000 (cand-13caf43 vs ref-2d6b8f1)
Finished game 2955 (cand-13caf43 vs ref-2d6b8f1): 0-1 {Black wins by adjudication}
Started game 2964 of 40000 (ref-2d6b8f1 vs cand-13caf43)
Finished game 2951 (cand-13caf43 vs ref-2d6b8f1): 1/2-1/2 {Draw by adjudication}
Started game 2965 of 40000 (cand-13caf43 vs ref-2d6b8f1)
Finished game 2952 (ref-2d6b8f1 vs cand-13caf43): 1/2-1/2 {Draw by 3-fold repetition}
Started game 2966 of 40000 (ref-2d6b8f1 vs cand-13caf43)
Finished game 2957 (cand-13caf43 vs ref-2d6b8f1): 1/2-1/2 {Draw by 3-fold repetition}
Started game 2967 of 40000 (cand-13caf43 vs ref-2d6b8f1)
Finished game 2947 (cand-13caf43 vs ref-2d6b8f1): 1/2-1/2 {Draw by adjudication}
Started game 2968 of 40000 (ref-2d6b8f1 vs cand-13caf43)
Finished game 2958 (ref-2d6b8f1 vs cand-13caf43): 0-1 {Black wins by adjudication}
Started game 2969 of 40000 (cand-13caf43 vs ref-2d6b8f1)
Finished game 2954 (ref-2d6b8f1 vs cand-13caf43): 1/2-1/2 {Draw by 3-fold repetition}
Started game 2970 of 40000 (ref-2d6b8f1 vs cand-13caf43)
Finished game 2961 (cand-13caf43 vs ref-2d6b8f1): 1/2-1/2 {Draw by 3-fold repetition}
Started game 2971 of 40000 (cand-13caf43 vs ref-2d6b8f1)
Finished game 2959 (cand-13caf43 vs ref-2d6b8f1): 1-0 {White wins by adjudication}
Started game 2972 of 40000 (ref-2d6b8f1 vs cand-13caf43)
Finished game 2960 (ref-2d6b8f1 vs cand-13caf43): 1/2-1/2 {Draw by 3-fold repetition}
--------------------------------------------------
Results of cand-13caf43 vs ref-2d6b8f1 (8+0.08, 1t, 16MB, noob_3moves.epd):
Elo: 17.27 +/- 9.49, nElo: 22.82 +/- 12.52
LOS: 99.98 %, DrawRatio: 35.34 %, PairsRatio: 1.22
Games: 2960, Wins: 977, Losses: 830, Draws: 1153, Points: 1553.5 (52.48 %)
Ptnml(0-2): [99, 332, 523, 375, 151], WL/DD Ratio: 1.35
LLR: 2.48 (84.4%) (-2.94, 2.94) [0.00, 5.00]
--------------------------------------------------
Started game 2973 of 40000 (cand-13caf43 vs ref-2d6b8f1)
Finished game 2962 (ref-2d6b8f1 vs cand-13caf43): 1/2-1/2 {Draw by adjudication}
Started game 2974 of 40000 (ref-2d6b8f1 vs cand-13caf43)
Finished game 2966 (ref-2d6b8f1 vs cand-13caf43): 0-1 {Black wins by adjudication}
Started game 2975 of 40000 (cand-13caf43 vs ref-2d6b8f1)
Finished game 2963 (cand-13caf43 vs ref-2d6b8f1): 0-1 {Black wins by adjudication}
Started game 2976 of 40000 (ref-2d6b8f1 vs cand-13caf43)
Finished game 2969 (cand-13caf43 vs ref-2d6b8f1): 1/2-1/2 {Draw by 3-fold repetition}
Started game 2977 of 40000 (cand-13caf43 vs ref-2d6b8f1)
Finished game 2968 (ref-2d6b8f1 vs cand-13caf43): 1/2-1/2 {Draw by adjudication}
Started game 2978 of 40000 (ref-2d6b8f1 vs cand-13caf43)
Finished game 2974 (ref-2d6b8f1 vs cand-13caf43): 1/2-1/2 {Draw by 3-fold repetition}
Started game 2979 of 40000 (cand-13caf43 vs ref-2d6b8f1)
Finished game 2965 (cand-13caf43 vs ref-2d6b8f1): 1-0 {White wins by adjudication}
Started game 2980 of 40000 (ref-2d6b8f1 vs cand-13caf43)
Finished game 2964 (ref-2d6b8f1 vs cand-13caf43): 1/2-1/2 {Draw by adjudication}
Started game 2981 of 40000 (cand-13caf43 vs ref-2d6b8f1)
Finished game 2972 (ref-2d6b8f1 vs cand-13caf43): 1-0 {White wins by adjudication}
Started game 2982 of 40000 (ref-2d6b8f1 vs cand-13caf43)
Finished game 2971 (cand-13caf43 vs ref-2d6b8f1): 0-1 {Black wins by adjudication}
Started game 2983 of 40000 (cand-13caf43 vs ref-2d6b8f1)
Finished game 2973 (cand-13caf43 vs ref-2d6b8f1): 1/2-1/2 {Draw by 3-fold repetition}
Started game 2984 of 40000 (ref-2d6b8f1 vs cand-13caf43)
Finished game 2977 (cand-13caf43 vs ref-2d6b8f1): 0-1 {Black wins by adjudication}
Started game 2985 of 40000 (cand-13caf43 vs ref-2d6b8f1)
Finished game 2967 (cand-13caf43 vs ref-2d6b8f1): 1/2-1/2 {Draw by 3-fold repetition}
Started game 2986 of 40000 (ref-2d6b8f1 vs cand-13caf43)
Finished game 2975 (cand-13caf43 vs ref-2d6b8f1): 1-0 {White wins by adjudication}
Started game 2987 of 40000 (cand-13caf43 vs ref-2d6b8f1)
Finished game 2970 (ref-2d6b8f1 vs cand-13caf43): 0-1 {Black wins by adjudication}
Started game 2988 of 40000 (ref-2d6b8f1 vs cand-13caf43)
Finished game 2976 (ref-2d6b8f1 vs cand-13caf43): 1/2-1/2 {Draw by adjudication}
Started game 2989 of 40000 (cand-13caf43 vs ref-2d6b8f1)
Finished game 2983 (cand-13caf43 vs ref-2d6b8f1): 1-0 {White wins by adjudication}
Started game 2990 of 40000 (ref-2d6b8f1 vs cand-13caf43)
Finished game 2979 (cand-13caf43 vs ref-2d6b8f1): 0-1 {Black wins by adjudication}
Started game 2991 of 40000 (cand-13caf43 vs ref-2d6b8f1)
Finished game 2981 (cand-13caf43 vs ref-2d6b8f1): 1/2-1/2 {Draw by adjudication}
Started game 2992 of 40000 (ref-2d6b8f1 vs cand-13caf43)
Finished game 2980 (ref-2d6b8f1 vs cand-13caf43): 0-1 {Black wins by adjudication}
--------------------------------------------------
Results of cand-13caf43 vs ref-2d6b8f1 (8+0.08, 1t, 16MB, noob_3moves.epd):
Elo: 17.28 +/- 9.46, nElo: 22.83 +/- 12.48
LOS: 99.98 %, DrawRatio: 35.39 %, PairsRatio: 1.22
Games: 2978, Wins: 982, Losses: 834, Draws: 1162, Points: 1563.0 (52.48 %)
Ptnml(0-2): [100, 333, 527, 377, 152], WL/DD Ratio: 1.33
LLR: 2.50 (84.9%) (-2.94, 2.94) [0.00, 5.00]
--------------------------------------------------
Started game 2993 of 40000 (cand-13caf43 vs ref-2d6b8f1)
Finished game 2984 (ref-2d6b8f1 vs cand-13caf43): 0-1 {Black wins by adjudication}
Started game 2994 of 40000 (ref-2d6b8f1 vs cand-13caf43)
Finished game 2982 (ref-2d6b8f1 vs cand-13caf43): 1/2-1/2 {Draw by insufficient mating material}
Started game 2995 of 40000 (cand-13caf43 vs ref-2d6b8f1)
Finished game 2978 (ref-2d6b8f1 vs cand-13caf43): 1/2-1/2 {Draw by adjudication}
Started game 2996 of 40000 (ref-2d6b8f1 vs cand-13caf43)
Finished game 2985 (cand-13caf43 vs ref-2d6b8f1): 1-0 {White wins by adjudication}
Started game 2997 of 40000 (cand-13caf43 vs ref-2d6b8f1)
Finished game 2986 (ref-2d6b8f1 vs cand-13caf43): 0-1 {Black wins by adjudication}
Started game 2998 of 40000 (ref-2d6b8f1 vs cand-13caf43)
Finished game 2989 (cand-13caf43 vs ref-2d6b8f1): 1-0 {White wins by adjudication}
Started game 2999 of 40000 (cand-13caf43 vs ref-2d6b8f1)
Finished game 2987 (cand-13caf43 vs ref-2d6b8f1): 1/2-1/2 {Draw by insufficient mating material}
Started game 3000 of 40000 (ref-2d6b8f1 vs cand-13caf43)
Finished game 2992 (ref-2d6b8f1 vs cand-13caf43): 1-0 {White wins by adjudication}
Started game 3001 of 40000 (cand-13caf43 vs ref-2d6b8f1)
Finished game 2994 (ref-2d6b8f1 vs cand-13caf43): 1-0 {White wins by adjudication}
Started game 3002 of 40000 (ref-2d6b8f1 vs cand-13caf43)
Finished game 2990 (ref-2d6b8f1 vs cand-13caf43): 0-1 {Black wins by adjudication}
Started game 3003 of 40000 (cand-13caf43 vs ref-2d6b8f1)
Finished game 2991 (cand-13caf43 vs ref-2d6b8f1): 1-0 {White wins by adjudication}
Started game 3004 of 40000 (ref-2d6b8f1 vs cand-13caf43)
Finished game 2996 (ref-2d6b8f1 vs cand-13caf43): 0-1 {Black wins by adjudication}
Started game 3005 of 40000 (cand-13caf43 vs ref-2d6b8f1)
Finished game 2988 (ref-2d6b8f1 vs cand-13caf43): 1/2-1/2 {Draw by 3-fold repetition}
Started game 3006 of 40000 (ref-2d6b8f1 vs cand-13caf43)
Finished game 2995 (cand-13caf43 vs ref-2d6b8f1): 1-0 {White wins by adjudication}
Started game 3007 of 40000 (cand-13caf43 vs ref-2d6b8f1)
Finished game 2993 (cand-13caf43 vs ref-2d6b8f1): 1-0 {White wins by adjudication}
Started game 3008 of 40000 (ref-2d6b8f1 vs cand-13caf43)
Finished game 2999 (cand-13caf43 vs ref-2d6b8f1): 0-1 {Black wins by adjudication}
Started game 3009 of 40000 (cand-13caf43 vs ref-2d6b8f1)
Finished game 2997 (cand-13caf43 vs ref-2d6b8f1): 0-1 {Black wins by adjudication}
Started game 3010 of 40000 (ref-2d6b8f1 vs cand-13caf43)
Finished game 3001 (cand-13caf43 vs ref-2d6b8f1): 1/2-1/2 {Draw by 3-fold repetition}
Started game 3011 of 40000 (cand-13caf43 vs ref-2d6b8f1)
Finished game 3000 (ref-2d6b8f1 vs cand-13caf43): 1/2-1/2 {Draw by 3-fold repetition}
--------------------------------------------------
Results of cand-13caf43 vs ref-2d6b8f1 (8+0.08, 1t, 16MB, noob_3moves.epd):
Elo: 17.86 +/- 9.45, nElo: 23.56 +/- 12.44
LOS: 99.99 %, DrawRatio: 35.42 %, PairsRatio: 1.23
Games: 2998, Wins: 992, Losses: 838, Draws: 1168, Points: 1576.0 (52.57 %)
Ptnml(0-2): [100, 335, 531, 377, 156], WL/DD Ratio: 1.33
LLR: 2.61 (88.6%) (-2.94, 2.94) [0.00, 5.00]
--------------------------------------------------
Started game 3012 of 40000 (ref-2d6b8f1 vs cand-13caf43)
Finished game 3004 (ref-2d6b8f1 vs cand-13caf43): 1-0 {White wins by adjudication}
Started game 3013 of 40000 (cand-13caf43 vs ref-2d6b8f1)
Finished game 3002 (ref-2d6b8f1 vs cand-13caf43): 1/2-1/2 {Draw by adjudication}
Started game 3014 of 40000 (ref-2d6b8f1 vs cand-13caf43)
Finished game 3003 (cand-13caf43 vs ref-2d6b8f1): 1-0 {White wins by adjudication}
Started game 3015 of 40000 (cand-13caf43 vs ref-2d6b8f1)
Finished game 3008 (ref-2d6b8f1 vs cand-13caf43): 0-1 {Black wins by adjudication}
Started game 3016 of 40000 (ref-2d6b8f1 vs cand-13caf43)
Finished game 3007 (cand-13caf43 vs ref-2d6b8f1): 0-1 {Black wins by adjudication}
Started game 3017 of 40000 (cand-13caf43 vs ref-2d6b8f1)
Finished game 2998 (ref-2d6b8f1 vs cand-13caf43): 1/2-1/2 {Draw by 3-fold repetition}
Started game 3018 of 40000 (ref-2d6b8f1 vs cand-13caf43)
Finished game 3006 (ref-2d6b8f1 vs cand-13caf43): 0-1 {Black wins by adjudication}
Started game 3019 of 40000 (cand-13caf43 vs ref-2d6b8f1)
Finished game 3010 (ref-2d6b8f1 vs cand-13caf43): 1-0 {White wins by adjudication}
Started game 3020 of 40000 (ref-2d6b8f1 vs cand-13caf43)
Finished game 3011 (cand-13caf43 vs ref-2d6b8f1): 1/2-1/2 {Draw by 3-fold repetition}
Started game 3021 of 40000 (cand-13caf43 vs ref-2d6b8f1)
Finished game 3009 (cand-13caf43 vs ref-2d6b8f1): 1/2-1/2 {Draw by 3-fold repetition}
Started game 3022 of 40000 (ref-2d6b8f1 vs cand-13caf43)
Finished game 3005 (cand-13caf43 vs ref-2d6b8f1): 0-1 {Black wins by adjudication}
Started game 3023 of 40000 (cand-13caf43 vs ref-2d6b8f1)
Finished game 3012 (ref-2d6b8f1 vs cand-13caf43): 1/2-1/2 {Draw by 3-fold repetition}
Started game 3024 of 40000 (ref-2d6b8f1 vs cand-13caf43)
Finished game 3019 (cand-13caf43 vs ref-2d6b8f1): 1-0 {White wins by adjudication}
Started game 3025 of 40000 (cand-13caf43 vs ref-2d6b8f1)
Finished game 3015 (cand-13caf43 vs ref-2d6b8f1): 1-0 {White wins by adjudication}
Started game 3026 of 40000 (ref-2d6b8f1 vs cand-13caf43)
Finished game 3014 (ref-2d6b8f1 vs cand-13caf43): 1-0 {White wins by adjudication}
Started game 3027 of 40000 (cand-13caf43 vs ref-2d6b8f1)
Finished game 3013 (cand-13caf43 vs ref-2d6b8f1): 1-0 {White wins by adjudication}
Started game 3028 of 40000 (ref-2d6b8f1 vs cand-13caf43)
Finished game 3017 (cand-13caf43 vs ref-2d6b8f1): 1/2-1/2 {Draw by 3-fold repetition}
Started game 3029 of 40000 (cand-13caf43 vs ref-2d6b8f1)
Finished game 3016 (ref-2d6b8f1 vs cand-13caf43): 0-1 {Black wins by adjudication}
Started game 3030 of 40000 (ref-2d6b8f1 vs cand-13caf43)
Finished game 3025 (cand-13caf43 vs ref-2d6b8f1): 1/2-1/2 {Draw by 3-fold repetition}
Started game 3031 of 40000 (cand-13caf43 vs ref-2d6b8f1)
Finished game 3020 (ref-2d6b8f1 vs cand-13caf43): 1/2-1/2 {Draw by 3-fold repetition}
--------------------------------------------------
Results of cand-13caf43 vs ref-2d6b8f1 (8+0.08, 1t, 16MB, noob_3moves.epd):
Elo: 17.86 +/- 9.40, nElo: 23.59 +/- 12.40
LOS: 99.99 %, DrawRatio: 35.59 %, PairsRatio: 1.22
Games: 3018, Wins: 999, Losses: 844, Draws: 1175, Points: 1586.5 (52.57 %)
Ptnml(0-2): [100, 337, 537, 378, 157], WL/DD Ratio: 1.33
LLR: 2.63 (89.3%) (-2.94, 2.94) [0.00, 5.00]
--------------------------------------------------
Started game 3032 of 40000 (ref-2d6b8f1 vs cand-13caf43)
Finished game 3022 (ref-2d6b8f1 vs cand-13caf43): 1-0 {White wins by adjudication}
Started game 3033 of 40000 (cand-13caf43 vs ref-2d6b8f1)
Finished game 3021 (cand-13caf43 vs ref-2d6b8f1): 0-1 {Black wins by adjudication}
Started game 3034 of 40000 (ref-2d6b8f1 vs cand-13caf43)
Finished game 3024 (ref-2d6b8f1 vs cand-13caf43): 1/2-1/2 {Draw by 3-fold repetition}
Started game 3035 of 40000 (cand-13caf43 vs ref-2d6b8f1)
Finished game 3028 (ref-2d6b8f1 vs cand-13caf43): 1/2-1/2 {Draw by 3-fold repetition}
Started game 3036 of 40000 (ref-2d6b8f1 vs cand-13caf43)
Finished game 3018 (ref-2d6b8f1 vs cand-13caf43): 1/2-1/2 {Draw by adjudication}
Started game 3037 of 40000 (cand-13caf43 vs ref-2d6b8f1)
Finished game 3023 (cand-13caf43 vs ref-2d6b8f1): 0-1 {Black wins by adjudication}
Started game 3038 of 40000 (ref-2d6b8f1 vs cand-13caf43)
Finished game 3027 (cand-13caf43 vs ref-2d6b8f1): 1-0 {White wins by adjudication}
Started game 3039 of 40000 (cand-13caf43 vs ref-2d6b8f1)
Finished game 3026 (ref-2d6b8f1 vs cand-13caf43): 1-0 {White wins by adjudication}
Started game 3040 of 40000 (ref-2d6b8f1 vs cand-13caf43)
Finished game 3029 (cand-13caf43 vs ref-2d6b8f1): 0-1 {Black wins by adjudication}
Started game 3041 of 40000 (cand-13caf43 vs ref-2d6b8f1)
Finished game 3033 (cand-13caf43 vs ref-2d6b8f1): 1-0 {White wins by adjudication}
Started game 3042 of 40000 (ref-2d6b8f1 vs cand-13caf43)
Finished game 3030 (ref-2d6b8f1 vs cand-13caf43): 0-1 {Black wins by adjudication}
Started game 3043 of 40000 (cand-13caf43 vs ref-2d6b8f1)
Finished game 3032 (ref-2d6b8f1 vs cand-13caf43): 0-1 {Black wins by adjudication}
Started game 3044 of 40000 (ref-2d6b8f1 vs cand-13caf43)
Finished game 3031 (cand-13caf43 vs ref-2d6b8f1): 1/2-1/2 {Draw by 3-fold repetition}
Started game 3045 of 40000 (cand-13caf43 vs ref-2d6b8f1)
Finished game 3035 (cand-13caf43 vs ref-2d6b8f1): 1-0 {White wins by adjudication}
Started game 3046 of 40000 (ref-2d6b8f1 vs cand-13caf43)
Finished game 3034 (ref-2d6b8f1 vs cand-13caf43): 1-0 {White wins by adjudication}
Started game 3047 of 40000 (cand-13caf43 vs ref-2d6b8f1)
Finished game 3040 (ref-2d6b8f1 vs cand-13caf43): 1-0 {White wins by adjudication}
Started game 3048 of 40000 (ref-2d6b8f1 vs cand-13caf43)
Finished game 3036 (ref-2d6b8f1 vs cand-13caf43): 1-0 {White wins by adjudication}
Started game 3049 of 40000 (cand-13caf43 vs ref-2d6b8f1)
Finished game 3041 (cand-13caf43 vs ref-2d6b8f1): 1-0 {White wins by adjudication}
Started game 3050 of 40000 (ref-2d6b8f1 vs cand-13caf43)
Finished game 3039 (cand-13caf43 vs ref-2d6b8f1): 1-0 {White wins by adjudication}
--------------------------------------------------
Results of cand-13caf43 vs ref-2d6b8f1 (8+0.08, 1t, 16MB, noob_3moves.epd):
Elo: 17.51 +/- 9.36, nElo: 23.15 +/- 12.35
LOS: 99.99 %, DrawRatio: 35.68 %, PairsRatio: 1.22
Games: 3038, Wins: 1005, Losses: 852, Draws: 1181, Points: 1595.5 (52.52 %)
Ptnml(0-2): [101, 339, 542, 380, 157], WL/DD Ratio: 1.35
LLR: 2.59 (88.0%) (-2.94, 2.94) [0.00, 5.00]
--------------------------------------------------
Started game 3051 of 40000 (cand-13caf43 vs ref-2d6b8f1)
Finished game 3038 (ref-2d6b8f1 vs cand-13caf43): 1/2-1/2 {Draw by insufficient mating material}
Started game 3052 of 40000 (ref-2d6b8f1 vs cand-13caf43)
Finished game 3045 (cand-13caf43 vs ref-2d6b8f1): 0-1 {Black wins by adjudication}
Started game 3053 of 40000 (cand-13caf43 vs ref-2d6b8f1)
Finished game 3042 (ref-2d6b8f1 vs cand-13caf43): 1-0 {White wins by adjudication}
Started game 3054 of 40000 (ref-2d6b8f1 vs cand-13caf43)
Finished game 3043 (cand-13caf43 vs ref-2d6b8f1): 1/2-1/2 {Draw by adjudication}
Started game 3055 of 40000 (cand-13caf43 vs ref-2d6b8f1)
Finished game 3044 (ref-2d6b8f1 vs cand-13caf43): 1/2-1/2 {Draw by insufficient mating material}
Started game 3056 of 40000 (ref-2d6b8f1 vs cand-13caf43)
Finished game 3047 (cand-13caf43 vs ref-2d6b8f1): 1-0 {White wins by adjudication}
Started game 3057 of 40000 (cand-13caf43 vs ref-2d6b8f1)
Finished game 3037 (cand-13caf43 vs ref-2d6b8f1): 1/2-1/2 {Draw by fifty moves rule}
Started game 3058 of 40000 (ref-2d6b8f1 vs cand-13caf43)
Finished game 3052 (ref-2d6b8f1 vs cand-13caf43): 1/2-1/2 {Draw by 3-fold repetition}
Started game 3059 of 40000 (cand-13caf43 vs ref-2d6b8f1)
Finished game 3046 (ref-2d6b8f1 vs cand-13caf43): 1/2-1/2 {Draw by insufficient mating material}
Started game 3060 of 40000 (ref-2d6b8f1 vs cand-13caf43)
Finished game 3054 (ref-2d6b8f1 vs cand-13caf43): 1/2-1/2 {Draw by 3-fold repetition}
Started game 3061 of 40000 (cand-13caf43 vs ref-2d6b8f1)
Finished game 3051 (cand-13caf43 vs ref-2d6b8f1): 1/2-1/2 {Draw by insufficient mating material}
Started game 3062 of 40000 (ref-2d6b8f1 vs cand-13caf43)
Finished game 3049 (cand-13caf43 vs ref-2d6b8f1): 1-0 {White wins by adjudication}
Started game 3063 of 40000 (cand-13caf43 vs ref-2d6b8f1)
Finished game 3050 (ref-2d6b8f1 vs cand-13caf43): 1-0 {White wins by adjudication}
Started game 3064 of 40000 (ref-2d6b8f1 vs cand-13caf43)
Finished game 3048 (ref-2d6b8f1 vs cand-13caf43): 1-0 {White wins by adjudication}
Started game 3065 of 40000 (cand-13caf43 vs ref-2d6b8f1)
Finished game 3055 (cand-13caf43 vs ref-2d6b8f1): 1-0 {White wins by adjudication}
Started game 3066 of 40000 (ref-2d6b8f1 vs cand-13caf43)
Finished game 3053 (cand-13caf43 vs ref-2d6b8f1): 0-1 {Black wins by adjudication}
Started game 3067 of 40000 (cand-13caf43 vs ref-2d6b8f1)
Finished game 3057 (cand-13caf43 vs ref-2d6b8f1): 0-1 {Black wins by adjudication}
Started game 3068 of 40000 (ref-2d6b8f1 vs cand-13caf43)
Finished game 3064 (ref-2d6b8f1 vs cand-13caf43): 1/2-1/2 {Draw by 3-fold repetition}
Started game 3069 of 40000 (cand-13caf43 vs ref-2d6b8f1)
Finished game 3060 (ref-2d6b8f1 vs cand-13caf43): 1-0 {White wins by adjudication}
Started game 3070 of 40000 (ref-2d6b8f1 vs cand-13caf43)
Finished game 3058 (ref-2d6b8f1 vs cand-13caf43): 0-1 {Black wins by adjudication}
Started game 3071 of 40000 (cand-13caf43 vs ref-2d6b8f1)
Finished game 3062 (ref-2d6b8f1 vs cand-13caf43): 0-1 {Black wins by adjudication}
Started game 3072 of 40000 (ref-2d6b8f1 vs cand-13caf43)
Finished game 3059 (cand-13caf43 vs ref-2d6b8f1): 0-1 {Black wins by adjudication}
--------------------------------------------------
Results of cand-13caf43 vs ref-2d6b8f1 (8+0.08, 1t, 16MB, noob_3moves.epd):
Elo: 16.94 +/- 9.32, nElo: 22.43 +/- 12.31
LOS: 99.98 %, DrawRatio: 35.91 %, PairsRatio: 1.21
Games: 3058, Wins: 1009, Losses: 860, Draws: 1189, Points: 1603.5 (52.44 %)
Ptnml(0-2): [102, 341, 549, 380, 157], WL/DD Ratio: 1.35
LLR: 2.52 (85.5%) (-2.94, 2.94) [0.00, 5.00]
--------------------------------------------------
Started game 3073 of 40000 (cand-13caf43 vs ref-2d6b8f1)
Finished game 3063 (cand-13caf43 vs ref-2d6b8f1): 1/2-1/2 {Draw by 3-fold repetition}
Started game 3074 of 40000 (ref-2d6b8f1 vs cand-13caf43)
Finished game 3068 (ref-2d6b8f1 vs cand-13caf43): 1-0 {White wins by adjudication}
Started game 3075 of 40000 (cand-13caf43 vs ref-2d6b8f1)
Finished game 3061 (cand-13caf43 vs ref-2d6b8f1): 1-0 {White wins by adjudication}
Started game 3076 of 40000 (ref-2d6b8f1 vs cand-13caf43)
Finished game 3056 (ref-2d6b8f1 vs cand-13caf43): 1/2-1/2 {Draw by fifty moves rule}
Started game 3077 of 40000 (cand-13caf43 vs ref-2d6b8f1)
Finished game 3066 (ref-2d6b8f1 vs cand-13caf43): 0-1 {Black wins by adjudication}
Started game 3078 of 40000 (ref-2d6b8f1 vs cand-13caf43)
Finished game 3065 (cand-13caf43 vs ref-2d6b8f1): 1/2-1/2 {Draw by 3-fold repetition}
Started game 3079 of 40000 (cand-13caf43 vs ref-2d6b8f1)
Finished game 3070 (ref-2d6b8f1 vs cand-13caf43): 0-1 {Black wins by adjudication}
Started game 3080 of 40000 (ref-2d6b8f1 vs cand-13caf43)
Finished game 3069 (cand-13caf43 vs ref-2d6b8f1): 1/2-1/2 {Draw by 3-fold repetition}
Started game 3081 of 40000 (cand-13caf43 vs ref-2d6b8f1)
Finished game 3076 (ref-2d6b8f1 vs cand-13caf43): 1-0 {White wins by adjudication}
Started game 3082 of 40000 (ref-2d6b8f1 vs cand-13caf43)
Finished game 3067 (cand-13caf43 vs ref-2d6b8f1): 1-0 {White wins by adjudication}
Started game 3083 of 40000 (cand-13caf43 vs ref-2d6b8f1)
Finished game 3071 (cand-13caf43 vs ref-2d6b8f1): 0-1 {Black wins by adjudication}
Started game 3084 of 40000 (ref-2d6b8f1 vs cand-13caf43)
Finished game 3077 (cand-13caf43 vs ref-2d6b8f1): 1/2-1/2 {Draw by 3-fold repetition}
Started game 3085 of 40000 (cand-13caf43 vs ref-2d6b8f1)
Finished game 3074 (ref-2d6b8f1 vs cand-13caf43): 1-0 {White wins by adjudication}
Started game 3086 of 40000 (ref-2d6b8f1 vs cand-13caf43)
Finished game 3075 (cand-13caf43 vs ref-2d6b8f1): 1/2-1/2 {Draw by 3-fold repetition}
Started game 3087 of 40000 (cand-13caf43 vs ref-2d6b8f1)
Finished game 3073 (cand-13caf43 vs ref-2d6b8f1): 1-0 {White wins by adjudication}
Started game 3088 of 40000 (ref-2d6b8f1 vs cand-13caf43)
Finished game 3078 (ref-2d6b8f1 vs cand-13caf43): 0-1 {Black wins by adjudication}
Started game 3089 of 40000 (cand-13caf43 vs ref-2d6b8f1)
Finished game 3079 (cand-13caf43 vs ref-2d6b8f1): 0-1 {Black wins by adjudication}
Started game 3090 of 40000 (ref-2d6b8f1 vs cand-13caf43)
Finished game 3081 (cand-13caf43 vs ref-2d6b8f1): 1-0 {White wins by adjudication}
Started game 3091 of 40000 (cand-13caf43 vs ref-2d6b8f1)
Finished game 3072 (ref-2d6b8f1 vs cand-13caf43): 1/2-1/2 {Draw by adjudication}
Started game 3092 of 40000 (ref-2d6b8f1 vs cand-13caf43)
Finished game 3080 (ref-2d6b8f1 vs cand-13caf43): 1/2-1/2 {Draw by 3-fold repetition}
--------------------------------------------------
Results of cand-13caf43 vs ref-2d6b8f1 (8+0.08, 1t, 16MB, noob_3moves.epd):
Elo: 17.16 +/- 9.28, nElo: 22.73 +/- 12.27
LOS: 99.99 %, DrawRatio: 35.84 %, PairsRatio: 1.22
Games: 3080, Wins: 1017, Losses: 865, Draws: 1198, Points: 1616.0 (52.47 %)
Ptnml(0-2): [102, 344, 552, 384, 158], WL/DD Ratio: 1.35
LLR: 2.57 (87.4%) (-2.94, 2.94) [0.00, 5.00]
--------------------------------------------------
Started game 3093 of 40000 (cand-13caf43 vs ref-2d6b8f1)
Finished game 3087 (cand-13caf43 vs ref-2d6b8f1): 1/2-1/2 {Draw by 3-fold repetition}
Started game 3094 of 40000 (ref-2d6b8f1 vs cand-13caf43)
Finished game 3084 (ref-2d6b8f1 vs cand-13caf43): 1/2-1/2 {Draw by stalemate}
Started game 3095 of 40000 (cand-13caf43 vs ref-2d6b8f1)
Finished game 3083 (cand-13caf43 vs ref-2d6b8f1): 1-0 {White wins by adjudication}
Started game 3096 of 40000 (ref-2d6b8f1 vs cand-13caf43)
Finished game 3082 (ref-2d6b8f1 vs cand-13caf43): 0-1 {Black wins by adjudication}
Started game 3097 of 40000 (cand-13caf43 vs ref-2d6b8f1)
Finished game 3085 (cand-13caf43 vs ref-2d6b8f1): 0-1 {Black wins by adjudication}
Started game 3098 of 40000 (ref-2d6b8f1 vs cand-13caf43)
Finished game 3091 (cand-13caf43 vs ref-2d6b8f1): 1/2-1/2 {Draw by 3-fold repetition}
Started game 3099 of 40000 (cand-13caf43 vs ref-2d6b8f1)
Finished game 3086 (ref-2d6b8f1 vs cand-13caf43): 1/2-1/2 {Draw by adjudication}
Started game 3100 of 40000 (ref-2d6b8f1 vs cand-13caf43)
Finished game 3089 (cand-13caf43 vs ref-2d6b8f1): 1/2-1/2 {Draw by 3-fold repetition}
Started game 3101 of 40000 (cand-13caf43 vs ref-2d6b8f1)
Finished game 3088 (ref-2d6b8f1 vs cand-13caf43): 1-0 {White wins by adjudication}
Started game 3102 of 40000 (ref-2d6b8f1 vs cand-13caf43)
Finished game 3093 (cand-13caf43 vs ref-2d6b8f1): 0-1 {Black wins by adjudication}
Started game 3103 of 40000 (cand-13caf43 vs ref-2d6b8f1)
Finished game 3092 (ref-2d6b8f1 vs cand-13caf43): 1/2-1/2 {Draw by insufficient mating material}
Started game 3104 of 40000 (ref-2d6b8f1 vs cand-13caf43)
Finished game 3090 (ref-2d6b8f1 vs cand-13caf43): 1-0 {White wins by adjudication}
Started game 3105 of 40000 (cand-13caf43 vs ref-2d6b8f1)
Finished game 3098 (ref-2d6b8f1 vs cand-13caf43): 1/2-1/2 {Draw by 3-fold repetition}
Started game 3106 of 40000 (ref-2d6b8f1 vs cand-13caf43)
Finished game 3097 (cand-13caf43 vs ref-2d6b8f1): 1/2-1/2 {Draw by insufficient mating material}
Started game 3107 of 40000 (cand-13caf43 vs ref-2d6b8f1)
Finished game 3094 (ref-2d6b8f1 vs cand-13caf43): 1-0 {White wins by adjudication}
Started game 3108 of 40000 (ref-2d6b8f1 vs cand-13caf43)
Finished game 3095 (cand-13caf43 vs ref-2d6b8f1): 1-0 {White wins by adjudication}
Started game 3109 of 40000 (cand-13caf43 vs ref-2d6b8f1)
Finished game 3096 (ref-2d6b8f1 vs cand-13caf43): 1-0 {White wins by adjudication}
Started game 3110 of 40000 (ref-2d6b8f1 vs cand-13caf43)
Finished game 3099 (cand-13caf43 vs ref-2d6b8f1): 1-0 {White wins by adjudication}
Started game 3111 of 40000 (cand-13caf43 vs ref-2d6b8f1)
Finished game 3102 (ref-2d6b8f1 vs cand-13caf43): 0-1 {Black wins by adjudication}
Started game 3112 of 40000 (ref-2d6b8f1 vs cand-13caf43)
Finished game 3104 (ref-2d6b8f1 vs cand-13caf43): 0-1 {Black wins by adjudication}
Started game 3113 of 40000 (cand-13caf43 vs ref-2d6b8f1)
Finished game 3101 (cand-13caf43 vs ref-2d6b8f1): 0-1 {Black wins by adjudication}
Started game 3114 of 40000 (ref-2d6b8f1 vs cand-13caf43)
Finished game 3100 (ref-2d6b8f1 vs cand-13caf43): 0-1 {Black wins by adjudication}
--------------------------------------------------
Results of cand-13caf43 vs ref-2d6b8f1 (8+0.08, 1t, 16MB, noob_3moves.epd):
Elo: 17.04 +/- 9.26, nElo: 22.54 +/- 12.23
LOS: 99.98 %, DrawRatio: 35.85 %, PairsRatio: 1.21
Games: 3102, Wins: 1024, Losses: 872, Draws: 1206, Points: 1627.0 (52.45 %)
Ptnml(0-2): [103, 347, 556, 385, 160], WL/DD Ratio: 1.35
LLR: 2.57 (87.3%) (-2.94, 2.94) [0.00, 5.00]
--------------------------------------------------
Started game 3115 of 40000 (cand-13caf43 vs ref-2d6b8f1)
Finished game 3106 (ref-2d6b8f1 vs cand-13caf43): 0-1 {Black wins by adjudication}
Started game 3116 of 40000 (ref-2d6b8f1 vs cand-13caf43)
Finished game 3105 (cand-13caf43 vs ref-2d6b8f1): 1/2-1/2 {Draw by adjudication}
Started game 3117 of 40000 (cand-13caf43 vs ref-2d6b8f1)
Finished game 3103 (cand-13caf43 vs ref-2d6b8f1): 1/2-1/2 {Draw by 3-fold repetition}
Started game 3118 of 40000 (ref-2d6b8f1 vs cand-13caf43)
Finished game 3108 (ref-2d6b8f1 vs cand-13caf43): 0-1 {Black wins by adjudication}
Started game 3119 of 40000 (cand-13caf43 vs ref-2d6b8f1)
Finished game 3110 (ref-2d6b8f1 vs cand-13caf43): 1-0 {White wins by adjudication}
Started game 3120 of 40000 (ref-2d6b8f1 vs cand-13caf43)
Finished game 3107 (cand-13caf43 vs ref-2d6b8f1): 0-1 {Black wins by adjudication}
Started game 3121 of 40000 (cand-13caf43 vs ref-2d6b8f1)
Finished game 3109 (cand-13caf43 vs ref-2d6b8f1): 0-1 {Black wins by adjudication}
Started game 3122 of 40000 (ref-2d6b8f1 vs cand-13caf43)
Finished game 3111 (cand-13caf43 vs ref-2d6b8f1): 0-1 {Black wins by adjudication}
Started game 3123 of 40000 (cand-13caf43 vs ref-2d6b8f1)
Finished game 3116 (ref-2d6b8f1 vs cand-13caf43): 0-1 {Black wins by adjudication}
Started game 3124 of 40000 (ref-2d6b8f1 vs cand-13caf43)
Finished game 3112 (ref-2d6b8f1 vs cand-13caf43): 0-1 {Black wins by adjudication}
Started game 3125 of 40000 (cand-13caf43 vs ref-2d6b8f1)
Finished game 3121 (cand-13caf43 vs ref-2d6b8f1): 1/2-1/2 {Draw by 3-fold repetition}
Started game 3126 of 40000 (ref-2d6b8f1 vs cand-13caf43)
Finished game 3114 (ref-2d6b8f1 vs cand-13caf43): 0-1 {Black wins by adjudication}
Started game 3127 of 40000 (cand-13caf43 vs ref-2d6b8f1)
Finished game 3113 (cand-13caf43 vs ref-2d6b8f1): 1-0 {White wins by adjudication}
Started game 3128 of 40000 (ref-2d6b8f1 vs cand-13caf43)
Finished game 3120 (ref-2d6b8f1 vs cand-13caf43): 1-0 {White wins by adjudication}
Started game 3129 of 40000 (cand-13caf43 vs ref-2d6b8f1)
Finished game 3118 (ref-2d6b8f1 vs cand-13caf43): 1/2-1/2 {Draw by insufficient mating material}
Started game 3130 of 40000 (ref-2d6b8f1 vs cand-13caf43)
Finished game 3117 (cand-13caf43 vs ref-2d6b8f1): 1/2-1/2 {Draw by adjudication}
Started game 3131 of 40000 (cand-13caf43 vs ref-2d6b8f1)
Finished game 3115 (cand-13caf43 vs ref-2d6b8f1): 1/2-1/2 {Draw by 3-fold repetition}
Started game 3132 of 40000 (ref-2d6b8f1 vs cand-13caf43)
Finished game 3119 (cand-13caf43 vs ref-2d6b8f1): 0-1 {Black wins by adjudication}
--------------------------------------------------
Results of cand-13caf43 vs ref-2d6b8f1 (8+0.08, 1t, 16MB, noob_3moves.epd):
Elo: 17.05 +/- 9.24, nElo: 22.53 +/- 12.19
LOS: 99.99 %, DrawRatio: 35.83 %, PairsRatio: 1.21
Games: 3120, Wins: 1031, Losses: 878, Draws: 1211, Points: 1636.5 (52.45 %)
Ptnml(0-2): [105, 347, 559, 388, 161], WL/DD Ratio: 1.35
LLR: 2.58 (87.7%) (-2.94, 2.94) [0.00, 5.00]
--------------------------------------------------
Started game 3133 of 40000 (cand-13caf43 vs ref-2d6b8f1)
Finished game 3123 (cand-13caf43 vs ref-2d6b8f1): 1/2-1/2 {Draw by 3-fold repetition}
Started game 3134 of 40000 (ref-2d6b8f1 vs cand-13caf43)
Finished game 3125 (cand-13caf43 vs ref-2d6b8f1): 1-0 {White wins by adjudication}
Started game 3135 of 40000 (cand-13caf43 vs ref-2d6b8f1)
Finished game 3122 (ref-2d6b8f1 vs cand-13caf43): 0-1 {Black wins by adjudication}
Started game 3136 of 40000 (ref-2d6b8f1 vs cand-13caf43)
Finished game 3127 (cand-13caf43 vs ref-2d6b8f1): 0-1 {Black wins by adjudication}
Started game 3137 of 40000 (cand-13caf43 vs ref-2d6b8f1)
Finished game 3129 (cand-13caf43 vs ref-2d6b8f1): 0-1 {Black wins by adjudication}
Started game 3138 of 40000 (ref-2d6b8f1 vs cand-13caf43)
Finished game 3126 (ref-2d6b8f1 vs cand-13caf43): 1/2-1/2 {Draw by adjudication}
Started game 3139 of 40000 (cand-13caf43 vs ref-2d6b8f1)
Finished game 3132 (ref-2d6b8f1 vs cand-13caf43): 1/2-1/2 {Draw by 3-fold repetition}
Started game 3140 of 40000 (ref-2d6b8f1 vs cand-13caf43)
Finished game 3131 (cand-13caf43 vs ref-2d6b8f1): 1-0 {White wins by adjudication}
Started game 3141 of 40000 (cand-13caf43 vs ref-2d6b8f1)
Finished game 3128 (ref-2d6b8f1 vs cand-13caf43): 1/2-1/2 {Draw by insufficient mating material}
Started game 3142 of 40000 (ref-2d6b8f1 vs cand-13caf43)
Finished game 3124 (ref-2d6b8f1 vs cand-13caf43): 1/2-1/2 {Draw by insufficient mating material}
Started game 3143 of 40000 (cand-13caf43 vs ref-2d6b8f1)
Finished game 3130 (ref-2d6b8f1 vs cand-13caf43): 1/2-1/2 {Draw by adjudication}
Started game 3144 of 40000 (ref-2d6b8f1 vs cand-13caf43)
Finished game 3133 (cand-13caf43 vs ref-2d6b8f1): 0-1 {Black wins by adjudication}
Started game 3145 of 40000 (cand-13caf43 vs ref-2d6b8f1)
Finished game 3135 (cand-13caf43 vs ref-2d6b8f1): 0-1 {Black wins by adjudication}
Started game 3146 of 40000 (ref-2d6b8f1 vs cand-13caf43)
Finished game 3134 (ref-2d6b8f1 vs cand-13caf43): 1/2-1/2 {Draw by 3-fold repetition}
Started game 3147 of 40000 (cand-13caf43 vs ref-2d6b8f1)
Finished game 3137 (cand-13caf43 vs ref-2d6b8f1): 1-0 {White wins by adjudication}
Started game 3148 of 40000 (ref-2d6b8f1 vs cand-13caf43)
Finished game 3136 (ref-2d6b8f1 vs cand-13caf43): 1-0 {White wins by adjudication}
Started game 3149 of 40000 (cand-13caf43 vs ref-2d6b8f1)
Finished game 3138 (ref-2d6b8f1 vs cand-13caf43): 1/2-1/2 {Draw by 3-fold repetition}
Started game 3150 of 40000 (ref-2d6b8f1 vs cand-13caf43)
Finished game 3140 (ref-2d6b8f1 vs cand-13caf43): 1-0 {White wins by adjudication}
Started game 3151 of 40000 (cand-13caf43 vs ref-2d6b8f1)
Finished game 3145 (cand-13caf43 vs ref-2d6b8f1): 1-0 {White wins by adjudication}
Started game 3152 of 40000 (ref-2d6b8f1 vs cand-13caf43)
Finished game 3141 (cand-13caf43 vs ref-2d6b8f1): 1-0 {White wins by adjudication}
Started game 3153 of 40000 (cand-13caf43 vs ref-2d6b8f1)
Finished game 3144 (ref-2d6b8f1 vs cand-13caf43): 1-0 {White wins by adjudication}
Started game 3154 of 40000 (ref-2d6b8f1 vs cand-13caf43)
Finished game 3143 (cand-13caf43 vs ref-2d6b8f1): 1/2-1/2 {Draw by 3-fold repetition}
Started game 3155 of 40000 (cand-13caf43 vs ref-2d6b8f1)
Finished game 3142 (ref-2d6b8f1 vs cand-13caf43): 0-1 {Black wins by adjudication}
Started game 3156 of 40000 (ref-2d6b8f1 vs cand-13caf43)
Finished game 3148 (ref-2d6b8f1 vs cand-13caf43): 0-1 {Black wins by adjudication}
Started game 3157 of 40000 (cand-13caf43 vs ref-2d6b8f1)
Finished game 3139 (cand-13caf43 vs ref-2d6b8f1): 1/2-1/2 {Draw by adjudication}
--------------------------------------------------
Results of cand-13caf43 vs ref-2d6b8f1 (8+0.08, 1t, 16MB, noob_3moves.epd):
Elo: 16.81 +/- 9.22, nElo: 22.19 +/- 12.14
LOS: 99.98 %, DrawRatio: 35.62 %, PairsRatio: 1.21
Games: 3144, Wins: 1037, Losses: 885, Draws: 1222, Points: 1648.0 (52.42 %)
Ptnml(0-2): [106, 352, 560, 392, 162], WL/DD Ratio: 1.34
LLR: 2.56 (86.9%) (-2.94, 2.94) [0.00, 5.00]
--------------------------------------------------
Started game 3158 of 40000 (ref-2d6b8f1 vs cand-13caf43)
Finished game 3154 (ref-2d6b8f1 vs cand-13caf43): 1/2-1/2 {Draw by 3-fold repetition}
Started game 3159 of 40000 (cand-13caf43 vs ref-2d6b8f1)
Finished game 3147 (cand-13caf43 vs ref-2d6b8f1): 1/2-1/2 {Draw by adjudication}
Started game 3160 of 40000 (ref-2d6b8f1 vs cand-13caf43)
Finished game 3150 (ref-2d6b8f1 vs cand-13caf43): 0-1 {Black wins by adjudication}
Started game 3161 of 40000 (cand-13caf43 vs ref-2d6b8f1)
Finished game 3146 (ref-2d6b8f1 vs cand-13caf43): 0-1 {Black wins by adjudication}
Started game 3162 of 40000 (ref-2d6b8f1 vs cand-13caf43)
Finished game 3149 (cand-13caf43 vs ref-2d6b8f1): 1-0 {White wins by adjudication}
Started game 3163 of 40000 (cand-13caf43 vs ref-2d6b8f1)
Finished game 3151 (cand-13caf43 vs ref-2d6b8f1): 1/2-1/2 {Draw by 3-fold repetition}
Started game 3164 of 40000 (ref-2d6b8f1 vs cand-13caf43)
Finished game 3153 (cand-13caf43 vs ref-2d6b8f1): 0-1 {Black wins by adjudication}
Started game 3165 of 40000 (cand-13caf43 vs ref-2d6b8f1)
Finished game 3155 (cand-13caf43 vs ref-2d6b8f1): 0-1 {Black wins by adjudication}
Started game 3166 of 40000 (ref-2d6b8f1 vs cand-13caf43)
Finished game 3152 (ref-2d6b8f1 vs cand-13caf43): 1/2-1/2 {Draw by 3-fold repetition}
Started game 3167 of 40000 (cand-13caf43 vs ref-2d6b8f1)
Finished game 3156 (ref-2d6b8f1 vs cand-13caf43): 0-1 {Black wins by adjudication}
Started game 3168 of 40000 (ref-2d6b8f1 vs cand-13caf43)
Finished game 3161 (cand-13caf43 vs ref-2d6b8f1): 1/2-1/2 {Draw by 3-fold repetition}
Started game 3169 of 40000 (cand-13caf43 vs ref-2d6b8f1)
Finished game 3160 (ref-2d6b8f1 vs cand-13caf43): 0-1 {Black wins by adjudication}
Started game 3170 of 40000 (ref-2d6b8f1 vs cand-13caf43)
Finished game 3158 (ref-2d6b8f1 vs cand-13caf43): 1-0 {White wins by adjudication}
Started game 3171 of 40000 (cand-13caf43 vs ref-2d6b8f1)
Finished game 3166 (ref-2d6b8f1 vs cand-13caf43): 1/2-1/2 {Draw by 3-fold repetition}
Started game 3172 of 40000 (ref-2d6b8f1 vs cand-13caf43)
Finished game 3162 (ref-2d6b8f1 vs cand-13caf43): 1/2-1/2 {Draw by 3-fold repetition}
Started game 3173 of 40000 (cand-13caf43 vs ref-2d6b8f1)
Finished game 3164 (ref-2d6b8f1 vs cand-13caf43): 0-1 {Black wins by adjudication}
Started game 3174 of 40000 (ref-2d6b8f1 vs cand-13caf43)
Finished game 3159 (cand-13caf43 vs ref-2d6b8f1): 0-1 {Black wins by adjudication}
--------------------------------------------------
Results of cand-13caf43 vs ref-2d6b8f1 (8+0.08, 1t, 16MB, noob_3moves.epd):
Elo: 17.17 +/- 9.19, nElo: 22.66 +/- 12.11
LOS: 99.99 %, DrawRatio: 35.70 %, PairsRatio: 1.21
Games: 3160, Wins: 1044, Losses: 888, Draws: 1228, Points: 1658.0 (52.47 %)
Ptnml(0-2): [106, 353, 564, 393, 164], WL/DD Ratio: 1.34
LLR: 2.63 (89.4%) (-2.94, 2.94) [0.00, 5.00]
--------------------------------------------------
Started game 3175 of 40000 (cand-13caf43 vs ref-2d6b8f1)
Finished game 3157 (cand-13caf43 vs ref-2d6b8f1): 1-0 {White wins by adjudication}
Started game 3176 of 40000 (ref-2d6b8f1 vs cand-13caf43)
Finished game 3163 (cand-13caf43 vs ref-2d6b8f1): 0-1 {Black wins by adjudication}
Started game 3177 of 40000 (cand-13caf43 vs ref-2d6b8f1)
Finished game 3165 (cand-13caf43 vs ref-2d6b8f1): 0-1 {Black wins by adjudication}
Started game 3178 of 40000 (ref-2d6b8f1 vs cand-13caf43)
Finished game 3167 (cand-13caf43 vs ref-2d6b8f1): 1-0 {White wins by adjudication}
Started game 3179 of 40000 (cand-13caf43 vs ref-2d6b8f1)
Finished game 3170 (ref-2d6b8f1 vs cand-13caf43): 1/2-1/2 {Draw by insufficient mating material}
Started game 3180 of 40000 (ref-2d6b8f1 vs cand-13caf43)
Finished game 3172 (ref-2d6b8f1 vs cand-13caf43): 1/2-1/2 {Draw by 3-fold repetition}
Started game 3181 of 40000 (cand-13caf43 vs ref-2d6b8f1)
Finished game 3176 (ref-2d6b8f1 vs cand-13caf43): 1-0 {White wins by adjudication}
Started game 3182 of 40000 (ref-2d6b8f1 vs cand-13caf43)
Finished game 3171 (cand-13caf43 vs ref-2d6b8f1): 1/2-1/2 {Draw by adjudication}
Started game 3183 of 40000 (cand-13caf43 vs ref-2d6b8f1)
Finished game 3178 (ref-2d6b8f1 vs cand-13caf43): 1-0 {White wins by adjudication}
Started game 3184 of 40000 (ref-2d6b8f1 vs cand-13caf43)
Finished game 3175 (cand-13caf43 vs ref-2d6b8f1): 1-0 {White wins by adjudication}
Started game 3185 of 40000 (cand-13caf43 vs ref-2d6b8f1)
Finished game 3168 (ref-2d6b8f1 vs cand-13caf43): 0-1 {Black wins by adjudication}
Started game 3186 of 40000 (ref-2d6b8f1 vs cand-13caf43)
Finished game 3174 (ref-2d6b8f1 vs cand-13caf43): 0-1 {Black wins by adjudication}
Started game 3187 of 40000 (cand-13caf43 vs ref-2d6b8f1)
Finished game 3173 (cand-13caf43 vs ref-2d6b8f1): 1/2-1/2 {Draw by fifty moves rule}
Started game 3188 of 40000 (ref-2d6b8f1 vs cand-13caf43)
Finished game 3177 (cand-13caf43 vs ref-2d6b8f1): 1/2-1/2 {Draw by adjudication}
Started game 3189 of 40000 (cand-13caf43 vs ref-2d6b8f1)
Finished game 3180 (ref-2d6b8f1 vs cand-13caf43): 0-1 {Black wins by adjudication}
Started game 3190 of 40000 (ref-2d6b8f1 vs cand-13caf43)
Finished game 3183 (cand-13caf43 vs ref-2d6b8f1): 1-0 {White wins by adjudication}
Started game 3191 of 40000 (cand-13caf43 vs ref-2d6b8f1)
Finished game 3169 (cand-13caf43 vs ref-2d6b8f1): 1/2-1/2 {Draw by fifty moves rule}
Started game 3192 of 40000 (ref-2d6b8f1 vs cand-13caf43)
Finished game 3186 (ref-2d6b8f1 vs cand-13caf43): 0-1 {Black wins by adjudication}
Started game 3193 of 40000 (cand-13caf43 vs ref-2d6b8f1)
Finished game 3184 (ref-2d6b8f1 vs cand-13caf43): 1/2-1/2 {Draw by adjudication}
Started game 3194 of 40000 (ref-2d6b8f1 vs cand-13caf43)
Finished game 3179 (cand-13caf43 vs ref-2d6b8f1): 1/2-1/2 {Draw by fifty moves rule}
--------------------------------------------------
Results of cand-13caf43 vs ref-2d6b8f1 (8+0.08, 1t, 16MB, noob_3moves.epd):
Elo: 17.38 +/- 9.15, nElo: 22.96 +/- 12.07
LOS: 99.99 %, DrawRatio: 35.76 %, PairsRatio: 1.22
Games: 3182, Wins: 1052, Losses: 893, Draws: 1237, Points: 1670.5 (52.50 %)
Ptnml(0-2): [106, 355, 569, 396, 165], WL/DD Ratio: 1.34
LLR: 2.69 (91.4%) (-2.94, 2.94) [0.00, 5.00]
--------------------------------------------------
Started game 3195 of 40000 (cand-13caf43 vs ref-2d6b8f1)
Finished game 3187 (cand-13caf43 vs ref-2d6b8f1): 1-0 {White wins by adjudication}
Started game 3196 of 40000 (ref-2d6b8f1 vs cand-13caf43)
Finished game 3185 (cand-13caf43 vs ref-2d6b8f1): 1/2-1/2 {Draw by insufficient mating material}
Started game 3197 of 40000 (cand-13caf43 vs ref-2d6b8f1)
Finished game 3182 (ref-2d6b8f1 vs cand-13caf43): 1/2-1/2 {Draw by fifty moves rule}
Started game 3198 of 40000 (ref-2d6b8f1 vs cand-13caf43)
Finished game 3189 (cand-13caf43 vs ref-2d6b8f1): 1-0 {White wins by adjudication}
Started game 3199 of 40000 (cand-13caf43 vs ref-2d6b8f1)
Finished game 3188 (ref-2d6b8f1 vs cand-13caf43): 0-1 {Black wins by adjudication}
Started game 3200 of 40000 (ref-2d6b8f1 vs cand-13caf43)
Finished game 3181 (cand-13caf43 vs ref-2d6b8f1): 1/2-1/2 {Draw by 3-fold repetition}
Started game 3201 of 40000 (cand-13caf43 vs ref-2d6b8f1)
Finished game 3193 (cand-13caf43 vs ref-2d6b8f1): 1-0 {White wins by adjudication}
Started game 3202 of 40000 (ref-2d6b8f1 vs cand-13caf43)
Finished game 3190 (ref-2d6b8f1 vs cand-13caf43): 1-0 {White wins by adjudication}
Started game 3203 of 40000 (cand-13caf43 vs ref-2d6b8f1)
Finished game 3191 (cand-13caf43 vs ref-2d6b8f1): 0-1 {Black wins by adjudication}
Started game 3204 of 40000 (ref-2d6b8f1 vs cand-13caf43)
Finished game 3198 (ref-2d6b8f1 vs cand-13caf43): 0-1 {Black wins by adjudication}
Started game 3205 of 40000 (cand-13caf43 vs ref-2d6b8f1)
Finished game 3192 (ref-2d6b8f1 vs cand-13caf43): 1/2-1/2 {Draw by adjudication}
Started game 3206 of 40000 (ref-2d6b8f1 vs cand-13caf43)
Finished game 3194 (ref-2d6b8f1 vs cand-13caf43): 0-1 {Black wins by adjudication}
Started game 3207 of 40000 (cand-13caf43 vs ref-2d6b8f1)
Finished game 3199 (cand-13caf43 vs ref-2d6b8f1): 0-1 {Black wins by adjudication}
Started game 3208 of 40000 (ref-2d6b8f1 vs cand-13caf43)
Finished game 3200 (ref-2d6b8f1 vs cand-13caf43): 1/2-1/2 {Draw by 3-fold repetition}
--------------------------------------------------
Results of cand-13caf43 vs ref-2d6b8f1 (8+0.08, 1t, 16MB, noob_3moves.epd):
Elo: 17.63 +/- 9.14, nElo: 23.28 +/- 12.05
LOS: 99.99 %, DrawRatio: 35.73 %, PairsRatio: 1.22
Games: 3196, Wins: 1058, Losses: 896, Draws: 1242, Points: 1679.0 (52.53 %)
Ptnml(0-2): [106, 357, 571, 397, 167], WL/DD Ratio: 1.34
LLR: 2.74 (93.2%) (-2.94, 2.94) [0.00, 5.00]
--------------------------------------------------
Started game 3209 of 40000 (cand-13caf43 vs ref-2d6b8f1)
Finished game 3201 (cand-13caf43 vs ref-2d6b8f1): 1-0 {White wins by adjudication}
Started game 3210 of 40000 (ref-2d6b8f1 vs cand-13caf43)
Finished game 3195 (cand-13caf43 vs ref-2d6b8f1): 1/2-1/2 {Draw by adjudication}
Started game 3211 of 40000 (cand-13caf43 vs ref-2d6b8f1)
Finished game 3202 (ref-2d6b8f1 vs cand-13caf43): 1/2-1/2 {Draw by adjudication}
Started game 3212 of 40000 (ref-2d6b8f1 vs cand-13caf43)
Finished game 3197 (cand-13caf43 vs ref-2d6b8f1): 1/2-1/2 {Draw by fifty moves rule}
Started game 3213 of 40000 (cand-13caf43 vs ref-2d6b8f1)
Finished game 3206 (ref-2d6b8f1 vs cand-13caf43): 0-1 {Black wins by adjudication}
Started game 3214 of 40000 (ref-2d6b8f1 vs cand-13caf43)
Finished game 3203 (cand-13caf43 vs ref-2d6b8f1): 0-1 {Black wins by adjudication}
Started game 3215 of 40000 (cand-13caf43 vs ref-2d6b8f1)
Finished game 3208 (ref-2d6b8f1 vs cand-13caf43): 1/2-1/2 {Draw by 3-fold repetition}
Started game 3216 of 40000 (ref-2d6b8f1 vs cand-13caf43)
Finished game 3204 (ref-2d6b8f1 vs cand-13caf43): 1/2-1/2 {Draw by 3-fold repetition}
Started game 3217 of 40000 (cand-13caf43 vs ref-2d6b8f1)
Finished game 3212 (ref-2d6b8f1 vs cand-13caf43): 1/2-1/2 {Draw by 3-fold repetition}
Started game 3218 of 40000 (ref-2d6b8f1 vs cand-13caf43)
Finished game 3211 (cand-13caf43 vs ref-2d6b8f1): 0-1 {Black wins by adjudication}
Started game 3219 of 40000 (cand-13caf43 vs ref-2d6b8f1)
Finished game 3209 (cand-13caf43 vs ref-2d6b8f1): 1-0 {White wins by adjudication}
Started game 3220 of 40000 (ref-2d6b8f1 vs cand-13caf43)
Finished game 3207 (cand-13caf43 vs ref-2d6b8f1): 1/2-1/2 {Draw by adjudication}
Started game 3221 of 40000 (cand-13caf43 vs ref-2d6b8f1)
Finished game 3210 (ref-2d6b8f1 vs cand-13caf43): 1/2-1/2 {Draw by 3-fold repetition}
Started game 3222 of 40000 (ref-2d6b8f1 vs cand-13caf43)
Finished game 3205 (cand-13caf43 vs ref-2d6b8f1): 0-1 {Black wins by adjudication}
Started game 3223 of 40000 (cand-13caf43 vs ref-2d6b8f1)
Finished game 3196 (ref-2d6b8f1 vs cand-13caf43): 1/2-1/2 {Draw by insufficient mating material}
Started game 3224 of 40000 (ref-2d6b8f1 vs cand-13caf43)
Finished game 3217 (cand-13caf43 vs ref-2d6b8f1): 1/2-1/2 {Draw by 3-fold repetition}
Started game 3225 of 40000 (cand-13caf43 vs ref-2d6b8f1)
Finished game 3215 (cand-13caf43 vs ref-2d6b8f1): 1/2-1/2 {Draw by 3-fold repetition}
Started game 3226 of 40000 (ref-2d6b8f1 vs cand-13caf43)
Finished game 3213 (cand-13caf43 vs ref-2d6b8f1): 1-0 {White wins by adjudication}
Started game 3227 of 40000 (cand-13caf43 vs ref-2d6b8f1)
Finished game 3216 (ref-2d6b8f1 vs cand-13caf43): 1/2-1/2 {Draw by 3-fold repetition}
Started game 3228 of 40000 (ref-2d6b8f1 vs cand-13caf43)
Finished game 3221 (cand-13caf43 vs ref-2d6b8f1): 1-0 {White wins by adjudication}
Started game 3229 of 40000 (cand-13caf43 vs ref-2d6b8f1)
Finished game 3219 (cand-13caf43 vs ref-2d6b8f1): 1/2-1/2 {Draw by 3-fold repetition}
Started game 3230 of 40000 (ref-2d6b8f1 vs cand-13caf43)
Finished game 3214 (ref-2d6b8f1 vs cand-13caf43): 0-1 {Black wins by adjudication}
Started game 3231 of 40000 (cand-13caf43 vs ref-2d6b8f1)
Finished game 3222 (ref-2d6b8f1 vs cand-13caf43): 1/2-1/2 {Draw by 3-fold repetition}
Started game 3232 of 40000 (ref-2d6b8f1 vs cand-13caf43)
Finished game 3218 (ref-2d6b8f1 vs cand-13caf43): 0-1 {Black wins by adjudication}
Started game 3233 of 40000 (cand-13caf43 vs ref-2d6b8f1)
Finished game 3220 (ref-2d6b8f1 vs cand-13caf43): 1-0 {White wins by adjudication}
--------------------------------------------------
Results of cand-13caf43 vs ref-2d6b8f1 (8+0.08, 1t, 16MB, noob_3moves.epd):
Elo: 17.92 +/- 9.09, nElo: 23.68 +/- 12.00
LOS: 99.99 %, DrawRatio: 35.69 %, PairsRatio: 1.22
Games: 3222, Wins: 1066, Losses: 900, Draws: 1256, Points: 1694.0 (52.58 %)
Ptnml(0-2): [106, 360, 575, 402, 168], WL/DD Ratio: 1.33
LLR: 2.82 (95.7%) (-2.94, 2.94) [0.00, 5.00]
--------------------------------------------------
Started game 3234 of 40000 (ref-2d6b8f1 vs cand-13caf43)
Finished game 3226 (ref-2d6b8f1 vs cand-13caf43): 0-1 {Black wins by adjudication}
Started game 3235 of 40000 (cand-13caf43 vs ref-2d6b8f1)
Finished game 3224 (ref-2d6b8f1 vs cand-13caf43): 1-0 {White wins by adjudication}
Started game 3236 of 40000 (ref-2d6b8f1 vs cand-13caf43)
Finished game 3223 (cand-13caf43 vs ref-2d6b8f1): 0-1 {Black wins by adjudication}
Started game 3237 of 40000 (cand-13caf43 vs ref-2d6b8f1)
Finished game 3230 (ref-2d6b8f1 vs cand-13caf43): 1/2-1/2 {Draw by 3-fold repetition}
Started game 3238 of 40000 (ref-2d6b8f1 vs cand-13caf43)
Finished game 3231 (cand-13caf43 vs ref-2d6b8f1): 1/2-1/2 {Draw by 3-fold repetition}
Started game 3239 of 40000 (cand-13caf43 vs ref-2d6b8f1)
Finished game 3229 (cand-13caf43 vs ref-2d6b8f1): 1-0 {White wins by adjudication}
Started game 3240 of 40000 (ref-2d6b8f1 vs cand-13caf43)
Finished game 3227 (cand-13caf43 vs ref-2d6b8f1): 0-1 {Black wins by adjudication}
Started game 3241 of 40000 (cand-13caf43 vs ref-2d6b8f1)
Finished game 3232 (ref-2d6b8f1 vs cand-13caf43): 1-0 {White wins by adjudication}
Started game 3242 of 40000 (ref-2d6b8f1 vs cand-13caf43)
Finished game 3225 (cand-13caf43 vs ref-2d6b8f1): 1/2-1/2 {Draw by 3-fold repetition}
Started game 3243 of 40000 (cand-13caf43 vs ref-2d6b8f1)
Finished game 3228 (ref-2d6b8f1 vs cand-13caf43): 1/2-1/2 {Draw by adjudication}
Started game 3244 of 40000 (ref-2d6b8f1 vs cand-13caf43)
Finished game 3234 (ref-2d6b8f1 vs cand-13caf43): 1-0 {White wins by adjudication}
Started game 3245 of 40000 (cand-13caf43 vs ref-2d6b8f1)
Finished game 3235 (cand-13caf43 vs ref-2d6b8f1): 1/2-1/2 {Draw by adjudication}
Started game 3246 of 40000 (ref-2d6b8f1 vs cand-13caf43)
Finished game 3233 (cand-13caf43 vs ref-2d6b8f1): 1/2-1/2 {Draw by adjudication}
Started game 3247 of 40000 (cand-13caf43 vs ref-2d6b8f1)
Finished game 3236 (ref-2d6b8f1 vs cand-13caf43): 1/2-1/2 {Draw by insufficient mating material}
Started game 3248 of 40000 (ref-2d6b8f1 vs cand-13caf43)
Finished game 3238 (ref-2d6b8f1 vs cand-13caf43): 0-1 {Black wins by adjudication}
Started game 3249 of 40000 (cand-13caf43 vs ref-2d6b8f1)
Finished game 3241 (cand-13caf43 vs ref-2d6b8f1): 1/2-1/2 {Draw by 3-fold repetition}
Started game 3250 of 40000 (ref-2d6b8f1 vs cand-13caf43)
Finished game 3244 (ref-2d6b8f1 vs cand-13caf43): 1-0 {White wins by adjudication}
Started game 3251 of 40000 (cand-13caf43 vs ref-2d6b8f1)
Finished game 3237 (cand-13caf43 vs ref-2d6b8f1): 1/2-1/2 {Draw by insufficient mating material}
Started game 3252 of 40000 (ref-2d6b8f1 vs cand-13caf43)
Finished game 3240 (ref-2d6b8f1 vs cand-13caf43): 1-0 {White wins by adjudication}
Started game 3253 of 40000 (cand-13caf43 vs ref-2d6b8f1)
Finished game 3246 (ref-2d6b8f1 vs cand-13caf43): 0-1 {Black wins by adjudication}
Started game 3254 of 40000 (ref-2d6b8f1 vs cand-13caf43)
Finished game 3245 (cand-13caf43 vs ref-2d6b8f1): 1/2-1/2 {Draw by 3-fold repetition}
Started game 3255 of 40000 (cand-13caf43 vs ref-2d6b8f1)
Finished game 3247 (cand-13caf43 vs ref-2d6b8f1): 1/2-1/2 {Draw by 3-fold repetition}
Started game 3256 of 40000 (ref-2d6b8f1 vs cand-13caf43)
Finished game 3243 (cand-13caf43 vs ref-2d6b8f1): 1-0 {White wins by adjudication}
Started game 3257 of 40000 (cand-13caf43 vs ref-2d6b8f1)
Finished game 3239 (cand-13caf43 vs ref-2d6b8f1): 1/2-1/2 {Draw by adjudication}
--------------------------------------------------
Results of cand-13caf43 vs ref-2d6b8f1 (8+0.08, 1t, 16MB, noob_3moves.epd):
Elo: 17.58 +/- 9.06, nElo: 23.24 +/- 11.96
LOS: 99.99 %, DrawRatio: 35.57 %, PairsRatio: 1.22
Games: 3244, Wins: 1071, Losses: 907, Draws: 1266, Points: 1704.0 (52.53 %)
Ptnml(0-2): [107, 364, 577, 406, 168], WL/DD Ratio: 1.33
LLR: 2.78 (94.4%) (-2.94, 2.94) [0.00, 5.00]
--------------------------------------------------
Started game 3258 of 40000 (ref-2d6b8f1 vs cand-13caf43)
Finished game 3242 (ref-2d6b8f1 vs cand-13caf43): 1/2-1/2 {Draw by fifty moves rule}
Started game 3259 of 40000 (cand-13caf43 vs ref-2d6b8f1)
Finished game 3248 (ref-2d6b8f1 vs cand-13caf43): 1-0 {White wins by adjudication}
Started game 3260 of 40000 (ref-2d6b8f1 vs cand-13caf43)
Finished game 3250 (ref-2d6b8f1 vs cand-13caf43): 1-0 {White wins by adjudication}
Started game 3261 of 40000 (cand-13caf43 vs ref-2d6b8f1)
Finished game 3249 (cand-13caf43 vs ref-2d6b8f1): 1/2-1/2 {Draw by 3-fold repetition}
Started game 3262 of 40000 (ref-2d6b8f1 vs cand-13caf43)
Finished game 3251 (cand-13caf43 vs ref-2d6b8f1): 1-0 {White wins by adjudication}
Started game 3263 of 40000 (cand-13caf43 vs ref-2d6b8f1)
Finished game 3254 (ref-2d6b8f1 vs cand-13caf43): 1/2-1/2 {Draw by 3-fold repetition}
Started game 3264 of 40000 (ref-2d6b8f1 vs cand-13caf43)
Finished game 3252 (ref-2d6b8f1 vs cand-13caf43): 0-1 {Black wins by adjudication}
Started game 3265 of 40000 (cand-13caf43 vs ref-2d6b8f1)
Finished game 3257 (cand-13caf43 vs ref-2d6b8f1): 1-0 {White wins by adjudication}
Started game 3266 of 40000 (ref-2d6b8f1 vs cand-13caf43)
Finished game 3253 (cand-13caf43 vs ref-2d6b8f1): 1/2-1/2 {Draw by insufficient mating material}
Started game 3267 of 40000 (cand-13caf43 vs ref-2d6b8f1)
Finished game 3258 (ref-2d6b8f1 vs cand-13caf43): 1-0 {White wins by adjudication}
Started game 3268 of 40000 (ref-2d6b8f1 vs cand-13caf43)
Finished game 3256 (ref-2d6b8f1 vs cand-13caf43): 1/2-1/2 {Draw by insufficient mating material}
Started game 3269 of 40000 (cand-13caf43 vs ref-2d6b8f1)
Finished game 3259 (cand-13caf43 vs ref-2d6b8f1): 1/2-1/2 {Draw by adjudication}
Started game 3270 of 40000 (ref-2d6b8f1 vs cand-13caf43)
Finished game 3261 (cand-13caf43 vs ref-2d6b8f1): 1-0 {White wins by adjudication}
Started game 3271 of 40000 (cand-13caf43 vs ref-2d6b8f1)
Finished game 3266 (ref-2d6b8f1 vs cand-13caf43): 1/2-1/2 {Draw by 3-fold repetition}
Started game 3272 of 40000 (ref-2d6b8f1 vs cand-13caf43)
Finished game 3255 (cand-13caf43 vs ref-2d6b8f1): 1/2-1/2 {Draw by fifty moves rule}
Started game 3273 of 40000 (cand-13caf43 vs ref-2d6b8f1)
Finished game 3260 (ref-2d6b8f1 vs cand-13caf43): 1/2-1/2 {Draw by adjudication}
--------------------------------------------------
Results of cand-13caf43 vs ref-2d6b8f1 (8+0.08, 1t, 16MB, noob_3moves.epd):
Elo: 17.49 +/- 9.03, nElo: 23.14 +/- 11.93
LOS: 99.99 %, DrawRatio: 35.71 %, PairsRatio: 1.22
Games: 3260, Wins: 1074, Losses: 910, Draws: 1276, Points: 1712.0 (52.52 %)
Ptnml(0-2): [107, 366, 582, 406, 169], WL/DD Ratio: 1.31
LLR: 2.78 (94.4%) (-2.94, 2.94) [0.00, 5.00]
--------------------------------------------------
Started game 3274 of 40000 (ref-2d6b8f1 vs cand-13caf43)
Finished game 3262 (ref-2d6b8f1 vs cand-13caf43): 1-0 {White wins by adjudication}
Started game 3275 of 40000 (cand-13caf43 vs ref-2d6b8f1)
Finished game 3263 (cand-13caf43 vs ref-2d6b8f1): 1-0 {White wins by adjudication}
Started game 3276 of 40000 (ref-2d6b8f1 vs cand-13caf43)
Finished game 3268 (ref-2d6b8f1 vs cand-13caf43): 1-0 {White wins by adjudication}
Started game 3277 of 40000 (cand-13caf43 vs ref-2d6b8f1)
Finished game 3264 (ref-2d6b8f1 vs cand-13caf43): 1-0 {White wins by adjudication}
Started game 3278 of 40000 (ref-2d6b8f1 vs cand-13caf43)
Finished game 3269 (cand-13caf43 vs ref-2d6b8f1): 0-1 {Black wins by adjudication}
Started game 3279 of 40000 (cand-13caf43 vs ref-2d6b8f1)
Finished game 3265 (cand-13caf43 vs ref-2d6b8f1): 1/2-1/2 {Draw by adjudication}
Started game 3280 of 40000 (ref-2d6b8f1 vs cand-13caf43)
Finished game 3273 (cand-13caf43 vs ref-2d6b8f1): 0-1 {Black wins by adjudication}
Started game 3281 of 40000 (cand-13caf43 vs ref-2d6b8f1)
Finished game 3271 (cand-13caf43 vs ref-2d6b8f1): 1-0 {White wins by adjudication}
Started game 3282 of 40000 (ref-2d6b8f1 vs cand-13caf43)
Finished game 3267 (cand-13caf43 vs ref-2d6b8f1): 1/2-1/2 {Draw by adjudication}
Started game 3283 of 40000 (cand-13caf43 vs ref-2d6b8f1)
Finished game 3274 (ref-2d6b8f1 vs cand-13caf43): 1-0 {White wins by adjudication}
Started game 3284 of 40000 (ref-2d6b8f1 vs cand-13caf43)
Finished game 3275 (cand-13caf43 vs ref-2d6b8f1): 0-1 {Black wins by adjudication}
Started game 3285 of 40000 (cand-13caf43 vs ref-2d6b8f1)
Finished game 3276 (ref-2d6b8f1 vs cand-13caf43): 0-1 {Black wins by adjudication}
Started game 3286 of 40000 (ref-2d6b8f1 vs cand-13caf43)
Finished game 3277 (cand-13caf43 vs ref-2d6b8f1): 0-1 {Black wins by adjudication}
Started game 3287 of 40000 (cand-13caf43 vs ref-2d6b8f1)
Finished game 3280 (ref-2d6b8f1 vs cand-13caf43): 1-0 {White wins by adjudication}
Started game 3288 of 40000 (ref-2d6b8f1 vs cand-13caf43)
Finished game 3282 (ref-2d6b8f1 vs cand-13caf43): 1-0 {White wins by adjudication}
Started game 3289 of 40000 (cand-13caf43 vs ref-2d6b8f1)
Finished game 3272 (ref-2d6b8f1 vs cand-13caf43): 1/2-1/2 {Draw by insufficient mating material}
Started game 3290 of 40000 (ref-2d6b8f1 vs cand-13caf43)
Finished game 3283 (cand-13caf43 vs ref-2d6b8f1): 1/2-1/2 {Draw by 3-fold repetition}
Started game 3291 of 40000 (cand-13caf43 vs ref-2d6b8f1)
Finished game 3270 (ref-2d6b8f1 vs cand-13caf43): 1/2-1/2 {Draw by adjudication}
Started game 3292 of 40000 (ref-2d6b8f1 vs cand-13caf43)
Finished game 3278 (ref-2d6b8f1 vs cand-13caf43): 1-0 {White wins by adjudication}
Started game 3293 of 40000 (cand-13caf43 vs ref-2d6b8f1)
Finished game 3285 (cand-13caf43 vs ref-2d6b8f1): 1/2-1/2 {Draw by 3-fold repetition}
Started game 3294 of 40000 (ref-2d6b8f1 vs cand-13caf43)
Finished game 3279 (cand-13caf43 vs ref-2d6b8f1): 1-0 {White wins by adjudication}
--------------------------------------------------
Results of cand-13caf43 vs ref-2d6b8f1 (8+0.08, 1t, 16MB, noob_3moves.epd):
Elo: 16.86 +/- 9.00, nElo: 22.30 +/- 11.89
LOS: 99.99 %, DrawRatio: 35.79 %, PairsRatio: 1.21
Games: 3280, Wins: 1079, Losses: 920, Draws: 1281, Points: 1719.5 (52.42 %)
Ptnml(0-2): [109, 368, 587, 407, 169], WL/DD Ratio: 1.32
LLR: 2.68 (91.1%) (-2.94, 2.94) [0.00, 5.00]
--------------------------------------------------
Started game 3295 of 40000 (cand-13caf43 vs ref-2d6b8f1)
Finished game 3286 (ref-2d6b8f1 vs cand-13caf43): 1/2-1/2 {Draw by 3-fold repetition}
Started game 3296 of 40000 (ref-2d6b8f1 vs cand-13caf43)
Finished game 3284 (ref-2d6b8f1 vs cand-13caf43): 1/2-1/2 {Draw by stalemate}
Started game 3297 of 40000 (cand-13caf43 vs ref-2d6b8f1)
Finished game 3287 (cand-13caf43 vs ref-2d6b8f1): 1-0 {White wins by adjudication}
Started game 3298 of 40000 (ref-2d6b8f1 vs cand-13caf43)
Finished game 3289 (cand-13caf43 vs ref-2d6b8f1): 1-0 {White wins by adjudication}
Started game 3299 of 40000 (cand-13caf43 vs ref-2d6b8f1)
Finished game 3290 (ref-2d6b8f1 vs cand-13caf43): 1-0 {White wins by adjudication}
Started game 3300 of 40000 (ref-2d6b8f1 vs cand-13caf43)
Finished game 3291 (cand-13caf43 vs ref-2d6b8f1): 1-0 {White wins by adjudication}
Started game 3301 of 40000 (cand-13caf43 vs ref-2d6b8f1)
Finished game 3281 (cand-13caf43 vs ref-2d6b8f1): 1/2-1/2 {Draw by fifty moves rule}
Started game 3302 of 40000 (ref-2d6b8f1 vs cand-13caf43)
Finished game 3288 (ref-2d6b8f1 vs cand-13caf43): 0-1 {Black wins by adjudication}
Started game 3303 of 40000 (cand-13caf43 vs ref-2d6b8f1)
Finished game 3292 (ref-2d6b8f1 vs cand-13caf43): 1/2-1/2 {Draw by 3-fold repetition}
Started game 3304 of 40000 (ref-2d6b8f1 vs cand-13caf43)
Finished game 3296 (ref-2d6b8f1 vs cand-13caf43): 1-0 {White wins by adjudication}
Started game 3305 of 40000 (cand-13caf43 vs ref-2d6b8f1)
Finished game 3294 (ref-2d6b8f1 vs cand-13caf43): 1-0 {White wins by adjudication}
Started game 3306 of 40000 (ref-2d6b8f1 vs cand-13caf43)
Finished game 3297 (cand-13caf43 vs ref-2d6b8f1): 1-0 {White wins by adjudication}
Started game 3307 of 40000 (cand-13caf43 vs ref-2d6b8f1)
Finished game 3298 (ref-2d6b8f1 vs cand-13caf43): 0-1 {Black wins by adjudication}
Started game 3308 of 40000 (ref-2d6b8f1 vs cand-13caf43)
Finished game 3293 (cand-13caf43 vs ref-2d6b8f1): 1/2-1/2 {Draw by insufficient mating material}
Started game 3309 of 40000 (cand-13caf43 vs ref-2d6b8f1)
Finished game 3299 (cand-13caf43 vs ref-2d6b8f1): 1/2-1/2 {Draw by 3-fold repetition}
Started game 3310 of 40000 (ref-2d6b8f1 vs cand-13caf43)
Finished game 3302 (ref-2d6b8f1 vs cand-13caf43): 0-1 {Black wins by adjudication}
Started game 3311 of 40000 (cand-13caf43 vs ref-2d6b8f1)
Finished game 3303 (cand-13caf43 vs ref-2d6b8f1): 1-0 {White wins by adjudication}
Started game 3312 of 40000 (ref-2d6b8f1 vs cand-13caf43)
Finished game 3295 (cand-13caf43 vs ref-2d6b8f1): 1/2-1/2 {Draw by adjudication}
Started game 3313 of 40000 (cand-13caf43 vs ref-2d6b8f1)
Finished game 3304 (ref-2d6b8f1 vs cand-13caf43): 1-0 {White wins by adjudication}
Started game 3314 of 40000 (ref-2d6b8f1 vs cand-13caf43)
Finished game 3300 (ref-2d6b8f1 vs cand-13caf43): 0-1 {Black wins by adjudication}
--------------------------------------------------
Results of cand-13caf43 vs ref-2d6b8f1 (8+0.08, 1t, 16MB, noob_3moves.epd):
Elo: 17.06 +/- 8.98, nElo: 22.57 +/- 11.85
LOS: 99.99 %, DrawRatio: 35.80 %, PairsRatio: 1.21
Games: 3302, Wins: 1087, Losses: 925, Draws: 1290, Points: 1732.0 (52.45 %)
Ptnml(0-2): [109, 371, 591, 409, 171], WL/DD Ratio: 1.32
LLR: 2.74 (93.0%) (-2.94, 2.94) [0.00, 5.00]
--------------------------------------------------
Started game 3315 of 40000 (cand-13caf43 vs ref-2d6b8f1)
Finished game 3301 (cand-13caf43 vs ref-2d6b8f1): 1-0 {White wins by adjudication}
Started game 3316 of 40000 (ref-2d6b8f1 vs cand-13caf43)
Finished game 3305 (cand-13caf43 vs ref-2d6b8f1): 1/2-1/2 {Draw by 3-fold repetition}
Started game 3317 of 40000 (cand-13caf43 vs ref-2d6b8f1)
Finished game 3306 (ref-2d6b8f1 vs cand-13caf43): 1-0 {White wins by adjudication}
Started game 3318 of 40000 (ref-2d6b8f1 vs cand-13caf43)
Finished game 3312 (ref-2d6b8f1 vs cand-13caf43): 1/2-1/2 {Draw by adjudication}
Started game 3319 of 40000 (cand-13caf43 vs ref-2d6b8f1)
Finished game 3307 (cand-13caf43 vs ref-2d6b8f1): 0-1 {Black wins by adjudication}
Started game 3320 of 40000 (ref-2d6b8f1 vs cand-13caf43)
Finished game 3310 (ref-2d6b8f1 vs cand-13caf43): 1-0 {White wins by adjudication}
Started game 3321 of 40000 (cand-13caf43 vs ref-2d6b8f1)
Finished game 3314 (ref-2d6b8f1 vs cand-13caf43): 1-0 {White wins by adjudication}
Started game 3322 of 40000 (ref-2d6b8f1 vs cand-13caf43)
Finished game 3313 (cand-13caf43 vs ref-2d6b8f1): 1/2-1/2 {Draw by 3-fold repetition}
Started game 3323 of 40000 (cand-13caf43 vs ref-2d6b8f1)
Finished game 3308 (ref-2d6b8f1 vs cand-13caf43): 0-1 {Black wins by adjudication}
Started game 3324 of 40000 (ref-2d6b8f1 vs cand-13caf43)
Finished game 3309 (cand-13caf43 vs ref-2d6b8f1): 1/2-1/2 {Draw by adjudication}
Started game 3325 of 40000 (cand-13caf43 vs ref-2d6b8f1)
Finished game 3316 (ref-2d6b8f1 vs cand-13caf43): 1/2-1/2 {Draw by insufficient mating material}
Started game 3326 of 40000 (ref-2d6b8f1 vs cand-13caf43)
Finished game 3311 (cand-13caf43 vs ref-2d6b8f1): 1/2-1/2 {Draw by insufficient mating material}
Started game 3327 of 40000 (cand-13caf43 vs ref-2d6b8f1)
Finished game 3319 (cand-13caf43 vs ref-2d6b8f1): 1-0 {White wins by adjudication}
Started game 3328 of 40000 (ref-2d6b8f1 vs cand-13caf43)
Finished game 3315 (cand-13caf43 vs ref-2d6b8f1): 1/2-1/2 {Draw by insufficient mating material}
Started game 3329 of 40000 (cand-13caf43 vs ref-2d6b8f1)
Finished game 3322 (ref-2d6b8f1 vs cand-13caf43): 0-1 {Black wins by adjudication}
Started game 3330 of 40000 (ref-2d6b8f1 vs cand-13caf43)
Finished game 3320 (ref-2d6b8f1 vs cand-13caf43): 1-0 {White wins by adjudication}
--------------------------------------------------
Results of cand-13caf43 vs ref-2d6b8f1 (8+0.08, 1t, 16MB, noob_3moves.epd):
Elo: 16.87 +/- 8.95, nElo: 22.33 +/- 11.82
LOS: 99.99 %, DrawRatio: 35.86 %, PairsRatio: 1.20
Games: 3318, Wins: 1091, Losses: 930, Draws: 1297, Points: 1739.5 (52.43 %)
Ptnml(0-2): [109, 374, 595, 409, 172], WL/DD Ratio: 1.32
LLR: 2.72 (92.4%) (-2.94, 2.94) [0.00, 5.00]
--------------------------------------------------
Started game 3331 of 40000 (cand-13caf43 vs ref-2d6b8f1)
Finished game 3321 (cand-13caf43 vs ref-2d6b8f1): 0-1 {Black wins by adjudication}
Started game 3332 of 40000 (ref-2d6b8f1 vs cand-13caf43)
Finished game 3323 (cand-13caf43 vs ref-2d6b8f1): 1/2-1/2 {Draw by 3-fold repetition}
Started game 3333 of 40000 (cand-13caf43 vs ref-2d6b8f1)
Finished game 3318 (ref-2d6b8f1 vs cand-13caf43): 1/2-1/2 {Draw by adjudication}
Started game 3334 of 40000 (ref-2d6b8f1 vs cand-13caf43)
Finished game 3317 (cand-13caf43 vs ref-2d6b8f1): 1-0 {White wins by adjudication}
Started game 3335 of 40000 (cand-13caf43 vs ref-2d6b8f1)
Finished game 3326 (ref-2d6b8f1 vs cand-13caf43): 0-1 {Black wins by adjudication}
Started game 3336 of 40000 (ref-2d6b8f1 vs cand-13caf43)
Finished game 3325 (cand-13caf43 vs ref-2d6b8f1): 0-1 {Black wins by adjudication}
Started game 3337 of 40000 (cand-13caf43 vs ref-2d6b8f1)
Finished game 3328 (ref-2d6b8f1 vs cand-13caf43): 1-0 {White wins by adjudication}
Started game 3338 of 40000 (ref-2d6b8f1 vs cand-13caf43)
Finished game 3327 (cand-13caf43 vs ref-2d6b8f1): 0-1 {Black wins by adjudication}
Started game 3339 of 40000 (cand-13caf43 vs ref-2d6b8f1)
Finished game 3324 (ref-2d6b8f1 vs cand-13caf43): 1-0 {White wins by adjudication}
Started game 3340 of 40000 (ref-2d6b8f1 vs cand-13caf43)
Finished game 3329 (cand-13caf43 vs ref-2d6b8f1): 0-1 {Black wins by adjudication}
Started game 3341 of 40000 (cand-13caf43 vs ref-2d6b8f1)
Finished game 3336 (ref-2d6b8f1 vs cand-13caf43): 1/2-1/2 {Draw by 3-fold repetition}
Started game 3342 of 40000 (ref-2d6b8f1 vs cand-13caf43)
Finished game 3330 (ref-2d6b8f1 vs cand-13caf43): 1/2-1/2 {Draw by 3-fold repetition}
Started game 3343 of 40000 (cand-13caf43 vs ref-2d6b8f1)
Finished game 3331 (cand-13caf43 vs ref-2d6b8f1): 1-0 {White wins by adjudication}
Started game 3344 of 40000 (ref-2d6b8f1 vs cand-13caf43)
Finished game 3333 (cand-13caf43 vs ref-2d6b8f1): 1-0 {White wins by adjudication}
Started game 3345 of 40000 (cand-13caf43 vs ref-2d6b8f1)
Finished game 3334 (ref-2d6b8f1 vs cand-13caf43): 0-1 {Black wins by adjudication}
Started game 3346 of 40000 (ref-2d6b8f1 vs cand-13caf43)
Finished game 3332 (ref-2d6b8f1 vs cand-13caf43): 0-1 {Black wins by adjudication}
Started game 3347 of 40000 (cand-13caf43 vs ref-2d6b8f1)
Finished game 3340 (ref-2d6b8f1 vs cand-13caf43): 0-1 {Black wins by adjudication}
Started game 3348 of 40000 (ref-2d6b8f1 vs cand-13caf43)
Finished game 3338 (ref-2d6b8f1 vs cand-13caf43): 1-0 {White wins by adjudication}
Started game 3349 of 40000 (cand-13caf43 vs ref-2d6b8f1)
Finished game 3337 (cand-13caf43 vs ref-2d6b8f1): 1-0 {White wins by adjudication}
Started game 3350 of 40000 (ref-2d6b8f1 vs cand-13caf43)
Finished game 3345 (cand-13caf43 vs ref-2d6b8f1): 1/2-1/2 {Draw by 3-fold repetition}
Started game 3351 of 40000 (cand-13caf43 vs ref-2d6b8f1)
Finished game 3335 (cand-13caf43 vs ref-2d6b8f1): 1/2-1/2 {Draw by adjudication}
Started game 3352 of 40000 (ref-2d6b8f1 vs cand-13caf43)
Finished game 3339 (cand-13caf43 vs ref-2d6b8f1): 1/2-1/2 {Draw by adjudication}
--------------------------------------------------
Results of cand-13caf43 vs ref-2d6b8f1 (8+0.08, 1t, 16MB, noob_3moves.epd):
Elo: 16.97 +/- 8.93, nElo: 22.44 +/- 11.78
LOS: 99.99 %, DrawRatio: 35.87 %, PairsRatio: 1.20
Games: 3340, Wins: 1100, Losses: 937, Draws: 1303, Points: 1751.5 (52.44 %)
Ptnml(0-2): [110, 376, 599, 411, 174], WL/DD Ratio: 1.32
LLR: 2.75 (93.5%) (-2.94, 2.94) [0.00, 5.00]
--------------------------------------------------
Started game 3353 of 40000 (cand-13caf43 vs ref-2d6b8f1)
Finished game 3344 (ref-2d6b8f1 vs cand-13caf43): 1/2-1/2 {Draw by 3-fold repetition}
Started game 3354 of 40000 (ref-2d6b8f1 vs cand-13caf43)
Finished game 3343 (cand-13caf43 vs ref-2d6b8f1): 0-1 {Black wins by adjudication}
Started game 3355 of 40000 (cand-13caf43 vs ref-2d6b8f1)
Finished game 3342 (ref-2d6b8f1 vs cand-13caf43): 0-1 {Black wins by adjudication}
Started game 3356 of 40000 (ref-2d6b8f1 vs cand-13caf43)
Finished game 3341 (cand-13caf43 vs ref-2d6b8f1): 1/2-1/2 {Draw by insufficient mating material}
Started game 3357 of 40000 (cand-13caf43 vs ref-2d6b8f1)
Finished game 3349 (cand-13caf43 vs ref-2d6b8f1): 1/2-1/2 {Draw by 3-fold repetition}
Started game 3358 of 40000 (ref-2d6b8f1 vs cand-13caf43)
Finished game 3347 (cand-13caf43 vs ref-2d6b8f1): 1/2-1/2 {Draw by 3-fold repetition}
Started game 3359 of 40000 (cand-13caf43 vs ref-2d6b8f1)
Finished game 3346 (ref-2d6b8f1 vs cand-13caf43): 0-1 {Black wins by adjudication}
Started game 3360 of 40000 (ref-2d6b8f1 vs cand-13caf43)
Finished game 3351 (cand-13caf43 vs ref-2d6b8f1): 1-0 {White wins by adjudication}
Started game 3361 of 40000 (cand-13caf43 vs ref-2d6b8f1)
Finished game 3352 (ref-2d6b8f1 vs cand-13caf43): 0-1 {Black wins by adjudication}
Started game 3362 of 40000 (ref-2d6b8f1 vs cand-13caf43)
Finished game 3350 (ref-2d6b8f1 vs cand-13caf43): 1-0 {White wins by adjudication}
Started game 3363 of 40000 (cand-13caf43 vs ref-2d6b8f1)
Finished game 3354 (ref-2d6b8f1 vs cand-13caf43): 1-0 {White wins by adjudication}
Started game 3364 of 40000 (ref-2d6b8f1 vs cand-13caf43)
Finished game 3355 (cand-13caf43 vs ref-2d6b8f1): 0-1 {Black wins by adjudication}
Started game 3365 of 40000 (cand-13caf43 vs ref-2d6b8f1)
Finished game 3353 (cand-13caf43 vs ref-2d6b8f1): 1/2-1/2 {Draw by adjudication}
Started game 3366 of 40000 (ref-2d6b8f1 vs cand-13caf43)
Finished game 3348 (ref-2d6b8f1 vs cand-13caf43): 1/2-1/2 {Draw by 3-fold repetition}
Started game 3367 of 40000 (cand-13caf43 vs ref-2d6b8f1)
Finished game 3358 (ref-2d6b8f1 vs cand-13caf43): 1/2-1/2 {Draw by 3-fold repetition}
Started game 3368 of 40000 (ref-2d6b8f1 vs cand-13caf43)
Finished game 3359 (cand-13caf43 vs ref-2d6b8f1): 0-1 {Black wins by adjudication}
Started game 3369 of 40000 (cand-13caf43 vs ref-2d6b8f1)
Finished game 3357 (cand-13caf43 vs ref-2d6b8f1): 1-0 {White wins by adjudication}
Started game 3370 of 40000 (ref-2d6b8f1 vs cand-13caf43)
Finished game 3356 (ref-2d6b8f1 vs cand-13caf43): 0-1 {Black wins by adjudication}
Started game 3371 of 40000 (cand-13caf43 vs ref-2d6b8f1)
Finished game 3360 (ref-2d6b8f1 vs cand-13caf43): 1/2-1/2 {Draw by 3-fold repetition}
--------------------------------------------------
Results of cand-13caf43 vs ref-2d6b8f1 (8+0.08, 1t, 16MB, noob_3moves.epd):
Elo: 16.97 +/- 8.90, nElo: 22.45 +/- 11.75
LOS: 99.99 %, DrawRatio: 35.77 %, PairsRatio: 1.20
Games: 3360, Wins: 1106, Losses: 942, Draws: 1312, Points: 1762.0 (52.44 %)
Ptnml(0-2): [110, 380, 601, 414, 175], WL/DD Ratio: 1.32
LLR: 2.77 (94.1%) (-2.94, 2.94) [0.00, 5.00]
--------------------------------------------------
Started game 3372 of 40000 (ref-2d6b8f1 vs cand-13caf43)
Finished game 3370 (ref-2d6b8f1 vs cand-13caf43): 1-0 {White wins by adjudication}
Started game 3373 of 40000 (cand-13caf43 vs ref-2d6b8f1)
Finished game 3364 (ref-2d6b8f1 vs cand-13caf43): 1/2-1/2 {Draw by 3-fold repetition}
Started game 3374 of 40000 (ref-2d6b8f1 vs cand-13caf43)
Finished game 3367 (cand-13caf43 vs ref-2d6b8f1): 0-1 {Black wins by adjudication}
Started game 3375 of 40000 (cand-13caf43 vs ref-2d6b8f1)
Finished game 3362 (ref-2d6b8f1 vs cand-13caf43): 0-1 {Black wins by adjudication}
Started game 3376 of 40000 (ref-2d6b8f1 vs cand-13caf43)
Finished game 3361 (cand-13caf43 vs ref-2d6b8f1): 0-1 {Black wins by adjudication}
Started game 3377 of 40000 (cand-13caf43 vs ref-2d6b8f1)
Finished game 3371 (cand-13caf43 vs ref-2d6b8f1): 1-0 {White wins by adjudication}
Started game 3378 of 40000 (ref-2d6b8f1 vs cand-13caf43)
Finished game 3369 (cand-13caf43 vs ref-2d6b8f1): 1-0 {White wins by adjudication}
Started game 3379 of 40000 (cand-13caf43 vs ref-2d6b8f1)
Finished game 3365 (cand-13caf43 vs ref-2d6b8f1): 0-1 {Black wins by adjudication}
Started game 3380 of 40000 (ref-2d6b8f1 vs cand-13caf43)
Finished game 3368 (ref-2d6b8f1 vs cand-13caf43): 1/2-1/2 {Draw by adjudication}
Started game 3381 of 40000 (cand-13caf43 vs ref-2d6b8f1)
Finished game 3372 (ref-2d6b8f1 vs cand-13caf43): 0-1 {Black wins by adjudication}
Started game 3382 of 40000 (ref-2d6b8f1 vs cand-13caf43)
Finished game 3363 (cand-13caf43 vs ref-2d6b8f1): 1/2-1/2 {Draw by fifty moves rule}
Started game 3383 of 40000 (cand-13caf43 vs ref-2d6b8f1)
Finished game 3366 (ref-2d6b8f1 vs cand-13caf43): 0-1 {Black wins by adjudication}
Started game 3384 of 40000 (ref-2d6b8f1 vs cand-13caf43)
Finished game 3374 (ref-2d6b8f1 vs cand-13caf43): 1-0 {White wins by adjudication}
Started game 3385 of 40000 (cand-13caf43 vs ref-2d6b8f1)
Finished game 3373 (cand-13caf43 vs ref-2d6b8f1): 1/2-1/2 {Draw by 3-fold repetition}
Started game 3386 of 40000 (ref-2d6b8f1 vs cand-13caf43)
Finished game 3379 (cand-13caf43 vs ref-2d6b8f1): 1-0 {White wins by adjudication}
Started game 3387 of 40000 (cand-13caf43 vs ref-2d6b8f1)
Finished game 3376 (ref-2d6b8f1 vs cand-13caf43): 1/2-1/2 {Draw by 3-fold repetition}
Started game 3388 of 40000 (ref-2d6b8f1 vs cand-13caf43)
Finished game 3377 (cand-13caf43 vs ref-2d6b8f1): 1/2-1/2 {Draw by 3-fold repetition}
Started game 3389 of 40000 (cand-13caf43 vs ref-2d6b8f1)
Finished game 3375 (cand-13caf43 vs ref-2d6b8f1): 0-1 {Black wins by adjudication}
Started game 3390 of 40000 (ref-2d6b8f1 vs cand-13caf43)
Finished game 3378 (ref-2d6b8f1 vs cand-13caf43): 0-1 {Black wins by adjudication}
Started game 3391 of 40000 (cand-13caf43 vs ref-2d6b8f1)
Finished game 3383 (cand-13caf43 vs ref-2d6b8f1): 0-1 {Black wins by adjudication}
Started game 3392 of 40000 (ref-2d6b8f1 vs cand-13caf43)
Finished game 3380 (ref-2d6b8f1 vs cand-13caf43): 0-1 {Black wins by adjudication}
--------------------------------------------------
Results of cand-13caf43 vs ref-2d6b8f1 (8+0.08, 1t, 16MB, noob_3moves.epd):
Elo: 17.08 +/- 8.87, nElo: 22.58 +/- 11.71
LOS: 99.99 %, DrawRatio: 35.80 %, PairsRatio: 1.20
Games: 3380, Wins: 1114, Losses: 948, Draws: 1318, Points: 1773.0 (52.46 %)
Ptnml(0-2): [110, 383, 605, 415, 177], WL/DD Ratio: 1.33
LLR: 2.81 (95.3%) (-2.94, 2.94) [0.00, 5.00]
--------------------------------------------------
Started game 3393 of 40000 (cand-13caf43 vs ref-2d6b8f1)
Finished game 3381 (cand-13caf43 vs ref-2d6b8f1): 1-0 {White wins by adjudication}
Started game 3394 of 40000 (ref-2d6b8f1 vs cand-13caf43)
Finished game 3382 (ref-2d6b8f1 vs cand-13caf43): 1/2-1/2 {Draw by 3-fold repetition}
Started game 3395 of 40000 (cand-13caf43 vs ref-2d6b8f1)
Finished game 3389 (cand-13caf43 vs ref-2d6b8f1): 1/2-1/2 {Draw by 3-fold repetition}
Started game 3396 of 40000 (ref-2d6b8f1 vs cand-13caf43)
Finished game 3384 (ref-2d6b8f1 vs cand-13caf43): 0-1 {Black wins by adjudication}
Started game 3397 of 40000 (cand-13caf43 vs ref-2d6b8f1)
Finished game 3387 (cand-13caf43 vs ref-2d6b8f1): 1-0 {White wins by adjudication}
Started game 3398 of 40000 (ref-2d6b8f1 vs cand-13caf43)
Finished game 3385 (cand-13caf43 vs ref-2d6b8f1): 0-1 {Black wins by adjudication}
Started game 3399 of 40000 (cand-13caf43 vs ref-2d6b8f1)
Finished game 3386 (ref-2d6b8f1 vs cand-13caf43): 0-1 {Black wins by adjudication}
Started game 3400 of 40000 (ref-2d6b8f1 vs cand-13caf43)
Finished game 3390 (ref-2d6b8f1 vs cand-13caf43): 1/2-1/2 {Draw by 3-fold repetition}
Started game 3401 of 40000 (cand-13caf43 vs ref-2d6b8f1)
Finished game 3396 (ref-2d6b8f1 vs cand-13caf43): 1/2-1/2 {Draw by 3-fold repetition}
Started game 3402 of 40000 (ref-2d6b8f1 vs cand-13caf43)
Finished game 3388 (ref-2d6b8f1 vs cand-13caf43): 0-1 {Black wins by adjudication}
Started game 3403 of 40000 (cand-13caf43 vs ref-2d6b8f1)
Finished game 3392 (ref-2d6b8f1 vs cand-13caf43): 0-1 {Black wins by adjudication}
Started game 3404 of 40000 (ref-2d6b8f1 vs cand-13caf43)
Finished game 3394 (ref-2d6b8f1 vs cand-13caf43): 1/2-1/2 {Draw by 3-fold repetition}
Started game 3405 of 40000 (cand-13caf43 vs ref-2d6b8f1)
Finished game 3393 (cand-13caf43 vs ref-2d6b8f1): 1/2-1/2 {Draw by insufficient mating material}
Started game 3406 of 40000 (ref-2d6b8f1 vs cand-13caf43)
Finished game 3395 (cand-13caf43 vs ref-2d6b8f1): 1-0 {White wins by adjudication}
Started game 3407 of 40000 (cand-13caf43 vs ref-2d6b8f1)
Finished game 3399 (cand-13caf43 vs ref-2d6b8f1): 0-1 {Black wins by adjudication}
Started game 3408 of 40000 (ref-2d6b8f1 vs cand-13caf43)
Finished game 3397 (cand-13caf43 vs ref-2d6b8f1): 1-0 {White wins by adjudication}
Started game 3409 of 40000 (cand-13caf43 vs ref-2d6b8f1)
Finished game 3398 (ref-2d6b8f1 vs cand-13caf43): 1-0 {White wins by adjudication}
Started game 3410 of 40000 (ref-2d6b8f1 vs cand-13caf43)
Finished game 3401 (cand-13caf43 vs ref-2d6b8f1): 1-0 {White wins by adjudication}
Started game 3411 of 40000 (cand-13caf43 vs ref-2d6b8f1)
Finished game 3391 (cand-13caf43 vs ref-2d6b8f1): 1/2-1/2 {Draw by 3-fold repetition}
Started game 3412 of 40000 (ref-2d6b8f1 vs cand-13caf43)
Finished game 3404 (ref-2d6b8f1 vs cand-13caf43): 1/2-1/2 {Draw by 3-fold repetition}
Started game 3413 of 40000 (cand-13caf43 vs ref-2d6b8f1)
Finished game 3400 (ref-2d6b8f1 vs cand-13caf43): 1/2-1/2 {Draw by 3-fold repetition}
--------------------------------------------------
Results of cand-13caf43 vs ref-2d6b8f1 (8+0.08, 1t, 16MB, noob_3moves.epd):
Elo: 17.39 +/- 8.84, nElo: 23.02 +/- 11.68
LOS: 99.99 %, DrawRatio: 35.88 %, PairsRatio: 1.21
Games: 3400, Wins: 1122, Losses: 952, Draws: 1326, Points: 1785.0 (52.50 %)
Ptnml(0-2): [110, 384, 610, 418, 178], WL/DD Ratio: 1.33
LLR: 2.88 (97.9%) (-2.94, 2.94) [0.00, 5.00]
--------------------------------------------------
Started game 3414 of 40000 (ref-2d6b8f1 vs cand-13caf43)
Finished game 3402 (ref-2d6b8f1 vs cand-13caf43): 0-1 {Black wins by adjudication}
Started game 3415 of 40000 (cand-13caf43 vs ref-2d6b8f1)
Finished game 3403 (cand-13caf43 vs ref-2d6b8f1): 1-0 {White wins by adjudication}
Started game 3416 of 40000 (ref-2d6b8f1 vs cand-13caf43)
Finished game 3407 (cand-13caf43 vs ref-2d6b8f1): 1/2-1/2 {Draw by 3-fold repetition}
Started game 3417 of 40000 (cand-13caf43 vs ref-2d6b8f1)
Finished game 3405 (cand-13caf43 vs ref-2d6b8f1): 1/2-1/2 {Draw by 3-fold repetition}
Started game 3418 of 40000 (ref-2d6b8f1 vs cand-13caf43)
Finished game 3408 (ref-2d6b8f1 vs cand-13caf43): 1/2-1/2 {Draw by 3-fold repetition}
Started game 3419 of 40000 (cand-13caf43 vs ref-2d6b8f1)
Finished game 3406 (ref-2d6b8f1 vs cand-13caf43): 1-0 {White wins by adjudication}
Started game 3420 of 40000 (ref-2d6b8f1 vs cand-13caf43)
Finished game 3413 (cand-13caf43 vs ref-2d6b8f1): 1-0 {White wins by adjudication}
Started game 3421 of 40000 (cand-13caf43 vs ref-2d6b8f1)
Finished game 3412 (ref-2d6b8f1 vs cand-13caf43): 0-1 {Black wins by adjudication}
Started game 3422 of 40000 (ref-2d6b8f1 vs cand-13caf43)
Finished game 3409 (cand-13caf43 vs ref-2d6b8f1): 1-0 {White wins by adjudication}
Started game 3423 of 40000 (cand-13caf43 vs ref-2d6b8f1)
Finished game 3410 (ref-2d6b8f1 vs cand-13caf43): 1/2-1/2 {Draw by insufficient mating material}
Started game 3424 of 40000 (ref-2d6b8f1 vs cand-13caf43)
Finished game 3414 (ref-2d6b8f1 vs cand-13caf43): 0-1 {Black wins by adjudication}
--------------------------------------------------
Results of cand-13caf43 vs ref-2d6b8f1 (8+0.08, 1t, 16MB, noob_3moves.epd):
Elo: 17.84 +/- 8.83, nElo: 23.59 +/- 11.66
LOS: 100.00 %, DrawRatio: 35.81 %, PairsRatio: 1.21
Games: 3412, Wins: 1128, Losses: 953, Draws: 1331, Points: 1793.5 (52.56 %)
Ptnml(0-2): [110, 385, 611, 420, 180], WL/DD Ratio: 1.32
LLR: 2.97 (101.0%) (-2.94, 2.94) [0.00, 5.00]
--------------------------------------------------
SPRT ([0.00, 5.00]) completed - H1 was accepted
Finished match
Total Time: 01:37:09 (hours:minutes:seconds)


=== 3413 games in /home/max/ws/chesso/.tuning/sprt_s131_20260928_231941/games.pgn ===
   2380 [Termination "adjudication"]
   1033 [Termination "normal"]
draws     1331 of 3413, 39.0 %
decisive  2082 of 3413, 61.0 %
forfeits  0 of 3413, 0.00 %
SPRT-RUN-DONE full /home/max/ws/chesso/.tuning/sprt_s131_20260928_231941
