Building reference 474c288 ...
Preparing worktree (detached HEAD 474c288)
-- Arch native (-march=native) -- THIS MACHINE ONLY, never distributed
-- Sanitizer OFF
-- Tune build OFF
-- PGO off
-- Test timeout 60s (build type Release)
Building reference 778c7b0 ...
Preparing worktree (detached HEAD 778c7b0)
-- Arch native (-march=native) -- THIS MACHINE ONLY, never distributed
-- Sanitizer OFF
-- Tune build OFF
-- PGO off
-- Test timeout 60s (build type Release)
candidate  474c288  2026-09-21
reference  778c7b0  2026-09-21
config     arch native  tune off
tc 8+0.08  hash 16  concurrency 12 of 12 cores
book       noob_3moves.epd
seed       20260921172443
bounds     elo0=0 elo1=5 alpha=0.05 beta=0.05
out        /home/max/ws/chesso/.tuning/sprt_s132_20260921_172443

id name    cand-474c288  Chesso 474c288 native
id name    ref-778c7b0  Chesso 778c7b0 native

Indexing opening suite...
Started game 1 of 40000 (cand-474c288 vs ref-778c7b0)
Started game 5 of 40000 (cand-474c288 vs ref-778c7b0)
Started game 2 of 40000 (ref-778c7b0 vs cand-474c288)
Started game 3 of 40000 (cand-474c288 vs ref-778c7b0)
Started game 8 of 40000 (ref-778c7b0 vs cand-474c288)
Started game 9 of 40000 (cand-474c288 vs ref-778c7b0)
Started game 11 of 40000 (cand-474c288 vs ref-778c7b0)
Started game 6 of 40000 (ref-778c7b0 vs cand-474c288)
Started game 4 of 40000 (ref-778c7b0 vs cand-474c288)
Started game 12 of 40000 (ref-778c7b0 vs cand-474c288)
Started game 7 of 40000 (cand-474c288 vs ref-778c7b0)
Started game 10 of 40000 (ref-778c7b0 vs cand-474c288)
Finished game 5 (cand-474c288 vs ref-778c7b0): 1-0 {White wins by adjudication}
Started game 13 of 40000 (cand-474c288 vs ref-778c7b0)
Finished game 6 (ref-778c7b0 vs cand-474c288): 1-0 {White wins by adjudication}
Started game 14 of 40000 (ref-778c7b0 vs cand-474c288)
Finished game 2 (ref-778c7b0 vs cand-474c288): 1/2-1/2 {Draw by 3-fold repetition}
Started game 15 of 40000 (cand-474c288 vs ref-778c7b0)
Finished game 1 (cand-474c288 vs ref-778c7b0): 1/2-1/2 {Draw by adjudication}
Started game 16 of 40000 (ref-778c7b0 vs cand-474c288)
Finished game 10 (ref-778c7b0 vs cand-474c288): 1/2-1/2 {Draw by 3-fold repetition}
Started game 17 of 40000 (cand-474c288 vs ref-778c7b0)
Finished game 12 (ref-778c7b0 vs cand-474c288): 1-0 {White wins by adjudication}
Started game 18 of 40000 (ref-778c7b0 vs cand-474c288)
Finished game 11 (cand-474c288 vs ref-778c7b0): 1/2-1/2 {Draw by 3-fold repetition}
Started game 19 of 40000 (cand-474c288 vs ref-778c7b0)
Finished game 9 (cand-474c288 vs ref-778c7b0): 1/2-1/2 {Draw by insufficient mating material}
Started game 20 of 40000 (ref-778c7b0 vs cand-474c288)
Finished game 4 (ref-778c7b0 vs cand-474c288): 1/2-1/2 {Draw by adjudication}
Started game 21 of 40000 (cand-474c288 vs ref-778c7b0)
Finished game 8 (ref-778c7b0 vs cand-474c288): 1/2-1/2 {Draw by insufficient mating material}
Started game 22 of 40000 (ref-778c7b0 vs cand-474c288)
Finished game 13 (cand-474c288 vs ref-778c7b0): 1-0 {White wins by adjudication}
Started game 23 of 40000 (cand-474c288 vs ref-778c7b0)
Finished game 3 (cand-474c288 vs ref-778c7b0): 1/2-1/2 {Draw by fifty moves rule}
Started game 24 of 40000 (ref-778c7b0 vs cand-474c288)
Finished game 16 (ref-778c7b0 vs cand-474c288): 0-1 {Black wins by adjudication}
Started game 25 of 40000 (cand-474c288 vs ref-778c7b0)
Finished game 7 (cand-474c288 vs ref-778c7b0): 1/2-1/2 {Draw by insufficient mating material}
Started game 26 of 40000 (ref-778c7b0 vs cand-474c288)
Finished game 15 (cand-474c288 vs ref-778c7b0): 1/2-1/2 {Draw by adjudication}
Started game 27 of 40000 (cand-474c288 vs ref-778c7b0)
Finished game 17 (cand-474c288 vs ref-778c7b0): 0-1 {Black wins by adjudication}
Started game 28 of 40000 (ref-778c7b0 vs cand-474c288)
Finished game 19 (cand-474c288 vs ref-778c7b0): 1-0 {White wins by adjudication}
Started game 29 of 40000 (cand-474c288 vs ref-778c7b0)
Finished game 18 (ref-778c7b0 vs cand-474c288): 1-0 {White wins by adjudication}
Started game 30 of 40000 (ref-778c7b0 vs cand-474c288)
Finished game 21 (cand-474c288 vs ref-778c7b0): 1/2-1/2 {Draw by 3-fold repetition}
Started game 31 of 40000 (cand-474c288 vs ref-778c7b0)
Finished game 14 (ref-778c7b0 vs cand-474c288): 1/2-1/2 {Draw by 3-fold repetition}
Started game 32 of 40000 (ref-778c7b0 vs cand-474c288)
Finished game 20 (ref-778c7b0 vs cand-474c288): 1/2-1/2 {Draw by 3-fold repetition}
--------------------------------------------------
Results of cand-474c288 vs ref-778c7b0 (8+0.08, 1t, 16MB, noob_3moves.epd):
Elo: -0.00 +/- 98.89, nElo: 0.00 +/- 152.27
LOS: 50.00 %, DrawRatio: 50.00 %, PairsRatio: 1.50
Games: 20, Wins: 4, Losses: 4, Draws: 12, Points: 10.0 (50.00 %)
Ptnml(0-2): [1, 1, 5, 3, 0], WL/DD Ratio: 0.25
LLR: -0.00 (-0.1%) (-2.94, 2.94) [0.00, 5.00]
--------------------------------------------------
Started game 33 of 40000 (cand-474c288 vs ref-778c7b0)
Finished game 24 (ref-778c7b0 vs cand-474c288): 1-0 {White wins by adjudication}
Started game 34 of 40000 (ref-778c7b0 vs cand-474c288)
Finished game 25 (cand-474c288 vs ref-778c7b0): 0-1 {Black wins by adjudication}
Started game 35 of 40000 (cand-474c288 vs ref-778c7b0)
Finished game 27 (cand-474c288 vs ref-778c7b0): 1-0 {White wins by adjudication}
Started game 36 of 40000 (ref-778c7b0 vs cand-474c288)
Finished game 22 (ref-778c7b0 vs cand-474c288): 1-0 {White wins by adjudication}
Started game 37 of 40000 (cand-474c288 vs ref-778c7b0)
Finished game 23 (cand-474c288 vs ref-778c7b0): 1-0 {White wins by adjudication}
Started game 38 of 40000 (ref-778c7b0 vs cand-474c288)
Finished game 30 (ref-778c7b0 vs cand-474c288): 1/2-1/2 {Draw by 3-fold repetition}
Started game 39 of 40000 (cand-474c288 vs ref-778c7b0)
Finished game 33 (cand-474c288 vs ref-778c7b0): 1-0 {White wins by adjudication}
Started game 40 of 40000 (ref-778c7b0 vs cand-474c288)
Finished game 32 (ref-778c7b0 vs cand-474c288): 1/2-1/2 {Draw by 3-fold repetition}
Started game 41 of 40000 (cand-474c288 vs ref-778c7b0)
Finished game 29 (cand-474c288 vs ref-778c7b0): 0-1 {Black wins by adjudication}
Started game 42 of 40000 (ref-778c7b0 vs cand-474c288)
Finished game 26 (ref-778c7b0 vs cand-474c288): 1-0 {White wins by adjudication}
Started game 43 of 40000 (cand-474c288 vs ref-778c7b0)
Finished game 34 (ref-778c7b0 vs cand-474c288): 1-0 {White wins by adjudication}
Started game 44 of 40000 (ref-778c7b0 vs cand-474c288)
Finished game 28 (ref-778c7b0 vs cand-474c288): 1/2-1/2 {Draw by 3-fold repetition}
Started game 45 of 40000 (cand-474c288 vs ref-778c7b0)
Finished game 37 (cand-474c288 vs ref-778c7b0): 0-1 {Black wins by adjudication}
Started game 46 of 40000 (ref-778c7b0 vs cand-474c288)
Finished game 31 (cand-474c288 vs ref-778c7b0): 1-0 {White wins by adjudication}
Started game 47 of 40000 (cand-474c288 vs ref-778c7b0)
Finished game 35 (cand-474c288 vs ref-778c7b0): 0-1 {Black wins by adjudication}
Started game 48 of 40000 (ref-778c7b0 vs cand-474c288)
Finished game 38 (ref-778c7b0 vs cand-474c288): 1/2-1/2 {Draw by insufficient mating material}
Started game 49 of 40000 (cand-474c288 vs ref-778c7b0)
Finished game 39 (cand-474c288 vs ref-778c7b0): 1-0 {White wins by adjudication}
Started game 50 of 40000 (ref-778c7b0 vs cand-474c288)
Finished game 36 (ref-778c7b0 vs cand-474c288): 0-1 {Black wins by adjudication}
Started game 51 of 40000 (cand-474c288 vs ref-778c7b0)
Finished game 44 (ref-778c7b0 vs cand-474c288): 1-0 {White wins by adjudication}
Started game 52 of 40000 (ref-778c7b0 vs cand-474c288)
Finished game 40 (ref-778c7b0 vs cand-474c288): 1/2-1/2 {Draw by 3-fold repetition}
--------------------------------------------------
Results of cand-474c288 vs ref-778c7b0 (8+0.08, 1t, 16MB, noob_3moves.epd):
Elo: -17.39 +/- 73.07, nElo: -26.04 +/- 107.67
LOS: 31.77 %, DrawRatio: 40.00 %, PairsRatio: 1.00
Games: 40, Wins: 10, Losses: 12, Draws: 18, Points: 19.0 (47.50 %)
Ptnml(0-2): [2, 4, 8, 6, 0], WL/DD Ratio: 1.00
LLR: -0.05 (-1.6%) (-2.94, 2.94) [0.00, 5.00]
--------------------------------------------------
Started game 53 of 40000 (cand-474c288 vs ref-778c7b0)
Finished game 41 (cand-474c288 vs ref-778c7b0): 0-1 {Black wins by adjudication}
Started game 54 of 40000 (ref-778c7b0 vs cand-474c288)
Finished game 43 (cand-474c288 vs ref-778c7b0): 0-1 {Black wins by adjudication}
Started game 55 of 40000 (cand-474c288 vs ref-778c7b0)
Finished game 42 (ref-778c7b0 vs cand-474c288): 1/2-1/2 {Draw by 3-fold repetition}
Started game 56 of 40000 (ref-778c7b0 vs cand-474c288)
Finished game 46 (ref-778c7b0 vs cand-474c288): 1/2-1/2 {Draw by adjudication}
Started game 57 of 40000 (cand-474c288 vs ref-778c7b0)
Finished game 47 (cand-474c288 vs ref-778c7b0): 0-1 {Black wins by adjudication}
Started game 58 of 40000 (ref-778c7b0 vs cand-474c288)
Finished game 45 (cand-474c288 vs ref-778c7b0): 0-1 {Black wins by adjudication}
Started game 59 of 40000 (cand-474c288 vs ref-778c7b0)
Finished game 48 (ref-778c7b0 vs cand-474c288): 0-1 {Black wins by adjudication}
Started game 60 of 40000 (ref-778c7b0 vs cand-474c288)
Finished game 51 (cand-474c288 vs ref-778c7b0): 1/2-1/2 {Draw by 3-fold repetition}
Started game 61 of 40000 (cand-474c288 vs ref-778c7b0)
Finished game 59 (cand-474c288 vs ref-778c7b0): 1/2-1/2 {Draw by 3-fold repetition}
Started game 62 of 40000 (ref-778c7b0 vs cand-474c288)
Finished game 56 (ref-778c7b0 vs cand-474c288): 1/2-1/2 {Draw by 3-fold repetition}
Started game 63 of 40000 (cand-474c288 vs ref-778c7b0)
Finished game 54 (ref-778c7b0 vs cand-474c288): 1-0 {White wins by adjudication}
Started game 64 of 40000 (ref-778c7b0 vs cand-474c288)
Finished game 52 (ref-778c7b0 vs cand-474c288): 1/2-1/2 {Draw by 3-fold repetition}
Started game 65 of 40000 (cand-474c288 vs ref-778c7b0)
Finished game 49 (cand-474c288 vs ref-778c7b0): 0-1 {Black wins by adjudication}
Started game 66 of 40000 (ref-778c7b0 vs cand-474c288)
Finished game 50 (ref-778c7b0 vs cand-474c288): 1-0 {White wins by adjudication}
Started game 67 of 40000 (cand-474c288 vs ref-778c7b0)
Finished game 53 (cand-474c288 vs ref-778c7b0): 1/2-1/2 {Draw by 3-fold repetition}
Started game 68 of 40000 (ref-778c7b0 vs cand-474c288)
Finished game 58 (ref-778c7b0 vs cand-474c288): 0-1 {Black wins by adjudication}
Started game 69 of 40000 (cand-474c288 vs ref-778c7b0)
Finished game 55 (cand-474c288 vs ref-778c7b0): 1/2-1/2 {Draw by 3-fold repetition}
Started game 70 of 40000 (ref-778c7b0 vs cand-474c288)
Finished game 57 (cand-474c288 vs ref-778c7b0): 0-1 {Black wins by adjudication}
Started game 71 of 40000 (cand-474c288 vs ref-778c7b0)
Finished game 61 (cand-474c288 vs ref-778c7b0): 1/2-1/2 {Draw by 3-fold repetition}
Started game 72 of 40000 (ref-778c7b0 vs cand-474c288)
Finished game 60 (ref-778c7b0 vs cand-474c288): 1/2-1/2 {Draw by 3-fold repetition}
--------------------------------------------------
Results of cand-474c288 vs ref-778c7b0 (8+0.08, 1t, 16MB, noob_3moves.epd):
Elo: -52.51 +/- 60.18, nElo: -78.72 +/- 87.91
LOS: 3.96 %, DrawRatio: 43.33 %, PairsRatio: 0.55
Games: 60, Wins: 12, Losses: 21, Draws: 27, Points: 25.5 (42.50 %)
Ptnml(0-2): [4, 7, 13, 6, 0], WL/DD Ratio: 0.86
LLR: -0.21 (-7.2%) (-2.94, 2.94) [0.00, 5.00]
--------------------------------------------------
Started game 73 of 40000 (cand-474c288 vs ref-778c7b0)
Finished game 62 (ref-778c7b0 vs cand-474c288): 1-0 {White wins by adjudication}
Started game 74 of 40000 (ref-778c7b0 vs cand-474c288)
Finished game 66 (ref-778c7b0 vs cand-474c288): 1/2-1/2 {Draw by 3-fold repetition}
Started game 75 of 40000 (cand-474c288 vs ref-778c7b0)
Finished game 65 (cand-474c288 vs ref-778c7b0): 1-0 {White wins by adjudication}
Started game 76 of 40000 (ref-778c7b0 vs cand-474c288)
Finished game 64 (ref-778c7b0 vs cand-474c288): 0-1 {Black wins by adjudication}
Started game 77 of 40000 (cand-474c288 vs ref-778c7b0)
Finished game 68 (ref-778c7b0 vs cand-474c288): 0-1 {Black wins by adjudication}
Started game 78 of 40000 (ref-778c7b0 vs cand-474c288)
Finished game 67 (cand-474c288 vs ref-778c7b0): 1/2-1/2 {Draw by 3-fold repetition}
Started game 79 of 40000 (cand-474c288 vs ref-778c7b0)
Finished game 71 (cand-474c288 vs ref-778c7b0): 1/2-1/2 {Draw by 3-fold repetition}
Started game 80 of 40000 (ref-778c7b0 vs cand-474c288)
Finished game 63 (cand-474c288 vs ref-778c7b0): 1/2-1/2 {Draw by 3-fold repetition}
Started game 81 of 40000 (cand-474c288 vs ref-778c7b0)
Finished game 73 (cand-474c288 vs ref-778c7b0): 1-0 {White wins by adjudication}
Started game 82 of 40000 (ref-778c7b0 vs cand-474c288)
Finished game 69 (cand-474c288 vs ref-778c7b0): 1/2-1/2 {Draw by insufficient mating material}
Started game 83 of 40000 (cand-474c288 vs ref-778c7b0)
Finished game 77 (cand-474c288 vs ref-778c7b0): 1-0 {White wins by adjudication}
Started game 84 of 40000 (ref-778c7b0 vs cand-474c288)
Finished game 70 (ref-778c7b0 vs cand-474c288): 0-1 {Black wins by adjudication}
Started game 85 of 40000 (cand-474c288 vs ref-778c7b0)
Finished game 72 (ref-778c7b0 vs cand-474c288): 0-1 {Black wins by adjudication}
Started game 86 of 40000 (ref-778c7b0 vs cand-474c288)
Finished game 80 (ref-778c7b0 vs cand-474c288): 1/2-1/2 {Draw by 3-fold repetition}
Started game 87 of 40000 (cand-474c288 vs ref-778c7b0)
Finished game 76 (ref-778c7b0 vs cand-474c288): 1-0 {White wins by adjudication}
Started game 88 of 40000 (ref-778c7b0 vs cand-474c288)
Finished game 84 (ref-778c7b0 vs cand-474c288): 1/2-1/2 {Draw by 3-fold repetition}
Started game 89 of 40000 (cand-474c288 vs ref-778c7b0)
Finished game 74 (ref-778c7b0 vs cand-474c288): 0-1 {Black wins by adjudication}
Started game 90 of 40000 (ref-778c7b0 vs cand-474c288)
Finished game 75 (cand-474c288 vs ref-778c7b0): 1/2-1/2 {Draw by adjudication}
Started game 91 of 40000 (cand-474c288 vs ref-778c7b0)
Finished game 79 (cand-474c288 vs ref-778c7b0): 1/2-1/2 {Draw by adjudication}
--------------------------------------------------
Results of cand-474c288 vs ref-778c7b0 (8+0.08, 1t, 16MB, noob_3moves.epd):
Elo: -17.83 +/- 55.55, nElo: -25.01 +/- 77.10
LOS: 26.25 %, DrawRatio: 35.90 %, PairsRatio: 0.92
Games: 78, Wins: 19, Losses: 23, Draws: 36, Points: 37.0 (47.44 %)
Ptnml(0-2): [4, 9, 14, 11, 1], WL/DD Ratio: 0.75
LLR: -0.09 (-3.0%) (-2.94, 2.94) [0.00, 5.00]
--------------------------------------------------
Started game 92 of 40000 (ref-778c7b0 vs cand-474c288)
Finished game 78 (ref-778c7b0 vs cand-474c288): 1-0 {White wins by adjudication}
Started game 93 of 40000 (cand-474c288 vs ref-778c7b0)
Finished game 82 (ref-778c7b0 vs cand-474c288): 0-1 {Black wins by adjudication}
Started game 94 of 40000 (ref-778c7b0 vs cand-474c288)
Finished game 85 (cand-474c288 vs ref-778c7b0): 1/2-1/2 {Draw by 3-fold repetition}
Started game 95 of 40000 (cand-474c288 vs ref-778c7b0)
Finished game 81 (cand-474c288 vs ref-778c7b0): 1/2-1/2 {Draw by 3-fold repetition}
Started game 96 of 40000 (ref-778c7b0 vs cand-474c288)
Finished game 87 (cand-474c288 vs ref-778c7b0): 0-1 {Black wins by adjudication}
Started game 97 of 40000 (cand-474c288 vs ref-778c7b0)
Finished game 91 (cand-474c288 vs ref-778c7b0): 1-0 {White wins by adjudication}
Started game 98 of 40000 (ref-778c7b0 vs cand-474c288)
Finished game 83 (cand-474c288 vs ref-778c7b0): 0-1 {Black wins by adjudication}
Started game 99 of 40000 (cand-474c288 vs ref-778c7b0)
Finished game 89 (cand-474c288 vs ref-778c7b0): 1/2-1/2 {Draw by 3-fold repetition}
Started game 100 of 40000 (ref-778c7b0 vs cand-474c288)
Finished game 93 (cand-474c288 vs ref-778c7b0): 1/2-1/2 {Draw by adjudication}
Started game 101 of 40000 (cand-474c288 vs ref-778c7b0)
Finished game 90 (ref-778c7b0 vs cand-474c288): 0-1 {Black wins by adjudication}
Started game 102 of 40000 (ref-778c7b0 vs cand-474c288)
Finished game 94 (ref-778c7b0 vs cand-474c288): 1-0 {White wins by adjudication}
Started game 103 of 40000 (cand-474c288 vs ref-778c7b0)
Finished game 88 (ref-778c7b0 vs cand-474c288): 0-1 {Black wins by adjudication}
Started game 104 of 40000 (ref-778c7b0 vs cand-474c288)
Finished game 86 (ref-778c7b0 vs cand-474c288): 1/2-1/2 {Draw by adjudication}
Started game 105 of 40000 (cand-474c288 vs ref-778c7b0)
Finished game 92 (ref-778c7b0 vs cand-474c288): 1/2-1/2 {Draw by 3-fold repetition}
Started game 106 of 40000 (ref-778c7b0 vs cand-474c288)
Finished game 95 (cand-474c288 vs ref-778c7b0): 1-0 {White wins by adjudication}
Started game 107 of 40000 (cand-474c288 vs ref-778c7b0)
Finished game 96 (ref-778c7b0 vs cand-474c288): 0-1 {Black wins by adjudication}
Started game 108 of 40000 (ref-778c7b0 vs cand-474c288)
Finished game 97 (cand-474c288 vs ref-778c7b0): 0-1 {Black wins by adjudication}
Started game 109 of 40000 (cand-474c288 vs ref-778c7b0)
Finished game 99 (cand-474c288 vs ref-778c7b0): 1-0 {White wins by adjudication}
Started game 110 of 40000 (ref-778c7b0 vs cand-474c288)
Finished game 98 (ref-778c7b0 vs cand-474c288): 1/2-1/2 {Draw by 3-fold repetition}
Started game 111 of 40000 (cand-474c288 vs ref-778c7b0)
Finished game 101 (cand-474c288 vs ref-778c7b0): 0-1 {Black wins by adjudication}
Started game 112 of 40000 (ref-778c7b0 vs cand-474c288)
Finished game 105 (cand-474c288 vs ref-778c7b0): 1-0 {White wins by adjudication}
Started game 113 of 40000 (cand-474c288 vs ref-778c7b0)
Finished game 100 (ref-778c7b0 vs cand-474c288): 1/2-1/2 {Draw by 3-fold repetition}
--------------------------------------------------
Results of cand-474c288 vs ref-778c7b0 (8+0.08, 1t, 16MB, noob_3moves.epd):
Elo: -3.47 +/- 48.95, nElo: -4.87 +/- 68.10
LOS: 44.43 %, DrawRatio: 34.00 %, PairsRatio: 1.06
Games: 100, Wins: 27, Losses: 28, Draws: 45, Points: 49.5 (49.50 %)
Ptnml(0-2): [4, 12, 17, 15, 2], WL/DD Ratio: 0.89
LLR: -0.03 (-1.0%) (-2.94, 2.94) [0.00, 5.00]
--------------------------------------------------
Started game 114 of 40000 (ref-778c7b0 vs cand-474c288)
Finished game 103 (cand-474c288 vs ref-778c7b0): 0-1 {Black wins by adjudication}
Started game 115 of 40000 (cand-474c288 vs ref-778c7b0)
Finished game 107 (cand-474c288 vs ref-778c7b0): 1-0 {White wins by adjudication}
Started game 116 of 40000 (ref-778c7b0 vs cand-474c288)
Finished game 106 (ref-778c7b0 vs cand-474c288): 0-1 {Black wins by adjudication}
Started game 117 of 40000 (cand-474c288 vs ref-778c7b0)
Finished game 112 (ref-778c7b0 vs cand-474c288): 1/2-1/2 {Draw by 3-fold repetition}
Started game 118 of 40000 (ref-778c7b0 vs cand-474c288)
Finished game 104 (ref-778c7b0 vs cand-474c288): 1/2-1/2 {Draw by insufficient mating material}
Started game 119 of 40000 (cand-474c288 vs ref-778c7b0)
Finished game 102 (ref-778c7b0 vs cand-474c288): 1/2-1/2 {Draw by insufficient mating material}
Started game 120 of 40000 (ref-778c7b0 vs cand-474c288)
Finished game 111 (cand-474c288 vs ref-778c7b0): 1/2-1/2 {Draw by adjudication}
Started game 121 of 40000 (cand-474c288 vs ref-778c7b0)
Finished game 109 (cand-474c288 vs ref-778c7b0): 1/2-1/2 {Draw by insufficient mating material}
Started game 122 of 40000 (ref-778c7b0 vs cand-474c288)
Finished game 110 (ref-778c7b0 vs cand-474c288): 0-1 {Black wins by adjudication}
Started game 123 of 40000 (cand-474c288 vs ref-778c7b0)
Finished game 108 (ref-778c7b0 vs cand-474c288): 1-0 {White wins by adjudication}
Started game 124 of 40000 (ref-778c7b0 vs cand-474c288)
Finished game 117 (cand-474c288 vs ref-778c7b0): 1/2-1/2 {Draw by 3-fold repetition}
Started game 125 of 40000 (cand-474c288 vs ref-778c7b0)
Finished game 115 (cand-474c288 vs ref-778c7b0): 1/2-1/2 {Draw by 3-fold repetition}
Started game 126 of 40000 (ref-778c7b0 vs cand-474c288)
Finished game 116 (ref-778c7b0 vs cand-474c288): 1-0 {White wins by adjudication}
Started game 127 of 40000 (cand-474c288 vs ref-778c7b0)
Finished game 114 (ref-778c7b0 vs cand-474c288): 1/2-1/2 {Draw by insufficient mating material}
Started game 128 of 40000 (ref-778c7b0 vs cand-474c288)
Finished game 122 (ref-778c7b0 vs cand-474c288): 1-0 {White wins by adjudication}
Started game 129 of 40000 (cand-474c288 vs ref-778c7b0)
Finished game 121 (cand-474c288 vs ref-778c7b0): 1/2-1/2 {Draw by 3-fold repetition}
Started game 130 of 40000 (ref-778c7b0 vs cand-474c288)
Finished game 119 (cand-474c288 vs ref-778c7b0): 1/2-1/2 {Draw by 3-fold repetition}
Started game 131 of 40000 (cand-474c288 vs ref-778c7b0)
Finished game 120 (ref-778c7b0 vs cand-474c288): 1-0 {White wins by adjudication}
--------------------------------------------------
Results of cand-474c288 vs ref-778c7b0 (8+0.08, 1t, 16MB, noob_3moves.epd):
Elo: -8.84 +/- 45.30, nElo: -12.30 +/- 62.69
LOS: 35.03 %, DrawRatio: 32.20 %, PairsRatio: 0.90
Games: 118, Wins: 31, Losses: 34, Draws: 53, Points: 57.5 (48.73 %)
Ptnml(0-2): [4, 17, 19, 16, 3], WL/DD Ratio: 0.90
LLR: -0.07 (-2.5%) (-2.94, 2.94) [0.00, 5.00]
--------------------------------------------------
Started game 132 of 40000 (ref-778c7b0 vs cand-474c288)
Finished game 113 (cand-474c288 vs ref-778c7b0): 1/2-1/2 {Draw by insufficient mating material}
Started game 133 of 40000 (cand-474c288 vs ref-778c7b0)
Finished game 118 (ref-778c7b0 vs cand-474c288): 1-0 {White wins by adjudication}
Started game 134 of 40000 (ref-778c7b0 vs cand-474c288)
Finished game 124 (ref-778c7b0 vs cand-474c288): 1/2-1/2 {Draw by 3-fold repetition}
Started game 135 of 40000 (cand-474c288 vs ref-778c7b0)
Finished game 126 (ref-778c7b0 vs cand-474c288): 0-1 {Black wins by adjudication}
Started game 136 of 40000 (ref-778c7b0 vs cand-474c288)
Finished game 123 (cand-474c288 vs ref-778c7b0): 1-0 {White wins by adjudication}
Started game 137 of 40000 (cand-474c288 vs ref-778c7b0)
Finished game 127 (cand-474c288 vs ref-778c7b0): 1-0 {White wins by adjudication}
Started game 138 of 40000 (ref-778c7b0 vs cand-474c288)
Finished game 132 (ref-778c7b0 vs cand-474c288): 0-1 {Black wins by adjudication}
Started game 139 of 40000 (cand-474c288 vs ref-778c7b0)
Finished game 130 (ref-778c7b0 vs cand-474c288): 1-0 {White wins by adjudication}
Started game 140 of 40000 (ref-778c7b0 vs cand-474c288)
Finished game 134 (ref-778c7b0 vs cand-474c288): 1/2-1/2 {Draw by 3-fold repetition}
Started game 141 of 40000 (cand-474c288 vs ref-778c7b0)
Finished game 125 (cand-474c288 vs ref-778c7b0): 1/2-1/2 {Draw by insufficient mating material}
Started game 142 of 40000 (ref-778c7b0 vs cand-474c288)
Finished game 131 (cand-474c288 vs ref-778c7b0): 0-1 {Black wins by adjudication}
Started game 143 of 40000 (cand-474c288 vs ref-778c7b0)
Finished game 135 (cand-474c288 vs ref-778c7b0): 1/2-1/2 {Draw by insufficient mating material}
Started game 144 of 40000 (ref-778c7b0 vs cand-474c288)
Finished game 128 (ref-778c7b0 vs cand-474c288): 1/2-1/2 {Draw by fifty moves rule}
Started game 145 of 40000 (cand-474c288 vs ref-778c7b0)
Finished game 136 (ref-778c7b0 vs cand-474c288): 1-0 {White wins by adjudication}
Started game 146 of 40000 (ref-778c7b0 vs cand-474c288)
Finished game 133 (cand-474c288 vs ref-778c7b0): 0-1 {Black wins by adjudication}
Started game 147 of 40000 (cand-474c288 vs ref-778c7b0)
Finished game 138 (ref-778c7b0 vs cand-474c288): 0-1 {Black wins by adjudication}
Started game 148 of 40000 (ref-778c7b0 vs cand-474c288)
Finished game 129 (cand-474c288 vs ref-778c7b0): 1/2-1/2 {Draw by insufficient mating material}
Started game 149 of 40000 (cand-474c288 vs ref-778c7b0)
Finished game 145 (cand-474c288 vs ref-778c7b0): 1/2-1/2 {Draw by 3-fold repetition}
Started game 150 of 40000 (ref-778c7b0 vs cand-474c288)
Finished game 141 (cand-474c288 vs ref-778c7b0): 1-0 {White wins by adjudication}
Started game 151 of 40000 (cand-474c288 vs ref-778c7b0)
Finished game 140 (ref-778c7b0 vs cand-474c288): 1-0 {White wins by adjudication}
Started game 152 of 40000 (ref-778c7b0 vs cand-474c288)
Finished game 147 (cand-474c288 vs ref-778c7b0): 1/2-1/2 {Draw by adjudication}
Started game 153 of 40000 (cand-474c288 vs ref-778c7b0)
Finished game 142 (ref-778c7b0 vs cand-474c288): 1/2-1/2 {Draw by 3-fold repetition}
Started game 154 of 40000 (ref-778c7b0 vs cand-474c288)
Finished game 144 (ref-778c7b0 vs cand-474c288): 0-1 {Black wins by adjudication}
Started game 155 of 40000 (cand-474c288 vs ref-778c7b0)
Finished game 137 (cand-474c288 vs ref-778c7b0): 1/2-1/2 {Draw by insufficient mating material}
Started game 156 of 40000 (ref-778c7b0 vs cand-474c288)
Finished game 146 (ref-778c7b0 vs cand-474c288): 1/2-1/2 {Draw by insufficient mating material}
Started game 157 of 40000 (cand-474c288 vs ref-778c7b0)
Finished game 148 (ref-778c7b0 vs cand-474c288): 1/2-1/2 {Draw by insufficient mating material}
Started game 158 of 40000 (ref-778c7b0 vs cand-474c288)
Finished game 149 (cand-474c288 vs ref-778c7b0): 1/2-1/2 {Draw by 3-fold repetition}
Started game 159 of 40000 (cand-474c288 vs ref-778c7b0)
Finished game 139 (cand-474c288 vs ref-778c7b0): 1/2-1/2 {Draw by adjudication}
--------------------------------------------------
Results of cand-474c288 vs ref-778c7b0 (8+0.08, 1t, 16MB, noob_3moves.epd):
Elo: -7.14 +/- 39.45, nElo: -10.25 +/- 56.36
LOS: 36.08 %, DrawRatio: 31.51 %, PairsRatio: 0.92
Games: 146, Wins: 37, Losses: 40, Draws: 69, Points: 71.5 (48.97 %)
Ptnml(0-2): [4, 22, 23, 21, 3], WL/DD Ratio: 0.77
LLR: -0.08 (-2.6%) (-2.94, 2.94) [0.00, 5.00]
--------------------------------------------------
Started game 160 of 40000 (ref-778c7b0 vs cand-474c288)
Finished game 143 (cand-474c288 vs ref-778c7b0): 1/2-1/2 {Draw by fifty moves rule}
Started game 161 of 40000 (cand-474c288 vs ref-778c7b0)
Finished game 152 (ref-778c7b0 vs cand-474c288): 1-0 {White wins by adjudication}
Started game 162 of 40000 (ref-778c7b0 vs cand-474c288)
Finished game 153 (cand-474c288 vs ref-778c7b0): 1-0 {White wins by adjudication}
Started game 163 of 40000 (cand-474c288 vs ref-778c7b0)
Finished game 154 (ref-778c7b0 vs cand-474c288): 0-1 {Black wins by adjudication}
Started game 164 of 40000 (ref-778c7b0 vs cand-474c288)
Finished game 150 (ref-778c7b0 vs cand-474c288): 1/2-1/2 {Draw by adjudication}
Started game 165 of 40000 (cand-474c288 vs ref-778c7b0)
Finished game 151 (cand-474c288 vs ref-778c7b0): 1/2-1/2 {Draw by insufficient mating material}
Started game 166 of 40000 (ref-778c7b0 vs cand-474c288)
Finished game 158 (ref-778c7b0 vs cand-474c288): 1-0 {White wins by adjudication}
Started game 167 of 40000 (cand-474c288 vs ref-778c7b0)
Finished game 159 (cand-474c288 vs ref-778c7b0): 1/2-1/2 {Draw by 3-fold repetition}
Started game 168 of 40000 (ref-778c7b0 vs cand-474c288)
Finished game 160 (ref-778c7b0 vs cand-474c288): 0-1 {Black wins by adjudication}
--------------------------------------------------
Results of cand-474c288 vs ref-778c7b0 (8+0.08, 1t, 16MB, noob_3moves.epd):
Elo: -0.00 +/- 38.71, nElo: 0.00 +/- 54.52
LOS: 50.00 %, DrawRatio: 30.77 %, PairsRatio: 1.00
Games: 156, Wins: 41, Losses: 41, Draws: 74, Points: 78.0 (50.00 %)
Ptnml(0-2): [4, 23, 24, 23, 4], WL/DD Ratio: 0.71
LLR: -0.02 (-0.5%) (-2.94, 2.94) [0.00, 5.00]
--------------------------------------------------
Started game 169 of 40000 (cand-474c288 vs ref-778c7b0)
Finished game 156 (ref-778c7b0 vs cand-474c288): 0-1 {Black wins by adjudication}
Started game 170 of 40000 (ref-778c7b0 vs cand-474c288)
Finished game 155 (cand-474c288 vs ref-778c7b0): 1/2-1/2 {Draw by fifty moves rule}
Started game 171 of 40000 (cand-474c288 vs ref-778c7b0)
Finished game 157 (cand-474c288 vs ref-778c7b0): 1-0 {White wins by adjudication}
Started game 172 of 40000 (ref-778c7b0 vs cand-474c288)
Finished game 166 (ref-778c7b0 vs cand-474c288): 0-1 {Black wins by adjudication}
Started game 173 of 40000 (cand-474c288 vs ref-778c7b0)
Finished game 162 (ref-778c7b0 vs cand-474c288): 0-1 {Black wins by adjudication}
Started game 174 of 40000 (ref-778c7b0 vs cand-474c288)
Finished game 161 (cand-474c288 vs ref-778c7b0): 1/2-1/2 {Draw by 3-fold repetition}
Started game 175 of 40000 (cand-474c288 vs ref-778c7b0)
Finished game 165 (cand-474c288 vs ref-778c7b0): 1/2-1/2 {Draw by 3-fold repetition}
Started game 176 of 40000 (ref-778c7b0 vs cand-474c288)
Finished game 164 (ref-778c7b0 vs cand-474c288): 1/2-1/2 {Draw by 3-fold repetition}
Started game 177 of 40000 (cand-474c288 vs ref-778c7b0)
Finished game 169 (cand-474c288 vs ref-778c7b0): 1-0 {White wins by adjudication}
Started game 178 of 40000 (ref-778c7b0 vs cand-474c288)
Finished game 170 (ref-778c7b0 vs cand-474c288): 0-1 {Black wins by adjudication}
Started game 179 of 40000 (cand-474c288 vs ref-778c7b0)
Finished game 167 (cand-474c288 vs ref-778c7b0): 1/2-1/2 {Draw by insufficient mating material}
Started game 180 of 40000 (ref-778c7b0 vs cand-474c288)
Finished game 168 (ref-778c7b0 vs cand-474c288): 1-0 {White wins by adjudication}
Started game 181 of 40000 (cand-474c288 vs ref-778c7b0)
Finished game 163 (cand-474c288 vs ref-778c7b0): 1/2-1/2 {Draw by insufficient mating material}
Started game 182 of 40000 (ref-778c7b0 vs cand-474c288)
Finished game 171 (cand-474c288 vs ref-778c7b0): 1/2-1/2 {Draw by adjudication}
Started game 183 of 40000 (cand-474c288 vs ref-778c7b0)
Finished game 172 (ref-778c7b0 vs cand-474c288): 1-0 {White wins by adjudication}
Started game 184 of 40000 (ref-778c7b0 vs cand-474c288)
Finished game 175 (cand-474c288 vs ref-778c7b0): 0-1 {Black wins by adjudication}
Started game 185 of 40000 (cand-474c288 vs ref-778c7b0)
Finished game 181 (cand-474c288 vs ref-778c7b0): 1-0 {White wins by adjudication}
Started game 186 of 40000 (ref-778c7b0 vs cand-474c288)
Finished game 176 (ref-778c7b0 vs cand-474c288): 1-0 {White wins by adjudication}
Started game 187 of 40000 (cand-474c288 vs ref-778c7b0)
Finished game 178 (ref-778c7b0 vs cand-474c288): 0-1 {Black wins by adjudication}
Started game 188 of 40000 (ref-778c7b0 vs cand-474c288)
Finished game 177 (cand-474c288 vs ref-778c7b0): 0-1 {Black wins by adjudication}
Started game 189 of 40000 (cand-474c288 vs ref-778c7b0)
Finished game 179 (cand-474c288 vs ref-778c7b0): 0-1 {Black wins by adjudication}
Started game 190 of 40000 (ref-778c7b0 vs cand-474c288)
Finished game 174 (ref-778c7b0 vs cand-474c288): 1/2-1/2 {Draw by adjudication}
Started game 191 of 40000 (cand-474c288 vs ref-778c7b0)
Finished game 180 (ref-778c7b0 vs cand-474c288): 0-1 {Black wins by adjudication}
--------------------------------------------------
Results of cand-474c288 vs ref-778c7b0 (8+0.08, 1t, 16MB, noob_3moves.epd):
Elo: 1.95 +/- 36.63, nElo: 2.73 +/- 51.04
LOS: 54.17 %, DrawRatio: 31.46 %, PairsRatio: 1.03
Games: 178, Wins: 49, Losses: 48, Draws: 81, Points: 89.5 (50.28 %)
Ptnml(0-2): [5, 25, 28, 26, 5], WL/DD Ratio: 0.87
LLR: 0.00 (0.1%) (-2.94, 2.94) [0.00, 5.00]
--------------------------------------------------
Started game 192 of 40000 (ref-778c7b0 vs cand-474c288)
Finished game 173 (cand-474c288 vs ref-778c7b0): 1/2-1/2 {Draw by insufficient mating material}
Started game 193 of 40000 (cand-474c288 vs ref-778c7b0)
Finished game 183 (cand-474c288 vs ref-778c7b0): 1/2-1/2 {Draw by 3-fold repetition}
Started game 194 of 40000 (ref-778c7b0 vs cand-474c288)
Finished game 182 (ref-778c7b0 vs cand-474c288): 0-1 {Black wins by adjudication}
Started game 195 of 40000 (cand-474c288 vs ref-778c7b0)
Finished game 187 (cand-474c288 vs ref-778c7b0): 1-0 {White wins by adjudication}
Started game 196 of 40000 (ref-778c7b0 vs cand-474c288)
Finished game 184 (ref-778c7b0 vs cand-474c288): 1/2-1/2 {Draw by adjudication}
Started game 197 of 40000 (cand-474c288 vs ref-778c7b0)
Finished game 185 (cand-474c288 vs ref-778c7b0): 1-0 {White wins by adjudication}
Started game 198 of 40000 (ref-778c7b0 vs cand-474c288)
Finished game 186 (ref-778c7b0 vs cand-474c288): 1/2-1/2 {Draw by 3-fold repetition}
Started game 199 of 40000 (cand-474c288 vs ref-778c7b0)
Finished game 188 (ref-778c7b0 vs cand-474c288): 0-1 {Black wins by adjudication}
Started game 200 of 40000 (ref-778c7b0 vs cand-474c288)
Finished game 192 (ref-778c7b0 vs cand-474c288): 1/2-1/2 {Draw by 3-fold repetition}
Started game 201 of 40000 (cand-474c288 vs ref-778c7b0)
Finished game 190 (ref-778c7b0 vs cand-474c288): 1-0 {White wins by adjudication}
Started game 202 of 40000 (ref-778c7b0 vs cand-474c288)
Finished game 193 (cand-474c288 vs ref-778c7b0): 1-0 {White wins by adjudication}
Started game 203 of 40000 (cand-474c288 vs ref-778c7b0)
Finished game 189 (cand-474c288 vs ref-778c7b0): 1-0 {White wins by adjudication}
Started game 204 of 40000 (ref-778c7b0 vs cand-474c288)
Finished game 194 (ref-778c7b0 vs cand-474c288): 1-0 {White wins by adjudication}
Started game 205 of 40000 (cand-474c288 vs ref-778c7b0)
Finished game 195 (cand-474c288 vs ref-778c7b0): 1-0 {White wins by adjudication}
Started game 206 of 40000 (ref-778c7b0 vs cand-474c288)
Finished game 197 (cand-474c288 vs ref-778c7b0): 1-0 {White wins by adjudication}
Started game 207 of 40000 (cand-474c288 vs ref-778c7b0)
Finished game 196 (ref-778c7b0 vs cand-474c288): 1-0 {White wins by adjudication}
Started game 208 of 40000 (ref-778c7b0 vs cand-474c288)
Finished game 191 (cand-474c288 vs ref-778c7b0): 1/2-1/2 {Draw by insufficient mating material}
Started game 209 of 40000 (cand-474c288 vs ref-778c7b0)
Finished game 202 (ref-778c7b0 vs cand-474c288): 0-1 {Black wins by adjudication}
Started game 210 of 40000 (ref-778c7b0 vs cand-474c288)
Finished game 200 (ref-778c7b0 vs cand-474c288): 1/2-1/2 {Draw by adjudication}
Started game 211 of 40000 (cand-474c288 vs ref-778c7b0)
Finished game 201 (cand-474c288 vs ref-778c7b0): 0-1 {Black wins by adjudication}
Started game 212 of 40000 (ref-778c7b0 vs cand-474c288)
Finished game 198 (ref-778c7b0 vs cand-474c288): 1-0 {White wins by adjudication}
Started game 213 of 40000 (cand-474c288 vs ref-778c7b0)
Finished game 199 (cand-474c288 vs ref-778c7b0): 1-0 {White wins by adjudication}
--------------------------------------------------
Results of cand-474c288 vs ref-778c7b0 (8+0.08, 1t, 16MB, noob_3moves.epd):
Elo: 12.04 +/- 33.95, nElo: 17.07 +/- 47.91
LOS: 75.75 %, DrawRatio: 35.64 %, PairsRatio: 1.17
Games: 202, Wins: 60, Losses: 53, Draws: 89, Points: 104.5 (51.73 %)
Ptnml(0-2): [5, 25, 36, 28, 7], WL/DD Ratio: 1.00
LLR: 0.12 (4.1%) (-2.94, 2.94) [0.00, 5.00]
--------------------------------------------------
Started game 214 of 40000 (ref-778c7b0 vs cand-474c288)
Finished game 205 (cand-474c288 vs ref-778c7b0): 1-0 {White wins by adjudication}
Started game 215 of 40000 (cand-474c288 vs ref-778c7b0)
Finished game 203 (cand-474c288 vs ref-778c7b0): 1-0 {White wins by adjudication}
Started game 216 of 40000 (ref-778c7b0 vs cand-474c288)
Finished game 206 (ref-778c7b0 vs cand-474c288): 0-1 {Black wins by adjudication}
Started game 217 of 40000 (cand-474c288 vs ref-778c7b0)
Finished game 211 (cand-474c288 vs ref-778c7b0): 1-0 {White wins by adjudication}
Started game 218 of 40000 (ref-778c7b0 vs cand-474c288)
Finished game 204 (ref-778c7b0 vs cand-474c288): 1/2-1/2 {Draw by 3-fold repetition}
Started game 219 of 40000 (cand-474c288 vs ref-778c7b0)
Finished game 210 (ref-778c7b0 vs cand-474c288): 1-0 {White wins by adjudication}
Started game 220 of 40000 (ref-778c7b0 vs cand-474c288)
Finished game 209 (cand-474c288 vs ref-778c7b0): 1-0 {White wins by adjudication}
Started game 221 of 40000 (cand-474c288 vs ref-778c7b0)
Finished game 208 (ref-778c7b0 vs cand-474c288): 1/2-1/2 {Draw by insufficient mating material}
Started game 222 of 40000 (ref-778c7b0 vs cand-474c288)
Finished game 212 (ref-778c7b0 vs cand-474c288): 1/2-1/2 {Draw by 3-fold repetition}
Started game 223 of 40000 (cand-474c288 vs ref-778c7b0)
Finished game 213 (cand-474c288 vs ref-778c7b0): 1-0 {White wins by adjudication}
Started game 224 of 40000 (ref-778c7b0 vs cand-474c288)
Finished game 207 (cand-474c288 vs ref-778c7b0): 1/2-1/2 {Draw by insufficient mating material}
Started game 225 of 40000 (cand-474c288 vs ref-778c7b0)
Finished game 216 (ref-778c7b0 vs cand-474c288): 1/2-1/2 {Draw by 3-fold repetition}
Started game 226 of 40000 (ref-778c7b0 vs cand-474c288)
Finished game 214 (ref-778c7b0 vs cand-474c288): 0-1 {Black wins by adjudication}
Started game 227 of 40000 (cand-474c288 vs ref-778c7b0)
Finished game 215 (cand-474c288 vs ref-778c7b0): 0-1 {Black wins by adjudication}
Started game 228 of 40000 (ref-778c7b0 vs cand-474c288)
Warning; Incomplete mating PV - from cand-474c288
Info; info score mate 10 time 327 depth 12 nodes 1183101 nps 3614873 pv g6h6 h3g2 d8g5 e3g4 g5g4 g2f2 g4f4 f2e1 f4c1 e1f2 h6f6 f2e2 c1f1 
Position; fen rnbqkbnr/ppp3pp/4p3/3p1p2/8/P5PB/1PPPPP1P/RNBQK1NR w KQkq - 0 4
Moves; d2d4 g8f6 b1c3 a7a6 c1f4 f8d6 e2e3 c7c5 g1e2 b8c6 f4d6 d8d6 c3a4 c5d4 e3d4 c6e7 c2c3 f6d7 e2f4 e7g6 f4d3 e8g8 e1g1 b7b6 f1e1 c8b7 f2f4 a8c8 h3g2 c8c4 b2b3 c4c7 d1e2 f8e8 h2h4 b7c6 h4h5 g6h8 h5h6 c6a4 b3a4 g7h6 e2b2 d7f6 d3b4 a6a5 b4c2 h8g6 c2e3 f6e4 a1c1 e8c8 g2e4 f5e4 c1b1 c7g7 g1h1 c8c6 e1e2 g6e7 h1h2 h6h5 b1f1 h5h4 g3h4 d6d8 e2g2 e7g6 f4f5 g6h4 g2g7 g8g7 f5e6 c6e6 b2b5 e6g6 h2h3 d8c8 h3h4 c8d8 h4h3
Finished game 218 (ref-778c7b0 vs cand-474c288): 0-1 {Black wins by adjudication}
Started game 229 of 40000 (cand-474c288 vs ref-778c7b0)
Finished game 217 (cand-474c288 vs ref-778c7b0): 1-0 {White wins by adjudication}
Started game 230 of 40000 (ref-778c7b0 vs cand-474c288)
Finished game 219 (cand-474c288 vs ref-778c7b0): 0-1 {Black wins by adjudication}
Started game 231 of 40000 (cand-474c288 vs ref-778c7b0)
Finished game 222 (ref-778c7b0 vs cand-474c288): 0-1 {Black wins by adjudication}
Started game 232 of 40000 (ref-778c7b0 vs cand-474c288)
Finished game 221 (cand-474c288 vs ref-778c7b0): 1-0 {White wins by adjudication}
Started game 233 of 40000 (cand-474c288 vs ref-778c7b0)
Finished game 224 (ref-778c7b0 vs cand-474c288): 0-1 {Black wins by adjudication}
Started game 234 of 40000 (ref-778c7b0 vs cand-474c288)
Finished game 223 (cand-474c288 vs ref-778c7b0): 1-0 {White wins by adjudication}
Started game 235 of 40000 (cand-474c288 vs ref-778c7b0)
Finished game 225 (cand-474c288 vs ref-778c7b0): 1/2-1/2 {Draw by 3-fold repetition}
Started game 236 of 40000 (ref-778c7b0 vs cand-474c288)
Finished game 220 (ref-778c7b0 vs cand-474c288): 1/2-1/2 {Draw by insufficient mating material}
--------------------------------------------------
Results of cand-474c288 vs ref-778c7b0 (8+0.08, 1t, 16MB, noob_3moves.epd):
Elo: 26.42 +/- 33.94, nElo: 35.67 +/- 45.50
LOS: 93.78 %, DrawRatio: 33.93 %, PairsRatio: 1.31
Games: 224, Wins: 73, Losses: 56, Draws: 95, Points: 120.5 (53.79 %)
Ptnml(0-2): [5, 27, 38, 30, 12], WL/DD Ratio: 1.00
LLR: 0.31 (10.4%) (-2.94, 2.94) [0.00, 5.00]
--------------------------------------------------
Started game 237 of 40000 (cand-474c288 vs ref-778c7b0)
Finished game 226 (ref-778c7b0 vs cand-474c288): 1/2-1/2 {Draw by adjudication}
Started game 238 of 40000 (ref-778c7b0 vs cand-474c288)
Finished game 229 (cand-474c288 vs ref-778c7b0): 0-1 {Black wins by adjudication}
Started game 239 of 40000 (cand-474c288 vs ref-778c7b0)
Finished game 230 (ref-778c7b0 vs cand-474c288): 0-1 {Black wins by adjudication}
Started game 240 of 40000 (ref-778c7b0 vs cand-474c288)
Finished game 228 (ref-778c7b0 vs cand-474c288): 1-0 {White wins by adjudication}
Started game 241 of 40000 (cand-474c288 vs ref-778c7b0)
Finished game 227 (cand-474c288 vs ref-778c7b0): 0-1 {Black wins by adjudication}
Started game 242 of 40000 (ref-778c7b0 vs cand-474c288)
Finished game 232 (ref-778c7b0 vs cand-474c288): 1-0 {White wins by adjudication}
Started game 243 of 40000 (cand-474c288 vs ref-778c7b0)
Finished game 236 (ref-778c7b0 vs cand-474c288): 0-1 {Black wins by adjudication}
Started game 244 of 40000 (ref-778c7b0 vs cand-474c288)
Finished game 231 (cand-474c288 vs ref-778c7b0): 0-1 {Black wins by adjudication}
Started game 245 of 40000 (cand-474c288 vs ref-778c7b0)
Finished game 234 (ref-778c7b0 vs cand-474c288): 1-0 {White wins by adjudication}
Started game 246 of 40000 (ref-778c7b0 vs cand-474c288)
Finished game 237 (cand-474c288 vs ref-778c7b0): 1/2-1/2 {Draw by 3-fold repetition}
Started game 247 of 40000 (cand-474c288 vs ref-778c7b0)
Finished game 233 (cand-474c288 vs ref-778c7b0): 0-1 {Black wins by adjudication}
Started game 248 of 40000 (ref-778c7b0 vs cand-474c288)
Finished game 241 (cand-474c288 vs ref-778c7b0): 0-1 {Black wins by adjudication}
Started game 249 of 40000 (cand-474c288 vs ref-778c7b0)
Finished game 235 (cand-474c288 vs ref-778c7b0): 1/2-1/2 {Draw by insufficient mating material}
Started game 250 of 40000 (ref-778c7b0 vs cand-474c288)
Finished game 238 (ref-778c7b0 vs cand-474c288): 0-1 {Black wins by adjudication}
Started game 251 of 40000 (cand-474c288 vs ref-778c7b0)
Finished game 242 (ref-778c7b0 vs cand-474c288): 0-1 {Black wins by adjudication}
Started game 252 of 40000 (ref-778c7b0 vs cand-474c288)
Finished game 246 (ref-778c7b0 vs cand-474c288): 1/2-1/2 {Draw by 3-fold repetition}
Started game 253 of 40000 (cand-474c288 vs ref-778c7b0)
Finished game 239 (cand-474c288 vs ref-778c7b0): 1/2-1/2 {Draw by 3-fold repetition}
Started game 254 of 40000 (ref-778c7b0 vs cand-474c288)
Finished game 240 (ref-778c7b0 vs cand-474c288): 1-0 {White wins by adjudication}
--------------------------------------------------
Results of cand-474c288 vs ref-778c7b0 (8+0.08, 1t, 16MB, noob_3moves.epd):
Elo: 17.24 +/- 33.34, nElo: 22.75 +/- 43.77
LOS: 84.58 %, DrawRatio: 33.88 %, PairsRatio: 1.22
Games: 242, Wins: 77, Losses: 65, Draws: 100, Points: 127.0 (52.48 %)
Ptnml(0-2): [8, 28, 41, 32, 12], WL/DD Ratio: 1.05
LLR: 0.20 (6.9%) (-2.94, 2.94) [0.00, 5.00]
--------------------------------------------------
Started game 255 of 40000 (cand-474c288 vs ref-778c7b0)
Finished game 245 (cand-474c288 vs ref-778c7b0): 1-0 {White wins by adjudication}
Started game 256 of 40000 (ref-778c7b0 vs cand-474c288)
Finished game 247 (cand-474c288 vs ref-778c7b0): 0-1 {Black wins by adjudication}
Started game 257 of 40000 (cand-474c288 vs ref-778c7b0)
Finished game 243 (cand-474c288 vs ref-778c7b0): 1-0 {White wins by adjudication}
Started game 258 of 40000 (ref-778c7b0 vs cand-474c288)
Finished game 244 (ref-778c7b0 vs cand-474c288): 1-0 {White wins by adjudication}
Started game 259 of 40000 (cand-474c288 vs ref-778c7b0)
Finished game 251 (cand-474c288 vs ref-778c7b0): 1-0 {White wins by adjudication}
Started game 260 of 40000 (ref-778c7b0 vs cand-474c288)
Finished game 249 (cand-474c288 vs ref-778c7b0): 0-1 {Black wins by adjudication}
Started game 261 of 40000 (cand-474c288 vs ref-778c7b0)
Finished game 248 (ref-778c7b0 vs cand-474c288): 1/2-1/2 {Draw by insufficient mating material}
Started game 262 of 40000 (ref-778c7b0 vs cand-474c288)
Finished game 258 (ref-778c7b0 vs cand-474c288): 0-1 {Black wins by adjudication}
Started game 263 of 40000 (cand-474c288 vs ref-778c7b0)
Finished game 252 (ref-778c7b0 vs cand-474c288): 1/2-1/2 {Draw by insufficient mating material}
Started game 264 of 40000 (ref-778c7b0 vs cand-474c288)
Finished game 253 (cand-474c288 vs ref-778c7b0): 1-0 {White wins by adjudication}
Started game 265 of 40000 (cand-474c288 vs ref-778c7b0)
Finished game 256 (ref-778c7b0 vs cand-474c288): 1-0 {White wins by adjudication}
Started game 266 of 40000 (ref-778c7b0 vs cand-474c288)
Finished game 261 (cand-474c288 vs ref-778c7b0): 1/2-1/2 {Draw by 3-fold repetition}
Started game 267 of 40000 (cand-474c288 vs ref-778c7b0)
Finished game 257 (cand-474c288 vs ref-778c7b0): 1/2-1/2 {Draw by adjudication}
Started game 268 of 40000 (ref-778c7b0 vs cand-474c288)
Finished game 254 (ref-778c7b0 vs cand-474c288): 1-0 {White wins by adjudication}
Started game 269 of 40000 (cand-474c288 vs ref-778c7b0)
Finished game 260 (ref-778c7b0 vs cand-474c288): 0-1 {Black wins by adjudication}
Started game 270 of 40000 (ref-778c7b0 vs cand-474c288)
Finished game 265 (cand-474c288 vs ref-778c7b0): 1/2-1/2 {Draw by 3-fold repetition}
Started game 271 of 40000 (cand-474c288 vs ref-778c7b0)
Finished game 250 (ref-778c7b0 vs cand-474c288): 1/2-1/2 {Draw by adjudication}
Started game 272 of 40000 (ref-778c7b0 vs cand-474c288)
Finished game 262 (ref-778c7b0 vs cand-474c288): 0-1 {Black wins by adjudication}
Started game 273 of 40000 (cand-474c288 vs ref-778c7b0)
Finished game 263 (cand-474c288 vs ref-778c7b0): 1-0 {White wins by adjudication}
Started game 274 of 40000 (ref-778c7b0 vs cand-474c288)
Finished game 255 (cand-474c288 vs ref-778c7b0): 1/2-1/2 {Draw by fifty moves rule}
Started game 275 of 40000 (cand-474c288 vs ref-778c7b0)
Finished game 264 (ref-778c7b0 vs cand-474c288): 0-1 {Black wins by adjudication}
Started game 276 of 40000 (ref-778c7b0 vs cand-474c288)
Finished game 259 (cand-474c288 vs ref-778c7b0): 1/2-1/2 {Draw by insufficient mating material}
--------------------------------------------------
Results of cand-474c288 vs ref-778c7b0 (8+0.08, 1t, 16MB, noob_3moves.epd):
Elo: 21.08 +/- 31.80, nElo: 27.93 +/- 41.91
LOS: 90.42 %, DrawRatio: 32.58 %, PairsRatio: 1.28
Games: 264, Wins: 86, Losses: 70, Draws: 108, Points: 140.0 (53.03 %)
Ptnml(0-2): [8, 31, 43, 37, 13], WL/DD Ratio: 1.15
LLR: 0.28 (9.4%) (-2.94, 2.94) [0.00, 5.00]
--------------------------------------------------
Started game 277 of 40000 (cand-474c288 vs ref-778c7b0)
Finished game 268 (ref-778c7b0 vs cand-474c288): 0-1 {Black wins by adjudication}
Started game 278 of 40000 (ref-778c7b0 vs cand-474c288)
Finished game 266 (ref-778c7b0 vs cand-474c288): 1-0 {White wins by adjudication}
Started game 279 of 40000 (cand-474c288 vs ref-778c7b0)
Finished game 267 (cand-474c288 vs ref-778c7b0): 1-0 {White wins by adjudication}
Started game 280 of 40000 (ref-778c7b0 vs cand-474c288)
Finished game 270 (ref-778c7b0 vs cand-474c288): 1-0 {White wins by adjudication}
Started game 281 of 40000 (cand-474c288 vs ref-778c7b0)
Finished game 271 (cand-474c288 vs ref-778c7b0): 1/2-1/2 {Draw by adjudication}
Started game 282 of 40000 (ref-778c7b0 vs cand-474c288)
Finished game 274 (ref-778c7b0 vs cand-474c288): 1/2-1/2 {Draw by 3-fold repetition}
Started game 283 of 40000 (cand-474c288 vs ref-778c7b0)
Finished game 276 (ref-778c7b0 vs cand-474c288): 1-0 {White wins by adjudication}
Started game 284 of 40000 (ref-778c7b0 vs cand-474c288)
Finished game 273 (cand-474c288 vs ref-778c7b0): 1/2-1/2 {Draw by adjudication}
Started game 285 of 40000 (cand-474c288 vs ref-778c7b0)
Finished game 275 (cand-474c288 vs ref-778c7b0): 1-0 {White wins by adjudication}
Started game 286 of 40000 (ref-778c7b0 vs cand-474c288)
Finished game 272 (ref-778c7b0 vs cand-474c288): 1/2-1/2 {Draw by insufficient mating material}
Started game 287 of 40000 (cand-474c288 vs ref-778c7b0)
Finished game 279 (cand-474c288 vs ref-778c7b0): 1-0 {White wins by adjudication}
Started game 288 of 40000 (ref-778c7b0 vs cand-474c288)
Finished game 277 (cand-474c288 vs ref-778c7b0): 0-1 {Black wins by adjudication}
Started game 289 of 40000 (cand-474c288 vs ref-778c7b0)
Finished game 269 (cand-474c288 vs ref-778c7b0): 1/2-1/2 {Draw by fifty moves rule}
Started game 290 of 40000 (ref-778c7b0 vs cand-474c288)
Finished game 281 (cand-474c288 vs ref-778c7b0): 1-0 {White wins by adjudication}
Started game 291 of 40000 (cand-474c288 vs ref-778c7b0)
Finished game 280 (ref-778c7b0 vs cand-474c288): 1-0 {White wins by adjudication}
--------------------------------------------------
Results of cand-474c288 vs ref-778c7b0 (8+0.08, 1t, 16MB, noob_3moves.epd):
Elo: 20.02 +/- 30.79, nElo: 26.68 +/- 40.84
LOS: 89.98 %, DrawRatio: 33.81 %, PairsRatio: 1.24
Games: 278, Wins: 90, Losses: 74, Draws: 114, Points: 147.0 (52.88 %)
Ptnml(0-2): [8, 33, 47, 37, 14], WL/DD Ratio: 1.14
LLR: 0.28 (9.4%) (-2.94, 2.94) [0.00, 5.00]
--------------------------------------------------
Started game 292 of 40000 (ref-778c7b0 vs cand-474c288)
Finished game 284 (ref-778c7b0 vs cand-474c288): 1/2-1/2 {Draw by 3-fold repetition}
Started game 293 of 40000 (cand-474c288 vs ref-778c7b0)
Finished game 288 (ref-778c7b0 vs cand-474c288): 1/2-1/2 {Draw by 3-fold repetition}
Started game 294 of 40000 (ref-778c7b0 vs cand-474c288)
Finished game 285 (cand-474c288 vs ref-778c7b0): 1/2-1/2 {Draw by 3-fold repetition}
Started game 295 of 40000 (cand-474c288 vs ref-778c7b0)
Finished game 286 (ref-778c7b0 vs cand-474c288): 0-1 {Black wins by adjudication}
Started game 296 of 40000 (ref-778c7b0 vs cand-474c288)
Finished game 278 (ref-778c7b0 vs cand-474c288): 1/2-1/2 {Draw by fifty moves rule}
Started game 297 of 40000 (cand-474c288 vs ref-778c7b0)
Finished game 287 (cand-474c288 vs ref-778c7b0): 1-0 {White wins by adjudication}
Started game 298 of 40000 (ref-778c7b0 vs cand-474c288)
Finished game 290 (ref-778c7b0 vs cand-474c288): 0-1 {Black wins by adjudication}
Started game 299 of 40000 (cand-474c288 vs ref-778c7b0)
Finished game 282 (ref-778c7b0 vs cand-474c288): 1-0 {White wins by adjudication}
Started game 300 of 40000 (ref-778c7b0 vs cand-474c288)
Finished game 291 (cand-474c288 vs ref-778c7b0): 1-0 {White wins by adjudication}
Started game 301 of 40000 (cand-474c288 vs ref-778c7b0)
Finished game 283 (cand-474c288 vs ref-778c7b0): 1/2-1/2 {Draw by adjudication}
Started game 302 of 40000 (ref-778c7b0 vs cand-474c288)
Finished game 292 (ref-778c7b0 vs cand-474c288): 1/2-1/2 {Draw by 3-fold repetition}
Started game 303 of 40000 (cand-474c288 vs ref-778c7b0)
Finished game 289 (cand-474c288 vs ref-778c7b0): 0-1 {Black wins by adjudication}
Started game 304 of 40000 (ref-778c7b0 vs cand-474c288)
Finished game 293 (cand-474c288 vs ref-778c7b0): 1-0 {White wins by adjudication}
Started game 305 of 40000 (cand-474c288 vs ref-778c7b0)
Finished game 299 (cand-474c288 vs ref-778c7b0): 1-0 {White wins by adjudication}
Started game 306 of 40000 (ref-778c7b0 vs cand-474c288)
Finished game 296 (ref-778c7b0 vs cand-474c288): 1-0 {White wins by adjudication}
Started game 307 of 40000 (cand-474c288 vs ref-778c7b0)
Finished game 298 (ref-778c7b0 vs cand-474c288): 1/2-1/2 {Draw by 3-fold repetition}
Started game 308 of 40000 (ref-778c7b0 vs cand-474c288)
Finished game 295 (cand-474c288 vs ref-778c7b0): 1-0 {White wins by adjudication}
Started game 309 of 40000 (cand-474c288 vs ref-778c7b0)
Finished game 297 (cand-474c288 vs ref-778c7b0): 0-1 {Black wins by adjudication}
Started game 310 of 40000 (ref-778c7b0 vs cand-474c288)
Finished game 300 (ref-778c7b0 vs cand-474c288): 1/2-1/2 {Draw by 3-fold repetition}
--------------------------------------------------
Results of cand-474c288 vs ref-778c7b0 (8+0.08, 1t, 16MB, noob_3moves.epd):
Elo: 21.01 +/- 29.25, nElo: 28.48 +/- 39.45
LOS: 92.15 %, DrawRatio: 34.23 %, PairsRatio: 1.28
Games: 298, Wins: 97, Losses: 79, Draws: 122, Points: 158.0 (53.02 %)
Ptnml(0-2): [8, 35, 51, 41, 14], WL/DD Ratio: 1.22
LLR: 0.32 (10.8%) (-2.94, 2.94) [0.00, 5.00]
--------------------------------------------------
Started game 311 of 40000 (cand-474c288 vs ref-778c7b0)
Finished game 301 (cand-474c288 vs ref-778c7b0): 1-0 {White wins by adjudication}
Started game 312 of 40000 (ref-778c7b0 vs cand-474c288)
Finished game 302 (ref-778c7b0 vs cand-474c288): 0-1 {Black wins by adjudication}
Started game 313 of 40000 (cand-474c288 vs ref-778c7b0)
Finished game 294 (ref-778c7b0 vs cand-474c288): 1/2-1/2 {Draw by insufficient mating material}
Started game 314 of 40000 (ref-778c7b0 vs cand-474c288)
Finished game 303 (cand-474c288 vs ref-778c7b0): 1-0 {White wins by adjudication}
Started game 315 of 40000 (cand-474c288 vs ref-778c7b0)
Finished game 306 (ref-778c7b0 vs cand-474c288): 1/2-1/2 {Draw by 3-fold repetition}
Started game 316 of 40000 (ref-778c7b0 vs cand-474c288)
Finished game 305 (cand-474c288 vs ref-778c7b0): 1-0 {White wins by adjudication}
Started game 317 of 40000 (cand-474c288 vs ref-778c7b0)
Finished game 309 (cand-474c288 vs ref-778c7b0): 1-0 {White wins by adjudication}
Started game 318 of 40000 (ref-778c7b0 vs cand-474c288)
Finished game 310 (ref-778c7b0 vs cand-474c288): 1/2-1/2 {Draw by 3-fold repetition}
Started game 319 of 40000 (cand-474c288 vs ref-778c7b0)
Finished game 304 (ref-778c7b0 vs cand-474c288): 1/2-1/2 {Draw by adjudication}
Started game 320 of 40000 (ref-778c7b0 vs cand-474c288)
Finished game 308 (ref-778c7b0 vs cand-474c288): 1/2-1/2 {Draw by 3-fold repetition}
Started game 321 of 40000 (cand-474c288 vs ref-778c7b0)
Finished game 312 (ref-778c7b0 vs cand-474c288): 1-0 {White wins by adjudication}
Started game 322 of 40000 (ref-778c7b0 vs cand-474c288)
Finished game 311 (cand-474c288 vs ref-778c7b0): 1/2-1/2 {Draw by adjudication}
Started game 323 of 40000 (cand-474c288 vs ref-778c7b0)
Finished game 313 (cand-474c288 vs ref-778c7b0): 1-0 {White wins by adjudication}
Started game 324 of 40000 (ref-778c7b0 vs cand-474c288)
Finished game 318 (ref-778c7b0 vs cand-474c288): 1/2-1/2 {Draw by 3-fold repetition}
Started game 325 of 40000 (cand-474c288 vs ref-778c7b0)
Finished game 307 (cand-474c288 vs ref-778c7b0): 1/2-1/2 {Draw by insufficient mating material}
Started game 326 of 40000 (ref-778c7b0 vs cand-474c288)
Finished game 316 (ref-778c7b0 vs cand-474c288): 1-0 {White wins by adjudication}
Started game 327 of 40000 (cand-474c288 vs ref-778c7b0)
Finished game 321 (cand-474c288 vs ref-778c7b0): 1/2-1/2 {Draw by 3-fold repetition}
Started game 328 of 40000 (ref-778c7b0 vs cand-474c288)
Finished game 314 (ref-778c7b0 vs cand-474c288): 0-1 {Black wins by adjudication}
Started game 329 of 40000 (cand-474c288 vs ref-778c7b0)
Finished game 315 (cand-474c288 vs ref-778c7b0): 0-1 {Black wins by adjudication}
Started game 330 of 40000 (ref-778c7b0 vs cand-474c288)
Finished game 320 (ref-778c7b0 vs cand-474c288): 1/2-1/2 {Draw by insufficient mating material}
Started game 331 of 40000 (cand-474c288 vs ref-778c7b0)
Finished game 319 (cand-474c288 vs ref-778c7b0): 1/2-1/2 {Draw by adjudication}
--------------------------------------------------
Results of cand-474c288 vs ref-778c7b0 (8+0.08, 1t, 16MB, noob_3moves.epd):
Elo: 25.17 +/- 28.76, nElo: 33.62 +/- 38.19
LOS: 95.78 %, DrawRatio: 33.33 %, PairsRatio: 1.36
Games: 318, Wins: 105, Losses: 82, Draws: 131, Points: 170.5 (53.62 %)
Ptnml(0-2): [9, 36, 53, 45, 16], WL/DD Ratio: 1.12
LLR: 0.41 (13.8%) (-2.94, 2.94) [0.00, 5.00]
--------------------------------------------------
Started game 332 of 40000 (ref-778c7b0 vs cand-474c288)
Finished game 323 (cand-474c288 vs ref-778c7b0): 1-0 {White wins by adjudication}
Started game 333 of 40000 (cand-474c288 vs ref-778c7b0)
Finished game 324 (ref-778c7b0 vs cand-474c288): 0-1 {Black wins by adjudication}
Started game 334 of 40000 (ref-778c7b0 vs cand-474c288)
Finished game 322 (ref-778c7b0 vs cand-474c288): 1-0 {White wins by adjudication}
Started game 335 of 40000 (cand-474c288 vs ref-778c7b0)
Finished game 317 (cand-474c288 vs ref-778c7b0): 1/2-1/2 {Draw by fifty moves rule}
Started game 336 of 40000 (ref-778c7b0 vs cand-474c288)
Finished game 326 (ref-778c7b0 vs cand-474c288): 0-1 {Black wins by adjudication}
Started game 337 of 40000 (cand-474c288 vs ref-778c7b0)
Finished game 327 (cand-474c288 vs ref-778c7b0): 1/2-1/2 {Draw by adjudication}
Started game 338 of 40000 (ref-778c7b0 vs cand-474c288)
Finished game 325 (cand-474c288 vs ref-778c7b0): 1-0 {White wins by adjudication}
Started game 339 of 40000 (cand-474c288 vs ref-778c7b0)
Finished game 328 (ref-778c7b0 vs cand-474c288): 1/2-1/2 {Draw by 3-fold repetition}
Started game 340 of 40000 (ref-778c7b0 vs cand-474c288)
Finished game 330 (ref-778c7b0 vs cand-474c288): 0-1 {Black wins by adjudication}
Started game 341 of 40000 (cand-474c288 vs ref-778c7b0)
Finished game 329 (cand-474c288 vs ref-778c7b0): 1-0 {White wins by adjudication}
Started game 342 of 40000 (ref-778c7b0 vs cand-474c288)
Finished game 331 (cand-474c288 vs ref-778c7b0): 1/2-1/2 {Draw by adjudication}
Started game 343 of 40000 (cand-474c288 vs ref-778c7b0)
Finished game 336 (ref-778c7b0 vs cand-474c288): 1/2-1/2 {Draw by 3-fold repetition}
Started game 344 of 40000 (ref-778c7b0 vs cand-474c288)
Finished game 334 (ref-778c7b0 vs cand-474c288): 1-0 {White wins by adjudication}
Started game 345 of 40000 (cand-474c288 vs ref-778c7b0)
Finished game 332 (ref-778c7b0 vs cand-474c288): 1/2-1/2 {Draw by 3-fold repetition}
Started game 346 of 40000 (ref-778c7b0 vs cand-474c288)
Finished game 333 (cand-474c288 vs ref-778c7b0): 0-1 {Black wins by adjudication}
Started game 347 of 40000 (cand-474c288 vs ref-778c7b0)
Finished game 337 (cand-474c288 vs ref-778c7b0): 0-1 {Black wins by adjudication}
Started game 348 of 40000 (ref-778c7b0 vs cand-474c288)
Finished game 338 (ref-778c7b0 vs cand-474c288): 1-0 {White wins by adjudication}
Started game 349 of 40000 (cand-474c288 vs ref-778c7b0)
Finished game 340 (ref-778c7b0 vs cand-474c288): 0-1 {Black wins by adjudication}
Started game 350 of 40000 (ref-778c7b0 vs cand-474c288)
Finished game 341 (cand-474c288 vs ref-778c7b0): 0-1 {Black wins by adjudication}
Started game 351 of 40000 (cand-474c288 vs ref-778c7b0)
Finished game 339 (cand-474c288 vs ref-778c7b0): 1/2-1/2 {Draw by 3-fold repetition}
--------------------------------------------------
Results of cand-474c288 vs ref-778c7b0 (8+0.08, 1t, 16MB, noob_3moves.epd):
Elo: 25.74 +/- 28.66, nElo: 33.47 +/- 37.04
LOS: 96.17 %, DrawRatio: 33.14 %, PairsRatio: 1.35
Games: 338, Wins: 112, Losses: 87, Draws: 139, Points: 181.5 (53.70 %)
Ptnml(0-2): [11, 37, 56, 46, 19], WL/DD Ratio: 1.00
LLR: 0.43 (14.6%) (-2.94, 2.94) [0.00, 5.00]
--------------------------------------------------
Started game 352 of 40000 (ref-778c7b0 vs cand-474c288)
Finished game 344 (ref-778c7b0 vs cand-474c288): 1-0 {White wins by adjudication}
Started game 353 of 40000 (cand-474c288 vs ref-778c7b0)
Finished game 346 (ref-778c7b0 vs cand-474c288): 1-0 {White wins by adjudication}
Started game 354 of 40000 (ref-778c7b0 vs cand-474c288)
Finished game 335 (cand-474c288 vs ref-778c7b0): 1/2-1/2 {Draw by adjudication}
Started game 355 of 40000 (cand-474c288 vs ref-778c7b0)
Finished game 342 (ref-778c7b0 vs cand-474c288): 0-1 {Black wins by adjudication}
Started game 356 of 40000 (ref-778c7b0 vs cand-474c288)
Finished game 345 (cand-474c288 vs ref-778c7b0): 0-1 {Black wins by adjudication}
Started game 357 of 40000 (cand-474c288 vs ref-778c7b0)
Finished game 347 (cand-474c288 vs ref-778c7b0): 1/2-1/2 {Draw by 3-fold repetition}
Started game 358 of 40000 (ref-778c7b0 vs cand-474c288)
Finished game 350 (ref-778c7b0 vs cand-474c288): 0-1 {Black wins by adjudication}
Started game 359 of 40000 (cand-474c288 vs ref-778c7b0)
Finished game 349 (cand-474c288 vs ref-778c7b0): 1-0 {White wins by adjudication}
Started game 360 of 40000 (ref-778c7b0 vs cand-474c288)
Finished game 348 (ref-778c7b0 vs cand-474c288): 0-1 {Black wins by adjudication}
Started game 361 of 40000 (cand-474c288 vs ref-778c7b0)
Finished game 353 (cand-474c288 vs ref-778c7b0): 0-1 {Black wins by adjudication}
Started game 362 of 40000 (ref-778c7b0 vs cand-474c288)
Finished game 355 (cand-474c288 vs ref-778c7b0): 1/2-1/2 {Draw by 3-fold repetition}
Started game 363 of 40000 (cand-474c288 vs ref-778c7b0)
Finished game 343 (cand-474c288 vs ref-778c7b0): 1/2-1/2 {Draw by adjudication}
Started game 364 of 40000 (ref-778c7b0 vs cand-474c288)
Finished game 351 (cand-474c288 vs ref-778c7b0): 1/2-1/2 {Draw by insufficient mating material}
Started game 365 of 40000 (cand-474c288 vs ref-778c7b0)
Finished game 354 (ref-778c7b0 vs cand-474c288): 0-1 {Black wins by adjudication}
Started game 366 of 40000 (ref-778c7b0 vs cand-474c288)
Finished game 352 (ref-778c7b0 vs cand-474c288): 1-0 {White wins by adjudication}
Started game 367 of 40000 (cand-474c288 vs ref-778c7b0)
Finished game 356 (ref-778c7b0 vs cand-474c288): 1-0 {White wins by adjudication}
Started game 368 of 40000 (ref-778c7b0 vs cand-474c288)
Finished game 360 (ref-778c7b0 vs cand-474c288): 1/2-1/2 {Draw by 3-fold repetition}
Started game 369 of 40000 (cand-474c288 vs ref-778c7b0)
Finished game 359 (cand-474c288 vs ref-778c7b0): 0-1 {Black wins by adjudication}
--------------------------------------------------
Results of cand-474c288 vs ref-778c7b0 (8+0.08, 1t, 16MB, noob_3moves.epd):
Elo: 21.38 +/- 27.95, nElo: 27.66 +/- 35.99
LOS: 93.40 %, DrawRatio: 32.96 %, PairsRatio: 1.26
Games: 358, Wins: 117, Losses: 95, Draws: 146, Points: 190.0 (53.07 %)
Ptnml(0-2): [12, 41, 59, 47, 20], WL/DD Ratio: 1.03
LLR: 0.37 (12.6%) (-2.94, 2.94) [0.00, 5.00]
--------------------------------------------------
Started game 370 of 40000 (ref-778c7b0 vs cand-474c288)
Finished game 358 (ref-778c7b0 vs cand-474c288): 1/2-1/2 {Draw by 3-fold repetition}
Started game 371 of 40000 (cand-474c288 vs ref-778c7b0)
Finished game 362 (ref-778c7b0 vs cand-474c288): 0-1 {Black wins by adjudication}
Started game 372 of 40000 (ref-778c7b0 vs cand-474c288)
Finished game 361 (cand-474c288 vs ref-778c7b0): 0-1 {Black wins by adjudication}
Started game 373 of 40000 (cand-474c288 vs ref-778c7b0)
Finished game 357 (cand-474c288 vs ref-778c7b0): 1/2-1/2 {Draw by insufficient mating material}
Started game 374 of 40000 (ref-778c7b0 vs cand-474c288)
Finished game 363 (cand-474c288 vs ref-778c7b0): 0-1 {Black wins by adjudication}
Started game 375 of 40000 (cand-474c288 vs ref-778c7b0)
Finished game 364 (ref-778c7b0 vs cand-474c288): 0-1 {Black wins by adjudication}
Started game 376 of 40000 (ref-778c7b0 vs cand-474c288)
Finished game 371 (cand-474c288 vs ref-778c7b0): 1/2-1/2 {Draw by 3-fold repetition}
Started game 377 of 40000 (cand-474c288 vs ref-778c7b0)
Finished game 367 (cand-474c288 vs ref-778c7b0): 1-0 {White wins by adjudication}
Started game 378 of 40000 (ref-778c7b0 vs cand-474c288)
Finished game 365 (cand-474c288 vs ref-778c7b0): 1-0 {White wins by adjudication}
Started game 379 of 40000 (cand-474c288 vs ref-778c7b0)
Finished game 368 (ref-778c7b0 vs cand-474c288): 0-1 {Black wins by adjudication}
Started game 380 of 40000 (ref-778c7b0 vs cand-474c288)
Finished game 366 (ref-778c7b0 vs cand-474c288): 0-1 {Black wins by adjudication}
Started game 381 of 40000 (cand-474c288 vs ref-778c7b0)
Finished game 370 (ref-778c7b0 vs cand-474c288): 1-0 {White wins by adjudication}
Started game 382 of 40000 (ref-778c7b0 vs cand-474c288)
Finished game 369 (cand-474c288 vs ref-778c7b0): 0-1 {Black wins by adjudication}
Started game 383 of 40000 (cand-474c288 vs ref-778c7b0)
Finished game 373 (cand-474c288 vs ref-778c7b0): 1-0 {White wins by adjudication}
Started game 384 of 40000 (ref-778c7b0 vs cand-474c288)
Finished game 378 (ref-778c7b0 vs cand-474c288): 0-1 {Black wins by adjudication}
Started game 385 of 40000 (cand-474c288 vs ref-778c7b0)
Finished game 374 (ref-778c7b0 vs cand-474c288): 0-1 {Black wins by adjudication}
Started game 386 of 40000 (ref-778c7b0 vs cand-474c288)
Finished game 372 (ref-778c7b0 vs cand-474c288): 1/2-1/2 {Draw by 3-fold repetition}
Started game 387 of 40000 (cand-474c288 vs ref-778c7b0)
Finished game 377 (cand-474c288 vs ref-778c7b0): 1-0 {White wins by adjudication}
Started game 388 of 40000 (ref-778c7b0 vs cand-474c288)
Finished game 375 (cand-474c288 vs ref-778c7b0): 1/2-1/2 {Draw by adjudication}
Started game 389 of 40000 (cand-474c288 vs ref-778c7b0)
Finished game 376 (ref-778c7b0 vs cand-474c288): 1-0 {White wins by adjudication}
Started game 390 of 40000 (ref-778c7b0 vs cand-474c288)
Finished game 379 (cand-474c288 vs ref-778c7b0): 1/2-1/2 {Draw by 3-fold repetition}
Started game 391 of 40000 (cand-474c288 vs ref-778c7b0)
Finished game 380 (ref-778c7b0 vs cand-474c288): 1/2-1/2 {Draw by 3-fold repetition}
--------------------------------------------------
Results of cand-474c288 vs ref-778c7b0 (8+0.08, 1t, 16MB, noob_3moves.epd):
Elo: 24.73 +/- 27.56, nElo: 31.51 +/- 34.93
LOS: 96.15 %, DrawRatio: 33.68 %, PairsRatio: 1.29
Games: 380, Wins: 127, Losses: 100, Draws: 153, Points: 203.5 (53.55 %)
Ptnml(0-2): [13, 42, 64, 47, 24], WL/DD Ratio: 1.00
LLR: 0.45 (15.4%) (-2.94, 2.94) [0.00, 5.00]
--------------------------------------------------
Started game 392 of 40000 (ref-778c7b0 vs cand-474c288)
Finished game 382 (ref-778c7b0 vs cand-474c288): 0-1 {Black wins by adjudication}
Started game 393 of 40000 (cand-474c288 vs ref-778c7b0)
Finished game 383 (cand-474c288 vs ref-778c7b0): 1-0 {White wins by adjudication}
Started game 394 of 40000 (ref-778c7b0 vs cand-474c288)
Finished game 384 (ref-778c7b0 vs cand-474c288): 1-0 {White wins by adjudication}
Started game 395 of 40000 (cand-474c288 vs ref-778c7b0)
Finished game 381 (cand-474c288 vs ref-778c7b0): 0-1 {Black wins by adjudication}
Started game 396 of 40000 (ref-778c7b0 vs cand-474c288)
Finished game 385 (cand-474c288 vs ref-778c7b0): 1/2-1/2 {Draw by 3-fold repetition}
Started game 397 of 40000 (cand-474c288 vs ref-778c7b0)
Finished game 387 (cand-474c288 vs ref-778c7b0): 0-1 {Black wins by adjudication}
Started game 398 of 40000 (ref-778c7b0 vs cand-474c288)
Finished game 388 (ref-778c7b0 vs cand-474c288): 1/2-1/2 {Draw by 3-fold repetition}
Started game 399 of 40000 (cand-474c288 vs ref-778c7b0)
Finished game 386 (ref-778c7b0 vs cand-474c288): 0-1 {Black wins by adjudication}
Started game 400 of 40000 (ref-778c7b0 vs cand-474c288)
Finished game 390 (ref-778c7b0 vs cand-474c288): 1-0 {White wins by adjudication}
Started game 401 of 40000 (cand-474c288 vs ref-778c7b0)
Finished game 391 (cand-474c288 vs ref-778c7b0): 1/2-1/2 {Draw by 3-fold repetition}
Started game 402 of 40000 (ref-778c7b0 vs cand-474c288)
Finished game 396 (ref-778c7b0 vs cand-474c288): 1/2-1/2 {Draw by 3-fold repetition}
Started game 403 of 40000 (cand-474c288 vs ref-778c7b0)
Finished game 393 (cand-474c288 vs ref-778c7b0): 1/2-1/2 {Draw by 3-fold repetition}
Started game 404 of 40000 (ref-778c7b0 vs cand-474c288)
Finished game 389 (cand-474c288 vs ref-778c7b0): 0-1 {Black wins by adjudication}
Started game 405 of 40000 (cand-474c288 vs ref-778c7b0)
Finished game 392 (ref-778c7b0 vs cand-474c288): 1-0 {White wins by adjudication}
Started game 406 of 40000 (ref-778c7b0 vs cand-474c288)
Finished game 401 (cand-474c288 vs ref-778c7b0): 0-1 {Black mates}
Started game 407 of 40000 (cand-474c288 vs ref-778c7b0)
Finished game 399 (cand-474c288 vs ref-778c7b0): 1-0 {White wins by adjudication}
Started game 408 of 40000 (ref-778c7b0 vs cand-474c288)
Finished game 397 (cand-474c288 vs ref-778c7b0): 1-0 {White wins by adjudication}
Started game 409 of 40000 (cand-474c288 vs ref-778c7b0)
Finished game 394 (ref-778c7b0 vs cand-474c288): 0-1 {Black wins by adjudication}
Started game 410 of 40000 (ref-778c7b0 vs cand-474c288)
Finished game 395 (cand-474c288 vs ref-778c7b0): 1/2-1/2 {Draw by 3-fold repetition}
Started game 411 of 40000 (cand-474c288 vs ref-778c7b0)
Finished game 398 (ref-778c7b0 vs cand-474c288): 1-0 {White wins by adjudication}
Started game 412 of 40000 (ref-778c7b0 vs cand-474c288)
Finished game 400 (ref-778c7b0 vs cand-474c288): 1-0 {White wins by adjudication}
--------------------------------------------------
Results of cand-474c288 vs ref-778c7b0 (8+0.08, 1t, 16MB, noob_3moves.epd):
Elo: 21.74 +/- 26.63, nElo: 27.92 +/- 34.05
LOS: 94.60 %, DrawRatio: 34.50 %, PairsRatio: 1.26
Games: 400, Wins: 133, Losses: 108, Draws: 159, Points: 212.5 (53.12 %)
Ptnml(0-2): [14, 44, 69, 49, 24], WL/DD Ratio: 1.09
LLR: 0.42 (14.3%) (-2.94, 2.94) [0.00, 5.00]
--------------------------------------------------
Started game 413 of 40000 (cand-474c288 vs ref-778c7b0)
Finished game 403 (cand-474c288 vs ref-778c7b0): 1-0 {White wins by adjudication}
Started game 414 of 40000 (ref-778c7b0 vs cand-474c288)
Finished game 405 (cand-474c288 vs ref-778c7b0): 1/2-1/2 {Draw by 3-fold repetition}
Started game 415 of 40000 (cand-474c288 vs ref-778c7b0)
Finished game 404 (ref-778c7b0 vs cand-474c288): 1-0 {White wins by adjudication}
Started game 416 of 40000 (ref-778c7b0 vs cand-474c288)
Finished game 410 (ref-778c7b0 vs cand-474c288): 0-1 {Black wins by adjudication}
Started game 417 of 40000 (cand-474c288 vs ref-778c7b0)
Finished game 408 (ref-778c7b0 vs cand-474c288): 0-1 {Black wins by adjudication}
Started game 418 of 40000 (ref-778c7b0 vs cand-474c288)
Finished game 411 (cand-474c288 vs ref-778c7b0): 1/2-1/2 {Draw by adjudication}
Started game 419 of 40000 (cand-474c288 vs ref-778c7b0)
Finished game 402 (ref-778c7b0 vs cand-474c288): 0-1 {Black wins by adjudication}
Started game 420 of 40000 (ref-778c7b0 vs cand-474c288)
Finished game 406 (ref-778c7b0 vs cand-474c288): 0-1 {Black wins by adjudication}
Started game 421 of 40000 (cand-474c288 vs ref-778c7b0)
Finished game 412 (ref-778c7b0 vs cand-474c288): 1-0 {White wins by adjudication}
Started game 422 of 40000 (ref-778c7b0 vs cand-474c288)
Finished game 407 (cand-474c288 vs ref-778c7b0): 0-1 {Black wins by adjudication}
Started game 423 of 40000 (cand-474c288 vs ref-778c7b0)
Finished game 409 (cand-474c288 vs ref-778c7b0): 1/2-1/2 {Draw by adjudication}
Started game 424 of 40000 (ref-778c7b0 vs cand-474c288)
Finished game 413 (cand-474c288 vs ref-778c7b0): 1-0 {White wins by adjudication}
Started game 425 of 40000 (cand-474c288 vs ref-778c7b0)
Finished game 417 (cand-474c288 vs ref-778c7b0): 1/2-1/2 {Draw by 3-fold repetition}
Started game 426 of 40000 (ref-778c7b0 vs cand-474c288)
Finished game 414 (ref-778c7b0 vs cand-474c288): 1-0 {White wins by adjudication}
Started game 427 of 40000 (cand-474c288 vs ref-778c7b0)
Finished game 415 (cand-474c288 vs ref-778c7b0): 0-1 {Black wins by adjudication}
Started game 428 of 40000 (ref-778c7b0 vs cand-474c288)
Finished game 420 (ref-778c7b0 vs cand-474c288): 0-1 {Black wins by adjudication}
Started game 429 of 40000 (cand-474c288 vs ref-778c7b0)
Finished game 416 (ref-778c7b0 vs cand-474c288): 1-0 {White wins by adjudication}
Started game 430 of 40000 (ref-778c7b0 vs cand-474c288)
Finished game 423 (cand-474c288 vs ref-778c7b0): 1/2-1/2 {Draw by 3-fold repetition}
Started game 431 of 40000 (cand-474c288 vs ref-778c7b0)
Finished game 418 (ref-778c7b0 vs cand-474c288): 1/2-1/2 {Draw by insufficient mating material}
Started game 432 of 40000 (ref-778c7b0 vs cand-474c288)
Finished game 426 (ref-778c7b0 vs cand-474c288): 1/2-1/2 {Draw by 3-fold repetition}
Started game 433 of 40000 (cand-474c288 vs ref-778c7b0)
Finished game 422 (ref-778c7b0 vs cand-474c288): 1-0 {White wins by adjudication}
Started game 434 of 40000 (ref-778c7b0 vs cand-474c288)
Finished game 421 (cand-474c288 vs ref-778c7b0): 1-0 {White wins by adjudication}
Started game 435 of 40000 (cand-474c288 vs ref-778c7b0)
Finished game 424 (ref-778c7b0 vs cand-474c288): 1/2-1/2 {Draw by adjudication}
Started game 436 of 40000 (ref-778c7b0 vs cand-474c288)
Finished game 425 (cand-474c288 vs ref-778c7b0): 1-0 {White wins by adjudication}
Started game 437 of 40000 (cand-474c288 vs ref-778c7b0)
Finished game 419 (cand-474c288 vs ref-778c7b0): 1/2-1/2 {Draw by 3-fold repetition}
--------------------------------------------------
Results of cand-474c288 vs ref-778c7b0 (8+0.08, 1t, 16MB, noob_3moves.epd):
Elo: 21.23 +/- 25.46, nElo: 27.63 +/- 32.99
LOS: 94.97 %, DrawRatio: 35.68 %, PairsRatio: 1.28
Games: 426, Wins: 142, Losses: 116, Draws: 168, Points: 226.0 (53.05 %)
Ptnml(0-2): [15, 45, 76, 53, 24], WL/DD Ratio: 1.17
LLR: 0.44 (15.0%) (-2.94, 2.94) [0.00, 5.00]
--------------------------------------------------
Started game 438 of 40000 (ref-778c7b0 vs cand-474c288)
Finished game 427 (cand-474c288 vs ref-778c7b0): 1-0 {White wins by adjudication}
Started game 439 of 40000 (cand-474c288 vs ref-778c7b0)
Finished game 429 (cand-474c288 vs ref-778c7b0): 0-1 {Black wins by adjudication}
Started game 440 of 40000 (ref-778c7b0 vs cand-474c288)
Finished game 433 (cand-474c288 vs ref-778c7b0): 0-1 {Black wins by adjudication}
Started game 441 of 40000 (cand-474c288 vs ref-778c7b0)
Finished game 431 (cand-474c288 vs ref-778c7b0): 1-0 {White wins by adjudication}
Started game 442 of 40000 (ref-778c7b0 vs cand-474c288)
Finished game 432 (ref-778c7b0 vs cand-474c288): 1/2-1/2 {Draw by 3-fold repetition}
Started game 443 of 40000 (cand-474c288 vs ref-778c7b0)
Finished game 437 (cand-474c288 vs ref-778c7b0): 1/2-1/2 {Draw by 3-fold repetition}
Started game 444 of 40000 (ref-778c7b0 vs cand-474c288)
Finished game 434 (ref-778c7b0 vs cand-474c288): 1/2-1/2 {Draw by 3-fold repetition}
Started game 445 of 40000 (cand-474c288 vs ref-778c7b0)
Finished game 428 (ref-778c7b0 vs cand-474c288): 1/2-1/2 {Draw by adjudication}
Started game 446 of 40000 (ref-778c7b0 vs cand-474c288)
Finished game 436 (ref-778c7b0 vs cand-474c288): 1-0 {White wins by adjudication}
Started game 447 of 40000 (cand-474c288 vs ref-778c7b0)
Finished game 438 (ref-778c7b0 vs cand-474c288): 1-0 {White wins by adjudication}
Started game 448 of 40000 (ref-778c7b0 vs cand-474c288)
Finished game 430 (ref-778c7b0 vs cand-474c288): 1/2-1/2 {Draw by adjudication}
Started game 449 of 40000 (cand-474c288 vs ref-778c7b0)
Finished game 435 (cand-474c288 vs ref-778c7b0): 1/2-1/2 {Draw by 3-fold repetition}
Started game 450 of 40000 (ref-778c7b0 vs cand-474c288)
Finished game 440 (ref-778c7b0 vs cand-474c288): 1-0 {White wins by adjudication}
Started game 451 of 40000 (cand-474c288 vs ref-778c7b0)
Finished game 446 (ref-778c7b0 vs cand-474c288): 0-1 {Black wins by adjudication}
Started game 452 of 40000 (ref-778c7b0 vs cand-474c288)
Finished game 444 (ref-778c7b0 vs cand-474c288): 1/2-1/2 {Draw by adjudication}
Started game 453 of 40000 (cand-474c288 vs ref-778c7b0)
Finished game 441 (cand-474c288 vs ref-778c7b0): 0-1 {Black wins by adjudication}
Started game 454 of 40000 (ref-778c7b0 vs cand-474c288)
Finished game 439 (cand-474c288 vs ref-778c7b0): 1/2-1/2 {Draw by adjudication}
--------------------------------------------------
Results of cand-474c288 vs ref-778c7b0 (8+0.08, 1t, 16MB, noob_3moves.epd):
Elo: 18.18 +/- 25.00, nElo: 23.69 +/- 32.46
LOS: 92.37 %, DrawRatio: 34.55 %, PairsRatio: 1.22
Games: 440, Wins: 144, Losses: 121, Draws: 175, Points: 231.5 (52.61 %)
Ptnml(0-2): [15, 50, 76, 55, 24], WL/DD Ratio: 1.17
LLR: 0.39 (13.1%) (-2.94, 2.94) [0.00, 5.00]
--------------------------------------------------
Started game 455 of 40000 (cand-474c288 vs ref-778c7b0)
Finished game 445 (cand-474c288 vs ref-778c7b0): 0-1 {Black wins by adjudication}
Started game 456 of 40000 (ref-778c7b0 vs cand-474c288)
Finished game 447 (cand-474c288 vs ref-778c7b0): 0-1 {Black wins by adjudication}
Started game 457 of 40000 (cand-474c288 vs ref-778c7b0)
Finished game 443 (cand-474c288 vs ref-778c7b0): 0-1 {Black wins by adjudication}
Started game 458 of 40000 (ref-778c7b0 vs cand-474c288)
Finished game 448 (ref-778c7b0 vs cand-474c288): 0-1 {Black wins by adjudication}
Started game 459 of 40000 (cand-474c288 vs ref-778c7b0)
Finished game 442 (ref-778c7b0 vs cand-474c288): 1/2-1/2 {Draw by 3-fold repetition}
Started game 460 of 40000 (ref-778c7b0 vs cand-474c288)
Finished game 451 (cand-474c288 vs ref-778c7b0): 0-1 {Black wins by adjudication}
Started game 461 of 40000 (cand-474c288 vs ref-778c7b0)
Finished game 450 (ref-778c7b0 vs cand-474c288): 1-0 {White wins by adjudication}
Started game 462 of 40000 (ref-778c7b0 vs cand-474c288)
Finished game 453 (cand-474c288 vs ref-778c7b0): 1/2-1/2 {Draw by 3-fold repetition}
Started game 463 of 40000 (cand-474c288 vs ref-778c7b0)
Finished game 457 (cand-474c288 vs ref-778c7b0): 1-0 {White wins by adjudication}
Started game 464 of 40000 (ref-778c7b0 vs cand-474c288)
Finished game 455 (cand-474c288 vs ref-778c7b0): 1-0 {White wins by adjudication}
Started game 465 of 40000 (cand-474c288 vs ref-778c7b0)
Finished game 458 (ref-778c7b0 vs cand-474c288): 1-0 {White wins by adjudication}
Started game 466 of 40000 (ref-778c7b0 vs cand-474c288)
Finished game 456 (ref-778c7b0 vs cand-474c288): 0-1 {Black wins by adjudication}
Started game 467 of 40000 (cand-474c288 vs ref-778c7b0)
Finished game 452 (ref-778c7b0 vs cand-474c288): 0-1 {Black wins by adjudication}
Started game 468 of 40000 (ref-778c7b0 vs cand-474c288)
Finished game 449 (cand-474c288 vs ref-778c7b0): 1/2-1/2 {Draw by insufficient mating material}
Started game 469 of 40000 (cand-474c288 vs ref-778c7b0)
Finished game 454 (ref-778c7b0 vs cand-474c288): 0-1 {Black wins by adjudication}
Started game 470 of 40000 (ref-778c7b0 vs cand-474c288)
Finished game 459 (cand-474c288 vs ref-778c7b0): 1-0 {White wins by adjudication}
Started game 471 of 40000 (cand-474c288 vs ref-778c7b0)
Finished game 460 (ref-778c7b0 vs cand-474c288): 1-0 {White wins by adjudication}
--------------------------------------------------
Results of cand-474c288 vs ref-778c7b0 (8+0.08, 1t, 16MB, noob_3moves.epd):
Elo: 17.39 +/- 24.28, nElo: 22.81 +/- 31.75
LOS: 92.05 %, DrawRatio: 35.22 %, PairsRatio: 1.19
Games: 460, Wins: 152, Losses: 129, Draws: 179, Points: 241.5 (52.50 %)
Ptnml(0-2): [15, 53, 81, 56, 25], WL/DD Ratio: 1.31
LLR: 0.39 (13.1%) (-2.94, 2.94) [0.00, 5.00]
--------------------------------------------------
Started game 472 of 40000 (ref-778c7b0 vs cand-474c288)
Finished game 463 (cand-474c288 vs ref-778c7b0): 1-0 {White wins by adjudication}
Started game 473 of 40000 (cand-474c288 vs ref-778c7b0)
Finished game 468 (ref-778c7b0 vs cand-474c288): 0-1 {Black wins by adjudication}
Started game 474 of 40000 (ref-778c7b0 vs cand-474c288)
Finished game 462 (ref-778c7b0 vs cand-474c288): 0-1 {Black wins by adjudication}
Started game 475 of 40000 (cand-474c288 vs ref-778c7b0)
Finished game 470 (ref-778c7b0 vs cand-474c288): 1/2-1/2 {Draw by 3-fold repetition}
Started game 476 of 40000 (ref-778c7b0 vs cand-474c288)
Finished game 466 (ref-778c7b0 vs cand-474c288): 0-1 {Black wins by adjudication}
Started game 477 of 40000 (cand-474c288 vs ref-778c7b0)
Finished game 464 (ref-778c7b0 vs cand-474c288): 0-1 {Black wins by adjudication}
Started game 478 of 40000 (ref-778c7b0 vs cand-474c288)
Finished game 465 (cand-474c288 vs ref-778c7b0): 0-1 {Black wins by adjudication}
Started game 479 of 40000 (cand-474c288 vs ref-778c7b0)
Finished game 461 (cand-474c288 vs ref-778c7b0): 1/2-1/2 {Draw by adjudication}
Started game 480 of 40000 (ref-778c7b0 vs cand-474c288)
Finished game 467 (cand-474c288 vs ref-778c7b0): 1/2-1/2 {Draw by fifty moves rule}
Started game 481 of 40000 (cand-474c288 vs ref-778c7b0)
Finished game 471 (cand-474c288 vs ref-778c7b0): 1-0 {White wins by adjudication}
Started game 482 of 40000 (ref-778c7b0 vs cand-474c288)
Finished game 469 (cand-474c288 vs ref-778c7b0): 1/2-1/2 {Draw by insufficient mating material}
Started game 483 of 40000 (cand-474c288 vs ref-778c7b0)
Finished game 476 (ref-778c7b0 vs cand-474c288): 1/2-1/2 {Draw by 3-fold repetition}
Started game 484 of 40000 (ref-778c7b0 vs cand-474c288)
Finished game 474 (ref-778c7b0 vs cand-474c288): 0-1 {Black wins by adjudication}
Started game 485 of 40000 (cand-474c288 vs ref-778c7b0)
Finished game 472 (ref-778c7b0 vs cand-474c288): 0-1 {Black wins by adjudication}
Started game 486 of 40000 (ref-778c7b0 vs cand-474c288)
Finished game 473 (cand-474c288 vs ref-778c7b0): 1/2-1/2 {Draw by insufficient mating material}
Started game 487 of 40000 (cand-474c288 vs ref-778c7b0)
Finished game 478 (ref-778c7b0 vs cand-474c288): 1/2-1/2 {Draw by insufficient mating material}
Started game 488 of 40000 (ref-778c7b0 vs cand-474c288)
Finished game 477 (cand-474c288 vs ref-778c7b0): 0-1 {Black wins by adjudication}
Started game 489 of 40000 (cand-474c288 vs ref-778c7b0)
Finished game 479 (cand-474c288 vs ref-778c7b0): 1-0 {White wins by adjudication}
Started game 490 of 40000 (ref-778c7b0 vs cand-474c288)
Finished game 481 (cand-474c288 vs ref-778c7b0): 0-1 {Black wins by adjudication}
Started game 491 of 40000 (cand-474c288 vs ref-778c7b0)
Finished game 480 (ref-778c7b0 vs cand-474c288): 0-1 {Black wins by adjudication}
--------------------------------------------------
Results of cand-474c288 vs ref-778c7b0 (8+0.08, 1t, 16MB, noob_3moves.epd):
Elo: 22.56 +/- 24.02, nElo: 29.39 +/- 31.15
LOS: 96.78 %, DrawRatio: 34.73 %, PairsRatio: 1.26
Games: 478, Wins: 162, Losses: 131, Draws: 185, Points: 254.5 (53.24 %)
Ptnml(0-2): [15, 54, 83, 59, 28], WL/DD Ratio: 1.31
LLR: 0.53 (18.0%) (-2.94, 2.94) [0.00, 5.00]
--------------------------------------------------
Started game 492 of 40000 (ref-778c7b0 vs cand-474c288)
Finished game 475 (cand-474c288 vs ref-778c7b0): 0-1 {Black wins by adjudication}
Started game 493 of 40000 (cand-474c288 vs ref-778c7b0)
Finished game 482 (ref-778c7b0 vs cand-474c288): 1/2-1/2 {Draw by 3-fold repetition}
Started game 494 of 40000 (ref-778c7b0 vs cand-474c288)
Finished game 486 (ref-778c7b0 vs cand-474c288): 1-0 {White wins by adjudication}
Started game 495 of 40000 (cand-474c288 vs ref-778c7b0)
Finished game 484 (ref-778c7b0 vs cand-474c288): 1/2-1/2 {Draw by 3-fold repetition}
Started game 496 of 40000 (ref-778c7b0 vs cand-474c288)
Finished game 485 (cand-474c288 vs ref-778c7b0): 1/2-1/2 {Draw by adjudication}
Started game 497 of 40000 (cand-474c288 vs ref-778c7b0)
Finished game 488 (ref-778c7b0 vs cand-474c288): 0-1 {Black wins by adjudication}
Started game 498 of 40000 (ref-778c7b0 vs cand-474c288)
Finished game 483 (cand-474c288 vs ref-778c7b0): 0-1 {Black wins by adjudication}
Started game 499 of 40000 (cand-474c288 vs ref-778c7b0)
Finished game 489 (cand-474c288 vs ref-778c7b0): 0-1 {Black wins by adjudication}
Started game 500 of 40000 (ref-778c7b0 vs cand-474c288)
Finished game 490 (ref-778c7b0 vs cand-474c288): 1/2-1/2 {Draw by 3-fold repetition}
Started game 501 of 40000 (cand-474c288 vs ref-778c7b0)
Finished game 491 (cand-474c288 vs ref-778c7b0): 1/2-1/2 {Draw by 3-fold repetition}
Started game 502 of 40000 (ref-778c7b0 vs cand-474c288)
Finished game 494 (ref-778c7b0 vs cand-474c288): 1-0 {White wins by adjudication}
Started game 503 of 40000 (cand-474c288 vs ref-778c7b0)
Finished game 492 (ref-778c7b0 vs cand-474c288): 0-1 {Black wins by adjudication}
Started game 504 of 40000 (ref-778c7b0 vs cand-474c288)
Finished game 493 (cand-474c288 vs ref-778c7b0): 0-1 {Black wins by adjudication}
Started game 505 of 40000 (cand-474c288 vs ref-778c7b0)
Finished game 487 (cand-474c288 vs ref-778c7b0): 1/2-1/2 {Draw by insufficient mating material}
Started game 506 of 40000 (ref-778c7b0 vs cand-474c288)
Finished game 501 (cand-474c288 vs ref-778c7b0): 1/2-1/2 {Draw by 3-fold repetition}
Started game 507 of 40000 (cand-474c288 vs ref-778c7b0)
Finished game 497 (cand-474c288 vs ref-778c7b0): 0-1 {Black wins by adjudication}
Started game 508 of 40000 (ref-778c7b0 vs cand-474c288)
Finished game 495 (cand-474c288 vs ref-778c7b0): 0-1 {Black wins by adjudication}
Started game 509 of 40000 (cand-474c288 vs ref-778c7b0)
Finished game 498 (ref-778c7b0 vs cand-474c288): 1-0 {White wins by adjudication}
Started game 510 of 40000 (ref-778c7b0 vs cand-474c288)
Finished game 500 (ref-778c7b0 vs cand-474c288): 1/2-1/2 {Draw by adjudication}
Started game 511 of 40000 (cand-474c288 vs ref-778c7b0)
Finished game 499 (cand-474c288 vs ref-778c7b0): 1/2-1/2 {Draw by insufficient mating material}
--------------------------------------------------
Results of cand-474c288 vs ref-778c7b0 (8+0.08, 1t, 16MB, noob_3moves.epd):
Elo: 16.76 +/- 23.68, nElo: 21.66 +/- 30.51
LOS: 91.79 %, DrawRatio: 33.73 %, PairsRatio: 1.17
Games: 498, Wins: 164, Losses: 140, Draws: 194, Points: 261.0 (52.41 %)
Ptnml(0-2): [17, 59, 84, 61, 28], WL/DD Ratio: 1.27
LLR: 0.39 (13.4%) (-2.94, 2.94) [0.00, 5.00]
--------------------------------------------------
Started game 512 of 40000 (ref-778c7b0 vs cand-474c288)
Finished game 502 (ref-778c7b0 vs cand-474c288): 0-1 {Black wins by adjudication}
Started game 513 of 40000 (cand-474c288 vs ref-778c7b0)
Finished game 503 (cand-474c288 vs ref-778c7b0): 1-0 {White wins by adjudication}
Started game 514 of 40000 (ref-778c7b0 vs cand-474c288)
Finished game 504 (ref-778c7b0 vs cand-474c288): 1-0 {White wins by adjudication}
Started game 515 of 40000 (cand-474c288 vs ref-778c7b0)
Finished game 505 (cand-474c288 vs ref-778c7b0): 0-1 {Black wins by adjudication}
Started game 516 of 40000 (ref-778c7b0 vs cand-474c288)
Finished game 506 (ref-778c7b0 vs cand-474c288): 0-1 {Black wins by adjudication}
Started game 517 of 40000 (cand-474c288 vs ref-778c7b0)
Finished game 496 (ref-778c7b0 vs cand-474c288): 1/2-1/2 {Draw by fifty moves rule}
Started game 518 of 40000 (ref-778c7b0 vs cand-474c288)
Finished game 507 (cand-474c288 vs ref-778c7b0): 1/2-1/2 {Draw by 3-fold repetition}
Started game 519 of 40000 (cand-474c288 vs ref-778c7b0)
Finished game 510 (ref-778c7b0 vs cand-474c288): 0-1 {Black wins by adjudication}
Started game 520 of 40000 (ref-778c7b0 vs cand-474c288)
Finished game 508 (ref-778c7b0 vs cand-474c288): 1/2-1/2 {Draw by adjudication}
Started game 521 of 40000 (cand-474c288 vs ref-778c7b0)
Finished game 511 (cand-474c288 vs ref-778c7b0): 0-1 {Black wins by adjudication}
Started game 522 of 40000 (ref-778c7b0 vs cand-474c288)
Finished game 509 (cand-474c288 vs ref-778c7b0): 1/2-1/2 {Draw by insufficient mating material}
Started game 523 of 40000 (cand-474c288 vs ref-778c7b0)
Finished game 513 (cand-474c288 vs ref-778c7b0): 1-0 {White wins by adjudication}
Started game 524 of 40000 (ref-778c7b0 vs cand-474c288)
Finished game 512 (ref-778c7b0 vs cand-474c288): 1/2-1/2 {Draw by 3-fold repetition}
Started game 525 of 40000 (cand-474c288 vs ref-778c7b0)
Finished game 514 (ref-778c7b0 vs cand-474c288): 0-1 {Black wins by adjudication}
Started game 526 of 40000 (ref-778c7b0 vs cand-474c288)
Finished game 515 (cand-474c288 vs ref-778c7b0): 1-0 {White wins by adjudication}
Started game 527 of 40000 (cand-474c288 vs ref-778c7b0)
Finished game 519 (cand-474c288 vs ref-778c7b0): 0-1 {Black wins by adjudication}
Started game 528 of 40000 (ref-778c7b0 vs cand-474c288)
Finished game 518 (ref-778c7b0 vs cand-474c288): 0-1 {Black wins by adjudication}
Started game 529 of 40000 (cand-474c288 vs ref-778c7b0)
Finished game 517 (cand-474c288 vs ref-778c7b0): 1-0 {White wins by adjudication}
Started game 530 of 40000 (ref-778c7b0 vs cand-474c288)
Finished game 516 (ref-778c7b0 vs cand-474c288): 0-1 {Black wins by adjudication}
Started game 531 of 40000 (cand-474c288 vs ref-778c7b0)
Finished game 523 (cand-474c288 vs ref-778c7b0): 1-0 {White wins by adjudication}
Started game 532 of 40000 (ref-778c7b0 vs cand-474c288)
Finished game 521 (cand-474c288 vs ref-778c7b0): 1/2-1/2 {Draw by 3-fold repetition}
Started game 533 of 40000 (cand-474c288 vs ref-778c7b0)
Finished game 526 (ref-778c7b0 vs cand-474c288): 0-1 {Black wins by adjudication}
Started game 534 of 40000 (ref-778c7b0 vs cand-474c288)
Finished game 527 (cand-474c288 vs ref-778c7b0): 0-1 {Black wins by adjudication}
Started game 535 of 40000 (cand-474c288 vs ref-778c7b0)
Finished game 524 (ref-778c7b0 vs cand-474c288): 1/2-1/2 {Draw by 3-fold repetition}
Started game 536 of 40000 (ref-778c7b0 vs cand-474c288)
Finished game 520 (ref-778c7b0 vs cand-474c288): 0-1 {Black wins by adjudication}
--------------------------------------------------
Results of cand-474c288 vs ref-778c7b0 (8+0.08, 1t, 16MB, noob_3moves.epd):
Elo: 20.66 +/- 23.21, nElo: 26.63 +/- 29.80
LOS: 96.01 %, DrawRatio: 33.72 %, PairsRatio: 1.22
Games: 522, Wins: 176, Losses: 145, Draws: 201, Points: 276.5 (52.97 %)
Ptnml(0-2): [17, 61, 88, 64, 31], WL/DD Ratio: 1.32
LLR: 0.52 (17.7%) (-2.94, 2.94) [0.00, 5.00]
--------------------------------------------------
Started game 537 of 40000 (cand-474c288 vs ref-778c7b0)
Finished game 522 (ref-778c7b0 vs cand-474c288): 0-1 {Black wins by adjudication}
Started game 538 of 40000 (ref-778c7b0 vs cand-474c288)
Finished game 529 (cand-474c288 vs ref-778c7b0): 0-1 {Black wins by adjudication}
Started game 539 of 40000 (cand-474c288 vs ref-778c7b0)
Finished game 528 (ref-778c7b0 vs cand-474c288): 1/2-1/2 {Draw by 3-fold repetition}
Started game 540 of 40000 (ref-778c7b0 vs cand-474c288)
Finished game 530 (ref-778c7b0 vs cand-474c288): 0-1 {Black wins by adjudication}
Started game 541 of 40000 (cand-474c288 vs ref-778c7b0)
Finished game 525 (cand-474c288 vs ref-778c7b0): 1/2-1/2 {Draw by fifty moves rule}
Started game 542 of 40000 (ref-778c7b0 vs cand-474c288)
Finished game 536 (ref-778c7b0 vs cand-474c288): 1-0 {White wins by adjudication}
Started game 543 of 40000 (cand-474c288 vs ref-778c7b0)
Finished game 531 (cand-474c288 vs ref-778c7b0): 0-1 {Black wins by adjudication}
Started game 544 of 40000 (ref-778c7b0 vs cand-474c288)
Finished game 533 (cand-474c288 vs ref-778c7b0): 0-1 {Black wins by adjudication}
Started game 545 of 40000 (cand-474c288 vs ref-778c7b0)
Finished game 532 (ref-778c7b0 vs cand-474c288): 1/2-1/2 {Draw by adjudication}
Started game 546 of 40000 (ref-778c7b0 vs cand-474c288)
Finished game 535 (cand-474c288 vs ref-778c7b0): 1-0 {White wins by adjudication}
Started game 547 of 40000 (cand-474c288 vs ref-778c7b0)
Finished game 534 (ref-778c7b0 vs cand-474c288): 1/2-1/2 {Draw by 3-fold repetition}
Started game 548 of 40000 (ref-778c7b0 vs cand-474c288)
Finished game 538 (ref-778c7b0 vs cand-474c288): 1-0 {White wins by adjudication}
Started game 549 of 40000 (cand-474c288 vs ref-778c7b0)
Finished game 541 (cand-474c288 vs ref-778c7b0): 1-0 {White wins by adjudication}
Started game 550 of 40000 (ref-778c7b0 vs cand-474c288)
Finished game 537 (cand-474c288 vs ref-778c7b0): 1-0 {White wins by adjudication}
Started game 551 of 40000 (cand-474c288 vs ref-778c7b0)
Finished game 539 (cand-474c288 vs ref-778c7b0): 1/2-1/2 {Draw by insufficient mating material}
Started game 552 of 40000 (ref-778c7b0 vs cand-474c288)
Finished game 544 (ref-778c7b0 vs cand-474c288): 0-1 {Black wins by adjudication}
Started game 553 of 40000 (cand-474c288 vs ref-778c7b0)
Finished game 543 (cand-474c288 vs ref-778c7b0): 1-0 {White wins by adjudication}
Started game 554 of 40000 (ref-778c7b0 vs cand-474c288)
Finished game 540 (ref-778c7b0 vs cand-474c288): 1-0 {White wins by adjudication}
--------------------------------------------------
Results of cand-474c288 vs ref-778c7b0 (8+0.08, 1t, 16MB, noob_3moves.epd):
Elo: 19.89 +/- 22.70, nElo: 25.72 +/- 29.25
LOS: 95.76 %, DrawRatio: 33.58 %, PairsRatio: 1.20
Games: 542, Wins: 183, Losses: 152, Draws: 207, Points: 286.5 (52.86 %)
Ptnml(0-2): [17, 65, 91, 66, 32], WL/DD Ratio: 1.39
LLR: 0.52 (17.7%) (-2.94, 2.94) [0.00, 5.00]
--------------------------------------------------
Started game 555 of 40000 (cand-474c288 vs ref-778c7b0)
Finished game 542 (ref-778c7b0 vs cand-474c288): 1/2-1/2 {Draw by 3-fold repetition}
Started game 556 of 40000 (ref-778c7b0 vs cand-474c288)
Finished game 545 (cand-474c288 vs ref-778c7b0): 1-0 {White wins by adjudication}
Started game 557 of 40000 (cand-474c288 vs ref-778c7b0)
Finished game 549 (cand-474c288 vs ref-778c7b0): 1/2-1/2 {Draw by 3-fold repetition}
Started game 558 of 40000 (ref-778c7b0 vs cand-474c288)
Finished game 550 (ref-778c7b0 vs cand-474c288): 0-1 {Black wins by adjudication}
Started game 559 of 40000 (cand-474c288 vs ref-778c7b0)
Finished game 548 (ref-778c7b0 vs cand-474c288): 0-1 {Black wins by adjudication}
Started game 560 of 40000 (ref-778c7b0 vs cand-474c288)
Finished game 546 (ref-778c7b0 vs cand-474c288): 1/2-1/2 {Draw by 3-fold repetition}
Started game 561 of 40000 (cand-474c288 vs ref-778c7b0)
Finished game 547 (cand-474c288 vs ref-778c7b0): 1/2-1/2 {Draw by adjudication}
Started game 562 of 40000 (ref-778c7b0 vs cand-474c288)
Finished game 552 (ref-778c7b0 vs cand-474c288): 0-1 {Black wins by adjudication}
Started game 563 of 40000 (cand-474c288 vs ref-778c7b0)
Finished game 554 (ref-778c7b0 vs cand-474c288): 1/2-1/2 {Draw by 3-fold repetition}
Started game 564 of 40000 (ref-778c7b0 vs cand-474c288)
Finished game 551 (cand-474c288 vs ref-778c7b0): 0-1 {Black wins by adjudication}
Started game 565 of 40000 (cand-474c288 vs ref-778c7b0)
Finished game 555 (cand-474c288 vs ref-778c7b0): 1-0 {White wins by adjudication}
Started game 566 of 40000 (ref-778c7b0 vs cand-474c288)
Finished game 559 (cand-474c288 vs ref-778c7b0): 0-1 {Black wins by adjudication}
Started game 567 of 40000 (cand-474c288 vs ref-778c7b0)
Finished game 557 (cand-474c288 vs ref-778c7b0): 0-1 {Black wins by adjudication}
Started game 568 of 40000 (ref-778c7b0 vs cand-474c288)
Finished game 562 (ref-778c7b0 vs cand-474c288): 1/2-1/2 {Draw by 3-fold repetition}
Started game 569 of 40000 (cand-474c288 vs ref-778c7b0)
Finished game 556 (ref-778c7b0 vs cand-474c288): 1/2-1/2 {Draw by adjudication}
Started game 570 of 40000 (ref-778c7b0 vs cand-474c288)
Finished game 561 (cand-474c288 vs ref-778c7b0): 0-1 {Black wins by adjudication}
Started game 571 of 40000 (cand-474c288 vs ref-778c7b0)
Finished game 553 (cand-474c288 vs ref-778c7b0): 1/2-1/2 {Draw by fifty moves rule}
Started game 572 of 40000 (ref-778c7b0 vs cand-474c288)
Finished game 566 (ref-778c7b0 vs cand-474c288): 0-1 {Black wins by adjudication}
Started game 573 of 40000 (cand-474c288 vs ref-778c7b0)
Finished game 563 (cand-474c288 vs ref-778c7b0): 1/2-1/2 {Draw by 3-fold repetition}
Started game 574 of 40000 (ref-778c7b0 vs cand-474c288)
Finished game 558 (ref-778c7b0 vs cand-474c288): 1/2-1/2 {Draw by insufficient mating material}
Started game 575 of 40000 (cand-474c288 vs ref-778c7b0)
Finished game 570 (ref-778c7b0 vs cand-474c288): 1-0 {White wins by adjudication}
Started game 576 of 40000 (ref-778c7b0 vs cand-474c288)
Finished game 569 (cand-474c288 vs ref-778c7b0): 1-0 {White wins by adjudication}
Started game 577 of 40000 (cand-474c288 vs ref-778c7b0)
Finished game 568 (ref-778c7b0 vs cand-474c288): 0-1 {Black wins by adjudication}
Started game 578 of 40000 (ref-778c7b0 vs cand-474c288)
Finished game 564 (ref-778c7b0 vs cand-474c288): 1/2-1/2 {Draw by insufficient mating material}
Started game 579 of 40000 (cand-474c288 vs ref-778c7b0)
Finished game 560 (ref-778c7b0 vs cand-474c288): 1-0 {White wins by adjudication}
--------------------------------------------------
Results of cand-474c288 vs ref-778c7b0 (8+0.08, 1t, 16MB, noob_3moves.epd):
Elo: 19.66 +/- 22.10, nElo: 25.56 +/- 28.62
LOS: 95.99 %, DrawRatio: 33.57 %, PairsRatio: 1.21
Games: 566, Wins: 190, Losses: 158, Draws: 218, Points: 299.0 (52.83 %)
Ptnml(0-2): [18, 67, 95, 71, 32], WL/DD Ratio: 1.38
LLR: 0.54 (18.3%) (-2.94, 2.94) [0.00, 5.00]
--------------------------------------------------
Started game 580 of 40000 (ref-778c7b0 vs cand-474c288)
Finished game 565 (cand-474c288 vs ref-778c7b0): 1/2-1/2 {Draw by adjudication}
Started game 581 of 40000 (cand-474c288 vs ref-778c7b0)
Finished game 571 (cand-474c288 vs ref-778c7b0): 0-1 {Black wins by adjudication}
Started game 582 of 40000 (ref-778c7b0 vs cand-474c288)
Finished game 567 (cand-474c288 vs ref-778c7b0): 0-1 {Black wins by adjudication}
Started game 583 of 40000 (cand-474c288 vs ref-778c7b0)
Finished game 572 (ref-778c7b0 vs cand-474c288): 1-0 {White wins by adjudication}
Started game 584 of 40000 (ref-778c7b0 vs cand-474c288)
Finished game 578 (ref-778c7b0 vs cand-474c288): 1/2-1/2 {Draw by 3-fold repetition}
Started game 585 of 40000 (cand-474c288 vs ref-778c7b0)
Finished game 574 (ref-778c7b0 vs cand-474c288): 1/2-1/2 {Draw by 3-fold repetition}
Started game 586 of 40000 (ref-778c7b0 vs cand-474c288)
Finished game 573 (cand-474c288 vs ref-778c7b0): 0-1 {Black wins by adjudication}
Started game 587 of 40000 (cand-474c288 vs ref-778c7b0)
Finished game 575 (cand-474c288 vs ref-778c7b0): 0-1 {Black wins by adjudication}
Started game 588 of 40000 (ref-778c7b0 vs cand-474c288)
Finished game 579 (cand-474c288 vs ref-778c7b0): 0-1 {Black wins by adjudication}
Started game 589 of 40000 (cand-474c288 vs ref-778c7b0)
Finished game 587 (cand-474c288 vs ref-778c7b0): 1/2-1/2 {Draw by 3-fold repetition}
Started game 590 of 40000 (ref-778c7b0 vs cand-474c288)
Finished game 581 (cand-474c288 vs ref-778c7b0): 1-0 {White wins by adjudication}
Started game 591 of 40000 (cand-474c288 vs ref-778c7b0)
Finished game 582 (ref-778c7b0 vs cand-474c288): 1-0 {White wins by adjudication}
Started game 592 of 40000 (ref-778c7b0 vs cand-474c288)
Finished game 577 (cand-474c288 vs ref-778c7b0): 1/2-1/2 {Draw by 3-fold repetition}
Started game 593 of 40000 (cand-474c288 vs ref-778c7b0)
Finished game 580 (ref-778c7b0 vs cand-474c288): 1/2-1/2 {Draw by 3-fold repetition}
--------------------------------------------------
Results of cand-474c288 vs ref-778c7b0 (8+0.08, 1t, 16MB, noob_3moves.epd):
Elo: 17.39 +/- 21.80, nElo: 22.62 +/- 28.28
LOS: 94.15 %, DrawRatio: 33.79 %, PairsRatio: 1.18
Games: 580, Wins: 193, Losses: 164, Draws: 223, Points: 304.5 (52.50 %)
Ptnml(0-2): [19, 69, 98, 72, 32], WL/DD Ratio: 1.39
LLR: 0.48 (16.4%) (-2.94, 2.94) [0.00, 5.00]
--------------------------------------------------
Started game 594 of 40000 (ref-778c7b0 vs cand-474c288)
Finished game 576 (ref-778c7b0 vs cand-474c288): 0-1 {Black wins by adjudication}
Started game 595 of 40000 (cand-474c288 vs ref-778c7b0)
Finished game 585 (cand-474c288 vs ref-778c7b0): 1-0 {White wins by adjudication}
Started game 596 of 40000 (ref-778c7b0 vs cand-474c288)
Finished game 590 (ref-778c7b0 vs cand-474c288): 0-1 {Black wins by adjudication}
Started game 597 of 40000 (cand-474c288 vs ref-778c7b0)
Finished game 586 (ref-778c7b0 vs cand-474c288): 1/2-1/2 {Draw by insufficient mating material}
Started game 598 of 40000 (ref-778c7b0 vs cand-474c288)
Finished game 584 (ref-778c7b0 vs cand-474c288): 1-0 {White wins by adjudication}
Started game 599 of 40000 (cand-474c288 vs ref-778c7b0)
Finished game 592 (ref-778c7b0 vs cand-474c288): 1/2-1/2 {Draw by 3-fold repetition}
Started game 600 of 40000 (ref-778c7b0 vs cand-474c288)
Finished game 588 (ref-778c7b0 vs cand-474c288): 1/2-1/2 {Draw by 3-fold repetition}
Started game 601 of 40000 (cand-474c288 vs ref-778c7b0)
Finished game 583 (cand-474c288 vs ref-778c7b0): 1/2-1/2 {Draw by fifty moves rule}
Started game 602 of 40000 (ref-778c7b0 vs cand-474c288)
Finished game 589 (cand-474c288 vs ref-778c7b0): 1-0 {White wins by adjudication}
Started game 603 of 40000 (cand-474c288 vs ref-778c7b0)
Finished game 591 (cand-474c288 vs ref-778c7b0): 1/2-1/2 {Draw by 3-fold repetition}
Started game 604 of 40000 (ref-778c7b0 vs cand-474c288)
Finished game 593 (cand-474c288 vs ref-778c7b0): 1-0 {White wins by adjudication}
Started game 605 of 40000 (cand-474c288 vs ref-778c7b0)
Finished game 594 (ref-778c7b0 vs cand-474c288): 0-1 {Black wins by adjudication}
Started game 606 of 40000 (ref-778c7b0 vs cand-474c288)
Finished game 603 (cand-474c288 vs ref-778c7b0): 0-1 {Black wins by adjudication}
Started game 607 of 40000 (cand-474c288 vs ref-778c7b0)
Finished game 600 (ref-778c7b0 vs cand-474c288): 1/2-1/2 {Draw by 3-fold repetition}
Started game 608 of 40000 (ref-778c7b0 vs cand-474c288)
Finished game 598 (ref-778c7b0 vs cand-474c288): 1-0 {White wins by adjudication}
Started game 609 of 40000 (cand-474c288 vs ref-778c7b0)
Finished game 602 (ref-778c7b0 vs cand-474c288): 1/2-1/2 {Draw by 3-fold repetition}
Started game 610 of 40000 (ref-778c7b0 vs cand-474c288)
Finished game 597 (cand-474c288 vs ref-778c7b0): 1-0 {White wins by adjudication}
Started game 611 of 40000 (cand-474c288 vs ref-778c7b0)
Finished game 595 (cand-474c288 vs ref-778c7b0): 0-1 {Black wins by adjudication}
Started game 612 of 40000 (ref-778c7b0 vs cand-474c288)
Finished game 596 (ref-778c7b0 vs cand-474c288): 1/2-1/2 {Draw by adjudication}
Started game 613 of 40000 (cand-474c288 vs ref-778c7b0)
Finished game 605 (cand-474c288 vs ref-778c7b0): 0-1 {Black wins by adjudication}
Started game 614 of 40000 (ref-778c7b0 vs cand-474c288)
Finished game 599 (cand-474c288 vs ref-778c7b0): 1/2-1/2 {Draw by insufficient mating material}
--------------------------------------------------
Results of cand-474c288 vs ref-778c7b0 (8+0.08, 1t, 16MB, noob_3moves.epd):
Elo: 18.55 +/- 21.40, nElo: 24.17 +/- 27.80
LOS: 95.58 %, DrawRatio: 34.33 %, PairsRatio: 1.19
Games: 600, Wins: 200, Losses: 168, Draws: 232, Points: 316.0 (52.67 %)
Ptnml(0-2): [19, 71, 103, 73, 34], WL/DD Ratio: 1.34
LLR: 0.54 (18.3%) (-2.94, 2.94) [0.00, 5.00]
--------------------------------------------------
Started game 615 of 40000 (cand-474c288 vs ref-778c7b0)
Finished game 601 (cand-474c288 vs ref-778c7b0): 0-1 {Black wins by adjudication}
Started game 616 of 40000 (ref-778c7b0 vs cand-474c288)
Finished game 606 (ref-778c7b0 vs cand-474c288): 1/2-1/2 {Draw by 3-fold repetition}
Started game 617 of 40000 (cand-474c288 vs ref-778c7b0)
Finished game 609 (cand-474c288 vs ref-778c7b0): 1-0 {White wins by adjudication}
Started game 618 of 40000 (ref-778c7b0 vs cand-474c288)
Finished game 613 (cand-474c288 vs ref-778c7b0): 1/2-1/2 {Draw by 3-fold repetition}
Started game 619 of 40000 (cand-474c288 vs ref-778c7b0)
Finished game 608 (ref-778c7b0 vs cand-474c288): 0-1 {Black wins by adjudication}
Started game 620 of 40000 (ref-778c7b0 vs cand-474c288)
Finished game 607 (cand-474c288 vs ref-778c7b0): 1-0 {White wins by adjudication}
Started game 621 of 40000 (cand-474c288 vs ref-778c7b0)
Finished game 604 (ref-778c7b0 vs cand-474c288): 1/2-1/2 {Draw by fifty moves rule}
Started game 622 of 40000 (ref-778c7b0 vs cand-474c288)
Finished game 612 (ref-778c7b0 vs cand-474c288): 0-1 {Black wins by adjudication}
Started game 623 of 40000 (cand-474c288 vs ref-778c7b0)
Finished game 611 (cand-474c288 vs ref-778c7b0): 1/2-1/2 {Draw by insufficient mating material}
Started game 624 of 40000 (ref-778c7b0 vs cand-474c288)
Finished game 614 (ref-778c7b0 vs cand-474c288): 1/2-1/2 {Draw by 3-fold repetition}
Started game 625 of 40000 (cand-474c288 vs ref-778c7b0)
Finished game 615 (cand-474c288 vs ref-778c7b0): 1/2-1/2 {Draw by insufficient mating material}
Started game 626 of 40000 (ref-778c7b0 vs cand-474c288)
Finished game 610 (ref-778c7b0 vs cand-474c288): 1/2-1/2 {Draw by insufficient mating material}
Started game 627 of 40000 (cand-474c288 vs ref-778c7b0)
Finished game 616 (ref-778c7b0 vs cand-474c288): 0-1 {Black wins by adjudication}
Started game 628 of 40000 (ref-778c7b0 vs cand-474c288)
Finished game 620 (ref-778c7b0 vs cand-474c288): 0-1 {Black wins by adjudication}
Started game 629 of 40000 (cand-474c288 vs ref-778c7b0)
Finished game 621 (cand-474c288 vs ref-778c7b0): 1/2-1/2 {Draw by 3-fold repetition}
Started game 630 of 40000 (ref-778c7b0 vs cand-474c288)
Finished game 618 (ref-778c7b0 vs cand-474c288): 1/2-1/2 {Draw by 3-fold repetition}
Started game 631 of 40000 (cand-474c288 vs ref-778c7b0)
Finished game 622 (ref-778c7b0 vs cand-474c288): 1/2-1/2 {Draw by 3-fold repetition}
Started game 632 of 40000 (ref-778c7b0 vs cand-474c288)
Finished game 619 (cand-474c288 vs ref-778c7b0): 1/2-1/2 {Draw by insufficient mating material}
--------------------------------------------------
Results of cand-474c288 vs ref-778c7b0 (8+0.08, 1t, 16MB, noob_3moves.epd):
Elo: 19.63 +/- 21.02, nElo: 25.63 +/- 27.35
LOS: 96.69 %, DrawRatio: 33.87 %, PairsRatio: 1.20
Games: 620, Wins: 206, Losses: 171, Draws: 243, Points: 327.5 (52.82 %)
Ptnml(0-2): [19, 74, 105, 77, 35], WL/DD Ratio: 1.28
LLR: 0.59 (20.2%) (-2.94, 2.94) [0.00, 5.00]
--------------------------------------------------
Started game 633 of 40000 (cand-474c288 vs ref-778c7b0)
Finished game 624 (ref-778c7b0 vs cand-474c288): 0-1 {Black wins by adjudication}
Started game 634 of 40000 (ref-778c7b0 vs cand-474c288)
Finished game 617 (cand-474c288 vs ref-778c7b0): 1/2-1/2 {Draw by adjudication}
Started game 635 of 40000 (cand-474c288 vs ref-778c7b0)
Finished game 623 (cand-474c288 vs ref-778c7b0): 1/2-1/2 {Draw by adjudication}
Started game 636 of 40000 (ref-778c7b0 vs cand-474c288)
Finished game 626 (ref-778c7b0 vs cand-474c288): 0-1 {Black wins by adjudication}
Started game 637 of 40000 (cand-474c288 vs ref-778c7b0)
Finished game 625 (cand-474c288 vs ref-778c7b0): 1-0 {White wins by adjudication}
Started game 638 of 40000 (ref-778c7b0 vs cand-474c288)
Finished game 627 (cand-474c288 vs ref-778c7b0): 0-1 {Black wins by adjudication}
Started game 639 of 40000 (cand-474c288 vs ref-778c7b0)
Finished game 628 (ref-778c7b0 vs cand-474c288): 1-0 {White wins by adjudication}
Started game 640 of 40000 (ref-778c7b0 vs cand-474c288)
Finished game 629 (cand-474c288 vs ref-778c7b0): 1-0 {White wins by adjudication}
Started game 641 of 40000 (cand-474c288 vs ref-778c7b0)
Finished game 630 (ref-778c7b0 vs cand-474c288): 0-1 {Black wins by adjudication}
Started game 642 of 40000 (ref-778c7b0 vs cand-474c288)
Finished game 635 (cand-474c288 vs ref-778c7b0): 0-1 {Black wins by adjudication}
Started game 643 of 40000 (cand-474c288 vs ref-778c7b0)
Finished game 633 (cand-474c288 vs ref-778c7b0): 0-1 {Black wins by adjudication}
Started game 644 of 40000 (ref-778c7b0 vs cand-474c288)
Finished game 636 (ref-778c7b0 vs cand-474c288): 1-0 {White wins by adjudication}
Started game 645 of 40000 (cand-474c288 vs ref-778c7b0)
Finished game 632 (ref-778c7b0 vs cand-474c288): 1-0 {White wins by adjudication}
Started game 646 of 40000 (ref-778c7b0 vs cand-474c288)
Finished game 634 (ref-778c7b0 vs cand-474c288): 1-0 {White wins by adjudication}
Started game 647 of 40000 (cand-474c288 vs ref-778c7b0)
Finished game 631 (cand-474c288 vs ref-778c7b0): 1/2-1/2 {Draw by adjudication}
Started game 648 of 40000 (ref-778c7b0 vs cand-474c288)
Finished game 638 (ref-778c7b0 vs cand-474c288): 1-0 {White wins by adjudication}
Started game 649 of 40000 (cand-474c288 vs ref-778c7b0)
Finished game 641 (cand-474c288 vs ref-778c7b0): 1-0 {White wins by adjudication}
Started game 650 of 40000 (ref-778c7b0 vs cand-474c288)
Finished game 639 (cand-474c288 vs ref-778c7b0): 1/2-1/2 {Draw by 3-fold repetition}
Started game 651 of 40000 (cand-474c288 vs ref-778c7b0)
Finished game 645 (cand-474c288 vs ref-778c7b0): 1-0 {White wins by adjudication}
Started game 652 of 40000 (ref-778c7b0 vs cand-474c288)
Finished game 637 (cand-474c288 vs ref-778c7b0): 1/2-1/2 {Draw by adjudication}
Started game 653 of 40000 (cand-474c288 vs ref-778c7b0)
Finished game 646 (ref-778c7b0 vs cand-474c288): 1-0 {White wins by adjudication}
Started game 654 of 40000 (ref-778c7b0 vs cand-474c288)
Finished game 642 (ref-778c7b0 vs cand-474c288): 1/2-1/2 {Draw by adjudication}
Started game 655 of 40000 (cand-474c288 vs ref-778c7b0)
Finished game 647 (cand-474c288 vs ref-778c7b0): 1-0 {White wins by adjudication}
Started game 656 of 40000 (ref-778c7b0 vs cand-474c288)
Finished game 644 (ref-778c7b0 vs cand-474c288): 1/2-1/2 {Draw by 3-fold repetition}
Started game 657 of 40000 (cand-474c288 vs ref-778c7b0)
Finished game 640 (ref-778c7b0 vs cand-474c288): 1-0 {White wins by adjudication}
--------------------------------------------------
Results of cand-474c288 vs ref-778c7b0 (8+0.08, 1t, 16MB, noob_3moves.epd):
Elo: 17.28 +/- 20.93, nElo: 22.22 +/- 26.83
LOS: 94.77 %, DrawRatio: 33.23 %, PairsRatio: 1.17
Games: 644, Wins: 213, Losses: 181, Draws: 250, Points: 338.0 (52.48 %)
Ptnml(0-2): [22, 77, 107, 79, 37], WL/DD Ratio: 1.28
LLR: 0.53 (17.9%) (-2.94, 2.94) [0.00, 5.00]
--------------------------------------------------
Started game 658 of 40000 (ref-778c7b0 vs cand-474c288)
Finished game 643 (cand-474c288 vs ref-778c7b0): 1/2-1/2 {Draw by insufficient mating material}
Started game 659 of 40000 (cand-474c288 vs ref-778c7b0)
Finished game 649 (cand-474c288 vs ref-778c7b0): 1-0 {White wins by adjudication}
Started game 660 of 40000 (ref-778c7b0 vs cand-474c288)
Finished game 648 (ref-778c7b0 vs cand-474c288): 1-0 {White wins by adjudication}
Started game 661 of 40000 (cand-474c288 vs ref-778c7b0)
Finished game 652 (ref-778c7b0 vs cand-474c288): 1-0 {White wins by adjudication}
Started game 662 of 40000 (ref-778c7b0 vs cand-474c288)
Finished game 650 (ref-778c7b0 vs cand-474c288): 0-1 {Black wins by adjudication}
Started game 663 of 40000 (cand-474c288 vs ref-778c7b0)
Finished game 653 (cand-474c288 vs ref-778c7b0): 1-0 {White wins by adjudication}
Started game 664 of 40000 (ref-778c7b0 vs cand-474c288)
Finished game 651 (cand-474c288 vs ref-778c7b0): 0-1 {Black wins by adjudication}
Started game 665 of 40000 (cand-474c288 vs ref-778c7b0)
Finished game 656 (ref-778c7b0 vs cand-474c288): 1-0 {White wins by adjudication}
Started game 666 of 40000 (ref-778c7b0 vs cand-474c288)
Finished game 657 (cand-474c288 vs ref-778c7b0): 0-1 {Black wins by adjudication}
Started game 667 of 40000 (cand-474c288 vs ref-778c7b0)
Finished game 659 (cand-474c288 vs ref-778c7b0): 1-0 {White wins by adjudication}
Started game 668 of 40000 (ref-778c7b0 vs cand-474c288)
Finished game 655 (cand-474c288 vs ref-778c7b0): 0-1 {Black wins by adjudication}
Started game 669 of 40000 (cand-474c288 vs ref-778c7b0)
Finished game 658 (ref-778c7b0 vs cand-474c288): 0-1 {Black wins by adjudication}
Started game 670 of 40000 (ref-778c7b0 vs cand-474c288)
Finished game 660 (ref-778c7b0 vs cand-474c288): 1-0 {White wins by adjudication}
--------------------------------------------------
Results of cand-474c288 vs ref-778c7b0 (8+0.08, 1t, 16MB, noob_3moves.epd):
Elo: 15.85 +/- 20.80, nElo: 20.28 +/- 26.55
LOS: 93.29 %, DrawRatio: 33.74 %, PairsRatio: 1.16
Games: 658, Wins: 218, Losses: 188, Draws: 252, Points: 344.0 (52.28 %)
Ptnml(0-2): [24, 77, 111, 79, 38], WL/DD Ratio: 1.31
LLR: 0.48 (16.5%) (-2.94, 2.94) [0.00, 5.00]
--------------------------------------------------
Started game 671 of 40000 (cand-474c288 vs ref-778c7b0)
Finished game 654 (ref-778c7b0 vs cand-474c288): 0-1 {Black wins by adjudication}
Started game 672 of 40000 (ref-778c7b0 vs cand-474c288)
Finished game 661 (cand-474c288 vs ref-778c7b0): 0-1 {Black wins by adjudication}
Started game 673 of 40000 (cand-474c288 vs ref-778c7b0)
Finished game 662 (ref-778c7b0 vs cand-474c288): 1-0 {White wins by adjudication}
Started game 674 of 40000 (ref-778c7b0 vs cand-474c288)
Finished game 667 (cand-474c288 vs ref-778c7b0): 1-0 {White wins by adjudication}
Started game 675 of 40000 (cand-474c288 vs ref-778c7b0)
Finished game 664 (ref-778c7b0 vs cand-474c288): 1/2-1/2 {Draw by 3-fold repetition}
Started game 676 of 40000 (ref-778c7b0 vs cand-474c288)
Finished game 666 (ref-778c7b0 vs cand-474c288): 1-0 {White wins by adjudication}
Started game 677 of 40000 (cand-474c288 vs ref-778c7b0)
Finished game 671 (cand-474c288 vs ref-778c7b0): 1/2-1/2 {Draw by adjudication}
Started game 678 of 40000 (ref-778c7b0 vs cand-474c288)
Finished game 669 (cand-474c288 vs ref-778c7b0): 1-0 {White wins by adjudication}
Started game 679 of 40000 (cand-474c288 vs ref-778c7b0)
Finished game 668 (ref-778c7b0 vs cand-474c288): 1-0 {White wins by adjudication}
Started game 680 of 40000 (ref-778c7b0 vs cand-474c288)
Finished game 665 (cand-474c288 vs ref-778c7b0): 1-0 {White wins by adjudication}
Started game 681 of 40000 (cand-474c288 vs ref-778c7b0)
Finished game 672 (ref-778c7b0 vs cand-474c288): 0-1 {Black wins by adjudication}
Started game 682 of 40000 (ref-778c7b0 vs cand-474c288)
Finished game 663 (cand-474c288 vs ref-778c7b0): 1/2-1/2 {Draw by insufficient mating material}
Started game 683 of 40000 (cand-474c288 vs ref-778c7b0)
Finished game 670 (ref-778c7b0 vs cand-474c288): 0-1 {Black wins by adjudication}
Started game 684 of 40000 (ref-778c7b0 vs cand-474c288)
Finished game 681 (cand-474c288 vs ref-778c7b0): 1/2-1/2 {Draw by 3-fold repetition}
Started game 685 of 40000 (cand-474c288 vs ref-778c7b0)
Finished game 674 (ref-778c7b0 vs cand-474c288): 0-1 {Black wins by adjudication}
Started game 686 of 40000 (ref-778c7b0 vs cand-474c288)
Finished game 673 (cand-474c288 vs ref-778c7b0): 1/2-1/2 {Draw by 3-fold repetition}
Started game 687 of 40000 (cand-474c288 vs ref-778c7b0)
Finished game 678 (ref-778c7b0 vs cand-474c288): 0-1 {Black wins by adjudication}
Started game 688 of 40000 (ref-778c7b0 vs cand-474c288)
Finished game 677 (cand-474c288 vs ref-778c7b0): 1-0 {White wins by adjudication}
Started game 689 of 40000 (cand-474c288 vs ref-778c7b0)
Finished game 675 (cand-474c288 vs ref-778c7b0): 0-1 {Black wins by adjudication}
Started game 690 of 40000 (ref-778c7b0 vs cand-474c288)
Finished game 676 (ref-778c7b0 vs cand-474c288): 1/2-1/2 {Draw by 3-fold repetition}
Started game 691 of 40000 (cand-474c288 vs ref-778c7b0)
Finished game 680 (ref-778c7b0 vs cand-474c288): 1/2-1/2 {Draw by 3-fold repetition}
Started game 692 of 40000 (ref-778c7b0 vs cand-474c288)
Finished game 683 (cand-474c288 vs ref-778c7b0): 1/2-1/2 {Draw by insufficient mating material}
Started game 693 of 40000 (cand-474c288 vs ref-778c7b0)
Finished game 684 (ref-778c7b0 vs cand-474c288): 1/2-1/2 {Draw by 3-fold repetition}
Started game 694 of 40000 (ref-778c7b0 vs cand-474c288)
Finished game 685 (cand-474c288 vs ref-778c7b0): 1-0 {White wins by adjudication}
Started game 695 of 40000 (cand-474c288 vs ref-778c7b0)
Finished game 682 (ref-778c7b0 vs cand-474c288): 1/2-1/2 {Draw by adjudication}
Started game 696 of 40000 (ref-778c7b0 vs cand-474c288)
Finished game 691 (cand-474c288 vs ref-778c7b0): 1-0 {White wins by adjudication}
Started game 697 of 40000 (cand-474c288 vs ref-778c7b0)
Finished game 686 (ref-778c7b0 vs cand-474c288): 0-1 {Black wins by adjudication}
Started game 698 of 40000 (ref-778c7b0 vs cand-474c288)
Finished game 679 (cand-474c288 vs ref-778c7b0): 1/2-1/2 {Draw by adjudication}
--------------------------------------------------
Results of cand-474c288 vs ref-778c7b0 (8+0.08, 1t, 16MB, noob_3moves.epd):
Elo: 18.76 +/- 20.50, nElo: 23.86 +/- 26.00
LOS: 96.40 %, DrawRatio: 34.11 %, PairsRatio: 1.19
Games: 686, Wins: 230, Losses: 193, Draws: 263, Points: 361.5 (52.70 %)
Ptnml(0-2): [25, 78, 117, 81, 42], WL/DD Ratio: 1.25
LLR: 0.61 (20.6%) (-2.94, 2.94) [0.00, 5.00]
--------------------------------------------------
Started game 699 of 40000 (cand-474c288 vs ref-778c7b0)
Finished game 689 (cand-474c288 vs ref-778c7b0): 1/2-1/2 {Draw by 3-fold repetition}
Started game 700 of 40000 (ref-778c7b0 vs cand-474c288)
Finished game 687 (cand-474c288 vs ref-778c7b0): 1-0 {White wins by adjudication}
Started game 701 of 40000 (cand-474c288 vs ref-778c7b0)
Finished game 690 (ref-778c7b0 vs cand-474c288): 0-1 {Black wins by adjudication}
Started game 702 of 40000 (ref-778c7b0 vs cand-474c288)
Finished game 693 (cand-474c288 vs ref-778c7b0): 1-0 {White wins by adjudication}
Started game 703 of 40000 (cand-474c288 vs ref-778c7b0)
Finished game 694 (ref-778c7b0 vs cand-474c288): 1/2-1/2 {Draw by adjudication}
Started game 704 of 40000 (ref-778c7b0 vs cand-474c288)
Finished game 692 (ref-778c7b0 vs cand-474c288): 0-1 {Black wins by adjudication}
Started game 705 of 40000 (cand-474c288 vs ref-778c7b0)
Finished game 695 (cand-474c288 vs ref-778c7b0): 1-0 {White wins by adjudication}
Started game 706 of 40000 (ref-778c7b0 vs cand-474c288)
Finished game 688 (ref-778c7b0 vs cand-474c288): 1/2-1/2 {Draw by fifty moves rule}
Started game 707 of 40000 (cand-474c288 vs ref-778c7b0)
Finished game 697 (cand-474c288 vs ref-778c7b0): 1/2-1/2 {Draw by adjudication}
Started game 708 of 40000 (ref-778c7b0 vs cand-474c288)
Finished game 696 (ref-778c7b0 vs cand-474c288): 1/2-1/2 {Draw by 3-fold repetition}
Started game 709 of 40000 (cand-474c288 vs ref-778c7b0)
Finished game 700 (ref-778c7b0 vs cand-474c288): 1-0 {White wins by adjudication}
Started game 710 of 40000 (ref-778c7b0 vs cand-474c288)
Finished game 698 (ref-778c7b0 vs cand-474c288): 1/2-1/2 {Draw by 3-fold repetition}
Started game 711 of 40000 (cand-474c288 vs ref-778c7b0)
Finished game 701 (cand-474c288 vs ref-778c7b0): 1/2-1/2 {Draw by adjudication}
Started game 712 of 40000 (ref-778c7b0 vs cand-474c288)
Finished game 702 (ref-778c7b0 vs cand-474c288): 0-1 {Black wins by adjudication}
Started game 713 of 40000 (cand-474c288 vs ref-778c7b0)
Finished game 705 (cand-474c288 vs ref-778c7b0): 1-0 {White wins by adjudication}
Started game 714 of 40000 (ref-778c7b0 vs cand-474c288)
Finished game 699 (cand-474c288 vs ref-778c7b0): 1/2-1/2 {Draw by adjudication}
--------------------------------------------------
Results of cand-474c288 vs ref-778c7b0 (8+0.08, 1t, 16MB, noob_3moves.epd):
Elo: 21.31 +/- 20.25, nElo: 27.14 +/- 25.70
LOS: 98.07 %, DrawRatio: 33.62 %, PairsRatio: 1.24
Games: 702, Wins: 237, Losses: 194, Draws: 271, Points: 372.5 (53.06 %)
Ptnml(0-2): [25, 79, 118, 86, 43], WL/DD Ratio: 1.23
LLR: 0.71 (24.3%) (-2.94, 2.94) [0.00, 5.00]
--------------------------------------------------
Started game 715 of 40000 (cand-474c288 vs ref-778c7b0)
Finished game 703 (cand-474c288 vs ref-778c7b0): 1/2-1/2 {Draw by 3-fold repetition}
Started game 716 of 40000 (ref-778c7b0 vs cand-474c288)
Finished game 710 (ref-778c7b0 vs cand-474c288): 1/2-1/2 {Draw by 3-fold repetition}
Started game 717 of 40000 (cand-474c288 vs ref-778c7b0)
Finished game 704 (ref-778c7b0 vs cand-474c288): 1/2-1/2 {Draw by adjudication}
Started game 718 of 40000 (ref-778c7b0 vs cand-474c288)
Finished game 706 (ref-778c7b0 vs cand-474c288): 0-1 {Black wins by adjudication}
Started game 719 of 40000 (cand-474c288 vs ref-778c7b0)
Finished game 709 (cand-474c288 vs ref-778c7b0): 1/2-1/2 {Draw by 3-fold repetition}
Started game 720 of 40000 (ref-778c7b0 vs cand-474c288)
Finished game 707 (cand-474c288 vs ref-778c7b0): 1/2-1/2 {Draw by insufficient mating material}
Started game 721 of 40000 (cand-474c288 vs ref-778c7b0)
Finished game 711 (cand-474c288 vs ref-778c7b0): 1-0 {White wins by adjudication}
Started game 722 of 40000 (ref-778c7b0 vs cand-474c288)
Finished game 708 (ref-778c7b0 vs cand-474c288): 1/2-1/2 {Draw by 3-fold repetition}
Started game 723 of 40000 (cand-474c288 vs ref-778c7b0)
Finished game 713 (cand-474c288 vs ref-778c7b0): 1/2-1/2 {Draw by insufficient mating material}
Started game 724 of 40000 (ref-778c7b0 vs cand-474c288)
Finished game 714 (ref-778c7b0 vs cand-474c288): 1-0 {White wins by adjudication}
Started game 725 of 40000 (cand-474c288 vs ref-778c7b0)
Finished game 716 (ref-778c7b0 vs cand-474c288): 0-1 {Black wins by adjudication}
Started game 726 of 40000 (ref-778c7b0 vs cand-474c288)
Finished game 717 (cand-474c288 vs ref-778c7b0): 0-1 {Black wins by adjudication}
Started game 727 of 40000 (cand-474c288 vs ref-778c7b0)
Finished game 719 (cand-474c288 vs ref-778c7b0): 1-0 {White wins by adjudication}
Started game 728 of 40000 (ref-778c7b0 vs cand-474c288)
Finished game 712 (ref-778c7b0 vs cand-474c288): 0-1 {Black wins by adjudication}
Started game 729 of 40000 (cand-474c288 vs ref-778c7b0)
Finished game 718 (ref-778c7b0 vs cand-474c288): 0-1 {Black wins by adjudication}
Started game 730 of 40000 (ref-778c7b0 vs cand-474c288)
Finished game 721 (cand-474c288 vs ref-778c7b0): 1-0 {White wins by adjudication}
Started game 731 of 40000 (cand-474c288 vs ref-778c7b0)
Finished game 715 (cand-474c288 vs ref-778c7b0): 1/2-1/2 {Draw by 3-fold repetition}
Started game 732 of 40000 (ref-778c7b0 vs cand-474c288)
Finished game 720 (ref-778c7b0 vs cand-474c288): 1-0 {White wins by adjudication}
--------------------------------------------------
Results of cand-474c288 vs ref-778c7b0 (8+0.08, 1t, 16MB, noob_3moves.epd):
Elo: 22.71 +/- 19.97, nElo: 28.98 +/- 25.38
LOS: 98.74 %, DrawRatio: 34.17 %, PairsRatio: 1.26
Games: 720, Wins: 244, Losses: 197, Draws: 279, Points: 383.5 (53.26 %)
Ptnml(0-2): [25, 80, 123, 87, 45], WL/DD Ratio: 1.20
LLR: 0.79 (26.7%) (-2.94, 2.94) [0.00, 5.00]
--------------------------------------------------
Started game 733 of 40000 (cand-474c288 vs ref-778c7b0)
Finished game 724 (ref-778c7b0 vs cand-474c288): 0-1 {Black wins by adjudication}
Started game 734 of 40000 (ref-778c7b0 vs cand-474c288)
Finished game 723 (cand-474c288 vs ref-778c7b0): 1/2-1/2 {Draw by 3-fold repetition}
Started game 735 of 40000 (cand-474c288 vs ref-778c7b0)
Finished game 722 (ref-778c7b0 vs cand-474c288): 1-0 {White wins by adjudication}
Started game 736 of 40000 (ref-778c7b0 vs cand-474c288)
Finished game 725 (cand-474c288 vs ref-778c7b0): 0-1 {Black wins by adjudication}
Started game 737 of 40000 (cand-474c288 vs ref-778c7b0)
Finished game 726 (ref-778c7b0 vs cand-474c288): 1/2-1/2 {Draw by adjudication}
Started game 738 of 40000 (ref-778c7b0 vs cand-474c288)
Finished game 728 (ref-778c7b0 vs cand-474c288): 1-0 {White wins by adjudication}
Started game 739 of 40000 (cand-474c288 vs ref-778c7b0)
Finished game 727 (cand-474c288 vs ref-778c7b0): 0-1 {Black wins by adjudication}
Started game 740 of 40000 (ref-778c7b0 vs cand-474c288)
Finished game 731 (cand-474c288 vs ref-778c7b0): 1-0 {White wins by adjudication}
Started game 741 of 40000 (cand-474c288 vs ref-778c7b0)
Finished game 735 (cand-474c288 vs ref-778c7b0): 0-1 {Black wins by adjudication}
Started game 742 of 40000 (ref-778c7b0 vs cand-474c288)
Finished game 730 (ref-778c7b0 vs cand-474c288): 1/2-1/2 {Draw by 3-fold repetition}
Started game 743 of 40000 (cand-474c288 vs ref-778c7b0)
Finished game 733 (cand-474c288 vs ref-778c7b0): 1/2-1/2 {Draw by insufficient mating material}
Started game 744 of 40000 (ref-778c7b0 vs cand-474c288)
Finished game 729 (cand-474c288 vs ref-778c7b0): 1/2-1/2 {Draw by adjudication}
Started game 745 of 40000 (cand-474c288 vs ref-778c7b0)
Finished game 732 (ref-778c7b0 vs cand-474c288): 1/2-1/2 {Draw by adjudication}
Started game 746 of 40000 (ref-778c7b0 vs cand-474c288)
Finished game 734 (ref-778c7b0 vs cand-474c288): 1-0 {White wins by adjudication}
Started game 747 of 40000 (cand-474c288 vs ref-778c7b0)
Finished game 740 (ref-778c7b0 vs cand-474c288): 0-1 {Black wins by adjudication}
Started game 748 of 40000 (ref-778c7b0 vs cand-474c288)
Finished game 741 (cand-474c288 vs ref-778c7b0): 1-0 {White wins by adjudication}
Started game 749 of 40000 (cand-474c288 vs ref-778c7b0)
Finished game 736 (ref-778c7b0 vs cand-474c288): 1/2-1/2 {Draw by adjudication}
Started game 750 of 40000 (ref-778c7b0 vs cand-474c288)
Finished game 739 (cand-474c288 vs ref-778c7b0): 1-0 {White wins by adjudication}
--------------------------------------------------
Results of cand-474c288 vs ref-778c7b0 (8+0.08, 1t, 16MB, noob_3moves.epd):
Elo: 21.68 +/- 19.76, nElo: 27.60 +/- 25.07
LOS: 98.45 %, DrawRatio: 33.88 %, PairsRatio: 1.24
Games: 738, Wins: 249, Losses: 203, Draws: 286, Points: 392.0 (53.12 %)
Ptnml(0-2): [26, 83, 125, 89, 46], WL/DD Ratio: 1.19
LLR: 0.77 (26.0%) (-2.94, 2.94) [0.00, 5.00]
--------------------------------------------------
Started game 751 of 40000 (cand-474c288 vs ref-778c7b0)
Finished game 738 (ref-778c7b0 vs cand-474c288): 0-1 {Black wins by adjudication}
Started game 752 of 40000 (ref-778c7b0 vs cand-474c288)
Finished game 742 (ref-778c7b0 vs cand-474c288): 0-1 {Black wins by adjudication}
Started game 753 of 40000 (cand-474c288 vs ref-778c7b0)
Finished game 746 (ref-778c7b0 vs cand-474c288): 1-0 {White wins by adjudication}
Started game 754 of 40000 (ref-778c7b0 vs cand-474c288)
Finished game 737 (cand-474c288 vs ref-778c7b0): 1/2-1/2 {Draw by fifty moves rule}
Started game 755 of 40000 (cand-474c288 vs ref-778c7b0)
Finished game 743 (cand-474c288 vs ref-778c7b0): 0-1 {Black wins by adjudication}
Started game 756 of 40000 (ref-778c7b0 vs cand-474c288)
Finished game 747 (cand-474c288 vs ref-778c7b0): 1-0 {White wins by adjudication}
Started game 757 of 40000 (cand-474c288 vs ref-778c7b0)
Finished game 744 (ref-778c7b0 vs cand-474c288): 1/2-1/2 {Draw by adjudication}
Started game 758 of 40000 (ref-778c7b0 vs cand-474c288)
Finished game 745 (cand-474c288 vs ref-778c7b0): 1/2-1/2 {Draw by 3-fold repetition}
Started game 759 of 40000 (cand-474c288 vs ref-778c7b0)
Finished game 750 (ref-778c7b0 vs cand-474c288): 1/2-1/2 {Draw by 3-fold repetition}
Started game 760 of 40000 (ref-778c7b0 vs cand-474c288)
Finished game 752 (ref-778c7b0 vs cand-474c288): 1-0 {White wins by adjudication}
Started game 761 of 40000 (cand-474c288 vs ref-778c7b0)
Finished game 753 (cand-474c288 vs ref-778c7b0): 1/2-1/2 {Draw by insufficient mating material}
Started game 762 of 40000 (ref-778c7b0 vs cand-474c288)
Finished game 751 (cand-474c288 vs ref-778c7b0): 0-1 {Black wins by adjudication}
Started game 763 of 40000 (cand-474c288 vs ref-778c7b0)
Finished game 754 (ref-778c7b0 vs cand-474c288): 0-1 {Black wins by adjudication}
Started game 764 of 40000 (ref-778c7b0 vs cand-474c288)
Finished game 758 (ref-778c7b0 vs cand-474c288): 0-1 {Black wins by adjudication}
Started game 765 of 40000 (cand-474c288 vs ref-778c7b0)
Finished game 757 (cand-474c288 vs ref-778c7b0): 1-0 {White wins by adjudication}
Started game 766 of 40000 (ref-778c7b0 vs cand-474c288)
Finished game 748 (ref-778c7b0 vs cand-474c288): 1-0 {White wins by adjudication}
Started game 767 of 40000 (cand-474c288 vs ref-778c7b0)
Finished game 759 (cand-474c288 vs ref-778c7b0): 1-0 {White wins by adjudication}
Started game 768 of 40000 (ref-778c7b0 vs cand-474c288)
Finished game 749 (cand-474c288 vs ref-778c7b0): 1/2-1/2 {Draw by insufficient mating material}
Started game 769 of 40000 (cand-474c288 vs ref-778c7b0)
Finished game 760 (ref-778c7b0 vs cand-474c288): 1/2-1/2 {Draw by 3-fold repetition}
--------------------------------------------------
Results of cand-474c288 vs ref-778c7b0 (8+0.08, 1t, 16MB, noob_3moves.epd):
Elo: 22.49 +/- 19.59, nElo: 28.50 +/- 24.73
LOS: 98.80 %, DrawRatio: 33.51 %, PairsRatio: 1.25
Games: 758, Wins: 257, Losses: 208, Draws: 293, Points: 403.5 (53.23 %)
Ptnml(0-2): [27, 85, 127, 92, 48], WL/DD Ratio: 1.19
LLR: 0.81 (27.6%) (-2.94, 2.94) [0.00, 5.00]
--------------------------------------------------
Started game 770 of 40000 (ref-778c7b0 vs cand-474c288)
Finished game 756 (ref-778c7b0 vs cand-474c288): 1/2-1/2 {Draw by 3-fold repetition}
Started game 771 of 40000 (cand-474c288 vs ref-778c7b0)
Finished game 755 (cand-474c288 vs ref-778c7b0): 1-0 {White wins by adjudication}
Started game 772 of 40000 (ref-778c7b0 vs cand-474c288)
Finished game 761 (cand-474c288 vs ref-778c7b0): 1/2-1/2 {Draw by 3-fold repetition}
Started game 773 of 40000 (cand-474c288 vs ref-778c7b0)
Finished game 763 (cand-474c288 vs ref-778c7b0): 1/2-1/2 {Draw by adjudication}
Started game 774 of 40000 (ref-778c7b0 vs cand-474c288)
Finished game 765 (cand-474c288 vs ref-778c7b0): 1/2-1/2 {Draw by 3-fold repetition}
Started game 775 of 40000 (cand-474c288 vs ref-778c7b0)
Finished game 766 (ref-778c7b0 vs cand-474c288): 0-1 {Black wins by adjudication}
Started game 776 of 40000 (ref-778c7b0 vs cand-474c288)
Finished game 769 (cand-474c288 vs ref-778c7b0): 1/2-1/2 {Draw by 3-fold repetition}
Started game 777 of 40000 (cand-474c288 vs ref-778c7b0)
Finished game 773 (cand-474c288 vs ref-778c7b0): 1-0 {White wins by adjudication}
Started game 778 of 40000 (ref-778c7b0 vs cand-474c288)
Finished game 767 (cand-474c288 vs ref-778c7b0): 1-0 {White wins by adjudication}
Started game 779 of 40000 (cand-474c288 vs ref-778c7b0)
Finished game 764 (ref-778c7b0 vs cand-474c288): 1-0 {White wins by adjudication}
Started game 780 of 40000 (ref-778c7b0 vs cand-474c288)
Finished game 768 (ref-778c7b0 vs cand-474c288): 0-1 {Black wins by adjudication}
Started game 781 of 40000 (cand-474c288 vs ref-778c7b0)
Finished game 771 (cand-474c288 vs ref-778c7b0): 0-1 {Black wins by adjudication}
Started game 782 of 40000 (ref-778c7b0 vs cand-474c288)
Finished game 770 (ref-778c7b0 vs cand-474c288): 1-0 {White wins by adjudication}
Started game 783 of 40000 (cand-474c288 vs ref-778c7b0)
Finished game 775 (cand-474c288 vs ref-778c7b0): 1-0 {White wins by adjudication}
Started game 784 of 40000 (ref-778c7b0 vs cand-474c288)
Finished game 774 (ref-778c7b0 vs cand-474c288): 0-1 {Black wins by adjudication}
Started game 785 of 40000 (cand-474c288 vs ref-778c7b0)
Finished game 762 (ref-778c7b0 vs cand-474c288): 1/2-1/2 {Draw by adjudication}
Started game 786 of 40000 (ref-778c7b0 vs cand-474c288)
Finished game 772 (ref-778c7b0 vs cand-474c288): 1/2-1/2 {Draw by adjudication}
Started game 787 of 40000 (cand-474c288 vs ref-778c7b0)
Finished game 781 (cand-474c288 vs ref-778c7b0): 1/2-1/2 {Draw by 3-fold repetition}
Started game 788 of 40000 (ref-778c7b0 vs cand-474c288)
Finished game 777 (cand-474c288 vs ref-778c7b0): 0-1 {Black wins by adjudication}
Started game 789 of 40000 (cand-474c288 vs ref-778c7b0)
Finished game 779 (cand-474c288 vs ref-778c7b0): 1-0 {White wins by adjudication}
Started game 790 of 40000 (ref-778c7b0 vs cand-474c288)
Finished game 780 (ref-778c7b0 vs cand-474c288): 1/2-1/2 {Draw by insufficient mating material}
--------------------------------------------------
Results of cand-474c288 vs ref-778c7b0 (8+0.08, 1t, 16MB, noob_3moves.epd):
Elo: 23.77 +/- 19.41, nElo: 30.05 +/- 24.45
LOS: 99.20 %, DrawRatio: 32.99 %, PairsRatio: 1.26
Games: 776, Wins: 264, Losses: 211, Draws: 301, Points: 414.5 (53.41 %)
Ptnml(0-2): [27, 88, 128, 95, 50], WL/DD Ratio: 1.17
LLR: 0.88 (30.0%) (-2.94, 2.94) [0.00, 5.00]
--------------------------------------------------
Started game 791 of 40000 (cand-474c288 vs ref-778c7b0)
Finished game 784 (ref-778c7b0 vs cand-474c288): 1-0 {White wins by adjudication}
Started game 792 of 40000 (ref-778c7b0 vs cand-474c288)
Finished game 782 (ref-778c7b0 vs cand-474c288): 1-0 {White wins by adjudication}
Started game 793 of 40000 (cand-474c288 vs ref-778c7b0)
Finished game 778 (ref-778c7b0 vs cand-474c288): 1/2-1/2 {Draw by insufficient mating material}
Started game 794 of 40000 (ref-778c7b0 vs cand-474c288)
Finished game 785 (cand-474c288 vs ref-778c7b0): 1-0 {White wins by adjudication}
Started game 795 of 40000 (cand-474c288 vs ref-778c7b0)
Finished game 783 (cand-474c288 vs ref-778c7b0): 1-0 {White wins by adjudication}
Started game 796 of 40000 (ref-778c7b0 vs cand-474c288)
Finished game 786 (ref-778c7b0 vs cand-474c288): 1/2-1/2 {Draw by 3-fold repetition}
Started game 797 of 40000 (cand-474c288 vs ref-778c7b0)
Finished game 776 (ref-778c7b0 vs cand-474c288): 1/2-1/2 {Draw by 3-fold repetition}
Started game 798 of 40000 (ref-778c7b0 vs cand-474c288)
Finished game 788 (ref-778c7b0 vs cand-474c288): 1-0 {White wins by adjudication}
Started game 799 of 40000 (cand-474c288 vs ref-778c7b0)
Finished game 792 (ref-778c7b0 vs cand-474c288): 0-1 {Black wins by adjudication}
Started game 800 of 40000 (ref-778c7b0 vs cand-474c288)
Finished game 787 (cand-474c288 vs ref-778c7b0): 1/2-1/2 {Draw by insufficient mating material}
Started game 801 of 40000 (cand-474c288 vs ref-778c7b0)
Finished game 790 (ref-778c7b0 vs cand-474c288): 0-1 {Black wins by adjudication}
Started game 802 of 40000 (ref-778c7b0 vs cand-474c288)
Finished game 791 (cand-474c288 vs ref-778c7b0): 1/2-1/2 {Draw by 3-fold repetition}
Started game 803 of 40000 (cand-474c288 vs ref-778c7b0)
Finished game 794 (ref-778c7b0 vs cand-474c288): 1-0 {White wins by adjudication}
Started game 804 of 40000 (ref-778c7b0 vs cand-474c288)
Finished game 801 (cand-474c288 vs ref-778c7b0): 1/2-1/2 {Draw by 3-fold repetition}
Started game 805 of 40000 (cand-474c288 vs ref-778c7b0)
Finished game 793 (cand-474c288 vs ref-778c7b0): 1-0 {White wins by adjudication}
Started game 806 of 40000 (ref-778c7b0 vs cand-474c288)
Finished game 795 (cand-474c288 vs ref-778c7b0): 1/2-1/2 {Draw by 3-fold repetition}
Started game 807 of 40000 (cand-474c288 vs ref-778c7b0)
Finished game 789 (cand-474c288 vs ref-778c7b0): 1/2-1/2 {Draw by 3-fold repetition}
Started game 808 of 40000 (ref-778c7b0 vs cand-474c288)
Finished game 797 (cand-474c288 vs ref-778c7b0): 1-0 {White wins by adjudication}
Started game 809 of 40000 (cand-474c288 vs ref-778c7b0)
Finished game 798 (ref-778c7b0 vs cand-474c288): 1-0 {White wins by adjudication}
Started game 810 of 40000 (ref-778c7b0 vs cand-474c288)
Finished game 796 (ref-778c7b0 vs cand-474c288): 0-1 {Black wins by adjudication}
Started game 811 of 40000 (cand-474c288 vs ref-778c7b0)
Finished game 800 (ref-778c7b0 vs cand-474c288): 1-0 {White wins by adjudication}
Started game 812 of 40000 (ref-778c7b0 vs cand-474c288)
Finished game 802 (ref-778c7b0 vs cand-474c288): 1/2-1/2 {Draw by 3-fold repetition}
Started game 813 of 40000 (cand-474c288 vs ref-778c7b0)
Finished game 799 (cand-474c288 vs ref-778c7b0): 1/2-1/2 {Draw by adjudication}
--------------------------------------------------
Results of cand-474c288 vs ref-778c7b0 (8+0.08, 1t, 16MB, noob_3moves.epd):
Elo: 23.43 +/- 18.95, nElo: 29.85 +/- 24.05
LOS: 99.25 %, DrawRatio: 32.92 %, PairsRatio: 1.26
Games: 802, Wins: 272, Losses: 218, Draws: 312, Points: 428.0 (53.37 %)
Ptnml(0-2): [27, 92, 132, 100, 50], WL/DD Ratio: 1.20
LLR: 0.91 (30.8%) (-2.94, 2.94) [0.00, 5.00]
--------------------------------------------------
Started game 814 of 40000 (ref-778c7b0 vs cand-474c288)
Finished game 809 (cand-474c288 vs ref-778c7b0): 1-0 {White wins by adjudication}
Started game 815 of 40000 (cand-474c288 vs ref-778c7b0)
Finished game 803 (cand-474c288 vs ref-778c7b0): 1/2-1/2 {Draw by 3-fold repetition}
Started game 816 of 40000 (ref-778c7b0 vs cand-474c288)
Finished game 806 (ref-778c7b0 vs cand-474c288): 0-1 {Black wins by adjudication}
Started game 817 of 40000 (cand-474c288 vs ref-778c7b0)
Finished game 804 (ref-778c7b0 vs cand-474c288): 0-1 {Black wins by adjudication}
Started game 818 of 40000 (ref-778c7b0 vs cand-474c288)
Finished game 808 (ref-778c7b0 vs cand-474c288): 0-1 {Black wins by adjudication}
Started game 819 of 40000 (cand-474c288 vs ref-778c7b0)
Finished game 807 (cand-474c288 vs ref-778c7b0): 1-0 {White wins by adjudication}
Started game 820 of 40000 (ref-778c7b0 vs cand-474c288)
Finished game 811 (cand-474c288 vs ref-778c7b0): 1-0 {White wins by adjudication}
Started game 821 of 40000 (cand-474c288 vs ref-778c7b0)
Finished game 805 (cand-474c288 vs ref-778c7b0): 1/2-1/2 {Draw by 3-fold repetition}
Started game 822 of 40000 (ref-778c7b0 vs cand-474c288)
Finished game 810 (ref-778c7b0 vs cand-474c288): 0-1 {Black wins by adjudication}
Started game 823 of 40000 (cand-474c288 vs ref-778c7b0)
Finished game 812 (ref-778c7b0 vs cand-474c288): 0-1 {Black wins by adjudication}
Started game 824 of 40000 (ref-778c7b0 vs cand-474c288)
Finished game 819 (cand-474c288 vs ref-778c7b0): 1-0 {White wins by adjudication}
Started game 825 of 40000 (cand-474c288 vs ref-778c7b0)
Finished game 813 (cand-474c288 vs ref-778c7b0): 0-1 {Black wins by adjudication}
Started game 826 of 40000 (ref-778c7b0 vs cand-474c288)
Finished game 814 (ref-778c7b0 vs cand-474c288): 0-1 {Black wins by adjudication}
Started game 827 of 40000 (cand-474c288 vs ref-778c7b0)
Finished game 815 (cand-474c288 vs ref-778c7b0): 1/2-1/2 {Draw by 3-fold repetition}
Started game 828 of 40000 (ref-778c7b0 vs cand-474c288)
Finished game 816 (ref-778c7b0 vs cand-474c288): 0-1 {Black wins by adjudication}
Started game 829 of 40000 (cand-474c288 vs ref-778c7b0)
Finished game 822 (ref-778c7b0 vs cand-474c288): 1-0 {White wins by adjudication}
Started game 830 of 40000 (ref-778c7b0 vs cand-474c288)
Finished game 823 (cand-474c288 vs ref-778c7b0): 1-0 {White wins by adjudication}
Started game 831 of 40000 (cand-474c288 vs ref-778c7b0)
Finished game 818 (ref-778c7b0 vs cand-474c288): 0-1 {Black wins by adjudication}
Started game 832 of 40000 (ref-778c7b0 vs cand-474c288)
Finished game 821 (cand-474c288 vs ref-778c7b0): 1-0 {White wins by adjudication}
Started game 833 of 40000 (cand-474c288 vs ref-778c7b0)
Finished game 820 (ref-778c7b0 vs cand-474c288): 1-0 {White wins by adjudication}
--------------------------------------------------
Results of cand-474c288 vs ref-778c7b0 (8+0.08, 1t, 16MB, noob_3moves.epd):
Elo: 26.75 +/- 18.80, nElo: 34.00 +/- 23.78
LOS: 99.75 %, DrawRatio: 32.93 %, PairsRatio: 1.31
Games: 820, Wins: 284, Losses: 221, Draws: 315, Points: 441.5 (53.84 %)
Ptnml(0-2): [27, 92, 135, 103, 53], WL/DD Ratio: 1.25
LLR: 1.07 (36.2%) (-2.94, 2.94) [0.00, 5.00]
--------------------------------------------------
Started game 834 of 40000 (ref-778c7b0 vs cand-474c288)
Finished game 828 (ref-778c7b0 vs cand-474c288): 1/2-1/2 {Draw by 3-fold repetition}
Started game 835 of 40000 (cand-474c288 vs ref-778c7b0)
Finished game 817 (cand-474c288 vs ref-778c7b0): 1/2-1/2 {Draw by fifty moves rule}
Started game 836 of 40000 (ref-778c7b0 vs cand-474c288)
Finished game 824 (ref-778c7b0 vs cand-474c288): 1/2-1/2 {Draw by 3-fold repetition}
Started game 837 of 40000 (cand-474c288 vs ref-778c7b0)
Finished game 826 (ref-778c7b0 vs cand-474c288): 0-1 {Black wins by adjudication}
Started game 838 of 40000 (ref-778c7b0 vs cand-474c288)
Finished game 830 (ref-778c7b0 vs cand-474c288): 1-0 {White wins by adjudication}
Started game 839 of 40000 (cand-474c288 vs ref-778c7b0)
Finished game 827 (cand-474c288 vs ref-778c7b0): 1-0 {White wins by adjudication}
Started game 840 of 40000 (ref-778c7b0 vs cand-474c288)
Finished game 833 (cand-474c288 vs ref-778c7b0): 1-0 {White wins by adjudication}
Started game 841 of 40000 (cand-474c288 vs ref-778c7b0)
Finished game 825 (cand-474c288 vs ref-778c7b0): 1-0 {White wins by adjudication}
Started game 842 of 40000 (ref-778c7b0 vs cand-474c288)
Finished game 829 (cand-474c288 vs ref-778c7b0): 1/2-1/2 {Draw by adjudication}
Started game 843 of 40000 (cand-474c288 vs ref-778c7b0)
Finished game 831 (cand-474c288 vs ref-778c7b0): 1-0 {White wins by adjudication}
Started game 844 of 40000 (ref-778c7b0 vs cand-474c288)
Finished game 832 (ref-778c7b0 vs cand-474c288): 1/2-1/2 {Draw by 3-fold repetition}
Started game 845 of 40000 (cand-474c288 vs ref-778c7b0)
Finished game 834 (ref-778c7b0 vs cand-474c288): 1/2-1/2 {Draw by 3-fold repetition}
Started game 846 of 40000 (ref-778c7b0 vs cand-474c288)
Finished game 835 (cand-474c288 vs ref-778c7b0): 1/2-1/2 {Draw by insufficient mating material}
Started game 847 of 40000 (cand-474c288 vs ref-778c7b0)
Finished game 836 (ref-778c7b0 vs cand-474c288): 0-1 {Black wins by adjudication}
Started game 848 of 40000 (ref-778c7b0 vs cand-474c288)
Finished game 837 (cand-474c288 vs ref-778c7b0): 1/2-1/2 {Draw by 3-fold repetition}
Started game 849 of 40000 (cand-474c288 vs ref-778c7b0)
Finished game 838 (ref-778c7b0 vs cand-474c288): 1-0 {White wins by adjudication}
Started game 850 of 40000 (ref-778c7b0 vs cand-474c288)
Finished game 839 (cand-474c288 vs ref-778c7b0): 0-1 {Black wins by adjudication}
Started game 851 of 40000 (cand-474c288 vs ref-778c7b0)
Finished game 844 (ref-778c7b0 vs cand-474c288): 0-1 {Black wins by adjudication}
Started game 852 of 40000 (ref-778c7b0 vs cand-474c288)
Finished game 847 (cand-474c288 vs ref-778c7b0): 1-0 {White wins by adjudication}
Started game 853 of 40000 (cand-474c288 vs ref-778c7b0)
Finished game 840 (ref-778c7b0 vs cand-474c288): 1/2-1/2 {Draw by 3-fold repetition}
--------------------------------------------------
Results of cand-474c288 vs ref-778c7b0 (8+0.08, 1t, 16MB, noob_3moves.epd):
Elo: 28.19 +/- 18.57, nElo: 35.85 +/- 23.50
LOS: 99.86 %, DrawRatio: 32.14 %, PairsRatio: 1.34
Games: 840, Wins: 292, Losses: 224, Draws: 324, Points: 454.0 (54.05 %)
Ptnml(0-2): [27, 95, 135, 109, 54], WL/DD Ratio: 1.25
LLR: 1.15 (39.2%) (-2.94, 2.94) [0.00, 5.00]
--------------------------------------------------
Started game 854 of 40000 (ref-778c7b0 vs cand-474c288)
Finished game 843 (cand-474c288 vs ref-778c7b0): 0-1 {Black wins by adjudication}
Started game 855 of 40000 (cand-474c288 vs ref-778c7b0)
Finished game 842 (ref-778c7b0 vs cand-474c288): 1-0 {White wins by adjudication}
Started game 856 of 40000 (ref-778c7b0 vs cand-474c288)
Finished game 845 (cand-474c288 vs ref-778c7b0): 1-0 {White wins by adjudication}
Started game 857 of 40000 (cand-474c288 vs ref-778c7b0)
Finished game 846 (ref-778c7b0 vs cand-474c288): 1-0 {White wins by adjudication}
Started game 858 of 40000 (ref-778c7b0 vs cand-474c288)
Finished game 841 (cand-474c288 vs ref-778c7b0): 1/2-1/2 {Draw by insufficient mating material}
Started game 859 of 40000 (cand-474c288 vs ref-778c7b0)
Finished game 850 (ref-778c7b0 vs cand-474c288): 1/2-1/2 {Draw by 3-fold repetition}
Started game 860 of 40000 (ref-778c7b0 vs cand-474c288)
Finished game 855 (cand-474c288 vs ref-778c7b0): 1-0 {White wins by adjudication}
Started game 861 of 40000 (cand-474c288 vs ref-778c7b0)
Finished game 849 (cand-474c288 vs ref-778c7b0): 1/2-1/2 {Draw by adjudication}
Started game 862 of 40000 (ref-778c7b0 vs cand-474c288)
Finished game 848 (ref-778c7b0 vs cand-474c288): 0-1 {Black wins by adjudication}
Started game 863 of 40000 (cand-474c288 vs ref-778c7b0)
Finished game 853 (cand-474c288 vs ref-778c7b0): 1/2-1/2 {Draw by 3-fold repetition}
Started game 864 of 40000 (ref-778c7b0 vs cand-474c288)
Finished game 851 (cand-474c288 vs ref-778c7b0): 0-1 {Black wins by adjudication}
Started game 865 of 40000 (cand-474c288 vs ref-778c7b0)
Finished game 859 (cand-474c288 vs ref-778c7b0): 1/2-1/2 {Draw by 3-fold repetition}
Started game 866 of 40000 (ref-778c7b0 vs cand-474c288)
Finished game 856 (ref-778c7b0 vs cand-474c288): 1-0 {White wins by adjudication}
Started game 867 of 40000 (cand-474c288 vs ref-778c7b0)
Finished game 857 (cand-474c288 vs ref-778c7b0): 1-0 {White wins by adjudication}
Started game 868 of 40000 (ref-778c7b0 vs cand-474c288)
Finished game 860 (ref-778c7b0 vs cand-474c288): 1/2-1/2 {Draw by 3-fold repetition}
--------------------------------------------------
Results of cand-474c288 vs ref-778c7b0 (8+0.08, 1t, 16MB, noob_3moves.epd):
Elo: 28.13 +/- 18.35, nElo: 35.91 +/- 23.30
LOS: 99.87 %, DrawRatio: 32.79 %, PairsRatio: 1.33
Games: 854, Wins: 297, Losses: 228, Draws: 329, Points: 461.5 (54.04 %)
Ptnml(0-2): [27, 96, 140, 109, 55], WL/DD Ratio: 1.26
LLR: 1.18 (39.9%) (-2.94, 2.94) [0.00, 5.00]
--------------------------------------------------
Started game 869 of 40000 (cand-474c288 vs ref-778c7b0)
Finished game 858 (ref-778c7b0 vs cand-474c288): 1/2-1/2 {Draw by 3-fold repetition}
Started game 870 of 40000 (ref-778c7b0 vs cand-474c288)
Finished game 854 (ref-778c7b0 vs cand-474c288): 1/2-1/2 {Draw by 3-fold repetition}
Started game 871 of 40000 (cand-474c288 vs ref-778c7b0)
Finished game 852 (ref-778c7b0 vs cand-474c288): 0-1 {Black wins by adjudication}
Started game 872 of 40000 (ref-778c7b0 vs cand-474c288)
Finished game 861 (cand-474c288 vs ref-778c7b0): 1/2-1/2 {Draw by 3-fold repetition}
Started game 873 of 40000 (cand-474c288 vs ref-778c7b0)
Finished game 864 (ref-778c7b0 vs cand-474c288): 1/2-1/2 {Draw by adjudication}
Started game 874 of 40000 (ref-778c7b0 vs cand-474c288)
Finished game 865 (cand-474c288 vs ref-778c7b0): 0-1 {Black wins by adjudication}
Started game 875 of 40000 (cand-474c288 vs ref-778c7b0)
Finished game 863 (cand-474c288 vs ref-778c7b0): 1/2-1/2 {Draw by 3-fold repetition}
Started game 876 of 40000 (ref-778c7b0 vs cand-474c288)
Finished game 862 (ref-778c7b0 vs cand-474c288): 1/2-1/2 {Draw by insufficient mating material}
Started game 877 of 40000 (cand-474c288 vs ref-778c7b0)
Finished game 872 (ref-778c7b0 vs cand-474c288): 1-0 {White wins by adjudication}
Started game 878 of 40000 (ref-778c7b0 vs cand-474c288)
Finished game 868 (ref-778c7b0 vs cand-474c288): 0-1 {Black wins by adjudication}
Started game 879 of 40000 (cand-474c288 vs ref-778c7b0)
Finished game 867 (cand-474c288 vs ref-778c7b0): 0-1 {Black wins by adjudication}
Started game 880 of 40000 (ref-778c7b0 vs cand-474c288)
Finished game 871 (cand-474c288 vs ref-778c7b0): 1-0 {White wins by adjudication}
Started game 881 of 40000 (cand-474c288 vs ref-778c7b0)
Finished game 866 (ref-778c7b0 vs cand-474c288): 1/2-1/2 {Draw by 3-fold repetition}
Started game 882 of 40000 (ref-778c7b0 vs cand-474c288)
Finished game 869 (cand-474c288 vs ref-778c7b0): 1-0 {White wins by adjudication}
Started game 883 of 40000 (cand-474c288 vs ref-778c7b0)
Finished game 873 (cand-474c288 vs ref-778c7b0): 0-1 {Black wins by adjudication}
Started game 884 of 40000 (ref-778c7b0 vs cand-474c288)
Finished game 870 (ref-778c7b0 vs cand-474c288): 1-0 {White wins by adjudication}
Started game 885 of 40000 (cand-474c288 vs ref-778c7b0)
Finished game 874 (ref-778c7b0 vs cand-474c288): 1/2-1/2 {Draw by 3-fold repetition}
Started game 886 of 40000 (ref-778c7b0 vs cand-474c288)
Finished game 875 (cand-474c288 vs ref-778c7b0): 1-0 {White wins by adjudication}
Started game 887 of 40000 (cand-474c288 vs ref-778c7b0)
Finished game 876 (ref-778c7b0 vs cand-474c288): 1/2-1/2 {Draw by adjudication}
Started game 888 of 40000 (ref-778c7b0 vs cand-474c288)
Finished game 879 (cand-474c288 vs ref-778c7b0): 1/2-1/2 {Draw by 3-fold repetition}
Started game 889 of 40000 (cand-474c288 vs ref-778c7b0)
Finished game 881 (cand-474c288 vs ref-778c7b0): 1/2-1/2 {Draw by insufficient mating material}
Started game 890 of 40000 (ref-778c7b0 vs cand-474c288)
Finished game 883 (cand-474c288 vs ref-778c7b0): 1-0 {White wins by adjudication}
Started game 891 of 40000 (cand-474c288 vs ref-778c7b0)
Finished game 877 (cand-474c288 vs ref-778c7b0): 0-1 {Black wins by adjudication}
Started game 892 of 40000 (ref-778c7b0 vs cand-474c288)
Finished game 878 (ref-778c7b0 vs cand-474c288): 0-1 {Black wins by adjudication}
Started game 893 of 40000 (cand-474c288 vs ref-778c7b0)
Finished game 882 (ref-778c7b0 vs cand-474c288): 1/2-1/2 {Draw by 3-fold repetition}
Started game 894 of 40000 (ref-778c7b0 vs cand-474c288)
Finished game 880 (ref-778c7b0 vs cand-474c288): 1/2-1/2 {Draw by insufficient mating material}
--------------------------------------------------
Results of cand-474c288 vs ref-778c7b0 (8+0.08, 1t, 16MB, noob_3moves.epd):
Elo: 27.24 +/- 17.84, nElo: 35.19 +/- 22.93
LOS: 99.87 %, DrawRatio: 34.01 %, PairsRatio: 1.33
Games: 882, Wins: 304, Losses: 235, Draws: 343, Points: 475.5 (53.91 %)
Ptnml(0-2): [27, 98, 150, 111, 55], WL/DD Ratio: 1.24
LLR: 1.19 (40.4%) (-2.94, 2.94) [0.00, 5.00]
--------------------------------------------------
Started game 895 of 40000 (cand-474c288 vs ref-778c7b0)
Finished game 887 (cand-474c288 vs ref-778c7b0): 1-0 {White wins by adjudication}
Started game 896 of 40000 (ref-778c7b0 vs cand-474c288)
Finished game 884 (ref-778c7b0 vs cand-474c288): 0-1 {Black wins by adjudication}
Started game 897 of 40000 (cand-474c288 vs ref-778c7b0)
Finished game 889 (cand-474c288 vs ref-778c7b0): 1-0 {White wins by adjudication}
Started game 898 of 40000 (ref-778c7b0 vs cand-474c288)
Finished game 896 (ref-778c7b0 vs cand-474c288): 1/2-1/2 {Draw by 3-fold repetition}
Started game 899 of 40000 (cand-474c288 vs ref-778c7b0)
Finished game 886 (ref-778c7b0 vs cand-474c288): 1/2-1/2 {Draw by 3-fold repetition}
Started game 900 of 40000 (ref-778c7b0 vs cand-474c288)
Finished game 888 (ref-778c7b0 vs cand-474c288): 0-1 {Black wins by adjudication}
Started game 901 of 40000 (cand-474c288 vs ref-778c7b0)
Finished game 890 (ref-778c7b0 vs cand-474c288): 1/2-1/2 {Draw by adjudication}
Started game 902 of 40000 (ref-778c7b0 vs cand-474c288)
Finished game 885 (cand-474c288 vs ref-778c7b0): 1/2-1/2 {Draw by insufficient mating material}
Started game 903 of 40000 (cand-474c288 vs ref-778c7b0)
Finished game 892 (ref-778c7b0 vs cand-474c288): 1-0 {White wins by adjudication}
Started game 904 of 40000 (ref-778c7b0 vs cand-474c288)
Finished game 894 (ref-778c7b0 vs cand-474c288): 0-1 {Black wins by adjudication}
Started game 905 of 40000 (cand-474c288 vs ref-778c7b0)
Finished game 893 (cand-474c288 vs ref-778c7b0): 1-0 {White wins by adjudication}
Started game 906 of 40000 (ref-778c7b0 vs cand-474c288)
Finished game 891 (cand-474c288 vs ref-778c7b0): 1/2-1/2 {Draw by 3-fold repetition}
Started game 907 of 40000 (cand-474c288 vs ref-778c7b0)
Finished game 895 (cand-474c288 vs ref-778c7b0): 1/2-1/2 {Draw by 3-fold repetition}
Started game 908 of 40000 (ref-778c7b0 vs cand-474c288)
Finished game 897 (cand-474c288 vs ref-778c7b0): 1-0 {White wins by adjudication}
Started game 909 of 40000 (cand-474c288 vs ref-778c7b0)
Finished game 898 (ref-778c7b0 vs cand-474c288): 0-1 {Black wins by adjudication}
Started game 910 of 40000 (ref-778c7b0 vs cand-474c288)
Finished game 899 (cand-474c288 vs ref-778c7b0): 1-0 {White wins by adjudication}
Started game 911 of 40000 (cand-474c288 vs ref-778c7b0)
Finished game 902 (ref-778c7b0 vs cand-474c288): 0-1 {Black wins by adjudication}
Started game 912 of 40000 (ref-778c7b0 vs cand-474c288)
Finished game 904 (ref-778c7b0 vs cand-474c288): 0-1 {Black wins by adjudication}
Started game 913 of 40000 (cand-474c288 vs ref-778c7b0)
Finished game 900 (ref-778c7b0 vs cand-474c288): 0-1 {Black wins by adjudication}
--------------------------------------------------
Results of cand-474c288 vs ref-778c7b0 (8+0.08, 1t, 16MB, noob_3moves.epd):
Elo: 30.58 +/- 17.82, nElo: 39.19 +/- 22.70
LOS: 99.96 %, DrawRatio: 33.78 %, PairsRatio: 1.37
Games: 900, Wins: 315, Losses: 236, Draws: 349, Points: 489.5 (54.39 %)
Ptnml(0-2): [27, 99, 152, 112, 60], WL/DD Ratio: 1.20
LLR: 1.36 (46.2%) (-2.94, 2.94) [0.00, 5.00]
--------------------------------------------------
Started game 914 of 40000 (ref-778c7b0 vs cand-474c288)
Finished game 907 (cand-474c288 vs ref-778c7b0): 1/2-1/2 {Draw by 3-fold repetition}
Started game 915 of 40000 (cand-474c288 vs ref-778c7b0)
Finished game 901 (cand-474c288 vs ref-778c7b0): 1/2-1/2 {Draw by adjudication}
Started game 916 of 40000 (ref-778c7b0 vs cand-474c288)
Finished game 903 (cand-474c288 vs ref-778c7b0): 1/2-1/2 {Draw by adjudication}
Started game 917 of 40000 (cand-474c288 vs ref-778c7b0)
Finished game 905 (cand-474c288 vs ref-778c7b0): 0-1 {Black wins by adjudication}
Started game 918 of 40000 (ref-778c7b0 vs cand-474c288)
Finished game 906 (ref-778c7b0 vs cand-474c288): 1-0 {White wins by adjudication}
Started game 919 of 40000 (cand-474c288 vs ref-778c7b0)
Finished game 911 (cand-474c288 vs ref-778c7b0): 1/2-1/2 {Draw by 3-fold repetition}
Started game 920 of 40000 (ref-778c7b0 vs cand-474c288)
Finished game 909 (cand-474c288 vs ref-778c7b0): 0-1 {Black wins by adjudication}
Started game 921 of 40000 (cand-474c288 vs ref-778c7b0)
Finished game 912 (ref-778c7b0 vs cand-474c288): 1/2-1/2 {Draw by 3-fold repetition}
Started game 922 of 40000 (ref-778c7b0 vs cand-474c288)
Finished game 910 (ref-778c7b0 vs cand-474c288): 0-1 {Black wins by adjudication}
Started game 923 of 40000 (cand-474c288 vs ref-778c7b0)
Finished game 915 (cand-474c288 vs ref-778c7b0): 0-1 {Black wins by adjudication}
Started game 924 of 40000 (ref-778c7b0 vs cand-474c288)
Finished game 918 (ref-778c7b0 vs cand-474c288): 0-1 {Black wins by adjudication}
Started game 925 of 40000 (cand-474c288 vs ref-778c7b0)
Finished game 914 (ref-778c7b0 vs cand-474c288): 1-0 {White wins by adjudication}
Started game 926 of 40000 (ref-778c7b0 vs cand-474c288)
Finished game 913 (cand-474c288 vs ref-778c7b0): 1/2-1/2 {Draw by 3-fold repetition}
Started game 927 of 40000 (cand-474c288 vs ref-778c7b0)
Finished game 917 (cand-474c288 vs ref-778c7b0): 1-0 {White wins by adjudication}
Started game 928 of 40000 (ref-778c7b0 vs cand-474c288)
Finished game 919 (cand-474c288 vs ref-778c7b0): 1/2-1/2 {Draw by 3-fold repetition}
Started game 929 of 40000 (cand-474c288 vs ref-778c7b0)
Finished game 908 (ref-778c7b0 vs cand-474c288): 1/2-1/2 {Draw by fifty moves rule}
Started game 930 of 40000 (ref-778c7b0 vs cand-474c288)
Finished game 916 (ref-778c7b0 vs cand-474c288): 0-1 {Black wins by adjudication}
Started game 931 of 40000 (cand-474c288 vs ref-778c7b0)
Finished game 922 (ref-778c7b0 vs cand-474c288): 1/2-1/2 {Draw by 3-fold repetition}
Started game 932 of 40000 (ref-778c7b0 vs cand-474c288)
Finished game 924 (ref-778c7b0 vs cand-474c288): 0-1 {Black wins by adjudication}
Started game 933 of 40000 (cand-474c288 vs ref-778c7b0)
Finished game 923 (cand-474c288 vs ref-778c7b0): 1/2-1/2 {Draw by 3-fold repetition}
Started game 934 of 40000 (ref-778c7b0 vs cand-474c288)
Finished game 921 (cand-474c288 vs ref-778c7b0): 1/2-1/2 {Draw by insufficient mating material}
Started game 935 of 40000 (cand-474c288 vs ref-778c7b0)
Finished game 920 (ref-778c7b0 vs cand-474c288): 1-0 {White wins by adjudication}
--------------------------------------------------
Results of cand-474c288 vs ref-778c7b0 (8+0.08, 1t, 16MB, noob_3moves.epd):
Elo: 30.16 +/- 17.56, nElo: 38.70 +/- 22.40
LOS: 99.96 %, DrawRatio: 33.98 %, PairsRatio: 1.36
Games: 924, Wins: 322, Losses: 242, Draws: 360, Points: 502.0 (54.33 %)
Ptnml(0-2): [28, 101, 157, 115, 61], WL/DD Ratio: 1.18
LLR: 1.38 (46.8%) (-2.94, 2.94) [0.00, 5.00]
--------------------------------------------------
Started game 936 of 40000 (ref-778c7b0 vs cand-474c288)
Finished game 925 (cand-474c288 vs ref-778c7b0): 1-0 {White wins by adjudication}
Started game 937 of 40000 (cand-474c288 vs ref-778c7b0)
Finished game 927 (cand-474c288 vs ref-778c7b0): 1/2-1/2 {Draw by 3-fold repetition}
Started game 938 of 40000 (ref-778c7b0 vs cand-474c288)
Finished game 928 (ref-778c7b0 vs cand-474c288): 1/2-1/2 {Draw by adjudication}
Started game 939 of 40000 (cand-474c288 vs ref-778c7b0)
Finished game 926 (ref-778c7b0 vs cand-474c288): 1/2-1/2 {Draw by 3-fold repetition}
Started game 940 of 40000 (ref-778c7b0 vs cand-474c288)
Finished game 929 (cand-474c288 vs ref-778c7b0): 1/2-1/2 {Draw by 3-fold repetition}
Started game 941 of 40000 (cand-474c288 vs ref-778c7b0)
Finished game 932 (ref-778c7b0 vs cand-474c288): 1/2-1/2 {Draw by 3-fold repetition}
Started game 942 of 40000 (ref-778c7b0 vs cand-474c288)
Finished game 933 (cand-474c288 vs ref-778c7b0): 1/2-1/2 {Draw by 3-fold repetition}
Started game 943 of 40000 (cand-474c288 vs ref-778c7b0)
Finished game 934 (ref-778c7b0 vs cand-474c288): 1/2-1/2 {Draw by 3-fold repetition}
Started game 944 of 40000 (ref-778c7b0 vs cand-474c288)
Finished game 930 (ref-778c7b0 vs cand-474c288): 1/2-1/2 {Draw by 3-fold repetition}
Started game 945 of 40000 (cand-474c288 vs ref-778c7b0)
Finished game 931 (cand-474c288 vs ref-778c7b0): 0-1 {Black wins by adjudication}
Started game 946 of 40000 (ref-778c7b0 vs cand-474c288)
Finished game 938 (ref-778c7b0 vs cand-474c288): 1-0 {White wins by adjudication}
Started game 947 of 40000 (cand-474c288 vs ref-778c7b0)
Finished game 936 (ref-778c7b0 vs cand-474c288): 0-1 {Black wins by adjudication}
Started game 948 of 40000 (ref-778c7b0 vs cand-474c288)
Finished game 939 (cand-474c288 vs ref-778c7b0): 1/2-1/2 {Draw by 3-fold repetition}
Started game 949 of 40000 (cand-474c288 vs ref-778c7b0)
Finished game 937 (cand-474c288 vs ref-778c7b0): 1/2-1/2 {Draw by 3-fold repetition}
Started game 950 of 40000 (ref-778c7b0 vs cand-474c288)
Finished game 941 (cand-474c288 vs ref-778c7b0): 1/2-1/2 {Draw by 3-fold repetition}
Started game 951 of 40000 (cand-474c288 vs ref-778c7b0)
Finished game 935 (cand-474c288 vs ref-778c7b0): 1/2-1/2 {Draw by adjudication}
Started game 952 of 40000 (ref-778c7b0 vs cand-474c288)
Finished game 940 (ref-778c7b0 vs cand-474c288): 0-1 {Black wins by adjudication}
--------------------------------------------------
Results of cand-474c288 vs ref-778c7b0 (8+0.08, 1t, 16MB, noob_3moves.epd):
Elo: 30.01 +/- 17.33, nElo: 38.68 +/- 22.21
LOS: 99.97 %, DrawRatio: 34.04 %, PairsRatio: 1.37
Games: 940, Wins: 325, Losses: 244, Draws: 371, Points: 510.5 (54.31 %)
Ptnml(0-2): [28, 103, 160, 118, 61], WL/DD Ratio: 1.13
LLR: 1.40 (47.6%) (-2.94, 2.94) [0.00, 5.00]
--------------------------------------------------
Started game 953 of 40000 (cand-474c288 vs ref-778c7b0)
Finished game 942 (ref-778c7b0 vs cand-474c288): 0-1 {Black wins by adjudication}
Started game 954 of 40000 (ref-778c7b0 vs cand-474c288)
Finished game 947 (cand-474c288 vs ref-778c7b0): 0-1 {Black wins by adjudication}
Started game 955 of 40000 (cand-474c288 vs ref-778c7b0)
Finished game 946 (ref-778c7b0 vs cand-474c288): 1/2-1/2 {Draw by 3-fold repetition}
Started game 956 of 40000 (ref-778c7b0 vs cand-474c288)
Finished game 945 (cand-474c288 vs ref-778c7b0): 0-1 {Black wins by adjudication}
Started game 957 of 40000 (cand-474c288 vs ref-778c7b0)
Finished game 943 (cand-474c288 vs ref-778c7b0): 1/2-1/2 {Draw by insufficient mating material}
Started game 958 of 40000 (ref-778c7b0 vs cand-474c288)
Finished game 950 (ref-778c7b0 vs cand-474c288): 1/2-1/2 {Draw by 3-fold repetition}
Started game 959 of 40000 (cand-474c288 vs ref-778c7b0)
Finished game 953 (cand-474c288 vs ref-778c7b0): 1-0 {White wins by adjudication}
Started game 960 of 40000 (ref-778c7b0 vs cand-474c288)
Finished game 949 (cand-474c288 vs ref-778c7b0): 1-0 {White wins by adjudication}
Started game 961 of 40000 (cand-474c288 vs ref-778c7b0)
Finished game 951 (cand-474c288 vs ref-778c7b0): 0-1 {Black wins by adjudication}
Started game 962 of 40000 (ref-778c7b0 vs cand-474c288)
Finished game 944 (ref-778c7b0 vs cand-474c288): 1/2-1/2 {Draw by fifty moves rule}
Started game 963 of 40000 (cand-474c288 vs ref-778c7b0)
Finished game 952 (ref-778c7b0 vs cand-474c288): 1-0 {White wins by adjudication}
Started game 964 of 40000 (ref-778c7b0 vs cand-474c288)
Finished game 955 (cand-474c288 vs ref-778c7b0): 1/2-1/2 {Draw by 3-fold repetition}
Started game 965 of 40000 (cand-474c288 vs ref-778c7b0)
Finished game 957 (cand-474c288 vs ref-778c7b0): 1/2-1/2 {Draw by 3-fold repetition}
Started game 966 of 40000 (ref-778c7b0 vs cand-474c288)
Finished game 948 (ref-778c7b0 vs cand-474c288): 1/2-1/2 {Draw by insufficient mating material}
Started game 967 of 40000 (cand-474c288 vs ref-778c7b0)
Finished game 954 (ref-778c7b0 vs cand-474c288): 1-0 {White wins by adjudication}
Started game 968 of 40000 (ref-778c7b0 vs cand-474c288)
Finished game 956 (ref-778c7b0 vs cand-474c288): 1/2-1/2 {Draw by adjudication}
Started game 969 of 40000 (cand-474c288 vs ref-778c7b0)
Finished game 959 (cand-474c288 vs ref-778c7b0): 0-1 {Black wins by adjudication}
Started game 970 of 40000 (ref-778c7b0 vs cand-474c288)
Finished game 961 (cand-474c288 vs ref-778c7b0): 1/2-1/2 {Draw by 3-fold repetition}
Started game 971 of 40000 (cand-474c288 vs ref-778c7b0)
Finished game 960 (ref-778c7b0 vs cand-474c288): 0-1 {Black wins by adjudication}
--------------------------------------------------
Results of cand-474c288 vs ref-778c7b0 (8+0.08, 1t, 16MB, noob_3moves.epd):
Elo: 28.72 +/- 17.13, nElo: 37.08 +/- 22.00
LOS: 99.95 %, DrawRatio: 34.24 %, PairsRatio: 1.35
Games: 958, Wins: 329, Losses: 250, Draws: 379, Points: 518.5 (54.12 %)
Ptnml(0-2): [29, 105, 164, 120, 61], WL/DD Ratio: 1.13
LLR: 1.36 (46.3%) (-2.94, 2.94) [0.00, 5.00]
--------------------------------------------------
Started game 972 of 40000 (ref-778c7b0 vs cand-474c288)
Finished game 962 (ref-778c7b0 vs cand-474c288): 1-0 {White wins by adjudication}
Started game 973 of 40000 (cand-474c288 vs ref-778c7b0)
Finished game 963 (cand-474c288 vs ref-778c7b0): 0-1 {Black wins by adjudication}
Started game 974 of 40000 (ref-778c7b0 vs cand-474c288)
Finished game 965 (cand-474c288 vs ref-778c7b0): 1-0 {White wins by adjudication}
Started game 975 of 40000 (cand-474c288 vs ref-778c7b0)
Finished game 958 (ref-778c7b0 vs cand-474c288): 1/2-1/2 {Draw by adjudication}
Started game 976 of 40000 (ref-778c7b0 vs cand-474c288)
Finished game 967 (cand-474c288 vs ref-778c7b0): 1-0 {White wins by adjudication}
Started game 977 of 40000 (cand-474c288 vs ref-778c7b0)
Finished game 971 (cand-474c288 vs ref-778c7b0): 1-0 {White wins by adjudication}
Started game 978 of 40000 (ref-778c7b0 vs cand-474c288)
Finished game 970 (ref-778c7b0 vs cand-474c288): 0-1 {Black wins by adjudication}
Started game 979 of 40000 (cand-474c288 vs ref-778c7b0)
Finished game 969 (cand-474c288 vs ref-778c7b0): 1-0 {White wins by adjudication}
Started game 980 of 40000 (ref-778c7b0 vs cand-474c288)
Finished game 966 (ref-778c7b0 vs cand-474c288): 1-0 {White wins by adjudication}
Started game 981 of 40000 (cand-474c288 vs ref-778c7b0)
Finished game 964 (ref-778c7b0 vs cand-474c288): 1/2-1/2 {Draw by fifty moves rule}
Started game 982 of 40000 (ref-778c7b0 vs cand-474c288)
Finished game 972 (ref-778c7b0 vs cand-474c288): 1/2-1/2 {Draw by 3-fold repetition}
Started game 983 of 40000 (cand-474c288 vs ref-778c7b0)
Finished game 968 (ref-778c7b0 vs cand-474c288): 1/2-1/2 {Draw by insufficient mating material}
Started game 984 of 40000 (ref-778c7b0 vs cand-474c288)
Finished game 975 (cand-474c288 vs ref-778c7b0): 0-1 {Black wins by adjudication}
Started game 985 of 40000 (cand-474c288 vs ref-778c7b0)
Finished game 974 (ref-778c7b0 vs cand-474c288): 0-1 {Black wins by adjudication}
Started game 986 of 40000 (ref-778c7b0 vs cand-474c288)
Finished game 979 (cand-474c288 vs ref-778c7b0): 1-0 {White wins by adjudication}
Started game 987 of 40000 (cand-474c288 vs ref-778c7b0)
Finished game 976 (ref-778c7b0 vs cand-474c288): 1-0 {White wins by adjudication}
Started game 988 of 40000 (ref-778c7b0 vs cand-474c288)
Finished game 977 (cand-474c288 vs ref-778c7b0): 1-0 {White wins by adjudication}
Started game 989 of 40000 (cand-474c288 vs ref-778c7b0)
Finished game 982 (ref-778c7b0 vs cand-474c288): 0-1 {Black wins by adjudication}
Started game 990 of 40000 (ref-778c7b0 vs cand-474c288)
Finished game 978 (ref-778c7b0 vs cand-474c288): 1/2-1/2 {Draw by adjudication}
Started game 991 of 40000 (cand-474c288 vs ref-778c7b0)
Finished game 973 (cand-474c288 vs ref-778c7b0): 0-1 {Black wins by adjudication}
Started game 992 of 40000 (ref-778c7b0 vs cand-474c288)
Finished game 980 (ref-778c7b0 vs cand-474c288): 1-0 {White wins by adjudication}
--------------------------------------------------
Results of cand-474c288 vs ref-778c7b0 (8+0.08, 1t, 16MB, noob_3moves.epd):
Elo: 28.43 +/- 16.93, nElo: 36.71 +/- 21.75
LOS: 99.95 %, DrawRatio: 34.29 %, PairsRatio: 1.35
Games: 980, Wins: 337, Losses: 257, Draws: 386, Points: 530.0 (54.08 %)
Ptnml(0-2): [30, 107, 168, 123, 62], WL/DD Ratio: 1.15
LLR: 1.38 (46.9%) (-2.94, 2.94) [0.00, 5.00]
--------------------------------------------------
Started game 993 of 40000 (cand-474c288 vs ref-778c7b0)
Finished game 981 (cand-474c288 vs ref-778c7b0): 1-0 {White wins by adjudication}
Started game 994 of 40000 (ref-778c7b0 vs cand-474c288)
Finished game 986 (ref-778c7b0 vs cand-474c288): 0-1 {Black wins by adjudication}
Started game 995 of 40000 (cand-474c288 vs ref-778c7b0)
Finished game 983 (cand-474c288 vs ref-778c7b0): 0-1 {Black wins by adjudication}
Started game 996 of 40000 (ref-778c7b0 vs cand-474c288)
Finished game 984 (ref-778c7b0 vs cand-474c288): 1/2-1/2 {Draw by adjudication}
Started game 997 of 40000 (cand-474c288 vs ref-778c7b0)
Finished game 985 (cand-474c288 vs ref-778c7b0): 1/2-1/2 {Draw by 3-fold repetition}
Started game 998 of 40000 (ref-778c7b0 vs cand-474c288)
Finished game 989 (cand-474c288 vs ref-778c7b0): 0-1 {Black wins by adjudication}
Started game 999 of 40000 (cand-474c288 vs ref-778c7b0)
Finished game 987 (cand-474c288 vs ref-778c7b0): 0-1 {Black wins by adjudication}
Started game 1000 of 40000 (ref-778c7b0 vs cand-474c288)
Finished game 992 (ref-778c7b0 vs cand-474c288): 1-0 {White wins by adjudication}
Started game 1001 of 40000 (cand-474c288 vs ref-778c7b0)
Finished game 990 (ref-778c7b0 vs cand-474c288): 1/2-1/2 {Draw by 3-fold repetition}
Started game 1002 of 40000 (ref-778c7b0 vs cand-474c288)
Finished game 995 (cand-474c288 vs ref-778c7b0): 1-0 {White wins by adjudication}
Started game 1003 of 40000 (cand-474c288 vs ref-778c7b0)
Finished game 991 (cand-474c288 vs ref-778c7b0): 1/2-1/2 {Draw by 3-fold repetition}
Started game 1004 of 40000 (ref-778c7b0 vs cand-474c288)
Finished game 988 (ref-778c7b0 vs cand-474c288): 1-0 {White wins by adjudication}
Started game 1005 of 40000 (cand-474c288 vs ref-778c7b0)
Finished game 993 (cand-474c288 vs ref-778c7b0): 1/2-1/2 {Draw by 3-fold repetition}
Started game 1006 of 40000 (ref-778c7b0 vs cand-474c288)
Finished game 994 (ref-778c7b0 vs cand-474c288): 0-1 {Black wins by adjudication}
Started game 1007 of 40000 (cand-474c288 vs ref-778c7b0)
Finished game 1004 (ref-778c7b0 vs cand-474c288): 1/2-1/2 {Draw by 3-fold repetition}
Started game 1008 of 40000 (ref-778c7b0 vs cand-474c288)
Finished game 1002 (ref-778c7b0 vs cand-474c288): 1/2-1/2 {Draw by 3-fold repetition}
Started game 1009 of 40000 (cand-474c288 vs ref-778c7b0)
Finished game 998 (ref-778c7b0 vs cand-474c288): 0-1 {Black wins by adjudication}
Started game 1010 of 40000 (ref-778c7b0 vs cand-474c288)
Finished game 997 (cand-474c288 vs ref-778c7b0): 1-0 {White wins by adjudication}
Started game 1011 of 40000 (cand-474c288 vs ref-778c7b0)
Finished game 999 (cand-474c288 vs ref-778c7b0): 0-1 {Black wins by adjudication}
Started game 1012 of 40000 (ref-778c7b0 vs cand-474c288)
Finished game 996 (ref-778c7b0 vs cand-474c288): 1-0 {White wins by adjudication}
Started game 1013 of 40000 (cand-474c288 vs ref-778c7b0)
Finished game 1003 (cand-474c288 vs ref-778c7b0): 1-0 {White wins by adjudication}
Started game 1014 of 40000 (ref-778c7b0 vs cand-474c288)
Finished game 1006 (ref-778c7b0 vs cand-474c288): 0-1 {Black wins by adjudication}
Started game 1015 of 40000 (cand-474c288 vs ref-778c7b0)
Finished game 1001 (cand-474c288 vs ref-778c7b0): 1/2-1/2 {Draw by adjudication}
Started game 1016 of 40000 (ref-778c7b0 vs cand-474c288)
Finished game 1010 (ref-778c7b0 vs cand-474c288): 1/2-1/2 {Draw by adjudication}
Started game 1017 of 40000 (cand-474c288 vs ref-778c7b0)
Finished game 1007 (cand-474c288 vs ref-778c7b0): 1/2-1/2 {Draw by adjudication}
Started game 1018 of 40000 (ref-778c7b0 vs cand-474c288)
Finished game 1009 (cand-474c288 vs ref-778c7b0): 1/2-1/2 {Draw by 3-fold repetition}
Started game 1019 of 40000 (cand-474c288 vs ref-778c7b0)
Finished game 1005 (cand-474c288 vs ref-778c7b0): 1/2-1/2 {Draw by fifty moves rule}
Started game 1020 of 40000 (ref-778c7b0 vs cand-474c288)
Finished game 1008 (ref-778c7b0 vs cand-474c288): 1/2-1/2 {Draw by adjudication}
Started game 1021 of 40000 (cand-474c288 vs ref-778c7b0)
Finished game 1000 (ref-778c7b0 vs cand-474c288): 0-1 {Black wins by adjudication}
--------------------------------------------------
Results of cand-474c288 vs ref-778c7b0 (8+0.08, 1t, 16MB, noob_3moves.epd):
Elo: 28.62 +/- 16.69, nElo: 36.94 +/- 21.43
LOS: 99.96 %, DrawRatio: 34.26 %, PairsRatio: 1.35
Games: 1010, Wins: 347, Losses: 264, Draws: 399, Points: 546.5 (54.11 %)
Ptnml(0-2): [31, 110, 173, 127, 64], WL/DD Ratio: 1.14
LLR: 1.43 (48.6%) (-2.94, 2.94) [0.00, 5.00]
--------------------------------------------------
Started game 1022 of 40000 (ref-778c7b0 vs cand-474c288)
Finished game 1014 (ref-778c7b0 vs cand-474c288): 1-0 {White wins by adjudication}
Started game 1023 of 40000 (cand-474c288 vs ref-778c7b0)
Finished game 1011 (cand-474c288 vs ref-778c7b0): 1/2-1/2 {Draw by adjudication}
Started game 1024 of 40000 (ref-778c7b0 vs cand-474c288)
Warning; PV continues after threefold repetition - move h1h2 from cand-474c288
Info; info score mate -12 time 0 depth 4 nodes 191 nps 2076086 pv h2h1 g1f2 h1h2 f2g1 h2h1 g1f2 h1h2 f2g1 h2h1 g1c5 h1h2 c5g1 h2h1 g1e3 h1h2 e1e2 h2h1 g4g3 b3e3 e2e3 f6f4 e3e1 f4f1 e1f1 
Position; fen rnb1kb1r/ppqppppp/5n2/2p5/P3P3/7P/1PPP1PP1/RNBQKBNR w KQkq - 0 4
Moves; b1c3 e7e5 g1f3 b8c6 f1c4 f8e7 d2d3 a7a6 c1g5 c6b4 c3e2 e8g8 c2c3 b4c6 e2g3 d7d6 e1g1 c8d7 d1c2 c6a5 c4a2 d7e6 a2e6 f7e6 g5d2 h7h6 f1e1 f6d7 g3h5 g8h7 a1d1 h7h8 d1b1 a8e8 b2b4 c5b4 b1b4 g7g6 h5g3 d6d5 b4b1 h8h7 e4d5 e6d5 c3c4 b7b6 c2c1 d5c4 d3c4 a5c6 d2h6 f8f3 g2f3 c6d4 g1g2 c7c6 g3e4 d7c5 c1d2 e8d8 a4a5 d4f3 b1b6 c6c8 d2e2 d8d3 e1h1 f3h4 g2f1 c8d7 b6b1 d3h3 h1g1 d7f5 e2g4 c5e4 g4f5 h4f5 h6e3 f5e3 f2e3 e7c5 f1g2 h3g3 g2h1 e4f2 h1h2 g3e3 b1b7 h7h6 b7c7 f2d3 c7c6 d3f4 g1g3 e3e2 h2h1 c5f2 g3b3 h6h5 c4c5 h5g4 c6f6 e2e1 h1h2 f2g1
Finished game 1013 (cand-474c288 vs ref-778c7b0): 0-1 {Black wins by adjudication}
Started game 1025 of 40000 (cand-474c288 vs ref-778c7b0)
Finished game 1012 (ref-778c7b0 vs cand-474c288): 0-1 {Black wins by adjudication}
Started game 1026 of 40000 (ref-778c7b0 vs cand-474c288)
Finished game 1016 (ref-778c7b0 vs cand-474c288): 1-0 {White wins by adjudication}
Started game 1027 of 40000 (cand-474c288 vs ref-778c7b0)
Finished game 1015 (cand-474c288 vs ref-778c7b0): 1/2-1/2 {Draw by adjudication}
Started game 1028 of 40000 (ref-778c7b0 vs cand-474c288)
Finished game 1017 (cand-474c288 vs ref-778c7b0): 1-0 {White wins by adjudication}
Started game 1029 of 40000 (cand-474c288 vs ref-778c7b0)
Finished game 1018 (ref-778c7b0 vs cand-474c288): 1-0 {White wins by adjudication}
Started game 1030 of 40000 (ref-778c7b0 vs cand-474c288)
Finished game 1019 (cand-474c288 vs ref-778c7b0): 1-0 {White wins by adjudication}
Started game 1031 of 40000 (cand-474c288 vs ref-778c7b0)
Finished game 1022 (ref-778c7b0 vs cand-474c288): 0-1 {Black wins by adjudication}
Started game 1032 of 40000 (ref-778c7b0 vs cand-474c288)
Finished game 1026 (ref-778c7b0 vs cand-474c288): 1/2-1/2 {Draw by 3-fold repetition}
Started game 1033 of 40000 (cand-474c288 vs ref-778c7b0)
Finished game 1025 (cand-474c288 vs ref-778c7b0): 1-0 {White wins by adjudication}
Started game 1034 of 40000 (ref-778c7b0 vs cand-474c288)
Finished game 1021 (cand-474c288 vs ref-778c7b0): 0-1 {Black wins by adjudication}
Started game 1035 of 40000 (cand-474c288 vs ref-778c7b0)
Finished game 1020 (ref-778c7b0 vs cand-474c288): 1/2-1/2 {Draw by 3-fold repetition}
--------------------------------------------------
Results of cand-474c288 vs ref-778c7b0 (8+0.08, 1t, 16MB, noob_3moves.epd):
Elo: 28.22 +/- 16.57, nElo: 36.44 +/- 21.28
LOS: 99.96 %, DrawRatio: 34.18 %, PairsRatio: 1.36
Games: 1024, Wins: 352, Losses: 269, Draws: 403, Points: 553.5 (54.05 %)
Ptnml(0-2): [32, 111, 175, 130, 64], WL/DD Ratio: 1.16
LLR: 1.43 (48.6%) (-2.94, 2.94) [0.00, 5.00]
--------------------------------------------------
Started game 1036 of 40000 (ref-778c7b0 vs cand-474c288)
Finished game 1023 (cand-474c288 vs ref-778c7b0): 1/2-1/2 {Draw by 3-fold repetition}
Started game 1037 of 40000 (cand-474c288 vs ref-778c7b0)
Finished game 1024 (ref-778c7b0 vs cand-474c288): 1-0 {White wins by adjudication}
Started game 1038 of 40000 (ref-778c7b0 vs cand-474c288)
Finished game 1028 (ref-778c7b0 vs cand-474c288): 0-1 {Black wins by adjudication}
Started game 1039 of 40000 (cand-474c288 vs ref-778c7b0)
Finished game 1030 (ref-778c7b0 vs cand-474c288): 1/2-1/2 {Draw by 3-fold repetition}
Started game 1040 of 40000 (ref-778c7b0 vs cand-474c288)
Finished game 1033 (cand-474c288 vs ref-778c7b0): 0-1 {Black wins by adjudication}
Started game 1041 of 40000 (cand-474c288 vs ref-778c7b0)
Finished game 1029 (cand-474c288 vs ref-778c7b0): 0-1 {Black wins by adjudication}
Started game 1042 of 40000 (ref-778c7b0 vs cand-474c288)
Finished game 1036 (ref-778c7b0 vs cand-474c288): 1-0 {White wins by adjudication}
Started game 1043 of 40000 (cand-474c288 vs ref-778c7b0)
Finished game 1031 (cand-474c288 vs ref-778c7b0): 1/2-1/2 {Draw by insufficient mating material}
Started game 1044 of 40000 (ref-778c7b0 vs cand-474c288)
Finished game 1037 (cand-474c288 vs ref-778c7b0): 1/2-1/2 {Draw by 3-fold repetition}
Started game 1045 of 40000 (cand-474c288 vs ref-778c7b0)
Finished game 1038 (ref-778c7b0 vs cand-474c288): 0-1 {Black wins by adjudication}
Started game 1046 of 40000 (ref-778c7b0 vs cand-474c288)
Finished game 1032 (ref-778c7b0 vs cand-474c288): 1/2-1/2 {Draw by 3-fold repetition}
Started game 1047 of 40000 (cand-474c288 vs ref-778c7b0)
Finished game 1034 (ref-778c7b0 vs cand-474c288): 1-0 {White wins by adjudication}
Started game 1048 of 40000 (ref-778c7b0 vs cand-474c288)
Finished game 1039 (cand-474c288 vs ref-778c7b0): 0-1 {Black wins by adjudication}
Started game 1049 of 40000 (cand-474c288 vs ref-778c7b0)
Finished game 1041 (cand-474c288 vs ref-778c7b0): 1-0 {White wins by adjudication}
Started game 1050 of 40000 (ref-778c7b0 vs cand-474c288)
Finished game 1035 (cand-474c288 vs ref-778c7b0): 1/2-1/2 {Draw by fifty moves rule}
Started game 1051 of 40000 (cand-474c288 vs ref-778c7b0)
Finished game 1043 (cand-474c288 vs ref-778c7b0): 0-1 {Black wins by adjudication}
Started game 1052 of 40000 (ref-778c7b0 vs cand-474c288)
Finished game 1027 (cand-474c288 vs ref-778c7b0): 1/2-1/2 {Draw by fifty moves rule}
Started game 1053 of 40000 (cand-474c288 vs ref-778c7b0)
Finished game 1045 (cand-474c288 vs ref-778c7b0): 1-0 {White wins by adjudication}
Started game 1054 of 40000 (ref-778c7b0 vs cand-474c288)
Finished game 1040 (ref-778c7b0 vs cand-474c288): 1-0 {White wins by adjudication}
--------------------------------------------------
Results of cand-474c288 vs ref-778c7b0 (8+0.08, 1t, 16MB, noob_3moves.epd):
Elo: 26.11 +/- 16.49, nElo: 33.58 +/- 21.12
LOS: 99.91 %, DrawRatio: 33.85 %, PairsRatio: 1.32
Games: 1040, Wins: 354, Losses: 276, Draws: 410, Points: 559.0 (53.75 %)
Ptnml(0-2): [34, 114, 176, 132, 64], WL/DD Ratio: 1.15
LLR: 1.33 (45.2%) (-2.94, 2.94) [0.00, 5.00]
--------------------------------------------------
Started game 1055 of 40000 (cand-474c288 vs ref-778c7b0)
Finished game 1042 (ref-778c7b0 vs cand-474c288): 1/2-1/2 {Draw by 3-fold repetition}
Started game 1056 of 40000 (ref-778c7b0 vs cand-474c288)
Finished game 1047 (cand-474c288 vs ref-778c7b0): 1-0 {White wins by adjudication}
Started game 1057 of 40000 (cand-474c288 vs ref-778c7b0)
Finished game 1049 (cand-474c288 vs ref-778c7b0): 1/2-1/2 {Draw by 3-fold repetition}
Started game 1058 of 40000 (ref-778c7b0 vs cand-474c288)
Finished game 1046 (ref-778c7b0 vs cand-474c288): 1-0 {White wins by adjudication}
Started game 1059 of 40000 (cand-474c288 vs ref-778c7b0)
Finished game 1050 (ref-778c7b0 vs cand-474c288): 0-1 {Black wins by adjudication}
Started game 1060 of 40000 (ref-778c7b0 vs cand-474c288)
Finished game 1051 (cand-474c288 vs ref-778c7b0): 0-1 {Black wins by adjudication}
Started game 1061 of 40000 (cand-474c288 vs ref-778c7b0)
Finished game 1048 (ref-778c7b0 vs cand-474c288): 1/2-1/2 {Draw by 3-fold repetition}
Started game 1062 of 40000 (ref-778c7b0 vs cand-474c288)
Finished game 1044 (ref-778c7b0 vs cand-474c288): 1/2-1/2 {Draw by fifty moves rule}
Started game 1063 of 40000 (cand-474c288 vs ref-778c7b0)
Finished game 1052 (ref-778c7b0 vs cand-474c288): 1-0 {White wins by adjudication}
Started game 1064 of 40000 (ref-778c7b0 vs cand-474c288)
Finished game 1053 (cand-474c288 vs ref-778c7b0): 0-1 {Black wins by adjudication}
Started game 1065 of 40000 (cand-474c288 vs ref-778c7b0)
Finished game 1054 (ref-778c7b0 vs cand-474c288): 0-1 {Black wins by adjudication}
Started game 1066 of 40000 (ref-778c7b0 vs cand-474c288)
Finished game 1055 (cand-474c288 vs ref-778c7b0): 0-1 {Black wins by adjudication}
Started game 1067 of 40000 (cand-474c288 vs ref-778c7b0)
Finished game 1060 (ref-778c7b0 vs cand-474c288): 1/2-1/2 {Draw by 3-fold repetition}
Started game 1068 of 40000 (ref-778c7b0 vs cand-474c288)
Finished game 1057 (cand-474c288 vs ref-778c7b0): 1-0 {White wins by adjudication}
Started game 1069 of 40000 (cand-474c288 vs ref-778c7b0)
Finished game 1065 (cand-474c288 vs ref-778c7b0): 1-0 {White wins by adjudication}
Started game 1070 of 40000 (ref-778c7b0 vs cand-474c288)
Finished game 1058 (ref-778c7b0 vs cand-474c288): 1-0 {White wins by adjudication}
Started game 1071 of 40000 (cand-474c288 vs ref-778c7b0)
Finished game 1063 (cand-474c288 vs ref-778c7b0): 1-0 {White wins by adjudication}
Started game 1072 of 40000 (ref-778c7b0 vs cand-474c288)
Finished game 1061 (cand-474c288 vs ref-778c7b0): 0-1 {Black wins by adjudication}
Started game 1073 of 40000 (cand-474c288 vs ref-778c7b0)
Finished game 1059 (cand-474c288 vs ref-778c7b0): 1/2-1/2 {Draw by adjudication}
--------------------------------------------------
Results of cand-474c288 vs ref-778c7b0 (8+0.08, 1t, 16MB, noob_3moves.epd):
Elo: 25.66 +/- 16.31, nElo: 33.08 +/- 20.94
LOS: 99.90 %, DrawRatio: 34.03 %, PairsRatio: 1.33
Games: 1058, Wins: 360, Losses: 282, Draws: 416, Points: 568.0 (53.69 %)
Ptnml(0-2): [35, 115, 180, 135, 64], WL/DD Ratio: 1.17
LLR: 1.33 (45.2%) (-2.94, 2.94) [0.00, 5.00]
--------------------------------------------------
Started game 1074 of 40000 (ref-778c7b0 vs cand-474c288)
Finished game 1056 (ref-778c7b0 vs cand-474c288): 0-1 {Black wins by adjudication}
Started game 1075 of 40000 (cand-474c288 vs ref-778c7b0)
Finished game 1067 (cand-474c288 vs ref-778c7b0): 1-0 {White wins by adjudication}
Started game 1076 of 40000 (ref-778c7b0 vs cand-474c288)
Finished game 1062 (ref-778c7b0 vs cand-474c288): 1/2-1/2 {Draw by insufficient mating material}
Started game 1077 of 40000 (cand-474c288 vs ref-778c7b0)
Finished game 1070 (ref-778c7b0 vs cand-474c288): 0-1 {Black wins by adjudication}
Started game 1078 of 40000 (ref-778c7b0 vs cand-474c288)
Finished game 1069 (cand-474c288 vs ref-778c7b0): 1-0 {White wins by adjudication}
Started game 1079 of 40000 (cand-474c288 vs ref-778c7b0)
Finished game 1066 (ref-778c7b0 vs cand-474c288): 1/2-1/2 {Draw by insufficient mating material}
Started game 1080 of 40000 (ref-778c7b0 vs cand-474c288)
Finished game 1064 (ref-778c7b0 vs cand-474c288): 1/2-1/2 {Draw by insufficient mating material}
Started game 1081 of 40000 (cand-474c288 vs ref-778c7b0)
Finished game 1068 (ref-778c7b0 vs cand-474c288): 1/2-1/2 {Draw by insufficient mating material}
Started game 1082 of 40000 (ref-778c7b0 vs cand-474c288)
Finished game 1074 (ref-778c7b0 vs cand-474c288): 1-0 {White wins by adjudication}
Started game 1083 of 40000 (cand-474c288 vs ref-778c7b0)
Finished game 1071 (cand-474c288 vs ref-778c7b0): 1-0 {White wins by adjudication}
Started game 1084 of 40000 (ref-778c7b0 vs cand-474c288)
Finished game 1072 (ref-778c7b0 vs cand-474c288): 1/2-1/2 {Draw by 3-fold repetition}
Started game 1085 of 40000 (cand-474c288 vs ref-778c7b0)
Finished game 1075 (cand-474c288 vs ref-778c7b0): 0-1 {Black wins by adjudication}
Started game 1086 of 40000 (ref-778c7b0 vs cand-474c288)
Finished game 1077 (cand-474c288 vs ref-778c7b0): 1/2-1/2 {Draw by 3-fold repetition}
Started game 1087 of 40000 (cand-474c288 vs ref-778c7b0)
Finished game 1076 (ref-778c7b0 vs cand-474c288): 0-1 {Black wins by adjudication}
Started game 1088 of 40000 (ref-778c7b0 vs cand-474c288)
Finished game 1078 (ref-778c7b0 vs cand-474c288): 1-0 {White wins by adjudication}
Started game 1089 of 40000 (cand-474c288 vs ref-778c7b0)
Finished game 1073 (cand-474c288 vs ref-778c7b0): 1/2-1/2 {Draw by insufficient mating material}
Started game 1090 of 40000 (ref-778c7b0 vs cand-474c288)
Finished game 1079 (cand-474c288 vs ref-778c7b0): 1-0 {White wins by adjudication}
Started game 1091 of 40000 (cand-474c288 vs ref-778c7b0)
Finished game 1081 (cand-474c288 vs ref-778c7b0): 1/2-1/2 {Draw by 3-fold repetition}
Started game 1092 of 40000 (ref-778c7b0 vs cand-474c288)
Finished game 1083 (cand-474c288 vs ref-778c7b0): 1/2-1/2 {Draw by 3-fold repetition}
Started game 1093 of 40000 (cand-474c288 vs ref-778c7b0)
Finished game 1087 (cand-474c288 vs ref-778c7b0): 1-0 {White wins by adjudication}
Started game 1094 of 40000 (ref-778c7b0 vs cand-474c288)
Finished game 1086 (ref-778c7b0 vs cand-474c288): 0-1 {Black wins by adjudication}
Started game 1095 of 40000 (cand-474c288 vs ref-778c7b0)
Finished game 1088 (ref-778c7b0 vs cand-474c288): 1-0 {White wins by adjudication}
Started game 1096 of 40000 (ref-778c7b0 vs cand-474c288)
Finished game 1082 (ref-778c7b0 vs cand-474c288): 1-0 {White wins by adjudication}
Started game 1097 of 40000 (cand-474c288 vs ref-778c7b0)
Finished game 1090 (ref-778c7b0 vs cand-474c288): 1-0 {White wins by adjudication}
Started game 1098 of 40000 (ref-778c7b0 vs cand-474c288)
Finished game 1089 (cand-474c288 vs ref-778c7b0): 1/2-1/2 {Draw by insufficient mating material}
Started game 1099 of 40000 (cand-474c288 vs ref-778c7b0)
Finished game 1084 (ref-778c7b0 vs cand-474c288): 0-1 {Black wins by adjudication}
Started game 1100 of 40000 (ref-778c7b0 vs cand-474c288)
Finished game 1085 (cand-474c288 vs ref-778c7b0): 1-0 {White wins by adjudication}
Started game 1101 of 40000 (cand-474c288 vs ref-778c7b0)
Finished game 1091 (cand-474c288 vs ref-778c7b0): 0-1 {Black wins by adjudication}
Started game 1102 of 40000 (ref-778c7b0 vs cand-474c288)
Finished game 1093 (cand-474c288 vs ref-778c7b0): 1/2-1/2 {Draw by adjudication}
Started game 1103 of 40000 (cand-474c288 vs ref-778c7b0)
Finished game 1094 (ref-778c7b0 vs cand-474c288): 1-0 {White wins by adjudication}
Started game 1104 of 40000 (ref-778c7b0 vs cand-474c288)
Finished game 1095 (cand-474c288 vs ref-778c7b0): 0-1 {Black wins by adjudication}
Started game 1105 of 40000 (cand-474c288 vs ref-778c7b0)
Finished game 1080 (ref-778c7b0 vs cand-474c288): 1/2-1/2 {Draw by adjudication}
--------------------------------------------------
Results of cand-474c288 vs ref-778c7b0 (8+0.08, 1t, 16MB, noob_3moves.epd):
Elo: 26.14 +/- 16.05, nElo: 33.72 +/- 20.61
LOS: 99.93 %, DrawRatio: 33.52 %, PairsRatio: 1.33
Games: 1092, Wins: 373, Losses: 291, Draws: 428, Points: 587.0 (53.75 %)
Ptnml(0-2): [35, 121, 183, 141, 66], WL/DD Ratio: 1.20
LLR: 1.40 (47.7%) (-2.94, 2.94) [0.00, 5.00]
--------------------------------------------------
Started game 1106 of 40000 (ref-778c7b0 vs cand-474c288)
Finished game 1096 (ref-778c7b0 vs cand-474c288): 1-0 {White wins by adjudication}
Started game 1107 of 40000 (cand-474c288 vs ref-778c7b0)
Finished game 1098 (ref-778c7b0 vs cand-474c288): 1/2-1/2 {Draw by adjudication}
Started game 1108 of 40000 (ref-778c7b0 vs cand-474c288)
Finished game 1097 (cand-474c288 vs ref-778c7b0): 0-1 {Black wins by adjudication}
Started game 1109 of 40000 (cand-474c288 vs ref-778c7b0)
Finished game 1099 (cand-474c288 vs ref-778c7b0): 0-1 {Black wins by adjudication}
Started game 1110 of 40000 (ref-778c7b0 vs cand-474c288)
Finished game 1104 (ref-778c7b0 vs cand-474c288): 1-0 {White wins by adjudication}
Started game 1111 of 40000 (cand-474c288 vs ref-778c7b0)
Finished game 1102 (ref-778c7b0 vs cand-474c288): 1/2-1/2 {Draw by adjudication}
Started game 1112 of 40000 (ref-778c7b0 vs cand-474c288)
Finished game 1105 (cand-474c288 vs ref-778c7b0): 1-0 {White wins by adjudication}
Started game 1113 of 40000 (cand-474c288 vs ref-778c7b0)
Finished game 1108 (ref-778c7b0 vs cand-474c288): 0-1 {Black wins by adjudication}
Started game 1114 of 40000 (ref-778c7b0 vs cand-474c288)
Finished game 1106 (ref-778c7b0 vs cand-474c288): 1-0 {White wins by adjudication}
Started game 1115 of 40000 (cand-474c288 vs ref-778c7b0)
Finished game 1107 (cand-474c288 vs ref-778c7b0): 0-1 {Black wins by adjudication}
Started game 1116 of 40000 (ref-778c7b0 vs cand-474c288)
Finished game 1100 (ref-778c7b0 vs cand-474c288): 1/2-1/2 {Draw by 3-fold repetition}
--------------------------------------------------
Results of cand-474c288 vs ref-778c7b0 (8+0.08, 1t, 16MB, noob_3moves.epd):
Elo: 24.63 +/- 15.98, nElo: 31.75 +/- 20.51
LOS: 99.88 %, DrawRatio: 33.58 %, PairsRatio: 1.30
Games: 1102, Wins: 375, Losses: 297, Draws: 430, Points: 590.0 (53.54 %)
Ptnml(0-2): [36, 123, 185, 141, 66], WL/DD Ratio: 1.23
LLR: 1.33 (45.1%) (-2.94, 2.94) [0.00, 5.00]
--------------------------------------------------
Started game 1117 of 40000 (cand-474c288 vs ref-778c7b0)
Finished game 1092 (ref-778c7b0 vs cand-474c288): 1/2-1/2 {Draw by 3-fold repetition}
Started game 1118 of 40000 (ref-778c7b0 vs cand-474c288)
Finished game 1103 (cand-474c288 vs ref-778c7b0): 1/2-1/2 {Draw by 3-fold repetition}
Started game 1119 of 40000 (cand-474c288 vs ref-778c7b0)
Finished game 1109 (cand-474c288 vs ref-778c7b0): 1-0 {White wins by adjudication}
Started game 1120 of 40000 (ref-778c7b0 vs cand-474c288)
Finished game 1101 (cand-474c288 vs ref-778c7b0): 1-0 {White wins by adjudication}
Started game 1121 of 40000 (cand-474c288 vs ref-778c7b0)
Finished game 1112 (ref-778c7b0 vs cand-474c288): 0-1 {Black wins by adjudication}
Started game 1122 of 40000 (ref-778c7b0 vs cand-474c288)
Finished game 1115 (cand-474c288 vs ref-778c7b0): 1-0 {White wins by adjudication}
Started game 1123 of 40000 (cand-474c288 vs ref-778c7b0)
Finished game 1110 (ref-778c7b0 vs cand-474c288): 0-1 {Black wins by adjudication}
Started game 1124 of 40000 (ref-778c7b0 vs cand-474c288)
Finished game 1111 (cand-474c288 vs ref-778c7b0): 1/2-1/2 {Draw by 3-fold repetition}
Started game 1125 of 40000 (cand-474c288 vs ref-778c7b0)
Finished game 1113 (cand-474c288 vs ref-778c7b0): 0-1 {Black wins by adjudication}
Started game 1126 of 40000 (ref-778c7b0 vs cand-474c288)
Finished game 1114 (ref-778c7b0 vs cand-474c288): 1/2-1/2 {Draw by adjudication}
Started game 1127 of 40000 (cand-474c288 vs ref-778c7b0)
Finished game 1120 (ref-778c7b0 vs cand-474c288): 0-1 {Black wins by adjudication}
Started game 1128 of 40000 (ref-778c7b0 vs cand-474c288)
Finished game 1119 (cand-474c288 vs ref-778c7b0): 1/2-1/2 {Draw by adjudication}
--------------------------------------------------
Results of cand-474c288 vs ref-778c7b0 (8+0.08, 1t, 16MB, noob_3moves.epd):
Elo: 24.95 +/- 15.89, nElo: 32.13 +/- 20.38
LOS: 99.90 %, DrawRatio: 33.15 %, PairsRatio: 1.30
Games: 1116, Wins: 380, Losses: 300, Draws: 436, Points: 598.0 (53.58 %)
Ptnml(0-2): [36, 126, 185, 144, 67], WL/DD Ratio: 1.23
LLR: 1.36 (46.3%) (-2.94, 2.94) [0.00, 5.00]
--------------------------------------------------
Started game 1129 of 40000 (cand-474c288 vs ref-778c7b0)
Finished game 1121 (cand-474c288 vs ref-778c7b0): 1/2-1/2 {Draw by 3-fold repetition}
Started game 1130 of 40000 (ref-778c7b0 vs cand-474c288)
Finished game 1116 (ref-778c7b0 vs cand-474c288): 1/2-1/2 {Draw by adjudication}
Started game 1131 of 40000 (cand-474c288 vs ref-778c7b0)
Finished game 1117 (cand-474c288 vs ref-778c7b0): 1/2-1/2 {Draw by 3-fold repetition}
Started game 1132 of 40000 (ref-778c7b0 vs cand-474c288)
Finished game 1118 (ref-778c7b0 vs cand-474c288): 1/2-1/2 {Draw by 3-fold repetition}
Started game 1133 of 40000 (cand-474c288 vs ref-778c7b0)
Finished game 1122 (ref-778c7b0 vs cand-474c288): 1-0 {White wins by adjudication}
Started game 1134 of 40000 (ref-778c7b0 vs cand-474c288)
Finished game 1123 (cand-474c288 vs ref-778c7b0): 1-0 {White wins by adjudication}
Started game 1135 of 40000 (cand-474c288 vs ref-778c7b0)
Finished game 1124 (ref-778c7b0 vs cand-474c288): 0-1 {Black wins by adjudication}
Started game 1136 of 40000 (ref-778c7b0 vs cand-474c288)
Finished game 1133 (cand-474c288 vs ref-778c7b0): 1/2-1/2 {Draw by 3-fold repetition}
Started game 1137 of 40000 (cand-474c288 vs ref-778c7b0)
Warning; Incomplete mating PV - from ref-778c7b0
Info; info score mate -9 time 0 depth 1 nodes 4 nps 400000 pv f2f1 
Position; fen rnbqkbnr/1p1p1ppp/p3p3/2p5/P7/2P1P3/1P1P1PPP/RNBQKBNR w KQkq - 0 4
Moves; f1e2 d7d5 d2d4 g8f6 g1f3 b8d7 e1g1 f8d6 b2b4 b7b6 a4a5 c8b7 c1a3 e8g8 a5b6 c5c4 b1d2 d8b6 d1c2 f8e8 h2h3 e6e5 d4e5 d7e5 f3d4 d6c7 d4f5 f6e4 a3b2 b6g6 f5h4 g6b6 h4f5 b6g6 f5d4 b7c8 d2e4 d5e4 g1h1 e5d3 c2d2 c8b7 e2g4 g6d6 g2g3 a8d8 h1h2 d6g6 d2c2 h7h5 g4f5 g6f6 b4b5 a6b5 a1a7 f6b6 f1a1 g7g6 f2f4 e4f3 f5d3 c7g3 h2g3 b6d6 g3f2 d6h2
Warning; Incomplete mating PV - from ref-778c7b0
Info; info score mate -9 time 2 depth 6 nodes 4431 nps 2204477 pv f2f1 h2h1 f1f2 h1g2 f2e1 g2g1 
Position; fen rnbqkbnr/1p1p1ppp/p3p3/2p5/P7/2P1P3/1P1P1PPP/RNBQKBNR w KQkq - 0 4
Moves; f1e2 d7d5 d2d4 g8f6 g1f3 b8d7 e1g1 f8d6 b2b4 b7b6 a4a5 c8b7 c1a3 e8g8 a5b6 c5c4 b1d2 d8b6 d1c2 f8e8 h2h3 e6e5 d4e5 d7e5 f3d4 d6c7 d4f5 f6e4 a3b2 b6g6 f5h4 g6b6 h4f5 b6g6 f5d4 b7c8 d2e4 d5e4 g1h1 e5d3 c2d2 c8b7 e2g4 g6d6 g2g3 a8d8 h1h2 d6g6 d2c2 h7h5 g4f5 g6f6 b4b5 a6b5 a1a7 f6b6 f1a1 g7g6 f2f4 e4f3 f5d3 c7g3 h2g3 b6d6 g3f2 d6h2
Warning; Incomplete mating PV - from ref-778c7b0
Info; info score mate -9 time 6 depth 7 nodes 9478 nps 1453235 pv f2f1 h2h1 f1f2 h1g2 f2e1 g2g1 d3f1 
Position; fen rnbqkbnr/1p1p1ppp/p3p3/2p5/P7/2P1P3/1P1P1PPP/RNBQKBNR w KQkq - 0 4
Moves; f1e2 d7d5 d2d4 g8f6 g1f3 b8d7 e1g1 f8d6 b2b4 b7b6 a4a5 c8b7 c1a3 e8g8 a5b6 c5c4 b1d2 d8b6 d1c2 f8e8 h2h3 e6e5 d4e5 d7e5 f3d4 d6c7 d4f5 f6e4 a3b2 b6g6 f5h4 g6b6 h4f5 b6g6 f5d4 b7c8 d2e4 d5e4 g1h1 e5d3 c2d2 c8b7 e2g4 g6d6 g2g3 a8d8 h1h2 d6g6 d2c2 h7h5 g4f5 g6f6 b4b5 a6b5 a1a7 f6b6 f1a1 g7g6 f2f4 e4f3 f5d3 c7g3 h2g3 b6d6 g3f2 d6h2
Warning; Incomplete mating PV - from ref-778c7b0
Info; info score mate -9 time 12 depth 8 nodes 20993 nps 1720878 pv f2f1 h2h1 f1f2 h1g2 f2e1 g2g1 d3f1 g1e3 
Position; fen rnbqkbnr/1p1p1ppp/p3p3/2p5/P7/2P1P3/1P1P1PPP/RNBQKBNR w KQkq - 0 4
Moves; f1e2 d7d5 d2d4 g8f6 g1f3 b8d7 e1g1 f8d6 b2b4 b7b6 a4a5 c8b7 c1a3 e8g8 a5b6 c5c4 b1d2 d8b6 d1c2 f8e8 h2h3 e6e5 d4e5 d7e5 f3d4 d6c7 d4f5 f6e4 a3b2 b6g6 f5h4 g6b6 h4f5 b6g6 f5d4 b7c8 d2e4 d5e4 g1h1 e5d3 c2d2 c8b7 e2g4 g6d6 g2g3 a8d8 h1h2 d6g6 d2c2 h7h5 g4f5 g6f6 b4b5 a6b5 a1a7 f6b6 f1a1 g7g6 f2f4 e4f3 f5d3 c7g3 h2g3 b6d6 g3f2 d6h2
Warning; Incomplete mating PV - from ref-778c7b0
Info; info score mate -9 time 19 depth 9 nodes 46208 nps 2424344 pv f2f1 h2h1 f1f2 h1g2 f2e1 g2g1 d3f1 g1e3 c2e2 
Position; fen rnbqkbnr/1p1p1ppp/p3p3/2p5/P7/2P1P3/1P1P1PPP/RNBQKBNR w KQkq - 0 4
Moves; f1e2 d7d5 d2d4 g8f6 g1f3 b8d7 e1g1 f8d6 b2b4 b7b6 a4a5 c8b7 c1a3 e8g8 a5b6 c5c4 b1d2 d8b6 d1c2 f8e8 h2h3 e6e5 d4e5 d7e5 f3d4 d6c7 d4f5 f6e4 a3b2 b6g6 f5h4 g6b6 h4f5 b6g6 f5d4 b7c8 d2e4 d5e4 g1h1 e5d3 c2d2 c8b7 e2g4 g6d6 g2g3 a8d8 h1h2 d6g6 d2c2 h7h5 g4f5 g6f6 b4b5 a6b5 a1a7 f6b6 f1a1 g7g6 f2f4 e4f3 f5d3 c7g3 h2g3 b6d6 g3f2 d6h2
Finished game 1127 (cand-474c288 vs ref-778c7b0): 1-0 {White wins by adjudication}
Started game 1138 of 40000 (ref-778c7b0 vs cand-474c288)
Finished game 1126 (ref-778c7b0 vs cand-474c288): 1/2-1/2 {Draw by adjudication}
Started game 1139 of 40000 (cand-474c288 vs ref-778c7b0)
Warning; Incomplete mating PV - from cand-474c288
Info; info score mate 7 time 0 depth 1 nodes 46 nps 2190476 pv h2g1 
Position; fen rnbqkbnr/1p1p1ppp/p3p3/2p5/P7/2P1P3/1P1P1PPP/RNBQKBNR w KQkq - 0 4
Moves; f1e2 d7d5 d2d4 g8f6 g1f3 b8d7 e1g1 f8d6 b2b4 b7b6 a4a5 c8b7 c1a3 e8g8 a5b6 c5c4 b1d2 d8b6 d1c2 f8e8 h2h3 e6e5 d4e5 d7e5 f3d4 d6c7 d4f5 f6e4 a3b2 b6g6 f5h4 g6b6 h4f5 b6g6 f5d4 b7c8 d2e4 d5e4 g1h1 e5d3 c2d2 c8b7 e2g4 g6d6 g2g3 a8d8 h1h2 d6g6 d2c2 h7h5 g4f5 g6f6 b4b5 a6b5 a1a7 f6b6 f1a1 g7g6 f2f4 e4f3 f5d3 c7g3 h2g3 b6d6 g3f2 d6h2 f2e1
Finished game 1132 (ref-778c7b0 vs cand-474c288): 0-1 {Black wins by adjudication}
Started game 1140 of 40000 (ref-778c7b0 vs cand-474c288)
Finished game 1125 (cand-474c288 vs ref-778c7b0): 0-1 {Black wins by adjudication}
Started game 1141 of 40000 (cand-474c288 vs ref-778c7b0)
Finished game 1128 (ref-778c7b0 vs cand-474c288): 0-1 {Black wins by adjudication}
Started game 1142 of 40000 (ref-778c7b0 vs cand-474c288)
Finished game 1129 (cand-474c288 vs ref-778c7b0): 1/2-1/2 {Draw by 3-fold repetition}
Started game 1143 of 40000 (cand-474c288 vs ref-778c7b0)
Finished game 1130 (ref-778c7b0 vs cand-474c288): 1/2-1/2 {Draw by adjudication}
Started game 1144 of 40000 (ref-778c7b0 vs cand-474c288)
Finished game 1135 (cand-474c288 vs ref-778c7b0): 0-1 {Black wins by adjudication}
Started game 1145 of 40000 (cand-474c288 vs ref-778c7b0)
Finished game 1138 (ref-778c7b0 vs cand-474c288): 1/2-1/2 {Draw by 3-fold repetition}
Started game 1146 of 40000 (ref-778c7b0 vs cand-474c288)
Finished game 1137 (cand-474c288 vs ref-778c7b0): 0-1 {Black wins by adjudication}
Started game 1147 of 40000 (cand-474c288 vs ref-778c7b0)
Finished game 1136 (ref-778c7b0 vs cand-474c288): 1-0 {White wins by adjudication}
Started game 1148 of 40000 (ref-778c7b0 vs cand-474c288)
Finished game 1142 (ref-778c7b0 vs cand-474c288): 1/2-1/2 {Draw by 3-fold repetition}
Started game 1149 of 40000 (cand-474c288 vs ref-778c7b0)
Finished game 1134 (ref-778c7b0 vs cand-474c288): 1/2-1/2 {Draw by fifty moves rule}
Started game 1150 of 40000 (ref-778c7b0 vs cand-474c288)
Finished game 1143 (cand-474c288 vs ref-778c7b0): 1-0 {White wins by adjudication}
Started game 1151 of 40000 (cand-474c288 vs ref-778c7b0)
Finished game 1141 (cand-474c288 vs ref-778c7b0): 0-1 {Black wins by adjudication}
Started game 1152 of 40000 (ref-778c7b0 vs cand-474c288)
Finished game 1140 (ref-778c7b0 vs cand-474c288): 0-1 {Black wins by adjudication}
Started game 1153 of 40000 (cand-474c288 vs ref-778c7b0)
Finished game 1144 (ref-778c7b0 vs cand-474c288): 1/2-1/2 {Draw by 3-fold repetition}
Started game 1154 of 40000 (ref-778c7b0 vs cand-474c288)
Finished game 1131 (cand-474c288 vs ref-778c7b0): 1/2-1/2 {Draw by fifty moves rule}
Started game 1155 of 40000 (cand-474c288 vs ref-778c7b0)
Finished game 1145 (cand-474c288 vs ref-778c7b0): 1-0 {White wins by adjudication}
Started game 1156 of 40000 (ref-778c7b0 vs cand-474c288)
Finished game 1147 (cand-474c288 vs ref-778c7b0): 0-1 {Black wins by adjudication}
Started game 1157 of 40000 (cand-474c288 vs ref-778c7b0)
Finished game 1139 (cand-474c288 vs ref-778c7b0): 1/2-1/2 {Draw by adjudication}
--------------------------------------------------
Results of cand-474c288 vs ref-778c7b0 (8+0.08, 1t, 16MB, noob_3moves.epd):
Elo: 24.95 +/- 15.73, nElo: 32.06 +/- 20.13
LOS: 99.91 %, DrawRatio: 32.87 %, PairsRatio: 1.30
Games: 1144, Wins: 388, Losses: 306, Draws: 450, Points: 613.0 (53.58 %)
Ptnml(0-2): [37, 130, 188, 148, 69], WL/DD Ratio: 1.19
LLR: 1.39 (47.4%) (-2.94, 2.94) [0.00, 5.00]
--------------------------------------------------
Started game 1158 of 40000 (ref-778c7b0 vs cand-474c288)
Finished game 1148 (ref-778c7b0 vs cand-474c288): 0-1 {Black wins by adjudication}
Started game 1159 of 40000 (cand-474c288 vs ref-778c7b0)
Finished game 1146 (ref-778c7b0 vs cand-474c288): 1/2-1/2 {Draw by 3-fold repetition}
Started game 1160 of 40000 (ref-778c7b0 vs cand-474c288)
Finished game 1149 (cand-474c288 vs ref-778c7b0): 1-0 {White wins by adjudication}
Started game 1161 of 40000 (cand-474c288 vs ref-778c7b0)
Finished game 1152 (ref-778c7b0 vs cand-474c288): 1-0 {White wins by adjudication}
Started game 1162 of 40000 (ref-778c7b0 vs cand-474c288)
Finished game 1151 (cand-474c288 vs ref-778c7b0): 1/2-1/2 {Draw by 3-fold repetition}
Started game 1163 of 40000 (cand-474c288 vs ref-778c7b0)
Finished game 1150 (ref-778c7b0 vs cand-474c288): 1-0 {White wins by adjudication}
Started game 1164 of 40000 (ref-778c7b0 vs cand-474c288)
Finished game 1156 (ref-778c7b0 vs cand-474c288): 1-0 {White wins by adjudication}
Started game 1165 of 40000 (cand-474c288 vs ref-778c7b0)
Finished game 1154 (ref-778c7b0 vs cand-474c288): 1-0 {White wins by adjudication}
Started game 1166 of 40000 (ref-778c7b0 vs cand-474c288)
Finished game 1161 (cand-474c288 vs ref-778c7b0): 1-0 {White wins by adjudication}
Started game 1167 of 40000 (cand-474c288 vs ref-778c7b0)
Finished game 1155 (cand-474c288 vs ref-778c7b0): 1-0 {White wins by adjudication}
Started game 1168 of 40000 (ref-778c7b0 vs cand-474c288)
Finished game 1157 (cand-474c288 vs ref-778c7b0): 1/2-1/2 {Draw by 3-fold repetition}
Started game 1169 of 40000 (cand-474c288 vs ref-778c7b0)
Finished game 1159 (cand-474c288 vs ref-778c7b0): 1-0 {White wins by adjudication}
Started game 1170 of 40000 (ref-778c7b0 vs cand-474c288)
Finished game 1153 (cand-474c288 vs ref-778c7b0): 1/2-1/2 {Draw by 3-fold repetition}
Started game 1171 of 40000 (cand-474c288 vs ref-778c7b0)
Finished game 1160 (ref-778c7b0 vs cand-474c288): 1-0 {White wins by adjudication}
--------------------------------------------------
Results of cand-474c288 vs ref-778c7b0 (8+0.08, 1t, 16MB, noob_3moves.epd):
Elo: 24.34 +/- 15.57, nElo: 31.40 +/- 20.01
LOS: 99.89 %, DrawRatio: 33.16 %, PairsRatio: 1.29
Games: 1158, Wins: 393, Losses: 312, Draws: 453, Points: 619.5 (53.50 %)
Ptnml(0-2): [37, 132, 192, 149, 69], WL/DD Ratio: 1.23
LLR: 1.38 (46.9%) (-2.94, 2.94) [0.00, 5.00]
--------------------------------------------------
Started game 1172 of 40000 (ref-778c7b0 vs cand-474c288)
Finished game 1162 (ref-778c7b0 vs cand-474c288): 0-1 {Black wins by adjudication}
Started game 1173 of 40000 (cand-474c288 vs ref-778c7b0)
Finished game 1164 (ref-778c7b0 vs cand-474c288): 1/2-1/2 {Draw by 3-fold repetition}
Started game 1174 of 40000 (ref-778c7b0 vs cand-474c288)
Finished game 1158 (ref-778c7b0 vs cand-474c288): 1-0 {White wins by adjudication}
Started game 1175 of 40000 (cand-474c288 vs ref-778c7b0)
Finished game 1163 (cand-474c288 vs ref-778c7b0): 1-0 {White wins by adjudication}
Started game 1176 of 40000 (ref-778c7b0 vs cand-474c288)
Finished game 1165 (cand-474c288 vs ref-778c7b0): 1-0 {White wins by adjudication}
Started game 1177 of 40000 (cand-474c288 vs ref-778c7b0)
Finished game 1170 (ref-778c7b0 vs cand-474c288): 1/2-1/2 {Draw by 3-fold repetition}
Started game 1178 of 40000 (ref-778c7b0 vs cand-474c288)
Finished game 1166 (ref-778c7b0 vs cand-474c288): 1/2-1/2 {Draw by insufficient mating material}
Started game 1179 of 40000 (cand-474c288 vs ref-778c7b0)
Finished game 1167 (cand-474c288 vs ref-778c7b0): 1-0 {White wins by adjudication}
Started game 1180 of 40000 (ref-778c7b0 vs cand-474c288)
Finished game 1169 (cand-474c288 vs ref-778c7b0): 1-0 {White wins by adjudication}
Started game 1181 of 40000 (cand-474c288 vs ref-778c7b0)
Finished game 1175 (cand-474c288 vs ref-778c7b0): 0-1 {Black wins by adjudication}
Started game 1182 of 40000 (ref-778c7b0 vs cand-474c288)
Finished game 1173 (cand-474c288 vs ref-778c7b0): 0-1 {Black wins by adjudication}
Started game 1183 of 40000 (cand-474c288 vs ref-778c7b0)
Finished game 1174 (ref-778c7b0 vs cand-474c288): 1/2-1/2 {Draw by 3-fold repetition}
Started game 1184 of 40000 (ref-778c7b0 vs cand-474c288)
Finished game 1168 (ref-778c7b0 vs cand-474c288): 1/2-1/2 {Draw by 3-fold repetition}
Started game 1185 of 40000 (cand-474c288 vs ref-778c7b0)
Finished game 1172 (ref-778c7b0 vs cand-474c288): 1/2-1/2 {Draw by adjudication}
Started game 1186 of 40000 (ref-778c7b0 vs cand-474c288)
Finished game 1176 (ref-778c7b0 vs cand-474c288): 1-0 {White wins by adjudication}
Started game 1187 of 40000 (cand-474c288 vs ref-778c7b0)
Finished game 1171 (cand-474c288 vs ref-778c7b0): 1/2-1/2 {Draw by adjudication}
Started game 1188 of 40000 (ref-778c7b0 vs cand-474c288)
Finished game 1179 (cand-474c288 vs ref-778c7b0): 1/2-1/2 {Draw by 3-fold repetition}
Started game 1189 of 40000 (cand-474c288 vs ref-778c7b0)
Finished game 1177 (cand-474c288 vs ref-778c7b0): 1/2-1/2 {Draw by 3-fold repetition}
Started game 1190 of 40000 (ref-778c7b0 vs cand-474c288)
Finished game 1182 (ref-778c7b0 vs cand-474c288): 1/2-1/2 {Draw by 3-fold repetition}
Started game 1191 of 40000 (cand-474c288 vs ref-778c7b0)
Finished game 1178 (ref-778c7b0 vs cand-474c288): 0-1 {Black wins by adjudication}
Started game 1192 of 40000 (ref-778c7b0 vs cand-474c288)
Finished game 1180 (ref-778c7b0 vs cand-474c288): 1-0 {White wins by adjudication}
--------------------------------------------------
Results of cand-474c288 vs ref-778c7b0 (8+0.08, 1t, 16MB, noob_3moves.epd):
Elo: 24.48 +/- 15.46, nElo: 31.52 +/- 19.82
LOS: 99.91 %, DrawRatio: 32.71 %, PairsRatio: 1.29
Games: 1180, Wins: 400, Losses: 317, Draws: 463, Points: 631.5 (53.52 %)
Ptnml(0-2): [38, 135, 193, 154, 70], WL/DD Ratio: 1.22
LLR: 1.41 (48.0%) (-2.94, 2.94) [0.00, 5.00]
--------------------------------------------------
Started game 1193 of 40000 (cand-474c288 vs ref-778c7b0)
Finished game 1181 (cand-474c288 vs ref-778c7b0): 1/2-1/2 {Draw by adjudication}
Started game 1194 of 40000 (ref-778c7b0 vs cand-474c288)
Finished game 1193 (cand-474c288 vs ref-778c7b0): 1/2-1/2 {Draw by 3-fold repetition}
Started game 1195 of 40000 (cand-474c288 vs ref-778c7b0)
Finished game 1184 (ref-778c7b0 vs cand-474c288): 0-1 {Black wins by adjudication}
Started game 1196 of 40000 (ref-778c7b0 vs cand-474c288)
Finished game 1186 (ref-778c7b0 vs cand-474c288): 0-1 {Black wins by adjudication}
Started game 1197 of 40000 (cand-474c288 vs ref-778c7b0)
Finished game 1185 (cand-474c288 vs ref-778c7b0): 1/2-1/2 {Draw by 3-fold repetition}
Started game 1198 of 40000 (ref-778c7b0 vs cand-474c288)
Finished game 1187 (cand-474c288 vs ref-778c7b0): 1-0 {White wins by adjudication}
Started game 1199 of 40000 (cand-474c288 vs ref-778c7b0)
Finished game 1189 (cand-474c288 vs ref-778c7b0): 1-0 {White wins by adjudication}
Started game 1200 of 40000 (ref-778c7b0 vs cand-474c288)
Finished game 1190 (ref-778c7b0 vs cand-474c288): 1-0 {White wins by adjudication}
Started game 1201 of 40000 (cand-474c288 vs ref-778c7b0)
Finished game 1191 (cand-474c288 vs ref-778c7b0): 0-1 {Black wins by adjudication}
Started game 1202 of 40000 (ref-778c7b0 vs cand-474c288)
Finished game 1183 (cand-474c288 vs ref-778c7b0): 1/2-1/2 {Draw by 3-fold repetition}
Started game 1203 of 40000 (cand-474c288 vs ref-778c7b0)
Finished game 1192 (ref-778c7b0 vs cand-474c288): 1-0 {White wins by adjudication}
Started game 1204 of 40000 (ref-778c7b0 vs cand-474c288)
Finished game 1188 (ref-778c7b0 vs cand-474c288): 1/2-1/2 {Draw by 3-fold repetition}
Started game 1205 of 40000 (cand-474c288 vs ref-778c7b0)
Finished game 1194 (ref-778c7b0 vs cand-474c288): 1/2-1/2 {Draw by 3-fold repetition}
Started game 1206 of 40000 (ref-778c7b0 vs cand-474c288)
Finished game 1202 (ref-778c7b0 vs cand-474c288): 1/2-1/2 {Draw by 3-fold repetition}
Started game 1207 of 40000 (cand-474c288 vs ref-778c7b0)
Finished game 1195 (cand-474c288 vs ref-778c7b0): 1/2-1/2 {Draw by 3-fold repetition}
Started game 1208 of 40000 (ref-778c7b0 vs cand-474c288)
Finished game 1197 (cand-474c288 vs ref-778c7b0): 1/2-1/2 {Draw by adjudication}
Started game 1209 of 40000 (cand-474c288 vs ref-778c7b0)
Finished game 1199 (cand-474c288 vs ref-778c7b0): 1/2-1/2 {Draw by 3-fold repetition}
Started game 1210 of 40000 (ref-778c7b0 vs cand-474c288)
Finished game 1204 (ref-778c7b0 vs cand-474c288): 1-0 {White wins by adjudication}
Started game 1211 of 40000 (cand-474c288 vs ref-778c7b0)
Finished game 1196 (ref-778c7b0 vs cand-474c288): 1-0 {White wins by adjudication}
Started game 1212 of 40000 (ref-778c7b0 vs cand-474c288)
Finished game 1198 (ref-778c7b0 vs cand-474c288): 0-1 {Black wins by adjudication}
Started game 1213 of 40000 (cand-474c288 vs ref-778c7b0)
Finished game 1203 (cand-474c288 vs ref-778c7b0): 0-1 {Black wins by adjudication}
Started game 1214 of 40000 (ref-778c7b0 vs cand-474c288)
Finished game 1205 (cand-474c288 vs ref-778c7b0): 0-1 {Black wins by adjudication}
Started game 1215 of 40000 (cand-474c288 vs ref-778c7b0)
Finished game 1206 (ref-778c7b0 vs cand-474c288): 1/2-1/2 {Draw by adjudication}
Started game 1216 of 40000 (ref-778c7b0 vs cand-474c288)
Finished game 1201 (cand-474c288 vs ref-778c7b0): 1-0 {White wins by adjudication}
Started game 1217 of 40000 (cand-474c288 vs ref-778c7b0)
Finished game 1212 (ref-778c7b0 vs cand-474c288): 0-1 {Black wins by adjudication}
Started game 1218 of 40000 (ref-778c7b0 vs cand-474c288)
Finished game 1209 (cand-474c288 vs ref-778c7b0): 0-1 {Black wins by adjudication}
Started game 1219 of 40000 (cand-474c288 vs ref-778c7b0)
Finished game 1207 (cand-474c288 vs ref-778c7b0): 1-0 {White wins by adjudication}
Started game 1220 of 40000 (ref-778c7b0 vs cand-474c288)
Finished game 1211 (cand-474c288 vs ref-778c7b0): 0-1 {Black wins by adjudication}
Started game 1221 of 40000 (cand-474c288 vs ref-778c7b0)
Finished game 1208 (ref-778c7b0 vs cand-474c288): 0-1 {Black wins by adjudication}
Started game 1222 of 40000 (ref-778c7b0 vs cand-474c288)
Finished game 1200 (ref-778c7b0 vs cand-474c288): 1/2-1/2 {Draw by insufficient mating material}
--------------------------------------------------
Results of cand-474c288 vs ref-778c7b0 (8+0.08, 1t, 16MB, noob_3moves.epd):
Elo: 24.16 +/- 15.27, nElo: 31.09 +/- 19.58
LOS: 99.91 %, DrawRatio: 32.73 %, PairsRatio: 1.30
Games: 1210, Wins: 409, Losses: 325, Draws: 476, Points: 647.0 (53.47 %)
Ptnml(0-2): [40, 137, 198, 159, 71], WL/DD Ratio: 1.20
LLR: 1.43 (48.4%) (-2.94, 2.94) [0.00, 5.00]
--------------------------------------------------
Started game 1223 of 40000 (cand-474c288 vs ref-778c7b0)
Finished game 1219 (cand-474c288 vs ref-778c7b0): 1/2-1/2 {Draw by 3-fold repetition}
Started game 1224 of 40000 (ref-778c7b0 vs cand-474c288)
Finished game 1213 (cand-474c288 vs ref-778c7b0): 1-0 {White wins by adjudication}
Started game 1225 of 40000 (cand-474c288 vs ref-778c7b0)
Finished game 1214 (ref-778c7b0 vs cand-474c288): 1-0 {White wins by adjudication}
Started game 1226 of 40000 (ref-778c7b0 vs cand-474c288)
Finished game 1218 (ref-778c7b0 vs cand-474c288): 0-1 {Black wins by adjudication}
Started game 1227 of 40000 (cand-474c288 vs ref-778c7b0)
Finished game 1217 (cand-474c288 vs ref-778c7b0): 0-1 {Black wins by adjudication}
Started game 1228 of 40000 (ref-778c7b0 vs cand-474c288)
Finished game 1221 (cand-474c288 vs ref-778c7b0): 1/2-1/2 {Draw by 3-fold repetition}
Started game 1229 of 40000 (cand-474c288 vs ref-778c7b0)
Finished game 1224 (ref-778c7b0 vs cand-474c288): 0-1 {Black wins by adjudication}
Started game 1230 of 40000 (ref-778c7b0 vs cand-474c288)
Finished game 1222 (ref-778c7b0 vs cand-474c288): 0-1 {Black wins by adjudication}
Started game 1231 of 40000 (cand-474c288 vs ref-778c7b0)
Finished game 1210 (ref-778c7b0 vs cand-474c288): 1/2-1/2 {Draw by adjudication}
Started game 1232 of 40000 (ref-778c7b0 vs cand-474c288)
Finished game 1215 (cand-474c288 vs ref-778c7b0): 1/2-1/2 {Draw by 3-fold repetition}
Started game 1233 of 40000 (cand-474c288 vs ref-778c7b0)
Finished game 1220 (ref-778c7b0 vs cand-474c288): 1-0 {White wins by adjudication}
--------------------------------------------------
Results of cand-474c288 vs ref-778c7b0 (8+0.08, 1t, 16MB, noob_3moves.epd):
Elo: 23.67 +/- 15.18, nElo: 30.52 +/- 19.50
LOS: 99.89 %, DrawRatio: 32.79 %, PairsRatio: 1.29
Games: 1220, Wins: 412, Losses: 329, Draws: 479, Points: 651.5 (53.40 %)
Ptnml(0-2): [40, 139, 200, 160, 71], WL/DD Ratio: 1.22
LLR: 1.41 (47.9%) (-2.94, 2.94) [0.00, 5.00]
--------------------------------------------------
Started game 1234 of 40000 (ref-778c7b0 vs cand-474c288)
Finished game 1223 (cand-474c288 vs ref-778c7b0): 0-1 {Black wins by adjudication}
Started game 1235 of 40000 (cand-474c288 vs ref-778c7b0)
Finished game 1216 (ref-778c7b0 vs cand-474c288): 1/2-1/2 {Draw by 3-fold repetition}
Started game 1236 of 40000 (ref-778c7b0 vs cand-474c288)
Finished game 1228 (ref-778c7b0 vs cand-474c288): 0-1 {Black wins by adjudication}
Started game 1237 of 40000 (cand-474c288 vs ref-778c7b0)
Finished game 1231 (cand-474c288 vs ref-778c7b0): 0-1 {Black wins by adjudication}
Started game 1238 of 40000 (ref-778c7b0 vs cand-474c288)
Finished game 1229 (cand-474c288 vs ref-778c7b0): 1/2-1/2 {Draw by 3-fold repetition}
Started game 1239 of 40000 (cand-474c288 vs ref-778c7b0)
Finished game 1226 (ref-778c7b0 vs cand-474c288): 1/2-1/2 {Draw by adjudication}
Started game 1240 of 40000 (ref-778c7b0 vs cand-474c288)
Finished game 1225 (cand-474c288 vs ref-778c7b0): 1/2-1/2 {Draw by 3-fold repetition}
Started game 1241 of 40000 (cand-474c288 vs ref-778c7b0)
Finished game 1232 (ref-778c7b0 vs cand-474c288): 0-1 {Black wins by adjudication}
Started game 1242 of 40000 (ref-778c7b0 vs cand-474c288)
Finished game 1233 (cand-474c288 vs ref-778c7b0): 0-1 {Black wins by adjudication}
Started game 1243 of 40000 (cand-474c288 vs ref-778c7b0)
Finished game 1235 (cand-474c288 vs ref-778c7b0): 0-1 {Black wins by adjudication}
Started game 1244 of 40000 (ref-778c7b0 vs cand-474c288)
Finished game 1230 (ref-778c7b0 vs cand-474c288): 1/2-1/2 {Draw by adjudication}
Started game 1245 of 40000 (cand-474c288 vs ref-778c7b0)
Finished game 1227 (cand-474c288 vs ref-778c7b0): 1/2-1/2 {Draw by fifty moves rule}
Started game 1246 of 40000 (ref-778c7b0 vs cand-474c288)
Finished game 1234 (ref-778c7b0 vs cand-474c288): 1/2-1/2 {Draw by 3-fold repetition}
Started game 1247 of 40000 (cand-474c288 vs ref-778c7b0)
Finished game 1236 (ref-778c7b0 vs cand-474c288): 1/2-1/2 {Draw by adjudication}
Started game 1248 of 40000 (ref-778c7b0 vs cand-474c288)
Finished game 1237 (cand-474c288 vs ref-778c7b0): 0-1 {Black wins by adjudication}
Started game 1249 of 40000 (cand-474c288 vs ref-778c7b0)
Finished game 1238 (ref-778c7b0 vs cand-474c288): 1-0 {White wins by adjudication}
Started game 1250 of 40000 (ref-778c7b0 vs cand-474c288)
Finished game 1246 (ref-778c7b0 vs cand-474c288): 1-0 {White wins by adjudication}
Started game 1251 of 40000 (cand-474c288 vs ref-778c7b0)
Finished game 1247 (cand-474c288 vs ref-778c7b0): 1-0 {White wins by adjudication}
Started game 1252 of 40000 (ref-778c7b0 vs cand-474c288)
Finished game 1240 (ref-778c7b0 vs cand-474c288): 0-1 {Black wins by adjudication}
Started game 1253 of 40000 (cand-474c288 vs ref-778c7b0)
Finished game 1243 (cand-474c288 vs ref-778c7b0): 0-1 {Black wins by adjudication}
Started game 1254 of 40000 (ref-778c7b0 vs cand-474c288)
Finished game 1244 (ref-778c7b0 vs cand-474c288): 1-0 {White wins by adjudication}
Started game 1255 of 40000 (cand-474c288 vs ref-778c7b0)
Finished game 1245 (cand-474c288 vs ref-778c7b0): 0-1 {Black wins by adjudication}
Started game 1256 of 40000 (ref-778c7b0 vs cand-474c288)
Finished game 1239 (cand-474c288 vs ref-778c7b0): 0-1 {Black wins by adjudication}
--------------------------------------------------
Results of cand-474c288 vs ref-778c7b0 (8+0.08, 1t, 16MB, noob_3moves.epd):
Elo: 21.25 +/- 15.04, nElo: 27.36 +/- 19.31
LOS: 99.73 %, DrawRatio: 33.12 %, PairsRatio: 1.26
Games: 1244, Wins: 416, Losses: 340, Draws: 488, Points: 660.0 (53.05 %)
Ptnml(0-2): [43, 141, 206, 161, 71], WL/DD Ratio: 1.22
LLR: 1.28 (43.3%) (-2.94, 2.94) [0.00, 5.00]
--------------------------------------------------
Started game 1257 of 40000 (cand-474c288 vs ref-778c7b0)
Finished game 1241 (cand-474c288 vs ref-778c7b0): 1-0 {White wins by adjudication}
Started game 1258 of 40000 (ref-778c7b0 vs cand-474c288)
Finished game 1242 (ref-778c7b0 vs cand-474c288): 1/2-1/2 {Draw by 3-fold repetition}
Started game 1259 of 40000 (cand-474c288 vs ref-778c7b0)
Finished game 1248 (ref-778c7b0 vs cand-474c288): 1-0 {White wins by adjudication}
Started game 1260 of 40000 (ref-778c7b0 vs cand-474c288)
Finished game 1249 (cand-474c288 vs ref-778c7b0): 1/2-1/2 {Draw by insufficient mating material}
Started game 1261 of 40000 (cand-474c288 vs ref-778c7b0)
Finished game 1253 (cand-474c288 vs ref-778c7b0): 1/2-1/2 {Draw by 3-fold repetition}
Started game 1262 of 40000 (ref-778c7b0 vs cand-474c288)
Finished game 1250 (ref-778c7b0 vs cand-474c288): 0-1 {Black wins by adjudication}
Started game 1263 of 40000 (cand-474c288 vs ref-778c7b0)
Finished game 1251 (cand-474c288 vs ref-778c7b0): 1/2-1/2 {Draw by 3-fold repetition}
Started game 1264 of 40000 (ref-778c7b0 vs cand-474c288)
Finished game 1254 (ref-778c7b0 vs cand-474c288): 0-1 {Black wins by adjudication}
Started game 1265 of 40000 (cand-474c288 vs ref-778c7b0)
Finished game 1258 (ref-778c7b0 vs cand-474c288): 0-1 {Black wins by adjudication}
Started game 1266 of 40000 (ref-778c7b0 vs cand-474c288)
Finished game 1255 (cand-474c288 vs ref-778c7b0): 1/2-1/2 {Draw by adjudication}
Started game 1267 of 40000 (cand-474c288 vs ref-778c7b0)
Finished game 1257 (cand-474c288 vs ref-778c7b0): 1-0 {White wins by adjudication}
Started game 1268 of 40000 (ref-778c7b0 vs cand-474c288)
Finished game 1252 (ref-778c7b0 vs cand-474c288): 0-1 {Black wins by adjudication}
Started game 1269 of 40000 (cand-474c288 vs ref-778c7b0)
Finished game 1256 (ref-778c7b0 vs cand-474c288): 1/2-1/2 {Draw by 3-fold repetition}
Started game 1270 of 40000 (ref-778c7b0 vs cand-474c288)
Finished game 1259 (cand-474c288 vs ref-778c7b0): 1/2-1/2 {Draw by adjudication}
Started game 1271 of 40000 (cand-474c288 vs ref-778c7b0)
Finished game 1267 (cand-474c288 vs ref-778c7b0): 1-0 {White wins by adjudication}
Started game 1272 of 40000 (ref-778c7b0 vs cand-474c288)
Finished game 1264 (ref-778c7b0 vs cand-474c288): 1/2-1/2 {Draw by 3-fold repetition}
Started game 1273 of 40000 (cand-474c288 vs ref-778c7b0)
Finished game 1268 (ref-778c7b0 vs cand-474c288): 1-0 {White wins by adjudication}
Started game 1274 of 40000 (ref-778c7b0 vs cand-474c288)
Finished game 1261 (cand-474c288 vs ref-778c7b0): 1/2-1/2 {Draw by adjudication}
Started game 1275 of 40000 (cand-474c288 vs ref-778c7b0)
Finished game 1260 (ref-778c7b0 vs cand-474c288): 0-1 {Black wins by adjudication}
--------------------------------------------------
Results of cand-474c288 vs ref-778c7b0 (8+0.08, 1t, 16MB, noob_3moves.epd):
Elo: 22.88 +/- 14.91, nElo: 29.52 +/- 19.17
LOS: 99.87 %, DrawRatio: 33.12 %, PairsRatio: 1.29
Games: 1262, Wins: 425, Losses: 342, Draws: 495, Points: 672.5 (53.29 %)
Ptnml(0-2): [43, 141, 209, 166, 72], WL/DD Ratio: 1.22
LLR: 1.40 (47.7%) (-2.94, 2.94) [0.00, 5.00]
--------------------------------------------------
Started game 1276 of 40000 (ref-778c7b0 vs cand-474c288)
Finished game 1262 (ref-778c7b0 vs cand-474c288): 0-1 {Black wins by adjudication}
Started game 1277 of 40000 (cand-474c288 vs ref-778c7b0)
Finished game 1265 (cand-474c288 vs ref-778c7b0): 1-0 {White wins by adjudication}
Started game 1278 of 40000 (ref-778c7b0 vs cand-474c288)
Finished game 1266 (ref-778c7b0 vs cand-474c288): 1/2-1/2 {Draw by 3-fold repetition}
Started game 1279 of 40000 (cand-474c288 vs ref-778c7b0)
Finished game 1274 (ref-778c7b0 vs cand-474c288): 1-0 {White wins by adjudication}
Started game 1280 of 40000 (ref-778c7b0 vs cand-474c288)
Finished game 1269 (cand-474c288 vs ref-778c7b0): 1/2-1/2 {Draw by 3-fold repetition}
Started game 1281 of 40000 (cand-474c288 vs ref-778c7b0)
Finished game 1275 (cand-474c288 vs ref-778c7b0): 1/2-1/2 {Draw by 3-fold repetition}
Started game 1282 of 40000 (ref-778c7b0 vs cand-474c288)
Finished game 1272 (ref-778c7b0 vs cand-474c288): 0-1 {Black wins by adjudication}
Started game 1283 of 40000 (cand-474c288 vs ref-778c7b0)
Finished game 1273 (cand-474c288 vs ref-778c7b0): 1-0 {White wins by adjudication}
Started game 1284 of 40000 (ref-778c7b0 vs cand-474c288)
Finished game 1271 (cand-474c288 vs ref-778c7b0): 1/2-1/2 {Draw by 3-fold repetition}
Started game 1285 of 40000 (cand-474c288 vs ref-778c7b0)
Finished game 1277 (cand-474c288 vs ref-778c7b0): 1-0 {White wins by adjudication}
Started game 1286 of 40000 (ref-778c7b0 vs cand-474c288)
Finished game 1270 (ref-778c7b0 vs cand-474c288): 1/2-1/2 {Draw by adjudication}
Started game 1287 of 40000 (cand-474c288 vs ref-778c7b0)
Finished game 1278 (ref-778c7b0 vs cand-474c288): 1-0 {White wins by adjudication}
Started game 1288 of 40000 (ref-778c7b0 vs cand-474c288)
Finished game 1263 (cand-474c288 vs ref-778c7b0): 0-1 {Black wins by adjudication}
Started game 1289 of 40000 (cand-474c288 vs ref-778c7b0)
Finished game 1276 (ref-778c7b0 vs cand-474c288): 1/2-1/2 {Draw by 3-fold repetition}
Started game 1290 of 40000 (ref-778c7b0 vs cand-474c288)
Finished game 1280 (ref-778c7b0 vs cand-474c288): 1-0 {White wins by adjudication}
Started game 1291 of 40000 (cand-474c288 vs ref-778c7b0)
Finished game 1279 (cand-474c288 vs ref-778c7b0): 1-0 {White wins by adjudication}
--------------------------------------------------
Results of cand-474c288 vs ref-778c7b0 (8+0.08, 1t, 16MB, noob_3moves.epd):
Elo: 23.11 +/- 14.74, nElo: 29.95 +/- 19.03
LOS: 99.90 %, DrawRatio: 33.44 %, PairsRatio: 1.30
Games: 1280, Wins: 431, Losses: 346, Draws: 503, Points: 682.5 (53.32 %)
Ptnml(0-2): [43, 142, 214, 169, 72], WL/DD Ratio: 1.23
LLR: 1.45 (49.1%) (-2.94, 2.94) [0.00, 5.00]
--------------------------------------------------
Started game 1292 of 40000 (ref-778c7b0 vs cand-474c288)
Finished game 1281 (cand-474c288 vs ref-778c7b0): 0-1 {Black wins by adjudication}
Started game 1293 of 40000 (cand-474c288 vs ref-778c7b0)
Finished game 1285 (cand-474c288 vs ref-778c7b0): 1-0 {White wins by adjudication}
Started game 1294 of 40000 (ref-778c7b0 vs cand-474c288)
Finished game 1286 (ref-778c7b0 vs cand-474c288): 0-1 {Black wins by adjudication}
Started game 1295 of 40000 (cand-474c288 vs ref-778c7b0)
Finished game 1284 (ref-778c7b0 vs cand-474c288): 1/2-1/2 {Draw by adjudication}
Started game 1296 of 40000 (ref-778c7b0 vs cand-474c288)
Finished game 1283 (cand-474c288 vs ref-778c7b0): 0-1 {Black wins by adjudication}
Started game 1297 of 40000 (cand-474c288 vs ref-778c7b0)
Finished game 1287 (cand-474c288 vs ref-778c7b0): 1-0 {White wins by adjudication}
Started game 1298 of 40000 (ref-778c7b0 vs cand-474c288)
Finished game 1282 (ref-778c7b0 vs cand-474c288): 0-1 {Black wins by adjudication}
Started game 1299 of 40000 (cand-474c288 vs ref-778c7b0)
Finished game 1291 (cand-474c288 vs ref-778c7b0): 1-0 {White wins by adjudication}
Started game 1300 of 40000 (ref-778c7b0 vs cand-474c288)
Finished game 1288 (ref-778c7b0 vs cand-474c288): 0-1 {Black wins by adjudication}
Started game 1301 of 40000 (cand-474c288 vs ref-778c7b0)
Finished game 1289 (cand-474c288 vs ref-778c7b0): 1/2-1/2 {Draw by 3-fold repetition}
Started game 1302 of 40000 (ref-778c7b0 vs cand-474c288)
Finished game 1293 (cand-474c288 vs ref-778c7b0): 1/2-1/2 {Draw by adjudication}
Started game 1303 of 40000 (cand-474c288 vs ref-778c7b0)
Finished game 1290 (ref-778c7b0 vs cand-474c288): 0-1 {Black wins by adjudication}
Started game 1304 of 40000 (ref-778c7b0 vs cand-474c288)
Finished game 1295 (cand-474c288 vs ref-778c7b0): 1-0 {White wins by adjudication}
Started game 1305 of 40000 (cand-474c288 vs ref-778c7b0)
Finished game 1300 (ref-778c7b0 vs cand-474c288): 0-1 {Black wins by adjudication}
Started game 1306 of 40000 (ref-778c7b0 vs cand-474c288)
Finished game 1296 (ref-778c7b0 vs cand-474c288): 0-1 {Black wins by adjudication}
Started game 1307 of 40000 (cand-474c288 vs ref-778c7b0)
Finished game 1299 (cand-474c288 vs ref-778c7b0): 1/2-1/2 {Draw by 3-fold repetition}
--------------------------------------------------
Results of cand-474c288 vs ref-778c7b0 (8+0.08, 1t, 16MB, noob_3moves.epd):
Elo: 24.74 +/- 14.71, nElo: 31.96 +/- 18.93
LOS: 99.95 %, DrawRatio: 33.23 %, PairsRatio: 1.32
Games: 1294, Wins: 440, Losses: 348, Draws: 506, Points: 693.0 (53.55 %)
Ptnml(0-2): [43, 143, 215, 171, 75], WL/DD Ratio: 1.24
LLR: 1.57 (53.3%) (-2.94, 2.94) [0.00, 5.00]
--------------------------------------------------
Started game 1308 of 40000 (ref-778c7b0 vs cand-474c288)
Finished game 1302 (ref-778c7b0 vs cand-474c288): 0-1 {Black wins by adjudication}
Started game 1309 of 40000 (cand-474c288 vs ref-778c7b0)
Finished game 1294 (ref-778c7b0 vs cand-474c288): 1/2-1/2 {Draw by insufficient mating material}
Started game 1310 of 40000 (ref-778c7b0 vs cand-474c288)
Finished game 1292 (ref-778c7b0 vs cand-474c288): 1/2-1/2 {Draw by fifty moves rule}
Started game 1311 of 40000 (cand-474c288 vs ref-778c7b0)
Finished game 1301 (cand-474c288 vs ref-778c7b0): 1-0 {White wins by adjudication}
Started game 1312 of 40000 (ref-778c7b0 vs cand-474c288)
Finished game 1309 (cand-474c288 vs ref-778c7b0): 1-0 {White wins by adjudication}
Started game 1313 of 40000 (cand-474c288 vs ref-778c7b0)
Finished game 1307 (cand-474c288 vs ref-778c7b0): 0-1 {Black wins by adjudication}
Started game 1314 of 40000 (ref-778c7b0 vs cand-474c288)
Finished game 1297 (cand-474c288 vs ref-778c7b0): 0-1 {Black wins by adjudication}
Started game 1315 of 40000 (cand-474c288 vs ref-778c7b0)
Finished game 1303 (cand-474c288 vs ref-778c7b0): 0-1 {Black wins by adjudication}
Started game 1316 of 40000 (ref-778c7b0 vs cand-474c288)
Finished game 1308 (ref-778c7b0 vs cand-474c288): 1/2-1/2 {Draw by 3-fold repetition}
Started game 1317 of 40000 (cand-474c288 vs ref-778c7b0)
Finished game 1298 (ref-778c7b0 vs cand-474c288): 1-0 {White wins by adjudication}
Started game 1318 of 40000 (ref-778c7b0 vs cand-474c288)
Finished game 1306 (ref-778c7b0 vs cand-474c288): 1-0 {White wins by adjudication}
Started game 1319 of 40000 (cand-474c288 vs ref-778c7b0)
Finished game 1305 (cand-474c288 vs ref-778c7b0): 1/2-1/2 {Draw by adjudication}
Started game 1320 of 40000 (ref-778c7b0 vs cand-474c288)
Finished game 1304 (ref-778c7b0 vs cand-474c288): 0-1 {Black wins by adjudication}
Started game 1321 of 40000 (cand-474c288 vs ref-778c7b0)
Finished game 1314 (ref-778c7b0 vs cand-474c288): 1/2-1/2 {Draw by 3-fold repetition}
Started game 1322 of 40000 (ref-778c7b0 vs cand-474c288)
Finished game 1311 (cand-474c288 vs ref-778c7b0): 1/2-1/2 {Draw by insufficient mating material}
Started game 1323 of 40000 (cand-474c288 vs ref-778c7b0)
Finished game 1313 (cand-474c288 vs ref-778c7b0): 0-1 {Black wins by adjudication}
Started game 1324 of 40000 (ref-778c7b0 vs cand-474c288)
Finished game 1310 (ref-778c7b0 vs cand-474c288): 1-0 {White wins by adjudication}
Started game 1325 of 40000 (cand-474c288 vs ref-778c7b0)
Finished game 1318 (ref-778c7b0 vs cand-474c288): 1-0 {White wins by adjudication}
Started game 1326 of 40000 (ref-778c7b0 vs cand-474c288)
Finished game 1315 (cand-474c288 vs ref-778c7b0): 1/2-1/2 {Draw by 3-fold repetition}
Started game 1327 of 40000 (cand-474c288 vs ref-778c7b0)
Finished game 1312 (ref-778c7b0 vs cand-474c288): 1-0 {White wins by adjudication}
Started game 1328 of 40000 (ref-778c7b0 vs cand-474c288)
Finished game 1316 (ref-778c7b0 vs cand-474c288): 1-0 {White wins by adjudication}
Started game 1329 of 40000 (cand-474c288 vs ref-778c7b0)
Finished game 1319 (cand-474c288 vs ref-778c7b0): 1/2-1/2 {Draw by adjudication}
Started game 1330 of 40000 (ref-778c7b0 vs cand-474c288)
Finished game 1320 (ref-778c7b0 vs cand-474c288): 1-0 {White wins by adjudication}
--------------------------------------------------
Results of cand-474c288 vs ref-778c7b0 (8+0.08, 1t, 16MB, noob_3moves.epd):
Elo: 22.97 +/- 14.59, nElo: 29.63 +/- 18.76
LOS: 99.90 %, DrawRatio: 33.08 %, PairsRatio: 1.28
Games: 1318, Wins: 445, Losses: 358, Draws: 515, Points: 702.5 (53.30 %)
Ptnml(0-2): [44, 149, 218, 172, 76], WL/DD Ratio: 1.25
LLR: 1.47 (50.1%) (-2.94, 2.94) [0.00, 5.00]
--------------------------------------------------
Started game 1331 of 40000 (cand-474c288 vs ref-778c7b0)
Finished game 1323 (cand-474c288 vs ref-778c7b0): 1-0 {White wins by adjudication}
Started game 1332 of 40000 (ref-778c7b0 vs cand-474c288)
Finished game 1317 (cand-474c288 vs ref-778c7b0): 1-0 {White wins by adjudication}
Started game 1333 of 40000 (cand-474c288 vs ref-778c7b0)
Finished game 1322 (ref-778c7b0 vs cand-474c288): 1-0 {White wins by adjudication}
Started game 1334 of 40000 (ref-778c7b0 vs cand-474c288)
Finished game 1321 (cand-474c288 vs ref-778c7b0): 1/2-1/2 {Draw by insufficient mating material}
Started game 1335 of 40000 (cand-474c288 vs ref-778c7b0)
Finished game 1324 (ref-778c7b0 vs cand-474c288): 1-0 {White wins by adjudication}
Started game 1336 of 40000 (ref-778c7b0 vs cand-474c288)
Finished game 1329 (cand-474c288 vs ref-778c7b0): 1-0 {White wins by adjudication}
Started game 1337 of 40000 (cand-474c288 vs ref-778c7b0)
Finished game 1325 (cand-474c288 vs ref-778c7b0): 0-1 {Black wins by adjudication}
Started game 1338 of 40000 (ref-778c7b0 vs cand-474c288)
Finished game 1330 (ref-778c7b0 vs cand-474c288): 1-0 {White wins by adjudication}
Started game 1339 of 40000 (cand-474c288 vs ref-778c7b0)
Finished game 1327 (cand-474c288 vs ref-778c7b0): 0-1 {Black wins by adjudication}
Started game 1340 of 40000 (ref-778c7b0 vs cand-474c288)
Finished game 1332 (ref-778c7b0 vs cand-474c288): 1/2-1/2 {Draw by 3-fold repetition}
Started game 1341 of 40000 (cand-474c288 vs ref-778c7b0)
Finished game 1328 (ref-778c7b0 vs cand-474c288): 1-0 {White wins by adjudication}
Started game 1342 of 40000 (ref-778c7b0 vs cand-474c288)
Finished game 1331 (cand-474c288 vs ref-778c7b0): 0-1 {Black wins by adjudication}
Started game 1343 of 40000 (cand-474c288 vs ref-778c7b0)
Finished game 1334 (ref-778c7b0 vs cand-474c288): 1-0 {White wins by adjudication}
Started game 1344 of 40000 (ref-778c7b0 vs cand-474c288)
Finished game 1333 (cand-474c288 vs ref-778c7b0): 1-0 {White wins by adjudication}
Started game 1345 of 40000 (cand-474c288 vs ref-778c7b0)
Finished game 1326 (ref-778c7b0 vs cand-474c288): 0-1 {Black wins by adjudication}
Started game 1346 of 40000 (ref-778c7b0 vs cand-474c288)
Finished game 1342 (ref-778c7b0 vs cand-474c288): 0-1 {Black wins by adjudication}
Started game 1347 of 40000 (cand-474c288 vs ref-778c7b0)
Finished game 1336 (ref-778c7b0 vs cand-474c288): 0-1 {Black wins by adjudication}
Started game 1348 of 40000 (ref-778c7b0 vs cand-474c288)
Finished game 1335 (cand-474c288 vs ref-778c7b0): 1/2-1/2 {Draw by insufficient mating material}
Started game 1349 of 40000 (cand-474c288 vs ref-778c7b0)
Finished game 1340 (ref-778c7b0 vs cand-474c288): 1/2-1/2 {Draw by 3-fold repetition}
Started game 1350 of 40000 (ref-778c7b0 vs cand-474c288)
Finished game 1343 (cand-474c288 vs ref-778c7b0): 1/2-1/2 {Draw by 3-fold repetition}
Started game 1351 of 40000 (cand-474c288 vs ref-778c7b0)
Finished game 1341 (cand-474c288 vs ref-778c7b0): 1-0 {White wins by adjudication}
Started game 1352 of 40000 (ref-778c7b0 vs cand-474c288)
Finished game 1344 (ref-778c7b0 vs cand-474c288): 1/2-1/2 {Draw by adjudication}
Started game 1353 of 40000 (cand-474c288 vs ref-778c7b0)
Finished game 1346 (ref-778c7b0 vs cand-474c288): 1/2-1/2 {Draw by 3-fold repetition}
Started game 1354 of 40000 (ref-778c7b0 vs cand-474c288)
Finished game 1347 (cand-474c288 vs ref-778c7b0): 1/2-1/2 {Draw by 3-fold repetition}
Started game 1355 of 40000 (cand-474c288 vs ref-778c7b0)
Finished game 1338 (ref-778c7b0 vs cand-474c288): 1/2-1/2 {Draw by fifty moves rule}
Started game 1356 of 40000 (ref-778c7b0 vs cand-474c288)
Finished game 1349 (cand-474c288 vs ref-778c7b0): 0-1 {Black wins by adjudication}
Started game 1357 of 40000 (cand-474c288 vs ref-778c7b0)
Finished game 1350 (ref-778c7b0 vs cand-474c288): 0-1 {Black wins by adjudication}
Started game 1358 of 40000 (ref-778c7b0 vs cand-474c288)
Finished game 1339 (cand-474c288 vs ref-778c7b0): 1/2-1/2 {Draw by fifty moves rule}
--------------------------------------------------
Results of cand-474c288 vs ref-778c7b0 (8+0.08, 1t, 16MB, noob_3moves.epd):
Elo: 22.26 +/- 14.41, nElo: 28.80 +/- 18.57
LOS: 99.88 %, DrawRatio: 33.63 %, PairsRatio: 1.28
Games: 1344, Wins: 454, Losses: 368, Draws: 522, Points: 715.0 (53.20 %)
Ptnml(0-2): [45, 151, 226, 173, 77], WL/DD Ratio: 1.28
LLR: 1.46 (49.5%) (-2.94, 2.94) [0.00, 5.00]
--------------------------------------------------
Started game 1359 of 40000 (cand-474c288 vs ref-778c7b0)
Finished game 1337 (cand-474c288 vs ref-778c7b0): 1/2-1/2 {Draw by fifty moves rule}
Started game 1360 of 40000 (ref-778c7b0 vs cand-474c288)
Finished game 1348 (ref-778c7b0 vs cand-474c288): 1-0 {White wins by adjudication}
Started game 1361 of 40000 (cand-474c288 vs ref-778c7b0)
Finished game 1351 (cand-474c288 vs ref-778c7b0): 1/2-1/2 {Draw by adjudication}
Started game 1362 of 40000 (ref-778c7b0 vs cand-474c288)
Finished game 1355 (cand-474c288 vs ref-778c7b0): 1/2-1/2 {Draw by adjudication}
Started game 1363 of 40000 (cand-474c288 vs ref-778c7b0)
Finished game 1359 (cand-474c288 vs ref-778c7b0): 1-0 {White wins by adjudication}
Started game 1364 of 40000 (ref-778c7b0 vs cand-474c288)
Finished game 1353 (cand-474c288 vs ref-778c7b0): 1-0 {White wins by adjudication}
Started game 1365 of 40000 (cand-474c288 vs ref-778c7b0)
Finished game 1345 (cand-474c288 vs ref-778c7b0): 1/2-1/2 {Draw by fifty moves rule}
Started game 1366 of 40000 (ref-778c7b0 vs cand-474c288)
Finished game 1360 (ref-778c7b0 vs cand-474c288): 1/2-1/2 {Draw by 3-fold repetition}
--------------------------------------------------
Results of cand-474c288 vs ref-778c7b0 (8+0.08, 1t, 16MB, noob_3moves.epd):
Elo: 22.13 +/- 14.34, nElo: 28.68 +/- 18.52
LOS: 99.88 %, DrawRatio: 33.73 %, PairsRatio: 1.27
Games: 1352, Wins: 455, Losses: 369, Draws: 528, Points: 719.0 (53.18 %)
Ptnml(0-2): [45, 152, 228, 174, 77], WL/DD Ratio: 1.26
LLR: 1.46 (49.6%) (-2.94, 2.94) [0.00, 5.00]
--------------------------------------------------
Started game 1367 of 40000 (cand-474c288 vs ref-778c7b0)
Finished game 1356 (ref-778c7b0 vs cand-474c288): 1-0 {White wins by adjudication}
Started game 1368 of 40000 (ref-778c7b0 vs cand-474c288)
Finished game 1354 (ref-778c7b0 vs cand-474c288): 1/2-1/2 {Draw by 3-fold repetition}
Started game 1369 of 40000 (cand-474c288 vs ref-778c7b0)
Finished game 1362 (ref-778c7b0 vs cand-474c288): 1-0 {White wins by adjudication}
Started game 1370 of 40000 (ref-778c7b0 vs cand-474c288)
Finished game 1358 (ref-778c7b0 vs cand-474c288): 1/2-1/2 {Draw by adjudication}
Started game 1371 of 40000 (cand-474c288 vs ref-778c7b0)
Finished game 1352 (ref-778c7b0 vs cand-474c288): 1/2-1/2 {Draw by adjudication}
Started game 1372 of 40000 (ref-778c7b0 vs cand-474c288)
Finished game 1357 (cand-474c288 vs ref-778c7b0): 1/2-1/2 {Draw by insufficient mating material}
Started game 1373 of 40000 (cand-474c288 vs ref-778c7b0)
Finished game 1367 (cand-474c288 vs ref-778c7b0): 1/2-1/2 {Draw by 3-fold repetition}
Started game 1374 of 40000 (ref-778c7b0 vs cand-474c288)
Finished game 1361 (cand-474c288 vs ref-778c7b0): 1-0 {White wins by adjudication}
Started game 1375 of 40000 (cand-474c288 vs ref-778c7b0)
Finished game 1365 (cand-474c288 vs ref-778c7b0): 0-1 {Black wins by adjudication}
Started game 1376 of 40000 (ref-778c7b0 vs cand-474c288)
Finished game 1370 (ref-778c7b0 vs cand-474c288): 0-1 {Black wins by adjudication}
Started game 1377 of 40000 (cand-474c288 vs ref-778c7b0)
Finished game 1363 (cand-474c288 vs ref-778c7b0): 1-0 {White wins by adjudication}
Started game 1378 of 40000 (ref-778c7b0 vs cand-474c288)
Finished game 1372 (ref-778c7b0 vs cand-474c288): 1/2-1/2 {Draw by 3-fold repetition}
Started game 1379 of 40000 (cand-474c288 vs ref-778c7b0)
Finished game 1366 (ref-778c7b0 vs cand-474c288): 1/2-1/2 {Draw by 3-fold repetition}
Started game 1380 of 40000 (ref-778c7b0 vs cand-474c288)
Finished game 1364 (ref-778c7b0 vs cand-474c288): 1-0 {White wins by adjudication}
Started game 1381 of 40000 (cand-474c288 vs ref-778c7b0)
Finished game 1369 (cand-474c288 vs ref-778c7b0): 0-1 {Black wins by adjudication}
Started game 1382 of 40000 (ref-778c7b0 vs cand-474c288)
Finished game 1373 (cand-474c288 vs ref-778c7b0): 1-0 {White wins by adjudication}
Started game 1383 of 40000 (cand-474c288 vs ref-778c7b0)
Finished game 1374 (ref-778c7b0 vs cand-474c288): 0-1 {Black wins by adjudication}
Started game 1384 of 40000 (ref-778c7b0 vs cand-474c288)
Finished game 1375 (cand-474c288 vs ref-778c7b0): 1-0 {White wins by adjudication}
Started game 1385 of 40000 (cand-474c288 vs ref-778c7b0)
Finished game 1368 (ref-778c7b0 vs cand-474c288): 1/2-1/2 {Draw by 3-fold repetition}
Started game 1386 of 40000 (ref-778c7b0 vs cand-474c288)
Finished game 1376 (ref-778c7b0 vs cand-474c288): 1/2-1/2 {Draw by 3-fold repetition}
Started game 1387 of 40000 (cand-474c288 vs ref-778c7b0)
Finished game 1379 (cand-474c288 vs ref-778c7b0): 1/2-1/2 {Draw by insufficient mating material}
Started game 1388 of 40000 (ref-778c7b0 vs cand-474c288)
Finished game 1378 (ref-778c7b0 vs cand-474c288): 0-1 {Black wins by adjudication}
Started game 1389 of 40000 (cand-474c288 vs ref-778c7b0)
Finished game 1381 (cand-474c288 vs ref-778c7b0): 0-1 {Black wins by adjudication}
Started game 1390 of 40000 (ref-778c7b0 vs cand-474c288)
Finished game 1382 (ref-778c7b0 vs cand-474c288): 1/2-1/2 {Draw by adjudication}
Started game 1391 of 40000 (cand-474c288 vs ref-778c7b0)
Finished game 1383 (cand-474c288 vs ref-778c7b0): 0-1 {Black wins by adjudication}
Started game 1392 of 40000 (ref-778c7b0 vs cand-474c288)
Finished game 1384 (ref-778c7b0 vs cand-474c288): 1-0 {White wins by adjudication}
Started game 1393 of 40000 (cand-474c288 vs ref-778c7b0)
Finished game 1377 (cand-474c288 vs ref-778c7b0): 1/2-1/2 {Draw by adjudication}
Started game 1394 of 40000 (ref-778c7b0 vs cand-474c288)
Finished game 1380 (ref-778c7b0 vs cand-474c288): 0-1 {Black wins by adjudication}
--------------------------------------------------
Results of cand-474c288 vs ref-778c7b0 (8+0.08, 1t, 16MB, noob_3moves.epd):
Elo: 21.90 +/- 14.16, nElo: 28.43 +/- 18.32
LOS: 99.88 %, DrawRatio: 33.86 %, PairsRatio: 1.27
Games: 1382, Wins: 464, Losses: 377, Draws: 541, Points: 734.5 (53.15 %)
Ptnml(0-2): [46, 155, 234, 178, 78], WL/DD Ratio: 1.25
LLR: 1.48 (50.2%) (-2.94, 2.94) [0.00, 5.00]
--------------------------------------------------
Started game 1395 of 40000 (cand-474c288 vs ref-778c7b0)
Finished game 1386 (ref-778c7b0 vs cand-474c288): 1-0 {White wins by adjudication}
Started game 1396 of 40000 (ref-778c7b0 vs cand-474c288)
Finished game 1371 (cand-474c288 vs ref-778c7b0): 1/2-1/2 {Draw by insufficient mating material}
Started game 1397 of 40000 (cand-474c288 vs ref-778c7b0)
Finished game 1388 (ref-778c7b0 vs cand-474c288): 1/2-1/2 {Draw by 3-fold repetition}
Started game 1398 of 40000 (ref-778c7b0 vs cand-474c288)
Finished game 1390 (ref-778c7b0 vs cand-474c288): 0-1 {Black wins by adjudication}
Started game 1399 of 40000 (cand-474c288 vs ref-778c7b0)
Finished game 1387 (cand-474c288 vs ref-778c7b0): 1/2-1/2 {Draw by insufficient mating material}
Started game 1400 of 40000 (ref-778c7b0 vs cand-474c288)
Finished game 1391 (cand-474c288 vs ref-778c7b0): 1-0 {White wins by adjudication}
Started game 1401 of 40000 (cand-474c288 vs ref-778c7b0)
Finished game 1385 (cand-474c288 vs ref-778c7b0): 1/2-1/2 {Draw by 3-fold repetition}
Started game 1402 of 40000 (ref-778c7b0 vs cand-474c288)
Finished game 1395 (cand-474c288 vs ref-778c7b0): 1/2-1/2 {Draw by 3-fold repetition}
Started game 1403 of 40000 (cand-474c288 vs ref-778c7b0)
Finished game 1389 (cand-474c288 vs ref-778c7b0): 1-0 {White wins by adjudication}
Started game 1404 of 40000 (ref-778c7b0 vs cand-474c288)
Finished game 1393 (cand-474c288 vs ref-778c7b0): 1/2-1/2 {Draw by insufficient mating material}
Started game 1405 of 40000 (cand-474c288 vs ref-778c7b0)
Finished game 1396 (ref-778c7b0 vs cand-474c288): 1/2-1/2 {Draw by 3-fold repetition}
Started game 1406 of 40000 (ref-778c7b0 vs cand-474c288)
Finished game 1398 (ref-778c7b0 vs cand-474c288): 1/2-1/2 {Draw by 3-fold repetition}
Started game 1407 of 40000 (cand-474c288 vs ref-778c7b0)
Finished game 1397 (cand-474c288 vs ref-778c7b0): 1/2-1/2 {Draw by 3-fold repetition}
Started game 1408 of 40000 (ref-778c7b0 vs cand-474c288)
Finished game 1392 (ref-778c7b0 vs cand-474c288): 1/2-1/2 {Draw by insufficient mating material}
Started game 1409 of 40000 (cand-474c288 vs ref-778c7b0)
Finished game 1400 (ref-778c7b0 vs cand-474c288): 1/2-1/2 {Draw by 3-fold repetition}
Started game 1410 of 40000 (ref-778c7b0 vs cand-474c288)
Finished game 1394 (ref-778c7b0 vs cand-474c288): 1/2-1/2 {Draw by insufficient mating material}
Started game 1411 of 40000 (cand-474c288 vs ref-778c7b0)
Finished game 1403 (cand-474c288 vs ref-778c7b0): 0-1 {Black wins by adjudication}
Started game 1412 of 40000 (ref-778c7b0 vs cand-474c288)
Finished game 1402 (ref-778c7b0 vs cand-474c288): 1/2-1/2 {Draw by 3-fold repetition}
Started game 1413 of 40000 (cand-474c288 vs ref-778c7b0)
Finished game 1404 (ref-778c7b0 vs cand-474c288): 1/2-1/2 {Draw by 3-fold repetition}
Started game 1414 of 40000 (ref-778c7b0 vs cand-474c288)
Finished game 1399 (cand-474c288 vs ref-778c7b0): 0-1 {Black wins by adjudication}
--------------------------------------------------
Results of cand-474c288 vs ref-778c7b0 (8+0.08, 1t, 16MB, noob_3moves.epd):
Elo: 21.59 +/- 14.02, nElo: 28.09 +/- 18.19
LOS: 99.88 %, DrawRatio: 34.09 %, PairsRatio: 1.26
Games: 1402, Wins: 467, Losses: 380, Draws: 555, Points: 744.5 (53.10 %)
Ptnml(0-2): [46, 158, 239, 179, 79], WL/DD Ratio: 1.19
LLR: 1.48 (50.3%) (-2.94, 2.94) [0.00, 5.00]
--------------------------------------------------
Started game 1415 of 40000 (cand-474c288 vs ref-778c7b0)
Finished game 1401 (cand-474c288 vs ref-778c7b0): 1-0 {White wins by adjudication}
Started game 1416 of 40000 (ref-778c7b0 vs cand-474c288)
Finished game 1409 (cand-474c288 vs ref-778c7b0): 1/2-1/2 {Draw by 3-fold repetition}
Started game 1417 of 40000 (cand-474c288 vs ref-778c7b0)
Finished game 1407 (cand-474c288 vs ref-778c7b0): 0-1 {Black wins by adjudication}
Started game 1418 of 40000 (ref-778c7b0 vs cand-474c288)
Finished game 1413 (cand-474c288 vs ref-778c7b0): 1-0 {White wins by adjudication}
Started game 1419 of 40000 (cand-474c288 vs ref-778c7b0)
Finished game 1405 (cand-474c288 vs ref-778c7b0): 1/2-1/2 {Draw by 3-fold repetition}
Started game 1420 of 40000 (ref-778c7b0 vs cand-474c288)
Finished game 1408 (ref-778c7b0 vs cand-474c288): 1-0 {White wins by adjudication}
Started game 1421 of 40000 (cand-474c288 vs ref-778c7b0)
Finished game 1411 (cand-474c288 vs ref-778c7b0): 0-1 {Black wins by adjudication}
Started game 1422 of 40000 (ref-778c7b0 vs cand-474c288)
Finished game 1414 (ref-778c7b0 vs cand-474c288): 0-1 {Black wins by adjudication}
Started game 1423 of 40000 (cand-474c288 vs ref-778c7b0)
Finished game 1410 (ref-778c7b0 vs cand-474c288): 1/2-1/2 {Draw by adjudication}
Started game 1424 of 40000 (ref-778c7b0 vs cand-474c288)
Finished game 1406 (ref-778c7b0 vs cand-474c288): 1/2-1/2 {Draw by fifty moves rule}
Started game 1425 of 40000 (cand-474c288 vs ref-778c7b0)
Finished game 1416 (ref-778c7b0 vs cand-474c288): 1-0 {White wins by adjudication}
Started game 1426 of 40000 (ref-778c7b0 vs cand-474c288)
Finished game 1412 (ref-778c7b0 vs cand-474c288): 1/2-1/2 {Draw by 3-fold repetition}
Started game 1427 of 40000 (cand-474c288 vs ref-778c7b0)
Finished game 1420 (ref-778c7b0 vs cand-474c288): 0-1 {Black wins by adjudication}
Started game 1428 of 40000 (ref-778c7b0 vs cand-474c288)
Finished game 1415 (cand-474c288 vs ref-778c7b0): 1/2-1/2 {Draw by 3-fold repetition}
Started game 1429 of 40000 (cand-474c288 vs ref-778c7b0)
Finished game 1418 (ref-778c7b0 vs cand-474c288): 1-0 {White wins by adjudication}
Started game 1430 of 40000 (ref-778c7b0 vs cand-474c288)
Finished game 1417 (cand-474c288 vs ref-778c7b0): 1/2-1/2 {Draw by 3-fold repetition}
Started game 1431 of 40000 (cand-474c288 vs ref-778c7b0)
Finished game 1421 (cand-474c288 vs ref-778c7b0): 1-0 {White wins by adjudication}
Started game 1432 of 40000 (ref-778c7b0 vs cand-474c288)
Finished game 1419 (cand-474c288 vs ref-778c7b0): 0-1 {Black wins by adjudication}
--------------------------------------------------
Results of cand-474c288 vs ref-778c7b0 (8+0.08, 1t, 16MB, noob_3moves.epd):
Elo: 20.82 +/- 13.95, nElo: 27.06 +/- 18.07
LOS: 99.83 %, DrawRatio: 34.08 %, PairsRatio: 1.25
Games: 1420, Wins: 471, Losses: 386, Draws: 563, Points: 752.5 (52.99 %)
Ptnml(0-2): [47, 161, 242, 180, 80], WL/DD Ratio: 1.18
LLR: 1.44 (48.9%) (-2.94, 2.94) [0.00, 5.00]
--------------------------------------------------
Started game 1433 of 40000 (cand-474c288 vs ref-778c7b0)
Finished game 1430 (ref-778c7b0 vs cand-474c288): 0-1 {Black wins by adjudication}
Started game 1434 of 40000 (ref-778c7b0 vs cand-474c288)
Finished game 1425 (cand-474c288 vs ref-778c7b0): 0-1 {Black wins by adjudication}
Started game 1435 of 40000 (cand-474c288 vs ref-778c7b0)
Finished game 1431 (cand-474c288 vs ref-778c7b0): 1/2-1/2 {Draw by 3-fold repetition}
Started game 1436 of 40000 (ref-778c7b0 vs cand-474c288)
Finished game 1422 (ref-778c7b0 vs cand-474c288): 1-0 {White wins by adjudication}
Started game 1437 of 40000 (cand-474c288 vs ref-778c7b0)
Finished game 1426 (ref-778c7b0 vs cand-474c288): 1/2-1/2 {Draw by 3-fold repetition}
Started game 1438 of 40000 (ref-778c7b0 vs cand-474c288)
Finished game 1423 (cand-474c288 vs ref-778c7b0): 1-0 {White wins by adjudication}
Started game 1439 of 40000 (cand-474c288 vs ref-778c7b0)
Finished game 1427 (cand-474c288 vs ref-778c7b0): 1/2-1/2 {Draw by adjudication}
Started game 1440 of 40000 (ref-778c7b0 vs cand-474c288)
Finished game 1428 (ref-778c7b0 vs cand-474c288): 1/2-1/2 {Draw by 3-fold repetition}
Started game 1441 of 40000 (cand-474c288 vs ref-778c7b0)
Finished game 1434 (ref-778c7b0 vs cand-474c288): 1-0 {White wins by adjudication}
Started game 1442 of 40000 (ref-778c7b0 vs cand-474c288)
Finished game 1435 (cand-474c288 vs ref-778c7b0): 0-1 {Black wins by adjudication}
Started game 1443 of 40000 (cand-474c288 vs ref-778c7b0)
Finished game 1424 (ref-778c7b0 vs cand-474c288): 1/2-1/2 {Draw by adjudication}
Started game 1444 of 40000 (ref-778c7b0 vs cand-474c288)
Finished game 1436 (ref-778c7b0 vs cand-474c288): 1-0 {White wins by adjudication}
Started game 1445 of 40000 (cand-474c288 vs ref-778c7b0)
Finished game 1433 (cand-474c288 vs ref-778c7b0): 1/2-1/2 {Draw by adjudication}
Started game 1446 of 40000 (ref-778c7b0 vs cand-474c288)
Finished game 1437 (cand-474c288 vs ref-778c7b0): 1/2-1/2 {Draw by adjudication}
Started game 1447 of 40000 (cand-474c288 vs ref-778c7b0)
Finished game 1438 (ref-778c7b0 vs cand-474c288): 0-1 {Black wins by adjudication}
Started game 1448 of 40000 (ref-778c7b0 vs cand-474c288)
Finished game 1432 (ref-778c7b0 vs cand-474c288): 1/2-1/2 {Draw by adjudication}
Started game 1449 of 40000 (cand-474c288 vs ref-778c7b0)
Finished game 1440 (ref-778c7b0 vs cand-474c288): 0-1 {Black wins by adjudication}
Started game 1450 of 40000 (ref-778c7b0 vs cand-474c288)
Finished game 1445 (cand-474c288 vs ref-778c7b0): 1/2-1/2 {Draw by 3-fold repetition}
Started game 1451 of 40000 (cand-474c288 vs ref-778c7b0)
Finished game 1442 (ref-778c7b0 vs cand-474c288): 1/2-1/2 {Draw by 3-fold repetition}
Started game 1452 of 40000 (ref-778c7b0 vs cand-474c288)
Finished game 1429 (cand-474c288 vs ref-778c7b0): 1/2-1/2 {Draw by adjudication}
Started game 1453 of 40000 (cand-474c288 vs ref-778c7b0)
Finished game 1439 (cand-474c288 vs ref-778c7b0): 0-1 {Black wins by adjudication}
--------------------------------------------------
Results of cand-474c288 vs ref-778c7b0 (8+0.08, 1t, 16MB, noob_3moves.epd):
Elo: 20.29 +/- 13.83, nElo: 26.41 +/- 17.94
LOS: 99.80 %, DrawRatio: 34.17 %, PairsRatio: 1.25
Games: 1440, Wins: 476, Losses: 392, Draws: 572, Points: 762.0 (52.92 %)
Ptnml(0-2): [48, 163, 246, 183, 80], WL/DD Ratio: 1.18
LLR: 1.42 (48.3%) (-2.94, 2.94) [0.00, 5.00]
--------------------------------------------------
Started game 1454 of 40000 (ref-778c7b0 vs cand-474c288)
Finished game 1441 (cand-474c288 vs ref-778c7b0): 1/2-1/2 {Draw by adjudication}
Started game 1455 of 40000 (cand-474c288 vs ref-778c7b0)
Finished game 1447 (cand-474c288 vs ref-778c7b0): 1/2-1/2 {Draw by 3-fold repetition}
Started game 1456 of 40000 (ref-778c7b0 vs cand-474c288)
Finished game 1443 (cand-474c288 vs ref-778c7b0): 0-1 {Black wins by adjudication}
Started game 1457 of 40000 (cand-474c288 vs ref-778c7b0)
Finished game 1444 (ref-778c7b0 vs cand-474c288): 1/2-1/2 {Draw by 3-fold repetition}
Started game 1458 of 40000 (ref-778c7b0 vs cand-474c288)
Finished game 1446 (ref-778c7b0 vs cand-474c288): 1-0 {White wins by adjudication}
Started game 1459 of 40000 (cand-474c288 vs ref-778c7b0)
Finished game 1448 (ref-778c7b0 vs cand-474c288): 0-1 {Black wins by adjudication}
Started game 1460 of 40000 (ref-778c7b0 vs cand-474c288)
Finished game 1454 (ref-778c7b0 vs cand-474c288): 1-0 {White wins by adjudication}
Started game 1461 of 40000 (cand-474c288 vs ref-778c7b0)
Finished game 1449 (cand-474c288 vs ref-778c7b0): 1-0 {White wins by adjudication}
Started game 1462 of 40000 (ref-778c7b0 vs cand-474c288)
Finished game 1451 (cand-474c288 vs ref-778c7b0): 1-0 {White wins by adjudication}
Started game 1463 of 40000 (cand-474c288 vs ref-778c7b0)
Finished game 1453 (cand-474c288 vs ref-778c7b0): 1-0 {White wins by adjudication}
Started game 1464 of 40000 (ref-778c7b0 vs cand-474c288)
Finished game 1452 (ref-778c7b0 vs cand-474c288): 1-0 {White wins by adjudication}
Started game 1465 of 40000 (cand-474c288 vs ref-778c7b0)
Finished game 1456 (ref-778c7b0 vs cand-474c288): 1-0 {White wins by adjudication}
Started game 1466 of 40000 (ref-778c7b0 vs cand-474c288)
Finished game 1450 (ref-778c7b0 vs cand-474c288): 0-1 {Black wins by adjudication}
Started game 1467 of 40000 (cand-474c288 vs ref-778c7b0)
Finished game 1458 (ref-778c7b0 vs cand-474c288): 1/2-1/2 {Draw by adjudication}
Started game 1468 of 40000 (ref-778c7b0 vs cand-474c288)
Finished game 1457 (cand-474c288 vs ref-778c7b0): 0-1 {Black wins by adjudication}
Started game 1469 of 40000 (cand-474c288 vs ref-778c7b0)
Finished game 1462 (ref-778c7b0 vs cand-474c288): 1-0 {White wins by adjudication}
Started game 1470 of 40000 (ref-778c7b0 vs cand-474c288)
Finished game 1459 (cand-474c288 vs ref-778c7b0): 1-0 {White wins by adjudication}
Started game 1471 of 40000 (cand-474c288 vs ref-778c7b0)
Finished game 1461 (cand-474c288 vs ref-778c7b0): 1/2-1/2 {Draw by 3-fold repetition}
Started game 1472 of 40000 (ref-778c7b0 vs cand-474c288)
Finished game 1464 (ref-778c7b0 vs cand-474c288): 0-1 {Black wins by adjudication}
Started game 1473 of 40000 (cand-474c288 vs ref-778c7b0)
Finished game 1460 (ref-778c7b0 vs cand-474c288): 1-0 {White wins by adjudication}
--------------------------------------------------
Results of cand-474c288 vs ref-778c7b0 (8+0.08, 1t, 16MB, noob_3moves.epd):
Elo: 19.77 +/- 13.71, nElo: 25.77 +/- 17.82
LOS: 99.77 %, DrawRatio: 34.25 %, PairsRatio: 1.23
Games: 1460, Wins: 482, Losses: 399, Draws: 579, Points: 771.5 (52.84 %)
Ptnml(0-2): [48, 167, 250, 184, 81], WL/DD Ratio: 1.19
LLR: 1.40 (47.7%) (-2.94, 2.94) [0.00, 5.00]
--------------------------------------------------
Started game 1474 of 40000 (ref-778c7b0 vs cand-474c288)
Finished game 1455 (cand-474c288 vs ref-778c7b0): 1/2-1/2 {Draw by insufficient mating material}
Started game 1475 of 40000 (cand-474c288 vs ref-778c7b0)
Finished game 1467 (cand-474c288 vs ref-778c7b0): 1-0 {White wins by adjudication}
Started game 1476 of 40000 (ref-778c7b0 vs cand-474c288)
Finished game 1463 (cand-474c288 vs ref-778c7b0): 1-0 {White wins by adjudication}
Started game 1477 of 40000 (cand-474c288 vs ref-778c7b0)
Finished game 1466 (ref-778c7b0 vs cand-474c288): 0-1 {Black wins by adjudication}
Started game 1478 of 40000 (ref-778c7b0 vs cand-474c288)
Finished game 1465 (cand-474c288 vs ref-778c7b0): 1-0 {White wins by adjudication}
Started game 1479 of 40000 (cand-474c288 vs ref-778c7b0)
Finished game 1468 (ref-778c7b0 vs cand-474c288): 1-0 {White wins by adjudication}
Started game 1480 of 40000 (ref-778c7b0 vs cand-474c288)
Finished game 1470 (ref-778c7b0 vs cand-474c288): 1/2-1/2 {Draw by 3-fold repetition}
Started game 1481 of 40000 (cand-474c288 vs ref-778c7b0)
Finished game 1473 (cand-474c288 vs ref-778c7b0): 1/2-1/2 {Draw by 3-fold repetition}
Started game 1482 of 40000 (ref-778c7b0 vs cand-474c288)
Finished game 1472 (ref-778c7b0 vs cand-474c288): 1/2-1/2 {Draw by 3-fold repetition}
Started game 1483 of 40000 (cand-474c288 vs ref-778c7b0)
Finished game 1471 (cand-474c288 vs ref-778c7b0): 0-1 {Black wins by adjudication}
Started game 1484 of 40000 (ref-778c7b0 vs cand-474c288)
Finished game 1476 (ref-778c7b0 vs cand-474c288): 1/2-1/2 {Draw by 3-fold repetition}
Started game 1485 of 40000 (cand-474c288 vs ref-778c7b0)
Finished game 1475 (cand-474c288 vs ref-778c7b0): 1/2-1/2 {Draw by 3-fold repetition}
Started game 1486 of 40000 (ref-778c7b0 vs cand-474c288)
Finished game 1469 (cand-474c288 vs ref-778c7b0): 0-1 {Black wins by adjudication}
Started game 1487 of 40000 (cand-474c288 vs ref-778c7b0)
Finished game 1474 (ref-778c7b0 vs cand-474c288): 1/2-1/2 {Draw by 3-fold repetition}
Started game 1488 of 40000 (ref-778c7b0 vs cand-474c288)
Finished game 1478 (ref-778c7b0 vs cand-474c288): 0-1 {Black wins by adjudication}
Started game 1489 of 40000 (cand-474c288 vs ref-778c7b0)
Finished game 1477 (cand-474c288 vs ref-778c7b0): 0-1 {Black wins by adjudication}
Started game 1490 of 40000 (ref-778c7b0 vs cand-474c288)
Finished game 1479 (cand-474c288 vs ref-778c7b0): 1/2-1/2 {Draw by 3-fold repetition}
Started game 1491 of 40000 (cand-474c288 vs ref-778c7b0)
Finished game 1481 (cand-474c288 vs ref-778c7b0): 1-0 {White wins by adjudication}
Started game 1492 of 40000 (ref-778c7b0 vs cand-474c288)
Finished game 1480 (ref-778c7b0 vs cand-474c288): 1/2-1/2 {Draw by insufficient mating material}
--------------------------------------------------
Results of cand-474c288 vs ref-778c7b0 (8+0.08, 1t, 16MB, noob_3moves.epd):
Elo: 19.74 +/- 13.61, nElo: 25.74 +/- 17.70
LOS: 99.78 %, DrawRatio: 34.46 %, PairsRatio: 1.22
Games: 1480, Wins: 488, Losses: 404, Draws: 588, Points: 782.0 (52.84 %)
Ptnml(0-2): [48, 170, 255, 184, 83], WL/DD Ratio: 1.18
LLR: 1.42 (48.3%) (-2.94, 2.94) [0.00, 5.00]
--------------------------------------------------
Started game 1493 of 40000 (cand-474c288 vs ref-778c7b0)
Finished game 1482 (ref-778c7b0 vs cand-474c288): 0-1 {Black wins by adjudication}
Started game 1494 of 40000 (ref-778c7b0 vs cand-474c288)
Finished game 1483 (cand-474c288 vs ref-778c7b0): 1-0 {White wins by adjudication}
Started game 1495 of 40000 (cand-474c288 vs ref-778c7b0)
Finished game 1485 (cand-474c288 vs ref-778c7b0): 1-0 {White wins by adjudication}
Started game 1496 of 40000 (ref-778c7b0 vs cand-474c288)
Finished game 1487 (cand-474c288 vs ref-778c7b0): 0-1 {Black wins by adjudication}
Started game 1497 of 40000 (cand-474c288 vs ref-778c7b0)
Finished game 1486 (ref-778c7b0 vs cand-474c288): 1/2-1/2 {Draw by 3-fold repetition}
Started game 1498 of 40000 (ref-778c7b0 vs cand-474c288)
Finished game 1488 (ref-778c7b0 vs cand-474c288): 1-0 {White wins by adjudication}
Started game 1499 of 40000 (cand-474c288 vs ref-778c7b0)
Finished game 1494 (ref-778c7b0 vs cand-474c288): 1/2-1/2 {Draw by 3-fold repetition}
Started game 1500 of 40000 (ref-778c7b0 vs cand-474c288)
Finished game 1492 (ref-778c7b0 vs cand-474c288): 1/2-1/2 {Draw by 3-fold repetition}
Started game 1501 of 40000 (cand-474c288 vs ref-778c7b0)
Finished game 1489 (cand-474c288 vs ref-778c7b0): 1-0 {White wins by adjudication}
Started game 1502 of 40000 (ref-778c7b0 vs cand-474c288)
Finished game 1490 (ref-778c7b0 vs cand-474c288): 1-0 {White wins by adjudication}
Started game 1503 of 40000 (cand-474c288 vs ref-778c7b0)
Finished game 1484 (ref-778c7b0 vs cand-474c288): 1/2-1/2 {Draw by insufficient mating material}
Started game 1504 of 40000 (ref-778c7b0 vs cand-474c288)
Finished game 1496 (ref-778c7b0 vs cand-474c288): 0-1 {Black wins by adjudication}
Started game 1505 of 40000 (cand-474c288 vs ref-778c7b0)
Finished game 1495 (cand-474c288 vs ref-778c7b0): 1-0 {White wins by adjudication}
Started game 1506 of 40000 (ref-778c7b0 vs cand-474c288)
Finished game 1497 (cand-474c288 vs ref-778c7b0): 0-1 {Black wins by adjudication}
Started game 1507 of 40000 (cand-474c288 vs ref-778c7b0)
Finished game 1491 (cand-474c288 vs ref-778c7b0): 1-0 {White wins by adjudication}
Started game 1508 of 40000 (ref-778c7b0 vs cand-474c288)
Finished game 1503 (cand-474c288 vs ref-778c7b0): 1/2-1/2 {Draw by 3-fold repetition}
Started game 1509 of 40000 (cand-474c288 vs ref-778c7b0)
Finished game 1493 (cand-474c288 vs ref-778c7b0): 0-1 {Black wins by adjudication}
Started game 1510 of 40000 (ref-778c7b0 vs cand-474c288)
Finished game 1499 (cand-474c288 vs ref-778c7b0): 0-1 {Black wins by adjudication}
Started game 1511 of 40000 (cand-474c288 vs ref-778c7b0)
Finished game 1498 (ref-778c7b0 vs cand-474c288): 1/2-1/2 {Draw by adjudication}
Started game 1512 of 40000 (ref-778c7b0 vs cand-474c288)
Finished game 1500 (ref-778c7b0 vs cand-474c288): 0-1 {Black wins by adjudication}
--------------------------------------------------
Results of cand-474c288 vs ref-778c7b0 (8+0.08, 1t, 16MB, noob_3moves.epd):
Elo: 20.17 +/- 13.56, nElo: 26.24 +/- 17.58
LOS: 99.83 %, DrawRatio: 34.27 %, PairsRatio: 1.23
Games: 1500, Wins: 497, Losses: 410, Draws: 593, Points: 793.5 (52.90 %)
Ptnml(0-2): [49, 172, 257, 187, 85], WL/DD Ratio: 1.20
LLR: 1.47 (50.0%) (-2.94, 2.94) [0.00, 5.00]
--------------------------------------------------
Started game 1513 of 40000 (cand-474c288 vs ref-778c7b0)
Finished game 1508 (ref-778c7b0 vs cand-474c288): 0-1 {Black wins by adjudication}
Started game 1514 of 40000 (ref-778c7b0 vs cand-474c288)
Finished game 1502 (ref-778c7b0 vs cand-474c288): 0-1 {Black wins by adjudication}
Started game 1515 of 40000 (cand-474c288 vs ref-778c7b0)
Finished game 1506 (ref-778c7b0 vs cand-474c288): 1-0 {White wins by adjudication}
Started game 1516 of 40000 (ref-778c7b0 vs cand-474c288)
Finished game 1511 (cand-474c288 vs ref-778c7b0): 0-1 {Black wins by adjudication}
Started game 1517 of 40000 (cand-474c288 vs ref-778c7b0)
Finished game 1509 (cand-474c288 vs ref-778c7b0): 1-0 {White wins by adjudication}
Started game 1518 of 40000 (ref-778c7b0 vs cand-474c288)
Finished game 1501 (cand-474c288 vs ref-778c7b0): 1/2-1/2 {Draw by insufficient mating material}
Started game 1519 of 40000 (cand-474c288 vs ref-778c7b0)
Finished game 1505 (cand-474c288 vs ref-778c7b0): 1/2-1/2 {Draw by 3-fold repetition}
Started game 1520 of 40000 (ref-778c7b0 vs cand-474c288)
Finished game 1507 (cand-474c288 vs ref-778c7b0): 0-1 {Black wins by adjudication}
Started game 1521 of 40000 (cand-474c288 vs ref-778c7b0)
Finished game 1510 (ref-778c7b0 vs cand-474c288): 1-0 {White wins by adjudication}
Started game 1522 of 40000 (ref-778c7b0 vs cand-474c288)
Finished game 1513 (cand-474c288 vs ref-778c7b0): 1/2-1/2 {Draw by 3-fold repetition}
Started game 1523 of 40000 (cand-474c288 vs ref-778c7b0)
Finished game 1514 (ref-778c7b0 vs cand-474c288): 1-0 {White wins by adjudication}
Started game 1524 of 40000 (ref-778c7b0 vs cand-474c288)
Finished game 1512 (ref-778c7b0 vs cand-474c288): 0-1 {Black wins by adjudication}
Started game 1525 of 40000 (cand-474c288 vs ref-778c7b0)
Finished game 1504 (ref-778c7b0 vs cand-474c288): 0-1 {Black wins by adjudication}
Started game 1526 of 40000 (ref-778c7b0 vs cand-474c288)
Finished game 1515 (cand-474c288 vs ref-778c7b0): 0-1 {Black wins by adjudication}
Started game 1527 of 40000 (cand-474c288 vs ref-778c7b0)
Finished game 1517 (cand-474c288 vs ref-778c7b0): 1-0 {White wins by adjudication}
Started game 1528 of 40000 (ref-778c7b0 vs cand-474c288)
Finished game 1516 (ref-778c7b0 vs cand-474c288): 1/2-1/2 {Draw by 3-fold repetition}
Started game 1529 of 40000 (cand-474c288 vs ref-778c7b0)
Finished game 1519 (cand-474c288 vs ref-778c7b0): 1/2-1/2 {Draw by adjudication}
Started game 1530 of 40000 (ref-778c7b0 vs cand-474c288)
Finished game 1525 (cand-474c288 vs ref-778c7b0): 1-0 {White wins by adjudication}
Started game 1531 of 40000 (cand-474c288 vs ref-778c7b0)
Finished game 1523 (cand-474c288 vs ref-778c7b0): 0-1 {Black wins by adjudication}
Started game 1532 of 40000 (ref-778c7b0 vs cand-474c288)
Finished game 1521 (cand-474c288 vs ref-778c7b0): 0-1 {Black wins by adjudication}
Started game 1533 of 40000 (cand-474c288 vs ref-778c7b0)
Finished game 1526 (ref-778c7b0 vs cand-474c288): 1/2-1/2 {Draw by 3-fold repetition}
Started game 1534 of 40000 (ref-778c7b0 vs cand-474c288)
Finished game 1527 (cand-474c288 vs ref-778c7b0): 1/2-1/2 {Draw by 3-fold repetition}
Started game 1535 of 40000 (cand-474c288 vs ref-778c7b0)
Finished game 1520 (ref-778c7b0 vs cand-474c288): 1/2-1/2 {Draw by insufficient mating material}
--------------------------------------------------
Results of cand-474c288 vs ref-778c7b0 (8+0.08, 1t, 16MB, noob_3moves.epd):
Elo: 19.91 +/- 13.42, nElo: 25.97 +/- 17.47
LOS: 99.82 %, DrawRatio: 34.34 %, PairsRatio: 1.23
Games: 1520, Wins: 503, Losses: 416, Draws: 601, Points: 803.5 (52.86 %)
Ptnml(0-2): [49, 175, 261, 190, 85], WL/DD Ratio: 1.21
LLR: 1.47 (50.1%) (-2.94, 2.94) [0.00, 5.00]
--------------------------------------------------
Started game 1536 of 40000 (ref-778c7b0 vs cand-474c288)
Finished game 1518 (ref-778c7b0 vs cand-474c288): 0-1 {Black wins by adjudication}
Started game 1537 of 40000 (cand-474c288 vs ref-778c7b0)
Finished game 1524 (ref-778c7b0 vs cand-474c288): 1-0 {White wins by adjudication}
Started game 1538 of 40000 (ref-778c7b0 vs cand-474c288)
Finished game 1529 (cand-474c288 vs ref-778c7b0): 1-0 {White wins by adjudication}
Started game 1539 of 40000 (cand-474c288 vs ref-778c7b0)
Finished game 1522 (ref-778c7b0 vs cand-474c288): 1/2-1/2 {Draw by 3-fold repetition}
Started game 1540 of 40000 (ref-778c7b0 vs cand-474c288)
Finished game 1532 (ref-778c7b0 vs cand-474c288): 1-0 {White wins by adjudication}
Started game 1541 of 40000 (cand-474c288 vs ref-778c7b0)
Finished game 1528 (ref-778c7b0 vs cand-474c288): 1-0 {White wins by adjudication}
Started game 1542 of 40000 (ref-778c7b0 vs cand-474c288)
Finished game 1531 (cand-474c288 vs ref-778c7b0): 0-1 {Black wins by adjudication}
Started game 1543 of 40000 (cand-474c288 vs ref-778c7b0)
Finished game 1533 (cand-474c288 vs ref-778c7b0): 0-1 {Black wins by adjudication}
Started game 1544 of 40000 (ref-778c7b0 vs cand-474c288)
Finished game 1530 (ref-778c7b0 vs cand-474c288): 0-1 {Black wins by adjudication}
Started game 1545 of 40000 (cand-474c288 vs ref-778c7b0)
Finished game 1537 (cand-474c288 vs ref-778c7b0): 1/2-1/2 {Draw by adjudication}
Started game 1546 of 40000 (ref-778c7b0 vs cand-474c288)
Finished game 1539 (cand-474c288 vs ref-778c7b0): 1/2-1/2 {Draw by 3-fold repetition}
Started game 1547 of 40000 (cand-474c288 vs ref-778c7b0)
Finished game 1535 (cand-474c288 vs ref-778c7b0): 0-1 {Black wins by adjudication}
Started game 1548 of 40000 (ref-778c7b0 vs cand-474c288)
Finished game 1536 (ref-778c7b0 vs cand-474c288): 1-0 {White wins by adjudication}
Started game 1549 of 40000 (cand-474c288 vs ref-778c7b0)
Finished game 1540 (ref-778c7b0 vs cand-474c288): 1-0 {White wins by adjudication}
--------------------------------------------------
Results of cand-474c288 vs ref-778c7b0 (8+0.08, 1t, 16MB, noob_3moves.epd):
Elo: 18.57 +/- 13.46, nElo: 24.03 +/- 17.38
LOS: 99.66 %, DrawRatio: 33.98 %, PairsRatio: 1.20
Games: 1536, Wins: 507, Losses: 425, Draws: 604, Points: 809.0 (52.67 %)
Ptnml(0-2): [52, 178, 261, 190, 87], WL/DD Ratio: 1.21
LLR: 1.37 (46.4%) (-2.94, 2.94) [0.00, 5.00]
--------------------------------------------------
Started game 1550 of 40000 (ref-778c7b0 vs cand-474c288)
Finished game 1546 (ref-778c7b0 vs cand-474c288): 0-1 {Black wins by adjudication}
Started game 1551 of 40000 (cand-474c288 vs ref-778c7b0)
Finished game 1549 (cand-474c288 vs ref-778c7b0): 1-0 {White wins by adjudication}
Started game 1552 of 40000 (ref-778c7b0 vs cand-474c288)
Finished game 1541 (cand-474c288 vs ref-778c7b0): 1-0 {White wins by adjudication}
Started game 1553 of 40000 (cand-474c288 vs ref-778c7b0)
Finished game 1542 (ref-778c7b0 vs cand-474c288): 1/2-1/2 {Draw by 3-fold repetition}
Started game 1554 of 40000 (ref-778c7b0 vs cand-474c288)
Finished game 1534 (ref-778c7b0 vs cand-474c288): 1/2-1/2 {Draw by adjudication}
Started game 1555 of 40000 (cand-474c288 vs ref-778c7b0)
Finished game 1538 (ref-778c7b0 vs cand-474c288): 1/2-1/2 {Draw by 3-fold repetition}
Started game 1556 of 40000 (ref-778c7b0 vs cand-474c288)
Finished game 1548 (ref-778c7b0 vs cand-474c288): 0-1 {Black wins by adjudication}
Started game 1557 of 40000 (cand-474c288 vs ref-778c7b0)
Finished game 1550 (ref-778c7b0 vs cand-474c288): 1-0 {White wins by adjudication}
Started game 1558 of 40000 (ref-778c7b0 vs cand-474c288)
Finished game 1544 (ref-778c7b0 vs cand-474c288): 0-1 {Black wins by adjudication}
Started game 1559 of 40000 (cand-474c288 vs ref-778c7b0)
Finished game 1547 (cand-474c288 vs ref-778c7b0): 1-0 {White wins by adjudication}
Started game 1560 of 40000 (ref-778c7b0 vs cand-474c288)
Finished game 1543 (cand-474c288 vs ref-778c7b0): 1/2-1/2 {Draw by adjudication}
Started game 1561 of 40000 (cand-474c288 vs ref-778c7b0)
Finished game 1552 (ref-778c7b0 vs cand-474c288): 0-1 {Black wins by adjudication}
Started game 1562 of 40000 (ref-778c7b0 vs cand-474c288)
Finished game 1559 (cand-474c288 vs ref-778c7b0): 1/2-1/2 {Draw by 3-fold repetition}
Started game 1563 of 40000 (cand-474c288 vs ref-778c7b0)
Finished game 1555 (cand-474c288 vs ref-778c7b0): 1/2-1/2 {Draw by insufficient mating material}
Started game 1564 of 40000 (ref-778c7b0 vs cand-474c288)
Finished game 1553 (cand-474c288 vs ref-778c7b0): 1-0 {White wins by adjudication}
Started game 1565 of 40000 (cand-474c288 vs ref-778c7b0)
Finished game 1557 (cand-474c288 vs ref-778c7b0): 1/2-1/2 {Draw by 3-fold repetition}
Started game 1566 of 40000 (ref-778c7b0 vs cand-474c288)
Finished game 1560 (ref-778c7b0 vs cand-474c288): 1-0 {White wins by adjudication}
--------------------------------------------------
Results of cand-474c288 vs ref-778c7b0 (8+0.08, 1t, 16MB, noob_3moves.epd):
Elo: 18.85 +/- 13.39, nElo: 24.40 +/- 17.30
LOS: 99.72 %, DrawRatio: 33.94 %, PairsRatio: 1.21
Games: 1550, Wins: 512, Losses: 428, Draws: 610, Points: 817.0 (52.71 %)
Ptnml(0-2): [52, 180, 263, 192, 88], WL/DD Ratio: 1.21
LLR: 1.40 (47.7%) (-2.94, 2.94) [0.00, 5.00]
--------------------------------------------------
Started game 1567 of 40000 (cand-474c288 vs ref-778c7b0)
Finished game 1556 (ref-778c7b0 vs cand-474c288): 1-0 {White wins by adjudication}
Started game 1568 of 40000 (ref-778c7b0 vs cand-474c288)
Finished game 1561 (cand-474c288 vs ref-778c7b0): 1-0 {White wins by adjudication}
Started game 1569 of 40000 (cand-474c288 vs ref-778c7b0)
Finished game 1551 (cand-474c288 vs ref-778c7b0): 1/2-1/2 {Draw by adjudication}
Started game 1570 of 40000 (ref-778c7b0 vs cand-474c288)
Finished game 1554 (ref-778c7b0 vs cand-474c288): 1/2-1/2 {Draw by insufficient mating material}
Started game 1571 of 40000 (cand-474c288 vs ref-778c7b0)
Finished game 1545 (cand-474c288 vs ref-778c7b0): 1/2-1/2 {Draw by adjudication}
Started game 1572 of 40000 (ref-778c7b0 vs cand-474c288)
Finished game 1558 (ref-778c7b0 vs cand-474c288): 1/2-1/2 {Draw by 3-fold repetition}
Started game 1573 of 40000 (cand-474c288 vs ref-778c7b0)
Finished game 1564 (ref-778c7b0 vs cand-474c288): 1/2-1/2 {Draw by 3-fold repetition}
Started game 1574 of 40000 (ref-778c7b0 vs cand-474c288)
Finished game 1562 (ref-778c7b0 vs cand-474c288): 0-1 {Black wins by adjudication}
Started game 1575 of 40000 (cand-474c288 vs ref-778c7b0)
Finished game 1569 (cand-474c288 vs ref-778c7b0): 0-1 {Black wins by adjudication}
Started game 1576 of 40000 (ref-778c7b0 vs cand-474c288)
Finished game 1573 (cand-474c288 vs ref-778c7b0): 1-0 {White wins by adjudication}
Started game 1577 of 40000 (cand-474c288 vs ref-778c7b0)
Finished game 1572 (ref-778c7b0 vs cand-474c288): 1-0 {White wins by adjudication}
Started game 1578 of 40000 (ref-778c7b0 vs cand-474c288)
Finished game 1563 (cand-474c288 vs ref-778c7b0): 1/2-1/2 {Draw by 3-fold repetition}
Started game 1579 of 40000 (cand-474c288 vs ref-778c7b0)
Finished game 1570 (ref-778c7b0 vs cand-474c288): 1-0 {White wins by adjudication}
Started game 1580 of 40000 (ref-778c7b0 vs cand-474c288)
Finished game 1565 (cand-474c288 vs ref-778c7b0): 1-0 {White wins by adjudication}
Started game 1581 of 40000 (cand-474c288 vs ref-778c7b0)
Finished game 1566 (ref-778c7b0 vs cand-474c288): 0-1 {Black wins by adjudication}
Started game 1582 of 40000 (ref-778c7b0 vs cand-474c288)
Finished game 1568 (ref-778c7b0 vs cand-474c288): 0-1 {Black wins by adjudication}
Started game 1583 of 40000 (cand-474c288 vs ref-778c7b0)
Finished game 1571 (cand-474c288 vs ref-778c7b0): 1-0 {White wins by adjudication}
Started game 1584 of 40000 (ref-778c7b0 vs cand-474c288)
Finished game 1583 (cand-474c288 vs ref-778c7b0): 1-0 {White wins by adjudication}
Started game 1585 of 40000 (cand-474c288 vs ref-778c7b0)
Finished game 1574 (ref-778c7b0 vs cand-474c288): 1-0 {White wins by adjudication}
Started game 1586 of 40000 (ref-778c7b0 vs cand-474c288)
Finished game 1578 (ref-778c7b0 vs cand-474c288): 1/2-1/2 {Draw by 3-fold repetition}
Started game 1587 of 40000 (cand-474c288 vs ref-778c7b0)
Finished game 1577 (cand-474c288 vs ref-778c7b0): 1-0 {White wins by adjudication}
Started game 1588 of 40000 (ref-778c7b0 vs cand-474c288)
Finished game 1567 (cand-474c288 vs ref-778c7b0): 1/2-1/2 {Draw by 3-fold repetition}
Started game 1589 of 40000 (cand-474c288 vs ref-778c7b0)
Finished game 1576 (ref-778c7b0 vs cand-474c288): 0-1 {Black wins by adjudication}
Started game 1590 of 40000 (ref-778c7b0 vs cand-474c288)
Finished game 1575 (cand-474c288 vs ref-778c7b0): 0-1 {Black wins by adjudication}
Started game 1591 of 40000 (cand-474c288 vs ref-778c7b0)
Finished game 1581 (cand-474c288 vs ref-778c7b0): 1/2-1/2 {Draw by 3-fold repetition}
Started game 1592 of 40000 (ref-778c7b0 vs cand-474c288)
Finished game 1579 (cand-474c288 vs ref-778c7b0): 1-0 {White wins by adjudication}
Started game 1593 of 40000 (cand-474c288 vs ref-778c7b0)
Finished game 1584 (ref-778c7b0 vs cand-474c288): 0-1 {Black wins by adjudication}
Started game 1594 of 40000 (ref-778c7b0 vs cand-474c288)
Finished game 1580 (ref-778c7b0 vs cand-474c288): 1/2-1/2 {Draw by adjudication}
--------------------------------------------------
Results of cand-474c288 vs ref-778c7b0 (8+0.08, 1t, 16MB, noob_3moves.epd):
Elo: 20.45 +/- 13.28, nElo: 26.44 +/- 17.12
LOS: 99.88 %, DrawRatio: 33.88 %, PairsRatio: 1.24
Games: 1582, Wins: 527, Losses: 434, Draws: 621, Points: 837.5 (52.94 %)
Ptnml(0-2): [53, 181, 268, 198, 91], WL/DD Ratio: 1.21
LLR: 1.56 (53.1%) (-2.94, 2.94) [0.00, 5.00]
--------------------------------------------------
Started game 1595 of 40000 (cand-474c288 vs ref-778c7b0)
Finished game 1587 (cand-474c288 vs ref-778c7b0): 1-0 {White wins by adjudication}
Started game 1596 of 40000 (ref-778c7b0 vs cand-474c288)
Finished game 1586 (ref-778c7b0 vs cand-474c288): 1-0 {White wins by adjudication}
Started game 1597 of 40000 (cand-474c288 vs ref-778c7b0)
Finished game 1585 (cand-474c288 vs ref-778c7b0): 1/2-1/2 {Draw by 3-fold repetition}
Started game 1598 of 40000 (ref-778c7b0 vs cand-474c288)
Finished game 1593 (cand-474c288 vs ref-778c7b0): 1/2-1/2 {Draw by 3-fold repetition}
Started game 1599 of 40000 (cand-474c288 vs ref-778c7b0)
Finished game 1594 (ref-778c7b0 vs cand-474c288): 1/2-1/2 {Draw by 3-fold repetition}
Started game 1600 of 40000 (ref-778c7b0 vs cand-474c288)
Finished game 1591 (cand-474c288 vs ref-778c7b0): 0-1 {Black wins by adjudication}
Started game 1601 of 40000 (cand-474c288 vs ref-778c7b0)
Finished game 1582 (ref-778c7b0 vs cand-474c288): 1/2-1/2 {Draw by 3-fold repetition}
Started game 1602 of 40000 (ref-778c7b0 vs cand-474c288)
Finished game 1588 (ref-778c7b0 vs cand-474c288): 1-0 {White wins by adjudication}
Started game 1603 of 40000 (cand-474c288 vs ref-778c7b0)
Finished game 1589 (cand-474c288 vs ref-778c7b0): 1-0 {White wins by adjudication}
Started game 1604 of 40000 (ref-778c7b0 vs cand-474c288)
Finished game 1592 (ref-778c7b0 vs cand-474c288): 1-0 {White wins by adjudication}
Started game 1605 of 40000 (cand-474c288 vs ref-778c7b0)
Finished game 1598 (ref-778c7b0 vs cand-474c288): 1/2-1/2 {Draw by 3-fold repetition}
Started game 1606 of 40000 (ref-778c7b0 vs cand-474c288)
Finished game 1595 (cand-474c288 vs ref-778c7b0): 1-0 {White wins by adjudication}
Started game 1607 of 40000 (cand-474c288 vs ref-778c7b0)
Finished game 1596 (ref-778c7b0 vs cand-474c288): 1/2-1/2 {Draw by 3-fold repetition}
Started game 1608 of 40000 (ref-778c7b0 vs cand-474c288)
Finished game 1597 (cand-474c288 vs ref-778c7b0): 1-0 {White wins by adjudication}
Started game 1609 of 40000 (cand-474c288 vs ref-778c7b0)
Finished game 1600 (ref-778c7b0 vs cand-474c288): 1-0 {White wins by adjudication}
Started game 1610 of 40000 (ref-778c7b0 vs cand-474c288)
Finished game 1601 (cand-474c288 vs ref-778c7b0): 0-1 {Black wins by adjudication}
Started game 1611 of 40000 (cand-474c288 vs ref-778c7b0)
Finished game 1603 (cand-474c288 vs ref-778c7b0): 1-0 {White wins by adjudication}
Started game 1612 of 40000 (ref-778c7b0 vs cand-474c288)
Finished game 1602 (ref-778c7b0 vs cand-474c288): 0-1 {Black wins by adjudication}
Started game 1613 of 40000 (cand-474c288 vs ref-778c7b0)
Finished game 1590 (ref-778c7b0 vs cand-474c288): 1/2-1/2 {Draw by fifty moves rule}
Started game 1614 of 40000 (ref-778c7b0 vs cand-474c288)
Finished game 1599 (cand-474c288 vs ref-778c7b0): 1/2-1/2 {Draw by 3-fold repetition}
--------------------------------------------------
Results of cand-474c288 vs ref-778c7b0 (8+0.08, 1t, 16MB, noob_3moves.epd):
Elo: 19.97 +/- 13.17, nElo: 25.86 +/- 17.01
LOS: 99.86 %, DrawRatio: 33.96 %, PairsRatio: 1.23
Games: 1602, Wins: 532, Losses: 440, Draws: 630, Points: 847.0 (52.87 %)
Ptnml(0-2): [54, 183, 272, 201, 91], WL/DD Ratio: 1.21
LLR: 1.55 (52.5%) (-2.94, 2.94) [0.00, 5.00]
--------------------------------------------------
Started game 1615 of 40000 (cand-474c288 vs ref-778c7b0)
Finished game 1608 (ref-778c7b0 vs cand-474c288): 0-1 {Black wins by adjudication}
Started game 1616 of 40000 (ref-778c7b0 vs cand-474c288)
Finished game 1609 (cand-474c288 vs ref-778c7b0): 1/2-1/2 {Draw by 3-fold repetition}
Started game 1617 of 40000 (cand-474c288 vs ref-778c7b0)
Finished game 1610 (ref-778c7b0 vs cand-474c288): 1/2-1/2 {Draw by 3-fold repetition}
Started game 1618 of 40000 (ref-778c7b0 vs cand-474c288)
Finished game 1606 (ref-778c7b0 vs cand-474c288): 1-0 {White wins by adjudication}
Started game 1619 of 40000 (cand-474c288 vs ref-778c7b0)
Finished game 1611 (cand-474c288 vs ref-778c7b0): 1/2-1/2 {Draw by 3-fold repetition}
Started game 1620 of 40000 (ref-778c7b0 vs cand-474c288)
Finished game 1607 (cand-474c288 vs ref-778c7b0): 1-0 {White wins by adjudication}
Started game 1621 of 40000 (cand-474c288 vs ref-778c7b0)
Finished game 1604 (ref-778c7b0 vs cand-474c288): 1/2-1/2 {Draw by insufficient mating material}
Started game 1622 of 40000 (ref-778c7b0 vs cand-474c288)
Finished game 1605 (cand-474c288 vs ref-778c7b0): 0-1 {Black wins by adjudication}
Started game 1623 of 40000 (cand-474c288 vs ref-778c7b0)
Finished game 1612 (ref-778c7b0 vs cand-474c288): 1-0 {White wins by adjudication}
Started game 1624 of 40000 (ref-778c7b0 vs cand-474c288)
Finished game 1615 (cand-474c288 vs ref-778c7b0): 1/2-1/2 {Draw by 3-fold repetition}
Started game 1625 of 40000 (cand-474c288 vs ref-778c7b0)
Finished game 1616 (ref-778c7b0 vs cand-474c288): 0-1 {Black wins by adjudication}
Started game 1626 of 40000 (ref-778c7b0 vs cand-474c288)
Finished game 1614 (ref-778c7b0 vs cand-474c288): 1/2-1/2 {Draw by insufficient mating material}
Started game 1627 of 40000 (cand-474c288 vs ref-778c7b0)
Finished game 1618 (ref-778c7b0 vs cand-474c288): 0-1 {Black wins by adjudication}
Started game 1628 of 40000 (ref-778c7b0 vs cand-474c288)
Finished game 1617 (cand-474c288 vs ref-778c7b0): 0-1 {Black wins by adjudication}
Started game 1629 of 40000 (cand-474c288 vs ref-778c7b0)
Finished game 1623 (cand-474c288 vs ref-778c7b0): 1/2-1/2 {Draw by 3-fold repetition}
Started game 1630 of 40000 (ref-778c7b0 vs cand-474c288)
Finished game 1613 (cand-474c288 vs ref-778c7b0): 1/2-1/2 {Draw by adjudication}
Started game 1631 of 40000 (cand-474c288 vs ref-778c7b0)
Finished game 1622 (ref-778c7b0 vs cand-474c288): 1/2-1/2 {Draw by 3-fold repetition}
Started game 1632 of 40000 (ref-778c7b0 vs cand-474c288)
Finished game 1620 (ref-778c7b0 vs cand-474c288): 0-1 {Black wins by adjudication}
Started game 1633 of 40000 (cand-474c288 vs ref-778c7b0)
Finished game 1619 (cand-474c288 vs ref-778c7b0): 0-1 {Black wins by adjudication}
--------------------------------------------------
Results of cand-474c288 vs ref-778c7b0 (8+0.08, 1t, 16MB, noob_3moves.epd):
Elo: 19.97 +/- 13.10, nElo: 25.85 +/- 16.92
LOS: 99.86 %, DrawRatio: 34.07 %, PairsRatio: 1.23
Games: 1620, Wins: 538, Losses: 445, Draws: 637, Points: 856.5 (52.87 %)
Ptnml(0-2): [55, 184, 276, 203, 92], WL/DD Ratio: 1.21
LLR: 1.56 (53.1%) (-2.94, 2.94) [0.00, 5.00]
--------------------------------------------------
Started game 1634 of 40000 (ref-778c7b0 vs cand-474c288)
Finished game 1627 (cand-474c288 vs ref-778c7b0): 1-0 {White wins by adjudication}
Started game 1635 of 40000 (cand-474c288 vs ref-778c7b0)
Finished game 1624 (ref-778c7b0 vs cand-474c288): 1/2-1/2 {Draw by adjudication}
Started game 1636 of 40000 (ref-778c7b0 vs cand-474c288)
Finished game 1631 (cand-474c288 vs ref-778c7b0): 1/2-1/2 {Draw by 3-fold repetition}
Started game 1637 of 40000 (cand-474c288 vs ref-778c7b0)
Finished game 1626 (ref-778c7b0 vs cand-474c288): 0-1 {Black wins by adjudication}
Started game 1638 of 40000 (ref-778c7b0 vs cand-474c288)
Finished game 1629 (cand-474c288 vs ref-778c7b0): 1/2-1/2 {Draw by 3-fold repetition}
Started game 1639 of 40000 (cand-474c288 vs ref-778c7b0)
Finished game 1625 (cand-474c288 vs ref-778c7b0): 1/2-1/2 {Draw by insufficient mating material}
Started game 1640 of 40000 (ref-778c7b0 vs cand-474c288)
Finished game 1621 (cand-474c288 vs ref-778c7b0): 1/2-1/2 {Draw by 3-fold repetition}
Started game 1641 of 40000 (cand-474c288 vs ref-778c7b0)
Finished game 1628 (ref-778c7b0 vs cand-474c288): 1/2-1/2 {Draw by 3-fold repetition}
Started game 1642 of 40000 (ref-778c7b0 vs cand-474c288)
Finished game 1632 (ref-778c7b0 vs cand-474c288): 0-1 {Black wins by adjudication}
Started game 1643 of 40000 (cand-474c288 vs ref-778c7b0)
Finished game 1634 (ref-778c7b0 vs cand-474c288): 1/2-1/2 {Draw by 3-fold repetition}
Started game 1644 of 40000 (ref-778c7b0 vs cand-474c288)
Finished game 1633 (cand-474c288 vs ref-778c7b0): 1/2-1/2 {Draw by 3-fold repetition}
Started game 1645 of 40000 (cand-474c288 vs ref-778c7b0)
Finished game 1630 (ref-778c7b0 vs cand-474c288): 1/2-1/2 {Draw by adjudication}
Started game 1646 of 40000 (ref-778c7b0 vs cand-474c288)
Finished game 1636 (ref-778c7b0 vs cand-474c288): 1-0 {White wins by adjudication}
Started game 1647 of 40000 (cand-474c288 vs ref-778c7b0)
Finished game 1639 (cand-474c288 vs ref-778c7b0): 1/2-1/2 {Draw by adjudication}
Started game 1648 of 40000 (ref-778c7b0 vs cand-474c288)
Finished game 1637 (cand-474c288 vs ref-778c7b0): 1/2-1/2 {Draw by 3-fold repetition}
Started game 1649 of 40000 (cand-474c288 vs ref-778c7b0)
Finished game 1635 (cand-474c288 vs ref-778c7b0): 0-1 {Black wins by adjudication}
Started game 1650 of 40000 (ref-778c7b0 vs cand-474c288)
Finished game 1640 (ref-778c7b0 vs cand-474c288): 1-0 {White wins by adjudication}
--------------------------------------------------
Results of cand-474c288 vs ref-778c7b0 (8+0.08, 1t, 16MB, noob_3moves.epd):
Elo: 19.75 +/- 13.01, nElo: 25.60 +/- 16.83
LOS: 99.86 %, DrawRatio: 34.19 %, PairsRatio: 1.24
Games: 1638, Wins: 541, Losses: 448, Draws: 649, Points: 865.5 (52.84 %)
Ptnml(0-2): [56, 185, 280, 206, 92], WL/DD Ratio: 1.17
LLR: 1.56 (53.1%) (-2.94, 2.94) [0.00, 5.00]
--------------------------------------------------
Started game 1651 of 40000 (cand-474c288 vs ref-778c7b0)
Finished game 1641 (cand-474c288 vs ref-778c7b0): 0-1 {Black wins by adjudication}
Started game 1652 of 40000 (ref-778c7b0 vs cand-474c288)
Finished game 1642 (ref-778c7b0 vs cand-474c288): 0-1 {Black wins by adjudication}
Started game 1653 of 40000 (cand-474c288 vs ref-778c7b0)
Finished game 1645 (cand-474c288 vs ref-778c7b0): 1-0 {White wins by adjudication}
Started game 1654 of 40000 (ref-778c7b0 vs cand-474c288)
Finished game 1644 (ref-778c7b0 vs cand-474c288): 1/2-1/2 {Draw by 3-fold repetition}
Started game 1655 of 40000 (cand-474c288 vs ref-778c7b0)
Finished game 1638 (ref-778c7b0 vs cand-474c288): 0-1 {Black wins by adjudication}
Started game 1656 of 40000 (ref-778c7b0 vs cand-474c288)
Finished game 1643 (cand-474c288 vs ref-778c7b0): 1/2-1/2 {Draw by adjudication}
Started game 1657 of 40000 (cand-474c288 vs ref-778c7b0)
Finished game 1650 (ref-778c7b0 vs cand-474c288): 0-1 {Black wins by adjudication}
Started game 1658 of 40000 (ref-778c7b0 vs cand-474c288)
Finished game 1655 (cand-474c288 vs ref-778c7b0): 1-0 {White wins by adjudication}
Started game 1659 of 40000 (cand-474c288 vs ref-778c7b0)
Finished game 1652 (ref-778c7b0 vs cand-474c288): 1-0 {White wins by adjudication}
Started game 1660 of 40000 (ref-778c7b0 vs cand-474c288)
Finished game 1649 (cand-474c288 vs ref-778c7b0): 0-1 {Black wins by adjudication}
Started game 1661 of 40000 (cand-474c288 vs ref-778c7b0)
Finished game 1646 (ref-778c7b0 vs cand-474c288): 1-0 {White wins by adjudication}
Started game 1662 of 40000 (ref-778c7b0 vs cand-474c288)
Finished game 1651 (cand-474c288 vs ref-778c7b0): 1-0 {White wins by adjudication}
Started game 1663 of 40000 (cand-474c288 vs ref-778c7b0)
Finished game 1647 (cand-474c288 vs ref-778c7b0): 1/2-1/2 {Draw by stalemate}
Started game 1664 of 40000 (ref-778c7b0 vs cand-474c288)
Finished game 1648 (ref-778c7b0 vs cand-474c288): 1-0 {White wins by adjudication}
Started game 1665 of 40000 (cand-474c288 vs ref-778c7b0)
Finished game 1653 (cand-474c288 vs ref-778c7b0): 1/2-1/2 {Draw by insufficient mating material}
Started game 1666 of 40000 (ref-778c7b0 vs cand-474c288)
Finished game 1656 (ref-778c7b0 vs cand-474c288): 1/2-1/2 {Draw by 3-fold repetition}
Started game 1667 of 40000 (cand-474c288 vs ref-778c7b0)
Finished game 1654 (ref-778c7b0 vs cand-474c288): 1/2-1/2 {Draw by insufficient mating material}
Started game 1668 of 40000 (ref-778c7b0 vs cand-474c288)
Finished game 1657 (cand-474c288 vs ref-778c7b0): 1-0 {White wins by adjudication}
Started game 1669 of 40000 (cand-474c288 vs ref-778c7b0)
Finished game 1660 (ref-778c7b0 vs cand-474c288): 0-1 {Black wins by adjudication}
Started game 1670 of 40000 (ref-778c7b0 vs cand-474c288)
Finished game 1662 (ref-778c7b0 vs cand-474c288): 1/2-1/2 {Draw by 3-fold repetition}
Started game 1671 of 40000 (cand-474c288 vs ref-778c7b0)
Finished game 1659 (cand-474c288 vs ref-778c7b0): 1-0 {White wins by adjudication}
--------------------------------------------------
Results of cand-474c288 vs ref-778c7b0 (8+0.08, 1t, 16MB, noob_3moves.epd):
Elo: 20.14 +/- 12.90, nElo: 26.18 +/- 16.72
LOS: 99.89 %, DrawRatio: 34.50 %, PairsRatio: 1.24
Games: 1658, Wins: 549, Losses: 453, Draws: 656, Points: 877.0 (52.90 %)
Ptnml(0-2): [56, 186, 286, 208, 93], WL/DD Ratio: 1.18
LLR: 1.62 (55.1%) (-2.94, 2.94) [0.00, 5.00]
--------------------------------------------------
Started game 1672 of 40000 (ref-778c7b0 vs cand-474c288)
Finished game 1664 (ref-778c7b0 vs cand-474c288): 0-1 {Black wins by adjudication}
Started game 1673 of 40000 (cand-474c288 vs ref-778c7b0)
Finished game 1658 (ref-778c7b0 vs cand-474c288): 0-1 {Black wins by adjudication}
Started game 1674 of 40000 (ref-778c7b0 vs cand-474c288)
Finished game 1663 (cand-474c288 vs ref-778c7b0): 1-0 {White wins by adjudication}
Started game 1675 of 40000 (cand-474c288 vs ref-778c7b0)
Finished game 1666 (ref-778c7b0 vs cand-474c288): 1/2-1/2 {Draw by 3-fold repetition}
Started game 1676 of 40000 (ref-778c7b0 vs cand-474c288)
Finished game 1661 (cand-474c288 vs ref-778c7b0): 1-0 {White wins by adjudication}
Started game 1677 of 40000 (cand-474c288 vs ref-778c7b0)
Finished game 1667 (cand-474c288 vs ref-778c7b0): 1/2-1/2 {Draw by 3-fold repetition}
Started game 1678 of 40000 (ref-778c7b0 vs cand-474c288)
Finished game 1665 (cand-474c288 vs ref-778c7b0): 1/2-1/2 {Draw by 3-fold repetition}
Started game 1679 of 40000 (cand-474c288 vs ref-778c7b0)
Finished game 1669 (cand-474c288 vs ref-778c7b0): 0-1 {Black wins by adjudication}
Started game 1680 of 40000 (ref-778c7b0 vs cand-474c288)
Finished game 1668 (ref-778c7b0 vs cand-474c288): 1/2-1/2 {Draw by insufficient mating material}
Started game 1681 of 40000 (cand-474c288 vs ref-778c7b0)
Finished game 1674 (ref-778c7b0 vs cand-474c288): 1-0 {White wins by adjudication}
Started game 1682 of 40000 (ref-778c7b0 vs cand-474c288)
Finished game 1672 (ref-778c7b0 vs cand-474c288): 0-1 {Black wins by adjudication}
Started game 1683 of 40000 (cand-474c288 vs ref-778c7b0)
Finished game 1673 (cand-474c288 vs ref-778c7b0): 0-1 {Black wins by adjudication}
Started game 1684 of 40000 (ref-778c7b0 vs cand-474c288)
Finished game 1675 (cand-474c288 vs ref-778c7b0): 1-0 {White wins by adjudication}
Started game 1685 of 40000 (cand-474c288 vs ref-778c7b0)
Finished game 1679 (cand-474c288 vs ref-778c7b0): 1-0 {White wins by adjudication}
Started game 1686 of 40000 (ref-778c7b0 vs cand-474c288)
Finished game 1678 (ref-778c7b0 vs cand-474c288): 1-0 {White wins by adjudication}
Started game 1687 of 40000 (cand-474c288 vs ref-778c7b0)
Finished game 1676 (ref-778c7b0 vs cand-474c288): 0-1 {Black wins by adjudication}
Started game 1688 of 40000 (ref-778c7b0 vs cand-474c288)
Finished game 1671 (cand-474c288 vs ref-778c7b0): 1/2-1/2 {Draw by adjudication}
Started game 1689 of 40000 (cand-474c288 vs ref-778c7b0)
Finished game 1670 (ref-778c7b0 vs cand-474c288): 1/2-1/2 {Draw by fifty moves rule}
Started game 1690 of 40000 (ref-778c7b0 vs cand-474c288)
Finished game 1682 (ref-778c7b0 vs cand-474c288): 0-1 {Black wins by adjudication}
Started game 1691 of 40000 (cand-474c288 vs ref-778c7b0)
Finished game 1681 (cand-474c288 vs ref-778c7b0): 1-0 {White wins by adjudication}
Started game 1692 of 40000 (ref-778c7b0 vs cand-474c288)
Finished game 1677 (cand-474c288 vs ref-778c7b0): 1/2-1/2 {Draw by fifty moves rule}
Started game 1693 of 40000 (cand-474c288 vs ref-778c7b0)
Finished game 1680 (ref-778c7b0 vs cand-474c288): 1/2-1/2 {Draw by fifty moves rule}
--------------------------------------------------
Results of cand-474c288 vs ref-778c7b0 (8+0.08, 1t, 16MB, noob_3moves.epd):
Elo: 21.30 +/- 12.87, nElo: 27.56 +/- 16.60
LOS: 99.94 %, DrawRatio: 34.24 %, PairsRatio: 1.26
Games: 1682, Wins: 560, Losses: 457, Draws: 665, Points: 892.5 (53.06 %)
Ptnml(0-2): [57, 188, 288, 211, 97], WL/DD Ratio: 1.17
LLR: 1.74 (59.1%) (-2.94, 2.94) [0.00, 5.00]
--------------------------------------------------
Started game 1694 of 40000 (ref-778c7b0 vs cand-474c288)
Finished game 1683 (cand-474c288 vs ref-778c7b0): 1/2-1/2 {Draw by insufficient mating material}
Started game 1695 of 40000 (cand-474c288 vs ref-778c7b0)
Finished game 1689 (cand-474c288 vs ref-778c7b0): 1/2-1/2 {Draw by 3-fold repetition}
Started game 1696 of 40000 (ref-778c7b0 vs cand-474c288)
Finished game 1687 (cand-474c288 vs ref-778c7b0): 0-1 {Black wins by adjudication}
Started game 1697 of 40000 (cand-474c288 vs ref-778c7b0)
Finished game 1684 (ref-778c7b0 vs cand-474c288): 1-0 {White wins by adjudication}
Started game 1698 of 40000 (ref-778c7b0 vs cand-474c288)
Finished game 1686 (ref-778c7b0 vs cand-474c288): 1/2-1/2 {Draw by insufficient mating material}
Started game 1699 of 40000 (cand-474c288 vs ref-778c7b0)
Finished game 1685 (cand-474c288 vs ref-778c7b0): 1/2-1/2 {Draw by adjudication}
Started game 1700 of 40000 (ref-778c7b0 vs cand-474c288)
Finished game 1691 (cand-474c288 vs ref-778c7b0): 0-1 {Black wins by adjudication}
Started game 1701 of 40000 (cand-474c288 vs ref-778c7b0)
Finished game 1692 (ref-778c7b0 vs cand-474c288): 0-1 {Black wins by adjudication}
Started game 1702 of 40000 (ref-778c7b0 vs cand-474c288)
Finished game 1694 (ref-778c7b0 vs cand-474c288): 0-1 {Black wins by adjudication}
Started game 1703 of 40000 (cand-474c288 vs ref-778c7b0)
Finished game 1690 (ref-778c7b0 vs cand-474c288): 0-1 {Black wins by adjudication}
Started game 1704 of 40000 (ref-778c7b0 vs cand-474c288)
Finished game 1693 (cand-474c288 vs ref-778c7b0): 1-0 {White wins by adjudication}
Started game 1705 of 40000 (cand-474c288 vs ref-778c7b0)
Finished game 1697 (cand-474c288 vs ref-778c7b0): 1-0 {White wins by adjudication}
Started game 1706 of 40000 (ref-778c7b0 vs cand-474c288)
Finished game 1702 (ref-778c7b0 vs cand-474c288): 1/2-1/2 {Draw by 3-fold repetition}
Started game 1707 of 40000 (cand-474c288 vs ref-778c7b0)
Finished game 1688 (ref-778c7b0 vs cand-474c288): 1/2-1/2 {Draw by adjudication}
Started game 1708 of 40000 (ref-778c7b0 vs cand-474c288)
Finished game 1695 (cand-474c288 vs ref-778c7b0): 1-0 {White wins by adjudication}
Started game 1709 of 40000 (cand-474c288 vs ref-778c7b0)
Finished game 1699 (cand-474c288 vs ref-778c7b0): 1-0 {White wins by adjudication}
Started game 1710 of 40000 (ref-778c7b0 vs cand-474c288)
Finished game 1700 (ref-778c7b0 vs cand-474c288): 1-0 {White wins by adjudication}
--------------------------------------------------
Results of cand-474c288 vs ref-778c7b0 (8+0.08, 1t, 16MB, noob_3moves.epd):
Elo: 21.33 +/- 12.81, nElo: 27.62 +/- 16.54
LOS: 99.95 %, DrawRatio: 34.32 %, PairsRatio: 1.26
Games: 1696, Wins: 565, Losses: 461, Draws: 670, Points: 900.0 (53.07 %)
Ptnml(0-2): [57, 190, 291, 212, 98], WL/DD Ratio: 1.17
LLR: 1.76 (59.7%) (-2.94, 2.94) [0.00, 5.00]
--------------------------------------------------
Started game 1711 of 40000 (cand-474c288 vs ref-778c7b0)
Finished game 1696 (ref-778c7b0 vs cand-474c288): 0-1 {Black wins by adjudication}
Started game 1712 of 40000 (ref-778c7b0 vs cand-474c288)
Finished game 1703 (cand-474c288 vs ref-778c7b0): 1-0 {White wins by adjudication}
Started game 1713 of 40000 (cand-474c288 vs ref-778c7b0)
Finished game 1698 (ref-778c7b0 vs cand-474c288): 1/2-1/2 {Draw by insufficient mating material}
Started game 1714 of 40000 (ref-778c7b0 vs cand-474c288)
Finished game 1701 (cand-474c288 vs ref-778c7b0): 0-1 {Black wins by adjudication}
Started game 1715 of 40000 (cand-474c288 vs ref-778c7b0)
Finished game 1706 (ref-778c7b0 vs cand-474c288): 1-0 {White wins by adjudication}
Started game 1716 of 40000 (ref-778c7b0 vs cand-474c288)
Finished game 1705 (cand-474c288 vs ref-778c7b0): 0-1 {Black wins by adjudication}
Started game 1717 of 40000 (cand-474c288 vs ref-778c7b0)
Finished game 1704 (ref-778c7b0 vs cand-474c288): 1/2-1/2 {Draw by adjudication}
Started game 1718 of 40000 (ref-778c7b0 vs cand-474c288)
Finished game 1707 (cand-474c288 vs ref-778c7b0): 1-0 {White wins by adjudication}
Started game 1719 of 40000 (cand-474c288 vs ref-778c7b0)
Finished game 1711 (cand-474c288 vs ref-778c7b0): 0-1 {Black wins by adjudication}
Started game 1720 of 40000 (ref-778c7b0 vs cand-474c288)
Finished game 1713 (cand-474c288 vs ref-778c7b0): 1-0 {White wins by adjudication}
Started game 1721 of 40000 (cand-474c288 vs ref-778c7b0)
Finished game 1712 (ref-778c7b0 vs cand-474c288): 1/2-1/2 {Draw by 3-fold repetition}
Started game 1722 of 40000 (ref-778c7b0 vs cand-474c288)
Finished game 1708 (ref-778c7b0 vs cand-474c288): 0-1 {Black wins by adjudication}
Started game 1723 of 40000 (cand-474c288 vs ref-778c7b0)
Finished game 1714 (ref-778c7b0 vs cand-474c288): 1-0 {White wins by adjudication}
Started game 1724 of 40000 (ref-778c7b0 vs cand-474c288)
Finished game 1709 (cand-474c288 vs ref-778c7b0): 0-1 {Black wins by adjudication}
Started game 1725 of 40000 (cand-474c288 vs ref-778c7b0)
Finished game 1716 (ref-778c7b0 vs cand-474c288): 1/2-1/2 {Draw by 3-fold repetition}
Started game 1726 of 40000 (ref-778c7b0 vs cand-474c288)
Finished game 1710 (ref-778c7b0 vs cand-474c288): 1/2-1/2 {Draw by adjudication}
Started game 1727 of 40000 (cand-474c288 vs ref-778c7b0)
Finished game 1715 (cand-474c288 vs ref-778c7b0): 1-0 {White wins by adjudication}
Started game 1728 of 40000 (ref-778c7b0 vs cand-474c288)
Finished game 1717 (cand-474c288 vs ref-778c7b0): 1-0 {White wins by adjudication}
Started game 1729 of 40000 (cand-474c288 vs ref-778c7b0)
Finished game 1720 (ref-778c7b0 vs cand-474c288): 1-0 {White wins by adjudication}
Started game 1730 of 40000 (ref-778c7b0 vs cand-474c288)
Finished game 1719 (cand-474c288 vs ref-778c7b0): 0-1 {Black wins by adjudication}
--------------------------------------------------
Results of cand-474c288 vs ref-778c7b0 (8+0.08, 1t, 16MB, noob_3moves.epd):
Elo: 21.06 +/- 12.78, nElo: 27.14 +/- 16.43
LOS: 99.94 %, DrawRatio: 33.99 %, PairsRatio: 1.25
Games: 1718, Wins: 573, Losses: 469, Draws: 676, Points: 911.0 (53.03 %)
Ptnml(0-2): [59, 193, 292, 215, 100], WL/DD Ratio: 1.18
LLR: 1.75 (59.4%) (-2.94, 2.94) [0.00, 5.00]
--------------------------------------------------
Started game 1731 of 40000 (cand-474c288 vs ref-778c7b0)
Finished game 1718 (ref-778c7b0 vs cand-474c288): 1/2-1/2 {Draw by 3-fold repetition}
Started game 1732 of 40000 (ref-778c7b0 vs cand-474c288)
Finished game 1723 (cand-474c288 vs ref-778c7b0): 1-0 {White wins by adjudication}
Started game 1733 of 40000 (cand-474c288 vs ref-778c7b0)
Finished game 1724 (ref-778c7b0 vs cand-474c288): 1-0 {White wins by adjudication}
Started game 1734 of 40000 (ref-778c7b0 vs cand-474c288)
Finished game 1725 (cand-474c288 vs ref-778c7b0): 0-1 {Black wins by adjudication}
Started game 1735 of 40000 (cand-474c288 vs ref-778c7b0)
Finished game 1728 (ref-778c7b0 vs cand-474c288): 1-0 {White wins by adjudication}
Started game 1736 of 40000 (ref-778c7b0 vs cand-474c288)
Finished game 1726 (ref-778c7b0 vs cand-474c288): 0-1 {Black wins by adjudication}
Started game 1737 of 40000 (cand-474c288 vs ref-778c7b0)
Finished game 1727 (cand-474c288 vs ref-778c7b0): 1/2-1/2 {Draw by 3-fold repetition}
Started game 1738 of 40000 (ref-778c7b0 vs cand-474c288)
Finished game 1730 (ref-778c7b0 vs cand-474c288): 0-1 {Black wins by adjudication}
Started game 1739 of 40000 (cand-474c288 vs ref-778c7b0)
Finished game 1729 (cand-474c288 vs ref-778c7b0): 1/2-1/2 {Draw by 3-fold repetition}
Started game 1740 of 40000 (ref-778c7b0 vs cand-474c288)
Finished game 1721 (cand-474c288 vs ref-778c7b0): 1/2-1/2 {Draw by adjudication}
Started game 1741 of 40000 (cand-474c288 vs ref-778c7b0)
Finished game 1732 (ref-778c7b0 vs cand-474c288): 1/2-1/2 {Draw by 3-fold repetition}
Started game 1742 of 40000 (ref-778c7b0 vs cand-474c288)
Finished game 1722 (ref-778c7b0 vs cand-474c288): 1/2-1/2 {Draw by insufficient mating material}
Started game 1743 of 40000 (cand-474c288 vs ref-778c7b0)
Finished game 1731 (cand-474c288 vs ref-778c7b0): 0-1 {Black wins by adjudication}
Started game 1744 of 40000 (ref-778c7b0 vs cand-474c288)
Finished game 1735 (cand-474c288 vs ref-778c7b0): 1/2-1/2 {Draw by 3-fold repetition}
Started game 1745 of 40000 (cand-474c288 vs ref-778c7b0)
Finished game 1733 (cand-474c288 vs ref-778c7b0): 0-1 {Black wins by adjudication}
Started game 1746 of 40000 (ref-778c7b0 vs cand-474c288)
Finished game 1739 (cand-474c288 vs ref-778c7b0): 1-0 {White wins by adjudication}
Started game 1747 of 40000 (cand-474c288 vs ref-778c7b0)
Finished game 1736 (ref-778c7b0 vs cand-474c288): 1-0 {White wins by adjudication}
Started game 1748 of 40000 (ref-778c7b0 vs cand-474c288)
Finished game 1741 (cand-474c288 vs ref-778c7b0): 1-0 {White wins by adjudication}
Started game 1749 of 40000 (cand-474c288 vs ref-778c7b0)
Finished game 1734 (ref-778c7b0 vs cand-474c288): 1/2-1/2 {Draw by adjudication}
Started game 1750 of 40000 (ref-778c7b0 vs cand-474c288)
Finished game 1738 (ref-778c7b0 vs cand-474c288): 1/2-1/2 {Draw by 3-fold repetition}
Started game 1751 of 40000 (cand-474c288 vs ref-778c7b0)
Finished game 1746 (ref-778c7b0 vs cand-474c288): 1/2-1/2 {Draw by 3-fold repetition}
Started game 1752 of 40000 (ref-778c7b0 vs cand-474c288)
Finished game 1742 (ref-778c7b0 vs cand-474c288): 0-1 {Black wins by adjudication}
Started game 1753 of 40000 (cand-474c288 vs ref-778c7b0)
Finished game 1743 (cand-474c288 vs ref-778c7b0): 1/2-1/2 {Draw by 3-fold repetition}
Started game 1754 of 40000 (ref-778c7b0 vs cand-474c288)
Finished game 1745 (cand-474c288 vs ref-778c7b0): 0-1 {Black wins by adjudication}
Started game 1755 of 40000 (cand-474c288 vs ref-778c7b0)
Finished game 1740 (ref-778c7b0 vs cand-474c288): 1/2-1/2 {Draw by adjudication}
--------------------------------------------------
Results of cand-474c288 vs ref-778c7b0 (8+0.08, 1t, 16MB, noob_3moves.epd):
Elo: 20.77 +/- 12.68, nElo: 26.80 +/- 16.32
LOS: 99.94 %, DrawRatio: 33.87 %, PairsRatio: 1.24
Games: 1742, Wins: 580, Losses: 476, Draws: 686, Points: 923.0 (52.99 %)
Ptnml(0-2): [59, 198, 295, 218, 101], WL/DD Ratio: 1.19
LLR: 1.75 (59.4%) (-2.94, 2.94) [0.00, 5.00]
--------------------------------------------------
Started game 1756 of 40000 (ref-778c7b0 vs cand-474c288)
Finished game 1744 (ref-778c7b0 vs cand-474c288): 1/2-1/2 {Draw by 3-fold repetition}
Started game 1757 of 40000 (cand-474c288 vs ref-778c7b0)
Finished game 1737 (cand-474c288 vs ref-778c7b0): 1/2-1/2 {Draw by fifty moves rule}
Started game 1758 of 40000 (ref-778c7b0 vs cand-474c288)
Finished game 1747 (cand-474c288 vs ref-778c7b0): 1-0 {White wins by adjudication}
Started game 1759 of 40000 (cand-474c288 vs ref-778c7b0)
Finished game 1748 (ref-778c7b0 vs cand-474c288): 1/2-1/2 {Draw by adjudication}
Started game 1760 of 40000 (ref-778c7b0 vs cand-474c288)
Finished game 1751 (cand-474c288 vs ref-778c7b0): 0-1 {Black wins by adjudication}
Started game 1761 of 40000 (cand-474c288 vs ref-778c7b0)
Finished game 1750 (ref-778c7b0 vs cand-474c288): 0-1 {Black wins by adjudication}
Started game 1762 of 40000 (ref-778c7b0 vs cand-474c288)
Finished game 1757 (cand-474c288 vs ref-778c7b0): 0-1 {Black wins by adjudication}
Started game 1763 of 40000 (cand-474c288 vs ref-778c7b0)
Finished game 1749 (cand-474c288 vs ref-778c7b0): 0-1 {Black wins by adjudication}
Started game 1764 of 40000 (ref-778c7b0 vs cand-474c288)
Finished game 1752 (ref-778c7b0 vs cand-474c288): 1-0 {White wins by adjudication}
Started game 1765 of 40000 (cand-474c288 vs ref-778c7b0)
Finished game 1755 (cand-474c288 vs ref-778c7b0): 0-1 {Black wins by adjudication}
Started game 1766 of 40000 (ref-778c7b0 vs cand-474c288)
Finished game 1754 (ref-778c7b0 vs cand-474c288): 1-0 {White wins by adjudication}
Started game 1767 of 40000 (cand-474c288 vs ref-778c7b0)
Finished game 1753 (cand-474c288 vs ref-778c7b0): 0-1 {Black wins by adjudication}
Started game 1768 of 40000 (ref-778c7b0 vs cand-474c288)
Finished game 1756 (ref-778c7b0 vs cand-474c288): 1-0 {White wins by adjudication}
Started game 1769 of 40000 (cand-474c288 vs ref-778c7b0)
Finished game 1759 (cand-474c288 vs ref-778c7b0): 0-1 {Black wins by adjudication}
Started game 1770 of 40000 (ref-778c7b0 vs cand-474c288)
Finished game 1760 (ref-778c7b0 vs cand-474c288): 0-1 {Black wins by adjudication}
--------------------------------------------------
Results of cand-474c288 vs ref-778c7b0 (8+0.08, 1t, 16MB, noob_3moves.epd):
Elo: 19.59 +/- 12.64, nElo: 25.22 +/- 16.24
LOS: 99.88 %, DrawRatio: 34.02 %, PairsRatio: 1.23
Games: 1758, Wins: 583, Losses: 484, Draws: 691, Points: 928.5 (52.82 %)
Ptnml(0-2): [62, 198, 299, 219, 101], WL/DD Ratio: 1.18
LLR: 1.65 (56.0%) (-2.94, 2.94) [0.00, 5.00]
--------------------------------------------------
Started game 1771 of 40000 (cand-474c288 vs ref-778c7b0)
Finished game 1761 (cand-474c288 vs ref-778c7b0): 1/2-1/2 {Draw by 3-fold repetition}
Started game 1772 of 40000 (ref-778c7b0 vs cand-474c288)
Finished game 1767 (cand-474c288 vs ref-778c7b0): 1/2-1/2 {Draw by 3-fold repetition}
Started game 1773 of 40000 (cand-474c288 vs ref-778c7b0)
Finished game 1764 (ref-778c7b0 vs cand-474c288): 0-1 {Black wins by adjudication}
Started game 1774 of 40000 (ref-778c7b0 vs cand-474c288)
Finished game 1763 (cand-474c288 vs ref-778c7b0): 0-1 {Black wins by adjudication}
Started game 1775 of 40000 (cand-474c288 vs ref-778c7b0)
Finished game 1762 (ref-778c7b0 vs cand-474c288): 1/2-1/2 {Draw by 3-fold repetition}
Started game 1776 of 40000 (ref-778c7b0 vs cand-474c288)
Finished game 1758 (ref-778c7b0 vs cand-474c288): 1/2-1/2 {Draw by adjudication}
Started game 1777 of 40000 (cand-474c288 vs ref-778c7b0)
Finished game 1765 (cand-474c288 vs ref-778c7b0): 1-0 {White wins by adjudication}
Started game 1778 of 40000 (ref-778c7b0 vs cand-474c288)
Finished game 1769 (cand-474c288 vs ref-778c7b0): 0-1 {Black wins by adjudication}
Started game 1779 of 40000 (cand-474c288 vs ref-778c7b0)
Finished game 1772 (ref-778c7b0 vs cand-474c288): 1/2-1/2 {Draw by 3-fold repetition}
Started game 1780 of 40000 (ref-778c7b0 vs cand-474c288)
Finished game 1768 (ref-778c7b0 vs cand-474c288): 1/2-1/2 {Draw by adjudication}
Started game 1781 of 40000 (cand-474c288 vs ref-778c7b0)
Finished game 1773 (cand-474c288 vs ref-778c7b0): 1-0 {White wins by adjudication}
Started game 1782 of 40000 (ref-778c7b0 vs cand-474c288)
Finished game 1766 (ref-778c7b0 vs cand-474c288): 0-1 {Black wins by adjudication}
Started game 1783 of 40000 (cand-474c288 vs ref-778c7b0)
Finished game 1770 (ref-778c7b0 vs cand-474c288): 1/2-1/2 {Draw by adjudication}
Started game 1784 of 40000 (ref-778c7b0 vs cand-474c288)
Finished game 1775 (cand-474c288 vs ref-778c7b0): 1/2-1/2 {Draw by 3-fold repetition}
Started game 1785 of 40000 (cand-474c288 vs ref-778c7b0)
Finished game 1774 (ref-778c7b0 vs cand-474c288): 0-1 {Black wins by adjudication}
Started game 1786 of 40000 (ref-778c7b0 vs cand-474c288)
Finished game 1778 (ref-778c7b0 vs cand-474c288): 1-0 {White wins by adjudication}
Started game 1787 of 40000 (cand-474c288 vs ref-778c7b0)
Finished game 1777 (cand-474c288 vs ref-778c7b0): 1-0 {White wins by adjudication}
Started game 1788 of 40000 (ref-778c7b0 vs cand-474c288)
Finished game 1779 (cand-474c288 vs ref-778c7b0): 1-0 {White wins by adjudication}
Started game 1789 of 40000 (cand-474c288 vs ref-778c7b0)
Finished game 1780 (ref-778c7b0 vs cand-474c288): 1/2-1/2 {Draw by adjudication}
--------------------------------------------------
Results of cand-474c288 vs ref-778c7b0 (8+0.08, 1t, 16MB, noob_3moves.epd):
Elo: 19.98 +/- 12.58, nElo: 25.73 +/- 16.16
LOS: 99.91 %, DrawRatio: 34.12 %, PairsRatio: 1.23
Games: 1776, Wins: 590, Losses: 488, Draws: 698, Points: 939.0 (52.87 %)
Ptnml(0-2): [62, 200, 303, 220, 103], WL/DD Ratio: 1.18
LLR: 1.70 (57.9%) (-2.94, 2.94) [0.00, 5.00]
--------------------------------------------------
Started game 1790 of 40000 (ref-778c7b0 vs cand-474c288)
Finished game 1771 (cand-474c288 vs ref-778c7b0): 1/2-1/2 {Draw by adjudication}
Started game 1791 of 40000 (cand-474c288 vs ref-778c7b0)
Finished game 1782 (ref-778c7b0 vs cand-474c288): 1-0 {White wins by adjudication}
Started game 1792 of 40000 (ref-778c7b0 vs cand-474c288)
Finished game 1786 (ref-778c7b0 vs cand-474c288): 0-1 {Black wins by adjudication}
Started game 1793 of 40000 (cand-474c288 vs ref-778c7b0)
Finished game 1781 (cand-474c288 vs ref-778c7b0): 0-1 {Black wins by adjudication}
Started game 1794 of 40000 (ref-778c7b0 vs cand-474c288)
Finished game 1776 (ref-778c7b0 vs cand-474c288): 1/2-1/2 {Draw by fifty moves rule}
Started game 1795 of 40000 (cand-474c288 vs ref-778c7b0)
Finished game 1783 (cand-474c288 vs ref-778c7b0): 1/2-1/2 {Draw by 3-fold repetition}
Started game 1796 of 40000 (ref-778c7b0 vs cand-474c288)
Finished game 1788 (ref-778c7b0 vs cand-474c288): 1-0 {White wins by adjudication}
Started game 1797 of 40000 (cand-474c288 vs ref-778c7b0)
Finished game 1790 (ref-778c7b0 vs cand-474c288): 0-1 {Black wins by adjudication}
Started game 1798 of 40000 (ref-778c7b0 vs cand-474c288)
Finished game 1789 (cand-474c288 vs ref-778c7b0): 1/2-1/2 {Draw by 3-fold repetition}
Started game 1799 of 40000 (cand-474c288 vs ref-778c7b0)
Finished game 1784 (ref-778c7b0 vs cand-474c288): 0-1 {Black wins by adjudication}
Started game 1800 of 40000 (ref-778c7b0 vs cand-474c288)
Finished game 1787 (cand-474c288 vs ref-778c7b0): 1-0 {White wins by adjudication}
Started game 1801 of 40000 (cand-474c288 vs ref-778c7b0)
Finished game 1792 (ref-778c7b0 vs cand-474c288): 1/2-1/2 {Draw by 3-fold repetition}
Started game 1802 of 40000 (ref-778c7b0 vs cand-474c288)
Finished game 1791 (cand-474c288 vs ref-778c7b0): 1-0 {White wins by adjudication}
Started game 1803 of 40000 (cand-474c288 vs ref-778c7b0)
Finished game 1785 (cand-474c288 vs ref-778c7b0): 1/2-1/2 {Draw by 3-fold repetition}
Started game 1804 of 40000 (ref-778c7b0 vs cand-474c288)
Finished game 1798 (ref-778c7b0 vs cand-474c288): 0-1 {Black wins by adjudication}
Started game 1805 of 40000 (cand-474c288 vs ref-778c7b0)
Finished game 1794 (ref-778c7b0 vs cand-474c288): 0-1 {Black wins by adjudication}
Started game 1806 of 40000 (ref-778c7b0 vs cand-474c288)
Finished game 1796 (ref-778c7b0 vs cand-474c288): 1/2-1/2 {Draw by 3-fold repetition}
Started game 1807 of 40000 (cand-474c288 vs ref-778c7b0)
Finished game 1800 (ref-778c7b0 vs cand-474c288): 1/2-1/2 {Draw by 3-fold repetition}
Started game 1808 of 40000 (ref-778c7b0 vs cand-474c288)
Finished game 1793 (cand-474c288 vs ref-778c7b0): 1/2-1/2 {Draw by insufficient mating material}
Started game 1809 of 40000 (cand-474c288 vs ref-778c7b0)
Finished game 1797 (cand-474c288 vs ref-778c7b0): 1-0 {White wins by adjudication}
Started game 1810 of 40000 (ref-778c7b0 vs cand-474c288)
Finished game 1795 (cand-474c288 vs ref-778c7b0): 1/2-1/2 {Draw by insufficient mating material}
Started game 1811 of 40000 (cand-474c288 vs ref-778c7b0)
Finished game 1803 (cand-474c288 vs ref-778c7b0): 1-0 {White wins by adjudication}
Started game 1812 of 40000 (ref-778c7b0 vs cand-474c288)
Finished game 1799 (cand-474c288 vs ref-778c7b0): 1-0 {White wins by adjudication}
--------------------------------------------------
Results of cand-474c288 vs ref-778c7b0 (8+0.08, 1t, 16MB, noob_3moves.epd):
Elo: 20.87 +/- 12.49, nElo: 26.90 +/- 16.05
LOS: 99.95 %, DrawRatio: 34.11 %, PairsRatio: 1.25
Games: 1800, Wins: 599, Losses: 491, Draws: 710, Points: 954.0 (53.00 %)
Ptnml(0-2): [63, 200, 307, 226, 104], WL/DD Ratio: 1.16
LLR: 1.81 (61.6%) (-2.94, 2.94) [0.00, 5.00]
--------------------------------------------------
Started game 1813 of 40000 (cand-474c288 vs ref-778c7b0)
Finished game 1802 (ref-778c7b0 vs cand-474c288): 1/2-1/2 {Draw by 3-fold repetition}
Started game 1814 of 40000 (ref-778c7b0 vs cand-474c288)
Finished game 1804 (ref-778c7b0 vs cand-474c288): 1/2-1/2 {Draw by adjudication}
Started game 1815 of 40000 (cand-474c288 vs ref-778c7b0)
Finished game 1809 (cand-474c288 vs ref-778c7b0): 1/2-1/2 {Draw by 3-fold repetition}
Started game 1816 of 40000 (ref-778c7b0 vs cand-474c288)
Finished game 1807 (cand-474c288 vs ref-778c7b0): 0-1 {Black wins by adjudication}
Started game 1817 of 40000 (cand-474c288 vs ref-778c7b0)
Finished game 1805 (cand-474c288 vs ref-778c7b0): 1/2-1/2 {Draw by 3-fold repetition}
Started game 1818 of 40000 (ref-778c7b0 vs cand-474c288)
Finished game 1810 (ref-778c7b0 vs cand-474c288): 0-1 {Black wins by adjudication}
Started game 1819 of 40000 (cand-474c288 vs ref-778c7b0)
Finished game 1806 (ref-778c7b0 vs cand-474c288): 1-0 {White wins by adjudication}
Started game 1820 of 40000 (ref-778c7b0 vs cand-474c288)
Finished game 1808 (ref-778c7b0 vs cand-474c288): 1-0 {White wins by adjudication}
Started game 1821 of 40000 (cand-474c288 vs ref-778c7b0)
Finished game 1801 (cand-474c288 vs ref-778c7b0): 1-0 {White wins by adjudication}
Started game 1822 of 40000 (ref-778c7b0 vs cand-474c288)
Finished game 1812 (ref-778c7b0 vs cand-474c288): 1-0 {White wins by adjudication}
Started game 1823 of 40000 (cand-474c288 vs ref-778c7b0)
Finished game 1814 (ref-778c7b0 vs cand-474c288): 0-1 {Black wins by adjudication}
Started game 1824 of 40000 (ref-778c7b0 vs cand-474c288)
Finished game 1815 (cand-474c288 vs ref-778c7b0): 1-0 {White wins by adjudication}
Started game 1825 of 40000 (cand-474c288 vs ref-778c7b0)
Finished game 1817 (cand-474c288 vs ref-778c7b0): 1/2-1/2 {Draw by 3-fold repetition}
Started game 1826 of 40000 (ref-778c7b0 vs cand-474c288)
Finished game 1818 (ref-778c7b0 vs cand-474c288): 0-1 {Black wins by adjudication}
Started game 1827 of 40000 (cand-474c288 vs ref-778c7b0)
Finished game 1820 (ref-778c7b0 vs cand-474c288): 1/2-1/2 {Draw by 3-fold repetition}
Started game 1828 of 40000 (ref-778c7b0 vs cand-474c288)
Finished game 1816 (ref-778c7b0 vs cand-474c288): 1/2-1/2 {Draw by 3-fold repetition}
Started game 1829 of 40000 (cand-474c288 vs ref-778c7b0)
Finished game 1813 (cand-474c288 vs ref-778c7b0): 1-0 {White wins by adjudication}
Started game 1830 of 40000 (ref-778c7b0 vs cand-474c288)
Finished game 1823 (cand-474c288 vs ref-778c7b0): 1-0 {White wins by adjudication}
Started game 1831 of 40000 (cand-474c288 vs ref-778c7b0)
Finished game 1822 (ref-778c7b0 vs cand-474c288): 1/2-1/2 {Draw by 3-fold repetition}
Started game 1832 of 40000 (ref-778c7b0 vs cand-474c288)
Finished game 1821 (cand-474c288 vs ref-778c7b0): 0-1 {Black wins by adjudication}
Started game 1833 of 40000 (cand-474c288 vs ref-778c7b0)
Finished game 1824 (ref-778c7b0 vs cand-474c288): 1/2-1/2 {Draw by adjudication}
Started game 1834 of 40000 (ref-778c7b0 vs cand-474c288)
Finished game 1819 (cand-474c288 vs ref-778c7b0): 1/2-1/2 {Draw by adjudication}
--------------------------------------------------
Results of cand-474c288 vs ref-778c7b0 (8+0.08, 1t, 16MB, noob_3moves.epd):
Elo: 21.38 +/- 12.43, nElo: 27.53 +/- 15.95
LOS: 99.96 %, DrawRatio: 33.81 %, PairsRatio: 1.27
Games: 1822, Wins: 607, Losses: 495, Draws: 720, Points: 967.0 (53.07 %)
Ptnml(0-2): [64, 202, 308, 232, 105], WL/DD Ratio: 1.15
LLR: 1.88 (63.9%) (-2.94, 2.94) [0.00, 5.00]
--------------------------------------------------
Started game 1835 of 40000 (cand-474c288 vs ref-778c7b0)
Finished game 1811 (cand-474c288 vs ref-778c7b0): 1/2-1/2 {Draw by adjudication}
Started game 1836 of 40000 (ref-778c7b0 vs cand-474c288)
Finished game 1827 (cand-474c288 vs ref-778c7b0): 1-0 {White wins by adjudication}
Started game 1837 of 40000 (cand-474c288 vs ref-778c7b0)
Finished game 1829 (cand-474c288 vs ref-778c7b0): 1-0 {White wins by adjudication}
Started game 1838 of 40000 (ref-778c7b0 vs cand-474c288)
Finished game 1825 (cand-474c288 vs ref-778c7b0): 1/2-1/2 {Draw by 3-fold repetition}
Started game 1839 of 40000 (cand-474c288 vs ref-778c7b0)
Finished game 1826 (ref-778c7b0 vs cand-474c288): 1/2-1/2 {Draw by fifty moves rule}
Started game 1840 of 40000 (ref-778c7b0 vs cand-474c288)
Finished game 1828 (ref-778c7b0 vs cand-474c288): 1/2-1/2 {Draw by insufficient mating material}
Started game 1841 of 40000 (cand-474c288 vs ref-778c7b0)
Finished game 1830 (ref-778c7b0 vs cand-474c288): 0-1 {Black wins by adjudication}
Started game 1842 of 40000 (ref-778c7b0 vs cand-474c288)
Finished game 1832 (ref-778c7b0 vs cand-474c288): 0-1 {Black wins by adjudication}
Started game 1843 of 40000 (cand-474c288 vs ref-778c7b0)
Finished game 1835 (cand-474c288 vs ref-778c7b0): 1/2-1/2 {Draw by 3-fold repetition}
Started game 1844 of 40000 (ref-778c7b0 vs cand-474c288)
Finished game 1831 (cand-474c288 vs ref-778c7b0): 0-1 {Black wins by adjudication}
Started game 1845 of 40000 (cand-474c288 vs ref-778c7b0)
Finished game 1834 (ref-778c7b0 vs cand-474c288): 1-0 {White wins by adjudication}
Started game 1846 of 40000 (ref-778c7b0 vs cand-474c288)
Finished game 1838 (ref-778c7b0 vs cand-474c288): 1/2-1/2 {Draw by 3-fold repetition}
Started game 1847 of 40000 (cand-474c288 vs ref-778c7b0)
Finished game 1833 (cand-474c288 vs ref-778c7b0): 1/2-1/2 {Draw by insufficient mating material}
Started game 1848 of 40000 (ref-778c7b0 vs cand-474c288)
Finished game 1837 (cand-474c288 vs ref-778c7b0): 1/2-1/2 {Draw by 3-fold repetition}
Started game 1849 of 40000 (cand-474c288 vs ref-778c7b0)
Finished game 1836 (ref-778c7b0 vs cand-474c288): 0-1 {Black wins by adjudication}
Started game 1850 of 40000 (ref-778c7b0 vs cand-474c288)
Finished game 1839 (cand-474c288 vs ref-778c7b0): 1-0 {White wins by adjudication}
Started game 1851 of 40000 (cand-474c288 vs ref-778c7b0)
Finished game 1843 (cand-474c288 vs ref-778c7b0): 1-0 {White wins by adjudication}
Started game 1852 of 40000 (ref-778c7b0 vs cand-474c288)
Finished game 1840 (ref-778c7b0 vs cand-474c288): 1/2-1/2 {Draw by 3-fold repetition}
--------------------------------------------------
Results of cand-474c288 vs ref-778c7b0 (8+0.08, 1t, 16MB, noob_3moves.epd):
Elo: 21.74 +/- 12.35, nElo: 28.03 +/- 15.87
LOS: 99.97 %, DrawRatio: 33.80 %, PairsRatio: 1.27
Games: 1840, Wins: 613, Losses: 498, Draws: 729, Points: 977.5 (53.12 %)
Ptnml(0-2): [64, 204, 311, 235, 106], WL/DD Ratio: 1.14
LLR: 1.94 (65.8%) (-2.94, 2.94) [0.00, 5.00]
--------------------------------------------------
Started game 1853 of 40000 (cand-474c288 vs ref-778c7b0)
Finished game 1842 (ref-778c7b0 vs cand-474c288): 1-0 {White wins by adjudication}
Started game 1854 of 40000 (ref-778c7b0 vs cand-474c288)
Finished game 1841 (cand-474c288 vs ref-778c7b0): 1/2-1/2 {Draw by insufficient mating material}
Started game 1855 of 40000 (cand-474c288 vs ref-778c7b0)
Finished game 1844 (ref-778c7b0 vs cand-474c288): 1/2-1/2 {Draw by 3-fold repetition}
Started game 1856 of 40000 (ref-778c7b0 vs cand-474c288)
Finished game 1845 (cand-474c288 vs ref-778c7b0): 1-0 {White wins by adjudication}
Started game 1857 of 40000 (cand-474c288 vs ref-778c7b0)
Finished game 1851 (cand-474c288 vs ref-778c7b0): 1-0 {White wins by adjudication}
Started game 1858 of 40000 (ref-778c7b0 vs cand-474c288)
Finished game 1846 (ref-778c7b0 vs cand-474c288): 0-1 {Black wins by adjudication}
Started game 1859 of 40000 (cand-474c288 vs ref-778c7b0)
Finished game 1847 (cand-474c288 vs ref-778c7b0): 1/2-1/2 {Draw by insufficient mating material}
Started game 1860 of 40000 (ref-778c7b0 vs cand-474c288)
Finished game 1848 (ref-778c7b0 vs cand-474c288): 0-1 {Black wins by adjudication}
Started game 1861 of 40000 (cand-474c288 vs ref-778c7b0)
Finished game 1849 (cand-474c288 vs ref-778c7b0): 1/2-1/2 {Draw by insufficient mating material}
Started game 1862 of 40000 (ref-778c7b0 vs cand-474c288)
Finished game 1850 (ref-778c7b0 vs cand-474c288): 1/2-1/2 {Draw by 3-fold repetition}
Started game 1863 of 40000 (cand-474c288 vs ref-778c7b0)
Finished game 1852 (ref-778c7b0 vs cand-474c288): 0-1 {Black wins by adjudication}
Started game 1864 of 40000 (ref-778c7b0 vs cand-474c288)
Finished game 1853 (cand-474c288 vs ref-778c7b0): 1/2-1/2 {Draw by adjudication}
Started game 1865 of 40000 (cand-474c288 vs ref-778c7b0)
Finished game 1855 (cand-474c288 vs ref-778c7b0): 0-1 {Black wins by adjudication}
Started game 1866 of 40000 (ref-778c7b0 vs cand-474c288)
Finished game 1857 (cand-474c288 vs ref-778c7b0): 1/2-1/2 {Draw by 3-fold repetition}
Started game 1867 of 40000 (cand-474c288 vs ref-778c7b0)
Finished game 1856 (ref-778c7b0 vs cand-474c288): 1-0 {White wins by adjudication}
Started game 1868 of 40000 (ref-778c7b0 vs cand-474c288)
Finished game 1854 (ref-778c7b0 vs cand-474c288): 1/2-1/2 {Draw by insufficient mating material}
Started game 1869 of 40000 (cand-474c288 vs ref-778c7b0)
Finished game 1859 (cand-474c288 vs ref-778c7b0): 0-1 {Black wins by adjudication}
Started game 1870 of 40000 (ref-778c7b0 vs cand-474c288)
Finished game 1858 (ref-778c7b0 vs cand-474c288): 0-1 {Black wins by adjudication}
Started game 1871 of 40000 (cand-474c288 vs ref-778c7b0)
Finished game 1860 (ref-778c7b0 vs cand-474c288): 1/2-1/2 {Draw by 3-fold repetition}
--------------------------------------------------
Results of cand-474c288 vs ref-778c7b0 (8+0.08, 1t, 16MB, noob_3moves.epd):
Elo: 22.07 +/- 12.31, nElo: 28.39 +/- 15.79
LOS: 99.98 %, DrawRatio: 33.66 %, PairsRatio: 1.28
Games: 1860, Wins: 620, Losses: 502, Draws: 738, Points: 989.0 (53.17 %)
Ptnml(0-2): [65, 206, 313, 238, 108], WL/DD Ratio: 1.13
LLR: 1.99 (67.4%) (-2.94, 2.94) [0.00, 5.00]
--------------------------------------------------
Started game 1872 of 40000 (ref-778c7b0 vs cand-474c288)
Finished game 1866 (ref-778c7b0 vs cand-474c288): 0-1 {Black wins by adjudication}
Started game 1873 of 40000 (cand-474c288 vs ref-778c7b0)
Finished game 1868 (ref-778c7b0 vs cand-474c288): 1-0 {White wins by adjudication}
Started game 1874 of 40000 (ref-778c7b0 vs cand-474c288)
Finished game 1861 (cand-474c288 vs ref-778c7b0): 1-0 {White wins by adjudication}
Started game 1875 of 40000 (cand-474c288 vs ref-778c7b0)
Finished game 1864 (ref-778c7b0 vs cand-474c288): 1-0 {White wins by adjudication}
Started game 1876 of 40000 (ref-778c7b0 vs cand-474c288)
Finished game 1863 (cand-474c288 vs ref-778c7b0): 0-1 {Black wins by adjudication}
Started game 1877 of 40000 (cand-474c288 vs ref-778c7b0)
Finished game 1867 (cand-474c288 vs ref-778c7b0): 1/2-1/2 {Draw by 3-fold repetition}
Started game 1878 of 40000 (ref-778c7b0 vs cand-474c288)
Finished game 1865 (cand-474c288 vs ref-778c7b0): 1/2-1/2 {Draw by insufficient mating material}
Started game 1879 of 40000 (cand-474c288 vs ref-778c7b0)
Finished game 1870 (ref-778c7b0 vs cand-474c288): 0-1 {Black wins by adjudication}
Started game 1880 of 40000 (ref-778c7b0 vs cand-474c288)
Finished game 1869 (cand-474c288 vs ref-778c7b0): 1-0 {White wins by adjudication}
Started game 1881 of 40000 (cand-474c288 vs ref-778c7b0)
Finished game 1875 (cand-474c288 vs ref-778c7b0): 1-0 {White wins by adjudication}
Started game 1882 of 40000 (ref-778c7b0 vs cand-474c288)
Finished game 1862 (ref-778c7b0 vs cand-474c288): 1/2-1/2 {Draw by insufficient mating material}
Started game 1883 of 40000 (cand-474c288 vs ref-778c7b0)
Finished game 1871 (cand-474c288 vs ref-778c7b0): 1/2-1/2 {Draw by adjudication}
Started game 1884 of 40000 (ref-778c7b0 vs cand-474c288)
Finished game 1872 (ref-778c7b0 vs cand-474c288): 1/2-1/2 {Draw by insufficient mating material}
Started game 1885 of 40000 (cand-474c288 vs ref-778c7b0)
Finished game 1873 (cand-474c288 vs ref-778c7b0): 0-1 {Black wins by adjudication}
Started game 1886 of 40000 (ref-778c7b0 vs cand-474c288)
Finished game 1876 (ref-778c7b0 vs cand-474c288): 0-1 {Black wins by adjudication}
Started game 1887 of 40000 (cand-474c288 vs ref-778c7b0)
Finished game 1878 (ref-778c7b0 vs cand-474c288): 1/2-1/2 {Draw by 3-fold repetition}
Started game 1888 of 40000 (ref-778c7b0 vs cand-474c288)
Finished game 1879 (cand-474c288 vs ref-778c7b0): 1-0 {White wins by adjudication}
Started game 1889 of 40000 (cand-474c288 vs ref-778c7b0)
Finished game 1877 (cand-474c288 vs ref-778c7b0): 1/2-1/2 {Draw by adjudication}
Started game 1890 of 40000 (ref-778c7b0 vs cand-474c288)
Finished game 1880 (ref-778c7b0 vs cand-474c288): 0-1 {Black wins by adjudication}
--------------------------------------------------
Results of cand-474c288 vs ref-778c7b0 (8+0.08, 1t, 16MB, noob_3moves.epd):
Elo: 22.79 +/- 12.29, nElo: 29.22 +/- 15.71
LOS: 99.99 %, DrawRatio: 33.55 %, PairsRatio: 1.29
Games: 1878, Wins: 628, Losses: 505, Draws: 745, Points: 1000.5 (53.27 %)
Ptnml(0-2): [66, 207, 315, 240, 111], WL/DD Ratio: 1.11
LLR: 2.07 (70.2%) (-2.94, 2.94) [0.00, 5.00]
--------------------------------------------------
Started game 1891 of 40000 (cand-474c288 vs ref-778c7b0)
Finished game 1881 (cand-474c288 vs ref-778c7b0): 0-1 {Black wins by adjudication}
Started game 1892 of 40000 (ref-778c7b0 vs cand-474c288)
Finished game 1884 (ref-778c7b0 vs cand-474c288): 1/2-1/2 {Draw by 3-fold repetition}
Started game 1893 of 40000 (cand-474c288 vs ref-778c7b0)
Finished game 1874 (ref-778c7b0 vs cand-474c288): 1/2-1/2 {Draw by adjudication}
Started game 1894 of 40000 (ref-778c7b0 vs cand-474c288)
Finished game 1882 (ref-778c7b0 vs cand-474c288): 0-1 {Black wins by adjudication}
Started game 1895 of 40000 (cand-474c288 vs ref-778c7b0)
Finished game 1883 (cand-474c288 vs ref-778c7b0): 1/2-1/2 {Draw by 3-fold repetition}
Started game 1896 of 40000 (ref-778c7b0 vs cand-474c288)
Finished game 1887 (cand-474c288 vs ref-778c7b0): 1/2-1/2 {Draw by 3-fold repetition}
Started game 1897 of 40000 (cand-474c288 vs ref-778c7b0)
Finished game 1885 (cand-474c288 vs ref-778c7b0): 1/2-1/2 {Draw by adjudication}
Started game 1898 of 40000 (ref-778c7b0 vs cand-474c288)
Finished game 1889 (cand-474c288 vs ref-778c7b0): 1/2-1/2 {Draw by 3-fold repetition}
Started game 1899 of 40000 (cand-474c288 vs ref-778c7b0)
Finished game 1886 (ref-778c7b0 vs cand-474c288): 1/2-1/2 {Draw by adjudication}
Started game 1900 of 40000 (ref-778c7b0 vs cand-474c288)
Finished game 1890 (ref-778c7b0 vs cand-474c288): 1-0 {White wins by adjudication}
Started game 1901 of 40000 (cand-474c288 vs ref-778c7b0)
Finished game 1893 (cand-474c288 vs ref-778c7b0): 0-1 {Black wins by adjudication}
Started game 1902 of 40000 (ref-778c7b0 vs cand-474c288)
Finished game 1888 (ref-778c7b0 vs cand-474c288): 1/2-1/2 {Draw by adjudication}
Started game 1903 of 40000 (cand-474c288 vs ref-778c7b0)
Finished game 1891 (cand-474c288 vs ref-778c7b0): 1-0 {White wins by adjudication}
Started game 1904 of 40000 (ref-778c7b0 vs cand-474c288)
Finished game 1894 (ref-778c7b0 vs cand-474c288): 1-0 {White wins by adjudication}
Started game 1905 of 40000 (cand-474c288 vs ref-778c7b0)
Finished game 1896 (ref-778c7b0 vs cand-474c288): 1/2-1/2 {Draw by 3-fold repetition}
Started game 1906 of 40000 (ref-778c7b0 vs cand-474c288)
Finished game 1892 (ref-778c7b0 vs cand-474c288): 0-1 {Black wins by adjudication}
Started game 1907 of 40000 (cand-474c288 vs ref-778c7b0)
Finished game 1899 (cand-474c288 vs ref-778c7b0): 1-0 {White wins by adjudication}
Started game 1908 of 40000 (ref-778c7b0 vs cand-474c288)
Finished game 1897 (cand-474c288 vs ref-778c7b0): 1-0 {White wins by adjudication}
Started game 1909 of 40000 (cand-474c288 vs ref-778c7b0)
Finished game 1900 (ref-778c7b0 vs cand-474c288): 1/2-1/2 {Draw by 3-fold repetition}
--------------------------------------------------
Results of cand-474c288 vs ref-778c7b0 (8+0.08, 1t, 16MB, noob_3moves.epd):
Elo: 22.39 +/- 12.24, nElo: 28.70 +/- 15.64
LOS: 99.98 %, DrawRatio: 33.65 %, PairsRatio: 1.28
Games: 1896, Wins: 632, Losses: 510, Draws: 754, Points: 1009.0 (53.22 %)
Ptnml(0-2): [67, 209, 319, 241, 112], WL/DD Ratio: 1.10
LLR: 2.05 (69.6%) (-2.94, 2.94) [0.00, 5.00]
--------------------------------------------------
Started game 1910 of 40000 (ref-778c7b0 vs cand-474c288)
Finished game 1901 (cand-474c288 vs ref-778c7b0): 1-0 {White wins by adjudication}
Started game 1911 of 40000 (cand-474c288 vs ref-778c7b0)
Finished game 1898 (ref-778c7b0 vs cand-474c288): 1/2-1/2 {Draw by 3-fold repetition}
Started game 1912 of 40000 (ref-778c7b0 vs cand-474c288)
Finished game 1903 (cand-474c288 vs ref-778c7b0): 1-0 {White wins by adjudication}
Started game 1913 of 40000 (cand-474c288 vs ref-778c7b0)
Finished game 1902 (ref-778c7b0 vs cand-474c288): 1-0 {White wins by adjudication}
Started game 1914 of 40000 (ref-778c7b0 vs cand-474c288)
Finished game 1895 (cand-474c288 vs ref-778c7b0): 1/2-1/2 {Draw by 3-fold repetition}
Started game 1915 of 40000 (cand-474c288 vs ref-778c7b0)
Finished game 1907 (cand-474c288 vs ref-778c7b0): 1/2-1/2 {Draw by 3-fold repetition}
Started game 1916 of 40000 (ref-778c7b0 vs cand-474c288)
Finished game 1906 (ref-778c7b0 vs cand-474c288): 0-1 {Black wins by adjudication}
Started game 1917 of 40000 (cand-474c288 vs ref-778c7b0)
Finished game 1909 (cand-474c288 vs ref-778c7b0): 1/2-1/2 {Draw by 3-fold repetition}
Started game 1918 of 40000 (ref-778c7b0 vs cand-474c288)
Finished game 1905 (cand-474c288 vs ref-778c7b0): 1/2-1/2 {Draw by adjudication}
Started game 1919 of 40000 (cand-474c288 vs ref-778c7b0)
Finished game 1904 (ref-778c7b0 vs cand-474c288): 1/2-1/2 {Draw by adjudication}
Started game 1920 of 40000 (ref-778c7b0 vs cand-474c288)
Finished game 1915 (cand-474c288 vs ref-778c7b0): 0-1 {Black wins by adjudication}
Started game 1921 of 40000 (cand-474c288 vs ref-778c7b0)
Finished game 1908 (ref-778c7b0 vs cand-474c288): 1-0 {White wins by adjudication}
Started game 1922 of 40000 (ref-778c7b0 vs cand-474c288)
Finished game 1912 (ref-778c7b0 vs cand-474c288): 0-1 {Black wins by adjudication}
Started game 1923 of 40000 (cand-474c288 vs ref-778c7b0)
Finished game 1911 (cand-474c288 vs ref-778c7b0): 1/2-1/2 {Draw by 3-fold repetition}
Started game 1924 of 40000 (ref-778c7b0 vs cand-474c288)
Finished game 1914 (ref-778c7b0 vs cand-474c288): 1-0 {White wins by adjudication}
Started game 1925 of 40000 (cand-474c288 vs ref-778c7b0)
Finished game 1920 (ref-778c7b0 vs cand-474c288): 0-1 {Black wins by adjudication}
Started game 1926 of 40000 (ref-778c7b0 vs cand-474c288)
Finished game 1910 (ref-778c7b0 vs cand-474c288): 0-1 {Black wins by adjudication}
Started game 1927 of 40000 (cand-474c288 vs ref-778c7b0)
Finished game 1913 (cand-474c288 vs ref-778c7b0): 0-1 {Black wins by adjudication}
Started game 1928 of 40000 (ref-778c7b0 vs cand-474c288)
Finished game 1917 (cand-474c288 vs ref-778c7b0): 1-0 {White wins by adjudication}
Started game 1929 of 40000 (cand-474c288 vs ref-778c7b0)
Finished game 1916 (ref-778c7b0 vs cand-474c288): 0-1 {Black wins by adjudication}
Started game 1930 of 40000 (ref-778c7b0 vs cand-474c288)
Finished game 1923 (cand-474c288 vs ref-778c7b0): 1-0 {White wins by adjudication}
Started game 1931 of 40000 (cand-474c288 vs ref-778c7b0)
Finished game 1922 (ref-778c7b0 vs cand-474c288): 0-1 {Black wins by adjudication}
Started game 1932 of 40000 (ref-778c7b0 vs cand-474c288)
Finished game 1918 (ref-778c7b0 vs cand-474c288): 1/2-1/2 {Draw by fifty moves rule}
Started game 1933 of 40000 (cand-474c288 vs ref-778c7b0)
Finished game 1921 (cand-474c288 vs ref-778c7b0): 1/2-1/2 {Draw by insufficient mating material}
Started game 1934 of 40000 (ref-778c7b0 vs cand-474c288)
Finished game 1924 (ref-778c7b0 vs cand-474c288): 0-1 {Black wins by adjudication}
Started game 1935 of 40000 (cand-474c288 vs ref-778c7b0)
Finished game 1919 (cand-474c288 vs ref-778c7b0): 1/2-1/2 {Draw by insufficient mating material}
--------------------------------------------------
Results of cand-474c288 vs ref-778c7b0 (8+0.08, 1t, 16MB, noob_3moves.epd):
Elo: 23.33 +/- 12.14, nElo: 29.93 +/- 15.52
LOS: 99.99 %, DrawRatio: 33.47 %, PairsRatio: 1.30
Games: 1924, Wins: 644, Losses: 515, Draws: 765, Points: 1026.5 (53.35 %)
Ptnml(0-2): [68, 210, 322, 249, 113], WL/DD Ratio: 1.10
LLR: 2.17 (73.8%) (-2.94, 2.94) [0.00, 5.00]
--------------------------------------------------
Started game 1936 of 40000 (ref-778c7b0 vs cand-474c288)
Finished game 1929 (cand-474c288 vs ref-778c7b0): 0-1 {Black wins by adjudication}
Started game 1937 of 40000 (cand-474c288 vs ref-778c7b0)
Finished game 1931 (cand-474c288 vs ref-778c7b0): 1/2-1/2 {Draw by 3-fold repetition}
Started game 1938 of 40000 (ref-778c7b0 vs cand-474c288)
Finished game 1930 (ref-778c7b0 vs cand-474c288): 0-1 {Black wins by adjudication}
Started game 1939 of 40000 (cand-474c288 vs ref-778c7b0)
Finished game 1928 (ref-778c7b0 vs cand-474c288): 1/2-1/2 {Draw by 3-fold repetition}
Started game 1940 of 40000 (ref-778c7b0 vs cand-474c288)
Finished game 1925 (cand-474c288 vs ref-778c7b0): 1/2-1/2 {Draw by insufficient mating material}
Started game 1941 of 40000 (cand-474c288 vs ref-778c7b0)
Finished game 1926 (ref-778c7b0 vs cand-474c288): 1/2-1/2 {Draw by fifty moves rule}
Started game 1942 of 40000 (ref-778c7b0 vs cand-474c288)
Finished game 1927 (cand-474c288 vs ref-778c7b0): 1/2-1/2 {Draw by adjudication}
Started game 1943 of 40000 (cand-474c288 vs ref-778c7b0)
Finished game 1934 (ref-778c7b0 vs cand-474c288): 1/2-1/2 {Draw by 3-fold repetition}
Started game 1944 of 40000 (ref-778c7b0 vs cand-474c288)
Finished game 1933 (cand-474c288 vs ref-778c7b0): 0-1 {Black wins by adjudication}
Started game 1945 of 40000 (cand-474c288 vs ref-778c7b0)
Finished game 1932 (ref-778c7b0 vs cand-474c288): 1-0 {White wins by adjudication}
Started game 1946 of 40000 (ref-778c7b0 vs cand-474c288)
Finished game 1935 (cand-474c288 vs ref-778c7b0): 1/2-1/2 {Draw by insufficient mating material}
Started game 1947 of 40000 (cand-474c288 vs ref-778c7b0)
Finished game 1936 (ref-778c7b0 vs cand-474c288): 1-0 {White wins by adjudication}
Started game 1948 of 40000 (ref-778c7b0 vs cand-474c288)
Finished game 1937 (cand-474c288 vs ref-778c7b0): 0-1 {Black wins by adjudication}
Started game 1949 of 40000 (cand-474c288 vs ref-778c7b0)
Finished game 1944 (ref-778c7b0 vs cand-474c288): 1-0 {White wins by adjudication}
Started game 1950 of 40000 (ref-778c7b0 vs cand-474c288)
Finished game 1942 (ref-778c7b0 vs cand-474c288): 1/2-1/2 {Draw by adjudication}
Started game 1951 of 40000 (cand-474c288 vs ref-778c7b0)
Finished game 1939 (cand-474c288 vs ref-778c7b0): 0-1 {Black wins by adjudication}
Started game 1952 of 40000 (ref-778c7b0 vs cand-474c288)
Finished game 1947 (cand-474c288 vs ref-778c7b0): 1-0 {White wins by adjudication}
Started game 1953 of 40000 (cand-474c288 vs ref-778c7b0)
Finished game 1940 (ref-778c7b0 vs cand-474c288): 1/2-1/2 {Draw by 3-fold repetition}
--------------------------------------------------
Results of cand-474c288 vs ref-778c7b0 (8+0.08, 1t, 16MB, noob_3moves.epd):
Elo: 22.44 +/- 12.08, nElo: 28.83 +/- 15.47
LOS: 99.99 %, DrawRatio: 33.54 %, PairsRatio: 1.28
Games: 1938, Wins: 645, Losses: 520, Draws: 773, Points: 1031.5 (53.22 %)
Ptnml(0-2): [68, 214, 325, 249, 113], WL/DD Ratio: 1.10
LLR: 2.10 (71.4%) (-2.94, 2.94) [0.00, 5.00]
--------------------------------------------------
Started game 1954 of 40000 (ref-778c7b0 vs cand-474c288)
Finished game 1943 (cand-474c288 vs ref-778c7b0): 0-1 {Black wins by adjudication}
Started game 1955 of 40000 (cand-474c288 vs ref-778c7b0)
Finished game 1945 (cand-474c288 vs ref-778c7b0): 1/2-1/2 {Draw by 3-fold repetition}
Started game 1956 of 40000 (ref-778c7b0 vs cand-474c288)
Finished game 1946 (ref-778c7b0 vs cand-474c288): 1-0 {White wins by adjudication}
Started game 1957 of 40000 (cand-474c288 vs ref-778c7b0)
Finished game 1941 (cand-474c288 vs ref-778c7b0): 1/2-1/2 {Draw by insufficient mating material}
Started game 1958 of 40000 (ref-778c7b0 vs cand-474c288)
Finished game 1950 (ref-778c7b0 vs cand-474c288): 1/2-1/2 {Draw by 3-fold repetition}
Started game 1959 of 40000 (cand-474c288 vs ref-778c7b0)
Finished game 1949 (cand-474c288 vs ref-778c7b0): 1-0 {White wins by adjudication}
Started game 1960 of 40000 (ref-778c7b0 vs cand-474c288)
Finished game 1953 (cand-474c288 vs ref-778c7b0): 1-0 {White wins by adjudication}
Started game 1961 of 40000 (cand-474c288 vs ref-778c7b0)
Finished game 1948 (ref-778c7b0 vs cand-474c288): 1/2-1/2 {Draw by adjudication}
Started game 1962 of 40000 (ref-778c7b0 vs cand-474c288)
Finished game 1938 (ref-778c7b0 vs cand-474c288): 1/2-1/2 {Draw by fifty moves rule}
Started game 1963 of 40000 (cand-474c288 vs ref-778c7b0)
Finished game 1955 (cand-474c288 vs ref-778c7b0): 1/2-1/2 {Draw by 3-fold repetition}
Started game 1964 of 40000 (ref-778c7b0 vs cand-474c288)
Finished game 1954 (ref-778c7b0 vs cand-474c288): 1-0 {White wins by adjudication}
Started game 1965 of 40000 (cand-474c288 vs ref-778c7b0)
Finished game 1957 (cand-474c288 vs ref-778c7b0): 1/2-1/2 {Draw by 3-fold repetition}
Started game 1966 of 40000 (ref-778c7b0 vs cand-474c288)
Finished game 1958 (ref-778c7b0 vs cand-474c288): 0-1 {Black wins by adjudication}
Started game 1967 of 40000 (cand-474c288 vs ref-778c7b0)
Finished game 1952 (ref-778c7b0 vs cand-474c288): 0-1 {Black wins by adjudication}
Started game 1968 of 40000 (ref-778c7b0 vs cand-474c288)
Finished game 1959 (cand-474c288 vs ref-778c7b0): 1/2-1/2 {Draw by insufficient mating material}
Started game 1969 of 40000 (cand-474c288 vs ref-778c7b0)
Finished game 1961 (cand-474c288 vs ref-778c7b0): 1-0 {White wins by adjudication}
Started game 1970 of 40000 (ref-778c7b0 vs cand-474c288)
Finished game 1956 (ref-778c7b0 vs cand-474c288): 1/2-1/2 {Draw by insufficient mating material}
Started game 1971 of 40000 (cand-474c288 vs ref-778c7b0)
Finished game 1962 (ref-778c7b0 vs cand-474c288): 0-1 {Black wins by adjudication}
Started game 1972 of 40000 (ref-778c7b0 vs cand-474c288)
Finished game 1951 (cand-474c288 vs ref-778c7b0): 1/2-1/2 {Draw by 3-fold repetition}
Started game 1973 of 40000 (cand-474c288 vs ref-778c7b0)
Finished game 1960 (ref-778c7b0 vs cand-474c288): 1/2-1/2 {Draw by insufficient mating material}
--------------------------------------------------
Results of cand-474c288 vs ref-778c7b0 (8+0.08, 1t, 16MB, noob_3moves.epd):
Elo: 22.52 +/- 12.00, nElo: 28.94 +/- 15.37
LOS: 99.99 %, DrawRatio: 33.54 %, PairsRatio: 1.29
Games: 1962, Wins: 652, Losses: 525, Draws: 785, Points: 1044.5 (53.24 %)
Ptnml(0-2): [69, 216, 329, 253, 114], WL/DD Ratio: 1.08
LLR: 2.14 (72.6%) (-2.94, 2.94) [0.00, 5.00]
--------------------------------------------------
Started game 1974 of 40000 (ref-778c7b0 vs cand-474c288)
Finished game 1963 (cand-474c288 vs ref-778c7b0): 1/2-1/2 {Draw by insufficient mating material}
Started game 1975 of 40000 (cand-474c288 vs ref-778c7b0)
Finished game 1964 (ref-778c7b0 vs cand-474c288): 1-0 {White wins by adjudication}
Started game 1976 of 40000 (ref-778c7b0 vs cand-474c288)
Finished game 1966 (ref-778c7b0 vs cand-474c288): 1/2-1/2 {Draw by adjudication}
Started game 1977 of 40000 (cand-474c288 vs ref-778c7b0)
Finished game 1971 (cand-474c288 vs ref-778c7b0): 0-1 {Black wins by adjudication}
Started game 1978 of 40000 (ref-778c7b0 vs cand-474c288)
Finished game 1972 (ref-778c7b0 vs cand-474c288): 1/2-1/2 {Draw by 3-fold repetition}
Started game 1979 of 40000 (cand-474c288 vs ref-778c7b0)
Finished game 1970 (ref-778c7b0 vs cand-474c288): 0-1 {Black wins by adjudication}
Started game 1980 of 40000 (ref-778c7b0 vs cand-474c288)
Finished game 1973 (cand-474c288 vs ref-778c7b0): 1-0 {White wins by adjudication}
Started game 1981 of 40000 (cand-474c288 vs ref-778c7b0)
Finished game 1967 (cand-474c288 vs ref-778c7b0): 1/2-1/2 {Draw by insufficient mating material}
Started game 1982 of 40000 (ref-778c7b0 vs cand-474c288)
Finished game 1968 (ref-778c7b0 vs cand-474c288): 1/2-1/2 {Draw by insufficient mating material}
Started game 1983 of 40000 (cand-474c288 vs ref-778c7b0)
Finished game 1969 (cand-474c288 vs ref-778c7b0): 1/2-1/2 {Draw by adjudication}
Started game 1984 of 40000 (ref-778c7b0 vs cand-474c288)
Finished game 1965 (cand-474c288 vs ref-778c7b0): 1/2-1/2 {Draw by fifty moves rule}
Started game 1985 of 40000 (cand-474c288 vs ref-778c7b0)
Finished game 1974 (ref-778c7b0 vs cand-474c288): 0-1 {Black wins by adjudication}
Started game 1986 of 40000 (ref-778c7b0 vs cand-474c288)
Finished game 1975 (cand-474c288 vs ref-778c7b0): 1/2-1/2 {Draw by 3-fold repetition}
Started game 1987 of 40000 (cand-474c288 vs ref-778c7b0)
Finished game 1977 (cand-474c288 vs ref-778c7b0): 1-0 {White wins by adjudication}
Started game 1988 of 40000 (ref-778c7b0 vs cand-474c288)
Finished game 1978 (ref-778c7b0 vs cand-474c288): 0-1 {Black wins by adjudication}
Started game 1989 of 40000 (cand-474c288 vs ref-778c7b0)
Finished game 1976 (ref-778c7b0 vs cand-474c288): 0-1 {Black wins by adjudication}
Started game 1990 of 40000 (ref-778c7b0 vs cand-474c288)
Finished game 1980 (ref-778c7b0 vs cand-474c288): 1/2-1/2 {Draw by 3-fold repetition}
Started game 1991 of 40000 (cand-474c288 vs ref-778c7b0)
Finished game 1981 (cand-474c288 vs ref-778c7b0): 1/2-1/2 {Draw by 3-fold repetition}
Started game 1992 of 40000 (ref-778c7b0 vs cand-474c288)
Finished game 1983 (cand-474c288 vs ref-778c7b0): 1/2-1/2 {Draw by 3-fold repetition}
Started game 1993 of 40000 (cand-474c288 vs ref-778c7b0)
Finished game 1979 (cand-474c288 vs ref-778c7b0): 1-0 {White wins by adjudication}
--------------------------------------------------
Results of cand-474c288 vs ref-778c7b0 (8+0.08, 1t, 16MB, noob_3moves.epd):
Elo: 23.20 +/- 11.95, nElo: 29.80 +/- 15.30
LOS: 99.99 %, DrawRatio: 33.43 %, PairsRatio: 1.30
Games: 1980, Wins: 659, Losses: 527, Draws: 794, Points: 1056.0 (53.33 %)
Ptnml(0-2): [69, 218, 331, 256, 116], WL/DD Ratio: 1.07
LLR: 2.23 (75.6%) (-2.94, 2.94) [0.00, 5.00]
--------------------------------------------------
Started game 1994 of 40000 (ref-778c7b0 vs cand-474c288)
Finished game 1985 (cand-474c288 vs ref-778c7b0): 1-0 {White wins by adjudication}
Started game 1995 of 40000 (cand-474c288 vs ref-778c7b0)
Finished game 1982 (ref-778c7b0 vs cand-474c288): 1/2-1/2 {Draw by 3-fold repetition}
Started game 1996 of 40000 (ref-778c7b0 vs cand-474c288)
Finished game 1987 (cand-474c288 vs ref-778c7b0): 0-1 {Black wins by adjudication}
Started game 1997 of 40000 (cand-474c288 vs ref-778c7b0)
Finished game 1990 (ref-778c7b0 vs cand-474c288): 1-0 {White wins by adjudication}
Started game 1998 of 40000 (ref-778c7b0 vs cand-474c288)
Finished game 1984 (ref-778c7b0 vs cand-474c288): 1/2-1/2 {Draw by 3-fold repetition}
Started game 1999 of 40000 (cand-474c288 vs ref-778c7b0)
Finished game 1986 (ref-778c7b0 vs cand-474c288): 0-1 {Black wins by adjudication}
Started game 2000 of 40000 (ref-778c7b0 vs cand-474c288)
Finished game 1993 (cand-474c288 vs ref-778c7b0): 0-1 {Black wins by adjudication}
Started game 2001 of 40000 (cand-474c288 vs ref-778c7b0)
Finished game 1994 (ref-778c7b0 vs cand-474c288): 0-1 {Black wins by adjudication}
Started game 2002 of 40000 (ref-778c7b0 vs cand-474c288)
Finished game 1991 (cand-474c288 vs ref-778c7b0): 0-1 {Black wins by adjudication}
Started game 2003 of 40000 (cand-474c288 vs ref-778c7b0)
Finished game 1992 (ref-778c7b0 vs cand-474c288): 1-0 {White wins by adjudication}
Started game 2004 of 40000 (ref-778c7b0 vs cand-474c288)
Finished game 1995 (cand-474c288 vs ref-778c7b0): 1-0 {White wins by adjudication}
Started game 2005 of 40000 (cand-474c288 vs ref-778c7b0)
Finished game 1989 (cand-474c288 vs ref-778c7b0): 1/2-1/2 {Draw by 3-fold repetition}
Started game 2006 of 40000 (ref-778c7b0 vs cand-474c288)
Finished game 1998 (ref-778c7b0 vs cand-474c288): 1-0 {White wins by adjudication}
Started game 2007 of 40000 (cand-474c288 vs ref-778c7b0)
Finished game 1996 (ref-778c7b0 vs cand-474c288): 1-0 {White wins by adjudication}
Started game 2008 of 40000 (ref-778c7b0 vs cand-474c288)
Finished game 1988 (ref-778c7b0 vs cand-474c288): 1/2-1/2 {Draw by fifty moves rule}
Started game 2009 of 40000 (cand-474c288 vs ref-778c7b0)
Finished game 1997 (cand-474c288 vs ref-778c7b0): 1/2-1/2 {Draw by 3-fold repetition}
Started game 2010 of 40000 (ref-778c7b0 vs cand-474c288)
Finished game 1999 (cand-474c288 vs ref-778c7b0): 1-0 {White wins by adjudication}
Started game 2011 of 40000 (cand-474c288 vs ref-778c7b0)
Finished game 2004 (ref-778c7b0 vs cand-474c288): 1/2-1/2 {Draw by 3-fold repetition}
Started game 2012 of 40000 (ref-778c7b0 vs cand-474c288)
Finished game 2000 (ref-778c7b0 vs cand-474c288): 0-1 {Black wins by adjudication}
--------------------------------------------------
Results of cand-474c288 vs ref-778c7b0 (8+0.08, 1t, 16MB, noob_3moves.epd):
Elo: 22.79 +/- 11.91, nElo: 29.24 +/- 15.23
LOS: 99.99 %, DrawRatio: 33.50 %, PairsRatio: 1.29
Games: 2000, Wins: 665, Losses: 534, Draws: 801, Points: 1065.5 (53.27 %)
Ptnml(0-2): [70, 221, 335, 256, 118], WL/DD Ratio: 1.07
LLR: 2.20 (74.8%) (-2.94, 2.94) [0.00, 5.00]
--------------------------------------------------
Started game 2013 of 40000 (cand-474c288 vs ref-778c7b0)
Finished game 2002 (ref-778c7b0 vs cand-474c288): 1/2-1/2 {Draw by 3-fold repetition}
Started game 2014 of 40000 (ref-778c7b0 vs cand-474c288)
Finished game 2001 (cand-474c288 vs ref-778c7b0): 0-1 {Black wins by adjudication}
Started game 2015 of 40000 (cand-474c288 vs ref-778c7b0)
Finished game 2003 (cand-474c288 vs ref-778c7b0): 1-0 {White wins by adjudication}
Started game 2016 of 40000 (ref-778c7b0 vs cand-474c288)
Finished game 2006 (ref-778c7b0 vs cand-474c288): 1/2-1/2 {Draw by adjudication}
Started game 2017 of 40000 (cand-474c288 vs ref-778c7b0)
Finished game 2008 (ref-778c7b0 vs cand-474c288): 1/2-1/2 {Draw by 3-fold repetition}
Started game 2018 of 40000 (ref-778c7b0 vs cand-474c288)
Finished game 2010 (ref-778c7b0 vs cand-474c288): 0-1 {Black wins by adjudication}
Started game 2019 of 40000 (cand-474c288 vs ref-778c7b0)
Finished game 2011 (cand-474c288 vs ref-778c7b0): 0-1 {Black wins by adjudication}
Started game 2020 of 40000 (ref-778c7b0 vs cand-474c288)
Finished game 2012 (ref-778c7b0 vs cand-474c288): 0-1 {Black wins by adjudication}
Started game 2021 of 40000 (cand-474c288 vs ref-778c7b0)
Finished game 2013 (cand-474c288 vs ref-778c7b0): 0-1 {Black wins by adjudication}
Started game 2022 of 40000 (ref-778c7b0 vs cand-474c288)
Finished game 2009 (cand-474c288 vs ref-778c7b0): 1-0 {White wins by adjudication}
Started game 2023 of 40000 (cand-474c288 vs ref-778c7b0)
Finished game 2014 (ref-778c7b0 vs cand-474c288): 0-1 {Black wins by adjudication}
Started game 2024 of 40000 (ref-778c7b0 vs cand-474c288)
Finished game 2007 (cand-474c288 vs ref-778c7b0): 1/2-1/2 {Draw by insufficient mating material}
Started game 2025 of 40000 (cand-474c288 vs ref-778c7b0)
Finished game 2015 (cand-474c288 vs ref-778c7b0): 0-1 {Black wins by adjudication}
Started game 2026 of 40000 (ref-778c7b0 vs cand-474c288)
Finished game 2005 (cand-474c288 vs ref-778c7b0): 1/2-1/2 {Draw by fifty moves rule}
Started game 2027 of 40000 (cand-474c288 vs ref-778c7b0)
Finished game 2016 (ref-778c7b0 vs cand-474c288): 1/2-1/2 {Draw by insufficient mating material}
Started game 2028 of 40000 (ref-778c7b0 vs cand-474c288)
Finished game 2019 (cand-474c288 vs ref-778c7b0): 1/2-1/2 {Draw by 3-fold repetition}
Started game 2029 of 40000 (cand-474c288 vs ref-778c7b0)
Finished game 2018 (ref-778c7b0 vs cand-474c288): 0-1 {Black wins by adjudication}
Started game 2030 of 40000 (ref-778c7b0 vs cand-474c288)
Finished game 2023 (cand-474c288 vs ref-778c7b0): 0-1 {Black wins by adjudication}
Started game 2031 of 40000 (cand-474c288 vs ref-778c7b0)
Finished game 2022 (ref-778c7b0 vs cand-474c288): 1-0 {White wins by adjudication}
Started game 2032 of 40000 (ref-778c7b0 vs cand-474c288)
Finished game 2020 (ref-778c7b0 vs cand-474c288): 0-1 {Black wins by adjudication}
--------------------------------------------------
Results of cand-474c288 vs ref-778c7b0 (8+0.08, 1t, 16MB, noob_3moves.epd):
Elo: 22.93 +/- 11.84, nElo: 29.46 +/- 15.16
LOS: 99.99 %, DrawRatio: 33.60 %, PairsRatio: 1.29
Games: 2018, Wins: 671, Losses: 538, Draws: 809, Points: 1075.5 (53.30 %)
Ptnml(0-2): [70, 223, 339, 258, 119], WL/DD Ratio: 1.07
LLR: 2.24 (76.1%) (-2.94, 2.94) [0.00, 5.00]
--------------------------------------------------
Started game 2033 of 40000 (cand-474c288 vs ref-778c7b0)
Finished game 2025 (cand-474c288 vs ref-778c7b0): 1-0 {White wins by adjudication}
Started game 2034 of 40000 (ref-778c7b0 vs cand-474c288)
Finished game 2017 (cand-474c288 vs ref-778c7b0): 0-1 {Black wins by adjudication}
Started game 2035 of 40000 (cand-474c288 vs ref-778c7b0)
Finished game 2026 (ref-778c7b0 vs cand-474c288): 0-1 {Black wins by adjudication}
Started game 2036 of 40000 (ref-778c7b0 vs cand-474c288)
Finished game 2024 (ref-778c7b0 vs cand-474c288): 1-0 {White wins by adjudication}
Started game 2037 of 40000 (cand-474c288 vs ref-778c7b0)
Finished game 2033 (cand-474c288 vs ref-778c7b0): 1-0 {White wins by adjudication}
Started game 2038 of 40000 (ref-778c7b0 vs cand-474c288)
Finished game 2029 (cand-474c288 vs ref-778c7b0): 1/2-1/2 {Draw by 3-fold repetition}
Started game 2039 of 40000 (cand-474c288 vs ref-778c7b0)
Finished game 2032 (ref-778c7b0 vs cand-474c288): 0-1 {Black wins by adjudication}
Started game 2040 of 40000 (ref-778c7b0 vs cand-474c288)
Finished game 2021 (cand-474c288 vs ref-778c7b0): 1/2-1/2 {Draw by adjudication}
Started game 2041 of 40000 (cand-474c288 vs ref-778c7b0)
Finished game 2027 (cand-474c288 vs ref-778c7b0): 1-0 {White wins by adjudication}
Started game 2042 of 40000 (ref-778c7b0 vs cand-474c288)
Finished game 2036 (ref-778c7b0 vs cand-474c288): 1-0 {White wins by adjudication}
Started game 2043 of 40000 (cand-474c288 vs ref-778c7b0)
Finished game 2031 (cand-474c288 vs ref-778c7b0): 0-1 {Black wins by adjudication}
Started game 2044 of 40000 (ref-778c7b0 vs cand-474c288)
Finished game 2028 (ref-778c7b0 vs cand-474c288): 1/2-1/2 {Draw by insufficient mating material}
Started game 2045 of 40000 (cand-474c288 vs ref-778c7b0)
Finished game 2035 (cand-474c288 vs ref-778c7b0): 1-0 {White wins by adjudication}
Started game 2046 of 40000 (ref-778c7b0 vs cand-474c288)
Finished game 2030 (ref-778c7b0 vs cand-474c288): 0-1 {Black wins by adjudication}
Started game 2047 of 40000 (cand-474c288 vs ref-778c7b0)
Finished game 2034 (ref-778c7b0 vs cand-474c288): 1/2-1/2 {Draw by insufficient mating material}
Started game 2048 of 40000 (ref-778c7b0 vs cand-474c288)
Finished game 2037 (cand-474c288 vs ref-778c7b0): 1-0 {White wins by adjudication}
Started game 2049 of 40000 (cand-474c288 vs ref-778c7b0)
Finished game 2044 (ref-778c7b0 vs cand-474c288): 1-0 {White wins by adjudication}
Started game 2050 of 40000 (ref-778c7b0 vs cand-474c288)
Finished game 2045 (cand-474c288 vs ref-778c7b0): 1/2-1/2 {Draw by 3-fold repetition}
Started game 2051 of 40000 (cand-474c288 vs ref-778c7b0)
Finished game 2043 (cand-474c288 vs ref-778c7b0): 1-0 {White wins by adjudication}
Started game 2052 of 40000 (ref-778c7b0 vs cand-474c288)
Finished game 2038 (ref-778c7b0 vs cand-474c288): 0-1 {Black wins by adjudication}
Started game 2053 of 40000 (cand-474c288 vs ref-778c7b0)
Finished game 2040 (ref-778c7b0 vs cand-474c288): 1/2-1/2 {Draw by adjudication}
Started game 2054 of 40000 (ref-778c7b0 vs cand-474c288)
Finished game 2041 (cand-474c288 vs ref-778c7b0): 1/2-1/2 {Draw by 3-fold repetition}
Started game 2055 of 40000 (cand-474c288 vs ref-778c7b0)
Finished game 2042 (ref-778c7b0 vs cand-474c288): 0-1 {Black wins by adjudication}
Started game 2056 of 40000 (ref-778c7b0 vs cand-474c288)
Finished game 2039 (cand-474c288 vs ref-778c7b0): 1/2-1/2 {Draw by insufficient mating material}
--------------------------------------------------
Results of cand-474c288 vs ref-778c7b0 (8+0.08, 1t, 16MB, noob_3moves.epd):
Elo: 23.49 +/- 11.77, nElo: 30.17 +/- 15.06
LOS: 100.00 %, DrawRatio: 33.66 %, PairsRatio: 1.30
Games: 2044, Wins: 683, Losses: 545, Draws: 816, Points: 1091.0 (53.38 %)
Ptnml(0-2): [71, 224, 344, 262, 121], WL/DD Ratio: 1.08
LLR: 2.33 (79.1%) (-2.94, 2.94) [0.00, 5.00]
--------------------------------------------------
Started game 2057 of 40000 (cand-474c288 vs ref-778c7b0)
Finished game 2047 (cand-474c288 vs ref-778c7b0): 1/2-1/2 {Draw by 3-fold repetition}
Started game 2058 of 40000 (ref-778c7b0 vs cand-474c288)
Finished game 2051 (cand-474c288 vs ref-778c7b0): 1-0 {White wins by adjudication}
Started game 2059 of 40000 (cand-474c288 vs ref-778c7b0)
Finished game 2048 (ref-778c7b0 vs cand-474c288): 1-0 {White wins by adjudication}
Started game 2060 of 40000 (ref-778c7b0 vs cand-474c288)
Finished game 2052 (ref-778c7b0 vs cand-474c288): 1/2-1/2 {Draw by 3-fold repetition}
Started game 2061 of 40000 (cand-474c288 vs ref-778c7b0)
Finished game 2050 (ref-778c7b0 vs cand-474c288): 0-1 {Black wins by adjudication}
Started game 2062 of 40000 (ref-778c7b0 vs cand-474c288)
Finished game 2049 (cand-474c288 vs ref-778c7b0): 1-0 {White wins by adjudication}
Started game 2063 of 40000 (cand-474c288 vs ref-778c7b0)
Finished game 2054 (ref-778c7b0 vs cand-474c288): 0-1 {Black wins by adjudication}
Started game 2064 of 40000 (ref-778c7b0 vs cand-474c288)
Finished game 2053 (cand-474c288 vs ref-778c7b0): 1/2-1/2 {Draw by adjudication}
Started game 2065 of 40000 (cand-474c288 vs ref-778c7b0)
Finished game 2056 (ref-778c7b0 vs cand-474c288): 0-1 {Black wins by adjudication}
Started game 2066 of 40000 (ref-778c7b0 vs cand-474c288)
Finished game 2055 (cand-474c288 vs ref-778c7b0): 1/2-1/2 {Draw by adjudication}
Started game 2067 of 40000 (cand-474c288 vs ref-778c7b0)
Finished game 2061 (cand-474c288 vs ref-778c7b0): 1/2-1/2 {Draw by 3-fold repetition}
Started game 2068 of 40000 (ref-778c7b0 vs cand-474c288)
Finished game 2046 (ref-778c7b0 vs cand-474c288): 1/2-1/2 {Draw by 3-fold repetition}
Started game 2069 of 40000 (cand-474c288 vs ref-778c7b0)
Finished game 2063 (cand-474c288 vs ref-778c7b0): 1-0 {White wins by adjudication}
Started game 2070 of 40000 (ref-778c7b0 vs cand-474c288)
Finished game 2058 (ref-778c7b0 vs cand-474c288): 1/2-1/2 {Draw by 3-fold repetition}
Started game 2071 of 40000 (cand-474c288 vs ref-778c7b0)
Finished game 2064 (ref-778c7b0 vs cand-474c288): 1/2-1/2 {Draw by 3-fold repetition}
Started game 2072 of 40000 (ref-778c7b0 vs cand-474c288)
Finished game 2065 (cand-474c288 vs ref-778c7b0): 0-1 {Black wins by adjudication}
Started game 2073 of 40000 (cand-474c288 vs ref-778c7b0)
Finished game 2062 (ref-778c7b0 vs cand-474c288): 1-0 {White wins by adjudication}
Started game 2074 of 40000 (ref-778c7b0 vs cand-474c288)
Finished game 2057 (cand-474c288 vs ref-778c7b0): 1/2-1/2 {Draw by 3-fold repetition}
Started game 2075 of 40000 (cand-474c288 vs ref-778c7b0)
Finished game 2060 (ref-778c7b0 vs cand-474c288): 1/2-1/2 {Draw by fifty moves rule}
Started game 2076 of 40000 (ref-778c7b0 vs cand-474c288)
Finished game 2066 (ref-778c7b0 vs cand-474c288): 1/2-1/2 {Draw by 3-fold repetition}
Started game 2077 of 40000 (cand-474c288 vs ref-778c7b0)
Finished game 2069 (cand-474c288 vs ref-778c7b0): 1-0 {White wins by adjudication}
Started game 2078 of 40000 (ref-778c7b0 vs cand-474c288)
Finished game 2059 (cand-474c288 vs ref-778c7b0): 1/2-1/2 {Draw by fifty moves rule}
--------------------------------------------------
Results of cand-474c288 vs ref-778c7b0 (8+0.08, 1t, 16MB, noob_3moves.epd):
Elo: 23.75 +/- 11.69, nElo: 30.54 +/- 14.98
LOS: 100.00 %, DrawRatio: 33.59 %, PairsRatio: 1.30
Games: 2066, Wins: 689, Losses: 548, Draws: 829, Points: 1103.5 (53.41 %)
Ptnml(0-2): [71, 227, 347, 266, 122], WL/DD Ratio: 1.07
LLR: 2.39 (81.0%) (-2.94, 2.94) [0.00, 5.00]
--------------------------------------------------
Started game 2079 of 40000 (cand-474c288 vs ref-778c7b0)
Finished game 2067 (cand-474c288 vs ref-778c7b0): 0-1 {Black wins by adjudication}
Started game 2080 of 40000 (ref-778c7b0 vs cand-474c288)
Finished game 2068 (ref-778c7b0 vs cand-474c288): 0-1 {Black wins by adjudication}
Started game 2081 of 40000 (cand-474c288 vs ref-778c7b0)
Finished game 2073 (cand-474c288 vs ref-778c7b0): 1/2-1/2 {Draw by 3-fold repetition}
Started game 2082 of 40000 (ref-778c7b0 vs cand-474c288)
Finished game 2070 (ref-778c7b0 vs cand-474c288): 1/2-1/2 {Draw by 3-fold repetition}
Started game 2083 of 40000 (cand-474c288 vs ref-778c7b0)
Finished game 2076 (ref-778c7b0 vs cand-474c288): 0-1 {Black wins by adjudication}
Started game 2084 of 40000 (ref-778c7b0 vs cand-474c288)
Finished game 2080 (ref-778c7b0 vs cand-474c288): 1/2-1/2 {Draw by 3-fold repetition}
Started game 2085 of 40000 (cand-474c288 vs ref-778c7b0)
Finished game 2071 (cand-474c288 vs ref-778c7b0): 0-1 {Black wins by adjudication}
Started game 2086 of 40000 (ref-778c7b0 vs cand-474c288)
Finished game 2079 (cand-474c288 vs ref-778c7b0): 1-0 {White wins by adjudication}
--------------------------------------------------
Results of cand-474c288 vs ref-778c7b0 (8+0.08, 1t, 16MB, noob_3moves.epd):
Elo: 24.02 +/- 11.67, nElo: 30.91 +/- 14.96
LOS: 100.00 %, DrawRatio: 33.59 %, PairsRatio: 1.31
Games: 2072, Wins: 692, Losses: 549, Draws: 831, Points: 1107.5 (53.45 %)
Ptnml(0-2): [71, 227, 348, 268, 122], WL/DD Ratio: 1.07
LLR: 2.42 (82.3%) (-2.94, 2.94) [0.00, 5.00]
--------------------------------------------------
Started game 2087 of 40000 (cand-474c288 vs ref-778c7b0)
Finished game 2072 (ref-778c7b0 vs cand-474c288): 1-0 {White wins by adjudication}
Started game 2088 of 40000 (ref-778c7b0 vs cand-474c288)
Finished game 2075 (cand-474c288 vs ref-778c7b0): 1-0 {White wins by adjudication}
Started game 2089 of 40000 (cand-474c288 vs ref-778c7b0)
Finished game 2074 (ref-778c7b0 vs cand-474c288): 1/2-1/2 {Draw by insufficient mating material}
Started game 2090 of 40000 (ref-778c7b0 vs cand-474c288)
Finished game 2077 (cand-474c288 vs ref-778c7b0): 1/2-1/2 {Draw by 3-fold repetition}
Started game 2091 of 40000 (cand-474c288 vs ref-778c7b0)
Finished game 2081 (cand-474c288 vs ref-778c7b0): 0-1 {Black wins by adjudication}
Started game 2092 of 40000 (ref-778c7b0 vs cand-474c288)
Finished game 2085 (cand-474c288 vs ref-778c7b0): 1-0 {White wins by adjudication}
Started game 2093 of 40000 (cand-474c288 vs ref-778c7b0)
Finished game 2078 (ref-778c7b0 vs cand-474c288): 1/2-1/2 {Draw by adjudication}
Started game 2094 of 40000 (ref-778c7b0 vs cand-474c288)
Finished game 2086 (ref-778c7b0 vs cand-474c288): 1/2-1/2 {Draw by 3-fold repetition}
Started game 2095 of 40000 (cand-474c288 vs ref-778c7b0)
Finished game 2084 (ref-778c7b0 vs cand-474c288): 1-0 {White wins by adjudication}
Started game 2096 of 40000 (ref-778c7b0 vs cand-474c288)
Finished game 2083 (cand-474c288 vs ref-778c7b0): 0-1 {Black wins by adjudication}
Started game 2097 of 40000 (cand-474c288 vs ref-778c7b0)
Finished game 2087 (cand-474c288 vs ref-778c7b0): 0-1 {Black wins by adjudication}
Started game 2098 of 40000 (ref-778c7b0 vs cand-474c288)
Finished game 2088 (ref-778c7b0 vs cand-474c288): 1/2-1/2 {Draw by adjudication}
Started game 2099 of 40000 (cand-474c288 vs ref-778c7b0)
Finished game 2091 (cand-474c288 vs ref-778c7b0): 0-1 {Black wins by adjudication}
Started game 2100 of 40000 (ref-778c7b0 vs cand-474c288)
Finished game 2093 (cand-474c288 vs ref-778c7b0): 1/2-1/2 {Draw by 3-fold repetition}
Started game 2101 of 40000 (cand-474c288 vs ref-778c7b0)
Finished game 2090 (ref-778c7b0 vs cand-474c288): 1-0 {White wins by adjudication}
Started game 2102 of 40000 (ref-778c7b0 vs cand-474c288)
Finished game 2089 (cand-474c288 vs ref-778c7b0): 1/2-1/2 {Draw by 3-fold repetition}
Started game 2103 of 40000 (cand-474c288 vs ref-778c7b0)
Finished game 2092 (ref-778c7b0 vs cand-474c288): 1/2-1/2 {Draw by 3-fold repetition}
Started game 2104 of 40000 (ref-778c7b0 vs cand-474c288)
Finished game 2082 (ref-778c7b0 vs cand-474c288): 1/2-1/2 {Draw by fifty moves rule}
Started game 2105 of 40000 (cand-474c288 vs ref-778c7b0)
Finished game 2094 (ref-778c7b0 vs cand-474c288): 1-0 {White wins by adjudication}
Started game 2106 of 40000 (ref-778c7b0 vs cand-474c288)
Finished game 2099 (cand-474c288 vs ref-778c7b0): 1-0 {White wins by adjudication}
Started game 2107 of 40000 (cand-474c288 vs ref-778c7b0)
Finished game 2095 (cand-474c288 vs ref-778c7b0): 1-0 {White wins by adjudication}
Started game 2108 of 40000 (ref-778c7b0 vs cand-474c288)
Finished game 2096 (ref-778c7b0 vs cand-474c288): 1/2-1/2 {Draw by 3-fold repetition}
Started game 2109 of 40000 (cand-474c288 vs ref-778c7b0)
Finished game 2098 (ref-778c7b0 vs cand-474c288): 1/2-1/2 {Draw by 3-fold repetition}
Started game 2110 of 40000 (ref-778c7b0 vs cand-474c288)
Finished game 2097 (cand-474c288 vs ref-778c7b0): 1/2-1/2 {Draw by 3-fold repetition}
Started game 2111 of 40000 (cand-474c288 vs ref-778c7b0)
Finished game 2103 (cand-474c288 vs ref-778c7b0): 0-1 {Black wins by adjudication}
Started game 2112 of 40000 (ref-778c7b0 vs cand-474c288)
Finished game 2102 (ref-778c7b0 vs cand-474c288): 1/2-1/2 {Draw by insufficient mating material}
Started game 2113 of 40000 (cand-474c288 vs ref-778c7b0)
Finished game 2101 (cand-474c288 vs ref-778c7b0): 0-1 {Black wins by adjudication}
Started game 2114 of 40000 (ref-778c7b0 vs cand-474c288)
Finished game 2100 (ref-778c7b0 vs cand-474c288): 1-0 {White wins by adjudication}
--------------------------------------------------
Results of cand-474c288 vs ref-778c7b0 (8+0.08, 1t, 16MB, noob_3moves.epd):
Elo: 22.68 +/- 11.59, nElo: 29.14 +/- 14.85
LOS: 99.99 %, DrawRatio: 33.49 %, PairsRatio: 1.28
Games: 2102, Wins: 697, Losses: 560, Draws: 845, Points: 1119.5 (53.26 %)
Ptnml(0-2): [73, 233, 352, 270, 123], WL/DD Ratio: 1.06
LLR: 2.31 (78.4%) (-2.94, 2.94) [0.00, 5.00]
--------------------------------------------------
Started game 2115 of 40000 (cand-474c288 vs ref-778c7b0)
Finished game 2107 (cand-474c288 vs ref-778c7b0): 0-1 {Black wins by adjudication}
Started game 2116 of 40000 (ref-778c7b0 vs cand-474c288)
Finished game 2104 (ref-778c7b0 vs cand-474c288): 0-1 {Black wins by adjudication}
Started game 2117 of 40000 (cand-474c288 vs ref-778c7b0)
Finished game 2108 (ref-778c7b0 vs cand-474c288): 0-1 {Black wins by adjudication}
Started game 2118 of 40000 (ref-778c7b0 vs cand-474c288)
Finished game 2109 (cand-474c288 vs ref-778c7b0): 1/2-1/2 {Draw by 3-fold repetition}
Started game 2119 of 40000 (cand-474c288 vs ref-778c7b0)
Finished game 2106 (ref-778c7b0 vs cand-474c288): 0-1 {Black wins by adjudication}
Started game 2120 of 40000 (ref-778c7b0 vs cand-474c288)
Finished game 2111 (cand-474c288 vs ref-778c7b0): 1/2-1/2 {Draw by 3-fold repetition}
Started game 2121 of 40000 (cand-474c288 vs ref-778c7b0)
Finished game 2110 (ref-778c7b0 vs cand-474c288): 1-0 {White wins by adjudication}
Started game 2122 of 40000 (ref-778c7b0 vs cand-474c288)
Finished game 2113 (cand-474c288 vs ref-778c7b0): 1-0 {White wins by adjudication}
Started game 2123 of 40000 (cand-474c288 vs ref-778c7b0)
Finished game 2115 (cand-474c288 vs ref-778c7b0): 1/2-1/2 {Draw by 3-fold repetition}
Started game 2124 of 40000 (ref-778c7b0 vs cand-474c288)
Finished game 2116 (ref-778c7b0 vs cand-474c288): 1/2-1/2 {Draw by 3-fold repetition}
Started game 2125 of 40000 (cand-474c288 vs ref-778c7b0)
Finished game 2114 (ref-778c7b0 vs cand-474c288): 1/2-1/2 {Draw by 3-fold repetition}
Started game 2126 of 40000 (ref-778c7b0 vs cand-474c288)
Finished game 2112 (ref-778c7b0 vs cand-474c288): 0-1 {Black wins by adjudication}
Started game 2127 of 40000 (cand-474c288 vs ref-778c7b0)
Finished game 2105 (cand-474c288 vs ref-778c7b0): 1/2-1/2 {Draw by fifty moves rule}
Started game 2128 of 40000 (ref-778c7b0 vs cand-474c288)
Finished game 2119 (cand-474c288 vs ref-778c7b0): 0-1 {Black wins by adjudication}
Started game 2129 of 40000 (cand-474c288 vs ref-778c7b0)
Finished game 2125 (cand-474c288 vs ref-778c7b0): 1/2-1/2 {Draw by 3-fold repetition}
Started game 2130 of 40000 (ref-778c7b0 vs cand-474c288)
Finished game 2122 (ref-778c7b0 vs cand-474c288): 1-0 {White wins by adjudication}
Started game 2131 of 40000 (cand-474c288 vs ref-778c7b0)
Finished game 2123 (cand-474c288 vs ref-778c7b0): 0-1 {Black wins by adjudication}
Started game 2132 of 40000 (ref-778c7b0 vs cand-474c288)
Finished game 2124 (ref-778c7b0 vs cand-474c288): 0-1 {Black wins by adjudication}
Started game 2133 of 40000 (cand-474c288 vs ref-778c7b0)
Finished game 2118 (ref-778c7b0 vs cand-474c288): 0-1 {Black wins by adjudication}
Started game 2134 of 40000 (ref-778c7b0 vs cand-474c288)
Finished game 2129 (cand-474c288 vs ref-778c7b0): 0-1 {Black wins by adjudication}
Started game 2135 of 40000 (cand-474c288 vs ref-778c7b0)
Finished game 2126 (ref-778c7b0 vs cand-474c288): 1-0 {White wins by adjudication}
Started game 2136 of 40000 (ref-778c7b0 vs cand-474c288)
Finished game 2117 (cand-474c288 vs ref-778c7b0): 1/2-1/2 {Draw by insufficient mating material}
Started game 2137 of 40000 (cand-474c288 vs ref-778c7b0)
Finished game 2120 (ref-778c7b0 vs cand-474c288): 1-0 {White wins by adjudication}
--------------------------------------------------
Results of cand-474c288 vs ref-778c7b0 (8+0.08, 1t, 16MB, noob_3moves.epd):
Elo: 22.44 +/- 11.52, nElo: 28.88 +/- 14.78
LOS: 99.99 %, DrawRatio: 33.52 %, PairsRatio: 1.28
Games: 2124, Wins: 704, Losses: 567, Draws: 853, Points: 1130.5 (53.23 %)
Ptnml(0-2): [74, 235, 356, 274, 123], WL/DD Ratio: 1.07
LLR: 2.31 (78.4%) (-2.94, 2.94) [0.00, 5.00]
--------------------------------------------------
Started game 2138 of 40000 (ref-778c7b0 vs cand-474c288)
Finished game 2127 (cand-474c288 vs ref-778c7b0): 0-1 {Black wins by adjudication}
Started game 2139 of 40000 (cand-474c288 vs ref-778c7b0)
Finished game 2128 (ref-778c7b0 vs cand-474c288): 1/2-1/2 {Draw by insufficient mating material}
Started game 2140 of 40000 (ref-778c7b0 vs cand-474c288)
Finished game 2130 (ref-778c7b0 vs cand-474c288): 0-1 {Black wins by adjudication}
Started game 2141 of 40000 (cand-474c288 vs ref-778c7b0)
Finished game 2121 (cand-474c288 vs ref-778c7b0): 1/2-1/2 {Draw by insufficient mating material}
Started game 2142 of 40000 (ref-778c7b0 vs cand-474c288)
Finished game 2131 (cand-474c288 vs ref-778c7b0): 0-1 {Black wins by adjudication}
Started game 2143 of 40000 (cand-474c288 vs ref-778c7b0)
Finished game 2135 (cand-474c288 vs ref-778c7b0): 1-0 {White wins by adjudication}
Started game 2144 of 40000 (ref-778c7b0 vs cand-474c288)
Finished game 2138 (ref-778c7b0 vs cand-474c288): 0-1 {Black wins by adjudication}
Started game 2145 of 40000 (cand-474c288 vs ref-778c7b0)
Finished game 2132 (ref-778c7b0 vs cand-474c288): 0-1 {Black wins by adjudication}
Started game 2146 of 40000 (ref-778c7b0 vs cand-474c288)
Finished game 2133 (cand-474c288 vs ref-778c7b0): 0-1 {Black wins by adjudication}
Started game 2147 of 40000 (cand-474c288 vs ref-778c7b0)
Finished game 2134 (ref-778c7b0 vs cand-474c288): 1-0 {White wins by adjudication}
Started game 2148 of 40000 (ref-778c7b0 vs cand-474c288)
Finished game 2140 (ref-778c7b0 vs cand-474c288): 0-1 {Black wins by adjudication}
Started game 2149 of 40000 (cand-474c288 vs ref-778c7b0)
Finished game 2142 (ref-778c7b0 vs cand-474c288): 1-0 {White wins by adjudication}
Started game 2150 of 40000 (ref-778c7b0 vs cand-474c288)
Finished game 2136 (ref-778c7b0 vs cand-474c288): 0-1 {Black wins by adjudication}
Started game 2151 of 40000 (cand-474c288 vs ref-778c7b0)
Finished game 2143 (cand-474c288 vs ref-778c7b0): 1-0 {White wins by adjudication}
Started game 2152 of 40000 (ref-778c7b0 vs cand-474c288)
Finished game 2139 (cand-474c288 vs ref-778c7b0): 1/2-1/2 {Draw by adjudication}
--------------------------------------------------
Results of cand-474c288 vs ref-778c7b0 (8+0.08, 1t, 16MB, noob_3moves.epd):
Elo: 22.13 +/- 11.49, nElo: 28.44 +/- 14.73
LOS: 99.99 %, DrawRatio: 33.49 %, PairsRatio: 1.28
Games: 2138, Wins: 709, Losses: 573, Draws: 856, Points: 1137.0 (53.18 %)
Ptnml(0-2): [75, 237, 358, 275, 124], WL/DD Ratio: 1.08
LLR: 2.29 (77.7%) (-2.94, 2.94) [0.00, 5.00]
--------------------------------------------------
Started game 2153 of 40000 (cand-474c288 vs ref-778c7b0)
Finished game 2137 (cand-474c288 vs ref-778c7b0): 1/2-1/2 {Draw by insufficient mating material}
Started game 2154 of 40000 (ref-778c7b0 vs cand-474c288)
Finished game 2144 (ref-778c7b0 vs cand-474c288): 1/2-1/2 {Draw by insufficient mating material}
Started game 2155 of 40000 (cand-474c288 vs ref-778c7b0)
Finished game 2141 (cand-474c288 vs ref-778c7b0): 1-0 {White wins by adjudication}
Started game 2156 of 40000 (ref-778c7b0 vs cand-474c288)
Finished game 2145 (cand-474c288 vs ref-778c7b0): 0-1 {Black wins by adjudication}
Started game 2157 of 40000 (cand-474c288 vs ref-778c7b0)
Finished game 2147 (cand-474c288 vs ref-778c7b0): 1/2-1/2 {Draw by 3-fold repetition}
Started game 2158 of 40000 (ref-778c7b0 vs cand-474c288)
Finished game 2146 (ref-778c7b0 vs cand-474c288): 1-0 {White wins by adjudication}
Started game 2159 of 40000 (cand-474c288 vs ref-778c7b0)
Finished game 2152 (ref-778c7b0 vs cand-474c288): 0-1 {Black wins by adjudication}
Started game 2160 of 40000 (ref-778c7b0 vs cand-474c288)
Finished game 2149 (cand-474c288 vs ref-778c7b0): 0-1 {Black wins by adjudication}
Started game 2161 of 40000 (cand-474c288 vs ref-778c7b0)
Finished game 2148 (ref-778c7b0 vs cand-474c288): 0-1 {Black wins by adjudication}
Started game 2162 of 40000 (ref-778c7b0 vs cand-474c288)
Finished game 2157 (cand-474c288 vs ref-778c7b0): 1-0 {White wins by adjudication}
Started game 2163 of 40000 (cand-474c288 vs ref-778c7b0)
Finished game 2153 (cand-474c288 vs ref-778c7b0): 1-0 {White wins by adjudication}
Started game 2164 of 40000 (ref-778c7b0 vs cand-474c288)
Finished game 2151 (cand-474c288 vs ref-778c7b0): 1-0 {White wins by adjudication}
Started game 2165 of 40000 (cand-474c288 vs ref-778c7b0)
Finished game 2150 (ref-778c7b0 vs cand-474c288): 0-1 {Black wins by adjudication}
Started game 2166 of 40000 (ref-778c7b0 vs cand-474c288)
Finished game 2154 (ref-778c7b0 vs cand-474c288): 1-0 {White wins by adjudication}
Started game 2167 of 40000 (cand-474c288 vs ref-778c7b0)
Finished game 2156 (ref-778c7b0 vs cand-474c288): 0-1 {Black wins by adjudication}
Started game 2168 of 40000 (ref-778c7b0 vs cand-474c288)
Finished game 2155 (cand-474c288 vs ref-778c7b0): 0-1 {Black wins by adjudication}
Started game 2169 of 40000 (cand-474c288 vs ref-778c7b0)
Finished game 2158 (ref-778c7b0 vs cand-474c288): 1/2-1/2 {Draw by insufficient mating material}
Started game 2170 of 40000 (ref-778c7b0 vs cand-474c288)
Finished game 2161 (cand-474c288 vs ref-778c7b0): 1/2-1/2 {Draw by 3-fold repetition}
Started game 2171 of 40000 (cand-474c288 vs ref-778c7b0)
Finished game 2163 (cand-474c288 vs ref-778c7b0): 1-0 {White wins by adjudication}
Started game 2172 of 40000 (ref-778c7b0 vs cand-474c288)
Finished game 2159 (cand-474c288 vs ref-778c7b0): 0-1 {Black wins by adjudication}
Started game 2173 of 40000 (cand-474c288 vs ref-778c7b0)
Finished game 2160 (ref-778c7b0 vs cand-474c288): 0-1 {Black wins by adjudication}
--------------------------------------------------
Results of cand-474c288 vs ref-778c7b0 (8+0.08, 1t, 16MB, noob_3moves.epd):
Elo: 22.55 +/- 11.43, nElo: 29.01 +/- 14.65
LOS: 99.99 %, DrawRatio: 33.61 %, PairsRatio: 1.29
Games: 2160, Wins: 720, Losses: 580, Draws: 860, Points: 1150.0 (53.24 %)
Ptnml(0-2): [76, 237, 363, 279, 125], WL/DD Ratio: 1.11
LLR: 2.36 (80.1%) (-2.94, 2.94) [0.00, 5.00]
--------------------------------------------------
Started game 2174 of 40000 (ref-778c7b0 vs cand-474c288)
Finished game 2166 (ref-778c7b0 vs cand-474c288): 0-1 {Black wins by adjudication}
Started game 2175 of 40000 (cand-474c288 vs ref-778c7b0)
Finished game 2165 (cand-474c288 vs ref-778c7b0): 1/2-1/2 {Draw by 3-fold repetition}
Started game 2176 of 40000 (ref-778c7b0 vs cand-474c288)
Finished game 2162 (ref-778c7b0 vs cand-474c288): 0-1 {Black wins by adjudication}
Started game 2177 of 40000 (cand-474c288 vs ref-778c7b0)
Finished game 2167 (cand-474c288 vs ref-778c7b0): 0-1 {Black wins by adjudication}
Started game 2178 of 40000 (ref-778c7b0 vs cand-474c288)
Finished game 2168 (ref-778c7b0 vs cand-474c288): 0-1 {Black wins by adjudication}
Started game 2179 of 40000 (cand-474c288 vs ref-778c7b0)
Finished game 2169 (cand-474c288 vs ref-778c7b0): 0-1 {Black wins by adjudication}
Started game 2180 of 40000 (ref-778c7b0 vs cand-474c288)
Finished game 2171 (cand-474c288 vs ref-778c7b0): 1-0 {White wins by adjudication}
Started game 2181 of 40000 (cand-474c288 vs ref-778c7b0)
Finished game 2164 (ref-778c7b0 vs cand-474c288): 1/2-1/2 {Draw by insufficient mating material}
Started game 2182 of 40000 (ref-778c7b0 vs cand-474c288)
Finished game 2173 (cand-474c288 vs ref-778c7b0): 0-1 {Black wins by adjudication}
Started game 2183 of 40000 (cand-474c288 vs ref-778c7b0)
Finished game 2177 (cand-474c288 vs ref-778c7b0): 1-0 {White wins by adjudication}
Started game 2184 of 40000 (ref-778c7b0 vs cand-474c288)
Finished game 2174 (ref-778c7b0 vs cand-474c288): 1/2-1/2 {Draw by 3-fold repetition}
Started game 2185 of 40000 (cand-474c288 vs ref-778c7b0)
Finished game 2170 (ref-778c7b0 vs cand-474c288): 0-1 {Black wins by adjudication}
Started game 2186 of 40000 (ref-778c7b0 vs cand-474c288)
Finished game 2175 (cand-474c288 vs ref-778c7b0): 0-1 {Black wins by adjudication}
Started game 2187 of 40000 (cand-474c288 vs ref-778c7b0)
Finished game 2176 (ref-778c7b0 vs cand-474c288): 1-0 {White wins by adjudication}
Started game 2188 of 40000 (ref-778c7b0 vs cand-474c288)
Finished game 2172 (ref-778c7b0 vs cand-474c288): 1/2-1/2 {Draw by adjudication}
Started game 2189 of 40000 (cand-474c288 vs ref-778c7b0)
Finished game 2180 (ref-778c7b0 vs cand-474c288): 1-0 {White wins by adjudication}
Started game 2190 of 40000 (ref-778c7b0 vs cand-474c288)
Finished game 2179 (cand-474c288 vs ref-778c7b0): 0-1 {Black wins by adjudication}
--------------------------------------------------
Results of cand-474c288 vs ref-778c7b0 (8+0.08, 1t, 16MB, noob_3moves.epd):
Elo: 22.20 +/- 11.39, nElo: 28.53 +/- 14.59
LOS: 99.99 %, DrawRatio: 33.52 %, PairsRatio: 1.29
Games: 2178, Wins: 726, Losses: 587, Draws: 865, Points: 1158.5 (53.19 %)
Ptnml(0-2): [78, 238, 365, 283, 125], WL/DD Ratio: 1.12
LLR: 2.34 (79.3%) (-2.94, 2.94) [0.00, 5.00]
--------------------------------------------------
Started game 2191 of 40000 (cand-474c288 vs ref-778c7b0)
Finished game 2185 (cand-474c288 vs ref-778c7b0): 1/2-1/2 {Draw by 3-fold repetition}
Started game 2192 of 40000 (ref-778c7b0 vs cand-474c288)
Finished game 2182 (ref-778c7b0 vs cand-474c288): 0-1 {Black wins by adjudication}
Started game 2193 of 40000 (cand-474c288 vs ref-778c7b0)
Finished game 2181 (cand-474c288 vs ref-778c7b0): 0-1 {Black wins by adjudication}
Started game 2194 of 40000 (ref-778c7b0 vs cand-474c288)
Finished game 2183 (cand-474c288 vs ref-778c7b0): 1-0 {White wins by adjudication}
Started game 2195 of 40000 (cand-474c288 vs ref-778c7b0)
Finished game 2186 (ref-778c7b0 vs cand-474c288): 0-1 {Black wins by adjudication}
Started game 2196 of 40000 (ref-778c7b0 vs cand-474c288)
Finished game 2184 (ref-778c7b0 vs cand-474c288): 1/2-1/2 {Draw by 3-fold repetition}
Started game 2197 of 40000 (cand-474c288 vs ref-778c7b0)
Finished game 2188 (ref-778c7b0 vs cand-474c288): 0-1 {Black wins by adjudication}
Started game 2198 of 40000 (ref-778c7b0 vs cand-474c288)
Finished game 2192 (ref-778c7b0 vs cand-474c288): 0-1 {Black wins by adjudication}
Started game 2199 of 40000 (cand-474c288 vs ref-778c7b0)
Finished game 2178 (ref-778c7b0 vs cand-474c288): 1/2-1/2 {Draw by fifty moves rule}
Started game 2200 of 40000 (ref-778c7b0 vs cand-474c288)
Finished game 2191 (cand-474c288 vs ref-778c7b0): 1/2-1/2 {Draw by 3-fold repetition}
Started game 2201 of 40000 (cand-474c288 vs ref-778c7b0)
Finished game 2190 (ref-778c7b0 vs cand-474c288): 0-1 {Black wins by adjudication}
Started game 2202 of 40000 (ref-778c7b0 vs cand-474c288)
Finished game 2195 (cand-474c288 vs ref-778c7b0): 1-0 {White wins by adjudication}
Started game 2203 of 40000 (cand-474c288 vs ref-778c7b0)
Finished game 2189 (cand-474c288 vs ref-778c7b0): 1/2-1/2 {Draw by insufficient mating material}
Started game 2204 of 40000 (ref-778c7b0 vs cand-474c288)
Finished game 2187 (cand-474c288 vs ref-778c7b0): 1/2-1/2 {Draw by adjudication}
Started game 2205 of 40000 (cand-474c288 vs ref-778c7b0)
Finished game 2196 (ref-778c7b0 vs cand-474c288): 1/2-1/2 {Draw by 3-fold repetition}
Started game 2206 of 40000 (ref-778c7b0 vs cand-474c288)
Finished game 2194 (ref-778c7b0 vs cand-474c288): 0-1 {Black wins by adjudication}
Started game 2207 of 40000 (cand-474c288 vs ref-778c7b0)
Finished game 2193 (cand-474c288 vs ref-778c7b0): 0-1 {Black wins by adjudication}
Started game 2208 of 40000 (ref-778c7b0 vs cand-474c288)
Finished game 2198 (ref-778c7b0 vs cand-474c288): 1/2-1/2 {Draw by 3-fold repetition}
Started game 2209 of 40000 (cand-474c288 vs ref-778c7b0)
Finished game 2200 (ref-778c7b0 vs cand-474c288): 0-1 {Black wins by adjudication}
Started game 2210 of 40000 (ref-778c7b0 vs cand-474c288)
Finished game 2199 (cand-474c288 vs ref-778c7b0): 0-1 {Black wins by adjudication}
--------------------------------------------------
Results of cand-474c288 vs ref-778c7b0 (8+0.08, 1t, 16MB, noob_3moves.epd):
Elo: 23.11 +/- 11.31, nElo: 29.77 +/- 14.52
LOS: 100.00 %, DrawRatio: 33.48 %, PairsRatio: 1.31
Games: 2198, Wins: 736, Losses: 590, Draws: 872, Points: 1172.0 (53.32 %)
Ptnml(0-2): [78, 238, 368, 290, 125], WL/DD Ratio: 1.14
LLR: 2.47 (83.8%) (-2.94, 2.94) [0.00, 5.00]
--------------------------------------------------
Started game 2211 of 40000 (cand-474c288 vs ref-778c7b0)
Finished game 2197 (cand-474c288 vs ref-778c7b0): 1/2-1/2 {Draw by adjudication}
Started game 2212 of 40000 (ref-778c7b0 vs cand-474c288)
Finished game 2203 (cand-474c288 vs ref-778c7b0): 0-1 {Black wins by adjudication}
Started game 2213 of 40000 (cand-474c288 vs ref-778c7b0)
Finished game 2201 (cand-474c288 vs ref-778c7b0): 1-0 {White wins by adjudication}
Started game 2214 of 40000 (ref-778c7b0 vs cand-474c288)
Finished game 2202 (ref-778c7b0 vs cand-474c288): 1-0 {White wins by adjudication}
Started game 2215 of 40000 (cand-474c288 vs ref-778c7b0)
Finished game 2205 (cand-474c288 vs ref-778c7b0): 1-0 {White wins by adjudication}
Started game 2216 of 40000 (ref-778c7b0 vs cand-474c288)
Finished game 2207 (cand-474c288 vs ref-778c7b0): 0-1 {Black wins by adjudication}
Started game 2217 of 40000 (cand-474c288 vs ref-778c7b0)
Finished game 2208 (ref-778c7b0 vs cand-474c288): 1-0 {White wins by adjudication}
Started game 2218 of 40000 (ref-778c7b0 vs cand-474c288)
Finished game 2212 (ref-778c7b0 vs cand-474c288): 1/2-1/2 {Draw by 3-fold repetition}
Started game 2219 of 40000 (cand-474c288 vs ref-778c7b0)
Finished game 2209 (cand-474c288 vs ref-778c7b0): 1-0 {White wins by adjudication}
Started game 2220 of 40000 (ref-778c7b0 vs cand-474c288)
Finished game 2204 (ref-778c7b0 vs cand-474c288): 1/2-1/2 {Draw by fifty moves rule}
Started game 2221 of 40000 (cand-474c288 vs ref-778c7b0)
Finished game 2206 (ref-778c7b0 vs cand-474c288): 1/2-1/2 {Draw by 3-fold repetition}
Started game 2222 of 40000 (ref-778c7b0 vs cand-474c288)
Finished game 2210 (ref-778c7b0 vs cand-474c288): 0-1 {Black wins by adjudication}
Started game 2223 of 40000 (cand-474c288 vs ref-778c7b0)
Finished game 2213 (cand-474c288 vs ref-778c7b0): 1-0 {White wins by adjudication}
Started game 2224 of 40000 (ref-778c7b0 vs cand-474c288)
Finished game 2215 (cand-474c288 vs ref-778c7b0): 0-1 {Black wins by adjudication}
Started game 2225 of 40000 (cand-474c288 vs ref-778c7b0)
Finished game 2216 (ref-778c7b0 vs cand-474c288): 1-0 {White wins by adjudication}
Started game 2226 of 40000 (ref-778c7b0 vs cand-474c288)
Finished game 2214 (ref-778c7b0 vs cand-474c288): 1/2-1/2 {Draw by insufficient mating material}
Started game 2227 of 40000 (cand-474c288 vs ref-778c7b0)
Finished game 2217 (cand-474c288 vs ref-778c7b0): 1-0 {White wins by adjudication}
Started game 2228 of 40000 (ref-778c7b0 vs cand-474c288)
Finished game 2218 (ref-778c7b0 vs cand-474c288): 0-1 {Black wins by adjudication}
Started game 2229 of 40000 (cand-474c288 vs ref-778c7b0)
Finished game 2221 (cand-474c288 vs ref-778c7b0): 1/2-1/2 {Draw by 3-fold repetition}
Started game 2230 of 40000 (ref-778c7b0 vs cand-474c288)
Finished game 2211 (cand-474c288 vs ref-778c7b0): 1/2-1/2 {Draw by fifty moves rule}
Started game 2231 of 40000 (cand-474c288 vs ref-778c7b0)
Finished game 2219 (cand-474c288 vs ref-778c7b0): 1/2-1/2 {Draw by adjudication}
Started game 2232 of 40000 (ref-778c7b0 vs cand-474c288)
Finished game 2222 (ref-778c7b0 vs cand-474c288): 1-0 {White wins by adjudication}
Started game 2233 of 40000 (cand-474c288 vs ref-778c7b0)
Finished game 2223 (cand-474c288 vs ref-778c7b0): 1/2-1/2 {Draw by insufficient mating material}
Started game 2234 of 40000 (ref-778c7b0 vs cand-474c288)
Finished game 2225 (cand-474c288 vs ref-778c7b0): 0-1 {Black wins by adjudication}
Started game 2235 of 40000 (cand-474c288 vs ref-778c7b0)
Finished game 2220 (ref-778c7b0 vs cand-474c288): 1/2-1/2 {Draw by insufficient mating material}
--------------------------------------------------
Results of cand-474c288 vs ref-778c7b0 (8+0.08, 1t, 16MB, noob_3moves.epd):
Elo: 22.86 +/- 11.27, nElo: 29.39 +/- 14.45
LOS: 100.00 %, DrawRatio: 33.48 %, PairsRatio: 1.31
Games: 2222, Wins: 743, Losses: 597, Draws: 882, Points: 1184.0 (53.29 %)
Ptnml(0-2): [80, 240, 372, 292, 127], WL/DD Ratio: 1.13
LLR: 2.46 (83.5%) (-2.94, 2.94) [0.00, 5.00]
--------------------------------------------------
Started game 2236 of 40000 (ref-778c7b0 vs cand-474c288)
Finished game 2226 (ref-778c7b0 vs cand-474c288): 0-1 {Black wins by adjudication}
Started game 2237 of 40000 (cand-474c288 vs ref-778c7b0)
Finished game 2228 (ref-778c7b0 vs cand-474c288): 1-0 {White wins by adjudication}
Started game 2238 of 40000 (ref-778c7b0 vs cand-474c288)
Finished game 2232 (ref-778c7b0 vs cand-474c288): 1-0 {White wins by adjudication}
Started game 2239 of 40000 (cand-474c288 vs ref-778c7b0)
Finished game 2227 (cand-474c288 vs ref-778c7b0): 0-1 {Black wins by adjudication}
Started game 2240 of 40000 (ref-778c7b0 vs cand-474c288)
Finished game 2230 (ref-778c7b0 vs cand-474c288): 1-0 {White wins by adjudication}
Started game 2241 of 40000 (cand-474c288 vs ref-778c7b0)
Finished game 2224 (ref-778c7b0 vs cand-474c288): 1/2-1/2 {Draw by adjudication}
Started game 2242 of 40000 (ref-778c7b0 vs cand-474c288)
Finished game 2231 (cand-474c288 vs ref-778c7b0): 1/2-1/2 {Draw by 3-fold repetition}
Started game 2243 of 40000 (cand-474c288 vs ref-778c7b0)
Finished game 2235 (cand-474c288 vs ref-778c7b0): 1/2-1/2 {Draw by adjudication}
Started game 2244 of 40000 (ref-778c7b0 vs cand-474c288)
Finished game 2234 (ref-778c7b0 vs cand-474c288): 1-0 {White wins by adjudication}
Started game 2245 of 40000 (cand-474c288 vs ref-778c7b0)
Finished game 2233 (cand-474c288 vs ref-778c7b0): 1/2-1/2 {Draw by adjudication}
Started game 2246 of 40000 (ref-778c7b0 vs cand-474c288)
Finished game 2237 (cand-474c288 vs ref-778c7b0): 0-1 {Black wins by adjudication}
Started game 2247 of 40000 (cand-474c288 vs ref-778c7b0)
Finished game 2238 (ref-778c7b0 vs cand-474c288): 1/2-1/2 {Draw by 3-fold repetition}
Started game 2248 of 40000 (ref-778c7b0 vs cand-474c288)
Finished game 2229 (cand-474c288 vs ref-778c7b0): 1/2-1/2 {Draw by fifty moves rule}
Started game 2249 of 40000 (cand-474c288 vs ref-778c7b0)
Finished game 2236 (ref-778c7b0 vs cand-474c288): 1-0 {White wins by adjudication}
Started game 2250 of 40000 (ref-778c7b0 vs cand-474c288)
Finished game 2239 (cand-474c288 vs ref-778c7b0): 1/2-1/2 {Draw by 3-fold repetition}
Started game 2251 of 40000 (cand-474c288 vs ref-778c7b0)
Finished game 2242 (ref-778c7b0 vs cand-474c288): 1/2-1/2 {Draw by 3-fold repetition}
Started game 2252 of 40000 (ref-778c7b0 vs cand-474c288)
Finished game 2243 (cand-474c288 vs ref-778c7b0): 1-0 {White wins by adjudication}
Started game 2253 of 40000 (cand-474c288 vs ref-778c7b0)
Finished game 2241 (cand-474c288 vs ref-778c7b0): 0-1 {Black wins by adjudication}
Started game 2254 of 40000 (ref-778c7b0 vs cand-474c288)
Finished game 2244 (ref-778c7b0 vs cand-474c288): 1-0 {White wins by adjudication}
Started game 2255 of 40000 (cand-474c288 vs ref-778c7b0)
Finished game 2246 (ref-778c7b0 vs cand-474c288): 1-0 {White wins by adjudication}
Started game 2256 of 40000 (ref-778c7b0 vs cand-474c288)
Finished game 2245 (cand-474c288 vs ref-778c7b0): 0-1 {Black wins by adjudication}
Started game 2257 of 40000 (cand-474c288 vs ref-778c7b0)
Finished game 2248 (ref-778c7b0 vs cand-474c288): 1/2-1/2 {Draw by 3-fold repetition}
Started game 2258 of 40000 (ref-778c7b0 vs cand-474c288)
Finished game 2247 (cand-474c288 vs ref-778c7b0): 0-1 {Black wins by adjudication}
Started game 2259 of 40000 (cand-474c288 vs ref-778c7b0)
Finished game 2250 (ref-778c7b0 vs cand-474c288): 1/2-1/2 {Draw by 3-fold repetition}
Started game 2260 of 40000 (ref-778c7b0 vs cand-474c288)
Finished game 2251 (cand-474c288 vs ref-778c7b0): 1-0 {White wins by adjudication}
Started game 2261 of 40000 (cand-474c288 vs ref-778c7b0)
Finished game 2249 (cand-474c288 vs ref-778c7b0): 0-1 {Black wins by adjudication}
Started game 2262 of 40000 (ref-778c7b0 vs cand-474c288)
Finished game 2256 (ref-778c7b0 vs cand-474c288): 1/2-1/2 {Draw by 3-fold repetition}
Started game 2263 of 40000 (cand-474c288 vs ref-778c7b0)
Finished game 2253 (cand-474c288 vs ref-778c7b0): 1/2-1/2 {Draw by 3-fold repetition}
Started game 2264 of 40000 (ref-778c7b0 vs cand-474c288)
Finished game 2240 (ref-778c7b0 vs cand-474c288): 1/2-1/2 {Draw by fifty moves rule}
--------------------------------------------------
Results of cand-474c288 vs ref-778c7b0 (8+0.08, 1t, 16MB, noob_3moves.epd):
Elo: 20.72 +/- 11.20, nElo: 26.61 +/- 14.36
LOS: 99.99 %, DrawRatio: 33.42 %, PairsRatio: 1.27
Games: 2250, Wins: 745, Losses: 611, Draws: 894, Points: 1192.0 (52.98 %)
Ptnml(0-2): [82, 248, 376, 292, 127], WL/DD Ratio: 1.12
LLR: 2.24 (75.9%) (-2.94, 2.94) [0.00, 5.00]
--------------------------------------------------
Started game 2265 of 40000 (cand-474c288 vs ref-778c7b0)
Finished game 2254 (ref-778c7b0 vs cand-474c288): 0-1 {Black wins by adjudication}
Started game 2266 of 40000 (ref-778c7b0 vs cand-474c288)
Finished game 2255 (cand-474c288 vs ref-778c7b0): 1/2-1/2 {Draw by adjudication}
Started game 2267 of 40000 (cand-474c288 vs ref-778c7b0)
Finished game 2257 (cand-474c288 vs ref-778c7b0): 1-0 {White wins by adjudication}
Started game 2268 of 40000 (ref-778c7b0 vs cand-474c288)
Finished game 2252 (ref-778c7b0 vs cand-474c288): 1/2-1/2 {Draw by 3-fold repetition}
Started game 2269 of 40000 (cand-474c288 vs ref-778c7b0)
Finished game 2258 (ref-778c7b0 vs cand-474c288): 1-0 {White wins by adjudication}
Started game 2270 of 40000 (ref-778c7b0 vs cand-474c288)
Finished game 2261 (cand-474c288 vs ref-778c7b0): 0-1 {Black wins by adjudication}
Started game 2271 of 40000 (cand-474c288 vs ref-778c7b0)
Finished game 2264 (ref-778c7b0 vs cand-474c288): 1-0 {White wins by adjudication}
Started game 2272 of 40000 (ref-778c7b0 vs cand-474c288)
Finished game 2262 (ref-778c7b0 vs cand-474c288): 0-1 {Black wins by adjudication}
Started game 2273 of 40000 (cand-474c288 vs ref-778c7b0)
Finished game 2263 (cand-474c288 vs ref-778c7b0): 0-1 {Black wins by adjudication}
Started game 2274 of 40000 (ref-778c7b0 vs cand-474c288)
Finished game 2266 (ref-778c7b0 vs cand-474c288): 1/2-1/2 {Draw by insufficient mating material}
Started game 2275 of 40000 (cand-474c288 vs ref-778c7b0)
Finished game 2259 (cand-474c288 vs ref-778c7b0): 1/2-1/2 {Draw by adjudication}
Started game 2276 of 40000 (ref-778c7b0 vs cand-474c288)
Finished game 2265 (cand-474c288 vs ref-778c7b0): 1/2-1/2 {Draw by 3-fold repetition}
Started game 2277 of 40000 (cand-474c288 vs ref-778c7b0)
Finished game 2269 (cand-474c288 vs ref-778c7b0): 0-1 {Black wins by adjudication}
Started game 2278 of 40000 (ref-778c7b0 vs cand-474c288)
Finished game 2260 (ref-778c7b0 vs cand-474c288): 1/2-1/2 {Draw by fifty moves rule}
--------------------------------------------------
Results of cand-474c288 vs ref-778c7b0 (8+0.08, 1t, 16MB, noob_3moves.epd):
Elo: 20.57 +/- 11.15, nElo: 26.46 +/- 14.31
LOS: 99.99 %, DrawRatio: 33.63 %, PairsRatio: 1.27
Games: 2266, Wins: 749, Losses: 615, Draws: 902, Points: 1200.0 (52.96 %)
Ptnml(0-2): [83, 248, 381, 294, 127], WL/DD Ratio: 1.12
LLR: 2.24 (76.0%) (-2.94, 2.94) [0.00, 5.00]
--------------------------------------------------
Started game 2279 of 40000 (cand-474c288 vs ref-778c7b0)
Finished game 2267 (cand-474c288 vs ref-778c7b0): 1-0 {White wins by adjudication}
Started game 2280 of 40000 (ref-778c7b0 vs cand-474c288)
Finished game 2271 (cand-474c288 vs ref-778c7b0): 0-1 {Black wins by adjudication}
Started game 2281 of 40000 (cand-474c288 vs ref-778c7b0)
Finished game 2272 (ref-778c7b0 vs cand-474c288): 0-1 {Black wins by adjudication}
Started game 2282 of 40000 (ref-778c7b0 vs cand-474c288)
Finished game 2270 (ref-778c7b0 vs cand-474c288): 0-1 {Black wins by adjudication}
Started game 2283 of 40000 (cand-474c288 vs ref-778c7b0)
Finished game 2273 (cand-474c288 vs ref-778c7b0): 0-1 {Black wins by adjudication}
Started game 2284 of 40000 (ref-778c7b0 vs cand-474c288)
Finished game 2268 (ref-778c7b0 vs cand-474c288): 1/2-1/2 {Draw by fifty moves rule}
Started game 2285 of 40000 (cand-474c288 vs ref-778c7b0)
Finished game 2275 (cand-474c288 vs ref-778c7b0): 1/2-1/2 {Draw by adjudication}
Started game 2286 of 40000 (ref-778c7b0 vs cand-474c288)
Finished game 2277 (cand-474c288 vs ref-778c7b0): 1/2-1/2 {Draw by 3-fold repetition}
Started game 2287 of 40000 (cand-474c288 vs ref-778c7b0)
Finished game 2278 (ref-778c7b0 vs cand-474c288): 1/2-1/2 {Draw by 3-fold repetition}
Started game 2288 of 40000 (ref-778c7b0 vs cand-474c288)
Finished game 2274 (ref-778c7b0 vs cand-474c288): 1/2-1/2 {Draw by 3-fold repetition}
Started game 2289 of 40000 (cand-474c288 vs ref-778c7b0)
Finished game 2280 (ref-778c7b0 vs cand-474c288): 0-1 {Black wins by adjudication}
Started game 2290 of 40000 (ref-778c7b0 vs cand-474c288)
Finished game 2276 (ref-778c7b0 vs cand-474c288): 1/2-1/2 {Draw by insufficient mating material}
Started game 2291 of 40000 (cand-474c288 vs ref-778c7b0)
Finished game 2283 (cand-474c288 vs ref-778c7b0): 0-1 {Black wins by adjudication}
Started game 2292 of 40000 (ref-778c7b0 vs cand-474c288)
Finished game 2288 (ref-778c7b0 vs cand-474c288): 1-0 {White wins by adjudication}
Started game 2293 of 40000 (cand-474c288 vs ref-778c7b0)
Finished game 2284 (ref-778c7b0 vs cand-474c288): 1/2-1/2 {Draw by adjudication}
Started game 2294 of 40000 (ref-778c7b0 vs cand-474c288)
Finished game 2282 (ref-778c7b0 vs cand-474c288): 0-1 {Black wins by adjudication}
Started game 2295 of 40000 (cand-474c288 vs ref-778c7b0)
Finished game 2279 (cand-474c288 vs ref-778c7b0): 0-1 {Black wins by adjudication}
--------------------------------------------------
Results of cand-474c288 vs ref-778c7b0 (8+0.08, 1t, 16MB, noob_3moves.epd):
Elo: 20.27 +/- 11.08, nElo: 26.14 +/- 14.25
LOS: 99.98 %, DrawRatio: 33.83 %, PairsRatio: 1.27
Games: 2282, Wins: 753, Losses: 620, Draws: 909, Points: 1207.5 (52.91 %)
Ptnml(0-2): [83, 250, 386, 295, 127], WL/DD Ratio: 1.12
LLR: 2.22 (75.5%) (-2.94, 2.94) [0.00, 5.00]
--------------------------------------------------
Started game 2296 of 40000 (ref-778c7b0 vs cand-474c288)
Finished game 2281 (cand-474c288 vs ref-778c7b0): 1-0 {White wins by adjudication}
Started game 2297 of 40000 (cand-474c288 vs ref-778c7b0)
Finished game 2287 (cand-474c288 vs ref-778c7b0): 1/2-1/2 {Draw by adjudication}
Started game 2298 of 40000 (ref-778c7b0 vs cand-474c288)
Finished game 2289 (cand-474c288 vs ref-778c7b0): 1/2-1/2 {Draw by 3-fold repetition}
Started game 2299 of 40000 (cand-474c288 vs ref-778c7b0)
Finished game 2290 (ref-778c7b0 vs cand-474c288): 0-1 {Black wins by adjudication}
Started game 2300 of 40000 (ref-778c7b0 vs cand-474c288)
Finished game 2285 (cand-474c288 vs ref-778c7b0): 1/2-1/2 {Draw by 3-fold repetition}
Started game 2301 of 40000 (cand-474c288 vs ref-778c7b0)
Finished game 2292 (ref-778c7b0 vs cand-474c288): 0-1 {Black wins by adjudication}
Started game 2302 of 40000 (ref-778c7b0 vs cand-474c288)
Finished game 2291 (cand-474c288 vs ref-778c7b0): 0-1 {Black wins by adjudication}
Started game 2303 of 40000 (cand-474c288 vs ref-778c7b0)
Finished game 2294 (ref-778c7b0 vs cand-474c288): 0-1 {Black wins by adjudication}
Started game 2304 of 40000 (ref-778c7b0 vs cand-474c288)
Finished game 2286 (ref-778c7b0 vs cand-474c288): 1/2-1/2 {Draw by stalemate}
Started game 2305 of 40000 (cand-474c288 vs ref-778c7b0)
Finished game 2293 (cand-474c288 vs ref-778c7b0): 1/2-1/2 {Draw by adjudication}
Started game 2306 of 40000 (ref-778c7b0 vs cand-474c288)
Finished game 2295 (cand-474c288 vs ref-778c7b0): 1-0 {White wins by adjudication}
Started game 2307 of 40000 (cand-474c288 vs ref-778c7b0)
Finished game 2298 (ref-778c7b0 vs cand-474c288): 1-0 {White wins by adjudication}
Started game 2308 of 40000 (ref-778c7b0 vs cand-474c288)
Finished game 2301 (cand-474c288 vs ref-778c7b0): 0-1 {Black wins by adjudication}
Started game 2309 of 40000 (cand-474c288 vs ref-778c7b0)
Finished game 2302 (ref-778c7b0 vs cand-474c288): 1/2-1/2 {Draw by 3-fold repetition}
Started game 2310 of 40000 (ref-778c7b0 vs cand-474c288)
Finished game 2296 (ref-778c7b0 vs cand-474c288): 1-0 {White wins by adjudication}
Started game 2311 of 40000 (cand-474c288 vs ref-778c7b0)
Finished game 2299 (cand-474c288 vs ref-778c7b0): 0-1 {Black wins by adjudication}
Started game 2312 of 40000 (ref-778c7b0 vs cand-474c288)
Finished game 2303 (cand-474c288 vs ref-778c7b0): 0-1 {Black wins by adjudication}
Started game 2313 of 40000 (cand-474c288 vs ref-778c7b0)
Finished game 2305 (cand-474c288 vs ref-778c7b0): 1/2-1/2 {Draw by 3-fold repetition}
Started game 2314 of 40000 (ref-778c7b0 vs cand-474c288)
Finished game 2308 (ref-778c7b0 vs cand-474c288): 1/2-1/2 {Draw by 3-fold repetition}
Started game 2315 of 40000 (cand-474c288 vs ref-778c7b0)
Finished game 2300 (ref-778c7b0 vs cand-474c288): 1/2-1/2 {Draw by adjudication}
--------------------------------------------------
Results of cand-474c288 vs ref-778c7b0 (8+0.08, 1t, 16MB, noob_3moves.epd):
Elo: 20.26 +/- 11.03, nElo: 26.15 +/- 14.20
LOS: 99.98 %, DrawRatio: 33.83 %, PairsRatio: 1.26
Games: 2300, Wins: 759, Losses: 625, Draws: 916, Points: 1217.0 (52.91 %)
Ptnml(0-2): [83, 253, 389, 297, 128], WL/DD Ratio: 1.13
LLR: 2.24 (76.1%) (-2.94, 2.94) [0.00, 5.00]
--------------------------------------------------
Started game 2316 of 40000 (ref-778c7b0 vs cand-474c288)
Finished game 2306 (ref-778c7b0 vs cand-474c288): 1-0 {White wins by adjudication}
Started game 2317 of 40000 (cand-474c288 vs ref-778c7b0)
Finished game 2297 (cand-474c288 vs ref-778c7b0): 1/2-1/2 {Draw by insufficient mating material}
Started game 2318 of 40000 (ref-778c7b0 vs cand-474c288)
Finished game 2304 (ref-778c7b0 vs cand-474c288): 1/2-1/2 {Draw by adjudication}
Started game 2319 of 40000 (cand-474c288 vs ref-778c7b0)
Finished game 2307 (cand-474c288 vs ref-778c7b0): 0-1 {Black wins by adjudication}
Started game 2320 of 40000 (ref-778c7b0 vs cand-474c288)
Finished game 2311 (cand-474c288 vs ref-778c7b0): 1/2-1/2 {Draw by 3-fold repetition}
Started game 2321 of 40000 (cand-474c288 vs ref-778c7b0)
Finished game 2312 (ref-778c7b0 vs cand-474c288): 1-0 {White wins by adjudication}
Started game 2322 of 40000 (ref-778c7b0 vs cand-474c288)
Finished game 2309 (cand-474c288 vs ref-778c7b0): 1-0 {White wins by adjudication}
Started game 2323 of 40000 (cand-474c288 vs ref-778c7b0)
Finished game 2310 (ref-778c7b0 vs cand-474c288): 0-1 {Black wins by adjudication}
Started game 2324 of 40000 (ref-778c7b0 vs cand-474c288)
Finished game 2313 (cand-474c288 vs ref-778c7b0): 0-1 {Black wins by adjudication}
Started game 2325 of 40000 (cand-474c288 vs ref-778c7b0)
Finished game 2320 (ref-778c7b0 vs cand-474c288): 0-1 {Black wins by adjudication}
Started game 2326 of 40000 (ref-778c7b0 vs cand-474c288)
Finished game 2316 (ref-778c7b0 vs cand-474c288): 0-1 {Black wins by adjudication}
Started game 2327 of 40000 (cand-474c288 vs ref-778c7b0)
Finished game 2318 (ref-778c7b0 vs cand-474c288): 0-1 {Black wins by adjudication}
Started game 2328 of 40000 (ref-778c7b0 vs cand-474c288)
Finished game 2322 (ref-778c7b0 vs cand-474c288): 1-0 {White mates}
Started game 2329 of 40000 (cand-474c288 vs ref-778c7b0)
Finished game 2314 (ref-778c7b0 vs cand-474c288): 1-0 {White wins by adjudication}
Started game 2330 of 40000 (ref-778c7b0 vs cand-474c288)
Finished game 2315 (cand-474c288 vs ref-778c7b0): 1/2-1/2 {Draw by 3-fold repetition}
Started game 2331 of 40000 (cand-474c288 vs ref-778c7b0)
Finished game 2317 (cand-474c288 vs ref-778c7b0): 1/2-1/2 {Draw by adjudication}
Started game 2332 of 40000 (ref-778c7b0 vs cand-474c288)
Finished game 2323 (cand-474c288 vs ref-778c7b0): 1-0 {White wins by adjudication}
Started game 2333 of 40000 (cand-474c288 vs ref-778c7b0)
Finished game 2321 (cand-474c288 vs ref-778c7b0): 0-1 {Black wins by adjudication}
Started game 2334 of 40000 (ref-778c7b0 vs cand-474c288)
Finished game 2324 (ref-778c7b0 vs cand-474c288): 1-0 {White wins by adjudication}
Started game 2335 of 40000 (cand-474c288 vs ref-778c7b0)
Finished game 2330 (ref-778c7b0 vs cand-474c288): 1-0 {White wins by adjudication}
Started game 2336 of 40000 (ref-778c7b0 vs cand-474c288)
Finished game 2327 (cand-474c288 vs ref-778c7b0): 1/2-1/2 {Draw by 3-fold repetition}
Started game 2337 of 40000 (cand-474c288 vs ref-778c7b0)
Finished game 2326 (ref-778c7b0 vs cand-474c288): 1/2-1/2 {Draw by 3-fold repetition}
Started game 2338 of 40000 (ref-778c7b0 vs cand-474c288)
Finished game 2331 (cand-474c288 vs ref-778c7b0): 1-0 {White wins by adjudication}
Started game 2339 of 40000 (cand-474c288 vs ref-778c7b0)
Finished game 2334 (ref-778c7b0 vs cand-474c288): 0-1 {Black wins by adjudication}
Started game 2340 of 40000 (ref-778c7b0 vs cand-474c288)
Finished game 2329 (cand-474c288 vs ref-778c7b0): 1/2-1/2 {Draw by 3-fold repetition}
Started game 2341 of 40000 (cand-474c288 vs ref-778c7b0)
Finished game 2328 (ref-778c7b0 vs cand-474c288): 1-0 {White wins by adjudication}
Started game 2342 of 40000 (ref-778c7b0 vs cand-474c288)
Finished game 2319 (cand-474c288 vs ref-778c7b0): 1/2-1/2 {Draw by insufficient mating material}
--------------------------------------------------
Results of cand-474c288 vs ref-778c7b0 (8+0.08, 1t, 16MB, noob_3moves.epd):
Elo: 19.12 +/- 10.99, nElo: 24.62 +/- 14.11
LOS: 99.97 %, DrawRatio: 33.51 %, PairsRatio: 1.24
Games: 2328, Wins: 765, Losses: 637, Draws: 926, Points: 1228.0 (52.75 %)
Ptnml(0-2): [85, 260, 390, 300, 129], WL/DD Ratio: 1.13
LLR: 2.12 (72.1%) (-2.94, 2.94) [0.00, 5.00]
--------------------------------------------------
Started game 2343 of 40000 (cand-474c288 vs ref-778c7b0)
Finished game 2332 (ref-778c7b0 vs cand-474c288): 1/2-1/2 {Draw by 3-fold repetition}
Started game 2344 of 40000 (ref-778c7b0 vs cand-474c288)
Finished game 2333 (cand-474c288 vs ref-778c7b0): 0-1 {Black wins by adjudication}
Started game 2345 of 40000 (cand-474c288 vs ref-778c7b0)
Finished game 2335 (cand-474c288 vs ref-778c7b0): 1/2-1/2 {Draw by 3-fold repetition}
Started game 2346 of 40000 (ref-778c7b0 vs cand-474c288)
Finished game 2339 (cand-474c288 vs ref-778c7b0): 1-0 {White wins by adjudication}
Started game 2347 of 40000 (cand-474c288 vs ref-778c7b0)
Finished game 2336 (ref-778c7b0 vs cand-474c288): 0-1 {Black wins by adjudication}
Started game 2348 of 40000 (ref-778c7b0 vs cand-474c288)
Finished game 2325 (cand-474c288 vs ref-778c7b0): 1/2-1/2 {Draw by insufficient mating material}
Started game 2349 of 40000 (cand-474c288 vs ref-778c7b0)
Finished game 2341 (cand-474c288 vs ref-778c7b0): 1-0 {White wins by adjudication}
Started game 2350 of 40000 (ref-778c7b0 vs cand-474c288)
Finished game 2338 (ref-778c7b0 vs cand-474c288): 1-0 {White wins by adjudication}
Started game 2351 of 40000 (cand-474c288 vs ref-778c7b0)
Finished game 2337 (cand-474c288 vs ref-778c7b0): 1-0 {White wins by adjudication}
Started game 2352 of 40000 (ref-778c7b0 vs cand-474c288)
Finished game 2342 (ref-778c7b0 vs cand-474c288): 1-0 {White wins by adjudication}
Started game 2353 of 40000 (cand-474c288 vs ref-778c7b0)
Finished game 2340 (ref-778c7b0 vs cand-474c288): 1/2-1/2 {Draw by 3-fold repetition}
--------------------------------------------------
Results of cand-474c288 vs ref-778c7b0 (8+0.08, 1t, 16MB, noob_3moves.epd):
Elo: 19.45 +/- 10.93, nElo: 25.10 +/- 14.07
LOS: 99.98 %, DrawRatio: 33.65 %, PairsRatio: 1.25
Games: 2342, Wins: 771, Losses: 640, Draws: 931, Points: 1236.5 (52.80 %)
Ptnml(0-2): [85, 260, 394, 303, 129], WL/DD Ratio: 1.14
LLR: 2.18 (74.1%) (-2.94, 2.94) [0.00, 5.00]
--------------------------------------------------
Started game 2354 of 40000 (ref-778c7b0 vs cand-474c288)
Finished game 2346 (ref-778c7b0 vs cand-474c288): 1-0 {White wins by adjudication}
Started game 2355 of 40000 (cand-474c288 vs ref-778c7b0)
Finished game 2347 (cand-474c288 vs ref-778c7b0): 1-0 {White wins by adjudication}
Started game 2356 of 40000 (ref-778c7b0 vs cand-474c288)
Finished game 2345 (cand-474c288 vs ref-778c7b0): 1-0 {White wins by adjudication}
Started game 2357 of 40000 (cand-474c288 vs ref-778c7b0)
Finished game 2350 (ref-778c7b0 vs cand-474c288): 0-1 {Black wins by adjudication}
Started game 2358 of 40000 (ref-778c7b0 vs cand-474c288)
Finished game 2352 (ref-778c7b0 vs cand-474c288): 0-1 {Black wins by adjudication}
Started game 2359 of 40000 (cand-474c288 vs ref-778c7b0)
Finished game 2344 (ref-778c7b0 vs cand-474c288): 1/2-1/2 {Draw by fifty moves rule}
Started game 2360 of 40000 (ref-778c7b0 vs cand-474c288)
Finished game 2343 (cand-474c288 vs ref-778c7b0): 1/2-1/2 {Draw by insufficient mating material}
Started game 2361 of 40000 (cand-474c288 vs ref-778c7b0)
Finished game 2348 (ref-778c7b0 vs cand-474c288): 1/2-1/2 {Draw by insufficient mating material}
Started game 2362 of 40000 (ref-778c7b0 vs cand-474c288)
Finished game 2351 (cand-474c288 vs ref-778c7b0): 0-1 {Black wins by adjudication}
Started game 2363 of 40000 (cand-474c288 vs ref-778c7b0)
Finished game 2354 (ref-778c7b0 vs cand-474c288): 0-1 {Black wins by adjudication}
Started game 2364 of 40000 (ref-778c7b0 vs cand-474c288)
Finished game 2355 (cand-474c288 vs ref-778c7b0): 1/2-1/2 {Draw by 3-fold repetition}
Started game 2365 of 40000 (cand-474c288 vs ref-778c7b0)
Finished game 2349 (cand-474c288 vs ref-778c7b0): 0-1 {Black wins by adjudication}
Started game 2366 of 40000 (ref-778c7b0 vs cand-474c288)
Finished game 2356 (ref-778c7b0 vs cand-474c288): 1/2-1/2 {Draw by 3-fold repetition}
Started game 2367 of 40000 (cand-474c288 vs ref-778c7b0)
Finished game 2353 (cand-474c288 vs ref-778c7b0): 1-0 {White wins by adjudication}
Started game 2368 of 40000 (ref-778c7b0 vs cand-474c288)
Finished game 2360 (ref-778c7b0 vs cand-474c288): 0-1 {Black wins by adjudication}
Started game 2369 of 40000 (cand-474c288 vs ref-778c7b0)
Finished game 2357 (cand-474c288 vs ref-778c7b0): 1-0 {White wins by adjudication}
Started game 2370 of 40000 (ref-778c7b0 vs cand-474c288)
Finished game 2359 (cand-474c288 vs ref-778c7b0): 1-0 {White wins by adjudication}
--------------------------------------------------
Results of cand-474c288 vs ref-778c7b0 (8+0.08, 1t, 16MB, noob_3moves.epd):
Elo: 20.06 +/- 10.89, nElo: 25.89 +/- 14.02
LOS: 99.99 %, DrawRatio: 33.84 %, PairsRatio: 1.26
Games: 2358, Wins: 779, Losses: 643, Draws: 936, Points: 1247.0 (52.88 %)
Ptnml(0-2): [85, 260, 399, 304, 131], WL/DD Ratio: 1.15
LLR: 2.27 (77.2%) (-2.94, 2.94) [0.00, 5.00]
--------------------------------------------------
Started game 2371 of 40000 (cand-474c288 vs ref-778c7b0)
Finished game 2361 (cand-474c288 vs ref-778c7b0): 0-1 {Black wins by adjudication}
Started game 2372 of 40000 (ref-778c7b0 vs cand-474c288)
Finished game 2367 (cand-474c288 vs ref-778c7b0): 1/2-1/2 {Draw by 3-fold repetition}
Started game 2373 of 40000 (cand-474c288 vs ref-778c7b0)
Finished game 2358 (ref-778c7b0 vs cand-474c288): 1-0 {White wins by adjudication}
Started game 2374 of 40000 (ref-778c7b0 vs cand-474c288)
Finished game 2362 (ref-778c7b0 vs cand-474c288): 1-0 {White wins by adjudication}
Started game 2375 of 40000 (cand-474c288 vs ref-778c7b0)
Finished game 2370 (ref-778c7b0 vs cand-474c288): 0-1 {Black wins by adjudication}
Started game 2376 of 40000 (ref-778c7b0 vs cand-474c288)
Finished game 2364 (ref-778c7b0 vs cand-474c288): 1-0 {White wins by adjudication}
Started game 2377 of 40000 (cand-474c288 vs ref-778c7b0)
Finished game 2366 (ref-778c7b0 vs cand-474c288): 1-0 {White wins by adjudication}
Started game 2378 of 40000 (ref-778c7b0 vs cand-474c288)
Finished game 2365 (cand-474c288 vs ref-778c7b0): 1/2-1/2 {Draw by 3-fold repetition}
Started game 2379 of 40000 (cand-474c288 vs ref-778c7b0)
Finished game 2369 (cand-474c288 vs ref-778c7b0): 0-1 {Black wins by adjudication}
Started game 2380 of 40000 (ref-778c7b0 vs cand-474c288)
Finished game 2372 (ref-778c7b0 vs cand-474c288): 1/2-1/2 {Draw by 3-fold repetition}
Started game 2381 of 40000 (cand-474c288 vs ref-778c7b0)
Finished game 2371 (cand-474c288 vs ref-778c7b0): 1/2-1/2 {Draw by adjudication}
Started game 2382 of 40000 (ref-778c7b0 vs cand-474c288)
Finished game 2368 (ref-778c7b0 vs cand-474c288): 1/2-1/2 {Draw by 3-fold repetition}
Started game 2383 of 40000 (cand-474c288 vs ref-778c7b0)
Finished game 2363 (cand-474c288 vs ref-778c7b0): 1/2-1/2 {Draw by adjudication}
Started game 2384 of 40000 (ref-778c7b0 vs cand-474c288)
Finished game 2378 (ref-778c7b0 vs cand-474c288): 1/2-1/2 {Draw by 3-fold repetition}
Started game 2385 of 40000 (cand-474c288 vs ref-778c7b0)
Finished game 2373 (cand-474c288 vs ref-778c7b0): 1/2-1/2 {Draw by 3-fold repetition}
Started game 2386 of 40000 (ref-778c7b0 vs cand-474c288)
Finished game 2379 (cand-474c288 vs ref-778c7b0): 1/2-1/2 {Draw by 3-fold repetition}
Started game 2387 of 40000 (cand-474c288 vs ref-778c7b0)
Finished game 2374 (ref-778c7b0 vs cand-474c288): 0-1 {Black wins by adjudication}
Started game 2388 of 40000 (ref-778c7b0 vs cand-474c288)
Finished game 2375 (cand-474c288 vs ref-778c7b0): 1/2-1/2 {Draw by 3-fold repetition}
Started game 2389 of 40000 (cand-474c288 vs ref-778c7b0)
Finished game 2380 (ref-778c7b0 vs cand-474c288): 0-1 {Black wins by adjudication}
--------------------------------------------------
Results of cand-474c288 vs ref-778c7b0 (8+0.08, 1t, 16MB, noob_3moves.epd):
Elo: 19.62 +/- 10.84, nElo: 25.34 +/- 13.97
LOS: 99.98 %, DrawRatio: 33.92 %, PairsRatio: 1.26
Games: 2376, Wins: 783, Losses: 649, Draws: 944, Points: 1255.0 (52.82 %)
Ptnml(0-2): [86, 262, 403, 306, 131], WL/DD Ratio: 1.14
LLR: 2.24 (76.0%) (-2.94, 2.94) [0.00, 5.00]
--------------------------------------------------
Started game 2390 of 40000 (ref-778c7b0 vs cand-474c288)
Finished game 2377 (cand-474c288 vs ref-778c7b0): 1/2-1/2 {Draw by insufficient mating material}
Started game 2391 of 40000 (cand-474c288 vs ref-778c7b0)
Finished game 2376 (ref-778c7b0 vs cand-474c288): 0-1 {Black wins by adjudication}
Started game 2392 of 40000 (ref-778c7b0 vs cand-474c288)
Finished game 2387 (cand-474c288 vs ref-778c7b0): 0-1 {Black wins by adjudication}
Started game 2393 of 40000 (cand-474c288 vs ref-778c7b0)
Finished game 2384 (ref-778c7b0 vs cand-474c288): 0-1 {Black wins by adjudication}
Started game 2394 of 40000 (ref-778c7b0 vs cand-474c288)
Finished game 2381 (cand-474c288 vs ref-778c7b0): 1-0 {White wins by adjudication}
Started game 2395 of 40000 (cand-474c288 vs ref-778c7b0)
Finished game 2383 (cand-474c288 vs ref-778c7b0): 1-0 {White wins by adjudication}
Started game 2396 of 40000 (ref-778c7b0 vs cand-474c288)
Finished game 2385 (cand-474c288 vs ref-778c7b0): 1-0 {White wins by adjudication}
Started game 2397 of 40000 (cand-474c288 vs ref-778c7b0)
Finished game 2382 (ref-778c7b0 vs cand-474c288): 1/2-1/2 {Draw by 3-fold repetition}
Started game 2398 of 40000 (ref-778c7b0 vs cand-474c288)
Finished game 2388 (ref-778c7b0 vs cand-474c288): 0-1 {Black wins by adjudication}
Started game 2399 of 40000 (cand-474c288 vs ref-778c7b0)
Finished game 2386 (ref-778c7b0 vs cand-474c288): 1/2-1/2 {Draw by insufficient mating material}
Started game 2400 of 40000 (ref-778c7b0 vs cand-474c288)
Finished game 2391 (cand-474c288 vs ref-778c7b0): 1-0 {White wins by adjudication}
Started game 2401 of 40000 (cand-474c288 vs ref-778c7b0)
Finished game 2392 (ref-778c7b0 vs cand-474c288): 1-0 {White wins by adjudication}
Started game 2402 of 40000 (ref-778c7b0 vs cand-474c288)
Finished game 2389 (cand-474c288 vs ref-778c7b0): 1-0 {White wins by adjudication}
Started game 2403 of 40000 (cand-474c288 vs ref-778c7b0)
Finished game 2397 (cand-474c288 vs ref-778c7b0): 0-1 {Black wins by adjudication}
Started game 2404 of 40000 (ref-778c7b0 vs cand-474c288)
Finished game 2395 (cand-474c288 vs ref-778c7b0): 1/2-1/2 {Draw by insufficient mating material}
Started game 2405 of 40000 (cand-474c288 vs ref-778c7b0)
Finished game 2393 (cand-474c288 vs ref-778c7b0): 0-1 {Black wins by adjudication}
Started game 2406 of 40000 (ref-778c7b0 vs cand-474c288)
Finished game 2399 (cand-474c288 vs ref-778c7b0): 1-0 {White wins by adjudication}
Started game 2407 of 40000 (cand-474c288 vs ref-778c7b0)
Finished game 2400 (ref-778c7b0 vs cand-474c288): 1/2-1/2 {Draw by 3-fold repetition}
--------------------------------------------------
Results of cand-474c288 vs ref-778c7b0 (8+0.08, 1t, 16MB, noob_3moves.epd):
Elo: 20.36 +/- 10.80, nElo: 26.32 +/- 13.92
LOS: 99.99 %, DrawRatio: 33.95 %, PairsRatio: 1.27
Games: 2392, Wins: 791, Losses: 651, Draws: 950, Points: 1266.0 (52.93 %)
Ptnml(0-2): [86, 262, 406, 310, 132], WL/DD Ratio: 1.15
LLR: 2.35 (79.8%) (-2.94, 2.94) [0.00, 5.00]
--------------------------------------------------
Started game 2408 of 40000 (ref-778c7b0 vs cand-474c288)
Finished game 2396 (ref-778c7b0 vs cand-474c288): 1/2-1/2 {Draw by adjudication}
Started game 2409 of 40000 (cand-474c288 vs ref-778c7b0)
Finished game 2390 (ref-778c7b0 vs cand-474c288): 1/2-1/2 {Draw by adjudication}
Started game 2410 of 40000 (ref-778c7b0 vs cand-474c288)
Finished game 2401 (cand-474c288 vs ref-778c7b0): 1-0 {White wins by adjudication}
Started game 2411 of 40000 (cand-474c288 vs ref-778c7b0)
Finished game 2398 (ref-778c7b0 vs cand-474c288): 1/2-1/2 {Draw by adjudication}
Started game 2412 of 40000 (ref-778c7b0 vs cand-474c288)
Finished game 2409 (cand-474c288 vs ref-778c7b0): 1/2-1/2 {Draw by 3-fold repetition}
Started game 2413 of 40000 (cand-474c288 vs ref-778c7b0)
Finished game 2394 (ref-778c7b0 vs cand-474c288): 1/2-1/2 {Draw by insufficient mating material}
Started game 2414 of 40000 (ref-778c7b0 vs cand-474c288)
Finished game 2404 (ref-778c7b0 vs cand-474c288): 0-1 {Black wins by adjudication}
Started game 2415 of 40000 (cand-474c288 vs ref-778c7b0)
Finished game 2406 (ref-778c7b0 vs cand-474c288): 1/2-1/2 {Draw by 3-fold repetition}
Started game 2416 of 40000 (ref-778c7b0 vs cand-474c288)
Finished game 2402 (ref-778c7b0 vs cand-474c288): 0-1 {Black wins by adjudication}
Started game 2417 of 40000 (cand-474c288 vs ref-778c7b0)
Finished game 2405 (cand-474c288 vs ref-778c7b0): 1/2-1/2 {Draw by adjudication}
Started game 2418 of 40000 (ref-778c7b0 vs cand-474c288)
Finished game 2412 (ref-778c7b0 vs cand-474c288): 1/2-1/2 {Draw by 3-fold repetition}
Started game 2419 of 40000 (cand-474c288 vs ref-778c7b0)
Finished game 2408 (ref-778c7b0 vs cand-474c288): 0-1 {Black wins by adjudication}
Started game 2420 of 40000 (ref-778c7b0 vs cand-474c288)
Finished game 2411 (cand-474c288 vs ref-778c7b0): 1/2-1/2 {Draw by 3-fold repetition}
Started game 2421 of 40000 (cand-474c288 vs ref-778c7b0)
Finished game 2407 (cand-474c288 vs ref-778c7b0): 0-1 {Black wins by adjudication}
Started game 2422 of 40000 (ref-778c7b0 vs cand-474c288)
Finished game 2413 (cand-474c288 vs ref-778c7b0): 1/2-1/2 {Draw by 3-fold repetition}
Started game 2423 of 40000 (cand-474c288 vs ref-778c7b0)
Finished game 2403 (cand-474c288 vs ref-778c7b0): 1-0 {White wins by adjudication}
Started game 2424 of 40000 (ref-778c7b0 vs cand-474c288)
Finished game 2410 (ref-778c7b0 vs cand-474c288): 1/2-1/2 {Draw by adjudication}
Started game 2425 of 40000 (cand-474c288 vs ref-778c7b0)
Finished game 2414 (ref-778c7b0 vs cand-474c288): 1-0 {White wins by adjudication}
Started game 2426 of 40000 (ref-778c7b0 vs cand-474c288)
Finished game 2415 (cand-474c288 vs ref-778c7b0): 1/2-1/2 {Draw by insufficient mating material}
Started game 2427 of 40000 (cand-474c288 vs ref-778c7b0)
Finished game 2424 (ref-778c7b0 vs cand-474c288): 0-1 {Black wins by adjudication}
Started game 2428 of 40000 (ref-778c7b0 vs cand-474c288)
Finished game 2417 (cand-474c288 vs ref-778c7b0): 0-1 {Black wins by adjudication}
Started game 2429 of 40000 (cand-474c288 vs ref-778c7b0)
Finished game 2420 (ref-778c7b0 vs cand-474c288): 1/2-1/2 {Draw by 3-fold repetition}
Started game 2430 of 40000 (ref-778c7b0 vs cand-474c288)
Finished game 2418 (ref-778c7b0 vs cand-474c288): 1/2-1/2 {Draw by adjudication}
Started game 2431 of 40000 (cand-474c288 vs ref-778c7b0)
Finished game 2419 (cand-474c288 vs ref-778c7b0): 1/2-1/2 {Draw by adjudication}
--------------------------------------------------
Results of cand-474c288 vs ref-778c7b0 (8+0.08, 1t, 16MB, noob_3moves.epd):
Elo: 20.28 +/- 10.73, nElo: 26.25 +/- 13.85
LOS: 99.99 %, DrawRatio: 34.08 %, PairsRatio: 1.26
Games: 2418, Wins: 797, Losses: 656, Draws: 965, Points: 1279.5 (52.92 %)
Ptnml(0-2): [86, 266, 412, 311, 134], WL/DD Ratio: 1.12
LLR: 2.37 (80.4%) (-2.94, 2.94) [0.00, 5.00]
--------------------------------------------------
Started game 2432 of 40000 (ref-778c7b0 vs cand-474c288)
Finished game 2421 (cand-474c288 vs ref-778c7b0): 1-0 {White wins by adjudication}
Started game 2433 of 40000 (cand-474c288 vs ref-778c7b0)
Finished game 2422 (ref-778c7b0 vs cand-474c288): 0-1 {Black wins by adjudication}
Started game 2434 of 40000 (ref-778c7b0 vs cand-474c288)
Finished game 2416 (ref-778c7b0 vs cand-474c288): 1/2-1/2 {Draw by insufficient mating material}
Started game 2435 of 40000 (cand-474c288 vs ref-778c7b0)
Finished game 2423 (cand-474c288 vs ref-778c7b0): 1/2-1/2 {Draw by insufficient mating material}
Started game 2436 of 40000 (ref-778c7b0 vs cand-474c288)
Finished game 2425 (cand-474c288 vs ref-778c7b0): 0-1 {Black wins by adjudication}
Started game 2437 of 40000 (cand-474c288 vs ref-778c7b0)
Finished game 2431 (cand-474c288 vs ref-778c7b0): 1-0 {White wins by adjudication}
Started game 2438 of 40000 (ref-778c7b0 vs cand-474c288)
Finished game 2428 (ref-778c7b0 vs cand-474c288): 1-0 {White wins by adjudication}
Started game 2439 of 40000 (cand-474c288 vs ref-778c7b0)
Finished game 2432 (ref-778c7b0 vs cand-474c288): 0-1 {Black wins by adjudication}
Started game 2440 of 40000 (ref-778c7b0 vs cand-474c288)
Finished game 2435 (cand-474c288 vs ref-778c7b0): 1-0 {White wins by adjudication}
Started game 2441 of 40000 (cand-474c288 vs ref-778c7b0)
Finished game 2427 (cand-474c288 vs ref-778c7b0): 1/2-1/2 {Draw by adjudication}
Started game 2442 of 40000 (ref-778c7b0 vs cand-474c288)
Finished game 2426 (ref-778c7b0 vs cand-474c288): 1/2-1/2 {Draw by adjudication}
Started game 2443 of 40000 (cand-474c288 vs ref-778c7b0)
Finished game 2430 (ref-778c7b0 vs cand-474c288): 0-1 {Black wins by adjudication}
Started game 2444 of 40000 (ref-778c7b0 vs cand-474c288)
Finished game 2434 (ref-778c7b0 vs cand-474c288): 1/2-1/2 {Draw by 3-fold repetition}
Started game 2445 of 40000 (cand-474c288 vs ref-778c7b0)
Finished game 2436 (ref-778c7b0 vs cand-474c288): 1/2-1/2 {Draw by 3-fold repetition}
Started game 2446 of 40000 (ref-778c7b0 vs cand-474c288)
Finished game 2429 (cand-474c288 vs ref-778c7b0): 1/2-1/2 {Draw by fifty moves rule}
Started game 2447 of 40000 (cand-474c288 vs ref-778c7b0)
Finished game 2433 (cand-474c288 vs ref-778c7b0): 1/2-1/2 {Draw by adjudication}
Started game 2448 of 40000 (ref-778c7b0 vs cand-474c288)
Finished game 2437 (cand-474c288 vs ref-778c7b0): 0-1 {Black wins by adjudication}
Started game 2449 of 40000 (cand-474c288 vs ref-778c7b0)
Finished game 2438 (ref-778c7b0 vs cand-474c288): 1-0 {White wins by adjudication}
Started game 2450 of 40000 (ref-778c7b0 vs cand-474c288)
Finished game 2442 (ref-778c7b0 vs cand-474c288): 1/2-1/2 {Draw by 3-fold repetition}
Started game 2451 of 40000 (cand-474c288 vs ref-778c7b0)
Finished game 2439 (cand-474c288 vs ref-778c7b0): 0-1 {Black wins by adjudication}
Started game 2452 of 40000 (ref-778c7b0 vs cand-474c288)
Finished game 2445 (cand-474c288 vs ref-778c7b0): 0-1 {Black wins by adjudication}
Started game 2453 of 40000 (cand-474c288 vs ref-778c7b0)
Finished game 2440 (ref-778c7b0 vs cand-474c288): 1-0 {White wins by adjudication}
--------------------------------------------------
Results of cand-474c288 vs ref-778c7b0 (8+0.08, 1t, 16MB, noob_3moves.epd):
Elo: 20.24 +/- 10.71, nElo: 26.13 +/- 13.79
LOS: 99.99 %, DrawRatio: 33.93 %, PairsRatio: 1.26
Games: 2440, Wins: 804, Losses: 662, Draws: 974, Points: 1291.0 (52.91 %)
Ptnml(0-2): [88, 268, 414, 314, 136], WL/DD Ratio: 1.11
LLR: 2.38 (80.7%) (-2.94, 2.94) [0.00, 5.00]
--------------------------------------------------
Started game 2454 of 40000 (ref-778c7b0 vs cand-474c288)
Finished game 2447 (cand-474c288 vs ref-778c7b0): 1/2-1/2 {Draw by 3-fold repetition}
Started game 2455 of 40000 (cand-474c288 vs ref-778c7b0)
Finished game 2446 (ref-778c7b0 vs cand-474c288): 0-1 {Black wins by adjudication}
Started game 2456 of 40000 (ref-778c7b0 vs cand-474c288)
Finished game 2441 (cand-474c288 vs ref-778c7b0): 1/2-1/2 {Draw by insufficient mating material}
Started game 2457 of 40000 (cand-474c288 vs ref-778c7b0)
Finished game 2444 (ref-778c7b0 vs cand-474c288): 1-0 {White wins by adjudication}
Started game 2458 of 40000 (ref-778c7b0 vs cand-474c288)
Finished game 2443 (cand-474c288 vs ref-778c7b0): 0-1 {Black wins by adjudication}
Started game 2459 of 40000 (cand-474c288 vs ref-778c7b0)
Finished game 2450 (ref-778c7b0 vs cand-474c288): 0-1 {Black wins by adjudication}
Started game 2460 of 40000 (ref-778c7b0 vs cand-474c288)
Finished game 2452 (ref-778c7b0 vs cand-474c288): 0-1 {Black wins by adjudication}
Started game 2461 of 40000 (cand-474c288 vs ref-778c7b0)
Finished game 2456 (ref-778c7b0 vs cand-474c288): 1-0 {White wins by adjudication}
Started game 2462 of 40000 (ref-778c7b0 vs cand-474c288)
Finished game 2449 (cand-474c288 vs ref-778c7b0): 1/2-1/2 {Draw by insufficient mating material}
Started game 2463 of 40000 (cand-474c288 vs ref-778c7b0)
Finished game 2448 (ref-778c7b0 vs cand-474c288): 1-0 {White wins by adjudication}
Started game 2464 of 40000 (ref-778c7b0 vs cand-474c288)
Finished game 2451 (cand-474c288 vs ref-778c7b0): 1-0 {White wins by adjudication}
Started game 2465 of 40000 (cand-474c288 vs ref-778c7b0)
Finished game 2457 (cand-474c288 vs ref-778c7b0): 0-1 {Black wins by adjudication}
Started game 2466 of 40000 (ref-778c7b0 vs cand-474c288)
Finished game 2454 (ref-778c7b0 vs cand-474c288): 0-1 {Black wins by adjudication}
Started game 2467 of 40000 (cand-474c288 vs ref-778c7b0)
Finished game 2453 (cand-474c288 vs ref-778c7b0): 1/2-1/2 {Draw by 3-fold repetition}
Started game 2468 of 40000 (ref-778c7b0 vs cand-474c288)
Finished game 2464 (ref-778c7b0 vs cand-474c288): 0-1 {Black wins by adjudication}
Started game 2469 of 40000 (cand-474c288 vs ref-778c7b0)
Finished game 2459 (cand-474c288 vs ref-778c7b0): 0-1 {Black wins by adjudication}
Started game 2470 of 40000 (ref-778c7b0 vs cand-474c288)
Finished game 2461 (cand-474c288 vs ref-778c7b0): 1-0 {White wins by adjudication}
Started game 2471 of 40000 (cand-474c288 vs ref-778c7b0)
Finished game 2465 (cand-474c288 vs ref-778c7b0): 1-0 {White wins by adjudication}
Started game 2472 of 40000 (ref-778c7b0 vs cand-474c288)
Finished game 2460 (ref-778c7b0 vs cand-474c288): 1/2-1/2 {Draw by 3-fold repetition}
--------------------------------------------------
Results of cand-474c288 vs ref-778c7b0 (8+0.08, 1t, 16MB, noob_3moves.epd):
Elo: 20.11 +/- 10.68, nElo: 25.93 +/- 13.74
LOS: 99.99 %, DrawRatio: 33.88 %, PairsRatio: 1.26
Games: 2456, Wins: 809, Losses: 667, Draws: 980, Points: 1299.0 (52.89 %)
Ptnml(0-2): [89, 270, 416, 316, 137], WL/DD Ratio: 1.11
LLR: 2.37 (80.6%) (-2.94, 2.94) [0.00, 5.00]
--------------------------------------------------
Started game 2473 of 40000 (cand-474c288 vs ref-778c7b0)
Finished game 2458 (ref-778c7b0 vs cand-474c288): 1/2-1/2 {Draw by fifty moves rule}
Started game 2474 of 40000 (ref-778c7b0 vs cand-474c288)
Finished game 2462 (ref-778c7b0 vs cand-474c288): 1-0 {White wins by adjudication}
Started game 2475 of 40000 (cand-474c288 vs ref-778c7b0)
Finished game 2466 (ref-778c7b0 vs cand-474c288): 0-1 {Black wins by adjudication}
Started game 2476 of 40000 (ref-778c7b0 vs cand-474c288)
Finished game 2463 (cand-474c288 vs ref-778c7b0): 1-0 {White wins by adjudication}
Started game 2477 of 40000 (cand-474c288 vs ref-778c7b0)
Finished game 2455 (cand-474c288 vs ref-778c7b0): 1/2-1/2 {Draw by 3-fold repetition}
Started game 2478 of 40000 (ref-778c7b0 vs cand-474c288)
Finished game 2468 (ref-778c7b0 vs cand-474c288): 0-1 {Black wins by adjudication}
Started game 2479 of 40000 (cand-474c288 vs ref-778c7b0)
Finished game 2467 (cand-474c288 vs ref-778c7b0): 0-1 {Black wins by adjudication}
Started game 2480 of 40000 (ref-778c7b0 vs cand-474c288)
Finished game 2469 (cand-474c288 vs ref-778c7b0): 0-1 {Black wins by adjudication}
Started game 2481 of 40000 (cand-474c288 vs ref-778c7b0)
Finished game 2471 (cand-474c288 vs ref-778c7b0): 0-1 {Black wins by adjudication}
Started game 2482 of 40000 (ref-778c7b0 vs cand-474c288)
Finished game 2470 (ref-778c7b0 vs cand-474c288): 1-0 {White wins by adjudication}
Started game 2483 of 40000 (cand-474c288 vs ref-778c7b0)
Finished game 2472 (ref-778c7b0 vs cand-474c288): 1-0 {White wins by adjudication}
Started game 2484 of 40000 (ref-778c7b0 vs cand-474c288)
Finished game 2475 (cand-474c288 vs ref-778c7b0): 0-1 {Black wins by adjudication}
Started game 2485 of 40000 (cand-474c288 vs ref-778c7b0)
Finished game 2478 (ref-778c7b0 vs cand-474c288): 0-1 {Black wins by adjudication}
Started game 2486 of 40000 (ref-778c7b0 vs cand-474c288)
Finished game 2477 (cand-474c288 vs ref-778c7b0): 0-1 {Black wins by adjudication}
Started game 2487 of 40000 (cand-474c288 vs ref-778c7b0)
Finished game 2476 (ref-778c7b0 vs cand-474c288): 0-1 {Black wins by adjudication}
Started game 2488 of 40000 (ref-778c7b0 vs cand-474c288)
Finished game 2480 (ref-778c7b0 vs cand-474c288): 1-0 {White wins by adjudication}
Started game 2489 of 40000 (cand-474c288 vs ref-778c7b0)
Finished game 2479 (cand-474c288 vs ref-778c7b0): 1-0 {White wins by adjudication}
--------------------------------------------------
Results of cand-474c288 vs ref-778c7b0 (8+0.08, 1t, 16MB, noob_3moves.epd):
Elo: 19.65 +/- 10.65, nElo: 25.30 +/- 13.68
LOS: 99.99 %, DrawRatio: 33.98 %, PairsRatio: 1.25
Games: 2478, Wins: 818, Losses: 678, Draws: 982, Points: 1309.0 (52.82 %)
Ptnml(0-2): [91, 272, 421, 316, 139], WL/DD Ratio: 1.14
LLR: 2.33 (79.1%) (-2.94, 2.94) [0.00, 5.00]
--------------------------------------------------
Started game 2490 of 40000 (ref-778c7b0 vs cand-474c288)
Finished game 2473 (cand-474c288 vs ref-778c7b0): 1/2-1/2 {Draw by insufficient mating material}
Started game 2491 of 40000 (cand-474c288 vs ref-778c7b0)
Finished game 2474 (ref-778c7b0 vs cand-474c288): 1/2-1/2 {Draw by insufficient mating material}
Started game 2492 of 40000 (ref-778c7b0 vs cand-474c288)
Finished game 2482 (ref-778c7b0 vs cand-474c288): 0-1 {Black wins by adjudication}
Started game 2493 of 40000 (cand-474c288 vs ref-778c7b0)
Finished game 2481 (cand-474c288 vs ref-778c7b0): 1/2-1/2 {Draw by 3-fold repetition}
Started game 2494 of 40000 (ref-778c7b0 vs cand-474c288)
Finished game 2491 (cand-474c288 vs ref-778c7b0): 1/2-1/2 {Draw by 3-fold repetition}
Started game 2495 of 40000 (cand-474c288 vs ref-778c7b0)
Finished game 2489 (cand-474c288 vs ref-778c7b0): 1/2-1/2 {Draw by 3-fold repetition}
Started game 2496 of 40000 (ref-778c7b0 vs cand-474c288)
Finished game 2483 (cand-474c288 vs ref-778c7b0): 1-0 {White wins by adjudication}
Started game 2497 of 40000 (cand-474c288 vs ref-778c7b0)
Finished game 2484 (ref-778c7b0 vs cand-474c288): 1-0 {White wins by adjudication}
Started game 2498 of 40000 (ref-778c7b0 vs cand-474c288)
Finished game 2486 (ref-778c7b0 vs cand-474c288): 1-0 {White wins by adjudication}
Started game 2499 of 40000 (cand-474c288 vs ref-778c7b0)
Finished game 2492 (ref-778c7b0 vs cand-474c288): 1/2-1/2 {Draw by 3-fold repetition}
Started game 2500 of 40000 (ref-778c7b0 vs cand-474c288)
Finished game 2485 (cand-474c288 vs ref-778c7b0): 1-0 {White wins by adjudication}
Started game 2501 of 40000 (cand-474c288 vs ref-778c7b0)
Finished game 2488 (ref-778c7b0 vs cand-474c288): 0-1 {Black wins by adjudication}
Started game 2502 of 40000 (ref-778c7b0 vs cand-474c288)
Finished game 2490 (ref-778c7b0 vs cand-474c288): 1/2-1/2 {Draw by 3-fold repetition}
Started game 2503 of 40000 (cand-474c288 vs ref-778c7b0)
Finished game 2487 (cand-474c288 vs ref-778c7b0): 0-1 {Black wins by adjudication}
Started game 2504 of 40000 (ref-778c7b0 vs cand-474c288)
Finished game 2497 (cand-474c288 vs ref-778c7b0): 1/2-1/2 {Draw by 3-fold repetition}
Started game 2505 of 40000 (cand-474c288 vs ref-778c7b0)
Finished game 2496 (ref-778c7b0 vs cand-474c288): 1-0 {White wins by adjudication}
Started game 2506 of 40000 (ref-778c7b0 vs cand-474c288)
Finished game 2493 (cand-474c288 vs ref-778c7b0): 1/2-1/2 {Draw by adjudication}
Started game 2507 of 40000 (cand-474c288 vs ref-778c7b0)
Finished game 2500 (ref-778c7b0 vs cand-474c288): 0-1 {Black wins by adjudication}
Started game 2508 of 40000 (ref-778c7b0 vs cand-474c288)
Finished game 2495 (cand-474c288 vs ref-778c7b0): 1-0 {White wins by adjudication}
Started game 2509 of 40000 (cand-474c288 vs ref-778c7b0)
Finished game 2503 (cand-474c288 vs ref-778c7b0): 0-1 {Black wins by adjudication}
Started game 2510 of 40000 (ref-778c7b0 vs cand-474c288)
Finished game 2501 (cand-474c288 vs ref-778c7b0): 0-1 {Black wins by adjudication}
Started game 2511 of 40000 (cand-474c288 vs ref-778c7b0)
Finished game 2502 (ref-778c7b0 vs cand-474c288): 0-1 {Black wins by adjudication}
Started game 2512 of 40000 (ref-778c7b0 vs cand-474c288)
Finished game 2498 (ref-778c7b0 vs cand-474c288): 1/2-1/2 {Draw by 3-fold repetition}
Started game 2513 of 40000 (cand-474c288 vs ref-778c7b0)
Finished game 2504 (ref-778c7b0 vs cand-474c288): 0-1 {Black wins by adjudication}
Started game 2514 of 40000 (ref-778c7b0 vs cand-474c288)
Finished game 2499 (cand-474c288 vs ref-778c7b0): 1/2-1/2 {Draw by 3-fold repetition}
--------------------------------------------------
Results of cand-474c288 vs ref-778c7b0 (8+0.08, 1t, 16MB, noob_3moves.epd):
Elo: 19.74 +/- 10.56, nElo: 25.52 +/- 13.61
LOS: 99.99 %, DrawRatio: 34.45 %, PairsRatio: 1.26
Games: 2502, Wins: 826, Losses: 684, Draws: 992, Points: 1322.0 (52.84 %)
Ptnml(0-2): [91, 272, 431, 318, 139], WL/DD Ratio: 1.14
LLR: 2.37 (80.6%) (-2.94, 2.94) [0.00, 5.00]
--------------------------------------------------
Started game 2515 of 40000 (cand-474c288 vs ref-778c7b0)
Finished game 2494 (ref-778c7b0 vs cand-474c288): 1/2-1/2 {Draw by adjudication}
Started game 2516 of 40000 (ref-778c7b0 vs cand-474c288)
Finished game 2506 (ref-778c7b0 vs cand-474c288): 0-1 {Black wins by adjudication}
Started game 2517 of 40000 (cand-474c288 vs ref-778c7b0)
Finished game 2508 (ref-778c7b0 vs cand-474c288): 0-1 {Black wins by adjudication}
Started game 2518 of 40000 (ref-778c7b0 vs cand-474c288)
Finished game 2505 (cand-474c288 vs ref-778c7b0): 1/2-1/2 {Draw by 3-fold repetition}
Started game 2519 of 40000 (cand-474c288 vs ref-778c7b0)
Finished game 2511 (cand-474c288 vs ref-778c7b0): 1/2-1/2 {Draw by 3-fold repetition}
Started game 2520 of 40000 (ref-778c7b0 vs cand-474c288)
Finished game 2507 (cand-474c288 vs ref-778c7b0): 1/2-1/2 {Draw by adjudication}
Started game 2521 of 40000 (cand-474c288 vs ref-778c7b0)
Finished game 2510 (ref-778c7b0 vs cand-474c288): 1/2-1/2 {Draw by adjudication}
Started game 2522 of 40000 (ref-778c7b0 vs cand-474c288)
Finished game 2514 (ref-778c7b0 vs cand-474c288): 0-1 {Black wins by adjudication}
Started game 2523 of 40000 (cand-474c288 vs ref-778c7b0)
Finished game 2513 (cand-474c288 vs ref-778c7b0): 1-0 {White wins by adjudication}
Started game 2524 of 40000 (ref-778c7b0 vs cand-474c288)
Finished game 2515 (cand-474c288 vs ref-778c7b0): 0-1 {Black wins by adjudication}
Started game 2525 of 40000 (cand-474c288 vs ref-778c7b0)
Finished game 2512 (ref-778c7b0 vs cand-474c288): 1/2-1/2 {Draw by adjudication}
Started game 2526 of 40000 (ref-778c7b0 vs cand-474c288)
Finished game 2522 (ref-778c7b0 vs cand-474c288): 1/2-1/2 {Draw by 3-fold repetition}
Started game 2527 of 40000 (cand-474c288 vs ref-778c7b0)
Finished game 2517 (cand-474c288 vs ref-778c7b0): 1-0 {White wins by adjudication}
Started game 2528 of 40000 (ref-778c7b0 vs cand-474c288)
Finished game 2509 (cand-474c288 vs ref-778c7b0): 1/2-1/2 {Draw by fifty moves rule}
Started game 2529 of 40000 (cand-474c288 vs ref-778c7b0)
Finished game 2519 (cand-474c288 vs ref-778c7b0): 1/2-1/2 {Draw by 3-fold repetition}
Started game 2530 of 40000 (ref-778c7b0 vs cand-474c288)
Finished game 2518 (ref-778c7b0 vs cand-474c288): 1/2-1/2 {Draw by insufficient mating material}
Started game 2531 of 40000 (cand-474c288 vs ref-778c7b0)
Finished game 2521 (cand-474c288 vs ref-778c7b0): 1/2-1/2 {Draw by 3-fold repetition}
Started game 2532 of 40000 (ref-778c7b0 vs cand-474c288)
Finished game 2527 (cand-474c288 vs ref-778c7b0): 1/2-1/2 {Draw by 3-fold repetition}
Started game 2533 of 40000 (cand-474c288 vs ref-778c7b0)
Finished game 2520 (ref-778c7b0 vs cand-474c288): 0-1 {Black wins by adjudication}
--------------------------------------------------
Results of cand-474c288 vs ref-778c7b0 (8+0.08, 1t, 16MB, noob_3moves.epd):
Elo: 20.43 +/- 10.51, nElo: 26.44 +/- 13.57
LOS: 99.99 %, DrawRatio: 34.52 %, PairsRatio: 1.27
Games: 2520, Wins: 832, Losses: 684, Draws: 1004, Points: 1334.0 (52.94 %)
Ptnml(0-2): [91, 272, 435, 322, 140], WL/DD Ratio: 1.12
LLR: 2.49 (84.4%) (-2.94, 2.94) [0.00, 5.00]
--------------------------------------------------
Started game 2534 of 40000 (ref-778c7b0 vs cand-474c288)
Finished game 2516 (ref-778c7b0 vs cand-474c288): 1/2-1/2 {Draw by adjudication}
Started game 2535 of 40000 (cand-474c288 vs ref-778c7b0)
Finished game 2525 (cand-474c288 vs ref-778c7b0): 0-1 {Black wins by adjudication}
Started game 2536 of 40000 (ref-778c7b0 vs cand-474c288)
Finished game 2529 (cand-474c288 vs ref-778c7b0): 0-1 {Black wins by adjudication}
Started game 2537 of 40000 (cand-474c288 vs ref-778c7b0)
Finished game 2526 (ref-778c7b0 vs cand-474c288): 1/2-1/2 {Draw by stalemate}
Started game 2538 of 40000 (ref-778c7b0 vs cand-474c288)
Finished game 2528 (ref-778c7b0 vs cand-474c288): 1/2-1/2 {Draw by 3-fold repetition}
Started game 2539 of 40000 (cand-474c288 vs ref-778c7b0)
Finished game 2523 (cand-474c288 vs ref-778c7b0): 1/2-1/2 {Draw by adjudication}
Started game 2540 of 40000 (ref-778c7b0 vs cand-474c288)
Finished game 2530 (ref-778c7b0 vs cand-474c288): 0-1 {Black wins by adjudication}
Started game 2541 of 40000 (cand-474c288 vs ref-778c7b0)
Finished game 2531 (cand-474c288 vs ref-778c7b0): 1-0 {White wins by adjudication}
Started game 2542 of 40000 (ref-778c7b0 vs cand-474c288)
Finished game 2524 (ref-778c7b0 vs cand-474c288): 1/2-1/2 {Draw by 3-fold repetition}
Started game 2543 of 40000 (cand-474c288 vs ref-778c7b0)
Finished game 2534 (ref-778c7b0 vs cand-474c288): 1/2-1/2 {Draw by adjudication}
Started game 2544 of 40000 (ref-778c7b0 vs cand-474c288)
Finished game 2535 (cand-474c288 vs ref-778c7b0): 1-0 {White wins by adjudication}
Started game 2545 of 40000 (cand-474c288 vs ref-778c7b0)
Finished game 2532 (ref-778c7b0 vs cand-474c288): 1-0 {White wins by adjudication}
Started game 2546 of 40000 (ref-778c7b0 vs cand-474c288)
Finished game 2539 (cand-474c288 vs ref-778c7b0): 1/2-1/2 {Draw by 3-fold repetition}
Started game 2547 of 40000 (cand-474c288 vs ref-778c7b0)
Finished game 2533 (cand-474c288 vs ref-778c7b0): 1-0 {White wins by adjudication}
Started game 2548 of 40000 (ref-778c7b0 vs cand-474c288)
Finished game 2537 (cand-474c288 vs ref-778c7b0): 0-1 {Black wins by adjudication}
Started game 2549 of 40000 (cand-474c288 vs ref-778c7b0)
Finished game 2536 (ref-778c7b0 vs cand-474c288): 0-1 {Black wins by adjudication}
Started game 2550 of 40000 (ref-778c7b0 vs cand-474c288)
Finished game 2541 (cand-474c288 vs ref-778c7b0): 0-1 {Black wins by adjudication}
Started game 2551 of 40000 (cand-474c288 vs ref-778c7b0)
Finished game 2542 (ref-778c7b0 vs cand-474c288): 0-1 {Black wins by adjudication}
Started game 2552 of 40000 (ref-778c7b0 vs cand-474c288)
Finished game 2543 (cand-474c288 vs ref-778c7b0): 0-1 {Black wins by adjudication}
Started game 2553 of 40000 (cand-474c288 vs ref-778c7b0)
Finished game 2538 (ref-778c7b0 vs cand-474c288): 1/2-1/2 {Draw by insufficient mating material}
Started game 2554 of 40000 (ref-778c7b0 vs cand-474c288)
Finished game 2547 (cand-474c288 vs ref-778c7b0): 0-1 {Black wins by adjudication}
Started game 2555 of 40000 (cand-474c288 vs ref-778c7b0)
Finished game 2545 (cand-474c288 vs ref-778c7b0): 0-1 {Black wins by adjudication}
Started game 2556 of 40000 (ref-778c7b0 vs cand-474c288)
Finished game 2551 (cand-474c288 vs ref-778c7b0): 1-0 {White wins by adjudication}
Started game 2557 of 40000 (cand-474c288 vs ref-778c7b0)
Finished game 2544 (ref-778c7b0 vs cand-474c288): 0-1 {Black wins by adjudication}
Started game 2558 of 40000 (ref-778c7b0 vs cand-474c288)
Finished game 2540 (ref-778c7b0 vs cand-474c288): 1/2-1/2 {Draw by insufficient mating material}
--------------------------------------------------
Results of cand-474c288 vs ref-778c7b0 (8+0.08, 1t, 16MB, noob_3moves.epd):
Elo: 20.24 +/- 10.44, nElo: 26.25 +/- 13.50
LOS: 99.99 %, DrawRatio: 34.75 %, PairsRatio: 1.27
Games: 2544, Wins: 839, Losses: 691, Draws: 1014, Points: 1346.0 (52.91 %)
Ptnml(0-2): [91, 275, 442, 323, 141], WL/DD Ratio: 1.12
LLR: 2.49 (84.6%) (-2.94, 2.94) [0.00, 5.00]
--------------------------------------------------
Started game 2559 of 40000 (cand-474c288 vs ref-778c7b0)
Finished game 2550 (ref-778c7b0 vs cand-474c288): 0-1 {Black wins by adjudication}
Started game 2560 of 40000 (ref-778c7b0 vs cand-474c288)
Finished game 2548 (ref-778c7b0 vs cand-474c288): 1/2-1/2 {Draw by adjudication}
Started game 2561 of 40000 (cand-474c288 vs ref-778c7b0)
Finished game 2549 (cand-474c288 vs ref-778c7b0): 0-1 {Black wins by adjudication}
Started game 2562 of 40000 (ref-778c7b0 vs cand-474c288)
Finished game 2555 (cand-474c288 vs ref-778c7b0): 1/2-1/2 {Draw by 3-fold repetition}
Started game 2563 of 40000 (cand-474c288 vs ref-778c7b0)
Finished game 2546 (ref-778c7b0 vs cand-474c288): 1-0 {White wins by adjudication}
Started game 2564 of 40000 (ref-778c7b0 vs cand-474c288)
Finished game 2560 (ref-778c7b0 vs cand-474c288): 0-1 {Black wins by adjudication}
Started game 2565 of 40000 (cand-474c288 vs ref-778c7b0)
Finished game 2558 (ref-778c7b0 vs cand-474c288): 0-1 {Black wins by adjudication}
Started game 2566 of 40000 (ref-778c7b0 vs cand-474c288)
Finished game 2553 (cand-474c288 vs ref-778c7b0): 1/2-1/2 {Draw by adjudication}
Started game 2567 of 40000 (cand-474c288 vs ref-778c7b0)
Finished game 2557 (cand-474c288 vs ref-778c7b0): 0-1 {Black wins by adjudication}
Started game 2568 of 40000 (ref-778c7b0 vs cand-474c288)
Finished game 2552 (ref-778c7b0 vs cand-474c288): 1/2-1/2 {Draw by adjudication}
Started game 2569 of 40000 (cand-474c288 vs ref-778c7b0)
Finished game 2559 (cand-474c288 vs ref-778c7b0): 1/2-1/2 {Draw by 3-fold repetition}
--------------------------------------------------
Results of cand-474c288 vs ref-778c7b0 (8+0.08, 1t, 16MB, noob_3moves.epd):
Elo: 20.00 +/- 10.41, nElo: 25.94 +/- 13.47
LOS: 99.99 %, DrawRatio: 34.74 %, PairsRatio: 1.27
Games: 2556, Wins: 843, Losses: 696, Draws: 1017, Points: 1351.5 (52.88 %)
Ptnml(0-2): [92, 276, 444, 325, 141], WL/DD Ratio: 1.13
LLR: 2.47 (83.9%) (-2.94, 2.94) [0.00, 5.00]
--------------------------------------------------
Started game 2570 of 40000 (ref-778c7b0 vs cand-474c288)
Finished game 2554 (ref-778c7b0 vs cand-474c288): 1/2-1/2 {Draw by adjudication}
Started game 2571 of 40000 (cand-474c288 vs ref-778c7b0)
Finished game 2564 (ref-778c7b0 vs cand-474c288): 1-0 {White wins by adjudication}
Started game 2572 of 40000 (ref-778c7b0 vs cand-474c288)
Finished game 2561 (cand-474c288 vs ref-778c7b0): 0-1 {Black wins by adjudication}
Started game 2573 of 40000 (cand-474c288 vs ref-778c7b0)
Finished game 2562 (ref-778c7b0 vs cand-474c288): 1-0 {White wins by adjudication}
Started game 2574 of 40000 (ref-778c7b0 vs cand-474c288)
Finished game 2563 (cand-474c288 vs ref-778c7b0): 1-0 {White wins by adjudication}
Started game 2575 of 40000 (cand-474c288 vs ref-778c7b0)
Finished game 2556 (ref-778c7b0 vs cand-474c288): 1/2-1/2 {Draw by adjudication}
Started game 2576 of 40000 (ref-778c7b0 vs cand-474c288)
Finished game 2566 (ref-778c7b0 vs cand-474c288): 0-1 {Black wins by adjudication}
Started game 2577 of 40000 (cand-474c288 vs ref-778c7b0)
Finished game 2565 (cand-474c288 vs ref-778c7b0): 0-1 {Black wins by adjudication}
Started game 2578 of 40000 (ref-778c7b0 vs cand-474c288)
Finished game 2568 (ref-778c7b0 vs cand-474c288): 1/2-1/2 {Draw by 3-fold repetition}
Started game 2579 of 40000 (cand-474c288 vs ref-778c7b0)
Finished game 2571 (cand-474c288 vs ref-778c7b0): 1-0 {White wins by adjudication}
Started game 2580 of 40000 (ref-778c7b0 vs cand-474c288)
Finished game 2575 (cand-474c288 vs ref-778c7b0): 1-0 {White wins by adjudication}
Started game 2581 of 40000 (cand-474c288 vs ref-778c7b0)
Finished game 2570 (ref-778c7b0 vs cand-474c288): 1/2-1/2 {Draw by 3-fold repetition}
Started game 2582 of 40000 (ref-778c7b0 vs cand-474c288)
Finished game 2567 (cand-474c288 vs ref-778c7b0): 1/2-1/2 {Draw by 3-fold repetition}
Started game 2583 of 40000 (cand-474c288 vs ref-778c7b0)
Finished game 2574 (ref-778c7b0 vs cand-474c288): 1-0 {White wins by adjudication}
Started game 2584 of 40000 (ref-778c7b0 vs cand-474c288)
Finished game 2573 (cand-474c288 vs ref-778c7b0): 0-1 {Black wins by adjudication}
Started game 2585 of 40000 (cand-474c288 vs ref-778c7b0)
Finished game 2569 (cand-474c288 vs ref-778c7b0): 1/2-1/2 {Draw by 3-fold repetition}
Started game 2586 of 40000 (ref-778c7b0 vs cand-474c288)
Finished game 2576 (ref-778c7b0 vs cand-474c288): 1/2-1/2 {Draw by 3-fold repetition}
Started game 2587 of 40000 (cand-474c288 vs ref-778c7b0)
Finished game 2572 (ref-778c7b0 vs cand-474c288): 1/2-1/2 {Draw by adjudication}
Started game 2588 of 40000 (ref-778c7b0 vs cand-474c288)
Finished game 2577 (cand-474c288 vs ref-778c7b0): 1/2-1/2 {Draw by insufficient mating material}
Started game 2589 of 40000 (cand-474c288 vs ref-778c7b0)
Finished game 2580 (ref-778c7b0 vs cand-474c288): 0-1 {Black wins by adjudication}
Started game 2590 of 40000 (ref-778c7b0 vs cand-474c288)
Finished game 2578 (ref-778c7b0 vs cand-474c288): 0-1 {Black wins by adjudication}
Started game 2591 of 40000 (cand-474c288 vs ref-778c7b0)
Finished game 2579 (cand-474c288 vs ref-778c7b0): 1/2-1/2 {Draw by insufficient mating material}
--------------------------------------------------
Results of cand-474c288 vs ref-778c7b0 (8+0.08, 1t, 16MB, noob_3moves.epd):
Elo: 19.82 +/- 10.35, nElo: 25.72 +/- 13.41
LOS: 99.99 %, DrawRatio: 34.88 %, PairsRatio: 1.27
Games: 2580, Wins: 849, Losses: 702, Draws: 1029, Points: 1363.5 (52.85 %)
Ptnml(0-2): [94, 276, 450, 329, 141], WL/DD Ratio: 1.12
LLR: 2.47 (83.8%) (-2.94, 2.94) [0.00, 5.00]
--------------------------------------------------
Started game 2592 of 40000 (ref-778c7b0 vs cand-474c288)
Finished game 2585 (cand-474c288 vs ref-778c7b0): 1/2-1/2 {Draw by 3-fold repetition}
Started game 2593 of 40000 (cand-474c288 vs ref-778c7b0)
Finished game 2583 (cand-474c288 vs ref-778c7b0): 1/2-1/2 {Draw by insufficient mating material}
Started game 2594 of 40000 (ref-778c7b0 vs cand-474c288)
Finished game 2582 (ref-778c7b0 vs cand-474c288): 0-1 {Black wins by adjudication}
Started game 2595 of 40000 (cand-474c288 vs ref-778c7b0)
Finished game 2587 (cand-474c288 vs ref-778c7b0): 1-0 {White wins by adjudication}
Started game 2596 of 40000 (ref-778c7b0 vs cand-474c288)
Finished game 2581 (cand-474c288 vs ref-778c7b0): 1/2-1/2 {Draw by adjudication}
Started game 2597 of 40000 (cand-474c288 vs ref-778c7b0)
Finished game 2588 (ref-778c7b0 vs cand-474c288): 0-1 {Black wins by adjudication}
Started game 2598 of 40000 (ref-778c7b0 vs cand-474c288)
Finished game 2586 (ref-778c7b0 vs cand-474c288): 1-0 {White wins by adjudication}
Started game 2599 of 40000 (cand-474c288 vs ref-778c7b0)
Finished game 2590 (ref-778c7b0 vs cand-474c288): 1/2-1/2 {Draw by 3-fold repetition}
Started game 2600 of 40000 (ref-778c7b0 vs cand-474c288)
Finished game 2589 (cand-474c288 vs ref-778c7b0): 1-0 {White wins by adjudication}
Started game 2601 of 40000 (cand-474c288 vs ref-778c7b0)
Finished game 2593 (cand-474c288 vs ref-778c7b0): 1-0 {White wins by adjudication}
Started game 2602 of 40000 (ref-778c7b0 vs cand-474c288)
Finished game 2594 (ref-778c7b0 vs cand-474c288): 1-0 {White wins by adjudication}
Started game 2603 of 40000 (cand-474c288 vs ref-778c7b0)
Finished game 2595 (cand-474c288 vs ref-778c7b0): 1-0 {White wins by adjudication}
Started game 2604 of 40000 (ref-778c7b0 vs cand-474c288)
Finished game 2592 (ref-778c7b0 vs cand-474c288): 0-1 {Black wins by adjudication}
Started game 2605 of 40000 (cand-474c288 vs ref-778c7b0)
Finished game 2591 (cand-474c288 vs ref-778c7b0): 0-1 {Black wins by adjudication}
Started game 2606 of 40000 (ref-778c7b0 vs cand-474c288)
Finished game 2584 (ref-778c7b0 vs cand-474c288): 1/2-1/2 {Draw by 3-fold repetition}
Started game 2607 of 40000 (cand-474c288 vs ref-778c7b0)
Finished game 2601 (cand-474c288 vs ref-778c7b0): 1-0 {White wins by adjudication}
Started game 2608 of 40000 (ref-778c7b0 vs cand-474c288)
Finished game 2598 (ref-778c7b0 vs cand-474c288): 1-0 {White wins by adjudication}
Started game 2609 of 40000 (cand-474c288 vs ref-778c7b0)
Finished game 2597 (cand-474c288 vs ref-778c7b0): 1/2-1/2 {Draw by adjudication}
Started game 2610 of 40000 (ref-778c7b0 vs cand-474c288)
Finished game 2603 (cand-474c288 vs ref-778c7b0): 1/2-1/2 {Draw by 3-fold repetition}
Started game 2611 of 40000 (cand-474c288 vs ref-778c7b0)
Finished game 2600 (ref-778c7b0 vs cand-474c288): 1/2-1/2 {Draw by adjudication}
Started game 2612 of 40000 (ref-778c7b0 vs cand-474c288)
Finished game 2604 (ref-778c7b0 vs cand-474c288): 1/2-1/2 {Draw by adjudication}
Started game 2613 of 40000 (cand-474c288 vs ref-778c7b0)
Finished game 2599 (cand-474c288 vs ref-778c7b0): 1/2-1/2 {Draw by insufficient mating material}
--------------------------------------------------
Results of cand-474c288 vs ref-778c7b0 (8+0.08, 1t, 16MB, noob_3moves.epd):
Elo: 19.93 +/- 10.30, nElo: 25.91 +/- 13.35
LOS: 99.99 %, DrawRatio: 35.00 %, PairsRatio: 1.27
Games: 2600, Wins: 855, Losses: 706, Draws: 1039, Points: 1374.5 (52.87 %)
Ptnml(0-2): [94, 278, 455, 331, 142], WL/DD Ratio: 1.12
LLR: 2.51 (85.2%) (-2.94, 2.94) [0.00, 5.00]
--------------------------------------------------
Started game 2614 of 40000 (ref-778c7b0 vs cand-474c288)
Finished game 2606 (ref-778c7b0 vs cand-474c288): 1-0 {White wins by adjudication}
Started game 2615 of 40000 (cand-474c288 vs ref-778c7b0)
Finished game 2607 (cand-474c288 vs ref-778c7b0): 1/2-1/2 {Draw by 3-fold repetition}
Started game 2616 of 40000 (ref-778c7b0 vs cand-474c288)
Finished game 2596 (ref-778c7b0 vs cand-474c288): 1/2-1/2 {Draw by insufficient mating material}
Started game 2617 of 40000 (cand-474c288 vs ref-778c7b0)
Finished game 2605 (cand-474c288 vs ref-778c7b0): 1/2-1/2 {Draw by insufficient mating material}
Started game 2618 of 40000 (ref-778c7b0 vs cand-474c288)
Finished game 2602 (ref-778c7b0 vs cand-474c288): 1/2-1/2 {Draw by fifty moves rule}
Started game 2619 of 40000 (cand-474c288 vs ref-778c7b0)
Finished game 2610 (ref-778c7b0 vs cand-474c288): 1-0 {White wins by adjudication}
Started game 2620 of 40000 (ref-778c7b0 vs cand-474c288)
Finished game 2612 (ref-778c7b0 vs cand-474c288): 0-1 {Black wins by adjudication}
Started game 2621 of 40000 (cand-474c288 vs ref-778c7b0)
Finished game 2608 (ref-778c7b0 vs cand-474c288): 1/2-1/2 {Draw by insufficient mating material}
Started game 2622 of 40000 (ref-778c7b0 vs cand-474c288)
Finished game 2613 (cand-474c288 vs ref-778c7b0): 1-0 {White wins by adjudication}
Started game 2623 of 40000 (cand-474c288 vs ref-778c7b0)
Finished game 2611 (cand-474c288 vs ref-778c7b0): 0-1 {Black wins by adjudication}
Started game 2624 of 40000 (ref-778c7b0 vs cand-474c288)
Finished game 2614 (ref-778c7b0 vs cand-474c288): 1-0 {White wins by adjudication}
Started game 2625 of 40000 (cand-474c288 vs ref-778c7b0)
Finished game 2617 (cand-474c288 vs ref-778c7b0): 0-1 {Black wins by adjudication}
Started game 2626 of 40000 (ref-778c7b0 vs cand-474c288)
Finished game 2609 (cand-474c288 vs ref-778c7b0): 1/2-1/2 {Draw by fifty moves rule}
Started game 2627 of 40000 (cand-474c288 vs ref-778c7b0)
Finished game 2618 (ref-778c7b0 vs cand-474c288): 0-1 {Black wins by adjudication}
Started game 2628 of 40000 (ref-778c7b0 vs cand-474c288)
Finished game 2616 (ref-778c7b0 vs cand-474c288): 0-1 {Black wins by adjudication}
Started game 2629 of 40000 (cand-474c288 vs ref-778c7b0)
Finished game 2621 (cand-474c288 vs ref-778c7b0): 1-0 {White wins by adjudication}
Started game 2630 of 40000 (ref-778c7b0 vs cand-474c288)
Finished game 2620 (ref-778c7b0 vs cand-474c288): 0-1 {Black wins by adjudication}
Started game 2631 of 40000 (cand-474c288 vs ref-778c7b0)
Finished game 2619 (cand-474c288 vs ref-778c7b0): 1-0 {White wins by adjudication}
--------------------------------------------------
Results of cand-474c288 vs ref-778c7b0 (8+0.08, 1t, 16MB, noob_3moves.epd):
Elo: 20.06 +/- 10.26, nElo: 26.10 +/- 13.31
LOS: 99.99 %, DrawRatio: 35.06 %, PairsRatio: 1.27
Games: 2618, Wins: 862, Losses: 711, Draws: 1045, Points: 1384.5 (52.88 %)
Ptnml(0-2): [94, 280, 459, 333, 143], WL/DD Ratio: 1.12
LLR: 2.55 (86.5%) (-2.94, 2.94) [0.00, 5.00]
--------------------------------------------------
Started game 2632 of 40000 (ref-778c7b0 vs cand-474c288)
Finished game 2615 (cand-474c288 vs ref-778c7b0): 1/2-1/2 {Draw by insufficient mating material}
Started game 2633 of 40000 (cand-474c288 vs ref-778c7b0)
Finished game 2623 (cand-474c288 vs ref-778c7b0): 1-0 {White wins by adjudication}
Started game 2634 of 40000 (ref-778c7b0 vs cand-474c288)
Finished game 2622 (ref-778c7b0 vs cand-474c288): 1-0 {White wins by adjudication}
Started game 2635 of 40000 (cand-474c288 vs ref-778c7b0)
Finished game 2626 (ref-778c7b0 vs cand-474c288): 1-0 {White wins by adjudication}
Started game 2636 of 40000 (ref-778c7b0 vs cand-474c288)
Finished game 2624 (ref-778c7b0 vs cand-474c288): 1/2-1/2 {Draw by 3-fold repetition}
Started game 2637 of 40000 (cand-474c288 vs ref-778c7b0)
Finished game 2625 (cand-474c288 vs ref-778c7b0): 1-0 {White wins by adjudication}
Started game 2638 of 40000 (ref-778c7b0 vs cand-474c288)
Finished game 2629 (cand-474c288 vs ref-778c7b0): 0-1 {Black wins by adjudication}
Started game 2639 of 40000 (cand-474c288 vs ref-778c7b0)
Finished game 2628 (ref-778c7b0 vs cand-474c288): 0-1 {Black wins by adjudication}
Started game 2640 of 40000 (ref-778c7b0 vs cand-474c288)
Finished game 2632 (ref-778c7b0 vs cand-474c288): 1/2-1/2 {Draw by 3-fold repetition}
Started game 2641 of 40000 (cand-474c288 vs ref-778c7b0)
Finished game 2627 (cand-474c288 vs ref-778c7b0): 1/2-1/2 {Draw by adjudication}
Started game 2642 of 40000 (ref-778c7b0 vs cand-474c288)
Finished game 2633 (cand-474c288 vs ref-778c7b0): 0-1 {Black wins by adjudication}
Started game 2643 of 40000 (cand-474c288 vs ref-778c7b0)
Finished game 2634 (ref-778c7b0 vs cand-474c288): 0-1 {Black wins by adjudication}
Started game 2644 of 40000 (ref-778c7b0 vs cand-474c288)
Finished game 2635 (cand-474c288 vs ref-778c7b0): 1/2-1/2 {Draw by 3-fold repetition}
Started game 2645 of 40000 (cand-474c288 vs ref-778c7b0)
Finished game 2631 (cand-474c288 vs ref-778c7b0): 1/2-1/2 {Draw by 3-fold repetition}
Started game 2646 of 40000 (ref-778c7b0 vs cand-474c288)
Finished game 2636 (ref-778c7b0 vs cand-474c288): 0-1 {Black wins by adjudication}
Started game 2647 of 40000 (cand-474c288 vs ref-778c7b0)
Finished game 2630 (ref-778c7b0 vs cand-474c288): 1/2-1/2 {Draw by insufficient mating material}
Started game 2648 of 40000 (ref-778c7b0 vs cand-474c288)
Finished game 2637 (cand-474c288 vs ref-778c7b0): 1/2-1/2 {Draw by 3-fold repetition}
Started game 2649 of 40000 (cand-474c288 vs ref-778c7b0)
Finished game 2641 (cand-474c288 vs ref-778c7b0): 1/2-1/2 {Draw by 3-fold repetition}
Started game 2650 of 40000 (ref-778c7b0 vs cand-474c288)
Finished game 2640 (ref-778c7b0 vs cand-474c288): 1-0 {White wins by adjudication}
Started game 2651 of 40000 (cand-474c288 vs ref-778c7b0)
Finished game 2639 (cand-474c288 vs ref-778c7b0): 1/2-1/2 {Draw by 3-fold repetition}
--------------------------------------------------
Results of cand-474c288 vs ref-778c7b0 (8+0.08, 1t, 16MB, noob_3moves.epd):
Elo: 20.17 +/- 10.20, nElo: 26.29 +/- 13.26
LOS: 99.99 %, DrawRatio: 35.10 %, PairsRatio: 1.28
Games: 2638, Wins: 869, Losses: 716, Draws: 1053, Points: 1395.5 (52.90 %)
Ptnml(0-2): [94, 282, 463, 337, 143], WL/DD Ratio: 1.13
LLR: 2.59 (87.8%) (-2.94, 2.94) [0.00, 5.00]
--------------------------------------------------
Started game 2652 of 40000 (ref-778c7b0 vs cand-474c288)
Finished game 2642 (ref-778c7b0 vs cand-474c288): 1/2-1/2 {Draw by 3-fold repetition}
Started game 2653 of 40000 (cand-474c288 vs ref-778c7b0)
Finished game 2649 (cand-474c288 vs ref-778c7b0): 0-1 {Black wins by adjudication}
Started game 2654 of 40000 (ref-778c7b0 vs cand-474c288)
Finished game 2638 (ref-778c7b0 vs cand-474c288): 1/2-1/2 {Draw by insufficient mating material}
Started game 2655 of 40000 (cand-474c288 vs ref-778c7b0)
Finished game 2645 (cand-474c288 vs ref-778c7b0): 1/2-1/2 {Draw by 3-fold repetition}
Started game 2656 of 40000 (ref-778c7b0 vs cand-474c288)
Finished game 2646 (ref-778c7b0 vs cand-474c288): 0-1 {Black wins by adjudication}
Started game 2657 of 40000 (cand-474c288 vs ref-778c7b0)
Finished game 2644 (ref-778c7b0 vs cand-474c288): 0-1 {Black wins by adjudication}
Started game 2658 of 40000 (ref-778c7b0 vs cand-474c288)
Finished game 2650 (ref-778c7b0 vs cand-474c288): 0-1 {Black wins by adjudication}
Started game 2659 of 40000 (cand-474c288 vs ref-778c7b0)
Finished game 2643 (cand-474c288 vs ref-778c7b0): 1-0 {White wins by adjudication}
Started game 2660 of 40000 (ref-778c7b0 vs cand-474c288)
Finished game 2652 (ref-778c7b0 vs cand-474c288): 1/2-1/2 {Draw by 3-fold repetition}
Started game 2661 of 40000 (cand-474c288 vs ref-778c7b0)
Finished game 2647 (cand-474c288 vs ref-778c7b0): 0-1 {Black wins by adjudication}
Started game 2662 of 40000 (ref-778c7b0 vs cand-474c288)
Finished game 2651 (cand-474c288 vs ref-778c7b0): 0-1 {Black wins by adjudication}
Started game 2663 of 40000 (cand-474c288 vs ref-778c7b0)
Finished game 2648 (ref-778c7b0 vs cand-474c288): 1/2-1/2 {Draw by insufficient mating material}
Started game 2664 of 40000 (ref-778c7b0 vs cand-474c288)
Finished game 2655 (cand-474c288 vs ref-778c7b0): 1/2-1/2 {Draw by 3-fold repetition}
Started game 2665 of 40000 (cand-474c288 vs ref-778c7b0)
Finished game 2656 (ref-778c7b0 vs cand-474c288): 1-0 {White wins by adjudication}
Started game 2666 of 40000 (ref-778c7b0 vs cand-474c288)
Finished game 2654 (ref-778c7b0 vs cand-474c288): 1-0 {White wins by adjudication}
Started game 2667 of 40000 (cand-474c288 vs ref-778c7b0)
Finished game 2653 (cand-474c288 vs ref-778c7b0): 1/2-1/2 {Draw by adjudication}
Started game 2668 of 40000 (ref-778c7b0 vs cand-474c288)
Finished game 2660 (ref-778c7b0 vs cand-474c288): 1-0 {White wins by adjudication}
Started game 2669 of 40000 (cand-474c288 vs ref-778c7b0)
Finished game 2658 (ref-778c7b0 vs cand-474c288): 1-0 {White wins by adjudication}
Started game 2670 of 40000 (ref-778c7b0 vs cand-474c288)
Finished game 2659 (cand-474c288 vs ref-778c7b0): 0-1 {Black wins by adjudication}
--------------------------------------------------
Results of cand-474c288 vs ref-778c7b0 (8+0.08, 1t, 16MB, noob_3moves.epd):
Elo: 19.63 +/- 10.16, nElo: 25.57 +/- 13.21
LOS: 99.99 %, DrawRatio: 35.06 %, PairsRatio: 1.27
Games: 2658, Wins: 873, Losses: 723, Draws: 1062, Points: 1404.0 (52.82 %)
Ptnml(0-2): [95, 286, 466, 338, 144], WL/DD Ratio: 1.13
LLR: 2.53 (85.8%) (-2.94, 2.94) [0.00, 5.00]
--------------------------------------------------
Started game 2671 of 40000 (cand-474c288 vs ref-778c7b0)
Finished game 2661 (cand-474c288 vs ref-778c7b0): 1-0 {White wins by adjudication}
Started game 2672 of 40000 (ref-778c7b0 vs cand-474c288)
Finished game 2657 (cand-474c288 vs ref-778c7b0): 0-1 {Black wins by adjudication}
Started game 2673 of 40000 (cand-474c288 vs ref-778c7b0)
Finished game 2664 (ref-778c7b0 vs cand-474c288): 1/2-1/2 {Draw by 3-fold repetition}
Started game 2674 of 40000 (ref-778c7b0 vs cand-474c288)
Finished game 2665 (cand-474c288 vs ref-778c7b0): 1/2-1/2 {Draw by 3-fold repetition}
Started game 2675 of 40000 (cand-474c288 vs ref-778c7b0)
Finished game 2662 (ref-778c7b0 vs cand-474c288): 1/2-1/2 {Draw by insufficient mating material}
Started game 2676 of 40000 (ref-778c7b0 vs cand-474c288)
Finished game 2663 (cand-474c288 vs ref-778c7b0): 0-1 {Black wins by adjudication}
Started game 2677 of 40000 (cand-474c288 vs ref-778c7b0)
Finished game 2667 (cand-474c288 vs ref-778c7b0): 1/2-1/2 {Draw by 3-fold repetition}
Started game 2678 of 40000 (ref-778c7b0 vs cand-474c288)
Finished game 2666 (ref-778c7b0 vs cand-474c288): 1/2-1/2 {Draw by insufficient mating material}
Started game 2679 of 40000 (cand-474c288 vs ref-778c7b0)
Finished game 2672 (ref-778c7b0 vs cand-474c288): 1-0 {White wins by adjudication}
Started game 2680 of 40000 (ref-778c7b0 vs cand-474c288)
Finished game 2668 (ref-778c7b0 vs cand-474c288): 1/2-1/2 {Draw by 3-fold repetition}
Started game 2681 of 40000 (cand-474c288 vs ref-778c7b0)
Finished game 2669 (cand-474c288 vs ref-778c7b0): 1-0 {White wins by adjudication}
Started game 2682 of 40000 (ref-778c7b0 vs cand-474c288)
Finished game 2674 (ref-778c7b0 vs cand-474c288): 1/2-1/2 {Draw by 3-fold repetition}
Started game 2683 of 40000 (cand-474c288 vs ref-778c7b0)
Finished game 2673 (cand-474c288 vs ref-778c7b0): 1/2-1/2 {Draw by 3-fold repetition}
Started game 2684 of 40000 (ref-778c7b0 vs cand-474c288)
Finished game 2670 (ref-778c7b0 vs cand-474c288): 0-1 {Black wins by adjudication}
Started game 2685 of 40000 (cand-474c288 vs ref-778c7b0)
Finished game 2671 (cand-474c288 vs ref-778c7b0): 1/2-1/2 {Draw by insufficient mating material}
Started game 2686 of 40000 (ref-778c7b0 vs cand-474c288)
Finished game 2679 (cand-474c288 vs ref-778c7b0): 1/2-1/2 {Draw by 3-fold repetition}
Started game 2687 of 40000 (cand-474c288 vs ref-778c7b0)
Finished game 2675 (cand-474c288 vs ref-778c7b0): 0-1 {Black wins by adjudication}
Started game 2688 of 40000 (ref-778c7b0 vs cand-474c288)
Finished game 2677 (cand-474c288 vs ref-778c7b0): 0-1 {Black wins by adjudication}
Started game 2689 of 40000 (cand-474c288 vs ref-778c7b0)
Finished game 2676 (ref-778c7b0 vs cand-474c288): 1-0 {White wins by adjudication}
Started game 2690 of 40000 (ref-778c7b0 vs cand-474c288)
Finished game 2678 (ref-778c7b0 vs cand-474c288): 0-1 {Black wins by adjudication}
Started game 2691 of 40000 (cand-474c288 vs ref-778c7b0)
Finished game 2683 (cand-474c288 vs ref-778c7b0): 0-1 {Black wins by adjudication}
Started game 2692 of 40000 (ref-778c7b0 vs cand-474c288)
Finished game 2682 (ref-778c7b0 vs cand-474c288): 1/2-1/2 {Draw by adjudication}
Started game 2693 of 40000 (cand-474c288 vs ref-778c7b0)
Finished game 2681 (cand-474c288 vs ref-778c7b0): 0-1 {Black wins by adjudication}
Started game 2694 of 40000 (ref-778c7b0 vs cand-474c288)
Finished game 2680 (ref-778c7b0 vs cand-474c288): 1/2-1/2 {Draw by 3-fold repetition}
--------------------------------------------------
Results of cand-474c288 vs ref-778c7b0 (8+0.08, 1t, 16MB, noob_3moves.epd):
Elo: 18.93 +/- 10.13, nElo: 24.64 +/- 13.15
LOS: 99.99 %, DrawRatio: 35.12 %, PairsRatio: 1.25
Games: 2682, Wins: 877, Losses: 731, Draws: 1074, Points: 1414.0 (52.72 %)
Ptnml(0-2): [97, 289, 471, 339, 145], WL/DD Ratio: 1.11
LLR: 2.45 (83.2%) (-2.94, 2.94) [0.00, 5.00]
--------------------------------------------------
Started game 2695 of 40000 (cand-474c288 vs ref-778c7b0)
Finished game 2684 (ref-778c7b0 vs cand-474c288): 0-1 {Black wins by adjudication}
Started game 2696 of 40000 (ref-778c7b0 vs cand-474c288)
Finished game 2686 (ref-778c7b0 vs cand-474c288): 1-0 {White wins by adjudication}
Started game 2697 of 40000 (cand-474c288 vs ref-778c7b0)
Finished game 2685 (cand-474c288 vs ref-778c7b0): 1-0 {White wins by adjudication}
Started game 2698 of 40000 (ref-778c7b0 vs cand-474c288)
Finished game 2689 (cand-474c288 vs ref-778c7b0): 1-0 {White wins by adjudication}
Started game 2699 of 40000 (cand-474c288 vs ref-778c7b0)
Finished game 2687 (cand-474c288 vs ref-778c7b0): 1-0 {White wins by adjudication}
Started game 2700 of 40000 (ref-778c7b0 vs cand-474c288)
Finished game 2690 (ref-778c7b0 vs cand-474c288): 1/2-1/2 {Draw by 3-fold repetition}
Started game 2701 of 40000 (cand-474c288 vs ref-778c7b0)
Finished game 2696 (ref-778c7b0 vs cand-474c288): 1/2-1/2 {Draw by 3-fold repetition}
Started game 2702 of 40000 (ref-778c7b0 vs cand-474c288)
Finished game 2692 (ref-778c7b0 vs cand-474c288): 1/2-1/2 {Draw by 3-fold repetition}
Started game 2703 of 40000 (cand-474c288 vs ref-778c7b0)
Finished game 2694 (ref-778c7b0 vs cand-474c288): 1/2-1/2 {Draw by 3-fold repetition}
Started game 2704 of 40000 (ref-778c7b0 vs cand-474c288)
Finished game 2691 (cand-474c288 vs ref-778c7b0): 1-0 {White wins by adjudication}
Started game 2705 of 40000 (cand-474c288 vs ref-778c7b0)
Finished game 2688 (ref-778c7b0 vs cand-474c288): 1/2-1/2 {Draw by 3-fold repetition}
Started game 2706 of 40000 (ref-778c7b0 vs cand-474c288)
Finished game 2693 (cand-474c288 vs ref-778c7b0): 1/2-1/2 {Draw by 3-fold repetition}
Started game 2707 of 40000 (cand-474c288 vs ref-778c7b0)
Finished game 2697 (cand-474c288 vs ref-778c7b0): 1-0 {White wins by adjudication}
Started game 2708 of 40000 (ref-778c7b0 vs cand-474c288)
Finished game 2698 (ref-778c7b0 vs cand-474c288): 1-0 {White wins by adjudication}
Started game 2709 of 40000 (cand-474c288 vs ref-778c7b0)
Finished game 2701 (cand-474c288 vs ref-778c7b0): 1/2-1/2 {Draw by 3-fold repetition}
Started game 2710 of 40000 (ref-778c7b0 vs cand-474c288)
Finished game 2699 (cand-474c288 vs ref-778c7b0): 1/2-1/2 {Draw by 3-fold repetition}
Started game 2711 of 40000 (cand-474c288 vs ref-778c7b0)
Finished game 2703 (cand-474c288 vs ref-778c7b0): 1-0 {White wins by adjudication}
Started game 2712 of 40000 (ref-778c7b0 vs cand-474c288)
Finished game 2702 (ref-778c7b0 vs cand-474c288): 1-0 {White wins by adjudication}
Started game 2713 of 40000 (cand-474c288 vs ref-778c7b0)
Finished game 2695 (cand-474c288 vs ref-778c7b0): 0-1 {Black wins by adjudication}
Started game 2714 of 40000 (ref-778c7b0 vs cand-474c288)
Finished game 2700 (ref-778c7b0 vs cand-474c288): 0-1 {Black wins by adjudication}
--------------------------------------------------
Results of cand-474c288 vs ref-778c7b0 (8+0.08, 1t, 16MB, noob_3moves.epd):
Elo: 19.05 +/- 10.07, nElo: 24.84 +/- 13.10
LOS: 99.99 %, DrawRatio: 35.16 %, PairsRatio: 1.26
Games: 2702, Wins: 884, Losses: 736, Draws: 1082, Points: 1425.0 (52.74 %)
Ptnml(0-2): [97, 291, 475, 343, 145], WL/DD Ratio: 1.12
LLR: 2.49 (84.5%) (-2.94, 2.94) [0.00, 5.00]
--------------------------------------------------
Started game 2715 of 40000 (cand-474c288 vs ref-778c7b0)
Finished game 2705 (cand-474c288 vs ref-778c7b0): 1/2-1/2 {Draw by 3-fold repetition}
Started game 2716 of 40000 (ref-778c7b0 vs cand-474c288)
Finished game 2706 (ref-778c7b0 vs cand-474c288): 0-1 {Black wins by adjudication}
Started game 2717 of 40000 (cand-474c288 vs ref-778c7b0)
Finished game 2704 (ref-778c7b0 vs cand-474c288): 1-0 {White wins by adjudication}
Started game 2718 of 40000 (ref-778c7b0 vs cand-474c288)
Finished game 2710 (ref-778c7b0 vs cand-474c288): 0-1 {Black wins by adjudication}
Started game 2719 of 40000 (cand-474c288 vs ref-778c7b0)
Finished game 2708 (ref-778c7b0 vs cand-474c288): 1-0 {White wins by adjudication}
Started game 2720 of 40000 (ref-778c7b0 vs cand-474c288)
Finished game 2711 (cand-474c288 vs ref-778c7b0): 1-0 {White wins by adjudication}
Started game 2721 of 40000 (cand-474c288 vs ref-778c7b0)
Finished game 2707 (cand-474c288 vs ref-778c7b0): 0-1 {Black wins by adjudication}
Started game 2722 of 40000 (ref-778c7b0 vs cand-474c288)
Finished game 2717 (cand-474c288 vs ref-778c7b0): 1-0 {White wins by adjudication}
Started game 2723 of 40000 (cand-474c288 vs ref-778c7b0)
Finished game 2713 (cand-474c288 vs ref-778c7b0): 1-0 {White wins by adjudication}
Started game 2724 of 40000 (ref-778c7b0 vs cand-474c288)
Finished game 2709 (cand-474c288 vs ref-778c7b0): 1/2-1/2 {Draw by 3-fold repetition}
Started game 2725 of 40000 (cand-474c288 vs ref-778c7b0)
Finished game 2712 (ref-778c7b0 vs cand-474c288): 1-0 {White wins by adjudication}
Started game 2726 of 40000 (ref-778c7b0 vs cand-474c288)
Finished game 2714 (ref-778c7b0 vs cand-474c288): 1-0 {White wins by adjudication}
Started game 2727 of 40000 (cand-474c288 vs ref-778c7b0)
Finished game 2715 (cand-474c288 vs ref-778c7b0): 1/2-1/2 {Draw by 3-fold repetition}
Started game 2728 of 40000 (ref-778c7b0 vs cand-474c288)
Finished game 2718 (ref-778c7b0 vs cand-474c288): 1/2-1/2 {Draw by insufficient mating material}
Started game 2729 of 40000 (cand-474c288 vs ref-778c7b0)
Finished game 2720 (ref-778c7b0 vs cand-474c288): 1/2-1/2 {Draw by 3-fold repetition}
Started game 2730 of 40000 (ref-778c7b0 vs cand-474c288)
Finished game 2716 (ref-778c7b0 vs cand-474c288): 1/2-1/2 {Draw by 3-fold repetition}
Started game 2731 of 40000 (cand-474c288 vs ref-778c7b0)
Finished game 2719 (cand-474c288 vs ref-778c7b0): 1/2-1/2 {Draw by 3-fold repetition}
--------------------------------------------------
Results of cand-474c288 vs ref-778c7b0 (8+0.08, 1t, 16MB, noob_3moves.epd):
Elo: 19.05 +/- 10.02, nElo: 24.87 +/- 13.06
LOS: 99.99 %, DrawRatio: 35.29 %, PairsRatio: 1.26
Games: 2720, Wins: 890, Losses: 741, Draws: 1089, Points: 1434.5 (52.74 %)
Ptnml(0-2): [98, 291, 480, 346, 145], WL/DD Ratio: 1.12
LLR: 2.51 (85.2%) (-2.94, 2.94) [0.00, 5.00]
--------------------------------------------------
Started game 2732 of 40000 (ref-778c7b0 vs cand-474c288)
Finished game 2723 (cand-474c288 vs ref-778c7b0): 1-0 {White wins by adjudication}
Started game 2733 of 40000 (cand-474c288 vs ref-778c7b0)
Finished game 2721 (cand-474c288 vs ref-778c7b0): 0-1 {Black wins by adjudication}
Started game 2734 of 40000 (ref-778c7b0 vs cand-474c288)
Finished game 2725 (cand-474c288 vs ref-778c7b0): 1/2-1/2 {Draw by insufficient mating material}
Started game 2735 of 40000 (cand-474c288 vs ref-778c7b0)
Finished game 2722 (ref-778c7b0 vs cand-474c288): 0-1 {Black wins by adjudication}
Started game 2736 of 40000 (ref-778c7b0 vs cand-474c288)
Finished game 2726 (ref-778c7b0 vs cand-474c288): 1/2-1/2 {Draw by 3-fold repetition}
Started game 2737 of 40000 (cand-474c288 vs ref-778c7b0)
Finished game 2730 (ref-778c7b0 vs cand-474c288): 1/2-1/2 {Draw by 3-fold repetition}
Started game 2738 of 40000 (ref-778c7b0 vs cand-474c288)
Finished game 2724 (ref-778c7b0 vs cand-474c288): 1/2-1/2 {Draw by 3-fold repetition}
Started game 2739 of 40000 (cand-474c288 vs ref-778c7b0)
Finished game 2729 (cand-474c288 vs ref-778c7b0): 0-1 {Black wins by adjudication}
Started game 2740 of 40000 (ref-778c7b0 vs cand-474c288)
Finished game 2727 (cand-474c288 vs ref-778c7b0): 1/2-1/2 {Draw by adjudication}
Started game 2741 of 40000 (cand-474c288 vs ref-778c7b0)
Finished game 2728 (ref-778c7b0 vs cand-474c288): 0-1 {Black wins by adjudication}
Started game 2742 of 40000 (ref-778c7b0 vs cand-474c288)
Finished game 2731 (cand-474c288 vs ref-778c7b0): 0-1 {Black wins by adjudication}
Started game 2743 of 40000 (cand-474c288 vs ref-778c7b0)
Finished game 2732 (ref-778c7b0 vs cand-474c288): 0-1 {Black wins by adjudication}
Started game 2744 of 40000 (ref-778c7b0 vs cand-474c288)
Finished game 2734 (ref-778c7b0 vs cand-474c288): 0-1 {Black wins by adjudication}
Started game 2745 of 40000 (cand-474c288 vs ref-778c7b0)
Finished game 2737 (cand-474c288 vs ref-778c7b0): 1-0 {White wins by adjudication}
Started game 2746 of 40000 (ref-778c7b0 vs cand-474c288)
Finished game 2736 (ref-778c7b0 vs cand-474c288): 0-1 {Black wins by adjudication}
Started game 2747 of 40000 (cand-474c288 vs ref-778c7b0)
Finished game 2733 (cand-474c288 vs ref-778c7b0): 0-1 {Black wins by adjudication}
Started game 2748 of 40000 (ref-778c7b0 vs cand-474c288)
Finished game 2735 (cand-474c288 vs ref-778c7b0): 0-1 {Black wins by adjudication}
Started game 2749 of 40000 (cand-474c288 vs ref-778c7b0)
Finished game 2738 (ref-778c7b0 vs cand-474c288): 1-0 {White wins by adjudication}
Started game 2750 of 40000 (ref-778c7b0 vs cand-474c288)
Finished game 2744 (ref-778c7b0 vs cand-474c288): 0-1 {Black wins by adjudication}
Started game 2751 of 40000 (cand-474c288 vs ref-778c7b0)
Finished game 2740 (ref-778c7b0 vs cand-474c288): 1/2-1/2 {Draw by 3-fold repetition}
Started game 2752 of 40000 (ref-778c7b0 vs cand-474c288)
Finished game 2742 (ref-778c7b0 vs cand-474c288): 1/2-1/2 {Draw by 3-fold repetition}
Started game 2753 of 40000 (cand-474c288 vs ref-778c7b0)
Finished game 2746 (ref-778c7b0 vs cand-474c288): 1/2-1/2 {Draw by insufficient mating material}
Started game 2754 of 40000 (ref-778c7b0 vs cand-474c288)
Finished game 2739 (cand-474c288 vs ref-778c7b0): 1/2-1/2 {Draw by 3-fold repetition}
--------------------------------------------------
Results of cand-474c288 vs ref-778c7b0 (8+0.08, 1t, 16MB, noob_3moves.epd):
Elo: 19.04 +/- 9.96, nElo: 24.92 +/- 13.01
LOS: 99.99 %, DrawRatio: 35.55 %, PairsRatio: 1.26
Games: 2740, Wins: 897, Losses: 747, Draws: 1096, Points: 1445.0 (52.74 %)
Ptnml(0-2): [98, 292, 487, 348, 145], WL/DD Ratio: 1.14
LLR: 2.53 (86.0%) (-2.94, 2.94) [0.00, 5.00]
--------------------------------------------------
Started game 2755 of 40000 (cand-474c288 vs ref-778c7b0)
Finished game 2741 (cand-474c288 vs ref-778c7b0): 1/2-1/2 {Draw by insufficient mating material}
Started game 2756 of 40000 (ref-778c7b0 vs cand-474c288)
Finished game 2751 (cand-474c288 vs ref-778c7b0): 1/2-1/2 {Draw by 3-fold repetition}
Started game 2757 of 40000 (cand-474c288 vs ref-778c7b0)
Finished game 2747 (cand-474c288 vs ref-778c7b0): 1-0 {White wins by adjudication}
Started game 2758 of 40000 (ref-778c7b0 vs cand-474c288)
Finished game 2752 (ref-778c7b0 vs cand-474c288): 1/2-1/2 {Draw by 3-fold repetition}
Started game 2759 of 40000 (cand-474c288 vs ref-778c7b0)
Finished game 2743 (cand-474c288 vs ref-778c7b0): 0-1 {Black wins by adjudication}
Started game 2760 of 40000 (ref-778c7b0 vs cand-474c288)
Finished game 2748 (ref-778c7b0 vs cand-474c288): 1-0 {White wins by adjudication}
Started game 2761 of 40000 (cand-474c288 vs ref-778c7b0)
Finished game 2749 (cand-474c288 vs ref-778c7b0): 1-0 {White wins by adjudication}
Started game 2762 of 40000 (ref-778c7b0 vs cand-474c288)
Finished game 2745 (cand-474c288 vs ref-778c7b0): 1/2-1/2 {Draw by insufficient mating material}
Started game 2763 of 40000 (cand-474c288 vs ref-778c7b0)
Finished game 2750 (ref-778c7b0 vs cand-474c288): 1/2-1/2 {Draw by 3-fold repetition}
Started game 2764 of 40000 (ref-778c7b0 vs cand-474c288)
Finished game 2757 (cand-474c288 vs ref-778c7b0): 1/2-1/2 {Draw by 3-fold repetition}
Started game 2765 of 40000 (cand-474c288 vs ref-778c7b0)
Finished game 2754 (ref-778c7b0 vs cand-474c288): 1/2-1/2 {Draw by 3-fold repetition}
Started game 2766 of 40000 (ref-778c7b0 vs cand-474c288)
Finished game 2756 (ref-778c7b0 vs cand-474c288): 0-1 {Black wins by adjudication}
Started game 2767 of 40000 (cand-474c288 vs ref-778c7b0)
Finished game 2755 (cand-474c288 vs ref-778c7b0): 0-1 {Black wins by adjudication}
Started game 2768 of 40000 (ref-778c7b0 vs cand-474c288)
Finished game 2759 (cand-474c288 vs ref-778c7b0): 1-0 {White wins by adjudication}
Started game 2769 of 40000 (cand-474c288 vs ref-778c7b0)
Finished game 2758 (ref-778c7b0 vs cand-474c288): 0-1 {Black wins by adjudication}
Started game 2770 of 40000 (ref-778c7b0 vs cand-474c288)
Finished game 2760 (ref-778c7b0 vs cand-474c288): 1/2-1/2 {Draw by 3-fold repetition}
--------------------------------------------------
Results of cand-474c288 vs ref-778c7b0 (8+0.08, 1t, 16MB, noob_3moves.epd):
Elo: 19.29 +/- 9.90, nElo: 25.32 +/- 12.97
LOS: 99.99 %, DrawRatio: 35.75 %, PairsRatio: 1.27
Games: 2758, Wins: 903, Losses: 750, Draws: 1105, Points: 1455.5 (52.77 %)
Ptnml(0-2): [98, 292, 493, 351, 145], WL/DD Ratio: 1.13
LLR: 2.59 (88.1%) (-2.94, 2.94) [0.00, 5.00]
--------------------------------------------------
Started game 2771 of 40000 (cand-474c288 vs ref-778c7b0)
Finished game 2762 (ref-778c7b0 vs cand-474c288): 0-1 {Black wins by adjudication}
Started game 2772 of 40000 (ref-778c7b0 vs cand-474c288)
Finished game 2761 (cand-474c288 vs ref-778c7b0): 0-1 {Black wins by adjudication}
Started game 2773 of 40000 (cand-474c288 vs ref-778c7b0)
Finished game 2753 (cand-474c288 vs ref-778c7b0): 1/2-1/2 {Draw by fifty moves rule}
Started game 2774 of 40000 (ref-778c7b0 vs cand-474c288)
Finished game 2763 (cand-474c288 vs ref-778c7b0): 0-1 {Black wins by adjudication}
Started game 2775 of 40000 (cand-474c288 vs ref-778c7b0)
Finished game 2767 (cand-474c288 vs ref-778c7b0): 1-0 {White wins by adjudication}
Started game 2776 of 40000 (ref-778c7b0 vs cand-474c288)
Finished game 2769 (cand-474c288 vs ref-778c7b0): 1-0 {White wins by adjudication}
Started game 2777 of 40000 (cand-474c288 vs ref-778c7b0)
Finished game 2768 (ref-778c7b0 vs cand-474c288): 0-1 {Black wins by adjudication}
Started game 2778 of 40000 (ref-778c7b0 vs cand-474c288)
Finished game 2766 (ref-778c7b0 vs cand-474c288): 1/2-1/2 {Draw by insufficient mating material}
Started game 2779 of 40000 (cand-474c288 vs ref-778c7b0)
Finished game 2765 (cand-474c288 vs ref-778c7b0): 1/2-1/2 {Draw by fifty moves rule}
Started game 2780 of 40000 (ref-778c7b0 vs cand-474c288)
Finished game 2764 (ref-778c7b0 vs cand-474c288): 1-0 {White wins by adjudication}
Started game 2781 of 40000 (cand-474c288 vs ref-778c7b0)
Finished game 2770 (ref-778c7b0 vs cand-474c288): 1-0 {White wins by adjudication}
Started game 2782 of 40000 (ref-778c7b0 vs cand-474c288)
Finished game 2773 (cand-474c288 vs ref-778c7b0): 0-1 {Black wins by adjudication}
Started game 2783 of 40000 (cand-474c288 vs ref-778c7b0)
Finished game 2772 (ref-778c7b0 vs cand-474c288): 0-1 {Black wins by adjudication}
Started game 2784 of 40000 (ref-778c7b0 vs cand-474c288)
Finished game 2771 (cand-474c288 vs ref-778c7b0): 0-1 {Black wins by adjudication}
Started game 2785 of 40000 (cand-474c288 vs ref-778c7b0)
Finished game 2776 (ref-778c7b0 vs cand-474c288): 1/2-1/2 {Draw by 3-fold repetition}
Started game 2786 of 40000 (ref-778c7b0 vs cand-474c288)
Finished game 2774 (ref-778c7b0 vs cand-474c288): 1/2-1/2 {Draw by 3-fold repetition}
Started game 2787 of 40000 (cand-474c288 vs ref-778c7b0)
Finished game 2778 (ref-778c7b0 vs cand-474c288): 0-1 {Black wins by adjudication}
Started game 2788 of 40000 (ref-778c7b0 vs cand-474c288)
Finished game 2781 (cand-474c288 vs ref-778c7b0): 1/2-1/2 {Draw by 3-fold repetition}
Started game 2789 of 40000 (cand-474c288 vs ref-778c7b0)
Finished game 2777 (cand-474c288 vs ref-778c7b0): 1/2-1/2 {Draw by 3-fold repetition}
Started game 2790 of 40000 (ref-778c7b0 vs cand-474c288)
Finished game 2779 (cand-474c288 vs ref-778c7b0): 1/2-1/2 {Draw by 3-fold repetition}
Started game 2791 of 40000 (cand-474c288 vs ref-778c7b0)
Finished game 2783 (cand-474c288 vs ref-778c7b0): 1/2-1/2 {Draw by 3-fold repetition}
Started game 2792 of 40000 (ref-778c7b0 vs cand-474c288)
Finished game 2784 (ref-778c7b0 vs cand-474c288): 0-1 {Black wins by adjudication}
Started game 2793 of 40000 (cand-474c288 vs ref-778c7b0)
Finished game 2780 (ref-778c7b0 vs cand-474c288): 1/2-1/2 {Draw by 3-fold repetition}
--------------------------------------------------
Results of cand-474c288 vs ref-778c7b0 (8+0.08, 1t, 16MB, noob_3moves.epd):
Elo: 19.27 +/- 9.86, nElo: 25.30 +/- 12.92
LOS: 99.99 %, DrawRatio: 35.90 %, PairsRatio: 1.27
Games: 2780, Wins: 910, Losses: 756, Draws: 1114, Points: 1467.0 (52.77 %)
Ptnml(0-2): [99, 293, 499, 353, 146], WL/DD Ratio: 1.13
LLR: 2.61 (88.7%) (-2.94, 2.94) [0.00, 5.00]
--------------------------------------------------
Started game 2794 of 40000 (ref-778c7b0 vs cand-474c288)
Finished game 2775 (cand-474c288 vs ref-778c7b0): 1/2-1/2 {Draw by insufficient mating material}
Started game 2795 of 40000 (cand-474c288 vs ref-778c7b0)
Finished game 2787 (cand-474c288 vs ref-778c7b0): 0-1 {Black wins by adjudication}
Started game 2796 of 40000 (ref-778c7b0 vs cand-474c288)
Finished game 2782 (ref-778c7b0 vs cand-474c288): 0-1 {Black wins by adjudication}
Started game 2797 of 40000 (cand-474c288 vs ref-778c7b0)
Finished game 2788 (ref-778c7b0 vs cand-474c288): 0-1 {Black wins by adjudication}
Started game 2798 of 40000 (ref-778c7b0 vs cand-474c288)
Finished game 2786 (ref-778c7b0 vs cand-474c288): 1-0 {White wins by adjudication}
Started game 2799 of 40000 (cand-474c288 vs ref-778c7b0)
Finished game 2785 (cand-474c288 vs ref-778c7b0): 0-1 {Black wins by adjudication}
Started game 2800 of 40000 (ref-778c7b0 vs cand-474c288)
Finished game 2790 (ref-778c7b0 vs cand-474c288): 0-1 {Black wins by adjudication}
Started game 2801 of 40000 (cand-474c288 vs ref-778c7b0)
Finished game 2793 (cand-474c288 vs ref-778c7b0): 1-0 {White wins by adjudication}
Started game 2802 of 40000 (ref-778c7b0 vs cand-474c288)
Finished game 2789 (cand-474c288 vs ref-778c7b0): 0-1 {Black wins by adjudication}
Started game 2803 of 40000 (cand-474c288 vs ref-778c7b0)
Finished game 2792 (ref-778c7b0 vs cand-474c288): 1/2-1/2 {Draw by 3-fold repetition}
Started game 2804 of 40000 (ref-778c7b0 vs cand-474c288)
Finished game 2794 (ref-778c7b0 vs cand-474c288): 1-0 {White wins by adjudication}
Started game 2805 of 40000 (cand-474c288 vs ref-778c7b0)
Finished game 2795 (cand-474c288 vs ref-778c7b0): 1-0 {White wins by adjudication}
Started game 2806 of 40000 (ref-778c7b0 vs cand-474c288)
Finished game 2791 (cand-474c288 vs ref-778c7b0): 1-0 {White wins by adjudication}
Started game 2807 of 40000 (cand-474c288 vs ref-778c7b0)
Finished game 2798 (ref-778c7b0 vs cand-474c288): 1/2-1/2 {Draw by 3-fold repetition}
Started game 2808 of 40000 (ref-778c7b0 vs cand-474c288)
Finished game 2799 (cand-474c288 vs ref-778c7b0): 1-0 {White wins by adjudication}
Started game 2809 of 40000 (cand-474c288 vs ref-778c7b0)
Finished game 2797 (cand-474c288 vs ref-778c7b0): 0-1 {Black wins by adjudication}
Started game 2810 of 40000 (ref-778c7b0 vs cand-474c288)
Finished game 2800 (ref-778c7b0 vs cand-474c288): 1/2-1/2 {Draw by 3-fold repetition}
--------------------------------------------------
Results of cand-474c288 vs ref-778c7b0 (8+0.08, 1t, 16MB, noob_3moves.epd):
Elo: 19.14 +/- 9.82, nElo: 25.15 +/- 12.87
LOS: 99.99 %, DrawRatio: 35.95 %, PairsRatio: 1.27
Games: 2798, Wins: 916, Losses: 762, Draws: 1120, Points: 1476.0 (52.75 %)
Ptnml(0-2): [100, 294, 503, 356, 146], WL/DD Ratio: 1.14
LLR: 2.61 (88.7%) (-2.94, 2.94) [0.00, 5.00]
--------------------------------------------------
Started game 2811 of 40000 (cand-474c288 vs ref-778c7b0)
Finished game 2801 (cand-474c288 vs ref-778c7b0): 1/2-1/2 {Draw by adjudication}
Started game 2812 of 40000 (ref-778c7b0 vs cand-474c288)
Finished game 2796 (ref-778c7b0 vs cand-474c288): 1/2-1/2 {Draw by 3-fold repetition}
Started game 2813 of 40000 (cand-474c288 vs ref-778c7b0)
Finished game 2804 (ref-778c7b0 vs cand-474c288): 0-1 {Black wins by adjudication}
Started game 2814 of 40000 (ref-778c7b0 vs cand-474c288)
Finished game 2807 (cand-474c288 vs ref-778c7b0): 1/2-1/2 {Draw by 3-fold repetition}
Started game 2815 of 40000 (cand-474c288 vs ref-778c7b0)
Finished game 2802 (ref-778c7b0 vs cand-474c288): 1/2-1/2 {Draw by 3-fold repetition}
Started game 2816 of 40000 (ref-778c7b0 vs cand-474c288)
Finished game 2803 (cand-474c288 vs ref-778c7b0): 1/2-1/2 {Draw by 3-fold repetition}
Started game 2817 of 40000 (cand-474c288 vs ref-778c7b0)
Finished game 2813 (cand-474c288 vs ref-778c7b0): 1/2-1/2 {Draw by 3-fold repetition}
Started game 2818 of 40000 (ref-778c7b0 vs cand-474c288)
Finished game 2808 (ref-778c7b0 vs cand-474c288): 0-1 {Black wins by adjudication}
Started game 2819 of 40000 (cand-474c288 vs ref-778c7b0)
Finished game 2810 (ref-778c7b0 vs cand-474c288): 0-1 {Black wins by adjudication}
Started game 2820 of 40000 (ref-778c7b0 vs cand-474c288)
Finished game 2806 (ref-778c7b0 vs cand-474c288): 1/2-1/2 {Draw by 3-fold repetition}
Started game 2821 of 40000 (cand-474c288 vs ref-778c7b0)
Finished game 2805 (cand-474c288 vs ref-778c7b0): 0-1 {Black wins by adjudication}
Started game 2822 of 40000 (ref-778c7b0 vs cand-474c288)
Finished game 2809 (cand-474c288 vs ref-778c7b0): 0-1 {Black wins by adjudication}
Started game 2823 of 40000 (cand-474c288 vs ref-778c7b0)
Finished game 2812 (ref-778c7b0 vs cand-474c288): 1/2-1/2 {Draw by 3-fold repetition}
Started game 2824 of 40000 (ref-778c7b0 vs cand-474c288)
Finished game 2816 (ref-778c7b0 vs cand-474c288): 1-0 {White wins by adjudication}
Started game 2825 of 40000 (cand-474c288 vs ref-778c7b0)
Finished game 2811 (cand-474c288 vs ref-778c7b0): 1/2-1/2 {Draw by 3-fold repetition}
Started game 2826 of 40000 (ref-778c7b0 vs cand-474c288)
Finished game 2818 (ref-778c7b0 vs cand-474c288): 1/2-1/2 {Draw by insufficient mating material}
Started game 2827 of 40000 (cand-474c288 vs ref-778c7b0)
Finished game 2817 (cand-474c288 vs ref-778c7b0): 1-0 {White wins by adjudication}
Started game 2828 of 40000 (ref-778c7b0 vs cand-474c288)
Finished game 2815 (cand-474c288 vs ref-778c7b0): 1/2-1/2 {Draw by adjudication}
Started game 2829 of 40000 (cand-474c288 vs ref-778c7b0)
Finished game 2814 (ref-778c7b0 vs cand-474c288): 1-0 {White wins by adjudication}
Started game 2830 of 40000 (ref-778c7b0 vs cand-474c288)
Finished game 2821 (cand-474c288 vs ref-778c7b0): 0-1 {Black wins by adjudication}
Started game 2831 of 40000 (cand-474c288 vs ref-778c7b0)
Finished game 2819 (cand-474c288 vs ref-778c7b0): 1-0 {White wins by adjudication}
Started game 2832 of 40000 (ref-778c7b0 vs cand-474c288)
Finished game 2822 (ref-778c7b0 vs cand-474c288): 1/2-1/2 {Draw by adjudication}
Started game 2833 of 40000 (cand-474c288 vs ref-778c7b0)
Finished game 2824 (ref-778c7b0 vs cand-474c288): 1-0 {White wins by adjudication}
Started game 2834 of 40000 (ref-778c7b0 vs cand-474c288)
Finished game 2820 (ref-778c7b0 vs cand-474c288): 0-1 {Black wins by adjudication}
--------------------------------------------------
Results of cand-474c288 vs ref-778c7b0 (8+0.08, 1t, 16MB, noob_3moves.epd):
Elo: 19.23 +/- 9.77, nElo: 25.28 +/- 12.82
LOS: 99.99 %, DrawRatio: 35.86 %, PairsRatio: 1.27
Games: 2822, Wins: 923, Losses: 767, Draws: 1132, Points: 1489.0 (52.76 %)
Ptnml(0-2): [100, 298, 506, 360, 147], WL/DD Ratio: 1.14
LLR: 2.65 (89.9%) (-2.94, 2.94) [0.00, 5.00]
--------------------------------------------------
Started game 2835 of 40000 (cand-474c288 vs ref-778c7b0)
Finished game 2825 (cand-474c288 vs ref-778c7b0): 0-1 {Black wins by adjudication}
Started game 2836 of 40000 (ref-778c7b0 vs cand-474c288)
Finished game 2826 (ref-778c7b0 vs cand-474c288): 1-0 {White wins by adjudication}
Started game 2837 of 40000 (cand-474c288 vs ref-778c7b0)
Finished game 2823 (cand-474c288 vs ref-778c7b0): 1/2-1/2 {Draw by insufficient mating material}
Started game 2838 of 40000 (ref-778c7b0 vs cand-474c288)
Finished game 2828 (ref-778c7b0 vs cand-474c288): 1/2-1/2 {Draw by 3-fold repetition}
Started game 2839 of 40000 (cand-474c288 vs ref-778c7b0)
Finished game 2832 (ref-778c7b0 vs cand-474c288): 1/2-1/2 {Draw by 3-fold repetition}
Started game 2840 of 40000 (ref-778c7b0 vs cand-474c288)
Finished game 2829 (cand-474c288 vs ref-778c7b0): 0-1 {Black wins by adjudication}
Started game 2841 of 40000 (cand-474c288 vs ref-778c7b0)
Finished game 2831 (cand-474c288 vs ref-778c7b0): 1-0 {White wins by adjudication}
Started game 2842 of 40000 (ref-778c7b0 vs cand-474c288)
Finished game 2827 (cand-474c288 vs ref-778c7b0): 0-1 {Black wins by adjudication}
Started game 2843 of 40000 (cand-474c288 vs ref-778c7b0)
Finished game 2830 (ref-778c7b0 vs cand-474c288): 0-1 {Black wins by adjudication}
Started game 2844 of 40000 (ref-778c7b0 vs cand-474c288)
Finished game 2833 (cand-474c288 vs ref-778c7b0): 1-0 {White wins by adjudication}
Started game 2845 of 40000 (cand-474c288 vs ref-778c7b0)
Finished game 2838 (ref-778c7b0 vs cand-474c288): 0-1 {Black wins by adjudication}
Started game 2846 of 40000 (ref-778c7b0 vs cand-474c288)
Finished game 2834 (ref-778c7b0 vs cand-474c288): 1/2-1/2 {Draw by 3-fold repetition}
Started game 2847 of 40000 (cand-474c288 vs ref-778c7b0)
Finished game 2836 (ref-778c7b0 vs cand-474c288): 1/2-1/2 {Draw by insufficient mating material}
Started game 2848 of 40000 (ref-778c7b0 vs cand-474c288)
Finished game 2837 (cand-474c288 vs ref-778c7b0): 1-0 {White wins by adjudication}
Started game 2849 of 40000 (cand-474c288 vs ref-778c7b0)
Finished game 2839 (cand-474c288 vs ref-778c7b0): 0-1 {Black wins by adjudication}
Started game 2850 of 40000 (ref-778c7b0 vs cand-474c288)
Finished game 2841 (cand-474c288 vs ref-778c7b0): 1-0 {White wins by adjudication}
Started game 2851 of 40000 (cand-474c288 vs ref-778c7b0)
Finished game 2842 (ref-778c7b0 vs cand-474c288): 0-1 {Black wins by adjudication}
Started game 2852 of 40000 (ref-778c7b0 vs cand-474c288)
Finished game 2840 (ref-778c7b0 vs cand-474c288): 0-1 {Black wins by adjudication}
--------------------------------------------------
Results of cand-474c288 vs ref-778c7b0 (8+0.08, 1t, 16MB, noob_3moves.epd):
Elo: 19.35 +/- 9.76, nElo: 25.40 +/- 12.78
LOS: 100.00 %, DrawRatio: 35.77 %, PairsRatio: 1.27
Games: 2840, Wins: 931, Losses: 773, Draws: 1136, Points: 1499.0 (52.78 %)
Ptnml(0-2): [101, 300, 508, 362, 149], WL/DD Ratio: 1.14
LLR: 2.68 (91.0%) (-2.94, 2.94) [0.00, 5.00]
--------------------------------------------------
Started game 2853 of 40000 (cand-474c288 vs ref-778c7b0)
Finished game 2844 (ref-778c7b0 vs cand-474c288): 0-1 {Black wins by adjudication}
Started game 2854 of 40000 (ref-778c7b0 vs cand-474c288)
Finished game 2843 (cand-474c288 vs ref-778c7b0): 0-1 {Black wins by adjudication}
Started game 2855 of 40000 (cand-474c288 vs ref-778c7b0)
Finished game 2835 (cand-474c288 vs ref-778c7b0): 1/2-1/2 {Draw by fifty moves rule}
Started game 2856 of 40000 (ref-778c7b0 vs cand-474c288)
Finished game 2845 (cand-474c288 vs ref-778c7b0): 1-0 {White wins by adjudication}
Started game 2857 of 40000 (cand-474c288 vs ref-778c7b0)
Finished game 2847 (cand-474c288 vs ref-778c7b0): 0-1 {Black wins by adjudication}
Started game 2858 of 40000 (ref-778c7b0 vs cand-474c288)
Finished game 2848 (ref-778c7b0 vs cand-474c288): 0-1 {Black wins by adjudication}
Started game 2859 of 40000 (cand-474c288 vs ref-778c7b0)
Finished game 2850 (ref-778c7b0 vs cand-474c288): 1-0 {White wins by adjudication}
Started game 2860 of 40000 (ref-778c7b0 vs cand-474c288)
Finished game 2849 (cand-474c288 vs ref-778c7b0): 1/2-1/2 {Draw by insufficient mating material}
Started game 2861 of 40000 (cand-474c288 vs ref-778c7b0)
Finished game 2855 (cand-474c288 vs ref-778c7b0): 1/2-1/2 {Draw by 3-fold repetition}
Started game 2862 of 40000 (ref-778c7b0 vs cand-474c288)
Finished game 2853 (cand-474c288 vs ref-778c7b0): 1/2-1/2 {Draw by 3-fold repetition}
Started game 2863 of 40000 (cand-474c288 vs ref-778c7b0)
Finished game 2851 (cand-474c288 vs ref-778c7b0): 0-1 {Black wins by adjudication}
Started game 2864 of 40000 (ref-778c7b0 vs cand-474c288)
Finished game 2854 (ref-778c7b0 vs cand-474c288): 1/2-1/2 {Draw by 3-fold repetition}
Started game 2865 of 40000 (cand-474c288 vs ref-778c7b0)
Finished game 2846 (ref-778c7b0 vs cand-474c288): 1/2-1/2 {Draw by adjudication}
Started game 2866 of 40000 (ref-778c7b0 vs cand-474c288)
Finished game 2859 (cand-474c288 vs ref-778c7b0): 1/2-1/2 {Draw by 3-fold repetition}
Started game 2867 of 40000 (cand-474c288 vs ref-778c7b0)
Finished game 2857 (cand-474c288 vs ref-778c7b0): 1-0 {White wins by adjudication}
Started game 2868 of 40000 (ref-778c7b0 vs cand-474c288)
Finished game 2852 (ref-778c7b0 vs cand-474c288): 1/2-1/2 {Draw by insufficient mating material}
Started game 2869 of 40000 (cand-474c288 vs ref-778c7b0)
Finished game 2856 (ref-778c7b0 vs cand-474c288): 0-1 {Black wins by adjudication}
Started game 2870 of 40000 (ref-778c7b0 vs cand-474c288)
Finished game 2858 (ref-778c7b0 vs cand-474c288): 1-0 {White wins by adjudication}
Started game 2871 of 40000 (cand-474c288 vs ref-778c7b0)
Finished game 2862 (ref-778c7b0 vs cand-474c288): 0-1 {Black wins by adjudication}
Started game 2872 of 40000 (ref-778c7b0 vs cand-474c288)
Finished game 2860 (ref-778c7b0 vs cand-474c288): 1/2-1/2 {Draw by 3-fold repetition}
--------------------------------------------------
Results of cand-474c288 vs ref-778c7b0 (8+0.08, 1t, 16MB, noob_3moves.epd):
Elo: 19.21 +/- 9.70, nElo: 25.28 +/- 12.73
LOS: 100.00 %, DrawRatio: 35.94 %, PairsRatio: 1.27
Games: 2860, Wins: 936, Losses: 778, Draws: 1146, Points: 1509.0 (52.76 %)
Ptnml(0-2): [101, 302, 514, 364, 149], WL/DD Ratio: 1.14
LLR: 2.68 (91.2%) (-2.94, 2.94) [0.00, 5.00]
--------------------------------------------------
Started game 2873 of 40000 (cand-474c288 vs ref-778c7b0)
Finished game 2864 (ref-778c7b0 vs cand-474c288): 0-1 {Black wins by adjudication}
Started game 2874 of 40000 (ref-778c7b0 vs cand-474c288)
Finished game 2868 (ref-778c7b0 vs cand-474c288): 0-1 {Black wins by adjudication}
Started game 2875 of 40000 (cand-474c288 vs ref-778c7b0)
Finished game 2866 (ref-778c7b0 vs cand-474c288): 0-1 {Black wins by adjudication}
Started game 2876 of 40000 (ref-778c7b0 vs cand-474c288)
Finished game 2867 (cand-474c288 vs ref-778c7b0): 1/2-1/2 {Draw by 3-fold repetition}
Started game 2877 of 40000 (cand-474c288 vs ref-778c7b0)
Finished game 2869 (cand-474c288 vs ref-778c7b0): 1-0 {White wins by adjudication}
Started game 2878 of 40000 (ref-778c7b0 vs cand-474c288)
Finished game 2863 (cand-474c288 vs ref-778c7b0): 0-1 {Black wins by adjudication}
Started game 2879 of 40000 (cand-474c288 vs ref-778c7b0)
Finished game 2872 (ref-778c7b0 vs cand-474c288): 1-0 {White wins by adjudication}
Started game 2880 of 40000 (ref-778c7b0 vs cand-474c288)
Finished game 2871 (cand-474c288 vs ref-778c7b0): 1-0 {White wins by adjudication}
Started game 2881 of 40000 (cand-474c288 vs ref-778c7b0)
Finished game 2865 (cand-474c288 vs ref-778c7b0): 1/2-1/2 {Draw by fifty moves rule}
Started game 2882 of 40000 (ref-778c7b0 vs cand-474c288)
Finished game 2870 (ref-778c7b0 vs cand-474c288): 1-0 {White wins by adjudication}
Started game 2883 of 40000 (cand-474c288 vs ref-778c7b0)
Finished game 2861 (cand-474c288 vs ref-778c7b0): 1/2-1/2 {Draw by fifty moves rule}
Started game 2884 of 40000 (ref-778c7b0 vs cand-474c288)
Finished game 2874 (ref-778c7b0 vs cand-474c288): 0-1 {Black wins by adjudication}
Started game 2885 of 40000 (cand-474c288 vs ref-778c7b0)
Finished game 2873 (cand-474c288 vs ref-778c7b0): 0-1 {Black wins by adjudication}
Started game 2886 of 40000 (ref-778c7b0 vs cand-474c288)
Finished game 2879 (cand-474c288 vs ref-778c7b0): 1/2-1/2 {Draw by 3-fold repetition}
Started game 2887 of 40000 (cand-474c288 vs ref-778c7b0)
Finished game 2875 (cand-474c288 vs ref-778c7b0): 1/2-1/2 {Draw by 3-fold repetition}
Started game 2888 of 40000 (ref-778c7b0 vs cand-474c288)
Finished game 2876 (ref-778c7b0 vs cand-474c288): 1-0 {White wins by adjudication}
Started game 2889 of 40000 (cand-474c288 vs ref-778c7b0)
Finished game 2878 (ref-778c7b0 vs cand-474c288): 1/2-1/2 {Draw by 3-fold repetition}
Started game 2890 of 40000 (ref-778c7b0 vs cand-474c288)
Finished game 2881 (cand-474c288 vs ref-778c7b0): 0-1 {Black wins by adjudication}
Started game 2891 of 40000 (cand-474c288 vs ref-778c7b0)
Finished game 2884 (ref-778c7b0 vs cand-474c288): 1/2-1/2 {Draw by 3-fold repetition}
Started game 2892 of 40000 (ref-778c7b0 vs cand-474c288)
Finished game 2882 (ref-778c7b0 vs cand-474c288): 0-1 {Black wins by adjudication}
Started game 2893 of 40000 (cand-474c288 vs ref-778c7b0)
Finished game 2877 (cand-474c288 vs ref-778c7b0): 1/2-1/2 {Draw by insufficient mating material}
Started game 2894 of 40000 (ref-778c7b0 vs cand-474c288)
Finished game 2883 (cand-474c288 vs ref-778c7b0): 1-0 {White wins by adjudication}
Started game 2895 of 40000 (cand-474c288 vs ref-778c7b0)
Finished game 2880 (ref-778c7b0 vs cand-474c288): 1/2-1/2 {Draw by fifty moves rule}
--------------------------------------------------
Results of cand-474c288 vs ref-778c7b0 (8+0.08, 1t, 16MB, noob_3moves.epd):
Elo: 19.42 +/- 9.63, nElo: 25.62 +/- 12.68
LOS: 100.00 %, DrawRatio: 36.13 %, PairsRatio: 1.28
Games: 2884, Wins: 945, Losses: 784, Draws: 1155, Points: 1522.5 (52.79 %)
Ptnml(0-2): [101, 303, 521, 368, 149], WL/DD Ratio: 1.15
LLR: 2.75 (93.3%) (-2.94, 2.94) [0.00, 5.00]
--------------------------------------------------
Started game 2896 of 40000 (ref-778c7b0 vs cand-474c288)
Finished game 2888 (ref-778c7b0 vs cand-474c288): 1-0 {White wins by adjudication}
Started game 2897 of 40000 (cand-474c288 vs ref-778c7b0)
Finished game 2886 (ref-778c7b0 vs cand-474c288): 1/2-1/2 {Draw by 3-fold repetition}
Started game 2898 of 40000 (ref-778c7b0 vs cand-474c288)
Finished game 2889 (cand-474c288 vs ref-778c7b0): 1/2-1/2 {Draw by 3-fold repetition}
Started game 2899 of 40000 (cand-474c288 vs ref-778c7b0)
Finished game 2887 (cand-474c288 vs ref-778c7b0): 0-1 {Black wins by adjudication}
Started game 2900 of 40000 (ref-778c7b0 vs cand-474c288)
Finished game 2885 (cand-474c288 vs ref-778c7b0): 1/2-1/2 {Draw by insufficient mating material}
Started game 2901 of 40000 (cand-474c288 vs ref-778c7b0)
Finished game 2891 (cand-474c288 vs ref-778c7b0): 1/2-1/2 {Draw by 3-fold repetition}
Started game 2902 of 40000 (ref-778c7b0 vs cand-474c288)
Finished game 2892 (ref-778c7b0 vs cand-474c288): 1-0 {White wins by adjudication}
Started game 2903 of 40000 (cand-474c288 vs ref-778c7b0)
Finished game 2890 (ref-778c7b0 vs cand-474c288): 1-0 {White wins by adjudication}
Started game 2904 of 40000 (ref-778c7b0 vs cand-474c288)
Finished game 2896 (ref-778c7b0 vs cand-474c288): 1/2-1/2 {Draw by 3-fold repetition}
Started game 2905 of 40000 (cand-474c288 vs ref-778c7b0)
Finished game 2893 (cand-474c288 vs ref-778c7b0): 0-1 {Black wins by adjudication}
Started game 2906 of 40000 (ref-778c7b0 vs cand-474c288)
Finished game 2894 (ref-778c7b0 vs cand-474c288): 1-0 {White wins by adjudication}
Started game 2907 of 40000 (cand-474c288 vs ref-778c7b0)
Finished game 2895 (cand-474c288 vs ref-778c7b0): 0-1 {Black wins by adjudication}
Started game 2908 of 40000 (ref-778c7b0 vs cand-474c288)
Finished game 2898 (ref-778c7b0 vs cand-474c288): 0-1 {Black wins by adjudication}
Started game 2909 of 40000 (cand-474c288 vs ref-778c7b0)
Finished game 2902 (ref-778c7b0 vs cand-474c288): 1-0 {White wins by adjudication}
Started game 2910 of 40000 (ref-778c7b0 vs cand-474c288)
Finished game 2897 (cand-474c288 vs ref-778c7b0): 1-0 {White wins by adjudication}
Started game 2911 of 40000 (cand-474c288 vs ref-778c7b0)
Finished game 2901 (cand-474c288 vs ref-778c7b0): 1-0 {White wins by adjudication}
Started game 2912 of 40000 (ref-778c7b0 vs cand-474c288)
Finished game 2899 (cand-474c288 vs ref-778c7b0): 1/2-1/2 {Draw by insufficient mating material}
Started game 2913 of 40000 (cand-474c288 vs ref-778c7b0)
Finished game 2900 (ref-778c7b0 vs cand-474c288): 1-0 {White wins by adjudication}
--------------------------------------------------
Results of cand-474c288 vs ref-778c7b0 (8+0.08, 1t, 16MB, noob_3moves.epd):
Elo: 18.57 +/- 9.62, nElo: 24.46 +/- 12.64
LOS: 99.99 %, DrawRatio: 36.04 %, PairsRatio: 1.26
Games: 2902, Wins: 948, Losses: 793, Draws: 1161, Points: 1528.5 (52.67 %)
Ptnml(0-2): [103, 307, 523, 368, 150], WL/DD Ratio: 1.15
LLR: 2.63 (89.2%) (-2.94, 2.94) [0.00, 5.00]
--------------------------------------------------
Started game 2914 of 40000 (ref-778c7b0 vs cand-474c288)
Finished game 2905 (cand-474c288 vs ref-778c7b0): 1/2-1/2 {Draw by 3-fold repetition}
Started game 2915 of 40000 (cand-474c288 vs ref-778c7b0)
Finished game 2910 (ref-778c7b0 vs cand-474c288): 1/2-1/2 {Draw by 3-fold repetition}
Started game 2916 of 40000 (ref-778c7b0 vs cand-474c288)
Finished game 2907 (cand-474c288 vs ref-778c7b0): 1-0 {White wins by adjudication}
Started game 2917 of 40000 (cand-474c288 vs ref-778c7b0)
Finished game 2903 (cand-474c288 vs ref-778c7b0): 1/2-1/2 {Draw by insufficient mating material}
Started game 2918 of 40000 (ref-778c7b0 vs cand-474c288)
Finished game 2908 (ref-778c7b0 vs cand-474c288): 0-1 {Black wins by adjudication}
Started game 2919 of 40000 (cand-474c288 vs ref-778c7b0)
Finished game 2906 (ref-778c7b0 vs cand-474c288): 1-0 {White wins by adjudication}
Started game 2920 of 40000 (ref-778c7b0 vs cand-474c288)
Finished game 2904 (ref-778c7b0 vs cand-474c288): 1-0 {White wins by adjudication}
Started game 2921 of 40000 (cand-474c288 vs ref-778c7b0)
Finished game 2912 (ref-778c7b0 vs cand-474c288): 1/2-1/2 {Draw by adjudication}
Started game 2922 of 40000 (ref-778c7b0 vs cand-474c288)
Finished game 2914 (ref-778c7b0 vs cand-474c288): 0-1 {Black wins by adjudication}
Started game 2923 of 40000 (cand-474c288 vs ref-778c7b0)
Finished game 2911 (cand-474c288 vs ref-778c7b0): 1-0 {White wins by adjudication}
Started game 2924 of 40000 (ref-778c7b0 vs cand-474c288)
Finished game 2909 (cand-474c288 vs ref-778c7b0): 1-0 {White wins by adjudication}
Started game 2925 of 40000 (cand-474c288 vs ref-778c7b0)
Finished game 2913 (cand-474c288 vs ref-778c7b0): 1/2-1/2 {Draw by adjudication}
Started game 2926 of 40000 (ref-778c7b0 vs cand-474c288)
Finished game 2916 (ref-778c7b0 vs cand-474c288): 1-0 {White wins by adjudication}
Started game 2927 of 40000 (cand-474c288 vs ref-778c7b0)
Finished game 2915 (cand-474c288 vs ref-778c7b0): 0-1 {Black wins by adjudication}
Started game 2928 of 40000 (ref-778c7b0 vs cand-474c288)
Finished game 2921 (cand-474c288 vs ref-778c7b0): 0-1 {Black wins by adjudication}
Started game 2929 of 40000 (cand-474c288 vs ref-778c7b0)
Finished game 2922 (ref-778c7b0 vs cand-474c288): 1-0 {White wins by adjudication}
Started game 2930 of 40000 (ref-778c7b0 vs cand-474c288)
Finished game 2918 (ref-778c7b0 vs cand-474c288): 1/2-1/2 {Draw by 3-fold repetition}
Started game 2931 of 40000 (cand-474c288 vs ref-778c7b0)
Finished game 2925 (cand-474c288 vs ref-778c7b0): 0-1 {Black wins by adjudication}
Started game 2932 of 40000 (ref-778c7b0 vs cand-474c288)
Finished game 2919 (cand-474c288 vs ref-778c7b0): 0-1 {Black wins by adjudication}
Started game 2933 of 40000 (cand-474c288 vs ref-778c7b0)
Finished game 2928 (ref-778c7b0 vs cand-474c288): 1/2-1/2 {Draw by 3-fold repetition}
Started game 2934 of 40000 (ref-778c7b0 vs cand-474c288)
Finished game 2917 (cand-474c288 vs ref-778c7b0): 1/2-1/2 {Draw by adjudication}
Started game 2935 of 40000 (cand-474c288 vs ref-778c7b0)
Finished game 2926 (ref-778c7b0 vs cand-474c288): 1-0 {White wins by adjudication}
Started game 2936 of 40000 (ref-778c7b0 vs cand-474c288)
Finished game 2923 (cand-474c288 vs ref-778c7b0): 1-0 {White wins by adjudication}
Started game 2937 of 40000 (cand-474c288 vs ref-778c7b0)
Finished game 2924 (ref-778c7b0 vs cand-474c288): 0-1 {Black wins by adjudication}
Started game 2938 of 40000 (ref-778c7b0 vs cand-474c288)
Finished game 2920 (ref-778c7b0 vs cand-474c288): 0-1 {Black wins by adjudication}
--------------------------------------------------
Results of cand-474c288 vs ref-778c7b0 (8+0.08, 1t, 16MB, noob_3moves.epd):
Elo: 18.30 +/- 9.61, nElo: 24.02 +/- 12.59
LOS: 99.99 %, DrawRatio: 35.89 %, PairsRatio: 1.26
Games: 2926, Wins: 956, Losses: 802, Draws: 1168, Points: 1540.0 (52.63 %)
Ptnml(0-2): [106, 309, 525, 371, 152], WL/DD Ratio: 1.15
LLR: 2.60 (88.1%) (-2.94, 2.94) [0.00, 5.00]
--------------------------------------------------
Started game 2939 of 40000 (cand-474c288 vs ref-778c7b0)
Finished game 2931 (cand-474c288 vs ref-778c7b0): 0-1 {Black wins by adjudication}
Started game 2940 of 40000 (ref-778c7b0 vs cand-474c288)
Finished game 2929 (cand-474c288 vs ref-778c7b0): 1/2-1/2 {Draw by 3-fold repetition}
Started game 2941 of 40000 (cand-474c288 vs ref-778c7b0)
Finished game 2927 (cand-474c288 vs ref-778c7b0): 1/2-1/2 {Draw by insufficient mating material}
Started game 2942 of 40000 (ref-778c7b0 vs cand-474c288)
Finished game 2932 (ref-778c7b0 vs cand-474c288): 1-0 {White wins by adjudication}
Started game 2943 of 40000 (cand-474c288 vs ref-778c7b0)
Finished game 2937 (cand-474c288 vs ref-778c7b0): 0-1 {Black wins by adjudication}
Started game 2944 of 40000 (ref-778c7b0 vs cand-474c288)
Finished game 2935 (cand-474c288 vs ref-778c7b0): 1/2-1/2 {Draw by 3-fold repetition}
Started game 2945 of 40000 (cand-474c288 vs ref-778c7b0)
Finished game 2936 (ref-778c7b0 vs cand-474c288): 1-0 {White wins by adjudication}
Started game 2946 of 40000 (ref-778c7b0 vs cand-474c288)
Finished game 2933 (cand-474c288 vs ref-778c7b0): 1/2-1/2 {Draw by 3-fold repetition}
Started game 2947 of 40000 (cand-474c288 vs ref-778c7b0)
Finished game 2934 (ref-778c7b0 vs cand-474c288): 0-1 {Black wins by adjudication}
Started game 2948 of 40000 (ref-778c7b0 vs cand-474c288)
Finished game 2930 (ref-778c7b0 vs cand-474c288): 1/2-1/2 {Draw by fifty moves rule}
Started game 2949 of 40000 (cand-474c288 vs ref-778c7b0)
Finished game 2938 (ref-778c7b0 vs cand-474c288): 1-0 {White wins by adjudication}
Started game 2950 of 40000 (ref-778c7b0 vs cand-474c288)
Finished game 2939 (cand-474c288 vs ref-778c7b0): 1-0 {White wins by adjudication}
Started game 2951 of 40000 (cand-474c288 vs ref-778c7b0)
Finished game 2941 (cand-474c288 vs ref-778c7b0): 1/2-1/2 {Draw by 3-fold repetition}
Started game 2952 of 40000 (ref-778c7b0 vs cand-474c288)
Finished game 2948 (ref-778c7b0 vs cand-474c288): 1-0 {White wins by adjudication}
Started game 2953 of 40000 (cand-474c288 vs ref-778c7b0)
Finished game 2947 (cand-474c288 vs ref-778c7b0): 0-1 {Black wins by adjudication}
Started game 2954 of 40000 (ref-778c7b0 vs cand-474c288)
Finished game 2946 (ref-778c7b0 vs cand-474c288): 0-1 {Black wins by adjudication}
Started game 2955 of 40000 (cand-474c288 vs ref-778c7b0)
Finished game 2944 (ref-778c7b0 vs cand-474c288): 0-1 {Black wins by adjudication}
Started game 2956 of 40000 (ref-778c7b0 vs cand-474c288)
Finished game 2940 (ref-778c7b0 vs cand-474c288): 1/2-1/2 {Draw by fifty moves rule}
--------------------------------------------------
Results of cand-474c288 vs ref-778c7b0 (8+0.08, 1t, 16MB, noob_3moves.epd):
Elo: 17.61 +/- 9.60, nElo: 23.07 +/- 12.55
LOS: 99.98 %, DrawRatio: 35.83 %, PairsRatio: 1.25
Games: 2942, Wins: 958, Losses: 809, Draws: 1175, Points: 1545.5 (52.53 %)
Ptnml(0-2): [109, 310, 527, 373, 152], WL/DD Ratio: 1.14
LLR: 2.49 (84.7%) (-2.94, 2.94) [0.00, 5.00]
--------------------------------------------------
Started game 2957 of 40000 (cand-474c288 vs ref-778c7b0)
Finished game 2943 (cand-474c288 vs ref-778c7b0): 0-1 {Black wins by adjudication}
Started game 2958 of 40000 (ref-778c7b0 vs cand-474c288)
Finished game 2942 (ref-778c7b0 vs cand-474c288): 1/2-1/2 {Draw by insufficient mating material}
Started game 2959 of 40000 (cand-474c288 vs ref-778c7b0)
Finished game 2950 (ref-778c7b0 vs cand-474c288): 1-0 {White wins by adjudication}
Started game 2960 of 40000 (ref-778c7b0 vs cand-474c288)
Finished game 2951 (cand-474c288 vs ref-778c7b0): 0-1 {Black wins by adjudication}
Started game 2961 of 40000 (cand-474c288 vs ref-778c7b0)
Finished game 2953 (cand-474c288 vs ref-778c7b0): 1-0 {White wins by adjudication}
Started game 2962 of 40000 (ref-778c7b0 vs cand-474c288)
Finished game 2954 (ref-778c7b0 vs cand-474c288): 1-0 {White wins by adjudication}
Started game 2963 of 40000 (cand-474c288 vs ref-778c7b0)
Finished game 2949 (cand-474c288 vs ref-778c7b0): 0-1 {Black wins by adjudication}
Started game 2964 of 40000 (ref-778c7b0 vs cand-474c288)
Finished game 2945 (cand-474c288 vs ref-778c7b0): 1/2-1/2 {Draw by adjudication}
Started game 2965 of 40000 (cand-474c288 vs ref-778c7b0)
Finished game 2958 (ref-778c7b0 vs cand-474c288): 1-0 {White wins by adjudication}
Started game 2966 of 40000 (ref-778c7b0 vs cand-474c288)
Finished game 2955 (cand-474c288 vs ref-778c7b0): 1/2-1/2 {Draw by adjudication}
Started game 2967 of 40000 (cand-474c288 vs ref-778c7b0)
Finished game 2952 (ref-778c7b0 vs cand-474c288): 1-0 {White wins by adjudication}
Started game 2968 of 40000 (ref-778c7b0 vs cand-474c288)
Finished game 2957 (cand-474c288 vs ref-778c7b0): 1-0 {White wins by adjudication}
Started game 2969 of 40000 (cand-474c288 vs ref-778c7b0)
Finished game 2956 (ref-778c7b0 vs cand-474c288): 0-1 {Black wins by adjudication}
Started game 2970 of 40000 (ref-778c7b0 vs cand-474c288)
Finished game 2961 (cand-474c288 vs ref-778c7b0): 0-1 {Black wins by adjudication}
Started game 2971 of 40000 (cand-474c288 vs ref-778c7b0)
Finished game 2959 (cand-474c288 vs ref-778c7b0): 0-1 {Black wins by adjudication}
Started game 2972 of 40000 (ref-778c7b0 vs cand-474c288)
Finished game 2960 (ref-778c7b0 vs cand-474c288): 1-0 {White wins by adjudication}
--------------------------------------------------
Results of cand-474c288 vs ref-778c7b0 (8+0.08, 1t, 16MB, noob_3moves.epd):
Elo: 17.03 +/- 9.59, nElo: 22.28 +/- 12.52
LOS: 99.98 %, DrawRatio: 35.88 %, PairsRatio: 1.25
Games: 2960, Wins: 963, Losses: 818, Draws: 1179, Points: 1552.5 (52.45 %)
Ptnml(0-2): [112, 310, 531, 375, 152], WL/DD Ratio: 1.15
LLR: 2.41 (82.0%) (-2.94, 2.94) [0.00, 5.00]
--------------------------------------------------
Started game 2973 of 40000 (cand-474c288 vs ref-778c7b0)
Finished game 2967 (cand-474c288 vs ref-778c7b0): 1-0 {White wins by adjudication}
Started game 2974 of 40000 (ref-778c7b0 vs cand-474c288)
Finished game 2966 (ref-778c7b0 vs cand-474c288): 0-1 {Black wins by adjudication}
Started game 2975 of 40000 (cand-474c288 vs ref-778c7b0)
Finished game 2964 (ref-778c7b0 vs cand-474c288): 0-1 {Black wins by adjudication}
Started game 2976 of 40000 (ref-778c7b0 vs cand-474c288)
Finished game 2968 (ref-778c7b0 vs cand-474c288): 1-0 {White wins by adjudication}
Started game 2977 of 40000 (cand-474c288 vs ref-778c7b0)
Finished game 2963 (cand-474c288 vs ref-778c7b0): 1/2-1/2 {Draw by 3-fold repetition}
Started game 2978 of 40000 (ref-778c7b0 vs cand-474c288)
Finished game 2962 (ref-778c7b0 vs cand-474c288): 1-0 {White wins by adjudication}
Started game 2979 of 40000 (cand-474c288 vs ref-778c7b0)
Finished game 2974 (ref-778c7b0 vs cand-474c288): 1-0 {White wins by adjudication}
Started game 2980 of 40000 (ref-778c7b0 vs cand-474c288)
Finished game 2969 (cand-474c288 vs ref-778c7b0): 0-1 {Black wins by adjudication}
Started game 2981 of 40000 (cand-474c288 vs ref-778c7b0)
Finished game 2970 (ref-778c7b0 vs cand-474c288): 1-0 {White wins by adjudication}
Started game 2982 of 40000 (ref-778c7b0 vs cand-474c288)
Finished game 2965 (cand-474c288 vs ref-778c7b0): 1/2-1/2 {Draw by insufficient mating material}
Started game 2983 of 40000 (cand-474c288 vs ref-778c7b0)
Finished game 2972 (ref-778c7b0 vs cand-474c288): 0-1 {Black wins by adjudication}
Started game 2984 of 40000 (ref-778c7b0 vs cand-474c288)
Finished game 2978 (ref-778c7b0 vs cand-474c288): 0-1 {Black wins by adjudication}
Started game 2985 of 40000 (cand-474c288 vs ref-778c7b0)
Finished game 2975 (cand-474c288 vs ref-778c7b0): 0-1 {Black wins by adjudication}
Started game 2986 of 40000 (ref-778c7b0 vs cand-474c288)
Finished game 2973 (cand-474c288 vs ref-778c7b0): 1/2-1/2 {Draw by 3-fold repetition}
Started game 2987 of 40000 (cand-474c288 vs ref-778c7b0)
Finished game 2971 (cand-474c288 vs ref-778c7b0): 0-1 {Black wins by adjudication}
Started game 2988 of 40000 (ref-778c7b0 vs cand-474c288)
Finished game 2976 (ref-778c7b0 vs cand-474c288): 1-0 {White wins by adjudication}
Started game 2989 of 40000 (cand-474c288 vs ref-778c7b0)
Finished game 2979 (cand-474c288 vs ref-778c7b0): 0-1 {Black wins by adjudication}
Started game 2990 of 40000 (ref-778c7b0 vs cand-474c288)
Finished game 2977 (cand-474c288 vs ref-778c7b0): 1/2-1/2 {Draw by 3-fold repetition}
Started game 2991 of 40000 (cand-474c288 vs ref-778c7b0)
Finished game 2980 (ref-778c7b0 vs cand-474c288): 1-0 {White wins by adjudication}
--------------------------------------------------
Results of cand-474c288 vs ref-778c7b0 (8+0.08, 1t, 16MB, noob_3moves.epd):
Elo: 16.22 +/- 9.58, nElo: 21.16 +/- 12.47
LOS: 99.96 %, DrawRatio: 35.77 %, PairsRatio: 1.24
Games: 2980, Wins: 968, Losses: 829, Draws: 1183, Points: 1559.5 (52.33 %)
Ptnml(0-2): [116, 311, 533, 378, 152], WL/DD Ratio: 1.16
LLR: 2.29 (77.8%) (-2.94, 2.94) [0.00, 5.00]
--------------------------------------------------
Started game 2992 of 40000 (ref-778c7b0 vs cand-474c288)
Finished game 2982 (ref-778c7b0 vs cand-474c288): 0-1 {Black wins by adjudication}
Started game 2993 of 40000 (cand-474c288 vs ref-778c7b0)
Finished game 2983 (cand-474c288 vs ref-778c7b0): 1/2-1/2 {Draw by 3-fold repetition}
Started game 2994 of 40000 (ref-778c7b0 vs cand-474c288)
Finished game 2985 (cand-474c288 vs ref-778c7b0): 1-0 {White wins by adjudication}
Started game 2995 of 40000 (cand-474c288 vs ref-778c7b0)
Finished game 2989 (cand-474c288 vs ref-778c7b0): 0-1 {Black wins by adjudication}
Started game 2996 of 40000 (ref-778c7b0 vs cand-474c288)
Finished game 2988 (ref-778c7b0 vs cand-474c288): 0-1 {Black wins by adjudication}
Started game 2997 of 40000 (cand-474c288 vs ref-778c7b0)
Finished game 2986 (ref-778c7b0 vs cand-474c288): 1/2-1/2 {Draw by 3-fold repetition}
Started game 2998 of 40000 (ref-778c7b0 vs cand-474c288)
Finished game 2990 (ref-778c7b0 vs cand-474c288): 1/2-1/2 {Draw by 3-fold repetition}
Started game 2999 of 40000 (cand-474c288 vs ref-778c7b0)
Finished game 2994 (ref-778c7b0 vs cand-474c288): 0-1 {Black wins by adjudication}
Started game 3000 of 40000 (ref-778c7b0 vs cand-474c288)
Finished game 2984 (ref-778c7b0 vs cand-474c288): 0-1 {Black wins by adjudication}
Started game 3001 of 40000 (cand-474c288 vs ref-778c7b0)
Finished game 2995 (cand-474c288 vs ref-778c7b0): 1/2-1/2 {Draw by 3-fold repetition}
Started game 3002 of 40000 (ref-778c7b0 vs cand-474c288)
Finished game 2987 (cand-474c288 vs ref-778c7b0): 1/2-1/2 {Draw by adjudication}
Started game 3003 of 40000 (cand-474c288 vs ref-778c7b0)
Finished game 2981 (cand-474c288 vs ref-778c7b0): 1/2-1/2 {Draw by adjudication}
Started game 3004 of 40000 (ref-778c7b0 vs cand-474c288)
Finished game 2992 (ref-778c7b0 vs cand-474c288): 1/2-1/2 {Draw by 3-fold repetition}
Started game 3005 of 40000 (cand-474c288 vs ref-778c7b0)
Finished game 2991 (cand-474c288 vs ref-778c7b0): 1/2-1/2 {Draw by adjudication}
Started game 3006 of 40000 (ref-778c7b0 vs cand-474c288)
Finished game 2993 (cand-474c288 vs ref-778c7b0): 1/2-1/2 {Draw by 3-fold repetition}
Started game 3007 of 40000 (cand-474c288 vs ref-778c7b0)
Finished game 2996 (ref-778c7b0 vs cand-474c288): 1/2-1/2 {Draw by 3-fold repetition}
Started game 3008 of 40000 (ref-778c7b0 vs cand-474c288)
Finished game 2999 (cand-474c288 vs ref-778c7b0): 0-1 {Black wins by adjudication}
Started game 3009 of 40000 (cand-474c288 vs ref-778c7b0)
Finished game 2998 (ref-778c7b0 vs cand-474c288): 0-1 {Black wins by adjudication}
Started game 3010 of 40000 (ref-778c7b0 vs cand-474c288)
Finished game 3001 (cand-474c288 vs ref-778c7b0): 1-0 {White wins by adjudication}
Started game 3011 of 40000 (cand-474c288 vs ref-778c7b0)
Finished game 3002 (ref-778c7b0 vs cand-474c288): 0-1 {Black wins by adjudication}
Started game 3012 of 40000 (ref-778c7b0 vs cand-474c288)
Finished game 3000 (ref-778c7b0 vs cand-474c288): 1/2-1/2 {Draw by 3-fold repetition}
--------------------------------------------------
Results of cand-474c288 vs ref-778c7b0 (8+0.08, 1t, 16MB, noob_3moves.epd):
Elo: 16.69 +/- 9.54, nElo: 21.78 +/- 12.43
LOS: 99.97 %, DrawRatio: 35.67 %, PairsRatio: 1.25
Games: 3000, Wins: 975, Losses: 831, Draws: 1194, Points: 1572.0 (52.40 %)
Ptnml(0-2): [116, 313, 535, 383, 153], WL/DD Ratio: 1.15
LLR: 2.38 (81.0%) (-2.94, 2.94) [0.00, 5.00]
--------------------------------------------------
Started game 3013 of 40000 (cand-474c288 vs ref-778c7b0)
Finished game 3003 (cand-474c288 vs ref-778c7b0): 1-0 {White wins by adjudication}
Started game 3014 of 40000 (ref-778c7b0 vs cand-474c288)
Finished game 3007 (cand-474c288 vs ref-778c7b0): 1-0 {White wins by adjudication}
Started game 3015 of 40000 (cand-474c288 vs ref-778c7b0)
Finished game 3004 (ref-778c7b0 vs cand-474c288): 1/2-1/2 {Draw by 3-fold repetition}
Started game 3016 of 40000 (ref-778c7b0 vs cand-474c288)
Finished game 3008 (ref-778c7b0 vs cand-474c288): 1/2-1/2 {Draw by 3-fold repetition}
Started game 3017 of 40000 (cand-474c288 vs ref-778c7b0)
Finished game 2997 (cand-474c288 vs ref-778c7b0): 1/2-1/2 {Draw by insufficient mating material}
Started game 3018 of 40000 (ref-778c7b0 vs cand-474c288)
Finished game 3005 (cand-474c288 vs ref-778c7b0): 1-0 {White wins by adjudication}
Started game 3019 of 40000 (cand-474c288 vs ref-778c7b0)
Finished game 3010 (ref-778c7b0 vs cand-474c288): 0-1 {Black wins by adjudication}
Started game 3020 of 40000 (ref-778c7b0 vs cand-474c288)
Finished game 3006 (ref-778c7b0 vs cand-474c288): 1/2-1/2 {Draw by insufficient mating material}
Started game 3021 of 40000 (cand-474c288 vs ref-778c7b0)
Finished game 3009 (cand-474c288 vs ref-778c7b0): 1/2-1/2 {Draw by insufficient mating material}
Started game 3022 of 40000 (ref-778c7b0 vs cand-474c288)
Finished game 3011 (cand-474c288 vs ref-778c7b0): 1/2-1/2 {Draw by 3-fold repetition}
Started game 3023 of 40000 (cand-474c288 vs ref-778c7b0)
Finished game 3013 (cand-474c288 vs ref-778c7b0): 1-0 {White wins by adjudication}
Started game 3024 of 40000 (ref-778c7b0 vs cand-474c288)
Finished game 3015 (cand-474c288 vs ref-778c7b0): 1-0 {White wins by adjudication}
Started game 3025 of 40000 (cand-474c288 vs ref-778c7b0)
Finished game 3012 (ref-778c7b0 vs cand-474c288): 1-0 {White wins by adjudication}
Started game 3026 of 40000 (ref-778c7b0 vs cand-474c288)
Finished game 3016 (ref-778c7b0 vs cand-474c288): 1/2-1/2 {Draw by 3-fold repetition}
Started game 3027 of 40000 (cand-474c288 vs ref-778c7b0)
Finished game 3014 (ref-778c7b0 vs cand-474c288): 1-0 {White wins by adjudication}
Started game 3028 of 40000 (ref-778c7b0 vs cand-474c288)
Finished game 3017 (cand-474c288 vs ref-778c7b0): 1-0 {White wins by adjudication}
Started game 3029 of 40000 (cand-474c288 vs ref-778c7b0)
Finished game 3018 (ref-778c7b0 vs cand-474c288): 0-1 {Black wins by adjudication}
Started game 3030 of 40000 (ref-778c7b0 vs cand-474c288)
Finished game 3021 (cand-474c288 vs ref-778c7b0): 1-0 {White wins by adjudication}
Started game 3031 of 40000 (cand-474c288 vs ref-778c7b0)
Finished game 3020 (ref-778c7b0 vs cand-474c288): 1/2-1/2 {Draw by 3-fold repetition}
Started game 3032 of 40000 (ref-778c7b0 vs cand-474c288)
Finished game 3019 (cand-474c288 vs ref-778c7b0): 1/2-1/2 {Draw by 3-fold repetition}
--------------------------------------------------
Results of cand-474c288 vs ref-778c7b0 (8+0.08, 1t, 16MB, noob_3moves.epd):
Elo: 17.39 +/- 9.51, nElo: 22.70 +/- 12.39
LOS: 99.98 %, DrawRatio: 35.56 %, PairsRatio: 1.26
Games: 3020, Wins: 984, Losses: 833, Draws: 1203, Points: 1585.5 (52.50 %)
Ptnml(0-2): [116, 314, 537, 389, 154], WL/DD Ratio: 1.15
LLR: 2.51 (85.4%) (-2.94, 2.94) [0.00, 5.00]
--------------------------------------------------
Started game 3033 of 40000 (cand-474c288 vs ref-778c7b0)
Finished game 3022 (ref-778c7b0 vs cand-474c288): 1-0 {White wins by adjudication}
Started game 3034 of 40000 (ref-778c7b0 vs cand-474c288)
Finished game 3023 (cand-474c288 vs ref-778c7b0): 0-1 {Black wins by adjudication}
Started game 3035 of 40000 (cand-474c288 vs ref-778c7b0)
Finished game 3025 (cand-474c288 vs ref-778c7b0): 1/2-1/2 {Draw by 3-fold repetition}
Started game 3036 of 40000 (ref-778c7b0 vs cand-474c288)
Finished game 3026 (ref-778c7b0 vs cand-474c288): 1-0 {White wins by adjudication}
Started game 3037 of 40000 (cand-474c288 vs ref-778c7b0)
Finished game 3029 (cand-474c288 vs ref-778c7b0): 1-0 {White wins by adjudication}
Started game 3038 of 40000 (ref-778c7b0 vs cand-474c288)
Finished game 3028 (ref-778c7b0 vs cand-474c288): 0-1 {Black wins by adjudication}
Started game 3039 of 40000 (cand-474c288 vs ref-778c7b0)
Finished game 3032 (ref-778c7b0 vs cand-474c288): 0-1 {Black wins by adjudication}
Started game 3040 of 40000 (ref-778c7b0 vs cand-474c288)
Finished game 3027 (cand-474c288 vs ref-778c7b0): 1/2-1/2 {Draw by 3-fold repetition}
Started game 3041 of 40000 (cand-474c288 vs ref-778c7b0)
Finished game 3035 (cand-474c288 vs ref-778c7b0): 1-0 {White wins by adjudication}
Started game 3042 of 40000 (ref-778c7b0 vs cand-474c288)
Finished game 3024 (ref-778c7b0 vs cand-474c288): 1/2-1/2 {Draw by adjudication}
Started game 3043 of 40000 (cand-474c288 vs ref-778c7b0)
Finished game 3030 (ref-778c7b0 vs cand-474c288): 0-1 {Black wins by adjudication}
Started game 3044 of 40000 (ref-778c7b0 vs cand-474c288)
Finished game 3033 (cand-474c288 vs ref-778c7b0): 1/2-1/2 {Draw by 3-fold repetition}
Started game 3045 of 40000 (cand-474c288 vs ref-778c7b0)
Finished game 3038 (ref-778c7b0 vs cand-474c288): 1-0 {White wins by adjudication}
Started game 3046 of 40000 (ref-778c7b0 vs cand-474c288)
Finished game 3036 (ref-778c7b0 vs cand-474c288): 0-1 {Black wins by adjudication}
Started game 3047 of 40000 (cand-474c288 vs ref-778c7b0)
Finished game 3034 (ref-778c7b0 vs cand-474c288): 1/2-1/2 {Draw by 3-fold repetition}
Started game 3048 of 40000 (ref-778c7b0 vs cand-474c288)
Finished game 3031 (cand-474c288 vs ref-778c7b0): 1/2-1/2 {Draw by adjudication}
Started game 3049 of 40000 (cand-474c288 vs ref-778c7b0)
Finished game 3041 (cand-474c288 vs ref-778c7b0): 1/2-1/2 {Draw by 3-fold repetition}
Started game 3050 of 40000 (ref-778c7b0 vs cand-474c288)
Finished game 3037 (cand-474c288 vs ref-778c7b0): 1/2-1/2 {Draw by 3-fold repetition}
Started game 3051 of 40000 (cand-474c288 vs ref-778c7b0)
Finished game 3045 (cand-474c288 vs ref-778c7b0): 1/2-1/2 {Draw by 3-fold repetition}
Started game 3052 of 40000 (ref-778c7b0 vs cand-474c288)
Finished game 3040 (ref-778c7b0 vs cand-474c288): 0-1 {Black wins by adjudication}
Started game 3053 of 40000 (cand-474c288 vs ref-778c7b0)
Finished game 3043 (cand-474c288 vs ref-778c7b0): 1-0 {White wins by adjudication}
Started game 3054 of 40000 (ref-778c7b0 vs cand-474c288)
Finished game 3042 (ref-778c7b0 vs cand-474c288): 1/2-1/2 {Draw by 3-fold repetition}
Started game 3055 of 40000 (cand-474c288 vs ref-778c7b0)
Finished game 3039 (cand-474c288 vs ref-778c7b0): 0-1 {Black wins by adjudication}
--------------------------------------------------
Results of cand-474c288 vs ref-778c7b0 (8+0.08, 1t, 16MB, noob_3moves.epd):
Elo: 17.60 +/- 9.47, nElo: 22.99 +/- 12.35
LOS: 99.99 %, DrawRatio: 35.57 %, PairsRatio: 1.26
Games: 3042, Wins: 992, Losses: 838, Draws: 1212, Points: 1598.0 (52.53 %)
Ptnml(0-2): [116, 317, 541, 391, 156], WL/DD Ratio: 1.15
LLR: 2.57 (87.2%) (-2.94, 2.94) [0.00, 5.00]
--------------------------------------------------
Started game 3056 of 40000 (ref-778c7b0 vs cand-474c288)
Finished game 3044 (ref-778c7b0 vs cand-474c288): 1/2-1/2 {Draw by 3-fold repetition}
Started game 3057 of 40000 (cand-474c288 vs ref-778c7b0)
Finished game 3048 (ref-778c7b0 vs cand-474c288): 1-0 {White wins by adjudication}
Started game 3058 of 40000 (ref-778c7b0 vs cand-474c288)
Finished game 3052 (ref-778c7b0 vs cand-474c288): 0-1 {Black wins by adjudication}
Started game 3059 of 40000 (cand-474c288 vs ref-778c7b0)
Finished game 3046 (ref-778c7b0 vs cand-474c288): 0-1 {Black wins by adjudication}
Started game 3060 of 40000 (ref-778c7b0 vs cand-474c288)
Finished game 3047 (cand-474c288 vs ref-778c7b0): 1-0 {White wins by adjudication}
Started game 3061 of 40000 (cand-474c288 vs ref-778c7b0)
Finished game 3054 (ref-778c7b0 vs cand-474c288): 0-1 {Black wins by adjudication}
Started game 3062 of 40000 (ref-778c7b0 vs cand-474c288)
Finished game 3051 (cand-474c288 vs ref-778c7b0): 0-1 {Black wins by adjudication}
Started game 3063 of 40000 (cand-474c288 vs ref-778c7b0)
Finished game 3053 (cand-474c288 vs ref-778c7b0): 0-1 {Black wins by adjudication}
Started game 3064 of 40000 (ref-778c7b0 vs cand-474c288)
Finished game 3050 (ref-778c7b0 vs cand-474c288): 1-0 {White wins by adjudication}
Started game 3065 of 40000 (cand-474c288 vs ref-778c7b0)
Finished game 3055 (cand-474c288 vs ref-778c7b0): 0-1 {Black wins by adjudication}
Started game 3066 of 40000 (ref-778c7b0 vs cand-474c288)
Finished game 3059 (cand-474c288 vs ref-778c7b0): 0-1 {Black wins by adjudication}
Started game 3067 of 40000 (cand-474c288 vs ref-778c7b0)
Finished game 3058 (ref-778c7b0 vs cand-474c288): 1-0 {White wins by adjudication}
Started game 3068 of 40000 (ref-778c7b0 vs cand-474c288)
Finished game 3049 (cand-474c288 vs ref-778c7b0): 1/2-1/2 {Draw by adjudication}
Started game 3069 of 40000 (cand-474c288 vs ref-778c7b0)
Finished game 3056 (ref-778c7b0 vs cand-474c288): 1-0 {White wins by adjudication}
Started game 3070 of 40000 (ref-778c7b0 vs cand-474c288)
Finished game 3063 (cand-474c288 vs ref-778c7b0): 1-0 {White wins by adjudication}
Started game 3071 of 40000 (cand-474c288 vs ref-778c7b0)
Finished game 3061 (cand-474c288 vs ref-778c7b0): 0-1 {Black wins by adjudication}
Started game 3072 of 40000 (ref-778c7b0 vs cand-474c288)
Finished game 3060 (ref-778c7b0 vs cand-474c288): 0-1 {Black wins by adjudication}
--------------------------------------------------
Results of cand-474c288 vs ref-778c7b0 (8+0.08, 1t, 16MB, noob_3moves.epd):
Elo: 17.40 +/- 9.44, nElo: 22.74 +/- 12.31
LOS: 99.99 %, DrawRatio: 35.64 %, PairsRatio: 1.26
Games: 3058, Wins: 998, Losses: 845, Draws: 1215, Points: 1605.5 (52.50 %)
Ptnml(0-2): [117, 318, 545, 393, 156], WL/DD Ratio: 1.16
LLR: 2.55 (86.6%) (-2.94, 2.94) [0.00, 5.00]
--------------------------------------------------
Started game 3073 of 40000 (cand-474c288 vs ref-778c7b0)
Finished game 3062 (ref-778c7b0 vs cand-474c288): 0-1 {Black wins by adjudication}
Started game 3074 of 40000 (ref-778c7b0 vs cand-474c288)
Finished game 3064 (ref-778c7b0 vs cand-474c288): 1-0 {White wins by adjudication}
Started game 3075 of 40000 (cand-474c288 vs ref-778c7b0)
Finished game 3066 (ref-778c7b0 vs cand-474c288): 1/2-1/2 {Draw by 3-fold repetition}
Started game 3076 of 40000 (ref-778c7b0 vs cand-474c288)
Finished game 3057 (cand-474c288 vs ref-778c7b0): 1/2-1/2 {Draw by fifty moves rule}
Started game 3077 of 40000 (cand-474c288 vs ref-778c7b0)
Finished game 3065 (cand-474c288 vs ref-778c7b0): 1-0 {White wins by adjudication}
Started game 3078 of 40000 (ref-778c7b0 vs cand-474c288)
Finished game 3067 (cand-474c288 vs ref-778c7b0): 1-0 {White wins by adjudication}
Started game 3079 of 40000 (cand-474c288 vs ref-778c7b0)
Finished game 3069 (cand-474c288 vs ref-778c7b0): 1-0 {White wins by adjudication}
Started game 3080 of 40000 (ref-778c7b0 vs cand-474c288)
Finished game 3068 (ref-778c7b0 vs cand-474c288): 0-1 {Black wins by adjudication}
Started game 3081 of 40000 (cand-474c288 vs ref-778c7b0)
Finished game 3071 (cand-474c288 vs ref-778c7b0): 1-0 {White wins by adjudication}
Started game 3082 of 40000 (ref-778c7b0 vs cand-474c288)
Finished game 3070 (ref-778c7b0 vs cand-474c288): 1-0 {White wins by adjudication}
Started game 3083 of 40000 (cand-474c288 vs ref-778c7b0)
Finished game 3074 (ref-778c7b0 vs cand-474c288): 0-1 {Black wins by adjudication}
Started game 3084 of 40000 (ref-778c7b0 vs cand-474c288)
Finished game 3072 (ref-778c7b0 vs cand-474c288): 1-0 {White wins by adjudication}
Started game 3085 of 40000 (cand-474c288 vs ref-778c7b0)
Finished game 3073 (cand-474c288 vs ref-778c7b0): 0-1 {Black wins by adjudication}
Started game 3086 of 40000 (ref-778c7b0 vs cand-474c288)
Finished game 3075 (cand-474c288 vs ref-778c7b0): 1-0 {White wins by adjudication}
Started game 3087 of 40000 (cand-474c288 vs ref-778c7b0)
Finished game 3079 (cand-474c288 vs ref-778c7b0): 0-1 {Black wins by adjudication}
Started game 3088 of 40000 (ref-778c7b0 vs cand-474c288)
Finished game 3076 (ref-778c7b0 vs cand-474c288): 1/2-1/2 {Draw by stalemate}
Started game 3089 of 40000 (cand-474c288 vs ref-778c7b0)
Finished game 3078 (ref-778c7b0 vs cand-474c288): 0-1 {Black wins by adjudication}
Started game 3090 of 40000 (ref-778c7b0 vs cand-474c288)
Finished game 3083 (cand-474c288 vs ref-778c7b0): 1-0 {White wins by adjudication}
Started game 3091 of 40000 (cand-474c288 vs ref-778c7b0)
Finished game 3081 (cand-474c288 vs ref-778c7b0): 0-1 {Black wins by adjudication}
Started game 3092 of 40000 (ref-778c7b0 vs cand-474c288)
Finished game 3089 (cand-474c288 vs ref-778c7b0): 1/2-1/2 {Draw by 3-fold repetition}
Started game 3093 of 40000 (cand-474c288 vs ref-778c7b0)
Finished game 3082 (ref-778c7b0 vs cand-474c288): 0-1 {Black wins by adjudication}
Started game 3094 of 40000 (ref-778c7b0 vs cand-474c288)
Finished game 3080 (ref-778c7b0 vs cand-474c288): 1-0 {White wins by adjudication}
--------------------------------------------------
Results of cand-474c288 vs ref-778c7b0 (8+0.08, 1t, 16MB, noob_3moves.epd):
Elo: 17.39 +/- 9.40, nElo: 22.73 +/- 12.27
LOS: 99.99 %, DrawRatio: 35.78 %, PairsRatio: 1.26
Games: 3080, Wins: 1008, Losses: 854, Draws: 1218, Points: 1617.0 (52.50 %)
Ptnml(0-2): [118, 319, 551, 395, 157], WL/DD Ratio: 1.19
LLR: 2.57 (87.2%) (-2.94, 2.94) [0.00, 5.00]
--------------------------------------------------
Started game 3095 of 40000 (cand-474c288 vs ref-778c7b0)
Finished game 3085 (cand-474c288 vs ref-778c7b0): 1/2-1/2 {Draw by insufficient mating material}
Started game 3096 of 40000 (ref-778c7b0 vs cand-474c288)
Finished game 3086 (ref-778c7b0 vs cand-474c288): 0-1 {Black wins by adjudication}
Started game 3097 of 40000 (cand-474c288 vs ref-778c7b0)
Finished game 3087 (cand-474c288 vs ref-778c7b0): 0-1 {Black wins by adjudication}
Started game 3098 of 40000 (ref-778c7b0 vs cand-474c288)
Finished game 3077 (cand-474c288 vs ref-778c7b0): 1/2-1/2 {Draw by fifty moves rule}
Started game 3099 of 40000 (cand-474c288 vs ref-778c7b0)
Finished game 3084 (ref-778c7b0 vs cand-474c288): 1-0 {White wins by adjudication}
Started game 3100 of 40000 (ref-778c7b0 vs cand-474c288)
Finished game 3088 (ref-778c7b0 vs cand-474c288): 0-1 {Black wins by adjudication}
Started game 3101 of 40000 (cand-474c288 vs ref-778c7b0)
Finished game 3093 (cand-474c288 vs ref-778c7b0): 0-1 {Black wins by adjudication}
Started game 3102 of 40000 (ref-778c7b0 vs cand-474c288)
Finished game 3091 (cand-474c288 vs ref-778c7b0): 1-0 {White wins by adjudication}
Started game 3103 of 40000 (cand-474c288 vs ref-778c7b0)
Finished game 3094 (ref-778c7b0 vs cand-474c288): 1/2-1/2 {Draw by adjudication}
Started game 3104 of 40000 (ref-778c7b0 vs cand-474c288)
Finished game 3097 (cand-474c288 vs ref-778c7b0): 1/2-1/2 {Draw by 3-fold repetition}
Started game 3105 of 40000 (cand-474c288 vs ref-778c7b0)
Finished game 3090 (ref-778c7b0 vs cand-474c288): 1-0 {White wins by adjudication}
Started game 3106 of 40000 (ref-778c7b0 vs cand-474c288)
Finished game 3092 (ref-778c7b0 vs cand-474c288): 1-0 {White wins by adjudication}
Started game 3107 of 40000 (cand-474c288 vs ref-778c7b0)
Finished game 3098 (ref-778c7b0 vs cand-474c288): 1-0 {White wins by adjudication}
Started game 3108 of 40000 (ref-778c7b0 vs cand-474c288)
Finished game 3095 (cand-474c288 vs ref-778c7b0): 1/2-1/2 {Draw by adjudication}
Started game 3109 of 40000 (cand-474c288 vs ref-778c7b0)
Finished game 3099 (cand-474c288 vs ref-778c7b0): 0-1 {Black wins by adjudication}
Started game 3110 of 40000 (ref-778c7b0 vs cand-474c288)
Finished game 3104 (ref-778c7b0 vs cand-474c288): 0-1 {Black wins by adjudication}
Started game 3111 of 40000 (cand-474c288 vs ref-778c7b0)
Finished game 3096 (ref-778c7b0 vs cand-474c288): 1/2-1/2 {Draw by insufficient mating material}
Started game 3112 of 40000 (ref-778c7b0 vs cand-474c288)
Finished game 3100 (ref-778c7b0 vs cand-474c288): 0-1 {Black wins by adjudication}
--------------------------------------------------
Results of cand-474c288 vs ref-778c7b0 (8+0.08, 1t, 16MB, noob_3moves.epd):
Elo: 17.16 +/- 9.35, nElo: 22.48 +/- 12.23
LOS: 99.98 %, DrawRatio: 35.87 %, PairsRatio: 1.26
Games: 3100, Wins: 1014, Losses: 861, Draws: 1225, Points: 1626.5 (52.47 %)
Ptnml(0-2): [118, 322, 556, 397, 157], WL/DD Ratio: 1.20
LLR: 2.55 (86.7%) (-2.94, 2.94) [0.00, 5.00]
--------------------------------------------------
Started game 3113 of 40000 (cand-474c288 vs ref-778c7b0)
Finished game 3102 (ref-778c7b0 vs cand-474c288): 1/2-1/2 {Draw by adjudication}
Started game 3114 of 40000 (ref-778c7b0 vs cand-474c288)
Finished game 3105 (cand-474c288 vs ref-778c7b0): 1-0 {White wins by adjudication}
Started game 3115 of 40000 (cand-474c288 vs ref-778c7b0)
Finished game 3103 (cand-474c288 vs ref-778c7b0): 1/2-1/2 {Draw by insufficient mating material}
Started game 3116 of 40000 (ref-778c7b0 vs cand-474c288)
Finished game 3101 (cand-474c288 vs ref-778c7b0): 1/2-1/2 {Draw by adjudication}
Started game 3117 of 40000 (cand-474c288 vs ref-778c7b0)
Finished game 3115 (cand-474c288 vs ref-778c7b0): 1-0 {White wins by adjudication}
Started game 3118 of 40000 (ref-778c7b0 vs cand-474c288)
Finished game 3111 (cand-474c288 vs ref-778c7b0): 1/2-1/2 {Draw by 3-fold repetition}
Started game 3119 of 40000 (cand-474c288 vs ref-778c7b0)
Finished game 3110 (ref-778c7b0 vs cand-474c288): 1-0 {White wins by adjudication}
Started game 3120 of 40000 (ref-778c7b0 vs cand-474c288)
Finished game 3113 (cand-474c288 vs ref-778c7b0): 1/2-1/2 {Draw by 3-fold repetition}
Started game 3121 of 40000 (cand-474c288 vs ref-778c7b0)
Finished game 3106 (ref-778c7b0 vs cand-474c288): 0-1 {Black wins by adjudication}
Started game 3122 of 40000 (ref-778c7b0 vs cand-474c288)
Finished game 3107 (cand-474c288 vs ref-778c7b0): 1-0 {White wins by adjudication}
Started game 3123 of 40000 (cand-474c288 vs ref-778c7b0)
Finished game 3117 (cand-474c288 vs ref-778c7b0): 0-1 {Black wins by adjudication}
Started game 3124 of 40000 (ref-778c7b0 vs cand-474c288)
Finished game 3108 (ref-778c7b0 vs cand-474c288): 1/2-1/2 {Draw by adjudication}
Started game 3125 of 40000 (cand-474c288 vs ref-778c7b0)
Finished game 3116 (ref-778c7b0 vs cand-474c288): 1-0 {White wins by adjudication}
Started game 3126 of 40000 (ref-778c7b0 vs cand-474c288)
Finished game 3114 (ref-778c7b0 vs cand-474c288): 1-0 {White wins by adjudication}
Started game 3127 of 40000 (cand-474c288 vs ref-778c7b0)
Finished game 3119 (cand-474c288 vs ref-778c7b0): 0-1 {Black wins by adjudication}
Started game 3128 of 40000 (ref-778c7b0 vs cand-474c288)
Finished game 3112 (ref-778c7b0 vs cand-474c288): 1/2-1/2 {Draw by insufficient mating material}
Started game 3129 of 40000 (cand-474c288 vs ref-778c7b0)
Finished game 3109 (cand-474c288 vs ref-778c7b0): 1/2-1/2 {Draw by insufficient mating material}
Started game 3130 of 40000 (ref-778c7b0 vs cand-474c288)
Finished game 3121 (cand-474c288 vs ref-778c7b0): 1-0 {White wins by adjudication}
Started game 3131 of 40000 (cand-474c288 vs ref-778c7b0)
Finished game 3120 (ref-778c7b0 vs cand-474c288): 0-1 {Black wins by adjudication}
--------------------------------------------------
Results of cand-474c288 vs ref-778c7b0 (8+0.08, 1t, 16MB, noob_3moves.epd):
Elo: 17.29 +/- 9.32, nElo: 22.66 +/- 12.20
LOS: 99.99 %, DrawRatio: 35.92 %, PairsRatio: 1.26
Games: 3118, Wins: 1020, Losses: 865, Draws: 1233, Points: 1636.5 (52.49 %)
Ptnml(0-2): [118, 324, 560, 399, 158], WL/DD Ratio: 1.20
LLR: 2.59 (87.9%) (-2.94, 2.94) [0.00, 5.00]
--------------------------------------------------
Started game 3132 of 40000 (ref-778c7b0 vs cand-474c288)
Finished game 3122 (ref-778c7b0 vs cand-474c288): 0-1 {Black wins by adjudication}
Started game 3133 of 40000 (cand-474c288 vs ref-778c7b0)
Finished game 3125 (cand-474c288 vs ref-778c7b0): 0-1 {Black wins by adjudication}
Started game 3134 of 40000 (ref-778c7b0 vs cand-474c288)
Finished game 3126 (ref-778c7b0 vs cand-474c288): 1-0 {White wins by adjudication}
Started game 3135 of 40000 (cand-474c288 vs ref-778c7b0)
Finished game 3118 (ref-778c7b0 vs cand-474c288): 1/2-1/2 {Draw by fifty moves rule}
Started game 3136 of 40000 (ref-778c7b0 vs cand-474c288)
Finished game 3123 (cand-474c288 vs ref-778c7b0): 1/2-1/2 {Draw by insufficient mating material}
Started game 3137 of 40000 (cand-474c288 vs ref-778c7b0)
Finished game 3127 (cand-474c288 vs ref-778c7b0): 0-1 {Black wins by adjudication}
Started game 3138 of 40000 (ref-778c7b0 vs cand-474c288)
Finished game 3130 (ref-778c7b0 vs cand-474c288): 0-1 {Black wins by adjudication}
Started game 3139 of 40000 (cand-474c288 vs ref-778c7b0)
Finished game 3124 (ref-778c7b0 vs cand-474c288): 1/2-1/2 {Draw by adjudication}
Started game 3140 of 40000 (ref-778c7b0 vs cand-474c288)
Finished game 3129 (cand-474c288 vs ref-778c7b0): 1/2-1/2 {Draw by insufficient mating material}
Started game 3141 of 40000 (cand-474c288 vs ref-778c7b0)
Finished game 3128 (ref-778c7b0 vs cand-474c288): 1-0 {White wins by adjudication}
Started game 3142 of 40000 (ref-778c7b0 vs cand-474c288)
Finished game 3131 (cand-474c288 vs ref-778c7b0): 0-1 {Black wins by adjudication}
Started game 3143 of 40000 (cand-474c288 vs ref-778c7b0)
Finished game 3139 (cand-474c288 vs ref-778c7b0): 1/2-1/2 {Draw by 3-fold repetition}
Started game 3144 of 40000 (ref-778c7b0 vs cand-474c288)
Finished game 3132 (ref-778c7b0 vs cand-474c288): 1/2-1/2 {Draw by insufficient mating material}
Started game 3145 of 40000 (cand-474c288 vs ref-778c7b0)
Finished game 3135 (cand-474c288 vs ref-778c7b0): 1-0 {White wins by adjudication}
Started game 3146 of 40000 (ref-778c7b0 vs cand-474c288)
Finished game 3140 (ref-778c7b0 vs cand-474c288): 0-1 {Black wins by adjudication}
--------------------------------------------------
Results of cand-474c288 vs ref-778c7b0 (8+0.08, 1t, 16MB, noob_3moves.epd):
Elo: 16.98 +/- 9.31, nElo: 22.21 +/- 12.16
LOS: 99.98 %, DrawRatio: 35.80 %, PairsRatio: 1.26
Games: 3134, Wins: 1024, Losses: 871, Draws: 1239, Points: 1643.5 (52.44 %)
Ptnml(0-2): [120, 326, 561, 401, 159], WL/DD Ratio: 1.19
LLR: 2.54 (86.4%) (-2.94, 2.94) [0.00, 5.00]
--------------------------------------------------
Started game 3147 of 40000 (cand-474c288 vs ref-778c7b0)
Finished game 3141 (cand-474c288 vs ref-778c7b0): 1-0 {White wins by adjudication}
Started game 3148 of 40000 (ref-778c7b0 vs cand-474c288)
Finished game 3142 (ref-778c7b0 vs cand-474c288): 1-0 {White wins by adjudication}
Started game 3149 of 40000 (cand-474c288 vs ref-778c7b0)
Finished game 3138 (ref-778c7b0 vs cand-474c288): 1-0 {White wins by adjudication}
Started game 3150 of 40000 (ref-778c7b0 vs cand-474c288)
Finished game 3137 (cand-474c288 vs ref-778c7b0): 0-1 {Black wins by adjudication}
Started game 3151 of 40000 (cand-474c288 vs ref-778c7b0)
Finished game 3136 (ref-778c7b0 vs cand-474c288): 1/2-1/2 {Draw by adjudication}
Started game 3152 of 40000 (ref-778c7b0 vs cand-474c288)
Finished game 3134 (ref-778c7b0 vs cand-474c288): 1-0 {White wins by adjudication}
Started game 3153 of 40000 (cand-474c288 vs ref-778c7b0)
Finished game 3133 (cand-474c288 vs ref-778c7b0): 1-0 {White wins by adjudication}
Started game 3154 of 40000 (ref-778c7b0 vs cand-474c288)
Finished game 3143 (cand-474c288 vs ref-778c7b0): 0-1 {Black wins by adjudication}
Started game 3155 of 40000 (cand-474c288 vs ref-778c7b0)
Finished game 3144 (ref-778c7b0 vs cand-474c288): 1/2-1/2 {Draw by 3-fold repetition}
Started game 3156 of 40000 (ref-778c7b0 vs cand-474c288)
Finished game 3146 (ref-778c7b0 vs cand-474c288): 1-0 {White wins by adjudication}
Started game 3157 of 40000 (cand-474c288 vs ref-778c7b0)
Finished game 3147 (cand-474c288 vs ref-778c7b0): 1-0 {White wins by adjudication}
Started game 3158 of 40000 (ref-778c7b0 vs cand-474c288)
Finished game 3145 (cand-474c288 vs ref-778c7b0): 1/2-1/2 {Draw by adjudication}
Started game 3159 of 40000 (cand-474c288 vs ref-778c7b0)
Finished game 3152 (ref-778c7b0 vs cand-474c288): 1-0 {White wins by adjudication}
Started game 3160 of 40000 (ref-778c7b0 vs cand-474c288)
Finished game 3153 (cand-474c288 vs ref-778c7b0): 0-1 {Black wins by adjudication}
Started game 3161 of 40000 (cand-474c288 vs ref-778c7b0)
Finished game 3154 (ref-778c7b0 vs cand-474c288): 1/2-1/2 {Draw by adjudication}
Started game 3162 of 40000 (ref-778c7b0 vs cand-474c288)
Finished game 3149 (cand-474c288 vs ref-778c7b0): 0-1 {Black wins by adjudication}
Started game 3163 of 40000 (cand-474c288 vs ref-778c7b0)
Finished game 3148 (ref-778c7b0 vs cand-474c288): 1/2-1/2 {Draw by 3-fold repetition}
Started game 3164 of 40000 (ref-778c7b0 vs cand-474c288)
Finished game 3155 (cand-474c288 vs ref-778c7b0): 1-0 {White wins by adjudication}
Started game 3165 of 40000 (cand-474c288 vs ref-778c7b0)
Finished game 3150 (ref-778c7b0 vs cand-474c288): 0-1 {Black wins by adjudication}
Started game 3166 of 40000 (ref-778c7b0 vs cand-474c288)
Finished game 3161 (cand-474c288 vs ref-778c7b0): 1-0 {White wins by adjudication}
Started game 3167 of 40000 (cand-474c288 vs ref-778c7b0)
Finished game 3151 (cand-474c288 vs ref-778c7b0): 1/2-1/2 {Draw by adjudication}
Started game 3168 of 40000 (ref-778c7b0 vs cand-474c288)
Finished game 3160 (ref-778c7b0 vs cand-474c288): 1/2-1/2 {Draw by 3-fold repetition}
Started game 3169 of 40000 (cand-474c288 vs ref-778c7b0)
Finished game 3156 (ref-778c7b0 vs cand-474c288): 0-1 {Black wins by adjudication}
Started game 3170 of 40000 (ref-778c7b0 vs cand-474c288)
Finished game 3157 (cand-474c288 vs ref-778c7b0): 0-1 {Black wins by adjudication}
Started game 3171 of 40000 (cand-474c288 vs ref-778c7b0)
Finished game 3162 (ref-778c7b0 vs cand-474c288): 1-0 {White wins by adjudication}
Started game 3172 of 40000 (ref-778c7b0 vs cand-474c288)
Finished game 3163 (cand-474c288 vs ref-778c7b0): 1/2-1/2 {Draw by 3-fold repetition}
Started game 3173 of 40000 (cand-474c288 vs ref-778c7b0)
Finished game 3158 (ref-778c7b0 vs cand-474c288): 1-0 {White wins by adjudication}
Started game 3174 of 40000 (ref-778c7b0 vs cand-474c288)
Finished game 3159 (cand-474c288 vs ref-778c7b0): 1-0 {White wins by adjudication}
--------------------------------------------------
Results of cand-474c288 vs ref-778c7b0 (8+0.08, 1t, 16MB, noob_3moves.epd):
Elo: 16.49 +/- 9.28, nElo: 21.56 +/- 12.11
LOS: 99.98 %, DrawRatio: 35.74 %, PairsRatio: 1.25
Games: 3162, Wins: 1033, Losses: 883, Draws: 1246, Points: 1656.0 (52.37 %)
Ptnml(0-2): [122, 330, 565, 404, 160], WL/DD Ratio: 1.21
LLR: 2.48 (84.4%) (-2.94, 2.94) [0.00, 5.00]
--------------------------------------------------
Started game 3175 of 40000 (cand-474c288 vs ref-778c7b0)
Finished game 3165 (cand-474c288 vs ref-778c7b0): 1-0 {White wins by adjudication}
Started game 3176 of 40000 (ref-778c7b0 vs cand-474c288)
Finished game 3164 (ref-778c7b0 vs cand-474c288): 1/2-1/2 {Draw by 3-fold repetition}
Started game 3177 of 40000 (cand-474c288 vs ref-778c7b0)
Finished game 3167 (cand-474c288 vs ref-778c7b0): 0-1 {Black wins by adjudication}
Started game 3178 of 40000 (ref-778c7b0 vs cand-474c288)
Finished game 3170 (ref-778c7b0 vs cand-474c288): 0-1 {Black wins by adjudication}
Started game 3179 of 40000 (cand-474c288 vs ref-778c7b0)
Finished game 3166 (ref-778c7b0 vs cand-474c288): 1/2-1/2 {Draw by adjudication}
Started game 3180 of 40000 (ref-778c7b0 vs cand-474c288)
Finished game 3169 (cand-474c288 vs ref-778c7b0): 0-1 {Black wins by adjudication}
Started game 3181 of 40000 (cand-474c288 vs ref-778c7b0)
Finished game 3168 (ref-778c7b0 vs cand-474c288): 1/2-1/2 {Draw by insufficient mating material}
Started game 3182 of 40000 (ref-778c7b0 vs cand-474c288)
Finished game 3172 (ref-778c7b0 vs cand-474c288): 1/2-1/2 {Draw by 3-fold repetition}
Started game 3183 of 40000 (cand-474c288 vs ref-778c7b0)
Finished game 3173 (cand-474c288 vs ref-778c7b0): 1-0 {White wins by adjudication}
Started game 3184 of 40000 (ref-778c7b0 vs cand-474c288)
Finished game 3174 (ref-778c7b0 vs cand-474c288): 0-1 {Black wins by adjudication}
Started game 3185 of 40000 (cand-474c288 vs ref-778c7b0)
Finished game 3175 (cand-474c288 vs ref-778c7b0): 1-0 {White wins by adjudication}
Started game 3186 of 40000 (ref-778c7b0 vs cand-474c288)
Finished game 3177 (cand-474c288 vs ref-778c7b0): 1-0 {White wins by adjudication}
Started game 3187 of 40000 (cand-474c288 vs ref-778c7b0)
Finished game 3171 (cand-474c288 vs ref-778c7b0): 1/2-1/2 {Draw by fifty moves rule}
Started game 3188 of 40000 (ref-778c7b0 vs cand-474c288)
Finished game 3176 (ref-778c7b0 vs cand-474c288): 1-0 {White wins by adjudication}
Started game 3189 of 40000 (cand-474c288 vs ref-778c7b0)
Finished game 3178 (ref-778c7b0 vs cand-474c288): 0-1 {Black wins by adjudication}
Started game 3190 of 40000 (ref-778c7b0 vs cand-474c288)
Finished game 3185 (cand-474c288 vs ref-778c7b0): 1/2-1/2 {Draw by 3-fold repetition}
Started game 3191 of 40000 (cand-474c288 vs ref-778c7b0)
Finished game 3181 (cand-474c288 vs ref-778c7b0): 1/2-1/2 {Draw by 3-fold repetition}
Started game 3192 of 40000 (ref-778c7b0 vs cand-474c288)
Finished game 3180 (ref-778c7b0 vs cand-474c288): 0-1 {Black wins by adjudication}
Started game 3193 of 40000 (cand-474c288 vs ref-778c7b0)
Finished game 3183 (cand-474c288 vs ref-778c7b0): 1/2-1/2 {Draw by 3-fold repetition}
Started game 3194 of 40000 (ref-778c7b0 vs cand-474c288)
Finished game 3182 (ref-778c7b0 vs cand-474c288): 0-1 {Black wins by adjudication}
Started game 3195 of 40000 (cand-474c288 vs ref-778c7b0)
Finished game 3179 (cand-474c288 vs ref-778c7b0): 1/2-1/2 {Draw by 3-fold repetition}
--------------------------------------------------
Results of cand-474c288 vs ref-778c7b0 (8+0.08, 1t, 16MB, noob_3moves.epd):
Elo: 17.05 +/- 9.25, nElo: 22.29 +/- 12.07
LOS: 99.99 %, DrawRatio: 35.76 %, PairsRatio: 1.26
Games: 3182, Wins: 1042, Losses: 886, Draws: 1254, Points: 1669.0 (52.45 %)
Ptnml(0-2): [122, 331, 569, 407, 162], WL/DD Ratio: 1.21
LLR: 2.59 (88.1%) (-2.94, 2.94) [0.00, 5.00]
--------------------------------------------------
Started game 3196 of 40000 (ref-778c7b0 vs cand-474c288)
Finished game 3191 (cand-474c288 vs ref-778c7b0): 1-0 {White wins by adjudication}
Started game 3197 of 40000 (cand-474c288 vs ref-778c7b0)
Finished game 3187 (cand-474c288 vs ref-778c7b0): 1/2-1/2 {Draw by 3-fold repetition}
Started game 3198 of 40000 (ref-778c7b0 vs cand-474c288)
Finished game 3184 (ref-778c7b0 vs cand-474c288): 1-0 {White wins by adjudication}
Started game 3199 of 40000 (cand-474c288 vs ref-778c7b0)
Finished game 3189 (cand-474c288 vs ref-778c7b0): 1-0 {White wins by adjudication}
Started game 3200 of 40000 (ref-778c7b0 vs cand-474c288)
Finished game 3188 (ref-778c7b0 vs cand-474c288): 1-0 {White wins by adjudication}
Started game 3201 of 40000 (cand-474c288 vs ref-778c7b0)
Finished game 3190 (ref-778c7b0 vs cand-474c288): 1/2-1/2 {Draw by 3-fold repetition}
Started game 3202 of 40000 (ref-778c7b0 vs cand-474c288)
Finished game 3193 (cand-474c288 vs ref-778c7b0): 0-1 {Black wins by adjudication}
Started game 3203 of 40000 (cand-474c288 vs ref-778c7b0)
Finished game 3195 (cand-474c288 vs ref-778c7b0): 1-0 {White wins by adjudication}
Started game 3204 of 40000 (ref-778c7b0 vs cand-474c288)
Finished game 3194 (ref-778c7b0 vs cand-474c288): 0-1 {Black wins by adjudication}
Started game 3205 of 40000 (cand-474c288 vs ref-778c7b0)
Finished game 3186 (ref-778c7b0 vs cand-474c288): 1/2-1/2 {Draw by adjudication}
Started game 3206 of 40000 (ref-778c7b0 vs cand-474c288)
Finished game 3192 (ref-778c7b0 vs cand-474c288): 1/2-1/2 {Draw by 3-fold repetition}
Started game 3207 of 40000 (cand-474c288 vs ref-778c7b0)
Finished game 3196 (ref-778c7b0 vs cand-474c288): 0-1 {Black wins by adjudication}
Started game 3208 of 40000 (ref-778c7b0 vs cand-474c288)
Finished game 3198 (ref-778c7b0 vs cand-474c288): 1/2-1/2 {Draw by insufficient mating material}
Started game 3209 of 40000 (cand-474c288 vs ref-778c7b0)
Finished game 3201 (cand-474c288 vs ref-778c7b0): 1/2-1/2 {Draw by 3-fold repetition}
Started game 3210 of 40000 (ref-778c7b0 vs cand-474c288)
Finished game 3199 (cand-474c288 vs ref-778c7b0): 1/2-1/2 {Draw by 3-fold repetition}
Started game 3211 of 40000 (cand-474c288 vs ref-778c7b0)
Finished game 3202 (ref-778c7b0 vs cand-474c288): 0-1 {Black wins by adjudication}
Started game 3212 of 40000 (ref-778c7b0 vs cand-474c288)
Finished game 3204 (ref-778c7b0 vs cand-474c288): 1-0 {White wins by adjudication}
Started game 3213 of 40000 (cand-474c288 vs ref-778c7b0)
Finished game 3203 (cand-474c288 vs ref-778c7b0): 1-0 {White wins by adjudication}
Started game 3214 of 40000 (ref-778c7b0 vs cand-474c288)
Finished game 3206 (ref-778c7b0 vs cand-474c288): 1/2-1/2 {Draw by 3-fold repetition}
Started game 3215 of 40000 (cand-474c288 vs ref-778c7b0)
Finished game 3205 (cand-474c288 vs ref-778c7b0): 0-1 {Black wins by adjudication}
Started game 3216 of 40000 (ref-778c7b0 vs cand-474c288)
Finished game 3197 (cand-474c288 vs ref-778c7b0): 1/2-1/2 {Draw by fifty moves rule}
Started game 3217 of 40000 (cand-474c288 vs ref-778c7b0)
Finished game 3207 (cand-474c288 vs ref-778c7b0): 1/2-1/2 {Draw by insufficient mating material}
Started game 3218 of 40000 (ref-778c7b0 vs cand-474c288)
Finished game 3200 (ref-778c7b0 vs cand-474c288): 1/2-1/2 {Draw by fifty moves rule}
--------------------------------------------------
Results of cand-474c288 vs ref-778c7b0 (8+0.08, 1t, 16MB, noob_3moves.epd):
Elo: 17.14 +/- 9.21, nElo: 22.43 +/- 12.03
LOS: 99.99 %, DrawRatio: 35.81 %, PairsRatio: 1.26
Games: 3206, Wins: 1049, Losses: 891, Draws: 1266, Points: 1682.0 (52.46 %)
Ptnml(0-2): [122, 334, 574, 410, 163], WL/DD Ratio: 1.20
LLR: 2.63 (89.4%) (-2.94, 2.94) [0.00, 5.00]
--------------------------------------------------
Started game 3219 of 40000 (cand-474c288 vs ref-778c7b0)
Finished game 3209 (cand-474c288 vs ref-778c7b0): 0-1 {Black wins by adjudication}
Started game 3220 of 40000 (ref-778c7b0 vs cand-474c288)
Finished game 3208 (ref-778c7b0 vs cand-474c288): 0-1 {Black wins by adjudication}
Started game 3221 of 40000 (cand-474c288 vs ref-778c7b0)
Finished game 3210 (ref-778c7b0 vs cand-474c288): 1/2-1/2 {Draw by stalemate}
Started game 3222 of 40000 (ref-778c7b0 vs cand-474c288)
Finished game 3211 (cand-474c288 vs ref-778c7b0): 1-0 {White wins by adjudication}
Started game 3223 of 40000 (cand-474c288 vs ref-778c7b0)
Finished game 3212 (ref-778c7b0 vs cand-474c288): 1/2-1/2 {Draw by 3-fold repetition}
Started game 3224 of 40000 (ref-778c7b0 vs cand-474c288)
Finished game 3218 (ref-778c7b0 vs cand-474c288): 1-0 {White wins by adjudication}
Started game 3225 of 40000 (cand-474c288 vs ref-778c7b0)
Finished game 3215 (cand-474c288 vs ref-778c7b0): 0-1 {Black wins by adjudication}
Started game 3226 of 40000 (ref-778c7b0 vs cand-474c288)
Finished game 3219 (cand-474c288 vs ref-778c7b0): 1/2-1/2 {Draw by 3-fold repetition}
Started game 3227 of 40000 (cand-474c288 vs ref-778c7b0)
Finished game 3216 (ref-778c7b0 vs cand-474c288): 1/2-1/2 {Draw by adjudication}
Started game 3228 of 40000 (ref-778c7b0 vs cand-474c288)
Finished game 3213 (cand-474c288 vs ref-778c7b0): 0-1 {Black wins by adjudication}
Started game 3229 of 40000 (cand-474c288 vs ref-778c7b0)
Finished game 3217 (cand-474c288 vs ref-778c7b0): 0-1 {Black wins by adjudication}
Started game 3230 of 40000 (ref-778c7b0 vs cand-474c288)
Finished game 3220 (ref-778c7b0 vs cand-474c288): 0-1 {Black wins by adjudication}
--------------------------------------------------
Results of cand-474c288 vs ref-778c7b0 (8+0.08, 1t, 16MB, noob_3moves.epd):
Elo: 16.96 +/- 9.19, nElo: 22.19 +/- 12.00
LOS: 99.99 %, DrawRatio: 35.67 %, PairsRatio: 1.25
Games: 3218, Wins: 1052, Losses: 895, Draws: 1271, Points: 1687.5 (52.44 %)
Ptnml(0-2): [123, 336, 574, 413, 163], WL/DD Ratio: 1.20
LLR: 2.61 (88.7%) (-2.94, 2.94) [0.00, 5.00]
--------------------------------------------------
Started game 3231 of 40000 (cand-474c288 vs ref-778c7b0)
Finished game 3222 (ref-778c7b0 vs cand-474c288): 0-1 {Black wins by adjudication}
Started game 3232 of 40000 (ref-778c7b0 vs cand-474c288)
Finished game 3214 (ref-778c7b0 vs cand-474c288): 1/2-1/2 {Draw by fifty moves rule}
Started game 3233 of 40000 (cand-474c288 vs ref-778c7b0)
Finished game 3224 (ref-778c7b0 vs cand-474c288): 1-0 {White wins by adjudication}
Started game 3234 of 40000 (ref-778c7b0 vs cand-474c288)
Finished game 3221 (cand-474c288 vs ref-778c7b0): 1/2-1/2 {Draw by adjudication}
Started game 3235 of 40000 (cand-474c288 vs ref-778c7b0)
Finished game 3229 (cand-474c288 vs ref-778c7b0): 1/2-1/2 {Draw by 3-fold repetition}
Started game 3236 of 40000 (ref-778c7b0 vs cand-474c288)
Finished game 3227 (cand-474c288 vs ref-778c7b0): 0-1 {Black wins by adjudication}
Started game 3237 of 40000 (cand-474c288 vs ref-778c7b0)
Finished game 3232 (ref-778c7b0 vs cand-474c288): 0-1 {Black wins by adjudication}
Started game 3238 of 40000 (ref-778c7b0 vs cand-474c288)
Finished game 3230 (ref-778c7b0 vs cand-474c288): 0-1 {Black wins by adjudication}
Started game 3239 of 40000 (cand-474c288 vs ref-778c7b0)
Finished game 3223 (cand-474c288 vs ref-778c7b0): 1/2-1/2 {Draw by insufficient mating material}
Started game 3240 of 40000 (ref-778c7b0 vs cand-474c288)
Finished game 3225 (cand-474c288 vs ref-778c7b0): 0-1 {Black wins by adjudication}
Started game 3241 of 40000 (cand-474c288 vs ref-778c7b0)
Finished game 3231 (cand-474c288 vs ref-778c7b0): 0-1 {Black wins by adjudication}
Started game 3242 of 40000 (ref-778c7b0 vs cand-474c288)
Finished game 3226 (ref-778c7b0 vs cand-474c288): 1-0 {White wins by adjudication}
Started game 3243 of 40000 (cand-474c288 vs ref-778c7b0)
Finished game 3234 (ref-778c7b0 vs cand-474c288): 1/2-1/2 {Draw by 3-fold repetition}
Started game 3244 of 40000 (ref-778c7b0 vs cand-474c288)
Finished game 3235 (cand-474c288 vs ref-778c7b0): 1/2-1/2 {Draw by 3-fold repetition}
Started game 3245 of 40000 (cand-474c288 vs ref-778c7b0)
Finished game 3241 (cand-474c288 vs ref-778c7b0): 1/2-1/2 {Draw by 3-fold repetition}
Started game 3246 of 40000 (ref-778c7b0 vs cand-474c288)
Finished game 3228 (ref-778c7b0 vs cand-474c288): 1/2-1/2 {Draw by insufficient mating material}
Started game 3247 of 40000 (cand-474c288 vs ref-778c7b0)
Finished game 3237 (cand-474c288 vs ref-778c7b0): 1/2-1/2 {Draw by adjudication}
Started game 3248 of 40000 (ref-778c7b0 vs cand-474c288)
Finished game 3239 (cand-474c288 vs ref-778c7b0): 1/2-1/2 {Draw by adjudication}
Started game 3249 of 40000 (cand-474c288 vs ref-778c7b0)
Finished game 3233 (cand-474c288 vs ref-778c7b0): 1/2-1/2 {Draw by adjudication}
Started game 3250 of 40000 (ref-778c7b0 vs cand-474c288)
Finished game 3243 (cand-474c288 vs ref-778c7b0): 1/2-1/2 {Draw by 3-fold repetition}
Started game 3251 of 40000 (cand-474c288 vs ref-778c7b0)
Finished game 3245 (cand-474c288 vs ref-778c7b0): 1-0 {White wins by adjudication}
Started game 3252 of 40000 (ref-778c7b0 vs cand-474c288)
Finished game 3242 (ref-778c7b0 vs cand-474c288): 0-1 {Black wins by adjudication}
Started game 3253 of 40000 (cand-474c288 vs ref-778c7b0)
Finished game 3240 (ref-778c7b0 vs cand-474c288): 0-1 {Black wins by adjudication}
--------------------------------------------------
Results of cand-474c288 vs ref-778c7b0 (8+0.08, 1t, 16MB, noob_3moves.epd):
Elo: 16.75 +/- 9.16, nElo: 21.92 +/- 11.97
LOS: 99.98 %, DrawRatio: 35.58 %, PairsRatio: 1.25
Games: 3238, Wins: 1057, Losses: 901, Draws: 1280, Points: 1697.0 (52.41 %)
Ptnml(0-2): [124, 339, 576, 417, 163], WL/DD Ratio: 1.20
LLR: 2.59 (88.0%) (-2.94, 2.94) [0.00, 5.00]
--------------------------------------------------
Started game 3254 of 40000 (ref-778c7b0 vs cand-474c288)
Finished game 3236 (ref-778c7b0 vs cand-474c288): 1/2-1/2 {Draw by adjudication}
Started game 3255 of 40000 (cand-474c288 vs ref-778c7b0)
Finished game 3244 (ref-778c7b0 vs cand-474c288): 1/2-1/2 {Draw by 3-fold repetition}
Started game 3256 of 40000 (ref-778c7b0 vs cand-474c288)
Finished game 3247 (cand-474c288 vs ref-778c7b0): 1-0 {White wins by adjudication}
Started game 3257 of 40000 (cand-474c288 vs ref-778c7b0)
Finished game 3238 (ref-778c7b0 vs cand-474c288): 1/2-1/2 {Draw by fifty moves rule}
Started game 3258 of 40000 (ref-778c7b0 vs cand-474c288)
Finished game 3249 (cand-474c288 vs ref-778c7b0): 1-0 {White wins by adjudication}
Started game 3259 of 40000 (cand-474c288 vs ref-778c7b0)
Finished game 3253 (cand-474c288 vs ref-778c7b0): 1-0 {White wins by adjudication}
Started game 3260 of 40000 (ref-778c7b0 vs cand-474c288)
Finished game 3252 (ref-778c7b0 vs cand-474c288): 1-0 {White wins by adjudication}
Started game 3261 of 40000 (cand-474c288 vs ref-778c7b0)
Finished game 3248 (ref-778c7b0 vs cand-474c288): 1/2-1/2 {Draw by 3-fold repetition}
Started game 3262 of 40000 (ref-778c7b0 vs cand-474c288)
Finished game 3250 (ref-778c7b0 vs cand-474c288): 0-1 {Black wins by adjudication}
Started game 3263 of 40000 (cand-474c288 vs ref-778c7b0)
Finished game 3254 (ref-778c7b0 vs cand-474c288): 0-1 {Black wins by adjudication}
Started game 3264 of 40000 (ref-778c7b0 vs cand-474c288)
Finished game 3246 (ref-778c7b0 vs cand-474c288): 1/2-1/2 {Draw by adjudication}
Started game 3265 of 40000 (cand-474c288 vs ref-778c7b0)
Finished game 3256 (ref-778c7b0 vs cand-474c288): 1-0 {White wins by adjudication}
Started game 3266 of 40000 (ref-778c7b0 vs cand-474c288)
Finished game 3251 (cand-474c288 vs ref-778c7b0): 1/2-1/2 {Draw by insufficient mating material}
Started game 3267 of 40000 (cand-474c288 vs ref-778c7b0)
Finished game 3257 (cand-474c288 vs ref-778c7b0): 0-1 {Black wins by adjudication}
Started game 3268 of 40000 (ref-778c7b0 vs cand-474c288)
Finished game 3265 (cand-474c288 vs ref-778c7b0): 0-1 {Black wins by adjudication}
Started game 3269 of 40000 (cand-474c288 vs ref-778c7b0)
Finished game 3260 (ref-778c7b0 vs cand-474c288): 0-1 {Black wins by adjudication}
Started game 3270 of 40000 (ref-778c7b0 vs cand-474c288)
Finished game 3262 (ref-778c7b0 vs cand-474c288): 0-1 {Black wins by adjudication}
Started game 3271 of 40000 (cand-474c288 vs ref-778c7b0)
Finished game 3259 (cand-474c288 vs ref-778c7b0): 0-1 {Black wins by adjudication}
--------------------------------------------------
Results of cand-474c288 vs ref-778c7b0 (8+0.08, 1t, 16MB, noob_3moves.epd):
Elo: 17.19 +/- 9.14, nElo: 22.50 +/- 11.93
LOS: 99.99 %, DrawRatio: 35.63 %, PairsRatio: 1.26
Games: 3256, Wins: 1064, Losses: 903, Draws: 1289, Points: 1708.5 (52.47 %)
Ptnml(0-2): [124, 340, 580, 419, 165], WL/DD Ratio: 1.19
LLR: 2.68 (91.1%) (-2.94, 2.94) [0.00, 5.00]
--------------------------------------------------
Started game 3272 of 40000 (ref-778c7b0 vs cand-474c288)
Finished game 3264 (ref-778c7b0 vs cand-474c288): 0-1 {Black wins by adjudication}
Started game 3273 of 40000 (cand-474c288 vs ref-778c7b0)
Finished game 3255 (cand-474c288 vs ref-778c7b0): 1/2-1/2 {Draw by fifty moves rule}
Started game 3274 of 40000 (ref-778c7b0 vs cand-474c288)
Finished game 3263 (cand-474c288 vs ref-778c7b0): 1/2-1/2 {Draw by 3-fold repetition}
Started game 3275 of 40000 (cand-474c288 vs ref-778c7b0)
Finished game 3266 (ref-778c7b0 vs cand-474c288): 0-1 {Black wins by adjudication}
Started game 3276 of 40000 (ref-778c7b0 vs cand-474c288)
Finished game 3258 (ref-778c7b0 vs cand-474c288): 1/2-1/2 {Draw by 3-fold repetition}
Started game 3277 of 40000 (cand-474c288 vs ref-778c7b0)
Finished game 3261 (cand-474c288 vs ref-778c7b0): 1-0 {White wins by adjudication}
Started game 3278 of 40000 (ref-778c7b0 vs cand-474c288)
Finished game 3268 (ref-778c7b0 vs cand-474c288): 1-0 {White wins by adjudication}
Started game 3279 of 40000 (cand-474c288 vs ref-778c7b0)
Finished game 3269 (cand-474c288 vs ref-778c7b0): 1/2-1/2 {Draw by 3-fold repetition}
Started game 3280 of 40000 (ref-778c7b0 vs cand-474c288)
Finished game 3271 (cand-474c288 vs ref-778c7b0): 1-0 {White wins by adjudication}
Started game 3281 of 40000 (cand-474c288 vs ref-778c7b0)
Finished game 3273 (cand-474c288 vs ref-778c7b0): 0-1 {Black wins by adjudication}
Started game 3282 of 40000 (ref-778c7b0 vs cand-474c288)
Finished game 3278 (ref-778c7b0 vs cand-474c288): 0-1 {Black wins by adjudication}
Started game 3283 of 40000 (cand-474c288 vs ref-778c7b0)
Finished game 3272 (ref-778c7b0 vs cand-474c288): 0-1 {Black wins by adjudication}
Started game 3284 of 40000 (ref-778c7b0 vs cand-474c288)
Finished game 3274 (ref-778c7b0 vs cand-474c288): 1/2-1/2 {Draw by 3-fold repetition}
Started game 3285 of 40000 (cand-474c288 vs ref-778c7b0)
Finished game 3270 (ref-778c7b0 vs cand-474c288): 1/2-1/2 {Draw by fifty moves rule}
Started game 3286 of 40000 (ref-778c7b0 vs cand-474c288)
Finished game 3275 (cand-474c288 vs ref-778c7b0): 1/2-1/2 {Draw by 3-fold repetition}
Started game 3287 of 40000 (cand-474c288 vs ref-778c7b0)
Finished game 3267 (cand-474c288 vs ref-778c7b0): 1/2-1/2 {Draw by insufficient mating material}
Started game 3288 of 40000 (ref-778c7b0 vs cand-474c288)
Finished game 3277 (cand-474c288 vs ref-778c7b0): 1/2-1/2 {Draw by adjudication}
Started game 3289 of 40000 (cand-474c288 vs ref-778c7b0)
Finished game 3279 (cand-474c288 vs ref-778c7b0): 1-0 {White wins by adjudication}
Started game 3290 of 40000 (ref-778c7b0 vs cand-474c288)
Finished game 3280 (ref-778c7b0 vs cand-474c288): 0-1 {Black wins by adjudication}
--------------------------------------------------
Results of cand-474c288 vs ref-778c7b0 (8+0.08, 1t, 16MB, noob_3moves.epd):
Elo: 17.50 +/- 9.12, nElo: 22.87 +/- 11.89
LOS: 99.99 %, DrawRatio: 35.51 %, PairsRatio: 1.26
Games: 3278, Wins: 1073, Losses: 908, Draws: 1297, Points: 1721.5 (52.52 %)
Ptnml(0-2): [124, 344, 582, 421, 168], WL/DD Ratio: 1.19
LLR: 2.75 (93.4%) (-2.94, 2.94) [0.00, 5.00]
--------------------------------------------------
Started game 3291 of 40000 (cand-474c288 vs ref-778c7b0)
Finished game 3276 (ref-778c7b0 vs cand-474c288): 1-0 {White wins by adjudication}
Started game 3292 of 40000 (ref-778c7b0 vs cand-474c288)
Finished game 3289 (cand-474c288 vs ref-778c7b0): 1-0 {White wins by adjudication}
Started game 3293 of 40000 (cand-474c288 vs ref-778c7b0)
Finished game 3281 (cand-474c288 vs ref-778c7b0): 1/2-1/2 {Draw by insufficient mating material}
Started game 3294 of 40000 (ref-778c7b0 vs cand-474c288)
Finished game 3287 (cand-474c288 vs ref-778c7b0): 0-1 {Black wins by adjudication}
Started game 3295 of 40000 (cand-474c288 vs ref-778c7b0)
Finished game 3291 (cand-474c288 vs ref-778c7b0): 1-0 {White wins by adjudication}
Started game 3296 of 40000 (ref-778c7b0 vs cand-474c288)
Finished game 3284 (ref-778c7b0 vs cand-474c288): 0-1 {Black wins by adjudication}
Started game 3297 of 40000 (cand-474c288 vs ref-778c7b0)
Finished game 3286 (ref-778c7b0 vs cand-474c288): 0-1 {Black wins by adjudication}
Started game 3298 of 40000 (ref-778c7b0 vs cand-474c288)
Finished game 3283 (cand-474c288 vs ref-778c7b0): 0-1 {Black wins by adjudication}
Started game 3299 of 40000 (cand-474c288 vs ref-778c7b0)
Finished game 3285 (cand-474c288 vs ref-778c7b0): 0-1 {Black wins by adjudication}
Started game 3300 of 40000 (ref-778c7b0 vs cand-474c288)
Finished game 3282 (ref-778c7b0 vs cand-474c288): 1/2-1/2 {Draw by insufficient mating material}
Started game 3301 of 40000 (cand-474c288 vs ref-778c7b0)
Finished game 3290 (ref-778c7b0 vs cand-474c288): 0-1 {Black wins by adjudication}
Started game 3302 of 40000 (ref-778c7b0 vs cand-474c288)
Finished game 3288 (ref-778c7b0 vs cand-474c288): 0-1 {Black wins by adjudication}
Started game 3303 of 40000 (cand-474c288 vs ref-778c7b0)
Finished game 3295 (cand-474c288 vs ref-778c7b0): 1-0 {White wins by adjudication}
Started game 3304 of 40000 (ref-778c7b0 vs cand-474c288)
Finished game 3296 (ref-778c7b0 vs cand-474c288): 0-1 {Black wins by adjudication}
Started game 3305 of 40000 (cand-474c288 vs ref-778c7b0)
Finished game 3292 (ref-778c7b0 vs cand-474c288): 0-1 {Black wins by adjudication}
Started game 3306 of 40000 (ref-778c7b0 vs cand-474c288)
Finished game 3294 (ref-778c7b0 vs cand-474c288): 1-0 {White wins by adjudication}
Started game 3307 of 40000 (cand-474c288 vs ref-778c7b0)
Finished game 3293 (cand-474c288 vs ref-778c7b0): 1-0 {White wins by adjudication}
Started game 3308 of 40000 (ref-778c7b0 vs cand-474c288)
Finished game 3297 (cand-474c288 vs ref-778c7b0): 1-0 {White wins by adjudication}
Started game 3309 of 40000 (cand-474c288 vs ref-778c7b0)
Finished game 3302 (ref-778c7b0 vs cand-474c288): 1/2-1/2 {Draw by 3-fold repetition}
Started game 3310 of 40000 (ref-778c7b0 vs cand-474c288)
Finished game 3300 (ref-778c7b0 vs cand-474c288): 1-0 {White wins by adjudication}
Started game 3311 of 40000 (cand-474c288 vs ref-778c7b0)
Finished game 3299 (cand-474c288 vs ref-778c7b0): 0-1 {Black wins by adjudication}
--------------------------------------------------
Results of cand-474c288 vs ref-778c7b0 (8+0.08, 1t, 16MB, noob_3moves.epd):
Elo: 17.71 +/- 9.10, nElo: 23.12 +/- 11.86
LOS: 99.99 %, DrawRatio: 35.60 %, PairsRatio: 1.26
Games: 3298, Wins: 1083, Losses: 915, Draws: 1300, Points: 1733.0 (52.55 %)
Ptnml(0-2): [125, 345, 587, 421, 171], WL/DD Ratio: 1.20
LLR: 2.80 (95.1%) (-2.94, 2.94) [0.00, 5.00]
--------------------------------------------------
Started game 3312 of 40000 (ref-778c7b0 vs cand-474c288)
Finished game 3308 (ref-778c7b0 vs cand-474c288): 1/2-1/2 {Draw by 3-fold repetition}
Started game 3313 of 40000 (cand-474c288 vs ref-778c7b0)
Finished game 3305 (cand-474c288 vs ref-778c7b0): 1-0 {White wins by adjudication}
Started game 3314 of 40000 (ref-778c7b0 vs cand-474c288)
Finished game 3301 (cand-474c288 vs ref-778c7b0): 1-0 {White wins by adjudication}
Started game 3315 of 40000 (cand-474c288 vs ref-778c7b0)
Finished game 3303 (cand-474c288 vs ref-778c7b0): 1/2-1/2 {Draw by 3-fold repetition}
Started game 3316 of 40000 (ref-778c7b0 vs cand-474c288)
Finished game 3306 (ref-778c7b0 vs cand-474c288): 1/2-1/2 {Draw by 3-fold repetition}
Started game 3317 of 40000 (cand-474c288 vs ref-778c7b0)
Finished game 3298 (ref-778c7b0 vs cand-474c288): 1-0 {White wins by adjudication}
Started game 3318 of 40000 (ref-778c7b0 vs cand-474c288)
Finished game 3304 (ref-778c7b0 vs cand-474c288): 1-0 {White wins by adjudication}
Started game 3319 of 40000 (cand-474c288 vs ref-778c7b0)
Finished game 3307 (cand-474c288 vs ref-778c7b0): 0-1 {Black wins by adjudication}
Started game 3320 of 40000 (ref-778c7b0 vs cand-474c288)
Finished game 3310 (ref-778c7b0 vs cand-474c288): 1/2-1/2 {Draw by 3-fold repetition}
Started game 3321 of 40000 (cand-474c288 vs ref-778c7b0)
Finished game 3316 (ref-778c7b0 vs cand-474c288): 1-0 {White wins by adjudication}
Started game 3322 of 40000 (ref-778c7b0 vs cand-474c288)
Finished game 3311 (cand-474c288 vs ref-778c7b0): 0-1 {Black wins by adjudication}
Started game 3323 of 40000 (cand-474c288 vs ref-778c7b0)
Finished game 3312 (ref-778c7b0 vs cand-474c288): 1-0 {White wins by adjudication}
Started game 3324 of 40000 (ref-778c7b0 vs cand-474c288)
Finished game 3313 (cand-474c288 vs ref-778c7b0): 1/2-1/2 {Draw by insufficient mating material}
Started game 3325 of 40000 (cand-474c288 vs ref-778c7b0)
Finished game 3315 (cand-474c288 vs ref-778c7b0): 1/2-1/2 {Draw by 3-fold repetition}
Started game 3326 of 40000 (ref-778c7b0 vs cand-474c288)
Finished game 3309 (cand-474c288 vs ref-778c7b0): 1-0 {White wins by adjudication}
Started game 3327 of 40000 (cand-474c288 vs ref-778c7b0)
Finished game 3314 (ref-778c7b0 vs cand-474c288): 1-0 {White wins by adjudication}
Started game 3328 of 40000 (ref-778c7b0 vs cand-474c288)
Finished game 3318 (ref-778c7b0 vs cand-474c288): 1/2-1/2 {Draw by 3-fold repetition}
Started game 3329 of 40000 (cand-474c288 vs ref-778c7b0)
Finished game 3317 (cand-474c288 vs ref-778c7b0): 1/2-1/2 {Draw by 3-fold repetition}
Started game 3330 of 40000 (ref-778c7b0 vs cand-474c288)
Finished game 3320 (ref-778c7b0 vs cand-474c288): 1/2-1/2 {Draw by adjudication}
Started game 3331 of 40000 (cand-474c288 vs ref-778c7b0)
Finished game 3319 (cand-474c288 vs ref-778c7b0): 1-0 {White wins by adjudication}
--------------------------------------------------
Results of cand-474c288 vs ref-778c7b0 (8+0.08, 1t, 16MB, noob_3moves.epd):
Elo: 17.39 +/- 9.07, nElo: 22.69 +/- 11.82
LOS: 99.99 %, DrawRatio: 35.48 %, PairsRatio: 1.25
Games: 3320, Wins: 1088, Losses: 922, Draws: 1310, Points: 1743.0 (52.50 %)
Ptnml(0-2): [126, 349, 589, 425, 171], WL/DD Ratio: 1.20
LLR: 2.76 (93.8%) (-2.94, 2.94) [0.00, 5.00]
--------------------------------------------------
Started game 3332 of 40000 (ref-778c7b0 vs cand-474c288)
Finished game 3323 (cand-474c288 vs ref-778c7b0): 1/2-1/2 {Draw by 3-fold repetition}
Started game 3333 of 40000 (cand-474c288 vs ref-778c7b0)
Finished game 3325 (cand-474c288 vs ref-778c7b0): 0-1 {Black wins by adjudication}
Started game 3334 of 40000 (ref-778c7b0 vs cand-474c288)
Finished game 3327 (cand-474c288 vs ref-778c7b0): 1-0 {White wins by adjudication}
Started game 3335 of 40000 (cand-474c288 vs ref-778c7b0)
Finished game 3326 (ref-778c7b0 vs cand-474c288): 1/2-1/2 {Draw by 3-fold repetition}
Started game 3336 of 40000 (ref-778c7b0 vs cand-474c288)
Finished game 3322 (ref-778c7b0 vs cand-474c288): 1/2-1/2 {Draw by insufficient mating material}
Started game 3337 of 40000 (cand-474c288 vs ref-778c7b0)
Finished game 3328 (ref-778c7b0 vs cand-474c288): 1-0 {White wins by adjudication}
Started game 3338 of 40000 (ref-778c7b0 vs cand-474c288)
Finished game 3324 (ref-778c7b0 vs cand-474c288): 0-1 {Black wins by adjudication}
Started game 3339 of 40000 (cand-474c288 vs ref-778c7b0)
Finished game 3329 (cand-474c288 vs ref-778c7b0): 1/2-1/2 {Draw by adjudication}
Started game 3340 of 40000 (ref-778c7b0 vs cand-474c288)
Finished game 3321 (cand-474c288 vs ref-778c7b0): 1-0 {White wins by adjudication}
Started game 3341 of 40000 (cand-474c288 vs ref-778c7b0)
Finished game 3338 (ref-778c7b0 vs cand-474c288): 1/2-1/2 {Draw by 3-fold repetition}
Started game 3342 of 40000 (ref-778c7b0 vs cand-474c288)
Finished game 3333 (cand-474c288 vs ref-778c7b0): 0-1 {Black wins by adjudication}
Started game 3343 of 40000 (cand-474c288 vs ref-778c7b0)
Finished game 3330 (ref-778c7b0 vs cand-474c288): 0-1 {Black wins by adjudication}
Started game 3344 of 40000 (ref-778c7b0 vs cand-474c288)
Finished game 3331 (cand-474c288 vs ref-778c7b0): 1/2-1/2 {Draw by 3-fold repetition}
Started game 3345 of 40000 (cand-474c288 vs ref-778c7b0)
Finished game 3332 (ref-778c7b0 vs cand-474c288): 1-0 {White wins by adjudication}
Started game 3346 of 40000 (ref-778c7b0 vs cand-474c288)
Finished game 3335 (cand-474c288 vs ref-778c7b0): 0-1 {Black wins by adjudication}
Started game 3347 of 40000 (cand-474c288 vs ref-778c7b0)
Finished game 3339 (cand-474c288 vs ref-778c7b0): 1-0 {White wins by adjudication}
Started game 3348 of 40000 (ref-778c7b0 vs cand-474c288)
Finished game 3334 (ref-778c7b0 vs cand-474c288): 1/2-1/2 {Draw by 3-fold repetition}
Started game 3349 of 40000 (cand-474c288 vs ref-778c7b0)
Finished game 3337 (cand-474c288 vs ref-778c7b0): 0-1 {Black wins by adjudication}
Started game 3350 of 40000 (ref-778c7b0 vs cand-474c288)
Finished game 3340 (ref-778c7b0 vs cand-474c288): 1/2-1/2 {Draw by 3-fold repetition}
--------------------------------------------------
Results of cand-474c288 vs ref-778c7b0 (8+0.08, 1t, 16MB, noob_3moves.epd):
Elo: 17.29 +/- 9.04, nElo: 22.59 +/- 11.79
LOS: 99.99 %, DrawRatio: 35.35 %, PairsRatio: 1.25
Games: 3338, Wins: 1093, Losses: 927, Draws: 1318, Points: 1752.0 (52.49 %)
Ptnml(0-2): [126, 353, 590, 429, 171], WL/DD Ratio: 1.20
LLR: 2.76 (93.8%) (-2.94, 2.94) [0.00, 5.00]
--------------------------------------------------
Started game 3351 of 40000 (cand-474c288 vs ref-778c7b0)
Finished game 3336 (ref-778c7b0 vs cand-474c288): 1/2-1/2 {Draw by adjudication}
Started game 3352 of 40000 (ref-778c7b0 vs cand-474c288)
Finished game 3342 (ref-778c7b0 vs cand-474c288): 1/2-1/2 {Draw by 3-fold repetition}
Started game 3353 of 40000 (cand-474c288 vs ref-778c7b0)
Finished game 3343 (cand-474c288 vs ref-778c7b0): 0-1 {Black wins by adjudication}
Started game 3354 of 40000 (ref-778c7b0 vs cand-474c288)
Finished game 3346 (ref-778c7b0 vs cand-474c288): 1-0 {White wins by adjudication}
Started game 3355 of 40000 (cand-474c288 vs ref-778c7b0)
Finished game 3344 (ref-778c7b0 vs cand-474c288): 1-0 {White wins by adjudication}
Started game 3356 of 40000 (ref-778c7b0 vs cand-474c288)
Finished game 3345 (cand-474c288 vs ref-778c7b0): 1-0 {White wins by adjudication}
Started game 3357 of 40000 (cand-474c288 vs ref-778c7b0)
Finished game 3349 (cand-474c288 vs ref-778c7b0): 0-1 {Black wins by adjudication}
Started game 3358 of 40000 (ref-778c7b0 vs cand-474c288)
Finished game 3341 (cand-474c288 vs ref-778c7b0): 1/2-1/2 {Draw by fifty moves rule}
Started game 3359 of 40000 (cand-474c288 vs ref-778c7b0)
Finished game 3352 (ref-778c7b0 vs cand-474c288): 1-0 {White wins by adjudication}
Started game 3360 of 40000 (ref-778c7b0 vs cand-474c288)
Finished game 3351 (cand-474c288 vs ref-778c7b0): 1/2-1/2 {Draw by 3-fold repetition}
Started game 3361 of 40000 (cand-474c288 vs ref-778c7b0)
Finished game 3348 (ref-778c7b0 vs cand-474c288): 1/2-1/2 {Draw by insufficient mating material}
Started game 3362 of 40000 (ref-778c7b0 vs cand-474c288)
Finished game 3347 (cand-474c288 vs ref-778c7b0): 1/2-1/2 {Draw by 3-fold repetition}
Started game 3363 of 40000 (cand-474c288 vs ref-778c7b0)
Finished game 3350 (ref-778c7b0 vs cand-474c288): 1-0 {White wins by adjudication}
Started game 3364 of 40000 (ref-778c7b0 vs cand-474c288)
Finished game 3355 (cand-474c288 vs ref-778c7b0): 1/2-1/2 {Draw by 3-fold repetition}
Started game 3365 of 40000 (cand-474c288 vs ref-778c7b0)
Finished game 3354 (ref-778c7b0 vs cand-474c288): 0-1 {Black wins by adjudication}
Started game 3366 of 40000 (ref-778c7b0 vs cand-474c288)
Finished game 3360 (ref-778c7b0 vs cand-474c288): 1/2-1/2 {Draw by 3-fold repetition}
Started game 3367 of 40000 (cand-474c288 vs ref-778c7b0)
Finished game 3356 (ref-778c7b0 vs cand-474c288): 1/2-1/2 {Draw by 3-fold repetition}
Started game 3368 of 40000 (ref-778c7b0 vs cand-474c288)
Finished game 3361 (cand-474c288 vs ref-778c7b0): 0-1 {Black wins by adjudication}
Started game 3369 of 40000 (cand-474c288 vs ref-778c7b0)
Finished game 3357 (cand-474c288 vs ref-778c7b0): 0-1 {Black wins by adjudication}
Started game 3370 of 40000 (ref-778c7b0 vs cand-474c288)
Finished game 3353 (cand-474c288 vs ref-778c7b0): 1/2-1/2 {Draw by fifty moves rule}
Started game 3371 of 40000 (cand-474c288 vs ref-778c7b0)
Finished game 3358 (ref-778c7b0 vs cand-474c288): 1/2-1/2 {Draw by 3-fold repetition}
Started game 3372 of 40000 (ref-778c7b0 vs cand-474c288)
Finished game 3363 (cand-474c288 vs ref-778c7b0): 1/2-1/2 {Draw by adjudication}
Started game 3373 of 40000 (cand-474c288 vs ref-778c7b0)
Finished game 3365 (cand-474c288 vs ref-778c7b0): 0-1 {Black wins by adjudication}
Started game 3374 of 40000 (ref-778c7b0 vs cand-474c288)
Finished game 3359 (cand-474c288 vs ref-778c7b0): 1/2-1/2 {Draw by 3-fold repetition}
--------------------------------------------------
Results of cand-474c288 vs ref-778c7b0 (8+0.08, 1t, 16MB, noob_3moves.epd):
Elo: 16.56 +/- 9.01, nElo: 21.62 +/- 11.75
LOS: 99.98 %, DrawRatio: 35.42 %, PairsRatio: 1.24
Games: 3360, Wins: 1095, Losses: 935, Draws: 1330, Points: 1760.0 (52.38 %)
Ptnml(0-2): [128, 356, 595, 430, 171], WL/DD Ratio: 1.19
LLR: 2.65 (90.0%) (-2.94, 2.94) [0.00, 5.00]
--------------------------------------------------
Started game 3375 of 40000 (cand-474c288 vs ref-778c7b0)
Finished game 3366 (ref-778c7b0 vs cand-474c288): 0-1 {Black wins by adjudication}
Started game 3376 of 40000 (ref-778c7b0 vs cand-474c288)
Finished game 3362 (ref-778c7b0 vs cand-474c288): 1/2-1/2 {Draw by fifty moves rule}
Started game 3377 of 40000 (cand-474c288 vs ref-778c7b0)
Finished game 3370 (ref-778c7b0 vs cand-474c288): 0-1 {Black wins by adjudication}
Started game 3378 of 40000 (ref-778c7b0 vs cand-474c288)
Finished game 3369 (cand-474c288 vs ref-778c7b0): 1/2-1/2 {Draw by insufficient mating material}
Started game 3379 of 40000 (cand-474c288 vs ref-778c7b0)
Finished game 3367 (cand-474c288 vs ref-778c7b0): 1/2-1/2 {Draw by 3-fold repetition}
Started game 3380 of 40000 (ref-778c7b0 vs cand-474c288)
Finished game 3371 (cand-474c288 vs ref-778c7b0): 1-0 {White wins by adjudication}
Started game 3381 of 40000 (cand-474c288 vs ref-778c7b0)
Finished game 3372 (ref-778c7b0 vs cand-474c288): 1/2-1/2 {Draw by 3-fold repetition}
Started game 3382 of 40000 (ref-778c7b0 vs cand-474c288)
Finished game 3376 (ref-778c7b0 vs cand-474c288): 1/2-1/2 {Draw by 3-fold repetition}
Started game 3383 of 40000 (cand-474c288 vs ref-778c7b0)
Finished game 3364 (ref-778c7b0 vs cand-474c288): 1/2-1/2 {Draw by fifty moves rule}
Started game 3384 of 40000 (ref-778c7b0 vs cand-474c288)
Finished game 3375 (cand-474c288 vs ref-778c7b0): 1/2-1/2 {Draw by 3-fold repetition}
Started game 3385 of 40000 (cand-474c288 vs ref-778c7b0)
Finished game 3374 (ref-778c7b0 vs cand-474c288): 0-1 {Black wins by adjudication}
Started game 3386 of 40000 (ref-778c7b0 vs cand-474c288)
Finished game 3373 (cand-474c288 vs ref-778c7b0): 1/2-1/2 {Draw by 3-fold repetition}
Started game 3387 of 40000 (cand-474c288 vs ref-778c7b0)
Finished game 3368 (ref-778c7b0 vs cand-474c288): 1/2-1/2 {Draw by 3-fold repetition}
Started game 3388 of 40000 (ref-778c7b0 vs cand-474c288)
Finished game 3377 (cand-474c288 vs ref-778c7b0): 1-0 {White wins by adjudication}
Started game 3389 of 40000 (cand-474c288 vs ref-778c7b0)
Finished game 3378 (ref-778c7b0 vs cand-474c288): 1-0 {White wins by adjudication}
Started game 3390 of 40000 (ref-778c7b0 vs cand-474c288)
Finished game 3380 (ref-778c7b0 vs cand-474c288): 1-0 {White wins by adjudication}
Started game 3391 of 40000 (cand-474c288 vs ref-778c7b0)
Finished game 3379 (cand-474c288 vs ref-778c7b0): 0-1 {Black wins by adjudication}
--------------------------------------------------
Results of cand-474c288 vs ref-778c7b0 (8+0.08, 1t, 16MB, noob_3moves.epd):
Elo: 16.46 +/- 8.98, nElo: 21.52 +/- 11.71
LOS: 99.98 %, DrawRatio: 35.50 %, PairsRatio: 1.24
Games: 3380, Wins: 1100, Losses: 940, Draws: 1340, Points: 1770.0 (52.37 %)
Ptnml(0-2): [129, 357, 600, 433, 171], WL/DD Ratio: 1.18
LLR: 2.65 (90.0%) (-2.94, 2.94) [0.00, 5.00]
--------------------------------------------------
Started game 3392 of 40000 (ref-778c7b0 vs cand-474c288)
Finished game 3387 (cand-474c288 vs ref-778c7b0): 1-0 {White wins by adjudication}
Started game 3393 of 40000 (cand-474c288 vs ref-778c7b0)
Finished game 3381 (cand-474c288 vs ref-778c7b0): 1/2-1/2 {Draw by 3-fold repetition}
Started game 3394 of 40000 (ref-778c7b0 vs cand-474c288)
Finished game 3388 (ref-778c7b0 vs cand-474c288): 1/2-1/2 {Draw by 3-fold repetition}
Started game 3395 of 40000 (cand-474c288 vs ref-778c7b0)
Finished game 3390 (ref-778c7b0 vs cand-474c288): 0-1 {Black wins by adjudication}
Started game 3396 of 40000 (ref-778c7b0 vs cand-474c288)
Finished game 3382 (ref-778c7b0 vs cand-474c288): 0-1 {Black wins by adjudication}
Started game 3397 of 40000 (cand-474c288 vs ref-778c7b0)
Finished game 3384 (ref-778c7b0 vs cand-474c288): 1-0 {White wins by adjudication}
Started game 3398 of 40000 (ref-778c7b0 vs cand-474c288)
Finished game 3383 (cand-474c288 vs ref-778c7b0): 1-0 {White wins by adjudication}
Started game 3399 of 40000 (cand-474c288 vs ref-778c7b0)
Finished game 3392 (ref-778c7b0 vs cand-474c288): 0-1 {Black wins by adjudication}
Started game 3400 of 40000 (ref-778c7b0 vs cand-474c288)
Finished game 3386 (ref-778c7b0 vs cand-474c288): 1/2-1/2 {Draw by 3-fold repetition}
Started game 3401 of 40000 (cand-474c288 vs ref-778c7b0)
Finished game 3391 (cand-474c288 vs ref-778c7b0): 1-0 {White wins by adjudication}
Started game 3402 of 40000 (ref-778c7b0 vs cand-474c288)
Finished game 3393 (cand-474c288 vs ref-778c7b0): 1/2-1/2 {Draw by 3-fold repetition}
Started game 3403 of 40000 (cand-474c288 vs ref-778c7b0)
Finished game 3394 (ref-778c7b0 vs cand-474c288): 1-0 {White wins by adjudication}
Started game 3404 of 40000 (ref-778c7b0 vs cand-474c288)
Finished game 3397 (cand-474c288 vs ref-778c7b0): 1-0 {White wins by adjudication}
Started game 3405 of 40000 (cand-474c288 vs ref-778c7b0)
Finished game 3395 (cand-474c288 vs ref-778c7b0): 1/2-1/2 {Draw by adjudication}
Started game 3406 of 40000 (ref-778c7b0 vs cand-474c288)
Finished game 3389 (cand-474c288 vs ref-778c7b0): 1/2-1/2 {Draw by insufficient mating material}
Started game 3407 of 40000 (cand-474c288 vs ref-778c7b0)
Finished game 3385 (cand-474c288 vs ref-778c7b0): 1/2-1/2 {Draw by adjudication}
Started game 3408 of 40000 (ref-778c7b0 vs cand-474c288)
Finished game 3398 (ref-778c7b0 vs cand-474c288): 0-1 {Black wins by adjudication}
Started game 3409 of 40000 (cand-474c288 vs ref-778c7b0)
Finished game 3400 (ref-778c7b0 vs cand-474c288): 1-0 {White wins by adjudication}
Started game 3410 of 40000 (ref-778c7b0 vs cand-474c288)
Finished game 3399 (cand-474c288 vs ref-778c7b0): 1-0 {White wins by adjudication}
--------------------------------------------------
Results of cand-474c288 vs ref-778c7b0 (8+0.08, 1t, 16MB, noob_3moves.epd):
Elo: 16.99 +/- 8.95, nElo: 22.20 +/- 11.68
LOS: 99.99 %, DrawRatio: 35.49 %, PairsRatio: 1.25
Games: 3398, Wins: 1109, Losses: 943, Draws: 1346, Points: 1782.0 (52.44 %)
Ptnml(0-2): [129, 358, 603, 436, 173], WL/DD Ratio: 1.18
LLR: 2.76 (93.7%) (-2.94, 2.94) [0.00, 5.00]
--------------------------------------------------
Started game 3411 of 40000 (cand-474c288 vs ref-778c7b0)
Finished game 3401 (cand-474c288 vs ref-778c7b0): 1/2-1/2 {Draw by 3-fold repetition}
Started game 3412 of 40000 (ref-778c7b0 vs cand-474c288)
Finished game 3404 (ref-778c7b0 vs cand-474c288): 1/2-1/2 {Draw by 3-fold repetition}
Started game 3413 of 40000 (cand-474c288 vs ref-778c7b0)
Finished game 3403 (cand-474c288 vs ref-778c7b0): 1/2-1/2 {Draw by 3-fold repetition}
Started game 3414 of 40000 (ref-778c7b0 vs cand-474c288)
Finished game 3402 (ref-778c7b0 vs cand-474c288): 1/2-1/2 {Draw by adjudication}
Started game 3415 of 40000 (cand-474c288 vs ref-778c7b0)
Finished game 3396 (ref-778c7b0 vs cand-474c288): 1/2-1/2 {Draw by adjudication}
Started game 3416 of 40000 (ref-778c7b0 vs cand-474c288)
Finished game 3406 (ref-778c7b0 vs cand-474c288): 1-0 {White wins by adjudication}
Started game 3417 of 40000 (cand-474c288 vs ref-778c7b0)
Finished game 3405 (cand-474c288 vs ref-778c7b0): 0-1 {Black wins by adjudication}
Started game 3418 of 40000 (ref-778c7b0 vs cand-474c288)
Finished game 3408 (ref-778c7b0 vs cand-474c288): 1-0 {White wins by adjudication}
Started game 3419 of 40000 (cand-474c288 vs ref-778c7b0)
Finished game 3407 (cand-474c288 vs ref-778c7b0): 1/2-1/2 {Draw by 3-fold repetition}
Started game 3420 of 40000 (ref-778c7b0 vs cand-474c288)
Finished game 3413 (cand-474c288 vs ref-778c7b0): 0-1 {Black wins by adjudication}
Started game 3421 of 40000 (cand-474c288 vs ref-778c7b0)
Finished game 3410 (ref-778c7b0 vs cand-474c288): 1/2-1/2 {Draw by 3-fold repetition}
Started game 3422 of 40000 (ref-778c7b0 vs cand-474c288)
Finished game 3409 (cand-474c288 vs ref-778c7b0): 1/2-1/2 {Draw by adjudication}
Started game 3423 of 40000 (cand-474c288 vs ref-778c7b0)
Finished game 3414 (ref-778c7b0 vs cand-474c288): 1/2-1/2 {Draw by 3-fold repetition}
Started game 3424 of 40000 (ref-778c7b0 vs cand-474c288)
Finished game 3412 (ref-778c7b0 vs cand-474c288): 1-0 {White wins by adjudication}
Started game 3425 of 40000 (cand-474c288 vs ref-778c7b0)
Finished game 3411 (cand-474c288 vs ref-778c7b0): 0-1 {Black wins by adjudication}
Started game 3426 of 40000 (ref-778c7b0 vs cand-474c288)
Finished game 3415 (cand-474c288 vs ref-778c7b0): 0-1 {Black wins by adjudication}
Started game 3427 of 40000 (cand-474c288 vs ref-778c7b0)
Finished game 3416 (ref-778c7b0 vs cand-474c288): 0-1 {Black wins by adjudication}
Started game 3428 of 40000 (ref-778c7b0 vs cand-474c288)
Finished game 3419 (cand-474c288 vs ref-778c7b0): 0-1 {Black wins by adjudication}
Started game 3429 of 40000 (cand-474c288 vs ref-778c7b0)
Finished game 3417 (cand-474c288 vs ref-778c7b0): 0-1 {Black wins by adjudication}
Started game 3430 of 40000 (ref-778c7b0 vs cand-474c288)
Finished game 3418 (ref-778c7b0 vs cand-474c288): 1-0 {White wins by adjudication}
Started game 3431 of 40000 (cand-474c288 vs ref-778c7b0)
Finished game 3423 (cand-474c288 vs ref-778c7b0): 0-1 {Black wins by adjudication}
Started game 3432 of 40000 (ref-778c7b0 vs cand-474c288)
Finished game 3421 (cand-474c288 vs ref-778c7b0): 1-0 {White wins by adjudication}
Started game 3433 of 40000 (cand-474c288 vs ref-778c7b0)
Finished game 3420 (ref-778c7b0 vs cand-474c288): 1-0 {White wins by adjudication}
--------------------------------------------------
Results of cand-474c288 vs ref-778c7b0 (8+0.08, 1t, 16MB, noob_3moves.epd):
Elo: 15.86 +/- 8.94, nElo: 20.69 +/- 11.64
LOS: 99.98 %, DrawRatio: 35.56 %, PairsRatio: 1.24
Games: 3420, Wins: 1110, Losses: 954, Draws: 1356, Points: 1788.0 (52.28 %)
Ptnml(0-2): [133, 360, 608, 436, 173], WL/DD Ratio: 1.17
LLR: 2.57 (87.1%) (-2.94, 2.94) [0.00, 5.00]
--------------------------------------------------
Started game 3434 of 40000 (ref-778c7b0 vs cand-474c288)
Finished game 3422 (ref-778c7b0 vs cand-474c288): 1/2-1/2 {Draw by 3-fold repetition}
Started game 3435 of 40000 (cand-474c288 vs ref-778c7b0)
Finished game 3427 (cand-474c288 vs ref-778c7b0): 1/2-1/2 {Draw by 3-fold repetition}
Started game 3436 of 40000 (ref-778c7b0 vs cand-474c288)
Finished game 3428 (ref-778c7b0 vs cand-474c288): 1/2-1/2 {Draw by 3-fold repetition}
Started game 3437 of 40000 (cand-474c288 vs ref-778c7b0)
Finished game 3434 (ref-778c7b0 vs cand-474c288): 1/2-1/2 {Draw by 3-fold repetition}
Started game 3438 of 40000 (ref-778c7b0 vs cand-474c288)
Finished game 3424 (ref-778c7b0 vs cand-474c288): 1/2-1/2 {Draw by fifty moves rule}
Started game 3439 of 40000 (cand-474c288 vs ref-778c7b0)
Finished game 3425 (cand-474c288 vs ref-778c7b0): 0-1 {Black wins by adjudication}
Started game 3440 of 40000 (ref-778c7b0 vs cand-474c288)
Finished game 3429 (cand-474c288 vs ref-778c7b0): 0-1 {Black wins by adjudication}
Started game 3441 of 40000 (cand-474c288 vs ref-778c7b0)
Finished game 3426 (ref-778c7b0 vs cand-474c288): 1-0 {White wins by adjudication}
Started game 3442 of 40000 (ref-778c7b0 vs cand-474c288)
Finished game 3433 (cand-474c288 vs ref-778c7b0): 1-0 {White wins by adjudication}
Started game 3443 of 40000 (cand-474c288 vs ref-778c7b0)
Finished game 3432 (ref-778c7b0 vs cand-474c288): 1-0 {White wins by adjudication}
Started game 3444 of 40000 (ref-778c7b0 vs cand-474c288)
Finished game 3435 (cand-474c288 vs ref-778c7b0): 1/2-1/2 {Draw by 3-fold repetition}
Started game 3445 of 40000 (cand-474c288 vs ref-778c7b0)
Finished game 3430 (ref-778c7b0 vs cand-474c288): 1-0 {White wins by adjudication}
Started game 3446 of 40000 (ref-778c7b0 vs cand-474c288)
Finished game 3437 (cand-474c288 vs ref-778c7b0): 1/2-1/2 {Draw by 3-fold repetition}
Started game 3447 of 40000 (cand-474c288 vs ref-778c7b0)
Finished game 3443 (cand-474c288 vs ref-778c7b0): 1/2-1/2 {Draw by 3-fold repetition}
Started game 3448 of 40000 (ref-778c7b0 vs cand-474c288)
Finished game 3438 (ref-778c7b0 vs cand-474c288): 1/2-1/2 {Draw by 3-fold repetition}
Started game 3449 of 40000 (cand-474c288 vs ref-778c7b0)
Finished game 3431 (cand-474c288 vs ref-778c7b0): 1/2-1/2 {Draw by adjudication}
Started game 3450 of 40000 (ref-778c7b0 vs cand-474c288)
Finished game 3442 (ref-778c7b0 vs cand-474c288): 1-0 {White wins by adjudication}
Started game 3451 of 40000 (cand-474c288 vs ref-778c7b0)
Finished game 3436 (ref-778c7b0 vs cand-474c288): 1-0 {White wins by adjudication}
Started game 3452 of 40000 (ref-778c7b0 vs cand-474c288)
Finished game 3439 (cand-474c288 vs ref-778c7b0): 1-0 {White wins by adjudication}
Started game 3453 of 40000 (cand-474c288 vs ref-778c7b0)
Finished game 3441 (cand-474c288 vs ref-778c7b0): 1-0 {White wins by adjudication}
Started game 3454 of 40000 (ref-778c7b0 vs cand-474c288)
Finished game 3440 (ref-778c7b0 vs cand-474c288): 1/2-1/2 {Draw by 3-fold repetition}
--------------------------------------------------
Results of cand-474c288 vs ref-778c7b0 (8+0.08, 1t, 16MB, noob_3moves.epd):
Elo: 15.35 +/- 8.91, nElo: 20.03 +/- 11.61
LOS: 99.96 %, DrawRatio: 35.50 %, PairsRatio: 1.23
Games: 3442, Wins: 1114, Losses: 962, Draws: 1366, Points: 1797.0 (52.21 %)
Ptnml(0-2): [135, 363, 611, 439, 173], WL/DD Ratio: 1.17
LLR: 2.49 (84.5%) (-2.94, 2.94) [0.00, 5.00]
--------------------------------------------------
Started game 3455 of 40000 (cand-474c288 vs ref-778c7b0)
Finished game 3445 (cand-474c288 vs ref-778c7b0): 1-0 {White wins by adjudication}
Started game 3456 of 40000 (ref-778c7b0 vs cand-474c288)
Finished game 3444 (ref-778c7b0 vs cand-474c288): 1-0 {White wins by adjudication}
Started game 3457 of 40000 (cand-474c288 vs ref-778c7b0)
Finished game 3449 (cand-474c288 vs ref-778c7b0): 1-0 {White wins by adjudication}
Started game 3458 of 40000 (ref-778c7b0 vs cand-474c288)
Finished game 3451 (cand-474c288 vs ref-778c7b0): 1-0 {White wins by adjudication}
Started game 3459 of 40000 (cand-474c288 vs ref-778c7b0)
Finished game 3453 (cand-474c288 vs ref-778c7b0): 1-0 {White wins by adjudication}
Started game 3460 of 40000 (ref-778c7b0 vs cand-474c288)
Finished game 3448 (ref-778c7b0 vs cand-474c288): 1-0 {White wins by adjudication}
Started game 3461 of 40000 (cand-474c288 vs ref-778c7b0)
Finished game 3450 (ref-778c7b0 vs cand-474c288): 1/2-1/2 {Draw by 3-fold repetition}
Started game 3462 of 40000 (ref-778c7b0 vs cand-474c288)
Finished game 3447 (cand-474c288 vs ref-778c7b0): 0-1 {Black wins by adjudication}
Started game 3463 of 40000 (cand-474c288 vs ref-778c7b0)
Finished game 3446 (ref-778c7b0 vs cand-474c288): 0-1 {Black wins by adjudication}
Started game 3464 of 40000 (ref-778c7b0 vs cand-474c288)
Finished game 3456 (ref-778c7b0 vs cand-474c288): 1/2-1/2 {Draw by 3-fold repetition}
Started game 3465 of 40000 (cand-474c288 vs ref-778c7b0)
Finished game 3454 (ref-778c7b0 vs cand-474c288): 0-1 {Black wins by adjudication}
Started game 3466 of 40000 (ref-778c7b0 vs cand-474c288)
Finished game 3452 (ref-778c7b0 vs cand-474c288): 1/2-1/2 {Draw by 3-fold repetition}
Started game 3467 of 40000 (cand-474c288 vs ref-778c7b0)
Finished game 3455 (cand-474c288 vs ref-778c7b0): 1-0 {White wins by adjudication}
Started game 3468 of 40000 (ref-778c7b0 vs cand-474c288)
Finished game 3460 (ref-778c7b0 vs cand-474c288): 1-0 {White wins by adjudication}
Started game 3469 of 40000 (cand-474c288 vs ref-778c7b0)
Finished game 3458 (ref-778c7b0 vs cand-474c288): 1/2-1/2 {Draw by 3-fold repetition}
Started game 3470 of 40000 (ref-778c7b0 vs cand-474c288)
Finished game 3466 (ref-778c7b0 vs cand-474c288): 0-1 {Black wins by adjudication}
Started game 3471 of 40000 (cand-474c288 vs ref-778c7b0)
Finished game 3459 (cand-474c288 vs ref-778c7b0): 1/2-1/2 {Draw by 3-fold repetition}
--------------------------------------------------
Results of cand-474c288 vs ref-778c7b0 (8+0.08, 1t, 16MB, noob_3moves.epd):
Elo: 15.58 +/- 8.91, nElo: 20.29 +/- 11.58
LOS: 99.97 %, DrawRatio: 35.34 %, PairsRatio: 1.23
Games: 3458, Wins: 1121, Losses: 966, Draws: 1371, Points: 1806.5 (52.24 %)
Ptnml(0-2): [136, 365, 611, 442, 175], WL/DD Ratio: 1.17
LLR: 2.54 (86.1%) (-2.94, 2.94) [0.00, 5.00]
--------------------------------------------------
Started game 3472 of 40000 (ref-778c7b0 vs cand-474c288)
Finished game 3461 (cand-474c288 vs ref-778c7b0): 1/2-1/2 {Draw by insufficient mating material}
Started game 3473 of 40000 (cand-474c288 vs ref-778c7b0)
Finished game 3462 (ref-778c7b0 vs cand-474c288): 0-1 {Black wins by adjudication}
Started game 3474 of 40000 (ref-778c7b0 vs cand-474c288)
Finished game 3465 (cand-474c288 vs ref-778c7b0): 1-0 {White wins by adjudication}
Started game 3475 of 40000 (cand-474c288 vs ref-778c7b0)
Finished game 3467 (cand-474c288 vs ref-778c7b0): 1/2-1/2 {Draw by 3-fold repetition}
Started game 3476 of 40000 (ref-778c7b0 vs cand-474c288)
Finished game 3457 (cand-474c288 vs ref-778c7b0): 1/2-1/2 {Draw by 3-fold repetition}
Started game 3477 of 40000 (cand-474c288 vs ref-778c7b0)
Finished game 3468 (ref-778c7b0 vs cand-474c288): 1/2-1/2 {Draw by 3-fold repetition}
Started game 3478 of 40000 (ref-778c7b0 vs cand-474c288)
Finished game 3464 (ref-778c7b0 vs cand-474c288): 1-0 {White wins by adjudication}
Started game 3479 of 40000 (cand-474c288 vs ref-778c7b0)
Finished game 3470 (ref-778c7b0 vs cand-474c288): 1-0 {White wins by adjudication}
Started game 3480 of 40000 (ref-778c7b0 vs cand-474c288)
Finished game 3463 (cand-474c288 vs ref-778c7b0): 1/2-1/2 {Draw by fifty moves rule}
Started game 3481 of 40000 (cand-474c288 vs ref-778c7b0)
Finished game 3471 (cand-474c288 vs ref-778c7b0): 1/2-1/2 {Draw by 3-fold repetition}
Started game 3482 of 40000 (ref-778c7b0 vs cand-474c288)
Finished game 3472 (ref-778c7b0 vs cand-474c288): 0-1 {Black wins by adjudication}
Started game 3483 of 40000 (cand-474c288 vs ref-778c7b0)
Finished game 3473 (cand-474c288 vs ref-778c7b0): 1-0 {White wins by adjudication}
Started game 3484 of 40000 (ref-778c7b0 vs cand-474c288)
Finished game 3478 (ref-778c7b0 vs cand-474c288): 1-0 {White wins by adjudication}
Started game 3485 of 40000 (cand-474c288 vs ref-778c7b0)
Finished game 3475 (cand-474c288 vs ref-778c7b0): 0-1 {Black wins by adjudication}
Started game 3486 of 40000 (ref-778c7b0 vs cand-474c288)
Finished game 3477 (cand-474c288 vs ref-778c7b0): 0-1 {Black wins by adjudication}
Started game 3487 of 40000 (cand-474c288 vs ref-778c7b0)
Finished game 3479 (cand-474c288 vs ref-778c7b0): 1/2-1/2 {Draw by adjudication}
Started game 3488 of 40000 (ref-778c7b0 vs cand-474c288)
Finished game 3474 (ref-778c7b0 vs cand-474c288): 0-1 {Black wins by adjudication}
Started game 3489 of 40000 (cand-474c288 vs ref-778c7b0)
Finished game 3469 (cand-474c288 vs ref-778c7b0): 1/2-1/2 {Draw by 3-fold repetition}
Started game 3490 of 40000 (ref-778c7b0 vs cand-474c288)
Finished game 3476 (ref-778c7b0 vs cand-474c288): 1/2-1/2 {Draw by adjudication}
Started game 3491 of 40000 (cand-474c288 vs ref-778c7b0)
Finished game 3480 (ref-778c7b0 vs cand-474c288): 1-0 {White wins by adjudication}
--------------------------------------------------
Results of cand-474c288 vs ref-778c7b0 (8+0.08, 1t, 16MB, noob_3moves.epd):
Elo: 15.49 +/- 8.89, nElo: 20.14 +/- 11.54
LOS: 99.97 %, DrawRatio: 35.23 %, PairsRatio: 1.23
Games: 3480, Wins: 1127, Losses: 972, Draws: 1381, Points: 1817.5 (52.23 %)
Ptnml(0-2): [137, 369, 613, 444, 177], WL/DD Ratio: 1.16
LLR: 2.53 (86.0%) (-2.94, 2.94) [0.00, 5.00]
--------------------------------------------------
Started game 3492 of 40000 (ref-778c7b0 vs cand-474c288)
Finished game 3491 (cand-474c288 vs ref-778c7b0): 1-0 {White wins by adjudication}
Started game 3493 of 40000 (cand-474c288 vs ref-778c7b0)
Finished game 3484 (ref-778c7b0 vs cand-474c288): 1/2-1/2 {Draw by adjudication}
Started game 3494 of 40000 (ref-778c7b0 vs cand-474c288)
Finished game 3481 (cand-474c288 vs ref-778c7b0): 1/2-1/2 {Draw by insufficient mating material}
Started game 3495 of 40000 (cand-474c288 vs ref-778c7b0)
Finished game 3482 (ref-778c7b0 vs cand-474c288): 0-1 {Black wins by adjudication}
Started game 3496 of 40000 (ref-778c7b0 vs cand-474c288)
Finished game 3483 (cand-474c288 vs ref-778c7b0): 1-0 {White wins by adjudication}
Started game 3497 of 40000 (cand-474c288 vs ref-778c7b0)
Finished game 3485 (cand-474c288 vs ref-778c7b0): 1-0 {White wins by adjudication}
Started game 3498 of 40000 (ref-778c7b0 vs cand-474c288)
Finished game 3487 (cand-474c288 vs ref-778c7b0): 0-1 {Black wins by adjudication}
Started game 3499 of 40000 (cand-474c288 vs ref-778c7b0)
Finished game 3486 (ref-778c7b0 vs cand-474c288): 1/2-1/2 {Draw by 3-fold repetition}
Started game 3500 of 40000 (ref-778c7b0 vs cand-474c288)
Finished game 3489 (cand-474c288 vs ref-778c7b0): 1/2-1/2 {Draw by 3-fold repetition}
Started game 3501 of 40000 (cand-474c288 vs ref-778c7b0)
Finished game 3490 (ref-778c7b0 vs cand-474c288): 0-1 {Black wins by adjudication}
Started game 3502 of 40000 (ref-778c7b0 vs cand-474c288)
Finished game 3488 (ref-778c7b0 vs cand-474c288): 0-1 {Black wins by adjudication}
Started game 3503 of 40000 (cand-474c288 vs ref-778c7b0)
Finished game 3492 (ref-778c7b0 vs cand-474c288): 1/2-1/2 {Draw by 3-fold repetition}
Started game 3504 of 40000 (ref-778c7b0 vs cand-474c288)
Finished game 3493 (cand-474c288 vs ref-778c7b0): 1-0 {White wins by adjudication}
Started game 3505 of 40000 (cand-474c288 vs ref-778c7b0)
Finished game 3496 (ref-778c7b0 vs cand-474c288): 0-1 {Black wins by adjudication}
Started game 3506 of 40000 (ref-778c7b0 vs cand-474c288)
Finished game 3494 (ref-778c7b0 vs cand-474c288): 1/2-1/2 {Draw by insufficient mating material}
Started game 3507 of 40000 (cand-474c288 vs ref-778c7b0)
Finished game 3498 (ref-778c7b0 vs cand-474c288): 0-1 {Black wins by adjudication}
Started game 3508 of 40000 (ref-778c7b0 vs cand-474c288)
Finished game 3500 (ref-778c7b0 vs cand-474c288): 1/2-1/2 {Draw by 3-fold repetition}
Started game 3509 of 40000 (cand-474c288 vs ref-778c7b0)
Finished game 3495 (cand-474c288 vs ref-778c7b0): 1/2-1/2 {Draw by 3-fold repetition}
Started game 3510 of 40000 (ref-778c7b0 vs cand-474c288)
Finished game 3502 (ref-778c7b0 vs cand-474c288): 1/2-1/2 {Draw by 3-fold repetition}
Started game 3511 of 40000 (cand-474c288 vs ref-778c7b0)
Finished game 3499 (cand-474c288 vs ref-778c7b0): 1/2-1/2 {Draw by 3-fold repetition}
--------------------------------------------------
Results of cand-474c288 vs ref-778c7b0 (8+0.08, 1t, 16MB, noob_3moves.epd):
Elo: 16.10 +/- 8.86, nElo: 20.96 +/- 11.51
LOS: 99.98 %, DrawRatio: 35.16 %, PairsRatio: 1.24
Games: 3498, Wins: 1135, Losses: 973, Draws: 1390, Points: 1830.0 (52.32 %)
Ptnml(0-2): [137, 369, 615, 451, 177], WL/DD Ratio: 1.16
LLR: 2.66 (90.4%) (-2.94, 2.94) [0.00, 5.00]
--------------------------------------------------
Started game 3512 of 40000 (ref-778c7b0 vs cand-474c288)
Finished game 3503 (cand-474c288 vs ref-778c7b0): 1/2-1/2 {Draw by 3-fold repetition}
Started game 3513 of 40000 (cand-474c288 vs ref-778c7b0)
Finished game 3501 (cand-474c288 vs ref-778c7b0): 0-1 {Black wins by adjudication}
Started game 3514 of 40000 (ref-778c7b0 vs cand-474c288)
Finished game 3505 (cand-474c288 vs ref-778c7b0): 1/2-1/2 {Draw by 3-fold repetition}
Started game 3515 of 40000 (cand-474c288 vs ref-778c7b0)
Finished game 3497 (cand-474c288 vs ref-778c7b0): 1/2-1/2 {Draw by fifty moves rule}
Started game 3516 of 40000 (ref-778c7b0 vs cand-474c288)
Finished game 3506 (ref-778c7b0 vs cand-474c288): 1/2-1/2 {Draw by insufficient mating material}
Started game 3517 of 40000 (cand-474c288 vs ref-778c7b0)
Finished game 3509 (cand-474c288 vs ref-778c7b0): 0-1 {Black wins by adjudication}
Started game 3518 of 40000 (ref-778c7b0 vs cand-474c288)
Finished game 3507 (cand-474c288 vs ref-778c7b0): 1/2-1/2 {Draw by adjudication}
Started game 3519 of 40000 (cand-474c288 vs ref-778c7b0)
Finished game 3511 (cand-474c288 vs ref-778c7b0): 1-0 {White wins by adjudication}
Started game 3520 of 40000 (ref-778c7b0 vs cand-474c288)
Finished game 3510 (ref-778c7b0 vs cand-474c288): 1-0 {White wins by adjudication}
Started game 3521 of 40000 (cand-474c288 vs ref-778c7b0)
Finished game 3508 (ref-778c7b0 vs cand-474c288): 1/2-1/2 {Draw by adjudication}
Started game 3522 of 40000 (ref-778c7b0 vs cand-474c288)
Finished game 3504 (ref-778c7b0 vs cand-474c288): 1/2-1/2 {Draw by adjudication}
Started game 3523 of 40000 (cand-474c288 vs ref-778c7b0)
Finished game 3513 (cand-474c288 vs ref-778c7b0): 1-0 {White wins by adjudication}
Started game 3524 of 40000 (ref-778c7b0 vs cand-474c288)
Finished game 3515 (cand-474c288 vs ref-778c7b0): 1/2-1/2 {Draw by 3-fold repetition}
Started game 3525 of 40000 (cand-474c288 vs ref-778c7b0)
Finished game 3512 (ref-778c7b0 vs cand-474c288): 0-1 {Black wins by adjudication}
Started game 3526 of 40000 (ref-778c7b0 vs cand-474c288)
Finished game 3518 (ref-778c7b0 vs cand-474c288): 1-0 {White wins by adjudication}
Started game 3527 of 40000 (cand-474c288 vs ref-778c7b0)
Finished game 3514 (ref-778c7b0 vs cand-474c288): 1/2-1/2 {Draw by adjudication}
Started game 3528 of 40000 (ref-778c7b0 vs cand-474c288)
Finished game 3517 (cand-474c288 vs ref-778c7b0): 1/2-1/2 {Draw by 3-fold repetition}
Started game 3529 of 40000 (cand-474c288 vs ref-778c7b0)
Finished game 3516 (ref-778c7b0 vs cand-474c288): 0-1 {Black wins by adjudication}
Started game 3530 of 40000 (ref-778c7b0 vs cand-474c288)
Finished game 3519 (cand-474c288 vs ref-778c7b0): 0-1 {Black wins by adjudication}
Started game 3531 of 40000 (cand-474c288 vs ref-778c7b0)
Finished game 3520 (ref-778c7b0 vs cand-474c288): 1-0 {White wins by adjudication}
--------------------------------------------------
Results of cand-474c288 vs ref-778c7b0 (8+0.08, 1t, 16MB, noob_3moves.epd):
Elo: 15.90 +/- 8.84, nElo: 20.68 +/- 11.48
LOS: 99.98 %, DrawRatio: 35.11 %, PairsRatio: 1.24
Games: 3520, Wins: 1140, Losses: 979, Draws: 1401, Points: 1840.5 (52.29 %)
Ptnml(0-2): [139, 371, 618, 454, 178], WL/DD Ratio: 1.15
LLR: 2.64 (89.6%) (-2.94, 2.94) [0.00, 5.00]
--------------------------------------------------
Started game 3532 of 40000 (ref-778c7b0 vs cand-474c288)
Finished game 3521 (cand-474c288 vs ref-778c7b0): 1/2-1/2 {Draw by insufficient mating material}
Started game 3533 of 40000 (cand-474c288 vs ref-778c7b0)
Finished game 3528 (ref-778c7b0 vs cand-474c288): 1-0 {White wins by adjudication}
Started game 3534 of 40000 (ref-778c7b0 vs cand-474c288)
Finished game 3522 (ref-778c7b0 vs cand-474c288): 1/2-1/2 {Draw by adjudication}
Started game 3535 of 40000 (cand-474c288 vs ref-778c7b0)
Finished game 3529 (cand-474c288 vs ref-778c7b0): 1/2-1/2 {Draw by 3-fold repetition}
Started game 3536 of 40000 (ref-778c7b0 vs cand-474c288)
Finished game 3527 (cand-474c288 vs ref-778c7b0): 0-1 {Black wins by adjudication}
Started game 3537 of 40000 (cand-474c288 vs ref-778c7b0)
Finished game 3524 (ref-778c7b0 vs cand-474c288): 0-1 {Black wins by adjudication}
Started game 3538 of 40000 (ref-778c7b0 vs cand-474c288)
Finished game 3523 (cand-474c288 vs ref-778c7b0): 1/2-1/2 {Draw by insufficient mating material}
Started game 3539 of 40000 (cand-474c288 vs ref-778c7b0)
Finished game 3532 (ref-778c7b0 vs cand-474c288): 1-0 {White wins by adjudication}
Started game 3540 of 40000 (ref-778c7b0 vs cand-474c288)
Finished game 3525 (cand-474c288 vs ref-778c7b0): 0-1 {Black wins by adjudication}
Started game 3541 of 40000 (cand-474c288 vs ref-778c7b0)
Finished game 3526 (ref-778c7b0 vs cand-474c288): 1/2-1/2 {Draw by insufficient mating material}
Started game 3542 of 40000 (ref-778c7b0 vs cand-474c288)
Finished game 3538 (ref-778c7b0 vs cand-474c288): 1/2-1/2 {Draw by 3-fold repetition}
Started game 3543 of 40000 (cand-474c288 vs ref-778c7b0)
Finished game 3531 (cand-474c288 vs ref-778c7b0): 1/2-1/2 {Draw by insufficient mating material}
Started game 3544 of 40000 (ref-778c7b0 vs cand-474c288)
Finished game 3530 (ref-778c7b0 vs cand-474c288): 0-1 {Black wins by adjudication}
Started game 3545 of 40000 (cand-474c288 vs ref-778c7b0)
Finished game 3534 (ref-778c7b0 vs cand-474c288): 0-1 {Black wins by adjudication}
Started game 3546 of 40000 (ref-778c7b0 vs cand-474c288)
Finished game 3536 (ref-778c7b0 vs cand-474c288): 1-0 {White wins by adjudication}
Started game 3547 of 40000 (cand-474c288 vs ref-778c7b0)
Finished game 3537 (cand-474c288 vs ref-778c7b0): 1/2-1/2 {Draw by 3-fold repetition}
Started game 3548 of 40000 (ref-778c7b0 vs cand-474c288)
Finished game 3533 (cand-474c288 vs ref-778c7b0): 1/2-1/2 {Draw by 3-fold repetition}
Started game 3549 of 40000 (cand-474c288 vs ref-778c7b0)
Finished game 3535 (cand-474c288 vs ref-778c7b0): 1/2-1/2 {Draw by adjudication}
Started game 3550 of 40000 (ref-778c7b0 vs cand-474c288)
Finished game 3543 (cand-474c288 vs ref-778c7b0): 0-1 {Black wins by adjudication}
Started game 3551 of 40000 (cand-474c288 vs ref-778c7b0)
Finished game 3541 (cand-474c288 vs ref-778c7b0): 1-0 {White wins by adjudication}
Started game 3552 of 40000 (ref-778c7b0 vs cand-474c288)
Finished game 3544 (ref-778c7b0 vs cand-474c288): 1/2-1/2 {Draw by 3-fold repetition}
Started game 3553 of 40000 (cand-474c288 vs ref-778c7b0)
Finished game 3539 (cand-474c288 vs ref-778c7b0): 1-0 {White wins by adjudication}
Started game 3554 of 40000 (ref-778c7b0 vs cand-474c288)
Finished game 3546 (ref-778c7b0 vs cand-474c288): 0-1 {Black wins by adjudication}
Started game 3555 of 40000 (cand-474c288 vs ref-778c7b0)
Finished game 3548 (ref-778c7b0 vs cand-474c288): 0-1 {Black wins by adjudication}
Started game 3556 of 40000 (ref-778c7b0 vs cand-474c288)
Finished game 3540 (ref-778c7b0 vs cand-474c288): 1/2-1/2 {Draw by adjudication}
--------------------------------------------------
Results of cand-474c288 vs ref-778c7b0 (8+0.08, 1t, 16MB, noob_3moves.epd):
Elo: 15.61 +/- 8.81, nElo: 20.30 +/- 11.44
LOS: 99.97 %, DrawRatio: 35.01 %, PairsRatio: 1.23
Games: 3542, Wins: 1144, Losses: 985, Draws: 1413, Points: 1850.5 (52.24 %)
Ptnml(0-2): [140, 375, 620, 458, 178], WL/DD Ratio: 1.14
LLR: 2.60 (88.3%) (-2.94, 2.94) [0.00, 5.00]
--------------------------------------------------
Started game 3557 of 40000 (cand-474c288 vs ref-778c7b0)
Finished game 3545 (cand-474c288 vs ref-778c7b0): 1/2-1/2 {Draw by adjudication}
Started game 3558 of 40000 (ref-778c7b0 vs cand-474c288)
Finished game 3553 (cand-474c288 vs ref-778c7b0): 1/2-1/2 {Draw by 3-fold repetition}
Started game 3559 of 40000 (cand-474c288 vs ref-778c7b0)
Finished game 3542 (ref-778c7b0 vs cand-474c288): 1/2-1/2 {Draw by fifty moves rule}
Started game 3560 of 40000 (ref-778c7b0 vs cand-474c288)
Finished game 3549 (cand-474c288 vs ref-778c7b0): 1/2-1/2 {Draw by 3-fold repetition}
Started game 3561 of 40000 (cand-474c288 vs ref-778c7b0)
Finished game 3551 (cand-474c288 vs ref-778c7b0): 0-1 {Black wins by adjudication}
Started game 3562 of 40000 (ref-778c7b0 vs cand-474c288)
Finished game 3547 (cand-474c288 vs ref-778c7b0): 1/2-1/2 {Draw by 3-fold repetition}
Started game 3563 of 40000 (cand-474c288 vs ref-778c7b0)
Finished game 3552 (ref-778c7b0 vs cand-474c288): 1-0 {White wins by adjudication}
Started game 3564 of 40000 (ref-778c7b0 vs cand-474c288)
Finished game 3554 (ref-778c7b0 vs cand-474c288): 1-0 {White wins by adjudication}
Started game 3565 of 40000 (cand-474c288 vs ref-778c7b0)
Finished game 3550 (ref-778c7b0 vs cand-474c288): 1/2-1/2 {Draw by 3-fold repetition}
Started game 3566 of 40000 (ref-778c7b0 vs cand-474c288)
Finished game 3557 (cand-474c288 vs ref-778c7b0): 1-0 {White wins by adjudication}
Started game 3567 of 40000 (cand-474c288 vs ref-778c7b0)
Finished game 3556 (ref-778c7b0 vs cand-474c288): 1/2-1/2 {Draw by 3-fold repetition}
Started game 3568 of 40000 (ref-778c7b0 vs cand-474c288)
Finished game 3558 (ref-778c7b0 vs cand-474c288): 1/2-1/2 {Draw by insufficient mating material}
Started game 3569 of 40000 (cand-474c288 vs ref-778c7b0)
Finished game 3560 (ref-778c7b0 vs cand-474c288): 0-1 {Black wins by adjudication}
Started game 3570 of 40000 (ref-778c7b0 vs cand-474c288)
Finished game 3561 (cand-474c288 vs ref-778c7b0): 1-0 {White wins by adjudication}
Started game 3571 of 40000 (cand-474c288 vs ref-778c7b0)
Finished game 3555 (cand-474c288 vs ref-778c7b0): 1/2-1/2 {Draw by fifty moves rule}
Started game 3572 of 40000 (ref-778c7b0 vs cand-474c288)
Finished game 3559 (cand-474c288 vs ref-778c7b0): 1/2-1/2 {Draw by fifty moves rule}
--------------------------------------------------
Results of cand-474c288 vs ref-778c7b0 (8+0.08, 1t, 16MB, noob_3moves.epd):
Elo: 15.72 +/- 8.79, nElo: 20.46 +/- 11.41
LOS: 99.98 %, DrawRatio: 34.94 %, PairsRatio: 1.24
Games: 3560, Wins: 1149, Losses: 988, Draws: 1423, Points: 1860.5 (52.26 %)
Ptnml(0-2): [141, 376, 622, 463, 178], WL/DD Ratio: 1.13
LLR: 2.63 (89.5%) (-2.94, 2.94) [0.00, 5.00]
--------------------------------------------------
Started game 3573 of 40000 (cand-474c288 vs ref-778c7b0)
Finished game 3563 (cand-474c288 vs ref-778c7b0): 1/2-1/2 {Draw by 3-fold repetition}
Started game 3574 of 40000 (ref-778c7b0 vs cand-474c288)
Finished game 3569 (cand-474c288 vs ref-778c7b0): 0-1 {Black wins by adjudication}
Started game 3575 of 40000 (cand-474c288 vs ref-778c7b0)
Finished game 3562 (ref-778c7b0 vs cand-474c288): 1/2-1/2 {Draw by 3-fold repetition}
Started game 3576 of 40000 (ref-778c7b0 vs cand-474c288)
Finished game 3564 (ref-778c7b0 vs cand-474c288): 0-1 {Black wins by adjudication}
Started game 3577 of 40000 (cand-474c288 vs ref-778c7b0)
Finished game 3572 (ref-778c7b0 vs cand-474c288): 0-1 {Black wins by adjudication}
Started game 3578 of 40000 (ref-778c7b0 vs cand-474c288)
Finished game 3566 (ref-778c7b0 vs cand-474c288): 1/2-1/2 {Draw by insufficient mating material}
Started game 3579 of 40000 (cand-474c288 vs ref-778c7b0)
Finished game 3567 (cand-474c288 vs ref-778c7b0): 0-1 {Black wins by adjudication}
Started game 3580 of 40000 (ref-778c7b0 vs cand-474c288)
Finished game 3571 (cand-474c288 vs ref-778c7b0): 1-0 {White wins by adjudication}
Started game 3581 of 40000 (cand-474c288 vs ref-778c7b0)
Finished game 3573 (cand-474c288 vs ref-778c7b0): 1/2-1/2 {Draw by 3-fold repetition}
Started game 3582 of 40000 (ref-778c7b0 vs cand-474c288)
Finished game 3574 (ref-778c7b0 vs cand-474c288): 0-1 {Black wins by adjudication}
Started game 3583 of 40000 (cand-474c288 vs ref-778c7b0)
Finished game 3570 (ref-778c7b0 vs cand-474c288): 1-0 {White wins by adjudication}
Started game 3584 of 40000 (ref-778c7b0 vs cand-474c288)
Finished game 3575 (cand-474c288 vs ref-778c7b0): 1/2-1/2 {Draw by 3-fold repetition}
Started game 3585 of 40000 (cand-474c288 vs ref-778c7b0)
Finished game 3568 (ref-778c7b0 vs cand-474c288): 1/2-1/2 {Draw by insufficient mating material}
Started game 3586 of 40000 (ref-778c7b0 vs cand-474c288)
Finished game 3579 (cand-474c288 vs ref-778c7b0): 1/2-1/2 {Draw by 3-fold repetition}
Started game 3587 of 40000 (cand-474c288 vs ref-778c7b0)
Finished game 3576 (ref-778c7b0 vs cand-474c288): 1/2-1/2 {Draw by insufficient mating material}
Started game 3588 of 40000 (ref-778c7b0 vs cand-474c288)
Finished game 3577 (cand-474c288 vs ref-778c7b0): 1-0 {White wins by adjudication}
Started game 3589 of 40000 (cand-474c288 vs ref-778c7b0)
Finished game 3578 (ref-778c7b0 vs cand-474c288): 0-1 {Black wins by adjudication}
Started game 3590 of 40000 (ref-778c7b0 vs cand-474c288)
Finished game 3581 (cand-474c288 vs ref-778c7b0): 1/2-1/2 {Draw by 3-fold repetition}
Started game 3591 of 40000 (cand-474c288 vs ref-778c7b0)
Finished game 3580 (ref-778c7b0 vs cand-474c288): 0-1 {Black wins by adjudication}
--------------------------------------------------
Results of cand-474c288 vs ref-778c7b0 (8+0.08, 1t, 16MB, noob_3moves.epd):
Elo: 16.13 +/- 8.78, nElo: 20.96 +/- 11.38
LOS: 99.98 %, DrawRatio: 34.82 %, PairsRatio: 1.25
Games: 3578, Wins: 1157, Losses: 991, Draws: 1430, Points: 1872.0 (52.32 %)
Ptnml(0-2): [142, 377, 623, 467, 180], WL/DD Ratio: 1.13
LLR: 2.72 (92.4%) (-2.94, 2.94) [0.00, 5.00]
--------------------------------------------------
Started game 3592 of 40000 (ref-778c7b0 vs cand-474c288)
Finished game 3565 (cand-474c288 vs ref-778c7b0): 1/2-1/2 {Draw by insufficient mating material}
Started game 3593 of 40000 (cand-474c288 vs ref-778c7b0)
Finished game 3583 (cand-474c288 vs ref-778c7b0): 1-0 {White wins by adjudication}
Started game 3594 of 40000 (ref-778c7b0 vs cand-474c288)
Finished game 3584 (ref-778c7b0 vs cand-474c288): 0-1 {Black wins by adjudication}
Started game 3595 of 40000 (cand-474c288 vs ref-778c7b0)
Finished game 3587 (cand-474c288 vs ref-778c7b0): 0-1 {Black wins by adjudication}
Started game 3596 of 40000 (ref-778c7b0 vs cand-474c288)
Finished game 3582 (ref-778c7b0 vs cand-474c288): 0-1 {Black wins by adjudication}
Started game 3597 of 40000 (cand-474c288 vs ref-778c7b0)
Finished game 3585 (cand-474c288 vs ref-778c7b0): 0-1 {Black wins by adjudication}
Started game 3598 of 40000 (ref-778c7b0 vs cand-474c288)
Finished game 3588 (ref-778c7b0 vs cand-474c288): 0-1 {Black wins by adjudication}
Started game 3599 of 40000 (cand-474c288 vs ref-778c7b0)
Finished game 3591 (cand-474c288 vs ref-778c7b0): 1/2-1/2 {Draw by 3-fold repetition}
Started game 3600 of 40000 (ref-778c7b0 vs cand-474c288)
Finished game 3592 (ref-778c7b0 vs cand-474c288): 1/2-1/2 {Draw by 3-fold repetition}
Started game 3601 of 40000 (cand-474c288 vs ref-778c7b0)
Finished game 3593 (cand-474c288 vs ref-778c7b0): 1-0 {White wins by adjudication}
Started game 3602 of 40000 (ref-778c7b0 vs cand-474c288)
Finished game 3589 (cand-474c288 vs ref-778c7b0): 1-0 {White wins by adjudication}
Started game 3603 of 40000 (cand-474c288 vs ref-778c7b0)
Finished game 3590 (ref-778c7b0 vs cand-474c288): 1/2-1/2 {Draw by insufficient mating material}
Started game 3604 of 40000 (ref-778c7b0 vs cand-474c288)
Finished game 3586 (ref-778c7b0 vs cand-474c288): 1/2-1/2 {Draw by adjudication}
Started game 3605 of 40000 (cand-474c288 vs ref-778c7b0)
Finished game 3594 (ref-778c7b0 vs cand-474c288): 0-1 {Black wins by adjudication}
Started game 3606 of 40000 (ref-778c7b0 vs cand-474c288)
Finished game 3596 (ref-778c7b0 vs cand-474c288): 0-1 {Black wins by adjudication}
Started game 3607 of 40000 (cand-474c288 vs ref-778c7b0)
Finished game 3595 (cand-474c288 vs ref-778c7b0): 1-0 {White wins by adjudication}
Started game 3608 of 40000 (ref-778c7b0 vs cand-474c288)
Finished game 3601 (cand-474c288 vs ref-778c7b0): 0-1 {Black wins by adjudication}
Started game 3609 of 40000 (cand-474c288 vs ref-778c7b0)
Finished game 3597 (cand-474c288 vs ref-778c7b0): 1/2-1/2 {Draw by 3-fold repetition}
Started game 3610 of 40000 (ref-778c7b0 vs cand-474c288)
Finished game 3599 (cand-474c288 vs ref-778c7b0): 0-1 {Black wins by adjudication}
Started game 3611 of 40000 (cand-474c288 vs ref-778c7b0)
Finished game 3598 (ref-778c7b0 vs cand-474c288): 1-0 {White wins by adjudication}
Started game 3612 of 40000 (ref-778c7b0 vs cand-474c288)
Finished game 3602 (ref-778c7b0 vs cand-474c288): 1/2-1/2 {Draw by 3-fold repetition}
Started game 3613 of 40000 (cand-474c288 vs ref-778c7b0)
Finished game 3604 (ref-778c7b0 vs cand-474c288): 0-1 {Black wins by adjudication}
Started game 3614 of 40000 (ref-778c7b0 vs cand-474c288)
Finished game 3603 (cand-474c288 vs ref-778c7b0): 0-1 {Black wins by adjudication}
Started game 3615 of 40000 (cand-474c288 vs ref-778c7b0)
Finished game 3600 (ref-778c7b0 vs cand-474c288): 1/2-1/2 {Draw by insufficient mating material}
--------------------------------------------------
Results of cand-474c288 vs ref-778c7b0 (8+0.08, 1t, 16MB, noob_3moves.epd):
Elo: 16.40 +/- 8.75, nElo: 21.30 +/- 11.34
LOS: 99.99 %, DrawRatio: 34.79 %, PairsRatio: 1.25
Games: 3604, Wins: 1167, Losses: 997, Draws: 1440, Points: 1887.0 (52.36 %)
Ptnml(0-2): [142, 381, 627, 469, 183], WL/DD Ratio: 1.13
LLR: 2.79 (94.8%) (-2.94, 2.94) [0.00, 5.00]
--------------------------------------------------
Started game 3616 of 40000 (ref-778c7b0 vs cand-474c288)
Finished game 3608 (ref-778c7b0 vs cand-474c288): 1-0 {White wins by adjudication}
Started game 3617 of 40000 (cand-474c288 vs ref-778c7b0)
Finished game 3605 (cand-474c288 vs ref-778c7b0): 1/2-1/2 {Draw by 3-fold repetition}
Started game 3618 of 40000 (ref-778c7b0 vs cand-474c288)
Finished game 3606 (ref-778c7b0 vs cand-474c288): 0-1 {Black wins by adjudication}
Started game 3619 of 40000 (cand-474c288 vs ref-778c7b0)
Finished game 3607 (cand-474c288 vs ref-778c7b0): 0-1 {Black wins by adjudication}
Started game 3620 of 40000 (ref-778c7b0 vs cand-474c288)
Finished game 3609 (cand-474c288 vs ref-778c7b0): 1-0 {White wins by adjudication}
Started game 3621 of 40000 (cand-474c288 vs ref-778c7b0)
Finished game 3615 (cand-474c288 vs ref-778c7b0): 1/2-1/2 {Draw by 3-fold repetition}
Started game 3622 of 40000 (ref-778c7b0 vs cand-474c288)
Finished game 3612 (ref-778c7b0 vs cand-474c288): 1/2-1/2 {Draw by 3-fold repetition}
Started game 3623 of 40000 (cand-474c288 vs ref-778c7b0)
Finished game 3611 (cand-474c288 vs ref-778c7b0): 1/2-1/2 {Draw by 3-fold repetition}
Started game 3624 of 40000 (ref-778c7b0 vs cand-474c288)
Finished game 3616 (ref-778c7b0 vs cand-474c288): 1-0 {White wins by adjudication}
Started game 3625 of 40000 (cand-474c288 vs ref-778c7b0)
Finished game 3610 (ref-778c7b0 vs cand-474c288): 1-0 {White wins by adjudication}
Started game 3626 of 40000 (ref-778c7b0 vs cand-474c288)
Finished game 3617 (cand-474c288 vs ref-778c7b0): 1/2-1/2 {Draw by insufficient mating material}
Started game 3627 of 40000 (cand-474c288 vs ref-778c7b0)
Finished game 3618 (ref-778c7b0 vs cand-474c288): 0-1 {Black wins by adjudication}
Started game 3628 of 40000 (ref-778c7b0 vs cand-474c288)
Finished game 3613 (cand-474c288 vs ref-778c7b0): 0-1 {Black wins by adjudication}
Started game 3629 of 40000 (cand-474c288 vs ref-778c7b0)
Finished game 3614 (ref-778c7b0 vs cand-474c288): 1-0 {White wins by adjudication}
Started game 3630 of 40000 (ref-778c7b0 vs cand-474c288)
Finished game 3619 (cand-474c288 vs ref-778c7b0): 1/2-1/2 {Draw by 3-fold repetition}
Started game 3631 of 40000 (cand-474c288 vs ref-778c7b0)
Finished game 3621 (cand-474c288 vs ref-778c7b0): 1/2-1/2 {Draw by 3-fold repetition}
Started game 3632 of 40000 (ref-778c7b0 vs cand-474c288)
Finished game 3622 (ref-778c7b0 vs cand-474c288): 0-1 {Black wins by adjudication}
Started game 3633 of 40000 (cand-474c288 vs ref-778c7b0)
Finished game 3624 (ref-778c7b0 vs cand-474c288): 1-0 {White wins by adjudication}
Started game 3634 of 40000 (ref-778c7b0 vs cand-474c288)
Finished game 3629 (cand-474c288 vs ref-778c7b0): 1-0 {White wins by adjudication}
Started game 3635 of 40000 (cand-474c288 vs ref-778c7b0)
Finished game 3623 (cand-474c288 vs ref-778c7b0): 1-0 {White wins by adjudication}
Started game 3636 of 40000 (ref-778c7b0 vs cand-474c288)
Finished game 3620 (ref-778c7b0 vs cand-474c288): 1/2-1/2 {Draw by fifty moves rule}
--------------------------------------------------
Results of cand-474c288 vs ref-778c7b0 (8+0.08, 1t, 16MB, noob_3moves.epd):
Elo: 16.12 +/- 8.73, nElo: 20.93 +/- 11.31
LOS: 99.99 %, DrawRatio: 34.82 %, PairsRatio: 1.25
Games: 3624, Wins: 1172, Losses: 1004, Draws: 1448, Points: 1896.0 (52.32 %)
Ptnml(0-2): [144, 382, 631, 472, 183], WL/DD Ratio: 1.12
LLR: 2.75 (93.5%) (-2.94, 2.94) [0.00, 5.00]
--------------------------------------------------
Started game 3637 of 40000 (cand-474c288 vs ref-778c7b0)
Finished game 3625 (cand-474c288 vs ref-778c7b0): 0-1 {Black wins by adjudication}
Started game 3638 of 40000 (ref-778c7b0 vs cand-474c288)
Finished game 3628 (ref-778c7b0 vs cand-474c288): 0-1 {Black wins by adjudication}
Started game 3639 of 40000 (cand-474c288 vs ref-778c7b0)
Finished game 3634 (ref-778c7b0 vs cand-474c288): 1/2-1/2 {Draw by 3-fold repetition}
Started game 3640 of 40000 (ref-778c7b0 vs cand-474c288)
Finished game 3632 (ref-778c7b0 vs cand-474c288): 1-0 {White wins by adjudication}
Started game 3641 of 40000 (cand-474c288 vs ref-778c7b0)
Finished game 3630 (ref-778c7b0 vs cand-474c288): 1-0 {White wins by adjudication}
Started game 3642 of 40000 (ref-778c7b0 vs cand-474c288)
Finished game 3627 (cand-474c288 vs ref-778c7b0): 1/2-1/2 {Draw by fifty moves rule}
Started game 3643 of 40000 (cand-474c288 vs ref-778c7b0)
Finished game 3633 (cand-474c288 vs ref-778c7b0): 1-0 {White wins by adjudication}
Started game 3644 of 40000 (ref-778c7b0 vs cand-474c288)
Finished game 3626 (ref-778c7b0 vs cand-474c288): 1/2-1/2 {Draw by fifty moves rule}
Started game 3645 of 40000 (cand-474c288 vs ref-778c7b0)
Finished game 3636 (ref-778c7b0 vs cand-474c288): 1-0 {White wins by adjudication}
Started game 3646 of 40000 (ref-778c7b0 vs cand-474c288)
Finished game 3631 (cand-474c288 vs ref-778c7b0): 1/2-1/2 {Draw by fifty moves rule}
Started game 3647 of 40000 (cand-474c288 vs ref-778c7b0)
Finished game 3635 (cand-474c288 vs ref-778c7b0): 1/2-1/2 {Draw by 3-fold repetition}
Started game 3648 of 40000 (ref-778c7b0 vs cand-474c288)
Finished game 3638 (ref-778c7b0 vs cand-474c288): 0-1 {Black wins by adjudication}
Started game 3649 of 40000 (cand-474c288 vs ref-778c7b0)
Finished game 3642 (ref-778c7b0 vs cand-474c288): 0-1 {Black wins by adjudication}
Started game 3650 of 40000 (ref-778c7b0 vs cand-474c288)
Finished game 3639 (cand-474c288 vs ref-778c7b0): 0-1 {Black wins by adjudication}
Started game 3651 of 40000 (cand-474c288 vs ref-778c7b0)
Finished game 3640 (ref-778c7b0 vs cand-474c288): 1/2-1/2 {Draw by insufficient mating material}
--------------------------------------------------
Results of cand-474c288 vs ref-778c7b0 (8+0.08, 1t, 16MB, noob_3moves.epd):
Elo: 15.86 +/- 8.70, nElo: 20.61 +/- 11.29
LOS: 99.98 %, DrawRatio: 34.74 %, PairsRatio: 1.24
Games: 3638, Wins: 1175, Losses: 1009, Draws: 1454, Points: 1902.0 (52.28 %)
Ptnml(0-2): [144, 386, 632, 474, 183], WL/DD Ratio: 1.13
LLR: 2.72 (92.2%) (-2.94, 2.94) [0.00, 5.00]
--------------------------------------------------
Started game 3652 of 40000 (ref-778c7b0 vs cand-474c288)
Finished game 3641 (cand-474c288 vs ref-778c7b0): 0-1 {Black wins by adjudication}
Started game 3653 of 40000 (cand-474c288 vs ref-778c7b0)
Finished game 3644 (ref-778c7b0 vs cand-474c288): 1/2-1/2 {Draw by 3-fold repetition}
Started game 3654 of 40000 (ref-778c7b0 vs cand-474c288)
Finished game 3643 (cand-474c288 vs ref-778c7b0): 1/2-1/2 {Draw by adjudication}
Started game 3655 of 40000 (cand-474c288 vs ref-778c7b0)
Finished game 3648 (ref-778c7b0 vs cand-474c288): 0-1 {Black wins by adjudication}
Started game 3656 of 40000 (ref-778c7b0 vs cand-474c288)
Finished game 3649 (cand-474c288 vs ref-778c7b0): 0-1 {Black wins by adjudication}
Started game 3657 of 40000 (cand-474c288 vs ref-778c7b0)
Finished game 3637 (cand-474c288 vs ref-778c7b0): 1/2-1/2 {Draw by insufficient mating material}
Started game 3658 of 40000 (ref-778c7b0 vs cand-474c288)
Finished game 3647 (cand-474c288 vs ref-778c7b0): 1-0 {White wins by adjudication}
Started game 3659 of 40000 (cand-474c288 vs ref-778c7b0)
Finished game 3646 (ref-778c7b0 vs cand-474c288): 1-0 {White wins by adjudication}
Started game 3660 of 40000 (ref-778c7b0 vs cand-474c288)
Finished game 3652 (ref-778c7b0 vs cand-474c288): 0-1 {Black wins by adjudication}
Started game 3661 of 40000 (cand-474c288 vs ref-778c7b0)
Finished game 3645 (cand-474c288 vs ref-778c7b0): 1/2-1/2 {Draw by 3-fold repetition}
Started game 3662 of 40000 (ref-778c7b0 vs cand-474c288)
Finished game 3651 (cand-474c288 vs ref-778c7b0): 1-0 {White wins by adjudication}
Started game 3663 of 40000 (cand-474c288 vs ref-778c7b0)
Finished game 3659 (cand-474c288 vs ref-778c7b0): 1/2-1/2 {Draw by 3-fold repetition}
Started game 3664 of 40000 (ref-778c7b0 vs cand-474c288)
Finished game 3650 (ref-778c7b0 vs cand-474c288): 0-1 {Black wins by adjudication}
Started game 3665 of 40000 (cand-474c288 vs ref-778c7b0)
Finished game 3655 (cand-474c288 vs ref-778c7b0): 1/2-1/2 {Draw by 3-fold repetition}
Started game 3666 of 40000 (ref-778c7b0 vs cand-474c288)
Finished game 3658 (ref-778c7b0 vs cand-474c288): 1/2-1/2 {Draw by adjudication}
Started game 3667 of 40000 (cand-474c288 vs ref-778c7b0)
Finished game 3654 (ref-778c7b0 vs cand-474c288): 1/2-1/2 {Draw by adjudication}
Started game 3668 of 40000 (ref-778c7b0 vs cand-474c288)
Finished game 3660 (ref-778c7b0 vs cand-474c288): 1/2-1/2 {Draw by 3-fold repetition}
--------------------------------------------------
Results of cand-474c288 vs ref-778c7b0 (8+0.08, 1t, 16MB, noob_3moves.epd):
Elo: 16.18 +/- 8.69, nElo: 21.01 +/- 11.27
LOS: 99.99 %, DrawRatio: 34.81 %, PairsRatio: 1.24
Games: 3654, Wins: 1182, Losses: 1012, Draws: 1460, Points: 1912.0 (52.33 %)
Ptnml(0-2): [144, 387, 636, 475, 185], WL/DD Ratio: 1.13
LLR: 2.79 (94.7%) (-2.94, 2.94) [0.00, 5.00]
--------------------------------------------------
Started game 3669 of 40000 (cand-474c288 vs ref-778c7b0)
Finished game 3653 (cand-474c288 vs ref-778c7b0): 1-0 {White wins by adjudication}
Started game 3670 of 40000 (ref-778c7b0 vs cand-474c288)
Finished game 3661 (cand-474c288 vs ref-778c7b0): 0-1 {Black wins by adjudication}
Started game 3671 of 40000 (cand-474c288 vs ref-778c7b0)
Finished game 3657 (cand-474c288 vs ref-778c7b0): 1-0 {White wins by adjudication}
Started game 3672 of 40000 (ref-778c7b0 vs cand-474c288)
Finished game 3656 (ref-778c7b0 vs cand-474c288): 0-1 {Black wins by adjudication}
Started game 3673 of 40000 (cand-474c288 vs ref-778c7b0)
Finished game 3664 (ref-778c7b0 vs cand-474c288): 1/2-1/2 {Draw by 3-fold repetition}
Started game 3674 of 40000 (ref-778c7b0 vs cand-474c288)
Finished game 3663 (cand-474c288 vs ref-778c7b0): 0-1 {Black wins by adjudication}
Started game 3675 of 40000 (cand-474c288 vs ref-778c7b0)
Finished game 3662 (ref-778c7b0 vs cand-474c288): 0-1 {Black wins by adjudication}
Started game 3676 of 40000 (ref-778c7b0 vs cand-474c288)
Finished game 3665 (cand-474c288 vs ref-778c7b0): 1/2-1/2 {Draw by adjudication}
Started game 3677 of 40000 (cand-474c288 vs ref-778c7b0)
Finished game 3669 (cand-474c288 vs ref-778c7b0): 1/2-1/2 {Draw by 3-fold repetition}
Started game 3678 of 40000 (ref-778c7b0 vs cand-474c288)
Finished game 3672 (ref-778c7b0 vs cand-474c288): 1-0 {White wins by adjudication}
Started game 3679 of 40000 (cand-474c288 vs ref-778c7b0)
Finished game 3666 (ref-778c7b0 vs cand-474c288): 1/2-1/2 {Draw by insufficient mating material}
Started game 3680 of 40000 (ref-778c7b0 vs cand-474c288)
Finished game 3667 (cand-474c288 vs ref-778c7b0): 0-1 {Black wins by adjudication}
Started game 3681 of 40000 (cand-474c288 vs ref-778c7b0)
Warning; Incomplete mating PV - from ref-778c7b0
Info; info score mate 8 time 0 depth 1 nodes 28 nps 1866666 pv f2g2 
Position; fen r1bqkb1r/pppppp1p/n5pn/8/P1P5/4P3/1P1P1PPP/RNBQKBNR w KQkq - 0 4
Moves; d2d4 f8g7 g1f3 e8g8 b1c3 d7d6 f1e2 e7e5 e1g1 c7c6 d4d5 d8c7 e3e4 c8d7 h2h3 f7f5 f3h4 f5f4 a4a5 h6f7 h4f3 c6c5 c3b5 c7c8 c1d2 a6b4 b5a3 a7a6 a3c2 b4c2 d1c2 g7f6 b2b4 f8e8 b4b5 f6g7 b5a6 a8a6 a1b1 c8c7 c2b3 e8b8 f1e1 c7d8 b1b2 d8c7 b3d3 g7f6 e1b1 d7a4 d3a3 a4d7 b2b3 a6a7 b3b6 c7c8 a3a2 c8e8 b6b3 f6d8 b3a3 d8c7 a3b3 e8d8 b1a1 b8a8 b3a3 d8f6 f3h2 f6h4 a2b1 h4d8 h2f3 f7g5 f3g5 d8g5 a1a2 g5d8 b1e1 a7a6 a2a1 b7b6 e1d1 d8g5 e2g4 d7g4 h3g4 b6a5 g2g3 a8f8 d1f3 a6a7 a3a4 a7b7 d2a5 c7a5 a4a5 f4g3 f3g3 g5f4 g3f4 f8f4 a5a8 g8f7 g4g5 f4e4 a8d8 e4c4 d8d6 c4g4 g1f1 g4g5 d6c6 g5f5 c6c5 b7b2 a1a7 f7f6 a7h7 f5f2 f1e1 e5e4 c5b5 b2e2 e1d1 e2a2 d1e1
Warning; Incomplete mating PV - from ref-778c7b0
Info; info score mate 8 time 0 depth 2 nodes 82 nps 1490909 pv f2g2 h7f7 
Position; fen r1bqkb1r/pppppp1p/n5pn/8/P1P5/4P3/1P1P1PPP/RNBQKBNR w KQkq - 0 4
Moves; d2d4 f8g7 g1f3 e8g8 b1c3 d7d6 f1e2 e7e5 e1g1 c7c6 d4d5 d8c7 e3e4 c8d7 h2h3 f7f5 f3h4 f5f4 a4a5 h6f7 h4f3 c6c5 c3b5 c7c8 c1d2 a6b4 b5a3 a7a6 a3c2 b4c2 d1c2 g7f6 b2b4 f8e8 b4b5 f6g7 b5a6 a8a6 a1b1 c8c7 c2b3 e8b8 f1e1 c7d8 b1b2 d8c7 b3d3 g7f6 e1b1 d7a4 d3a3 a4d7 b2b3 a6a7 b3b6 c7c8 a3a2 c8e8 b6b3 f6d8 b3a3 d8c7 a3b3 e8d8 b1a1 b8a8 b3a3 d8f6 f3h2 f6h4 a2b1 h4d8 h2f3 f7g5 f3g5 d8g5 a1a2 g5d8 b1e1 a7a6 a2a1 b7b6 e1d1 d8g5 e2g4 d7g4 h3g4 b6a5 g2g3 a8f8 d1f3 a6a7 a3a4 a7b7 d2a5 c7a5 a4a5 f4g3 f3g3 g5f4 g3f4 f8f4 a5a8 g8f7 g4g5 f4e4 a8d8 e4c4 d8d6 c4g4 g1f1 g4g5 d6c6 g5f5 c6c5 b7b2 a1a7 f7f6 a7h7 f5f2 f1e1 e5e4 c5b5 b2e2 e1d1 e2a2 d1e1
Warning; Incomplete mating PV - from ref-778c7b0
Info; info score mate 8 time 0 depth 3 nodes 139 nps 1674698 pv f2g2 h7f7 f6f7 
Position; fen r1bqkb1r/pppppp1p/n5pn/8/P1P5/4P3/1P1P1PPP/RNBQKBNR w KQkq - 0 4
Moves; d2d4 f8g7 g1f3 e8g8 b1c3 d7d6 f1e2 e7e5 e1g1 c7c6 d4d5 d8c7 e3e4 c8d7 h2h3 f7f5 f3h4 f5f4 a4a5 h6f7 h4f3 c6c5 c3b5 c7c8 c1d2 a6b4 b5a3 a7a6 a3c2 b4c2 d1c2 g7f6 b2b4 f8e8 b4b5 f6g7 b5a6 a8a6 a1b1 c8c7 c2b3 e8b8 f1e1 c7d8 b1b2 d8c7 b3d3 g7f6 e1b1 d7a4 d3a3 a4d7 b2b3 a6a7 b3b6 c7c8 a3a2 c8e8 b6b3 f6d8 b3a3 d8c7 a3b3 e8d8 b1a1 b8a8 b3a3 d8f6 f3h2 f6h4 a2b1 h4d8 h2f3 f7g5 f3g5 d8g5 a1a2 g5d8 b1e1 a7a6 a2a1 b7b6 e1d1 d8g5 e2g4 d7g4 h3g4 b6a5 g2g3 a8f8 d1f3 a6a7 a3a4 a7b7 d2a5 c7a5 a4a5 f4g3 f3g3 g5f4 g3f4 f8f4 a5a8 g8f7 g4g5 f4e4 a8d8 e4c4 d8d6 c4g4 g1f1 g4g5 d6c6 g5f5 c6c5 b7b2 a1a7 f7f6 a7h7 f5f2 f1e1 e5e4 c5b5 b2e2 e1d1 e2a2 d1e1
Finished game 3673 (cand-474c288 vs ref-778c7b0): 0-1 {Black wins by adjudication}
Started game 3682 of 40000 (ref-778c7b0 vs cand-474c288)
Finished game 3671 (cand-474c288 vs ref-778c7b0): 0-1 {Black wins by adjudication}
Started game 3683 of 40000 (cand-474c288 vs ref-778c7b0)
Finished game 3674 (ref-778c7b0 vs cand-474c288): 1/2-1/2 {Draw by 3-fold repetition}
Started game 3684 of 40000 (ref-778c7b0 vs cand-474c288)
Finished game 3670 (ref-778c7b0 vs cand-474c288): 1-0 {White wins by adjudication}
Started game 3685 of 40000 (cand-474c288 vs ref-778c7b0)
Finished game 3675 (cand-474c288 vs ref-778c7b0): 1-0 {White wins by adjudication}
Started game 3686 of 40000 (ref-778c7b0 vs cand-474c288)
Finished game 3668 (ref-778c7b0 vs cand-474c288): 1/2-1/2 {Draw by fifty moves rule}
Started game 3687 of 40000 (cand-474c288 vs ref-778c7b0)
Finished game 3676 (ref-778c7b0 vs cand-474c288): 1/2-1/2 {Draw by 3-fold repetition}
Started game 3688 of 40000 (ref-778c7b0 vs cand-474c288)
Finished game 3678 (ref-778c7b0 vs cand-474c288): 1-0 {White wins by adjudication}
Started game 3689 of 40000 (cand-474c288 vs ref-778c7b0)
Finished game 3677 (cand-474c288 vs ref-778c7b0): 1/2-1/2 {Draw by adjudication}
Started game 3690 of 40000 (ref-778c7b0 vs cand-474c288)
Finished game 3679 (cand-474c288 vs ref-778c7b0): 0-1 {Black wins by adjudication}
Started game 3691 of 40000 (cand-474c288 vs ref-778c7b0)
Finished game 3683 (cand-474c288 vs ref-778c7b0): 1-0 {White wins by adjudication}
Started game 3692 of 40000 (ref-778c7b0 vs cand-474c288)
Finished game 3685 (cand-474c288 vs ref-778c7b0): 0-1 {Black wins by adjudication}
Started game 3693 of 40000 (cand-474c288 vs ref-778c7b0)
Finished game 3680 (ref-778c7b0 vs cand-474c288): 0-1 {Black wins by adjudication}
--------------------------------------------------
Results of cand-474c288 vs ref-778c7b0 (8+0.08, 1t, 16MB, noob_3moves.epd):
Elo: 15.78 +/- 8.65, nElo: 20.50 +/- 11.23
LOS: 99.98 %, DrawRatio: 34.73 %, PairsRatio: 1.24
Games: 3680, Wins: 1188, Losses: 1021, Draws: 1471, Points: 1923.5 (52.27 %)
Ptnml(0-2): [145, 392, 639, 479, 185], WL/DD Ratio: 1.13
LLR: 2.73 (92.8%) (-2.94, 2.94) [0.00, 5.00]
--------------------------------------------------
Started game 3694 of 40000 (ref-778c7b0 vs cand-474c288)
Finished game 3682 (ref-778c7b0 vs cand-474c288): 0-1 {Black wins by adjudication}
Started game 3695 of 40000 (cand-474c288 vs ref-778c7b0)
Finished game 3686 (ref-778c7b0 vs cand-474c288): 0-1 {Black wins by adjudication}
Started game 3696 of 40000 (ref-778c7b0 vs cand-474c288)
Finished game 3688 (ref-778c7b0 vs cand-474c288): 1/2-1/2 {Draw by 3-fold repetition}
Started game 3697 of 40000 (cand-474c288 vs ref-778c7b0)
Finished game 3684 (ref-778c7b0 vs cand-474c288): 1/2-1/2 {Draw by 3-fold repetition}
Started game 3698 of 40000 (ref-778c7b0 vs cand-474c288)
Finished game 3681 (cand-474c288 vs ref-778c7b0): 1/2-1/2 {Draw by insufficient mating material}
Started game 3699 of 40000 (cand-474c288 vs ref-778c7b0)
Finished game 3689 (cand-474c288 vs ref-778c7b0): 1-0 {White wins by adjudication}
Started game 3700 of 40000 (ref-778c7b0 vs cand-474c288)
Finished game 3692 (ref-778c7b0 vs cand-474c288): 1-0 {White wins by adjudication}
Started game 3701 of 40000 (cand-474c288 vs ref-778c7b0)
Warning; Incomplete mating PV - from ref-778c7b0
Info; info score mate 7 time 0 depth 1 nodes 33 nps 1571428 pv a8a2 
Position; fen rnbqkb1r/pp1ppppp/5n2/2p5/P7/1PN5/2PPPPPP/R1BQKBNR w KQkq - 0 4
Moves; e2e4 b8c6 g1f3 e7e5 f1c4 f8e7 e1g1 e8g8 c1b2 d7d6 d2d3 a7a6 h2h3 d8c7 c3e2 f6h5 d1d2 c6a5 f1e1 c8d7 e2c3 d7c6 d2d1 h5f4 d1d2 f8e8 c3d5 c6d5 c4d5 a5c6 c2c3 e7f6 d5c4 c6a5 d2c2 c7c6 b3b4 a5c4 d3c4 b7b5 c4b5 a6b5 c3c4 c5b4 a4b5 c6c5 c2b3 e8c8 a1c1 f6d8 f3h2 d8g5 c1c2 f4e6 h2f3 g5f6 b2c1 e6d4 f3d4 e5d4 g2g3 c8e8 g1g2 h7h6 c1b2 a8c8 g2f1 d4d3 b3d3 f6b2 c2b2 c5c4 b2d2 c4d3 d2d3 c8b8 f2f3 b8b5 e1b1 e8a8 b1b3 b5b6 d3d4 a8a4 h3h4 g8f8 f1g2 h6h5 b3b2 f8e7 g2f2 e7e6 d4c4 b6b5 c4d4 b5b8 f2e2 b8b6 e2f2 e6e7 d4c4 e7e6 c4d4 b6b5 f2g2 e6e5 d4c4 e5e6 g2f2 b5b7 f2g2 b7b6 c4d4 g7g6 d4c4 b6b8 g2f2 b8b5 g3g4 h5g4 f3g4 e6f6 f2g2 f6e6 g2f2 f7f6 f2g2 e6d7 g2f2 d7e6 f2g2 b5b8 h4h5 g6h5 g4h5 b8g8 g2f2 a4a5 b2b4 a5h5 b4b7 h5h2 f2f3 h2h3 f3f2 g8a8 c4c7 e6e5 c7e7 e5f4 e7e6 f6f5 b7f7 h3f3 f2g2 f3g3 g2f2
Warning; Incomplete mating PV - from ref-778c7b0
Info; info score mate 7 time 0 depth 2 nodes 68 nps 1545454 pv a8a2 f2f1 
Position; fen rnbqkb1r/pp1ppppp/5n2/2p5/P7/1PN5/2PPPPPP/R1BQKBNR w KQkq - 0 4
Moves; e2e4 b8c6 g1f3 e7e5 f1c4 f8e7 e1g1 e8g8 c1b2 d7d6 d2d3 a7a6 h2h3 d8c7 c3e2 f6h5 d1d2 c6a5 f1e1 c8d7 e2c3 d7c6 d2d1 h5f4 d1d2 f8e8 c3d5 c6d5 c4d5 a5c6 c2c3 e7f6 d5c4 c6a5 d2c2 c7c6 b3b4 a5c4 d3c4 b7b5 c4b5 a6b5 c3c4 c5b4 a4b5 c6c5 c2b3 e8c8 a1c1 f6d8 f3h2 d8g5 c1c2 f4e6 h2f3 g5f6 b2c1 e6d4 f3d4 e5d4 g2g3 c8e8 g1g2 h7h6 c1b2 a8c8 g2f1 d4d3 b3d3 f6b2 c2b2 c5c4 b2d2 c4d3 d2d3 c8b8 f2f3 b8b5 e1b1 e8a8 b1b3 b5b6 d3d4 a8a4 h3h4 g8f8 f1g2 h6h5 b3b2 f8e7 g2f2 e7e6 d4c4 b6b5 c4d4 b5b8 f2e2 b8b6 e2f2 e6e7 d4c4 e7e6 c4d4 b6b5 f2g2 e6e5 d4c4 e5e6 g2f2 b5b7 f2g2 b7b6 c4d4 g7g6 d4c4 b6b8 g2f2 b8b5 g3g4 h5g4 f3g4 e6f6 f2g2 f6e6 g2f2 f7f6 f2g2 e6d7 g2f2 d7e6 f2g2 b5b8 h4h5 g6h5 g4h5 b8g8 g2f2 a4a5 b2b4 a5h5 b4b7 h5h2 f2f3 h2h3 f3f2 g8a8 c4c7 e6e5 c7e7 e5f4 e7e6 f6f5 b7f7 h3f3 f2g2 f3g3 g2f2
Warning; Incomplete mating PV - from ref-778c7b0
Info; info score mate 7 time 0 depth 3 nodes 139 nps 2044117 pv a8a2 f2f1 f4f3 
Position; fen rnbqkb1r/pp1ppppp/5n2/2p5/P7/1PN5/2PPPPPP/R1BQKBNR w KQkq - 0 4
Moves; e2e4 b8c6 g1f3 e7e5 f1c4 f8e7 e1g1 e8g8 c1b2 d7d6 d2d3 a7a6 h2h3 d8c7 c3e2 f6h5 d1d2 c6a5 f1e1 c8d7 e2c3 d7c6 d2d1 h5f4 d1d2 f8e8 c3d5 c6d5 c4d5 a5c6 c2c3 e7f6 d5c4 c6a5 d2c2 c7c6 b3b4 a5c4 d3c4 b7b5 c4b5 a6b5 c3c4 c5b4 a4b5 c6c5 c2b3 e8c8 a1c1 f6d8 f3h2 d8g5 c1c2 f4e6 h2f3 g5f6 b2c1 e6d4 f3d4 e5d4 g2g3 c8e8 g1g2 h7h6 c1b2 a8c8 g2f1 d4d3 b3d3 f6b2 c2b2 c5c4 b2d2 c4d3 d2d3 c8b8 f2f3 b8b5 e1b1 e8a8 b1b3 b5b6 d3d4 a8a4 h3h4 g8f8 f1g2 h6h5 b3b2 f8e7 g2f2 e7e6 d4c4 b6b5 c4d4 b5b8 f2e2 b8b6 e2f2 e6e7 d4c4 e7e6 c4d4 b6b5 f2g2 e6e5 d4c4 e5e6 g2f2 b5b7 f2g2 b7b6 c4d4 g7g6 d4c4 b6b8 g2f2 b8b5 g3g4 h5g4 f3g4 e6f6 f2g2 f6e6 g2f2 f7f6 f2g2 e6d7 g2f2 d7e6 f2g2 b5b8 h4h5 g6h5 g4h5 b8g8 g2f2 a4a5 b2b4 a5h5 b4b7 h5h2 f2f3 h2h3 f3f2 g8a8 c4c7 e6e5 c7e7 e5f4 e7e6 f6f5 b7f7 h3f3 f2g2 f3g3 g2f2
Finished game 3687 (cand-474c288 vs ref-778c7b0): 0-1 {Black wins by adjudication}
Started game 3702 of 40000 (ref-778c7b0 vs cand-474c288)
Finished game 3690 (ref-778c7b0 vs cand-474c288): 1/2-1/2 {Draw by adjudication}
Started game 3703 of 40000 (cand-474c288 vs ref-778c7b0)
Finished game 3691 (cand-474c288 vs ref-778c7b0): 0-1 {Black wins by adjudication}
Started game 3704 of 40000 (ref-778c7b0 vs cand-474c288)
Finished game 3694 (ref-778c7b0 vs cand-474c288): 1/2-1/2 {Draw by 3-fold repetition}
Started game 3705 of 40000 (cand-474c288 vs ref-778c7b0)
Finished game 3695 (cand-474c288 vs ref-778c7b0): 1/2-1/2 {Draw by 3-fold repetition}
Started game 3706 of 40000 (ref-778c7b0 vs cand-474c288)
Finished game 3693 (cand-474c288 vs ref-778c7b0): 1-0 {White wins by adjudication}
Started game 3707 of 40000 (cand-474c288 vs ref-778c7b0)
Finished game 3696 (ref-778c7b0 vs cand-474c288): 1-0 {White wins by adjudication}
Started game 3708 of 40000 (ref-778c7b0 vs cand-474c288)
Finished game 3697 (cand-474c288 vs ref-778c7b0): 1/2-1/2 {Draw by insufficient mating material}
Started game 3709 of 40000 (cand-474c288 vs ref-778c7b0)
Finished game 3698 (ref-778c7b0 vs cand-474c288): 1/2-1/2 {Draw by adjudication}
Started game 3710 of 40000 (ref-778c7b0 vs cand-474c288)
Finished game 3702 (ref-778c7b0 vs cand-474c288): 1/2-1/2 {Draw by 3-fold repetition}
Started game 3711 of 40000 (cand-474c288 vs ref-778c7b0)
Finished game 3704 (ref-778c7b0 vs cand-474c288): 1/2-1/2 {Draw by 3-fold repetition}
Started game 3712 of 40000 (ref-778c7b0 vs cand-474c288)
Finished game 3701 (cand-474c288 vs ref-778c7b0): 0-1 {Black wins by adjudication}
Started game 3713 of 40000 (cand-474c288 vs ref-778c7b0)
Finished game 3700 (ref-778c7b0 vs cand-474c288): 0-1 {Black wins by adjudication}
Started game 3714 of 40000 (ref-778c7b0 vs cand-474c288)
Finished game 3703 (cand-474c288 vs ref-778c7b0): 1-0 {White wins by adjudication}
Started game 3715 of 40000 (cand-474c288 vs ref-778c7b0)
Finished game 3699 (cand-474c288 vs ref-778c7b0): 1-0 {White wins by adjudication}
--------------------------------------------------
Results of cand-474c288 vs ref-778c7b0 (8+0.08, 1t, 16MB, noob_3moves.epd):
Elo: 15.86 +/- 8.63, nElo: 20.61 +/- 11.19
LOS: 99.98 %, DrawRatio: 34.61 %, PairsRatio: 1.24
Games: 3704, Wins: 1196, Losses: 1027, Draws: 1481, Points: 1936.5 (52.28 %)
Ptnml(0-2): [146, 395, 641, 484, 186], WL/DD Ratio: 1.13
LLR: 2.76 (93.9%) (-2.94, 2.94) [0.00, 5.00]
--------------------------------------------------
Started game 3716 of 40000 (ref-778c7b0 vs cand-474c288)
Finished game 3705 (cand-474c288 vs ref-778c7b0): 1/2-1/2 {Draw by 3-fold repetition}
Started game 3717 of 40000 (cand-474c288 vs ref-778c7b0)
Finished game 3708 (ref-778c7b0 vs cand-474c288): 1-0 {White wins by adjudication}
Started game 3718 of 40000 (ref-778c7b0 vs cand-474c288)
Finished game 3707 (cand-474c288 vs ref-778c7b0): 0-1 {Black wins by adjudication}
Started game 3719 of 40000 (cand-474c288 vs ref-778c7b0)
Finished game 3706 (ref-778c7b0 vs cand-474c288): 0-1 {Black wins by adjudication}
Started game 3720 of 40000 (ref-778c7b0 vs cand-474c288)
Finished game 3709 (cand-474c288 vs ref-778c7b0): 1/2-1/2 {Draw by 3-fold repetition}
Started game 3721 of 40000 (cand-474c288 vs ref-778c7b0)
Finished game 3714 (ref-778c7b0 vs cand-474c288): 1/2-1/2 {Draw by 3-fold repetition}
Started game 3722 of 40000 (ref-778c7b0 vs cand-474c288)
Finished game 3710 (ref-778c7b0 vs cand-474c288): 1/2-1/2 {Draw by adjudication}
Started game 3723 of 40000 (cand-474c288 vs ref-778c7b0)
Finished game 3716 (ref-778c7b0 vs cand-474c288): 0-1 {Black wins by adjudication}
Started game 3724 of 40000 (ref-778c7b0 vs cand-474c288)
Finished game 3713 (cand-474c288 vs ref-778c7b0): 1-0 {White wins by adjudication}
Started game 3725 of 40000 (cand-474c288 vs ref-778c7b0)
Finished game 3717 (cand-474c288 vs ref-778c7b0): 1-0 {White wins by adjudication}
Started game 3726 of 40000 (ref-778c7b0 vs cand-474c288)
Finished game 3711 (cand-474c288 vs ref-778c7b0): 1-0 {White wins by adjudication}
Started game 3727 of 40000 (cand-474c288 vs ref-778c7b0)
Finished game 3718 (ref-778c7b0 vs cand-474c288): 1-0 {White wins by adjudication}
Started game 3728 of 40000 (ref-778c7b0 vs cand-474c288)
Finished game 3719 (cand-474c288 vs ref-778c7b0): 1-0 {White wins by adjudication}
Started game 3729 of 40000 (cand-474c288 vs ref-778c7b0)
Finished game 3715 (cand-474c288 vs ref-778c7b0): 1/2-1/2 {Draw by adjudication}
Started game 3730 of 40000 (ref-778c7b0 vs cand-474c288)
Finished game 3720 (ref-778c7b0 vs cand-474c288): 1/2-1/2 {Draw by 3-fold repetition}
--------------------------------------------------
Results of cand-474c288 vs ref-778c7b0 (8+0.08, 1t, 16MB, noob_3moves.epd):
Elo: 15.99 +/- 8.61, nElo: 20.78 +/- 11.17
LOS: 99.99 %, DrawRatio: 34.59 %, PairsRatio: 1.24
Games: 3718, Wins: 1201, Losses: 1030, Draws: 1487, Points: 1944.5 (52.30 %)
Ptnml(0-2): [147, 395, 643, 488, 186], WL/DD Ratio: 1.13
LLR: 2.80 (95.1%) (-2.94, 2.94) [0.00, 5.00]
--------------------------------------------------
Started game 3731 of 40000 (cand-474c288 vs ref-778c7b0)
Finished game 3712 (ref-778c7b0 vs cand-474c288): 1/2-1/2 {Draw by fifty moves rule}
Started game 3732 of 40000 (ref-778c7b0 vs cand-474c288)
Finished game 3721 (cand-474c288 vs ref-778c7b0): 1-0 {White wins by adjudication}
Started game 3733 of 40000 (cand-474c288 vs ref-778c7b0)
Finished game 3723 (cand-474c288 vs ref-778c7b0): 0-1 {Black wins by adjudication}
Started game 3734 of 40000 (ref-778c7b0 vs cand-474c288)
Finished game 3722 (ref-778c7b0 vs cand-474c288): 0-1 {Black wins by adjudication}
Started game 3735 of 40000 (cand-474c288 vs ref-778c7b0)
Finished game 3726 (ref-778c7b0 vs cand-474c288): 1/2-1/2 {Draw by 3-fold repetition}
Started game 3736 of 40000 (ref-778c7b0 vs cand-474c288)
Finished game 3728 (ref-778c7b0 vs cand-474c288): 1-0 {White wins by adjudication}
Started game 3737 of 40000 (cand-474c288 vs ref-778c7b0)
Finished game 3725 (cand-474c288 vs ref-778c7b0): 0-1 {Black wins by adjudication}
Started game 3738 of 40000 (ref-778c7b0 vs cand-474c288)
Finished game 3727 (cand-474c288 vs ref-778c7b0): 0-1 {Black wins by adjudication}
Started game 3739 of 40000 (cand-474c288 vs ref-778c7b0)
Finished game 3731 (cand-474c288 vs ref-778c7b0): 0-1 {Black wins by adjudication}
Started game 3740 of 40000 (ref-778c7b0 vs cand-474c288)
Finished game 3729 (cand-474c288 vs ref-778c7b0): 1/2-1/2 {Draw by insufficient mating material}
Started game 3741 of 40000 (cand-474c288 vs ref-778c7b0)
Finished game 3732 (ref-778c7b0 vs cand-474c288): 0-1 {Black wins by adjudication}
Started game 3742 of 40000 (ref-778c7b0 vs cand-474c288)
Finished game 3724 (ref-778c7b0 vs cand-474c288): 1/2-1/2 {Draw by fifty moves rule}
Started game 3743 of 40000 (cand-474c288 vs ref-778c7b0)
Finished game 3735 (cand-474c288 vs ref-778c7b0): 1/2-1/2 {Draw by 3-fold repetition}
Started game 3744 of 40000 (ref-778c7b0 vs cand-474c288)
Finished game 3730 (ref-778c7b0 vs cand-474c288): 0-1 {Black wins by adjudication}
Started game 3745 of 40000 (cand-474c288 vs ref-778c7b0)
Finished game 3737 (cand-474c288 vs ref-778c7b0): 1-0 {White wins by adjudication}
Started game 3746 of 40000 (ref-778c7b0 vs cand-474c288)
Finished game 3734 (ref-778c7b0 vs cand-474c288): 0-1 {Black wins by adjudication}
Started game 3747 of 40000 (cand-474c288 vs ref-778c7b0)
Finished game 3733 (cand-474c288 vs ref-778c7b0): 0-1 {Black wins by adjudication}
Started game 3748 of 40000 (ref-778c7b0 vs cand-474c288)
Finished game 3738 (ref-778c7b0 vs cand-474c288): 0-1 {Black wins by adjudication}
Started game 3749 of 40000 (cand-474c288 vs ref-778c7b0)
Finished game 3736 (ref-778c7b0 vs cand-474c288): 0-1 {Black wins by adjudication}
Started game 3750 of 40000 (ref-778c7b0 vs cand-474c288)
Finished game 3741 (cand-474c288 vs ref-778c7b0): 1-0 {White wins by adjudication}
Started game 3751 of 40000 (cand-474c288 vs ref-778c7b0)
Finished game 3745 (cand-474c288 vs ref-778c7b0): 1-0 {White wins by adjudication}
Started game 3752 of 40000 (ref-778c7b0 vs cand-474c288)
Finished game 3746 (ref-778c7b0 vs cand-474c288): 0-1 {Black wins by adjudication}
Started game 3753 of 40000 (cand-474c288 vs ref-778c7b0)
Finished game 3739 (cand-474c288 vs ref-778c7b0): 1/2-1/2 {Draw by 3-fold repetition}
Started game 3754 of 40000 (ref-778c7b0 vs cand-474c288)
Finished game 3742 (ref-778c7b0 vs cand-474c288): 1/2-1/2 {Draw by 3-fold repetition}
Started game 3755 of 40000 (cand-474c288 vs ref-778c7b0)
Finished game 3743 (cand-474c288 vs ref-778c7b0): 0-1 {Black wins by adjudication}
Started game 3756 of 40000 (ref-778c7b0 vs cand-474c288)
Finished game 3740 (ref-778c7b0 vs cand-474c288): 1/2-1/2 {Draw by adjudication}
--------------------------------------------------
Results of cand-474c288 vs ref-778c7b0 (8+0.08, 1t, 16MB, noob_3moves.epd):
Elo: 16.44 +/- 8.59, nElo: 21.33 +/- 11.13
LOS: 99.99 %, DrawRatio: 34.51 %, PairsRatio: 1.25
Games: 3744, Wins: 1213, Losses: 1036, Draws: 1495, Points: 1960.5 (52.36 %)
Ptnml(0-2): [148, 397, 646, 492, 189], WL/DD Ratio: 1.13
LLR: 2.90 (98.6%) (-2.94, 2.94) [0.00, 5.00]
--------------------------------------------------
Started game 3757 of 40000 (cand-474c288 vs ref-778c7b0)
Finished game 3744 (ref-778c7b0 vs cand-474c288): 1/2-1/2 {Draw by 3-fold repetition}
Started game 3758 of 40000 (ref-778c7b0 vs cand-474c288)
Finished game 3750 (ref-778c7b0 vs cand-474c288): 1-0 {White wins by adjudication}
Started game 3759 of 40000 (cand-474c288 vs ref-778c7b0)
Finished game 3752 (ref-778c7b0 vs cand-474c288): 1-0 {White wins by adjudication}
Started game 3760 of 40000 (ref-778c7b0 vs cand-474c288)
Finished game 3751 (cand-474c288 vs ref-778c7b0): 1/2-1/2 {Draw by adjudication}
Started game 3761 of 40000 (cand-474c288 vs ref-778c7b0)
Finished game 3747 (cand-474c288 vs ref-778c7b0): 1/2-1/2 {Draw by insufficient mating material}
Started game 3762 of 40000 (ref-778c7b0 vs cand-474c288)
Finished game 3755 (cand-474c288 vs ref-778c7b0): 0-1 {Black wins by adjudication}
Started game 3763 of 40000 (cand-474c288 vs ref-778c7b0)
Finished game 3753 (cand-474c288 vs ref-778c7b0): 1/2-1/2 {Draw by adjudication}
Started game 3764 of 40000 (ref-778c7b0 vs cand-474c288)
Finished game 3749 (cand-474c288 vs ref-778c7b0): 1-0 {White wins by adjudication}
Started game 3765 of 40000 (cand-474c288 vs ref-778c7b0)
Finished game 3756 (ref-778c7b0 vs cand-474c288): 1-0 {White wins by adjudication}
Started game 3766 of 40000 (ref-778c7b0 vs cand-474c288)
Finished game 3757 (cand-474c288 vs ref-778c7b0): 1/2-1/2 {Draw by 3-fold repetition}
Started game 3767 of 40000 (cand-474c288 vs ref-778c7b0)
Finished game 3754 (ref-778c7b0 vs cand-474c288): 1/2-1/2 {Draw by 3-fold repetition}
Started game 3768 of 40000 (ref-778c7b0 vs cand-474c288)
Finished game 3758 (ref-778c7b0 vs cand-474c288): 1/2-1/2 {Draw by adjudication}
Started game 3769 of 40000 (cand-474c288 vs ref-778c7b0)
Finished game 3759 (cand-474c288 vs ref-778c7b0): 0-1 {Black wins by adjudication}
Started game 3770 of 40000 (ref-778c7b0 vs cand-474c288)
Finished game 3761 (cand-474c288 vs ref-778c7b0): 0-1 {Black wins by adjudication}
Started game 3771 of 40000 (cand-474c288 vs ref-778c7b0)
Finished game 3762 (ref-778c7b0 vs cand-474c288): 1/2-1/2 {Draw by 3-fold repetition}
Started game 3772 of 40000 (ref-778c7b0 vs cand-474c288)
Finished game 3763 (cand-474c288 vs ref-778c7b0): 1-0 {White wins by adjudication}
Started game 3773 of 40000 (cand-474c288 vs ref-778c7b0)
Finished game 3767 (cand-474c288 vs ref-778c7b0): 0-1 {Black wins by adjudication}
Started game 3774 of 40000 (ref-778c7b0 vs cand-474c288)
Finished game 3764 (ref-778c7b0 vs cand-474c288): 1/2-1/2 {Draw by adjudication}
Started game 3775 of 40000 (cand-474c288 vs ref-778c7b0)
Finished game 3748 (ref-778c7b0 vs cand-474c288): 1/2-1/2 {Draw by 3-fold repetition}
Started game 3776 of 40000 (ref-778c7b0 vs cand-474c288)
Finished game 3765 (cand-474c288 vs ref-778c7b0): 0-1 {Black wins by adjudication}
Started game 3777 of 40000 (cand-474c288 vs ref-778c7b0)
Finished game 3766 (ref-778c7b0 vs cand-474c288): 0-1 {Black wins by adjudication}
Started game 3778 of 40000 (ref-778c7b0 vs cand-474c288)
Finished game 3760 (ref-778c7b0 vs cand-474c288): 1/2-1/2 {Draw by fifty moves rule}
--------------------------------------------------
Results of cand-474c288 vs ref-778c7b0 (8+0.08, 1t, 16MB, noob_3moves.epd):
Elo: 15.88 +/- 8.56, nElo: 20.62 +/- 11.10
LOS: 99.99 %, DrawRatio: 34.57 %, PairsRatio: 1.24
Games: 3766, Wins: 1216, Losses: 1044, Draws: 1506, Points: 1969.0 (52.28 %)
Ptnml(0-2): [149, 401, 651, 493, 189], WL/DD Ratio: 1.13
LLR: 2.81 (95.5%) (-2.94, 2.94) [0.00, 5.00]
--------------------------------------------------
Started game 3779 of 40000 (cand-474c288 vs ref-778c7b0)
Finished game 3768 (ref-778c7b0 vs cand-474c288): 1/2-1/2 {Draw by 3-fold repetition}
Started game 3780 of 40000 (ref-778c7b0 vs cand-474c288)
Finished game 3769 (cand-474c288 vs ref-778c7b0): 0-1 {Black wins by adjudication}
Started game 3781 of 40000 (cand-474c288 vs ref-778c7b0)
Finished game 3771 (cand-474c288 vs ref-778c7b0): 1-0 {White wins by adjudication}
Started game 3782 of 40000 (ref-778c7b0 vs cand-474c288)
Finished game 3770 (ref-778c7b0 vs cand-474c288): 0-1 {Black wins by adjudication}
Started game 3783 of 40000 (cand-474c288 vs ref-778c7b0)
Finished game 3773 (cand-474c288 vs ref-778c7b0): 1-0 {White wins by adjudication}
Started game 3784 of 40000 (ref-778c7b0 vs cand-474c288)
Finished game 3775 (cand-474c288 vs ref-778c7b0): 0-1 {Black wins by adjudication}
Started game 3785 of 40000 (cand-474c288 vs ref-778c7b0)
Finished game 3772 (ref-778c7b0 vs cand-474c288): 1/2-1/2 {Draw by 3-fold repetition}
Started game 3786 of 40000 (ref-778c7b0 vs cand-474c288)
Finished game 3778 (ref-778c7b0 vs cand-474c288): 1-0 {White wins by adjudication}
Started game 3787 of 40000 (cand-474c288 vs ref-778c7b0)
Finished game 3774 (ref-778c7b0 vs cand-474c288): 0-1 {Black wins by adjudication}
Started game 3788 of 40000 (ref-778c7b0 vs cand-474c288)
Finished game 3781 (cand-474c288 vs ref-778c7b0): 1-0 {White wins by adjudication}
Started game 3789 of 40000 (cand-474c288 vs ref-778c7b0)
Finished game 3787 (cand-474c288 vs ref-778c7b0): 0-1 {Black wins by adjudication}
Started game 3790 of 40000 (ref-778c7b0 vs cand-474c288)
Finished game 3777 (cand-474c288 vs ref-778c7b0): 1-0 {White wins by adjudication}
Started game 3791 of 40000 (cand-474c288 vs ref-778c7b0)
Finished game 3783 (cand-474c288 vs ref-778c7b0): 1/2-1/2 {Draw by 3-fold repetition}
Started game 3792 of 40000 (ref-778c7b0 vs cand-474c288)
Finished game 3779 (cand-474c288 vs ref-778c7b0): 0-1 {Black wins by adjudication}
Started game 3793 of 40000 (cand-474c288 vs ref-778c7b0)
Finished game 3780 (ref-778c7b0 vs cand-474c288): 0-1 {Black wins by adjudication}
--------------------------------------------------
Results of cand-474c288 vs ref-778c7b0 (8+0.08, 1t, 16MB, noob_3moves.epd):
Elo: 16.01 +/- 8.54, nElo: 20.80 +/- 11.08
LOS: 99.99 %, DrawRatio: 34.62 %, PairsRatio: 1.24
Games: 3778, Wins: 1222, Losses: 1048, Draws: 1508, Points: 1976.0 (52.30 %)
Ptnml(0-2): [149, 402, 654, 494, 190], WL/DD Ratio: 1.14
LLR: 2.85 (96.8%) (-2.94, 2.94) [0.00, 5.00]
--------------------------------------------------
Started game 3794 of 40000 (ref-778c7b0 vs cand-474c288)
Finished game 3782 (ref-778c7b0 vs cand-474c288): 1-0 {White wins by adjudication}
Started game 3795 of 40000 (cand-474c288 vs ref-778c7b0)
Finished game 3784 (ref-778c7b0 vs cand-474c288): 0-1 {Black wins by adjudication}
Started game 3796 of 40000 (ref-778c7b0 vs cand-474c288)
Finished game 3786 (ref-778c7b0 vs cand-474c288): 1-0 {White wins by adjudication}
Started game 3797 of 40000 (cand-474c288 vs ref-778c7b0)
Finished game 3776 (ref-778c7b0 vs cand-474c288): 1/2-1/2 {Draw by 3-fold repetition}
Started game 3798 of 40000 (ref-778c7b0 vs cand-474c288)
Finished game 3785 (cand-474c288 vs ref-778c7b0): 1/2-1/2 {Draw by 3-fold repetition}
Started game 3799 of 40000 (cand-474c288 vs ref-778c7b0)
Finished game 3789 (cand-474c288 vs ref-778c7b0): 0-1 {Black wins by adjudication}
Started game 3800 of 40000 (ref-778c7b0 vs cand-474c288)
Finished game 3788 (ref-778c7b0 vs cand-474c288): 0-1 {Black wins by adjudication}
Started game 3801 of 40000 (cand-474c288 vs ref-778c7b0)
Finished game 3797 (cand-474c288 vs ref-778c7b0): 1-0 {White wins by adjudication}
Started game 3802 of 40000 (ref-778c7b0 vs cand-474c288)
Finished game 3791 (cand-474c288 vs ref-778c7b0): 1-0 {White wins by adjudication}
Started game 3803 of 40000 (cand-474c288 vs ref-778c7b0)
Finished game 3792 (ref-778c7b0 vs cand-474c288): 1/2-1/2 {Draw by adjudication}
Started game 3804 of 40000 (ref-778c7b0 vs cand-474c288)
Finished game 3793 (cand-474c288 vs ref-778c7b0): 1-0 {White wins by adjudication}
Started game 3805 of 40000 (cand-474c288 vs ref-778c7b0)
Finished game 3796 (ref-778c7b0 vs cand-474c288): 0-1 {Black wins by adjudication}
Started game 3806 of 40000 (ref-778c7b0 vs cand-474c288)
Finished game 3794 (ref-778c7b0 vs cand-474c288): 0-1 {Black wins by adjudication}
Started game 3807 of 40000 (cand-474c288 vs ref-778c7b0)
Finished game 3790 (ref-778c7b0 vs cand-474c288): 0-1 {Black wins by adjudication}
Started game 3808 of 40000 (ref-778c7b0 vs cand-474c288)
Finished game 3798 (ref-778c7b0 vs cand-474c288): 1-0 {White wins by adjudication}
Started game 3809 of 40000 (cand-474c288 vs ref-778c7b0)
Finished game 3801 (cand-474c288 vs ref-778c7b0): 0-1 {Black wins by adjudication}
Started game 3810 of 40000 (ref-778c7b0 vs cand-474c288)
Finished game 3799 (cand-474c288 vs ref-778c7b0): 1/2-1/2 {Draw by 3-fold repetition}
Started game 3811 of 40000 (cand-474c288 vs ref-778c7b0)
Finished game 3800 (ref-778c7b0 vs cand-474c288): 1-0 {White wins by adjudication}
--------------------------------------------------
Results of cand-474c288 vs ref-778c7b0 (8+0.08, 1t, 16MB, noob_3moves.epd):
Elo: 16.02 +/- 8.51, nElo: 20.82 +/- 11.05
LOS: 99.99 %, DrawRatio: 34.65 %, PairsRatio: 1.24
Games: 3798, Wins: 1230, Losses: 1055, Draws: 1513, Points: 1986.5 (52.30 %)
Ptnml(0-2): [149, 405, 658, 496, 191], WL/DD Ratio: 1.15
LLR: 2.87 (97.4%) (-2.94, 2.94) [0.00, 5.00]
--------------------------------------------------
Started game 3812 of 40000 (ref-778c7b0 vs cand-474c288)
Finished game 3802 (ref-778c7b0 vs cand-474c288): 1/2-1/2 {Draw by 3-fold repetition}
Started game 3813 of 40000 (cand-474c288 vs ref-778c7b0)
Finished game 3795 (cand-474c288 vs ref-778c7b0): 0-1 {Black wins by adjudication}
Started game 3814 of 40000 (ref-778c7b0 vs cand-474c288)
Finished game 3804 (ref-778c7b0 vs cand-474c288): 0-1 {Black wins by adjudication}
Started game 3815 of 40000 (cand-474c288 vs ref-778c7b0)
Finished game 3811 (cand-474c288 vs ref-778c7b0): 1/2-1/2 {Draw by 3-fold repetition}
Started game 3816 of 40000 (ref-778c7b0 vs cand-474c288)
Finished game 3803 (cand-474c288 vs ref-778c7b0): 1/2-1/2 {Draw by 3-fold repetition}
Started game 3817 of 40000 (cand-474c288 vs ref-778c7b0)
Finished game 3807 (cand-474c288 vs ref-778c7b0): 1-0 {White wins by adjudication}
Started game 3818 of 40000 (ref-778c7b0 vs cand-474c288)
Finished game 3810 (ref-778c7b0 vs cand-474c288): 0-1 {Black wins by adjudication}
Started game 3819 of 40000 (cand-474c288 vs ref-778c7b0)
Finished game 3806 (ref-778c7b0 vs cand-474c288): 1/2-1/2 {Draw by 3-fold repetition}
Started game 3820 of 40000 (ref-778c7b0 vs cand-474c288)
Finished game 3808 (ref-778c7b0 vs cand-474c288): 1/2-1/2 {Draw by 3-fold repetition}
Started game 3821 of 40000 (cand-474c288 vs ref-778c7b0)
Finished game 3814 (ref-778c7b0 vs cand-474c288): 0-1 {Black wins by adjudication}
Started game 3822 of 40000 (ref-778c7b0 vs cand-474c288)
Finished game 3812 (ref-778c7b0 vs cand-474c288): 0-1 {Black wins by adjudication}
Started game 3823 of 40000 (cand-474c288 vs ref-778c7b0)
Finished game 3813 (cand-474c288 vs ref-778c7b0): 0-1 {Black wins by adjudication}
Started game 3824 of 40000 (ref-778c7b0 vs cand-474c288)
Finished game 3809 (cand-474c288 vs ref-778c7b0): 1/2-1/2 {Draw by insufficient mating material}
Started game 3825 of 40000 (cand-474c288 vs ref-778c7b0)
Finished game 3805 (cand-474c288 vs ref-778c7b0): 1/2-1/2 {Draw by insufficient mating material}
Started game 3826 of 40000 (ref-778c7b0 vs cand-474c288)
Finished game 3816 (ref-778c7b0 vs cand-474c288): 1/2-1/2 {Draw by 3-fold repetition}
Started game 3827 of 40000 (cand-474c288 vs ref-778c7b0)
Finished game 3819 (cand-474c288 vs ref-778c7b0): 0-1 {Black wins by adjudication}
Started game 3828 of 40000 (ref-778c7b0 vs cand-474c288)
Finished game 3815 (cand-474c288 vs ref-778c7b0): 1/2-1/2 {Draw by insufficient mating material}
Started game 3829 of 40000 (cand-474c288 vs ref-778c7b0)
Finished game 3818 (ref-778c7b0 vs cand-474c288): 0-1 {Black wins by adjudication}
Started game 3830 of 40000 (ref-778c7b0 vs cand-474c288)
Finished game 3820 (ref-778c7b0 vs cand-474c288): 0-1 {Black wins by adjudication}
--------------------------------------------------
Results of cand-474c288 vs ref-778c7b0 (8+0.08, 1t, 16MB, noob_3moves.epd):
Elo: 16.21 +/- 8.48, nElo: 21.10 +/- 11.02
LOS: 99.99 %, DrawRatio: 34.73 %, PairsRatio: 1.25
Games: 3818, Wins: 1237, Losses: 1059, Draws: 1522, Points: 1998.0 (52.33 %)
Ptnml(0-2): [149, 406, 663, 500, 191], WL/DD Ratio: 1.15
LLR: 2.93 (99.4%) (-2.94, 2.94) [0.00, 5.00]
--------------------------------------------------
Started game 3831 of 40000 (cand-474c288 vs ref-778c7b0)
Finished game 3825 (cand-474c288 vs ref-778c7b0): 1/2-1/2 {Draw by 3-fold repetition}
Started game 3832 of 40000 (ref-778c7b0 vs cand-474c288)
Finished game 3817 (cand-474c288 vs ref-778c7b0): 0-1 {Black wins by adjudication}
Started game 3833 of 40000 (cand-474c288 vs ref-778c7b0)
Finished game 3823 (cand-474c288 vs ref-778c7b0): 1/2-1/2 {Draw by 3-fold repetition}
Started game 3834 of 40000 (ref-778c7b0 vs cand-474c288)
Finished game 3827 (cand-474c288 vs ref-778c7b0): 1/2-1/2 {Draw by 3-fold repetition}
Started game 3835 of 40000 (cand-474c288 vs ref-778c7b0)
Finished game 3821 (cand-474c288 vs ref-778c7b0): 1/2-1/2 {Draw by fifty moves rule}
Started game 3836 of 40000 (ref-778c7b0 vs cand-474c288)
Finished game 3822 (ref-778c7b0 vs cand-474c288): 0-1 {Black wins by adjudication}
--------------------------------------------------
Results of cand-474c288 vs ref-778c7b0 (8+0.08, 1t, 16MB, noob_3moves.epd):
Elo: 16.28 +/- 8.47, nElo: 21.21 +/- 11.01
LOS: 99.99 %, DrawRatio: 34.75 %, PairsRatio: 1.25
Games: 3822, Wins: 1239, Losses: 1060, Draws: 1523, Points: 2000.5 (52.34 %)
Ptnml(0-2): [149, 406, 664, 501, 191], WL/DD Ratio: 1.16
LLR: 2.95 (100.1%) (-2.94, 2.94) [0.00, 5.00]
--------------------------------------------------
SPRT ([0.00, 5.00]) completed - H1 was accepted
Finished match
Total Time: 01:48:24 (hours:minutes:seconds)


=== 3825 games in /home/max/ws/chesso/.tuning/sprt_s132_20260921_172443/games.pgn ===
   2603 [Termination "adjudication"]
   1222 [Termination "normal"]
draws     1526 of 3825, 39.9 %
decisive  2299 of 3825, 60.1 %
forfeits  0 of 3825, 0.00 %
SPRT-RUN-DONE full /home/max/ws/chesso/.tuning/sprt_s132_20260921_172443
