step	line	cite	method	baseline	written	then_text	now_text	same	reason
adocs/plan_todo/S020_single_check_computation.md	46	:262	BLOCK	9a063d3	src/search.cpp:415	const bool in_check = is_check(game);	const bool in_check = is_check(game);	yes	
adocs/plan_todo/S020_single_check_computation.md	45	:469	BLOCK	9a063d3	src/search.cpp:687	const bool is_in_check = is_check(game);	const bool is_in_check = is_check(game);	yes	
adocs/plan_todo/S020_single_check_computation.md	51	:511	BLOCK	9a063d3	src/search.cpp:765	if (!is_pv && !is_in_check && static_cast<int>(ply) >= RFP_MIN_PLY &&	if (!is_pv && !is_in_check && static_cast<int>(ply) >= RFP_MIN_PLY &&	yes	
adocs/plan_todo/S020_single_check_computation.md	51	:569	BLOCK	9a063d3	src/search.cpp:822	if (!is_pv && !is_in_check && ply > 0 && prev_move != 0 &&	if (!is_pv && !is_in_check && ply > 0 && prev_move != 0 &&	yes	
adocs/plan_todo/S020_single_check_computation.md	51	:694	BLOCK	9a063d3	src/search.cpp:961	!MOVE_PROMOTED(moves[i]) && !is_in_check && !is_check_move) {	!MOVE_PROMOTED(moves[i]) && !is_in_check && !is_check_move) {	yes	
adocs/plan_todo/S020_single_check_computation.md	52	:780	BLOCK	9a063d3	src/search.cpp:1066	return is_in_check ? -(MATE_MAX - static_cast<int>(ply)) : DRAW_SCORE;	return is_in_check ? -(MATE_MAX - static_cast<int>(ply)) : DRAW_SCORE;	yes	
adocs/plan_todo/S020_single_check_computation.md	54	:614	BLOCK	9a063d3	src/search.cpp:875	size_t moves_count = generate_captures(game_tables(), &game->board, moves);	size_t moves_count = generate_captures(game_tables(), &game->board, moves);	yes	
adocs/plan_todo/S020_single_check_computation.md	55	:504	BLOCK	9a063d3	src/bitboard.cpp:504	const bb_t checkers = attackers_to(tables, board, king_square, opponent);	const bb_t checkers = attackers_to(tables, board, king_square, opponent);	yes	
adocs/plan_todo/S020_single_check_computation.md	56	:516-531	BLOCK	9a063d3	src/bitboard.cpp:516-531	bb_t snipers = (get_rook_attacks(tables, king_square, BB_0) & / (opp_bitboards[3] | opp_bitboards[4])) | / (get_bishop_attacks(tables, king_square, BB_0) & / (opp_bitboards[2] | opp_bitboards[4])); /  / while (snipers) { / const index_t sniper_square = get_lsb_index(snipers); / snipers &= snipers - 	bb_t snipers = (get_rook_attacks(tables, king_square, BB_0) & / (opp_bitboards[3] | opp_bitboards[4])) | / (get_bishop_attacks(tables, king_square, BB_0) & / (opp_bitboards[2] | opp_bitboards[4])); /  / while (snipers) { / const index_t sniper_square = get_lsb_index(snipers); / snipers &= snipers - 	yes	
adocs/plan_todo/S020_single_check_computation.md	57	:621	BLOCK	9a063d3	src/search.cpp:882	generate_quiets(game_tables(), &game->board, moves + moves_count);	generate_quiets(game_tables(), &game->board, moves + moves_count);	yes	
adocs/plan_todo/S020_single_check_computation.md	57	:641	BLOCK	9a063d3	src/search.cpp:902	const size_t added =	const size_t added =	yes	
adocs/plan_todo/S020_single_check_computation.md	62	:262	BLOCK	9a063d3	src/search.cpp:415	const bool in_check = is_check(game);	const bool in_check = is_check(game);	yes	
adocs/plan_todo/S020_single_check_computation.md	63	:267	BLOCK	9a063d3	src/search.cpp:420	if (!in_check) {	if (!in_check) {	yes	
adocs/plan_todo/S020_single_check_computation.md	63	:295	BLOCK	9a063d3	src/search.cpp:454	const size_t n = in_check	const size_t n = in_check	yes	
adocs/plan_todo/S020_single_check_computation.md	64	:310	BLOCK	9a063d3	src/search.cpp:469	if (!in_check && !MOVE_CAPTURE(moves[i])) { continue; }	if (!in_check && !MOVE_CAPTURE(moves[i])) { continue; }	yes	
adocs/plan_todo/S020_single_check_computation.md	64	:322	BLOCK	9a063d3	src/search.cpp:481	if (!in_check && !capture_cannot_lose(&game->board, moves[i]) &&	if (!in_check && !capture_cannot_lose(&game->board, moves[i]) &&	yes	
adocs/plan_todo/S020_single_check_computation.md	64	:332	BLOCK	9a063d3	src/search.cpp:491	int best_value = in_check ? MIN : stand_pat;	int best_value = in_check ? MIN : stand_pat;	yes	
adocs/plan_todo/S020_single_check_computation.md	65	:370	BLOCK	9a063d3	src/search.cpp:549	if (in_check && legal_moves == 0) {	if (in_check && legal_moves == 0) {	yes	
adocs/plan_todo/S020_single_check_computation.md	66	:295-297	BLOCK	9a063d3	src/search.cpp:454-456	const size_t n = in_check / ? generate_moves(game_tables(), &game->board, moves) / : generate_captures(game_tables(), &game->board, moves);	const size_t n = in_check / ? generate_moves(game_tables(), &game->board, moves) / : generate_captures(game_tables(), &game->board, moves);	yes	
adocs/plan_todo/S020_single_check_computation.md	70	:662	BLOCK	9a063d3	src/search.cpp:929	const bool is_check_move = is_capture ? false : is_check(game);	const bool is_check_move = is_capture ? false : is_check(game);	yes	
adocs/plan_todo/S020_single_check_computation.md	72	:694	BLOCK	9a063d3	src/search.cpp:961	!MOVE_PROMOTED(moves[i]) && !is_in_check && !is_check_move) {	!MOVE_PROMOTED(moves[i]) && !is_in_check && !is_check_move) {	yes	
adocs/plan_todo/S020_single_check_computation.md	76	:280	BLOCK	9a063d3	tools/datagen.cpp:280	const bool not_in_check = !is_check(&game);	const bool not_in_check = !is_check(&game);	yes	
adocs/plan_todo/S020_single_check_computation.md	79	:21	BLOCK	9a063d3	src/bitboard.cpp:21	static inline bool is_attacked_with_occupancy(const bb_tables_t* tables,	static inline bool is_attacked_with_occupancy(const bb_tables_t* tables,	yes	
adocs/plan_todo/S020_single_check_computation.md	82	:68	BLOCK	9a063d3	src/bitboard.cpp:68	static inline bb_t attackers_to(const bb_tables_t* tables,	static inline bb_t attackers_to(const bb_tables_t* tables,	yes	
adocs/plan_todo/S020_single_check_computation.md	101	:614	BLOCK	9a063d3	src/search.cpp:875	size_t moves_count = generate_captures(game_tables(), &game->board, moves);	size_t moves_count = generate_captures(game_tables(), &game->board, moves);	yes	
adocs/plan_todo/S020_single_check_computation.md	102	:614	BLOCK	9a063d3	src/search.cpp:875	size_t moves_count = generate_captures(game_tables(), &game->board, moves);	size_t moves_count = generate_captures(game_tables(), &game->board, moves);	yes	
adocs/plan_todo/S020_single_check_computation.md	102	:621	BLOCK	9a063d3	src/search.cpp:882	generate_quiets(game_tables(), &game->board, moves + moves_count);	generate_quiets(game_tables(), &game->board, moves + moves_count);	yes	
adocs/plan_todo/S020_single_check_computation.md	102	:641	BLOCK	9a063d3	src/search.cpp:902	const size_t added =	const size_t added =	yes	
adocs/plan_todo/S020_single_check_computation.md	104	:641	BLOCK	9a063d3	src/search.cpp:902	const size_t added =	const size_t added =	yes	
adocs/plan_todo/S020_single_check_computation.md	50	:469	BLOCK	9a063d3	src/search.cpp:687	const bool is_in_check = is_check(game);	const bool is_in_check = is_check(game);	yes	
adocs/plan_todo/S020_single_check_computation.md	107	:262	BLOCK	9a063d3	src/search.cpp:415	const bool in_check = is_check(game);	const bool in_check = is_check(game);	yes	
adocs/plan_todo/S020_single_check_computation.md	113	:662	BLOCK	9a063d3	src/search.cpp:929	const bool is_check_move = is_capture ? false : is_check(game);	const bool is_check_move = is_capture ? false : is_check(game);	yes	
adocs/plan_todo/S020_single_check_computation.md	128	:656	HAND	9a063d3	src/search.cpp:917	if (!make_move(game, moves[i])) { continue; }	if (!make_move(game, moves[i])) { continue; }	yes	negamax's `make_move` in the move loop; the identical line in quiescence is :510.
adocs/plan_todo/S020_single_check_computation.md	128	:727	HAND	9a063d3	src/search.cpp:994	unmake_move(game);	unmake_move(game);	yes	negamax's `unmake_move`; quiescence's is :517.
adocs/plan_todo/S020_single_check_computation.md	131	:641	BLOCK	9a063d3	src/search.cpp:902	const size_t added =	const size_t added =	yes	
adocs/plan_todo/S020_single_check_computation.md	133	:268-277	HAND	9a063d3	src/search.cpp:421-436	if (stand_pat >= beta) { / // The most common thing quiescence ever concludes, and it is worth / // keeping: evaluate_lazy() returns a genuine lower bound on this branch, / // and the option to stand pat makes it a lower bound on the node too, / // whatever the ply cap does below. There is no move t	if (stand_pat >= beta) { / // The most common thing quiescence ever concludes, and it is worth / // keeping: evaluate_lazy() returns a genuine lower bound on this branch, / // and the option to stand pat makes it a lower bound on the node too, / // whatever the ply cap does below. There is no move t	no	quiescence's stand-pat store-and-return. DEC-102 added six comment lines inside the block, so the span grew with it.
adocs/plan_todo/S020_single_check_computation.md	134	:262	BLOCK	9a063d3	src/search.cpp:415	const bool in_check = is_check(game);	const bool in_check = is_check(game);	yes	
adocs/plan_todo/S020_single_check_computation.md	136	:287	BLOCK	9a063d3	src/search.cpp:446	if (static_cast<int>(qply) >= MAX_QSEARCH_DEPTH) { return stand_pat; }	if (static_cast<int>(qply) >= MAX_QSEARCH_DEPTH) { return stand_pat; }	yes	
adocs/plan_todo/S020_single_check_computation.md	163	:636-652	BLOCK	9a063d3	src/search.cpp:897-913	if (i == moves_count) { / // The captures ran out without a cutoff, so the quiets are needed after / // all. This is the branch staging exists to avoid. / if (quiets_generated) { break; } /  / const size_t added = / generate_quiets(game_tables(), &game->board, moves + moves_count); /  / for (size_t 	if (i == moves_count) { / // The captures ran out without a cutoff, so the quiets are needed after / // all. This is the branch staging exists to avoid. / if (quiets_generated) { break; } /  / const size_t added = / generate_quiets(game_tables(), &game->board, moves + moves_count); /  / for (size_t 	yes	
adocs/plan_todo/S022_delta_pruning_quiescence.md	83	:332-335	BLOCK	7b54f18	src/search.cpp:481-484	if (!in_check && !capture_cannot_lose(&game->board, moves[i]) && / !see_ge(&game->board, moves[i], 0)) { / continue; / }	if (!in_check && !capture_cannot_lose(&game->board, moves[i]) && / !see_ge(&game->board, moves[i], 0)) { / continue; / }	yes	
adocs/plan_todo/S022_delta_pruning_quiescence.md	83	:322	BLOCK	c0954ec	src/search.cpp:481	if (!in_check && !capture_cannot_lose(&game->board, moves[i]) &&	if (!in_check && !capture_cannot_lose(&game->board, moves[i]) &&	yes	
adocs/plan_todo/S022_delta_pruning_quiescence.md	90	:332	BLOCK	c0954ec	src/search.cpp:491	int best_value = in_check ? MIN : stand_pat;	int best_value = in_check ? MIN : stand_pat;	yes	
adocs/plan_todo/S022_delta_pruning_quiescence.md	83	:310	BLOCK	c0954ec	src/search.cpp:469	if (!in_check && !MOVE_CAPTURE(moves[i])) { continue; }	if (!in_check && !MOVE_CAPTURE(moves[i])) { continue; }	yes	
adocs/plan_todo/S022_delta_pruning_quiescence.md	102	:287	BLOCK	c0954ec	src/search.cpp:446	if (static_cast<int>(qply) >= MAX_QSEARCH_DEPTH) { return stand_pat; }	if (static_cast<int>(qply) >= MAX_QSEARCH_DEPTH) { return stand_pat; }	yes	
adocs/plan_todo/S022_delta_pruning_quiescence.md	102	:289	HAND	c0954ec	src/search.cpp:448	move_t moves[MAX_MOVES];	move_t moves[MAX_MOVES];	yes	quiescence's `move_t moves[MAX_MOVES];`, the generation the sentence puts the early-out before; negamax's identical line is :846.
adocs/plan_todo/S022_delta_pruning_quiescence.md	109	:387-390	HAND	c0954ec	src/search.cpp:576-578	tt_store_entry(state->tt, &game->board, TT_DEPTH_QS, / normalize_score(best_value, ply), / (best_value > alpha0) ? TT_PV_NODE : TT_ALPHA_NODE, best_move, / stored_eval);	tt_store_entry(state->tt, &game->board, TT_DEPTH_QS, / normalize_score(best_value, ply), stored_type, best_move, / stored_eval);	no	quiescence's final tt_store_entry, now three lines rather than four: DEC-102 hoisted the node type into `stored_type` above it.
adocs/plan_todo/S022_delta_pruning_quiescence.md	110	:287	BLOCK	c0954ec	src/search.cpp:446	if (static_cast<int>(qply) >= MAX_QSEARCH_DEPTH) { return stand_pat; }	if (static_cast<int>(qply) >= MAX_QSEARCH_DEPTH) { return stand_pat; }	yes	
adocs/plan_todo/S022_delta_pruning_quiescence.md	123	:322-325	BLOCK	c0954ec	src/search.cpp:481-484	if (!in_check && !capture_cannot_lose(&game->board, moves[i]) && / !see_ge(&game->board, moves[i], 0)) { / continue; / }	if (!in_check && !capture_cannot_lose(&game->board, moves[i]) && / !see_ge(&game->board, moves[i], 0)) { / continue; / }	yes	
adocs/plan_todo/S022_delta_pruning_quiescence.md	89	:322	BLOCK	c0954ec	src/search.cpp:481	if (!in_check && !capture_cannot_lose(&game->board, moves[i]) &&	if (!in_check && !capture_cannot_lose(&game->board, moves[i]) &&	yes	
adocs/plan_todo/S022_delta_pruning_quiescence.md	190	:387-390	HAND	c0954ec	src/search.cpp:576-578	tt_store_entry(state->tt, &game->board, TT_DEPTH_QS, / normalize_score(best_value, ply), / (best_value > alpha0) ? TT_PV_NODE : TT_ALPHA_NODE, best_move, / stored_eval);	tt_store_entry(state->tt, &game->board, TT_DEPTH_QS, / normalize_score(best_value, ply), stored_type, best_move, / stored_eval);	no	the same store, cited a second time.
adocs/plan_todo/S022_delta_pruning_quiescence.md	114	:571	BLOCK	c0954ec	src/search.cpp:824	game_phase(&game->board) > 0) {	game_phase(&game->board) > 0) {	yes	
adocs/plan_todo/S022_delta_pruning_quiescence.md	205	:370	BLOCK	c0954ec	src/search.cpp:549	if (in_check && legal_moves == 0) {	if (in_check && legal_moves == 0) {	yes	
adocs/plan_todo/S055_taper_stage_two_once.md	128	:953-954	BLOCK	9a063d3	src/evaluation.cpp:1010-1011	const int safety = / (safety_mg_sum * phase + safety_eg_sum * endgame) / GAME_PHASE_MAX;	const int safety = / (safety_mg_sum * phase + safety_eg_sum * endgame) / GAME_PHASE_MAX;	yes	
adocs/plan_todo/S055_taper_stage_two_once.md	132	:337-359	BLOCK	9a063d3	tests/test_eval_model.cpp:236-258	// evaluate() interpolates in integers and truncates towards zero, and it / // does that four separate times, each rounding on its own, so the / // arithmetic alone can differ from the model's floating point by more / // than one centipawn. The four divisions by GAME_PHASE_MAX are, in the / // order	// evaluate() interpolates in integers and truncates towards zero, and it / // does that four separate times, each rounding on its own, so the / // arithmetic alone can differ from the model's floating point by more / // than one centipawn. The four divisions by GAME_PHASE_MAX are, in the / // order	yes	
adocs/plan_todo/S055_taper_stage_two_once.md	133	:405-446	BLOCK	9a063d3	tests/test_eval_model.cpp:304-345	TEST_CASE_FIXTURE(model_fixture_t, / "the pinned positions reach the truncation bound") / { / // As a variable because doctest decomposes the expression it is handed and / // refuses a `&&` inside one. / const bool tempo_unfitted = (tempo_mg == 0) && (tempo_eg == 0); /  / CHECK_MESSAGE(tempo_unfitte	TEST_CASE_FIXTURE(model_fixture_t, / "the pinned positions reach the truncation bound") / { / // As a variable because doctest decomposes the expression it is handed and / // refuses a `&&` inside one. / const bool tempo_unfitted = (tempo_mg == 0) && (tempo_eg == 0); /  / CHECK_MESSAGE(tempo_unfitte	yes	
adocs/plan_todo/S055_taper_stage_two_once.md	134	:410-415	BLOCK	9a063d3	tests/test_eval_model.cpp:309-314	const bool tempo_unfitted = (tempo_mg == 0) && (tempo_eg == 0); /  / CHECK_MESSAGE(tempo_unfitted, / "tempo is fitted, so all four taperings can truncate: the " / "bound is now 4 x 23/24 = 3.833 and the tolerance in \"the " / "model reproduces evaluate() on every phase\" has to be 4");	const bool tempo_unfitted = (tempo_mg == 0) && (tempo_eg == 0); /  / CHECK_MESSAGE(tempo_unfitted, / "tempo is fitted, so all four taperings can truncate: the " / "bound is now 4 x 23/24 = 3.833 and the tolerance in \"the " / "model reproduces evaluate() on every phase\" has to be 4");	yes	
adocs/plan_todo/S055_taper_stage_two_once.md	135	:436	BLOCK	9a063d3	tests/test_eval_model.cpp:335	CHECK_MESSAGE(difference > 2.0,	CHECK_MESSAGE(difference > 2.0,	yes	
adocs/plan_todo/S055_taper_stage_two_once.md	136	:444	BLOCK	9a063d3	tests/test_eval_model.cpp:343	CHECK_MESSAGE(worst > 2.8, ("worst pinned difference " +	CHECK_MESSAGE(worst > 2.8, ("worst pinned difference " +	yes	
adocs/plan_todo/S055_taper_stage_two_once.md	137	:231-236	BLOCK	9a063d3	tests/test_eval_model.cpp:130-135	static const std::vector<std::string> truncation_positions = { / "8/8/8/6k1/1p1pr3/1Pp4P/2P2KP1/1N1R4 b - - 1 44", / "1n6/1p2np2/3k2p1/3P4/8/5BPP/r1b2PN1/1R2K2R w K - 6 33", / "r1b2rk1/1p1p2p1/p2pq2p/5B2/2PppP2/P2P2Q1/1P1N2PP/2R2RK1 b - - 0 18", / "r2qkb1r/pp1b1ppp/3p4/2p1p3/2PnP3/2NP4/PP4PP/R1BQKBN	static const std::vector<std::string> truncation_positions = { / "8/8/8/6k1/1p1pr3/1Pp4P/2P2KP1/1N1R4 b - - 1 44", / "1n6/1p2np2/3k2p1/3P4/8/5BPP/r1b2PN1/1R2K2R w K - 6 33", / "r1b2rk1/1p1p2p1/p2pq2p/5B2/2PppP2/P2P2Q1/1P1N2PP/2R2RK1 b - - 0 18", / "r2qkb1r/pp1b1ppp/3p4/2p1p3/2PnP3/2NP4/PP4PP/R1BQKBN	yes	
adocs/plan_todo/S055_taper_stage_two_once.md	77	:973-974	BLOCK	9a063d3	tools/eval_model.hpp:973-974	double stage_two = (mobility_mg_sum + king_safety_mg_sum) * mg_weight + / (mobility_eg_sum + king_safety_eg_sum) * eg_weight;	double stage_two = (mobility_mg_sum + king_safety_mg_sum) * mg_weight + / (mobility_eg_sum + king_safety_eg_sum) * eg_weight;	yes	
adocs/plan_todo/S055_taper_stage_two_once.md	123	:640-643	BLOCK	9a063d3	src/evaluation.cpp:697-700	const int positional = / (((board->psqt_mg + pawn_mg) * phase) + / ((board->psqt_eg + pawn_eg) * (GAME_PHASE_MAX - phase))) / / GAME_PHASE_MAX;	const int positional = / (((board->psqt_mg + pawn_mg) * phase) + / ((board->psqt_eg + pawn_eg) * (GAME_PHASE_MAX - phase))) / / GAME_PHASE_MAX;	yes	
adocs/plan_todo/S055_taper_stage_two_once.md	169	:690	BLOCK	9a063d3	src/evaluation.cpp:747	const int mobility_mg[4] = {-1, 5, 8, 3};  // knight bishop rook queen	const int mobility_mg[4] = {-1, 5, 8, 3};  // knight bishop rook queen	yes	
adocs/plan_todo/S055_taper_stage_two_once.md	169	:691	BLOCK	9a063d3	src/evaluation.cpp:748	const int mobility_eg[4] = {0, 5, 0, -6};	const int mobility_eg[4] = {0, 5, 0, -6};	yes	
adocs/plan_todo/S055_taper_stage_two_once.md	170	:901-902	BLOCK	9a063d3	src/evaluation.cpp:958-959	mobility_mg_sum += mover * count * mobility_mg[type]; / mobility_eg_sum += mover * count * mobility_eg[type];	mobility_mg_sum += mover * count * mobility_mg[type]; / mobility_eg_sum += mover * count * mobility_eg[type];	yes	
adocs/plan_todo/S055_taper_stage_two_once.md	174	:956-958	BLOCK	9a063d3	src/evaluation.cpp:1013-1015	if constexpr (collect) { / if (mobility_out != nullptr) { *mobility_out = mobility; } / if (safety_out != nullptr) { *safety_out = safety; }	if constexpr (collect) { / if (mobility_out != nullptr) { *mobility_out = mobility; } / if (safety_out != nullptr) { *safety_out = safety; }	yes	
adocs/plan_todo/S055_taper_stage_two_once.md	175	:1005	BLOCK	9a063d3	src/evaluation.cpp:1066	void evaluate_expensive_terms(const board_t* board, int* mobility, int* safety)	void evaluate_expensive_terms(const board_t* board, int* mobility, int* safety)	yes	
adocs/plan_todo/S055_taper_stage_two_once.md	178	:481-484	BLOCK	9a063d3	tests/test_evaluation.cpp:484-487	REQUIRE_MESSAGE( / std::clamp(raw, -LAZY_EVAL_MARGIN, LAZY_EVAL_MARGIN) == applied, / ("FEN: " + fen + " raw " + std::to_string(raw) + " applied " + / std::to_string(applied)));	REQUIRE_MESSAGE( / std::clamp(raw, -LAZY_EVAL_MARGIN, LAZY_EVAL_MARGIN) == applied, / ("FEN: " + fen + " raw " + std::to_string(raw) + " applied " + / std::to_string(applied)));	yes	
adocs/plan_todo/S055_taper_stage_two_once.md	105	:984	BLOCK	9a063d3	src/evaluation.cpp:1045	const int bounded = std::clamp(score, -LAZY_EVAL_MARGIN, LAZY_EVAL_MARGIN);	const int bounded = std::clamp(score, -LAZY_EVAL_MARGIN, LAZY_EVAL_MARGIN);	yes	
adocs/plan_todo/S055_taper_stage_two_once.md	183	:976-977	BLOCK	9a063d3	tools/eval_model.hpp:976-977	if (stage_two > LAZY_EVAL_MARGIN) { stage_two = LAZY_EVAL_MARGIN; } / if (stage_two < -LAZY_EVAL_MARGIN) { stage_two = -LAZY_EVAL_MARGIN; }	if (stage_two > LAZY_EVAL_MARGIN) { stage_two = LAZY_EVAL_MARGIN; } / if (stage_two < -LAZY_EVAL_MARGIN) { stage_two = -LAZY_EVAL_MARGIN; }	yes	
adocs/plan_todo/S055_taper_stage_two_once.md	186	:638-639	BLOCK	9a063d3	src/evaluation.cpp:695-696	// which is what keeps test_eval_model's one-centipawn slack against the / // tuner's floating-point model from having to grow.	// which is what keeps test_eval_model's one-centipawn slack against the / // tuner's floating-point model from having to grow.	yes	
adocs/plan_todo/S055_taper_stage_two_once.md	186	:662	BLOCK	9a063d3	src/evaluation.cpp:719	// tuner's floating-point model -- test_eval_model allows two and this widens	// tuner's floating-point model -- test_eval_model allows two and this widens	yes	
adocs/plan_todo/S055_taper_stage_two_once.md	216	:1038	BLOCK	9a063d3	src/evaluation.cpp:1099	if (cheap - LAZY_EVAL_MARGIN >= beta) { return cheap - LAZY_EVAL_MARGIN; }	if (cheap - LAZY_EVAL_MARGIN >= beta) { return cheap - LAZY_EVAL_MARGIN; }	yes	
adocs/plan_todo/S091_see_pruning_main_search.md	99	:1185	BLOCK	c0954ec	src/bitboard.cpp:1185	bool see_ge(const board_t* board, move_t move, int threshold)	bool see_ge(const board_t* board, move_t move, int threshold)	yes	
adocs/plan_todo/S091_see_pruning_main_search.md	100	:1196-1201	BLOCK	c0954ec	src/bitboard.cpp:1196-1201	if (MOVE_EN_PASSANT(move)) { / const index_t victim = static_cast<index_t>( / (board->active_color == WHITE) ? (to + 8) : (to - 8)); /  / occupancy ^= BB_1 << victim; / gain = see_value[0];	if (MOVE_EN_PASSANT(move)) { / const index_t victim = static_cast<index_t>( / (board->active_color == WHITE) ? (to + 8) : (to - 8)); /  / occupancy ^= BB_1 << victim; / gain = see_value[0];	yes	
adocs/plan_todo/S091_see_pruning_main_search.md	101	:1209-1212	BLOCK	c0954ec	src/bitboard.cpp:1209-1212	if (MOVE_PROMOTED(move)) { / gain += see_value[MOVE_PROMOTED(move)] - see_value[0]; / on_square = MOVE_PROMOTED(move); / }	if (MOVE_PROMOTED(move)) { / gain += see_value[MOVE_PROMOTED(move)] - see_value[0]; / on_square = MOVE_PROMOTED(move); / }	yes	
adocs/plan_todo/S091_see_pruning_main_search.md	102	:1160	BLOCK	c0954ec	src/bitboard.cpp:1160	bool capture_cannot_lose(const board_t* board, move_t move)	bool capture_cannot_lose(const board_t* board, move_t move)	yes	
adocs/plan_todo/S091_see_pruning_main_search.md	104	:1096	BLOCK	c0954ec	src/bitboard.cpp:1096	static constexpr int see_value[6] = {100, 300, 300, 500, 900, 10000};	static constexpr int see_value[6] = {100, 300, 300, 500, 900, 10000};	yes	
adocs/plan_todo/S091_see_pruning_main_search.md	116	:205	HAND	7b54f18	src/search.cpp:205	game_t* game,	static_assert(TT_DEPTH_QS < 0,	no	**Historical, and deliberately not moved.** The sentence records what the excludes line read before S138 re-anchored it. The path is what was missing; the number is the record.
adocs/plan_todo/S091_see_pruning_main_search.md	119	:624	BLOCK	7b54f18	src/search.cpp:875	size_t moves_count = generate_captures(game_tables(), &game->board, moves);	size_t moves_count = generate_captures(game_tables(), &game->board, moves);	yes	
adocs/plan_todo/S091_see_pruning_main_search.md	120	:654	BLOCK	c0954ec	src/search.cpp:915	pick_next_move(moves, scores, moves_count, i);	pick_next_move(moves, scores, moves_count, i);	yes	
adocs/plan_todo/S091_see_pruning_main_search.md	120	:656	HAND	c0954ec	src/search.cpp:917	if (!make_move(game, moves[i])) { continue; }	if (!make_move(game, moves[i])) { continue; }	yes	negamax's `make_move`, the pre-make seam the capture skip sits in.
adocs/plan_todo/S091_see_pruning_main_search.md	121	:658	BLOCK	c0954ec	src/search.cpp:919	const bool is_capture = MOVE_CAPTURE(moves[i]);	const bool is_capture = MOVE_CAPTURE(moves[i]);	yes	
adocs/plan_todo/S091_see_pruning_main_search.md	122	:654	BLOCK	c0954ec	src/search.cpp:915	pick_next_move(moves, scores, moves_count, i);	pick_next_move(moves, scores, moves_count, i);	yes	
adocs/plan_todo/S091_see_pruning_main_search.md	123	:656	HAND	c0954ec	src/search.cpp:917	if (!make_move(game, moves[i])) { continue; }	if (!make_move(game, moves[i])) { continue; }	yes	the same line, the second half of `between :654 and :656`.
adocs/plan_todo/S091_see_pruning_main_search.md	124	:469	BLOCK	c0954ec	src/search.cpp:687	const bool is_in_check = is_check(game);	const bool is_in_check = is_check(game);	yes	
adocs/plan_todo/S091_see_pruning_main_search.md	126	:779-781	BLOCK	c0954ec	src/search.cpp:1065-1067	if (legal_moves_counter == 0) { / return is_in_check ? -(MATE_MAX - static_cast<int>(ply)) : DRAW_SCORE; / }	if (legal_moves_counter == 0) { / return is_in_check ? -(MATE_MAX - static_cast<int>(ply)) : DRAW_SCORE; / }	yes	
adocs/plan_todo/S091_see_pruning_main_search.md	128	:511-512	BLOCK	c0954ec	src/search.cpp:765-766	if (!is_pv && !is_in_check && static_cast<int>(ply) >= RFP_MIN_PLY && / depth <= RFP_MAX_DEPTH && beta < MATE_MIN && beta > -MATE_MIN) {	if (!is_pv && !is_in_check && static_cast<int>(ply) >= RFP_MIN_PLY && / depth <= RFP_MAX_DEPTH && beta < MATE_MIN && beta > -MATE_MIN) {	yes	
adocs/plan_todo/S091_see_pruning_main_search.md	129	:691-699	BLOCK	c0954ec	src/search.cpp:958-966	int reduction = 0; /  / if (ply > 0 && depth >= 3 && legal_moves_counter > 3 && !is_capture && / !MOVE_PROMOTED(moves[i]) && !is_in_check && !is_check_move) { / reduction = lmr_reduction(depth, static_cast<int>(legal_moves_counter)); /  / if (reduction > child_depth - 1) { reduction = child_depth - 	int reduction = 0; /  / if (ply > 0 && depth >= 3 && legal_moves_counter > 3 && !is_capture && / !MOVE_PROMOTED(moves[i]) && !is_in_check && !is_check_move) { / reduction = lmr_reduction(depth, static_cast<int>(legal_moves_counter)); /  / if (reduction > child_depth - 1) { reduction = child_depth - 	yes	
adocs/plan_todo/S091_see_pruning_main_search.md	131	:693-694	BLOCK	c0954ec	src/search.cpp:960-961	if (ply > 0 && depth >= 3 && legal_moves_counter > 3 && !is_capture && / !MOVE_PROMOTED(moves[i]) && !is_in_check && !is_check_move) {	if (ply > 0 && depth >= 3 && legal_moves_counter > 3 && !is_capture && / !MOVE_PROMOTED(moves[i]) && !is_in_check && !is_check_move) {	yes	
adocs/plan_todo/S091_see_pruning_main_search.md	132	:695	BLOCK	c0954ec	src/search.cpp:962	reduction = lmr_reduction(depth, static_cast<int>(legal_moves_counter));	reduction = lmr_reduction(depth, static_cast<int>(legal_moves_counter));	yes	
adocs/plan_todo/S091_see_pruning_main_search.md	134	:697	BLOCK	c0954ec	src/search.cpp:964	if (reduction > child_depth - 1) { reduction = child_depth - 1; }	if (reduction > child_depth - 1) { reduction = child_depth - 1; }	yes	
adocs/plan_todo/S091_see_pruning_main_search.md	135	:662	BLOCK	c0954ec	src/search.cpp:929	const bool is_check_move = is_capture ? false : is_check(game);	const bool is_check_move = is_capture ? false : is_check(game);	yes	
adocs/plan_todo/S091_see_pruning_main_search.md	179	:779-781	BLOCK	c0954ec	src/search.cpp:1065-1067	if (legal_moves_counter == 0) { / return is_in_check ? -(MATE_MAX - static_cast<int>(ply)) : DRAW_SCORE; / }	if (legal_moves_counter == 0) { / return is_in_check ? -(MATE_MAX - static_cast<int>(ply)) : DRAW_SCORE; / }	yes	
adocs/plan_todo/S091_see_pruning_main_search.md	107	:2354	BLOCK	7b54f18	tests/test_search.cpp:3275	TEST_SUITE("search: see_ge agrees with see")	TEST_SUITE("search: see_ge agrees with see")	yes	
adocs/plan_todo/S091_see_pruning_main_search.md	210	:2354	BLOCK	7b54f18	tests/test_search.cpp:3275	TEST_SUITE("search: see_ge agrees with see")	TEST_SUITE("search: see_ge agrees with see")	yes	
adocs/plan_todo/S091_see_pruning_main_search.md	5	:322	BLOCK	c0954ec	src/search.cpp:481	if (!in_check && !capture_cannot_lose(&game->board, moves[i]) &&	if (!in_check && !capture_cannot_lose(&game->board, moves[i]) &&	yes	
adocs/plan_todo/S095_internal_iterative_reduction.md	83	:449	BLOCK	c0954ec	src/search.cpp:667	const move_t tt_move = (tt_entry != nullptr) ? tt_entry->best_move : 0;	const move_t tt_move = (tt_entry != nullptr) ? tt_entry->best_move : 0;	yes	
adocs/plan_todo/S095_internal_iterative_reduction.md	89	:783	BLOCK	c0954ec	src/search.cpp:1069	assert(best_move != 0);	assert(best_move != 0);	yes	
adocs/plan_todo/S095_internal_iterative_reduction.md	89	:813-815	BLOCK	c0954ec	src/search.cpp:1099-1101	const int to_store = normalize_score(best_so_far, ply); / tt_store_entry(state->tt, &game->board, depth, to_store, type, best_move, / static_eval);	const int to_store = normalize_score(best_so_far, ply); / tt_store_entry(state->tt, &game->board, depth, to_store, type, best_move, / static_eval);	yes	
adocs/plan_todo/S095_internal_iterative_reduction.md	90	:273-275	BLOCK	c0954ec	src/search.cpp:432-434	tt_store_entry(state->tt, &game->board, TT_DEPTH_QS, / normalize_score(stand_pat, ply), TT_BETA_NODE, 0, / stored_eval);	tt_store_entry(state->tt, &game->board, TT_DEPTH_QS, / normalize_score(stand_pat, ply), TT_BETA_NODE, 0, / stored_eval);	yes	
adocs/plan_todo/S095_internal_iterative_reduction.md	90	:377-378	BLOCK	c0954ec	src/search.cpp:556-557	tt_store_entry(state->tt, &game->board, TT_DEPTH_QS, / normalize_score(mated, ply), TT_PV_NODE, 0, stored_eval);	tt_store_entry(state->tt, &game->board, TT_DEPTH_QS, / normalize_score(mated, ply), TT_PV_NODE, 0, stored_eval);	yes	
adocs/plan_todo/S095_internal_iterative_reduction.md	91	:387-390	HAND	c0954ec	src/search.cpp:576-578	tt_store_entry(state->tt, &game->board, TT_DEPTH_QS, / normalize_score(best_value, ply), / (best_value > alpha0) ? TT_PV_NODE : TT_ALPHA_NODE, best_move, / stored_eval);	tt_store_entry(state->tt, &game->board, TT_DEPTH_QS, / normalize_score(best_value, ply), stored_type, best_move, / stored_eval);	no	quiescence's fail-low store, the third of the three moveless quiescence stores the sentence lists.
adocs/plan_todo/S095_internal_iterative_reduction.md	95	:457-463	BLOCK	c0954ec	src/search.cpp:675-681	if (!is_pv && ply > 0) { / int tt_score = 0; /  / if (tt_entry_answers(tt_entry, depth, ply, alpha, beta, &tt_score)) { / return tt_score; / } / }	if (!is_pv && ply > 0) { / int tt_score = 0; /  / if (tt_entry_answers(tt_entry, depth, ply, alpha, beta, &tt_score)) { / return tt_score; / } / }	yes	
adocs/plan_todo/S095_internal_iterative_reduction.md	96	:466	BLOCK	c0954ec	src/search.cpp:684	if (depth < 1) { return quiescence(alpha, beta, ply, 0, game, state); }	if (depth < 1) { return quiescence(alpha, beta, ply, 0, game, state); }	yes	
adocs/plan_todo/S095_internal_iterative_reduction.md	97	:511	BLOCK	c0954ec	src/search.cpp:765	if (!is_pv && !is_in_check && static_cast<int>(ply) >= RFP_MIN_PLY &&	if (!is_pv && !is_in_check && static_cast<int>(ply) >= RFP_MIN_PLY &&	yes	
adocs/plan_todo/S095_internal_iterative_reduction.md	99	:512	BLOCK	c0954ec	src/search.cpp:766	depth <= RFP_MAX_DEPTH && beta < MATE_MIN && beta > -MATE_MIN) {	depth <= RFP_MAX_DEPTH && beta < MATE_MIN && beta > -MATE_MIN) {	yes	
adocs/plan_todo/S095_internal_iterative_reduction.md	100	:561	BLOCK	c0954ec	src/search.cpp:814	const int null_reduction = NULL_MOVE_BASE + (depth / NULL_MOVE_DIVISOR);	const int null_reduction = NULL_MOVE_BASE + (depth / NULL_MOVE_DIVISOR);	yes	
adocs/plan_todo/S095_internal_iterative_reduction.md	101	:695	BLOCK	c0954ec	src/search.cpp:962	reduction = lmr_reduction(depth, static_cast<int>(legal_moves_counter));	reduction = lmr_reduction(depth, static_cast<int>(legal_moves_counter));	yes	
adocs/plan_todo/S095_internal_iterative_reduction.md	102	:676	BLOCK	c0954ec	src/search.cpp:943	const int child_depth = depth - 1;	const int child_depth = depth - 1;	yes	
adocs/plan_todo/S095_internal_iterative_reduction.md	102	:814	BLOCK	c0954ec	src/search.cpp:1100	tt_store_entry(state->tt, &game->board, depth, to_store, type, best_move,	tt_store_entry(state->tt, &game->board, depth, to_store, type, best_move,	yes	
adocs/plan_todo/S095_internal_iterative_reduction.md	107	:469	BLOCK	c0954ec	src/search.cpp:687	const bool is_in_check = is_check(game);	const bool is_in_check = is_check(game);	yes	
adocs/plan_todo/S095_internal_iterative_reduction.md	141	:41	BLOCK	c0954ec	src/search_params.hpp:50	#define CHESSO_SEARCH_PARAMS(X)                                                \	#define CHESSO_SEARCH_PARAMS(X)                                                \	yes	
adocs/plan_todo/S095_internal_iterative_reduction.md	164	:783	BLOCK	c0954ec	src/search.cpp:1069	assert(best_move != 0);	assert(best_move != 0);	yes	
adocs/plan_todo/S095_internal_iterative_reduction.md	166	:164	BLOCK	c0954ec	src/search.cpp:228	if (entry == nullptr || entry->depth < depth) { return false; }	if (entry == nullptr || entry->depth < depth) { return false; }	yes	
adocs/plan_todo/S095_internal_iterative_reduction.md	188	:814	BLOCK	c0954ec	src/search.cpp:1100	tt_store_entry(state->tt, &game->board, depth, to_store, type, best_move,	tt_store_entry(state->tt, &game->board, depth, to_store, type, best_move,	yes	
adocs/plan_todo/S097_singular_extensions.md	132	:676	BLOCK	c0954ec	src/search.cpp:943	const int child_depth = depth - 1;	const int child_depth = depth - 1;	yes	
adocs/plan_todo/S097_singular_extensions.md	134	:424	BLOCK	c0954ec	src/search.cpp:612	if (ply + 1 >= MAX_PLY) { return evaluate(&game->board); }	if (ply + 1 >= MAX_PLY) { return evaluate(&game->board); }	yes	
adocs/plan_todo/S097_singular_extensions.md	135	:260	BLOCK	c0954ec	src/search.cpp:413	if (ply + 1 >= MAX_PLY) { return stand_pat; }	if (ply + 1 >= MAX_PLY) { return stand_pat; }	yes	
adocs/plan_todo/S097_singular_extensions.md	141	:360-378	HAND	c0954ec	src/data_structures.hpp:360-380	enum node_type_t / { / TT_EMPTY_NODE, / TT_PV_NODE,  // The stored score is EXACTLY that. / // Alpha node.  Every move you search will have a value less than / // or equal to alpha, meaning that none of the moves in here will / // be any good, probably because the starting position is bad for / // t	enum node_type_t / { / TT_EMPTY_NODE, / TT_PV_NODE,  // The stored score is EXACTLY that. Exact. The node's value / // landed strictly inside the window it was searched with, so / // there is a real score here and not a bound, and it answers / // whatever window a later node reads it from. / // / //	no	`enum node_type_t`. S106 replaced TT_PV_NODE's pasted comment, so the enum is two lines longer than the citation was written against.
adocs/plan_todo/S097_singular_extensions.md	142	:445	HAND	c0954ec	src/search.cpp:663	const tt_entry_t* tt_entry = tt_get_entry(state->tt, &game->board);	const tt_entry_t* tt_entry = tt_get_entry(state->tt, &game->board);	yes	negamax's `tt_get_entry` probe; quiescence's is at :318.
adocs/plan_todo/S097_singular_extensions.md	142	:449	BLOCK	c0954ec	src/search.cpp:667	const move_t tt_move = (tt_entry != nullptr) ? tt_entry->best_move : 0;	const move_t tt_move = (tt_entry != nullptr) ? tt_entry->best_move : 0;	yes	
adocs/plan_todo/S097_singular_extensions.md	145	:813	BLOCK	c0954ec	src/search.cpp:1099	const int to_store = normalize_score(best_so_far, ply);	const int to_store = normalize_score(best_so_far, ply);	yes	
adocs/plan_todo/S097_singular_extensions.md	147	:139-144	BLOCK	c0954ec	src/search.cpp:193-198	inline int de_normalize_score(int score, int ply) / { / if (score > MATE_MIN && score <= MATE_MAX) { return score - ply; } / if (score < -MATE_MIN && score >= -MATE_MAX) { return score + ply; } / return score; / }	inline int de_normalize_score(int score, int ply) / { / if (score > MATE_MIN && score <= MATE_MAX) { return score - ply; } / if (score < -MATE_MIN && score >= -MATE_MAX) { return score + ply; } / return score; / }	yes	
adocs/plan_todo/S097_singular_extensions.md	153	:457-463	BLOCK	c0954ec	src/search.cpp:675-681	if (!is_pv && ply > 0) { / int tt_score = 0; /  / if (tt_entry_answers(tt_entry, depth, ply, alpha, beta, &tt_score)) { / return tt_score; / } / }	if (!is_pv && ply > 0) { / int tt_score = 0; /  / if (tt_entry_answers(tt_entry, depth, ply, alpha, beta, &tt_score)) { / return tt_score; / } / }	yes	
adocs/plan_todo/S097_singular_extensions.md	153	:813-815	BLOCK	c0954ec	src/search.cpp:1099-1101	const int to_store = normalize_score(best_so_far, ply); / tt_store_entry(state->tt, &game->board, depth, to_store, type, best_move, / static_eval);	const int to_store = normalize_score(best_so_far, ply); / tt_store_entry(state->tt, &game->board, depth, to_store, type, best_move, / static_eval);	yes	
adocs/plan_todo/S097_singular_extensions.md	162	:569	BLOCK	c0954ec	src/search.cpp:822	if (!is_pv && !is_in_check && ply > 0 && prev_move != 0 &&	if (!is_pv && !is_in_check && ply > 0 && prev_move != 0 &&	yes	
adocs/plan_todo/S097_singular_extensions.md	164	:511	BLOCK	c0954ec	src/search.cpp:765	if (!is_pv && !is_in_check && static_cast<int>(ply) >= RFP_MIN_PLY &&	if (!is_pv && !is_in_check && static_cast<int>(ply) >= RFP_MIN_PLY &&	yes	
adocs/plan_todo/S097_singular_extensions.md	168	:656-663	HAND	c0954ec	src/search.cpp:917-930	if (!make_move(game, moves[i])) { continue; } /  / const bool is_capture = MOVE_CAPTURE(moves[i]); /  / // Only ever needed to decide whether a quiet move may become a killer, and / // is_check() is an attack scan - do not pay for it on captures. / const bool is_check_move = is_capture ? false : is_	if (!make_move(game, moves[i])) { continue; } /  / const bool is_capture = MOVE_CAPTURE(moves[i]); /  / // The late move reduction guard below is the only consumer: a move that / // gives check is not reduced. It is deliberately *not* consulted by the / // fail-high block, which admits every quiet t	no	make_move through `legal_moves_counter++`, which is what the sentence names. S107's comment and S149's history call grew the span.
adocs/plan_todo/S097_singular_extensions.md	170	:779-781	BLOCK	c0954ec	src/search.cpp:1065-1067	if (legal_moves_counter == 0) { / return is_in_check ? -(MATE_MAX - static_cast<int>(ply)) : DRAW_SCORE; / }	if (legal_moves_counter == 0) { / return is_in_check ? -(MATE_MAX - static_cast<int>(ply)) : DRAW_SCORE; / }	yes	
adocs/plan_todo/S097_singular_extensions.md	191	:729	HAND	c0954ec	src/search.cpp:996	if (state->aborted) { return 0; }	if (state->aborted) { return 0; }	yes	the move loop's abort check, after unmake_move; the other `if (state->aborted) { return 0; }` at :834 is the null-move one.
adocs/plan_todo/S097_singular_extensions.md	194	:697	BLOCK	c0954ec	src/search.cpp:964	if (reduction > child_depth - 1) { reduction = child_depth - 1; }	if (reduction > child_depth - 1) { reduction = child_depth - 1; }	yes	
adocs/plan_todo/S097_singular_extensions.md	215	:511	BLOCK	c0954ec	src/search.cpp:765	if (!is_pv && !is_in_check && static_cast<int>(ply) >= RFP_MIN_PLY &&	if (!is_pv && !is_in_check && static_cast<int>(ply) >= RFP_MIN_PLY &&	yes	
adocs/plan_todo/S097_singular_extensions.md	215	:569	BLOCK	c0954ec	src/search.cpp:822	if (!is_pv && !is_in_check && ply > 0 && prev_move != 0 &&	if (!is_pv && !is_in_check && ply > 0 && prev_move != 0 &&	yes	
adocs/plan_todo/S097_singular_extensions.md	227	:41	BLOCK	c0954ec	src/search_params.hpp:50	#define CHESSO_SEARCH_PARAMS(X)                                                \	#define CHESSO_SEARCH_PARAMS(X)                                                \	yes	
adocs/plan_todo/S097_singular_extensions.md	255	:424	BLOCK	c0954ec	src/search.cpp:612	if (ply + 1 >= MAX_PLY) { return evaluate(&game->board); }	if (ply + 1 >= MAX_PLY) { return evaluate(&game->board); }	yes	
adocs/plan_todo/S097_singular_extensions.md	256	:260	BLOCK	c0954ec	src/search.cpp:413	if (ply + 1 >= MAX_PLY) { return stand_pat; }	if (ply + 1 >= MAX_PLY) { return stand_pat; }	yes	
adocs/plan_todo/S097_singular_extensions.md	260	:813-815	BLOCK	c0954ec	src/search.cpp:1099-1101	const int to_store = normalize_score(best_so_far, ply); / tt_store_entry(state->tt, &game->board, depth, to_store, type, best_move, / static_eval);	const int to_store = normalize_score(best_so_far, ply); / tt_store_entry(state->tt, &game->board, depth, to_store, type, best_move, / static_eval);	yes	
adocs/plan_todo/S097_singular_extensions.md	264	:170	BLOCK	c0954ec	src/search.cpp:234	const int tt_score = de_normalize_score(entry->score, ply);	const int tt_score = de_normalize_score(entry->score, ply);	yes	
adocs/plan_todo/S097_singular_extensions.md	268	:16-17	BLOCK	c0954ec	src/search.cpp:16-17	#define MATE_MAX 49000 / #define MATE_MIN 48000	#define MATE_MAX 49000 / #define MATE_MIN 48000	yes	
adocs/plan_todo/S097_singular_extensions.md	284	:729	HAND	c0954ec	src/search.cpp:996	if (state->aborted) { return 0; }	if (state->aborted) { return 0; }	yes	the same abort check, cited again.
adocs/plan_todo/S098_reduction_refinement.md	115	:707-715	BLOCK	7b54f18	src/search.cpp:958-966	int reduction = 0; /  / if (ply > 0 && depth >= 3 && legal_moves_counter > 3 && !is_capture && / !MOVE_PROMOTED(moves[i]) && !is_in_check && !is_check_move) { / reduction = lmr_reduction(depth, static_cast<int>(legal_moves_counter)); /  / if (reduction > child_depth - 1) { reduction = child_depth - 	int reduction = 0; /  / if (ply > 0 && depth >= 3 && legal_moves_counter > 3 && !is_capture && / !MOVE_PROMOTED(moves[i]) && !is_in_check && !is_check_move) { / reduction = lmr_reduction(depth, static_cast<int>(legal_moves_counter)); /  / if (reduction > child_depth - 1) { reduction = child_depth - 	yes	
adocs/plan_todo/S098_reduction_refinement.md	44	:42-56	BLOCK	c0954ec	src/search.cpp:96-110	static lmr_table_t build_lmr_table() / { / lmr_table_t table{}; /  / for (int depth = 1; depth < 64; ++depth) { / for (int move_number = 1; move_number < 64; ++move_number) { / const double r = / (LMR_BASE / 100.0) + / (std::log(depth) * std::log(move_number)) / (LMR_DIVISOR / 100.0); / table[depth]	static lmr_table_t build_lmr_table() / { / lmr_table_t table{}; /  / for (int depth = 1; depth < 64; ++depth) { / for (int move_number = 1; move_number < 64; ++move_number) { / const double r = / (LMR_BASE / 100.0) + / (std::log(depth) * std::log(move_number)) / (LMR_DIVISOR / 100.0); / table[depth]	yes	
adocs/plan_todo/S098_reduction_refinement.md	121	:59-68	BLOCK	c0954ec	src/search.cpp:113-122	#ifdef CHESSO_TUNE / // Mutable, and rebuilt by every setoption. A coefficient that moved without the / // table being rebuilt would report success and change nothing. / static lmr_table_t lmr_table = build_lmr_table(); /  / void search_params_rebuild_derived() / { lmr_table = build_lmr_table(); } /	#ifdef CHESSO_TUNE / // Mutable, and rebuilt by every setoption. A coefficient that moved without the / // table being rebuilt would report success and change nothing. / static lmr_table_t lmr_table = build_lmr_table(); /  / void search_params_rebuild_derived() / { lmr_table = build_lmr_table(); } /	yes	
adocs/plan_todo/S098_reduction_refinement.md	122	:79-82	BLOCK	c0954ec	src/search.cpp:133-136	#ifdef CHESSO_TUNE / int search_lmr_reduction_probe(int depth, int move_number) / { return lmr_reduction(depth, move_number); } / #endif	#ifdef CHESSO_TUNE / int search_lmr_reduction_probe(int depth, int move_number) / { return lmr_reduction(depth, move_number); } / #endif	yes	
adocs/plan_todo/S098_reduction_refinement.md	123	:693-694	BLOCK	c0954ec	src/search.cpp:960-961	if (ply > 0 && depth >= 3 && legal_moves_counter > 3 && !is_capture && / !MOVE_PROMOTED(moves[i]) && !is_in_check && !is_check_move) {	if (ply > 0 && depth >= 3 && legal_moves_counter > 3 && !is_capture && / !MOVE_PROMOTED(moves[i]) && !is_in_check && !is_check_move) {	yes	
adocs/plan_todo/S098_reduction_refinement.md	127	:662	BLOCK	c0954ec	src/search.cpp:929	const bool is_check_move = is_capture ? false : is_check(game);	const bool is_check_move = is_capture ? false : is_check(game);	yes	
adocs/plan_todo/S098_reduction_refinement.md	129	:697-698	BLOCK	c0954ec	src/search.cpp:964-965	if (reduction > child_depth - 1) { reduction = child_depth - 1; } / if (reduction < 0) { reduction = 0; }	if (reduction > child_depth - 1) { reduction = child_depth - 1; } / if (reduction < 0) { reduction = 0; }	yes	
adocs/plan_todo/S098_reduction_refinement.md	132	:701-724	BLOCK	c0954ec	src/search.cpp:968-991	if (legal_moves_counter == 1) { / // The first legal move of a PV node continues the principal variation. / score = -negamax(-beta, -alpha, child_depth, ply + 1, game, state, / moves[i], is_pv); / } else { / score = -negamax(-alpha - 1, -alpha, child_depth - reduction, ply + 1, / game, state, moves[	if (legal_moves_counter == 1) { / // The first legal move of a PV node continues the principal variation. / score = -negamax(-beta, -alpha, child_depth, ply + 1, game, state, / moves[i], is_pv); / } else { / score = -negamax(-alpha - 1, -alpha, child_depth - reduction, ply + 1, / game, state, moves[	yes	
adocs/plan_todo/S098_reduction_refinement.md	134	:706	BLOCK	c0954ec	src/search.cpp:973	score = -negamax(-alpha - 1, -alpha, child_depth - reduction, ply + 1,	score = -negamax(-alpha - 1, -alpha, child_depth - reduction, ply + 1,	yes	
adocs/plan_todo/S098_reduction_refinement.md	135	:712-715	BLOCK	c0954ec	src/search.cpp:979-982	if (!state->aborted && reduction > 0 && score > alpha) { / score = -negamax(-alpha - 1, -alpha, child_depth, ply + 1, game, state, / moves[i], false); / }	if (!state->aborted && reduction > 0 && score > alpha) { / score = -negamax(-alpha - 1, -alpha, child_depth, ply + 1, game, state, / moves[i], false); / }	yes	
adocs/plan_todo/S098_reduction_refinement.md	136	:721-724	BLOCK	c0954ec	src/search.cpp:988-991	if (!state->aborted && score > alpha && score < beta) { / score = -negamax(-beta, -alpha, child_depth, ply + 1, game, state, / moves[i], is_pv); / }	if (!state->aborted && score > alpha && score < beta) { / score = -negamax(-beta, -alpha, child_depth, ply + 1, game, state, / moves[i], is_pv); / }	yes	
adocs/plan_todo/S098_reduction_refinement.md	137	:734	BLOCK	c0954ec	src/search.cpp:1001	if (score > best_so_far) {	if (score > best_so_far) {	yes	
adocs/plan_todo/S098_reduction_refinement.md	139	:408	BLOCK	c0954ec	src/search.cpp:596	bool is_pv)	bool is_pv)	yes	
adocs/plan_todo/S098_reduction_refinement.md	140	:449	BLOCK	c0954ec	src/search.cpp:667	const move_t tt_move = (tt_entry != nullptr) ? tt_entry->best_move : 0;	const move_t tt_move = (tt_entry != nullptr) ? tt_entry->best_move : 0;	yes	
adocs/plan_todo/S098_reduction_refinement.md	172	:697-698	BLOCK	c0954ec	src/search.cpp:964-965	if (reduction > child_depth - 1) { reduction = child_depth - 1; } / if (reduction < 0) { reduction = 0; }	if (reduction > child_depth - 1) { reduction = child_depth - 1; } / if (reduction < 0) { reduction = 0; }	yes	
adocs/plan_todo/S098_reduction_refinement.md	210	:712-715	BLOCK	c0954ec	src/search.cpp:979-982	if (!state->aborted && reduction > 0 && score > alpha) { / score = -negamax(-alpha - 1, -alpha, child_depth, ply + 1, game, state, / moves[i], false); / }	if (!state->aborted && reduction > 0 && score > alpha) { / score = -negamax(-alpha - 1, -alpha, child_depth, ply + 1, game, state, / moves[i], false); / }	yes	
adocs/plan_todo/S098_reduction_refinement.md	216	:721-724	BLOCK	c0954ec	src/search.cpp:988-991	if (!state->aborted && score > alpha && score < beta) { / score = -negamax(-beta, -alpha, child_depth, ply + 1, game, state, / moves[i], is_pv); / }	if (!state->aborted && score > alpha && score < beta) { / score = -negamax(-beta, -alpha, child_depth, ply + 1, game, state, / moves[i], is_pv); / }	yes	
adocs/plan_todo/S098_reduction_refinement.md	349	:693-694	BLOCK	c0954ec	src/search.cpp:960-961	if (ply > 0 && depth >= 3 && legal_moves_counter > 3 && !is_capture && / !MOVE_PROMOTED(moves[i]) && !is_in_check && !is_check_move) {	if (ply > 0 && depth >= 3 && legal_moves_counter > 3 && !is_capture && / !MOVE_PROMOTED(moves[i]) && !is_in_check && !is_check_move) {	yes	
adocs/plan_todo/S099_correction_history.md	114	:702	SAME	c0954ec	src/bitboard.cpp:702	board->hash ^= randoms->piece_randoms[piece][square];	board->hash ^= randoms->piece_randoms[piece][square];	yes	
adocs/plan_todo/S099_correction_history.md	114	:724-725	BLOCK	c0954ec	src/bitboard.cpp:724-725	board->hash ^= randoms->piece_randoms[piece][from]; / board->hash ^= randoms->piece_randoms[piece][to];	board->hash ^= randoms->piece_randoms[piece][from]; / board->hash ^= randoms->piece_randoms[piece][to];	yes	
adocs/plan_todo/S099_correction_history.md	116	:992	SAME	c0954ec	src/bitboard.cpp:992	board->hash = entry->hash;	board->hash = entry->hash;	yes	
adocs/plan_todo/S099_correction_history.md	116	:1518	BLOCK	c0954ec	src/bitboard.cpp:1518	hash_t compute_full_hash(game_t* game)	hash_t compute_full_hash(game_t* game)	yes	
adocs/plan_todo/S099_correction_history.md	123	:812	BLOCK	c0954ec	src/bitboard.cpp:812	remove_piece<them>(board, randoms, captured_pawn, captured_square);	remove_piece<them>(board, randoms, captured_pawn, captured_square);	yes	
adocs/plan_todo/S099_correction_history.md	128	:1494	BLOCK	c0954ec	src/bitboard.cpp:1494	void cleanup_board(game_t* game)	void cleanup_board(game_t* game)	yes	
adocs/plan_todo/S099_correction_history.md	129	:742	BLOCK	c0954ec	src/bitboard.cpp:742	assert(eval_accumulators_match(&game->board));	assert(eval_accumulators_match(&game->board));	yes	
adocs/plan_todo/S099_correction_history.md	130	:875	SAME	c0954ec	src/bitboard.cpp:875	assert(eval_accumulators_match(board));	assert(eval_accumulators_match(board));	yes	
adocs/plan_todo/S099_correction_history.md	130	:997	SAME	c0954ec	src/bitboard.cpp:997	assert(eval_accumulators_match(board));	assert(eval_accumulators_match(board));	yes	
adocs/plan_todo/S099_correction_history.md	136	:646-647	BLOCK	c0954ec	src/chesso.cpp:674-675	search_state_t state = {}; / state.tt = &tt;	search_state_t state = {}; / state.tt = &tt;	yes	
adocs/plan_todo/S099_correction_history.md	137	:1084-1097	BLOCK	c0954ec	src/chesso.cpp:1148-1161	bool command_ucinewgame(std::queue<std::string>& args) / { / LOG_I << "Command [ucinewgame]. Args: " << args << END_I; /  / stop_and_join_search(); /  / set_position(DEFAULT_POSITION); / tt_reset(&tt); / still_in_opening = true; /  / LOG_I << print_nice_board(&game.board) << END_I; /  / return true;	bool command_ucinewgame(std::queue<std::string>& args) / { / LOG_I << "Command [ucinewgame]. Args: " << args << END_I; /  / stop_and_join_search(); /  / set_position(DEFAULT_POSITION); / tt_reset(&tt); / still_in_opening = true; /  / LOG_I << print_nice_board(&game.board) << END_I; /  / return true;	yes	
adocs/plan_todo/S099_correction_history.md	146	:460-463	BLOCK	c0954ec	src/search.cpp:678-681	if (tt_entry_answers(tt_entry, depth, ply, alpha, beta, &tt_score)) { / return tt_score; / } / }	if (tt_entry_answers(tt_entry, depth, ply, alpha, beta, &tt_score)) { / return tt_score; / } / }	yes	
adocs/plan_todo/S099_correction_history.md	149	:529-536	HAND	c0954ec	src/search.cpp:767-771	const int static_score = / (tt_eval != TT_EVAL_NONE) ? tt_eval : evaluate(&game->board); /  / static_eval = static_score; /  / // Fail soft, and the bound returned is the one actually argued for: the / // static score minus everything the opponent was assumed able to win back. / if (static_score - m	const int margin = RFP_MARGIN * depth; /  / // Fail soft, and the bound returned is the one actually argued for: the / // static score minus everything the opponent was assumed able to win back. / if (static_eval - margin >= beta) { return static_eval - margin; }	no	the RFP margin and its fail-soft return. S108 hoisted the compute-or-read that opened the cited span to :720, so what remains inside the guard is the margin and the return.
adocs/plan_todo/S099_correction_history.md	171	:813-815	BLOCK	c0954ec	src/search.cpp:1099-1101	const int to_store = normalize_score(best_so_far, ply); / tt_store_entry(state->tt, &game->board, depth, to_store, type, best_move, / static_eval);	const int to_store = normalize_score(best_so_far, ply); / tt_store_entry(state->tt, &game->board, depth, to_store, type, best_move, / static_eval);	yes	
adocs/plan_todo/S099_correction_history.md	172	:729	HAND	c0954ec	src/search.cpp:996	if (state->aborted) { return 0; }	if (state->aborted) { return 0; }	yes	the move loop's abort check, not the null move's.
adocs/plan_todo/S099_correction_history.md	171	:813	BLOCK	c0954ec	src/search.cpp:1099	const int to_store = normalize_score(best_so_far, ply);	const int to_store = normalize_score(best_so_far, ply);	yes	
adocs/plan_todo/S099_correction_history.md	183	:536	HAND	c0954ec	src/search.cpp:771	if (static_score - margin >= beta) { return static_score - margin; }	if (static_eval - margin >= beta) { return static_eval - margin; }	no	the RFP decision, `static_eval - margin >= beta`.
adocs/plan_todo/S099_correction_history.md	232	:247	HAND	c0954ec	src/search.cpp:349	: evaluate_lazy(&game->board, alpha, beta, &stand_pat_is_exact);	: evaluate_lazy(&game->board, alpha, beta, &static_eval_is_exact);	no	quiescence's `evaluate_lazy` call, which S130 moved under the TT substitution.
adocs/plan_todo/S109_shallow_depth_pruning_block.md	180	:636-652	BLOCK	c0954ec	src/search.cpp:897-913	if (i == moves_count) { / // The captures ran out without a cutoff, so the quiets are needed after / // all. This is the branch staging exists to avoid. / if (quiets_generated) { break; } /  / const size_t added = / generate_quiets(game_tables(), &game->board, moves + moves_count); /  / for (size_t 	if (i == moves_count) { / // The captures ran out without a cutoff, so the quiets are needed after / // all. This is the branch staging exists to avoid. / if (quiets_generated) { break; } /  / const size_t added = / generate_quiets(game_tables(), &game->board, moves + moves_count); /  / for (size_t 	yes	
adocs/plan_todo/S109_shallow_depth_pruning_block.md	181	:654	BLOCK	c0954ec	src/search.cpp:915	pick_next_move(moves, scores, moves_count, i);	pick_next_move(moves, scores, moves_count, i);	yes	
adocs/plan_todo/S109_shallow_depth_pruning_block.md	182	:656	HAND	c0954ec	src/search.cpp:917	if (!make_move(game, moves[i])) { continue; }	if (!make_move(game, moves[i])) { continue; }	yes	negamax's `make_move`.
adocs/plan_todo/S109_shallow_depth_pruning_block.md	182	:658	BLOCK	c0954ec	src/search.cpp:919	const bool is_capture = MOVE_CAPTURE(moves[i]);	const bool is_capture = MOVE_CAPTURE(moves[i]);	yes	
adocs/plan_todo/S109_shallow_depth_pruning_block.md	183	:662	BLOCK	c0954ec	src/search.cpp:929	const bool is_check_move = is_capture ? false : is_check(game);	const bool is_check_move = is_capture ? false : is_check(game);	yes	
adocs/plan_todo/S109_shallow_depth_pruning_block.md	184	:663	BLOCK	c0954ec	src/search.cpp:930	legal_moves_counter++;	legal_moves_counter++;	yes	
adocs/plan_todo/S109_shallow_depth_pruning_block.md	186	:693-698	BLOCK	c0954ec	src/search.cpp:960-965	if (ply > 0 && depth >= 3 && legal_moves_counter > 3 && !is_capture && / !MOVE_PROMOTED(moves[i]) && !is_in_check && !is_check_move) { / reduction = lmr_reduction(depth, static_cast<int>(legal_moves_counter)); /  / if (reduction > child_depth - 1) { reduction = child_depth - 1; } / if (reduction < 0	if (ply > 0 && depth >= 3 && legal_moves_counter > 3 && !is_capture && / !MOVE_PROMOTED(moves[i]) && !is_in_check && !is_check_move) { / reduction = lmr_reduction(depth, static_cast<int>(legal_moves_counter)); /  / if (reduction > child_depth - 1) { reduction = child_depth - 1; } / if (reduction < 0	yes	
adocs/plan_todo/S109_shallow_depth_pruning_block.md	186	:739-758	HAND	c0954ec	src/search.cpp:1006-1030	if (score >= beta) { / // Fail-high / type = TT_BETA_NODE; /  / // Store killing move, history, and counter move / if (!is_capture && !is_check_move) { / state->killer_moves[1][ply] = state->killer_moves[0][ply]; / state->killer_moves[0][ply] = moves[i]; /  / // Saturating: an unbounded accumulator 	if (score >= beta) { / // Fail-high / type = TT_BETA_NODE; /  / // Store killing move, history, and counter move / if (!is_capture) { / // The shift is deliberately unguarded, and that is a measured choice / // rather than an oversight. A repeat copies slot 0 onto itself, so both / // slots hold one	no	the fail-high update block through the close of its quiet-only arm. S149's killer comment and history_on_quiet_cutoff rewrote its middle.
adocs/plan_todo/S109_shallow_depth_pruning_block.md	187	:779-781	BLOCK	c0954ec	src/search.cpp:1065-1067	if (legal_moves_counter == 0) { / return is_in_check ? -(MATE_MAX - static_cast<int>(ply)) : DRAW_SCORE; / }	if (legal_moves_counter == 0) { / return is_in_check ? -(MATE_MAX - static_cast<int>(ply)) : DRAW_SCORE; / }	yes	
adocs/plan_todo/S109_shallow_depth_pruning_block.md	188	:408	BLOCK	c0954ec	src/search.cpp:596	bool is_pv)	bool is_pv)	yes	
adocs/plan_todo/S109_shallow_depth_pruning_block.md	189	:511-512	BLOCK	c0954ec	src/search.cpp:765-766	if (!is_pv && !is_in_check && static_cast<int>(ply) >= RFP_MIN_PLY && / depth <= RFP_MAX_DEPTH && beta < MATE_MIN && beta > -MATE_MIN) {	if (!is_pv && !is_in_check && static_cast<int>(ply) >= RFP_MIN_PLY && / depth <= RFP_MAX_DEPTH && beta < MATE_MIN && beta > -MATE_MIN) {	yes	
adocs/plan_todo/S109_shallow_depth_pruning_block.md	208	:693-694	BLOCK	c0954ec	src/search.cpp:960-961	if (ply > 0 && depth >= 3 && legal_moves_counter > 3 && !is_capture && / !MOVE_PROMOTED(moves[i]) && !is_in_check && !is_check_move) {	if (ply > 0 && depth >= 3 && legal_moves_counter > 3 && !is_capture && / !MOVE_PROMOTED(moves[i]) && !is_in_check && !is_check_move) {	yes	
adocs/plan_todo/S109_shallow_depth_pruning_block.md	213	:1271	BLOCK	c0954ec	src/bitboard.cpp:1271	int see(const board_t* board, move_t move)	int see(const board_t* board, move_t move)	yes	
adocs/plan_todo/S109_shallow_depth_pruning_block.md	214	:1096	BLOCK	c0954ec	src/bitboard.cpp:1096	static constexpr int see_value[6] = {100, 300, 300, 500, 900, 10000};	static constexpr int see_value[6] = {100, 300, 300, 500, 900, 10000};	yes	
adocs/plan_todo/S109_shallow_depth_pruning_block.md	215	:1160	BLOCK	c0954ec	src/bitboard.cpp:1160	bool capture_cannot_lose(const board_t* board, move_t move)	bool capture_cannot_lose(const board_t* board, move_t move)	yes	
adocs/plan_todo/S109_shallow_depth_pruning_block.md	218	:662	BLOCK	c0954ec	src/search.cpp:929	const bool is_check_move = is_capture ? false : is_check(game);	const bool is_check_move = is_capture ? false : is_check(game);	yes	
adocs/plan_todo/S109_shallow_depth_pruning_block.md	231	:636-652	BLOCK	c0954ec	src/search.cpp:897-913	if (i == moves_count) { / // The captures ran out without a cutoff, so the quiets are needed after / // all. This is the branch staging exists to avoid. / if (quiets_generated) { break; } /  / const size_t added = / generate_quiets(game_tables(), &game->board, moves + moves_count); /  / for (size_t 	if (i == moves_count) { / // The captures ran out without a cutoff, so the quiets are needed after / // all. This is the branch staging exists to avoid. / if (quiets_generated) { break; } /  / const size_t added = / generate_quiets(game_tables(), &game->board, moves + moves_count); /  / for (size_t 	yes	
adocs/plan_todo/S109_shallow_depth_pruning_block.md	233	:619-623	BLOCK	c0954ec	src/search.cpp:880-884	if (tt_move_is_quiet || moves_count == 0) { / moves_count += / generate_quiets(game_tables(), &game->board, moves + moves_count); / quiets_generated = true; / }	if (tt_move_is_quiet || moves_count == 0) { / moves_count += / generate_quiets(game_tables(), &game->board, moves + moves_count); / quiets_generated = true; / }	yes	
adocs/plan_todo/S109_shallow_depth_pruning_block.md	261	:779-781	BLOCK	c0954ec	src/search.cpp:1065-1067	if (legal_moves_counter == 0) { / return is_in_check ? -(MATE_MAX - static_cast<int>(ply)) : DRAW_SCORE; / }	if (legal_moves_counter == 0) { / return is_in_check ? -(MATE_MAX - static_cast<int>(ply)) : DRAW_SCORE; / }	yes	
adocs/plan_todo/S109_shallow_depth_pruning_block.md	304	:779-781	BLOCK	c0954ec	src/search.cpp:1065-1067	if (legal_moves_counter == 0) { / return is_in_check ? -(MATE_MAX - static_cast<int>(ply)) : DRAW_SCORE; / }	if (legal_moves_counter == 0) { / return is_in_check ? -(MATE_MAX - static_cast<int>(ply)) : DRAW_SCORE; / }	yes	
adocs/plan_todo/S109_shallow_depth_pruning_block.md	320	:1099-1105	BLOCK	c0954ec	src/evaluation.cpp:1160-1166	if (move == state->killer_moves[0][ply]) { return ORDER_KILLER_0; } / if (move == state->killer_moves[1][ply]) { return ORDER_KILLER_1; } /  / if (prev_move != 0 && / move == state->counter_moves[MOVE_PIECE(prev_move)][MOVE_TO(prev_move)]) { / return ORDER_COUNTER; / }	if (move == state->killer_moves[0][ply]) { return ORDER_KILLER_0; } / if (move == state->killer_moves[1][ply]) { return ORDER_KILLER_1; } /  / if (prev_move != 0 && / move == state->counter_moves[MOVE_PIECE(prev_move)][MOVE_TO(prev_move)]) { / return ORDER_COUNTER; / }	yes	
adocs/plan_todo/S112_quiescence_move_futility.md	105	:320	BLOCK	7b54f18	src/search.cpp:469	if (!in_check && !MOVE_CAPTURE(moves[i])) { continue; }	if (!in_check && !MOVE_CAPTURE(moves[i])) { continue; }	yes	
adocs/plan_todo/S112_quiescence_move_futility.md	105	:322-325	BLOCK	c0954ec	src/search.cpp:481-484	if (!in_check && !capture_cannot_lose(&game->board, moves[i]) && / !see_ge(&game->board, moves[i], 0)) { / continue; / }	if (!in_check && !capture_cannot_lose(&game->board, moves[i]) && / !see_ge(&game->board, moves[i], 0)) { / continue; / }	yes	
adocs/plan_todo/S112_quiescence_move_futility.md	107	:339-366	HAND	c0954ec	src/search.cpp:507-545	for (size_t i = 0; i < count; ++i) { / pick_next_move(moves, scores, count, i); /  / if (!make_move(game, moves[i])) { continue; } /  / legal_moves++; /  / const int score = / -quiescence(-beta, -alpha, ply + 1, qply + 1, game, state); /  / unmake_move(game); /  / if (state->aborted) { return stand_	for (size_t i = 0; i < count; ++i) { / pick_next_move(moves, scores, count, i); /  / if (!make_move(game, moves[i])) { continue; } /  / legal_moves++; /  / const int score = / -quiescence(-beta, -alpha, ply + 1, qply + 1, game, state); /  / unmake_move(game); /  / if (state->aborted) { return stand_	no	quiescence's search loop, `for` to closing brace. DEC-102's `value_type` block grew it.
adocs/plan_todo/S112_quiescence_move_futility.md	107	:332	BLOCK	c0954ec	src/search.cpp:491	int best_value = in_check ? MIN : stand_pat;	int best_value = in_check ? MIN : stand_pat;	yes	
adocs/plan_todo/S112_quiescence_move_futility.md	105	:322	BLOCK	c0954ec	src/search.cpp:481	if (!in_check && !capture_cannot_lose(&game->board, moves[i]) &&	if (!in_check && !capture_cannot_lose(&game->board, moves[i]) &&	yes	
adocs/plan_todo/S112_quiescence_move_futility.md	113	:1160-1174	BLOCK	c0954ec	src/bitboard.cpp:1160-1174	bool capture_cannot_lose(const board_t* board, move_t move) / { / assert(board != nullptr); /  / if (MOVE_EN_PASSANT(move)) { / return true;  // pawn takes pawn / } /  / const piece_t victim = board->squares[MOVE_TO(move)]; /  / if (victim == EMPTY) { return false; } /  / return see_value[piece_type	bool capture_cannot_lose(const board_t* board, move_t move) / { / assert(board != nullptr); /  / if (MOVE_EN_PASSANT(move)) { / return true;  // pawn takes pawn / } /  / const piece_t victim = board->squares[MOVE_TO(move)]; /  / if (victim == EMPTY) { return false; } /  / return see_value[piece_type	yes	
adocs/plan_todo/S112_quiescence_move_futility.md	123	:44-49	BLOCK	c0954ec	src/eval_tables.hpp:44-49	// Do not read meaning into an individual number. The parameterisation is / // degenerate by five dimensions -- adding c to every square of psqt_mg[t] and / // psqt_eg[t] is the same evaluation as adding c to piece_value[t] -- so the / // split between a piece's value and its table is arbitrary and 	// Do not read meaning into an individual number. The parameterisation is / // degenerate by five dimensions -- adding c to every square of psqt_mg[t] and / // psqt_eg[t] is the same evaluation as adding c to piece_value[t] -- so the / // split between a piece's value and its table is arbitrary and 	yes	
adocs/plan_todo/S112_quiescence_move_futility.md	131	:310	BLOCK	c0954ec	src/search.cpp:469	if (!in_check && !MOVE_CAPTURE(moves[i])) { continue; }	if (!in_check && !MOVE_CAPTURE(moves[i])) { continue; }	yes	
adocs/plan_todo/S112_quiescence_move_futility.md	143	:253	HAND	c0954ec	src/search.cpp:361	const int stored_eval = stand_pat_is_exact ? stand_pat : TT_EVAL_NONE;	const int stored_eval = static_eval_is_exact ? static_eval : TT_EVAL_NONE;	no	`stored_eval`, which S130's comment moved.
adocs/plan_todo/S112_quiescence_move_futility.md	144	:268	BLOCK	c0954ec	src/search.cpp:421	if (stand_pat >= beta) {	if (stand_pat >= beta) {	yes	
adocs/plan_todo/S112_quiescence_move_futility.md	156	:279	BLOCK	c0954ec	src/search.cpp:438	if (stand_pat > alpha) { alpha = stand_pat; }	if (stand_pat > alpha) { alpha = stand_pat; }	yes	
adocs/plan_todo/S112_quiescence_move_futility.md	158	:387-390	HAND	c0954ec	src/search.cpp:576-578	tt_store_entry(state->tt, &game->board, TT_DEPTH_QS, / normalize_score(best_value, ply), / (best_value > alpha0) ? TT_PV_NODE : TT_ALPHA_NODE, best_move, / stored_eval);	tt_store_entry(state->tt, &game->board, TT_DEPTH_QS, / normalize_score(best_value, ply), stored_type, best_move, / stored_eval);	no	quiescence's fail-low store.
adocs/plan_todo/S112_quiescence_move_futility.md	179	:370	BLOCK	c0954ec	src/search.cpp:549	if (in_check && legal_moves == 0) {	if (in_check && legal_moves == 0) {	yes	
adocs/plan_todo/S112_quiescence_move_futility.md	136	:661	BLOCK	c0954ec	src/search.cpp:928	// is_check() is an attack scan - do not pay for it on captures.	// is_check() is an attack scan - do not pay for it on captures.	yes	
adocs/plan_todo/S112_quiescence_move_futility.md	187	:287	BLOCK	c0954ec	src/search.cpp:446	if (static_cast<int>(qply) >= MAX_QSEARCH_DEPTH) { return stand_pat; }	if (static_cast<int>(qply) >= MAX_QSEARCH_DEPTH) { return stand_pat; }	yes	
adocs/plan_todo/S112_quiescence_move_futility.md	110	:322	BLOCK	c0954ec	src/search.cpp:481	if (!in_check && !capture_cannot_lose(&game->board, moves[i]) &&	if (!in_check && !capture_cannot_lose(&game->board, moves[i]) &&	yes	
adocs/plan_todo/S112_quiescence_move_futility.md	189	:332	BLOCK	c0954ec	src/search.cpp:491	int best_value = in_check ? MIN : stand_pat;	int best_value = in_check ? MIN : stand_pat;	yes	
adocs/plan_todo/S112_quiescence_move_futility.md	216	:370	BLOCK	c0954ec	src/search.cpp:549	if (in_check && legal_moves == 0) {	if (in_check && legal_moves == 0) {	yes	
adocs/plan_todo/S112_quiescence_move_futility.md	239	:287	BLOCK	c0954ec	src/search.cpp:446	if (static_cast<int>(qply) >= MAX_QSEARCH_DEPTH) { return stand_pat; }	if (static_cast<int>(qply) >= MAX_QSEARCH_DEPTH) { return stand_pat; }	yes	
adocs/plan_todo/S113_probcut.md	99	:511-537	HAND	c0954ec	src/search.cpp:765-772	if (!is_pv && !is_in_check && static_cast<int>(ply) >= RFP_MIN_PLY && / depth <= RFP_MAX_DEPTH && beta < MATE_MIN && beta > -MATE_MIN) { / const int margin = RFP_MARGIN * depth; /  / // The entry already has the number where the probe above found one. It is / // the same number: evaluate() is a func	if (!is_pv && !is_in_check && static_cast<int>(ply) >= RFP_MIN_PLY && / depth <= RFP_MAX_DEPTH && beta < MATE_MIN && beta > -MATE_MIN) { / const int margin = RFP_MARGIN * depth; /  / // Fail soft, and the bound returned is the one actually argued for: the / // static score minus everything the oppon	no	the RFP block, condition to closing brace.
adocs/plan_todo/S113_probcut.md	100	:561-588	HAND	c0954ec	src/search.cpp:814-841	const int null_reduction = NULL_MOVE_BASE + (depth / NULL_MOVE_DIVISOR); /  / // The reduced search has to keep at least one real ply. Let it fall to zero / // and it becomes pure quiescence, which only looks at captures and therefore / // cannot see a mate that is two plies away - it answers with t	const int null_reduction = NULL_MOVE_BASE + (depth / NULL_MOVE_DIVISOR); /  / // The reduced search has to keep at least one real ply. Let it fall to zero / // and it becomes pure quiescence, which only looks at captures and therefore / // cannot see a mate that is two plies away - it answers with t	no	the null-move block, `null_reduction` to closing brace -- 28 lines then and now.
adocs/plan_todo/S113_probcut.md	101	:588	HAND	c0954ec	src/search.cpp:841	}	}	yes	the null-move block's closing brace.
adocs/plan_todo/S113_probcut.md	101	:590	BLOCK	c0954ec	src/search.cpp:843	node_type_t type = TT_ALPHA_NODE;	node_type_t type = TT_ALPHA_NODE;	yes	
adocs/plan_todo/S113_probcut.md	106	:466	BLOCK	c0954ec	src/search.cpp:684	if (depth < 1) { return quiescence(alpha, beta, ply, 0, game, state); }	if (depth < 1) { return quiescence(alpha, beta, ply, 0, game, state); }	yes	
adocs/plan_todo/S113_probcut.md	108	:656	HAND	c0954ec	src/search.cpp:917	if (!make_move(game, moves[i])) { continue; }	if (!make_move(game, moves[i])) { continue; }	yes	negamax's `make_move`, whose false return drops illegal moves.
adocs/plan_todo/S113_probcut.md	112	:614	BLOCK	c0954ec	src/search.cpp:875	size_t moves_count = generate_captures(game_tables(), &game->board, moves);	size_t moves_count = generate_captures(game_tables(), &game->board, moves);	yes	
adocs/plan_todo/S113_probcut.md	115	:87	BLOCK	7b54f18	src/search.cpp:141	inline void pick_next_move(move_t moves[], int scores[], size_t count, size_t i)	inline void pick_next_move(move_t moves[], int scores[], size_t count, size_t i)	yes	
adocs/plan_todo/S113_probcut.md	116	:322-323	BLOCK	c0954ec	src/search.cpp:481-482	if (!in_check && !capture_cannot_lose(&game->board, moves[i]) && / !see_ge(&game->board, moves[i], 0)) {	if (!in_check && !capture_cannot_lose(&game->board, moves[i]) && / !see_ge(&game->board, moves[i], 0)) {	yes	
adocs/plan_todo/S113_probcut.md	117	:1185	BLOCK	c0954ec	src/bitboard.cpp:1185	bool see_ge(const board_t* board, move_t move, int threshold)	bool see_ge(const board_t* board, move_t move, int threshold)	yes	
adocs/plan_todo/S113_probcut.md	118	:303-307	BLOCK	c0954ec	src/bitboard.cpp:303-307	} / } / } / } / 	} / } / } / } / 	yes	
adocs/plan_todo/S113_probcut.md	121	:445-455	BLOCK	c0954ec	src/search.cpp:663-673	const tt_entry_t* tt_entry = tt_get_entry(state->tt, &game->board); /  / // Copied out now: a deeper node can overwrite this slot while we recurse, and / // the move is wanted for ordering even when no cutoff is taken. / const move_t tt_move = (tt_entry != nullptr) ? tt_entry->best_move : 0; /  / //	const tt_entry_t* tt_entry = tt_get_entry(state->tt, &game->board); /  / // Copied out now: a deeper node can overwrite this slot while we recurse, and / // the move is wanted for ordering even when no cutoff is taken. / const move_t tt_move = (tt_entry != nullptr) ? tt_entry->best_move : 0; /  / //	yes	
adocs/plan_todo/S113_probcut.md	122	:139	BLOCK	c0954ec	src/search.cpp:193	inline int de_normalize_score(int score, int ply)	inline int de_normalize_score(int score, int ply)	yes	
adocs/plan_todo/S113_probcut.md	131	:532	HAND	c0954ec	src/search.cpp:731	static_eval = static_score;	state->static_evals[ply] = static_eval;	no	`state->static_evals[ply] = static_eval;`. S108 hoisted this out of the RFP guard the sentence puts it in; the sentence is S113's to restate and the citation points at where the value is set now.
adocs/plan_todo/S113_probcut.md	144	:41	BLOCK	c0954ec	src/search_params.hpp:50	#define CHESSO_SEARCH_PARAMS(X)                                                \	#define CHESSO_SEARCH_PARAMS(X)                                                \	yes	
adocs/plan_todo/S113_probcut.md	145	:588	HAND	c0954ec	src/search.cpp:841	}	}	yes	the same closing brace.
adocs/plan_todo/S113_probcut.md	147	:511-512	BLOCK	c0954ec	src/search.cpp:765-766	if (!is_pv && !is_in_check && static_cast<int>(ply) >= RFP_MIN_PLY && / depth <= RFP_MAX_DEPTH && beta < MATE_MIN && beta > -MATE_MIN) {	if (!is_pv && !is_in_check && static_cast<int>(ply) >= RFP_MIN_PLY && / depth <= RFP_MAX_DEPTH && beta < MATE_MIN && beta > -MATE_MIN) {	yes	
adocs/plan_todo/S113_probcut.md	152	:729	HAND	c0954ec	src/search.cpp:996	if (state->aborted) { return 0; }	if (state->aborted) { return 0; }	yes	the move loop's abort check.
adocs/plan_todo/S114_null_move_refinements.md	38	:576	BLOCK	c0954ec	src/search.cpp:829	const int null_score = -negamax(-beta, -beta + 1, depth - 1 - reduction,	const int null_score = -negamax(-beta, -beta + 1, depth - 1 - reduction,	yes	
adocs/plan_todo/S114_null_move_refinements.md	88	:569-571	HAND	c0954ec	src/search.cpp:822-824	if (!is_pv && !is_in_check && ply > 0 && prev_move != 0 && / depth - 1 - null_reduction >= 1 && beta < MATE_MIN && / game_phase(&game->board) > 0) {	if (!is_pv && !is_in_check && ply > 0 && prev_move != 0 && / depth - 1 - null_reduction >= 1 && beta < MATE_MIN && beta > -MATE_MIN && / game_phase(&game->board) > 0) {	no	the null-move entry conditions.
adocs/plan_todo/S114_null_move_refinements.md	92	:570	HAND	c0954ec	src/search.cpp:823	depth - 1 - null_reduction >= 1 && beta < MATE_MIN &&	depth - 1 - null_reduction >= 1 && beta < MATE_MIN && beta > -MATE_MIN &&	no	the floor, `depth - 1 - null_reduction >= 1`.
adocs/plan_todo/S114_null_move_refinements.md	92	:563-568	BLOCK	c0954ec	src/search.cpp:816-821	// The reduced search has to keep at least one real ply. Let it fall to zero / // and it becomes pure quiescence, which only looks at captures and therefore / // cannot see a mate that is two plies away - it answers with the static score / // and the pass looks safe. That is not a theoretical risk: 	// The reduced search has to keep at least one real ply. Let it fall to zero / // and it becomes pure quiescence, which only looks at captures and therefore / // cannot see a mate that is two plies away - it answers with the static score / // and the pass looks safe. That is not a theoretical risk: 	yes	
adocs/plan_todo/S114_null_move_refinements.md	101	:583-586	BLOCK	c0954ec	src/search.cpp:836-839	if (null_score >= beta) { / // A mate score out of a null move search is not a mate anyone can force, / // it is an artefact of the pass. Report the bound instead. / return (null_score >= MATE_MIN) ? beta : null_score;	if (null_score >= beta) { / // A mate score out of a null move search is not a mate anyone can force, / // it is an artefact of the pass. Report the bound instead. / return (null_score >= MATE_MIN) ? beta : null_score;	yes	
adocs/plan_todo/S114_null_move_refinements.md	106	:586	BLOCK	c0954ec	src/search.cpp:839	return (null_score >= MATE_MIN) ? beta : null_score;	return (null_score >= MATE_MIN) ? beta : null_score;	yes	
adocs/plan_todo/S114_null_move_refinements.md	110	:477	HAND	c0954ec	src/search.cpp:720	int static_eval = TT_EVAL_NONE;	const int static_eval =	no	`const int static_eval =`. S108 hoisted the declaration to the top of the node, so the sentence's claim that it sits inside the RFP guard is stale -- that is S114's to restate, not a citation repair.
adocs/plan_todo/S114_null_move_refinements.md	111	:532	HAND	c0954ec	src/search.cpp:731	static_eval = static_score;	state->static_evals[ply] = static_eval;	no	the stack write S108 pairs with that declaration, the second of the two sites the sentence names.
adocs/plan_todo/S114_null_move_refinements.md	86	:77-78	HAND	c0954ec	src/search_params.hpp:181-182	X(NULL_MOVE_BASE,    "NullMoveBase",    2,      0, 16)                       \ / X(NULL_MOVE_DIVISOR, "NullMoveDivisor", 6,      1, 64)                       \	X(NULL_MOVE_BASE,    "NullMoveBase",    3,      0, 16)                       \ / X(NULL_MOVE_DIVISOR, "NullMoveDivisor", 6,      1, 64)                       \	no	NULL_MOVE_BASE and NULL_MOVE_DIVISOR, the two the new constants sit beside -- the same pair the paragraph above cites in full.
adocs/plan_todo/S114_null_move_refinements.md	120	:570	HAND	c0954ec	src/search.cpp:823	depth - 1 - null_reduction >= 1 && beta < MATE_MIN &&	depth - 1 - null_reduction >= 1 && beta < MATE_MIN && beta > -MATE_MIN &&	no	the floor, cited again.
adocs/plan_todo/S114_null_move_refinements.md	157	:570	HAND	c0954ec	src/search.cpp:823	depth - 1 - null_reduction >= 1 && beta < MATE_MIN &&	depth - 1 - null_reduction >= 1 && beta < MATE_MIN && beta > -MATE_MIN &&	no	the floor, cited again.
adocs/plan_todo/S114_null_move_refinements.md	159	:466	BLOCK	c0954ec	src/search.cpp:684	if (depth < 1) { return quiescence(alpha, beta, ply, 0, game, state); }	if (depth < 1) { return quiescence(alpha, beta, ply, 0, game, state); }	yes	
adocs/plan_todo/S114_null_move_refinements.md	180	:588	HAND	c0954ec	src/search.cpp:841	}	}	yes	the null-move block's closing brace.
adocs/plan_todo/S114_null_move_refinements.md	180	:561-588	HAND	c0954ec	src/search.cpp:814-841	const int null_reduction = NULL_MOVE_BASE + (depth / NULL_MOVE_DIVISOR); /  / // The reduced search has to keep at least one real ply. Let it fall to zero / // and it becomes pure quiescence, which only looks at captures and therefore / // cannot see a mate that is two plies away - it answers with t	const int null_reduction = NULL_MOVE_BASE + (depth / NULL_MOVE_DIVISOR); /  / // The reduced search has to keep at least one real ply. Let it fall to zero / // and it becomes pure quiescence, which only looks at captures and therefore / // cannot see a mate that is two plies away - it answers with t	no	the null-move block this step rewrites.
adocs/plan_todo/S114_null_move_refinements.md	219	:570	HAND	c0954ec	src/search.cpp:823	depth - 1 - null_reduction >= 1 && beta < MATE_MIN &&	depth - 1 - null_reduction >= 1 && beta < MATE_MIN && beta > -MATE_MIN &&	no	the floor, cited again.
adocs/plan_todo/S115_aspiration_refinements.md	72	:546	HAND	7b54f18	src/search.cpp:771	if (static_score - margin >= beta) { return static_score - margin; }	if (static_eval - margin >= beta) { return static_eval - margin; }	no	RFP's fail-soft return. It reads `static_eval` since S108 where the citation was written against `static_score`, which is why the block match could not find it.
adocs/plan_todo/S115_aspiration_refinements.md	72	:586	BLOCK	c0954ec	src/search.cpp:839	return (null_score >= MATE_MIN) ? beta : null_score;	return (null_score >= MATE_MIN) ? beta : null_score;	yes	
adocs/plan_todo/S115_aspiration_refinements.md	73	:172-185	BLOCK	c0954ec	src/search.cpp:236-249	if (entry->type == TT_PV_NODE) { / *score = tt_score; / return true; / } /  / if (entry->type == TT_BETA_NODE && tt_score >= beta) { / *score = tt_score; / return true; / } /  / if (entry->type == TT_ALPHA_NODE && tt_score <= alpha) { / *score = tt_score; / return true; / }	if (entry->type == TT_PV_NODE) { / *score = tt_score; / return true; / } /  / if (entry->type == TT_BETA_NODE && tt_score >= beta) { / *score = tt_score; / return true; / } /  / if (entry->type == TT_ALPHA_NODE && tt_score <= alpha) { / *score = tt_score; / return true; / }	yes	
adocs/plan_todo/S115_aspiration_refinements.md	74	:392	BLOCK	c0954ec	src/search.cpp:580	return best_value;	return best_value;	yes	
adocs/plan_todo/S115_aspiration_refinements.md	78	:737-744	BLOCK	c0954ec	src/chesso.cpp:765-772	int delta = ASPIRATION_DELTA; / int alpha = -SEARCH_SCORE_INF; / int beta = SEARCH_SCORE_INF; /  / if (aspiration_ready && current_depth >= ASPIRATION_MIN_DEPTH) { / alpha = aspiration_score - delta; / beta = aspiration_score + delta; / }	int delta = ASPIRATION_DELTA; / int alpha = -SEARCH_SCORE_INF; / int beta = SEARCH_SCORE_INF; /  / if (aspiration_ready && current_depth >= ASPIRATION_MIN_DEPTH) { / alpha = aspiration_score - delta; / beta = aspiration_score + delta; / }	yes	
adocs/plan_todo/S115_aspiration_refinements.md	79	:748-767	BLOCK	c0954ec	src/chesso.cpp:776-795	while (!state.aborted && / (alpha > -SEARCH_SCORE_INF || beta < SEARCH_SCORE_INF) && / (search_result.score <= alpha || search_result.score >= beta)) { / ++last_aspiration_failures; /  / const bool fail_low = (search_result.score <= alpha); /  / if (search_result.mate_found || delta > ASPIRATION_MAX	while (!state.aborted && / (alpha > -SEARCH_SCORE_INF || beta < SEARCH_SCORE_INF) && / (search_result.score <= alpha || search_result.score >= beta)) { / ++last_aspiration_failures; /  / const bool fail_low = (search_result.score <= alpha); /  / if (search_result.mate_found || delta > ASPIRATION_MAX	yes	
adocs/plan_todo/S115_aspiration_refinements.md	80	:759	BLOCK	c0954ec	src/chesso.cpp:787	alpha = std::max(search_result.score - delta, -SEARCH_SCORE_INF);	alpha = std::max(search_result.score - delta, -SEARCH_SCORE_INF);	yes	
adocs/plan_todo/S115_aspiration_refinements.md	81	:761	BLOCK	c0954ec	src/chesso.cpp:789	beta = std::min(search_result.score + delta, SEARCH_SCORE_INF);	beta = std::min(search_result.score + delta, SEARCH_SCORE_INF);	yes	
adocs/plan_todo/S115_aspiration_refinements.md	82	:764	BLOCK	c0954ec	src/chesso.cpp:792	delta += delta;	delta += delta;	yes	
adocs/plan_todo/S115_aspiration_refinements.md	83	:766	BLOCK	c0954ec	src/chesso.cpp:794	search_result = search(current_depth, &game, &state, alpha, beta);	search_result = search(current_depth, &game, &state, alpha, beta);	yes	
adocs/plan_todo/S115_aspiration_refinements.md	84	:755-757	BLOCK	c0954ec	src/chesso.cpp:783-785	if (search_result.mate_found || delta > ASPIRATION_MAX_DELTA) { / alpha = -SEARCH_SCORE_INF; / beta = SEARCH_SCORE_INF;	if (search_result.mate_found || delta > ASPIRATION_MAX_DELTA) { / alpha = -SEARCH_SCORE_INF; / beta = SEARCH_SCORE_INF;	yes	
adocs/plan_todo/S115_aspiration_refinements.md	86	:803-814	BLOCK	c0954ec	src/chesso.cpp:831-842	if (!state.aborted) { / last_score = search_result.mate_found / ? ("mate " + STR(search_result.mate_in)) / : ("cp " + STR(search_result.score)); / last_complete_depth = current_depth; /  / // The loop above only exits without an abort once the score is inside / // the window, so this is a score and 	if (!state.aborted) { / last_score = search_result.mate_found / ? ("mate " + STR(search_result.mate_in)) / : ("cp " + STR(search_result.score)); / last_complete_depth = current_depth; /  / // The loop above only exits without an abort once the score is inside / // the window, so this is a score and 	yes	
adocs/plan_todo/S115_aspiration_refinements.md	87	:48-52	BLOCK	c0954ec	src/chesso.cpp:60-64	// aspiration window and repeat an iteration. Nothing in the engine reads it: / // it exists so a test can assert that the window schedule was actually in / // force, which a mate case driven through this function otherwise cannot tell / // from a search that never narrowed anything. S021. / static 	// aspiration window and repeat an iteration. Nothing in the engine reads it: / // it exists so a test can assert that the window schedule was actually in / // force, which a mate case driven through this function otherwise cannot tell / // from a search that never narrowed anything. S021. / static 	yes	
adocs/plan_todo/S115_aspiration_refinements.md	87	:76-77	BLOCK	c0954ec	src/chesso.cpp:88-89	int uci_last_aspiration_failures() / { return last_aspiration_failures; }	int uci_last_aspiration_failures() / { return last_aspiration_failures; }	yes	
adocs/plan_todo/S115_aspiration_refinements.md	123	:764	BLOCK	c0954ec	src/chesso.cpp:792	delta += delta;	delta += delta;	yes	
adocs/plan_todo/S115_aspiration_refinements.md	84	:755	BLOCK	c0954ec	src/chesso.cpp:783	if (search_result.mate_found || delta > ASPIRATION_MAX_DELTA) {	if (search_result.mate_found || delta > ASPIRATION_MAX_DELTA) {	yes	
adocs/plan_todo/S115_aspiration_refinements.md	137	:814	BLOCK	c0954ec	src/chesso.cpp:842	aspiration_ready = !search_result.mate_found;	aspiration_ready = !search_result.mate_found;	yes	
adocs/plan_todo/S115_aspiration_refinements.md	195	:546	HAND	7b54f18	src/search.cpp:771	if (static_score - margin >= beta) { return static_score - margin; }	if (static_eval - margin >= beta) { return static_eval - margin; }	no	the same return, cited again.
adocs/plan_todo/S115_aspiration_refinements.md	195	:596	BLOCK	7b54f18	src/search.cpp:839	return (null_score >= MATE_MIN) ? beta : null_score;	return (null_score >= MATE_MIN) ? beta : null_score;	yes	
adocs/plan_todo/S115_aspiration_refinements.md	195	:172-185	BLOCK	c0954ec	src/search.cpp:236-249	if (entry->type == TT_PV_NODE) { / *score = tt_score; / return true; / } /  / if (entry->type == TT_BETA_NODE && tt_score >= beta) { / *score = tt_score; / return true; / } /  / if (entry->type == TT_ALPHA_NODE && tt_score <= alpha) { / *score = tt_score; / return true; / }	if (entry->type == TT_PV_NODE) { / *score = tt_score; / return true; / } /  / if (entry->type == TT_BETA_NODE && tt_score >= beta) { / *score = tt_score; / return true; / } /  / if (entry->type == TT_ALPHA_NODE && tt_score <= alpha) { / *score = tt_score; / return true; / }	yes	
adocs/plan_todo/S115_aspiration_refinements.md	196	:392	BLOCK	c0954ec	src/search.cpp:580	return best_value;	return best_value;	yes	
adocs/plan_todo/S115_aspiration_refinements.md	197	:762	BLOCK	7b54f18	src/chesso.cpp:789	beta = std::min(search_result.score + delta, SEARCH_SCORE_INF);	beta = std::min(search_result.score + delta, SEARCH_SCORE_INF);	yes	
adocs/plan_todo/S116_razoring_depth_one.md	81	:479-537	HAND	c0954ec	src/search.cpp:733-772	// Reverse futility pruning, also called static null move pruning. The null / // move observation without the null move: if the static score is so far / // above beta that the opponent cannot claw the difference back in the plies / // that are left, the node fails high and nothing below it is worth 	// Reverse futility pruning, also called static null move pruning. The null / // move observation without the null move: if the static score is so far / // above beta that the opponent cannot claw the difference back in the plies / // that are left, the node fails high and nothing below it is worth 	no	the RFP block with its comment, which is what `after the RFP block` means for a site that goes below it.
adocs/plan_todo/S116_razoring_depth_one.md	82	:539-588	HAND	c0954ec	src/search.cpp:774-841	// Null move pruning. Give the opponent a free move; if the position is still / // good enough to fail high after that, it is won by so much that searching it / // properly is wasted effort, and the whole subtree is skipped. / // / // The reasoning only holds where having to move is an advantage, wh	// Null move pruning. Give the opponent a free move; if the position is still / // good enough to fail high after that, it is won by so much that searching it / // properly is wasted effort, and the whole subtree is skipped. / // / // The reasoning only holds where having to move is an advantage, wh	no	the null-move block with its comment.
adocs/plan_todo/S116_razoring_depth_one.md	85	:536	HAND	c0954ec	src/search.cpp:771	if (static_score - margin >= beta) { return static_score - margin; }	if (static_eval - margin >= beta) { return static_eval - margin; }	no	RFP's fail-soft return.
adocs/plan_todo/S116_razoring_depth_one.md	86	:706	BLOCK	c0954ec	src/search.cpp:973	score = -negamax(-alpha - 1, -alpha, child_depth - reduction, ply + 1,	score = -negamax(-alpha - 1, -alpha, child_depth - reduction, ply + 1,	yes	
adocs/plan_todo/S116_razoring_depth_one.md	96	:512	BLOCK	c0954ec	src/search.cpp:766	depth <= RFP_MAX_DEPTH && beta < MATE_MIN && beta > -MATE_MIN) {	depth <= RFP_MAX_DEPTH && beta < MATE_MIN && beta > -MATE_MIN) {	yes	
adocs/plan_todo/S116_razoring_depth_one.md	97	:17	BLOCK	c0954ec	src/search.cpp:17	#define MATE_MIN 48000	#define MATE_MIN 48000	yes	
adocs/plan_todo/S116_razoring_depth_one.md	98	:191	BLOCK	c0954ec	src/search.cpp:293	int quiescence(int alpha,	int quiescence(int alpha,	yes	
adocs/plan_todo/S116_razoring_depth_one.md	99	:466	BLOCK	c0954ec	src/search.cpp:684	if (depth < 1) { return quiescence(alpha, beta, ply, 0, game, state); }	if (depth < 1) { return quiescence(alpha, beta, ply, 0, game, state); }	yes	
adocs/plan_todo/S116_razoring_depth_one.md	107	:537	HAND	c0954ec	src/search.cpp:772	}	}	yes	the RFP block's closing brace, which is where the razor's ten lines go.
adocs/plan_todo/S116_razoring_depth_one.md	82	:539	BLOCK	c0954ec	src/search.cpp:774	// Null move pruning. Give the opponent a free move; if the position is still	// Null move pruning. Give the opponent a free move; if the position is still	yes	
adocs/plan_todo/S116_razoring_depth_one.md	112	:295-297	BLOCK	7b54f18	src/search.cpp:444-446	// counter is a size_t, so the comparison is signed against unsigned. Both / // sides are small and non-negative, so it is the same comparison either way. / if (static_cast<int>(qply) >= MAX_QSEARCH_DEPTH) { return stand_pat; }	// counter is a size_t, so the comparison is signed against unsigned. Both / // sides are small and non-negative, so it is the same comparison either way. / if (static_cast<int>(qply) >= MAX_QSEARCH_DEPTH) { return stand_pat; }	yes	
adocs/plan_todo/S116_razoring_depth_one.md	152	:512	BLOCK	c0954ec	src/search.cpp:766	depth <= RFP_MAX_DEPTH && beta < MATE_MIN && beta > -MATE_MIN) {	depth <= RFP_MAX_DEPTH && beta < MATE_MIN && beta > -MATE_MIN) {	yes	
adocs/plan_todo/S116_razoring_depth_one.md	169	:420	HAND	c0954ec	src/search.cpp:608	state->explored_nodes++;	state->explored_nodes++;	yes	negamax's `state->explored_nodes++`.
adocs/plan_todo/S116_razoring_depth_one.md	170	:200	HAND	c0954ec	src/search.cpp:302	state->explored_nodes++;	state->explored_nodes++;	yes	quiescence's `state->explored_nodes++`, the second count the sentence is about.
adocs/plan_todo/S116_razoring_depth_one.md	171	:466	BLOCK	c0954ec	src/search.cpp:684	if (depth < 1) { return quiescence(alpha, beta, ply, 0, game, state); }	if (depth < 1) { return quiescence(alpha, beta, ply, 0, game, state); }	yes	
adocs/plan_todo/S116_razoring_depth_one.md	200	:539-588	HAND	c0954ec	src/search.cpp:774-841	// Null move pruning. Give the opponent a free move; if the position is still / // good enough to fail high after that, it is won by so much that searching it / // properly is wasted effort, and the whole subtree is skipped. / // / // The reasoning only holds where having to move is an advantage, wh	// Null move pruning. Give the opponent a free move; if the position is still / // good enough to fail high after that, it is won by so much that searching it / // properly is wasted effort, and the whole subtree is skipped. / // / // The reasoning only holds where having to move is an advantage, wh	no	the null-move block, cited again.
adocs/plan_todo/S117_swar_packed_eval_score.md	86	:118	BLOCK	9a063d3	src/eval_tables.hpp:118	static constexpr int psqt_eg[6][64] = {	static constexpr int psqt_eg[6][64] = {	yes	
adocs/plan_todo/S117_swar_packed_eval_score.md	88	:103-104	BLOCK	9a063d3	src/evaluation.cpp:119-120	const int pawn_structure_mg[PS_FEATURE_COUNT] = {-10, -9, -11}; / const int pawn_structure_eg[PS_FEATURE_COUNT] = {-12, -32, -8};	const int pawn_structure_mg[PS_FEATURE_COUNT] = {-10, -9, -11}; / const int pawn_structure_eg[PS_FEATURE_COUNT] = {-12, -32, -8};	yes	
adocs/plan_todo/S117_swar_packed_eval_score.md	89	:199-200	BLOCK	9a063d3	src/evaluation.cpp:239-240	const int piece_placement_mg[PL_FEATURE_COUNT] = {0, 0, 0, 0}; / const int piece_placement_eg[PL_FEATURE_COUNT] = {0, 0, 0, 0};	const int piece_placement_mg[PL_FEATURE_COUNT] = {0, 0, 0, 0}; / const int piece_placement_eg[PL_FEATURE_COUNT] = {0, 0, 0, 0};	yes	
adocs/plan_todo/S117_swar_packed_eval_score.md	89	:582-583	BLOCK	9a063d3	src/evaluation.cpp:639-640	const int tempo_mg = 0; / const int tempo_eg = 0;	const int tempo_mg = 0; / const int tempo_eg = 0;	yes	
adocs/plan_todo/S117_swar_packed_eval_score.md	90	:690-691	BLOCK	9a063d3	src/evaluation.cpp:747-748	const int mobility_mg[4] = {-1, 5, 8, 3};  // knight bishop rook queen / const int mobility_eg[4] = {0, 5, 0, -6};	const int mobility_mg[4] = {-1, 5, 8, 3};  // knight bishop rook queen / const int mobility_eg[4] = {0, 5, 0, -6};	yes	
adocs/plan_todo/S117_swar_packed_eval_score.md	91	:733-736	BLOCK	9a063d3	src/evaluation.cpp:790-793	const int king_safety_mg[KS_FEATURE_COUNT] = {17, 20, 19,  34, -27, / 26, 14, -40, -25}; / const int king_safety_eg[KS_FEATURE_COUNT] = {-6,  -13, -5,  -61, 10, / -10, -10, -14, 22};	const int king_safety_mg[KS_FEATURE_COUNT] = {17, 20, 19,  34, -27, / 26, 14, -40, -25}; / const int king_safety_eg[KS_FEATURE_COUNT] = {-6,  -13, -5,  -61, 10, / -10, -10, -14, 22};	yes	
adocs/plan_todo/S117_swar_packed_eval_score.md	96	:704	BLOCK	9a063d3	src/bitboard.cpp:704	eval_remove_piece(board, piece, square);	eval_remove_piece(board, piece, square);	yes	
adocs/plan_todo/S117_swar_packed_eval_score.md	96	:727-728	BLOCK	9a063d3	src/bitboard.cpp:727-728	eval_remove_piece(board, piece, from); / eval_add_piece(board, piece, to);	eval_remove_piece(board, piece, from); / eval_add_piece(board, piece, to);	yes	
adocs/plan_todo/S117_swar_packed_eval_score.md	97	:937-938	BLOCK	9a063d3	src/bitboard.cpp:937-938	eval_remove_piece(board, rook.piece, rook.to); / eval_add_piece(board, rook.piece, rook.from);	eval_remove_piece(board, rook.piece, rook.to); / eval_add_piece(board, rook.piece, rook.from);	yes	
adocs/plan_todo/S117_swar_packed_eval_score.md	97	:953-954	BLOCK	9a063d3	src/bitboard.cpp:953-954	eval_remove_piece(board, promoted_to, move.to); / eval_add_piece(board, pawn, move.to);	eval_remove_piece(board, promoted_to, move.to); / eval_add_piece(board, pawn, move.to);	yes	
adocs/plan_todo/S117_swar_packed_eval_score.md	98	:967	BLOCK	9a063d3	src/bitboard.cpp:967	eval_add_piece(board, captured_pawn, captured_square);	eval_add_piece(board, captured_pawn, captured_square);	yes	
adocs/plan_todo/S117_swar_packed_eval_score.md	98	:975-976	BLOCK	9a063d3	src/bitboard.cpp:975-976	eval_remove_piece(board, move.piece, move.to); / eval_add_piece(board, move.piece, move.from);	eval_remove_piece(board, move.piece, move.to); / eval_add_piece(board, move.piece, move.from);	yes	
adocs/plan_todo/S117_swar_packed_eval_score.md	98	:982	BLOCK	9a063d3	src/bitboard.cpp:982	eval_add_piece(board, entry->captured, move.to);	eval_add_piece(board, entry->captured, move.to);	yes	
adocs/plan_todo/S117_swar_packed_eval_score.md	103	:423-424	BLOCK	9a063d3	src/evaluation.cpp:463-464	int mg_sum = 0; / int eg_sum = 0;	int mg_sum = 0; / int eg_sum = 0;	yes	
adocs/plan_todo/S117_swar_packed_eval_score.md	103	:435-436	BLOCK	9a063d3	src/evaluation.cpp:475-476	mg_sum += difference * pawn_structure_mg[f]; / eg_sum += difference * pawn_structure_eg[f];	mg_sum += difference * pawn_structure_mg[f]; / eg_sum += difference * pawn_structure_eg[f];	yes	
adocs/plan_todo/S117_swar_packed_eval_score.md	104	:446-447	BLOCK	9a063d3	src/evaluation.cpp:486-487	mg_sum += difference * piece_placement_mg[f]; / eg_sum += difference * piece_placement_eg[f];	mg_sum += difference * piece_placement_mg[f]; / eg_sum += difference * piece_placement_eg[f];	yes	
adocs/plan_todo/S117_swar_packed_eval_score.md	104	:476-477	BLOCK	9a063d3	src/evaluation.cpp:516-517	mg_sum += passed_pawn_mg[bucket]; / eg_sum += passed_pawn_eg[bucket];	mg_sum += passed_pawn_mg[bucket]; / eg_sum += passed_pawn_eg[bucket];	yes	
adocs/plan_todo/S117_swar_packed_eval_score.md	105	:489-490	BLOCK	9a063d3	src/evaluation.cpp:529-530	mg_sum -= passed_pawn_mg[bucket]; / eg_sum -= passed_pawn_eg[bucket];	mg_sum -= passed_pawn_mg[bucket]; / eg_sum -= passed_pawn_eg[bucket];	yes	
adocs/plan_todo/S117_swar_packed_eval_score.md	106	:631-633	BLOCK	9a063d3	src/evaluation.cpp:688-690	int pawn_mg = 0; / int pawn_eg = 0; / evaluate_pawns<false>(board, &pawn_mg, &pawn_eg, nullptr, nullptr, nullptr);	int pawn_mg = 0; / int pawn_eg = 0; / evaluate_pawns<false>(board, &pawn_mg, &pawn_eg, nullptr, nullptr, nullptr);	yes	
adocs/plan_todo/S117_swar_packed_eval_score.md	107	:864-867	BLOCK	9a063d3	src/evaluation.cpp:921-924	int mobility_mg_sum = 0; / int mobility_eg_sum = 0; / int safety_mg_sum = 0; / int safety_eg_sum = 0;	int mobility_mg_sum = 0; / int mobility_eg_sum = 0; / int safety_mg_sum = 0; / int safety_eg_sum = 0;	yes	
adocs/plan_todo/S117_swar_packed_eval_score.md	107	:901-902	BLOCK	9a063d3	src/evaluation.cpp:958-959	mobility_mg_sum += mover * count * mobility_mg[type]; / mobility_eg_sum += mover * count * mobility_eg[type];	mobility_mg_sum += mover * count * mobility_mg[type]; / mobility_eg_sum += mover * count * mobility_eg[type];	yes	
adocs/plan_todo/S117_swar_packed_eval_score.md	108	:910-911	BLOCK	9a063d3	src/evaluation.cpp:967-968	safety_mg_sum += defender * king_safety_mg[attacker]; / safety_eg_sum += defender * king_safety_eg[attacker];	safety_mg_sum += defender * king_safety_mg[attacker]; / safety_eg_sum += defender * king_safety_eg[attacker];	yes	
adocs/plan_todo/S117_swar_packed_eval_score.md	108	:919-922	BLOCK	9a063d3	src/evaluation.cpp:976-979	safety_mg_sum += / defender * incidences * king_safety_mg[KS_ZONE_ATTACKS]; / safety_eg_sum += / defender * incidences * king_safety_eg[KS_ZONE_ATTACKS];	safety_mg_sum += / defender * incidences * king_safety_mg[KS_ZONE_ATTACKS]; / safety_eg_sum += / defender * incidences * king_safety_eg[KS_ZONE_ATTACKS];	yes	
adocs/plan_todo/S117_swar_packed_eval_score.md	109	:941-942	BLOCK	9a063d3	src/evaluation.cpp:998-999	safety_mg_sum += sign * features[f] * king_safety_mg[f]; / safety_eg_sum += sign * features[f] * king_safety_eg[f];	safety_mg_sum += sign * features[f] * king_safety_mg[f]; / safety_eg_sum += sign * features[f] * king_safety_eg[f];	yes	
adocs/plan_todo/S117_swar_packed_eval_score.md	110	:640-643	BLOCK	9a063d3	src/evaluation.cpp:697-700	const int positional = / (((board->psqt_mg + pawn_mg) * phase) + / ((board->psqt_eg + pawn_eg) * (GAME_PHASE_MAX - phase))) / / GAME_PHASE_MAX;	const int positional = / (((board->psqt_mg + pawn_mg) * phase) + / ((board->psqt_eg + pawn_eg) * (GAME_PHASE_MAX - phase))) / / GAME_PHASE_MAX;	yes	
adocs/plan_todo/S117_swar_packed_eval_score.md	110	:668-670	BLOCK	9a063d3	src/evaluation.cpp:725-727	const int tempo = / ((tempo_mg * phase) + (tempo_eg * (GAME_PHASE_MAX - phase))) / / GAME_PHASE_MAX;	const int tempo = / ((tempo_mg * phase) + (tempo_eg * (GAME_PHASE_MAX - phase))) / / GAME_PHASE_MAX;	yes	
adocs/plan_todo/S117_swar_packed_eval_score.md	111	:951-954	BLOCK	9a063d3	src/evaluation.cpp:1008-1011	const int mobility = / (mobility_mg_sum * phase + mobility_eg_sum * endgame) / GAME_PHASE_MAX; / const int safety = / (safety_mg_sum * phase + safety_eg_sum * endgame) / GAME_PHASE_MAX;	const int mobility = / (mobility_mg_sum * phase + mobility_eg_sum * endgame) / GAME_PHASE_MAX; / const int safety = / (safety_mg_sum * phase + safety_eg_sum * endgame) / GAME_PHASE_MAX;	yes	
adocs/plan_todo/S117_swar_packed_eval_score.md	113	:956-958	BLOCK	9a063d3	src/evaluation.cpp:1013-1015	if constexpr (collect) { / if (mobility_out != nullptr) { *mobility_out = mobility; } / if (safety_out != nullptr) { *safety_out = safety; }	if constexpr (collect) { / if (mobility_out != nullptr) { *mobility_out = mobility; } / if (safety_out != nullptr) { *safety_out = safety; }	yes	
adocs/plan_todo/S117_swar_packed_eval_score.md	114	:1005-1022	BLOCK	9a063d3	src/evaluation.cpp:1066-1083	void evaluate_expensive_terms(const board_t* board, int* mobility, int* safety) / { / int counts[2][KS_FEATURE_COUNT]; / int mobility_white = 0; / int safety_white = 0; /  / evaluate_mobility_and_king_safety<true>(board, counts, &mobility_white, / &safety_white); /  / // The same sign evaluate_expen	void evaluate_expensive_terms(const board_t* board, int* mobility, int* safety) / { / int counts[2][KS_FEATURE_COUNT]; / int mobility_white = 0; / int safety_white = 0; /  / evaluate_mobility_and_king_safety<true>(board, counts, &mobility_white, / &safety_white); /  / // The same sign evaluate_expen	yes	
adocs/plan_todo/S117_swar_packed_eval_score.md	117	:481-484	BLOCK	9a063d3	tests/test_evaluation.cpp:484-487	REQUIRE_MESSAGE( / std::clamp(raw, -LAZY_EVAL_MARGIN, LAZY_EVAL_MARGIN) == applied, / ("FEN: " + fen + " raw " + std::to_string(raw) + " applied " + / std::to_string(applied)));	REQUIRE_MESSAGE( / std::clamp(raw, -LAZY_EVAL_MARGIN, LAZY_EVAL_MARGIN) == applied, / ("FEN: " + fen + " raw " + std::to_string(raw) + " applied " + / std::to_string(applied)));	yes	
adocs/plan_todo/S117_swar_packed_eval_score.md	139	:481-484	BLOCK	9a063d3	tests/test_evaluation.cpp:484-487	REQUIRE_MESSAGE( / std::clamp(raw, -LAZY_EVAL_MARGIN, LAZY_EVAL_MARGIN) == applied, / ("FEN: " + fen + " raw " + std::to_string(raw) + " applied " + / std::to_string(applied)));	REQUIRE_MESSAGE( / std::clamp(raw, -LAZY_EVAL_MARGIN, LAZY_EVAL_MARGIN) == applied, / ("FEN: " + fen + " raw " + std::to_string(raw) + " applied " + / std::to_string(applied)));	yes	
adocs/plan_todo/S117_swar_packed_eval_score.md	148	:984	BLOCK	9a063d3	src/evaluation.cpp:1045	const int bounded = std::clamp(score, -LAZY_EVAL_MARGIN, LAZY_EVAL_MARGIN);	const int bounded = std::clamp(score, -LAZY_EVAL_MARGIN, LAZY_EVAL_MARGIN);	yes	
adocs/plan_todo/S117_swar_packed_eval_score.md	171	:735-811	BLOCK	9a063d3	tools/tuner.cpp:332-408	fprintf(out, "const int mobility_%s[4] = {", (table == 0) ? "mg" : "eg"); /  / for (size_t i = 0; i < MOBILITY_COUNT; ++i) { / fprintf(out, "%s%d", (i == 0) ? "" : ", ", / static_cast<int>(std::lround(params[base + i]))); / } /  / fprintf(out, "};  // knight bishop rook queen\n"); / } /  / for (int 	fprintf(out, "const int mobility_%s[4] = {", (table == 0) ? "mg" : "eg"); /  / for (size_t i = 0; i < MOBILITY_COUNT; ++i) { / fprintf(out, "%s%d", (i == 0) ? "" : ", ", / static_cast<int>(std::lround(params[base + i]))); / } /  / fprintf(out, "};  // knight bishop rook queen\n"); / } /  / for (int 	yes	
adocs/plan_todo/S120_eval_cache.md	112	:1099-1100	HAND	0000000	src/evaluation.cpp:1099-1100		if (cheap - LAZY_EVAL_MARGIN >= beta) { return cheap - LAZY_EVAL_MARGIN; } / if (cheap + LAZY_EVAL_MARGIN <= alpha) { return cheap + LAZY_EVAL_MARGIN; }	no	the two lazy-shortcut bound returns. The citation was written as a range whose second half never carried a path and never moved when the first did, so it read `:1099-:1039` -- one live line and one stale one. The two lines are adjacent, so the range is the form.
adocs/plan_todo/S120_eval_cache.md	131	:1038-1039	BLOCK	9a063d3	src/evaluation.cpp:1099-1100	if (cheap - LAZY_EVAL_MARGIN >= beta) { return cheap - LAZY_EVAL_MARGIN; } / if (cheap + LAZY_EVAL_MARGIN <= alpha) { return cheap + LAZY_EVAL_MARGIN; }	if (cheap - LAZY_EVAL_MARGIN >= beta) { return cheap - LAZY_EVAL_MARGIN; } / if (cheap + LAZY_EVAL_MARGIN <= alpha) { return cheap + LAZY_EVAL_MARGIN; }	yes	
adocs/plan_todo/S120_eval_cache.md	112	:1046	BLOCK	9a063d3	src/evaluation.cpp:1107	return cheap + evaluate_expensive(board);	return cheap + evaluate_expensive(board);	yes	
adocs/plan_todo/S120_eval_cache.md	134	:529-530	HAND	9a063d3	src/search.cpp:720-723	const int static_score = / (tt_eval != TT_EVAL_NONE) ? tt_eval : evaluate(&game->board);	const int static_eval = / is_in_check / ? TT_EVAL_NONE / : ((tt_eval != TT_EVAL_NONE) ? tt_eval : evaluate(&game->board));	no	negamax's `evaluate()` call. S108 moved it out of the RFP guard and gave it the in-check arm; it is still the direct caller the sentence means.
adocs/plan_todo/S120_eval_cache.md	112	:1038	BLOCK	9a063d3	src/evaluation.cpp:1099	if (cheap - LAZY_EVAL_MARGIN >= beta) { return cheap - LAZY_EVAL_MARGIN; }	if (cheap - LAZY_EVAL_MARGIN >= beta) { return cheap - LAZY_EVAL_MARGIN; }	yes	
adocs/plan_todo/S120_eval_cache.md	153	:253	HAND	9a063d3	src/search.cpp:361	const int stored_eval = stand_pat_is_exact ? stand_pat : TT_EVAL_NONE;	const int stored_eval = static_eval_is_exact ? static_eval : TT_EVAL_NONE;	no	quiescence's `stored_eval`, what the exact flag writes on to the table.
adocs/plan_todo/S131_quiescence_promotions.md	67	:310	BLOCK	c0954ec	src/search.cpp:469	if (!in_check && !MOVE_CAPTURE(moves[i])) { continue; }	if (!in_check && !MOVE_CAPTURE(moves[i])) { continue; }	yes	
adocs/plan_todo/S131_quiescence_promotions.md	73	:207-223	BLOCK	c0954ec	src/bitboard.cpp:207-223	const auto emit_promotions = [&](bb_t targets, int shift, move_t capture) { / while (targets) { / const index_t to = get_lsb_index(targets); / targets &= targets - 1; /  / const index_t from = static_cast<index_t>(static_cast<int>(to) + shift); /  / moves[move_count++] = / NEW_MOVE(from, to, piece, 	const auto emit_promotions = [&](bb_t targets, int shift, move_t capture) { / while (targets) { / const index_t to = get_lsb_index(targets); / targets &= targets - 1; /  / const index_t from = static_cast<index_t>(static_cast<int>(to) + shift); /  / moves[move_count++] = / NEW_MOVE(from, to, piece, 	yes	
adocs/plan_todo/S131_quiescence_promotions.md	73	:229-244	BLOCK	c0954ec	src/bitboard.cpp:229-244	if constexpr (Type != GEN_CAPTURES) { / emit_plain(quiet_pushes, push_shift, 0); / emit_plain(double_pushed, 2 * push_shift, / NEW_MOVE(0, 0, 0, 0, 0, 1, 0, 0)); / } /  / if constexpr (Type != GEN_QUIETS) { / emit_promotions(push_promotions, push_shift, 0); /  / emit_plain(left_captures & ~last_rank	if constexpr (Type != GEN_CAPTURES) { / emit_plain(quiet_pushes, push_shift, 0); / emit_plain(double_pushed, 2 * push_shift, / NEW_MOVE(0, 0, 0, 0, 0, 1, 0, 0)); / } /  / if constexpr (Type != GEN_QUIETS) { / emit_promotions(push_promotions, push_shift, 0); /  / emit_plain(left_captures & ~last_rank	yes	
adocs/plan_todo/S131_quiescence_promotions.md	74	:236	BLOCK	c0954ec	src/bitboard.cpp:236	emit_promotions(push_promotions, push_shift, 0);	emit_promotions(push_promotions, push_shift, 0);	yes	
adocs/plan_todo/S131_quiescence_promotions.md	75	:261-263	BLOCK	c0954ec	src/bitboard.cpp:261-263	if (is_promoting) { / if constexpr (Type != GEN_QUIETS) { / emit_promotions(BB_1 << to, push_shift, 0);	if (is_promoting) { / if constexpr (Type != GEN_QUIETS) { / emit_promotions(BB_1 << to, push_shift, 0);	yes	
adocs/plan_todo/S131_quiescence_promotions.md	79	:635-666	BLOCK	7b54f18	src/search.cpp:886-917	for (size_t i = 0; i < moves_count; ++i) { / scores[i] = score_move(game, state, moves[i], tt_move, ply, prev_move); / } /  / int score = 0; /  / // Left at zero until a move is actually searched, so an aborted node never / // publishes an unsearched move as the search result or as the TT move. / mo	for (size_t i = 0; i < moves_count; ++i) { / scores[i] = score_move(game, state, moves[i], tt_move, ply, prev_move); / } /  / int score = 0; /  / // Left at zero until a move is actually searched, so an aborted node never / // publishes an unsearched move as the search result or as the TT move. / mo	yes	
adocs/plan_todo/S131_quiescence_promotions.md	80	:693-694	BLOCK	c0954ec	src/search.cpp:960-961	if (ply > 0 && depth >= 3 && legal_moves_counter > 3 && !is_capture && / !MOVE_PROMOTED(moves[i]) && !is_in_check && !is_check_move) {	if (ply > 0 && depth >= 3 && legal_moves_counter > 3 && !is_capture && / !MOVE_PROMOTED(moves[i]) && !is_in_check && !is_check_move) {	yes	
adocs/plan_todo/S131_quiescence_promotions.md	81	:310	BLOCK	c0954ec	src/search.cpp:469	if (!in_check && !MOVE_CAPTURE(moves[i])) { continue; }	if (!in_check && !MOVE_CAPTURE(moves[i])) { continue; }	yes	
adocs/plan_todo/S131_quiescence_promotions.md	85	:327	BLOCK	c0954ec	src/search.cpp:486	scores[count] = capture_score(&game->board, moves[i]);	scores[count] = capture_score(&game->board, moves[i]);	yes	
adocs/plan_todo/S131_quiescence_promotions.md	94	:1094	BLOCK	c0954ec	src/evaluation.cpp:1155	return ORDER_CAPTURE + promotion_bonus + capture_score(&game->board, move);	return ORDER_CAPTURE + promotion_bonus + capture_score(&game->board, move);	yes	
adocs/plan_todo/S131_quiescence_promotions.md	102	:322-325	BLOCK	c0954ec	src/search.cpp:481-484	if (!in_check && !capture_cannot_lose(&game->board, moves[i]) && / !see_ge(&game->board, moves[i], 0)) { / continue; / }	if (!in_check && !capture_cannot_lose(&game->board, moves[i]) && / !see_ge(&game->board, moves[i], 0)) { / continue; / }	yes	
adocs/plan_todo/S131_quiescence_promotions.md	102	:1203-1204	BLOCK	c0954ec	src/bitboard.cpp:1203-1204	const piece_t captured = board->squares[to]; / gain = (captured == EMPTY) ? 0 : see_value[piece_type_of(captured)];	const piece_t captured = board->squares[to]; / gain = (captured == EMPTY) ? 0 : see_value[piece_type_of(captured)];	yes	
adocs/plan_todo/S131_quiescence_promotions.md	104	:1209-1212	BLOCK	c0954ec	src/bitboard.cpp:1209-1212	if (MOVE_PROMOTED(move)) { / gain += see_value[MOVE_PROMOTED(move)] - see_value[0]; / on_square = MOVE_PROMOTED(move); / }	if (MOVE_PROMOTED(move)) { / gain += see_value[MOVE_PROMOTED(move)] - see_value[0]; / on_square = MOVE_PROMOTED(move); / }	yes	
adocs/plan_todo/S131_quiescence_promotions.md	105	:1293	BLOCK	c0954ec	src/bitboard.cpp:1293	gain[0] = (captured == EMPTY) ? 0 : see_value[piece_type_of(captured)];	gain[0] = (captured == EMPTY) ? 0 : see_value[piece_type_of(captured)];	yes	
adocs/plan_todo/S131_quiescence_promotions.md	105	:1300-1307	BLOCK	c0954ec	src/bitboard.cpp:1300-1307	if (MOVE_PROMOTED(move)) { / // The pawn is not what gets recaptured, the new piece is, and the promotion / // itself is a gain. / const int promoted = MOVE_PROMOTED(move); /  / gain[0] += see_value[promoted] - see_value[0]; / on_square = promoted; / }	if (MOVE_PROMOTED(move)) { / // The pawn is not what gets recaptured, the new piece is, and the promotion / // itself is a gain. / const int promoted = MOVE_PROMOTED(move); /  / gain[0] += see_value[promoted] - see_value[0]; / on_square = promoted; / }	yes	
adocs/plan_todo/S131_quiescence_promotions.md	110	:611-612	BLOCK	c0954ec	src/search.cpp:872-873	const bool tt_move_is_quiet = / (tt_move != 0) && !MOVE_CAPTURE(tt_move) && !MOVE_PROMOTED(tt_move);	const bool tt_move_is_quiet = / (tt_move != 0) && !MOVE_CAPTURE(tt_move) && !MOVE_PROMOTED(tt_move);	yes	
adocs/plan_todo/S131_quiescence_promotions.md	112	:433-437	HAND	c0954ec	src/search.cpp:621-655	if (is_position_repeated(&game->history, &game->board)) { / return DRAW_SCORE; / } /  / if (game->board.halfmove_clock >= 100) { return DRAW_SCORE; }	if (is_position_repeated(&game->history, &game->board)) { / return DRAW_SCORE; / } /  / // The clock alone is not a draw. FIDE 5.1.1 ends the game the moment / // checkmate is delivered, and 9.6.2 states the same exception for the / // 75-move rule in so many words, so the mate has to be ruled out b	no	negamax's repetition test and its halfmove-clock test, the pair the sentence says quiescence lacks. S162 grew the clock arm from one line to nine plus its comment.
adocs/plan_todo/S131_quiescence_promotions.md	130	:310	BLOCK	c0954ec	src/search.cpp:469	if (!in_check && !MOVE_CAPTURE(moves[i])) { continue; }	if (!in_check && !MOVE_CAPTURE(moves[i])) { continue; }	yes	
adocs/plan_todo/S131_quiescence_promotions.md	137	:310	BLOCK	c0954ec	src/search.cpp:469	if (!in_check && !MOVE_CAPTURE(moves[i])) { continue; }	if (!in_check && !MOVE_CAPTURE(moves[i])) { continue; }	yes	
adocs/plan_todo/S131_quiescence_promotions.md	66	:303-307	BLOCK	c0954ec	src/search.cpp:462-466	// The filter still runs when out of check: generate_captures() also emits / // promotions that capture nothing, and this node did not search those before. / // Keeping them out means this change is a pure speed-up with no effect on / // what the search explores. Letting them through is very likely 	// The filter still runs when out of check: generate_captures() also emits / // promotions that capture nothing, and this node did not search those before. / // Keeping them out means this change is a pure speed-up with no effect on / // what the search explores. Letting them through is very likely 	yes	
adocs/plan_todo/S131_quiescence_promotions.md	165	:287	HAND	7b54f18	src/search.cpp:446	}	if (static_cast<int>(qply) >= MAX_QSEARCH_DEPTH) { return stand_pat; }	no	the qply cap, `qply >= MAX_QSEARCH_DEPTH`.
adocs/plan_todo/S131_quiescence_promotions.md	169	:310	BLOCK	c0954ec	src/search.cpp:469	if (!in_check && !MOVE_CAPTURE(moves[i])) { continue; }	if (!in_check && !MOVE_CAPTURE(moves[i])) { continue; }	yes	
adocs/plan_todo/S131_quiescence_promotions.md	102	:322	BLOCK	c0954ec	src/search.cpp:481	if (!in_check && !capture_cannot_lose(&game->board, moves[i]) &&	if (!in_check && !capture_cannot_lose(&game->board, moves[i]) &&	yes	
adocs/plan_todo/S131_quiescence_promotions.md	200	:611-612	BLOCK	c0954ec	src/search.cpp:872-873	const bool tt_move_is_quiet = / (tt_move != 0) && !MOVE_CAPTURE(tt_move) && !MOVE_PROMOTED(tt_move);	const bool tt_move_is_quiet = / (tt_move != 0) && !MOVE_CAPTURE(tt_move) && !MOVE_PROMOTED(tt_move);	yes	
adocs/plan_todo/S132_time_management_node_fraction.md	75	:443-451	BLOCK	c0954ec	src/chesso.cpp:471-479	const int64_t clock_part = / (movestogo > 0) / ? (static_cast<int64_t>(remaining_ms) / movestogo) / : ((static_cast<int64_t>(remaining_ms) * TM_SUDDEN_DEATH_PERCENT) / / 100); /  / const int64_t base_ms = / clock_part + / ((static_cast<int64_t>(increment_ms) * TM_INCREMENT_PERCENT) / 100);	const int64_t clock_part = / (movestogo > 0) / ? (static_cast<int64_t>(remaining_ms) / movestogo) / : ((static_cast<int64_t>(remaining_ms) * TM_SUDDEN_DEATH_PERCENT) / / 100); /  / const int64_t base_ms = / clock_part + / ((static_cast<int64_t>(increment_ms) * TM_INCREMENT_PERCENT) / 100);	yes	
adocs/plan_todo/S132_time_management_node_fraction.md	76	:453	BLOCK	c0954ec	src/chesso.cpp:481	int64_t hard_ms = (base_ms * TM_HARD_PERCENT) / 100;	int64_t hard_ms = (base_ms * TM_HARD_PERCENT) / 100;	yes	
adocs/plan_todo/S132_time_management_node_fraction.md	77	:460-471	BLOCK	c0954ec	src/chesso.cpp:488-499	hard_ms = std::min(hard_ms, static_cast<int64_t>(remaining_ms) - / static_cast<int64_t>(MOVE_OVERHEAD_MS)); /  / // The floor is half the clock, capped at 50ms, and below 2 * MOVE_OVERHEAD_MS / // it is the only thing left holding the budget up - the cap above has already / // gone negative. At rema	hard_ms = std::min(hard_ms, static_cast<int64_t>(remaining_ms) - / static_cast<int64_t>(MOVE_OVERHEAD_MS)); /  / // The floor is half the clock, capped at 50ms, and below 2 * MOVE_OVERHEAD_MS / // it is the only thing left holding the budget up - the cap above has already / // gone negative. At rema	yes	
adocs/plan_todo/S132_time_management_node_fraction.md	77	:454	BLOCK	c0954ec	src/chesso.cpp:482	int64_t soft_ms = (base_ms * TM_SOFT_PERCENT) / 100;	int64_t soft_ms = (base_ms * TM_SOFT_PERCENT) / 100;	yes	
adocs/plan_todo/S132_time_management_node_fraction.md	78	:476	BLOCK	c0954ec	src/chesso.cpp:504	soft_ms = std::max<int64_t>(std::min(soft_ms, hard_ms), 1);	soft_ms = std::max<int64_t>(std::min(soft_ms, hard_ms), 1);	yes	
adocs/plan_todo/S132_time_management_node_fraction.md	78	:482-506	BLOCK	c0954ec	src/chesso.cpp:510-534	int search_time_scale_percent(int best_move_stability, int score_drop_cp) / { / assert(best_move_stability >= 0); / assert(score_drop_cp >= 0); /  / int scale = 100; /  / // A best move that has survived several iterations is unlikely to fall in / // the next one, so each unchanged iteration takes a	int search_time_scale_percent(int best_move_stability, int score_drop_cp) / { / assert(best_move_stability >= 0); / assert(score_drop_cp >= 0); /  / int scale = 100; /  / // A best move that has survived several iterations is unlikely to fall in / // the next one, so each unchanged iteration takes a	yes	
adocs/plan_todo/S132_time_management_node_fraction.md	81	:836-851	BLOCK	c0954ec	src/chesso.cpp:864-879	const int scale = conf.scale_time ? search_time_scale_percent( / best_move_stability, score_drop) / : 100; /  / soft_limit_ms = (soft_base_ms * scale) / 100; /  / // The hard limit is the ceiling on both. Scaling may bring the soft / // limit up to it and never past it, which is what keeps every pro	const int scale = conf.scale_time ? search_time_scale_percent( / best_move_stability, score_drop) / : 100; /  / soft_limit_ms = (soft_base_ms * scale) / 100; /  / // The hard limit is the ceiling on both. Scaling may bring the soft / // limit up to it and never past it, which is what keeps every pro	yes	
adocs/plan_todo/S132_time_management_node_fraction.md	82	:845-847	BLOCK	c0954ec	src/chesso.cpp:873-875	if (hard_limit_ms > 0) { / soft_limit_ms = std::min(soft_limit_ms, hard_limit_ms); / }	if (hard_limit_ms > 0) { / soft_limit_ms = std::min(soft_limit_ms, hard_limit_ms); / }	yes	
adocs/plan_todo/S132_time_management_node_fraction.md	83	:892-899	BLOCK	c0954ec	src/chesso.cpp:920-927	if (conf.search_time_ms > 0) { / const double elapsed_ms = / std::chrono::duration<double, std::milli>( / std::chrono::steady_clock::now() - beguine_of_the_search) / .count(); /  / if (elapsed_ms >= static_cast<double>(soft_limit_ms)) { break; } / }	if (conf.search_time_ms > 0) { / const double elapsed_ms = / std::chrono::duration<double, std::milli>( / std::chrono::steady_clock::now() - beguine_of_the_search) / .count(); /  / if (elapsed_ms >= static_cast<double>(soft_limit_ms)) { break; } / }	yes	
adocs/plan_todo/S132_time_management_node_fraction.md	84	:1340	BLOCK	c0954ec	src/chesso.cpp:1402	search_options.scale_time = true;	search_options.scale_time = true;	yes	
adocs/plan_todo/S132_time_management_node_fraction.md	85	:1318-1322	BLOCK	c0954ec	src/chesso.cpp:1380-1384	} else if (search_options.movetime_ms > 0) { / // The GUI named the time. Both limits are it, and nothing scales them. / search_options.search_time_ms = search_options.movetime_ms; / search_options.search_soft_time_ms = search_options.movetime_ms; / stop_search_after_ms(search_options.search_time_ms	} else if (search_options.movetime_ms > 0) { / // The GUI named the time. Both limits are it, and nothing scales them. / search_options.search_time_ms = search_options.movetime_ms; / search_options.search_soft_time_ms = search_options.movetime_ms; / stop_search_after_ms(search_options.search_time_ms	yes	
adocs/plan_todo/S132_time_management_node_fraction.md	86	:1282-1286	BLOCK	c0954ec	src/chesso.cpp:1346-1350	} else if (token == "mate" || token == "searchmoves" || token == "ponder") { / // Not supported. UCI says to ignore what we do not implement, and the / // rest of the line still carries the time control we need. / LOG_W << "[go " << token << "] not implemented, ignored" << END_W; / }	} else if (token == "mate" || token == "searchmoves" || token == "ponder") { / // Not supported. UCI says to ignore what we do not implement, and the / // rest of the line still carries the time control we need. / LOG_W << "[go " << token << "] not implemented, ignored" << END_W; / }	yes	
adocs/plan_todo/S132_time_management_node_fraction.md	93	:777	BLOCK	7b54f18	src/chesso.cpp:804	result.total_node_explored += search_result.explored_nodes;	result.total_node_explored += search_result.explored_nodes;	yes	
adocs/plan_todo/S132_time_management_node_fraction.md	95	:785	BLOCK	7b54f18	src/search.cpp:1041	if (ply == 0) { state->best_move = moves[i]; }	if (ply == 0) { state->best_move = moves[i]; }	yes	
adocs/plan_todo/S132_time_management_node_fraction.md	95	:804	BLOCK	7b54f18	src/search.cpp:1074	if (ply == 0) {	if (ply == 0) {	yes	
adocs/plan_todo/S132_time_management_node_fraction.md	96	:656	HAND	c0954ec	src/search.cpp:917	if (!make_move(game, moves[i])) { continue; }	if (!make_move(game, moves[i])) { continue; }	yes	negamax's `make_move`, where the snapshot is taken.
adocs/plan_todo/S132_time_management_node_fraction.md	97	:727	HAND	c0954ec	src/search.cpp:994	unmake_move(game);	unmake_move(game);	yes	negamax's `unmake_move`, where the delta is taken.
adocs/plan_todo/S132_time_management_node_fraction.md	98	:654	BLOCK	c0954ec	src/search.cpp:915	pick_next_move(moves, scores, moves_count, i);	pick_next_move(moves, scores, moves_count, i);	yes	
adocs/plan_todo/S132_time_management_node_fraction.md	101	:746-767	BLOCK	c0954ec	src/chesso.cpp:774-795	search_t search_result = search(current_depth, &game, &state, alpha, beta); /  / while (!state.aborted && / (alpha > -SEARCH_SCORE_INF || beta < SEARCH_SCORE_INF) && / (search_result.score <= alpha || search_result.score >= beta)) { / ++last_aspiration_failures; /  / const bool fail_low = (search_re	search_t search_result = search(current_depth, &game, &state, alpha, beta); /  / while (!state.aborted && / (alpha > -SEARCH_SCORE_INF || beta < SEARCH_SCORE_INF) && / (search_result.score <= alpha || search_result.score >= beta)) { / ++last_aspiration_failures; /  / const bool fail_low = (search_re	yes	
adocs/plan_todo/S132_time_management_node_fraction.md	91	:420	HAND	c0954ec	src/search.cpp:608	state->explored_nodes++;	state->explored_nodes++;	yes	negamax's own node count, the root's +1.
adocs/plan_todo/S132_time_management_node_fraction.md	104	:569	BLOCK	c0954ec	src/search.cpp:822	if (!is_pv && !is_in_check && ply > 0 && prev_move != 0 &&	if (!is_pv && !is_in_check && ply > 0 && prev_move != 0 &&	yes	
adocs/plan_todo/S132_time_management_node_fraction.md	108	:836-851	BLOCK	c0954ec	src/chesso.cpp:864-879	const int scale = conf.scale_time ? search_time_scale_percent( / best_move_stability, score_drop) / : 100; /  / soft_limit_ms = (soft_base_ms * scale) / 100; /  / // The hard limit is the ceiling on both. Scaling may bring the soft / // limit up to it and never past it, which is what keeps every pro	const int scale = conf.scale_time ? search_time_scale_percent( / best_move_stability, score_drop) / : 100; /  / soft_limit_ms = (soft_base_ms * scale) / 100; /  / // The hard limit is the ceiling on both. Scaling may bring the soft / // limit up to it and never past it, which is what keeps every pro	yes	
adocs/plan_todo/S132_time_management_node_fraction.md	111	:845-847	BLOCK	c0954ec	src/chesso.cpp:873-875	if (hard_limit_ms > 0) { / soft_limit_ms = std::min(soft_limit_ms, hard_limit_ms); / }	if (hard_limit_ms > 0) { / soft_limit_ms = std::min(soft_limit_ms, hard_limit_ms); / }	yes	
adocs/plan_todo/S132_time_management_node_fraction.md	81	:836	BLOCK	c0954ec	src/chesso.cpp:864	const int scale = conf.scale_time ? search_time_scale_percent(	const int scale = conf.scale_time ? search_time_scale_percent(	yes	
adocs/plan_todo/S132_time_management_node_fraction.md	108	:836	BLOCK	c0954ec	src/chesso.cpp:864	const int scale = conf.scale_time ? search_time_scale_percent(	const int scale = conf.scale_time ? search_time_scale_percent(	yes	
adocs/plan_todo/S132_time_management_node_fraction.md	165	:845-847	BLOCK	c0954ec	src/chesso.cpp:873-875	if (hard_limit_ms > 0) { / soft_limit_ms = std::min(soft_limit_ms, hard_limit_ms); / }	if (hard_limit_ms > 0) { / soft_limit_ms = std::min(soft_limit_ms, hard_limit_ms); / }	yes	
adocs/plan_todo/S132_time_management_node_fraction.md	172	:443-451	BLOCK	c0954ec	src/chesso.cpp:471-479	const int64_t clock_part = / (movestogo > 0) / ? (static_cast<int64_t>(remaining_ms) / movestogo) / : ((static_cast<int64_t>(remaining_ms) * TM_SUDDEN_DEATH_PERCENT) / / 100); /  / const int64_t base_ms = / clock_part + / ((static_cast<int64_t>(increment_ms) * TM_INCREMENT_PERCENT) / 100);	const int64_t clock_part = / (movestogo > 0) / ? (static_cast<int64_t>(remaining_ms) / movestogo) / : ((static_cast<int64_t>(remaining_ms) * TM_SUDDEN_DEATH_PERCENT) / / 100); /  / const int64_t base_ms = / clock_part + / ((static_cast<int64_t>(increment_ms) * TM_INCREMENT_PERCENT) / 100);	yes	
adocs/plan_todo/S132_time_management_node_fraction.md	175	:1282-1286	BLOCK	c0954ec	src/chesso.cpp:1346-1350	} else if (token == "mate" || token == "searchmoves" || token == "ponder") { / // Not supported. UCI says to ignore what we do not implement, and the / // rest of the line still carries the time control we need. / LOG_W << "[go " << token << "] not implemented, ignored" << END_W; / }	} else if (token == "mate" || token == "searchmoves" || token == "ponder") { / // Not supported. UCI says to ignore what we do not implement, and the / // rest of the line still carries the time control we need. / LOG_W << "[go " << token << "] not implemented, ignored" << END_W; / }	yes	
adocs/plan_todo/S132_time_management_node_fraction.md	177	:1318-1322	BLOCK	c0954ec	src/chesso.cpp:1380-1384	} else if (search_options.movetime_ms > 0) { / // The GUI named the time. Both limits are it, and nothing scales them. / search_options.search_time_ms = search_options.movetime_ms; / search_options.search_soft_time_ms = search_options.movetime_ms; / stop_search_after_ms(search_options.search_time_ms	} else if (search_options.movetime_ms > 0) { / // The GUI named the time. Both limits are it, and nothing scales them. / search_options.search_time_ms = search_options.movetime_ms; / search_options.search_soft_time_ms = search_options.movetime_ms; / stop_search_after_ms(search_options.search_time_ms	yes	
adocs/plan_todo/S132_time_management_node_fraction.md	178	:654	BLOCK	c0954ec	src/search.cpp:915	pick_next_move(moves, scores, moves_count, i);	pick_next_move(moves, scores, moves_count, i);	yes	
