step	line	cite	rev	method	kind	symbol	form	at	why	then
adocs/plan_todo/S020_single_check_computation.md	45	src/search.cpp:687	7862f41	WALK	func	negamax		negamax		const bool is_in_check = is_check(game);
adocs/plan_todo/S020_single_check_computation.md	46	src/search.cpp:415	7862f41	WALK	func	quiescence		quiescence		const bool in_check = is_check(game);
adocs/plan_todo/S020_single_check_computation.md	50	src/search.cpp:687	7862f41	WALK	func	negamax		negamax		const bool is_in_check = is_check(game);
adocs/plan_todo/S020_single_check_computation.md	51	src/search.cpp:765	7862f41	WALK	func	negamax		negamax		if (!is_pv && !is_in_check && static_cast<int>(ply) >= RFP_MIN_PLY &&
adocs/plan_todo/S020_single_check_computation.md	51	src/search.cpp:822	7862f41	WALK	func	negamax		negamax		if (!is_pv && !is_in_check && ply > 0 && prev_move != 0 &&
adocs/plan_todo/S020_single_check_computation.md	51	src/search.cpp:961	7862f41	WALK	func	negamax		negamax		!MOVE_PROMOTED(moves[i]) && !is_in_check && !is_check_move) {
adocs/plan_todo/S020_single_check_computation.md	52	src/search.cpp:1066	7862f41	WALK	func	negamax		negamax		return is_in_check ? -(MATE_MAX - static_cast<int>(ply)) : DRAW_SCORE;
adocs/plan_todo/S020_single_check_computation.md	54	src/search.cpp:875	7862f41	WALK	func	negamax		negamax		size_t moves_count = generate_captures(game_tables(), &game->board, moves);
adocs/plan_todo/S020_single_check_computation.md	55	src/bitboard.cpp:483	7862f41	AUTO	func	generate_moves_impl		generate_moves_impl		static size_t generate_moves_impl(const bb_tables_t* tables,
adocs/plan_todo/S020_single_check_computation.md	55	src/bitboard.cpp:504	7862f41	AUTO	func	generate_moves_impl		generate_moves_impl		const bb_t checkers = attackers_to(tables, board, king_square, opponent);
adocs/plan_todo/S020_single_check_computation.md	56	src/bitboard.cpp:516-531	7862f41	HAND	func	generate_moves_impl		generate_moves_impl	paragraph names attackers_to	bb_t snipers = (get_rook_attacks(tables, king_square, BB_0) & (opp_bitboards[3] | opp_bitboards[4])) | (get_bi
adocs/plan_todo/S020_single_check_computation.md	57	src/search.cpp:882	7862f41	WALK	func	negamax		negamax		generate_quiets(game_tables(), &game->board, moves + moves_count);
adocs/plan_todo/S020_single_check_computation.md	57	src/search.cpp:902	7862f41	WALK	func	negamax		negamax		const size_t added =
adocs/plan_todo/S020_single_check_computation.md	62	src/search.cpp:415	7862f41	WALK	func	quiescence		quiescence		const bool in_check = is_check(game);
adocs/plan_todo/S020_single_check_computation.md	63	src/search.cpp:420	7862f41	WALK	func	quiescence		quiescence		if (!in_check) {
adocs/plan_todo/S020_single_check_computation.md	63	src/search.cpp:454	7862f41	WALK	func	quiescence		quiescence		const size_t n = in_check
adocs/plan_todo/S020_single_check_computation.md	64	src/search.cpp:469	7862f41	WALK	func	quiescence		quiescence		if (!in_check && !MOVE_CAPTURE(moves[i])) { continue; }
adocs/plan_todo/S020_single_check_computation.md	64	src/search.cpp:491	7862f41	WALK	func	quiescence		quiescence		int best_value = in_check ? MIN : stand_pat;
adocs/plan_todo/S020_single_check_computation.md	65	src/search.cpp:549	7862f41	WALK	func	quiescence		quiescence		if (in_check && legal_moves == 0) {
adocs/plan_todo/S020_single_check_computation.md	66	src/search.cpp:454-456	7862f41	WALK	func	quiescence		quiescence		const size_t n = in_check ? generate_moves(game_tables(), &game->board, moves) : generate_captures(game_tables
adocs/plan_todo/S020_single_check_computation.md	70	src/search.cpp:929	7862f41	WALK	func	negamax		negamax		const bool is_check_move = is_capture ? false : is_check(game);
adocs/plan_todo/S020_single_check_computation.md	72	src/search.cpp:961	7862f41	WALK	func	negamax		negamax		!MOVE_PROMOTED(moves[i]) && !is_in_check && !is_check_move) {
adocs/plan_todo/S020_single_check_computation.md	75	src/bitboard.cpp:2225-2226	7862f41	WALK	func	move_to_algebraic		move_to_algebraic		const bool is_check = is_attacked(game_tables(), &game->board, king_index, opponent);
adocs/plan_todo/S020_single_check_computation.md	76	tools/datagen.cpp:201	7862f41	WALK	func	terminal_result		terminal_result		if (!is_check(game)) { return 0.5; }
adocs/plan_todo/S020_single_check_computation.md	78	src/bitboard.cpp:1433	7862f41	AUTO	func	is_check		is_check		bool is_check(const game_t* game)
adocs/plan_todo/S020_single_check_computation.md	79	src/bitboard.cpp:21	7862f41	AUTO	func	is_attacked_with_occupancy		is_attacked_with_occupancy		static inline bool is_attacked_with_occupancy(const bb_tables_t* tables,
adocs/plan_todo/S020_single_check_computation.md	82	src/bitboard.cpp:68	7862f41	AUTO	func	attackers_to		attackers_to		static inline bb_t attackers_to(const bb_tables_t* tables,
adocs/plan_todo/S020_single_check_computation.md	101	src/search.cpp:875	7862f41	WALK	func	negamax		negamax		size_t moves_count = generate_captures(game_tables(), &game->board, moves);
adocs/plan_todo/S020_single_check_computation.md	102	src/search.cpp:875	7862f41	WALK	func	negamax		negamax		size_t moves_count = generate_captures(game_tables(), &game->board, moves);
adocs/plan_todo/S020_single_check_computation.md	104	src/search.cpp:902	7862f41	WALK	func	negamax		negamax		const size_t added =
adocs/plan_todo/S020_single_check_computation.md	107	src/search.cpp:687	7862f41	WALK	func	negamax		negamax		const bool is_in_check = is_check(game);
adocs/plan_todo/S020_single_check_computation.md	113	src/search.cpp:929	7862f41	WALK	func	negamax		negamax		const bool is_check_move = is_capture ? false : is_check(game);
adocs/plan_todo/S020_single_check_computation.md	128	src/search.cpp:917	7862f41	WALK	func	negamax		negamax		if (!make_move(game, moves[i])) { continue; }
adocs/plan_todo/S020_single_check_computation.md	128	src/search.cpp:994	7862f41	WALK	func	negamax		negamax		unmake_move(game);
adocs/plan_todo/S020_single_check_computation.md	131	src/search.cpp:902	7862f41	WALK	func	negamax		negamax		const size_t added =
adocs/plan_todo/S020_single_check_computation.md	133	src/search.cpp:421-436	7862f41	WALK	func	quiescence		quiescence		if (stand_pat >= beta) { // The most common thing quiescence ever concludes, and it is worth // keeping: evalu
adocs/plan_todo/S020_single_check_computation.md	134	src/search.cpp:415	7862f41	WALK	func	quiescence		quiescence		const bool in_check = is_check(game);
adocs/plan_todo/S020_single_check_computation.md	136	src/search.cpp:446	7862f41	WALK	func	quiescence		quiescence		if (static_cast<int>(qply) >= MAX_QSEARCH_DEPTH) { return stand_pat; }
adocs/plan_todo/S020_single_check_computation.md	163	src/search.cpp:897-913	7862f41	WALK	func	negamax		negamax		if (i == moves_count) { // The captures ran out without a cutoff, so the quiets are needed after // all. This 
adocs/plan_todo/S020_single_check_computation.md	199	src/search.cpp:961	7862f41	WALK	func	negamax		negamax		!MOVE_PROMOTED(moves[i]) && !is_in_check && !is_check_move) {
adocs/plan_todo/S020_single_check_computation.md	206	src/search.cpp:929	7862f41	WALK	func	negamax		negamax		const bool is_check_move = is_capture ? false : is_check(game);
adocs/plan_todo/S022_delta_pruning_quiescence.md	83	src/search.cpp:469	7862f41	AUTO	func	quiescence		quiescence		if (!in_check && !MOVE_CAPTURE(moves[i])) { continue; }
adocs/plan_todo/S022_delta_pruning_quiescence.md	83	src/search.cpp:481-484	7862f41	AUTO	func	quiescence		quiescence		if (!in_check && !capture_cannot_lose(&game->board, moves[i]) && !see_ge(&game->board, moves[i], 0)) { continu
adocs/plan_todo/S022_delta_pruning_quiescence.md	89	src/search.cpp:481	7862f41	WALK	func	quiescence		quiescence		if (!in_check && !capture_cannot_lose(&game->board, moves[i]) &&
adocs/plan_todo/S022_delta_pruning_quiescence.md	90	src/search.cpp:491	7862f41	WALK	func	quiescence		quiescence		int best_value = in_check ? MIN : stand_pat;
adocs/plan_todo/S022_delta_pruning_quiescence.md	92	src/search.cpp:469	7862f41	WALK	func	quiescence		quiescence		if (!in_check && !MOVE_CAPTURE(moves[i])) { continue; }
adocs/plan_todo/S022_delta_pruning_quiescence.md	102	src/search.cpp:446	7862f41	WALK	func	quiescence		quiescence		if (static_cast<int>(qply) >= MAX_QSEARCH_DEPTH) { return stand_pat; }
adocs/plan_todo/S022_delta_pruning_quiescence.md	102	src/search.cpp:448	7862f41	WALK	func	quiescence		quiescence		move_t moves[MAX_MOVES];
adocs/plan_todo/S022_delta_pruning_quiescence.md	109	src/search.cpp:576-578	7862f41	WALK	func	quiescence		quiescence		tt_store_entry(state->tt, &game->board, TT_DEPTH_QS, normalize_score(best_value, ply), stored_type, best_move,
adocs/plan_todo/S022_delta_pruning_quiescence.md	110	src/search.cpp:446	7862f41	WALK	func	quiescence		quiescence		if (static_cast<int>(qply) >= MAX_QSEARCH_DEPTH) { return stand_pat; }
adocs/plan_todo/S022_delta_pruning_quiescence.md	112	src/evaluation.cpp:1111-1115	7862f41	AUTO	func	game_phase		game_phase		int game_phase(const board_t* board) { // Promotions can put more material on the board than the opening had. 
adocs/plan_todo/S022_delta_pruning_quiescence.md	114	src/search.cpp:824	7862f41	WALK	func	negamax		negamax		game_phase(&game->board) > 0) {
adocs/plan_todo/S022_delta_pruning_quiescence.md	123	src/search.cpp:481-484	7862f41	WALK	func	quiescence		quiescence		if (!in_check && !capture_cannot_lose(&game->board, moves[i]) && !see_ge(&game->board, moves[i], 0)) { continu
adocs/plan_todo/S022_delta_pruning_quiescence.md	188	src/search.cpp:481	7862f41	WALK	func	quiescence		quiescence		if (!in_check && !capture_cannot_lose(&game->board, moves[i]) &&
adocs/plan_todo/S022_delta_pruning_quiescence.md	190	src/search.cpp:576-578	7862f41	WALK	func	quiescence		quiescence		tt_store_entry(state->tt, &game->board, TT_DEPTH_QS, normalize_score(best_value, ply), stored_type, best_move,
adocs/plan_todo/S022_delta_pruning_quiescence.md	195	src/search.cpp:824	7862f41	WALK	func	negamax		negamax		game_phase(&game->board) > 0) {
adocs/plan_todo/S022_delta_pruning_quiescence.md	202	tests/test_search.cpp:993	7862f41	TITLE	title	a side in check may not stand pat		a side in check may not stand pat		TEST_CASE_FIXTURE(search_fixture_t, "a side in check may not stand pat")
adocs/plan_todo/S022_delta_pruning_quiescence.md	203	tests/test_search.cpp:1067	7862f41	TITLE	title	mate is recognised at depth zero		mate is recognised at depth zero		TEST_CASE_FIXTURE(search_fixture_t, "mate is recognised at depth zero")
adocs/plan_todo/S022_delta_pruning_quiescence.md	205	src/search.cpp:549	7862f41	WALK	func	quiescence		quiescence		if (in_check && legal_moves == 0) {
adocs/plan_todo/S022_delta_pruning_quiescence.md	242	src/evaluation.hpp:24-27	7862f41	PHRASE	phrase	one it would have taken, and both are true statements		one it would have taken, and both are true statements	no enclosing definition	// What is returned in that case is the guaranteed bound and not the cheap // score: cheap - LAZY_EVAL_MARGIN 
adocs/plan_todo/S024_continuation_history.md	20	src/data_structures.hpp:436	192a5a3	CHOSEN			`src/data_structures.hpp` `counter_moves`			
adocs/plan_todo/S024_continuation_history.md	21	src/search.cpp:517	192a5a3	CHOSEN			`src/search.cpp` `negamax`			
adocs/plan_todo/S024_continuation_history.md	22	src/evaluation.cpp:1152-1155	192a5a3	HAND	func	score_move		score_move	paragraph names ORDER_COUNTER	MOVE_PROMOTED(move) ? piece_values_abs[MOVE_PROMOTED(move)] : 0; if (MOVE_CAPTURE(move)) { return ORDER_CAPTUR
adocs/plan_todo/S039_lazy_margin_redecide.md	23	src/evaluation.hpp:274-282	ff3a9e0	WALK	decl	evaluate_expensive_terms		evaluate_expensive_terms		// Off the hot path by construction rather than by measurement: it goes through // the same collecting instant
adocs/plan_todo/S039_lazy_margin_redecide.md	29	src/evaluation.cpp:788-791	ff3a9e0	WALK	const	king_safety_mg		king_safety_mg		// across several parameters, exactly the way piece_value and the piece-square // tables are degenerate by fiv
adocs/plan_todo/S042_en_passant_only_when_capturable.md	5	adocs/plan.md:110	192a5a3	CHOSEN			`adocs/plan.md` "under 1 % by its own file, below every instrument here"			
adocs/plan_todo/S042_en_passant_only_when_capturable.md	14	src/bitboard.cpp:825-834	192a5a3	WALK	func	make_move_impl		make_move_impl		static_cast<index_t>((us == WHITE) ? (move.to + 8) : (move.to - 8)); const index_t new_en_passant = move.doubl
adocs/plan_todo/S055_taper_stage_two_once.md	19	src/evaluation.cpp:1008	7862f41	AUTO	func	evaluate_mobility_and_king_safety		evaluate_mobility_and_king_safety		const int mobility =
adocs/plan_todo/S055_taper_stage_two_once.md	24	src/evaluation.cpp:692-696	7862f41	WALK	func	evaluate_cheap		evaluate_cheap		// Summed into the accumulated pair before the interpolation rather than // tapered on its own. One integer di
adocs/plan_todo/S055_taper_stage_two_once.md	59	src/evaluation.cpp:697	7862f41	WALK	func	evaluate_cheap		evaluate_cheap		const int positional =
adocs/plan_todo/S055_taper_stage_two_once.md	77	tools/eval_model.hpp:973-974	7862f41	WALK	func	evaluate		evaluate		double stage_two = (mobility_mg_sum + king_safety_mg_sum) * mg_weight + (mobility_eg_sum + king_safety_eg_sum)
adocs/plan_todo/S055_taper_stage_two_once.md	105	src/evaluation.cpp:1045	7862f41	AUTO	func	evaluate_expensive		evaluate_expensive		const int bounded = std::clamp(score, -LAZY_EVAL_MARGIN, LAZY_EVAL_MARGIN);
adocs/plan_todo/S055_taper_stage_two_once.md	109	tools/eval_model.hpp:987-1007	7862f41	WALK	func	evaluate		evaluate		// Outside the clamp, and that is the whole point of where this line sits. // Passed pawns are part of evaluat
adocs/plan_todo/S055_taper_stage_two_once.md	123	src/evaluation.cpp:697-700	7862f41	AUTO	func	evaluate_cheap		evaluate_cheap		const int positional = (((board->psqt_mg + pawn_mg) * phase) + ((board->psqt_eg + pawn_eg) * (GAME_PHASE_MAX -
adocs/plan_todo/S055_taper_stage_two_once.md	123	tools/eval_model.hpp:973-974	7862f41	WALK	func	evaluate		evaluate		double stage_two = (mobility_mg_sum + king_safety_mg_sum) * mg_weight + (mobility_eg_sum + king_safety_eg_sum)
adocs/plan_todo/S055_taper_stage_two_once.md	127	src/evaluation.cpp:1008-1009	7862f41	WALK	func	evaluate_mobility_and_king_safety		evaluate_mobility_and_king_safety		const int mobility = (mobility_mg_sum * phase + mobility_eg_sum * endgame) / GAME_PHASE_MAX;
adocs/plan_todo/S055_taper_stage_two_once.md	128	src/evaluation.cpp:1010-1011	7862f41	WALK	func	evaluate_mobility_and_king_safety		evaluate_mobility_and_king_safety		const int safety = (safety_mg_sum * phase + safety_eg_sum * endgame) / GAME_PHASE_MAX;
adocs/plan_todo/S055_taper_stage_two_once.md	129	src/evaluation.hpp:307	7862f41	AUTO	define	GAME_PHASE_MAX		GAME_PHASE_MAX		#define GAME_PHASE_MAX 24
adocs/plan_todo/S055_taper_stage_two_once.md	130	src/evaluation.cpp:1111-1114	7862f41	WALK	func	game_phase		game_phase		int game_phase(const board_t* board) { // Promotions can put more material on the board than the opening had. 
adocs/plan_todo/S055_taper_stage_two_once.md	131	tests/test_eval_model.cpp:277	7862f41	TITLE	title	the model reproduces evaluate() on every phase		the model reproduces evaluate() on every phase		CHECK(std::abs(model - engine_white) <= 3.0);
adocs/plan_todo/S055_taper_stage_two_once.md	132	tests/test_eval_model.cpp:236-258	7862f41	TITLE	title	the model reproduces evaluate() on every phase		the model reproduces evaluate() on every phase		// evaluate() interpolates in integers and truncates towards zero, and it // does that four separate times, ea
adocs/plan_todo/S055_taper_stage_two_once.md	133	tests/test_eval_model.cpp:304-345	7862f41	TITLE	title	the pinned positions reach the truncation bound		the pinned positions reach the truncation bound		TEST_CASE_FIXTURE(model_fixture_t, "the pinned positions reach the truncation bound") { // As a variable becau
adocs/plan_todo/S055_taper_stage_two_once.md	134	tests/test_eval_model.cpp:309-314	7862f41	TITLE	title	the pinned positions reach the truncation bound		the pinned positions reach the truncation bound		const bool tempo_unfitted = (tempo_mg == 0) && (tempo_eg == 0); CHECK_MESSAGE(tempo_unfitted, "tempo is fitted
adocs/plan_todo/S055_taper_stage_two_once.md	135	tests/test_eval_model.cpp:335	7862f41	TITLE	title	the pinned positions reach the truncation bound		the pinned positions reach the truncation bound		CHECK_MESSAGE(difference > 2.0,
adocs/plan_todo/S055_taper_stage_two_once.md	136	tests/test_eval_model.cpp:343	7862f41	TITLE	title	the pinned positions reach the truncation bound		the pinned positions reach the truncation bound		CHECK_MESSAGE(worst > 2.8, ("worst pinned difference " +
adocs/plan_todo/S055_taper_stage_two_once.md	137	tests/test_eval_model.cpp:130-135	7862f41	AUTO	const	truncation_positions		truncation_positions		static const std::vector<std::string> truncation_positions = { "8/8/8/6k1/1p1pr3/1Pp4P/2P2KP1/1N1R4 b - - 1 44
adocs/plan_todo/S055_taper_stage_two_once.md	141	tools/eval_model.hpp:973-974	7862f41	WALK	func	evaluate		evaluate		double stage_two = (mobility_mg_sum + king_safety_mg_sum) * mg_weight + (mobility_eg_sum + king_safety_eg_sum)
adocs/plan_todo/S055_taper_stage_two_once.md	152	src/evaluation.cpp:697-700	7862f41	WALK	func	evaluate_cheap		evaluate_cheap		const int positional = (((board->psqt_mg + pawn_mg) * phase) + ((board->psqt_eg + pawn_eg) * (GAME_PHASE_MAX -
adocs/plan_todo/S055_taper_stage_two_once.md	169	src/evaluation.cpp:747	7862f41	WALK	const	mobility_mg		mobility_mg		const int mobility_mg[4] = {-1, 5, 8, 3}; // knight bishop rook queen
adocs/plan_todo/S055_taper_stage_two_once.md	169	src/evaluation.cpp:748	7862f41	WALK	const	mobility_eg		mobility_eg		const int mobility_eg[4] = {0, 5, 0, -6};
adocs/plan_todo/S055_taper_stage_two_once.md	170	src/evaluation.cpp:958-959	7862f41	WALK	func	evaluate_mobility_and_king_safety		evaluate_mobility_and_king_safety		mobility_mg_sum += mover * count * mobility_mg[type]; mobility_eg_sum += mover * count * mobility_eg[type];
adocs/plan_todo/S055_taper_stage_two_once.md	174	src/evaluation.cpp:1013-1015	7862f41	HAND	func	evaluate_mobility_and_king_safety		evaluate_mobility_and_king_safety	paragraph names evaluate_expensive_terms	if constexpr (collect) { if (mobility_out != nullptr) { *mobility_out = mobility; } if (safety_out != nullptr)
adocs/plan_todo/S055_taper_stage_two_once.md	175	src/evaluation.cpp:1066	7862f41	AUTO	func	evaluate_expensive_terms		evaluate_expensive_terms		void evaluate_expensive_terms(const board_t* board, int* mobility, int* safety)
adocs/plan_todo/S055_taper_stage_two_once.md	175	tools/eval_spread.cpp:174	7862f41	WALK	func	main		main		evaluate_expensive_terms(&game.board, &mobility, &safety);
adocs/plan_todo/S055_taper_stage_two_once.md	176	tests/test_evaluation.cpp:467-499	7862f41	TITLE	title	the unclamped terms are the engine's own		the unclamped terms are the engine's own		TEST_CASE_FIXTURE(eval_fixture_t, "the unclamped terms are the engine's own") { size_t checked = 0; size_t cla
adocs/plan_todo/S055_taper_stage_two_once.md	178	tests/test_evaluation.cpp:484-487	7862f41	TITLE	title	the unclamped terms are the engine's own		the unclamped terms are the engine's own		REQUIRE_MESSAGE( std::clamp(raw, -LAZY_EVAL_MARGIN, LAZY_EVAL_MARGIN) == applied, ("FEN: " + fen + " raw " + s
adocs/plan_todo/S055_taper_stage_two_once.md	182	src/evaluation.cpp:1045	7862f41	WALK	func	evaluate_expensive		evaluate_expensive		const int bounded = std::clamp(score, -LAZY_EVAL_MARGIN, LAZY_EVAL_MARGIN);
adocs/plan_todo/S055_taper_stage_two_once.md	183	tools/eval_model.hpp:976-977	7862f41	WALK	func	evaluate		evaluate		if (stage_two > LAZY_EVAL_MARGIN) { stage_two = LAZY_EVAL_MARGIN; } if (stage_two < -LAZY_EVAL_MARGIN) { stage
adocs/plan_todo/S055_taper_stage_two_once.md	186	src/evaluation.cpp:695-696	7862f41	AUTO	func	evaluate_cheap		evaluate_cheap		// which is what keeps test_eval_model's one-centipawn slack against the // tuner's floating-point model from 
adocs/plan_todo/S055_taper_stage_two_once.md	186	src/evaluation.cpp:719	7862f41	AUTO	func	evaluate_cheap		evaluate_cheap		// tuner's floating-point model -- test_eval_model allows two and this widens
adocs/plan_todo/S055_taper_stage_two_once.md	216	src/evaluation.cpp:1099	7862f41	AUTO	func	evaluate_lazy		evaluate_lazy		if (cheap - LAZY_EVAL_MARGIN >= beta) { return cheap - LAZY_EVAL_MARGIN; }
adocs/plan_todo/S082_datagen_qsearch_leaf_labels.md	29	src/search.cpp:349	192a5a3	WALK	func	quiescence		quiescence		: evaluate_lazy(&game->board, alpha, beta, &static_eval_is_exact);
adocs/plan_todo/S091_see_pruning_main_search.md	5	src/search.cpp:481-482	7862f41	WALK	func	quiescence		quiescence		if (!in_check && !capture_cannot_lose(&game->board, moves[i]) && !see_ge(&game->board, moves[i], 0)) {
adocs/plan_todo/S091_see_pruning_main_search.md	98	src/bitboard.cpp:1271	7862f41	AUTO	func	see		see		int see(const board_t* board, move_t move)
adocs/plan_todo/S091_see_pruning_main_search.md	99	src/bitboard.cpp:1185	7862f41	AUTO	func	see_ge		see_ge		bool see_ge(const board_t* board, move_t move, int threshold)
adocs/plan_todo/S091_see_pruning_main_search.md	100	src/bitboard.cpp:1196-1201	7862f41	AUTO	func	see_ge		see_ge		if (MOVE_EN_PASSANT(move)) { const index_t victim = static_cast<index_t>( (board->active_color == WHITE) ? (to
adocs/plan_todo/S091_see_pruning_main_search.md	101	src/bitboard.cpp:1209-1212	7862f41	WALK	func	see_ge		see_ge		if (MOVE_PROMOTED(move)) { gain += see_value[MOVE_PROMOTED(move)] - see_value[0]; on_square = MOVE_PROMOTED(mo
adocs/plan_todo/S091_see_pruning_main_search.md	102	src/bitboard.cpp:1160	7862f41	AUTO	func	capture_cannot_lose		capture_cannot_lose		bool capture_cannot_lose(const board_t* board, move_t move)
adocs/plan_todo/S091_see_pruning_main_search.md	104	src/bitboard.cpp:1096	7862f41	CHOSEN			`src/bitboard.cpp` `see_value`			
adocs/plan_todo/S091_see_pruning_main_search.md	106	tests/test_search.cpp:3183	7862f41	TITLE	title	search: static exchange evaluation		search: static exchange evaluation		TEST_SUITE("search: static exchange evaluation")
adocs/plan_todo/S091_see_pruning_main_search.md	107	tests/test_search.cpp:3275	7862f41	TITLE	title	search: see_ge agrees with see		search: see_ge agrees with see		TEST_SUITE("search: see_ge agrees with see")
adocs/plan_todo/S091_see_pruning_main_search.md	114	src/search.cpp:481-484	7862f41	WALK	func	quiescence		quiescence		if (!in_check && !capture_cannot_lose(&game->board, moves[i]) && !see_ge(&game->board, moves[i], 0)) { continu
adocs/plan_todo/S091_see_pruning_main_search.md	116	src/search.cpp:205	7862f41	WALK	func	static_assert		static_assert		static_assert(TT_DEPTH_QS < 0,
adocs/plan_todo/S091_see_pruning_main_search.md	119	src/search.cpp:896	7862f41	WALK	func	negamax		negamax		for (size_t i = 0;; ++i) {
adocs/plan_todo/S091_see_pruning_main_search.md	119	src/search.cpp:875	7862f41	WALK	func	negamax		negamax		size_t moves_count = generate_captures(game_tables(), &game->board, moves);
adocs/plan_todo/S091_see_pruning_main_search.md	120	src/search.cpp:915	7862f41	HAND	func	negamax		negamax	paragraph names pick_next_move	pick_next_move(moves, scores, moves_count, i);
adocs/plan_todo/S091_see_pruning_main_search.md	120	src/search.cpp:917	7862f41	HAND	func	negamax		negamax	paragraph names pick_next_move	if (!make_move(game, moves[i])) { continue; }
adocs/plan_todo/S091_see_pruning_main_search.md	121	src/search.cpp:919	7862f41	HAND	func	negamax		negamax	paragraph names pick_next_move	const bool is_capture = MOVE_CAPTURE(moves[i]);
adocs/plan_todo/S091_see_pruning_main_search.md	122	src/search.cpp:915	7862f41	WALK	func	negamax		negamax		pick_next_move(moves, scores, moves_count, i);
adocs/plan_todo/S091_see_pruning_main_search.md	123	src/search.cpp:917	7862f41	WALK	func	negamax		negamax		if (!make_move(game, moves[i])) { continue; }
adocs/plan_todo/S091_see_pruning_main_search.md	124	src/search.cpp:687	7862f41	WALK	func	negamax		negamax		const bool is_in_check = is_check(game);
adocs/plan_todo/S091_see_pruning_main_search.md	125	evaluation.cpp:1145	7862f41	WALK	func	score_move		score_move		if (tt_move != 0 && move == tt_move) { return ORDER_TT_MOVE; }
adocs/plan_todo/S091_see_pruning_main_search.md	126	src/search.cpp:1065-1067	7862f41	WALK	func	negamax		negamax		if (legal_moves_counter == 0) { return is_in_check ? -(MATE_MAX - static_cast<int>(ply)) : DRAW_SCORE; }
adocs/plan_todo/S091_see_pruning_main_search.md	128	src/search.cpp:765-766	7862f41	WALK	func	negamax		negamax		if (!is_pv && !is_in_check && static_cast<int>(ply) >= RFP_MIN_PLY && depth <= RFP_MAX_DEPTH && beta < MATE_MI
adocs/plan_todo/S091_see_pruning_main_search.md	129	src/search.cpp:958-966	7862f41	WALK	func	negamax		negamax		int reduction = 0; if (ply > 0 && depth >= 3 && legal_moves_counter > 3 && !is_capture && !MOVE_PROMOTED(moves
adocs/plan_todo/S091_see_pruning_main_search.md	131	src/search.cpp:960-961	7862f41	WALK	func	negamax		negamax		if (ply > 0 && depth >= 3 && legal_moves_counter > 3 && !is_capture && !MOVE_PROMOTED(moves[i]) && !is_in_chec
adocs/plan_todo/S091_see_pruning_main_search.md	132	src/search.cpp:962	7862f41	WALK	func	negamax		negamax		reduction = lmr_reduction(depth, static_cast<int>(legal_moves_counter));
adocs/plan_todo/S091_see_pruning_main_search.md	134	src/search.cpp:964	7862f41	WALK	func	negamax		negamax		if (reduction > child_depth - 1) { reduction = child_depth - 1; }
adocs/plan_todo/S091_see_pruning_main_search.md	135	src/search.cpp:929	7862f41	WALK	func	negamax		negamax		const bool is_check_move = is_capture ? false : is_check(game);
adocs/plan_todo/S091_see_pruning_main_search.md	172	tests/test_search.cpp:2808	7862f41	TITLE	title	pruning does not hide a forced mate		pruning does not hide a forced mate		TEST_CASE_FIXTURE(search_fixture_t, "pruning does not hide a forced mate")
adocs/plan_todo/S091_see_pruning_main_search.md	179	src/search.cpp:1065-1067	7862f41	WALK	func	negamax		negamax		if (legal_moves_counter == 0) { return is_in_check ? -(MATE_MAX - static_cast<int>(ply)) : DRAW_SCORE; }
adocs/plan_todo/S091_see_pruning_main_search.md	193	src/bitboard.cpp:1096	7862f41	CHOSEN			`src/bitboard.cpp` `see_value`			
adocs/plan_todo/S091_see_pruning_main_search.md	209	src/bitboard.cpp:1342-1348	7862f41	WALK	func	see		see		// No speculative cutoff here. The usual one - stop once both the standing // score and the next are negative 
adocs/plan_todo/S091_see_pruning_main_search.md	210	tests/test_search.cpp:3275	7862f41	TITLE	title	search: see_ge agrees with see		search: see_ge agrees with see		TEST_SUITE("search: see_ge agrees with see")
adocs/plan_todo/S091_see_pruning_main_search.md	215	tests/test_search.cpp:3275	7862f41	TITLE	title	search: see_ge agrees with see		search: see_ge agrees with see		TEST_SUITE("search: see_ge agrees with see")
adocs/plan_todo/S091_see_pruning_main_search.md	222	evaluation.cpp:41	7862f41	AUTO	const	piece_values_abs		piece_values_abs		static constexpr int piece_values_abs[] = {
adocs/plan_todo/S091_see_pruning_main_search.md	226	evaluation.cpp:1125-1134	7862f41	WALK	func	capture_score		capture_score		int capture_score(const board_t* board, move_t move) { // An en-passant victim does not sit on the target squa
adocs/plan_todo/S091_see_pruning_main_search.md	259	src/search.cpp:481	7862f41	WALK	func	quiescence		quiescence		if (!in_check && !capture_cannot_lose(&game->board, moves[i]) &&
adocs/plan_todo/S095_internal_iterative_reduction.md	82	src/search.cpp:663	70b9b10	WALK	func	negamax		negamax		const tt_entry_t* tt_entry = tt_get_entry(state->tt, &game->board);
adocs/plan_todo/S095_internal_iterative_reduction.md	83	transposition_table.cpp:96-103	70b9b10	WALK	func	tt_get_entry		tt_get_entry		if (tt->entries == nullptr) { return nullptr; } const uint64_t hash = board->hash; const tt_entry_t* res = &tt
adocs/plan_todo/S095_internal_iterative_reduction.md	83	src/search.cpp:667	70b9b10	WALK	func	negamax		negamax		const move_t tt_move = (tt_entry != nullptr) ? tt_entry->best_move : 0;
adocs/plan_todo/S095_internal_iterative_reduction.md	89	src/search.cpp:1069	70b9b10	WALK	func	negamax		negamax		assert(best_move != 0);
adocs/plan_todo/S095_internal_iterative_reduction.md	89	src/search.cpp:1099-1101	70b9b10	WALK	func	negamax		negamax		const int to_store = normalize_score(best_so_far, ply); tt_store_entry(state->tt, &game->board, depth, to_stor
adocs/plan_todo/S095_internal_iterative_reduction.md	90	src/search.cpp:432-434	70b9b10	WALK	func	quiescence		quiescence		tt_store_entry(state->tt, &game->board, TT_DEPTH_QS, normalize_score(stand_pat, ply), TT_BETA_NODE, 0, stored_
adocs/plan_todo/S095_internal_iterative_reduction.md	90	src/search.cpp:556-557	70b9b10	WALK	func	quiescence		quiescence		tt_store_entry(state->tt, &game->board, TT_DEPTH_QS, normalize_score(mated, ply), TT_PV_NODE, 0, stored_eval);
adocs/plan_todo/S095_internal_iterative_reduction.md	91	src/search.cpp:576-578	70b9b10	WALK	func	quiescence		quiescence		tt_store_entry(state->tt, &game->board, TT_DEPTH_QS, normalize_score(best_value, ply), stored_type, best_move,
adocs/plan_todo/S095_internal_iterative_reduction.md	95	src/search.cpp:675-681	70b9b10	WALK	func	negamax		negamax		if (!is_pv && ply > 0) { int tt_score = 0; if (tt_entry_answers(tt_entry, depth, ply, alpha, beta, &tt_score))
adocs/plan_todo/S095_internal_iterative_reduction.md	96	src/search.cpp:684	70b9b10	WALK	func	negamax		negamax		if (depth < 1) { return quiescence(alpha, beta, ply, 0, game, state); }
adocs/plan_todo/S095_internal_iterative_reduction.md	97	src/search.cpp:765	70b9b10	WALK	func	negamax		negamax		if (!is_pv && !is_in_check && static_cast<int>(ply) >= RFP_MIN_PLY &&
adocs/plan_todo/S095_internal_iterative_reduction.md	99	src/search.cpp:766	70b9b10	WALK	func	negamax		negamax		depth <= RFP_MAX_DEPTH && beta < MATE_MIN && beta > -MATE_MIN) {
adocs/plan_todo/S095_internal_iterative_reduction.md	100	src/search.cpp:814	70b9b10	WALK	func	negamax		negamax		const int null_reduction = NULL_MOVE_BASE + (depth / NULL_MOVE_DIVISOR);
adocs/plan_todo/S095_internal_iterative_reduction.md	101	src/search.cpp:962	70b9b10	WALK	func	negamax		negamax		reduction = lmr_reduction(depth, static_cast<int>(legal_moves_counter));
adocs/plan_todo/S095_internal_iterative_reduction.md	102	src/search.cpp:943	70b9b10	WALK	func	negamax		negamax		const int child_depth = depth - 1;
adocs/plan_todo/S095_internal_iterative_reduction.md	102	src/search.cpp:1100	70b9b10	WALK	func	negamax		negamax		tt_store_entry(state->tt, &game->board, depth, to_store, type, best_move,
adocs/plan_todo/S095_internal_iterative_reduction.md	107	src/search.cpp:687	70b9b10	WALK	func	negamax		negamax		const bool is_in_check = is_check(game);
adocs/plan_todo/S095_internal_iterative_reduction.md	121	tests/test_search.cpp:37	70b9b10	WALK	func	search_fen		search_fen		static search_t search_fen(const std::string& fen,
adocs/plan_todo/S095_internal_iterative_reduction.md	131	tests/test_search.cpp:2808	70b9b10	TITLE	title	pruning does not hide a forced mate		pruning does not hide a forced mate		TEST_CASE_FIXTURE(search_fixture_t, "pruning does not hide a forced mate")
adocs/plan_todo/S095_internal_iterative_reduction.md	132	tests/test_search.cpp:2847	70b9b10	TITLE	title	pruning does not hide a mate against the material leader		pruning does not hide a mate against the material leader		TEST_CASE_FIXTURE(search_fixture_t,
adocs/plan_todo/S095_internal_iterative_reduction.md	185	src/search.cpp:1069	70b9b10	WALK	func	negamax		negamax		assert(best_move != 0);
adocs/plan_todo/S095_internal_iterative_reduction.md	187	src/search.cpp:228	70b9b10	WALK	func	tt_entry_answers		tt_entry_answers		if (entry == nullptr || entry->depth < depth) { return false; }
adocs/plan_todo/S095_internal_iterative_reduction.md	191	transposition_table.cpp:158	70b9b10	WALK	func	tt_store_entry		tt_store_entry		if (entry->generation != tt->generation || depth >= entry->depth) {
adocs/plan_todo/S095_internal_iterative_reduction.md	209	src/search.cpp:1100	70b9b10	WALK	func	negamax		negamax		tt_store_entry(state->tt, &game->board, depth, to_store, type, best_move,
adocs/plan_todo/S097_singular_extensions.md	5	src/search.cpp:961	70b9b10	WALK	func	negamax		negamax		!MOVE_PROMOTED(moves[i]) && !is_in_check && !is_check_move) {
adocs/plan_todo/S097_singular_extensions.md	124	src/search.hpp:58-65	70b9b10	WALK	func	negamax		negamax		int negamax(int alpha0, int beta, int depth, size_t ply, game_t* game, search_state_t* state, move_t prev_move
adocs/plan_todo/S097_singular_extensions.md	124	src/search.cpp:589-596	70b9b10	WALK	func	negamax		negamax		int negamax(int alpha0, int beta, int depth, size_t ply, game_t* game, search_state_t* state, move_t prev_move
adocs/plan_todo/S097_singular_extensions.md	125	src/data_structures.hpp:447-483	70b9b10	CHOSEN			`src/data_structures.hpp` `search_state_t`			
adocs/plan_todo/S097_singular_extensions.md	132	src/search.cpp:943	70b9b10	WALK	func	negamax		negamax		const int child_depth = depth - 1;
adocs/plan_todo/S097_singular_extensions.md	134	src/search.cpp:612	70b9b10	WALK	func	negamax		negamax		if (ply + 1 >= MAX_PLY) { return evaluate(&game->board); }
adocs/plan_todo/S097_singular_extensions.md	135	src/search.cpp:413	70b9b10	WALK	func	quiescence		quiescence		if (ply + 1 >= MAX_PLY) { return stand_pat; }
adocs/plan_todo/S097_singular_extensions.md	136	data_structures.hpp:42-43	70b9b10	SPAN	define	MAX_PLY	`data_structures.hpp` `MAX_PLY` and `data_structures.hpp` `MAX_DEPTH`	MAX_PLY	also MAX_DEPTH	#define MAX_PLY 128 #define MAX_DEPTH (MAX_PLY - 2) // Must be +2 in order to be safe
adocs/plan_todo/S097_singular_extensions.md	139	src/data_structures.hpp:388-420	70b9b10	CHOSEN			`src/data_structures.hpp` `tt_entry_t`			
adocs/plan_todo/S097_singular_extensions.md	141	src/data_structures.hpp:360-380	70b9b10	PHRASE	phrase	the same all-or-nothing gate a table move is (DEC-122)		the same all-or-nothing gate a table move is (DEC-122)	no enclosing definition	// The last mate line this engine has been shown to deliver, kept so that a // later search reporting the same
adocs/plan_todo/S097_singular_extensions.md	142	src/search.cpp:663	70b9b10	WALK	func	negamax		negamax		const tt_entry_t* tt_entry = tt_get_entry(state->tt, &game->board);
adocs/plan_todo/S097_singular_extensions.md	142	src/search.cpp:667	70b9b10	WALK	func	negamax		negamax		const move_t tt_move = (tt_entry != nullptr) ? tt_entry->best_move : 0;
adocs/plan_todo/S097_singular_extensions.md	145	src/search.cpp:1099	70b9b10	WALK	func	negamax		negamax		const int to_store = normalize_score(best_so_far, ply);
adocs/plan_todo/S097_singular_extensions.md	147	src/search.cpp:193-198	70b9b10	AUTO	func	de_normalize_score		de_normalize_score		inline int de_normalize_score(int score, int ply) { if (score > MATE_MIN && score <= MATE_MAX) { return score 
adocs/plan_todo/S097_singular_extensions.md	153	src/search.cpp:675-681	70b9b10	WALK	func	negamax		negamax		if (!is_pv && ply > 0) { int tt_score = 0; if (tt_entry_answers(tt_entry, depth, ply, alpha, beta, &tt_score))
adocs/plan_todo/S097_singular_extensions.md	153	src/search.cpp:1099-1101	70b9b10	WALK	func	negamax		negamax		const int to_store = normalize_score(best_so_far, ply); tt_store_entry(state->tt, &game->board, depth, to_stor
adocs/plan_todo/S097_singular_extensions.md	162	src/search.cpp:822	70b9b10	WALK	func	negamax		negamax		if (!is_pv && !is_in_check && ply > 0 && prev_move != 0 &&
adocs/plan_todo/S097_singular_extensions.md	164	src/search.cpp:765	70b9b10	WALK	func	negamax		negamax		if (!is_pv && !is_in_check && static_cast<int>(ply) >= RFP_MIN_PLY &&
adocs/plan_todo/S097_singular_extensions.md	168	src/search.cpp:917-930	70b9b10	WALK	func	negamax		negamax		if (!make_move(game, moves[i])) { continue; } const bool is_capture = MOVE_CAPTURE(moves[i]); // The late move
adocs/plan_todo/S097_singular_extensions.md	170	src/search.cpp:1065-1067	70b9b10	WALK	func	negamax		negamax		if (legal_moves_counter == 0) { return is_in_check ? -(MATE_MAX - static_cast<int>(ply)) : DRAW_SCORE; }
adocs/plan_todo/S097_singular_extensions.md	191	src/search.cpp:996	70b9b10	WALK	func	negamax		negamax		if (state->aborted) { return 0; }
adocs/plan_todo/S097_singular_extensions.md	194	src/search.cpp:964	70b9b10	WALK	func	negamax		negamax		if (reduction > child_depth - 1) { reduction = child_depth - 1; }
adocs/plan_todo/S097_singular_extensions.md	208	tests/test_search.cpp:2808	70b9b10	TITLE	title	pruning does not hide a forced mate		pruning does not hide a forced mate		TEST_CASE_FIXTURE(search_fixture_t, "pruning does not hide a forced mate")
adocs/plan_todo/S097_singular_extensions.md	209	tests/test_search.cpp:2847	70b9b10	TITLE	title	pruning does not hide a mate against the material leader		pruning does not hide a mate against the material leader		TEST_CASE_FIXTURE(search_fixture_t,
adocs/plan_todo/S097_singular_extensions.md	215	src/search.cpp:765	70b9b10	WALK	func	negamax		negamax		if (!is_pv && !is_in_check && static_cast<int>(ply) >= RFP_MIN_PLY &&
adocs/plan_todo/S097_singular_extensions.md	215	src/search.cpp:822	70b9b10	WALK	func	negamax		negamax		if (!is_pv && !is_in_check && ply > 0 && prev_move != 0 &&
adocs/plan_todo/S097_singular_extensions.md	219	tests/test_search.cpp:2808	70b9b10	TITLE	title	pruning does not hide a forced mate		pruning does not hide a forced mate		TEST_CASE_FIXTURE(search_fixture_t, "pruning does not hide a forced mate")
adocs/plan_todo/S097_singular_extensions.md	298	src/search.cpp:612	70b9b10	WALK	func	negamax		negamax		if (ply + 1 >= MAX_PLY) { return evaluate(&game->board); }
adocs/plan_todo/S097_singular_extensions.md	299	src/search.cpp:413	70b9b10	WALK	func	quiescence		quiescence		if (ply + 1 >= MAX_PLY) { return stand_pat; }
adocs/plan_todo/S097_singular_extensions.md	303	src/search.cpp:1099-1101	70b9b10	WALK	func	negamax		negamax		const int to_store = normalize_score(best_so_far, ply); tt_store_entry(state->tt, &game->board, depth, to_stor
adocs/plan_todo/S097_singular_extensions.md	307	src/search.cpp:234	70b9b10	WALK	func	tt_entry_answers		tt_entry_answers		const int tt_score = de_normalize_score(entry->score, ply);
adocs/plan_todo/S097_singular_extensions.md	311	src/search.cpp:16-17	70b9b10	SPAN	define	MATE_MAX	`src/search.cpp` `MATE_MAX` and `src/search.cpp` `MATE_MIN`	MATE_MAX	also MATE_MIN	#define MATE_MAX 49000 #define MATE_MIN 48000
adocs/plan_todo/S097_singular_extensions.md	327	src/search.cpp:996	70b9b10	WALK	func	negamax		negamax		if (state->aborted) { return 0; }
adocs/plan_todo/S098_reduction_refinement.md	5	adocs/plan.md:81	7504c3d	CHOSEN			`adocs/plan.md` "the improving flag, was first in the pending order"			
adocs/plan_todo/S098_reduction_refinement.md	44	src/search.cpp:96-110	7504c3d	WALK	func	build_lmr_table		build_lmr_table		static lmr_table_t build_lmr_table() { lmr_table_t table{}; for (int depth = 1; depth < 64; ++depth) { for (in
adocs/plan_todo/S098_reduction_refinement.md	115	src/search.cpp:96-130	7504c3d	CHOSEN			`src/search.cpp` `build_lmr_table` and `src/search.cpp` `lmr_reduction`			
adocs/plan_todo/S098_reduction_refinement.md	115	src/search.cpp:958-966	7504c3d	WALK	func	negamax		negamax		int reduction = 0; if (ply > 0 && depth >= 3 && legal_moves_counter > 3 && !is_capture && !MOVE_PROMOTED(moves
adocs/plan_todo/S098_reduction_refinement.md	117	src/search.cpp:96-110	7504c3d	WALK	func	build_lmr_table		build_lmr_table		static lmr_table_t build_lmr_table() { lmr_table_t table{}; for (int depth = 1; depth < 64; ++depth) { for (in
adocs/plan_todo/S098_reduction_refinement.md	120	src/search_params.hpp:202-203	7504c3d	SPAN	xmacro	LMR_BASE	`src/search_params.hpp` `LMR_BASE` and `src/search_params.hpp` `LMR_DIVISOR`	LMR_BASE	also LMR_DIVISOR	X(LMR_BASE, "LmrBase", 52, 0, 400) \ X(LMR_DIVISOR, "LmrDivisor", 182, 1, 2000) \
adocs/plan_todo/S098_reduction_refinement.md	121	src/search.cpp:113-122	7504c3d	CHOSEN			`src/search.cpp` `search_params_rebuild_derived`			
adocs/plan_todo/S098_reduction_refinement.md	122	src/search.cpp:133-136	7504c3d	SPAN	func	search_lmr_reduction_probe	`src/search.cpp` `search_lmr_reduction_probe` and `src/search.cpp` `lmr_reduction`	search_lmr_reduction_probe	also lmr_reduction	#ifdef CHESSO_TUNE int search_lmr_reduction_probe(int depth, int move_number) { return lmr_reduction(depth, mo
adocs/plan_todo/S098_reduction_refinement.md	123	src/search.cpp:960-961	7504c3d	WALK	func	negamax		negamax		if (ply > 0 && depth >= 3 && legal_moves_counter > 3 && !is_capture && !MOVE_PROMOTED(moves[i]) && !is_in_chec
adocs/plan_todo/S098_reduction_refinement.md	127	src/search.cpp:929	7504c3d	WALK	func	negamax		negamax		const bool is_check_move = is_capture ? false : is_check(game);
adocs/plan_todo/S098_reduction_refinement.md	129	src/search.cpp:964-965	7504c3d	WALK	func	negamax		negamax		if (reduction > child_depth - 1) { reduction = child_depth - 1; } if (reduction < 0) { reduction = 0; }
adocs/plan_todo/S098_reduction_refinement.md	132	src/search.cpp:968-991	7504c3d	WALK	func	negamax		negamax		if (legal_moves_counter == 1) { // The first legal move of a PV node continues the principal variation. score 
adocs/plan_todo/S098_reduction_refinement.md	134	src/search.cpp:973	7504c3d	WALK	func	negamax		negamax		score = -negamax(-alpha - 1, -alpha, child_depth - reduction, ply + 1,
adocs/plan_todo/S098_reduction_refinement.md	135	src/search.cpp:979-982	7504c3d	WALK	func	negamax		negamax		if (!state->aborted && reduction > 0 && score > alpha) { score = -negamax(-alpha - 1, -alpha, child_depth, ply
adocs/plan_todo/S098_reduction_refinement.md	136	src/search.cpp:988-991	7504c3d	WALK	func	negamax		negamax		if (!state->aborted && score > alpha && score < beta) { score = -negamax(-beta, -alpha, child_depth, ply + 1, 
adocs/plan_todo/S098_reduction_refinement.md	137	src/search.cpp:1001	7504c3d	WALK	func	negamax		negamax		if (score > best_so_far) {
adocs/plan_todo/S098_reduction_refinement.md	139	src/search.cpp:596	7504c3d	WALK	func	negamax		negamax		bool is_pv)
adocs/plan_todo/S098_reduction_refinement.md	140	src/search.cpp:667	7504c3d	WALK	func	negamax		negamax		const move_t tt_move = (tt_entry != nullptr) ? tt_entry->best_move : 0;
adocs/plan_todo/S098_reduction_refinement.md	172	src/search.cpp:964-965	7504c3d	WALK	func	negamax		negamax		if (reduction > child_depth - 1) { reduction = child_depth - 1; } if (reduction < 0) { reduction = 0; }
adocs/plan_todo/S098_reduction_refinement.md	187	tests/test_search.cpp:2808	7504c3d	TITLE	title	pruning does not hide a forced mate		pruning does not hide a forced mate		TEST_CASE_FIXTURE(search_fixture_t, "pruning does not hide a forced mate")
adocs/plan_todo/S098_reduction_refinement.md	188	tests/test_search.cpp:2847	7504c3d	TITLE	title	pruning does not hide a mate against the material leader		pruning does not hide a mate against the material leader		TEST_CASE_FIXTURE(search_fixture_t,
adocs/plan_todo/S098_reduction_refinement.md	210	src/search.cpp:979-982	7504c3d	WALK	func	negamax		negamax		if (!state->aborted && reduction > 0 && score > alpha) { score = -negamax(-alpha - 1, -alpha, child_depth, ply
adocs/plan_todo/S098_reduction_refinement.md	216	src/search.cpp:988-991	7504c3d	WALK	func	negamax		negamax		if (!state->aborted && score > alpha && score < beta) { score = -negamax(-beta, -alpha, child_depth, ply + 1, 
adocs/plan_todo/S098_reduction_refinement.md	300	tests/test_search.cpp:2804-2825	7504c3d	TITLE	title	search: draws		search: draws		// The reduced search a null move runs must keep at least one real ply. At // zero it is quiescence, which onl
adocs/plan_todo/S098_reduction_refinement.md	389	src/search.cpp:960-961	7504c3d	WALK	func	negamax		negamax		if (ply > 0 && depth >= 3 && legal_moves_counter > 3 && !is_capture && !MOVE_PROMOTED(moves[i]) && !is_in_chec
adocs/plan_todo/S099_correction_history.md	112	src/data_structures.hpp:298	7862f41	AUTO	member	hash		hash		hash_t hash; // Zobrist Key
adocs/plan_todo/S099_correction_history.md	114	src/bitboard.cpp:685	7862f41	AUTO	func	add_piece		add_piece		board->hash ^= randoms->piece_randoms[piece][square];
adocs/plan_todo/S099_correction_history.md	114	src/bitboard.cpp:702	7862f41	AUTO	func	remove_piece		remove_piece		board->hash ^= randoms->piece_randoms[piece][square];
adocs/plan_todo/S099_correction_history.md	114	src/bitboard.cpp:724-725	7862f41	AUTO	func	move_piece		move_piece		board->hash ^= randoms->piece_randoms[piece][from]; board->hash ^= randoms->piece_randoms[piece][to];
adocs/plan_todo/S099_correction_history.md	116	src/bitboard.cpp:992	7862f41	HAND	func	unmake_move_impl		unmake_move_impl	paragraph names compute_full_hash, unmake_move	board->hash = entry->hash;
adocs/plan_todo/S099_correction_history.md	116	src/bitboard.cpp:1518	7862f41	AUTO	func	compute_full_hash		compute_full_hash		hash_t compute_full_hash(game_t* game)
adocs/plan_todo/S099_correction_history.md	123	src/bitboard.cpp:803	7862f41	HAND	func	make_move_impl		make_move_impl	paragraph names remove_piece	remove_piece<us>(board, randoms, pawn, move.to);
adocs/plan_todo/S099_correction_history.md	123	src/bitboard.cpp:812	7862f41	HAND	func	make_move_impl		make_move_impl	paragraph names remove_piece	remove_piece<them>(board, randoms, captured_pawn, captured_square);
adocs/plan_todo/S099_correction_history.md	128	src/bitboard.cpp:1494	7862f41	AUTO	func	cleanup_board		cleanup_board		void cleanup_board(game_t* game)
adocs/plan_todo/S099_correction_history.md	129	src/bitboard.cpp:742	7862f41	HAND	func	make_move_impl		make_move_impl	paragraph names eval_accumulators_match	assert(eval_accumulators_match(&game->board));
adocs/plan_todo/S099_correction_history.md	130	src/bitboard.cpp:875	7862f41	HAND	func	make_move_impl		make_move_impl	paragraph names eval_accumulators_match	assert(eval_accumulators_match(board));
adocs/plan_todo/S099_correction_history.md	130	src/bitboard.cpp:997	7862f41	HAND	func	unmake_move_impl		unmake_move_impl	paragraph names eval_accumulators_match	assert(eval_accumulators_match(board));
adocs/plan_todo/S099_correction_history.md	135	src/chesso.cpp:48	7862f41	AUTO	const	tt				static transposition_table_t tt = {};
adocs/plan_todo/S099_correction_history.md	136	src/chesso.cpp:674-675	7862f41	WALK	func	iterative_deepening_search		search_book_move		search_state_t state = {}; state.tt = &tt;
adocs/plan_todo/S099_correction_history.md	137	src/chesso.cpp:1148-1161	7862f41	AUTO	func	command_ucinewgame		command_setoption		bool command_ucinewgame(std::queue<std::string>& args) { LOG_I << "Command [ucinewgame]. Args: " << args << EN
adocs/plan_todo/S099_correction_history.md	145	src/search.cpp:687	7862f41	WALK	func	negamax		negamax		const bool is_in_check = is_check(game);
adocs/plan_todo/S099_correction_history.md	146	src/search.cpp:678-681	7862f41	WALK	func	negamax		negamax		if (tt_entry_answers(tt_entry, depth, ply, alpha, beta, &tt_score)) { return tt_score; } }
adocs/plan_todo/S099_correction_history.md	149	src/search.cpp:767-771	7862f41	WALK	func	negamax		negamax		const int margin = RFP_MARGIN * depth; // Fail soft, and the bound returned is the one actually argued for: th
adocs/plan_todo/S099_correction_history.md	171	src/search.cpp:1099-1101	7862f41	WALK	func	negamax		negamax		const int to_store = normalize_score(best_so_far, ply); tt_store_entry(state->tt, &game->board, depth, to_stor
adocs/plan_todo/S099_correction_history.md	172	src/search.cpp:996	7862f41	WALK	func	negamax		negamax		if (state->aborted) { return 0; }
adocs/plan_todo/S099_correction_history.md	177	src/search.cpp:1099	7862f41	WALK	func	negamax		negamax		const int to_store = normalize_score(best_so_far, ply);
adocs/plan_todo/S099_correction_history.md	183	src/search.cpp:771	7862f41	WALK	func	negamax		negamax		if (static_eval - margin >= beta) { return static_eval - margin; }
adocs/plan_todo/S099_correction_history.md	232	src/search.cpp:349	7862f41	WALK	func	quiescence		quiescence		: evaluate_lazy(&game->board, alpha, beta, &static_eval_is_exact);
adocs/plan_todo/S109_shallow_depth_pruning_block.md	3	src/search.cpp:678	7504c3d	WALK	func	negamax		negamax		if (tt_entry_answers(tt_entry, depth, ply, alpha, beta, &tt_score)) {
adocs/plan_todo/S109_shallow_depth_pruning_block.md	179	src/search.cpp:645	7504c3d	WALK	func	negamax		negamax		// it calls a draw (two kings, with at most one knight or bishop, either
adocs/plan_todo/S109_shallow_depth_pruning_block.md	180	src/search.cpp:897-913	7504c3d	WALK	func	negamax		negamax		if (i == moves_count) { // The captures ran out without a cutoff, so the quiets are needed after // all. This 
adocs/plan_todo/S109_shallow_depth_pruning_block.md	181	src/search.cpp:915	7504c3d	HAND	func	negamax		negamax	paragraph names pick_next_move	pick_next_move(moves, scores, moves_count, i);
adocs/plan_todo/S109_shallow_depth_pruning_block.md	182	src/search.cpp:917	7504c3d	HAND	func	negamax		negamax	paragraph names pick_next_move	if (!make_move(game, moves[i])) { continue; }
adocs/plan_todo/S109_shallow_depth_pruning_block.md	182	src/search.cpp:919	7504c3d	HAND	func	negamax		negamax	paragraph names pick_next_move	const bool is_capture = MOVE_CAPTURE(moves[i]);
adocs/plan_todo/S109_shallow_depth_pruning_block.md	183	src/search.cpp:929	7504c3d	WALK	func	negamax		negamax		const bool is_check_move = is_capture ? false : is_check(game);
adocs/plan_todo/S109_shallow_depth_pruning_block.md	184	src/search.cpp:930	7504c3d	WALK	func	negamax		negamax		legal_moves_counter++;
adocs/plan_todo/S109_shallow_depth_pruning_block.md	186	src/search.cpp:960-965	7504c3d	WALK	func	negamax		negamax		if (ply > 0 && depth >= 3 && legal_moves_counter > 3 && !is_capture && !MOVE_PROMOTED(moves[i]) && !is_in_chec
adocs/plan_todo/S109_shallow_depth_pruning_block.md	186	src/search.cpp:1006-1030	7504c3d	WALK	func	negamax		negamax		if (score >= beta) { // Fail-high type = TT_BETA_NODE; // Store killing move, history, and counter move if (!i
adocs/plan_todo/S109_shallow_depth_pruning_block.md	187	src/search.cpp:1065-1067	7504c3d	WALK	func	negamax		negamax		if (legal_moves_counter == 0) { return is_in_check ? -(MATE_MAX - static_cast<int>(ply)) : DRAW_SCORE; }
adocs/plan_todo/S109_shallow_depth_pruning_block.md	188	src/search.cpp:596	7504c3d	WALK	func	negamax		negamax		bool is_pv)
adocs/plan_todo/S109_shallow_depth_pruning_block.md	189	src/search.cpp:765-766	7504c3d	WALK	func	negamax		negamax		if (!is_pv && !is_in_check && static_cast<int>(ply) >= RFP_MIN_PLY && depth <= RFP_MAX_DEPTH && beta < MATE_MI
adocs/plan_todo/S109_shallow_depth_pruning_block.md	192	src/search.cpp:42-76	7504c3d	SPAN	func	history_gravity_update	`src/search.cpp` `history_gravity_update` and `src/search.cpp` `history_on_quiet_cutoff`	history_gravity_update	also history_on_quiet_cutoff	// bound -- which is all of them -- and gravity silently stops ageing while // still looking like the publishe
adocs/plan_todo/S109_shallow_depth_pruning_block.md	193	src/search_params.hpp:166-167	7504c3d	WALK	define	CHESSO_SEARCH_PARAMS		CHESSO_SEARCH_PARAMS		with RfpMaxDepth held at 15, and re-measured at S142 before this bound \ was set: at 2 and above the mate in t
adocs/plan_todo/S109_shallow_depth_pruning_block.md	208	src/search.cpp:960-961	7504c3d	WALK	func	negamax		negamax		if (ply > 0 && depth >= 3 && legal_moves_counter > 3 && !is_capture && !MOVE_PROMOTED(moves[i]) && !is_in_chec
adocs/plan_todo/S109_shallow_depth_pruning_block.md	211	src/bitboard.cpp:1185	7504c3d	AUTO	func	see_ge		see_ge		{
adocs/plan_todo/S109_shallow_depth_pruning_block.md	213	src/bitboard.cpp:1271	7504c3d	AUTO	func	see		see		{
adocs/plan_todo/S109_shallow_depth_pruning_block.md	214	src/bitboard.cpp:1096	7504c3d	CHOSEN			`src/bitboard.cpp` `see_value`			
adocs/plan_todo/S109_shallow_depth_pruning_block.md	215	src/bitboard.cpp:1160	7504c3d	AUTO	func	capture_cannot_lose		capture_cannot_lose		{
adocs/plan_todo/S109_shallow_depth_pruning_block.md	218	src/search.cpp:929	7504c3d	WALK	func	negamax		negamax		const bool is_check_move = is_capture ? false : is_check(game);
adocs/plan_todo/S109_shallow_depth_pruning_block.md	231	src/search.cpp:897-913	7504c3d	WALK	func	negamax		negamax		if (i == moves_count) { // The captures ran out without a cutoff, so the quiets are needed after // all. This 
adocs/plan_todo/S109_shallow_depth_pruning_block.md	233	src/search.cpp:880-884	7504c3d	WALK	func	negamax		negamax		if (tt_move_is_quiet || moves_count == 0) { moves_count += generate_quiets(game_tables(), &game->board, moves 
adocs/plan_todo/S109_shallow_depth_pruning_block.md	255	tests/test_search.cpp:2808	7504c3d	TITLE	title	pruning does not hide a forced mate		pruning does not hide a forced mate		TEST_CASE_FIXTURE(search_fixture_t, "pruning does not hide a forced mate")
adocs/plan_todo/S109_shallow_depth_pruning_block.md	261	src/search.cpp:1065-1067	7504c3d	WALK	func	negamax		negamax		if (legal_moves_counter == 0) { return is_in_check ? -(MATE_MAX - static_cast<int>(ply)) : DRAW_SCORE; }
adocs/plan_todo/S109_shallow_depth_pruning_block.md	357	src/search.cpp:1065-1067	7504c3d	WALK	func	negamax		negamax		if (legal_moves_counter == 0) { return is_in_check ? -(MATE_MAX - static_cast<int>(ply)) : DRAW_SCORE; }
adocs/plan_todo/S109_shallow_depth_pruning_block.md	372	src/evaluation.cpp:33-37	7504c3d	CHOSEN			`src/evaluation.cpp` `ORDER_TT_MOVE` to `src/evaluation.cpp` `ORDER_COUNTER`			
adocs/plan_todo/S109_shallow_depth_pruning_block.md	373	src/evaluation.cpp:1160-1166	7504c3d	AUTO	func	score_move		score_move		if (move == state->killer_moves[0][ply]) { return ORDER_KILLER_0; } if (move == state->killer_moves[1][ply]) {
adocs/plan_todo/S109_shallow_depth_pruning_block.md	452	src/search.cpp:678	7504c3d	WALK	func	negamax		negamax		if (tt_entry_answers(tt_entry, depth, ply, alpha, beta, &tt_score)) {
adocs/plan_todo/S112_quiescence_move_futility.md	3	tests/test_search.cpp:993	7862f41	TITLE	title	a side in check may not stand pat		a side in check may not stand pat		TEST_CASE_FIXTURE(search_fixture_t, "a side in check may not stand pat")
adocs/plan_todo/S112_quiescence_move_futility.md	3	tests/test_search.cpp:1067	7862f41	TITLE	title	mate is recognised at depth zero		mate is recognised at depth zero		TEST_CASE_FIXTURE(search_fixture_t, "mate is recognised at depth zero")
adocs/plan_todo/S112_quiescence_move_futility.md	104	src/search.cpp:467-489	7862f41	WALK	func	quiescence		quiescence		size_t count = 0; for (size_t i = 0; i < n; ++i) { if (!in_check && !MOVE_CAPTURE(moves[i])) { continue; } // 
adocs/plan_todo/S112_quiescence_move_futility.md	105	src/search.cpp:469	7862f41	WALK	func	quiescence		quiescence		if (!in_check && !MOVE_CAPTURE(moves[i])) { continue; }
adocs/plan_todo/S112_quiescence_move_futility.md	105	src/search.cpp:481-484	7862f41	WALK	func	quiescence		quiescence		if (!in_check && !capture_cannot_lose(&game->board, moves[i]) && !see_ge(&game->board, moves[i], 0)) { continu
adocs/plan_todo/S112_quiescence_move_futility.md	107	src/search.cpp:507-545	7862f41	WALK	func	quiescence		quiescence		for (size_t i = 0; i < count; ++i) { pick_next_move(moves, scores, count, i); if (!make_move(game, moves[i])) 
adocs/plan_todo/S112_quiescence_move_futility.md	107	src/search.cpp:491	7862f41	WALK	func	quiescence		quiescence		int best_value = in_check ? MIN : stand_pat;
adocs/plan_todo/S112_quiescence_move_futility.md	110	src/search.cpp:481	7862f41	WALK	func	quiescence		quiescence		if (!in_check && !capture_cannot_lose(&game->board, moves[i]) &&
adocs/plan_todo/S112_quiescence_move_futility.md	113	src/bitboard.cpp:1160-1174	7862f41	AUTO	func	capture_cannot_lose		capture_cannot_lose		bool capture_cannot_lose(const board_t* board, move_t move) { assert(board != nullptr); if (MOVE_EN_PASSANT(mo
adocs/plan_todo/S112_quiescence_move_futility.md	116	src/evaluation.cpp:41-43	7862f41	AUTO	const	piece_values_abs		piece_values_abs		static constexpr int piece_values_abs[] = { MVV_PAWN, MVV_KNIGHT, MVV_BISHOP, MVV_ROOK, MVV_QUEEN, MVV_KING, M
adocs/plan_todo/S112_quiescence_move_futility.md	118	src/search_params.hpp:29-32	7862f41	CHOSEN			`src/search_params.hpp` "Not in the set, on purpose"			
adocs/plan_todo/S112_quiescence_move_futility.md	120	src/bitboard.cpp:1096	7862f41	AUTO	const	see_value				static constexpr int see_value[6] = {100, 300, 300, 500, 900, 10000};
adocs/plan_todo/S112_quiescence_move_futility.md	121	src/eval_tables.hpp:24	7862f41	AUTO	const	piece_value		piece_value		static constexpr int piece_value[6] = {PAWN, KNIGHT, BISHOP, ROOK, QUEEN, 0};
adocs/plan_todo/S112_quiescence_move_futility.md	123	src/eval_tables.hpp:44-49	7862f41	PHRASE	phrase	degenerate by five dimensions -- adding c to every		degenerate by five dimensions -- adding c to every	no enclosing definition	// Do not read meaning into an individual number. The parameterisation is // degenerate by five dimensions -- 
adocs/plan_todo/S112_quiescence_move_futility.md	127	src/evaluation.cpp:1125-1134	7862f41	WALK	func	capture_score		capture_score		int capture_score(const board_t* board, move_t move) { // An en-passant victim does not sit on the target squa
adocs/plan_todo/S112_quiescence_move_futility.md	131	src/search.cpp:469	7862f41	WALK	func	quiescence		quiescence		if (!in_check && !MOVE_CAPTURE(moves[i])) { continue; }
adocs/plan_todo/S112_quiescence_move_futility.md	136	src/search.cpp:928-929	7862f41	WALK	func	negamax		negamax		// is_check() is an attack scan - do not pay for it on captures. const bool is_check_move = is_capture ? false
adocs/plan_todo/S112_quiescence_move_futility.md	143	src/search.cpp:361	7862f41	WALK	func	quiescence		quiescence		const int stored_eval = static_eval_is_exact ? static_eval : TT_EVAL_NONE;
adocs/plan_todo/S112_quiescence_move_futility.md	144	src/search.cpp:421	7862f41	WALK	func	quiescence		quiescence		if (stand_pat >= beta) {
adocs/plan_todo/S112_quiescence_move_futility.md	151	src/evaluation.hpp:24-27	7862f41	PHRASE	phrase	one it would have taken, and both are true statements		one it would have taken, and both are true statements	no enclosing definition	// What is returned in that case is the guaranteed bound and not the cheap // score: cheap - LAZY_EVAL_MARGIN 
adocs/plan_todo/S112_quiescence_move_futility.md	156	src/search.cpp:438	7862f41	WALK	func	quiescence		quiescence		if (stand_pat > alpha) { alpha = stand_pat; }
adocs/plan_todo/S112_quiescence_move_futility.md	158	src/search.cpp:576-578	7862f41	WALK	func	quiescence		quiescence		tt_store_entry(state->tt, &game->board, TT_DEPTH_QS, normalize_score(best_value, ply), stored_type, best_move,
adocs/plan_todo/S112_quiescence_move_futility.md	165	tests/test_search.cpp:917-931	7862f41	TITLE	title	search: quiescence		search: quiescence		static int quiesce(const std::string& fen, int alpha, int beta) { REQUIRE_MESSAGE(load_FEN(fen, &game), ("FEN:
adocs/plan_todo/S112_quiescence_move_futility.md	167	src/search.cpp:302	7862f41	WALK	func	quiescence		quiescence		state->explored_nodes++;
adocs/plan_todo/S112_quiescence_move_futility.md	179	src/search.cpp:549	7862f41	WALK	func	quiescence		quiescence		if (in_check && legal_moves == 0) {
adocs/plan_todo/S112_quiescence_move_futility.md	182	src/search.cpp:928	7862f41	WALK	func	negamax		negamax		// is_check() is an attack scan - do not pay for it on captures.
adocs/plan_todo/S112_quiescence_move_futility.md	187	src/search.cpp:446	7862f41	WALK	func	quiescence		quiescence		if (static_cast<int>(qply) >= MAX_QSEARCH_DEPTH) { return stand_pat; }
adocs/plan_todo/S112_quiescence_move_futility.md	187	src/search.cpp:481	7862f41	WALK	func	quiescence		quiescence		if (!in_check && !capture_cannot_lose(&game->board, moves[i]) &&
adocs/plan_todo/S112_quiescence_move_futility.md	189	src/search.cpp:491	7862f41	WALK	func	quiescence		quiescence		int best_value = in_check ? MIN : stand_pat;
adocs/plan_todo/S112_quiescence_move_futility.md	192	tests/test_search.cpp:993-1027	7862f41	TITLE	title	a side in check may not stand pat		a side in check may not stand pat		TEST_CASE_FIXTURE(search_fixture_t, "a side in check may not stand pat") { // Black is ahead on material, so s
adocs/plan_todo/S112_quiescence_move_futility.md	195	tests/test_search.cpp:1067-1079	7862f41	TITLE	title	mate is recognised at depth zero		mate is recognised at depth zero		TEST_CASE_FIXTURE(search_fixture_t, "mate is recognised at depth zero") { const std::string fen = "7k/6Q1/6K1/
adocs/plan_todo/S112_quiescence_move_futility.md	209	src/bitboard.cpp:1096	7862f41	AUTO	const	see_value				static constexpr int see_value[6] = {100, 300, 300, 500, 900, 10000};
adocs/plan_todo/S112_quiescence_move_futility.md	216	src/search.cpp:549	7862f41	WALK	func	quiescence		quiescence		if (in_check && legal_moves == 0) {
adocs/plan_todo/S112_quiescence_move_futility.md	220	search_params.hpp:29-32	7862f41	CHOSEN			`src/search_params.hpp` "Not in the set, on purpose"			
adocs/plan_todo/S112_quiescence_move_futility.md	228	evaluation.cpp:1127-1130	7862f41	WALK	func	capture_score		capture_score		// An en-passant victim does not sit on the target square const piece_t victim = MOVE_EN_PASSANT(move) ? ((boa
adocs/plan_todo/S112_quiescence_move_futility.md	239	src/search.cpp:446	7862f41	WALK	func	quiescence		quiescence		if (static_cast<int>(qply) >= MAX_QSEARCH_DEPTH) { return stand_pat; }
adocs/plan_todo/S113_probcut.md	101	src/search.cpp:765-772	56b4276	WALK	func	negamax		negamax		if (!is_pv && !is_in_check && static_cast<int>(ply) >= RFP_MIN_PLY && depth <= RFP_MAX_DEPTH && beta < MATE_MI
adocs/plan_todo/S113_probcut.md	102	src/search.cpp:814-841	56b4276	WALK	func	negamax		negamax		const int null_reduction = NULL_MOVE_BASE + (depth / NULL_MOVE_DIVISOR); // The reduced search has to keep at 
adocs/plan_todo/S113_probcut.md	103	src/search.cpp:841	56b4276	WALK	func	negamax		negamax		}
adocs/plan_todo/S113_probcut.md	103	src/search.cpp:843	56b4276	WALK	func	negamax		negamax		node_type_t type = TT_ALPHA_NODE;
adocs/plan_todo/S113_probcut.md	107	search.hpp:46-51	56b4276	WALK	func	quiescence		quiescence		int quiescence(int alpha, int beta, size_t ply, size_t qply, game_t* game, search_state_t* state);
adocs/plan_todo/S113_probcut.md	108	src/search.cpp:684	56b4276	WALK	func	negamax		negamax		if (depth < 1) { return quiescence(alpha, beta, ply, 0, game, state); }
adocs/plan_todo/S113_probcut.md	110	src/search.cpp:917	56b4276	WALK	func	negamax		negamax		if (!make_move(game, moves[i])) { continue; }
adocs/plan_todo/S113_probcut.md	114	src/search.cpp:875	56b4276	WALK	func	negamax		negamax		size_t moves_count = generate_captures(game_tables(), &game->board, moves);
adocs/plan_todo/S113_probcut.md	116	evaluation.hpp:308	56b4276	AUTO	decl	capture_score		capture_score		int capture_score(const board_t* board, move_t move);
adocs/plan_todo/S113_probcut.md	117	src/search.cpp:141	56b4276	AUTO	func	pick_next_move		pick_next_move		inline void pick_next_move(move_t moves[], int scores[], size_t count, size_t i)
adocs/plan_todo/S113_probcut.md	118	src/search.cpp:481-482	56b4276	WALK	func	quiescence		quiescence		if (!in_check && !capture_cannot_lose(&game->board, moves[i]) && !see_ge(&game->board, moves[i], 0)) {
adocs/plan_todo/S113_probcut.md	119	bitboard.cpp:1160	56b4276	AUTO	func	capture_cannot_lose		capture_cannot_lose		{
adocs/plan_todo/S113_probcut.md	119	src/bitboard.cpp:1185	56b4276	AUTO	func	see_ge		see_ge		{
adocs/plan_todo/S113_probcut.md	120	src/bitboard.cpp:303-307	56b4276	WALK	func	generate_moves_body		generate_moves_body		} } } // En-passant. It is the one move that takes two pieces off the same rank
adocs/plan_todo/S113_probcut.md	123	src/search.cpp:663-673	56b4276	WALK	func	negamax		negamax		const tt_entry_t* tt_entry = tt_get_entry(state->tt, &game->board); // Copied out now: a deeper node can overw
adocs/plan_todo/S113_probcut.md	124	src/search.cpp:193	56b4276	AUTO	func	de_normalize_score		de_normalize_score		inline int de_normalize_score(int score, int ply)
adocs/plan_todo/S113_probcut.md	132	transposition_table.hpp:49-55	56b4276	WALK	func	tt_store_entry		tt_store_entry		void tt_store_entry(transposition_table_t* tt, const board_t* board, int depth, int score, node_type_t type, m
adocs/plan_todo/S113_probcut.md	133	src/search.cpp:731	56b4276	WALK	func	negamax		negamax		state->static_evals[ply] = static_eval;
adocs/plan_todo/S113_probcut.md	147	src/search_params.hpp:50	56b4276	WALK	define	CHESSO_SEARCH_PARAMS		CHESSO_SEARCH_PARAMS		#define CHESSO_SEARCH_PARAMS(X) \
adocs/plan_todo/S113_probcut.md	148	src/search.cpp:841	56b4276	WALK	func	negamax		negamax		}
adocs/plan_todo/S113_probcut.md	150	src/search.cpp:765-766	56b4276	WALK	func	negamax		negamax		if (!is_pv && !is_in_check && static_cast<int>(ply) >= RFP_MIN_PLY && depth <= RFP_MAX_DEPTH && beta < MATE_MI
adocs/plan_todo/S113_probcut.md	155	src/search.cpp:996	56b4276	WALK	func	negamax		negamax		if (state->aborted) { return 0; }
adocs/plan_todo/S113_probcut.md	162	tests/test_search.cpp:2808	56b4276	TITLE	title	pruning does not hide a forced mate		pruning does not hide a forced mate		TEST_CASE_FIXTURE(search_fixture_t, "pruning does not hide a forced mate")
adocs/plan_todo/S113_probcut.md	169	tests/test_search.cpp:2808	56b4276	TITLE	title	pruning does not hide a forced mate		pruning does not hide a forced mate		TEST_CASE_FIXTURE(search_fixture_t, "pruning does not hide a forced mate")
adocs/plan_todo/S113_probcut.md	170	tests/test_search.cpp:2847	56b4276	TITLE	title	pruning does not hide a mate against the material leader		pruning does not hide a mate against the material leader		TEST_CASE_FIXTURE(search_fixture_t,
adocs/plan_todo/S114_null_move_refinements.md	39	src/search.cpp:829	7504c3d	WALK	func	negamax		negamax		const int null_score = -negamax(-beta, -beta + 1, depth - 1 - reduction,
adocs/plan_todo/S114_null_move_refinements.md	87	src/search.cpp:814	7504c3d	WALK	func	negamax		negamax		const int null_reduction = NULL_MOVE_BASE + (depth / NULL_MOVE_DIVISOR);
adocs/plan_todo/S114_null_move_refinements.md	87	src/search_params.hpp:189-190	7504c3d	SPAN	xmacro	NULL_MOVE_BASE	`src/search_params.hpp` `NULL_MOVE_BASE` and `src/search_params.hpp` `NULL_MOVE_DIVISOR`	NULL_MOVE_BASE	also NULL_MOVE_DIVISOR	X(NULL_MOVE_BASE, "NullMoveBase", 3, 0, 16) \ X(NULL_MOVE_DIVISOR, "NullMoveDivisor", 6, 1, 64) \
adocs/plan_todo/S114_null_move_refinements.md	89	src/search.cpp:822-824	7504c3d	WALK	func	negamax		negamax		if (!is_pv && !is_in_check && ply > 0 && prev_move != 0 && depth - 1 - null_reduction >= 1 && beta < MATE_MIN 
adocs/plan_todo/S114_null_move_refinements.md	93	src/search.cpp:823	7504c3d	WALK	func	negamax		negamax		depth - 1 - null_reduction >= 1 && beta < MATE_MIN && beta > -MATE_MIN &&
adocs/plan_todo/S114_null_move_refinements.md	93	src/search.cpp:816-821	7504c3d	WALK	func	negamax		negamax		// The reduced search has to keep at least one real ply. Let it fall to zero // and it becomes pure quiescence
adocs/plan_todo/S114_null_move_refinements.md	96	tests/test_search.cpp:2808	7504c3d	TITLE	title	pruning does not hide a forced mate		pruning does not hide a forced mate		TEST_CASE_FIXTURE(search_fixture_t, "pruning does not hide a forced mate")
adocs/plan_todo/S114_null_move_refinements.md	98	src/evaluation.cpp:1111	7504c3d	AUTO	func	game_phase		game_phase		int game_phase(const board_t* board)
adocs/plan_todo/S114_null_move_refinements.md	99	src/eval_tables.hpp:28	7504c3d	WALK	const	phase_value		phase_value		static constexpr int phase_value[6] = {0, 1, 1, 2, 4, 0};
adocs/plan_todo/S114_null_move_refinements.md	102	src/search.cpp:836-839	7504c3d	WALK	func	negamax		negamax		if (null_score >= beta) { // A mate score out of a null move search is not a mate anyone can force, // it is a
adocs/plan_todo/S114_null_move_refinements.md	107	src/search.cpp:839	7504c3d	WALK	func	negamax		negamax		return (null_score >= MATE_MIN) ? beta : null_score;
adocs/plan_todo/S114_null_move_refinements.md	111	src/search.cpp:720	7504c3d	WALK	func	negamax		negamax		const int static_eval =
adocs/plan_todo/S114_null_move_refinements.md	112	src/search.cpp:731	7504c3d	WALK	func	negamax		negamax		state->static_evals[ply] = static_eval;
adocs/plan_todo/S114_null_move_refinements.md	117	src/search_params.hpp:189-190	7504c3d	SPAN	xmacro	NULL_MOVE_BASE	`src/search_params.hpp` `NULL_MOVE_BASE` and `src/search_params.hpp` `NULL_MOVE_DIVISOR`	NULL_MOVE_BASE	also NULL_MOVE_DIVISOR	X(NULL_MOVE_BASE, "NullMoveBase", 3, 0, 16) \ X(NULL_MOVE_DIVISOR, "NullMoveDivisor", 6, 1, 64) \
adocs/plan_todo/S114_null_move_refinements.md	121	src/search.cpp:823	7504c3d	WALK	func	negamax		negamax		depth - 1 - null_reduction >= 1 && beta < MATE_MIN && beta > -MATE_MIN &&
adocs/plan_todo/S114_null_move_refinements.md	127	tests/test_search.cpp:2808	7504c3d	TITLE	title	pruning does not hide a forced mate		pruning does not hide a forced mate		TEST_CASE_FIXTURE(search_fixture_t, "pruning does not hide a forced mate")
adocs/plan_todo/S114_null_move_refinements.md	208	src/search.cpp:823	7504c3d	WALK	func	negamax		negamax		depth - 1 - null_reduction >= 1 && beta < MATE_MIN && beta > -MATE_MIN &&
adocs/plan_todo/S114_null_move_refinements.md	210	src/search.cpp:684	7504c3d	WALK	func	negamax		negamax		if (depth < 1) { return quiescence(alpha, beta, ply, 0, game, state); }
adocs/plan_todo/S114_null_move_refinements.md	231	src/search.cpp:841	7504c3d	WALK	func	negamax		negamax		}
adocs/plan_todo/S114_null_move_refinements.md	231	src/search.cpp:814-841	7504c3d	WALK	func	negamax		negamax		const int null_reduction = NULL_MOVE_BASE + (depth / NULL_MOVE_DIVISOR); // The reduced search has to keep at 
adocs/plan_todo/S114_null_move_refinements.md	270	src/search.cpp:823	7504c3d	WALK	func	negamax		negamax		depth - 1 - null_reduction >= 1 && beta < MATE_MIN && beta > -MATE_MIN &&
adocs/plan_todo/S115_aspiration_refinements.md	82	src/search.cpp:1103	192a5a3	WALK	func	negamax		negamax		return best_so_far;
adocs/plan_todo/S115_aspiration_refinements.md	83	src/search.cpp:771	192a5a3	WALK	func	negamax		negamax		if (static_eval - margin >= beta) { return static_eval - margin; }
adocs/plan_todo/S115_aspiration_refinements.md	83	src/search.cpp:839	192a5a3	WALK	func	negamax		negamax		return (null_score >= MATE_MIN) ? beta : null_score;
adocs/plan_todo/S115_aspiration_refinements.md	84	src/search.cpp:236-249	192a5a3	WALK	func	tt_entry_answers		tt_entry_answers		if (entry->type == TT_PV_NODE) { *score = tt_score; return true; } if (entry->type == TT_BETA_NODE && tt_score
adocs/plan_todo/S115_aspiration_refinements.md	85	src/search.cpp:580	192a5a3	WALK	func	quiescence		quiescence		return best_value;
adocs/plan_todo/S115_aspiration_refinements.md	89	src/chesso.cpp:765-772	192a5a3	WALK	func	iterative_deepening_search		iterative_deepening_search		result.total_node_explored = 0; // If no move found in the book search by engine // NOTE: stop_search_signal i
adocs/plan_todo/S115_aspiration_refinements.md	90	src/chesso.cpp:776-795	192a5a3	WALK	func	iterative_deepening_search		iterative_deepening_search		std::atomic_bool never_stop = false; state.stop = &never_stop; const auto beguine_of_the_search = std::chrono:
adocs/plan_todo/S115_aspiration_refinements.md	91	src/chesso.cpp:787	192a5a3	WALK	func	iterative_deepening_search		iterative_deepening_search		// The mate distance behind last_score, when it is a mate. Carried because the
adocs/plan_todo/S115_aspiration_refinements.md	92	src/chesso.cpp:789	192a5a3	WALK	func	iterative_deepening_search		iterative_deepening_search		// the line then has to be completed against the score it is printed beside.
adocs/plan_todo/S115_aspiration_refinements.md	93	src/chesso.cpp:792	192a5a3	WALK	func	iterative_deepening_search		iterative_deepening_search		int last_mate_in = 0;
adocs/plan_todo/S115_aspiration_refinements.md	94	src/chesso.cpp:794	192a5a3	WALK	func	iterative_deepening_search		iterative_deepening_search		// The centre of the next iteration's aspiration window, and whether there is
adocs/plan_todo/S115_aspiration_refinements.md	95	src/chesso.cpp:783-785	192a5a3	WALK	func	iterative_deepening_search		iterative_deepening_search		// depth that actually mean something alongside the line it will play. std::string last_score = "cp 0"; int la
adocs/plan_todo/S115_aspiration_refinements.md	97	src/chesso.cpp:831-842	192a5a3	HAND	func	iterative_deepening_search		iterative_deepening_search	paragraph names last_aspiration_failures	// Cap this iteration at whatever is left of the overall budget, so the // limit is honoured inside the search
adocs/plan_todo/S115_aspiration_refinements.md	98	src/chesso.cpp:60-64	192a5a3	CHOSEN			`src/chesso.cpp` `last_aspiration_failures`			
adocs/plan_todo/S115_aspiration_refinements.md	98	src/chesso.cpp:88-89	192a5a3	CHOSEN			`src/chesso.cpp` `last_aspiration_failures`			
adocs/plan_todo/S115_aspiration_refinements.md	127	search.cpp:1074-1096	192a5a3	WALK	func	negamax		negamax		if (ply == 0) { state->best_move = best_move; // A root fail-high leaves the two disagreeing, and S021 is what
adocs/plan_todo/S115_aspiration_refinements.md	138	src/chesso.cpp:792	192a5a3	WALK	func	iterative_deepening_search		iterative_deepening_search		int last_mate_in = 0;
adocs/plan_todo/S115_aspiration_refinements.md	146	src/search.hpp:8	192a5a3	WALK	const	SEARCH_SCORE_INF		SEARCH_SCORE_INF		inline constexpr int SEARCH_SCORE_INF = 2000000000;
adocs/plan_todo/S115_aspiration_refinements.md	150	search.cpp:16	192a5a3	WALK	define	MATE_MAX		MATE_MAX		#define MATE_MAX 49000
adocs/plan_todo/S115_aspiration_refinements.md	151	src/chesso.cpp:783	192a5a3	WALK	func	iterative_deepening_search		iterative_deepening_search		// depth that actually mean something alongside the line it will play.
adocs/plan_todo/S115_aspiration_refinements.md	152	src/chesso.cpp:842	192a5a3	WALK	func	iterative_deepening_search		iterative_deepening_search		// the root is searched in a band around it instead of from -inf to +inf. A
adocs/plan_todo/S115_aspiration_refinements.md	171	chesso.cpp:678	192a5a3	WALK	func	search_book_move		search_book_move		for (size_t i = 0; i < moves_cout; ++i) {
adocs/plan_todo/S115_aspiration_refinements.md	173	search.cpp:1074-1096	192a5a3	WALK	func	negamax		negamax		if (ply == 0) { state->best_move = best_move; // A root fail-high leaves the two disagreeing, and S021 is what
adocs/plan_todo/S115_aspiration_refinements.md	177	chesso.cpp:847-879	192a5a3	WALK	func	iterative_deepening_search		iterative_deepening_search		// a bound - the search proved "at most alpha" or "at least beta" and // nothing more - so the iteration is re
adocs/plan_todo/S115_aspiration_refinements.md	196	chesso.cpp:847-879	192a5a3	WALK	func	iterative_deepening_search		iterative_deepening_search		// a bound - the search proved "at most alpha" or "at least beta" and // nothing more - so the iteration is re
adocs/plan_todo/S115_aspiration_refinements.md	209	search.cpp:1103	192a5a3	WALK	func	negamax		negamax		return best_so_far;
adocs/plan_todo/S115_aspiration_refinements.md	210	src/search.cpp:771	192a5a3	WALK	func	negamax		negamax		if (static_eval - margin >= beta) { return static_eval - margin; }
adocs/plan_todo/S115_aspiration_refinements.md	210	src/search.cpp:839	192a5a3	WALK	func	negamax		negamax		return (null_score >= MATE_MIN) ? beta : null_score;
adocs/plan_todo/S115_aspiration_refinements.md	210	src/search.cpp:236-249	192a5a3	WALK	func	tt_entry_answers		tt_entry_answers		if (entry->type == TT_PV_NODE) { *score = tt_score; return true; } if (entry->type == TT_BETA_NODE && tt_score
adocs/plan_todo/S115_aspiration_refinements.md	211	src/search.cpp:580	192a5a3	WALK	func	quiescence		quiescence		return best_value;
adocs/plan_todo/S115_aspiration_refinements.md	212	chesso.cpp:787	192a5a3	WALK	func	iterative_deepening_search		iterative_deepening_search		// The mate distance behind last_score, when it is a mate. Carried because the
adocs/plan_todo/S115_aspiration_refinements.md	212	src/chesso.cpp:789	192a5a3	WALK	func	iterative_deepening_search		iterative_deepening_search		// the line then has to be completed against the score it is printed beside.
adocs/plan_todo/S116_razoring_depth_one.md	81	src/search.cpp:733-772	7862f41	WALK	func	negamax		negamax		// Reverse futility pruning, also called static null move pruning. The null // move observation without the nu
adocs/plan_todo/S116_razoring_depth_one.md	82	src/search.cpp:774-841	7862f41	WALK	func	negamax		negamax		// Null move pruning. Give the opponent a free move; if the position is still // good enough to fail high afte
adocs/plan_todo/S116_razoring_depth_one.md	85	src/search.cpp:771	7862f41	WALK	func	negamax		negamax		if (static_eval - margin >= beta) { return static_eval - margin; }
adocs/plan_todo/S116_razoring_depth_one.md	86	src/search.cpp:973	7862f41	WALK	func	negamax		negamax		score = -negamax(-alpha - 1, -alpha, child_depth - reduction, ply + 1,
adocs/plan_todo/S116_razoring_depth_one.md	96	src/search.cpp:766	7862f41	WALK	func	negamax		negamax		depth <= RFP_MAX_DEPTH && beta < MATE_MIN && beta > -MATE_MIN) {
adocs/plan_todo/S116_razoring_depth_one.md	97	src/search.cpp:17	7862f41	WALK	define	MATE_MIN		MATE_MIN		#define MATE_MIN 48000
adocs/plan_todo/S116_razoring_depth_one.md	98	src/search.cpp:293	7862f41	WALK	func	quiescence		quiescence		int quiescence(int alpha,
adocs/plan_todo/S116_razoring_depth_one.md	99	src/search.cpp:684	7862f41	WALK	func	negamax		negamax		if (depth < 1) { return quiescence(alpha, beta, ply, 0, game, state); }
adocs/plan_todo/S116_razoring_depth_one.md	107	src/search.cpp:772	7862f41	WALK	func	negamax		negamax		}
adocs/plan_todo/S116_razoring_depth_one.md	107	src/search.cpp:774	7862f41	WALK	func	negamax		negamax		// Null move pruning. Give the opponent a free move; if the position is still
adocs/plan_todo/S116_razoring_depth_one.md	112	src/search.cpp:444-446	7862f41	WALK	func	quiescence		quiescence		// counter is a size_t, so the comparison is signed against unsigned. Both // sides are small and non-negative
adocs/plan_todo/S116_razoring_depth_one.md	114	tests/test_search.cpp:2808	7862f41	TITLE	title	pruning does not hide a forced mate		pruning does not hide a forced mate		TEST_CASE_FIXTURE(search_fixture_t, "pruning does not hide a forced mate")
adocs/plan_todo/S116_razoring_depth_one.md	115	tests/test_search.cpp:2847	7862f41	TITLE	title	pruning does not hide a mate against the material leader		pruning does not hide a mate against the material leader		TEST_CASE_FIXTURE(search_fixture_t,
adocs/plan_todo/S116_razoring_depth_one.md	152	src/search.cpp:766	7862f41	WALK	func	negamax		negamax		depth <= RFP_MAX_DEPTH && beta < MATE_MIN && beta > -MATE_MIN) {
adocs/plan_todo/S116_razoring_depth_one.md	169	src/search.cpp:608	7862f41	WALK	func	negamax		negamax		state->explored_nodes++;
adocs/plan_todo/S116_razoring_depth_one.md	170	src/search.cpp:302	7862f41	WALK	func	quiescence		quiescence		state->explored_nodes++;
adocs/plan_todo/S116_razoring_depth_one.md	171	src/search.cpp:684	7862f41	WALK	func	negamax		negamax		if (depth < 1) { return quiescence(alpha, beta, ply, 0, game, state); }
adocs/plan_todo/S116_razoring_depth_one.md	200	src/search.cpp:774-841	7862f41	WALK	func	negamax		negamax		// Null move pruning. Give the opponent a free move; if the position is still // good enough to fail high afte
adocs/plan_todo/S117_swar_packed_eval_score.md	26	adocs/specs.md:80-87	7862f41	CHOSEN			`adocs/specs.md` "A change is retained only against a measurement"			
adocs/plan_todo/S117_swar_packed_eval_score.md	85	src/eval_tables.hpp:55	7862f41	WALK	const	psqt_mg		psqt_mg		static constexpr int psqt_mg[6][64] = {
adocs/plan_todo/S117_swar_packed_eval_score.md	86	src/eval_tables.hpp:118	7862f41	WALK	const	psqt_eg		psqt_eg		static constexpr int psqt_eg[6][64] = {
adocs/plan_todo/S117_swar_packed_eval_score.md	87	src/evaluation.cpp:80-81	7862f41	SPAN	const	passed_pawn_mg	`src/evaluation.cpp` `passed_pawn_mg` and `src/evaluation.cpp` `passed_pawn_eg`	passed_pawn_mg	also passed_pawn_eg	const int passed_pawn_mg[6] = {0, -6, -4, 19, 59, -17}; const int passed_pawn_eg[6] = {15, 18, 46, 72, 96, 42}
adocs/plan_todo/S117_swar_packed_eval_score.md	88	src/evaluation.cpp:119-120	7862f41	SPAN	const	pawn_structure_mg	`src/evaluation.cpp` `pawn_structure_mg` and `src/evaluation.cpp` `pawn_structure_eg`	pawn_structure_mg	also pawn_structure_eg	const int pawn_structure_mg[PS_FEATURE_COUNT] = {-10, -9, -11}; const int pawn_structure_eg[PS_FEATURE_COUNT] 
adocs/plan_todo/S117_swar_packed_eval_score.md	89	src/evaluation.cpp:239-240	7862f41	SPAN	const	piece_placement_mg	`src/evaluation.cpp` `piece_placement_mg` and `src/evaluation.cpp` `piece_placement_eg`	piece_placement_mg	also piece_placement_eg	const int piece_placement_mg[PL_FEATURE_COUNT] = {0, 0, 0, 0}; const int piece_placement_eg[PL_FEATURE_COUNT] 
adocs/plan_todo/S117_swar_packed_eval_score.md	89	src/evaluation.cpp:639-640	7862f41	SPAN	const	tempo_mg	`src/evaluation.cpp` `tempo_mg` and `src/evaluation.cpp` `tempo_eg`	tempo_mg	also tempo_eg	const int tempo_mg = 0; const int tempo_eg = 0;
adocs/plan_todo/S117_swar_packed_eval_score.md	90	src/evaluation.cpp:747-748	7862f41	SPAN	const	mobility_mg	`src/evaluation.cpp` `mobility_mg` and `src/evaluation.cpp` `mobility_eg`	mobility_mg	also mobility_eg	const int mobility_mg[4] = {-1, 5, 8, 3}; // knight bishop rook queen const int mobility_eg[4] = {0, 5, 0, -6}
adocs/plan_todo/S117_swar_packed_eval_score.md	91	src/evaluation.cpp:790-793	7862f41	SPAN	const	king_safety_mg	`src/evaluation.cpp` `king_safety_mg` and `src/evaluation.cpp` `king_safety_eg`	king_safety_mg	also king_safety_eg	const int king_safety_mg[KS_FEATURE_COUNT] = {17, 20, 19, 34, -27, 26, 14, -40, -25}; const int king_safety_eg
adocs/plan_todo/S117_swar_packed_eval_score.md	93	src/data_structures.hpp:304-307	7862f41	AUTO	type	board_t		board_t		int32_t material; int32_t psqt_mg; int32_t psqt_eg; int32_t phase;
adocs/plan_todo/S117_swar_packed_eval_score.md	95	src/eval_tables.hpp:189-240	7862f41	CHOSEN			`src/eval_tables.hpp` `eval_add_piece` to `src/eval_tables.hpp` `eval_refresh`			
adocs/plan_todo/S117_swar_packed_eval_score.md	96	src/bitboard.cpp:687	7862f41	WALK	func	add_piece		add_piece		eval_add_piece(board, piece, square);
adocs/plan_todo/S117_swar_packed_eval_score.md	97	src/bitboard.cpp:937-938	7862f41	WALK	func	unmake_move_impl		unmake_move_impl		eval_remove_piece(board, rook.piece, rook.to); eval_add_piece(board, rook.piece, rook.from);
adocs/plan_todo/S117_swar_packed_eval_score.md	97	src/bitboard.cpp:953-954	7862f41	WALK	func	unmake_move_impl		unmake_move_impl		eval_remove_piece(board, promoted_to, move.to); eval_add_piece(board, pawn, move.to);
adocs/plan_todo/S117_swar_packed_eval_score.md	98	src/bitboard.cpp:967	7862f41	WALK	func	unmake_move_impl		unmake_move_impl		eval_add_piece(board, captured_pawn, captured_square);
adocs/plan_todo/S117_swar_packed_eval_score.md	98	src/bitboard.cpp:975-976	7862f41	WALK	func	unmake_move_impl		unmake_move_impl		eval_remove_piece(board, move.piece, move.to); eval_add_piece(board, move.piece, move.from);
adocs/plan_todo/S117_swar_packed_eval_score.md	98	src/bitboard.cpp:982	7862f41	WALK	func	unmake_move_impl		unmake_move_impl		eval_add_piece(board, entry->captured, move.to);
adocs/plan_todo/S117_swar_packed_eval_score.md	100	src/bitboard.cpp:596-604	7862f41	WALK	func	eval_accumulators_match		eval_accumulators_match		static bool eval_accumulators_match(const board_t* board) { board_t rebuilt = *board; eval_refresh(&rebuilt); 
adocs/plan_todo/S117_swar_packed_eval_score.md	101	tests/test_search.cpp:2798	7862f41	TITLE	title	a null move undoes itself exactly		a null move undoes itself exactly		REQUIRE_MESSAGE(std::memcmp(&before, &game.board, sizeof(board_t)) == 0,
adocs/plan_todo/S117_swar_packed_eval_score.md	101	tests/test_engine.cpp:63	7862f41	TITLE	title	engine: zobrist and unmake		engine: zobrist and unmake		REQUIRE_MESSAGE(memcmp(&before, &g->board, sizeof(board_t)) == 0,
adocs/plan_todo/S117_swar_packed_eval_score.md	103	src/evaluation.cpp:463-464	7862f41	WALK	func	evaluate_pawns		evaluate_pawns		int mg_sum = 0; int eg_sum = 0;
adocs/plan_todo/S117_swar_packed_eval_score.md	103	src/evaluation.cpp:475-476	7862f41	WALK	func	evaluate_pawns		evaluate_pawns		mg_sum += difference * pawn_structure_mg[f]; eg_sum += difference * pawn_structure_eg[f];
adocs/plan_todo/S117_swar_packed_eval_score.md	104	src/evaluation.cpp:486-487	7862f41	WALK	func	evaluate_pawns		evaluate_pawns		mg_sum += difference * piece_placement_mg[f]; eg_sum += difference * piece_placement_eg[f];
adocs/plan_todo/S117_swar_packed_eval_score.md	104	src/evaluation.cpp:516-517	7862f41	WALK	func	evaluate_pawns		evaluate_pawns		mg_sum += passed_pawn_mg[bucket]; eg_sum += passed_pawn_eg[bucket];
adocs/plan_todo/S117_swar_packed_eval_score.md	105	src/evaluation.cpp:529-530	7862f41	WALK	func	evaluate_pawns		evaluate_pawns		mg_sum -= passed_pawn_mg[bucket]; eg_sum -= passed_pawn_eg[bucket];
adocs/plan_todo/S117_swar_packed_eval_score.md	106	src/evaluation.cpp:688-690	7862f41	WALK	func	evaluate_cheap		evaluate_cheap		int pawn_mg = 0; int pawn_eg = 0; evaluate_pawns<false>(board, &pawn_mg, &pawn_eg, nullptr, nullptr, nullptr);
adocs/plan_todo/S117_swar_packed_eval_score.md	107	src/evaluation.cpp:921-924	7862f41	WALK	func	evaluate_mobility_and_king_safety		evaluate_mobility_and_king_safety		int mobility_mg_sum = 0; int mobility_eg_sum = 0; int safety_mg_sum = 0; int safety_eg_sum = 0;
adocs/plan_todo/S117_swar_packed_eval_score.md	107	src/evaluation.cpp:958-959	7862f41	WALK	func	evaluate_mobility_and_king_safety		evaluate_mobility_and_king_safety		mobility_mg_sum += mover * count * mobility_mg[type]; mobility_eg_sum += mover * count * mobility_eg[type];
adocs/plan_todo/S117_swar_packed_eval_score.md	108	src/evaluation.cpp:967-968	7862f41	WALK	func	evaluate_mobility_and_king_safety		evaluate_mobility_and_king_safety		safety_mg_sum += defender * king_safety_mg[attacker]; safety_eg_sum += defender * king_safety_eg[attacker];
adocs/plan_todo/S117_swar_packed_eval_score.md	108	src/evaluation.cpp:976-979	7862f41	WALK	func	evaluate_mobility_and_king_safety		evaluate_mobility_and_king_safety		safety_mg_sum += defender * incidences * king_safety_mg[KS_ZONE_ATTACKS]; safety_eg_sum += defender * incidenc
adocs/plan_todo/S117_swar_packed_eval_score.md	109	src/evaluation.cpp:998-999	7862f41	WALK	func	evaluate_mobility_and_king_safety		evaluate_mobility_and_king_safety		safety_mg_sum += sign * features[f] * king_safety_mg[f]; safety_eg_sum += sign * features[f] * king_safety_eg[
adocs/plan_todo/S117_swar_packed_eval_score.md	110	src/evaluation.cpp:697-700	7862f41	WALK	func	evaluate_cheap		evaluate_cheap		const int positional = (((board->psqt_mg + pawn_mg) * phase) + ((board->psqt_eg + pawn_eg) * (GAME_PHASE_MAX -
adocs/plan_todo/S117_swar_packed_eval_score.md	110	src/evaluation.cpp:725-727	7862f41	WALK	func	evaluate_cheap		evaluate_cheap		const int tempo = ((tempo_mg * phase) + (tempo_eg * (GAME_PHASE_MAX - phase))) / GAME_PHASE_MAX;
adocs/plan_todo/S117_swar_packed_eval_score.md	111	src/evaluation.cpp:1008-1011	7862f41	WALK	func	evaluate_mobility_and_king_safety		evaluate_mobility_and_king_safety		const int mobility = (mobility_mg_sum * phase + mobility_eg_sum * endgame) / GAME_PHASE_MAX; const int safety 
adocs/plan_todo/S117_swar_packed_eval_score.md	113	src/evaluation.cpp:1013-1015	7862f41	WALK	func	evaluate_mobility_and_king_safety		evaluate_mobility_and_king_safety		if constexpr (collect) { if (mobility_out != nullptr) { *mobility_out = mobility; } if (safety_out != nullptr)
adocs/plan_todo/S117_swar_packed_eval_score.md	114	src/evaluation.cpp:1066-1083	7862f41	WALK	func	evaluate_expensive_terms		evaluate_expensive_terms		void evaluate_expensive_terms(const board_t* board, int* mobility, int* safety) { int counts[2][KS_FEATURE_COU
adocs/plan_todo/S117_swar_packed_eval_score.md	115	tools/eval_spread.cpp:174	7862f41	WALK	func	main		main		evaluate_expensive_terms(&game.board, &mobility, &safety);
adocs/plan_todo/S117_swar_packed_eval_score.md	115	tests/test_evaluation.cpp:466-498	7862f41	TITLE	title	evaluation: score		evaluation: score		// one part of it the shipping path also computes. S034. TEST_CASE_FIXTURE(eval_fixture_t, "the unclamped term
adocs/plan_todo/S117_swar_packed_eval_score.md	117	tests/test_evaluation.cpp:484-487	7862f41	TITLE	title	the unclamped terms are the engine's own		the unclamped terms are the engine's own		REQUIRE_MESSAGE( std::clamp(raw, -LAZY_EVAL_MARGIN, LAZY_EVAL_MARGIN) == applied, ("FEN: " + fen + " raw " + s
adocs/plan_todo/S117_swar_packed_eval_score.md	139	tests/test_evaluation.cpp:484-487	7862f41	TITLE	title	the unclamped terms are the engine's own		the unclamped terms are the engine's own		REQUIRE_MESSAGE( std::clamp(raw, -LAZY_EVAL_MARGIN, LAZY_EVAL_MARGIN) == applied, ("FEN: " + fen + " raw " + s
adocs/plan_todo/S117_swar_packed_eval_score.md	148	src/evaluation.cpp:1045	7862f41	WALK	func	evaluate_expensive		evaluate_expensive		const int bounded = std::clamp(score, -LAZY_EVAL_MARGIN, LAZY_EVAL_MARGIN);
adocs/plan_todo/S117_swar_packed_eval_score.md	160	tests/bench_eval.cpp:197-215	7862f41	WALK	func	main		main		int64_t checksum = 0; for (const bench_position_t& position : POSITIONS) { if (!load_FEN(position.fen, &game))
adocs/plan_todo/S117_swar_packed_eval_score.md	168	test_evaluation.cpp:483-486	7862f41	TITLE	title	the unclamped terms are the engine's own		the unclamped terms are the engine's own		REQUIRE_MESSAGE( std::clamp(raw, -LAZY_EVAL_MARGIN, LAZY_EVAL_MARGIN) == applied, ("FEN: " + fen + " raw " + s
adocs/plan_todo/S117_swar_packed_eval_score.md	171	tools/tuner.cpp:332-408	7862f41	WALK	func	write_tables		write_tables		fprintf(out, "const int mobility_%s[4] = {", (table == 0) ? "mg" : "eg"); for (size_t i = 0; i < MOBILITY_COUN
adocs/plan_todo/S117_swar_packed_eval_score.md	172	tools/eval_model.hpp:1045-1087	7862f41	WALK	func	starting_params		starting_params		inline void starting_params(double* params) { for (size_t i = 0; i < MATERIAL_COUNT; ++i) { params[i] = piece_
adocs/plan_todo/S117_swar_packed_eval_score.md	175	data_structures.hpp:284-288	7862f41	PHRASE	phrase	single move, so they are packed together and follow		single move, so they are packed together and follow	no enclosing definition	// Field order is deliberate. The scalars below are read and written on every // single move, so they are pack
adocs/plan_todo/S119_tt_cluster_layout.md	17	fastchess.sh:348	fe25f46	CHOSEN			`fastchess.sh` "option.Hash=16 option.Threads=1"			
adocs/plan_todo/S119_tt_cluster_layout.md	30	rating.sh:36	fe25f46	WALK	const	hash_mb				hash_mb=128
adocs/plan_todo/S120_eval_cache.md	86	src/evaluation.cpp:1051-1052	7504c3d	SPAN	func	evaluate	`src/evaluation.cpp` `evaluate` and `src/evaluation.cpp` `evaluate_cheap`	evaluate	also evaluate_cheap	int evaluate(const board_t* board) { return evaluate_cheap(board) + evaluate_expensive(board); }
adocs/plan_todo/S120_eval_cache.md	88	src/evaluation.cpp:1045	7504c3d	WALK	func	evaluate_expensive		evaluate_expensive		const int bounded = std::clamp(score, -LAZY_EVAL_MARGIN, LAZY_EVAL_MARGIN);
adocs/plan_todo/S120_eval_cache.md	89	src/search_params.hpp:208	7504c3d	WALK	xmacro	LAZY_EVAL_MARGIN		LAZY_EVAL_MARGIN		X(LAZY_EVAL_MARGIN, "LazyEvalMargin", 184, 0, 2000) \
adocs/plan_todo/S120_eval_cache.md	103	src/search.cpp:349	7504c3d	WALK	func	quiescence		quiescence		: evaluate_lazy(&game->board, alpha, beta, &static_eval_is_exact);
adocs/plan_todo/S120_eval_cache.md	107	tools/eval_model.hpp:914	7504c3d	WALK	func	evaluate		evaluate		inline double evaluate(const uint16_t* pieces,
adocs/plan_todo/S120_eval_cache.md	112	src/bitboard.cpp:878-880	7504c3d	WALK	func	make_move_impl		make_move_impl		board->active_color = them; board->hash ^= randoms->side_randoms[them];
adocs/plan_todo/S120_eval_cache.md	114	src/evaluation.cpp:1107	7504c3d	WALK	func	evaluate_lazy		evaluate_lazy		return cheap + evaluate_expensive(board);
adocs/plan_todo/S120_eval_cache.md	114	src/evaluation.cpp:1099-1100	7504c3d	WALK	func	evaluate_lazy		evaluate_lazy		if (cheap - LAZY_EVAL_MARGIN >= beta) { return cheap - LAZY_EVAL_MARGIN; } if (cheap + LAZY_EVAL_MARGIN <= alp
adocs/plan_todo/S120_eval_cache.md	133	src/evaluation.cpp:1099-1100	7504c3d	WALK	func	evaluate_lazy		evaluate_lazy		if (cheap - LAZY_EVAL_MARGIN >= beta) { return cheap - LAZY_EVAL_MARGIN; } if (cheap + LAZY_EVAL_MARGIN <= alp
adocs/plan_todo/S120_eval_cache.md	134	src/evaluation.cpp:1107	7504c3d	WALK	func	evaluate_lazy		evaluate_lazy		return cheap + evaluate_expensive(board);
adocs/plan_todo/S120_eval_cache.md	136	src/search.cpp:612	7504c3d	WALK	func	negamax		negamax		if (ply + 1 >= MAX_PLY) { return evaluate(&game->board); }
adocs/plan_todo/S120_eval_cache.md	136	src/search.cpp:720-723	7504c3d	WALK	func	negamax		negamax		const int static_eval = is_in_check ? TT_EVAL_NONE : ((tt_eval != TT_EVAL_NONE) ? tt_eval : evaluate(&game->bo
adocs/plan_todo/S120_eval_cache.md	151	src/search.cpp:335-337	7504c3d	WALK	func	quiescence		quiescence		// the field free to read. What is stored is the score and never a bound, so // this is strictly the better of
adocs/plan_todo/S120_eval_cache.md	153	src/evaluation.cpp:1099	7504c3d	WALK	func	evaluate_lazy		evaluate_lazy		if (cheap - LAZY_EVAL_MARGIN >= beta) { return cheap - LAZY_EVAL_MARGIN; }
adocs/plan_todo/S120_eval_cache.md	155	src/search.cpp:361	7504c3d	WALK	func	quiescence		quiescence		const int stored_eval = static_eval_is_exact ? static_eval : TT_EVAL_NONE;
adocs/plan_todo/S120_eval_cache.md	192	src/search_params.hpp:208	7504c3d	WALK	xmacro	LAZY_EVAL_MARGIN		LAZY_EVAL_MARGIN		X(LAZY_EVAL_MARGIN, "LazyEvalMargin", 184, 0, 2000) \
adocs/plan_todo/S120_eval_cache.md	200	src/bitboard.cpp:878-880	7504c3d	WALK	func	make_move_impl		make_move_impl		board->active_color = them; board->hash ^= randoms->side_randoms[them];
adocs/plan_todo/S120_eval_cache.md	207	src/chesso.cpp:1155	7504c3d	WALK	func	command_setoption		command_setoption		if (!args.empty() && args.front() == "value") {
adocs/plan_todo/S120_eval_cache.md	231	src/search.cpp:343-349	7504c3d	WALK	func	quiescence		quiescence		bool static_eval_is_exact = tt_entry != nullptr && tt_entry->eval != TT_EVAL_NONE; const int static_eval = sta
adocs/plan_todo/S125_pawn_structure_completion.md	32	adocs/plan.md:260-262	373e953	PHRASE	phrase	pawns with king distance (S123, +22.3 the largest		pawns with king distance (S123, +22.3 the largest	no enclosing definition	pawns with king distance (S123, +22.3 the largest single entry), the connected and phalanx pawn work (S125, +2
adocs/plan_todo/S125_pawn_structure_completion.md	35	adocs/plan.md:143-145	373e953	PHRASE	phrase	block to land after the pawn terms it caches are		block to land after the pawn terms it caches are	no enclosing definition	gravity as one verdict, persistence as a second; S118 moves out of the speed block to land after the pawn term
adocs/plan_todo/S125_pawn_structure_completion.md	42	adocs/plan_todo/S118_pawn_hash_table.md:15-19	373e953	PHRASE	phrase	implementer who cached a still-cheap pawn evaluation		implementer who cached a still-cheap pawn evaluation	no enclosing definition	implementer who cached a still-cheap pawn evaluation measured a **10 % slowdown**, and the reported ~10 % spee
adocs/plan_todo/S125_pawn_structure_completion.md	47	adocs/plan.md:374-375	373e953	CHOSEN			`adocs/plan.md` "backward, phalanx, supported and weak unopposed pawns join the three"			
adocs/plan_todo/S125_pawn_structure_completion.md	64	adocs/plan_todo/S118_pawn_hash_table.md:34-37	373e953	PHRASE	phrase	the bitboards at every node; this is a cache keyed		the bitboards at every node; this is a cache keyed	no enclosing definition	**This is not the pattern INV-4 forbids.** INV-4 is about terms rebuilt from the bitboards at every node; this
adocs/plan_todo/S131_quiescence_promotions.md	3	tests/test_search.cpp:993	7862f41	TITLE	title	a side in check may not stand pat		a side in check may not stand pat		TEST_CASE_FIXTURE(search_fixture_t, "a side in check may not stand pat")
adocs/plan_todo/S131_quiescence_promotions.md	3	tests/test_search.cpp:1067	7862f41	TITLE	title	mate is recognised at depth zero		mate is recognised at depth zero		TEST_CASE_FIXTURE(search_fixture_t, "mate is recognised at depth zero")
adocs/plan_todo/S131_quiescence_promotions.md	66	src/search.cpp:462-466	7862f41	WALK	func	quiescence		quiescence		// The filter still runs when out of check: generate_captures() also emits // promotions that capture nothing,
adocs/plan_todo/S131_quiescence_promotions.md	67	src/search.cpp:469	7862f41	WALK	func	quiescence		quiescence		if (!in_check && !MOVE_CAPTURE(moves[i])) { continue; }
adocs/plan_todo/S131_quiescence_promotions.md	72	src/bitboard.cpp:194	7862f41	WALK	func	generate_moves_body		generate_moves_body		const bb_t push_promotions = pushed & last_rank & check_mask;
adocs/plan_todo/S131_quiescence_promotions.md	73	src/bitboard.cpp:207-223	7862f41	WALK	func	generate_moves_body		generate_moves_body		const auto emit_promotions = [&](bb_t targets, int shift, move_t capture) { while (targets) { const index_t to
adocs/plan_todo/S131_quiescence_promotions.md	73	src/bitboard.cpp:229-244	7862f41	WALK	func	generate_moves_body		generate_moves_body		if constexpr (Type != GEN_CAPTURES) { emit_plain(quiet_pushes, push_shift, 0); emit_plain(double_pushed, 2 * p
adocs/plan_todo/S131_quiescence_promotions.md	74	src/bitboard.cpp:236	7862f41	WALK	func	generate_moves_body		generate_moves_body		emit_promotions(push_promotions, push_shift, 0);
adocs/plan_todo/S131_quiescence_promotions.md	75	src/bitboard.cpp:261-263	7862f41	WALK	func	generate_moves_body		generate_moves_body		if (is_promoting) { if constexpr (Type != GEN_QUIETS) { emit_promotions(BB_1 << to, push_shift, 0);
adocs/plan_todo/S131_quiescence_promotions.md	76	src/data_structures.hpp:130-133	7862f41	PHRASE	phrase	GEN_CAPTURES and GEN_QUIETS partition GEN_ALL exactly		GEN_CAPTURES and GEN_QUIETS partition GEN_ALL exactly	no enclosing definition	// GEN_CAPTURES and GEN_QUIETS partition GEN_ALL exactly: every legal move // belongs to one of them and none 
adocs/plan_todo/S131_quiescence_promotions.md	78	src/search.cpp:875	7862f41	WALK	func	negamax		negamax		size_t moves_count = generate_captures(game_tables(), &game->board, moves);
adocs/plan_todo/S131_quiescence_promotions.md	79	src/search.cpp:886-917	7862f41	WALK	func	negamax		negamax		for (size_t i = 0; i < moves_count; ++i) { scores[i] = score_move(game, state, moves[i], tt_move, ply, prev_mo
adocs/plan_todo/S131_quiescence_promotions.md	80	src/search.cpp:960-961	7862f41	WALK	func	negamax		negamax		if (ply > 0 && depth >= 3 && legal_moves_counter > 3 && !is_capture && !MOVE_PROMOTED(moves[i]) && !is_in_chec
adocs/plan_todo/S131_quiescence_promotions.md	81	src/search.cpp:469	7862f41	WALK	func	quiescence		quiescence		if (!in_check && !MOVE_CAPTURE(moves[i])) { continue; }
adocs/plan_todo/S131_quiescence_promotions.md	83	data_structures.hpp:148	7862f41	WALK	type	promotion_t		promotion_t		TO_QUEEN
adocs/plan_todo/S131_quiescence_promotions.md	85	src/search.cpp:486	7862f41	WALK	func	quiescence		quiescence		scores[count] = capture_score(&game->board, moves[i]);
adocs/plan_todo/S131_quiescence_promotions.md	86	src/evaluation.cpp:1125-1135	7862f41	WALK	func	capture_score		capture_score		int capture_score(const board_t* board, move_t move) { // An en-passant victim does not sit on the target squa
adocs/plan_todo/S131_quiescence_promotions.md	87	evaluation.cpp:41-43	7862f41	WALK	const	piece_values_abs		piece_values_abs		static constexpr int piece_values_abs[] = { MVV_PAWN, MVV_KNIGHT, MVV_BISHOP, MVV_ROOK, MVV_QUEEN, MVV_KING, M
adocs/plan_todo/S131_quiescence_promotions.md	88	data_structures.hpp:168	7862f41	WALK	type	piece_t		piece_t		EMPTY
adocs/plan_todo/S131_quiescence_promotions.md	89	search.cpp:458-460	7862f41	WALK	func	quiescence		quiescence		// Compacted to the front of the same array: captures only, or everything when // the move is forced. capture_
adocs/plan_todo/S131_quiescence_promotions.md	91	evaluation.cpp:1151-1158	7862f41	WALK	func	score_move		score_move		const int promotion_bonus = MOVE_PROMOTED(move) ? piece_values_abs[MOVE_PROMOTED(move)] : 0; if (MOVE_CAPTURE(
adocs/plan_todo/S131_quiescence_promotions.md	94	src/evaluation.cpp:1155	7862f41	WALK	func	score_move		score_move		return ORDER_CAPTURE + promotion_bonus + capture_score(&game->board, move);
adocs/plan_todo/S131_quiescence_promotions.md	101	src/bitboard.cpp:1168-1170	7862f41	WALK	func	capture_cannot_lose		capture_cannot_lose		const piece_t victim = board->squares[MOVE_TO(move)]; if (victim == EMPTY) { return false; }
adocs/plan_todo/S131_quiescence_promotions.md	102	src/search.cpp:481-484	7862f41	WALK	func	quiescence		quiescence		if (!in_check && !capture_cannot_lose(&game->board, moves[i]) && !see_ge(&game->board, moves[i], 0)) { continu
adocs/plan_todo/S131_quiescence_promotions.md	102	src/bitboard.cpp:1203-1204	7862f41	WALK	func	see_ge		see_ge		const piece_t captured = board->squares[to]; gain = (captured == EMPTY) ? 0 : see_value[piece_type_of(captured
adocs/plan_todo/S131_quiescence_promotions.md	104	src/bitboard.cpp:1209-1212	7862f41	WALK	func	see_ge		see_ge		if (MOVE_PROMOTED(move)) { gain += see_value[MOVE_PROMOTED(move)] - see_value[0]; on_square = MOVE_PROMOTED(mo
adocs/plan_todo/S131_quiescence_promotions.md	105	src/bitboard.cpp:1293	7862f41	WALK	func	see		see		gain[0] = (captured == EMPTY) ? 0 : see_value[piece_type_of(captured)];
adocs/plan_todo/S131_quiescence_promotions.md	105	src/bitboard.cpp:1300-1307	7862f41	WALK	func	see		see		if (MOVE_PROMOTED(move)) { // The pawn is not what gets recaptured, the new piece is, and the promotion // its
adocs/plan_todo/S131_quiescence_promotions.md	110	src/search.cpp:872-873	7862f41	WALK	func	negamax		negamax		const bool tt_move_is_quiet = (tt_move != 0) && !MOVE_CAPTURE(tt_move) && !MOVE_PROMOTED(tt_move);
adocs/plan_todo/S131_quiescence_promotions.md	112	src/search.cpp:621-655	7862f41	WALK	func	negamax		negamax		if (is_position_repeated(&game->history, &game->board)) { return DRAW_SCORE; } // The clock alone is not a dra
adocs/plan_todo/S131_quiescence_promotions.md	117	tests/test_search.cpp:917-931	7862f41	TITLE	title	search: quiescence		search: quiescence		static int quiesce(const std::string& fen, int alpha, int beta) { REQUIRE_MESSAGE(load_FEN(fen, &game), ("FEN:
adocs/plan_todo/S131_quiescence_promotions.md	118	search.cpp:302	7862f41	WALK	func	quiescence		quiescence		state->explored_nodes++;
adocs/plan_todo/S131_quiescence_promotions.md	130	src/search.cpp:469	7862f41	WALK	func	quiescence		quiescence		if (!in_check && !MOVE_CAPTURE(moves[i])) { continue; }
adocs/plan_todo/S131_quiescence_promotions.md	137	src/search.cpp:469	7862f41	WALK	func	quiescence		quiescence		if (!in_check && !MOVE_CAPTURE(moves[i])) { continue; }
adocs/plan_todo/S131_quiescence_promotions.md	138	src/search.cpp:462-466	7862f41	WALK	func	quiescence		quiescence		// The filter still runs when out of check: generate_captures() also emits // promotions that capture nothing,
adocs/plan_todo/S131_quiescence_promotions.md	141	tests/test_search.cpp:993-1027	7862f41	TITLE	title	a side in check may not stand pat		a side in check may not stand pat		TEST_CASE_FIXTURE(search_fixture_t, "a side in check may not stand pat") { // Black is ahead on material, so s
adocs/plan_todo/S131_quiescence_promotions.md	142	tests/test_search.cpp:1067-1079	7862f41	TITLE	title	mate is recognised at depth zero		mate is recognised at depth zero		TEST_CASE_FIXTURE(search_fixture_t, "mate is recognised at depth zero") { const std::string fen = "7k/6Q1/6K1/
adocs/plan_todo/S131_quiescence_promotions.md	165	src/search.cpp:446	7862f41	WALK	func	quiescence		quiescence		if (static_cast<int>(qply) >= MAX_QSEARCH_DEPTH) { return stand_pat; }
adocs/plan_todo/S131_quiescence_promotions.md	165	src/search_params.hpp:106	7862f41	WALK	xmacro	MAX_QSEARCH_DEPTH		MAX_QSEARCH_DEPTH		X(MAX_QSEARCH_DEPTH, "MaxQsearchDepth", 19, 1, 64) \
adocs/plan_todo/S131_quiescence_promotions.md	169	src/search.cpp:469	7862f41	WALK	func	quiescence		quiescence		if (!in_check && !MOVE_CAPTURE(moves[i])) { continue; }
adocs/plan_todo/S131_quiescence_promotions.md	195	src/search.cpp:481	7862f41	WALK	func	quiescence		quiescence		if (!in_check && !capture_cannot_lose(&game->board, moves[i]) &&
adocs/plan_todo/S131_quiescence_promotions.md	200	src/search.cpp:872-873	7862f41	WALK	func	negamax		negamax		const bool tt_move_is_quiet = (tt_move != 0) && !MOVE_CAPTURE(tt_move) && !MOVE_PROMOTED(tt_move);
adocs/plan_todo/S132_time_management_node_fraction.md	74	src/chesso.cpp:454-507	7504c3d	CHOSEN			`src/chesso.cpp` `compute_search_time_budget`			
adocs/plan_todo/S132_time_management_node_fraction.md	75	src/chesso.cpp:471-479	7504c3d	WALK	func	tokenize_input		tokenize_input		token = s.substr(pos_start, pos_end - pos_start); pos_start = pos_end + delim_len; if (token.size() > 0) { res
adocs/plan_todo/S132_time_management_node_fraction.md	76	src/chesso.cpp:481	7504c3d	WALK	func	tokenize_input		tokenize_input		}
adocs/plan_todo/S132_time_management_node_fraction.md	77	src/chesso.cpp:488-499	7504c3d	WALK	func	stop_search_after_ms		stop_search_after_ms		std::this_thread::sleep_for(time_to_sleep); // Check and store as one decision, so no [go] can slip between th
adocs/plan_todo/S132_time_management_node_fraction.md	77	src/chesso.cpp:482	7504c3d	CHOSEN			`src/chesso.cpp` `compute_search_time_budget`			
adocs/plan_todo/S132_time_management_node_fraction.md	78	src/chesso.cpp:504	7504c3d	HAND	func	compute_search_time_budget		compute_search_time_budget	paragraph names search_time_scale_percent	{
adocs/plan_todo/S132_time_management_node_fraction.md	78	src/chesso.cpp:510-534	7504c3d	CHOSEN			`src/chesso.cpp` `search_time_scale_percent`			
adocs/plan_todo/S132_time_management_node_fraction.md	81	src/chesso.cpp:864-879	7504c3d	WALK	func	iterative_deepening_search		iterative_deepening_search		// DEC-060 measured that a pruning rule's mate exposure is a property of // the bound the parent passes down r
adocs/plan_todo/S132_time_management_node_fraction.md	82	src/chesso.cpp:873-875	7504c3d	WALK	func	iterative_deepening_search		iterative_deepening_search		if (aspiration_ready && current_depth >= ASPIRATION_MIN_DEPTH) { alpha = aspiration_score - delta; beta = aspi
adocs/plan_todo/S132_time_management_node_fraction.md	83	src/chesso.cpp:920-927	7504c3d	WALK	func	iterative_deepening_search		iterative_deepening_search		result.uci_best_move = {MOVE_FROM(search_result.best_move), MOVE_TO(search_result.best_move), MOVE_PROMOTED(se
adocs/plan_todo/S132_time_management_node_fraction.md	84	src/chesso.cpp:1402	7504c3d	WALK	func	command_position		command_position		if (parsing_result.has_value()) {
adocs/plan_todo/S132_time_management_node_fraction.md	85	src/chesso.cpp:1380-1384	7504c3d	WALK	func	command_position		command_position		return false; } if (fields.size() == 4) { fen += " 0"; } if (fields.size() <= 5) { fen += " 1"; }
adocs/plan_todo/S132_time_management_node_fraction.md	86	src/chesso.cpp:1346-1350	7504c3d	WALK	func	command_position		command_position		if (token == "3frep") { set_position(THREE_FOLD_REP_POS); } if (token == "tricky") { set_position(TRICKY_POS);
adocs/plan_todo/S132_time_management_node_fraction.md	87	src/search_params.hpp:270-320	7504c3d	CHOSEN			`src/search_params.hpp` `TM_SOFT_PERCENT` to `src/search_params.hpp` `TM_SCALE_MIN_PERCENT`			
adocs/plan_todo/S132_time_management_node_fraction.md	90	src/data_structures.hpp:453	7504c3d	CHOSEN			`src/data_structures.hpp` `explored_nodes`			
adocs/plan_todo/S132_time_management_node_fraction.md	91	src/search.cpp:608	7504c3d	WALK	func	negamax		negamax		state->explored_nodes++;
adocs/plan_todo/S132_time_management_node_fraction.md	91	src/search.cpp:302	7504c3d	WALK	func	quiescence		quiescence		state->explored_nodes++;
adocs/plan_todo/S132_time_management_node_fraction.md	92	chesso.cpp:726	7504c3d	CHOSEN			`src/chesso.cpp` `iterative_deepening_search`			
adocs/plan_todo/S132_time_management_node_fraction.md	93	src/chesso.cpp:804	7504c3d	WALK	func	iterative_deepening_search		iterative_deepening_search		last_time_scale_percent = 100;
adocs/plan_todo/S132_time_management_node_fraction.md	94	src/search.cpp:896-1063	7504c3d	WALK	func	negamax		negamax		for (size_t i = 0;; ++i) { if (i == moves_count) { // The captures ran out without a cutoff, so the quiets are
adocs/plan_todo/S132_time_management_node_fraction.md	95	src/search.cpp:1041	7504c3d	WALK	func	negamax		negamax		if (ply == 0) { state->best_move = moves[i]; }
adocs/plan_todo/S132_time_management_node_fraction.md	95	src/search.cpp:1074	7504c3d	WALK	func	negamax		negamax		if (ply == 0) {
adocs/plan_todo/S132_time_management_node_fraction.md	96	src/search.cpp:917	7504c3d	WALK	func	negamax		negamax		if (!make_move(game, moves[i])) { continue; }
adocs/plan_todo/S132_time_management_node_fraction.md	97	src/search.cpp:994	7504c3d	WALK	func	negamax		negamax		unmake_move(game);
adocs/plan_todo/S132_time_management_node_fraction.md	98	src/search.cpp:915	7504c3d	HAND	func	negamax		negamax	paragraph names pick_next_move	pick_next_move(moves, scores, moves_count, i);
adocs/plan_todo/S132_time_management_node_fraction.md	100	chesso.cpp:674	7504c3d	CHOSEN			`src/chesso.cpp` `iterative_deepening_search`			
adocs/plan_todo/S132_time_management_node_fraction.md	101	src/chesso.cpp:774-795	7504c3d	WALK	func	iterative_deepening_search		iterative_deepening_search		tt_new_search(state.tt); std::atomic_bool never_stop = false; state.stop = &never_stop; const auto beguine_of_
adocs/plan_todo/S132_time_management_node_fraction.md	103	src/search.cpp:608	7504c3d	HAND	func	negamax		negamax	paragraph names search	state->explored_nodes++;
adocs/plan_todo/S132_time_management_node_fraction.md	104	src/search.cpp:822	7504c3d	WALK	func	negamax		negamax		if (!is_pv && !is_in_check && ply > 0 && prev_move != 0 &&
adocs/plan_todo/S132_time_management_node_fraction.md	108	src/chesso.cpp:864-879	7504c3d	WALK	func	iterative_deepening_search		iterative_deepening_search		// DEC-060 measured that a pruning rule's mate exposure is a property of // the bound the parent passes down r
adocs/plan_todo/S132_time_management_node_fraction.md	111	src/chesso.cpp:873-875	7504c3d	WALK	func	iterative_deepening_search		iterative_deepening_search		if (aspiration_ready && current_depth >= ASPIRATION_MIN_DEPTH) { alpha = aspiration_score - delta; beta = aspi
adocs/plan_todo/S132_time_management_node_fraction.md	113	chesso.cpp:71-93	7504c3d	CHOSEN			`src/chesso.cpp` `last_aspiration_failures` to `src/chesso.cpp` `last_time_scale_percent`			
adocs/plan_todo/S132_time_management_node_fraction.md	113	uci.hpp:144-153	7504c3d	CHOSEN			`src/uci.hpp` `uci_last_aspiration_failures` to `src/uci.hpp` `uci_last_time_scale_percent`			
adocs/plan_todo/S132_time_management_node_fraction.md	126	src/chesso.cpp:864	7504c3d	WALK	func	iterative_deepening_search		iterative_deepening_search		// DEC-060 measured that a pruning rule's mate exposure is a property of
adocs/plan_todo/S132_time_management_node_fraction.md	130	tests/test_engine.cpp:866-981	7504c3d	TITLE	title	uci reports the options the GUI needs		uci reports the options the GUI needs		uci_init(); stdout_capture_t capture; uci_process_line("uci"); REQUIRE(capture.contains("id name Chesso")); RE
adocs/plan_todo/S132_time_management_node_fraction.md	134	test_engine.cpp:449-533	7504c3d	TITLE	title	generation never lands on the reserved 0		generation never lands on the reserved 0		tt_new_search(&table); REQUIRE_NE(table.generation, 0); } tt_free(&table); } TEST_CASE_FIXTURE(engine_fixture_
adocs/plan_todo/S132_time_management_node_fraction.md	199	src/chesso.cpp:864	7504c3d	WALK	func	iterative_deepening_search		iterative_deepening_search		// DEC-060 measured that a pruning rule's mate exposure is a property of
adocs/plan_todo/S132_time_management_node_fraction.md	201	src/chesso.cpp:873-875	7504c3d	WALK	func	iterative_deepening_search		iterative_deepening_search		if (aspiration_ready && current_depth >= ASPIRATION_MIN_DEPTH) { alpha = aspiration_score - delta; beta = aspi
adocs/plan_todo/S132_time_management_node_fraction.md	208	src/chesso.cpp:471-479	7504c3d	WALK	func	tokenize_input		tokenize_input		token = s.substr(pos_start, pos_end - pos_start); pos_start = pos_end + delim_len; if (token.size() > 0) { res
adocs/plan_todo/S132_time_management_node_fraction.md	211	src/chesso.cpp:1346-1350	7504c3d	WALK	func	command_position		command_position		if (token == "3frep") { set_position(THREE_FOLD_REP_POS); } if (token == "tricky") { set_position(TRICKY_POS);
adocs/plan_todo/S132_time_management_node_fraction.md	213	src/chesso.cpp:1380-1384	7504c3d	WALK	func	command_position		command_position		return false; } if (fields.size() == 4) { fen += " 0"; } if (fields.size() <= 5) { fen += " 1"; }
adocs/plan_todo/S132_time_management_node_fraction.md	214	src/search.cpp:915	7504c3d	WALK	func	negamax		negamax		pick_next_move(moves, scores, moves_count, i);
adocs/plan_todo/S132_time_management_node_fraction.md	234	chesso.cpp:864-879	7504c3d	WALK	func	iterative_deepening_search		iterative_deepening_search		// DEC-060 measured that a pruning rule's mate exposure is a property of // the bound the parent passes down r
adocs/plan_todo/S134_fold_degenerate_columns.md	38	src/evaluation.cpp:696-700	da8b0df	HAND	func	evaluate_cheap		evaluate_cheap	paragraph names evaluate_pawns	// tuner's floating-point model from having to grow. const int positional = (((board->psqt_mg + pawn_mg) * pha
adocs/plan_todo/S134_fold_degenerate_columns.md	69	src/evaluation.cpp:80-81	da8b0df	SPAN	const	passed_pawn_mg	`src/evaluation.cpp` `passed_pawn_mg` and `src/evaluation.cpp` `passed_pawn_eg`	passed_pawn_mg	also passed_pawn_eg	const int passed_pawn_mg[6] = {0, -6, -4, 19, 59, -17}; const int passed_pawn_eg[6] = {15, 18, 46, 72, 96, 42}
adocs/plan_todo/S136_unfreeze_tempo.md	3	adocs/plan.md:359	a3d36d4	CHOSEN			`adocs/plan.md` "taper mobility and king safety through one division instead of two"			
adocs/plan_todo/S136_unfreeze_tempo.md	3	adocs/plan.md:370	a3d36d4	CHOSEN			`adocs/plan.md` "unfreeze tempo, re-derive the truncation guard its zero weight holds"			
adocs/plan_todo/S136_unfreeze_tempo.md	79	adocs/plan.md:359	a3d36d4	CHOSEN			`adocs/plan.md` "taper mobility and king safety through one division instead of two"			
adocs/plan_todo/S136_unfreeze_tempo.md	81	adocs/plan.md:370	a3d36d4	CHOSEN			`adocs/plan.md` "unfreeze tempo, re-derive the truncation guard its zero weight holds"			
adocs/plan_todo/S136_unfreeze_tempo.md	83	adocs/plan_todo/S055_taper_stage_two_once.md:3	a3d36d4	CHOSEN			`adocs/plan_todo/S055_taper_stage_two_once.md` "re-pinned to the post-merge bound of 2 x 23/24 = 1.917"			
adocs/plan_todo/S136_unfreeze_tempo.md	89	tests/test_eval_model.cpp:242-249	a3d36d4	TITLE	title	the model reproduces evaluate() on every phase		the model reproduces evaluate() on every phase		// src/evaluation.cpp:640 the piece-square pair plus the pawn terms // src/evaluation.cpp:668 tempo // src/eva
adocs/plan_todo/S136_unfreeze_tempo.md	111	adocs/plan.md:370	a3d36d4	CHOSEN			`adocs/plan.md` "unfreeze tempo, re-derive the truncation guard its zero weight holds"			
adocs/plan_todo/S159_killer_slot_ageing.md	3	src/chesso.cpp:674	192a5a3	CHOSEN			`src/chesso.cpp` `iterative_deepening_search`			
adocs/plan_todo/S159_killer_slot_ageing.md	5	src/search_params.hpp:29	192a5a3	CHOSEN			`src/search_params.hpp` "Not in the set, on purpose"			
