Building reference dedddf6 ...
Preparing worktree (detached HEAD dedddf6)
-- Arch native (-march=native) -- THIS MACHINE ONLY, never distributed
-- Sanitizer OFF
-- Tune build OFF
-- PGO off
-- Test timeout 60s (build type Release)
Building reference 248b6e2 ...
Preparing worktree (detached HEAD 248b6e2)
-- Arch native (-march=native) -- THIS MACHINE ONLY, never distributed
-- Sanitizer OFF
-- Tune build OFF
-- PGO off
-- Test timeout 60s (build type Release)
candidate  dedddf6  2026-10-04
reference  248b6e2  2026-10-04
config     arch native  tune off
tc 8+0.08  hash 16  concurrency 12 of 12 cores
book       noob_3moves.epd
seed       20261004114805
bounds     none -- fixed 1500 rounds, a calibration or drift reading, NOT a verdict
out        /home/max/ws/chesso/.tuning/census_s202_20261004_114805

id name    cand-dedddf6  Chesso dedddf6 native
id name    ref-248b6e2  Chesso 248b6e2 native

Indexing opening suite...
Started game 1 of 3000 (cand-dedddf6 vs ref-248b6e2)
Started game 2 of 3000 (ref-248b6e2 vs cand-dedddf6)
Started game 3 of 3000 (cand-dedddf6 vs ref-248b6e2)
Started game 4 of 3000 (ref-248b6e2 vs cand-dedddf6)
Started game 8 of 3000 (ref-248b6e2 vs cand-dedddf6)
Started game 10 of 3000 (ref-248b6e2 vs cand-dedddf6)
Started game 5 of 3000 (cand-dedddf6 vs ref-248b6e2)
Started game 7 of 3000 (cand-dedddf6 vs ref-248b6e2)
Started game 12 of 3000 (ref-248b6e2 vs cand-dedddf6)
Started game 9 of 3000 (cand-dedddf6 vs ref-248b6e2)
Started game 11 of 3000 (cand-dedddf6 vs ref-248b6e2)
Started game 6 of 3000 (ref-248b6e2 vs cand-dedddf6)
Finished game 12 (ref-248b6e2 vs cand-dedddf6): 0-1 {Black wins by adjudication}
Started game 13 of 3000 (cand-dedddf6 vs ref-248b6e2)
Finished game 11 (cand-dedddf6 vs ref-248b6e2): 0-1 {Black wins by adjudication}
Started game 14 of 3000 (ref-248b6e2 vs cand-dedddf6)
Finished game 5 (cand-dedddf6 vs ref-248b6e2): 0-1 {Black wins by adjudication}
Started game 15 of 3000 (cand-dedddf6 vs ref-248b6e2)
Finished game 7 (cand-dedddf6 vs ref-248b6e2): 1-0 {White wins by adjudication}
Started game 16 of 3000 (ref-248b6e2 vs cand-dedddf6)
Finished game 1 (cand-dedddf6 vs ref-248b6e2): 0-1 {Black wins by adjudication}
Started game 17 of 3000 (cand-dedddf6 vs ref-248b6e2)
Finished game 3 (cand-dedddf6 vs ref-248b6e2): 1/2-1/2 {Draw by insufficient mating material}
Started game 18 of 3000 (ref-248b6e2 vs cand-dedddf6)
Finished game 10 (ref-248b6e2 vs cand-dedddf6): 1/2-1/2 {Draw by insufficient mating material}
Started game 19 of 3000 (cand-dedddf6 vs ref-248b6e2)
Finished game 8 (ref-248b6e2 vs cand-dedddf6): 1/2-1/2 {Draw by stalemate}
Started game 20 of 3000 (ref-248b6e2 vs cand-dedddf6)
Finished game 2 (ref-248b6e2 vs cand-dedddf6): 1/2-1/2 {Draw by adjudication}
Started game 21 of 3000 (cand-dedddf6 vs ref-248b6e2)
Finished game 9 (cand-dedddf6 vs ref-248b6e2): 1/2-1/2 {Draw by 3-fold repetition}
Started game 22 of 3000 (ref-248b6e2 vs cand-dedddf6)
Finished game 4 (ref-248b6e2 vs cand-dedddf6): 1-0 {White wins by adjudication}
Started game 23 of 3000 (cand-dedddf6 vs ref-248b6e2)
Finished game 6 (ref-248b6e2 vs cand-dedddf6): 1/2-1/2 {Draw by 3-fold repetition}
Started game 24 of 3000 (ref-248b6e2 vs cand-dedddf6)
Finished game 14 (ref-248b6e2 vs cand-dedddf6): 1/2-1/2 {Draw by 3-fold repetition}
Started game 25 of 3000 (cand-dedddf6 vs ref-248b6e2)
Finished game 17 (cand-dedddf6 vs ref-248b6e2): 1-0 {White wins by adjudication}
Started game 26 of 3000 (ref-248b6e2 vs cand-dedddf6)
Finished game 15 (cand-dedddf6 vs ref-248b6e2): 1/2-1/2 {Draw by 3-fold repetition}
Started game 27 of 3000 (cand-dedddf6 vs ref-248b6e2)
Finished game 23 (cand-dedddf6 vs ref-248b6e2): 1-0 {White wins by adjudication}
Started game 28 of 3000 (ref-248b6e2 vs cand-dedddf6)
Finished game 21 (cand-dedddf6 vs ref-248b6e2): 0-1 {Black wins by adjudication}
Started game 29 of 3000 (cand-dedddf6 vs ref-248b6e2)
Finished game 16 (ref-248b6e2 vs cand-dedddf6): 0-1 {Black wins by adjudication}
Started game 30 of 3000 (ref-248b6e2 vs cand-dedddf6)
Finished game 19 (cand-dedddf6 vs ref-248b6e2): 1/2-1/2 {Draw by 3-fold repetition}
Started game 31 of 3000 (cand-dedddf6 vs ref-248b6e2)
Finished game 18 (ref-248b6e2 vs cand-dedddf6): 1/2-1/2 {Draw by 3-fold repetition}
Started game 32 of 3000 (ref-248b6e2 vs cand-dedddf6)
Finished game 24 (ref-248b6e2 vs cand-dedddf6): 0-1 {Black wins by adjudication}
Started game 33 of 3000 (cand-dedddf6 vs ref-248b6e2)
Finished game 22 (ref-248b6e2 vs cand-dedddf6): 1/2-1/2 {Draw by 3-fold repetition}
Started game 34 of 3000 (ref-248b6e2 vs cand-dedddf6)
Finished game 20 (ref-248b6e2 vs cand-dedddf6): 1/2-1/2 {Draw by 3-fold repetition}
--------------------------------------------------
Results of cand-dedddf6 vs ref-248b6e2 (8+0.08, 1t, 16MB, noob_3moves.epd):
Elo: 15.80 +/- 105.60, nElo: 22.43 +/- 145.18
LOS: 61.90 %, DrawRatio: 27.27 %, PairsRatio: 1.00
Games: 22, Wins: 6, Losses: 5, Draws: 11, Points: 11.5 (52.27 %)
Ptnml(0-2): [0, 4, 3, 3, 1], WL/DD Ratio: 0.50
--------------------------------------------------
Started game 35 of 3000 (cand-dedddf6 vs ref-248b6e2)
Finished game 13 (cand-dedddf6 vs ref-248b6e2): 0-1 {Black wins by adjudication}
Started game 36 of 3000 (ref-248b6e2 vs cand-dedddf6)
Finished game 25 (cand-dedddf6 vs ref-248b6e2): 1-0 {White wins by adjudication}
Started game 37 of 3000 (cand-dedddf6 vs ref-248b6e2)
Finished game 29 (cand-dedddf6 vs ref-248b6e2): 1/2-1/2 {Draw by 3-fold repetition}
Started game 38 of 3000 (ref-248b6e2 vs cand-dedddf6)
Finished game 27 (cand-dedddf6 vs ref-248b6e2): 1-0 {White wins by adjudication}
Started game 39 of 3000 (cand-dedddf6 vs ref-248b6e2)
Finished game 36 (ref-248b6e2 vs cand-dedddf6): 0-1 {Black wins by adjudication}
Started game 40 of 3000 (ref-248b6e2 vs cand-dedddf6)
Finished game 30 (ref-248b6e2 vs cand-dedddf6): 0-1 {Black wins by adjudication}
Started game 41 of 3000 (cand-dedddf6 vs ref-248b6e2)
Finished game 31 (cand-dedddf6 vs ref-248b6e2): 1-0 {White wins by adjudication}
Started game 42 of 3000 (ref-248b6e2 vs cand-dedddf6)
Finished game 35 (cand-dedddf6 vs ref-248b6e2): 1-0 {White wins by adjudication}
Started game 43 of 3000 (cand-dedddf6 vs ref-248b6e2)
Finished game 33 (cand-dedddf6 vs ref-248b6e2): 1/2-1/2 {Draw by 3-fold repetition}
Started game 44 of 3000 (ref-248b6e2 vs cand-dedddf6)
Finished game 28 (ref-248b6e2 vs cand-dedddf6): 1/2-1/2 {Draw by insufficient mating material}
Started game 45 of 3000 (cand-dedddf6 vs ref-248b6e2)
Finished game 39 (cand-dedddf6 vs ref-248b6e2): 1/2-1/2 {Draw by 3-fold repetition}
Started game 46 of 3000 (ref-248b6e2 vs cand-dedddf6)
Finished game 26 (ref-248b6e2 vs cand-dedddf6): 1/2-1/2 {Draw by insufficient mating material}
Started game 47 of 3000 (cand-dedddf6 vs ref-248b6e2)
Finished game 32 (ref-248b6e2 vs cand-dedddf6): 1/2-1/2 {Draw by insufficient mating material}
Started game 48 of 3000 (ref-248b6e2 vs cand-dedddf6)
Finished game 34 (ref-248b6e2 vs cand-dedddf6): 1/2-1/2 {Draw by adjudication}
Started game 49 of 3000 (cand-dedddf6 vs ref-248b6e2)
Finished game 38 (ref-248b6e2 vs cand-dedddf6): 1-0 {White wins by adjudication}
Started game 50 of 3000 (ref-248b6e2 vs cand-dedddf6)
Finished game 42 (ref-248b6e2 vs cand-dedddf6): 0-1 {Black wins by adjudication}
Started game 51 of 3000 (cand-dedddf6 vs ref-248b6e2)
Finished game 40 (ref-248b6e2 vs cand-dedddf6): 0-1 {Black wins by adjudication}
--------------------------------------------------
Results of cand-dedddf6 vs ref-248b6e2 (8+0.08, 1t, 16MB, noob_3moves.epd):
Elo: 64.74 +/- 81.21, nElo: 91.92 +/- 110.47
LOS: 94.85 %, DrawRatio: 21.05 %, PairsRatio: 2.00
Games: 38, Wins: 13, Losses: 6, Draws: 19, Points: 22.5 (59.21 %)
Ptnml(0-2): [0, 5, 4, 8, 2], WL/DD Ratio: 0.33
--------------------------------------------------
Started game 52 of 3000 (ref-248b6e2 vs cand-dedddf6)
Finished game 45 (cand-dedddf6 vs ref-248b6e2): 0-1 {Black wins by adjudication}
Started game 53 of 3000 (cand-dedddf6 vs ref-248b6e2)
Finished game 44 (ref-248b6e2 vs cand-dedddf6): 0-1 {Black wins by adjudication}
Started game 54 of 3000 (ref-248b6e2 vs cand-dedddf6)
Finished game 41 (cand-dedddf6 vs ref-248b6e2): 0-1 {Black wins by adjudication}
Started game 55 of 3000 (cand-dedddf6 vs ref-248b6e2)
Finished game 46 (ref-248b6e2 vs cand-dedddf6): 1/2-1/2 {Draw by 3-fold repetition}
Started game 56 of 3000 (ref-248b6e2 vs cand-dedddf6)
Finished game 50 (ref-248b6e2 vs cand-dedddf6): 1/2-1/2 {Draw by 3-fold repetition}
Started game 57 of 3000 (cand-dedddf6 vs ref-248b6e2)
Finished game 37 (cand-dedddf6 vs ref-248b6e2): 1/2-1/2 {Draw by 3-fold repetition}
Started game 58 of 3000 (ref-248b6e2 vs cand-dedddf6)
Finished game 53 (cand-dedddf6 vs ref-248b6e2): 1-0 {White wins by adjudication}
Started game 59 of 3000 (cand-dedddf6 vs ref-248b6e2)
Finished game 48 (ref-248b6e2 vs cand-dedddf6): 1/2-1/2 {Draw by 3-fold repetition}
Started game 60 of 3000 (ref-248b6e2 vs cand-dedddf6)
Finished game 43 (cand-dedddf6 vs ref-248b6e2): 1/2-1/2 {Draw by fifty moves rule}
Started game 61 of 3000 (cand-dedddf6 vs ref-248b6e2)
Finished game 49 (cand-dedddf6 vs ref-248b6e2): 0-1 {Black wins by adjudication}
Started game 62 of 3000 (ref-248b6e2 vs cand-dedddf6)
Finished game 51 (cand-dedddf6 vs ref-248b6e2): 1/2-1/2 {Draw by 3-fold repetition}
Started game 63 of 3000 (cand-dedddf6 vs ref-248b6e2)
Finished game 47 (cand-dedddf6 vs ref-248b6e2): 0-1 {Black wins by adjudication}
Started game 64 of 3000 (ref-248b6e2 vs cand-dedddf6)
Finished game 54 (ref-248b6e2 vs cand-dedddf6): 1-0 {White wins by adjudication}
Started game 65 of 3000 (cand-dedddf6 vs ref-248b6e2)
Finished game 57 (cand-dedddf6 vs ref-248b6e2): 1/2-1/2 {Draw by 3-fold repetition}
Started game 66 of 3000 (ref-248b6e2 vs cand-dedddf6)
Finished game 58 (ref-248b6e2 vs cand-dedddf6): 1/2-1/2 {Draw by 3-fold repetition}
Started game 67 of 3000 (cand-dedddf6 vs ref-248b6e2)
Finished game 52 (ref-248b6e2 vs cand-dedddf6): 0-1 {Black wins by adjudication}
Started game 68 of 3000 (ref-248b6e2 vs cand-dedddf6)
Finished game 61 (cand-dedddf6 vs ref-248b6e2): 1/2-1/2 {Draw by 3-fold repetition}
Started game 69 of 3000 (cand-dedddf6 vs ref-248b6e2)
Finished game 59 (cand-dedddf6 vs ref-248b6e2): 0-1 {Black wins by adjudication}
Started game 70 of 3000 (ref-248b6e2 vs cand-dedddf6)
Finished game 60 (ref-248b6e2 vs cand-dedddf6): 0-1 {Black wins by adjudication}
--------------------------------------------------
Results of cand-dedddf6 vs ref-248b6e2 (8+0.08, 1t, 16MB, noob_3moves.epd):
Elo: 30.03 +/- 61.11, nElo: 44.62 +/- 89.41
LOS: 83.60 %, DrawRatio: 27.59 %, PairsRatio: 1.33
Games: 58, Wins: 18, Losses: 13, Draws: 27, Points: 31.5 (54.31 %)
Ptnml(0-2): [0, 9, 8, 10, 2], WL/DD Ratio: 1.00
--------------------------------------------------
Started game 71 of 3000 (cand-dedddf6 vs ref-248b6e2)
Finished game 62 (ref-248b6e2 vs cand-dedddf6): 1/2-1/2 {Draw by 3-fold repetition}
Started game 72 of 3000 (ref-248b6e2 vs cand-dedddf6)
Finished game 55 (cand-dedddf6 vs ref-248b6e2): 0-1 {Black wins by adjudication}
Started game 73 of 3000 (cand-dedddf6 vs ref-248b6e2)
Finished game 63 (cand-dedddf6 vs ref-248b6e2): 0-1 {Black wins by adjudication}
Started game 74 of 3000 (ref-248b6e2 vs cand-dedddf6)
Finished game 64 (ref-248b6e2 vs cand-dedddf6): 0-1 {Black wins by adjudication}
Started game 75 of 3000 (cand-dedddf6 vs ref-248b6e2)
Finished game 56 (ref-248b6e2 vs cand-dedddf6): 1/2-1/2 {Draw by fifty moves rule}
Started game 76 of 3000 (ref-248b6e2 vs cand-dedddf6)
Finished game 68 (ref-248b6e2 vs cand-dedddf6): 1/2-1/2 {Draw by 3-fold repetition}
Started game 77 of 3000 (cand-dedddf6 vs ref-248b6e2)
Finished game 69 (cand-dedddf6 vs ref-248b6e2): 1-0 {White wins by adjudication}
Started game 78 of 3000 (ref-248b6e2 vs cand-dedddf6)
Finished game 65 (cand-dedddf6 vs ref-248b6e2): 1-0 {White wins by adjudication}
Started game 79 of 3000 (cand-dedddf6 vs ref-248b6e2)
Finished game 66 (ref-248b6e2 vs cand-dedddf6): 0-1 {Black wins by adjudication}
Started game 80 of 3000 (ref-248b6e2 vs cand-dedddf6)
Finished game 71 (cand-dedddf6 vs ref-248b6e2): 1/2-1/2 {Draw by 3-fold repetition}
Started game 81 of 3000 (cand-dedddf6 vs ref-248b6e2)
Finished game 70 (ref-248b6e2 vs cand-dedddf6): 1-0 {White wins by adjudication}
Started game 82 of 3000 (ref-248b6e2 vs cand-dedddf6)
Finished game 74 (ref-248b6e2 vs cand-dedddf6): 1/2-1/2 {Draw by 3-fold repetition}
Started game 83 of 3000 (cand-dedddf6 vs ref-248b6e2)
Finished game 67 (cand-dedddf6 vs ref-248b6e2): 1-0 {White wins by adjudication}
Started game 84 of 3000 (ref-248b6e2 vs cand-dedddf6)
Finished game 72 (ref-248b6e2 vs cand-dedddf6): 0-1 {Black wins by adjudication}
Started game 85 of 3000 (cand-dedddf6 vs ref-248b6e2)
Finished game 73 (cand-dedddf6 vs ref-248b6e2): 1-0 {White wins by adjudication}
Started game 86 of 3000 (ref-248b6e2 vs cand-dedddf6)
Finished game 77 (cand-dedddf6 vs ref-248b6e2): 1/2-1/2 {Draw by 3-fold repetition}
Started game 87 of 3000 (cand-dedddf6 vs ref-248b6e2)
Finished game 76 (ref-248b6e2 vs cand-dedddf6): 1/2-1/2 {Draw by 3-fold repetition}
Started game 88 of 3000 (ref-248b6e2 vs cand-dedddf6)
Finished game 75 (cand-dedddf6 vs ref-248b6e2): 1-0 {White wins by adjudication}
Started game 89 of 3000 (cand-dedddf6 vs ref-248b6e2)
Finished game 81 (cand-dedddf6 vs ref-248b6e2): 1-0 {White wins by adjudication}
Started game 90 of 3000 (ref-248b6e2 vs cand-dedddf6)
Finished game 80 (ref-248b6e2 vs cand-dedddf6): 1/2-1/2 {Draw by 3-fold repetition}
Started game 91 of 3000 (cand-dedddf6 vs ref-248b6e2)
Finished game 78 (ref-248b6e2 vs cand-dedddf6): 1/2-1/2 {Draw by 3-fold repetition}
Started game 92 of 3000 (ref-248b6e2 vs cand-dedddf6)
Finished game 79 (cand-dedddf6 vs ref-248b6e2): 1/2-1/2 {Draw by 3-fold repetition}
--------------------------------------------------
Results of cand-dedddf6 vs ref-248b6e2 (8+0.08, 1t, 16MB, noob_3moves.epd):
Elo: 43.66 +/- 50.42, nElo: 67.11 +/- 76.13
LOS: 95.80 %, DrawRatio: 32.50 %, PairsRatio: 1.70
Games: 80, Wins: 26, Losses: 16, Draws: 38, Points: 45.0 (56.25 %)
Ptnml(0-2): [0, 10, 13, 14, 3], WL/DD Ratio: 0.86
--------------------------------------------------
Started game 93 of 3000 (cand-dedddf6 vs ref-248b6e2)
Finished game 82 (ref-248b6e2 vs cand-dedddf6): 0-1 {Black wins by adjudication}
Started game 94 of 3000 (ref-248b6e2 vs cand-dedddf6)
Finished game 84 (ref-248b6e2 vs cand-dedddf6): 1-0 {White wins by adjudication}
Started game 95 of 3000 (cand-dedddf6 vs ref-248b6e2)
Finished game 89 (cand-dedddf6 vs ref-248b6e2): 1-0 {White wins by adjudication}
Started game 96 of 3000 (ref-248b6e2 vs cand-dedddf6)
Finished game 83 (cand-dedddf6 vs ref-248b6e2): 1/2-1/2 {Draw by insufficient mating material}
Started game 97 of 3000 (cand-dedddf6 vs ref-248b6e2)
Finished game 87 (cand-dedddf6 vs ref-248b6e2): 0-1 {Black wins by adjudication}
Started game 98 of 3000 (ref-248b6e2 vs cand-dedddf6)
Finished game 86 (ref-248b6e2 vs cand-dedddf6): 1-0 {White wins by adjudication}
Started game 99 of 3000 (cand-dedddf6 vs ref-248b6e2)
Finished game 88 (ref-248b6e2 vs cand-dedddf6): 1-0 {White wins by adjudication}
Started game 100 of 3000 (ref-248b6e2 vs cand-dedddf6)
Finished game 85 (cand-dedddf6 vs ref-248b6e2): 1-0 {White wins by adjudication}
Started game 101 of 3000 (cand-dedddf6 vs ref-248b6e2)
Finished game 96 (ref-248b6e2 vs cand-dedddf6): 1/2-1/2 {Draw by 3-fold repetition}
Started game 102 of 3000 (ref-248b6e2 vs cand-dedddf6)
Finished game 97 (cand-dedddf6 vs ref-248b6e2): 1/2-1/2 {Draw by 3-fold repetition}
Started game 103 of 3000 (cand-dedddf6 vs ref-248b6e2)
Finished game 94 (ref-248b6e2 vs cand-dedddf6): 1-0 {White wins by adjudication}
Started game 104 of 3000 (ref-248b6e2 vs cand-dedddf6)
Finished game 93 (cand-dedddf6 vs ref-248b6e2): 0-1 {Black wins by adjudication}
Started game 105 of 3000 (cand-dedddf6 vs ref-248b6e2)
Finished game 91 (cand-dedddf6 vs ref-248b6e2): 0-1 {Black wins by adjudication}
Started game 106 of 3000 (ref-248b6e2 vs cand-dedddf6)
Finished game 100 (ref-248b6e2 vs cand-dedddf6): 0-1 {Black wins by adjudication}
Started game 107 of 3000 (cand-dedddf6 vs ref-248b6e2)
Finished game 90 (ref-248b6e2 vs cand-dedddf6): 1/2-1/2 {Draw by insufficient mating material}
Started game 108 of 3000 (ref-248b6e2 vs cand-dedddf6)
Finished game 95 (cand-dedddf6 vs ref-248b6e2): 1-0 {White wins by adjudication}
Started game 109 of 3000 (cand-dedddf6 vs ref-248b6e2)
Finished game 92 (ref-248b6e2 vs cand-dedddf6): 1/2-1/2 {Draw by fifty moves rule}
Started game 110 of 3000 (ref-248b6e2 vs cand-dedddf6)
Finished game 99 (cand-dedddf6 vs ref-248b6e2): 0-1 {Black wins by adjudication}
--------------------------------------------------
Results of cand-dedddf6 vs ref-248b6e2 (8+0.08, 1t, 16MB, noob_3moves.epd):
Elo: 28.43 +/- 50.16, nElo: 39.43 +/- 68.79
LOS: 86.94 %, DrawRatio: 30.61 %, PairsRatio: 1.43
Games: 98, Wins: 32, Losses: 24, Draws: 42, Points: 53.0 (54.08 %)
Ptnml(0-2): [2, 12, 15, 16, 4], WL/DD Ratio: 1.14
--------------------------------------------------
Started game 111 of 3000 (cand-dedddf6 vs ref-248b6e2)
Finished game 98 (ref-248b6e2 vs cand-dedddf6): 0-1 {Black wins by adjudication}
Started game 112 of 3000 (ref-248b6e2 vs cand-dedddf6)
Finished game 101 (cand-dedddf6 vs ref-248b6e2): 1-0 {White wins by adjudication}
Started game 113 of 3000 (cand-dedddf6 vs ref-248b6e2)
Finished game 104 (ref-248b6e2 vs cand-dedddf6): 0-1 {Black wins by adjudication}
Started game 114 of 3000 (ref-248b6e2 vs cand-dedddf6)
Finished game 103 (cand-dedddf6 vs ref-248b6e2): 0-1 {Black wins by adjudication}
Started game 115 of 3000 (cand-dedddf6 vs ref-248b6e2)
Finished game 106 (ref-248b6e2 vs cand-dedddf6): 1/2-1/2 {Draw by adjudication}
Started game 116 of 3000 (ref-248b6e2 vs cand-dedddf6)
Finished game 102 (ref-248b6e2 vs cand-dedddf6): 1-0 {White wins by adjudication}
Started game 117 of 3000 (cand-dedddf6 vs ref-248b6e2)
Finished game 112 (ref-248b6e2 vs cand-dedddf6): 1-0 {White wins by adjudication}
Started game 118 of 3000 (ref-248b6e2 vs cand-dedddf6)
Finished game 105 (cand-dedddf6 vs ref-248b6e2): 0-1 {Black wins by adjudication}
Started game 119 of 3000 (cand-dedddf6 vs ref-248b6e2)
Finished game 107 (cand-dedddf6 vs ref-248b6e2): 1-0 {White wins by adjudication}
Started game 120 of 3000 (ref-248b6e2 vs cand-dedddf6)
Finished game 109 (cand-dedddf6 vs ref-248b6e2): 1/2-1/2 {Draw by 3-fold repetition}
Started game 121 of 3000 (cand-dedddf6 vs ref-248b6e2)
Finished game 110 (ref-248b6e2 vs cand-dedddf6): 0-1 {Black wins by adjudication}
Started game 122 of 3000 (ref-248b6e2 vs cand-dedddf6)
Finished game 108 (ref-248b6e2 vs cand-dedddf6): 1/2-1/2 {Draw by 3-fold repetition}
Started game 123 of 3000 (cand-dedddf6 vs ref-248b6e2)
Finished game 113 (cand-dedddf6 vs ref-248b6e2): 1-0 {White wins by adjudication}
Started game 124 of 3000 (ref-248b6e2 vs cand-dedddf6)
Finished game 115 (cand-dedddf6 vs ref-248b6e2): 1-0 {White wins by adjudication}
Started game 125 of 3000 (cand-dedddf6 vs ref-248b6e2)
Finished game 111 (cand-dedddf6 vs ref-248b6e2): 1/2-1/2 {Draw by adjudication}
Started game 126 of 3000 (ref-248b6e2 vs cand-dedddf6)
Finished game 114 (ref-248b6e2 vs cand-dedddf6): 1-0 {White wins by adjudication}
Started game 127 of 3000 (cand-dedddf6 vs ref-248b6e2)
Finished game 119 (cand-dedddf6 vs ref-248b6e2): 1/2-1/2 {Draw by 3-fold repetition}
Started game 128 of 3000 (ref-248b6e2 vs cand-dedddf6)
Finished game 117 (cand-dedddf6 vs ref-248b6e2): 1/2-1/2 {Draw by 3-fold repetition}
Started game 129 of 3000 (cand-dedddf6 vs ref-248b6e2)
Finished game 125 (cand-dedddf6 vs ref-248b6e2): 1/2-1/2 {Draw by 3-fold repetition}
Started game 130 of 3000 (ref-248b6e2 vs cand-dedddf6)
Finished game 118 (ref-248b6e2 vs cand-dedddf6): 1-0 {White wins by adjudication}
Started game 131 of 3000 (cand-dedddf6 vs ref-248b6e2)
Finished game 121 (cand-dedddf6 vs ref-248b6e2): 1/2-1/2 {Draw by 3-fold repetition}
Started game 132 of 3000 (ref-248b6e2 vs cand-dedddf6)
Finished game 116 (ref-248b6e2 vs cand-dedddf6): 0-1 {Black wins by adjudication}
Started game 133 of 3000 (cand-dedddf6 vs ref-248b6e2)
Finished game 124 (ref-248b6e2 vs cand-dedddf6): 1/2-1/2 {Draw by 3-fold repetition}
Started game 134 of 3000 (ref-248b6e2 vs cand-dedddf6)
Finished game 120 (ref-248b6e2 vs cand-dedddf6): 0-1 {Black wins by adjudication}
--------------------------------------------------
Results of cand-dedddf6 vs ref-248b6e2 (8+0.08, 1t, 16MB, noob_3moves.epd):
Elo: 31.94 +/- 44.95, nElo: 44.68 +/- 62.16
LOS: 92.05 %, DrawRatio: 30.00 %, PairsRatio: 1.47
Games: 120, Wins: 41, Losses: 30, Draws: 49, Points: 65.5 (54.58 %)
Ptnml(0-2): [2, 15, 18, 20, 5], WL/DD Ratio: 1.57
--------------------------------------------------
Started game 135 of 3000 (cand-dedddf6 vs ref-248b6e2)
Finished game 123 (cand-dedddf6 vs ref-248b6e2): 0-1 {Black wins by adjudication}
Started game 136 of 3000 (ref-248b6e2 vs cand-dedddf6)
Finished game 127 (cand-dedddf6 vs ref-248b6e2): 0-1 {Black wins by adjudication}
Started game 137 of 3000 (cand-dedddf6 vs ref-248b6e2)
Finished game 126 (ref-248b6e2 vs cand-dedddf6): 1-0 {White wins by adjudication}
Started game 138 of 3000 (ref-248b6e2 vs cand-dedddf6)
Finished game 132 (ref-248b6e2 vs cand-dedddf6): 1-0 {White wins by adjudication}
Started game 139 of 3000 (cand-dedddf6 vs ref-248b6e2)
Finished game 130 (ref-248b6e2 vs cand-dedddf6): 0-1 {Black wins by adjudication}
Started game 140 of 3000 (ref-248b6e2 vs cand-dedddf6)
Finished game 136 (ref-248b6e2 vs cand-dedddf6): 0-1 {Black wins by adjudication}
Started game 141 of 3000 (cand-dedddf6 vs ref-248b6e2)
Finished game 134 (ref-248b6e2 vs cand-dedddf6): 0-1 {Black wins by adjudication}
Started game 142 of 3000 (ref-248b6e2 vs cand-dedddf6)
Finished game 122 (ref-248b6e2 vs cand-dedddf6): 0-1 {Black wins by adjudication}
Started game 143 of 3000 (cand-dedddf6 vs ref-248b6e2)
Finished game 128 (ref-248b6e2 vs cand-dedddf6): 1/2-1/2 {Draw by insufficient mating material}
Started game 144 of 3000 (ref-248b6e2 vs cand-dedddf6)
Finished game 129 (cand-dedddf6 vs ref-248b6e2): 1-0 {White wins by adjudication}
Started game 145 of 3000 (cand-dedddf6 vs ref-248b6e2)
Finished game 135 (cand-dedddf6 vs ref-248b6e2): 1/2-1/2 {Draw by adjudication}
Started game 146 of 3000 (ref-248b6e2 vs cand-dedddf6)
Finished game 137 (cand-dedddf6 vs ref-248b6e2): 1/2-1/2 {Draw by 3-fold repetition}
Started game 147 of 3000 (cand-dedddf6 vs ref-248b6e2)
Finished game 139 (cand-dedddf6 vs ref-248b6e2): 1-0 {White wins by adjudication}
Started game 148 of 3000 (ref-248b6e2 vs cand-dedddf6)
Finished game 131 (cand-dedddf6 vs ref-248b6e2): 1/2-1/2 {Draw by 3-fold repetition}
Started game 149 of 3000 (cand-dedddf6 vs ref-248b6e2)
Finished game 138 (ref-248b6e2 vs cand-dedddf6): 1-0 {White wins by adjudication}
Started game 150 of 3000 (ref-248b6e2 vs cand-dedddf6)
Finished game 133 (cand-dedddf6 vs ref-248b6e2): 0-1 {Black wins by adjudication}
Started game 151 of 3000 (cand-dedddf6 vs ref-248b6e2)
Finished game 140 (ref-248b6e2 vs cand-dedddf6): 1-0 {White wins by adjudication}
--------------------------------------------------
Results of cand-dedddf6 vs ref-248b6e2 (8+0.08, 1t, 16MB, noob_3moves.epd):
Elo: 24.86 +/- 41.85, nElo: 34.47 +/- 57.55
LOS: 87.98 %, DrawRatio: 28.57 %, PairsRatio: 1.27
Games: 140, Wins: 47, Losses: 37, Draws: 56, Points: 75.0 (53.57 %)
Ptnml(0-2): [2, 20, 20, 22, 6], WL/DD Ratio: 1.86
--------------------------------------------------
Started game 152 of 3000 (ref-248b6e2 vs cand-dedddf6)
Finished game 146 (ref-248b6e2 vs cand-dedddf6): 1/2-1/2 {Draw by 3-fold repetition}
Started game 153 of 3000 (cand-dedddf6 vs ref-248b6e2)
Finished game 143 (cand-dedddf6 vs ref-248b6e2): 0-1 {Black wins by adjudication}
Started game 154 of 3000 (ref-248b6e2 vs cand-dedddf6)
Finished game 141 (cand-dedddf6 vs ref-248b6e2): 1-0 {White wins by adjudication}
Started game 155 of 3000 (cand-dedddf6 vs ref-248b6e2)
Finished game 148 (ref-248b6e2 vs cand-dedddf6): 1/2-1/2 {Draw by 3-fold repetition}
Started game 156 of 3000 (ref-248b6e2 vs cand-dedddf6)
Finished game 145 (cand-dedddf6 vs ref-248b6e2): 1/2-1/2 {Draw by 3-fold repetition}
Started game 157 of 3000 (cand-dedddf6 vs ref-248b6e2)
Finished game 142 (ref-248b6e2 vs cand-dedddf6): 1-0 {White wins by adjudication}
Started game 158 of 3000 (ref-248b6e2 vs cand-dedddf6)
Finished game 147 (cand-dedddf6 vs ref-248b6e2): 0-1 {Black wins by adjudication}
Started game 159 of 3000 (cand-dedddf6 vs ref-248b6e2)
Finished game 144 (ref-248b6e2 vs cand-dedddf6): 0-1 {Black wins by adjudication}
Started game 160 of 3000 (ref-248b6e2 vs cand-dedddf6)
Finished game 149 (cand-dedddf6 vs ref-248b6e2): 1-0 {White wins by adjudication}
Started game 161 of 3000 (cand-dedddf6 vs ref-248b6e2)
Finished game 151 (cand-dedddf6 vs ref-248b6e2): 1-0 {White wins by adjudication}
Started game 162 of 3000 (ref-248b6e2 vs cand-dedddf6)
Finished game 153 (cand-dedddf6 vs ref-248b6e2): 1-0 {White wins by adjudication}
Started game 163 of 3000 (cand-dedddf6 vs ref-248b6e2)
Finished game 155 (cand-dedddf6 vs ref-248b6e2): 0-1 {Black wins by adjudication}
Started game 164 of 3000 (ref-248b6e2 vs cand-dedddf6)
Finished game 160 (ref-248b6e2 vs cand-dedddf6): 1-0 {White wins by adjudication}
Started game 165 of 3000 (cand-dedddf6 vs ref-248b6e2)
Finished game 150 (ref-248b6e2 vs cand-dedddf6): 1/2-1/2 {Draw by insufficient mating material}
Started game 166 of 3000 (ref-248b6e2 vs cand-dedddf6)
Finished game 159 (cand-dedddf6 vs ref-248b6e2): 1-0 {White wins by adjudication}
--------------------------------------------------
Results of cand-dedddf6 vs ref-248b6e2 (8+0.08, 1t, 16MB, noob_3moves.epd):
Elo: 22.89 +/- 39.05, nElo: 32.61 +/- 55.23
LOS: 87.64 %, DrawRatio: 31.58 %, PairsRatio: 1.26
Games: 152, Wins: 51, Losses: 41, Draws: 60, Points: 81.0 (53.29 %)
Ptnml(0-2): [2, 21, 24, 23, 6], WL/DD Ratio: 2.00
--------------------------------------------------
Started game 167 of 3000 (cand-dedddf6 vs ref-248b6e2)
Finished game 152 (ref-248b6e2 vs cand-dedddf6): 1/2-1/2 {Draw by 3-fold repetition}
Started game 168 of 3000 (ref-248b6e2 vs cand-dedddf6)
Finished game 157 (cand-dedddf6 vs ref-248b6e2): 1-0 {White wins by adjudication}
Started game 169 of 3000 (cand-dedddf6 vs ref-248b6e2)
Finished game 158 (ref-248b6e2 vs cand-dedddf6): 1/2-1/2 {Draw by 3-fold repetition}
Started game 170 of 3000 (ref-248b6e2 vs cand-dedddf6)
Finished game 154 (ref-248b6e2 vs cand-dedddf6): 1/2-1/2 {Draw by 3-fold repetition}
Started game 171 of 3000 (cand-dedddf6 vs ref-248b6e2)
Finished game 162 (ref-248b6e2 vs cand-dedddf6): 1/2-1/2 {Draw by 3-fold repetition}
Started game 172 of 3000 (ref-248b6e2 vs cand-dedddf6)
Finished game 156 (ref-248b6e2 vs cand-dedddf6): 1/2-1/2 {Draw by fifty moves rule}
Started game 173 of 3000 (cand-dedddf6 vs ref-248b6e2)
Finished game 161 (cand-dedddf6 vs ref-248b6e2): 1-0 {White wins by adjudication}
Started game 174 of 3000 (ref-248b6e2 vs cand-dedddf6)
Finished game 163 (cand-dedddf6 vs ref-248b6e2): 1-0 {White wins by adjudication}
Started game 175 of 3000 (cand-dedddf6 vs ref-248b6e2)
Finished game 167 (cand-dedddf6 vs ref-248b6e2): 1-0 {White wins by adjudication}
Started game 176 of 3000 (ref-248b6e2 vs cand-dedddf6)
Finished game 165 (cand-dedddf6 vs ref-248b6e2): 1/2-1/2 {Draw by adjudication}
Started game 177 of 3000 (cand-dedddf6 vs ref-248b6e2)
Finished game 168 (ref-248b6e2 vs cand-dedddf6): 0-1 {Black wins by adjudication}
Started game 178 of 3000 (ref-248b6e2 vs cand-dedddf6)
Finished game 171 (cand-dedddf6 vs ref-248b6e2): 1-0 {White wins by adjudication}
Started game 179 of 3000 (cand-dedddf6 vs ref-248b6e2)
Finished game 166 (ref-248b6e2 vs cand-dedddf6): 1/2-1/2 {Draw by fifty moves rule}
Started game 180 of 3000 (ref-248b6e2 vs cand-dedddf6)
Finished game 170 (ref-248b6e2 vs cand-dedddf6): 1/2-1/2 {Draw by 3-fold repetition}
Started game 181 of 3000 (cand-dedddf6 vs ref-248b6e2)
Finished game 164 (ref-248b6e2 vs cand-dedddf6): 1/2-1/2 {Draw by fifty moves rule}
Started game 182 of 3000 (ref-248b6e2 vs cand-dedddf6)
Finished game 172 (ref-248b6e2 vs cand-dedddf6): 1/2-1/2 {Draw by 3-fold repetition}
Started game 183 of 3000 (cand-dedddf6 vs ref-248b6e2)
Finished game 169 (cand-dedddf6 vs ref-248b6e2): 1/2-1/2 {Draw by insufficient mating material}
Started game 184 of 3000 (ref-248b6e2 vs cand-dedddf6)
Finished game 175 (cand-dedddf6 vs ref-248b6e2): 0-1 {Black wins by adjudication}
Started game 185 of 3000 (cand-dedddf6 vs ref-248b6e2)
Finished game 173 (cand-dedddf6 vs ref-248b6e2): 1/2-1/2 {Draw by 3-fold repetition}
Started game 186 of 3000 (ref-248b6e2 vs cand-dedddf6)
Finished game 176 (ref-248b6e2 vs cand-dedddf6): 1/2-1/2 {Draw by 3-fold repetition}
Started game 187 of 3000 (cand-dedddf6 vs ref-248b6e2)
Finished game 174 (ref-248b6e2 vs cand-dedddf6): 0-1 {Black wins by adjudication}
Started game 188 of 3000 (ref-248b6e2 vs cand-dedddf6)
Finished game 179 (cand-dedddf6 vs ref-248b6e2): 0-1 {Black wins by adjudication}
Started game 189 of 3000 (cand-dedddf6 vs ref-248b6e2)
Finished game 182 (ref-248b6e2 vs cand-dedddf6): 1-0 {White wins by adjudication}
Started game 190 of 3000 (ref-248b6e2 vs cand-dedddf6)
Finished game 180 (ref-248b6e2 vs cand-dedddf6): 0-1 {Black wins by adjudication}
--------------------------------------------------
Results of cand-dedddf6 vs ref-248b6e2 (8+0.08, 1t, 16MB, noob_3moves.epd):
Elo: 33.28 +/- 35.88, nElo: 47.81 +/- 51.04
LOS: 96.68 %, DrawRatio: 30.34 %, PairsRatio: 1.48
Games: 178, Wins: 61, Losses: 44, Draws: 73, Points: 97.5 (54.78 %)
Ptnml(0-2): [2, 23, 27, 30, 7], WL/DD Ratio: 1.70
--------------------------------------------------
Started game 191 of 3000 (cand-dedddf6 vs ref-248b6e2)
Finished game 185 (cand-dedddf6 vs ref-248b6e2): 1/2-1/2 {Draw by 3-fold repetition}
Started game 192 of 3000 (ref-248b6e2 vs cand-dedddf6)
Finished game 177 (cand-dedddf6 vs ref-248b6e2): 1/2-1/2 {Draw by insufficient mating material}
Started game 193 of 3000 (cand-dedddf6 vs ref-248b6e2)
Finished game 183 (cand-dedddf6 vs ref-248b6e2): 1/2-1/2 {Draw by adjudication}
Started game 194 of 3000 (ref-248b6e2 vs cand-dedddf6)
Finished game 184 (ref-248b6e2 vs cand-dedddf6): 1-0 {White wins by adjudication}
Started game 195 of 3000 (cand-dedddf6 vs ref-248b6e2)
Finished game 178 (ref-248b6e2 vs cand-dedddf6): 1/2-1/2 {Draw by fifty moves rule}
Started game 196 of 3000 (ref-248b6e2 vs cand-dedddf6)
Finished game 186 (ref-248b6e2 vs cand-dedddf6): 1-0 {White wins by adjudication}
Started game 197 of 3000 (cand-dedddf6 vs ref-248b6e2)
Finished game 189 (cand-dedddf6 vs ref-248b6e2): 0-1 {Black wins by adjudication}
Started game 198 of 3000 (ref-248b6e2 vs cand-dedddf6)
Finished game 188 (ref-248b6e2 vs cand-dedddf6): 0-1 {Black wins by adjudication}
Started game 199 of 3000 (cand-dedddf6 vs ref-248b6e2)
Finished game 181 (cand-dedddf6 vs ref-248b6e2): 1-0 {White wins by adjudication}
Started game 200 of 3000 (ref-248b6e2 vs cand-dedddf6)
Finished game 187 (cand-dedddf6 vs ref-248b6e2): 0-1 {Black wins by adjudication}
Started game 201 of 3000 (cand-dedddf6 vs ref-248b6e2)
Finished game 194 (ref-248b6e2 vs cand-dedddf6): 0-1 {Black wins by adjudication}
Started game 202 of 3000 (ref-248b6e2 vs cand-dedddf6)
Finished game 190 (ref-248b6e2 vs cand-dedddf6): 1-0 {White wins by adjudication}
Started game 203 of 3000 (cand-dedddf6 vs ref-248b6e2)
Finished game 191 (cand-dedddf6 vs ref-248b6e2): 1/2-1/2 {Draw by 3-fold repetition}
Started game 204 of 3000 (ref-248b6e2 vs cand-dedddf6)
Finished game 196 (ref-248b6e2 vs cand-dedddf6): 0-1 {Black wins by adjudication}
Started game 205 of 3000 (cand-dedddf6 vs ref-248b6e2)
Finished game 192 (ref-248b6e2 vs cand-dedddf6): 0-1 {Black wins by adjudication}
Started game 206 of 3000 (ref-248b6e2 vs cand-dedddf6)
Finished game 197 (cand-dedddf6 vs ref-248b6e2): 0-1 {Black wins by adjudication}
Started game 207 of 3000 (cand-dedddf6 vs ref-248b6e2)
Finished game 200 (ref-248b6e2 vs cand-dedddf6): 1-0 {White wins by adjudication}
Started game 208 of 3000 (ref-248b6e2 vs cand-dedddf6)
Finished game 198 (ref-248b6e2 vs cand-dedddf6): 1-0 {White wins by adjudication}
Started game 209 of 3000 (cand-dedddf6 vs ref-248b6e2)
Finished game 193 (cand-dedddf6 vs ref-248b6e2): 1/2-1/2 {Draw by 3-fold repetition}
Started game 210 of 3000 (ref-248b6e2 vs cand-dedddf6)
Finished game 195 (cand-dedddf6 vs ref-248b6e2): 1/2-1/2 {Draw by stalemate}
Started game 211 of 3000 (cand-dedddf6 vs ref-248b6e2)
Finished game 204 (ref-248b6e2 vs cand-dedddf6): 0-1 {Black wins by adjudication}
Started game 212 of 3000 (ref-248b6e2 vs cand-dedddf6)
Finished game 201 (cand-dedddf6 vs ref-248b6e2): 1-0 {White wins by adjudication}
Started game 213 of 3000 (cand-dedddf6 vs ref-248b6e2)
Finished game 206 (ref-248b6e2 vs cand-dedddf6): 1/2-1/2 {Draw by 3-fold repetition}
Started game 214 of 3000 (ref-248b6e2 vs cand-dedddf6)
Finished game 199 (cand-dedddf6 vs ref-248b6e2): 1/2-1/2 {Draw by insufficient mating material}
--------------------------------------------------
Results of cand-dedddf6 vs ref-248b6e2 (8+0.08, 1t, 16MB, noob_3moves.epd):
Elo: 22.62 +/- 34.53, nElo: 31.73 +/- 48.15
LOS: 90.17 %, DrawRatio: 30.00 %, PairsRatio: 1.33
Games: 200, Wins: 66, Losses: 53, Draws: 81, Points: 106.5 (53.25 %)
Ptnml(0-2): [4, 26, 30, 33, 7], WL/DD Ratio: 1.73
--------------------------------------------------
Started game 215 of 3000 (cand-dedddf6 vs ref-248b6e2)
Finished game 203 (cand-dedddf6 vs ref-248b6e2): 1/2-1/2 {Draw by adjudication}
Started game 216 of 3000 (ref-248b6e2 vs cand-dedddf6)
Finished game 202 (ref-248b6e2 vs cand-dedddf6): 1-0 {White wins by adjudication}
Started game 217 of 3000 (cand-dedddf6 vs ref-248b6e2)
Finished game 208 (ref-248b6e2 vs cand-dedddf6): 1/2-1/2 {Draw by 3-fold repetition}
Started game 218 of 3000 (ref-248b6e2 vs cand-dedddf6)
Finished game 207 (cand-dedddf6 vs ref-248b6e2): 1-0 {White wins by adjudication}
Started game 219 of 3000 (cand-dedddf6 vs ref-248b6e2)
Finished game 211 (cand-dedddf6 vs ref-248b6e2): 0-1 {Black wins by adjudication}
Started game 220 of 3000 (ref-248b6e2 vs cand-dedddf6)
Finished game 209 (cand-dedddf6 vs ref-248b6e2): 1-0 {White wins by adjudication}
Started game 221 of 3000 (cand-dedddf6 vs ref-248b6e2)
Finished game 210 (ref-248b6e2 vs cand-dedddf6): 0-1 {Black wins by adjudication}
Started game 222 of 3000 (ref-248b6e2 vs cand-dedddf6)
Finished game 213 (cand-dedddf6 vs ref-248b6e2): 0-1 {Black wins by adjudication}
Started game 223 of 3000 (cand-dedddf6 vs ref-248b6e2)
Finished game 215 (cand-dedddf6 vs ref-248b6e2): 1/2-1/2 {Draw by 3-fold repetition}
Started game 224 of 3000 (ref-248b6e2 vs cand-dedddf6)
Finished game 212 (ref-248b6e2 vs cand-dedddf6): 1/2-1/2 {Draw by 3-fold repetition}
Started game 225 of 3000 (cand-dedddf6 vs ref-248b6e2)
Finished game 214 (ref-248b6e2 vs cand-dedddf6): 0-1 {Black wins by adjudication}
Started game 226 of 3000 (ref-248b6e2 vs cand-dedddf6)
Finished game 205 (cand-dedddf6 vs ref-248b6e2): 1/2-1/2 {Draw by adjudication}
Started game 227 of 3000 (cand-dedddf6 vs ref-248b6e2)
Finished game 217 (cand-dedddf6 vs ref-248b6e2): 1-0 {White wins by adjudication}
Started game 228 of 3000 (ref-248b6e2 vs cand-dedddf6)
Finished game 222 (ref-248b6e2 vs cand-dedddf6): 1-0 {White wins by adjudication}
Started game 229 of 3000 (cand-dedddf6 vs ref-248b6e2)
Finished game 216 (ref-248b6e2 vs cand-dedddf6): 1-0 {White wins by adjudication}
Started game 230 of 3000 (ref-248b6e2 vs cand-dedddf6)
Finished game 219 (cand-dedddf6 vs ref-248b6e2): 1-0 {White wins by adjudication}
Started game 231 of 3000 (cand-dedddf6 vs ref-248b6e2)
Finished game 218 (ref-248b6e2 vs cand-dedddf6): 0-1 {Black wins by adjudication}
Started game 232 of 3000 (ref-248b6e2 vs cand-dedddf6)
Finished game 220 (ref-248b6e2 vs cand-dedddf6): 1-0 {White wins by adjudication}
--------------------------------------------------
Results of cand-dedddf6 vs ref-248b6e2 (8+0.08, 1t, 16MB, noob_3moves.epd):
Elo: 26.90 +/- 33.11, nElo: 37.56 +/- 45.91
LOS: 94.56 %, DrawRatio: 30.91 %, PairsRatio: 1.38
Games: 220, Wins: 75, Losses: 58, Draws: 87, Points: 118.5 (53.86 %)
Ptnml(0-2): [4, 28, 34, 35, 9], WL/DD Ratio: 1.83
--------------------------------------------------
Started game 233 of 3000 (cand-dedddf6 vs ref-248b6e2)
Finished game 225 (cand-dedddf6 vs ref-248b6e2): 0-1 {Black wins by adjudication}
Started game 234 of 3000 (ref-248b6e2 vs cand-dedddf6)
Finished game 221 (cand-dedddf6 vs ref-248b6e2): 1-0 {White wins by adjudication}
Started game 235 of 3000 (cand-dedddf6 vs ref-248b6e2)
Finished game 228 (ref-248b6e2 vs cand-dedddf6): 1/2-1/2 {Draw by 3-fold repetition}
Started game 236 of 3000 (ref-248b6e2 vs cand-dedddf6)
Finished game 224 (ref-248b6e2 vs cand-dedddf6): 1-0 {White wins by adjudication}
Started game 237 of 3000 (cand-dedddf6 vs ref-248b6e2)
Finished game 226 (ref-248b6e2 vs cand-dedddf6): 1-0 {White wins by adjudication}
Started game 238 of 3000 (ref-248b6e2 vs cand-dedddf6)
Finished game 231 (cand-dedddf6 vs ref-248b6e2): 0-1 {Black wins by adjudication}
Started game 239 of 3000 (cand-dedddf6 vs ref-248b6e2)
Finished game 227 (cand-dedddf6 vs ref-248b6e2): 1-0 {White wins by adjudication}
Started game 240 of 3000 (ref-248b6e2 vs cand-dedddf6)
Finished game 230 (ref-248b6e2 vs cand-dedddf6): 0-1 {Black wins by adjudication}
Started game 241 of 3000 (cand-dedddf6 vs ref-248b6e2)
Finished game 233 (cand-dedddf6 vs ref-248b6e2): 1-0 {White wins by adjudication}
Started game 242 of 3000 (ref-248b6e2 vs cand-dedddf6)
Finished game 223 (cand-dedddf6 vs ref-248b6e2): 1/2-1/2 {Draw by insufficient mating material}
Started game 243 of 3000 (cand-dedddf6 vs ref-248b6e2)
Finished game 229 (cand-dedddf6 vs ref-248b6e2): 1/2-1/2 {Draw by 3-fold repetition}
Started game 244 of 3000 (ref-248b6e2 vs cand-dedddf6)
Finished game 232 (ref-248b6e2 vs cand-dedddf6): 0-1 {Black wins by adjudication}
Started game 245 of 3000 (cand-dedddf6 vs ref-248b6e2)
Finished game 241 (cand-dedddf6 vs ref-248b6e2): 0-1 {Black wins by adjudication}
Started game 246 of 3000 (ref-248b6e2 vs cand-dedddf6)
Finished game 235 (cand-dedddf6 vs ref-248b6e2): 1-0 {White wins by adjudication}
Started game 247 of 3000 (cand-dedddf6 vs ref-248b6e2)
Finished game 237 (cand-dedddf6 vs ref-248b6e2): 1-0 {White wins by adjudication}
Started game 248 of 3000 (ref-248b6e2 vs cand-dedddf6)
Finished game 236 (ref-248b6e2 vs cand-dedddf6): 1/2-1/2 {Draw by 3-fold repetition}
Started game 249 of 3000 (cand-dedddf6 vs ref-248b6e2)
Finished game 234 (ref-248b6e2 vs cand-dedddf6): 1/2-1/2 {Draw by 3-fold repetition}
Started game 250 of 3000 (ref-248b6e2 vs cand-dedddf6)
Finished game 245 (cand-dedddf6 vs ref-248b6e2): 1/2-1/2 {Draw by 3-fold repetition}
Started game 251 of 3000 (cand-dedddf6 vs ref-248b6e2)
Finished game 240 (ref-248b6e2 vs cand-dedddf6): 1/2-1/2 {Draw by adjudication}
Started game 252 of 3000 (ref-248b6e2 vs cand-dedddf6)
Finished game 238 (ref-248b6e2 vs cand-dedddf6): 1-0 {White wins by adjudication}
Started game 253 of 3000 (cand-dedddf6 vs ref-248b6e2)
Finished game 239 (cand-dedddf6 vs ref-248b6e2): 1/2-1/2 {Draw by adjudication}
--------------------------------------------------
Results of cand-dedddf6 vs ref-248b6e2 (8+0.08, 1t, 16MB, noob_3moves.epd):
Elo: 26.11 +/- 31.51, nElo: 36.65 +/- 43.96
LOS: 94.89 %, DrawRatio: 31.67 %, PairsRatio: 1.41
Games: 240, Wins: 82, Losses: 64, Draws: 94, Points: 129.0 (53.75 %)
Ptnml(0-2): [5, 29, 38, 39, 9], WL/DD Ratio: 1.92
--------------------------------------------------
Started game 254 of 3000 (ref-248b6e2 vs cand-dedddf6)
Finished game 242 (ref-248b6e2 vs cand-dedddf6): 0-1 {Black wins by adjudication}
Started game 255 of 3000 (cand-dedddf6 vs ref-248b6e2)
Finished game 243 (cand-dedddf6 vs ref-248b6e2): 0-1 {Black wins by adjudication}
Started game 256 of 3000 (ref-248b6e2 vs cand-dedddf6)
Finished game 247 (cand-dedddf6 vs ref-248b6e2): 0-1 {Black wins by adjudication}
Started game 257 of 3000 (cand-dedddf6 vs ref-248b6e2)
Finished game 244 (ref-248b6e2 vs cand-dedddf6): 1/2-1/2 {Draw by insufficient mating material}
Started game 258 of 3000 (ref-248b6e2 vs cand-dedddf6)
Finished game 246 (ref-248b6e2 vs cand-dedddf6): 1/2-1/2 {Draw by 3-fold repetition}
Started game 259 of 3000 (cand-dedddf6 vs ref-248b6e2)
Finished game 252 (ref-248b6e2 vs cand-dedddf6): 0-1 {Black wins by adjudication}
Started game 260 of 3000 (ref-248b6e2 vs cand-dedddf6)
Finished game 253 (cand-dedddf6 vs ref-248b6e2): 0-1 {Black wins by adjudication}
Started game 261 of 3000 (cand-dedddf6 vs ref-248b6e2)
Finished game 248 (ref-248b6e2 vs cand-dedddf6): 0-1 {Black wins by adjudication}
Started game 262 of 3000 (ref-248b6e2 vs cand-dedddf6)
Finished game 249 (cand-dedddf6 vs ref-248b6e2): 0-1 {Black wins by adjudication}
Started game 263 of 3000 (cand-dedddf6 vs ref-248b6e2)
Finished game 251 (cand-dedddf6 vs ref-248b6e2): 1-0 {White wins by adjudication}
Started game 264 of 3000 (ref-248b6e2 vs cand-dedddf6)
Finished game 257 (cand-dedddf6 vs ref-248b6e2): 1-0 {White wins by adjudication}
Started game 265 of 3000 (cand-dedddf6 vs ref-248b6e2)
Finished game 258 (ref-248b6e2 vs cand-dedddf6): 0-1 {Black wins by adjudication}
Started game 266 of 3000 (ref-248b6e2 vs cand-dedddf6)
Finished game 256 (ref-248b6e2 vs cand-dedddf6): 1/2-1/2 {Draw by 3-fold repetition}
Started game 267 of 3000 (cand-dedddf6 vs ref-248b6e2)
Finished game 260 (ref-248b6e2 vs cand-dedddf6): 1/2-1/2 {Draw by adjudication}
Started game 268 of 3000 (ref-248b6e2 vs cand-dedddf6)
Finished game 254 (ref-248b6e2 vs cand-dedddf6): 1/2-1/2 {Draw by adjudication}
Started game 269 of 3000 (cand-dedddf6 vs ref-248b6e2)
Finished game 261 (cand-dedddf6 vs ref-248b6e2): 1/2-1/2 {Draw by 3-fold repetition}
Started game 270 of 3000 (ref-248b6e2 vs cand-dedddf6)
Finished game 255 (cand-dedddf6 vs ref-248b6e2): 1/2-1/2 {Draw by fifty moves rule}
Started game 271 of 3000 (cand-dedddf6 vs ref-248b6e2)
Finished game 262 (ref-248b6e2 vs cand-dedddf6): 0-1 {Black wins by adjudication}
Started game 272 of 3000 (ref-248b6e2 vs cand-dedddf6)
Finished game 250 (ref-248b6e2 vs cand-dedddf6): 1/2-1/2 {Draw by 3-fold repetition}
Started game 273 of 3000 (cand-dedddf6 vs ref-248b6e2)
Finished game 259 (cand-dedddf6 vs ref-248b6e2): 1/2-1/2 {Draw by fifty moves rule}
--------------------------------------------------
Results of cand-dedddf6 vs ref-248b6e2 (8+0.08, 1t, 16MB, noob_3moves.epd):
Elo: 26.57 +/- 30.22, nElo: 37.23 +/- 42.07
LOS: 95.86 %, DrawRatio: 32.82 %, PairsRatio: 1.38
Games: 262, Wins: 89, Losses: 69, Draws: 104, Points: 141.0 (53.82 %)
Ptnml(0-2): [5, 32, 43, 40, 11], WL/DD Ratio: 1.69
--------------------------------------------------
Started game 274 of 3000 (ref-248b6e2 vs cand-dedddf6)
Finished game 268 (ref-248b6e2 vs cand-dedddf6): 0-1 {Black wins by adjudication}
Started game 275 of 3000 (cand-dedddf6 vs ref-248b6e2)
Finished game 266 (ref-248b6e2 vs cand-dedddf6): 0-1 {Black wins by adjudication}
Started game 276 of 3000 (ref-248b6e2 vs cand-dedddf6)
Finished game 264 (ref-248b6e2 vs cand-dedddf6): 0-1 {Black wins by adjudication}
Started game 277 of 3000 (cand-dedddf6 vs ref-248b6e2)
Finished game 263 (cand-dedddf6 vs ref-248b6e2): 0-1 {Black wins by adjudication}
Started game 278 of 3000 (ref-248b6e2 vs cand-dedddf6)
Finished game 265 (cand-dedddf6 vs ref-248b6e2): 0-1 {Black wins by adjudication}
Started game 279 of 3000 (cand-dedddf6 vs ref-248b6e2)
Finished game 270 (ref-248b6e2 vs cand-dedddf6): 1-0 {White wins by adjudication}
Started game 280 of 3000 (ref-248b6e2 vs cand-dedddf6)
Finished game 273 (cand-dedddf6 vs ref-248b6e2): 0-1 {Black wins by adjudication}
Started game 281 of 3000 (cand-dedddf6 vs ref-248b6e2)
Finished game 267 (cand-dedddf6 vs ref-248b6e2): 0-1 {Black wins by adjudication}
Started game 282 of 3000 (ref-248b6e2 vs cand-dedddf6)
Finished game 274 (ref-248b6e2 vs cand-dedddf6): 1-0 {White wins by adjudication}
Started game 283 of 3000 (cand-dedddf6 vs ref-248b6e2)
Finished game 269 (cand-dedddf6 vs ref-248b6e2): 1/2-1/2 {Draw by insufficient mating material}
Started game 284 of 3000 (ref-248b6e2 vs cand-dedddf6)
Finished game 276 (ref-248b6e2 vs cand-dedddf6): 1-0 {White wins by adjudication}
Started game 285 of 3000 (cand-dedddf6 vs ref-248b6e2)
Finished game 275 (cand-dedddf6 vs ref-248b6e2): 1-0 {White wins by adjudication}
Started game 286 of 3000 (ref-248b6e2 vs cand-dedddf6)
Finished game 271 (cand-dedddf6 vs ref-248b6e2): 0-1 {Black wins by adjudication}
Started game 287 of 3000 (cand-dedddf6 vs ref-248b6e2)
Finished game 272 (ref-248b6e2 vs cand-dedddf6): 1/2-1/2 {Draw by fifty moves rule}
Started game 288 of 3000 (ref-248b6e2 vs cand-dedddf6)
Finished game 278 (ref-248b6e2 vs cand-dedddf6): 0-1 {Black wins by adjudication}
Started game 289 of 3000 (cand-dedddf6 vs ref-248b6e2)
Finished game 280 (ref-248b6e2 vs cand-dedddf6): 0-1 {Black wins by adjudication}
Started game 290 of 3000 (ref-248b6e2 vs cand-dedddf6)
Finished game 277 (cand-dedddf6 vs ref-248b6e2): 1/2-1/2 {Draw by adjudication}
Started game 291 of 3000 (cand-dedddf6 vs ref-248b6e2)
Finished game 279 (cand-dedddf6 vs ref-248b6e2): 1-0 {White wins by adjudication}
--------------------------------------------------
Results of cand-dedddf6 vs ref-248b6e2 (8+0.08, 1t, 16MB, noob_3moves.epd):
Elo: 23.61 +/- 29.43, nElo: 32.83 +/- 40.70
LOS: 94.31 %, DrawRatio: 33.57 %, PairsRatio: 1.32
Games: 280, Wins: 96, Losses: 77, Draws: 107, Points: 149.5 (53.39 %)
Ptnml(0-2): [6, 34, 47, 41, 12], WL/DD Ratio: 1.94
--------------------------------------------------
Started game 292 of 3000 (ref-248b6e2 vs cand-dedddf6)
Finished game 281 (cand-dedddf6 vs ref-248b6e2): 1-0 {White wins by adjudication}
Started game 293 of 3000 (cand-dedddf6 vs ref-248b6e2)
Finished game 282 (ref-248b6e2 vs cand-dedddf6): 0-1 {Black wins by adjudication}
Started game 294 of 3000 (ref-248b6e2 vs cand-dedddf6)
Finished game 283 (cand-dedddf6 vs ref-248b6e2): 1/2-1/2 {Draw by 3-fold repetition}
Started game 295 of 3000 (cand-dedddf6 vs ref-248b6e2)
Finished game 286 (ref-248b6e2 vs cand-dedddf6): 1-0 {White wins by adjudication}
Started game 296 of 3000 (ref-248b6e2 vs cand-dedddf6)
Finished game 285 (cand-dedddf6 vs ref-248b6e2): 1/2-1/2 {Draw by 3-fold repetition}
Started game 297 of 3000 (cand-dedddf6 vs ref-248b6e2)
Finished game 288 (ref-248b6e2 vs cand-dedddf6): 0-1 {Black wins by adjudication}
Started game 298 of 3000 (ref-248b6e2 vs cand-dedddf6)
Finished game 284 (ref-248b6e2 vs cand-dedddf6): 1/2-1/2 {Draw by adjudication}
Started game 299 of 3000 (cand-dedddf6 vs ref-248b6e2)
Finished game 289 (cand-dedddf6 vs ref-248b6e2): 1-0 {White wins by adjudication}
Started game 300 of 3000 (ref-248b6e2 vs cand-dedddf6)
Finished game 290 (ref-248b6e2 vs cand-dedddf6): 1-0 {White wins by adjudication}
Started game 301 of 3000 (cand-dedddf6 vs ref-248b6e2)
Finished game 291 (cand-dedddf6 vs ref-248b6e2): 0-1 {Black wins by adjudication}
Started game 302 of 3000 (ref-248b6e2 vs cand-dedddf6)
Finished game 293 (cand-dedddf6 vs ref-248b6e2): 1-0 {White wins by adjudication}
Started game 303 of 3000 (cand-dedddf6 vs ref-248b6e2)
Finished game 295 (cand-dedddf6 vs ref-248b6e2): 0-1 {Black wins by adjudication}
Started game 304 of 3000 (ref-248b6e2 vs cand-dedddf6)
Finished game 292 (ref-248b6e2 vs cand-dedddf6): 0-1 {Black wins by adjudication}
Started game 305 of 3000 (cand-dedddf6 vs ref-248b6e2)
Finished game 294 (ref-248b6e2 vs cand-dedddf6): 1/2-1/2 {Draw by adjudication}
Started game 306 of 3000 (ref-248b6e2 vs cand-dedddf6)
Finished game 287 (cand-dedddf6 vs ref-248b6e2): 1-0 {White wins by adjudication}
Started game 307 of 3000 (cand-dedddf6 vs ref-248b6e2)
Finished game 298 (ref-248b6e2 vs cand-dedddf6): 1-0 {White wins by adjudication}
Started game 308 of 3000 (ref-248b6e2 vs cand-dedddf6)
Finished game 300 (ref-248b6e2 vs cand-dedddf6): 1/2-1/2 {Draw by 3-fold repetition}
Started game 309 of 3000 (cand-dedddf6 vs ref-248b6e2)
Finished game 302 (ref-248b6e2 vs cand-dedddf6): 0-1 {Black wins by adjudication}
Started game 310 of 3000 (ref-248b6e2 vs cand-dedddf6)
Finished game 296 (ref-248b6e2 vs cand-dedddf6): 1-0 {White wins by adjudication}
Started game 311 of 3000 (cand-dedddf6 vs ref-248b6e2)
Finished game 301 (cand-dedddf6 vs ref-248b6e2): 1-0 {White wins by adjudication}
Started game 312 of 3000 (ref-248b6e2 vs cand-dedddf6)
Finished game 305 (cand-dedddf6 vs ref-248b6e2): 0-1 {Black wins by adjudication}
Started game 313 of 3000 (cand-dedddf6 vs ref-248b6e2)
Finished game 303 (cand-dedddf6 vs ref-248b6e2): 1-0 {White wins by adjudication}
Started game 314 of 3000 (ref-248b6e2 vs cand-dedddf6)
Finished game 297 (cand-dedddf6 vs ref-248b6e2): 1/2-1/2 {Draw by fifty moves rule}
Started game 315 of 3000 (cand-dedddf6 vs ref-248b6e2)
Finished game 299 (cand-dedddf6 vs ref-248b6e2): 0-1 {Black wins by adjudication}
--------------------------------------------------
Results of cand-dedddf6 vs ref-248b6e2 (8+0.08, 1t, 16MB, noob_3moves.epd):
Elo: 24.20 +/- 29.09, nElo: 32.78 +/- 39.18
LOS: 94.94 %, DrawRatio: 33.11 %, PairsRatio: 1.30
Games: 302, Wins: 105, Losses: 84, Draws: 113, Points: 161.5 (53.48 %)
Ptnml(0-2): [7, 37, 50, 42, 15], WL/DD Ratio: 1.94
--------------------------------------------------
Started game 316 of 3000 (ref-248b6e2 vs cand-dedddf6)
Finished game 307 (cand-dedddf6 vs ref-248b6e2): 0-1 {Black wins by adjudication}
Started game 317 of 3000 (cand-dedddf6 vs ref-248b6e2)
Finished game 306 (ref-248b6e2 vs cand-dedddf6): 1/2-1/2 {Draw by 3-fold repetition}
Started game 318 of 3000 (ref-248b6e2 vs cand-dedddf6)
Finished game 304 (ref-248b6e2 vs cand-dedddf6): 1/2-1/2 {Draw by insufficient mating material}
Started game 319 of 3000 (cand-dedddf6 vs ref-248b6e2)
Finished game 310 (ref-248b6e2 vs cand-dedddf6): 1-0 {White wins by adjudication}
Started game 320 of 3000 (ref-248b6e2 vs cand-dedddf6)
Finished game 309 (cand-dedddf6 vs ref-248b6e2): 0-1 {Black wins by adjudication}
Started game 321 of 3000 (cand-dedddf6 vs ref-248b6e2)
Finished game 314 (ref-248b6e2 vs cand-dedddf6): 1/2-1/2 {Draw by 3-fold repetition}
Started game 322 of 3000 (ref-248b6e2 vs cand-dedddf6)
Finished game 315 (cand-dedddf6 vs ref-248b6e2): 1-0 {White wins by adjudication}
Started game 323 of 3000 (cand-dedddf6 vs ref-248b6e2)
Finished game 311 (cand-dedddf6 vs ref-248b6e2): 1-0 {White wins by adjudication}
Started game 324 of 3000 (ref-248b6e2 vs cand-dedddf6)
Finished game 312 (ref-248b6e2 vs cand-dedddf6): 1-0 {White wins by adjudication}
Started game 325 of 3000 (cand-dedddf6 vs ref-248b6e2)
Finished game 317 (cand-dedddf6 vs ref-248b6e2): 0-1 {Black wins by adjudication}
Started game 326 of 3000 (ref-248b6e2 vs cand-dedddf6)
Finished game 308 (ref-248b6e2 vs cand-dedddf6): 0-1 {Black wins by adjudication}
Started game 327 of 3000 (cand-dedddf6 vs ref-248b6e2)
Finished game 313 (cand-dedddf6 vs ref-248b6e2): 1/2-1/2 {Draw by insufficient mating material}
Started game 328 of 3000 (ref-248b6e2 vs cand-dedddf6)
Finished game 319 (cand-dedddf6 vs ref-248b6e2): 1-0 {White wins by adjudication}
Started game 329 of 3000 (cand-dedddf6 vs ref-248b6e2)
Finished game 318 (ref-248b6e2 vs cand-dedddf6): 1-0 {White wins by adjudication}
Started game 330 of 3000 (ref-248b6e2 vs cand-dedddf6)
Finished game 316 (ref-248b6e2 vs cand-dedddf6): 1-0 {White wins by adjudication}
Started game 331 of 3000 (cand-dedddf6 vs ref-248b6e2)
Finished game 320 (ref-248b6e2 vs cand-dedddf6): 1/2-1/2 {Draw by 3-fold repetition}
--------------------------------------------------
Results of cand-dedddf6 vs ref-248b6e2 (8+0.08, 1t, 16MB, noob_3moves.epd):
Elo: 19.56 +/- 28.38, nElo: 26.35 +/- 38.07
LOS: 91.26 %, DrawRatio: 33.75 %, PairsRatio: 1.26
Games: 320, Wins: 110, Losses: 92, Draws: 118, Points: 169.0 (52.81 %)
Ptnml(0-2): [9, 38, 54, 44, 15], WL/DD Ratio: 2.00
--------------------------------------------------
Started game 332 of 3000 (ref-248b6e2 vs cand-dedddf6)
Finished game 322 (ref-248b6e2 vs cand-dedddf6): 1/2-1/2 {Draw by 3-fold repetition}
Started game 333 of 3000 (cand-dedddf6 vs ref-248b6e2)
Finished game 321 (cand-dedddf6 vs ref-248b6e2): 1/2-1/2 {Draw by adjudication}
Started game 334 of 3000 (ref-248b6e2 vs cand-dedddf6)
Finished game 327 (cand-dedddf6 vs ref-248b6e2): 1/2-1/2 {Draw by 3-fold repetition}
Started game 335 of 3000 (cand-dedddf6 vs ref-248b6e2)
Finished game 328 (ref-248b6e2 vs cand-dedddf6): 1/2-1/2 {Draw by adjudication}
Started game 336 of 3000 (ref-248b6e2 vs cand-dedddf6)
Finished game 325 (cand-dedddf6 vs ref-248b6e2): 0-1 {Black wins by adjudication}
Started game 337 of 3000 (cand-dedddf6 vs ref-248b6e2)
Finished game 323 (cand-dedddf6 vs ref-248b6e2): 1/2-1/2 {Draw by adjudication}
Started game 338 of 3000 (ref-248b6e2 vs cand-dedddf6)
Finished game 324 (ref-248b6e2 vs cand-dedddf6): 1/2-1/2 {Draw by adjudication}
Started game 339 of 3000 (cand-dedddf6 vs ref-248b6e2)
Finished game 326 (ref-248b6e2 vs cand-dedddf6): 1/2-1/2 {Draw by 3-fold repetition}
Started game 340 of 3000 (ref-248b6e2 vs cand-dedddf6)
Finished game 330 (ref-248b6e2 vs cand-dedddf6): 1-0 {White wins by adjudication}
Started game 341 of 3000 (cand-dedddf6 vs ref-248b6e2)
Finished game 329 (cand-dedddf6 vs ref-248b6e2): 1-0 {White wins by adjudication}
Started game 342 of 3000 (ref-248b6e2 vs cand-dedddf6)
Finished game 333 (cand-dedddf6 vs ref-248b6e2): 0-1 {Black wins by adjudication}
Started game 343 of 3000 (cand-dedddf6 vs ref-248b6e2)
Finished game 335 (cand-dedddf6 vs ref-248b6e2): 1-0 {White wins by adjudication}
Started game 344 of 3000 (ref-248b6e2 vs cand-dedddf6)
Finished game 341 (cand-dedddf6 vs ref-248b6e2): 1-0 {White wins by adjudication}
Started game 345 of 3000 (cand-dedddf6 vs ref-248b6e2)
Finished game 332 (ref-248b6e2 vs cand-dedddf6): 1/2-1/2 {Draw by insufficient mating material}
Started game 346 of 3000 (ref-248b6e2 vs cand-dedddf6)
Finished game 337 (cand-dedddf6 vs ref-248b6e2): 0-1 {Black wins by adjudication}
Started game 347 of 3000 (cand-dedddf6 vs ref-248b6e2)
Finished game 336 (ref-248b6e2 vs cand-dedddf6): 0-1 {Black wins by adjudication}
Started game 348 of 3000 (ref-248b6e2 vs cand-dedddf6)
Finished game 331 (cand-dedddf6 vs ref-248b6e2): 1/2-1/2 {Draw by 3-fold repetition}
Started game 349 of 3000 (cand-dedddf6 vs ref-248b6e2)
Finished game 338 (ref-248b6e2 vs cand-dedddf6): 1-0 {White wins by adjudication}
Started game 350 of 3000 (ref-248b6e2 vs cand-dedddf6)
Finished game 334 (ref-248b6e2 vs cand-dedddf6): 1/2-1/2 {Draw by insufficient mating material}
Started game 351 of 3000 (cand-dedddf6 vs ref-248b6e2)
Finished game 339 (cand-dedddf6 vs ref-248b6e2): 0-1 {Black wins by adjudication}
Started game 352 of 3000 (ref-248b6e2 vs cand-dedddf6)
Finished game 342 (ref-248b6e2 vs cand-dedddf6): 1/2-1/2 {Draw by 3-fold repetition}
Started game 353 of 3000 (cand-dedddf6 vs ref-248b6e2)
Finished game 340 (ref-248b6e2 vs cand-dedddf6): 1/2-1/2 {Draw by adjudication}
--------------------------------------------------
Results of cand-dedddf6 vs ref-248b6e2 (8+0.08, 1t, 16MB, noob_3moves.epd):
Elo: 16.27 +/- 27.45, nElo: 21.89 +/- 36.82
LOS: 87.81 %, DrawRatio: 34.50 %, PairsRatio: 1.20
Games: 342, Wins: 114, Losses: 98, Draws: 130, Points: 179.0 (52.34 %)
Ptnml(0-2): [10, 41, 59, 45, 16], WL/DD Ratio: 1.68
--------------------------------------------------
Started game 354 of 3000 (ref-248b6e2 vs cand-dedddf6)
Finished game 347 (cand-dedddf6 vs ref-248b6e2): 0-1 {Black wins by adjudication}
Started game 355 of 3000 (cand-dedddf6 vs ref-248b6e2)
Finished game 344 (ref-248b6e2 vs cand-dedddf6): 1-0 {White wins by adjudication}
Started game 356 of 3000 (ref-248b6e2 vs cand-dedddf6)
Finished game 343 (cand-dedddf6 vs ref-248b6e2): 1-0 {White wins by adjudication}
Started game 357 of 3000 (cand-dedddf6 vs ref-248b6e2)
Finished game 348 (ref-248b6e2 vs cand-dedddf6): 1-0 {White wins by adjudication}
Started game 358 of 3000 (ref-248b6e2 vs cand-dedddf6)
Finished game 346 (ref-248b6e2 vs cand-dedddf6): 1/2-1/2 {Draw by adjudication}
Started game 359 of 3000 (cand-dedddf6 vs ref-248b6e2)
Finished game 349 (cand-dedddf6 vs ref-248b6e2): 1-0 {White wins by adjudication}
Started game 360 of 3000 (ref-248b6e2 vs cand-dedddf6)
Finished game 354 (ref-248b6e2 vs cand-dedddf6): 1-0 {White wins by adjudication}
Started game 361 of 3000 (cand-dedddf6 vs ref-248b6e2)
Finished game 356 (ref-248b6e2 vs cand-dedddf6): 0-1 {Black wins by adjudication}
Started game 362 of 3000 (ref-248b6e2 vs cand-dedddf6)
Finished game 352 (ref-248b6e2 vs cand-dedddf6): 1/2-1/2 {Draw by insufficient mating material}
Started game 363 of 3000 (cand-dedddf6 vs ref-248b6e2)
Finished game 345 (cand-dedddf6 vs ref-248b6e2): 1/2-1/2 {Draw by 3-fold repetition}
Started game 364 of 3000 (ref-248b6e2 vs cand-dedddf6)
Finished game 350 (ref-248b6e2 vs cand-dedddf6): 1/2-1/2 {Draw by fifty moves rule}
Started game 365 of 3000 (cand-dedddf6 vs ref-248b6e2)
Finished game 353 (cand-dedddf6 vs ref-248b6e2): 0-1 {Black wins by adjudication}
Started game 366 of 3000 (ref-248b6e2 vs cand-dedddf6)
Finished game 357 (cand-dedddf6 vs ref-248b6e2): 1/2-1/2 {Draw by insufficient mating material}
Started game 367 of 3000 (cand-dedddf6 vs ref-248b6e2)
Finished game 351 (cand-dedddf6 vs ref-248b6e2): 1/2-1/2 {Draw by adjudication}
Started game 368 of 3000 (ref-248b6e2 vs cand-dedddf6)
Finished game 359 (cand-dedddf6 vs ref-248b6e2): 1-0 {White wins by adjudication}
Started game 369 of 3000 (cand-dedddf6 vs ref-248b6e2)
Finished game 360 (ref-248b6e2 vs cand-dedddf6): 1/2-1/2 {Draw by 3-fold repetition}
--------------------------------------------------
Results of cand-dedddf6 vs ref-248b6e2 (8+0.08, 1t, 16MB, noob_3moves.epd):
Elo: 13.67 +/- 27.07, nElo: 18.28 +/- 36.09
LOS: 83.96 %, DrawRatio: 34.83 %, PairsRatio: 1.19
Games: 356, Wins: 117, Losses: 103, Draws: 136, Points: 185.0 (51.97 %)
Ptnml(0-2): [12, 41, 62, 47, 16], WL/DD Ratio: 1.58
--------------------------------------------------
Started game 370 of 3000 (ref-248b6e2 vs cand-dedddf6)
Finished game 355 (cand-dedddf6 vs ref-248b6e2): 0-1 {Black wins by adjudication}
Started game 371 of 3000 (cand-dedddf6 vs ref-248b6e2)
Finished game 366 (ref-248b6e2 vs cand-dedddf6): 1-0 {White wins by adjudication}
Started game 372 of 3000 (ref-248b6e2 vs cand-dedddf6)
Finished game 363 (cand-dedddf6 vs ref-248b6e2): 0-1 {Black wins by adjudication}
Started game 373 of 3000 (cand-dedddf6 vs ref-248b6e2)
Finished game 364 (ref-248b6e2 vs cand-dedddf6): 1-0 {White wins by adjudication}
Started game 374 of 3000 (ref-248b6e2 vs cand-dedddf6)
Finished game 358 (ref-248b6e2 vs cand-dedddf6): 1/2-1/2 {Draw by insufficient mating material}
Started game 375 of 3000 (cand-dedddf6 vs ref-248b6e2)
Finished game 365 (cand-dedddf6 vs ref-248b6e2): 0-1 {Black wins by adjudication}
Started game 376 of 3000 (ref-248b6e2 vs cand-dedddf6)
Finished game 361 (cand-dedddf6 vs ref-248b6e2): 0-1 {Black wins by adjudication}
Started game 377 of 3000 (cand-dedddf6 vs ref-248b6e2)
Finished game 368 (ref-248b6e2 vs cand-dedddf6): 1/2-1/2 {Draw by 3-fold repetition}
Started game 378 of 3000 (ref-248b6e2 vs cand-dedddf6)
Finished game 370 (ref-248b6e2 vs cand-dedddf6): 0-1 {Black wins by adjudication}
Started game 379 of 3000 (cand-dedddf6 vs ref-248b6e2)
Finished game 362 (ref-248b6e2 vs cand-dedddf6): 1/2-1/2 {Draw by fifty moves rule}
Started game 380 of 3000 (ref-248b6e2 vs cand-dedddf6)
Finished game 367 (cand-dedddf6 vs ref-248b6e2): 1-0 {White wins by adjudication}
Started game 381 of 3000 (cand-dedddf6 vs ref-248b6e2)
Finished game 371 (cand-dedddf6 vs ref-248b6e2): 1/2-1/2 {Draw by insufficient mating material}
Started game 382 of 3000 (ref-248b6e2 vs cand-dedddf6)
Finished game 376 (ref-248b6e2 vs cand-dedddf6): 0-1 {Black wins by adjudication}
Started game 383 of 3000 (cand-dedddf6 vs ref-248b6e2)
Finished game 375 (cand-dedddf6 vs ref-248b6e2): 1/2-1/2 {Draw by 3-fold repetition}
Started game 384 of 3000 (ref-248b6e2 vs cand-dedddf6)
Finished game 372 (ref-248b6e2 vs cand-dedddf6): 0-1 {Black wins by adjudication}
Started game 385 of 3000 (cand-dedddf6 vs ref-248b6e2)
Finished game 373 (cand-dedddf6 vs ref-248b6e2): 1/2-1/2 {Draw by insufficient mating material}
Started game 386 of 3000 (ref-248b6e2 vs cand-dedddf6)
Finished game 380 (ref-248b6e2 vs cand-dedddf6): 1/2-1/2 {Draw by 3-fold repetition}
Started game 387 of 3000 (cand-dedddf6 vs ref-248b6e2)
Finished game 374 (ref-248b6e2 vs cand-dedddf6): 1/2-1/2 {Draw by 3-fold repetition}
Started game 388 of 3000 (ref-248b6e2 vs cand-dedddf6)
Finished game 378 (ref-248b6e2 vs cand-dedddf6): 1-0 {White wins by adjudication}
Started game 389 of 3000 (cand-dedddf6 vs ref-248b6e2)
Finished game 379 (cand-dedddf6 vs ref-248b6e2): 1/2-1/2 {Draw by insufficient mating material}
--------------------------------------------------
Results of cand-dedddf6 vs ref-248b6e2 (8+0.08, 1t, 16MB, noob_3moves.epd):
Elo: 11.09 +/- 26.40, nElo: 14.79 +/- 35.12
LOS: 79.55 %, DrawRatio: 35.11 %, PairsRatio: 1.18
Games: 376, Wins: 121, Losses: 109, Draws: 146, Points: 194.0 (51.60 %)
Ptnml(0-2): [14, 42, 66, 50, 16], WL/DD Ratio: 1.44
--------------------------------------------------
Started game 390 of 3000 (ref-248b6e2 vs cand-dedddf6)
Finished game 377 (cand-dedddf6 vs ref-248b6e2): 0-1 {Black wins by adjudication}
Started game 391 of 3000 (cand-dedddf6 vs ref-248b6e2)
Finished game 369 (cand-dedddf6 vs ref-248b6e2): 1/2-1/2 {Draw by fifty moves rule}
Started game 392 of 3000 (ref-248b6e2 vs cand-dedddf6)
Finished game 382 (ref-248b6e2 vs cand-dedddf6): 0-1 {Black wins by adjudication}
Started game 393 of 3000 (cand-dedddf6 vs ref-248b6e2)
Finished game 381 (cand-dedddf6 vs ref-248b6e2): 1-0 {White wins by adjudication}
Started game 394 of 3000 (ref-248b6e2 vs cand-dedddf6)
Finished game 383 (cand-dedddf6 vs ref-248b6e2): 0-1 {Black wins by adjudication}
Started game 395 of 3000 (cand-dedddf6 vs ref-248b6e2)
Finished game 387 (cand-dedddf6 vs ref-248b6e2): 0-1 {Black wins by adjudication}
Started game 396 of 3000 (ref-248b6e2 vs cand-dedddf6)
Finished game 388 (ref-248b6e2 vs cand-dedddf6): 0-1 {Black wins by adjudication}
Started game 397 of 3000 (cand-dedddf6 vs ref-248b6e2)
Finished game 386 (ref-248b6e2 vs cand-dedddf6): 1/2-1/2 {Draw by adjudication}
Started game 398 of 3000 (ref-248b6e2 vs cand-dedddf6)
Finished game 385 (cand-dedddf6 vs ref-248b6e2): 1-0 {White wins by adjudication}
Started game 399 of 3000 (cand-dedddf6 vs ref-248b6e2)
Finished game 384 (ref-248b6e2 vs cand-dedddf6): 0-1 {Black wins by adjudication}
Started game 400 of 3000 (ref-248b6e2 vs cand-dedddf6)
Finished game 395 (cand-dedddf6 vs ref-248b6e2): 1/2-1/2 {Draw by 3-fold repetition}
Started game 401 of 3000 (cand-dedddf6 vs ref-248b6e2)
Finished game 389 (cand-dedddf6 vs ref-248b6e2): 1-0 {White wins by adjudication}
Started game 402 of 3000 (ref-248b6e2 vs cand-dedddf6)
Finished game 390 (ref-248b6e2 vs cand-dedddf6): 1/2-1/2 {Draw by 3-fold repetition}
Started game 403 of 3000 (cand-dedddf6 vs ref-248b6e2)
Finished game 391 (cand-dedddf6 vs ref-248b6e2): 0-1 {Black wins by adjudication}
Started game 404 of 3000 (ref-248b6e2 vs cand-dedddf6)
Finished game 392 (ref-248b6e2 vs cand-dedddf6): 1-0 {White wins by adjudication}
Started game 405 of 3000 (cand-dedddf6 vs ref-248b6e2)
Finished game 393 (cand-dedddf6 vs ref-248b6e2): 0-1 {Black wins by adjudication}
Started game 406 of 3000 (ref-248b6e2 vs cand-dedddf6)
Finished game 394 (ref-248b6e2 vs cand-dedddf6): 1-0 {White wins by adjudication}
Started game 407 of 3000 (cand-dedddf6 vs ref-248b6e2)
Finished game 397 (cand-dedddf6 vs ref-248b6e2): 1/2-1/2 {Draw by 3-fold repetition}
Started game 408 of 3000 (ref-248b6e2 vs cand-dedddf6)
Finished game 399 (cand-dedddf6 vs ref-248b6e2): 0-1 {Black wins by adjudication}
Started game 409 of 3000 (cand-dedddf6 vs ref-248b6e2)
Finished game 398 (ref-248b6e2 vs cand-dedddf6): 1/2-1/2 {Draw by 3-fold repetition}
Started game 410 of 3000 (ref-248b6e2 vs cand-dedddf6)
Finished game 400 (ref-248b6e2 vs cand-dedddf6): 1/2-1/2 {Draw by 3-fold repetition}
--------------------------------------------------
Results of cand-dedddf6 vs ref-248b6e2 (8+0.08, 1t, 16MB, noob_3moves.epd):
Elo: 8.73 +/- 26.10, nElo: 11.45 +/- 34.13
LOS: 74.45 %, DrawRatio: 34.67 %, PairsRatio: 1.17
Games: 398, Wins: 128, Losses: 118, Draws: 152, Points: 204.0 (51.26 %)
Ptnml(0-2): [17, 43, 69, 53, 17], WL/DD Ratio: 1.46
--------------------------------------------------
Started game 411 of 3000 (cand-dedddf6 vs ref-248b6e2)
Finished game 404 (ref-248b6e2 vs cand-dedddf6): 0-1 {Black wins by adjudication}
Started game 412 of 3000 (ref-248b6e2 vs cand-dedddf6)
Finished game 396 (ref-248b6e2 vs cand-dedddf6): 1-0 {White wins by adjudication}
Started game 413 of 3000 (cand-dedddf6 vs ref-248b6e2)
Finished game 401 (cand-dedddf6 vs ref-248b6e2): 1-0 {White wins by adjudication}
Started game 414 of 3000 (ref-248b6e2 vs cand-dedddf6)
Finished game 402 (ref-248b6e2 vs cand-dedddf6): 1-0 {White wins by adjudication}
Started game 415 of 3000 (cand-dedddf6 vs ref-248b6e2)
Finished game 408 (ref-248b6e2 vs cand-dedddf6): 1-0 {White wins by adjudication}
Started game 416 of 3000 (ref-248b6e2 vs cand-dedddf6)
Finished game 403 (cand-dedddf6 vs ref-248b6e2): 1/2-1/2 {Draw by 3-fold repetition}
Started game 417 of 3000 (cand-dedddf6 vs ref-248b6e2)
Finished game 406 (ref-248b6e2 vs cand-dedddf6): 1/2-1/2 {Draw by 3-fold repetition}
Started game 418 of 3000 (ref-248b6e2 vs cand-dedddf6)
Finished game 405 (cand-dedddf6 vs ref-248b6e2): 0-1 {Black wins by adjudication}
Started game 419 of 3000 (cand-dedddf6 vs ref-248b6e2)
Finished game 409 (cand-dedddf6 vs ref-248b6e2): 0-1 {Black wins by adjudication}
Started game 420 of 3000 (ref-248b6e2 vs cand-dedddf6)
Finished game 410 (ref-248b6e2 vs cand-dedddf6): 1-0 {White wins by adjudication}
Started game 421 of 3000 (cand-dedddf6 vs ref-248b6e2)
Finished game 407 (cand-dedddf6 vs ref-248b6e2): 1/2-1/2 {Draw by insufficient mating material}
Started game 422 of 3000 (ref-248b6e2 vs cand-dedddf6)
Finished game 417 (cand-dedddf6 vs ref-248b6e2): 1-0 {White wins by adjudication}
Started game 423 of 3000 (cand-dedddf6 vs ref-248b6e2)
Finished game 412 (ref-248b6e2 vs cand-dedddf6): 0-1 {Black wins by adjudication}
Started game 424 of 3000 (ref-248b6e2 vs cand-dedddf6)
Finished game 411 (cand-dedddf6 vs ref-248b6e2): 1/2-1/2 {Draw by insufficient mating material}
Started game 425 of 3000 (cand-dedddf6 vs ref-248b6e2)
Finished game 413 (cand-dedddf6 vs ref-248b6e2): 1-0 {White wins by adjudication}
Started game 426 of 3000 (ref-248b6e2 vs cand-dedddf6)
Finished game 414 (ref-248b6e2 vs cand-dedddf6): 1-0 {White wins by adjudication}
Started game 427 of 3000 (cand-dedddf6 vs ref-248b6e2)
Finished game 415 (cand-dedddf6 vs ref-248b6e2): 1/2-1/2 {Draw by 3-fold repetition}
Started game 428 of 3000 (ref-248b6e2 vs cand-dedddf6)
Finished game 418 (ref-248b6e2 vs cand-dedddf6): 1-0 {White wins by adjudication}
Started game 429 of 3000 (cand-dedddf6 vs ref-248b6e2)
Finished game 421 (cand-dedddf6 vs ref-248b6e2): 1-0 {White wins by adjudication}
Started game 430 of 3000 (ref-248b6e2 vs cand-dedddf6)
Finished game 420 (ref-248b6e2 vs cand-dedddf6): 1-0 {White wins by adjudication}
Started game 431 of 3000 (cand-dedddf6 vs ref-248b6e2)
Finished game 416 (ref-248b6e2 vs cand-dedddf6): 1-0 {White wins by adjudication}
Started game 432 of 3000 (ref-248b6e2 vs cand-dedddf6)
Finished game 419 (cand-dedddf6 vs ref-248b6e2): 1/2-1/2 {Draw by 3-fold repetition}
--------------------------------------------------
Results of cand-dedddf6 vs ref-248b6e2 (8+0.08, 1t, 16MB, noob_3moves.epd):
Elo: 4.14 +/- 25.32, nElo: 5.44 +/- 33.23
LOS: 62.58 %, DrawRatio: 34.29 %, PairsRatio: 1.09
Games: 420, Wins: 133, Losses: 128, Draws: 159, Points: 212.5 (50.60 %)
Ptnml(0-2): [18, 48, 72, 55, 17], WL/DD Ratio: 1.57
--------------------------------------------------
Started game 433 of 3000 (cand-dedddf6 vs ref-248b6e2)
Finished game 425 (cand-dedddf6 vs ref-248b6e2): 0-1 {Black wins by adjudication}
Started game 434 of 3000 (ref-248b6e2 vs cand-dedddf6)
Finished game 424 (ref-248b6e2 vs cand-dedddf6): 0-1 {Black wins by adjudication}
Started game 435 of 3000 (cand-dedddf6 vs ref-248b6e2)
Finished game 422 (ref-248b6e2 vs cand-dedddf6): 1-0 {White wins by adjudication}
Started game 436 of 3000 (ref-248b6e2 vs cand-dedddf6)
Finished game 428 (ref-248b6e2 vs cand-dedddf6): 0-1 {Black wins by adjudication}
Started game 437 of 3000 (cand-dedddf6 vs ref-248b6e2)
Finished game 427 (cand-dedddf6 vs ref-248b6e2): 1/2-1/2 {Draw by 3-fold repetition}
Started game 438 of 3000 (ref-248b6e2 vs cand-dedddf6)
Finished game 423 (cand-dedddf6 vs ref-248b6e2): 0-1 {Black wins by adjudication}
Started game 439 of 3000 (cand-dedddf6 vs ref-248b6e2)
Finished game 429 (cand-dedddf6 vs ref-248b6e2): 1/2-1/2 {Draw by 3-fold repetition}
Started game 440 of 3000 (ref-248b6e2 vs cand-dedddf6)
Finished game 426 (ref-248b6e2 vs cand-dedddf6): 1/2-1/2 {Draw by 3-fold repetition}
Started game 441 of 3000 (cand-dedddf6 vs ref-248b6e2)
Finished game 430 (ref-248b6e2 vs cand-dedddf6): 1-0 {White wins by adjudication}
Started game 442 of 3000 (ref-248b6e2 vs cand-dedddf6)
Finished game 440 (ref-248b6e2 vs cand-dedddf6): 0-1 {Black wins by adjudication}
Started game 443 of 3000 (cand-dedddf6 vs ref-248b6e2)
Finished game 432 (ref-248b6e2 vs cand-dedddf6): 1/2-1/2 {Draw by insufficient mating material}
Started game 444 of 3000 (ref-248b6e2 vs cand-dedddf6)
Finished game 433 (cand-dedddf6 vs ref-248b6e2): 1-0 {White wins by adjudication}
Started game 445 of 3000 (cand-dedddf6 vs ref-248b6e2)
Finished game 438 (ref-248b6e2 vs cand-dedddf6): 0-1 {Black wins by adjudication}
Started game 446 of 3000 (ref-248b6e2 vs cand-dedddf6)
Finished game 435 (cand-dedddf6 vs ref-248b6e2): 0-1 {Black wins by adjudication}
Started game 447 of 3000 (cand-dedddf6 vs ref-248b6e2)
Finished game 439 (cand-dedddf6 vs ref-248b6e2): 1-0 {White wins by adjudication}
--------------------------------------------------
Results of cand-dedddf6 vs ref-248b6e2 (8+0.08, 1t, 16MB, noob_3moves.epd):
Elo: 4.83 +/- 24.96, nElo: 6.35 +/- 32.76
LOS: 64.79 %, DrawRatio: 34.26 %, PairsRatio: 1.09
Games: 432, Wins: 138, Losses: 132, Draws: 162, Points: 219.0 (50.69 %)
Ptnml(0-2): [18, 50, 74, 56, 18], WL/DD Ratio: 1.64
--------------------------------------------------
Started game 448 of 3000 (ref-248b6e2 vs cand-dedddf6)
Finished game 437 (cand-dedddf6 vs ref-248b6e2): 0-1 {Black wins by adjudication}
Started game 449 of 3000 (cand-dedddf6 vs ref-248b6e2)
Finished game 431 (cand-dedddf6 vs ref-248b6e2): 1/2-1/2 {Draw by 3-fold repetition}
Started game 450 of 3000 (ref-248b6e2 vs cand-dedddf6)
Finished game 436 (ref-248b6e2 vs cand-dedddf6): 1/2-1/2 {Draw by fifty moves rule}
Started game 451 of 3000 (cand-dedddf6 vs ref-248b6e2)
Finished game 441 (cand-dedddf6 vs ref-248b6e2): 1/2-1/2 {Draw by adjudication}
Started game 452 of 3000 (ref-248b6e2 vs cand-dedddf6)
Finished game 434 (ref-248b6e2 vs cand-dedddf6): 1/2-1/2 {Draw by fifty moves rule}
Started game 453 of 3000 (cand-dedddf6 vs ref-248b6e2)
Finished game 442 (ref-248b6e2 vs cand-dedddf6): 0-1 {Black wins by adjudication}
Started game 454 of 3000 (ref-248b6e2 vs cand-dedddf6)
Finished game 444 (ref-248b6e2 vs cand-dedddf6): 1/2-1/2 {Draw by 3-fold repetition}
Started game 455 of 3000 (cand-dedddf6 vs ref-248b6e2)
Finished game 443 (cand-dedddf6 vs ref-248b6e2): 1-0 {White wins by adjudication}
Started game 456 of 3000 (ref-248b6e2 vs cand-dedddf6)
Finished game 446 (ref-248b6e2 vs cand-dedddf6): 1/2-1/2 {Draw by 3-fold repetition}
Started game 457 of 3000 (cand-dedddf6 vs ref-248b6e2)
Finished game 449 (cand-dedddf6 vs ref-248b6e2): 1-0 {White wins by adjudication}
Started game 458 of 3000 (ref-248b6e2 vs cand-dedddf6)
Finished game 450 (ref-248b6e2 vs cand-dedddf6): 1-0 {White wins by adjudication}
Started game 459 of 3000 (cand-dedddf6 vs ref-248b6e2)
Finished game 453 (cand-dedddf6 vs ref-248b6e2): 1/2-1/2 {Draw by 3-fold repetition}
Started game 460 of 3000 (ref-248b6e2 vs cand-dedddf6)
Finished game 451 (cand-dedddf6 vs ref-248b6e2): 1/2-1/2 {Draw by 3-fold repetition}
Started game 461 of 3000 (cand-dedddf6 vs ref-248b6e2)
Finished game 454 (ref-248b6e2 vs cand-dedddf6): 1/2-1/2 {Draw by 3-fold repetition}
Started game 462 of 3000 (ref-248b6e2 vs cand-dedddf6)
Finished game 445 (cand-dedddf6 vs ref-248b6e2): 1/2-1/2 {Draw by fifty moves rule}
Started game 463 of 3000 (cand-dedddf6 vs ref-248b6e2)
Finished game 447 (cand-dedddf6 vs ref-248b6e2): 1-0 {White wins by adjudication}
Started game 464 of 3000 (ref-248b6e2 vs cand-dedddf6)
Finished game 452 (ref-248b6e2 vs cand-dedddf6): 1-0 {White wins by adjudication}
Started game 465 of 3000 (cand-dedddf6 vs ref-248b6e2)
Finished game 455 (cand-dedddf6 vs ref-248b6e2): 0-1 {Black wins by adjudication}
Started game 466 of 3000 (ref-248b6e2 vs cand-dedddf6)
Finished game 456 (ref-248b6e2 vs cand-dedddf6): 1-0 {White wins by adjudication}
Started game 467 of 3000 (cand-dedddf6 vs ref-248b6e2)
Finished game 448 (ref-248b6e2 vs cand-dedddf6): 1/2-1/2 {Draw by adjudication}
Started game 468 of 3000 (ref-248b6e2 vs cand-dedddf6)
Finished game 457 (cand-dedddf6 vs ref-248b6e2): 0-1 {Black wins by adjudication}
Started game 469 of 3000 (cand-dedddf6 vs ref-248b6e2)
Finished game 460 (ref-248b6e2 vs cand-dedddf6): 1/2-1/2 {Draw by adjudication}
Started game 470 of 3000 (ref-248b6e2 vs cand-dedddf6)
Finished game 468 (ref-248b6e2 vs cand-dedddf6): 0-1 {Black wins by adjudication}
Started game 471 of 3000 (cand-dedddf6 vs ref-248b6e2)
Finished game 458 (ref-248b6e2 vs cand-dedddf6): 0-1 {Black wins by adjudication}
Started game 472 of 3000 (ref-248b6e2 vs cand-dedddf6)
Finished game 464 (ref-248b6e2 vs cand-dedddf6): 1-0 {White wins by adjudication}
Started game 473 of 3000 (cand-dedddf6 vs ref-248b6e2)
Finished game 465 (cand-dedddf6 vs ref-248b6e2): 1-0 {White wins by adjudication}
Started game 474 of 3000 (ref-248b6e2 vs cand-dedddf6)
Finished game 463 (cand-dedddf6 vs ref-248b6e2): 0-1 {Black wins by adjudication}
Started game 475 of 3000 (cand-dedddf6 vs ref-248b6e2)
Finished game 467 (cand-dedddf6 vs ref-248b6e2): 0-1 {Black wins by adjudication}
Started game 476 of 3000 (ref-248b6e2 vs cand-dedddf6)
Finished game 462 (ref-248b6e2 vs cand-dedddf6): 1-0 {White wins by adjudication}
Started game 477 of 3000 (cand-dedddf6 vs ref-248b6e2)
Finished game 459 (cand-dedddf6 vs ref-248b6e2): 1/2-1/2 {Draw by insufficient mating material}
--------------------------------------------------
Results of cand-dedddf6 vs ref-248b6e2 (8+0.08, 1t, 16MB, noob_3moves.epd):
Elo: 3.00 +/- 23.88, nElo: 3.97 +/- 31.61
LOS: 59.72 %, DrawRatio: 35.34 %, PairsRatio: 1.08
Games: 464, Wins: 146, Losses: 142, Draws: 176, Points: 234.0 (50.43 %)
Ptnml(0-2): [20, 52, 82, 60, 18], WL/DD Ratio: 1.56
--------------------------------------------------
Started game 478 of 3000 (ref-248b6e2 vs cand-dedddf6)
Finished game 461 (cand-dedddf6 vs ref-248b6e2): 1/2-1/2 {Draw by insufficient mating material}
Started game 479 of 3000 (cand-dedddf6 vs ref-248b6e2)
Finished game 469 (cand-dedddf6 vs ref-248b6e2): 1-0 {White wins by adjudication}
Started game 480 of 3000 (ref-248b6e2 vs cand-dedddf6)
Finished game 466 (ref-248b6e2 vs cand-dedddf6): 1/2-1/2 {Draw by insufficient mating material}
Started game 481 of 3000 (cand-dedddf6 vs ref-248b6e2)
Finished game 476 (ref-248b6e2 vs cand-dedddf6): 0-1 {Black wins by adjudication}
Started game 482 of 3000 (ref-248b6e2 vs cand-dedddf6)
Finished game 470 (ref-248b6e2 vs cand-dedddf6): 1/2-1/2 {Draw by 3-fold repetition}
Started game 483 of 3000 (cand-dedddf6 vs ref-248b6e2)
Finished game 472 (ref-248b6e2 vs cand-dedddf6): 1-0 {White wins by adjudication}
Started game 484 of 3000 (ref-248b6e2 vs cand-dedddf6)
Finished game 478 (ref-248b6e2 vs cand-dedddf6): 1/2-1/2 {Draw by 3-fold repetition}
Started game 485 of 3000 (cand-dedddf6 vs ref-248b6e2)
Finished game 477 (cand-dedddf6 vs ref-248b6e2): 1/2-1/2 {Draw by insufficient mating material}
Started game 486 of 3000 (ref-248b6e2 vs cand-dedddf6)
Finished game 479 (cand-dedddf6 vs ref-248b6e2): 1/2-1/2 {Draw by insufficient mating material}
Started game 487 of 3000 (cand-dedddf6 vs ref-248b6e2)
Finished game 474 (ref-248b6e2 vs cand-dedddf6): 0-1 {Black wins by adjudication}
Started game 488 of 3000 (ref-248b6e2 vs cand-dedddf6)
Finished game 473 (cand-dedddf6 vs ref-248b6e2): 0-1 {Black wins by adjudication}
Started game 489 of 3000 (cand-dedddf6 vs ref-248b6e2)
Finished game 471 (cand-dedddf6 vs ref-248b6e2): 0-1 {Black wins by adjudication}
Started game 490 of 3000 (ref-248b6e2 vs cand-dedddf6)
Finished game 475 (cand-dedddf6 vs ref-248b6e2): 0-1 {Black wins by adjudication}
Started game 491 of 3000 (cand-dedddf6 vs ref-248b6e2)
Finished game 481 (cand-dedddf6 vs ref-248b6e2): 1/2-1/2 {Draw by 3-fold repetition}
Started game 492 of 3000 (ref-248b6e2 vs cand-dedddf6)
Finished game 480 (ref-248b6e2 vs cand-dedddf6): 1-0 {White wins by adjudication}
--------------------------------------------------
Results of cand-dedddf6 vs ref-248b6e2 (8+0.08, 1t, 16MB, noob_3moves.epd):
Elo: 1.45 +/- 23.43, nElo: 1.92 +/- 31.08
LOS: 54.83 %, DrawRatio: 35.42 %, PairsRatio: 1.07
Games: 480, Wins: 150, Losses: 148, Draws: 182, Points: 241.0 (50.21 %)
Ptnml(0-2): [21, 54, 85, 62, 18], WL/DD Ratio: 1.58
--------------------------------------------------
Started game 493 of 3000 (cand-dedddf6 vs ref-248b6e2)
Finished game 482 (ref-248b6e2 vs cand-dedddf6): 1-0 {White wins by adjudication}
Started game 494 of 3000 (ref-248b6e2 vs cand-dedddf6)
Finished game 486 (ref-248b6e2 vs cand-dedddf6): 0-1 {Black wins by adjudication}
Started game 495 of 3000 (cand-dedddf6 vs ref-248b6e2)
Finished game 485 (cand-dedddf6 vs ref-248b6e2): 1-0 {White wins by adjudication}
Started game 496 of 3000 (ref-248b6e2 vs cand-dedddf6)
Finished game 483 (cand-dedddf6 vs ref-248b6e2): 1/2-1/2 {Draw by insufficient mating material}
Started game 497 of 3000 (cand-dedddf6 vs ref-248b6e2)
Finished game 492 (ref-248b6e2 vs cand-dedddf6): 0-1 {Black wins by adjudication}
Started game 498 of 3000 (ref-248b6e2 vs cand-dedddf6)
Finished game 491 (cand-dedddf6 vs ref-248b6e2): 0-1 {Black wins by adjudication}
Started game 499 of 3000 (cand-dedddf6 vs ref-248b6e2)
Finished game 484 (ref-248b6e2 vs cand-dedddf6): 1-0 {White wins by adjudication}
Started game 500 of 3000 (ref-248b6e2 vs cand-dedddf6)
Finished game 487 (cand-dedddf6 vs ref-248b6e2): 1-0 {White wins by adjudication}
Started game 501 of 3000 (cand-dedddf6 vs ref-248b6e2)
Finished game 488 (ref-248b6e2 vs cand-dedddf6): 1/2-1/2 {Draw by adjudication}
Started game 502 of 3000 (ref-248b6e2 vs cand-dedddf6)
Finished game 494 (ref-248b6e2 vs cand-dedddf6): 1/2-1/2 {Draw by 3-fold repetition}
Started game 503 of 3000 (cand-dedddf6 vs ref-248b6e2)
Finished game 490 (ref-248b6e2 vs cand-dedddf6): 1/2-1/2 {Draw by 3-fold repetition}
Started game 504 of 3000 (ref-248b6e2 vs cand-dedddf6)
Finished game 493 (cand-dedddf6 vs ref-248b6e2): 0-1 {Black wins by adjudication}
Started game 505 of 3000 (cand-dedddf6 vs ref-248b6e2)
Finished game 495 (cand-dedddf6 vs ref-248b6e2): 1/2-1/2 {Draw by 3-fold repetition}
Started game 506 of 3000 (ref-248b6e2 vs cand-dedddf6)
Finished game 489 (cand-dedddf6 vs ref-248b6e2): 1/2-1/2 {Draw by fifty moves rule}
Started game 507 of 3000 (cand-dedddf6 vs ref-248b6e2)
Finished game 498 (ref-248b6e2 vs cand-dedddf6): 1-0 {White wins by adjudication}
Started game 508 of 3000 (ref-248b6e2 vs cand-dedddf6)
Finished game 497 (cand-dedddf6 vs ref-248b6e2): 1-0 {White wins by adjudication}
Started game 509 of 3000 (cand-dedddf6 vs ref-248b6e2)
Finished game 501 (cand-dedddf6 vs ref-248b6e2): 0-1 {Black wins by adjudication}
Started game 510 of 3000 (ref-248b6e2 vs cand-dedddf6)
Finished game 500 (ref-248b6e2 vs cand-dedddf6): 1-0 {White wins by adjudication}
Started game 511 of 3000 (cand-dedddf6 vs ref-248b6e2)
Finished game 499 (cand-dedddf6 vs ref-248b6e2): 0-1 {Black wins by adjudication}
--------------------------------------------------
Results of cand-dedddf6 vs ref-248b6e2 (8+0.08, 1t, 16MB, noob_3moves.epd):
Elo: -0.00 +/- 23.08, nElo: -0.00 +/- 30.51
LOS: 50.00 %, DrawRatio: 35.34 %, PairsRatio: 1.04
Games: 498, Wins: 155, Losses: 155, Draws: 188, Points: 249.0 (50.00 %)
Ptnml(0-2): [22, 57, 88, 63, 19], WL/DD Ratio: 1.59
--------------------------------------------------
Started game 512 of 3000 (ref-248b6e2 vs cand-dedddf6)
Finished game 496 (ref-248b6e2 vs cand-dedddf6): 0-1 {Black wins by adjudication}
Started game 513 of 3000 (cand-dedddf6 vs ref-248b6e2)
Finished game 505 (cand-dedddf6 vs ref-248b6e2): 1-0 {White wins by adjudication}
Started game 514 of 3000 (ref-248b6e2 vs cand-dedddf6)
Finished game 504 (ref-248b6e2 vs cand-dedddf6): 1-0 {White wins by adjudication}
Started game 515 of 3000 (cand-dedddf6 vs ref-248b6e2)
Finished game 506 (ref-248b6e2 vs cand-dedddf6): 1/2-1/2 {Draw by adjudication}
Started game 516 of 3000 (ref-248b6e2 vs cand-dedddf6)
Finished game 510 (ref-248b6e2 vs cand-dedddf6): 1/2-1/2 {Draw by 3-fold repetition}
Started game 517 of 3000 (cand-dedddf6 vs ref-248b6e2)
Finished game 503 (cand-dedddf6 vs ref-248b6e2): 1/2-1/2 {Draw by adjudication}
Started game 518 of 3000 (ref-248b6e2 vs cand-dedddf6)
Finished game 508 (ref-248b6e2 vs cand-dedddf6): 0-1 {Black wins by adjudication}
Started game 519 of 3000 (cand-dedddf6 vs ref-248b6e2)
Finished game 502 (ref-248b6e2 vs cand-dedddf6): 1/2-1/2 {Draw by fifty moves rule}
Started game 520 of 3000 (ref-248b6e2 vs cand-dedddf6)
Finished game 509 (cand-dedddf6 vs ref-248b6e2): 1-0 {White wins by adjudication}
Started game 521 of 3000 (cand-dedddf6 vs ref-248b6e2)
Finished game 511 (cand-dedddf6 vs ref-248b6e2): 0-1 {Black wins by adjudication}
Started game 522 of 3000 (ref-248b6e2 vs cand-dedddf6)
Finished game 513 (cand-dedddf6 vs ref-248b6e2): 1/2-1/2 {Draw by 3-fold repetition}
Started game 523 of 3000 (cand-dedddf6 vs ref-248b6e2)
Finished game 514 (ref-248b6e2 vs cand-dedddf6): 1-0 {White wins by adjudication}
Started game 524 of 3000 (ref-248b6e2 vs cand-dedddf6)
Finished game 507 (cand-dedddf6 vs ref-248b6e2): 1/2-1/2 {Draw by insufficient mating material}
Started game 525 of 3000 (cand-dedddf6 vs ref-248b6e2)
Finished game 512 (ref-248b6e2 vs cand-dedddf6): 1/2-1/2 {Draw by insufficient mating material}
Started game 526 of 3000 (ref-248b6e2 vs cand-dedddf6)
Finished game 515 (cand-dedddf6 vs ref-248b6e2): 1/2-1/2 {Draw by insufficient mating material}
Started game 527 of 3000 (cand-dedddf6 vs ref-248b6e2)
Finished game 517 (cand-dedddf6 vs ref-248b6e2): 1-0 {White wins by adjudication}
Started game 528 of 3000 (ref-248b6e2 vs cand-dedddf6)
Finished game 516 (ref-248b6e2 vs cand-dedddf6): 1/2-1/2 {Draw by insufficient mating material}
Started game 529 of 3000 (cand-dedddf6 vs ref-248b6e2)
Finished game 518 (ref-248b6e2 vs cand-dedddf6): 1-0 {White wins by adjudication}
Started game 530 of 3000 (ref-248b6e2 vs cand-dedddf6)
Finished game 519 (cand-dedddf6 vs ref-248b6e2): 1-0 {White wins by adjudication}
Started game 531 of 3000 (cand-dedddf6 vs ref-248b6e2)
Finished game 520 (ref-248b6e2 vs cand-dedddf6): 1/2-1/2 {Draw by insufficient mating material}
--------------------------------------------------
Results of cand-dedddf6 vs ref-248b6e2 (8+0.08, 1t, 16MB, noob_3moves.epd):
Elo: 0.67 +/- 22.45, nElo: 0.89 +/- 29.86
LOS: 52.33 %, DrawRatio: 34.62 %, PairsRatio: 1.05
Games: 520, Wins: 161, Losses: 160, Draws: 199, Points: 260.5 (50.10 %)
Ptnml(0-2): [22, 61, 90, 68, 19], WL/DD Ratio: 1.57
--------------------------------------------------
Started game 532 of 3000 (ref-248b6e2 vs cand-dedddf6)
Finished game 522 (ref-248b6e2 vs cand-dedddf6): 1-0 {White wins by adjudication}
Started game 533 of 3000 (cand-dedddf6 vs ref-248b6e2)
Finished game 521 (cand-dedddf6 vs ref-248b6e2): 1/2-1/2 {Draw by insufficient mating material}
Started game 534 of 3000 (ref-248b6e2 vs cand-dedddf6)
Finished game 523 (cand-dedddf6 vs ref-248b6e2): 1/2-1/2 {Draw by 3-fold repetition}
Started game 535 of 3000 (cand-dedddf6 vs ref-248b6e2)
Finished game 525 (cand-dedddf6 vs ref-248b6e2): 0-1 {Black wins by adjudication}
Started game 536 of 3000 (ref-248b6e2 vs cand-dedddf6)
Finished game 528 (ref-248b6e2 vs cand-dedddf6): 1/2-1/2 {Draw by insufficient mating material}
Started game 537 of 3000 (cand-dedddf6 vs ref-248b6e2)
Finished game 524 (ref-248b6e2 vs cand-dedddf6): 1/2-1/2 {Draw by insufficient mating material}
Started game 538 of 3000 (ref-248b6e2 vs cand-dedddf6)
Finished game 536 (ref-248b6e2 vs cand-dedddf6): 1/2-1/2 {Draw by 3-fold repetition}
Started game 539 of 3000 (cand-dedddf6 vs ref-248b6e2)
Finished game 527 (cand-dedddf6 vs ref-248b6e2): 0-1 {Black wins by adjudication}
Started game 540 of 3000 (ref-248b6e2 vs cand-dedddf6)
Finished game 526 (ref-248b6e2 vs cand-dedddf6): 1/2-1/2 {Draw by insufficient mating material}
Started game 541 of 3000 (cand-dedddf6 vs ref-248b6e2)
Finished game 529 (cand-dedddf6 vs ref-248b6e2): 0-1 {Black wins by adjudication}
Started game 542 of 3000 (ref-248b6e2 vs cand-dedddf6)
Finished game 531 (cand-dedddf6 vs ref-248b6e2): 1/2-1/2 {Draw by 3-fold repetition}
Started game 543 of 3000 (cand-dedddf6 vs ref-248b6e2)
Finished game 534 (ref-248b6e2 vs cand-dedddf6): 1/2-1/2 {Draw by insufficient mating material}
Started game 544 of 3000 (ref-248b6e2 vs cand-dedddf6)
Finished game 537 (cand-dedddf6 vs ref-248b6e2): 1-0 {White wins by adjudication}
Started game 545 of 3000 (cand-dedddf6 vs ref-248b6e2)
Finished game 533 (cand-dedddf6 vs ref-248b6e2): 1/2-1/2 {Draw by insufficient mating material}
Started game 546 of 3000 (ref-248b6e2 vs cand-dedddf6)
Finished game 538 (ref-248b6e2 vs cand-dedddf6): 1/2-1/2 {Draw by 3-fold repetition}
Started game 547 of 3000 (cand-dedddf6 vs ref-248b6e2)
Finished game 532 (ref-248b6e2 vs cand-dedddf6): 1/2-1/2 {Draw by insufficient mating material}
Started game 548 of 3000 (ref-248b6e2 vs cand-dedddf6)
Finished game 530 (ref-248b6e2 vs cand-dedddf6): 1/2-1/2 {Draw by adjudication}
Started game 549 of 3000 (cand-dedddf6 vs ref-248b6e2)
Finished game 540 (ref-248b6e2 vs cand-dedddf6): 1-0 {White wins by adjudication}
Started game 550 of 3000 (ref-248b6e2 vs cand-dedddf6)
Finished game 541 (cand-dedddf6 vs ref-248b6e2): 0-1 {Black wins by adjudication}
Started game 551 of 3000 (cand-dedddf6 vs ref-248b6e2)
Finished game 539 (cand-dedddf6 vs ref-248b6e2): 1/2-1/2 {Draw by adjudication}
--------------------------------------------------
Results of cand-dedddf6 vs ref-248b6e2 (8+0.08, 1t, 16MB, noob_3moves.epd):
Elo: -1.94 +/- 21.91, nElo: -2.60 +/- 29.36
LOS: 43.11 %, DrawRatio: 34.57 %, PairsRatio: 1.00
Games: 538, Wins: 162, Losses: 165, Draws: 211, Points: 267.5 (49.72 %)
Ptnml(0-2): [22, 66, 93, 69, 19], WL/DD Ratio: 1.45
--------------------------------------------------
Started game 552 of 3000 (ref-248b6e2 vs cand-dedddf6)
Finished game 535 (cand-dedddf6 vs ref-248b6e2): 1-0 {White wins by adjudication}
Started game 553 of 3000 (cand-dedddf6 vs ref-248b6e2)
Finished game 542 (ref-248b6e2 vs cand-dedddf6): 1/2-1/2 {Draw by 3-fold repetition}
Started game 554 of 3000 (ref-248b6e2 vs cand-dedddf6)
Finished game 543 (cand-dedddf6 vs ref-248b6e2): 0-1 {Black wins by adjudication}
Started game 555 of 3000 (cand-dedddf6 vs ref-248b6e2)
Finished game 548 (ref-248b6e2 vs cand-dedddf6): 1-0 {White wins by adjudication}
Started game 556 of 3000 (ref-248b6e2 vs cand-dedddf6)
Finished game 546 (ref-248b6e2 vs cand-dedddf6): 0-1 {Black wins by adjudication}
Started game 557 of 3000 (cand-dedddf6 vs ref-248b6e2)
Finished game 544 (ref-248b6e2 vs cand-dedddf6): 1-0 {White wins by adjudication}
Started game 558 of 3000 (ref-248b6e2 vs cand-dedddf6)
Finished game 545 (cand-dedddf6 vs ref-248b6e2): 1-0 {White wins by adjudication}
Started game 559 of 3000 (cand-dedddf6 vs ref-248b6e2)
Finished game 549 (cand-dedddf6 vs ref-248b6e2): 1-0 {White wins by adjudication}
Started game 560 of 3000 (ref-248b6e2 vs cand-dedddf6)
Finished game 547 (cand-dedddf6 vs ref-248b6e2): 1-0 {White wins by adjudication}
Started game 561 of 3000 (cand-dedddf6 vs ref-248b6e2)
Finished game 551 (cand-dedddf6 vs ref-248b6e2): 0-1 {Black wins by adjudication}
Started game 562 of 3000 (ref-248b6e2 vs cand-dedddf6)
Finished game 553 (cand-dedddf6 vs ref-248b6e2): 1-0 {White wins by adjudication}
Started game 563 of 3000 (cand-dedddf6 vs ref-248b6e2)
Finished game 552 (ref-248b6e2 vs cand-dedddf6): 1-0 {White wins by adjudication}
Started game 564 of 3000 (ref-248b6e2 vs cand-dedddf6)
Finished game 550 (ref-248b6e2 vs cand-dedddf6): 1-0 {White wins by adjudication}
Started game 565 of 3000 (cand-dedddf6 vs ref-248b6e2)
Finished game 554 (ref-248b6e2 vs cand-dedddf6): 1/2-1/2 {Draw by adjudication}
Started game 566 of 3000 (ref-248b6e2 vs cand-dedddf6)
Finished game 555 (cand-dedddf6 vs ref-248b6e2): 1-0 {White wins by adjudication}
Started game 567 of 3000 (cand-dedddf6 vs ref-248b6e2)
Finished game 561 (cand-dedddf6 vs ref-248b6e2): 1-0 {White wins by adjudication}
Started game 568 of 3000 (ref-248b6e2 vs cand-dedddf6)
Finished game 560 (ref-248b6e2 vs cand-dedddf6): 0-1 {Black wins by adjudication}
Started game 569 of 3000 (cand-dedddf6 vs ref-248b6e2)
Finished game 556 (ref-248b6e2 vs cand-dedddf6): 1-0 {White wins by adjudication}
Started game 570 of 3000 (ref-248b6e2 vs cand-dedddf6)
Finished game 559 (cand-dedddf6 vs ref-248b6e2): 0-1 {Black wins by adjudication}
--------------------------------------------------
Results of cand-dedddf6 vs ref-248b6e2 (8+0.08, 1t, 16MB, noob_3moves.epd):
Elo: -2.49 +/- 21.65, nElo: -3.32 +/- 28.83
LOS: 41.07 %, DrawRatio: 34.77 %, PairsRatio: 1.00
Games: 558, Wins: 170, Losses: 174, Draws: 214, Points: 277.0 (49.64 %)
Ptnml(0-2): [24, 67, 97, 71, 20], WL/DD Ratio: 1.55
--------------------------------------------------
Started game 571 of 3000 (cand-dedddf6 vs ref-248b6e2)
Finished game 558 (ref-248b6e2 vs cand-dedddf6): 1/2-1/2 {Draw by adjudication}
Started game 572 of 3000 (ref-248b6e2 vs cand-dedddf6)
Finished game 557 (cand-dedddf6 vs ref-248b6e2): 1-0 {White wins by adjudication}
Started game 573 of 3000 (cand-dedddf6 vs ref-248b6e2)
Finished game 562 (ref-248b6e2 vs cand-dedddf6): 0-1 {Black wins by adjudication}
Started game 574 of 3000 (ref-248b6e2 vs cand-dedddf6)
Finished game 570 (ref-248b6e2 vs cand-dedddf6): 0-1 {Black wins by adjudication}
Started game 575 of 3000 (cand-dedddf6 vs ref-248b6e2)
Finished game 565 (cand-dedddf6 vs ref-248b6e2): 1/2-1/2 {Draw by 3-fold repetition}
Started game 576 of 3000 (ref-248b6e2 vs cand-dedddf6)
Finished game 563 (cand-dedddf6 vs ref-248b6e2): 1-0 {White wins by adjudication}
Started game 577 of 3000 (cand-dedddf6 vs ref-248b6e2)
Finished game 564 (ref-248b6e2 vs cand-dedddf6): 1/2-1/2 {Draw by fifty moves rule}
Started game 578 of 3000 (ref-248b6e2 vs cand-dedddf6)
Finished game 569 (cand-dedddf6 vs ref-248b6e2): 1-0 {White wins by adjudication}
Started game 579 of 3000 (cand-dedddf6 vs ref-248b6e2)
Finished game 567 (cand-dedddf6 vs ref-248b6e2): 0-1 {Black wins by adjudication}
Started game 580 of 3000 (ref-248b6e2 vs cand-dedddf6)
Finished game 573 (cand-dedddf6 vs ref-248b6e2): 1/2-1/2 {Draw by 3-fold repetition}
Started game 581 of 3000 (cand-dedddf6 vs ref-248b6e2)
Finished game 566 (ref-248b6e2 vs cand-dedddf6): 1/2-1/2 {Draw by 3-fold repetition}
Started game 582 of 3000 (ref-248b6e2 vs cand-dedddf6)
Finished game 571 (cand-dedddf6 vs ref-248b6e2): 1-0 {White wins by adjudication}
Started game 583 of 3000 (cand-dedddf6 vs ref-248b6e2)
Finished game 572 (ref-248b6e2 vs cand-dedddf6): 1/2-1/2 {Draw by insufficient mating material}
Started game 584 of 3000 (ref-248b6e2 vs cand-dedddf6)
Finished game 579 (cand-dedddf6 vs ref-248b6e2): 1/2-1/2 {Draw by 3-fold repetition}
Started game 585 of 3000 (cand-dedddf6 vs ref-248b6e2)
Finished game 568 (ref-248b6e2 vs cand-dedddf6): 1-0 {White wins by adjudication}
Started game 586 of 3000 (ref-248b6e2 vs cand-dedddf6)
Finished game 574 (ref-248b6e2 vs cand-dedddf6): 0-1 {Black wins by adjudication}
Started game 587 of 3000 (cand-dedddf6 vs ref-248b6e2)
Finished game 580 (ref-248b6e2 vs cand-dedddf6): 1/2-1/2 {Draw by 3-fold repetition}
--------------------------------------------------
Results of cand-dedddf6 vs ref-248b6e2 (8+0.08, 1t, 16MB, noob_3moves.epd):
Elo: 1.21 +/- 21.50, nElo: 1.59 +/- 28.37
LOS: 54.38 %, DrawRatio: 34.38 %, PairsRatio: 1.05
Games: 576, Wins: 178, Losses: 176, Draws: 222, Points: 289.0 (50.17 %)
Ptnml(0-2): [25, 67, 99, 75, 22], WL/DD Ratio: 1.48
--------------------------------------------------
Started game 588 of 3000 (ref-248b6e2 vs cand-dedddf6)
Finished game 578 (ref-248b6e2 vs cand-dedddf6): 1/2-1/2 {Draw by 3-fold repetition}
Started game 589 of 3000 (cand-dedddf6 vs ref-248b6e2)
Finished game 576 (ref-248b6e2 vs cand-dedddf6): 1-0 {White wins by adjudication}
Started game 590 of 3000 (ref-248b6e2 vs cand-dedddf6)
Finished game 581 (cand-dedddf6 vs ref-248b6e2): 1/2-1/2 {Draw by insufficient mating material}
Started game 591 of 3000 (cand-dedddf6 vs ref-248b6e2)
Finished game 582 (ref-248b6e2 vs cand-dedddf6): 0-1 {Black wins by adjudication}
Started game 592 of 3000 (ref-248b6e2 vs cand-dedddf6)
Finished game 577 (cand-dedddf6 vs ref-248b6e2): 1-0 {White wins by adjudication}
Started game 593 of 3000 (cand-dedddf6 vs ref-248b6e2)
Finished game 588 (ref-248b6e2 vs cand-dedddf6): 0-1 {Black wins by adjudication}
Started game 594 of 3000 (ref-248b6e2 vs cand-dedddf6)
Finished game 584 (ref-248b6e2 vs cand-dedddf6): 1/2-1/2 {Draw by adjudication}
Started game 595 of 3000 (cand-dedddf6 vs ref-248b6e2)
Finished game 585 (cand-dedddf6 vs ref-248b6e2): 0-1 {Black wins by adjudication}
Started game 596 of 3000 (ref-248b6e2 vs cand-dedddf6)
Finished game 575 (cand-dedddf6 vs ref-248b6e2): 1/2-1/2 {Draw by 3-fold repetition}
Started game 597 of 3000 (cand-dedddf6 vs ref-248b6e2)
Finished game 589 (cand-dedddf6 vs ref-248b6e2): 1-0 {White wins by adjudication}
Started game 598 of 3000 (ref-248b6e2 vs cand-dedddf6)
Finished game 586 (ref-248b6e2 vs cand-dedddf6): 1/2-1/2 {Draw by 3-fold repetition}
Started game 599 of 3000 (cand-dedddf6 vs ref-248b6e2)
Finished game 587 (cand-dedddf6 vs ref-248b6e2): 1/2-1/2 {Draw by insufficient mating material}
Started game 600 of 3000 (ref-248b6e2 vs cand-dedddf6)
Finished game 592 (ref-248b6e2 vs cand-dedddf6): 1/2-1/2 {Draw by insufficient mating material}
Started game 601 of 3000 (cand-dedddf6 vs ref-248b6e2)
Finished game 595 (cand-dedddf6 vs ref-248b6e2): 0-1 {Black wins by adjudication}
Started game 602 of 3000 (ref-248b6e2 vs cand-dedddf6)
Finished game 583 (cand-dedddf6 vs ref-248b6e2): 1/2-1/2 {Draw by adjudication}
Started game 603 of 3000 (cand-dedddf6 vs ref-248b6e2)
Finished game 590 (ref-248b6e2 vs cand-dedddf6): 1/2-1/2 {Draw by adjudication}
Started game 604 of 3000 (ref-248b6e2 vs cand-dedddf6)
Finished game 598 (ref-248b6e2 vs cand-dedddf6): 1/2-1/2 {Draw by 3-fold repetition}
Started game 605 of 3000 (cand-dedddf6 vs ref-248b6e2)
Finished game 594 (ref-248b6e2 vs cand-dedddf6): 0-1 {Black wins by adjudication}
Started game 606 of 3000 (ref-248b6e2 vs cand-dedddf6)
Finished game 591 (cand-dedddf6 vs ref-248b6e2): 1/2-1/2 {Draw by adjudication}
Started game 607 of 3000 (cand-dedddf6 vs ref-248b6e2)
Finished game 596 (ref-248b6e2 vs cand-dedddf6): 0-1 {Black wins by adjudication}
Started game 608 of 3000 (ref-248b6e2 vs cand-dedddf6)
Finished game 597 (cand-dedddf6 vs ref-248b6e2): 1/2-1/2 {Draw by insufficient mating material}
Started game 609 of 3000 (cand-dedddf6 vs ref-248b6e2)
Finished game 599 (cand-dedddf6 vs ref-248b6e2): 0-1 {Black wins by adjudication}
Started game 610 of 3000 (ref-248b6e2 vs cand-dedddf6)
Finished game 593 (cand-dedddf6 vs ref-248b6e2): 1/2-1/2 {Draw by adjudication}
Started game 611 of 3000 (cand-dedddf6 vs ref-248b6e2)
Finished game 604 (ref-248b6e2 vs cand-dedddf6): 0-1 {Black wins by adjudication}
Started game 612 of 3000 (ref-248b6e2 vs cand-dedddf6)
Finished game 600 (ref-248b6e2 vs cand-dedddf6): 0-1 {Black wins by adjudication}
--------------------------------------------------
Results of cand-dedddf6 vs ref-248b6e2 (8+0.08, 1t, 16MB, noob_3moves.epd):
Elo: 2.90 +/- 20.86, nElo: 3.86 +/- 27.80
LOS: 60.73 %, DrawRatio: 34.67 %, PairsRatio: 1.09
Games: 600, Wins: 185, Losses: 180, Draws: 235, Points: 302.5 (50.42 %)
Ptnml(0-2): [25, 69, 104, 80, 22], WL/DD Ratio: 1.42
--------------------------------------------------
Started game 613 of 3000 (cand-dedddf6 vs ref-248b6e2)
Finished game 603 (cand-dedddf6 vs ref-248b6e2): 1-0 {White wins by adjudication}
Started game 614 of 3000 (ref-248b6e2 vs cand-dedddf6)
Finished game 610 (ref-248b6e2 vs cand-dedddf6): 1/2-1/2 {Draw by 3-fold repetition}
Started game 615 of 3000 (cand-dedddf6 vs ref-248b6e2)
Finished game 601 (cand-dedddf6 vs ref-248b6e2): 1/2-1/2 {Draw by adjudication}
Started game 616 of 3000 (ref-248b6e2 vs cand-dedddf6)
Finished game 612 (ref-248b6e2 vs cand-dedddf6): 0-1 {Black wins by adjudication}
Started game 617 of 3000 (cand-dedddf6 vs ref-248b6e2)
Finished game 611 (cand-dedddf6 vs ref-248b6e2): 0-1 {Black wins by adjudication}
Started game 618 of 3000 (ref-248b6e2 vs cand-dedddf6)
Finished game 602 (ref-248b6e2 vs cand-dedddf6): 1/2-1/2 {Draw by adjudication}
Started game 619 of 3000 (cand-dedddf6 vs ref-248b6e2)
Finished game 607 (cand-dedddf6 vs ref-248b6e2): 1/2-1/2 {Draw by insufficient mating material}
Started game 620 of 3000 (ref-248b6e2 vs cand-dedddf6)
Finished game 613 (cand-dedddf6 vs ref-248b6e2): 1-0 {White wins by adjudication}
Started game 621 of 3000 (cand-dedddf6 vs ref-248b6e2)
Finished game 608 (ref-248b6e2 vs cand-dedddf6): 1-0 {White wins by adjudication}
Started game 622 of 3000 (ref-248b6e2 vs cand-dedddf6)
Finished game 609 (cand-dedddf6 vs ref-248b6e2): 1-0 {White wins by adjudication}
Started game 623 of 3000 (cand-dedddf6 vs ref-248b6e2)
Finished game 605 (cand-dedddf6 vs ref-248b6e2): 1/2-1/2 {Draw by adjudication}
Started game 624 of 3000 (ref-248b6e2 vs cand-dedddf6)
Finished game 606 (ref-248b6e2 vs cand-dedddf6): 1/2-1/2 {Draw by fifty moves rule}
Started game 625 of 3000 (cand-dedddf6 vs ref-248b6e2)
Finished game 616 (ref-248b6e2 vs cand-dedddf6): 1/2-1/2 {Draw by 3-fold repetition}
Started game 626 of 3000 (ref-248b6e2 vs cand-dedddf6)
Finished game 615 (cand-dedddf6 vs ref-248b6e2): 1/2-1/2 {Draw by 3-fold repetition}
Started game 627 of 3000 (cand-dedddf6 vs ref-248b6e2)
Finished game 614 (ref-248b6e2 vs cand-dedddf6): 1-0 {White wins by adjudication}
Started game 628 of 3000 (ref-248b6e2 vs cand-dedddf6)
Finished game 618 (ref-248b6e2 vs cand-dedddf6): 1-0 {White wins by adjudication}
Started game 629 of 3000 (cand-dedddf6 vs ref-248b6e2)
Finished game 619 (cand-dedddf6 vs ref-248b6e2): 0-1 {Black wins by adjudication}
Started game 630 of 3000 (ref-248b6e2 vs cand-dedddf6)
Finished game 617 (cand-dedddf6 vs ref-248b6e2): 0-1 {Black wins by adjudication}
Started game 631 of 3000 (cand-dedddf6 vs ref-248b6e2)
Finished game 623 (cand-dedddf6 vs ref-248b6e2): 1/2-1/2 {Draw by adjudication}
Started game 632 of 3000 (ref-248b6e2 vs cand-dedddf6)
Finished game 625 (cand-dedddf6 vs ref-248b6e2): 1-0 {White wins by adjudication}
Started game 633 of 3000 (cand-dedddf6 vs ref-248b6e2)
Finished game 621 (cand-dedddf6 vs ref-248b6e2): 1/2-1/2 {Draw by insufficient mating material}
Started game 634 of 3000 (ref-248b6e2 vs cand-dedddf6)
Finished game 624 (ref-248b6e2 vs cand-dedddf6): 1-0 {White wins by adjudication}
Started game 635 of 3000 (cand-dedddf6 vs ref-248b6e2)
Finished game 620 (ref-248b6e2 vs cand-dedddf6): 1-0 {White wins by adjudication}
--------------------------------------------------
Results of cand-dedddf6 vs ref-248b6e2 (8+0.08, 1t, 16MB, noob_3moves.epd):
Elo: 1.12 +/- 20.56, nElo: 1.49 +/- 27.30
LOS: 54.24 %, DrawRatio: 35.05 %, PairsRatio: 1.06
Games: 622, Wins: 190, Losses: 188, Draws: 244, Points: 312.0 (50.16 %)
Ptnml(0-2): [27, 71, 109, 81, 23], WL/DD Ratio: 1.37
--------------------------------------------------
Started game 636 of 3000 (ref-248b6e2 vs cand-dedddf6)
Finished game 631 (cand-dedddf6 vs ref-248b6e2): 1/2-1/2 {Draw by 3-fold repetition}
Started game 637 of 3000 (cand-dedddf6 vs ref-248b6e2)
Finished game 622 (ref-248b6e2 vs cand-dedddf6): 0-1 {Black wins by adjudication}
Started game 638 of 3000 (ref-248b6e2 vs cand-dedddf6)
Finished game 628 (ref-248b6e2 vs cand-dedddf6): 1-0 {White wins by adjudication}
Started game 639 of 3000 (cand-dedddf6 vs ref-248b6e2)
Finished game 629 (cand-dedddf6 vs ref-248b6e2): 0-1 {Black wins by adjudication}
Started game 640 of 3000 (ref-248b6e2 vs cand-dedddf6)
Finished game 630 (ref-248b6e2 vs cand-dedddf6): 0-1 {Black wins by adjudication}
Started game 641 of 3000 (cand-dedddf6 vs ref-248b6e2)
Finished game 634 (ref-248b6e2 vs cand-dedddf6): 1-0 {White wins by adjudication}
Started game 642 of 3000 (ref-248b6e2 vs cand-dedddf6)
Finished game 635 (cand-dedddf6 vs ref-248b6e2): 1-0 {White wins by adjudication}
Started game 643 of 3000 (cand-dedddf6 vs ref-248b6e2)
Finished game 626 (ref-248b6e2 vs cand-dedddf6): 1-0 {White wins by adjudication}
Started game 644 of 3000 (ref-248b6e2 vs cand-dedddf6)
Finished game 632 (ref-248b6e2 vs cand-dedddf6): 0-1 {Black wins by adjudication}
Started game 645 of 3000 (cand-dedddf6 vs ref-248b6e2)
Finished game 633 (cand-dedddf6 vs ref-248b6e2): 1/2-1/2 {Draw by adjudication}
Started game 646 of 3000 (ref-248b6e2 vs cand-dedddf6)
Finished game 638 (ref-248b6e2 vs cand-dedddf6): 0-1 {Black wins by adjudication}
Started game 647 of 3000 (cand-dedddf6 vs ref-248b6e2)
Finished game 636 (ref-248b6e2 vs cand-dedddf6): 0-1 {Black wins by adjudication}
Started game 648 of 3000 (ref-248b6e2 vs cand-dedddf6)
Finished game 637 (cand-dedddf6 vs ref-248b6e2): 1-0 {White wins by adjudication}
Started game 649 of 3000 (cand-dedddf6 vs ref-248b6e2)
Finished game 642 (ref-248b6e2 vs cand-dedddf6): 1/2-1/2 {Draw by 3-fold repetition}
Started game 650 of 3000 (ref-248b6e2 vs cand-dedddf6)
Finished game 627 (cand-dedddf6 vs ref-248b6e2): 1/2-1/2 {Draw by fifty moves rule}
Started game 651 of 3000 (cand-dedddf6 vs ref-248b6e2)
Finished game 639 (cand-dedddf6 vs ref-248b6e2): 1/2-1/2 {Draw by adjudication}
Started game 652 of 3000 (ref-248b6e2 vs cand-dedddf6)
Finished game 640 (ref-248b6e2 vs cand-dedddf6): 0-1 {Black wins by adjudication}
--------------------------------------------------
Results of cand-dedddf6 vs ref-248b6e2 (8+0.08, 1t, 16MB, noob_3moves.epd):
Elo: 3.80 +/- 20.35, nElo: 5.03 +/- 26.92
LOS: 64.30 %, DrawRatio: 34.69 %, PairsRatio: 1.09
Games: 640, Wins: 199, Losses: 192, Draws: 249, Points: 323.5 (50.55 %)
Ptnml(0-2): [27, 73, 111, 84, 25], WL/DD Ratio: 1.41
--------------------------------------------------
Started game 653 of 3000 (cand-dedddf6 vs ref-248b6e2)
Finished game 644 (ref-248b6e2 vs cand-dedddf6): 1/2-1/2 {Draw by 3-fold repetition}
Started game 654 of 3000 (ref-248b6e2 vs cand-dedddf6)
Finished game 641 (cand-dedddf6 vs ref-248b6e2): 0-1 {Black wins by adjudication}
Started game 655 of 3000 (cand-dedddf6 vs ref-248b6e2)
Finished game 643 (cand-dedddf6 vs ref-248b6e2): 1/2-1/2 {Draw by 3-fold repetition}
Started game 656 of 3000 (ref-248b6e2 vs cand-dedddf6)
Finished game 645 (cand-dedddf6 vs ref-248b6e2): 1-0 {White wins by adjudication}
Started game 657 of 3000 (cand-dedddf6 vs ref-248b6e2)
Finished game 646 (ref-248b6e2 vs cand-dedddf6): 1-0 {White wins by adjudication}
Started game 658 of 3000 (ref-248b6e2 vs cand-dedddf6)
Finished game 647 (cand-dedddf6 vs ref-248b6e2): 0-1 {Black wins by adjudication}
Started game 659 of 3000 (cand-dedddf6 vs ref-248b6e2)
Finished game 648 (ref-248b6e2 vs cand-dedddf6): 1-0 {White wins by adjudication}
Started game 660 of 3000 (ref-248b6e2 vs cand-dedddf6)
Finished game 654 (ref-248b6e2 vs cand-dedddf6): 1/2-1/2 {Draw by 3-fold repetition}
Started game 661 of 3000 (cand-dedddf6 vs ref-248b6e2)
Finished game 650 (ref-248b6e2 vs cand-dedddf6): 1-0 {White wins by adjudication}
Started game 662 of 3000 (ref-248b6e2 vs cand-dedddf6)
Finished game 652 (ref-248b6e2 vs cand-dedddf6): 1-0 {White wins by adjudication}
Started game 663 of 3000 (cand-dedddf6 vs ref-248b6e2)
Finished game 649 (cand-dedddf6 vs ref-248b6e2): 1/2-1/2 {Draw by adjudication}
Started game 664 of 3000 (ref-248b6e2 vs cand-dedddf6)
Finished game 658 (ref-248b6e2 vs cand-dedddf6): 1-0 {White wins by adjudication}
Started game 665 of 3000 (cand-dedddf6 vs ref-248b6e2)
Finished game 653 (cand-dedddf6 vs ref-248b6e2): 1-0 {White wins by adjudication}
Started game 666 of 3000 (ref-248b6e2 vs cand-dedddf6)
Finished game 655 (cand-dedddf6 vs ref-248b6e2): 0-1 {Black wins by adjudication}
Started game 667 of 3000 (cand-dedddf6 vs ref-248b6e2)
Finished game 656 (ref-248b6e2 vs cand-dedddf6): 1-0 {White wins by adjudication}
Started game 668 of 3000 (ref-248b6e2 vs cand-dedddf6)
Finished game 657 (cand-dedddf6 vs ref-248b6e2): 1-0 {White wins by adjudication}
Started game 669 of 3000 (cand-dedddf6 vs ref-248b6e2)
Finished game 659 (cand-dedddf6 vs ref-248b6e2): 1/2-1/2 {Draw by adjudication}
Started game 670 of 3000 (ref-248b6e2 vs cand-dedddf6)
Finished game 662 (ref-248b6e2 vs cand-dedddf6): 0-1 {Black wins by adjudication}
Started game 671 of 3000 (cand-dedddf6 vs ref-248b6e2)
Finished game 663 (cand-dedddf6 vs ref-248b6e2): 0-1 {Black wins by adjudication}
Started game 672 of 3000 (ref-248b6e2 vs cand-dedddf6)
Finished game 660 (ref-248b6e2 vs cand-dedddf6): 1-0 {White wins by adjudication}
--------------------------------------------------
Results of cand-dedddf6 vs ref-248b6e2 (8+0.08, 1t, 16MB, noob_3moves.epd):
Elo: 0.53 +/- 20.12, nElo: 0.70 +/- 26.55
LOS: 52.05 %, DrawRatio: 34.65 %, PairsRatio: 1.05
Games: 658, Wins: 202, Losses: 201, Draws: 255, Points: 329.5 (50.08 %)
Ptnml(0-2): [29, 76, 114, 85, 25], WL/DD Ratio: 1.43
--------------------------------------------------
Started game 673 of 3000 (cand-dedddf6 vs ref-248b6e2)
Finished game 664 (ref-248b6e2 vs cand-dedddf6): 1-0 {White wins by adjudication}
Started game 674 of 3000 (ref-248b6e2 vs cand-dedddf6)
Finished game 667 (cand-dedddf6 vs ref-248b6e2): 1-0 {White wins by adjudication}
Started game 675 of 3000 (cand-dedddf6 vs ref-248b6e2)
Finished game 651 (cand-dedddf6 vs ref-248b6e2): 1/2-1/2 {Draw by insufficient mating material}
Started game 676 of 3000 (ref-248b6e2 vs cand-dedddf6)
Finished game 661 (cand-dedddf6 vs ref-248b6e2): 1-0 {White wins by adjudication}
Started game 677 of 3000 (cand-dedddf6 vs ref-248b6e2)
Finished game 666 (ref-248b6e2 vs cand-dedddf6): 0-1 {Black wins by adjudication}
Started game 678 of 3000 (ref-248b6e2 vs cand-dedddf6)
Finished game 668 (ref-248b6e2 vs cand-dedddf6): 1-0 {White wins by adjudication}
Started game 679 of 3000 (cand-dedddf6 vs ref-248b6e2)
Finished game 669 (cand-dedddf6 vs ref-248b6e2): 0-1 {Black wins by adjudication}
Started game 680 of 3000 (ref-248b6e2 vs cand-dedddf6)
Finished game 670 (ref-248b6e2 vs cand-dedddf6): 1/2-1/2 {Draw by insufficient mating material}
Started game 681 of 3000 (cand-dedddf6 vs ref-248b6e2)
Finished game 665 (cand-dedddf6 vs ref-248b6e2): 1/2-1/2 {Draw by insufficient mating material}
Started game 682 of 3000 (ref-248b6e2 vs cand-dedddf6)
Finished game 673 (cand-dedddf6 vs ref-248b6e2): 0-1 {Black wins by adjudication}
Started game 683 of 3000 (cand-dedddf6 vs ref-248b6e2)
Finished game 671 (cand-dedddf6 vs ref-248b6e2): 1/2-1/2 {Draw by 3-fold repetition}
Started game 684 of 3000 (ref-248b6e2 vs cand-dedddf6)
Finished game 674 (ref-248b6e2 vs cand-dedddf6): 1-0 {White wins by adjudication}
Started game 685 of 3000 (cand-dedddf6 vs ref-248b6e2)
Finished game 677 (cand-dedddf6 vs ref-248b6e2): 1/2-1/2 {Draw by 3-fold repetition}
Started game 686 of 3000 (ref-248b6e2 vs cand-dedddf6)
Finished game 676 (ref-248b6e2 vs cand-dedddf6): 0-1 {Black wins by adjudication}
Started game 687 of 3000 (cand-dedddf6 vs ref-248b6e2)
Finished game 672 (ref-248b6e2 vs cand-dedddf6): 1/2-1/2 {Draw by insufficient mating material}
Started game 688 of 3000 (ref-248b6e2 vs cand-dedddf6)
Finished game 675 (cand-dedddf6 vs ref-248b6e2): 1/2-1/2 {Draw by 3-fold repetition}
Started game 689 of 3000 (cand-dedddf6 vs ref-248b6e2)
Finished game 682 (ref-248b6e2 vs cand-dedddf6): 1-0 {White wins by adjudication}
Started game 690 of 3000 (ref-248b6e2 vs cand-dedddf6)
Finished game 679 (cand-dedddf6 vs ref-248b6e2): 1/2-1/2 {Draw by adjudication}
Started game 691 of 3000 (cand-dedddf6 vs ref-248b6e2)
Finished game 680 (ref-248b6e2 vs cand-dedddf6): 0-1 {Black wins by adjudication}
--------------------------------------------------
Results of cand-dedddf6 vs ref-248b6e2 (8+0.08, 1t, 16MB, noob_3moves.epd):
Elo: -0.00 +/- 19.96, nElo: 0.00 +/- 26.15
LOS: 50.00 %, DrawRatio: 34.22 %, PairsRatio: 1.05
Games: 678, Wins: 208, Losses: 208, Draws: 262, Points: 339.0 (50.00 %)
Ptnml(0-2): [31, 78, 116, 88, 26], WL/DD Ratio: 1.42
--------------------------------------------------
Started game 692 of 3000 (ref-248b6e2 vs cand-dedddf6)
Finished game 685 (cand-dedddf6 vs ref-248b6e2): 1-0 {White wins by adjudication}
Started game 693 of 3000 (cand-dedddf6 vs ref-248b6e2)
Finished game 678 (ref-248b6e2 vs cand-dedddf6): 1/2-1/2 {Draw by adjudication}
Started game 694 of 3000 (ref-248b6e2 vs cand-dedddf6)
Finished game 687 (cand-dedddf6 vs ref-248b6e2): 0-1 {Black wins by adjudication}
Started game 695 of 3000 (cand-dedddf6 vs ref-248b6e2)
Finished game 686 (ref-248b6e2 vs cand-dedddf6): 1-0 {White wins by adjudication}
Started game 696 of 3000 (ref-248b6e2 vs cand-dedddf6)
Finished game 684 (ref-248b6e2 vs cand-dedddf6): 1/2-1/2 {Draw by 3-fold repetition}
Started game 697 of 3000 (cand-dedddf6 vs ref-248b6e2)
Finished game 689 (cand-dedddf6 vs ref-248b6e2): 1/2-1/2 {Draw by adjudication}
Started game 698 of 3000 (ref-248b6e2 vs cand-dedddf6)
Finished game 683 (cand-dedddf6 vs ref-248b6e2): 1/2-1/2 {Draw by 3-fold repetition}
Started game 699 of 3000 (cand-dedddf6 vs ref-248b6e2)
Finished game 688 (ref-248b6e2 vs cand-dedddf6): 1/2-1/2 {Draw by adjudication}
Started game 700 of 3000 (ref-248b6e2 vs cand-dedddf6)
Finished game 690 (ref-248b6e2 vs cand-dedddf6): 1/2-1/2 {Draw by 3-fold repetition}
Started game 701 of 3000 (cand-dedddf6 vs ref-248b6e2)
Finished game 692 (ref-248b6e2 vs cand-dedddf6): 1-0 {White wins by adjudication}
Started game 702 of 3000 (ref-248b6e2 vs cand-dedddf6)
Finished game 694 (ref-248b6e2 vs cand-dedddf6): 0-1 {Black wins by adjudication}
Started game 703 of 3000 (cand-dedddf6 vs ref-248b6e2)
Finished game 691 (cand-dedddf6 vs ref-248b6e2): 1/2-1/2 {Draw by 3-fold repetition}
Started game 704 of 3000 (ref-248b6e2 vs cand-dedddf6)
Finished game 693 (cand-dedddf6 vs ref-248b6e2): 0-1 {Black wins by adjudication}
Started game 705 of 3000 (cand-dedddf6 vs ref-248b6e2)
Finished game 698 (ref-248b6e2 vs cand-dedddf6): 1/2-1/2 {Draw by 3-fold repetition}
Started game 706 of 3000 (ref-248b6e2 vs cand-dedddf6)
Finished game 699 (cand-dedddf6 vs ref-248b6e2): 0-1 {Black wins by adjudication}
Started game 707 of 3000 (cand-dedddf6 vs ref-248b6e2)
Finished game 700 (ref-248b6e2 vs cand-dedddf6): 1/2-1/2 {Draw by 3-fold repetition}
--------------------------------------------------
Results of cand-dedddf6 vs ref-248b6e2 (8+0.08, 1t, 16MB, noob_3moves.epd):
Elo: -1.50 +/- 19.57, nElo: -1.99 +/- 25.85
LOS: 44.02 %, DrawRatio: 34.87 %, PairsRatio: 1.02
Games: 694, Wins: 210, Losses: 213, Draws: 271, Points: 345.5 (49.78 %)
Ptnml(0-2): [31, 81, 121, 88, 26], WL/DD Ratio: 1.37
--------------------------------------------------
Started game 708 of 3000 (ref-248b6e2 vs cand-dedddf6)
Finished game 681 (cand-dedddf6 vs ref-248b6e2): 1/2-1/2 {Draw by fifty moves rule}
Started game 709 of 3000 (cand-dedddf6 vs ref-248b6e2)
Finished game 696 (ref-248b6e2 vs cand-dedddf6): 0-1 {Black wins by adjudication}
Started game 710 of 3000 (ref-248b6e2 vs cand-dedddf6)
Finished game 695 (cand-dedddf6 vs ref-248b6e2): 1-0 {White wins by adjudication}
Started game 711 of 3000 (cand-dedddf6 vs ref-248b6e2)
Finished game 697 (cand-dedddf6 vs ref-248b6e2): 1/2-1/2 {Draw by fifty moves rule}
Started game 712 of 3000 (ref-248b6e2 vs cand-dedddf6)
Finished game 705 (cand-dedddf6 vs ref-248b6e2): 1-0 {White wins by adjudication}
Started game 713 of 3000 (cand-dedddf6 vs ref-248b6e2)
Finished game 703 (cand-dedddf6 vs ref-248b6e2): 0-1 {Black wins by adjudication}
Started game 714 of 3000 (ref-248b6e2 vs cand-dedddf6)
Finished game 702 (ref-248b6e2 vs cand-dedddf6): 0-1 {Black wins by adjudication}
Started game 715 of 3000 (cand-dedddf6 vs ref-248b6e2)
Finished game 704 (ref-248b6e2 vs cand-dedddf6): 1/2-1/2 {Draw by 3-fold repetition}
Started game 716 of 3000 (ref-248b6e2 vs cand-dedddf6)
Finished game 706 (ref-248b6e2 vs cand-dedddf6): 1-0 {White wins by adjudication}
Started game 717 of 3000 (cand-dedddf6 vs ref-248b6e2)
Finished game 708 (ref-248b6e2 vs cand-dedddf6): 1/2-1/2 {Draw by insufficient mating material}
Started game 718 of 3000 (ref-248b6e2 vs cand-dedddf6)
Finished game 711 (cand-dedddf6 vs ref-248b6e2): 0-1 {Black wins by adjudication}
Started game 719 of 3000 (cand-dedddf6 vs ref-248b6e2)
Finished game 713 (cand-dedddf6 vs ref-248b6e2): 1-0 {White wins by adjudication}
Started game 720 of 3000 (ref-248b6e2 vs cand-dedddf6)
Finished game 707 (cand-dedddf6 vs ref-248b6e2): 1-0 {White wins by adjudication}
Started game 721 of 3000 (cand-dedddf6 vs ref-248b6e2)
Finished game 710 (ref-248b6e2 vs cand-dedddf6): 1/2-1/2 {Draw by 3-fold repetition}
Started game 722 of 3000 (ref-248b6e2 vs cand-dedddf6)
Finished game 701 (cand-dedddf6 vs ref-248b6e2): 0-1 {Black wins by adjudication}
Started game 723 of 3000 (cand-dedddf6 vs ref-248b6e2)
Finished game 709 (cand-dedddf6 vs ref-248b6e2): 1/2-1/2 {Draw by adjudication}
Started game 724 of 3000 (ref-248b6e2 vs cand-dedddf6)
Finished game 715 (cand-dedddf6 vs ref-248b6e2): 0-1 {Black wins by adjudication}
Started game 725 of 3000 (cand-dedddf6 vs ref-248b6e2)
Finished game 716 (ref-248b6e2 vs cand-dedddf6): 0-1 {Black wins by adjudication}
Started game 726 of 3000 (ref-248b6e2 vs cand-dedddf6)
Finished game 714 (ref-248b6e2 vs cand-dedddf6): 1/2-1/2 {Draw by 3-fold repetition}
Started game 727 of 3000 (cand-dedddf6 vs ref-248b6e2)
Finished game 717 (cand-dedddf6 vs ref-248b6e2): 1/2-1/2 {Draw by 3-fold repetition}
Started game 728 of 3000 (ref-248b6e2 vs cand-dedddf6)
Finished game 712 (ref-248b6e2 vs cand-dedddf6): 0-1 {Black wins by adjudication}
Started game 729 of 3000 (cand-dedddf6 vs ref-248b6e2)
Finished game 721 (cand-dedddf6 vs ref-248b6e2): 0-1 {Black wins by adjudication}
Started game 730 of 3000 (ref-248b6e2 vs cand-dedddf6)
Finished game 718 (ref-248b6e2 vs cand-dedddf6): 0-1 {Black wins by adjudication}
Started game 731 of 3000 (cand-dedddf6 vs ref-248b6e2)
Finished game 722 (ref-248b6e2 vs cand-dedddf6): 0-1 {Black wins by adjudication}
Started game 732 of 3000 (ref-248b6e2 vs cand-dedddf6)
Finished game 724 (ref-248b6e2 vs cand-dedddf6): 1/2-1/2 {Draw by 3-fold repetition}
Started game 733 of 3000 (cand-dedddf6 vs ref-248b6e2)
Finished game 728 (ref-248b6e2 vs cand-dedddf6): 0-1 {Black wins by adjudication}
Started game 734 of 3000 (ref-248b6e2 vs cand-dedddf6)
Finished game 720 (ref-248b6e2 vs cand-dedddf6): 0-1 {Black wins by adjudication}
Started game 735 of 3000 (cand-dedddf6 vs ref-248b6e2)
Finished game 725 (cand-dedddf6 vs ref-248b6e2): 1-0 {White wins by adjudication}
Started game 736 of 3000 (ref-248b6e2 vs cand-dedddf6)
Finished game 719 (cand-dedddf6 vs ref-248b6e2): 1/2-1/2 {Draw by adjudication}
--------------------------------------------------
Results of cand-dedddf6 vs ref-248b6e2 (8+0.08, 1t, 16MB, noob_3moves.epd):
Elo: 0.48 +/- 19.05, nElo: 0.64 +/- 25.34
LOS: 51.98 %, DrawRatio: 35.46 %, PairsRatio: 1.04
Games: 722, Wins: 221, Losses: 220, Draws: 281, Points: 361.5 (50.07 %)
Ptnml(0-2): [31, 83, 128, 92, 27], WL/DD Ratio: 1.42
--------------------------------------------------
Started game 737 of 3000 (cand-dedddf6 vs ref-248b6e2)
Finished game 723 (cand-dedddf6 vs ref-248b6e2): 1/2-1/2 {Draw by insufficient mating material}
Started game 738 of 3000 (ref-248b6e2 vs cand-dedddf6)
Finished game 729 (cand-dedddf6 vs ref-248b6e2): 1/2-1/2 {Draw by adjudication}
Started game 739 of 3000 (cand-dedddf6 vs ref-248b6e2)
Finished game 730 (ref-248b6e2 vs cand-dedddf6): 1/2-1/2 {Draw by adjudication}
Started game 740 of 3000 (ref-248b6e2 vs cand-dedddf6)
Finished game 731 (cand-dedddf6 vs ref-248b6e2): 1-0 {White wins by adjudication}
Started game 741 of 3000 (cand-dedddf6 vs ref-248b6e2)
Finished game 732 (ref-248b6e2 vs cand-dedddf6): 1/2-1/2 {Draw by 3-fold repetition}
Started game 742 of 3000 (ref-248b6e2 vs cand-dedddf6)
Finished game 726 (ref-248b6e2 vs cand-dedddf6): 1/2-1/2 {Draw by adjudication}
Started game 743 of 3000 (cand-dedddf6 vs ref-248b6e2)
Finished game 727 (cand-dedddf6 vs ref-248b6e2): 1-0 {White wins by adjudication}
Started game 744 of 3000 (ref-248b6e2 vs cand-dedddf6)
Finished game 734 (ref-248b6e2 vs cand-dedddf6): 1/2-1/2 {Draw by 3-fold repetition}
Started game 745 of 3000 (cand-dedddf6 vs ref-248b6e2)
Finished game 736 (ref-248b6e2 vs cand-dedddf6): 0-1 {Black wins by adjudication}
Started game 746 of 3000 (ref-248b6e2 vs cand-dedddf6)
Finished game 738 (ref-248b6e2 vs cand-dedddf6): 1/2-1/2 {Draw by adjudication}
Started game 747 of 3000 (cand-dedddf6 vs ref-248b6e2)
Finished game 735 (cand-dedddf6 vs ref-248b6e2): 1/2-1/2 {Draw by fifty moves rule}
Started game 748 of 3000 (ref-248b6e2 vs cand-dedddf6)
Finished game 733 (cand-dedddf6 vs ref-248b6e2): 1/2-1/2 {Draw by adjudication}
Started game 749 of 3000 (cand-dedddf6 vs ref-248b6e2)
Finished game 740 (ref-248b6e2 vs cand-dedddf6): 0-1 {Black wins by adjudication}
Started game 750 of 3000 (ref-248b6e2 vs cand-dedddf6)
Finished game 741 (cand-dedddf6 vs ref-248b6e2): 0-1 {Black wins by adjudication}
Started game 751 of 3000 (cand-dedddf6 vs ref-248b6e2)
Finished game 744 (ref-248b6e2 vs cand-dedddf6): 1-0 {White wins by adjudication}
Started game 752 of 3000 (ref-248b6e2 vs cand-dedddf6)
Finished game 742 (ref-248b6e2 vs cand-dedddf6): 1/2-1/2 {Draw by 3-fold repetition}
Started game 753 of 3000 (cand-dedddf6 vs ref-248b6e2)
Finished game 739 (cand-dedddf6 vs ref-248b6e2): 1/2-1/2 {Draw by 3-fold repetition}
--------------------------------------------------
Results of cand-dedddf6 vs ref-248b6e2 (8+0.08, 1t, 16MB, noob_3moves.epd):
Elo: 2.82 +/- 18.79, nElo: 3.76 +/- 25.03
LOS: 61.57 %, DrawRatio: 35.41 %, PairsRatio: 1.08
Games: 740, Wins: 227, Losses: 221, Draws: 292, Points: 373.0 (50.41 %)
Ptnml(0-2): [31, 84, 131, 96, 28], WL/DD Ratio: 1.34
--------------------------------------------------
Started game 754 of 3000 (ref-248b6e2 vs cand-dedddf6)
Finished game 737 (cand-dedddf6 vs ref-248b6e2): 1-0 {White wins by adjudication}
Started game 755 of 3000 (cand-dedddf6 vs ref-248b6e2)
Finished game 743 (cand-dedddf6 vs ref-248b6e2): 1/2-1/2 {Draw by 3-fold repetition}
Started game 756 of 3000 (ref-248b6e2 vs cand-dedddf6)
Finished game 745 (cand-dedddf6 vs ref-248b6e2): 1/2-1/2 {Draw by adjudication}
Started game 757 of 3000 (cand-dedddf6 vs ref-248b6e2)
Finished game 746 (ref-248b6e2 vs cand-dedddf6): 0-1 {Black wins by adjudication}
Started game 758 of 3000 (ref-248b6e2 vs cand-dedddf6)
Finished game 747 (cand-dedddf6 vs ref-248b6e2): 1/2-1/2 {Draw by 3-fold repetition}
Started game 759 of 3000 (cand-dedddf6 vs ref-248b6e2)
Finished game 750 (ref-248b6e2 vs cand-dedddf6): 1/2-1/2 {Draw by 3-fold repetition}
Started game 760 of 3000 (ref-248b6e2 vs cand-dedddf6)
Finished game 751 (cand-dedddf6 vs ref-248b6e2): 1/2-1/2 {Draw by 3-fold repetition}
Started game 761 of 3000 (cand-dedddf6 vs ref-248b6e2)
Finished game 749 (cand-dedddf6 vs ref-248b6e2): 1-0 {White wins by adjudication}
Started game 762 of 3000 (ref-248b6e2 vs cand-dedddf6)
Finished game 753 (cand-dedddf6 vs ref-248b6e2): 1-0 {White wins by adjudication}
Started game 763 of 3000 (cand-dedddf6 vs ref-248b6e2)
Finished game 756 (ref-248b6e2 vs cand-dedddf6): 0-1 {Black wins by adjudication}
Started game 764 of 3000 (ref-248b6e2 vs cand-dedddf6)
Finished game 748 (ref-248b6e2 vs cand-dedddf6): 0-1 {Black wins by adjudication}
Started game 765 of 3000 (cand-dedddf6 vs ref-248b6e2)
Finished game 752 (ref-248b6e2 vs cand-dedddf6): 1-0 {White wins by adjudication}
Started game 766 of 3000 (ref-248b6e2 vs cand-dedddf6)
Finished game 759 (cand-dedddf6 vs ref-248b6e2): 1-0 {White wins by adjudication}
Started game 767 of 3000 (cand-dedddf6 vs ref-248b6e2)
Finished game 760 (ref-248b6e2 vs cand-dedddf6): 1-0 {White wins by adjudication}
--------------------------------------------------
Results of cand-dedddf6 vs ref-248b6e2 (8+0.08, 1t, 16MB, noob_3moves.epd):
Elo: 3.69 +/- 18.57, nElo: 4.93 +/- 24.80
LOS: 65.16 %, DrawRatio: 35.01 %, PairsRatio: 1.09
Games: 754, Wins: 232, Losses: 224, Draws: 298, Points: 381.0 (50.53 %)
Ptnml(0-2): [31, 86, 132, 100, 28], WL/DD Ratio: 1.36
--------------------------------------------------
Started game 768 of 3000 (ref-248b6e2 vs cand-dedddf6)
Finished game 757 (cand-dedddf6 vs ref-248b6e2): 0-1 {Black wins by adjudication}
Started game 769 of 3000 (cand-dedddf6 vs ref-248b6e2)
Finished game 754 (ref-248b6e2 vs cand-dedddf6): 1/2-1/2 {Draw by adjudication}
Started game 770 of 3000 (ref-248b6e2 vs cand-dedddf6)
Finished game 762 (ref-248b6e2 vs cand-dedddf6): 1/2-1/2 {Draw by adjudication}
Started game 771 of 3000 (cand-dedddf6 vs ref-248b6e2)
Finished game 755 (cand-dedddf6 vs ref-248b6e2): 1/2-1/2 {Draw by fifty moves rule}
Started game 772 of 3000 (ref-248b6e2 vs cand-dedddf6)
Finished game 763 (cand-dedddf6 vs ref-248b6e2): 1/2-1/2 {Draw by 3-fold repetition}
Started game 773 of 3000 (cand-dedddf6 vs ref-248b6e2)
Finished game 758 (ref-248b6e2 vs cand-dedddf6): 1/2-1/2 {Draw by insufficient mating material}
Started game 774 of 3000 (ref-248b6e2 vs cand-dedddf6)
Finished game 761 (cand-dedddf6 vs ref-248b6e2): 1/2-1/2 {Draw by adjudication}
Started game 775 of 3000 (cand-dedddf6 vs ref-248b6e2)
Finished game 765 (cand-dedddf6 vs ref-248b6e2): 1/2-1/2 {Draw by 3-fold repetition}
Started game 776 of 3000 (ref-248b6e2 vs cand-dedddf6)
Finished game 772 (ref-248b6e2 vs cand-dedddf6): 1/2-1/2 {Draw by 3-fold repetition}
Started game 777 of 3000 (cand-dedddf6 vs ref-248b6e2)
Finished game 768 (ref-248b6e2 vs cand-dedddf6): 0-1 {Black wins by adjudication}
Started game 778 of 3000 (ref-248b6e2 vs cand-dedddf6)
Finished game 764 (ref-248b6e2 vs cand-dedddf6): 0-1 {Black wins by adjudication}
Started game 779 of 3000 (cand-dedddf6 vs ref-248b6e2)
Finished game 767 (cand-dedddf6 vs ref-248b6e2): 1-0 {White wins by adjudication}
Started game 780 of 3000 (ref-248b6e2 vs cand-dedddf6)
Finished game 770 (ref-248b6e2 vs cand-dedddf6): 0-1 {Black wins by adjudication}
Started game 781 of 3000 (cand-dedddf6 vs ref-248b6e2)
Finished game 771 (cand-dedddf6 vs ref-248b6e2): 1-0 {White wins by adjudication}
Started game 782 of 3000 (ref-248b6e2 vs cand-dedddf6)
Finished game 769 (cand-dedddf6 vs ref-248b6e2): 1/2-1/2 {Draw by insufficient mating material}
Started game 783 of 3000 (cand-dedddf6 vs ref-248b6e2)
Finished game 773 (cand-dedddf6 vs ref-248b6e2): 0-1 {Black wins by adjudication}
Started game 784 of 3000 (ref-248b6e2 vs cand-dedddf6)
Finished game 766 (ref-248b6e2 vs cand-dedddf6): 1/2-1/2 {Draw by fifty moves rule}
Started game 785 of 3000 (cand-dedddf6 vs ref-248b6e2)
Finished game 778 (ref-248b6e2 vs cand-dedddf6): 1/2-1/2 {Draw by 3-fold repetition}
Started game 786 of 3000 (ref-248b6e2 vs cand-dedddf6)
Finished game 777 (cand-dedddf6 vs ref-248b6e2): 1/2-1/2 {Draw by 3-fold repetition}
Started game 787 of 3000 (cand-dedddf6 vs ref-248b6e2)
Finished game 774 (ref-248b6e2 vs cand-dedddf6): 1/2-1/2 {Draw by 3-fold repetition}
Started game 788 of 3000 (ref-248b6e2 vs cand-dedddf6)
Finished game 779 (cand-dedddf6 vs ref-248b6e2): 1-0 {White wins by adjudication}
Started game 789 of 3000 (cand-dedddf6 vs ref-248b6e2)
Finished game 775 (cand-dedddf6 vs ref-248b6e2): 1/2-1/2 {Draw by insufficient mating material}
Started game 790 of 3000 (ref-248b6e2 vs cand-dedddf6)
Finished game 780 (ref-248b6e2 vs cand-dedddf6): 1/2-1/2 {Draw by 3-fold repetition}
--------------------------------------------------
Results of cand-dedddf6 vs ref-248b6e2 (8+0.08, 1t, 16MB, noob_3moves.epd):
Elo: 6.25 +/- 18.25, nElo: 8.38 +/- 24.41
LOS: 74.93 %, DrawRatio: 34.70 %, PairsRatio: 1.13
Games: 778, Wins: 240, Losses: 226, Draws: 312, Points: 396.0 (50.90 %)
Ptnml(0-2): [31, 88, 135, 106, 29], WL/DD Ratio: 1.29
--------------------------------------------------
Started game 791 of 3000 (cand-dedddf6 vs ref-248b6e2)
Finished game 782 (ref-248b6e2 vs cand-dedddf6): 1/2-1/2 {Draw by 3-fold repetition}
Started game 792 of 3000 (ref-248b6e2 vs cand-dedddf6)
Finished game 776 (ref-248b6e2 vs cand-dedddf6): 1/2-1/2 {Draw by 3-fold repetition}
Started game 793 of 3000 (cand-dedddf6 vs ref-248b6e2)
Finished game 784 (ref-248b6e2 vs cand-dedddf6): 0-1 {Black wins by adjudication}
Started game 794 of 3000 (ref-248b6e2 vs cand-dedddf6)
Finished game 781 (cand-dedddf6 vs ref-248b6e2): 1/2-1/2 {Draw by insufficient mating material}
Started game 795 of 3000 (cand-dedddf6 vs ref-248b6e2)
Finished game 783 (cand-dedddf6 vs ref-248b6e2): 0-1 {Black wins by adjudication}
Started game 796 of 3000 (ref-248b6e2 vs cand-dedddf6)
Finished game 786 (ref-248b6e2 vs cand-dedddf6): 1-0 {White wins by adjudication}
Started game 797 of 3000 (cand-dedddf6 vs ref-248b6e2)
Finished game 790 (ref-248b6e2 vs cand-dedddf6): 1/2-1/2 {Draw by 3-fold repetition}
Started game 798 of 3000 (ref-248b6e2 vs cand-dedddf6)
Finished game 789 (cand-dedddf6 vs ref-248b6e2): 1-0 {White wins by adjudication}
Started game 799 of 3000 (cand-dedddf6 vs ref-248b6e2)
Finished game 791 (cand-dedddf6 vs ref-248b6e2): 0-1 {Black wins by adjudication}
Started game 800 of 3000 (ref-248b6e2 vs cand-dedddf6)
Finished game 788 (ref-248b6e2 vs cand-dedddf6): 0-1 {Black wins by adjudication}
Started game 801 of 3000 (cand-dedddf6 vs ref-248b6e2)
Finished game 787 (cand-dedddf6 vs ref-248b6e2): 1/2-1/2 {Draw by 3-fold repetition}
Started game 802 of 3000 (ref-248b6e2 vs cand-dedddf6)
Finished game 793 (cand-dedddf6 vs ref-248b6e2): 1-0 {White wins by adjudication}
Started game 803 of 3000 (cand-dedddf6 vs ref-248b6e2)
Finished game 792 (ref-248b6e2 vs cand-dedddf6): 1/2-1/2 {Draw by adjudication}
Started game 804 of 3000 (ref-248b6e2 vs cand-dedddf6)
Finished game 796 (ref-248b6e2 vs cand-dedddf6): 0-1 {Black wins by adjudication}
Started game 805 of 3000 (cand-dedddf6 vs ref-248b6e2)
Finished game 785 (cand-dedddf6 vs ref-248b6e2): 1/2-1/2 {Draw by adjudication}
Started game 806 of 3000 (ref-248b6e2 vs cand-dedddf6)
Finished game 794 (ref-248b6e2 vs cand-dedddf6): 1/2-1/2 {Draw by 3-fold repetition}
Started game 807 of 3000 (cand-dedddf6 vs ref-248b6e2)
Finished game 795 (cand-dedddf6 vs ref-248b6e2): 0-1 {Black wins by adjudication}
Started game 808 of 3000 (ref-248b6e2 vs cand-dedddf6)
Finished game 797 (cand-dedddf6 vs ref-248b6e2): 1/2-1/2 {Draw by 3-fold repetition}
Started game 809 of 3000 (cand-dedddf6 vs ref-248b6e2)
Finished game 799 (cand-dedddf6 vs ref-248b6e2): 1-0 {White wins by adjudication}
Started game 810 of 3000 (ref-248b6e2 vs cand-dedddf6)
Finished game 798 (ref-248b6e2 vs cand-dedddf6): 1/2-1/2 {Draw by insufficient mating material}
Started game 811 of 3000 (cand-dedddf6 vs ref-248b6e2)
Finished game 801 (cand-dedddf6 vs ref-248b6e2): 1/2-1/2 {Draw by 3-fold repetition}
Started game 812 of 3000 (ref-248b6e2 vs cand-dedddf6)
Finished game 800 (ref-248b6e2 vs cand-dedddf6): 1-0 {White wins by adjudication}
--------------------------------------------------
Results of cand-dedddf6 vs ref-248b6e2 (8+0.08, 1t, 16MB, noob_3moves.epd):
Elo: 6.52 +/- 17.85, nElo: 8.80 +/- 24.08
LOS: 76.31 %, DrawRatio: 35.25 %, PairsRatio: 1.14
Games: 800, Wins: 246, Losses: 231, Draws: 323, Points: 407.5 (50.94 %)
Ptnml(0-2): [31, 90, 141, 109, 29], WL/DD Ratio: 1.27
--------------------------------------------------
Started game 813 of 3000 (cand-dedddf6 vs ref-248b6e2)
Finished game 804 (ref-248b6e2 vs cand-dedddf6): 1-0 {White wins by adjudication}
Started game 814 of 3000 (ref-248b6e2 vs cand-dedddf6)
Finished game 803 (cand-dedddf6 vs ref-248b6e2): 1/2-1/2 {Draw by adjudication}
Started game 815 of 3000 (cand-dedddf6 vs ref-248b6e2)
Finished game 805 (cand-dedddf6 vs ref-248b6e2): 1-0 {White wins by adjudication}
Started game 816 of 3000 (ref-248b6e2 vs cand-dedddf6)
Finished game 806 (ref-248b6e2 vs cand-dedddf6): 1/2-1/2 {Draw by 3-fold repetition}
Started game 817 of 3000 (cand-dedddf6 vs ref-248b6e2)
Finished game 802 (ref-248b6e2 vs cand-dedddf6): 1/2-1/2 {Draw by adjudication}
Started game 818 of 3000 (ref-248b6e2 vs cand-dedddf6)
Finished game 809 (cand-dedddf6 vs ref-248b6e2): 0-1 {Black wins by adjudication}
Started game 819 of 3000 (cand-dedddf6 vs ref-248b6e2)
Finished game 808 (ref-248b6e2 vs cand-dedddf6): 1-0 {White wins by adjudication}
Started game 820 of 3000 (ref-248b6e2 vs cand-dedddf6)
Finished game 811 (cand-dedddf6 vs ref-248b6e2): 0-1 {Black wins by adjudication}
Started game 821 of 3000 (cand-dedddf6 vs ref-248b6e2)
Finished game 813 (cand-dedddf6 vs ref-248b6e2): 0-1 {Black wins by adjudication}
Started game 822 of 3000 (ref-248b6e2 vs cand-dedddf6)
Finished game 807 (cand-dedddf6 vs ref-248b6e2): 1/2-1/2 {Draw by insufficient mating material}
Started game 823 of 3000 (cand-dedddf6 vs ref-248b6e2)
Finished game 812 (ref-248b6e2 vs cand-dedddf6): 1-0 {White wins by adjudication}
Started game 824 of 3000 (ref-248b6e2 vs cand-dedddf6)
Finished game 816 (ref-248b6e2 vs cand-dedddf6): 1-0 {White wins by adjudication}
Started game 825 of 3000 (cand-dedddf6 vs ref-248b6e2)
Finished game 810 (ref-248b6e2 vs cand-dedddf6): 1/2-1/2 {Draw by insufficient mating material}
Started game 826 of 3000 (ref-248b6e2 vs cand-dedddf6)
Finished game 815 (cand-dedddf6 vs ref-248b6e2): 1/2-1/2 {Draw by 3-fold repetition}
Started game 827 of 3000 (cand-dedddf6 vs ref-248b6e2)
Finished game 814 (ref-248b6e2 vs cand-dedddf6): 1/2-1/2 {Draw by adjudication}
Started game 828 of 3000 (ref-248b6e2 vs cand-dedddf6)
Finished game 817 (cand-dedddf6 vs ref-248b6e2): 1/2-1/2 {Draw by 3-fold repetition}
Started game 829 of 3000 (cand-dedddf6 vs ref-248b6e2)
Finished game 818 (ref-248b6e2 vs cand-dedddf6): 1-0 {White wins by adjudication}
Started game 830 of 3000 (ref-248b6e2 vs cand-dedddf6)
Finished game 823 (cand-dedddf6 vs ref-248b6e2): 1-0 {White wins by adjudication}
Started game 831 of 3000 (cand-dedddf6 vs ref-248b6e2)
Finished game 821 (cand-dedddf6 vs ref-248b6e2): 1/2-1/2 {Draw by 3-fold repetition}
Started game 832 of 3000 (ref-248b6e2 vs cand-dedddf6)
Finished game 825 (cand-dedddf6 vs ref-248b6e2): 1-0 {White wins by adjudication}
Started game 833 of 3000 (cand-dedddf6 vs ref-248b6e2)
Finished game 822 (ref-248b6e2 vs cand-dedddf6): 1/2-1/2 {Draw by 3-fold repetition}
Started game 834 of 3000 (ref-248b6e2 vs cand-dedddf6)
Finished game 827 (cand-dedddf6 vs ref-248b6e2): 0-1 {Black wins by adjudication}
Started game 835 of 3000 (cand-dedddf6 vs ref-248b6e2)
Finished game 829 (cand-dedddf6 vs ref-248b6e2): 1/2-1/2 {Draw by 3-fold repetition}
Started game 836 of 3000 (ref-248b6e2 vs cand-dedddf6)
Finished game 819 (cand-dedddf6 vs ref-248b6e2): 1/2-1/2 {Draw by insufficient mating material}
Started game 837 of 3000 (cand-dedddf6 vs ref-248b6e2)
Finished game 826 (ref-248b6e2 vs cand-dedddf6): 1-0 {White wins by adjudication}
Started game 838 of 3000 (ref-248b6e2 vs cand-dedddf6)
Finished game 820 (ref-248b6e2 vs cand-dedddf6): 1-0 {White wins by adjudication}
--------------------------------------------------
Results of cand-dedddf6 vs ref-248b6e2 (8+0.08, 1t, 16MB, noob_3moves.epd):
Elo: 2.95 +/- 17.56, nElo: 3.99 +/- 23.72
LOS: 62.92 %, DrawRatio: 34.95 %, PairsRatio: 1.08
Games: 824, Wins: 248, Losses: 241, Draws: 335, Points: 415.5 (50.42 %)
Ptnml(0-2): [32, 97, 144, 110, 29], WL/DD Ratio: 1.25
--------------------------------------------------
Started game 839 of 3000 (cand-dedddf6 vs ref-248b6e2)
Finished game 830 (ref-248b6e2 vs cand-dedddf6): 1-0 {White wins by adjudication}
Started game 840 of 3000 (ref-248b6e2 vs cand-dedddf6)
Finished game 832 (ref-248b6e2 vs cand-dedddf6): 1-0 {White wins by adjudication}
Started game 841 of 3000 (cand-dedddf6 vs ref-248b6e2)
Finished game 834 (ref-248b6e2 vs cand-dedddf6): 0-1 {Black wins by adjudication}
Started game 842 of 3000 (ref-248b6e2 vs cand-dedddf6)
Finished game 839 (cand-dedddf6 vs ref-248b6e2): 1/2-1/2 {Draw by 3-fold repetition}
Started game 843 of 3000 (cand-dedddf6 vs ref-248b6e2)
Finished game 833 (cand-dedddf6 vs ref-248b6e2): 1/2-1/2 {Draw by adjudication}
Started game 844 of 3000 (ref-248b6e2 vs cand-dedddf6)
Finished game 831 (cand-dedddf6 vs ref-248b6e2): 1-0 {White wins by adjudication}
Started game 845 of 3000 (cand-dedddf6 vs ref-248b6e2)
Finished game 828 (ref-248b6e2 vs cand-dedddf6): 1/2-1/2 {Draw by insufficient mating material}
Started game 846 of 3000 (ref-248b6e2 vs cand-dedddf6)
Finished game 824 (ref-248b6e2 vs cand-dedddf6): 1/2-1/2 {Draw by insufficient mating material}
Started game 847 of 3000 (cand-dedddf6 vs ref-248b6e2)
Finished game 837 (cand-dedddf6 vs ref-248b6e2): 1/2-1/2 {Draw by 3-fold repetition}
Started game 848 of 3000 (ref-248b6e2 vs cand-dedddf6)
Finished game 836 (ref-248b6e2 vs cand-dedddf6): 0-1 {Black wins by adjudication}
Started game 849 of 3000 (cand-dedddf6 vs ref-248b6e2)
Finished game 835 (cand-dedddf6 vs ref-248b6e2): 0-1 {Black wins by adjudication}
Started game 850 of 3000 (ref-248b6e2 vs cand-dedddf6)
Finished game 840 (ref-248b6e2 vs cand-dedddf6): 0-1 {Black wins by adjudication}
--------------------------------------------------
Results of cand-dedddf6 vs ref-248b6e2 (8+0.08, 1t, 16MB, noob_3moves.epd):
Elo: 3.32 +/- 17.37, nElo: 4.50 +/- 23.52
LOS: 64.61 %, DrawRatio: 34.84 %, PairsRatio: 1.08
Games: 838, Wins: 253, Losses: 245, Draws: 340, Points: 423.0 (50.48 %)
Ptnml(0-2): [32, 99, 146, 113, 29], WL/DD Ratio: 1.28
--------------------------------------------------
Started game 851 of 3000 (cand-dedddf6 vs ref-248b6e2)
Finished game 844 (ref-248b6e2 vs cand-dedddf6): 1/2-1/2 {Draw by 3-fold repetition}
Started game 852 of 3000 (ref-248b6e2 vs cand-dedddf6)
Finished game 848 (ref-248b6e2 vs cand-dedddf6): 0-1 {Black wins by adjudication}
Started game 853 of 3000 (cand-dedddf6 vs ref-248b6e2)
Finished game 849 (cand-dedddf6 vs ref-248b6e2): 0-1 {Black wins by adjudication}
Started game 854 of 3000 (ref-248b6e2 vs cand-dedddf6)
Finished game 838 (ref-248b6e2 vs cand-dedddf6): 1/2-1/2 {Draw by adjudication}
Started game 855 of 3000 (cand-dedddf6 vs ref-248b6e2)
Finished game 842 (ref-248b6e2 vs cand-dedddf6): 0-1 {Black wins by adjudication}
Started game 856 of 3000 (ref-248b6e2 vs cand-dedddf6)
Finished game 845 (cand-dedddf6 vs ref-248b6e2): 1-0 {White wins by adjudication}
Started game 857 of 3000 (cand-dedddf6 vs ref-248b6e2)
Finished game 850 (ref-248b6e2 vs cand-dedddf6): 1-0 {White wins by adjudication}
Started game 858 of 3000 (ref-248b6e2 vs cand-dedddf6)
Finished game 843 (cand-dedddf6 vs ref-248b6e2): 1/2-1/2 {Draw by adjudication}
Started game 859 of 3000 (cand-dedddf6 vs ref-248b6e2)
Finished game 846 (ref-248b6e2 vs cand-dedddf6): 1/2-1/2 {Draw by 3-fold repetition}
Started game 860 of 3000 (ref-248b6e2 vs cand-dedddf6)
Finished game 853 (cand-dedddf6 vs ref-248b6e2): 1/2-1/2 {Draw by 3-fold repetition}
Started game 861 of 3000 (cand-dedddf6 vs ref-248b6e2)
Finished game 841 (cand-dedddf6 vs ref-248b6e2): 1/2-1/2 {Draw by 3-fold repetition}
Started game 862 of 3000 (ref-248b6e2 vs cand-dedddf6)
Finished game 847 (cand-dedddf6 vs ref-248b6e2): 1/2-1/2 {Draw by 3-fold repetition}
Started game 863 of 3000 (cand-dedddf6 vs ref-248b6e2)
Finished game 851 (cand-dedddf6 vs ref-248b6e2): 0-1 {Black wins by adjudication}
Started game 864 of 3000 (ref-248b6e2 vs cand-dedddf6)
Finished game 857 (cand-dedddf6 vs ref-248b6e2): 0-1 {Black wins by adjudication}
Started game 865 of 3000 (cand-dedddf6 vs ref-248b6e2)
Finished game 855 (cand-dedddf6 vs ref-248b6e2): 0-1 {Black wins by adjudication}
Started game 866 of 3000 (ref-248b6e2 vs cand-dedddf6)
Finished game 854 (ref-248b6e2 vs cand-dedddf6): 1/2-1/2 {Draw by adjudication}
Started game 867 of 3000 (cand-dedddf6 vs ref-248b6e2)
Finished game 858 (ref-248b6e2 vs cand-dedddf6): 1/2-1/2 {Draw by 3-fold repetition}
Started game 868 of 3000 (ref-248b6e2 vs cand-dedddf6)
Finished game 859 (cand-dedddf6 vs ref-248b6e2): 1-0 {White wins by adjudication}
Started game 869 of 3000 (cand-dedddf6 vs ref-248b6e2)
Finished game 862 (ref-248b6e2 vs cand-dedddf6): 0-1 {Black wins by adjudication}
Started game 870 of 3000 (ref-248b6e2 vs cand-dedddf6)
Finished game 852 (ref-248b6e2 vs cand-dedddf6): 0-1 {Black wins by adjudication}
Started game 871 of 3000 (cand-dedddf6 vs ref-248b6e2)
Finished game 861 (cand-dedddf6 vs ref-248b6e2): 1/2-1/2 {Draw by 3-fold repetition}
Started game 872 of 3000 (ref-248b6e2 vs cand-dedddf6)
Finished game 863 (cand-dedddf6 vs ref-248b6e2): 1-0 {White wins by adjudication}
Started game 873 of 3000 (cand-dedddf6 vs ref-248b6e2)
Finished game 856 (ref-248b6e2 vs cand-dedddf6): 0-1 {Black wins by adjudication}
Started game 874 of 3000 (ref-248b6e2 vs cand-dedddf6)
Finished game 864 (ref-248b6e2 vs cand-dedddf6): 0-1 {Black wins by adjudication}
Started game 875 of 3000 (cand-dedddf6 vs ref-248b6e2)
Finished game 867 (cand-dedddf6 vs ref-248b6e2): 1-0 {White wins by adjudication}
Started game 876 of 3000 (ref-248b6e2 vs cand-dedddf6)
Finished game 865 (cand-dedddf6 vs ref-248b6e2): 1/2-1/2 {Draw by 3-fold repetition}
Started game 877 of 3000 (cand-dedddf6 vs ref-248b6e2)
Finished game 860 (ref-248b6e2 vs cand-dedddf6): 1/2-1/2 {Draw by adjudication}
--------------------------------------------------
Results of cand-dedddf6 vs ref-248b6e2 (8+0.08, 1t, 16MB, noob_3moves.epd):
Elo: 4.83 +/- 17.10, nElo: 6.54 +/- 23.17
LOS: 71.01 %, DrawRatio: 34.95 %, PairsRatio: 1.11
Games: 864, Wins: 262, Losses: 250, Draws: 352, Points: 438.0 (50.69 %)
Ptnml(0-2): [33, 100, 151, 118, 30], WL/DD Ratio: 1.25
--------------------------------------------------
Started game 878 of 3000 (ref-248b6e2 vs cand-dedddf6)
Finished game 868 (ref-248b6e2 vs cand-dedddf6): 1-0 {White wins by adjudication}
Started game 879 of 3000 (cand-dedddf6 vs ref-248b6e2)
Finished game 870 (ref-248b6e2 vs cand-dedddf6): 1-0 {White wins by adjudication}
Started game 880 of 3000 (ref-248b6e2 vs cand-dedddf6)
Finished game 866 (ref-248b6e2 vs cand-dedddf6): 1-0 {White wins by adjudication}
Started game 881 of 3000 (cand-dedddf6 vs ref-248b6e2)
Finished game 871 (cand-dedddf6 vs ref-248b6e2): 1-0 {White wins by adjudication}
Started game 882 of 3000 (ref-248b6e2 vs cand-dedddf6)
Finished game 869 (cand-dedddf6 vs ref-248b6e2): 0-1 {Black wins by adjudication}
Started game 883 of 3000 (cand-dedddf6 vs ref-248b6e2)
Finished game 872 (ref-248b6e2 vs cand-dedddf6): 1/2-1/2 {Draw by 3-fold repetition}
Started game 884 of 3000 (ref-248b6e2 vs cand-dedddf6)
Finished game 879 (cand-dedddf6 vs ref-248b6e2): 0-1 {Black wins by adjudication}
Started game 885 of 3000 (cand-dedddf6 vs ref-248b6e2)
Finished game 874 (ref-248b6e2 vs cand-dedddf6): 0-1 {Black wins by adjudication}
Started game 886 of 3000 (ref-248b6e2 vs cand-dedddf6)
Finished game 875 (cand-dedddf6 vs ref-248b6e2): 0-1 {Black wins by adjudication}
Started game 887 of 3000 (cand-dedddf6 vs ref-248b6e2)
Finished game 878 (ref-248b6e2 vs cand-dedddf6): 1-0 {White wins by adjudication}
Started game 888 of 3000 (ref-248b6e2 vs cand-dedddf6)
Finished game 881 (cand-dedddf6 vs ref-248b6e2): 0-1 {Black wins by adjudication}
Started game 889 of 3000 (cand-dedddf6 vs ref-248b6e2)
Finished game 882 (ref-248b6e2 vs cand-dedddf6): 1/2-1/2 {Draw by adjudication}
Started game 890 of 3000 (ref-248b6e2 vs cand-dedddf6)
Finished game 885 (cand-dedddf6 vs ref-248b6e2): 1-0 {White wins by adjudication}
Started game 891 of 3000 (cand-dedddf6 vs ref-248b6e2)
Finished game 877 (cand-dedddf6 vs ref-248b6e2): 1/2-1/2 {Draw by 3-fold repetition}
Started game 892 of 3000 (ref-248b6e2 vs cand-dedddf6)
Finished game 883 (cand-dedddf6 vs ref-248b6e2): 1-0 {White wins by adjudication}
Started game 893 of 3000 (cand-dedddf6 vs ref-248b6e2)
Finished game 876 (ref-248b6e2 vs cand-dedddf6): 1/2-1/2 {Draw by fifty moves rule}
Started game 894 of 3000 (ref-248b6e2 vs cand-dedddf6)
Finished game 873 (cand-dedddf6 vs ref-248b6e2): 1/2-1/2 {Draw by 3-fold repetition}
Started game 895 of 3000 (cand-dedddf6 vs ref-248b6e2)
Finished game 880 (ref-248b6e2 vs cand-dedddf6): 1/2-1/2 {Draw by 3-fold repetition}
--------------------------------------------------
Results of cand-dedddf6 vs ref-248b6e2 (8+0.08, 1t, 16MB, noob_3moves.epd):
Elo: 2.76 +/- 16.95, nElo: 3.73 +/- 22.93
LOS: 62.52 %, DrawRatio: 34.47 %, PairsRatio: 1.08
Games: 882, Wins: 265, Losses: 258, Draws: 359, Points: 444.5 (50.40 %)
Ptnml(0-2): [34, 105, 152, 120, 30], WL/DD Ratio: 1.27
--------------------------------------------------
Started game 896 of 3000 (ref-248b6e2 vs cand-dedddf6)
Finished game 886 (ref-248b6e2 vs cand-dedddf6): 1-0 {White wins by adjudication}
Started game 897 of 3000 (cand-dedddf6 vs ref-248b6e2)
Finished game 884 (ref-248b6e2 vs cand-dedddf6): 1-0 {White wins by adjudication}
Started game 898 of 3000 (ref-248b6e2 vs cand-dedddf6)
Finished game 891 (cand-dedddf6 vs ref-248b6e2): 1/2-1/2 {Draw by 3-fold repetition}
Started game 899 of 3000 (cand-dedddf6 vs ref-248b6e2)
Finished game 887 (cand-dedddf6 vs ref-248b6e2): 0-1 {Black wins by adjudication}
Started game 900 of 3000 (ref-248b6e2 vs cand-dedddf6)
Finished game 888 (ref-248b6e2 vs cand-dedddf6): 1/2-1/2 {Draw by 3-fold repetition}
Started game 901 of 3000 (cand-dedddf6 vs ref-248b6e2)
Finished game 889 (cand-dedddf6 vs ref-248b6e2): 0-1 {Black wins by adjudication}
Started game 902 of 3000 (ref-248b6e2 vs cand-dedddf6)
Finished game 890 (ref-248b6e2 vs cand-dedddf6): 1-0 {White wins by adjudication}
Started game 903 of 3000 (cand-dedddf6 vs ref-248b6e2)
Finished game 896 (ref-248b6e2 vs cand-dedddf6): 0-1 {Black wins by adjudication}
Started game 904 of 3000 (ref-248b6e2 vs cand-dedddf6)
Finished game 892 (ref-248b6e2 vs cand-dedddf6): 0-1 {Black wins by adjudication}
Started game 905 of 3000 (cand-dedddf6 vs ref-248b6e2)
Finished game 893 (cand-dedddf6 vs ref-248b6e2): 1-0 {White wins by adjudication}
Started game 906 of 3000 (ref-248b6e2 vs cand-dedddf6)
Finished game 894 (ref-248b6e2 vs cand-dedddf6): 1-0 {White wins by adjudication}
Started game 907 of 3000 (cand-dedddf6 vs ref-248b6e2)
Finished game 901 (cand-dedddf6 vs ref-248b6e2): 1-0 {White wins by adjudication}
Started game 908 of 3000 (ref-248b6e2 vs cand-dedddf6)
Finished game 895 (cand-dedddf6 vs ref-248b6e2): 1/2-1/2 {Draw by 3-fold repetition}
Started game 909 of 3000 (cand-dedddf6 vs ref-248b6e2)
Finished game 899 (cand-dedddf6 vs ref-248b6e2): 0-1 {Black wins by adjudication}
Started game 910 of 3000 (ref-248b6e2 vs cand-dedddf6)
Finished game 900 (ref-248b6e2 vs cand-dedddf6): 1/2-1/2 {Draw by 3-fold repetition}
--------------------------------------------------
Results of cand-dedddf6 vs ref-248b6e2 (8+0.08, 1t, 16MB, noob_3moves.epd):
Elo: 1.93 +/- 16.78, nElo: 2.62 +/- 22.72
LOS: 58.94 %, DrawRatio: 34.52 %, PairsRatio: 1.07
Games: 898, Wins: 270, Losses: 265, Draws: 363, Points: 451.5 (50.28 %)
Ptnml(0-2): [35, 107, 155, 122, 30], WL/DD Ratio: 1.31
--------------------------------------------------
Started game 911 of 3000 (cand-dedddf6 vs ref-248b6e2)
Finished game 897 (cand-dedddf6 vs ref-248b6e2): 0-1 {Black wins by adjudication}
Started game 912 of 3000 (ref-248b6e2 vs cand-dedddf6)
Finished game 905 (cand-dedddf6 vs ref-248b6e2): 0-1 {Black wins by adjudication}
Started game 913 of 3000 (cand-dedddf6 vs ref-248b6e2)
Finished game 904 (ref-248b6e2 vs cand-dedddf6): 1-0 {White wins by adjudication}
Started game 914 of 3000 (ref-248b6e2 vs cand-dedddf6)
Finished game 898 (ref-248b6e2 vs cand-dedddf6): 0-1 {Black wins by adjudication}
Started game 915 of 3000 (cand-dedddf6 vs ref-248b6e2)
Finished game 902 (ref-248b6e2 vs cand-dedddf6): 0-1 {Black wins by adjudication}
Started game 916 of 3000 (ref-248b6e2 vs cand-dedddf6)
Finished game 907 (cand-dedddf6 vs ref-248b6e2): 1-0 {White wins by adjudication}
Started game 917 of 3000 (cand-dedddf6 vs ref-248b6e2)
Finished game 912 (ref-248b6e2 vs cand-dedddf6): 1-0 {White wins by adjudication}
Started game 918 of 3000 (ref-248b6e2 vs cand-dedddf6)
Finished game 910 (ref-248b6e2 vs cand-dedddf6): 1/2-1/2 {Draw by adjudication}
Started game 919 of 3000 (cand-dedddf6 vs ref-248b6e2)
Finished game 908 (ref-248b6e2 vs cand-dedddf6): 1/2-1/2 {Draw by 3-fold repetition}
Started game 920 of 3000 (ref-248b6e2 vs cand-dedddf6)
Finished game 909 (cand-dedddf6 vs ref-248b6e2): 1/2-1/2 {Draw by 3-fold repetition}
Started game 921 of 3000 (cand-dedddf6 vs ref-248b6e2)
Finished game 906 (ref-248b6e2 vs cand-dedddf6): 0-1 {Black wins by adjudication}
Started game 922 of 3000 (ref-248b6e2 vs cand-dedddf6)
Finished game 903 (cand-dedddf6 vs ref-248b6e2): 1-0 {White wins by adjudication}
Started game 923 of 3000 (cand-dedddf6 vs ref-248b6e2)
Finished game 911 (cand-dedddf6 vs ref-248b6e2): 1/2-1/2 {Draw by 3-fold repetition}
Started game 924 of 3000 (ref-248b6e2 vs cand-dedddf6)
Finished game 915 (cand-dedddf6 vs ref-248b6e2): 0-1 {Black wins by adjudication}
Started game 925 of 3000 (cand-dedddf6 vs ref-248b6e2)
Finished game 914 (ref-248b6e2 vs cand-dedddf6): 1-0 {White wins by adjudication}
Started game 926 of 3000 (ref-248b6e2 vs cand-dedddf6)
Finished game 913 (cand-dedddf6 vs ref-248b6e2): 1-0 {White wins by adjudication}
Started game 927 of 3000 (cand-dedddf6 vs ref-248b6e2)
Finished game 916 (ref-248b6e2 vs cand-dedddf6): 0-1 {Black wins by adjudication}
Started game 928 of 3000 (ref-248b6e2 vs cand-dedddf6)
Finished game 917 (cand-dedddf6 vs ref-248b6e2): 0-1 {Black wins by adjudication}
Started game 929 of 3000 (cand-dedddf6 vs ref-248b6e2)
Finished game 921 (cand-dedddf6 vs ref-248b6e2): 0-1 {Black wins by adjudication}
Started game 930 of 3000 (ref-248b6e2 vs cand-dedddf6)
Finished game 920 (ref-248b6e2 vs cand-dedddf6): 0-1 {Black wins by adjudication}
Started game 931 of 3000 (cand-dedddf6 vs ref-248b6e2)
Finished game 925 (cand-dedddf6 vs ref-248b6e2): 0-1 {Black wins by adjudication}
Started game 932 of 3000 (ref-248b6e2 vs cand-dedddf6)
Finished game 922 (ref-248b6e2 vs cand-dedddf6): 0-1 {Black wins by adjudication}
Started game 933 of 3000 (cand-dedddf6 vs ref-248b6e2)
Finished game 919 (cand-dedddf6 vs ref-248b6e2): 0-1 {Black wins by adjudication}
--------------------------------------------------
Results of cand-dedddf6 vs ref-248b6e2 (8+0.08, 1t, 16MB, noob_3moves.epd):
Elo: 2.64 +/- 16.48, nElo: 3.60 +/- 22.45
LOS: 62.35 %, DrawRatio: 35.43 %, PairsRatio: 1.08
Games: 920, Wins: 280, Losses: 273, Draws: 367, Points: 463.5 (50.38 %)
Ptnml(0-2): [35, 108, 163, 123, 31], WL/DD Ratio: 1.40
--------------------------------------------------
Started game 934 of 3000 (ref-248b6e2 vs cand-dedddf6)
Finished game 918 (ref-248b6e2 vs cand-dedddf6): 1/2-1/2 {Draw by 3-fold repetition}
Started game 935 of 3000 (cand-dedddf6 vs ref-248b6e2)
Finished game 924 (ref-248b6e2 vs cand-dedddf6): 1-0 {White wins by adjudication}
Started game 936 of 3000 (ref-248b6e2 vs cand-dedddf6)
Finished game 927 (cand-dedddf6 vs ref-248b6e2): 0-1 {Black wins by adjudication}
Started game 937 of 3000 (cand-dedddf6 vs ref-248b6e2)
Finished game 923 (cand-dedddf6 vs ref-248b6e2): 0-1 {Black wins by adjudication}
Started game 938 of 3000 (ref-248b6e2 vs cand-dedddf6)
Finished game 928 (ref-248b6e2 vs cand-dedddf6): 0-1 {Black wins by adjudication}
Started game 939 of 3000 (cand-dedddf6 vs ref-248b6e2)
Finished game 929 (cand-dedddf6 vs ref-248b6e2): 0-1 {Black wins by adjudication}
Started game 940 of 3000 (ref-248b6e2 vs cand-dedddf6)
Finished game 926 (ref-248b6e2 vs cand-dedddf6): 0-1 {Black wins by adjudication}
Started game 941 of 3000 (cand-dedddf6 vs ref-248b6e2)
Finished game 932 (ref-248b6e2 vs cand-dedddf6): 1-0 {White wins by adjudication}
Started game 942 of 3000 (ref-248b6e2 vs cand-dedddf6)
Finished game 931 (cand-dedddf6 vs ref-248b6e2): 1/2-1/2 {Draw by 3-fold repetition}
Started game 943 of 3000 (cand-dedddf6 vs ref-248b6e2)
Finished game 933 (cand-dedddf6 vs ref-248b6e2): 1-0 {White wins by adjudication}
Started game 944 of 3000 (ref-248b6e2 vs cand-dedddf6)
Finished game 934 (ref-248b6e2 vs cand-dedddf6): 0-1 {Black wins by adjudication}
Started game 945 of 3000 (cand-dedddf6 vs ref-248b6e2)
Finished game 930 (ref-248b6e2 vs cand-dedddf6): 0-1 {Black wins by adjudication}
Started game 946 of 3000 (ref-248b6e2 vs cand-dedddf6)
Finished game 935 (cand-dedddf6 vs ref-248b6e2): 1-0 {White wins by adjudication}
Started game 947 of 3000 (cand-dedddf6 vs ref-248b6e2)
Finished game 936 (ref-248b6e2 vs cand-dedddf6): 1-0 {White wins by adjudication}
Started game 948 of 3000 (ref-248b6e2 vs cand-dedddf6)
Finished game 939 (cand-dedddf6 vs ref-248b6e2): 1/2-1/2 {Draw by 3-fold repetition}
Started game 949 of 3000 (cand-dedddf6 vs ref-248b6e2)
Finished game 937 (cand-dedddf6 vs ref-248b6e2): 0-1 {Black wins by adjudication}
Started game 950 of 3000 (ref-248b6e2 vs cand-dedddf6)
Finished game 940 (ref-248b6e2 vs cand-dedddf6): 0-1 {Black wins by adjudication}
--------------------------------------------------
Results of cand-dedddf6 vs ref-248b6e2 (8+0.08, 1t, 16MB, noob_3moves.epd):
Elo: 2.22 +/- 16.34, nElo: 3.03 +/- 22.23
LOS: 60.52 %, DrawRatio: 35.61 %, PairsRatio: 1.07
Games: 938, Wins: 287, Losses: 281, Draws: 370, Points: 472.0 (50.32 %)
Ptnml(0-2): [36, 110, 167, 124, 32], WL/DD Ratio: 1.46
--------------------------------------------------
Started game 951 of 3000 (cand-dedddf6 vs ref-248b6e2)
Finished game 943 (cand-dedddf6 vs ref-248b6e2): 0-1 {Black wins by adjudication}
Started game 952 of 3000 (ref-248b6e2 vs cand-dedddf6)
Finished game 938 (ref-248b6e2 vs cand-dedddf6): 0-1 {Black wins by adjudication}
Started game 953 of 3000 (cand-dedddf6 vs ref-248b6e2)
Finished game 944 (ref-248b6e2 vs cand-dedddf6): 1/2-1/2 {Draw by adjudication}
Started game 954 of 3000 (ref-248b6e2 vs cand-dedddf6)
Finished game 946 (ref-248b6e2 vs cand-dedddf6): 1/2-1/2 {Draw by 3-fold repetition}
Started game 955 of 3000 (cand-dedddf6 vs ref-248b6e2)
Finished game 941 (cand-dedddf6 vs ref-248b6e2): 1-0 {White wins by adjudication}
Started game 956 of 3000 (ref-248b6e2 vs cand-dedddf6)
Finished game 942 (ref-248b6e2 vs cand-dedddf6): 1-0 {White wins by adjudication}
Started game 957 of 3000 (cand-dedddf6 vs ref-248b6e2)
Finished game 947 (cand-dedddf6 vs ref-248b6e2): 0-1 {Black wins by adjudication}
Started game 958 of 3000 (ref-248b6e2 vs cand-dedddf6)
Finished game 945 (cand-dedddf6 vs ref-248b6e2): 1/2-1/2 {Draw by adjudication}
Started game 959 of 3000 (cand-dedddf6 vs ref-248b6e2)
Finished game 950 (ref-248b6e2 vs cand-dedddf6): 1-0 {White wins by adjudication}
Started game 960 of 3000 (ref-248b6e2 vs cand-dedddf6)
Finished game 952 (ref-248b6e2 vs cand-dedddf6): 1-0 {White wins by adjudication}
Started game 961 of 3000 (cand-dedddf6 vs ref-248b6e2)
Finished game 948 (ref-248b6e2 vs cand-dedddf6): 1/2-1/2 {Draw by 3-fold repetition}
Started game 962 of 3000 (ref-248b6e2 vs cand-dedddf6)
Finished game 958 (ref-248b6e2 vs cand-dedddf6): 1/2-1/2 {Draw by 3-fold repetition}
Started game 963 of 3000 (cand-dedddf6 vs ref-248b6e2)
Finished game 949 (cand-dedddf6 vs ref-248b6e2): 1/2-1/2 {Draw by 3-fold repetition}
Started game 964 of 3000 (ref-248b6e2 vs cand-dedddf6)
Finished game 951 (cand-dedddf6 vs ref-248b6e2): 1-0 {White wins by adjudication}
Started game 965 of 3000 (cand-dedddf6 vs ref-248b6e2)
Finished game 957 (cand-dedddf6 vs ref-248b6e2): 1-0 {White wins by adjudication}
Started game 966 of 3000 (ref-248b6e2 vs cand-dedddf6)
Finished game 956 (ref-248b6e2 vs cand-dedddf6): 1-0 {White wins by adjudication}
Started game 967 of 3000 (cand-dedddf6 vs ref-248b6e2)
Finished game 955 (cand-dedddf6 vs ref-248b6e2): 1-0 {White wins by adjudication}
Started game 968 of 3000 (ref-248b6e2 vs cand-dedddf6)
Finished game 960 (ref-248b6e2 vs cand-dedddf6): 1-0 {White wins by adjudication}
Started game 969 of 3000 (cand-dedddf6 vs ref-248b6e2)
Finished game 954 (ref-248b6e2 vs cand-dedddf6): 1/2-1/2 {Draw by insufficient mating material}
Started game 970 of 3000 (ref-248b6e2 vs cand-dedddf6)
Finished game 959 (cand-dedddf6 vs ref-248b6e2): 0-1 {Black wins by adjudication}
--------------------------------------------------
Results of cand-dedddf6 vs ref-248b6e2 (8+0.08, 1t, 16MB, noob_3moves.epd):
Elo: 0.73 +/- 16.13, nElo: 0.99 +/- 22.00
LOS: 53.51 %, DrawRatio: 35.91 %, PairsRatio: 1.05
Games: 958, Wins: 292, Losses: 290, Draws: 376, Points: 480.0 (50.10 %)
Ptnml(0-2): [37, 113, 172, 125, 32], WL/DD Ratio: 1.49
--------------------------------------------------
Started game 971 of 3000 (cand-dedddf6 vs ref-248b6e2)
Finished game 961 (cand-dedddf6 vs ref-248b6e2): 0-1 {Black wins by adjudication}
Started game 972 of 3000 (ref-248b6e2 vs cand-dedddf6)
Finished game 966 (ref-248b6e2 vs cand-dedddf6): 1-0 {White wins by adjudication}
Started game 973 of 3000 (cand-dedddf6 vs ref-248b6e2)
Finished game 962 (ref-248b6e2 vs cand-dedddf6): 1/2-1/2 {Draw by insufficient mating material}
Started game 974 of 3000 (ref-248b6e2 vs cand-dedddf6)
Finished game 964 (ref-248b6e2 vs cand-dedddf6): 0-1 {Black wins by adjudication}
Started game 975 of 3000 (cand-dedddf6 vs ref-248b6e2)
Finished game 953 (cand-dedddf6 vs ref-248b6e2): 1-0 {White wins by adjudication}
Started game 976 of 3000 (ref-248b6e2 vs cand-dedddf6)
Finished game 965 (cand-dedddf6 vs ref-248b6e2): 1-0 {White wins by adjudication}
Started game 977 of 3000 (cand-dedddf6 vs ref-248b6e2)
Finished game 963 (cand-dedddf6 vs ref-248b6e2): 1/2-1/2 {Draw by 3-fold repetition}
Started game 978 of 3000 (ref-248b6e2 vs cand-dedddf6)
Finished game 967 (cand-dedddf6 vs ref-248b6e2): 0-1 {Black wins by adjudication}
Started game 979 of 3000 (cand-dedddf6 vs ref-248b6e2)
Finished game 969 (cand-dedddf6 vs ref-248b6e2): 1-0 {White wins by adjudication}
Started game 980 of 3000 (ref-248b6e2 vs cand-dedddf6)
Finished game 973 (cand-dedddf6 vs ref-248b6e2): 1-0 {White wins by adjudication}
Started game 981 of 3000 (cand-dedddf6 vs ref-248b6e2)
Finished game 970 (ref-248b6e2 vs cand-dedddf6): 0-1 {Black wins by adjudication}
Started game 982 of 3000 (ref-248b6e2 vs cand-dedddf6)
Finished game 972 (ref-248b6e2 vs cand-dedddf6): 0-1 {Black wins by adjudication}
Started game 983 of 3000 (cand-dedddf6 vs ref-248b6e2)
Finished game 971 (cand-dedddf6 vs ref-248b6e2): 1/2-1/2 {Draw by adjudication}
Started game 984 of 3000 (ref-248b6e2 vs cand-dedddf6)
Finished game 980 (ref-248b6e2 vs cand-dedddf6): 0-1 {Black wins by adjudication}
Started game 985 of 3000 (cand-dedddf6 vs ref-248b6e2)
Finished game 977 (cand-dedddf6 vs ref-248b6e2): 0-1 {Black wins by adjudication}
Started game 986 of 3000 (ref-248b6e2 vs cand-dedddf6)
Finished game 979 (cand-dedddf6 vs ref-248b6e2): 0-1 {Black wins by adjudication}
--------------------------------------------------
Results of cand-dedddf6 vs ref-248b6e2 (8+0.08, 1t, 16MB, noob_3moves.epd):
Elo: 2.14 +/- 16.02, nElo: 2.93 +/- 21.84
LOS: 60.36 %, DrawRatio: 35.80 %, PairsRatio: 1.07
Games: 972, Wins: 299, Losses: 293, Draws: 380, Points: 489.0 (50.31 %)
Ptnml(0-2): [37, 114, 174, 128, 33], WL/DD Ratio: 1.52
--------------------------------------------------
Started game 987 of 3000 (cand-dedddf6 vs ref-248b6e2)
Finished game 975 (cand-dedddf6 vs ref-248b6e2): 0-1 {Black wins by adjudication}
Started game 988 of 3000 (ref-248b6e2 vs cand-dedddf6)
Finished game 978 (ref-248b6e2 vs cand-dedddf6): 1-0 {White wins by adjudication}
Started game 989 of 3000 (cand-dedddf6 vs ref-248b6e2)
Finished game 976 (ref-248b6e2 vs cand-dedddf6): 1/2-1/2 {Draw by 3-fold repetition}
Started game 990 of 3000 (ref-248b6e2 vs cand-dedddf6)
Finished game 981 (cand-dedddf6 vs ref-248b6e2): 1/2-1/2 {Draw by 3-fold repetition}
Started game 991 of 3000 (cand-dedddf6 vs ref-248b6e2)
Finished game 968 (ref-248b6e2 vs cand-dedddf6): 1/2-1/2 {Draw by fifty moves rule}
Started game 992 of 3000 (ref-248b6e2 vs cand-dedddf6)
Finished game 982 (ref-248b6e2 vs cand-dedddf6): 1-0 {White wins by adjudication}
Started game 993 of 3000 (cand-dedddf6 vs ref-248b6e2)
Finished game 983 (cand-dedddf6 vs ref-248b6e2): 1/2-1/2 {Draw by 3-fold repetition}
Started game 994 of 3000 (ref-248b6e2 vs cand-dedddf6)
Finished game 974 (ref-248b6e2 vs cand-dedddf6): 1/2-1/2 {Draw by fifty moves rule}
Started game 995 of 3000 (cand-dedddf6 vs ref-248b6e2)
Finished game 987 (cand-dedddf6 vs ref-248b6e2): 1-0 {White wins by adjudication}
Started game 996 of 3000 (ref-248b6e2 vs cand-dedddf6)
Finished game 984 (ref-248b6e2 vs cand-dedddf6): 0-1 {Black wins by adjudication}
Started game 997 of 3000 (cand-dedddf6 vs ref-248b6e2)
Finished game 985 (cand-dedddf6 vs ref-248b6e2): 1-0 {White wins by adjudication}
Started game 998 of 3000 (ref-248b6e2 vs cand-dedddf6)
Finished game 988 (ref-248b6e2 vs cand-dedddf6): 1-0 {White wins by adjudication}
Started game 999 of 3000 (cand-dedddf6 vs ref-248b6e2)
Finished game 991 (cand-dedddf6 vs ref-248b6e2): 1/2-1/2 {Draw by 3-fold repetition}
Started game 1000 of 3000 (ref-248b6e2 vs cand-dedddf6)
Finished game 989 (cand-dedddf6 vs ref-248b6e2): 0-1 {Black wins by adjudication}
Started game 1001 of 3000 (cand-dedddf6 vs ref-248b6e2)
Finished game 992 (ref-248b6e2 vs cand-dedddf6): 0-1 {Black wins by adjudication}
Started game 1002 of 3000 (ref-248b6e2 vs cand-dedddf6)
Finished game 990 (ref-248b6e2 vs cand-dedddf6): 1-0 {White wins by adjudication}
Started game 1003 of 3000 (cand-dedddf6 vs ref-248b6e2)
Finished game 994 (ref-248b6e2 vs cand-dedddf6): 0-1 {Black wins by adjudication}
Started game 1004 of 3000 (ref-248b6e2 vs cand-dedddf6)
Finished game 995 (cand-dedddf6 vs ref-248b6e2): 0-1 {Black wins by adjudication}
Started game 1005 of 3000 (cand-dedddf6 vs ref-248b6e2)
Finished game 996 (ref-248b6e2 vs cand-dedddf6): 0-1 {Black wins by adjudication}
Started game 1006 of 3000 (ref-248b6e2 vs cand-dedddf6)
Finished game 993 (cand-dedddf6 vs ref-248b6e2): 0-1 {Black wins by adjudication}
Started game 1007 of 3000 (cand-dedddf6 vs ref-248b6e2)
Finished game 997 (cand-dedddf6 vs ref-248b6e2): 1-0 {White wins by adjudication}
Started game 1008 of 3000 (ref-248b6e2 vs cand-dedddf6)
Finished game 999 (cand-dedddf6 vs ref-248b6e2): 1-0 {White wins by adjudication}
Started game 1009 of 3000 (cand-dedddf6 vs ref-248b6e2)
Finished game 986 (ref-248b6e2 vs cand-dedddf6): 1/2-1/2 {Draw by fifty moves rule}
Started game 1010 of 3000 (ref-248b6e2 vs cand-dedddf6)
Finished game 998 (ref-248b6e2 vs cand-dedddf6): 1/2-1/2 {Draw by 3-fold repetition}
Started game 1011 of 3000 (cand-dedddf6 vs ref-248b6e2)
Finished game 1000 (ref-248b6e2 vs cand-dedddf6): 0-1 {Black wins by adjudication}
--------------------------------------------------
Results of cand-dedddf6 vs ref-248b6e2 (8+0.08, 1t, 16MB, noob_3moves.epd):
Elo: 2.08 +/- 15.86, nElo: 2.83 +/- 21.53
LOS: 60.17 %, DrawRatio: 35.40 %, PairsRatio: 1.07
Games: 1000, Wins: 309, Losses: 303, Draws: 388, Points: 503.0 (50.30 %)
Ptnml(0-2): [39, 117, 177, 133, 34], WL/DD Ratio: 1.57
--------------------------------------------------
Started game 1012 of 3000 (ref-248b6e2 vs cand-dedddf6)
Finished game 1001 (cand-dedddf6 vs ref-248b6e2): 0-1 {Black wins by adjudication}
Started game 1013 of 3000 (cand-dedddf6 vs ref-248b6e2)
Finished game 1002 (ref-248b6e2 vs cand-dedddf6): 0-1 {Black wins by adjudication}
Started game 1014 of 3000 (ref-248b6e2 vs cand-dedddf6)
Finished game 1005 (cand-dedddf6 vs ref-248b6e2): 0-1 {Black wins by adjudication}
Started game 1015 of 3000 (cand-dedddf6 vs ref-248b6e2)
Finished game 1003 (cand-dedddf6 vs ref-248b6e2): 1-0 {White wins by adjudication}
Started game 1016 of 3000 (ref-248b6e2 vs cand-dedddf6)
Finished game 1004 (ref-248b6e2 vs cand-dedddf6): 1/2-1/2 {Draw by adjudication}
Started game 1017 of 3000 (cand-dedddf6 vs ref-248b6e2)
Finished game 1008 (ref-248b6e2 vs cand-dedddf6): 1/2-1/2 {Draw by 3-fold repetition}
Started game 1018 of 3000 (ref-248b6e2 vs cand-dedddf6)
Finished game 1010 (ref-248b6e2 vs cand-dedddf6): 1/2-1/2 {Draw by 3-fold repetition}
Started game 1019 of 3000 (cand-dedddf6 vs ref-248b6e2)
Finished game 1009 (cand-dedddf6 vs ref-248b6e2): 0-1 {Black wins by adjudication}
Started game 1020 of 3000 (ref-248b6e2 vs cand-dedddf6)
Finished game 1012 (ref-248b6e2 vs cand-dedddf6): 0-1 {Black wins by adjudication}
Started game 1021 of 3000 (cand-dedddf6 vs ref-248b6e2)
Finished game 1013 (cand-dedddf6 vs ref-248b6e2): 1-0 {White wins by adjudication}
Started game 1022 of 3000 (ref-248b6e2 vs cand-dedddf6)
Finished game 1006 (ref-248b6e2 vs cand-dedddf6): 0-1 {Black wins by adjudication}
Started game 1023 of 3000 (cand-dedddf6 vs ref-248b6e2)
Finished game 1007 (cand-dedddf6 vs ref-248b6e2): 1/2-1/2 {Draw by adjudication}
Started game 1024 of 3000 (ref-248b6e2 vs cand-dedddf6)
Finished game 1011 (cand-dedddf6 vs ref-248b6e2): 1/2-1/2 {Draw by adjudication}
Started game 1025 of 3000 (cand-dedddf6 vs ref-248b6e2)
Finished game 1015 (cand-dedddf6 vs ref-248b6e2): 1-0 {White wins by adjudication}
Started game 1026 of 3000 (ref-248b6e2 vs cand-dedddf6)
Finished game 1014 (ref-248b6e2 vs cand-dedddf6): 0-1 {Black wins by adjudication}
Started game 1027 of 3000 (cand-dedddf6 vs ref-248b6e2)
Finished game 1016 (ref-248b6e2 vs cand-dedddf6): 1-0 {White wins by adjudication}
Started game 1028 of 3000 (ref-248b6e2 vs cand-dedddf6)
Finished game 1019 (cand-dedddf6 vs ref-248b6e2): 1/2-1/2 {Draw by 3-fold repetition}
Started game 1029 of 3000 (cand-dedddf6 vs ref-248b6e2)
Finished game 1023 (cand-dedddf6 vs ref-248b6e2): 1-0 {White wins by adjudication}
Started game 1030 of 3000 (ref-248b6e2 vs cand-dedddf6)
Finished game 1018 (ref-248b6e2 vs cand-dedddf6): 0-1 {Black wins by adjudication}
Started game 1031 of 3000 (cand-dedddf6 vs ref-248b6e2)
Finished game 1020 (ref-248b6e2 vs cand-dedddf6): 1-0 {White wins by adjudication}
--------------------------------------------------
Results of cand-dedddf6 vs ref-248b6e2 (8+0.08, 1t, 16MB, noob_3moves.epd):
Elo: 2.73 +/- 15.70, nElo: 3.71 +/- 21.34
LOS: 63.35 %, DrawRatio: 35.56 %, PairsRatio: 1.08
Games: 1018, Wins: 316, Losses: 308, Draws: 394, Points: 513.0 (50.39 %)
Ptnml(0-2): [39, 119, 181, 135, 35], WL/DD Ratio: 1.59
--------------------------------------------------
Started game 1032 of 3000 (ref-248b6e2 vs cand-dedddf6)
Finished game 1029 (cand-dedddf6 vs ref-248b6e2): 1/2-1/2 {Draw by 3-fold repetition}
Started game 1033 of 3000 (cand-dedddf6 vs ref-248b6e2)
Finished game 1024 (ref-248b6e2 vs cand-dedddf6): 0-1 {Black wins by adjudication}
Started game 1034 of 3000 (ref-248b6e2 vs cand-dedddf6)
Finished game 1026 (ref-248b6e2 vs cand-dedddf6): 1-0 {White wins by adjudication}
Started game 1035 of 3000 (cand-dedddf6 vs ref-248b6e2)
Finished game 1021 (cand-dedddf6 vs ref-248b6e2): 0-1 {Black wins by adjudication}
Started game 1036 of 3000 (ref-248b6e2 vs cand-dedddf6)
Finished game 1017 (cand-dedddf6 vs ref-248b6e2): 1/2-1/2 {Draw by insufficient mating material}
Started game 1037 of 3000 (cand-dedddf6 vs ref-248b6e2)
Finished game 1027 (cand-dedddf6 vs ref-248b6e2): 1-0 {White wins by adjudication}
Started game 1038 of 3000 (ref-248b6e2 vs cand-dedddf6)
Finished game 1025 (cand-dedddf6 vs ref-248b6e2): 0-1 {Black wins by adjudication}
Started game 1039 of 3000 (cand-dedddf6 vs ref-248b6e2)
Finished game 1030 (ref-248b6e2 vs cand-dedddf6): 1/2-1/2 {Draw by 3-fold repetition}
Started game 1040 of 3000 (ref-248b6e2 vs cand-dedddf6)
Finished game 1032 (ref-248b6e2 vs cand-dedddf6): 1/2-1/2 {Draw by 3-fold repetition}
Started game 1041 of 3000 (cand-dedddf6 vs ref-248b6e2)
Finished game 1035 (cand-dedddf6 vs ref-248b6e2): 1-0 {White wins by adjudication}
Started game 1042 of 3000 (ref-248b6e2 vs cand-dedddf6)
Finished game 1022 (ref-248b6e2 vs cand-dedddf6): 1/2-1/2 {Draw by 3-fold repetition}
Started game 1043 of 3000 (cand-dedddf6 vs ref-248b6e2)
Finished game 1033 (cand-dedddf6 vs ref-248b6e2): 1/2-1/2 {Draw by 3-fold repetition}
Started game 1044 of 3000 (ref-248b6e2 vs cand-dedddf6)
Finished game 1036 (ref-248b6e2 vs cand-dedddf6): 1-0 {White wins by adjudication}
Started game 1045 of 3000 (cand-dedddf6 vs ref-248b6e2)
Finished game 1031 (cand-dedddf6 vs ref-248b6e2): 1/2-1/2 {Draw by 3-fold repetition}
Started game 1046 of 3000 (ref-248b6e2 vs cand-dedddf6)
Finished game 1038 (ref-248b6e2 vs cand-dedddf6): 0-1 {Black wins by adjudication}
Started game 1047 of 3000 (cand-dedddf6 vs ref-248b6e2)
Finished game 1028 (ref-248b6e2 vs cand-dedddf6): 1/2-1/2 {Draw by insufficient mating material}
Started game 1048 of 3000 (ref-248b6e2 vs cand-dedddf6)
Finished game 1039 (cand-dedddf6 vs ref-248b6e2): 1-0 {White wins by adjudication}
Started game 1049 of 3000 (cand-dedddf6 vs ref-248b6e2)
Finished game 1034 (ref-248b6e2 vs cand-dedddf6): 1/2-1/2 {Draw by 3-fold repetition}
Started game 1050 of 3000 (ref-248b6e2 vs cand-dedddf6)
Finished game 1040 (ref-248b6e2 vs cand-dedddf6): 1/2-1/2 {Draw by 3-fold repetition}
--------------------------------------------------
Results of cand-dedddf6 vs ref-248b6e2 (8+0.08, 1t, 16MB, noob_3moves.epd):
Elo: 3.35 +/- 15.56, nElo: 4.55 +/- 21.14
LOS: 66.34 %, DrawRatio: 35.65 %, PairsRatio: 1.09
Games: 1038, Wins: 322, Losses: 312, Draws: 404, Points: 524.0 (50.48 %)
Ptnml(0-2): [40, 120, 185, 138, 36], WL/DD Ratio: 1.53
--------------------------------------------------
Started game 1051 of 3000 (cand-dedddf6 vs ref-248b6e2)
Finished game 1042 (ref-248b6e2 vs cand-dedddf6): 1-0 {White wins by adjudication}
Started game 1052 of 3000 (ref-248b6e2 vs cand-dedddf6)
Finished game 1041 (cand-dedddf6 vs ref-248b6e2): 1/2-1/2 {Draw by 3-fold repetition}
Started game 1053 of 3000 (cand-dedddf6 vs ref-248b6e2)
Finished game 1044 (ref-248b6e2 vs cand-dedddf6): 1-0 {White wins by adjudication}
Started game 1054 of 3000 (ref-248b6e2 vs cand-dedddf6)
Finished game 1043 (cand-dedddf6 vs ref-248b6e2): 0-1 {Black wins by adjudication}
Started game 1055 of 3000 (cand-dedddf6 vs ref-248b6e2)
Finished game 1045 (cand-dedddf6 vs ref-248b6e2): 1-0 {White wins by adjudication}
Started game 1056 of 3000 (ref-248b6e2 vs cand-dedddf6)
Finished game 1037 (cand-dedddf6 vs ref-248b6e2): 1/2-1/2 {Draw by fifty moves rule}
Started game 1057 of 3000 (cand-dedddf6 vs ref-248b6e2)
Finished game 1046 (ref-248b6e2 vs cand-dedddf6): 1/2-1/2 {Draw by 3-fold repetition}
Started game 1058 of 3000 (ref-248b6e2 vs cand-dedddf6)
Finished game 1048 (ref-248b6e2 vs cand-dedddf6): 0-1 {Black wins by adjudication}
Started game 1059 of 3000 (cand-dedddf6 vs ref-248b6e2)
Finished game 1049 (cand-dedddf6 vs ref-248b6e2): 1/2-1/2 {Draw by adjudication}
Started game 1060 of 3000 (ref-248b6e2 vs cand-dedddf6)
Finished game 1055 (cand-dedddf6 vs ref-248b6e2): 1-0 {White wins by adjudication}
Started game 1061 of 3000 (cand-dedddf6 vs ref-248b6e2)
Finished game 1050 (ref-248b6e2 vs cand-dedddf6): 0-1 {Black wins by adjudication}
Started game 1062 of 3000 (ref-248b6e2 vs cand-dedddf6)
Finished game 1047 (cand-dedddf6 vs ref-248b6e2): 1/2-1/2 {Draw by 3-fold repetition}
Started game 1063 of 3000 (cand-dedddf6 vs ref-248b6e2)
Finished game 1052 (ref-248b6e2 vs cand-dedddf6): 1-0 {White wins by adjudication}
Started game 1064 of 3000 (ref-248b6e2 vs cand-dedddf6)
Finished game 1054 (ref-248b6e2 vs cand-dedddf6): 1/2-1/2 {Draw by adjudication}
Started game 1065 of 3000 (cand-dedddf6 vs ref-248b6e2)
Finished game 1053 (cand-dedddf6 vs ref-248b6e2): 0-1 {Black wins by adjudication}
Started game 1066 of 3000 (ref-248b6e2 vs cand-dedddf6)
Finished game 1057 (cand-dedddf6 vs ref-248b6e2): 0-1 {Black wins by adjudication}
Started game 1067 of 3000 (cand-dedddf6 vs ref-248b6e2)
Finished game 1058 (ref-248b6e2 vs cand-dedddf6): 1-0 {White wins by adjudication}
Started game 1068 of 3000 (ref-248b6e2 vs cand-dedddf6)
Finished game 1059 (cand-dedddf6 vs ref-248b6e2): 1-0 {White wins by adjudication}
Started game 1069 of 3000 (cand-dedddf6 vs ref-248b6e2)
Finished game 1061 (cand-dedddf6 vs ref-248b6e2): 0-1 {Black wins by adjudication}
Started game 1070 of 3000 (ref-248b6e2 vs cand-dedddf6)
Finished game 1051 (cand-dedddf6 vs ref-248b6e2): 1/2-1/2 {Draw by insufficient mating material}
Started game 1071 of 3000 (cand-dedddf6 vs ref-248b6e2)
Finished game 1062 (ref-248b6e2 vs cand-dedddf6): 0-1 {Black wins by adjudication}
Started game 1072 of 3000 (ref-248b6e2 vs cand-dedddf6)
Finished game 1060 (ref-248b6e2 vs cand-dedddf6): 1-0 {White wins by adjudication}
--------------------------------------------------
Results of cand-dedddf6 vs ref-248b6e2 (8+0.08, 1t, 16MB, noob_3moves.epd):
Elo: 2.29 +/- 15.44, nElo: 3.11 +/- 20.92
LOS: 61.46 %, DrawRatio: 35.28 %, PairsRatio: 1.08
Games: 1060, Wins: 328, Losses: 321, Draws: 411, Points: 533.5 (50.33 %)
Ptnml(0-2): [42, 123, 187, 142, 36], WL/DD Ratio: 1.56
--------------------------------------------------
Started game 1073 of 3000 (cand-dedddf6 vs ref-248b6e2)
Finished game 1056 (ref-248b6e2 vs cand-dedddf6): 1/2-1/2 {Draw by adjudication}
Started game 1074 of 3000 (ref-248b6e2 vs cand-dedddf6)
Finished game 1066 (ref-248b6e2 vs cand-dedddf6): 1-0 {White wins by adjudication}
Started game 1075 of 3000 (cand-dedddf6 vs ref-248b6e2)
Finished game 1065 (cand-dedddf6 vs ref-248b6e2): 1-0 {White wins by adjudication}
Started game 1076 of 3000 (ref-248b6e2 vs cand-dedddf6)
Finished game 1064 (ref-248b6e2 vs cand-dedddf6): 1-0 {White wins by adjudication}
Started game 1077 of 3000 (cand-dedddf6 vs ref-248b6e2)
Finished game 1067 (cand-dedddf6 vs ref-248b6e2): 0-1 {Black wins by adjudication}
Started game 1078 of 3000 (ref-248b6e2 vs cand-dedddf6)
Finished game 1063 (cand-dedddf6 vs ref-248b6e2): 1/2-1/2 {Draw by adjudication}
Started game 1079 of 3000 (cand-dedddf6 vs ref-248b6e2)
Finished game 1069 (cand-dedddf6 vs ref-248b6e2): 1-0 {White wins by adjudication}
Started game 1080 of 3000 (ref-248b6e2 vs cand-dedddf6)
Finished game 1068 (ref-248b6e2 vs cand-dedddf6): 0-1 {Black wins by adjudication}
Started game 1081 of 3000 (cand-dedddf6 vs ref-248b6e2)
Finished game 1073 (cand-dedddf6 vs ref-248b6e2): 1-0 {White wins by adjudication}
Started game 1082 of 3000 (ref-248b6e2 vs cand-dedddf6)
Finished game 1071 (cand-dedddf6 vs ref-248b6e2): 1/2-1/2 {Draw by 3-fold repetition}
Started game 1083 of 3000 (cand-dedddf6 vs ref-248b6e2)
Finished game 1076 (ref-248b6e2 vs cand-dedddf6): 0-1 {Black wins by adjudication}
Started game 1084 of 3000 (ref-248b6e2 vs cand-dedddf6)
Finished game 1074 (ref-248b6e2 vs cand-dedddf6): 1-0 {White wins by adjudication}
Started game 1085 of 3000 (cand-dedddf6 vs ref-248b6e2)
Finished game 1077 (cand-dedddf6 vs ref-248b6e2): 1/2-1/2 {Draw by 3-fold repetition}
Started game 1086 of 3000 (ref-248b6e2 vs cand-dedddf6)
Finished game 1070 (ref-248b6e2 vs cand-dedddf6): 1/2-1/2 {Draw by adjudication}
Started game 1087 of 3000 (cand-dedddf6 vs ref-248b6e2)
Finished game 1075 (cand-dedddf6 vs ref-248b6e2): 1/2-1/2 {Draw by 3-fold repetition}
Started game 1088 of 3000 (ref-248b6e2 vs cand-dedddf6)
Finished game 1072 (ref-248b6e2 vs cand-dedddf6): 0-1 {Black wins by adjudication}
Started game 1089 of 3000 (cand-dedddf6 vs ref-248b6e2)
Finished game 1079 (cand-dedddf6 vs ref-248b6e2): 1-0 {White wins by adjudication}
Started game 1090 of 3000 (ref-248b6e2 vs cand-dedddf6)
Finished game 1078 (ref-248b6e2 vs cand-dedddf6): 1/2-1/2 {Draw by 3-fold repetition}
Started game 1091 of 3000 (cand-dedddf6 vs ref-248b6e2)
Finished game 1081 (cand-dedddf6 vs ref-248b6e2): 1/2-1/2 {Draw by 3-fold repetition}
Started game 1092 of 3000 (ref-248b6e2 vs cand-dedddf6)
Finished game 1080 (ref-248b6e2 vs cand-dedddf6): 0-1 {Black wins by adjudication}
--------------------------------------------------
Results of cand-dedddf6 vs ref-248b6e2 (8+0.08, 1t, 16MB, noob_3moves.epd):
Elo: 3.86 +/- 15.27, nElo: 5.24 +/- 20.72
LOS: 69.00 %, DrawRatio: 35.37 %, PairsRatio: 1.10
Games: 1080, Wins: 337, Losses: 325, Draws: 418, Points: 546.0 (50.56 %)
Ptnml(0-2): [42, 124, 191, 146, 37], WL/DD Ratio: 1.58
--------------------------------------------------
Started game 1093 of 3000 (cand-dedddf6 vs ref-248b6e2)
Finished game 1084 (ref-248b6e2 vs cand-dedddf6): 1/2-1/2 {Draw by 3-fold repetition}
Started game 1094 of 3000 (ref-248b6e2 vs cand-dedddf6)
Finished game 1082 (ref-248b6e2 vs cand-dedddf6): 1/2-1/2 {Draw by insufficient mating material}
Started game 1095 of 3000 (cand-dedddf6 vs ref-248b6e2)
Finished game 1088 (ref-248b6e2 vs cand-dedddf6): 1/2-1/2 {Draw by 3-fold repetition}
Started game 1096 of 3000 (ref-248b6e2 vs cand-dedddf6)
Finished game 1086 (ref-248b6e2 vs cand-dedddf6): 1-0 {White wins by adjudication}
Started game 1097 of 3000 (cand-dedddf6 vs ref-248b6e2)
Finished game 1083 (cand-dedddf6 vs ref-248b6e2): 1/2-1/2 {Draw by insufficient mating material}
Started game 1098 of 3000 (ref-248b6e2 vs cand-dedddf6)
Finished game 1085 (cand-dedddf6 vs ref-248b6e2): 0-1 {Black wins by adjudication}
Started game 1099 of 3000 (cand-dedddf6 vs ref-248b6e2)
Finished game 1087 (cand-dedddf6 vs ref-248b6e2): 1/2-1/2 {Draw by 3-fold repetition}
Started game 1100 of 3000 (ref-248b6e2 vs cand-dedddf6)
Finished game 1092 (ref-248b6e2 vs cand-dedddf6): 0-1 {Black wins by adjudication}
Started game 1101 of 3000 (cand-dedddf6 vs ref-248b6e2)
Finished game 1093 (cand-dedddf6 vs ref-248b6e2): 1/2-1/2 {Draw by insufficient mating material}
Started game 1102 of 3000 (ref-248b6e2 vs cand-dedddf6)
Finished game 1090 (ref-248b6e2 vs cand-dedddf6): 1/2-1/2 {Draw by 3-fold repetition}
Started game 1103 of 3000 (cand-dedddf6 vs ref-248b6e2)
Finished game 1089 (cand-dedddf6 vs ref-248b6e2): 1/2-1/2 {Draw by 3-fold repetition}
Started game 1104 of 3000 (ref-248b6e2 vs cand-dedddf6)
Finished game 1094 (ref-248b6e2 vs cand-dedddf6): 1/2-1/2 {Draw by 3-fold repetition}
Started game 1105 of 3000 (cand-dedddf6 vs ref-248b6e2)
Finished game 1091 (cand-dedddf6 vs ref-248b6e2): 1/2-1/2 {Draw by adjudication}
Started game 1106 of 3000 (ref-248b6e2 vs cand-dedddf6)
Finished game 1099 (cand-dedddf6 vs ref-248b6e2): 1-0 {White wins by adjudication}
Started game 1107 of 3000 (cand-dedddf6 vs ref-248b6e2)
Finished game 1098 (ref-248b6e2 vs cand-dedddf6): 0-1 {Black wins by adjudication}
Started game 1108 of 3000 (ref-248b6e2 vs cand-dedddf6)
Finished game 1096 (ref-248b6e2 vs cand-dedddf6): 1-0 {White wins by adjudication}
Started game 1109 of 3000 (cand-dedddf6 vs ref-248b6e2)
Finished game 1097 (cand-dedddf6 vs ref-248b6e2): 1-0 {White wins by adjudication}
Started game 1110 of 3000 (ref-248b6e2 vs cand-dedddf6)
Finished game 1101 (cand-dedddf6 vs ref-248b6e2): 1/2-1/2 {Draw by 3-fold repetition}
Started game 1111 of 3000 (cand-dedddf6 vs ref-248b6e2)
Finished game 1095 (cand-dedddf6 vs ref-248b6e2): 1/2-1/2 {Draw by 3-fold repetition}
Started game 1112 of 3000 (ref-248b6e2 vs cand-dedddf6)
Finished game 1100 (ref-248b6e2 vs cand-dedddf6): 1/2-1/2 {Draw by adjudication}
--------------------------------------------------
Results of cand-dedddf6 vs ref-248b6e2 (8+0.08, 1t, 16MB, noob_3moves.epd):
Elo: 4.11 +/- 15.13, nElo: 5.58 +/- 20.53
LOS: 70.27 %, DrawRatio: 35.64 %, PairsRatio: 1.11
Games: 1100, Wins: 341, Losses: 328, Draws: 431, Points: 556.5 (50.59 %)
Ptnml(0-2): [43, 125, 196, 148, 38], WL/DD Ratio: 1.48
--------------------------------------------------
Started game 1113 of 3000 (cand-dedddf6 vs ref-248b6e2)
Finished game 1102 (ref-248b6e2 vs cand-dedddf6): 0-1 {Black wins by adjudication}
Started game 1114 of 3000 (ref-248b6e2 vs cand-dedddf6)
Finished game 1103 (cand-dedddf6 vs ref-248b6e2): 1/2-1/2 {Draw by 3-fold repetition}
Started game 1115 of 3000 (cand-dedddf6 vs ref-248b6e2)
Finished game 1107 (cand-dedddf6 vs ref-248b6e2): 1-0 {White wins by adjudication}
Started game 1116 of 3000 (ref-248b6e2 vs cand-dedddf6)
Finished game 1106 (ref-248b6e2 vs cand-dedddf6): 1-0 {White wins by adjudication}
Started game 1117 of 3000 (cand-dedddf6 vs ref-248b6e2)
Finished game 1105 (cand-dedddf6 vs ref-248b6e2): 1/2-1/2 {Draw by 3-fold repetition}
Started game 1118 of 3000 (ref-248b6e2 vs cand-dedddf6)
Finished game 1104 (ref-248b6e2 vs cand-dedddf6): 1-0 {White wins by adjudication}
Started game 1119 of 3000 (cand-dedddf6 vs ref-248b6e2)
Finished game 1111 (cand-dedddf6 vs ref-248b6e2): 1-0 {White wins by adjudication}
Started game 1120 of 3000 (ref-248b6e2 vs cand-dedddf6)
Finished game 1108 (ref-248b6e2 vs cand-dedddf6): 1/2-1/2 {Draw by 3-fold repetition}
Started game 1121 of 3000 (cand-dedddf6 vs ref-248b6e2)
Finished game 1114 (ref-248b6e2 vs cand-dedddf6): 1-0 {White wins by adjudication}
Started game 1122 of 3000 (ref-248b6e2 vs cand-dedddf6)
Finished game 1109 (cand-dedddf6 vs ref-248b6e2): 0-1 {Black wins by adjudication}
Started game 1123 of 3000 (cand-dedddf6 vs ref-248b6e2)
Finished game 1110 (ref-248b6e2 vs cand-dedddf6): 1-0 {White wins by adjudication}
Started game 1124 of 3000 (ref-248b6e2 vs cand-dedddf6)
Finished game 1112 (ref-248b6e2 vs cand-dedddf6): 0-1 {Black wins by adjudication}
Started game 1125 of 3000 (cand-dedddf6 vs ref-248b6e2)
Finished game 1113 (cand-dedddf6 vs ref-248b6e2): 1/2-1/2 {Draw by 3-fold repetition}
Started game 1126 of 3000 (ref-248b6e2 vs cand-dedddf6)
Finished game 1121 (cand-dedddf6 vs ref-248b6e2): 1/2-1/2 {Draw by 3-fold repetition}
Started game 1127 of 3000 (cand-dedddf6 vs ref-248b6e2)
Finished game 1115 (cand-dedddf6 vs ref-248b6e2): 0-1 {Black wins by adjudication}
Started game 1128 of 3000 (ref-248b6e2 vs cand-dedddf6)
Finished game 1117 (cand-dedddf6 vs ref-248b6e2): 1/2-1/2 {Draw by insufficient mating material}
Started game 1129 of 3000 (cand-dedddf6 vs ref-248b6e2)
Finished game 1119 (cand-dedddf6 vs ref-248b6e2): 1/2-1/2 {Draw by 3-fold repetition}
Started game 1130 of 3000 (ref-248b6e2 vs cand-dedddf6)
Finished game 1116 (ref-248b6e2 vs cand-dedddf6): 0-1 {Black wins by adjudication}
Started game 1131 of 3000 (cand-dedddf6 vs ref-248b6e2)
Finished game 1125 (cand-dedddf6 vs ref-248b6e2): 1/2-1/2 {Draw by 3-fold repetition}
Started game 1132 of 3000 (ref-248b6e2 vs cand-dedddf6)
Finished game 1120 (ref-248b6e2 vs cand-dedddf6): 1-0 {White wins by adjudication}
--------------------------------------------------
Results of cand-dedddf6 vs ref-248b6e2 (8+0.08, 1t, 16MB, noob_3moves.epd):
Elo: 3.42 +/- 15.06, nElo: 4.62 +/- 20.37
LOS: 67.19 %, DrawRatio: 35.24 %, PairsRatio: 1.09
Games: 1118, Wins: 346, Losses: 335, Draws: 437, Points: 564.5 (50.49 %)
Ptnml(0-2): [44, 129, 197, 150, 39], WL/DD Ratio: 1.49
--------------------------------------------------
Started game 1133 of 3000 (cand-dedddf6 vs ref-248b6e2)
Finished game 1118 (ref-248b6e2 vs cand-dedddf6): 1/2-1/2 {Draw by insufficient mating material}
Started game 1134 of 3000 (ref-248b6e2 vs cand-dedddf6)
Finished game 1124 (ref-248b6e2 vs cand-dedddf6): 1-0 {White wins by adjudication}
Started game 1135 of 3000 (cand-dedddf6 vs ref-248b6e2)
Finished game 1123 (cand-dedddf6 vs ref-248b6e2): 1/2-1/2 {Draw by 3-fold repetition}
Started game 1136 of 3000 (ref-248b6e2 vs cand-dedddf6)
Finished game 1122 (ref-248b6e2 vs cand-dedddf6): 0-1 {Black wins by adjudication}
Started game 1137 of 3000 (cand-dedddf6 vs ref-248b6e2)
Finished game 1128 (ref-248b6e2 vs cand-dedddf6): 1-0 {White wins by adjudication}
Started game 1138 of 3000 (ref-248b6e2 vs cand-dedddf6)
Finished game 1127 (cand-dedddf6 vs ref-248b6e2): 1-0 {White wins by adjudication}
Started game 1139 of 3000 (cand-dedddf6 vs ref-248b6e2)
Finished game 1126 (ref-248b6e2 vs cand-dedddf6): 1-0 {White wins by adjudication}
Started game 1140 of 3000 (ref-248b6e2 vs cand-dedddf6)
Finished game 1135 (cand-dedddf6 vs ref-248b6e2): 0-1 {Black wins by adjudication}
Started game 1141 of 3000 (cand-dedddf6 vs ref-248b6e2)
Finished game 1131 (cand-dedddf6 vs ref-248b6e2): 1-0 {White wins by adjudication}
Started game 1142 of 3000 (ref-248b6e2 vs cand-dedddf6)
Finished game 1132 (ref-248b6e2 vs cand-dedddf6): 0-1 {Black wins by adjudication}
Started game 1143 of 3000 (cand-dedddf6 vs ref-248b6e2)
Finished game 1130 (ref-248b6e2 vs cand-dedddf6): 1/2-1/2 {Draw by adjudication}
Started game 1144 of 3000 (ref-248b6e2 vs cand-dedddf6)
Finished game 1136 (ref-248b6e2 vs cand-dedddf6): 1-0 {White wins by adjudication}
Started game 1145 of 3000 (cand-dedddf6 vs ref-248b6e2)
Finished game 1129 (cand-dedddf6 vs ref-248b6e2): 1/2-1/2 {Draw by 3-fold repetition}
Started game 1146 of 3000 (ref-248b6e2 vs cand-dedddf6)
Finished game 1138 (ref-248b6e2 vs cand-dedddf6): 0-1 {Black wins by adjudication}
Started game 1147 of 3000 (cand-dedddf6 vs ref-248b6e2)
Finished game 1134 (ref-248b6e2 vs cand-dedddf6): 1-0 {White wins by adjudication}
Started game 1148 of 3000 (ref-248b6e2 vs cand-dedddf6)
Finished game 1139 (cand-dedddf6 vs ref-248b6e2): 1-0 {White wins by adjudication}
Started game 1149 of 3000 (cand-dedddf6 vs ref-248b6e2)
Finished game 1140 (ref-248b6e2 vs cand-dedddf6): 0-1 {Black wins by adjudication}
--------------------------------------------------
Results of cand-dedddf6 vs ref-248b6e2 (8+0.08, 1t, 16MB, noob_3moves.epd):
Elo: 3.67 +/- 15.01, nElo: 4.95 +/- 20.20
LOS: 68.43 %, DrawRatio: 35.21 %, PairsRatio: 1.09
Games: 1136, Wins: 352, Losses: 340, Draws: 444, Points: 574.0 (50.53 %)
Ptnml(0-2): [45, 131, 200, 151, 41], WL/DD Ratio: 1.47
--------------------------------------------------
Started game 1150 of 3000 (ref-248b6e2 vs cand-dedddf6)
Finished game 1137 (cand-dedddf6 vs ref-248b6e2): 1-0 {White wins by adjudication}
Started game 1151 of 3000 (cand-dedddf6 vs ref-248b6e2)
Finished game 1133 (cand-dedddf6 vs ref-248b6e2): 1/2-1/2 {Draw by adjudication}
Started game 1152 of 3000 (ref-248b6e2 vs cand-dedddf6)
Finished game 1141 (cand-dedddf6 vs ref-248b6e2): 1-0 {White wins by adjudication}
Started game 1153 of 3000 (cand-dedddf6 vs ref-248b6e2)
Finished game 1142 (ref-248b6e2 vs cand-dedddf6): 1-0 {White wins by adjudication}
Started game 1154 of 3000 (ref-248b6e2 vs cand-dedddf6)
Finished game 1148 (ref-248b6e2 vs cand-dedddf6): 1-0 {White wins by adjudication}
Started game 1155 of 3000 (cand-dedddf6 vs ref-248b6e2)
Finished game 1147 (cand-dedddf6 vs ref-248b6e2): 1-0 {White wins by adjudication}
Started game 1156 of 3000 (ref-248b6e2 vs cand-dedddf6)
Finished game 1145 (cand-dedddf6 vs ref-248b6e2): 0-1 {Black wins by adjudication}
Started game 1157 of 3000 (cand-dedddf6 vs ref-248b6e2)
Finished game 1151 (cand-dedddf6 vs ref-248b6e2): 0-1 {Black wins by adjudication}
Started game 1158 of 3000 (ref-248b6e2 vs cand-dedddf6)
Finished game 1146 (ref-248b6e2 vs cand-dedddf6): 1/2-1/2 {Draw by insufficient mating material}
Started game 1159 of 3000 (cand-dedddf6 vs ref-248b6e2)
Finished game 1143 (cand-dedddf6 vs ref-248b6e2): 1/2-1/2 {Draw by adjudication}
Started game 1160 of 3000 (ref-248b6e2 vs cand-dedddf6)
Finished game 1153 (cand-dedddf6 vs ref-248b6e2): 0-1 {Black wins by adjudication}
Started game 1161 of 3000 (cand-dedddf6 vs ref-248b6e2)
Finished game 1149 (cand-dedddf6 vs ref-248b6e2): 1/2-1/2 {Draw by insufficient mating material}
Started game 1162 of 3000 (ref-248b6e2 vs cand-dedddf6)
Finished game 1156 (ref-248b6e2 vs cand-dedddf6): 1-0 {White wins by adjudication}
Started game 1163 of 3000 (cand-dedddf6 vs ref-248b6e2)
Finished game 1144 (ref-248b6e2 vs cand-dedddf6): 1/2-1/2 {Draw by insufficient mating material}
Started game 1164 of 3000 (ref-248b6e2 vs cand-dedddf6)
Finished game 1152 (ref-248b6e2 vs cand-dedddf6): 1-0 {White wins by adjudication}
Started game 1165 of 3000 (cand-dedddf6 vs ref-248b6e2)
Finished game 1155 (cand-dedddf6 vs ref-248b6e2): 0-1 {Black wins by adjudication}
Started game 1166 of 3000 (ref-248b6e2 vs cand-dedddf6)
Finished game 1150 (ref-248b6e2 vs cand-dedddf6): 1/2-1/2 {Draw by adjudication}
Started game 1167 of 3000 (cand-dedddf6 vs ref-248b6e2)
Finished game 1157 (cand-dedddf6 vs ref-248b6e2): 1/2-1/2 {Draw by 3-fold repetition}
Started game 1168 of 3000 (ref-248b6e2 vs cand-dedddf6)
Finished game 1154 (ref-248b6e2 vs cand-dedddf6): 1-0 {White wins by adjudication}
Started game 1169 of 3000 (cand-dedddf6 vs ref-248b6e2)
Finished game 1160 (ref-248b6e2 vs cand-dedddf6): 0-1 {Black wins by adjudication}
Started game 1170 of 3000 (ref-248b6e2 vs cand-dedddf6)
Finished game 1158 (ref-248b6e2 vs cand-dedddf6): 0-1 {Black wins by adjudication}
Started game 1171 of 3000 (cand-dedddf6 vs ref-248b6e2)
Finished game 1167 (cand-dedddf6 vs ref-248b6e2): 1-0 {White wins by adjudication}
Started game 1172 of 3000 (ref-248b6e2 vs cand-dedddf6)
Finished game 1165 (cand-dedddf6 vs ref-248b6e2): 0-1 {Black wins by adjudication}
Started game 1173 of 3000 (cand-dedddf6 vs ref-248b6e2)
Finished game 1163 (cand-dedddf6 vs ref-248b6e2): 0-1 {Black wins by adjudication}
Started game 1174 of 3000 (ref-248b6e2 vs cand-dedddf6)
Finished game 1159 (cand-dedddf6 vs ref-248b6e2): 1/2-1/2 {Draw by insufficient mating material}
--------------------------------------------------
Results of cand-dedddf6 vs ref-248b6e2 (8+0.08, 1t, 16MB, noob_3moves.epd):
Elo: 2.40 +/- 14.93, nElo: 3.21 +/- 19.99
LOS: 62.35 %, DrawRatio: 35.17 %, PairsRatio: 1.08
Games: 1160, Wins: 358, Losses: 350, Draws: 452, Points: 584.0 (50.34 %)
Ptnml(0-2): [48, 133, 204, 153, 42], WL/DD Ratio: 1.46
--------------------------------------------------
Started game 1175 of 3000 (cand-dedddf6 vs ref-248b6e2)
Finished game 1166 (ref-248b6e2 vs cand-dedddf6): 0-1 {Black wins by adjudication}
Started game 1176 of 3000 (ref-248b6e2 vs cand-dedddf6)
Finished game 1164 (ref-248b6e2 vs cand-dedddf6): 1-0 {White wins by adjudication}
Started game 1177 of 3000 (cand-dedddf6 vs ref-248b6e2)
Finished game 1161 (cand-dedddf6 vs ref-248b6e2): 1/2-1/2 {Draw by fifty moves rule}
Started game 1178 of 3000 (ref-248b6e2 vs cand-dedddf6)
Finished game 1170 (ref-248b6e2 vs cand-dedddf6): 0-1 {Black wins by adjudication}
Started game 1179 of 3000 (cand-dedddf6 vs ref-248b6e2)
Finished game 1174 (ref-248b6e2 vs cand-dedddf6): 1/2-1/2 {Draw by 3-fold repetition}
Started game 1180 of 3000 (ref-248b6e2 vs cand-dedddf6)
Finished game 1171 (cand-dedddf6 vs ref-248b6e2): 0-1 {Black wins by adjudication}
Started game 1181 of 3000 (cand-dedddf6 vs ref-248b6e2)
Finished game 1169 (cand-dedddf6 vs ref-248b6e2): 1/2-1/2 {Draw by 3-fold repetition}
Started game 1182 of 3000 (ref-248b6e2 vs cand-dedddf6)
Finished game 1172 (ref-248b6e2 vs cand-dedddf6): 1-0 {White wins by adjudication}
Started game 1183 of 3000 (cand-dedddf6 vs ref-248b6e2)
Finished game 1162 (ref-248b6e2 vs cand-dedddf6): 1/2-1/2 {Draw by fifty moves rule}
Started game 1184 of 3000 (ref-248b6e2 vs cand-dedddf6)
Finished game 1168 (ref-248b6e2 vs cand-dedddf6): 1/2-1/2 {Draw by 3-fold repetition}
Started game 1185 of 3000 (cand-dedddf6 vs ref-248b6e2)
Finished game 1177 (cand-dedddf6 vs ref-248b6e2): 1/2-1/2 {Draw by 3-fold repetition}
Started game 1186 of 3000 (ref-248b6e2 vs cand-dedddf6)
Finished game 1176 (ref-248b6e2 vs cand-dedddf6): 0-1 {Black wins by adjudication}
Started game 1187 of 3000 (cand-dedddf6 vs ref-248b6e2)
Finished game 1175 (cand-dedddf6 vs ref-248b6e2): 0-1 {Black wins by adjudication}
Started game 1188 of 3000 (ref-248b6e2 vs cand-dedddf6)
Finished game 1178 (ref-248b6e2 vs cand-dedddf6): 1/2-1/2 {Draw by 3-fold repetition}
Started game 1189 of 3000 (cand-dedddf6 vs ref-248b6e2)
Finished game 1173 (cand-dedddf6 vs ref-248b6e2): 0-1 {Black wins by adjudication}
Started game 1190 of 3000 (ref-248b6e2 vs cand-dedddf6)
Finished game 1179 (cand-dedddf6 vs ref-248b6e2): 1-0 {White wins by adjudication}
Started game 1191 of 3000 (cand-dedddf6 vs ref-248b6e2)
Finished game 1180 (ref-248b6e2 vs cand-dedddf6): 0-1 {Black wins by adjudication}
--------------------------------------------------
Results of cand-dedddf6 vs ref-248b6e2 (8+0.08, 1t, 16MB, noob_3moves.epd):
Elo: 2.06 +/- 14.85, nElo: 2.75 +/- 19.82
LOS: 60.73 %, DrawRatio: 35.25 %, PairsRatio: 1.08
Games: 1180, Wins: 364, Losses: 357, Draws: 459, Points: 593.5 (50.30 %)
Ptnml(0-2): [50, 134, 208, 155, 43], WL/DD Ratio: 1.45
--------------------------------------------------
Started game 1192 of 3000 (ref-248b6e2 vs cand-dedddf6)
Finished game 1181 (cand-dedddf6 vs ref-248b6e2): 0-1 {Black wins by adjudication}
Started game 1193 of 3000 (cand-dedddf6 vs ref-248b6e2)
Finished game 1182 (ref-248b6e2 vs cand-dedddf6): 0-1 {Black wins by adjudication}
Started game 1194 of 3000 (ref-248b6e2 vs cand-dedddf6)
Finished game 1186 (ref-248b6e2 vs cand-dedddf6): 1-0 {White wins by adjudication}
Started game 1195 of 3000 (cand-dedddf6 vs ref-248b6e2)
Finished game 1183 (cand-dedddf6 vs ref-248b6e2): 0-1 {Black wins by adjudication}
Started game 1196 of 3000 (ref-248b6e2 vs cand-dedddf6)
Finished game 1192 (ref-248b6e2 vs cand-dedddf6): 1/2-1/2 {Draw by 3-fold repetition}
Started game 1197 of 3000 (cand-dedddf6 vs ref-248b6e2)
Finished game 1184 (ref-248b6e2 vs cand-dedddf6): 1/2-1/2 {Draw by 3-fold repetition}
Started game 1198 of 3000 (ref-248b6e2 vs cand-dedddf6)
Finished game 1187 (cand-dedddf6 vs ref-248b6e2): 0-1 {Black wins by adjudication}
Started game 1199 of 3000 (cand-dedddf6 vs ref-248b6e2)
Finished game 1190 (ref-248b6e2 vs cand-dedddf6): 1-0 {White wins by adjudication}
Started game 1200 of 3000 (ref-248b6e2 vs cand-dedddf6)
Finished game 1185 (cand-dedddf6 vs ref-248b6e2): 1/2-1/2 {Draw by adjudication}
Started game 1201 of 3000 (cand-dedddf6 vs ref-248b6e2)
Finished game 1191 (cand-dedddf6 vs ref-248b6e2): 0-1 {Black wins by adjudication}
Started game 1202 of 3000 (ref-248b6e2 vs cand-dedddf6)
Finished game 1193 (cand-dedddf6 vs ref-248b6e2): 0-1 {Black wins by adjudication}
Started game 1203 of 3000 (cand-dedddf6 vs ref-248b6e2)
Finished game 1189 (cand-dedddf6 vs ref-248b6e2): 1/2-1/2 {Draw by 3-fold repetition}
Started game 1204 of 3000 (ref-248b6e2 vs cand-dedddf6)
Finished game 1188 (ref-248b6e2 vs cand-dedddf6): 1/2-1/2 {Draw by insufficient mating material}
Started game 1205 of 3000 (cand-dedddf6 vs ref-248b6e2)
Finished game 1196 (ref-248b6e2 vs cand-dedddf6): 1/2-1/2 {Draw by 3-fold repetition}
Started game 1206 of 3000 (ref-248b6e2 vs cand-dedddf6)
Finished game 1195 (cand-dedddf6 vs ref-248b6e2): 1-0 {White wins by adjudication}
Started game 1207 of 3000 (cand-dedddf6 vs ref-248b6e2)
Finished game 1198 (ref-248b6e2 vs cand-dedddf6): 1/2-1/2 {Draw by 3-fold repetition}
Started game 1208 of 3000 (ref-248b6e2 vs cand-dedddf6)
Finished game 1200 (ref-248b6e2 vs cand-dedddf6): 0-1 {Black wins by adjudication}
Started game 1209 of 3000 (cand-dedddf6 vs ref-248b6e2)
Finished game 1199 (cand-dedddf6 vs ref-248b6e2): 0-1 {Black wins by adjudication}
--------------------------------------------------
Results of cand-dedddf6 vs ref-248b6e2 (8+0.08, 1t, 16MB, noob_3moves.epd):
Elo: 0.87 +/- 14.71, nElo: 1.17 +/- 19.69
LOS: 54.62 %, DrawRatio: 35.12 %, PairsRatio: 1.05
Games: 1196, Wins: 367, Losses: 364, Draws: 465, Points: 599.5 (50.13 %)
Ptnml(0-2): [50, 139, 210, 156, 43], WL/DD Ratio: 1.47
--------------------------------------------------
Started game 1210 of 3000 (ref-248b6e2 vs cand-dedddf6)
Finished game 1194 (ref-248b6e2 vs cand-dedddf6): 1/2-1/2 {Draw by 3-fold repetition}
Started game 1211 of 3000 (cand-dedddf6 vs ref-248b6e2)
Finished game 1201 (cand-dedddf6 vs ref-248b6e2): 1/2-1/2 {Draw by insufficient mating material}
Started game 1212 of 3000 (ref-248b6e2 vs cand-dedddf6)
Finished game 1197 (cand-dedddf6 vs ref-248b6e2): 1/2-1/2 {Draw by insufficient mating material}
Started game 1213 of 3000 (cand-dedddf6 vs ref-248b6e2)
Finished game 1202 (ref-248b6e2 vs cand-dedddf6): 1/2-1/2 {Draw by adjudication}
Started game 1214 of 3000 (ref-248b6e2 vs cand-dedddf6)
Finished game 1206 (ref-248b6e2 vs cand-dedddf6): 1-0 {White wins by adjudication}
Started game 1215 of 3000 (cand-dedddf6 vs ref-248b6e2)
Finished game 1205 (cand-dedddf6 vs ref-248b6e2): 1-0 {White wins by adjudication}
Started game 1216 of 3000 (ref-248b6e2 vs cand-dedddf6)
Finished game 1204 (ref-248b6e2 vs cand-dedddf6): 1-0 {White wins by adjudication}
Started game 1217 of 3000 (cand-dedddf6 vs ref-248b6e2)
Finished game 1203 (cand-dedddf6 vs ref-248b6e2): 0-1 {Black wins by adjudication}
Started game 1218 of 3000 (ref-248b6e2 vs cand-dedddf6)
Finished game 1207 (cand-dedddf6 vs ref-248b6e2): 1/2-1/2 {Draw by 3-fold repetition}
Started game 1219 of 3000 (cand-dedddf6 vs ref-248b6e2)
Finished game 1212 (ref-248b6e2 vs cand-dedddf6): 1/2-1/2 {Draw by 3-fold repetition}
Started game 1220 of 3000 (ref-248b6e2 vs cand-dedddf6)
Finished game 1208 (ref-248b6e2 vs cand-dedddf6): 1/2-1/2 {Draw by 3-fold repetition}
Started game 1221 of 3000 (cand-dedddf6 vs ref-248b6e2)
Finished game 1209 (cand-dedddf6 vs ref-248b6e2): 1/2-1/2 {Draw by insufficient mating material}
Started game 1222 of 3000 (ref-248b6e2 vs cand-dedddf6)
Finished game 1210 (ref-248b6e2 vs cand-dedddf6): 0-1 {Black wins by adjudication}
Started game 1223 of 3000 (cand-dedddf6 vs ref-248b6e2)
Finished game 1211 (cand-dedddf6 vs ref-248b6e2): 1/2-1/2 {Draw by adjudication}
Started game 1224 of 3000 (ref-248b6e2 vs cand-dedddf6)
Finished game 1214 (ref-248b6e2 vs cand-dedddf6): 0-1 {Black wins by adjudication}
Started game 1225 of 3000 (cand-dedddf6 vs ref-248b6e2)
Finished game 1217 (cand-dedddf6 vs ref-248b6e2): 1/2-1/2 {Draw by 3-fold repetition}
Started game 1226 of 3000 (ref-248b6e2 vs cand-dedddf6)
Finished game 1215 (cand-dedddf6 vs ref-248b6e2): 0-1 {Black wins by adjudication}
Started game 1227 of 3000 (cand-dedddf6 vs ref-248b6e2)
Finished game 1219 (cand-dedddf6 vs ref-248b6e2): 0-1 {Black wins by adjudication}
Started game 1228 of 3000 (ref-248b6e2 vs cand-dedddf6)
Finished game 1218 (ref-248b6e2 vs cand-dedddf6): 1-0 {White wins by adjudication}
Started game 1229 of 3000 (cand-dedddf6 vs ref-248b6e2)
Finished game 1213 (cand-dedddf6 vs ref-248b6e2): 0-1 {Black wins by adjudication}
Started game 1230 of 3000 (ref-248b6e2 vs cand-dedddf6)
Finished game 1216 (ref-248b6e2 vs cand-dedddf6): 0-1 {Black wins by adjudication}
Started game 1231 of 3000 (cand-dedddf6 vs ref-248b6e2)
Finished game 1222 (ref-248b6e2 vs cand-dedddf6): 1/2-1/2 {Draw by 3-fold repetition}
Started game 1232 of 3000 (ref-248b6e2 vs cand-dedddf6)
Finished game 1220 (ref-248b6e2 vs cand-dedddf6): 1-0 {White wins by adjudication}
--------------------------------------------------
Results of cand-dedddf6 vs ref-248b6e2 (8+0.08, 1t, 16MB, noob_3moves.epd):
Elo: -0.57 +/- 14.54, nElo: -0.76 +/- 19.50
LOS: 46.94 %, DrawRatio: 35.57 %, PairsRatio: 1.04
Games: 1220, Wins: 371, Losses: 373, Draws: 476, Points: 609.0 (49.92 %)
Ptnml(0-2): [52, 141, 217, 157, 43], WL/DD Ratio: 1.44
--------------------------------------------------
Started game 1233 of 3000 (cand-dedddf6 vs ref-248b6e2)
Finished game 1223 (cand-dedddf6 vs ref-248b6e2): 1/2-1/2 {Draw by 3-fold repetition}
Started game 1234 of 3000 (ref-248b6e2 vs cand-dedddf6)
Finished game 1224 (ref-248b6e2 vs cand-dedddf6): 1/2-1/2 {Draw by adjudication}
Started game 1235 of 3000 (cand-dedddf6 vs ref-248b6e2)
Finished game 1225 (cand-dedddf6 vs ref-248b6e2): 1-0 {White wins by adjudication}
Started game 1236 of 3000 (ref-248b6e2 vs cand-dedddf6)
Finished game 1226 (ref-248b6e2 vs cand-dedddf6): 1-0 {White wins by adjudication}
Started game 1237 of 3000 (cand-dedddf6 vs ref-248b6e2)
Finished game 1229 (cand-dedddf6 vs ref-248b6e2): 0-1 {Black wins by adjudication}
Started game 1238 of 3000 (ref-248b6e2 vs cand-dedddf6)
Finished game 1221 (cand-dedddf6 vs ref-248b6e2): 1/2-1/2 {Draw by insufficient mating material}
Started game 1239 of 3000 (cand-dedddf6 vs ref-248b6e2)
Finished game 1230 (ref-248b6e2 vs cand-dedddf6): 1-0 {White wins by adjudication}
Started game 1240 of 3000 (ref-248b6e2 vs cand-dedddf6)
Finished game 1227 (cand-dedddf6 vs ref-248b6e2): 1-0 {White wins by adjudication}
Started game 1241 of 3000 (cand-dedddf6 vs ref-248b6e2)
Finished game 1228 (ref-248b6e2 vs cand-dedddf6): 1/2-1/2 {Draw by adjudication}
Started game 1242 of 3000 (ref-248b6e2 vs cand-dedddf6)
Finished game 1231 (cand-dedddf6 vs ref-248b6e2): 1-0 {White wins by adjudication}
Started game 1243 of 3000 (cand-dedddf6 vs ref-248b6e2)
Finished game 1233 (cand-dedddf6 vs ref-248b6e2): 1-0 {White wins by adjudication}
Started game 1244 of 3000 (ref-248b6e2 vs cand-dedddf6)
Finished game 1235 (cand-dedddf6 vs ref-248b6e2): 0-1 {Black wins by adjudication}
Started game 1245 of 3000 (cand-dedddf6 vs ref-248b6e2)
Finished game 1232 (ref-248b6e2 vs cand-dedddf6): 1/2-1/2 {Draw by 3-fold repetition}
Started game 1246 of 3000 (ref-248b6e2 vs cand-dedddf6)
Finished game 1240 (ref-248b6e2 vs cand-dedddf6): 0-1 {Black wins by adjudication}
Started game 1247 of 3000 (cand-dedddf6 vs ref-248b6e2)
Finished game 1234 (ref-248b6e2 vs cand-dedddf6): 0-1 {Black wins by adjudication}
Started game 1248 of 3000 (ref-248b6e2 vs cand-dedddf6)
Finished game 1239 (cand-dedddf6 vs ref-248b6e2): 1/2-1/2 {Draw by 3-fold repetition}
--------------------------------------------------
Results of cand-dedddf6 vs ref-248b6e2 (8+0.08, 1t, 16MB, noob_3moves.epd):
Elo: 0.28 +/- 14.47, nElo: 0.38 +/- 19.37
LOS: 51.52 %, DrawRatio: 35.60 %, PairsRatio: 1.05
Games: 1236, Wins: 377, Losses: 376, Draws: 483, Points: 618.5 (50.04 %)
Ptnml(0-2): [53, 141, 220, 160, 44], WL/DD Ratio: 1.42
--------------------------------------------------
Started game 1249 of 3000 (cand-dedddf6 vs ref-248b6e2)
Finished game 1237 (cand-dedddf6 vs ref-248b6e2): 1/2-1/2 {Draw by adjudication}
Started game 1250 of 3000 (ref-248b6e2 vs cand-dedddf6)
Finished game 1242 (ref-248b6e2 vs cand-dedddf6): 0-1 {Black wins by adjudication}
Started game 1251 of 3000 (cand-dedddf6 vs ref-248b6e2)
Finished game 1236 (ref-248b6e2 vs cand-dedddf6): 1/2-1/2 {Draw by adjudication}
Started game 1252 of 3000 (ref-248b6e2 vs cand-dedddf6)
Finished game 1241 (cand-dedddf6 vs ref-248b6e2): 1/2-1/2 {Draw by adjudication}
Started game 1253 of 3000 (cand-dedddf6 vs ref-248b6e2)
Finished game 1243 (cand-dedddf6 vs ref-248b6e2): 0-1 {Black wins by adjudication}
Started game 1254 of 3000 (ref-248b6e2 vs cand-dedddf6)
Finished game 1244 (ref-248b6e2 vs cand-dedddf6): 0-1 {Black wins by adjudication}
Started game 1255 of 3000 (cand-dedddf6 vs ref-248b6e2)
Finished game 1238 (ref-248b6e2 vs cand-dedddf6): 1/2-1/2 {Draw by fifty moves rule}
Started game 1256 of 3000 (ref-248b6e2 vs cand-dedddf6)
Finished game 1246 (ref-248b6e2 vs cand-dedddf6): 1-0 {White wins by adjudication}
Started game 1257 of 3000 (cand-dedddf6 vs ref-248b6e2)
Finished game 1245 (cand-dedddf6 vs ref-248b6e2): 0-1 {Black wins by adjudication}
Started game 1258 of 3000 (ref-248b6e2 vs cand-dedddf6)
Finished game 1254 (ref-248b6e2 vs cand-dedddf6): 0-1 {Black wins by adjudication}
Started game 1259 of 3000 (cand-dedddf6 vs ref-248b6e2)
Finished game 1250 (ref-248b6e2 vs cand-dedddf6): 0-1 {Black wins by adjudication}
Started game 1260 of 3000 (ref-248b6e2 vs cand-dedddf6)
Finished game 1256 (ref-248b6e2 vs cand-dedddf6): 0-1 {Black wins by adjudication}
Started game 1261 of 3000 (cand-dedddf6 vs ref-248b6e2)
Finished game 1247 (cand-dedddf6 vs ref-248b6e2): 0-1 {Black wins by adjudication}
Started game 1262 of 3000 (ref-248b6e2 vs cand-dedddf6)
Finished game 1249 (cand-dedddf6 vs ref-248b6e2): 0-1 {Black wins by adjudication}
Started game 1263 of 3000 (cand-dedddf6 vs ref-248b6e2)
Finished game 1252 (ref-248b6e2 vs cand-dedddf6): 0-1 {Black wins by adjudication}
Started game 1264 of 3000 (ref-248b6e2 vs cand-dedddf6)
Finished game 1253 (cand-dedddf6 vs ref-248b6e2): 1-0 {White wins by adjudication}
Started game 1265 of 3000 (cand-dedddf6 vs ref-248b6e2)
Finished game 1251 (cand-dedddf6 vs ref-248b6e2): 1/2-1/2 {Draw by 3-fold repetition}
Started game 1266 of 3000 (ref-248b6e2 vs cand-dedddf6)
Finished game 1248 (ref-248b6e2 vs cand-dedddf6): 1/2-1/2 {Draw by 3-fold repetition}
Started game 1267 of 3000 (cand-dedddf6 vs ref-248b6e2)
Finished game 1259 (cand-dedddf6 vs ref-248b6e2): 1-0 {White wins by adjudication}
Started game 1268 of 3000 (ref-248b6e2 vs cand-dedddf6)
Finished game 1261 (cand-dedddf6 vs ref-248b6e2): 1-0 {White wins by adjudication}
Started game 1269 of 3000 (cand-dedddf6 vs ref-248b6e2)
Finished game 1257 (cand-dedddf6 vs ref-248b6e2): 1/2-1/2 {Draw by adjudication}
Started game 1270 of 3000 (ref-248b6e2 vs cand-dedddf6)
Finished game 1262 (ref-248b6e2 vs cand-dedddf6): 1-0 {White wins by adjudication}
Started game 1271 of 3000 (cand-dedddf6 vs ref-248b6e2)
Finished game 1258 (ref-248b6e2 vs cand-dedddf6): 1/2-1/2 {Draw by insufficient mating material}
Started game 1272 of 3000 (ref-248b6e2 vs cand-dedddf6)
Finished game 1255 (cand-dedddf6 vs ref-248b6e2): 1/2-1/2 {Draw by 3-fold repetition}
Started game 1273 of 3000 (cand-dedddf6 vs ref-248b6e2)
Finished game 1264 (ref-248b6e2 vs cand-dedddf6): 1/2-1/2 {Draw by 3-fold repetition}
Started game 1274 of 3000 (ref-248b6e2 vs cand-dedddf6)
Finished game 1266 (ref-248b6e2 vs cand-dedddf6): 1/2-1/2 {Draw by 3-fold repetition}
Started game 1275 of 3000 (cand-dedddf6 vs ref-248b6e2)
Finished game 1267 (cand-dedddf6 vs ref-248b6e2): 0-1 {Black wins by adjudication}
Started game 1276 of 3000 (ref-248b6e2 vs cand-dedddf6)
Finished game 1263 (cand-dedddf6 vs ref-248b6e2): 1-0 {White wins by adjudication}
Started game 1277 of 3000 (cand-dedddf6 vs ref-248b6e2)
Finished game 1260 (ref-248b6e2 vs cand-dedddf6): 1/2-1/2 {Draw by insufficient mating material}
--------------------------------------------------
Results of cand-dedddf6 vs ref-248b6e2 (8+0.08, 1t, 16MB, noob_3moves.epd):
Elo: 1.10 +/- 14.30, nElo: 1.47 +/- 19.15
LOS: 55.99 %, DrawRatio: 35.60 %, PairsRatio: 1.07
Games: 1264, Wins: 387, Losses: 383, Draws: 494, Points: 634.0 (50.16 %)
Ptnml(0-2): [54, 143, 225, 165, 45], WL/DD Ratio: 1.42
--------------------------------------------------
Started game 1278 of 3000 (ref-248b6e2 vs cand-dedddf6)
Finished game 1270 (ref-248b6e2 vs cand-dedddf6): 0-1 {Black wins by adjudication}
Started game 1279 of 3000 (cand-dedddf6 vs ref-248b6e2)
Finished game 1268 (ref-248b6e2 vs cand-dedddf6): 1-0 {White wins by adjudication}
Started game 1280 of 3000 (ref-248b6e2 vs cand-dedddf6)
Finished game 1272 (ref-248b6e2 vs cand-dedddf6): 1/2-1/2 {Draw by adjudication}
Started game 1281 of 3000 (cand-dedddf6 vs ref-248b6e2)
Finished game 1275 (cand-dedddf6 vs ref-248b6e2): 1/2-1/2 {Draw by 3-fold repetition}
Started game 1282 of 3000 (ref-248b6e2 vs cand-dedddf6)
Finished game 1265 (cand-dedddf6 vs ref-248b6e2): 1/2-1/2 {Draw by insufficient mating material}
Started game 1283 of 3000 (cand-dedddf6 vs ref-248b6e2)
Finished game 1271 (cand-dedddf6 vs ref-248b6e2): 1/2-1/2 {Draw by adjudication}
Started game 1284 of 3000 (ref-248b6e2 vs cand-dedddf6)
Finished game 1274 (ref-248b6e2 vs cand-dedddf6): 1/2-1/2 {Draw by 3-fold repetition}
Started game 1285 of 3000 (cand-dedddf6 vs ref-248b6e2)
Finished game 1273 (cand-dedddf6 vs ref-248b6e2): 0-1 {Black wins by adjudication}
Started game 1286 of 3000 (ref-248b6e2 vs cand-dedddf6)
Finished game 1276 (ref-248b6e2 vs cand-dedddf6): 1/2-1/2 {Draw by insufficient mating material}
Started game 1287 of 3000 (cand-dedddf6 vs ref-248b6e2)
Finished game 1269 (cand-dedddf6 vs ref-248b6e2): 1/2-1/2 {Draw by insufficient mating material}
Started game 1288 of 3000 (ref-248b6e2 vs cand-dedddf6)
Finished game 1277 (cand-dedddf6 vs ref-248b6e2): 0-1 {Black wins by adjudication}
Started game 1289 of 3000 (cand-dedddf6 vs ref-248b6e2)
Finished game 1281 (cand-dedddf6 vs ref-248b6e2): 1/2-1/2 {Draw by 3-fold repetition}
Started game 1290 of 3000 (ref-248b6e2 vs cand-dedddf6)
Finished game 1279 (cand-dedddf6 vs ref-248b6e2): 1-0 {White wins by adjudication}
Started game 1291 of 3000 (cand-dedddf6 vs ref-248b6e2)
Finished game 1278 (ref-248b6e2 vs cand-dedddf6): 1/2-1/2 {Draw by adjudication}
Started game 1292 of 3000 (ref-248b6e2 vs cand-dedddf6)
Finished game 1280 (ref-248b6e2 vs cand-dedddf6): 1/2-1/2 {Draw by 3-fold repetition}
--------------------------------------------------
Results of cand-dedddf6 vs ref-248b6e2 (8+0.08, 1t, 16MB, noob_3moves.epd):
Elo: 0.54 +/- 14.20, nElo: 0.73 +/- 19.03
LOS: 52.99 %, DrawRatio: 35.62 %, PairsRatio: 1.06
Games: 1280, Wins: 389, Losses: 387, Draws: 504, Points: 641.0 (50.08 %)
Ptnml(0-2): [55, 145, 228, 167, 45], WL/DD Ratio: 1.38
--------------------------------------------------
Started game 1293 of 3000 (cand-dedddf6 vs ref-248b6e2)
Finished game 1284 (ref-248b6e2 vs cand-dedddf6): 0-1 {Black wins by adjudication}
Started game 1294 of 3000 (ref-248b6e2 vs cand-dedddf6)
Finished game 1285 (cand-dedddf6 vs ref-248b6e2): 1-0 {White wins by adjudication}
Started game 1295 of 3000 (cand-dedddf6 vs ref-248b6e2)
Finished game 1289 (cand-dedddf6 vs ref-248b6e2): 0-1 {Black wins by adjudication}
Started game 1296 of 3000 (ref-248b6e2 vs cand-dedddf6)
Finished game 1286 (ref-248b6e2 vs cand-dedddf6): 1-0 {White wins by adjudication}
Started game 1297 of 3000 (cand-dedddf6 vs ref-248b6e2)
Finished game 1290 (ref-248b6e2 vs cand-dedddf6): 1-0 {White wins by adjudication}
Started game 1298 of 3000 (ref-248b6e2 vs cand-dedddf6)
Finished game 1287 (cand-dedddf6 vs ref-248b6e2): 0-1 {Black wins by adjudication}
Started game 1299 of 3000 (cand-dedddf6 vs ref-248b6e2)
Finished game 1288 (ref-248b6e2 vs cand-dedddf6): 0-1 {Black wins by adjudication}
Started game 1300 of 3000 (ref-248b6e2 vs cand-dedddf6)
Finished game 1282 (ref-248b6e2 vs cand-dedddf6): 1/2-1/2 {Draw by insufficient mating material}
Started game 1301 of 3000 (cand-dedddf6 vs ref-248b6e2)
Finished game 1283 (cand-dedddf6 vs ref-248b6e2): 1/2-1/2 {Draw by fifty moves rule}
Started game 1302 of 3000 (ref-248b6e2 vs cand-dedddf6)
Finished game 1291 (cand-dedddf6 vs ref-248b6e2): 1-0 {White wins by adjudication}
Started game 1303 of 3000 (cand-dedddf6 vs ref-248b6e2)
Finished game 1292 (ref-248b6e2 vs cand-dedddf6): 1/2-1/2 {Draw by 3-fold repetition}
Started game 1304 of 3000 (ref-248b6e2 vs cand-dedddf6)
Finished game 1298 (ref-248b6e2 vs cand-dedddf6): 1/2-1/2 {Draw by 3-fold repetition}
Started game 1305 of 3000 (cand-dedddf6 vs ref-248b6e2)
Finished game 1296 (ref-248b6e2 vs cand-dedddf6): 1-0 {White wins by adjudication}
Started game 1306 of 3000 (ref-248b6e2 vs cand-dedddf6)
Finished game 1294 (ref-248b6e2 vs cand-dedddf6): 0-1 {Black wins by adjudication}
Started game 1307 of 3000 (cand-dedddf6 vs ref-248b6e2)
Finished game 1293 (cand-dedddf6 vs ref-248b6e2): 1/2-1/2 {Draw by 3-fold repetition}
Started game 1308 of 3000 (ref-248b6e2 vs cand-dedddf6)
Finished game 1299 (cand-dedddf6 vs ref-248b6e2): 0-1 {Black wins by adjudication}
Started game 1309 of 3000 (cand-dedddf6 vs ref-248b6e2)
Finished game 1302 (ref-248b6e2 vs cand-dedddf6): 1-0 {White wins by adjudication}
Started game 1310 of 3000 (ref-248b6e2 vs cand-dedddf6)
Finished game 1300 (ref-248b6e2 vs cand-dedddf6): 1-0 {White wins by adjudication}
--------------------------------------------------
Results of cand-dedddf6 vs ref-248b6e2 (8+0.08, 1t, 16MB, noob_3moves.epd):
Elo: 0.27 +/- 14.14, nElo: 0.36 +/- 18.92
LOS: 51.48 %, DrawRatio: 35.65 %, PairsRatio: 1.06
Games: 1296, Wins: 394, Losses: 393, Draws: 509, Points: 648.5 (50.04 %)
Ptnml(0-2): [57, 145, 231, 170, 45], WL/DD Ratio: 1.38
--------------------------------------------------
Started game 1311 of 3000 (cand-dedddf6 vs ref-248b6e2)
Finished game 1297 (cand-dedddf6 vs ref-248b6e2): 1-0 {White wins by adjudication}
Started game 1312 of 3000 (ref-248b6e2 vs cand-dedddf6)
Finished game 1295 (cand-dedddf6 vs ref-248b6e2): 1/2-1/2 {Draw by adjudication}
Started game 1313 of 3000 (cand-dedddf6 vs ref-248b6e2)
Finished game 1301 (cand-dedddf6 vs ref-248b6e2): 1-0 {White wins by adjudication}
Started game 1314 of 3000 (ref-248b6e2 vs cand-dedddf6)
Finished game 1304 (ref-248b6e2 vs cand-dedddf6): 0-1 {Black wins by adjudication}
Started game 1315 of 3000 (cand-dedddf6 vs ref-248b6e2)
Finished game 1305 (cand-dedddf6 vs ref-248b6e2): 0-1 {Black wins by adjudication}
Started game 1316 of 3000 (ref-248b6e2 vs cand-dedddf6)
Finished game 1307 (cand-dedddf6 vs ref-248b6e2): 1/2-1/2 {Draw by 3-fold repetition}
Started game 1317 of 3000 (cand-dedddf6 vs ref-248b6e2)
Finished game 1311 (cand-dedddf6 vs ref-248b6e2): 0-1 {Black wins by adjudication}
Started game 1318 of 3000 (ref-248b6e2 vs cand-dedddf6)
Finished game 1310 (ref-248b6e2 vs cand-dedddf6): 1/2-1/2 {Draw by 3-fold repetition}
Started game 1319 of 3000 (cand-dedddf6 vs ref-248b6e2)
Finished game 1306 (ref-248b6e2 vs cand-dedddf6): 1/2-1/2 {Draw by adjudication}
Started game 1320 of 3000 (ref-248b6e2 vs cand-dedddf6)
Finished game 1303 (cand-dedddf6 vs ref-248b6e2): 1/2-1/2 {Draw by 3-fold repetition}
Started game 1321 of 3000 (cand-dedddf6 vs ref-248b6e2)
Finished game 1308 (ref-248b6e2 vs cand-dedddf6): 1/2-1/2 {Draw by 3-fold repetition}
Started game 1322 of 3000 (ref-248b6e2 vs cand-dedddf6)
Finished game 1312 (ref-248b6e2 vs cand-dedddf6): 1-0 {White wins by adjudication}
Started game 1323 of 3000 (cand-dedddf6 vs ref-248b6e2)
Finished game 1309 (cand-dedddf6 vs ref-248b6e2): 1-0 {White wins by adjudication}
Started game 1324 of 3000 (ref-248b6e2 vs cand-dedddf6)
Finished game 1316 (ref-248b6e2 vs cand-dedddf6): 1-0 {White wins by adjudication}
Started game 1325 of 3000 (cand-dedddf6 vs ref-248b6e2)
Finished game 1317 (cand-dedddf6 vs ref-248b6e2): 0-1 {Black wins by adjudication}
Started game 1326 of 3000 (ref-248b6e2 vs cand-dedddf6)
Finished game 1313 (cand-dedddf6 vs ref-248b6e2): 0-1 {Black wins by adjudication}
Started game 1327 of 3000 (cand-dedddf6 vs ref-248b6e2)
Finished game 1319 (cand-dedddf6 vs ref-248b6e2): 0-1 {Black wins by adjudication}
Started game 1328 of 3000 (ref-248b6e2 vs cand-dedddf6)
Finished game 1314 (ref-248b6e2 vs cand-dedddf6): 1/2-1/2 {Draw by insufficient mating material}
Started game 1329 of 3000 (cand-dedddf6 vs ref-248b6e2)
Finished game 1318 (ref-248b6e2 vs cand-dedddf6): 1/2-1/2 {Draw by 3-fold repetition}
Started game 1330 of 3000 (ref-248b6e2 vs cand-dedddf6)
Finished game 1315 (cand-dedddf6 vs ref-248b6e2): 1/2-1/2 {Draw by adjudication}
Started game 1331 of 3000 (cand-dedddf6 vs ref-248b6e2)
Finished game 1323 (cand-dedddf6 vs ref-248b6e2): 0-1 {Black wins by adjudication}
Started game 1332 of 3000 (ref-248b6e2 vs cand-dedddf6)
Finished game 1320 (ref-248b6e2 vs cand-dedddf6): 1/2-1/2 {Draw by 3-fold repetition}
--------------------------------------------------
Results of cand-dedddf6 vs ref-248b6e2 (8+0.08, 1t, 16MB, noob_3moves.epd):
Elo: -1.05 +/- 14.00, nElo: -1.41 +/- 18.74
LOS: 44.14 %, DrawRatio: 35.30 %, PairsRatio: 1.04
Games: 1320, Wins: 398, Losses: 402, Draws: 520, Points: 658.0 (49.85 %)
Ptnml(0-2): [58, 151, 233, 173, 45], WL/DD Ratio: 1.38
--------------------------------------------------
Started game 1333 of 3000 (cand-dedddf6 vs ref-248b6e2)
Finished game 1322 (ref-248b6e2 vs cand-dedddf6): 0-1 {Black wins by adjudication}
Started game 1334 of 3000 (ref-248b6e2 vs cand-dedddf6)
Finished game 1321 (cand-dedddf6 vs ref-248b6e2): 1/2-1/2 {Draw by 3-fold repetition}
Started game 1335 of 3000 (cand-dedddf6 vs ref-248b6e2)
Finished game 1329 (cand-dedddf6 vs ref-248b6e2): 1/2-1/2 {Draw by 3-fold repetition}
Started game 1336 of 3000 (ref-248b6e2 vs cand-dedddf6)
Finished game 1325 (cand-dedddf6 vs ref-248b6e2): 0-1 {Black wins by adjudication}
Started game 1337 of 3000 (cand-dedddf6 vs ref-248b6e2)
Finished game 1328 (ref-248b6e2 vs cand-dedddf6): 1/2-1/2 {Draw by 3-fold repetition}
Started game 1338 of 3000 (ref-248b6e2 vs cand-dedddf6)
Finished game 1324 (ref-248b6e2 vs cand-dedddf6): 1/2-1/2 {Draw by insufficient mating material}
Started game 1339 of 3000 (cand-dedddf6 vs ref-248b6e2)
Finished game 1327 (cand-dedddf6 vs ref-248b6e2): 1/2-1/2 {Draw by adjudication}
Started game 1340 of 3000 (ref-248b6e2 vs cand-dedddf6)
Finished game 1330 (ref-248b6e2 vs cand-dedddf6): 1/2-1/2 {Draw by 3-fold repetition}
Started game 1341 of 3000 (cand-dedddf6 vs ref-248b6e2)
Finished game 1334 (ref-248b6e2 vs cand-dedddf6): 1/2-1/2 {Draw by adjudication}
Started game 1342 of 3000 (ref-248b6e2 vs cand-dedddf6)
Finished game 1331 (cand-dedddf6 vs ref-248b6e2): 1/2-1/2 {Draw by adjudication}
Started game 1343 of 3000 (cand-dedddf6 vs ref-248b6e2)
Finished game 1335 (cand-dedddf6 vs ref-248b6e2): 0-1 {Black wins by adjudication}
Started game 1344 of 3000 (ref-248b6e2 vs cand-dedddf6)
Finished game 1336 (ref-248b6e2 vs cand-dedddf6): 1/2-1/2 {Draw by 3-fold repetition}
Started game 1345 of 3000 (cand-dedddf6 vs ref-248b6e2)
Finished game 1333 (cand-dedddf6 vs ref-248b6e2): 1/2-1/2 {Draw by insufficient mating material}
Started game 1346 of 3000 (ref-248b6e2 vs cand-dedddf6)
Finished game 1332 (ref-248b6e2 vs cand-dedddf6): 0-1 {Black wins by adjudication}
Started game 1347 of 3000 (cand-dedddf6 vs ref-248b6e2)
Finished game 1338 (ref-248b6e2 vs cand-dedddf6): 0-1 {Black wins by adjudication}
Started game 1348 of 3000 (ref-248b6e2 vs cand-dedddf6)
Finished game 1326 (ref-248b6e2 vs cand-dedddf6): 1/2-1/2 {Draw by fifty moves rule}
Started game 1349 of 3000 (cand-dedddf6 vs ref-248b6e2)
Finished game 1337 (cand-dedddf6 vs ref-248b6e2): 1/2-1/2 {Draw by insufficient mating material}
Started game 1350 of 3000 (ref-248b6e2 vs cand-dedddf6)
Finished game 1339 (cand-dedddf6 vs ref-248b6e2): 1-0 {White wins by adjudication}
Started game 1351 of 3000 (cand-dedddf6 vs ref-248b6e2)
Finished game 1340 (ref-248b6e2 vs cand-dedddf6): 1/2-1/2 {Draw by adjudication}
--------------------------------------------------
Results of cand-dedddf6 vs ref-248b6e2 (8+0.08, 1t, 16MB, noob_3moves.epd):
Elo: -0.78 +/- 13.86, nElo: -1.04 +/- 18.60
LOS: 45.62 %, DrawRatio: 35.22 %, PairsRatio: 1.05
Games: 1340, Wins: 402, Losses: 405, Draws: 533, Points: 668.5 (49.89 %)
Ptnml(0-2): [58, 154, 236, 177, 45], WL/DD Ratio: 1.34
--------------------------------------------------
Started game 1352 of 3000 (ref-248b6e2 vs cand-dedddf6)
Finished game 1342 (ref-248b6e2 vs cand-dedddf6): 1/2-1/2 {Draw by adjudication}
Started game 1353 of 3000 (cand-dedddf6 vs ref-248b6e2)
Finished game 1345 (cand-dedddf6 vs ref-248b6e2): 0-1 {Black wins by adjudication}
Started game 1354 of 3000 (ref-248b6e2 vs cand-dedddf6)
Finished game 1343 (cand-dedddf6 vs ref-248b6e2): 0-1 {Black wins by adjudication}
Started game 1355 of 3000 (cand-dedddf6 vs ref-248b6e2)
Finished game 1352 (ref-248b6e2 vs cand-dedddf6): 1-0 {White wins by adjudication}
Started game 1356 of 3000 (ref-248b6e2 vs cand-dedddf6)
Finished game 1344 (ref-248b6e2 vs cand-dedddf6): 1-0 {White wins by adjudication}
Started game 1357 of 3000 (cand-dedddf6 vs ref-248b6e2)
Finished game 1341 (cand-dedddf6 vs ref-248b6e2): 0-1 {Black wins by adjudication}
Started game 1358 of 3000 (ref-248b6e2 vs cand-dedddf6)
Finished game 1351 (cand-dedddf6 vs ref-248b6e2): 1/2-1/2 {Draw by 3-fold repetition}
Started game 1359 of 3000 (cand-dedddf6 vs ref-248b6e2)
Finished game 1349 (cand-dedddf6 vs ref-248b6e2): 1/2-1/2 {Draw by insufficient mating material}
Started game 1360 of 3000 (ref-248b6e2 vs cand-dedddf6)
Finished game 1346 (ref-248b6e2 vs cand-dedddf6): 1/2-1/2 {Draw by adjudication}
Started game 1361 of 3000 (cand-dedddf6 vs ref-248b6e2)
Finished game 1348 (ref-248b6e2 vs cand-dedddf6): 1/2-1/2 {Draw by 3-fold repetition}
Started game 1362 of 3000 (ref-248b6e2 vs cand-dedddf6)
Finished game 1353 (cand-dedddf6 vs ref-248b6e2): 0-1 {Black wins by adjudication}
Started game 1363 of 3000 (cand-dedddf6 vs ref-248b6e2)
Finished game 1350 (ref-248b6e2 vs cand-dedddf6): 0-1 {Black wins by adjudication}
Started game 1364 of 3000 (ref-248b6e2 vs cand-dedddf6)
Finished game 1354 (ref-248b6e2 vs cand-dedddf6): 1-0 {White wins by adjudication}
Started game 1365 of 3000 (cand-dedddf6 vs ref-248b6e2)
Finished game 1357 (cand-dedddf6 vs ref-248b6e2): 0-1 {Black wins by adjudication}
Started game 1366 of 3000 (ref-248b6e2 vs cand-dedddf6)
Finished game 1347 (cand-dedddf6 vs ref-248b6e2): 1/2-1/2 {Draw by fifty moves rule}
Started game 1367 of 3000 (cand-dedddf6 vs ref-248b6e2)
Finished game 1355 (cand-dedddf6 vs ref-248b6e2): 0-1 {Black wins by adjudication}
Started game 1368 of 3000 (ref-248b6e2 vs cand-dedddf6)
Finished game 1359 (cand-dedddf6 vs ref-248b6e2): 0-1 {Black wins by adjudication}
Started game 1369 of 3000 (cand-dedddf6 vs ref-248b6e2)
Finished game 1356 (ref-248b6e2 vs cand-dedddf6): 1/2-1/2 {Draw by insufficient mating material}
Started game 1370 of 3000 (ref-248b6e2 vs cand-dedddf6)
Finished game 1362 (ref-248b6e2 vs cand-dedddf6): 1/2-1/2 {Draw by 3-fold repetition}
Started game 1371 of 3000 (cand-dedddf6 vs ref-248b6e2)
Finished game 1358 (ref-248b6e2 vs cand-dedddf6): 1/2-1/2 {Draw by adjudication}
Started game 1372 of 3000 (ref-248b6e2 vs cand-dedddf6)
Finished game 1361 (cand-dedddf6 vs ref-248b6e2): 0-1 {Black wins by adjudication}
Started game 1373 of 3000 (cand-dedddf6 vs ref-248b6e2)
Finished game 1366 (ref-248b6e2 vs cand-dedddf6): 1/2-1/2 {Draw by 3-fold repetition}
Started game 1374 of 3000 (ref-248b6e2 vs cand-dedddf6)
Finished game 1365 (cand-dedddf6 vs ref-248b6e2): 0-1 {Black wins by adjudication}
Started game 1375 of 3000 (cand-dedddf6 vs ref-248b6e2)
Finished game 1363 (cand-dedddf6 vs ref-248b6e2): 0-1 {Black wins by adjudication}
Started game 1376 of 3000 (ref-248b6e2 vs cand-dedddf6)
Finished game 1360 (ref-248b6e2 vs cand-dedddf6): 1-0 {White wins by adjudication}
--------------------------------------------------
Results of cand-dedddf6 vs ref-248b6e2 (8+0.08, 1t, 16MB, noob_3moves.epd):
Elo: -3.82 +/- 13.80, nElo: -5.11 +/- 18.44
LOS: 29.35 %, DrawRatio: 34.75 %, PairsRatio: 1.00
Games: 1364, Wins: 403, Losses: 418, Draws: 543, Points: 674.5 (49.45 %)
Ptnml(0-2): [61, 161, 237, 178, 45], WL/DD Ratio: 1.32
--------------------------------------------------
Started game 1377 of 3000 (cand-dedddf6 vs ref-248b6e2)
Finished game 1364 (ref-248b6e2 vs cand-dedddf6): 0-1 {Black wins by adjudication}
Started game 1378 of 3000 (ref-248b6e2 vs cand-dedddf6)
Finished game 1369 (cand-dedddf6 vs ref-248b6e2): 0-1 {Black wins by adjudication}
Started game 1379 of 3000 (cand-dedddf6 vs ref-248b6e2)
Finished game 1368 (ref-248b6e2 vs cand-dedddf6): 0-1 {Black wins by adjudication}
Started game 1380 of 3000 (ref-248b6e2 vs cand-dedddf6)
Finished game 1367 (cand-dedddf6 vs ref-248b6e2): 1-0 {White wins by adjudication}
Started game 1381 of 3000 (cand-dedddf6 vs ref-248b6e2)
Finished game 1371 (cand-dedddf6 vs ref-248b6e2): 1-0 {White wins by adjudication}
Started game 1382 of 3000 (ref-248b6e2 vs cand-dedddf6)
Finished game 1370 (ref-248b6e2 vs cand-dedddf6): 1-0 {White wins by adjudication}
Started game 1383 of 3000 (cand-dedddf6 vs ref-248b6e2)
Finished game 1372 (ref-248b6e2 vs cand-dedddf6): 1/2-1/2 {Draw by insufficient mating material}
Started game 1384 of 3000 (ref-248b6e2 vs cand-dedddf6)
Finished game 1373 (cand-dedddf6 vs ref-248b6e2): 1/2-1/2 {Draw by 3-fold repetition}
Started game 1385 of 3000 (cand-dedddf6 vs ref-248b6e2)
Finished game 1374 (ref-248b6e2 vs cand-dedddf6): 1/2-1/2 {Draw by 3-fold repetition}
Started game 1386 of 3000 (ref-248b6e2 vs cand-dedddf6)
Finished game 1376 (ref-248b6e2 vs cand-dedddf6): 0-1 {Black wins by adjudication}
Started game 1387 of 3000 (cand-dedddf6 vs ref-248b6e2)
Finished game 1377 (cand-dedddf6 vs ref-248b6e2): 1/2-1/2 {Draw by 3-fold repetition}
Started game 1388 of 3000 (ref-248b6e2 vs cand-dedddf6)
Finished game 1375 (cand-dedddf6 vs ref-248b6e2): 1/2-1/2 {Draw by 3-fold repetition}
Started game 1389 of 3000 (cand-dedddf6 vs ref-248b6e2)
Finished game 1378 (ref-248b6e2 vs cand-dedddf6): 1/2-1/2 {Draw by insufficient mating material}
Started game 1390 of 3000 (ref-248b6e2 vs cand-dedddf6)
Finished game 1385 (cand-dedddf6 vs ref-248b6e2): 1/2-1/2 {Draw by 3-fold repetition}
Started game 1391 of 3000 (cand-dedddf6 vs ref-248b6e2)
Finished game 1379 (cand-dedddf6 vs ref-248b6e2): 1/2-1/2 {Draw by insufficient mating material}
Started game 1392 of 3000 (ref-248b6e2 vs cand-dedddf6)
Finished game 1381 (cand-dedddf6 vs ref-248b6e2): 1/2-1/2 {Draw by 3-fold repetition}
Started game 1393 of 3000 (cand-dedddf6 vs ref-248b6e2)
Finished game 1380 (ref-248b6e2 vs cand-dedddf6): 0-1 {Black wins by adjudication}
--------------------------------------------------
Results of cand-dedddf6 vs ref-248b6e2 (8+0.08, 1t, 16MB, noob_3moves.epd):
Elo: -3.02 +/- 13.73, nElo: -4.03 +/- 18.33
LOS: 33.31 %, DrawRatio: 34.78 %, PairsRatio: 1.02
Games: 1380, Wins: 409, Losses: 421, Draws: 550, Points: 684.0 (49.57 %)
Ptnml(0-2): [62, 161, 240, 181, 46], WL/DD Ratio: 1.31
--------------------------------------------------
Started game 1394 of 3000 (ref-248b6e2 vs cand-dedddf6)
Finished game 1382 (ref-248b6e2 vs cand-dedddf6): 0-1 {Black wins by adjudication}
Started game 1395 of 3000 (cand-dedddf6 vs ref-248b6e2)
Finished game 1387 (cand-dedddf6 vs ref-248b6e2): 1/2-1/2 {Draw by 3-fold repetition}
Started game 1396 of 3000 (ref-248b6e2 vs cand-dedddf6)
Finished game 1384 (ref-248b6e2 vs cand-dedddf6): 1/2-1/2 {Draw by 3-fold repetition}
Started game 1397 of 3000 (cand-dedddf6 vs ref-248b6e2)
Finished game 1389 (cand-dedddf6 vs ref-248b6e2): 1-0 {White wins by adjudication}
Started game 1398 of 3000 (ref-248b6e2 vs cand-dedddf6)
Finished game 1393 (cand-dedddf6 vs ref-248b6e2): 1/2-1/2 {Draw by 3-fold repetition}
Started game 1399 of 3000 (cand-dedddf6 vs ref-248b6e2)
Finished game 1386 (ref-248b6e2 vs cand-dedddf6): 0-1 {Black wins by adjudication}
Started game 1400 of 3000 (ref-248b6e2 vs cand-dedddf6)
Finished game 1383 (cand-dedddf6 vs ref-248b6e2): 1-0 {White wins by adjudication}
Started game 1401 of 3000 (cand-dedddf6 vs ref-248b6e2)
Finished game 1388 (ref-248b6e2 vs cand-dedddf6): 0-1 {Black wins by adjudication}
Started game 1402 of 3000 (ref-248b6e2 vs cand-dedddf6)
Finished game 1390 (ref-248b6e2 vs cand-dedddf6): 1/2-1/2 {Draw by 3-fold repetition}
Started game 1403 of 3000 (cand-dedddf6 vs ref-248b6e2)
Finished game 1392 (ref-248b6e2 vs cand-dedddf6): 1-0 {White wins by adjudication}
Started game 1404 of 3000 (ref-248b6e2 vs cand-dedddf6)
Finished game 1394 (ref-248b6e2 vs cand-dedddf6): 1-0 {White wins by adjudication}
Started game 1405 of 3000 (cand-dedddf6 vs ref-248b6e2)
Finished game 1397 (cand-dedddf6 vs ref-248b6e2): 0-1 {Black wins by adjudication}
Started game 1406 of 3000 (ref-248b6e2 vs cand-dedddf6)
Finished game 1391 (cand-dedddf6 vs ref-248b6e2): 1/2-1/2 {Draw by 3-fold repetition}
Started game 1407 of 3000 (cand-dedddf6 vs ref-248b6e2)
Finished game 1402 (ref-248b6e2 vs cand-dedddf6): 1/2-1/2 {Draw by 3-fold repetition}
Started game 1408 of 3000 (ref-248b6e2 vs cand-dedddf6)
Finished game 1396 (ref-248b6e2 vs cand-dedddf6): 0-1 {Black wins by adjudication}
Started game 1409 of 3000 (cand-dedddf6 vs ref-248b6e2)
Finished game 1395 (cand-dedddf6 vs ref-248b6e2): 0-1 {Black wins by adjudication}
Started game 1410 of 3000 (ref-248b6e2 vs cand-dedddf6)
Finished game 1401 (cand-dedddf6 vs ref-248b6e2): 0-1 {Black wins by adjudication}
Started game 1411 of 3000 (cand-dedddf6 vs ref-248b6e2)
Finished game 1400 (ref-248b6e2 vs cand-dedddf6): 0-1 {Black wins by adjudication}
Started game 1412 of 3000 (ref-248b6e2 vs cand-dedddf6)
Finished game 1399 (cand-dedddf6 vs ref-248b6e2): 0-1 {Black wins by adjudication}
--------------------------------------------------
Results of cand-dedddf6 vs ref-248b6e2 (8+0.08, 1t, 16MB, noob_3moves.epd):
Elo: -2.48 +/- 13.61, nElo: -3.32 +/- 18.20
LOS: 36.03 %, DrawRatio: 34.57 %, PairsRatio: 1.03
Games: 1400, Wins: 416, Losses: 426, Draws: 558, Points: 695.0 (49.64 %)
Ptnml(0-2): [62, 164, 242, 186, 46], WL/DD Ratio: 1.33
--------------------------------------------------
Started game 1413 of 3000 (cand-dedddf6 vs ref-248b6e2)
Finished game 1404 (ref-248b6e2 vs cand-dedddf6): 1-0 {White wins by adjudication}
Started game 1414 of 3000 (ref-248b6e2 vs cand-dedddf6)
Finished game 1408 (ref-248b6e2 vs cand-dedddf6): 0-1 {Black wins by adjudication}
Started game 1415 of 3000 (cand-dedddf6 vs ref-248b6e2)
Finished game 1398 (ref-248b6e2 vs cand-dedddf6): 1/2-1/2 {Draw by adjudication}
Started game 1416 of 3000 (ref-248b6e2 vs cand-dedddf6)
Finished game 1407 (cand-dedddf6 vs ref-248b6e2): 1/2-1/2 {Draw by insufficient mating material}
Started game 1417 of 3000 (cand-dedddf6 vs ref-248b6e2)
Finished game 1406 (ref-248b6e2 vs cand-dedddf6): 1-0 {White wins by adjudication}
Started game 1418 of 3000 (ref-248b6e2 vs cand-dedddf6)
Finished game 1403 (cand-dedddf6 vs ref-248b6e2): 1/2-1/2 {Draw by fifty moves rule}
Started game 1419 of 3000 (cand-dedddf6 vs ref-248b6e2)
Finished game 1410 (ref-248b6e2 vs cand-dedddf6): 0-1 {Black wins by adjudication}
Started game 1420 of 3000 (ref-248b6e2 vs cand-dedddf6)
Finished game 1411 (cand-dedddf6 vs ref-248b6e2): 1-0 {White wins by adjudication}
Started game 1421 of 3000 (cand-dedddf6 vs ref-248b6e2)
Finished game 1412 (ref-248b6e2 vs cand-dedddf6): 1-0 {White wins by adjudication}
Started game 1422 of 3000 (ref-248b6e2 vs cand-dedddf6)
Finished game 1405 (cand-dedddf6 vs ref-248b6e2): 1/2-1/2 {Draw by insufficient mating material}
Started game 1423 of 3000 (cand-dedddf6 vs ref-248b6e2)
Finished game 1413 (cand-dedddf6 vs ref-248b6e2): 1-0 {White wins by adjudication}
Started game 1424 of 3000 (ref-248b6e2 vs cand-dedddf6)
Finished game 1409 (cand-dedddf6 vs ref-248b6e2): 1/2-1/2 {Draw by insufficient mating material}
Started game 1425 of 3000 (cand-dedddf6 vs ref-248b6e2)
Finished game 1420 (ref-248b6e2 vs cand-dedddf6): 0-1 {Black wins by adjudication}
Started game 1426 of 3000 (ref-248b6e2 vs cand-dedddf6)
Finished game 1414 (ref-248b6e2 vs cand-dedddf6): 1/2-1/2 {Draw by 3-fold repetition}
Started game 1427 of 3000 (cand-dedddf6 vs ref-248b6e2)
Finished game 1416 (ref-248b6e2 vs cand-dedddf6): 0-1 {Black wins by adjudication}
Started game 1428 of 3000 (ref-248b6e2 vs cand-dedddf6)
Finished game 1418 (ref-248b6e2 vs cand-dedddf6): 1/2-1/2 {Draw by 3-fold repetition}
Started game 1429 of 3000 (cand-dedddf6 vs ref-248b6e2)
Finished game 1415 (cand-dedddf6 vs ref-248b6e2): 1-0 {White wins by adjudication}
Started game 1430 of 3000 (ref-248b6e2 vs cand-dedddf6)
Finished game 1424 (ref-248b6e2 vs cand-dedddf6): 0-1 {Black wins by adjudication}
Started game 1431 of 3000 (cand-dedddf6 vs ref-248b6e2)
Finished game 1419 (cand-dedddf6 vs ref-248b6e2): 0-1 {Black wins by adjudication}
--------------------------------------------------
Results of cand-dedddf6 vs ref-248b6e2 (8+0.08, 1t, 16MB, noob_3moves.epd):
Elo: -1.96 +/- 13.52, nElo: -2.62 +/- 18.08
LOS: 38.81 %, DrawRatio: 34.41 %, PairsRatio: 1.03
Games: 1418, Wins: 423, Losses: 431, Draws: 564, Points: 705.0 (49.72 %)
Ptnml(0-2): [62, 167, 244, 189, 47], WL/DD Ratio: 1.35
--------------------------------------------------
Started game 1432 of 3000 (ref-248b6e2 vs cand-dedddf6)
Finished game 1422 (ref-248b6e2 vs cand-dedddf6): 0-1 {Black wins by adjudication}
Started game 1433 of 3000 (cand-dedddf6 vs ref-248b6e2)
Finished game 1423 (cand-dedddf6 vs ref-248b6e2): 0-1 {Black wins by adjudication}
Started game 1434 of 3000 (ref-248b6e2 vs cand-dedddf6)
Finished game 1421 (cand-dedddf6 vs ref-248b6e2): 1/2-1/2 {Draw by insufficient mating material}
Started game 1435 of 3000 (cand-dedddf6 vs ref-248b6e2)
Finished game 1429 (cand-dedddf6 vs ref-248b6e2): 0-1 {Black wins by adjudication}
Started game 1436 of 3000 (ref-248b6e2 vs cand-dedddf6)
Finished game 1417 (cand-dedddf6 vs ref-248b6e2): 1/2-1/2 {Draw by 3-fold repetition}
Started game 1437 of 3000 (cand-dedddf6 vs ref-248b6e2)
Finished game 1430 (ref-248b6e2 vs cand-dedddf6): 1-0 {White wins by adjudication}
Started game 1438 of 3000 (ref-248b6e2 vs cand-dedddf6)
Finished game 1425 (cand-dedddf6 vs ref-248b6e2): 1/2-1/2 {Draw by adjudication}
Started game 1439 of 3000 (cand-dedddf6 vs ref-248b6e2)
Finished game 1427 (cand-dedddf6 vs ref-248b6e2): 0-1 {Black wins by adjudication}
Started game 1440 of 3000 (ref-248b6e2 vs cand-dedddf6)
Finished game 1431 (cand-dedddf6 vs ref-248b6e2): 1/2-1/2 {Draw by 3-fold repetition}
Started game 1441 of 3000 (cand-dedddf6 vs ref-248b6e2)
Finished game 1434 (ref-248b6e2 vs cand-dedddf6): 1-0 {White wins by adjudication}
Started game 1442 of 3000 (ref-248b6e2 vs cand-dedddf6)
Finished game 1437 (cand-dedddf6 vs ref-248b6e2): 1-0 {White wins by adjudication}
Started game 1443 of 3000 (cand-dedddf6 vs ref-248b6e2)
Finished game 1428 (ref-248b6e2 vs cand-dedddf6): 1/2-1/2 {Draw by adjudication}
Started game 1444 of 3000 (ref-248b6e2 vs cand-dedddf6)
Finished game 1435 (cand-dedddf6 vs ref-248b6e2): 0-1 {Black wins by adjudication}
Started game 1445 of 3000 (cand-dedddf6 vs ref-248b6e2)
Finished game 1441 (cand-dedddf6 vs ref-248b6e2): 0-1 {Black wins by adjudication}
Started game 1446 of 3000 (ref-248b6e2 vs cand-dedddf6)
Finished game 1426 (ref-248b6e2 vs cand-dedddf6): 0-1 {Black wins by adjudication}
Started game 1447 of 3000 (cand-dedddf6 vs ref-248b6e2)
Finished game 1440 (ref-248b6e2 vs cand-dedddf6): 0-1 {Black wins by adjudication}
Started game 1448 of 3000 (ref-248b6e2 vs cand-dedddf6)
Finished game 1436 (ref-248b6e2 vs cand-dedddf6): 1-0 {White wins by adjudication}
Started game 1449 of 3000 (cand-dedddf6 vs ref-248b6e2)
Finished game 1438 (ref-248b6e2 vs cand-dedddf6): 0-1 {Black wins by adjudication}
Started game 1450 of 3000 (ref-248b6e2 vs cand-dedddf6)
Finished game 1433 (cand-dedddf6 vs ref-248b6e2): 1/2-1/2 {Draw by adjudication}
Started game 1451 of 3000 (cand-dedddf6 vs ref-248b6e2)
Finished game 1432 (ref-248b6e2 vs cand-dedddf6): 1/2-1/2 {Draw by adjudication}
Started game 1452 of 3000 (ref-248b6e2 vs cand-dedddf6)
Finished game 1439 (cand-dedddf6 vs ref-248b6e2): 1/2-1/2 {Draw by 3-fold repetition}
--------------------------------------------------
Results of cand-dedddf6 vs ref-248b6e2 (8+0.08, 1t, 16MB, noob_3moves.epd):
Elo: -2.17 +/- 13.46, nElo: -2.90 +/- 17.94
LOS: 37.58 %, DrawRatio: 34.31 %, PairsRatio: 1.03
Games: 1440, Wins: 429, Losses: 438, Draws: 573, Points: 715.5 (49.69 %)
Ptnml(0-2): [64, 169, 247, 192, 48], WL/DD Ratio: 1.33
--------------------------------------------------
Started game 1453 of 3000 (cand-dedddf6 vs ref-248b6e2)
Finished game 1443 (cand-dedddf6 vs ref-248b6e2): 1-0 {White wins by adjudication}
Started game 1454 of 3000 (ref-248b6e2 vs cand-dedddf6)
Finished game 1442 (ref-248b6e2 vs cand-dedddf6): 1-0 {White wins by adjudication}
Started game 1455 of 3000 (cand-dedddf6 vs ref-248b6e2)
Finished game 1450 (ref-248b6e2 vs cand-dedddf6): 1/2-1/2 {Draw by 3-fold repetition}
Started game 1456 of 3000 (ref-248b6e2 vs cand-dedddf6)
Finished game 1445 (cand-dedddf6 vs ref-248b6e2): 1/2-1/2 {Draw by adjudication}
Started game 1457 of 3000 (cand-dedddf6 vs ref-248b6e2)
Finished game 1452 (ref-248b6e2 vs cand-dedddf6): 1/2-1/2 {Draw by 3-fold repetition}
Started game 1458 of 3000 (ref-248b6e2 vs cand-dedddf6)
Finished game 1444 (ref-248b6e2 vs cand-dedddf6): 1/2-1/2 {Draw by insufficient mating material}
Started game 1459 of 3000 (cand-dedddf6 vs ref-248b6e2)
Finished game 1448 (ref-248b6e2 vs cand-dedddf6): 1/2-1/2 {Draw by 3-fold repetition}
Started game 1460 of 3000 (ref-248b6e2 vs cand-dedddf6)
Finished game 1447 (cand-dedddf6 vs ref-248b6e2): 1-0 {White wins by adjudication}
Started game 1461 of 3000 (cand-dedddf6 vs ref-248b6e2)
Finished game 1446 (ref-248b6e2 vs cand-dedddf6): 1-0 {White wins by adjudication}
Started game 1462 of 3000 (ref-248b6e2 vs cand-dedddf6)
Finished game 1449 (cand-dedddf6 vs ref-248b6e2): 0-1 {Black wins by adjudication}
Started game 1463 of 3000 (cand-dedddf6 vs ref-248b6e2)
Finished game 1453 (cand-dedddf6 vs ref-248b6e2): 1-0 {White wins by adjudication}
Started game 1464 of 3000 (ref-248b6e2 vs cand-dedddf6)
Finished game 1451 (cand-dedddf6 vs ref-248b6e2): 1/2-1/2 {Draw by 3-fold repetition}
Started game 1465 of 3000 (cand-dedddf6 vs ref-248b6e2)
Finished game 1454 (ref-248b6e2 vs cand-dedddf6): 1-0 {White wins by adjudication}
Started game 1466 of 3000 (ref-248b6e2 vs cand-dedddf6)
Finished game 1457 (cand-dedddf6 vs ref-248b6e2): 0-1 {Black wins by adjudication}
Started game 1467 of 3000 (cand-dedddf6 vs ref-248b6e2)
Finished game 1462 (ref-248b6e2 vs cand-dedddf6): 1/2-1/2 {Draw by 3-fold repetition}
Started game 1468 of 3000 (ref-248b6e2 vs cand-dedddf6)
Finished game 1456 (ref-248b6e2 vs cand-dedddf6): 0-1 {Black wins by adjudication}
Started game 1469 of 3000 (cand-dedddf6 vs ref-248b6e2)
Finished game 1461 (cand-dedddf6 vs ref-248b6e2): 1/2-1/2 {Draw by 3-fold repetition}
Started game 1470 of 3000 (ref-248b6e2 vs cand-dedddf6)
Finished game 1455 (cand-dedddf6 vs ref-248b6e2): 1-0 {White wins by adjudication}
Started game 1471 of 3000 (cand-dedddf6 vs ref-248b6e2)
Finished game 1458 (ref-248b6e2 vs cand-dedddf6): 1/2-1/2 {Draw by adjudication}
Started game 1472 of 3000 (ref-248b6e2 vs cand-dedddf6)
Finished game 1460 (ref-248b6e2 vs cand-dedddf6): 1-0 {White wins by adjudication}
Started game 1473 of 3000 (cand-dedddf6 vs ref-248b6e2)
Finished game 1466 (ref-248b6e2 vs cand-dedddf6): 1/2-1/2 {Draw by 3-fold repetition}
Started game 1474 of 3000 (ref-248b6e2 vs cand-dedddf6)
Finished game 1467 (cand-dedddf6 vs ref-248b6e2): 0-1 {Black wins by adjudication}
Started game 1475 of 3000 (cand-dedddf6 vs ref-248b6e2)
Finished game 1464 (ref-248b6e2 vs cand-dedddf6): 1/2-1/2 {Draw by 3-fold repetition}
Started game 1476 of 3000 (ref-248b6e2 vs cand-dedddf6)
Finished game 1459 (cand-dedddf6 vs ref-248b6e2): 1/2-1/2 {Draw by adjudication}
--------------------------------------------------
Results of cand-dedddf6 vs ref-248b6e2 (8+0.08, 1t, 16MB, noob_3moves.epd):
Elo: -2.61 +/- 13.37, nElo: -3.48 +/- 17.81
LOS: 35.07 %, DrawRatio: 34.20 %, PairsRatio: 1.02
Games: 1462, Wins: 434, Losses: 445, Draws: 583, Points: 725.5 (49.62 %)
Ptnml(0-2): [65, 173, 250, 194, 49], WL/DD Ratio: 1.31
--------------------------------------------------
Started game 1477 of 3000 (cand-dedddf6 vs ref-248b6e2)
Finished game 1463 (cand-dedddf6 vs ref-248b6e2): 1/2-1/2 {Draw by insufficient mating material}
Started game 1478 of 3000 (ref-248b6e2 vs cand-dedddf6)
Finished game 1468 (ref-248b6e2 vs cand-dedddf6): 1/2-1/2 {Draw by 3-fold repetition}
Started game 1479 of 3000 (cand-dedddf6 vs ref-248b6e2)
Finished game 1465 (cand-dedddf6 vs ref-248b6e2): 1/2-1/2 {Draw by adjudication}
Started game 1480 of 3000 (ref-248b6e2 vs cand-dedddf6)
Finished game 1469 (cand-dedddf6 vs ref-248b6e2): 1-0 {White wins by adjudication}
Started game 1481 of 3000 (cand-dedddf6 vs ref-248b6e2)
Finished game 1471 (cand-dedddf6 vs ref-248b6e2): 0-1 {Black wins by adjudication}
Started game 1482 of 3000 (ref-248b6e2 vs cand-dedddf6)
Finished game 1476 (ref-248b6e2 vs cand-dedddf6): 1-0 {White wins by adjudication}
Started game 1483 of 3000 (cand-dedddf6 vs ref-248b6e2)
Finished game 1473 (cand-dedddf6 vs ref-248b6e2): 0-1 {Black wins by adjudication}
Started game 1484 of 3000 (ref-248b6e2 vs cand-dedddf6)
Finished game 1475 (cand-dedddf6 vs ref-248b6e2): 0-1 {Black wins by adjudication}
Started game 1485 of 3000 (cand-dedddf6 vs ref-248b6e2)
Finished game 1474 (ref-248b6e2 vs cand-dedddf6): 0-1 {Black wins by adjudication}
Started game 1486 of 3000 (ref-248b6e2 vs cand-dedddf6)
Finished game 1477 (cand-dedddf6 vs ref-248b6e2): 1-0 {White wins by adjudication}
Started game 1487 of 3000 (cand-dedddf6 vs ref-248b6e2)
Finished game 1470 (ref-248b6e2 vs cand-dedddf6): 1/2-1/2 {Draw by adjudication}
Started game 1488 of 3000 (ref-248b6e2 vs cand-dedddf6)
Finished game 1478 (ref-248b6e2 vs cand-dedddf6): 1/2-1/2 {Draw by 3-fold repetition}
Started game 1489 of 3000 (cand-dedddf6 vs ref-248b6e2)
Finished game 1479 (cand-dedddf6 vs ref-248b6e2): 1-0 {White wins by adjudication}
Started game 1490 of 3000 (ref-248b6e2 vs cand-dedddf6)
Finished game 1480 (ref-248b6e2 vs cand-dedddf6): 0-1 {Black wins by adjudication}
--------------------------------------------------
Results of cand-dedddf6 vs ref-248b6e2 (8+0.08, 1t, 16MB, noob_3moves.epd):
Elo: -2.35 +/- 13.31, nElo: -3.13 +/- 17.71
LOS: 36.46 %, DrawRatio: 34.24 %, PairsRatio: 1.02
Games: 1478, Wins: 439, Losses: 449, Draws: 590, Points: 734.0 (49.66 %)
Ptnml(0-2): [66, 174, 253, 196, 50], WL/DD Ratio: 1.30
--------------------------------------------------
Started game 1491 of 3000 (cand-dedddf6 vs ref-248b6e2)
Finished game 1472 (ref-248b6e2 vs cand-dedddf6): 1-0 {White wins by adjudication}
Started game 1492 of 3000 (ref-248b6e2 vs cand-dedddf6)
Finished game 1481 (cand-dedddf6 vs ref-248b6e2): 0-1 {Black wins by adjudication}
Started game 1493 of 3000 (cand-dedddf6 vs ref-248b6e2)
Finished game 1485 (cand-dedddf6 vs ref-248b6e2): 1-0 {White wins by adjudication}
Started game 1494 of 3000 (ref-248b6e2 vs cand-dedddf6)
Finished game 1482 (ref-248b6e2 vs cand-dedddf6): 1-0 {White wins by adjudication}
Started game 1495 of 3000 (cand-dedddf6 vs ref-248b6e2)
Finished game 1484 (ref-248b6e2 vs cand-dedddf6): 0-1 {Black wins by adjudication}
Started game 1496 of 3000 (ref-248b6e2 vs cand-dedddf6)
Finished game 1491 (cand-dedddf6 vs ref-248b6e2): 1/2-1/2 {Draw by 3-fold repetition}
Started game 1497 of 3000 (cand-dedddf6 vs ref-248b6e2)
Finished game 1483 (cand-dedddf6 vs ref-248b6e2): 0-1 {Black wins by adjudication}
Started game 1498 of 3000 (ref-248b6e2 vs cand-dedddf6)
Finished game 1489 (cand-dedddf6 vs ref-248b6e2): 1-0 {White wins by adjudication}
Started game 1499 of 3000 (cand-dedddf6 vs ref-248b6e2)
Finished game 1486 (ref-248b6e2 vs cand-dedddf6): 1/2-1/2 {Draw by insufficient mating material}
Started game 1500 of 3000 (ref-248b6e2 vs cand-dedddf6)
Finished game 1488 (ref-248b6e2 vs cand-dedddf6): 1-0 {White wins by adjudication}
Started game 1501 of 3000 (cand-dedddf6 vs ref-248b6e2)
Finished game 1490 (ref-248b6e2 vs cand-dedddf6): 1-0 {White wins by adjudication}
Started game 1502 of 3000 (ref-248b6e2 vs cand-dedddf6)
Finished game 1492 (ref-248b6e2 vs cand-dedddf6): 0-1 {Black wins by adjudication}
Started game 1503 of 3000 (cand-dedddf6 vs ref-248b6e2)
Finished game 1494 (ref-248b6e2 vs cand-dedddf6): 0-1 {Black wins by adjudication}
Started game 1504 of 3000 (ref-248b6e2 vs cand-dedddf6)
Finished game 1487 (cand-dedddf6 vs ref-248b6e2): 1-0 {White wins by adjudication}
Started game 1505 of 3000 (cand-dedddf6 vs ref-248b6e2)
Finished game 1493 (cand-dedddf6 vs ref-248b6e2): 0-1 {Black wins by adjudication}
Started game 1506 of 3000 (ref-248b6e2 vs cand-dedddf6)
Finished game 1499 (cand-dedddf6 vs ref-248b6e2): 0-1 {Black wins by adjudication}
Started game 1507 of 3000 (cand-dedddf6 vs ref-248b6e2)
Finished game 1495 (cand-dedddf6 vs ref-248b6e2): 1/2-1/2 {Draw by insufficient mating material}
Started game 1508 of 3000 (ref-248b6e2 vs cand-dedddf6)
Finished game 1497 (cand-dedddf6 vs ref-248b6e2): 0-1 {Black wins by adjudication}
Started game 1509 of 3000 (cand-dedddf6 vs ref-248b6e2)
Finished game 1498 (ref-248b6e2 vs cand-dedddf6): 1-0 {White wins by adjudication}
Started game 1510 of 3000 (ref-248b6e2 vs cand-dedddf6)
Finished game 1500 (ref-248b6e2 vs cand-dedddf6): 0-1 {Black wins by adjudication}
--------------------------------------------------
Results of cand-dedddf6 vs ref-248b6e2 (8+0.08, 1t, 16MB, noob_3moves.epd):
Elo: -3.25 +/- 13.24, nElo: -4.32 +/- 17.59
LOS: 31.53 %, DrawRatio: 34.45 %, PairsRatio: 1.02
Games: 1498, Wins: 446, Losses: 460, Draws: 592, Points: 742.0 (49.53 %)
Ptnml(0-2): [69, 174, 258, 198, 50], WL/DD Ratio: 1.35
--------------------------------------------------
Started game 1511 of 3000 (cand-dedddf6 vs ref-248b6e2)
Finished game 1496 (ref-248b6e2 vs cand-dedddf6): 1-0 {White wins by adjudication}
Started game 1512 of 3000 (ref-248b6e2 vs cand-dedddf6)
Finished game 1501 (cand-dedddf6 vs ref-248b6e2): 0-1 {Black wins by adjudication}
Started game 1513 of 3000 (cand-dedddf6 vs ref-248b6e2)
Finished game 1504 (ref-248b6e2 vs cand-dedddf6): 1/2-1/2 {Draw by 3-fold repetition}
Started game 1514 of 3000 (ref-248b6e2 vs cand-dedddf6)
Finished game 1503 (cand-dedddf6 vs ref-248b6e2): 1/2-1/2 {Draw by 3-fold repetition}
Started game 1515 of 3000 (cand-dedddf6 vs ref-248b6e2)
Finished game 1505 (cand-dedddf6 vs ref-248b6e2): 1/2-1/2 {Draw by 3-fold repetition}
Started game 1516 of 3000 (ref-248b6e2 vs cand-dedddf6)
Finished game 1502 (ref-248b6e2 vs cand-dedddf6): 1/2-1/2 {Draw by adjudication}
Started game 1517 of 3000 (cand-dedddf6 vs ref-248b6e2)
Finished game 1506 (ref-248b6e2 vs cand-dedddf6): 0-1 {Black wins by adjudication}
Started game 1518 of 3000 (ref-248b6e2 vs cand-dedddf6)
Finished game 1513 (cand-dedddf6 vs ref-248b6e2): 1/2-1/2 {Draw by adjudication}
Started game 1519 of 3000 (cand-dedddf6 vs ref-248b6e2)
Finished game 1510 (ref-248b6e2 vs cand-dedddf6): 1/2-1/2 {Draw by adjudication}
Started game 1520 of 3000 (ref-248b6e2 vs cand-dedddf6)
Finished game 1507 (cand-dedddf6 vs ref-248b6e2): 0-1 {Black wins by adjudication}
Started game 1521 of 3000 (cand-dedddf6 vs ref-248b6e2)
Finished game 1509 (cand-dedddf6 vs ref-248b6e2): 1/2-1/2 {Draw by insufficient mating material}
Started game 1522 of 3000 (ref-248b6e2 vs cand-dedddf6)
Finished game 1512 (ref-248b6e2 vs cand-dedddf6): 1-0 {White wins by adjudication}
Started game 1523 of 3000 (cand-dedddf6 vs ref-248b6e2)
Finished game 1516 (ref-248b6e2 vs cand-dedddf6): 0-1 {Black wins by adjudication}
Started game 1524 of 3000 (ref-248b6e2 vs cand-dedddf6)
Finished game 1511 (cand-dedddf6 vs ref-248b6e2): 0-1 {Black wins by adjudication}
Started game 1525 of 3000 (cand-dedddf6 vs ref-248b6e2)
Finished game 1508 (ref-248b6e2 vs cand-dedddf6): 0-1 {Black wins by adjudication}
Started game 1526 of 3000 (ref-248b6e2 vs cand-dedddf6)
Finished game 1515 (cand-dedddf6 vs ref-248b6e2): 1/2-1/2 {Draw by adjudication}
Started game 1527 of 3000 (cand-dedddf6 vs ref-248b6e2)
Finished game 1514 (ref-248b6e2 vs cand-dedddf6): 1-0 {White wins by adjudication}
Started game 1528 of 3000 (ref-248b6e2 vs cand-dedddf6)
Finished game 1519 (cand-dedddf6 vs ref-248b6e2): 1/2-1/2 {Draw by 3-fold repetition}
Started game 1529 of 3000 (cand-dedddf6 vs ref-248b6e2)
Finished game 1523 (cand-dedddf6 vs ref-248b6e2): 1/2-1/2 {Draw by 3-fold repetition}
Started game 1530 of 3000 (ref-248b6e2 vs cand-dedddf6)
Finished game 1517 (cand-dedddf6 vs ref-248b6e2): 1-0 {White wins by adjudication}
Started game 1531 of 3000 (cand-dedddf6 vs ref-248b6e2)
Finished game 1521 (cand-dedddf6 vs ref-248b6e2): 0-1 {Black wins by adjudication}
Started game 1532 of 3000 (ref-248b6e2 vs cand-dedddf6)
Finished game 1520 (ref-248b6e2 vs cand-dedddf6): 1/2-1/2 {Draw by 3-fold repetition}
--------------------------------------------------
Results of cand-dedddf6 vs ref-248b6e2 (8+0.08, 1t, 16MB, noob_3moves.epd):
Elo: -3.89 +/- 13.14, nElo: -5.18 +/- 17.48
LOS: 28.07 %, DrawRatio: 34.52 %, PairsRatio: 1.01
Games: 1518, Wins: 449, Losses: 466, Draws: 603, Points: 750.5 (49.44 %)
Ptnml(0-2): [70, 177, 262, 200, 50], WL/DD Ratio: 1.32
--------------------------------------------------
Started game 1533 of 3000 (cand-dedddf6 vs ref-248b6e2)
Finished game 1528 (ref-248b6e2 vs cand-dedddf6): 1-0 {White wins by adjudication}
Started game 1534 of 3000 (ref-248b6e2 vs cand-dedddf6)
Finished game 1524 (ref-248b6e2 vs cand-dedddf6): 1-0 {White wins by adjudication}
Started game 1535 of 3000 (cand-dedddf6 vs ref-248b6e2)
Finished game 1518 (ref-248b6e2 vs cand-dedddf6): 1-0 {White wins by adjudication}
Started game 1536 of 3000 (ref-248b6e2 vs cand-dedddf6)
Finished game 1526 (ref-248b6e2 vs cand-dedddf6): 0-1 {Black wins by adjudication}
Started game 1537 of 3000 (cand-dedddf6 vs ref-248b6e2)
Finished game 1525 (cand-dedddf6 vs ref-248b6e2): 1/2-1/2 {Draw by 3-fold repetition}
Started game 1538 of 3000 (ref-248b6e2 vs cand-dedddf6)
Finished game 1527 (cand-dedddf6 vs ref-248b6e2): 1-0 {White wins by adjudication}
Started game 1539 of 3000 (cand-dedddf6 vs ref-248b6e2)
Finished game 1522 (ref-248b6e2 vs cand-dedddf6): 1/2-1/2 {Draw by 3-fold repetition}
Started game 1540 of 3000 (ref-248b6e2 vs cand-dedddf6)
Finished game 1531 (cand-dedddf6 vs ref-248b6e2): 0-1 {Black wins by adjudication}
Started game 1541 of 3000 (cand-dedddf6 vs ref-248b6e2)
Finished game 1532 (ref-248b6e2 vs cand-dedddf6): 0-1 {Black wins by adjudication}
Started game 1542 of 3000 (ref-248b6e2 vs cand-dedddf6)
Finished game 1530 (ref-248b6e2 vs cand-dedddf6): 1-0 {White wins by adjudication}
Started game 1543 of 3000 (cand-dedddf6 vs ref-248b6e2)
Finished game 1529 (cand-dedddf6 vs ref-248b6e2): 0-1 {Black wins by adjudication}
Started game 1544 of 3000 (ref-248b6e2 vs cand-dedddf6)
Finished game 1533 (cand-dedddf6 vs ref-248b6e2): 1/2-1/2 {Draw by 3-fold repetition}
Started game 1545 of 3000 (cand-dedddf6 vs ref-248b6e2)
Finished game 1534 (ref-248b6e2 vs cand-dedddf6): 1/2-1/2 {Draw by 3-fold repetition}
Started game 1546 of 3000 (ref-248b6e2 vs cand-dedddf6)
Finished game 1539 (cand-dedddf6 vs ref-248b6e2): 1-0 {White wins by adjudication}
Started game 1547 of 3000 (cand-dedddf6 vs ref-248b6e2)
Finished game 1536 (ref-248b6e2 vs cand-dedddf6): 1-0 {White wins by adjudication}
Started game 1548 of 3000 (ref-248b6e2 vs cand-dedddf6)
Finished game 1542 (ref-248b6e2 vs cand-dedddf6): 1/2-1/2 {Draw by 3-fold repetition}
Started game 1549 of 3000 (cand-dedddf6 vs ref-248b6e2)
Finished game 1537 (cand-dedddf6 vs ref-248b6e2): 1/2-1/2 {Draw by insufficient mating material}
Started game 1550 of 3000 (ref-248b6e2 vs cand-dedddf6)
Finished game 1538 (ref-248b6e2 vs cand-dedddf6): 1/2-1/2 {Draw by 3-fold repetition}
Started game 1551 of 3000 (cand-dedddf6 vs ref-248b6e2)
Finished game 1540 (ref-248b6e2 vs cand-dedddf6): 1-0 {White wins by adjudication}
--------------------------------------------------
Results of cand-dedddf6 vs ref-248b6e2 (8+0.08, 1t, 16MB, noob_3moves.epd):
Elo: -4.52 +/- 13.02, nElo: -6.03 +/- 17.36
LOS: 24.81 %, DrawRatio: 34.85 %, PairsRatio: 1.00
Games: 1538, Wins: 454, Losses: 474, Draws: 610, Points: 759.0 (49.35 %)
Ptnml(0-2): [71, 179, 268, 201, 50], WL/DD Ratio: 1.33
--------------------------------------------------
Started game 1552 of 3000 (ref-248b6e2 vs cand-dedddf6)
Finished game 1535 (cand-dedddf6 vs ref-248b6e2): 1/2-1/2 {Draw by insufficient mating material}
Started game 1553 of 3000 (cand-dedddf6 vs ref-248b6e2)
Finished game 1543 (cand-dedddf6 vs ref-248b6e2): 1-0 {White wins by adjudication}
Started game 1554 of 3000 (ref-248b6e2 vs cand-dedddf6)
Finished game 1541 (cand-dedddf6 vs ref-248b6e2): 1/2-1/2 {Draw by fifty moves rule}
Started game 1555 of 3000 (cand-dedddf6 vs ref-248b6e2)
Finished game 1545 (cand-dedddf6 vs ref-248b6e2): 1-0 {White wins by adjudication}
Started game 1556 of 3000 (ref-248b6e2 vs cand-dedddf6)
Finished game 1547 (cand-dedddf6 vs ref-248b6e2): 0-1 {Black wins by adjudication}
Started game 1557 of 3000 (cand-dedddf6 vs ref-248b6e2)
Finished game 1544 (ref-248b6e2 vs cand-dedddf6): 1/2-1/2 {Draw by 3-fold repetition}
Started game 1558 of 3000 (ref-248b6e2 vs cand-dedddf6)
Finished game 1549 (cand-dedddf6 vs ref-248b6e2): 1-0 {White wins by adjudication}
Started game 1559 of 3000 (cand-dedddf6 vs ref-248b6e2)
Finished game 1546 (ref-248b6e2 vs cand-dedddf6): 1-0 {White wins by adjudication}
Started game 1560 of 3000 (ref-248b6e2 vs cand-dedddf6)
Finished game 1548 (ref-248b6e2 vs cand-dedddf6): 1/2-1/2 {Draw by 3-fold repetition}
Started game 1561 of 3000 (cand-dedddf6 vs ref-248b6e2)
Finished game 1551 (cand-dedddf6 vs ref-248b6e2): 0-1 {Black wins by adjudication}
Started game 1562 of 3000 (ref-248b6e2 vs cand-dedddf6)
Finished game 1553 (cand-dedddf6 vs ref-248b6e2): 0-1 {Black wins by adjudication}
Started game 1563 of 3000 (cand-dedddf6 vs ref-248b6e2)
Finished game 1555 (cand-dedddf6 vs ref-248b6e2): 1/2-1/2 {Draw by 3-fold repetition}
Started game 1564 of 3000 (ref-248b6e2 vs cand-dedddf6)
Finished game 1550 (ref-248b6e2 vs cand-dedddf6): 1/2-1/2 {Draw by 3-fold repetition}
Started game 1565 of 3000 (cand-dedddf6 vs ref-248b6e2)
Finished game 1559 (cand-dedddf6 vs ref-248b6e2): 1-0 {White wins by adjudication}
Started game 1566 of 3000 (ref-248b6e2 vs cand-dedddf6)
Finished game 1554 (ref-248b6e2 vs cand-dedddf6): 1-0 {White wins by adjudication}
Started game 1567 of 3000 (cand-dedddf6 vs ref-248b6e2)
Finished game 1552 (ref-248b6e2 vs cand-dedddf6): 1/2-1/2 {Draw by fifty moves rule}
Started game 1568 of 3000 (ref-248b6e2 vs cand-dedddf6)
Finished game 1556 (ref-248b6e2 vs cand-dedddf6): 1/2-1/2 {Draw by 3-fold repetition}
Started game 1569 of 3000 (cand-dedddf6 vs ref-248b6e2)
Finished game 1560 (ref-248b6e2 vs cand-dedddf6): 1-0 {White wins by adjudication}
--------------------------------------------------
Results of cand-dedddf6 vs ref-248b6e2 (8+0.08, 1t, 16MB, noob_3moves.epd):
Elo: -5.13 +/- 12.92, nElo: -6.85 +/- 17.25
LOS: 21.81 %, DrawRatio: 34.92 %, PairsRatio: 1.00
Games: 1558, Wins: 458, Losses: 481, Draws: 619, Points: 767.5 (49.26 %)
Ptnml(0-2): [72, 182, 272, 203, 50], WL/DD Ratio: 1.32
--------------------------------------------------
Started game 1570 of 3000 (ref-248b6e2 vs cand-dedddf6)
Finished game 1558 (ref-248b6e2 vs cand-dedddf6): 1/2-1/2 {Draw by adjudication}
Started game 1571 of 3000 (cand-dedddf6 vs ref-248b6e2)
Finished game 1557 (cand-dedddf6 vs ref-248b6e2): 0-1 {Black wins by adjudication}
Started game 1572 of 3000 (ref-248b6e2 vs cand-dedddf6)
Finished game 1563 (cand-dedddf6 vs ref-248b6e2): 1/2-1/2 {Draw by 3-fold repetition}
Started game 1573 of 3000 (cand-dedddf6 vs ref-248b6e2)
Finished game 1562 (ref-248b6e2 vs cand-dedddf6): 0-1 {Black wins by adjudication}
Started game 1574 of 3000 (ref-248b6e2 vs cand-dedddf6)
Finished game 1566 (ref-248b6e2 vs cand-dedddf6): 1/2-1/2 {Draw by 3-fold repetition}
Started game 1575 of 3000 (cand-dedddf6 vs ref-248b6e2)
Finished game 1561 (cand-dedddf6 vs ref-248b6e2): 0-1 {Black wins by adjudication}
Started game 1576 of 3000 (ref-248b6e2 vs cand-dedddf6)
Finished game 1565 (cand-dedddf6 vs ref-248b6e2): 1/2-1/2 {Draw by adjudication}
Started game 1577 of 3000 (cand-dedddf6 vs ref-248b6e2)
Finished game 1564 (ref-248b6e2 vs cand-dedddf6): 0-1 {Black wins by adjudication}
Started game 1578 of 3000 (ref-248b6e2 vs cand-dedddf6)
Finished game 1570 (ref-248b6e2 vs cand-dedddf6): 1-0 {White wins by adjudication}
Started game 1579 of 3000 (cand-dedddf6 vs ref-248b6e2)
Finished game 1569 (cand-dedddf6 vs ref-248b6e2): 0-1 {Black wins by adjudication}
Started game 1580 of 3000 (ref-248b6e2 vs cand-dedddf6)
Finished game 1567 (cand-dedddf6 vs ref-248b6e2): 1-0 {White wins by adjudication}
Started game 1581 of 3000 (cand-dedddf6 vs ref-248b6e2)
Finished game 1571 (cand-dedddf6 vs ref-248b6e2): 0-1 {Black wins by adjudication}
Started game 1582 of 3000 (ref-248b6e2 vs cand-dedddf6)
Finished game 1573 (cand-dedddf6 vs ref-248b6e2): 1-0 {White wins by adjudication}
Started game 1583 of 3000 (cand-dedddf6 vs ref-248b6e2)
Finished game 1576 (ref-248b6e2 vs cand-dedddf6): 0-1 {Black wins by adjudication}
Started game 1584 of 3000 (ref-248b6e2 vs cand-dedddf6)
Finished game 1568 (ref-248b6e2 vs cand-dedddf6): 1/2-1/2 {Draw by adjudication}
Started game 1585 of 3000 (cand-dedddf6 vs ref-248b6e2)
Finished game 1572 (ref-248b6e2 vs cand-dedddf6): 1/2-1/2 {Draw by insufficient mating material}
Started game 1586 of 3000 (ref-248b6e2 vs cand-dedddf6)
Finished game 1578 (ref-248b6e2 vs cand-dedddf6): 1-0 {White wins by adjudication}
Started game 1587 of 3000 (cand-dedddf6 vs ref-248b6e2)
Finished game 1575 (cand-dedddf6 vs ref-248b6e2): 1-0 {White wins by adjudication}
Started game 1588 of 3000 (ref-248b6e2 vs cand-dedddf6)
Finished game 1579 (cand-dedddf6 vs ref-248b6e2): 1-0 {White wins by adjudication}
Started game 1589 of 3000 (cand-dedddf6 vs ref-248b6e2)
Finished game 1577 (cand-dedddf6 vs ref-248b6e2): 1-0 {White wins by adjudication}
Started game 1590 of 3000 (ref-248b6e2 vs cand-dedddf6)
Finished game 1582 (ref-248b6e2 vs cand-dedddf6): 0-1 {Black wins by adjudication}
Started game 1591 of 3000 (cand-dedddf6 vs ref-248b6e2)
Finished game 1580 (ref-248b6e2 vs cand-dedddf6): 1/2-1/2 {Draw by 3-fold repetition}
--------------------------------------------------
Results of cand-dedddf6 vs ref-248b6e2 (8+0.08, 1t, 16MB, noob_3moves.epd):
Elo: -4.84 +/- 12.85, nElo: -6.47 +/- 17.14
LOS: 22.98 %, DrawRatio: 34.85 %, PairsRatio: 1.00
Games: 1578, Wins: 465, Losses: 487, Draws: 626, Points: 778.0 (49.30 %)
Ptnml(0-2): [73, 184, 275, 206, 51], WL/DD Ratio: 1.33
--------------------------------------------------
Started game 1592 of 3000 (ref-248b6e2 vs cand-dedddf6)
Finished game 1574 (ref-248b6e2 vs cand-dedddf6): 1/2-1/2 {Draw by fifty moves rule}
Started game 1593 of 3000 (cand-dedddf6 vs ref-248b6e2)
Finished game 1581 (cand-dedddf6 vs ref-248b6e2): 1-0 {White wins by adjudication}
Started game 1594 of 3000 (ref-248b6e2 vs cand-dedddf6)
Finished game 1586 (ref-248b6e2 vs cand-dedddf6): 0-1 {Black wins by adjudication}
Started game 1595 of 3000 (cand-dedddf6 vs ref-248b6e2)
Finished game 1583 (cand-dedddf6 vs ref-248b6e2): 0-1 {Black wins by adjudication}
Started game 1596 of 3000 (ref-248b6e2 vs cand-dedddf6)
Finished game 1585 (cand-dedddf6 vs ref-248b6e2): 1-0 {White wins by adjudication}
Started game 1597 of 3000 (cand-dedddf6 vs ref-248b6e2)
Finished game 1584 (ref-248b6e2 vs cand-dedddf6): 1-0 {White wins by adjudication}
Started game 1598 of 3000 (ref-248b6e2 vs cand-dedddf6)
Finished game 1587 (cand-dedddf6 vs ref-248b6e2): 1/2-1/2 {Draw by adjudication}
Started game 1599 of 3000 (cand-dedddf6 vs ref-248b6e2)
Finished game 1588 (ref-248b6e2 vs cand-dedddf6): 1-0 {White wins by adjudication}
Started game 1600 of 3000 (ref-248b6e2 vs cand-dedddf6)
Finished game 1590 (ref-248b6e2 vs cand-dedddf6): 1-0 {White wins by adjudication}
Started game 1601 of 3000 (cand-dedddf6 vs ref-248b6e2)
Finished game 1591 (cand-dedddf6 vs ref-248b6e2): 1-0 {White wins by adjudication}
Started game 1602 of 3000 (ref-248b6e2 vs cand-dedddf6)
Finished game 1593 (cand-dedddf6 vs ref-248b6e2): 1/2-1/2 {Draw by 3-fold repetition}
Started game 1603 of 3000 (cand-dedddf6 vs ref-248b6e2)
Finished game 1589 (cand-dedddf6 vs ref-248b6e2): 0-1 {Black wins by adjudication}
Started game 1604 of 3000 (ref-248b6e2 vs cand-dedddf6)
Finished game 1594 (ref-248b6e2 vs cand-dedddf6): 1/2-1/2 {Draw by 3-fold repetition}
Started game 1605 of 3000 (cand-dedddf6 vs ref-248b6e2)
Finished game 1595 (cand-dedddf6 vs ref-248b6e2): 0-1 {Black wins by adjudication}
Started game 1606 of 3000 (ref-248b6e2 vs cand-dedddf6)
Finished game 1592 (ref-248b6e2 vs cand-dedddf6): 0-1 {Black wins by adjudication}
Started game 1607 of 3000 (cand-dedddf6 vs ref-248b6e2)
Finished game 1596 (ref-248b6e2 vs cand-dedddf6): 0-1 {Black wins by adjudication}
Started game 1608 of 3000 (ref-248b6e2 vs cand-dedddf6)
Finished game 1601 (cand-dedddf6 vs ref-248b6e2): 0-1 {Black wins by adjudication}
Started game 1609 of 3000 (cand-dedddf6 vs ref-248b6e2)
Finished game 1599 (cand-dedddf6 vs ref-248b6e2): 1-0 {White wins by adjudication}
Started game 1610 of 3000 (ref-248b6e2 vs cand-dedddf6)
Finished game 1597 (cand-dedddf6 vs ref-248b6e2): 0-1 {Black wins by adjudication}
Started game 1611 of 3000 (cand-dedddf6 vs ref-248b6e2)
Finished game 1600 (ref-248b6e2 vs cand-dedddf6): 1/2-1/2 {Draw by 3-fold repetition}
--------------------------------------------------
Results of cand-dedddf6 vs ref-248b6e2 (8+0.08, 1t, 16MB, noob_3moves.epd):
Elo: -4.13 +/- 12.85, nElo: -5.48 +/- 17.03
LOS: 26.42 %, DrawRatio: 34.67 %, PairsRatio: 1.01
Games: 1598, Wins: 474, Losses: 493, Draws: 631, Points: 789.5 (49.41 %)
Ptnml(0-2): [75, 185, 277, 208, 54], WL/DD Ratio: 1.33
--------------------------------------------------
Started game 1612 of 3000 (ref-248b6e2 vs cand-dedddf6)
Finished game 1607 (cand-dedddf6 vs ref-248b6e2): 1/2-1/2 {Draw by 3-fold repetition}
Started game 1613 of 3000 (cand-dedddf6 vs ref-248b6e2)
Finished game 1602 (ref-248b6e2 vs cand-dedddf6): 1-0 {White wins by adjudication}
Started game 1614 of 3000 (ref-248b6e2 vs cand-dedddf6)
Finished game 1604 (ref-248b6e2 vs cand-dedddf6): 0-1 {Black wins by adjudication}
Started game 1615 of 3000 (cand-dedddf6 vs ref-248b6e2)
Finished game 1598 (ref-248b6e2 vs cand-dedddf6): 0-1 {Black wins by adjudication}
Started game 1616 of 3000 (ref-248b6e2 vs cand-dedddf6)
Finished game 1606 (ref-248b6e2 vs cand-dedddf6): 0-1 {Black wins by adjudication}
Started game 1617 of 3000 (cand-dedddf6 vs ref-248b6e2)
Finished game 1603 (cand-dedddf6 vs ref-248b6e2): 0-1 {Black wins by adjudication}
Started game 1618 of 3000 (ref-248b6e2 vs cand-dedddf6)
Finished game 1608 (ref-248b6e2 vs cand-dedddf6): 1-0 {White wins by adjudication}
Started game 1619 of 3000 (cand-dedddf6 vs ref-248b6e2)
Finished game 1605 (cand-dedddf6 vs ref-248b6e2): 1/2-1/2 {Draw by 3-fold repetition}
Started game 1620 of 3000 (ref-248b6e2 vs cand-dedddf6)
Finished game 1609 (cand-dedddf6 vs ref-248b6e2): 0-1 {Black wins by adjudication}
Started game 1621 of 3000 (cand-dedddf6 vs ref-248b6e2)
Finished game 1612 (ref-248b6e2 vs cand-dedddf6): 0-1 {Black wins by adjudication}
Started game 1622 of 3000 (ref-248b6e2 vs cand-dedddf6)
Finished game 1610 (ref-248b6e2 vs cand-dedddf6): 1/2-1/2 {Draw by adjudication}
Started game 1623 of 3000 (cand-dedddf6 vs ref-248b6e2)
Finished game 1615 (cand-dedddf6 vs ref-248b6e2): 0-1 {Black wins by adjudication}
Started game 1624 of 3000 (ref-248b6e2 vs cand-dedddf6)
Finished game 1620 (ref-248b6e2 vs cand-dedddf6): 1/2-1/2 {Draw by 3-fold repetition}
Started game 1625 of 3000 (cand-dedddf6 vs ref-248b6e2)
Finished game 1616 (ref-248b6e2 vs cand-dedddf6): 1-0 {White wins by adjudication}
Started game 1626 of 3000 (ref-248b6e2 vs cand-dedddf6)
Finished game 1617 (cand-dedddf6 vs ref-248b6e2): 0-1 {Black wins by adjudication}
Started game 1627 of 3000 (cand-dedddf6 vs ref-248b6e2)
Finished game 1611 (cand-dedddf6 vs ref-248b6e2): 1/2-1/2 {Draw by 3-fold repetition}
Started game 1628 of 3000 (ref-248b6e2 vs cand-dedddf6)
Finished game 1614 (ref-248b6e2 vs cand-dedddf6): 1/2-1/2 {Draw by insufficient mating material}
Started game 1629 of 3000 (cand-dedddf6 vs ref-248b6e2)
Finished game 1621 (cand-dedddf6 vs ref-248b6e2): 1-0 {White wins by adjudication}
Started game 1630 of 3000 (ref-248b6e2 vs cand-dedddf6)
Finished game 1619 (cand-dedddf6 vs ref-248b6e2): 1-0 {White wins by adjudication}
--------------------------------------------------
Results of cand-dedddf6 vs ref-248b6e2 (8+0.08, 1t, 16MB, noob_3moves.epd):
Elo: -4.73 +/- 12.80, nElo: -6.26 +/- 16.94
LOS: 23.43 %, DrawRatio: 34.53 %, PairsRatio: 1.00
Games: 1616, Wins: 479, Losses: 501, Draws: 636, Points: 797.0 (49.32 %)
Ptnml(0-2): [77, 187, 279, 211, 54], WL/DD Ratio: 1.34
--------------------------------------------------
Started game 1631 of 3000 (cand-dedddf6 vs ref-248b6e2)
Finished game 1618 (ref-248b6e2 vs cand-dedddf6): 1/2-1/2 {Draw by insufficient mating material}
Started game 1632 of 3000 (ref-248b6e2 vs cand-dedddf6)
Finished game 1624 (ref-248b6e2 vs cand-dedddf6): 0-1 {Black wins by adjudication}
Started game 1633 of 3000 (cand-dedddf6 vs ref-248b6e2)
Finished game 1629 (cand-dedddf6 vs ref-248b6e2): 1-0 {White wins by adjudication}
Started game 1634 of 3000 (ref-248b6e2 vs cand-dedddf6)
Finished game 1623 (cand-dedddf6 vs ref-248b6e2): 1/2-1/2 {Draw by 3-fold repetition}
Started game 1635 of 3000 (cand-dedddf6 vs ref-248b6e2)
Finished game 1626 (ref-248b6e2 vs cand-dedddf6): 1-0 {White wins by adjudication}
Started game 1636 of 3000 (ref-248b6e2 vs cand-dedddf6)
Finished game 1613 (cand-dedddf6 vs ref-248b6e2): 1/2-1/2 {Draw by insufficient mating material}
Started game 1637 of 3000 (cand-dedddf6 vs ref-248b6e2)
Finished game 1625 (cand-dedddf6 vs ref-248b6e2): 1-0 {White wins by adjudication}
Started game 1638 of 3000 (ref-248b6e2 vs cand-dedddf6)
Finished game 1622 (ref-248b6e2 vs cand-dedddf6): 0-1 {Black wins by adjudication}
Started game 1639 of 3000 (cand-dedddf6 vs ref-248b6e2)
Finished game 1627 (cand-dedddf6 vs ref-248b6e2): 1/2-1/2 {Draw by adjudication}
Started game 1640 of 3000 (ref-248b6e2 vs cand-dedddf6)
Finished game 1628 (ref-248b6e2 vs cand-dedddf6): 1-0 {White wins by adjudication}
Started game 1641 of 3000 (cand-dedddf6 vs ref-248b6e2)
Finished game 1632 (ref-248b6e2 vs cand-dedddf6): 1/2-1/2 {Draw by adjudication}
Started game 1642 of 3000 (ref-248b6e2 vs cand-dedddf6)
Finished game 1630 (ref-248b6e2 vs cand-dedddf6): 1/2-1/2 {Draw by insufficient mating material}
Started game 1643 of 3000 (cand-dedddf6 vs ref-248b6e2)
Finished game 1633 (cand-dedddf6 vs ref-248b6e2): 1/2-1/2 {Draw by 3-fold repetition}
Started game 1644 of 3000 (ref-248b6e2 vs cand-dedddf6)
Finished game 1636 (ref-248b6e2 vs cand-dedddf6): 0-1 {Black wins by adjudication}
Started game 1645 of 3000 (cand-dedddf6 vs ref-248b6e2)
Finished game 1635 (cand-dedddf6 vs ref-248b6e2): 1/2-1/2 {Draw by 3-fold repetition}
Started game 1646 of 3000 (ref-248b6e2 vs cand-dedddf6)
Finished game 1634 (ref-248b6e2 vs cand-dedddf6): 1/2-1/2 {Draw by insufficient mating material}
Started game 1647 of 3000 (cand-dedddf6 vs ref-248b6e2)
Finished game 1639 (cand-dedddf6 vs ref-248b6e2): 1/2-1/2 {Draw by 3-fold repetition}
Started game 1648 of 3000 (ref-248b6e2 vs cand-dedddf6)
Finished game 1631 (cand-dedddf6 vs ref-248b6e2): 1-0 {White wins by adjudication}
Started game 1649 of 3000 (cand-dedddf6 vs ref-248b6e2)
Finished game 1638 (ref-248b6e2 vs cand-dedddf6): 1-0 {White wins by adjudication}
Started game 1650 of 3000 (ref-248b6e2 vs cand-dedddf6)
Finished game 1641 (cand-dedddf6 vs ref-248b6e2): 1-0 {White wins by adjudication}
Started game 1651 of 3000 (cand-dedddf6 vs ref-248b6e2)
Finished game 1645 (cand-dedddf6 vs ref-248b6e2): 1/2-1/2 {Draw by 3-fold repetition}
Started game 1652 of 3000 (ref-248b6e2 vs cand-dedddf6)
Finished game 1640 (ref-248b6e2 vs cand-dedddf6): 0-1 {Black wins by adjudication}
--------------------------------------------------
Results of cand-dedddf6 vs ref-248b6e2 (8+0.08, 1t, 16MB, noob_3moves.epd):
Elo: -3.61 +/- 12.70, nElo: -4.78 +/- 16.83
LOS: 28.89 %, DrawRatio: 34.43 %, PairsRatio: 1.02
Games: 1638, Wins: 487, Losses: 504, Draws: 647, Points: 810.5 (49.48 %)
Ptnml(0-2): [77, 189, 282, 216, 55], WL/DD Ratio: 1.33
--------------------------------------------------
Started game 1653 of 3000 (cand-dedddf6 vs ref-248b6e2)
Finished game 1637 (cand-dedddf6 vs ref-248b6e2): 0-1 {Black wins by adjudication}
Started game 1654 of 3000 (ref-248b6e2 vs cand-dedddf6)
Finished game 1643 (cand-dedddf6 vs ref-248b6e2): 1-0 {White wins by adjudication}
Started game 1655 of 3000 (cand-dedddf6 vs ref-248b6e2)
Finished game 1647 (cand-dedddf6 vs ref-248b6e2): 1/2-1/2 {Draw by 3-fold repetition}
Started game 1656 of 3000 (ref-248b6e2 vs cand-dedddf6)
Finished game 1646 (ref-248b6e2 vs cand-dedddf6): 0-1 {Black wins by adjudication}
Started game 1657 of 3000 (cand-dedddf6 vs ref-248b6e2)
Finished game 1649 (cand-dedddf6 vs ref-248b6e2): 1-0 {White wins by adjudication}
Started game 1658 of 3000 (ref-248b6e2 vs cand-dedddf6)
Finished game 1642 (ref-248b6e2 vs cand-dedddf6): 1/2-1/2 {Draw by insufficient mating material}
Started game 1659 of 3000 (cand-dedddf6 vs ref-248b6e2)
Finished game 1644 (ref-248b6e2 vs cand-dedddf6): 0-1 {Black wins by adjudication}
Started game 1660 of 3000 (ref-248b6e2 vs cand-dedddf6)
Finished game 1648 (ref-248b6e2 vs cand-dedddf6): 1/2-1/2 {Draw by insufficient mating material}
Started game 1661 of 3000 (cand-dedddf6 vs ref-248b6e2)
Finished game 1650 (ref-248b6e2 vs cand-dedddf6): 1/2-1/2 {Draw by insufficient mating material}
Started game 1662 of 3000 (ref-248b6e2 vs cand-dedddf6)
Finished game 1658 (ref-248b6e2 vs cand-dedddf6): 1/2-1/2 {Draw by 3-fold repetition}
Started game 1663 of 3000 (cand-dedddf6 vs ref-248b6e2)
Finished game 1654 (ref-248b6e2 vs cand-dedddf6): 1-0 {White wins by adjudication}
Started game 1664 of 3000 (ref-248b6e2 vs cand-dedddf6)
Finished game 1651 (cand-dedddf6 vs ref-248b6e2): 0-1 {Black wins by adjudication}
Started game 1665 of 3000 (cand-dedddf6 vs ref-248b6e2)
Finished game 1655 (cand-dedddf6 vs ref-248b6e2): 1-0 {White wins by adjudication}
Started game 1666 of 3000 (ref-248b6e2 vs cand-dedddf6)
Finished game 1652 (ref-248b6e2 vs cand-dedddf6): 0-1 {Black wins by adjudication}
Started game 1667 of 3000 (cand-dedddf6 vs ref-248b6e2)
Finished game 1653 (cand-dedddf6 vs ref-248b6e2): 1/2-1/2 {Draw by adjudication}
Started game 1668 of 3000 (ref-248b6e2 vs cand-dedddf6)
Finished game 1656 (ref-248b6e2 vs cand-dedddf6): 0-1 {Black wins by adjudication}
Started game 1669 of 3000 (cand-dedddf6 vs ref-248b6e2)
Finished game 1667 (cand-dedddf6 vs ref-248b6e2): 1/2-1/2 {Draw by 3-fold repetition}
Started game 1670 of 3000 (ref-248b6e2 vs cand-dedddf6)
Finished game 1661 (cand-dedddf6 vs ref-248b6e2): 1-0 {White wins by adjudication}
Started game 1671 of 3000 (cand-dedddf6 vs ref-248b6e2)
Finished game 1663 (cand-dedddf6 vs ref-248b6e2): 0-1 {Black wins by adjudication}
Started game 1672 of 3000 (ref-248b6e2 vs cand-dedddf6)
Finished game 1657 (cand-dedddf6 vs ref-248b6e2): 0-1 {Black wins by adjudication}
Started game 1673 of 3000 (cand-dedddf6 vs ref-248b6e2)
Finished game 1666 (ref-248b6e2 vs cand-dedddf6): 0-1 {Black wins by adjudication}
Started game 1674 of 3000 (ref-248b6e2 vs cand-dedddf6)
Finished game 1660 (ref-248b6e2 vs cand-dedddf6): 1/2-1/2 {Draw by fifty moves rule}
Started game 1675 of 3000 (cand-dedddf6 vs ref-248b6e2)
Finished game 1659 (cand-dedddf6 vs ref-248b6e2): 0-1 {Black wins by adjudication}
--------------------------------------------------
Results of cand-dedddf6 vs ref-248b6e2 (8+0.08, 1t, 16MB, noob_3moves.epd):
Elo: -3.14 +/- 12.66, nElo: -4.15 +/- 16.71
LOS: 31.33 %, DrawRatio: 34.22 %, PairsRatio: 1.02
Games: 1660, Wins: 495, Losses: 510, Draws: 655, Points: 822.5 (49.55 %)
Ptnml(0-2): [78, 192, 284, 219, 57], WL/DD Ratio: 1.33
--------------------------------------------------
Started game 1676 of 3000 (ref-248b6e2 vs cand-dedddf6)
Finished game 1664 (ref-248b6e2 vs cand-dedddf6): 0-1 {Black wins by adjudication}
Started game 1677 of 3000 (cand-dedddf6 vs ref-248b6e2)
Finished game 1662 (ref-248b6e2 vs cand-dedddf6): 0-1 {Black wins by adjudication}
Started game 1678 of 3000 (ref-248b6e2 vs cand-dedddf6)
Finished game 1665 (cand-dedddf6 vs ref-248b6e2): 1-0 {White wins by adjudication}
Started game 1679 of 3000 (cand-dedddf6 vs ref-248b6e2)
Finished game 1670 (ref-248b6e2 vs cand-dedddf6): 1-0 {White wins by adjudication}
Started game 1680 of 3000 (ref-248b6e2 vs cand-dedddf6)
Finished game 1668 (ref-248b6e2 vs cand-dedddf6): 1/2-1/2 {Draw by 3-fold repetition}
Started game 1681 of 3000 (cand-dedddf6 vs ref-248b6e2)
Finished game 1679 (cand-dedddf6 vs ref-248b6e2): 1-0 {White wins by adjudication}
Started game 1682 of 3000 (ref-248b6e2 vs cand-dedddf6)
Finished game 1674 (ref-248b6e2 vs cand-dedddf6): 1/2-1/2 {Draw by 3-fold repetition}
Started game 1683 of 3000 (cand-dedddf6 vs ref-248b6e2)
Finished game 1671 (cand-dedddf6 vs ref-248b6e2): 1-0 {White wins by adjudication}
Started game 1684 of 3000 (ref-248b6e2 vs cand-dedddf6)
Finished game 1673 (cand-dedddf6 vs ref-248b6e2): 0-1 {Black wins by adjudication}
Started game 1685 of 3000 (cand-dedddf6 vs ref-248b6e2)
Finished game 1676 (ref-248b6e2 vs cand-dedddf6): 1-0 {White wins by adjudication}
Started game 1686 of 3000 (ref-248b6e2 vs cand-dedddf6)
Finished game 1672 (ref-248b6e2 vs cand-dedddf6): 0-1 {Black wins by adjudication}
Started game 1687 of 3000 (cand-dedddf6 vs ref-248b6e2)
Finished game 1678 (ref-248b6e2 vs cand-dedddf6): 1/2-1/2 {Draw by 3-fold repetition}
Started game 1688 of 3000 (ref-248b6e2 vs cand-dedddf6)
Finished game 1669 (cand-dedddf6 vs ref-248b6e2): 1/2-1/2 {Draw by insufficient mating material}
Started game 1689 of 3000 (cand-dedddf6 vs ref-248b6e2)
Finished game 1677 (cand-dedddf6 vs ref-248b6e2): 1/2-1/2 {Draw by adjudication}
Started game 1690 of 3000 (ref-248b6e2 vs cand-dedddf6)
Finished game 1681 (cand-dedddf6 vs ref-248b6e2): 1/2-1/2 {Draw by 3-fold repetition}
Started game 1691 of 3000 (cand-dedddf6 vs ref-248b6e2)
Finished game 1675 (cand-dedddf6 vs ref-248b6e2): 1/2-1/2 {Draw by 3-fold repetition}
Started game 1692 of 3000 (ref-248b6e2 vs cand-dedddf6)
Finished game 1680 (ref-248b6e2 vs cand-dedddf6): 1-0 {White wins by adjudication}
--------------------------------------------------
Results of cand-dedddf6 vs ref-248b6e2 (8+0.08, 1t, 16MB, noob_3moves.epd):
Elo: -2.48 +/- 12.60, nElo: -3.27 +/- 16.61
LOS: 34.97 %, DrawRatio: 34.29 %, PairsRatio: 1.02
Games: 1680, Wins: 503, Losses: 515, Draws: 662, Points: 834.0 (49.64 %)
Ptnml(0-2): [78, 195, 288, 219, 60], WL/DD Ratio: 1.32
--------------------------------------------------
Started game 1693 of 3000 (cand-dedddf6 vs ref-248b6e2)
Finished game 1683 (cand-dedddf6 vs ref-248b6e2): 1-0 {White wins by adjudication}
Started game 1694 of 3000 (ref-248b6e2 vs cand-dedddf6)
Finished game 1682 (ref-248b6e2 vs cand-dedddf6): 1-0 {White wins by adjudication}
Started game 1695 of 3000 (cand-dedddf6 vs ref-248b6e2)
Finished game 1684 (ref-248b6e2 vs cand-dedddf6): 1-0 {White wins by adjudication}
Started game 1696 of 3000 (ref-248b6e2 vs cand-dedddf6)
Finished game 1686 (ref-248b6e2 vs cand-dedddf6): 1/2-1/2 {Draw by 3-fold repetition}
Started game 1697 of 3000 (cand-dedddf6 vs ref-248b6e2)
Finished game 1687 (cand-dedddf6 vs ref-248b6e2): 1-0 {White wins by adjudication}
Started game 1698 of 3000 (ref-248b6e2 vs cand-dedddf6)
Finished game 1692 (ref-248b6e2 vs cand-dedddf6): 1/2-1/2 {Draw by adjudication}
Started game 1699 of 3000 (cand-dedddf6 vs ref-248b6e2)
Finished game 1690 (ref-248b6e2 vs cand-dedddf6): 1-0 {White wins by adjudication}
Started game 1700 of 3000 (ref-248b6e2 vs cand-dedddf6)
Finished game 1688 (ref-248b6e2 vs cand-dedddf6): 1/2-1/2 {Draw by insufficient mating material}
Started game 1701 of 3000 (cand-dedddf6 vs ref-248b6e2)
Finished game 1691 (cand-dedddf6 vs ref-248b6e2): 1/2-1/2 {Draw by 3-fold repetition}
Started game 1702 of 3000 (ref-248b6e2 vs cand-dedddf6)
Finished game 1685 (cand-dedddf6 vs ref-248b6e2): 1/2-1/2 {Draw by fifty moves rule}
Started game 1703 of 3000 (cand-dedddf6 vs ref-248b6e2)
Finished game 1694 (ref-248b6e2 vs cand-dedddf6): 1/2-1/2 {Draw by 3-fold repetition}
Started game 1704 of 3000 (ref-248b6e2 vs cand-dedddf6)
Finished game 1693 (cand-dedddf6 vs ref-248b6e2): 1/2-1/2 {Draw by 3-fold repetition}
Started game 1705 of 3000 (cand-dedddf6 vs ref-248b6e2)
Finished game 1695 (cand-dedddf6 vs ref-248b6e2): 1/2-1/2 {Draw by adjudication}
Started game 1706 of 3000 (ref-248b6e2 vs cand-dedddf6)
Finished game 1689 (cand-dedddf6 vs ref-248b6e2): 1-0 {White wins by adjudication}
Started game 1707 of 3000 (cand-dedddf6 vs ref-248b6e2)
Finished game 1696 (ref-248b6e2 vs cand-dedddf6): 1-0 {White wins by adjudication}
Started game 1708 of 3000 (ref-248b6e2 vs cand-dedddf6)
Finished game 1697 (cand-dedddf6 vs ref-248b6e2): 0-1 {Black wins by adjudication}
Started game 1709 of 3000 (cand-dedddf6 vs ref-248b6e2)
Finished game 1698 (ref-248b6e2 vs cand-dedddf6): 1/2-1/2 {Draw by 3-fold repetition}
Started game 1710 of 3000 (ref-248b6e2 vs cand-dedddf6)
Finished game 1699 (cand-dedddf6 vs ref-248b6e2): 1-0 {White wins by adjudication}
Started game 1711 of 3000 (cand-dedddf6 vs ref-248b6e2)
Finished game 1701 (cand-dedddf6 vs ref-248b6e2): 0-1 {Black wins by adjudication}
Started game 1712 of 3000 (ref-248b6e2 vs cand-dedddf6)
Finished game 1700 (ref-248b6e2 vs cand-dedddf6): 0-1 {Black wins by adjudication}
--------------------------------------------------
Results of cand-dedddf6 vs ref-248b6e2 (8+0.08, 1t, 16MB, noob_3moves.epd):
Elo: -2.45 +/- 12.51, nElo: -3.24 +/- 16.52
LOS: 35.03 %, DrawRatio: 34.47 %, PairsRatio: 1.02
Games: 1700, Wins: 508, Losses: 520, Draws: 672, Points: 844.0 (49.65 %)
Ptnml(0-2): [78, 198, 293, 220, 61], WL/DD Ratio: 1.31
--------------------------------------------------
Started game 1713 of 3000 (cand-dedddf6 vs ref-248b6e2)
Finished game 1702 (ref-248b6e2 vs cand-dedddf6): 1/2-1/2 {Draw by 3-fold repetition}
Started game 1714 of 3000 (ref-248b6e2 vs cand-dedddf6)
Finished game 1704 (ref-248b6e2 vs cand-dedddf6): 0-1 {Black wins by adjudication}
Started game 1715 of 3000 (cand-dedddf6 vs ref-248b6e2)
Finished game 1703 (cand-dedddf6 vs ref-248b6e2): 1/2-1/2 {Draw by insufficient mating material}
Started game 1716 of 3000 (ref-248b6e2 vs cand-dedddf6)
Finished game 1707 (cand-dedddf6 vs ref-248b6e2): 0-1 {Black wins by adjudication}
Started game 1717 of 3000 (cand-dedddf6 vs ref-248b6e2)
Finished game 1706 (ref-248b6e2 vs cand-dedddf6): 0-1 {Black wins by adjudication}
Started game 1718 of 3000 (ref-248b6e2 vs cand-dedddf6)
Finished game 1710 (ref-248b6e2 vs cand-dedddf6): 1-0 {White wins by adjudication}
Started game 1719 of 3000 (cand-dedddf6 vs ref-248b6e2)
Finished game 1705 (cand-dedddf6 vs ref-248b6e2): 1/2-1/2 {Draw by 3-fold repetition}
Started game 1720 of 3000 (ref-248b6e2 vs cand-dedddf6)
Finished game 1711 (cand-dedddf6 vs ref-248b6e2): 1-0 {White wins by adjudication}
Started game 1721 of 3000 (cand-dedddf6 vs ref-248b6e2)
Finished game 1713 (cand-dedddf6 vs ref-248b6e2): 1-0 {White wins by adjudication}
Started game 1722 of 3000 (ref-248b6e2 vs cand-dedddf6)
Finished game 1708 (ref-248b6e2 vs cand-dedddf6): 1/2-1/2 {Draw by 3-fold repetition}
Started game 1723 of 3000 (cand-dedddf6 vs ref-248b6e2)
Finished game 1709 (cand-dedddf6 vs ref-248b6e2): 0-1 {Black wins by adjudication}
Started game 1724 of 3000 (ref-248b6e2 vs cand-dedddf6)
Finished game 1714 (ref-248b6e2 vs cand-dedddf6): 0-1 {Black wins by adjudication}
Started game 1725 of 3000 (cand-dedddf6 vs ref-248b6e2)
Finished game 1715 (cand-dedddf6 vs ref-248b6e2): 1-0 {White wins by adjudication}
Started game 1726 of 3000 (ref-248b6e2 vs cand-dedddf6)
Finished game 1716 (ref-248b6e2 vs cand-dedddf6): 1-0 {White wins by adjudication}
Started game 1727 of 3000 (cand-dedddf6 vs ref-248b6e2)
Finished game 1718 (ref-248b6e2 vs cand-dedddf6): 1-0 {White wins by adjudication}
Started game 1728 of 3000 (ref-248b6e2 vs cand-dedddf6)
Finished game 1712 (ref-248b6e2 vs cand-dedddf6): 1/2-1/2 {Draw by fifty moves rule}
Started game 1729 of 3000 (cand-dedddf6 vs ref-248b6e2)
Finished game 1717 (cand-dedddf6 vs ref-248b6e2): 0-1 {Black wins by adjudication}
Started game 1730 of 3000 (ref-248b6e2 vs cand-dedddf6)
Finished game 1719 (cand-dedddf6 vs ref-248b6e2): 0-1 {Black wins by adjudication}
Started game 1731 of 3000 (cand-dedddf6 vs ref-248b6e2)
Finished game 1720 (ref-248b6e2 vs cand-dedddf6): 1/2-1/2 {Draw by 3-fold repetition}
--------------------------------------------------
Results of cand-dedddf6 vs ref-248b6e2 (8+0.08, 1t, 16MB, noob_3moves.epd):
Elo: -2.83 +/- 12.47, nElo: -3.72 +/- 16.42
LOS: 32.83 %, DrawRatio: 34.19 %, PairsRatio: 1.01
Games: 1720, Wins: 514, Losses: 528, Draws: 678, Points: 853.0 (49.59 %)
Ptnml(0-2): [80, 201, 294, 223, 62], WL/DD Ratio: 1.31
--------------------------------------------------
Started game 1732 of 3000 (ref-248b6e2 vs cand-dedddf6)
Finished game 1723 (cand-dedddf6 vs ref-248b6e2): 0-1 {Black wins by adjudication}
Started game 1733 of 3000 (cand-dedddf6 vs ref-248b6e2)
Finished game 1722 (ref-248b6e2 vs cand-dedddf6): 0-1 {Black wins by adjudication}
Started game 1734 of 3000 (ref-248b6e2 vs cand-dedddf6)
Finished game 1724 (ref-248b6e2 vs cand-dedddf6): 1/2-1/2 {Draw by 3-fold repetition}
Started game 1735 of 3000 (cand-dedddf6 vs ref-248b6e2)
Finished game 1725 (cand-dedddf6 vs ref-248b6e2): 1-0 {White wins by adjudication}
Started game 1736 of 3000 (ref-248b6e2 vs cand-dedddf6)
Finished game 1726 (ref-248b6e2 vs cand-dedddf6): 0-1 {Black wins by adjudication}
Started game 1737 of 3000 (cand-dedddf6 vs ref-248b6e2)
Finished game 1721 (cand-dedddf6 vs ref-248b6e2): 1/2-1/2 {Draw by 3-fold repetition}
Started game 1738 of 3000 (ref-248b6e2 vs cand-dedddf6)
Finished game 1728 (ref-248b6e2 vs cand-dedddf6): 1-0 {White wins by adjudication}
Started game 1739 of 3000 (cand-dedddf6 vs ref-248b6e2)
Finished game 1727 (cand-dedddf6 vs ref-248b6e2): 1/2-1/2 {Draw by adjudication}
Started game 1740 of 3000 (ref-248b6e2 vs cand-dedddf6)
Finished game 1735 (cand-dedddf6 vs ref-248b6e2): 0-1 {Black wins by adjudication}
Started game 1741 of 3000 (cand-dedddf6 vs ref-248b6e2)
Finished game 1729 (cand-dedddf6 vs ref-248b6e2): 1/2-1/2 {Draw by 3-fold repetition}
Started game 1742 of 3000 (ref-248b6e2 vs cand-dedddf6)
Finished game 1730 (ref-248b6e2 vs cand-dedddf6): 1/2-1/2 {Draw by insufficient mating material}
Started game 1743 of 3000 (cand-dedddf6 vs ref-248b6e2)
Finished game 1736 (ref-248b6e2 vs cand-dedddf6): 0-1 {Black wins by adjudication}
Started game 1744 of 3000 (ref-248b6e2 vs cand-dedddf6)
Finished game 1732 (ref-248b6e2 vs cand-dedddf6): 1-0 {White wins by adjudication}
Started game 1745 of 3000 (cand-dedddf6 vs ref-248b6e2)
Finished game 1733 (cand-dedddf6 vs ref-248b6e2): 1/2-1/2 {Draw by 3-fold repetition}
Started game 1746 of 3000 (ref-248b6e2 vs cand-dedddf6)
Finished game 1731 (cand-dedddf6 vs ref-248b6e2): 1/2-1/2 {Draw by 3-fold repetition}
Started game 1747 of 3000 (cand-dedddf6 vs ref-248b6e2)
Finished game 1737 (cand-dedddf6 vs ref-248b6e2): 1/2-1/2 {Draw by 3-fold repetition}
Started game 1748 of 3000 (ref-248b6e2 vs cand-dedddf6)
Finished game 1734 (ref-248b6e2 vs cand-dedddf6): 0-1 {Black wins by adjudication}
Started game 1749 of 3000 (cand-dedddf6 vs ref-248b6e2)
Finished game 1739 (cand-dedddf6 vs ref-248b6e2): 1-0 {White wins by adjudication}
Started game 1750 of 3000 (ref-248b6e2 vs cand-dedddf6)
Finished game 1745 (cand-dedddf6 vs ref-248b6e2): 1-0 {White wins by adjudication}
Started game 1751 of 3000 (cand-dedddf6 vs ref-248b6e2)
Finished game 1738 (ref-248b6e2 vs cand-dedddf6): 1/2-1/2 {Draw by adjudication}
Started game 1752 of 3000 (ref-248b6e2 vs cand-dedddf6)
Finished game 1744 (ref-248b6e2 vs cand-dedddf6): 1-0 {White wins by adjudication}
Started game 1753 of 3000 (cand-dedddf6 vs ref-248b6e2)
Finished game 1743 (cand-dedddf6 vs ref-248b6e2): 1-0 {White wins by adjudication}
Started game 1754 of 3000 (ref-248b6e2 vs cand-dedddf6)
Finished game 1741 (cand-dedddf6 vs ref-248b6e2): 1-0 {White wins by adjudication}
Started game 1755 of 3000 (cand-dedddf6 vs ref-248b6e2)
Finished game 1746 (ref-248b6e2 vs cand-dedddf6): 0-1 {Black wins by adjudication}
Started game 1756 of 3000 (ref-248b6e2 vs cand-dedddf6)
Finished game 1740 (ref-248b6e2 vs cand-dedddf6): 1/2-1/2 {Draw by insufficient mating material}
--------------------------------------------------
Results of cand-dedddf6 vs ref-248b6e2 (8+0.08, 1t, 16MB, noob_3moves.epd):
Elo: -1.99 +/- 12.39, nElo: -2.62 +/- 16.31
LOS: 37.63 %, DrawRatio: 34.17 %, PairsRatio: 1.02
Games: 1744, Wins: 523, Losses: 533, Draws: 688, Points: 867.0 (49.71 %)
Ptnml(0-2): [80, 204, 298, 226, 64], WL/DD Ratio: 1.31
--------------------------------------------------
Started game 1757 of 3000 (cand-dedddf6 vs ref-248b6e2)
Finished game 1742 (ref-248b6e2 vs cand-dedddf6): 0-1 {Black wins by adjudication}
Started game 1758 of 3000 (ref-248b6e2 vs cand-dedddf6)
Finished game 1753 (cand-dedddf6 vs ref-248b6e2): 1/2-1/2 {Draw by 3-fold repetition}
Started game 1759 of 3000 (cand-dedddf6 vs ref-248b6e2)
Finished game 1754 (ref-248b6e2 vs cand-dedddf6): 1/2-1/2 {Draw by 3-fold repetition}
Started game 1760 of 3000 (ref-248b6e2 vs cand-dedddf6)
Finished game 1747 (cand-dedddf6 vs ref-248b6e2): 1/2-1/2 {Draw by insufficient mating material}
Started game 1761 of 3000 (cand-dedddf6 vs ref-248b6e2)
Finished game 1749 (cand-dedddf6 vs ref-248b6e2): 1-0 {White wins by adjudication}
Started game 1762 of 3000 (ref-248b6e2 vs cand-dedddf6)
Finished game 1751 (cand-dedddf6 vs ref-248b6e2): 0-1 {Black wins by adjudication}
Started game 1763 of 3000 (cand-dedddf6 vs ref-248b6e2)
Finished game 1750 (ref-248b6e2 vs cand-dedddf6): 0-1 {Black wins by adjudication}
Started game 1764 of 3000 (ref-248b6e2 vs cand-dedddf6)
Finished game 1748 (ref-248b6e2 vs cand-dedddf6): 1-0 {White wins by adjudication}
Started game 1765 of 3000 (cand-dedddf6 vs ref-248b6e2)
Finished game 1755 (cand-dedddf6 vs ref-248b6e2): 0-1 {Black wins by adjudication}
Started game 1766 of 3000 (ref-248b6e2 vs cand-dedddf6)
Finished game 1752 (ref-248b6e2 vs cand-dedddf6): 1-0 {White wins by adjudication}
Started game 1767 of 3000 (cand-dedddf6 vs ref-248b6e2)
Finished game 1758 (ref-248b6e2 vs cand-dedddf6): 1/2-1/2 {Draw by 3-fold repetition}
Started game 1768 of 3000 (ref-248b6e2 vs cand-dedddf6)
Finished game 1756 (ref-248b6e2 vs cand-dedddf6): 1/2-1/2 {Draw by adjudication}
Started game 1769 of 3000 (cand-dedddf6 vs ref-248b6e2)
Finished game 1761 (cand-dedddf6 vs ref-248b6e2): 1-0 {White wins by adjudication}
Started game 1770 of 3000 (ref-248b6e2 vs cand-dedddf6)
Finished game 1760 (ref-248b6e2 vs cand-dedddf6): 1-0 {White wins by adjudication}
Started game 1771 of 3000 (cand-dedddf6 vs ref-248b6e2)
Finished game 1757 (cand-dedddf6 vs ref-248b6e2): 0-1 {Black wins by adjudication}
Started game 1772 of 3000 (ref-248b6e2 vs cand-dedddf6)
Finished game 1764 (ref-248b6e2 vs cand-dedddf6): 0-1 {Black wins by adjudication}
Started game 1773 of 3000 (cand-dedddf6 vs ref-248b6e2)
Finished game 1763 (cand-dedddf6 vs ref-248b6e2): 1-0 {White wins by adjudication}
Started game 1774 of 3000 (ref-248b6e2 vs cand-dedddf6)
Finished game 1762 (ref-248b6e2 vs cand-dedddf6): 1/2-1/2 {Draw by adjudication}
Started game 1775 of 3000 (cand-dedddf6 vs ref-248b6e2)
Finished game 1759 (cand-dedddf6 vs ref-248b6e2): 1/2-1/2 {Draw by insufficient mating material}
--------------------------------------------------
Results of cand-dedddf6 vs ref-248b6e2 (8+0.08, 1t, 16MB, noob_3moves.epd):
Elo: -1.77 +/- 12.38, nElo: -2.32 +/- 16.21
LOS: 38.94 %, DrawRatio: 33.90 %, PairsRatio: 1.02
Games: 1764, Wins: 530, Losses: 539, Draws: 695, Points: 877.5 (49.74 %)
Ptnml(0-2): [81, 208, 299, 227, 67], WL/DD Ratio: 1.30
--------------------------------------------------
Started game 1776 of 3000 (ref-248b6e2 vs cand-dedddf6)
Finished game 1768 (ref-248b6e2 vs cand-dedddf6): 1/2-1/2 {Draw by 3-fold repetition}
Started game 1777 of 3000 (cand-dedddf6 vs ref-248b6e2)
Finished game 1765 (cand-dedddf6 vs ref-248b6e2): 1/2-1/2 {Draw by insufficient mating material}
Started game 1778 of 3000 (ref-248b6e2 vs cand-dedddf6)
Finished game 1770 (ref-248b6e2 vs cand-dedddf6): 1-0 {White wins by adjudication}
Started game 1779 of 3000 (cand-dedddf6 vs ref-248b6e2)
Finished game 1769 (cand-dedddf6 vs ref-248b6e2): 1/2-1/2 {Draw by 3-fold repetition}
Started game 1780 of 3000 (ref-248b6e2 vs cand-dedddf6)
Finished game 1767 (cand-dedddf6 vs ref-248b6e2): 1/2-1/2 {Draw by insufficient mating material}
Started game 1781 of 3000 (cand-dedddf6 vs ref-248b6e2)
Finished game 1766 (ref-248b6e2 vs cand-dedddf6): 1/2-1/2 {Draw by insufficient mating material}
Started game 1782 of 3000 (ref-248b6e2 vs cand-dedddf6)
Finished game 1771 (cand-dedddf6 vs ref-248b6e2): 1/2-1/2 {Draw by insufficient mating material}
Started game 1783 of 3000 (cand-dedddf6 vs ref-248b6e2)
Finished game 1772 (ref-248b6e2 vs cand-dedddf6): 1/2-1/2 {Draw by 3-fold repetition}
Started game 1784 of 3000 (ref-248b6e2 vs cand-dedddf6)
Finished game 1773 (cand-dedddf6 vs ref-248b6e2): 1/2-1/2 {Draw by 3-fold repetition}
Started game 1785 of 3000 (cand-dedddf6 vs ref-248b6e2)
Finished game 1776 (ref-248b6e2 vs cand-dedddf6): 1/2-1/2 {Draw by adjudication}
Started game 1786 of 3000 (ref-248b6e2 vs cand-dedddf6)
Finished game 1775 (cand-dedddf6 vs ref-248b6e2): 1-0 {White wins by adjudication}
Started game 1787 of 3000 (cand-dedddf6 vs ref-248b6e2)
Finished game 1778 (ref-248b6e2 vs cand-dedddf6): 1/2-1/2 {Draw by 3-fold repetition}
Started game 1788 of 3000 (ref-248b6e2 vs cand-dedddf6)
Finished game 1774 (ref-248b6e2 vs cand-dedddf6): 0-1 {Black wins by adjudication}
Started game 1789 of 3000 (cand-dedddf6 vs ref-248b6e2)
Finished game 1780 (ref-248b6e2 vs cand-dedddf6): 0-1 {Black wins by adjudication}
Started game 1790 of 3000 (ref-248b6e2 vs cand-dedddf6)
Finished game 1784 (ref-248b6e2 vs cand-dedddf6): 1/2-1/2 {Draw by 3-fold repetition}
Started game 1791 of 3000 (cand-dedddf6 vs ref-248b6e2)
Finished game 1777 (cand-dedddf6 vs ref-248b6e2): 0-1 {Black wins by adjudication}
Started game 1792 of 3000 (ref-248b6e2 vs cand-dedddf6)
Finished game 1782 (ref-248b6e2 vs cand-dedddf6): 1-0 {White wins by adjudication}
Started game 1793 of 3000 (cand-dedddf6 vs ref-248b6e2)
Finished game 1783 (cand-dedddf6 vs ref-248b6e2): 1/2-1/2 {Draw by 3-fold repetition}
Started game 1794 of 3000 (ref-248b6e2 vs cand-dedddf6)
Finished game 1779 (cand-dedddf6 vs ref-248b6e2): 0-1 {Black wins by adjudication}
--------------------------------------------------
Results of cand-dedddf6 vs ref-248b6e2 (8+0.08, 1t, 16MB, noob_3moves.epd):
Elo: -1.75 +/- 12.27, nElo: -2.31 +/- 16.13
LOS: 38.96 %, DrawRatio: 34.12 %, PairsRatio: 1.02
Games: 1782, Wins: 533, Losses: 542, Draws: 707, Points: 886.5 (49.75 %)
Ptnml(0-2): [81, 210, 304, 229, 67], WL/DD Ratio: 1.27
--------------------------------------------------
Started game 1795 of 3000 (cand-dedddf6 vs ref-248b6e2)
Finished game 1785 (cand-dedddf6 vs ref-248b6e2): 0-1 {Black wins by adjudication}
Started game 1796 of 3000 (ref-248b6e2 vs cand-dedddf6)
Finished game 1786 (ref-248b6e2 vs cand-dedddf6): 0-1 {Black wins by adjudication}
Started game 1797 of 3000 (cand-dedddf6 vs ref-248b6e2)
Finished game 1789 (cand-dedddf6 vs ref-248b6e2): 1-0 {White wins by adjudication}
Started game 1798 of 3000 (ref-248b6e2 vs cand-dedddf6)
Finished game 1781 (cand-dedddf6 vs ref-248b6e2): 1/2-1/2 {Draw by insufficient mating material}
Started game 1799 of 3000 (cand-dedddf6 vs ref-248b6e2)
Finished game 1787 (cand-dedddf6 vs ref-248b6e2): 0-1 {Black wins by adjudication}
Started game 1800 of 3000 (ref-248b6e2 vs cand-dedddf6)
Finished game 1790 (ref-248b6e2 vs cand-dedddf6): 1/2-1/2 {Draw by 3-fold repetition}
Started game 1801 of 3000 (cand-dedddf6 vs ref-248b6e2)
Finished game 1792 (ref-248b6e2 vs cand-dedddf6): 1/2-1/2 {Draw by adjudication}
Started game 1802 of 3000 (ref-248b6e2 vs cand-dedddf6)
Finished game 1794 (ref-248b6e2 vs cand-dedddf6): 0-1 {Black wins by adjudication}
Started game 1803 of 3000 (cand-dedddf6 vs ref-248b6e2)
Finished game 1793 (cand-dedddf6 vs ref-248b6e2): 1/2-1/2 {Draw by fifty moves rule}
Started game 1804 of 3000 (ref-248b6e2 vs cand-dedddf6)
Finished game 1791 (cand-dedddf6 vs ref-248b6e2): 1/2-1/2 {Draw by stalemate}
Started game 1805 of 3000 (cand-dedddf6 vs ref-248b6e2)
Finished game 1788 (ref-248b6e2 vs cand-dedddf6): 1/2-1/2 {Draw by adjudication}
Started game 1806 of 3000 (ref-248b6e2 vs cand-dedddf6)
Finished game 1797 (cand-dedddf6 vs ref-248b6e2): 1/2-1/2 {Draw by 3-fold repetition}
Started game 1807 of 3000 (cand-dedddf6 vs ref-248b6e2)
Finished game 1795 (cand-dedddf6 vs ref-248b6e2): 1/2-1/2 {Draw by 3-fold repetition}
Started game 1808 of 3000 (ref-248b6e2 vs cand-dedddf6)
Finished game 1796 (ref-248b6e2 vs cand-dedddf6): 1-0 {White wins by adjudication}
Started game 1809 of 3000 (cand-dedddf6 vs ref-248b6e2)
Finished game 1800 (ref-248b6e2 vs cand-dedddf6): 0-1 {Black wins by adjudication}
Started game 1810 of 3000 (ref-248b6e2 vs cand-dedddf6)
Finished game 1798 (ref-248b6e2 vs cand-dedddf6): 0-1 {Black wins by adjudication}
Started game 1811 of 3000 (cand-dedddf6 vs ref-248b6e2)
Finished game 1799 (cand-dedddf6 vs ref-248b6e2): 1/2-1/2 {Draw by 3-fold repetition}
--------------------------------------------------
Results of cand-dedddf6 vs ref-248b6e2 (8+0.08, 1t, 16MB, noob_3moves.epd):
Elo: -1.54 +/- 12.19, nElo: -2.03 +/- 16.05
LOS: 40.19 %, DrawRatio: 34.00 %, PairsRatio: 1.02
Games: 1800, Wins: 538, Losses: 546, Draws: 716, Points: 896.0 (49.78 %)
Ptnml(0-2): [81, 213, 306, 233, 67], WL/DD Ratio: 1.27
--------------------------------------------------
Started game 1812 of 3000 (ref-248b6e2 vs cand-dedddf6)
Finished game 1801 (cand-dedddf6 vs ref-248b6e2): 1-0 {White wins by adjudication}
Started game 1813 of 3000 (cand-dedddf6 vs ref-248b6e2)
Finished game 1802 (ref-248b6e2 vs cand-dedddf6): 1/2-1/2 {Draw by adjudication}
Started game 1814 of 3000 (ref-248b6e2 vs cand-dedddf6)
Finished game 1803 (cand-dedddf6 vs ref-248b6e2): 0-1 {Black wins by adjudication}
Started game 1815 of 3000 (cand-dedddf6 vs ref-248b6e2)
Finished game 1804 (ref-248b6e2 vs cand-dedddf6): 1/2-1/2 {Draw by insufficient mating material}
Started game 1816 of 3000 (ref-248b6e2 vs cand-dedddf6)
Finished game 1805 (cand-dedddf6 vs ref-248b6e2): 0-1 {Black wins by adjudication}
Started game 1817 of 3000 (cand-dedddf6 vs ref-248b6e2)
Finished game 1807 (cand-dedddf6 vs ref-248b6e2): 0-1 {Black wins by adjudication}
Started game 1818 of 3000 (ref-248b6e2 vs cand-dedddf6)
Finished game 1809 (cand-dedddf6 vs ref-248b6e2): 0-1 {Black wins by adjudication}
Started game 1819 of 3000 (cand-dedddf6 vs ref-248b6e2)
Finished game 1811 (cand-dedddf6 vs ref-248b6e2): 1/2-1/2 {Draw by 3-fold repetition}
Started game 1820 of 3000 (ref-248b6e2 vs cand-dedddf6)
Finished game 1808 (ref-248b6e2 vs cand-dedddf6): 1/2-1/2 {Draw by adjudication}
Started game 1821 of 3000 (cand-dedddf6 vs ref-248b6e2)
Finished game 1806 (ref-248b6e2 vs cand-dedddf6): 1/2-1/2 {Draw by 3-fold repetition}
Started game 1822 of 3000 (ref-248b6e2 vs cand-dedddf6)
Finished game 1810 (ref-248b6e2 vs cand-dedddf6): 1-0 {White mates}
Started game 1823 of 3000 (cand-dedddf6 vs ref-248b6e2)
Finished game 1814 (ref-248b6e2 vs cand-dedddf6): 0-1 {Black wins by adjudication}
Started game 1824 of 3000 (ref-248b6e2 vs cand-dedddf6)
Finished game 1813 (cand-dedddf6 vs ref-248b6e2): 0-1 {Black wins by adjudication}
Started game 1825 of 3000 (cand-dedddf6 vs ref-248b6e2)
Finished game 1816 (ref-248b6e2 vs cand-dedddf6): 1/2-1/2 {Draw by 3-fold repetition}
Started game 1826 of 3000 (ref-248b6e2 vs cand-dedddf6)
Finished game 1815 (cand-dedddf6 vs ref-248b6e2): 1/2-1/2 {Draw by 3-fold repetition}
Started game 1827 of 3000 (cand-dedddf6 vs ref-248b6e2)
Finished game 1823 (cand-dedddf6 vs ref-248b6e2): 1/2-1/2 {Draw by 3-fold repetition}
Started game 1828 of 3000 (ref-248b6e2 vs cand-dedddf6)
Finished game 1817 (cand-dedddf6 vs ref-248b6e2): 1/2-1/2 {Draw by 3-fold repetition}
Started game 1829 of 3000 (cand-dedddf6 vs ref-248b6e2)
Finished game 1821 (cand-dedddf6 vs ref-248b6e2): 1/2-1/2 {Draw by 3-fold repetition}
Started game 1830 of 3000 (ref-248b6e2 vs cand-dedddf6)
Finished game 1819 (cand-dedddf6 vs ref-248b6e2): 1/2-1/2 {Draw by adjudication}
Started game 1831 of 3000 (cand-dedddf6 vs ref-248b6e2)
Finished game 1820 (ref-248b6e2 vs cand-dedddf6): 0-1 {Black wins by adjudication}
--------------------------------------------------
Results of cand-dedddf6 vs ref-248b6e2 (8+0.08, 1t, 16MB, noob_3moves.epd):
Elo: -2.10 +/- 12.14, nElo: -2.77 +/- 15.98
LOS: 36.69 %, DrawRatio: 33.92 %, PairsRatio: 1.01
Games: 1816, Wins: 541, Losses: 552, Draws: 723, Points: 902.5 (49.70 %)
Ptnml(0-2): [82, 216, 308, 235, 67], WL/DD Ratio: 1.26
--------------------------------------------------
Started game 1832 of 3000 (ref-248b6e2 vs cand-dedddf6)
Finished game 1822 (ref-248b6e2 vs cand-dedddf6): 1/2-1/2 {Draw by 3-fold repetition}
Started game 1833 of 3000 (cand-dedddf6 vs ref-248b6e2)
Finished game 1812 (ref-248b6e2 vs cand-dedddf6): 1/2-1/2 {Draw by 3-fold repetition}
Started game 1834 of 3000 (ref-248b6e2 vs cand-dedddf6)
Finished game 1825 (cand-dedddf6 vs ref-248b6e2): 0-1 {Black wins by adjudication}
Started game 1835 of 3000 (cand-dedddf6 vs ref-248b6e2)
Finished game 1829 (cand-dedddf6 vs ref-248b6e2): 1/2-1/2 {Draw by 3-fold repetition}
Started game 1836 of 3000 (ref-248b6e2 vs cand-dedddf6)
Finished game 1818 (ref-248b6e2 vs cand-dedddf6): 1/2-1/2 {Draw by fifty moves rule}
Started game 1837 of 3000 (cand-dedddf6 vs ref-248b6e2)
Finished game 1828 (ref-248b6e2 vs cand-dedddf6): 1-0 {White wins by adjudication}
Started game 1838 of 3000 (ref-248b6e2 vs cand-dedddf6)
Finished game 1826 (ref-248b6e2 vs cand-dedddf6): 0-1 {Black wins by adjudication}
Started game 1839 of 3000 (cand-dedddf6 vs ref-248b6e2)
Finished game 1833 (cand-dedddf6 vs ref-248b6e2): 0-1 {Black wins by adjudication}
Started game 1840 of 3000 (ref-248b6e2 vs cand-dedddf6)
Finished game 1835 (cand-dedddf6 vs ref-248b6e2): 1/2-1/2 {Draw by 3-fold repetition}
Started game 1841 of 3000 (cand-dedddf6 vs ref-248b6e2)
Finished game 1830 (ref-248b6e2 vs cand-dedddf6): 1/2-1/2 {Draw by adjudication}
Started game 1842 of 3000 (ref-248b6e2 vs cand-dedddf6)
Finished game 1834 (ref-248b6e2 vs cand-dedddf6): 1-0 {White wins by adjudication}
Started game 1843 of 3000 (cand-dedddf6 vs ref-248b6e2)
Finished game 1838 (ref-248b6e2 vs cand-dedddf6): 1-0 {White wins by adjudication}
Started game 1844 of 3000 (ref-248b6e2 vs cand-dedddf6)
Finished game 1824 (ref-248b6e2 vs cand-dedddf6): 1/2-1/2 {Draw by 3-fold repetition}
Started game 1845 of 3000 (cand-dedddf6 vs ref-248b6e2)
Finished game 1827 (cand-dedddf6 vs ref-248b6e2): 1/2-1/2 {Draw by fifty moves rule}
Started game 1846 of 3000 (ref-248b6e2 vs cand-dedddf6)
Finished game 1836 (ref-248b6e2 vs cand-dedddf6): 0-1 {Black wins by adjudication}
Started game 1847 of 3000 (cand-dedddf6 vs ref-248b6e2)
Finished game 1831 (cand-dedddf6 vs ref-248b6e2): 1/2-1/2 {Draw by adjudication}
Started game 1848 of 3000 (ref-248b6e2 vs cand-dedddf6)
Finished game 1837 (cand-dedddf6 vs ref-248b6e2): 1/2-1/2 {Draw by adjudication}
Started game 1849 of 3000 (cand-dedddf6 vs ref-248b6e2)
Finished game 1840 (ref-248b6e2 vs cand-dedddf6): 1-0 {White wins by adjudication}
Started game 1850 of 3000 (ref-248b6e2 vs cand-dedddf6)
Finished game 1842 (ref-248b6e2 vs cand-dedddf6): 1-0 {White wins by adjudication}
Started game 1851 of 3000 (cand-dedddf6 vs ref-248b6e2)
Finished game 1832 (ref-248b6e2 vs cand-dedddf6): 1/2-1/2 {Draw by adjudication}
Started game 1852 of 3000 (ref-248b6e2 vs cand-dedddf6)
Finished game 1839 (cand-dedddf6 vs ref-248b6e2): 1/2-1/2 {Draw by 3-fold repetition}
--------------------------------------------------
Results of cand-dedddf6 vs ref-248b6e2 (8+0.08, 1t, 16MB, noob_3moves.epd):
Elo: -2.83 +/- 12.02, nElo: -3.74 +/- 15.87
LOS: 32.21 %, DrawRatio: 34.24 %, PairsRatio: 1.00
Games: 1840, Wins: 543, Losses: 558, Draws: 739, Points: 912.5 (49.59 %)
Ptnml(0-2): [83, 219, 315, 236, 67], WL/DD Ratio: 1.22
--------------------------------------------------
Started game 1853 of 3000 (cand-dedddf6 vs ref-248b6e2)
Finished game 1843 (cand-dedddf6 vs ref-248b6e2): 0-1 {Black wins by adjudication}
Started game 1854 of 3000 (ref-248b6e2 vs cand-dedddf6)
Finished game 1844 (ref-248b6e2 vs cand-dedddf6): 1-0 {White wins by adjudication}
Started game 1855 of 3000 (cand-dedddf6 vs ref-248b6e2)
Finished game 1841 (cand-dedddf6 vs ref-248b6e2): 1/2-1/2 {Draw by 3-fold repetition}
Started game 1856 of 3000 (ref-248b6e2 vs cand-dedddf6)
Finished game 1845 (cand-dedddf6 vs ref-248b6e2): 1-0 {White wins by adjudication}
Started game 1857 of 3000 (cand-dedddf6 vs ref-248b6e2)
Finished game 1848 (ref-248b6e2 vs cand-dedddf6): 0-1 {Black wins by adjudication}
Started game 1858 of 3000 (ref-248b6e2 vs cand-dedddf6)
Finished game 1850 (ref-248b6e2 vs cand-dedddf6): 1/2-1/2 {Draw by 3-fold repetition}
Started game 1859 of 3000 (cand-dedddf6 vs ref-248b6e2)
Finished game 1849 (cand-dedddf6 vs ref-248b6e2): 0-1 {Black wins by adjudication}
Started game 1860 of 3000 (ref-248b6e2 vs cand-dedddf6)
Finished game 1851 (cand-dedddf6 vs ref-248b6e2): 1/2-1/2 {Draw by 3-fold repetition}
Started game 1861 of 3000 (cand-dedddf6 vs ref-248b6e2)
Finished game 1847 (cand-dedddf6 vs ref-248b6e2): 1/2-1/2 {Draw by insufficient mating material}
Started game 1862 of 3000 (ref-248b6e2 vs cand-dedddf6)
Finished game 1846 (ref-248b6e2 vs cand-dedddf6): 0-1 {Black wins by adjudication}
Started game 1863 of 3000 (cand-dedddf6 vs ref-248b6e2)
Finished game 1856 (ref-248b6e2 vs cand-dedddf6): 1/2-1/2 {Draw by 3-fold repetition}
Started game 1864 of 3000 (ref-248b6e2 vs cand-dedddf6)
Finished game 1855 (cand-dedddf6 vs ref-248b6e2): 1-0 {White wins by adjudication}
Started game 1865 of 3000 (cand-dedddf6 vs ref-248b6e2)
Finished game 1853 (cand-dedddf6 vs ref-248b6e2): 1-0 {White wins by adjudication}
Started game 1866 of 3000 (ref-248b6e2 vs cand-dedddf6)
Finished game 1852 (ref-248b6e2 vs cand-dedddf6): 1-0 {White wins by adjudication}
Started game 1867 of 3000 (cand-dedddf6 vs ref-248b6e2)
Finished game 1858 (ref-248b6e2 vs cand-dedddf6): 1-0 {White wins by adjudication}
Started game 1868 of 3000 (ref-248b6e2 vs cand-dedddf6)
Finished game 1857 (cand-dedddf6 vs ref-248b6e2): 1/2-1/2 {Draw by fifty moves rule}
Started game 1869 of 3000 (cand-dedddf6 vs ref-248b6e2)
Finished game 1860 (ref-248b6e2 vs cand-dedddf6): 1-0 {White wins by adjudication}
Started game 1870 of 3000 (ref-248b6e2 vs cand-dedddf6)
Finished game 1862 (ref-248b6e2 vs cand-dedddf6): 0-1 {Black wins by adjudication}
Started game 1871 of 3000 (cand-dedddf6 vs ref-248b6e2)
Finished game 1859 (cand-dedddf6 vs ref-248b6e2): 1-0 {White wins by adjudication}
--------------------------------------------------
Results of cand-dedddf6 vs ref-248b6e2 (8+0.08, 1t, 16MB, noob_3moves.epd):
Elo: -3.18 +/- 11.99, nElo: -4.19 +/- 15.80
LOS: 30.15 %, DrawRatio: 34.02 %, PairsRatio: 1.00
Games: 1858, Wins: 548, Losses: 565, Draws: 745, Points: 920.5 (49.54 %)
Ptnml(0-2): [84, 223, 316, 238, 68], WL/DD Ratio: 1.23
--------------------------------------------------
Started game 1872 of 3000 (ref-248b6e2 vs cand-dedddf6)
Finished game 1861 (cand-dedddf6 vs ref-248b6e2): 0-1 {Black wins by adjudication}
Started game 1873 of 3000 (cand-dedddf6 vs ref-248b6e2)
Finished game 1863 (cand-dedddf6 vs ref-248b6e2): 1/2-1/2 {Draw by 3-fold repetition}
Started game 1874 of 3000 (ref-248b6e2 vs cand-dedddf6)
Finished game 1854 (ref-248b6e2 vs cand-dedddf6): 1/2-1/2 {Draw by insufficient mating material}
Started game 1875 of 3000 (cand-dedddf6 vs ref-248b6e2)
Finished game 1867 (cand-dedddf6 vs ref-248b6e2): 1-0 {White wins by adjudication}
Started game 1876 of 3000 (ref-248b6e2 vs cand-dedddf6)
Finished game 1866 (ref-248b6e2 vs cand-dedddf6): 1-0 {White wins by adjudication}
Started game 1877 of 3000 (cand-dedddf6 vs ref-248b6e2)
Finished game 1864 (ref-248b6e2 vs cand-dedddf6): 1/2-1/2 {Draw by adjudication}
Started game 1878 of 3000 (ref-248b6e2 vs cand-dedddf6)
Finished game 1865 (cand-dedddf6 vs ref-248b6e2): 1-0 {White wins by adjudication}
Started game 1879 of 3000 (cand-dedddf6 vs ref-248b6e2)
Finished game 1869 (cand-dedddf6 vs ref-248b6e2): 1-0 {White wins by adjudication}
Started game 1880 of 3000 (ref-248b6e2 vs cand-dedddf6)
Finished game 1868 (ref-248b6e2 vs cand-dedddf6): 1/2-1/2 {Draw by 3-fold repetition}
Started game 1881 of 3000 (cand-dedddf6 vs ref-248b6e2)
Finished game 1872 (ref-248b6e2 vs cand-dedddf6): 0-1 {Black wins by adjudication}
Started game 1882 of 3000 (ref-248b6e2 vs cand-dedddf6)
Finished game 1876 (ref-248b6e2 vs cand-dedddf6): 1/2-1/2 {Draw by adjudication}
Started game 1883 of 3000 (cand-dedddf6 vs ref-248b6e2)
Finished game 1874 (ref-248b6e2 vs cand-dedddf6): 1/2-1/2 {Draw by adjudication}
Started game 1884 of 3000 (ref-248b6e2 vs cand-dedddf6)
Finished game 1879 (cand-dedddf6 vs ref-248b6e2): 1/2-1/2 {Draw by 3-fold repetition}
Started game 1885 of 3000 (cand-dedddf6 vs ref-248b6e2)
Finished game 1877 (cand-dedddf6 vs ref-248b6e2): 1/2-1/2 {Draw by 3-fold repetition}
Started game 1886 of 3000 (ref-248b6e2 vs cand-dedddf6)
Finished game 1875 (cand-dedddf6 vs ref-248b6e2): 0-1 {Black wins by adjudication}
Started game 1887 of 3000 (cand-dedddf6 vs ref-248b6e2)
Finished game 1870 (ref-248b6e2 vs cand-dedddf6): 1/2-1/2 {Draw by 3-fold repetition}
Started game 1888 of 3000 (ref-248b6e2 vs cand-dedddf6)
Finished game 1882 (ref-248b6e2 vs cand-dedddf6): 0-1 {Black wins by adjudication}
Started game 1889 of 3000 (cand-dedddf6 vs ref-248b6e2)
Finished game 1878 (ref-248b6e2 vs cand-dedddf6): 1-0 {White wins by adjudication}
Started game 1890 of 3000 (ref-248b6e2 vs cand-dedddf6)
Finished game 1880 (ref-248b6e2 vs cand-dedddf6): 1/2-1/2 {Draw by 3-fold repetition}
--------------------------------------------------
Results of cand-dedddf6 vs ref-248b6e2 (8+0.08, 1t, 16MB, noob_3moves.epd):
Elo: -2.96 +/- 11.90, nElo: -3.92 +/- 15.72
LOS: 31.27 %, DrawRatio: 34.12 %, PairsRatio: 1.00
Games: 1876, Wins: 553, Losses: 569, Draws: 754, Points: 930.0 (49.57 %)
Ptnml(0-2): [84, 225, 320, 241, 68], WL/DD Ratio: 1.22
--------------------------------------------------
Started game 1891 of 3000 (cand-dedddf6 vs ref-248b6e2)
Finished game 1873 (cand-dedddf6 vs ref-248b6e2): 1-0 {White wins by adjudication}
Started game 1892 of 3000 (ref-248b6e2 vs cand-dedddf6)
Finished game 1871 (cand-dedddf6 vs ref-248b6e2): 1/2-1/2 {Draw by 3-fold repetition}
Started game 1893 of 3000 (cand-dedddf6 vs ref-248b6e2)
Finished game 1881 (cand-dedddf6 vs ref-248b6e2): 1-0 {White wins by adjudication}
Started game 1894 of 3000 (ref-248b6e2 vs cand-dedddf6)
Finished game 1883 (cand-dedddf6 vs ref-248b6e2): 1/2-1/2 {Draw by 3-fold repetition}
Started game 1895 of 3000 (cand-dedddf6 vs ref-248b6e2)
Finished game 1890 (ref-248b6e2 vs cand-dedddf6): 1/2-1/2 {Draw by 3-fold repetition}
Started game 1896 of 3000 (ref-248b6e2 vs cand-dedddf6)
Finished game 1888 (ref-248b6e2 vs cand-dedddf6): 1/2-1/2 {Draw by 3-fold repetition}
Started game 1897 of 3000 (cand-dedddf6 vs ref-248b6e2)
Finished game 1884 (ref-248b6e2 vs cand-dedddf6): 1/2-1/2 {Draw by adjudication}
Started game 1898 of 3000 (ref-248b6e2 vs cand-dedddf6)
Finished game 1886 (ref-248b6e2 vs cand-dedddf6): 1-0 {White wins by adjudication}
Started game 1899 of 3000 (cand-dedddf6 vs ref-248b6e2)
Finished game 1894 (ref-248b6e2 vs cand-dedddf6): 1-0 {White wins by adjudication}
Started game 1900 of 3000 (ref-248b6e2 vs cand-dedddf6)
Finished game 1892 (ref-248b6e2 vs cand-dedddf6): 0-1 {Black wins by adjudication}
Started game 1901 of 3000 (cand-dedddf6 vs ref-248b6e2)
Finished game 1887 (cand-dedddf6 vs ref-248b6e2): 1-0 {White wins by adjudication}
Started game 1902 of 3000 (ref-248b6e2 vs cand-dedddf6)
Finished game 1889 (cand-dedddf6 vs ref-248b6e2): 1-0 {White wins by adjudication}
Started game 1903 of 3000 (cand-dedddf6 vs ref-248b6e2)
Finished game 1885 (cand-dedddf6 vs ref-248b6e2): 1-0 {White wins by adjudication}
Started game 1904 of 3000 (ref-248b6e2 vs cand-dedddf6)
Finished game 1891 (cand-dedddf6 vs ref-248b6e2): 0-1 {Black wins by adjudication}
Started game 1905 of 3000 (cand-dedddf6 vs ref-248b6e2)
Finished game 1893 (cand-dedddf6 vs ref-248b6e2): 0-1 {Black wins by adjudication}
Started game 1906 of 3000 (ref-248b6e2 vs cand-dedddf6)
Finished game 1899 (cand-dedddf6 vs ref-248b6e2): 1/2-1/2 {Draw by 3-fold repetition}
Started game 1907 of 3000 (cand-dedddf6 vs ref-248b6e2)
Finished game 1895 (cand-dedddf6 vs ref-248b6e2): 1/2-1/2 {Draw by adjudication}
Started game 1908 of 3000 (ref-248b6e2 vs cand-dedddf6)
Finished game 1906 (ref-248b6e2 vs cand-dedddf6): 1/2-1/2 {Draw by 3-fold repetition}
Started game 1909 of 3000 (cand-dedddf6 vs ref-248b6e2)
Finished game 1896 (ref-248b6e2 vs cand-dedddf6): 1/2-1/2 {Draw by adjudication}
Started game 1910 of 3000 (ref-248b6e2 vs cand-dedddf6)
Finished game 1897 (cand-dedddf6 vs ref-248b6e2): 0-1 {Black wins by adjudication}
Started game 1911 of 3000 (cand-dedddf6 vs ref-248b6e2)
Finished game 1900 (ref-248b6e2 vs cand-dedddf6): 0-1 {Black wins by adjudication}
--------------------------------------------------
Results of cand-dedddf6 vs ref-248b6e2 (8+0.08, 1t, 16MB, noob_3moves.epd):
Elo: -2.01 +/- 11.83, nElo: -2.66 +/- 15.63
LOS: 36.93 %, DrawRatio: 34.14 %, PairsRatio: 1.02
Games: 1898, Wins: 562, Losses: 573, Draws: 763, Points: 943.5 (49.71 %)
Ptnml(0-2): [85, 225, 324, 246, 69], WL/DD Ratio: 1.22
--------------------------------------------------
Started game 1912 of 3000 (ref-248b6e2 vs cand-dedddf6)
Finished game 1903 (cand-dedddf6 vs ref-248b6e2): 1-0 {White wins by adjudication}
Started game 1913 of 3000 (cand-dedddf6 vs ref-248b6e2)
Finished game 1905 (cand-dedddf6 vs ref-248b6e2): 0-1 {Black wins by adjudication}
Started game 1914 of 3000 (ref-248b6e2 vs cand-dedddf6)
Finished game 1902 (ref-248b6e2 vs cand-dedddf6): 1-0 {White wins by adjudication}
Started game 1915 of 3000 (cand-dedddf6 vs ref-248b6e2)
Finished game 1898 (ref-248b6e2 vs cand-dedddf6): 1/2-1/2 {Draw by adjudication}
Started game 1916 of 3000 (ref-248b6e2 vs cand-dedddf6)
Finished game 1904 (ref-248b6e2 vs cand-dedddf6): 0-1 {Black wins by adjudication}
Started game 1917 of 3000 (cand-dedddf6 vs ref-248b6e2)
Finished game 1901 (cand-dedddf6 vs ref-248b6e2): 1/2-1/2 {Draw by 3-fold repetition}
Started game 1918 of 3000 (ref-248b6e2 vs cand-dedddf6)
Finished game 1910 (ref-248b6e2 vs cand-dedddf6): 1/2-1/2 {Draw by 3-fold repetition}
Started game 1919 of 3000 (cand-dedddf6 vs ref-248b6e2)
Finished game 1907 (cand-dedddf6 vs ref-248b6e2): 1/2-1/2 {Draw by stalemate}
Started game 1920 of 3000 (ref-248b6e2 vs cand-dedddf6)
Finished game 1908 (ref-248b6e2 vs cand-dedddf6): 1-0 {White wins by adjudication}
Started game 1921 of 3000 (cand-dedddf6 vs ref-248b6e2)
Finished game 1909 (cand-dedddf6 vs ref-248b6e2): 0-1 {Black wins by adjudication}
Started game 1922 of 3000 (ref-248b6e2 vs cand-dedddf6)
Finished game 1912 (ref-248b6e2 vs cand-dedddf6): 0-1 {Black wins by adjudication}
Started game 1923 of 3000 (cand-dedddf6 vs ref-248b6e2)
Finished game 1913 (cand-dedddf6 vs ref-248b6e2): 0-1 {Black wins by adjudication}
Started game 1924 of 3000 (ref-248b6e2 vs cand-dedddf6)
Finished game 1916 (ref-248b6e2 vs cand-dedddf6): 1-0 {White wins by adjudication}
Started game 1925 of 3000 (cand-dedddf6 vs ref-248b6e2)
Finished game 1911 (cand-dedddf6 vs ref-248b6e2): 1/2-1/2 {Draw by insufficient mating material}
Started game 1926 of 3000 (ref-248b6e2 vs cand-dedddf6)
Finished game 1918 (ref-248b6e2 vs cand-dedddf6): 0-1 {Black wins by adjudication}
Started game 1927 of 3000 (cand-dedddf6 vs ref-248b6e2)
Finished game 1914 (ref-248b6e2 vs cand-dedddf6): 0-1 {Black wins by adjudication}
Started game 1928 of 3000 (ref-248b6e2 vs cand-dedddf6)
Finished game 1917 (cand-dedddf6 vs ref-248b6e2): 0-1 {Black wins by adjudication}
Started game 1929 of 3000 (cand-dedddf6 vs ref-248b6e2)
Finished game 1915 (cand-dedddf6 vs ref-248b6e2): 1/2-1/2 {Draw by adjudication}
Started game 1930 of 3000 (ref-248b6e2 vs cand-dedddf6)
Finished game 1921 (cand-dedddf6 vs ref-248b6e2): 0-1 {Black wins by adjudication}
Started game 1931 of 3000 (cand-dedddf6 vs ref-248b6e2)
Finished game 1919 (cand-dedddf6 vs ref-248b6e2): 0-1 {Black wins by adjudication}
Started game 1932 of 3000 (ref-248b6e2 vs cand-dedddf6)
Finished game 1922 (ref-248b6e2 vs cand-dedddf6): 0-1 {Black wins by adjudication}
Started game 1933 of 3000 (cand-dedddf6 vs ref-248b6e2)
Finished game 1926 (ref-248b6e2 vs cand-dedddf6): 1/2-1/2 {Draw by 3-fold repetition}
Started game 1934 of 3000 (ref-248b6e2 vs cand-dedddf6)
Finished game 1920 (ref-248b6e2 vs cand-dedddf6): 0-1 {Black wins by adjudication}
--------------------------------------------------
Results of cand-dedddf6 vs ref-248b6e2 (8+0.08, 1t, 16MB, noob_3moves.epd):
Elo: -2.53 +/- 11.74, nElo: -3.35 +/- 15.53
LOS: 33.63 %, DrawRatio: 34.13 %, PairsRatio: 1.00
Games: 1922, Wins: 569, Losses: 583, Draws: 770, Points: 954.0 (49.64 %)
Ptnml(0-2): [85, 231, 328, 247, 70], WL/DD Ratio: 1.25
--------------------------------------------------
Started game 1935 of 3000 (cand-dedddf6 vs ref-248b6e2)
Finished game 1923 (cand-dedddf6 vs ref-248b6e2): 1/2-1/2 {Draw by 3-fold repetition}
Started game 1936 of 3000 (ref-248b6e2 vs cand-dedddf6)
Finished game 1924 (ref-248b6e2 vs cand-dedddf6): 1/2-1/2 {Draw by adjudication}
Started game 1937 of 3000 (cand-dedddf6 vs ref-248b6e2)
Finished game 1927 (cand-dedddf6 vs ref-248b6e2): 1-0 {White wins by adjudication}
Started game 1938 of 3000 (ref-248b6e2 vs cand-dedddf6)
Finished game 1928 (ref-248b6e2 vs cand-dedddf6): 1/2-1/2 {Draw by insufficient mating material}
Started game 1939 of 3000 (cand-dedddf6 vs ref-248b6e2)
Finished game 1931 (cand-dedddf6 vs ref-248b6e2): 1/2-1/2 {Draw by 3-fold repetition}
Started game 1940 of 3000 (ref-248b6e2 vs cand-dedddf6)
Finished game 1925 (cand-dedddf6 vs ref-248b6e2): 1/2-1/2 {Draw by adjudication}
Started game 1941 of 3000 (cand-dedddf6 vs ref-248b6e2)
Finished game 1930 (ref-248b6e2 vs cand-dedddf6): 1/2-1/2 {Draw by insufficient mating material}
Started game 1942 of 3000 (ref-248b6e2 vs cand-dedddf6)
Finished game 1934 (ref-248b6e2 vs cand-dedddf6): 1-0 {White wins by adjudication}
Started game 1943 of 3000 (cand-dedddf6 vs ref-248b6e2)
Finished game 1929 (cand-dedddf6 vs ref-248b6e2): 0-1 {Black wins by adjudication}
Started game 1944 of 3000 (ref-248b6e2 vs cand-dedddf6)
Finished game 1932 (ref-248b6e2 vs cand-dedddf6): 1-0 {White wins by adjudication}
Started game 1945 of 3000 (cand-dedddf6 vs ref-248b6e2)
Finished game 1933 (cand-dedddf6 vs ref-248b6e2): 1/2-1/2 {Draw by insufficient mating material}
Started game 1946 of 3000 (ref-248b6e2 vs cand-dedddf6)
Finished game 1935 (cand-dedddf6 vs ref-248b6e2): 1/2-1/2 {Draw by 3-fold repetition}
Started game 1947 of 3000 (cand-dedddf6 vs ref-248b6e2)
Finished game 1936 (ref-248b6e2 vs cand-dedddf6): 0-1 {Black wins by adjudication}
Started game 1948 of 3000 (ref-248b6e2 vs cand-dedddf6)
Finished game 1941 (cand-dedddf6 vs ref-248b6e2): 0-1 {Black wins by adjudication}
Started game 1949 of 3000 (cand-dedddf6 vs ref-248b6e2)
Finished game 1937 (cand-dedddf6 vs ref-248b6e2): 1-0 {White wins by adjudication}
Started game 1950 of 3000 (ref-248b6e2 vs cand-dedddf6)
Finished game 1938 (ref-248b6e2 vs cand-dedddf6): 0-1 {Black wins by adjudication}
Started game 1951 of 3000 (cand-dedddf6 vs ref-248b6e2)
Finished game 1942 (ref-248b6e2 vs cand-dedddf6): 0-1 {Black wins by adjudication}
Started game 1952 of 3000 (ref-248b6e2 vs cand-dedddf6)
Finished game 1940 (ref-248b6e2 vs cand-dedddf6): 1-0 {White wins by adjudication}
Started game 1953 of 3000 (cand-dedddf6 vs ref-248b6e2)
Finished game 1951 (cand-dedddf6 vs ref-248b6e2): 1/2-1/2 {Draw by 3-fold repetition}
Started game 1954 of 3000 (ref-248b6e2 vs cand-dedddf6)
Finished game 1944 (ref-248b6e2 vs cand-dedddf6): 1-0 {White wins by adjudication}
Started game 1955 of 3000 (cand-dedddf6 vs ref-248b6e2)
Finished game 1946 (ref-248b6e2 vs cand-dedddf6): 1/2-1/2 {Draw by insufficient mating material}
Started game 1956 of 3000 (ref-248b6e2 vs cand-dedddf6)
Finished game 1950 (ref-248b6e2 vs cand-dedddf6): 0-1 {Black wins by adjudication}
Started game 1957 of 3000 (cand-dedddf6 vs ref-248b6e2)
Finished game 1945 (cand-dedddf6 vs ref-248b6e2): 1/2-1/2 {Draw by 3-fold repetition}
Started game 1958 of 3000 (ref-248b6e2 vs cand-dedddf6)
Finished game 1948 (ref-248b6e2 vs cand-dedddf6): 0-1 {Black wins by adjudication}
Started game 1959 of 3000 (cand-dedddf6 vs ref-248b6e2)
Finished game 1949 (cand-dedddf6 vs ref-248b6e2): 1/2-1/2 {Draw by 3-fold repetition}
Started game 1960 of 3000 (ref-248b6e2 vs cand-dedddf6)
Finished game 1947 (cand-dedddf6 vs ref-248b6e2): 1/2-1/2 {Draw by adjudication}
Started game 1961 of 3000 (cand-dedddf6 vs ref-248b6e2)
Finished game 1943 (cand-dedddf6 vs ref-248b6e2): 0-1 {Black wins by adjudication}
Started game 1962 of 3000 (ref-248b6e2 vs cand-dedddf6)
Finished game 1952 (ref-248b6e2 vs cand-dedddf6): 0-1 {Black wins by adjudication}
Started game 1963 of 3000 (cand-dedddf6 vs ref-248b6e2)
Finished game 1954 (ref-248b6e2 vs cand-dedddf6): 1/2-1/2 {Draw by 3-fold repetition}
Started game 1964 of 3000 (ref-248b6e2 vs cand-dedddf6)
Finished game 1958 (ref-248b6e2 vs cand-dedddf6): 1/2-1/2 {Draw by 3-fold repetition}
Started game 1965 of 3000 (cand-dedddf6 vs ref-248b6e2)
Finished game 1959 (cand-dedddf6 vs ref-248b6e2): 1-0 {White wins by adjudication}
Started game 1966 of 3000 (ref-248b6e2 vs cand-dedddf6)
Finished game 1957 (cand-dedddf6 vs ref-248b6e2): 1/2-1/2 {Draw by 3-fold repetition}
Started game 1967 of 3000 (cand-dedddf6 vs ref-248b6e2)
Finished game 1939 (cand-dedddf6 vs ref-248b6e2): 1/2-1/2 {Draw by fifty moves rule}
--------------------------------------------------
Results of cand-dedddf6 vs ref-248b6e2 (8+0.08, 1t, 16MB, noob_3moves.epd):
Elo: -2.31 +/- 11.64, nElo: -3.06 +/- 15.40
LOS: 34.85 %, DrawRatio: 34.08 %, PairsRatio: 1.01
Games: 1954, Wins: 577, Losses: 590, Draws: 787, Points: 970.5 (49.67 %)
Ptnml(0-2): [86, 235, 333, 252, 71], WL/DD Ratio: 1.22
--------------------------------------------------
Started game 1968 of 3000 (ref-248b6e2 vs cand-dedddf6)
Finished game 1956 (ref-248b6e2 vs cand-dedddf6): 1/2-1/2 {Draw by adjudication}
Started game 1969 of 3000 (cand-dedddf6 vs ref-248b6e2)
Finished game 1962 (ref-248b6e2 vs cand-dedddf6): 1-0 {White wins by adjudication}
Started game 1970 of 3000 (ref-248b6e2 vs cand-dedddf6)
Finished game 1955 (cand-dedddf6 vs ref-248b6e2): 1/2-1/2 {Draw by adjudication}
Started game 1971 of 3000 (cand-dedddf6 vs ref-248b6e2)
Finished game 1953 (cand-dedddf6 vs ref-248b6e2): 1/2-1/2 {Draw by adjudication}
Started game 1972 of 3000 (ref-248b6e2 vs cand-dedddf6)
Finished game 1961 (cand-dedddf6 vs ref-248b6e2): 1-0 {White wins by adjudication}
Started game 1973 of 3000 (cand-dedddf6 vs ref-248b6e2)
Finished game 1960 (ref-248b6e2 vs cand-dedddf6): 1/2-1/2 {Draw by adjudication}
--------------------------------------------------
Results of cand-dedddf6 vs ref-248b6e2 (8+0.08, 1t, 16MB, noob_3moves.epd):
Elo: -2.13 +/- 11.60, nElo: -2.82 +/- 15.37
LOS: 35.97 %, DrawRatio: 34.25 %, PairsRatio: 1.01
Games: 1962, Wins: 579, Losses: 591, Draws: 792, Points: 975.0 (49.69 %)
Ptnml(0-2): [86, 235, 336, 253, 71], WL/DD Ratio: 1.21
--------------------------------------------------
Started game 1974 of 3000 (ref-248b6e2 vs cand-dedddf6)
Finished game 1963 (cand-dedddf6 vs ref-248b6e2): 1-0 {White wins by adjudication}
Started game 1975 of 3000 (cand-dedddf6 vs ref-248b6e2)
Finished game 1968 (ref-248b6e2 vs cand-dedddf6): 1/2-1/2 {Draw by 3-fold repetition}
Started game 1976 of 3000 (ref-248b6e2 vs cand-dedddf6)
Finished game 1964 (ref-248b6e2 vs cand-dedddf6): 1/2-1/2 {Draw by insufficient mating material}
Started game 1977 of 3000 (cand-dedddf6 vs ref-248b6e2)
Finished game 1965 (cand-dedddf6 vs ref-248b6e2): 1-0 {White wins by adjudication}
Started game 1978 of 3000 (ref-248b6e2 vs cand-dedddf6)
Finished game 1972 (ref-248b6e2 vs cand-dedddf6): 0-1 {Black wins by adjudication}
Started game 1979 of 3000 (cand-dedddf6 vs ref-248b6e2)
Finished game 1966 (ref-248b6e2 vs cand-dedddf6): 1/2-1/2 {Draw by 3-fold repetition}
Started game 1980 of 3000 (ref-248b6e2 vs cand-dedddf6)
Finished game 1970 (ref-248b6e2 vs cand-dedddf6): 0-1 {Black wins by adjudication}
Started game 1981 of 3000 (cand-dedddf6 vs ref-248b6e2)
Finished game 1967 (cand-dedddf6 vs ref-248b6e2): 1-0 {White wins by adjudication}
Started game 1982 of 3000 (ref-248b6e2 vs cand-dedddf6)
Finished game 1971 (cand-dedddf6 vs ref-248b6e2): 1/2-1/2 {Draw by adjudication}
Started game 1983 of 3000 (cand-dedddf6 vs ref-248b6e2)
Finished game 1974 (ref-248b6e2 vs cand-dedddf6): 1-0 {White wins by adjudication}
Started game 1984 of 3000 (ref-248b6e2 vs cand-dedddf6)
Finished game 1973 (cand-dedddf6 vs ref-248b6e2): 1/2-1/2 {Draw by adjudication}
Started game 1985 of 3000 (cand-dedddf6 vs ref-248b6e2)
Finished game 1975 (cand-dedddf6 vs ref-248b6e2): 1-0 {White wins by adjudication}
Started game 1986 of 3000 (ref-248b6e2 vs cand-dedddf6)
Finished game 1969 (cand-dedddf6 vs ref-248b6e2): 1/2-1/2 {Draw by 3-fold repetition}
Started game 1987 of 3000 (cand-dedddf6 vs ref-248b6e2)
Finished game 1980 (ref-248b6e2 vs cand-dedddf6): 1-0 {White wins by adjudication}
Started game 1988 of 3000 (ref-248b6e2 vs cand-dedddf6)
Finished game 1977 (cand-dedddf6 vs ref-248b6e2): 0-1 {Black wins by adjudication}
Started game 1989 of 3000 (cand-dedddf6 vs ref-248b6e2)
Finished game 1981 (cand-dedddf6 vs ref-248b6e2): 1-0 {White wins by adjudication}
Started game 1990 of 3000 (ref-248b6e2 vs cand-dedddf6)
Finished game 1982 (ref-248b6e2 vs cand-dedddf6): 1-0 {White wins by adjudication}
Started game 1991 of 3000 (cand-dedddf6 vs ref-248b6e2)
Finished game 1976 (ref-248b6e2 vs cand-dedddf6): 1/2-1/2 {Draw by insufficient mating material}
Started game 1992 of 3000 (ref-248b6e2 vs cand-dedddf6)
Finished game 1978 (ref-248b6e2 vs cand-dedddf6): 1/2-1/2 {Draw by adjudication}
Started game 1993 of 3000 (cand-dedddf6 vs ref-248b6e2)
Finished game 1983 (cand-dedddf6 vs ref-248b6e2): 1-0 {White wins by adjudication}
Started game 1994 of 3000 (ref-248b6e2 vs cand-dedddf6)
Finished game 1979 (cand-dedddf6 vs ref-248b6e2): 1/2-1/2 {Draw by insufficient mating material}
--------------------------------------------------
Results of cand-dedddf6 vs ref-248b6e2 (8+0.08, 1t, 16MB, noob_3moves.epd):
Elo: -1.58 +/- 11.53, nElo: -2.09 +/- 15.30
LOS: 39.42 %, DrawRatio: 34.01 %, PairsRatio: 1.02
Games: 1982, Wins: 586, Losses: 595, Draws: 801, Points: 986.5 (49.77 %)
Ptnml(0-2): [86, 238, 337, 259, 71], WL/DD Ratio: 1.22
--------------------------------------------------
Started game 1995 of 3000 (cand-dedddf6 vs ref-248b6e2)
Finished game 1984 (ref-248b6e2 vs cand-dedddf6): 1-0 {White wins by adjudication}
Started game 1996 of 3000 (ref-248b6e2 vs cand-dedddf6)
Finished game 1987 (cand-dedddf6 vs ref-248b6e2): 1/2-1/2 {Draw by 3-fold repetition}
Started game 1997 of 3000 (cand-dedddf6 vs ref-248b6e2)
Finished game 1985 (cand-dedddf6 vs ref-248b6e2): 1/2-1/2 {Draw by 3-fold repetition}
Started game 1998 of 3000 (ref-248b6e2 vs cand-dedddf6)
Finished game 1988 (ref-248b6e2 vs cand-dedddf6): 0-1 {Black wins by adjudication}
Started game 1999 of 3000 (cand-dedddf6 vs ref-248b6e2)
Finished game 1986 (ref-248b6e2 vs cand-dedddf6): 1/2-1/2 {Draw by insufficient mating material}
Started game 2000 of 3000 (ref-248b6e2 vs cand-dedddf6)
Finished game 1990 (ref-248b6e2 vs cand-dedddf6): 0-1 {Black wins by adjudication}
Started game 2001 of 3000 (cand-dedddf6 vs ref-248b6e2)
Finished game 1989 (cand-dedddf6 vs ref-248b6e2): 1/2-1/2 {Draw by insufficient mating material}
Started game 2002 of 3000 (ref-248b6e2 vs cand-dedddf6)
Finished game 1991 (cand-dedddf6 vs ref-248b6e2): 1-0 {White wins by adjudication}
Started game 2003 of 3000 (cand-dedddf6 vs ref-248b6e2)
Finished game 1992 (ref-248b6e2 vs cand-dedddf6): 1-0 {White wins by adjudication}
Started game 2004 of 3000 (ref-248b6e2 vs cand-dedddf6)
Finished game 1995 (cand-dedddf6 vs ref-248b6e2): 1/2-1/2 {Draw by 3-fold repetition}
Started game 2005 of 3000 (cand-dedddf6 vs ref-248b6e2)
Finished game 1998 (ref-248b6e2 vs cand-dedddf6): 0-1 {Black wins by adjudication}
Started game 2006 of 3000 (ref-248b6e2 vs cand-dedddf6)
Finished game 1993 (cand-dedddf6 vs ref-248b6e2): 0-1 {Black wins by adjudication}
Started game 2007 of 3000 (cand-dedddf6 vs ref-248b6e2)
Finished game 1999 (cand-dedddf6 vs ref-248b6e2): 0-1 {Black wins by adjudication}
Started game 2008 of 3000 (ref-248b6e2 vs cand-dedddf6)
Finished game 1996 (ref-248b6e2 vs cand-dedddf6): 1-0 {White wins by adjudication}
Started game 2009 of 3000 (cand-dedddf6 vs ref-248b6e2)
Finished game 1994 (ref-248b6e2 vs cand-dedddf6): 1-0 {White wins by adjudication}
Started game 2010 of 3000 (ref-248b6e2 vs cand-dedddf6)
Finished game 2003 (cand-dedddf6 vs ref-248b6e2): 1-0 {White wins by adjudication}
Started game 2011 of 3000 (cand-dedddf6 vs ref-248b6e2)
Finished game 2000 (ref-248b6e2 vs cand-dedddf6): 1-0 {White wins by adjudication}
--------------------------------------------------
Results of cand-dedddf6 vs ref-248b6e2 (8+0.08, 1t, 16MB, noob_3moves.epd):
Elo: -2.09 +/- 11.49, nElo: -2.77 +/- 15.23
LOS: 36.09 %, DrawRatio: 34.03 %, PairsRatio: 1.02
Games: 1998, Wins: 590, Losses: 602, Draws: 806, Points: 993.0 (49.70 %)
Ptnml(0-2): [88, 239, 340, 261, 71], WL/DD Ratio: 1.22
--------------------------------------------------
Started game 2012 of 3000 (ref-248b6e2 vs cand-dedddf6)
Finished game 2004 (ref-248b6e2 vs cand-dedddf6): 1-0 {White wins by adjudication}
Started game 2013 of 3000 (cand-dedddf6 vs ref-248b6e2)
Finished game 2006 (ref-248b6e2 vs cand-dedddf6): 1/2-1/2 {Draw by 3-fold repetition}
Started game 2014 of 3000 (ref-248b6e2 vs cand-dedddf6)
Finished game 2001 (cand-dedddf6 vs ref-248b6e2): 1-0 {White wins by adjudication}
Started game 2015 of 3000 (cand-dedddf6 vs ref-248b6e2)
Finished game 1997 (cand-dedddf6 vs ref-248b6e2): 1-0 {White wins by adjudication}
Started game 2016 of 3000 (ref-248b6e2 vs cand-dedddf6)
Finished game 2005 (cand-dedddf6 vs ref-248b6e2): 1/2-1/2 {Draw by 3-fold repetition}
Started game 2017 of 3000 (cand-dedddf6 vs ref-248b6e2)
Finished game 2012 (ref-248b6e2 vs cand-dedddf6): 1/2-1/2 {Draw by 3-fold repetition}
Started game 2018 of 3000 (ref-248b6e2 vs cand-dedddf6)
Finished game 2002 (ref-248b6e2 vs cand-dedddf6): 0-1 {Black wins by adjudication}
Started game 2019 of 3000 (cand-dedddf6 vs ref-248b6e2)
Finished game 2008 (ref-248b6e2 vs cand-dedddf6): 0-1 {Black wins by adjudication}
Started game 2020 of 3000 (ref-248b6e2 vs cand-dedddf6)
Finished game 2009 (cand-dedddf6 vs ref-248b6e2): 1-0 {White wins by adjudication}
Started game 2021 of 3000 (cand-dedddf6 vs ref-248b6e2)
Finished game 2010 (ref-248b6e2 vs cand-dedddf6): 1/2-1/2 {Draw by adjudication}
Started game 2022 of 3000 (ref-248b6e2 vs cand-dedddf6)
Finished game 2007 (cand-dedddf6 vs ref-248b6e2): 1/2-1/2 {Draw by insufficient mating material}
Started game 2023 of 3000 (cand-dedddf6 vs ref-248b6e2)
Finished game 2015 (cand-dedddf6 vs ref-248b6e2): 1/2-1/2 {Draw by 3-fold repetition}
Started game 2024 of 3000 (ref-248b6e2 vs cand-dedddf6)
Finished game 2014 (ref-248b6e2 vs cand-dedddf6): 0-1 {Black wins by adjudication}
Started game 2025 of 3000 (cand-dedddf6 vs ref-248b6e2)
Finished game 2018 (ref-248b6e2 vs cand-dedddf6): 1-0 {White wins by adjudication}
Started game 2026 of 3000 (ref-248b6e2 vs cand-dedddf6)
Finished game 2011 (cand-dedddf6 vs ref-248b6e2): 1-0 {White wins by adjudication}
Started game 2027 of 3000 (cand-dedddf6 vs ref-248b6e2)
Finished game 2017 (cand-dedddf6 vs ref-248b6e2): 1/2-1/2 {Draw by 3-fold repetition}
Started game 2028 of 3000 (ref-248b6e2 vs cand-dedddf6)
Finished game 2016 (ref-248b6e2 vs cand-dedddf6): 1/2-1/2 {Draw by adjudication}
Started game 2029 of 3000 (cand-dedddf6 vs ref-248b6e2)
Finished game 2013 (cand-dedddf6 vs ref-248b6e2): 1/2-1/2 {Draw by insufficient mating material}
Started game 2030 of 3000 (ref-248b6e2 vs cand-dedddf6)
Finished game 2023 (cand-dedddf6 vs ref-248b6e2): 0-1 {Black wins by adjudication}
Started game 2031 of 3000 (cand-dedddf6 vs ref-248b6e2)
Finished game 2021 (cand-dedddf6 vs ref-248b6e2): 0-1 {Black wins by adjudication}
Started game 2032 of 3000 (ref-248b6e2 vs cand-dedddf6)
Finished game 2024 (ref-248b6e2 vs cand-dedddf6): 0-1 {Black wins by adjudication}
Started game 2033 of 3000 (cand-dedddf6 vs ref-248b6e2)
Finished game 2019 (cand-dedddf6 vs ref-248b6e2): 0-1 {Black wins by adjudication}
Started game 2034 of 3000 (ref-248b6e2 vs cand-dedddf6)
Finished game 2022 (ref-248b6e2 vs cand-dedddf6): 1-0 {White wins by adjudication}
Started game 2035 of 3000 (cand-dedddf6 vs ref-248b6e2)
Finished game 2025 (cand-dedddf6 vs ref-248b6e2): 1/2-1/2 {Draw by 3-fold repetition}
Started game 2036 of 3000 (ref-248b6e2 vs cand-dedddf6)
Finished game 2028 (ref-248b6e2 vs cand-dedddf6): 1/2-1/2 {Draw by 3-fold repetition}
Started game 2037 of 3000 (cand-dedddf6 vs ref-248b6e2)
Finished game 2026 (ref-248b6e2 vs cand-dedddf6): 0-1 {Black wins by adjudication}
Started game 2038 of 3000 (ref-248b6e2 vs cand-dedddf6)
Finished game 2030 (ref-248b6e2 vs cand-dedddf6): 1/2-1/2 {Draw by 3-fold repetition}
Started game 2039 of 3000 (cand-dedddf6 vs ref-248b6e2)
Finished game 2027 (cand-dedddf6 vs ref-248b6e2): 1-0 {White wins by adjudication}
Started game 2040 of 3000 (ref-248b6e2 vs cand-dedddf6)
Finished game 2034 (ref-248b6e2 vs cand-dedddf6): 1-0 {White wins by adjudication}
Started game 2041 of 3000 (cand-dedddf6 vs ref-248b6e2)
Finished game 2029 (cand-dedddf6 vs ref-248b6e2): 0-1 {Black wins by adjudication}
Started game 2042 of 3000 (ref-248b6e2 vs cand-dedddf6)
Finished game 2031 (cand-dedddf6 vs ref-248b6e2): 0-1 {Black wins by adjudication}
Started game 2043 of 3000 (cand-dedddf6 vs ref-248b6e2)
Finished game 2033 (cand-dedddf6 vs ref-248b6e2): 1/2-1/2 {Draw by adjudication}
Started game 2044 of 3000 (ref-248b6e2 vs cand-dedddf6)
Finished game 2020 (ref-248b6e2 vs cand-dedddf6): 1/2-1/2 {Draw by fifty moves rule}
--------------------------------------------------
Results of cand-dedddf6 vs ref-248b6e2 (8+0.08, 1t, 16MB, noob_3moves.epd):
Elo: -1.37 +/- 11.41, nElo: -1.81 +/- 15.11
LOS: 40.71 %, DrawRatio: 33.86 %, PairsRatio: 1.02
Games: 2032, Wins: 602, Losses: 610, Draws: 820, Points: 1012.0 (49.80 %)
Ptnml(0-2): [89, 243, 344, 267, 73], WL/DD Ratio: 1.22
--------------------------------------------------
Started game 2045 of 3000 (cand-dedddf6 vs ref-248b6e2)
Finished game 2032 (ref-248b6e2 vs cand-dedddf6): 1/2-1/2 {Draw by 3-fold repetition}
Started game 2046 of 3000 (ref-248b6e2 vs cand-dedddf6)
Finished game 2035 (cand-dedddf6 vs ref-248b6e2): 1/2-1/2 {Draw by adjudication}
Started game 2047 of 3000 (cand-dedddf6 vs ref-248b6e2)
Finished game 2037 (cand-dedddf6 vs ref-248b6e2): 1-0 {White wins by adjudication}
Started game 2048 of 3000 (ref-248b6e2 vs cand-dedddf6)
Finished game 2038 (ref-248b6e2 vs cand-dedddf6): 1-0 {White wins by adjudication}
Started game 2049 of 3000 (cand-dedddf6 vs ref-248b6e2)
Finished game 2039 (cand-dedddf6 vs ref-248b6e2): 0-1 {Black wins by adjudication}
Started game 2050 of 3000 (ref-248b6e2 vs cand-dedddf6)
Finished game 2036 (ref-248b6e2 vs cand-dedddf6): 0-1 {Black wins by adjudication}
Started game 2051 of 3000 (cand-dedddf6 vs ref-248b6e2)
Finished game 2040 (ref-248b6e2 vs cand-dedddf6): 0-1 {Black wins by adjudication}
--------------------------------------------------
Results of cand-dedddf6 vs ref-248b6e2 (8+0.08, 1t, 16MB, noob_3moves.epd):
Elo: -1.36 +/- 11.37, nElo: -1.81 +/- 15.08
LOS: 40.71 %, DrawRatio: 33.92 %, PairsRatio: 1.02
Games: 2040, Wins: 605, Losses: 613, Draws: 822, Points: 1016.0 (49.80 %)
Ptnml(0-2): [89, 244, 346, 268, 73], WL/DD Ratio: 1.23
--------------------------------------------------
Started game 2052 of 3000 (ref-248b6e2 vs cand-dedddf6)
Finished game 2044 (ref-248b6e2 vs cand-dedddf6): 1-0 {White wins by adjudication}
Started game 2053 of 3000 (cand-dedddf6 vs ref-248b6e2)
Finished game 2042 (ref-248b6e2 vs cand-dedddf6): 1/2-1/2 {Draw by insufficient mating material}
Started game 2054 of 3000 (ref-248b6e2 vs cand-dedddf6)
Finished game 2041 (cand-dedddf6 vs ref-248b6e2): 0-1 {Black wins by adjudication}
Started game 2055 of 3000 (cand-dedddf6 vs ref-248b6e2)
Finished game 2043 (cand-dedddf6 vs ref-248b6e2): 1-0 {White wins by adjudication}
Started game 2056 of 3000 (ref-248b6e2 vs cand-dedddf6)
Finished game 2048 (ref-248b6e2 vs cand-dedddf6): 1-0 {White wins by adjudication}
Started game 2057 of 3000 (cand-dedddf6 vs ref-248b6e2)
Finished game 2047 (cand-dedddf6 vs ref-248b6e2): 1/2-1/2 {Draw by insufficient mating material}
Started game 2058 of 3000 (ref-248b6e2 vs cand-dedddf6)
Finished game 2046 (ref-248b6e2 vs cand-dedddf6): 1-0 {White wins by adjudication}
Started game 2059 of 3000 (cand-dedddf6 vs ref-248b6e2)
Finished game 2049 (cand-dedddf6 vs ref-248b6e2): 1/2-1/2 {Draw by 3-fold repetition}
Started game 2060 of 3000 (ref-248b6e2 vs cand-dedddf6)
Finished game 2045 (cand-dedddf6 vs ref-248b6e2): 1/2-1/2 {Draw by insufficient mating material}
Started game 2061 of 3000 (cand-dedddf6 vs ref-248b6e2)
Finished game 2050 (ref-248b6e2 vs cand-dedddf6): 1-0 {White wins by adjudication}
Started game 2062 of 3000 (ref-248b6e2 vs cand-dedddf6)
Finished game 2051 (cand-dedddf6 vs ref-248b6e2): 0-1 {Black wins by adjudication}
Started game 2063 of 3000 (cand-dedddf6 vs ref-248b6e2)
Finished game 2053 (cand-dedddf6 vs ref-248b6e2): 1-0 {White wins by adjudication}
Started game 2064 of 3000 (ref-248b6e2 vs cand-dedddf6)
Finished game 2054 (ref-248b6e2 vs cand-dedddf6): 1-0 {White wins by adjudication}
Started game 2065 of 3000 (cand-dedddf6 vs ref-248b6e2)
Finished game 2057 (cand-dedddf6 vs ref-248b6e2): 1-0 {White wins by adjudication}
Started game 2066 of 3000 (ref-248b6e2 vs cand-dedddf6)
Finished game 2055 (cand-dedddf6 vs ref-248b6e2): 1-0 {White wins by adjudication}
Started game 2067 of 3000 (cand-dedddf6 vs ref-248b6e2)
Finished game 2059 (cand-dedddf6 vs ref-248b6e2): 1-0 {White wins by adjudication}
Started game 2068 of 3000 (ref-248b6e2 vs cand-dedddf6)
Finished game 2052 (ref-248b6e2 vs cand-dedddf6): 1-0 {White wins by adjudication}
Started game 2069 of 3000 (cand-dedddf6 vs ref-248b6e2)
Finished game 2056 (ref-248b6e2 vs cand-dedddf6): 1-0 {White wins by adjudication}
Started game 2070 of 3000 (ref-248b6e2 vs cand-dedddf6)
Finished game 2058 (ref-248b6e2 vs cand-dedddf6): 1/2-1/2 {Draw by 3-fold repetition}
Started game 2071 of 3000 (cand-dedddf6 vs ref-248b6e2)
Finished game 2064 (ref-248b6e2 vs cand-dedddf6): 1-0 {White wins by adjudication}
Started game 2072 of 3000 (ref-248b6e2 vs cand-dedddf6)
Finished game 2061 (cand-dedddf6 vs ref-248b6e2): 1-0 {White wins by adjudication}
Started game 2073 of 3000 (cand-dedddf6 vs ref-248b6e2)
Finished game 2062 (ref-248b6e2 vs cand-dedddf6): 1-0 {White wins by adjudication}
Started game 2074 of 3000 (ref-248b6e2 vs cand-dedddf6)
Finished game 2066 (ref-248b6e2 vs cand-dedddf6): 1/2-1/2 {Draw by 3-fold repetition}
Started game 2075 of 3000 (cand-dedddf6 vs ref-248b6e2)
Finished game 2063 (cand-dedddf6 vs ref-248b6e2): 1-0 {White wins by adjudication}
Started game 2076 of 3000 (ref-248b6e2 vs cand-dedddf6)
Finished game 2065 (cand-dedddf6 vs ref-248b6e2): 1/2-1/2 {Draw by adjudication}
Started game 2077 of 3000 (cand-dedddf6 vs ref-248b6e2)
Finished game 2067 (cand-dedddf6 vs ref-248b6e2): 0-1 {Black wins by adjudication}
Started game 2078 of 3000 (ref-248b6e2 vs cand-dedddf6)
Finished game 2068 (ref-248b6e2 vs cand-dedddf6): 1-0 {White wins by adjudication}
Started game 2079 of 3000 (cand-dedddf6 vs ref-248b6e2)
Finished game 2069 (cand-dedddf6 vs ref-248b6e2): 0-1 {Black wins by adjudication}
Started game 2080 of 3000 (ref-248b6e2 vs cand-dedddf6)
Finished game 2060 (ref-248b6e2 vs cand-dedddf6): 0-1 {Black wins by adjudication}
--------------------------------------------------
Results of cand-dedddf6 vs ref-248b6e2 (8+0.08, 1t, 16MB, noob_3moves.epd):
Elo: -2.18 +/- 11.30, nElo: -2.90 +/- 14.97
LOS: 35.24 %, DrawRatio: 34.04 %, PairsRatio: 1.01
Games: 2068, Wins: 613, Losses: 626, Draws: 829, Points: 1027.5 (49.69 %)
Ptnml(0-2): [91, 248, 352, 269, 74], WL/DD Ratio: 1.26
--------------------------------------------------
Started game 2081 of 3000 (cand-dedddf6 vs ref-248b6e2)
Finished game 2070 (ref-248b6e2 vs cand-dedddf6): 1-0 {White wins by adjudication}
Started game 2082 of 3000 (ref-248b6e2 vs cand-dedddf6)
Finished game 2071 (cand-dedddf6 vs ref-248b6e2): 1/2-1/2 {Draw by adjudication}
Started game 2083 of 3000 (cand-dedddf6 vs ref-248b6e2)
Finished game 2076 (ref-248b6e2 vs cand-dedddf6): 1/2-1/2 {Draw by 3-fold repetition}
Started game 2084 of 3000 (ref-248b6e2 vs cand-dedddf6)
Finished game 2072 (ref-248b6e2 vs cand-dedddf6): 1/2-1/2 {Draw by adjudication}
Started game 2085 of 3000 (cand-dedddf6 vs ref-248b6e2)
Finished game 2074 (ref-248b6e2 vs cand-dedddf6): 1-0 {White wins by adjudication}
Started game 2086 of 3000 (ref-248b6e2 vs cand-dedddf6)
Finished game 2073 (cand-dedddf6 vs ref-248b6e2): 1/2-1/2 {Draw by 3-fold repetition}
Started game 2087 of 3000 (cand-dedddf6 vs ref-248b6e2)
Finished game 2077 (cand-dedddf6 vs ref-248b6e2): 0-1 {Black wins by adjudication}
Started game 2088 of 3000 (ref-248b6e2 vs cand-dedddf6)
Finished game 2081 (cand-dedddf6 vs ref-248b6e2): 1/2-1/2 {Draw by 3-fold repetition}
Started game 2089 of 3000 (cand-dedddf6 vs ref-248b6e2)
Finished game 2079 (cand-dedddf6 vs ref-248b6e2): 1-0 {White wins by adjudication}
Started game 2090 of 3000 (ref-248b6e2 vs cand-dedddf6)
Finished game 2075 (cand-dedddf6 vs ref-248b6e2): 1/2-1/2 {Draw by adjudication}
Started game 2091 of 3000 (cand-dedddf6 vs ref-248b6e2)
Finished game 2083 (cand-dedddf6 vs ref-248b6e2): 0-1 {Black wins by adjudication}
Started game 2092 of 3000 (ref-248b6e2 vs cand-dedddf6)
Finished game 2078 (ref-248b6e2 vs cand-dedddf6): 0-1 {Black wins by adjudication}
Started game 2093 of 3000 (cand-dedddf6 vs ref-248b6e2)
Finished game 2082 (ref-248b6e2 vs cand-dedddf6): 1/2-1/2 {Draw by adjudication}
Started game 2094 of 3000 (ref-248b6e2 vs cand-dedddf6)
Finished game 2084 (ref-248b6e2 vs cand-dedddf6): 1/2-1/2 {Draw by 3-fold repetition}
Started game 2095 of 3000 (cand-dedddf6 vs ref-248b6e2)
Finished game 2085 (cand-dedddf6 vs ref-248b6e2): 1-0 {White wins by adjudication}
Started game 2096 of 3000 (ref-248b6e2 vs cand-dedddf6)
Finished game 2086 (ref-248b6e2 vs cand-dedddf6): 1-0 {White wins by adjudication}
Started game 2097 of 3000 (cand-dedddf6 vs ref-248b6e2)
Finished game 2087 (cand-dedddf6 vs ref-248b6e2): 1/2-1/2 {Draw by insufficient mating material}
Started game 2098 of 3000 (ref-248b6e2 vs cand-dedddf6)
Finished game 2092 (ref-248b6e2 vs cand-dedddf6): 1/2-1/2 {Draw by 3-fold repetition}
Started game 2099 of 3000 (cand-dedddf6 vs ref-248b6e2)
Finished game 2088 (ref-248b6e2 vs cand-dedddf6): 0-1 {Black wins by adjudication}
Started game 2100 of 3000 (ref-248b6e2 vs cand-dedddf6)
Finished game 2095 (cand-dedddf6 vs ref-248b6e2): 1-0 {White wins by adjudication}
Started game 2101 of 3000 (cand-dedddf6 vs ref-248b6e2)
Finished game 2090 (ref-248b6e2 vs cand-dedddf6): 1/2-1/2 {Draw by 3-fold repetition}
Started game 2102 of 3000 (ref-248b6e2 vs cand-dedddf6)
Finished game 2094 (ref-248b6e2 vs cand-dedddf6): 1/2-1/2 {Draw by 3-fold repetition}
Started game 2103 of 3000 (cand-dedddf6 vs ref-248b6e2)
Finished game 2089 (cand-dedddf6 vs ref-248b6e2): 0-1 {Black wins by adjudication}
Started game 2104 of 3000 (ref-248b6e2 vs cand-dedddf6)
Finished game 2080 (ref-248b6e2 vs cand-dedddf6): 1/2-1/2 {Draw by insufficient mating material}
--------------------------------------------------
Results of cand-dedddf6 vs ref-248b6e2 (8+0.08, 1t, 16MB, noob_3moves.epd):
Elo: -2.66 +/- 11.22, nElo: -3.53 +/- 14.90
LOS: 32.11 %, DrawRatio: 34.16 %, PairsRatio: 1.01
Games: 2090, Wins: 617, Losses: 633, Draws: 840, Points: 1037.0 (49.62 %)
Ptnml(0-2): [92, 251, 357, 271, 74], WL/DD Ratio: 1.25
--------------------------------------------------
Started game 2105 of 3000 (cand-dedddf6 vs ref-248b6e2)
Finished game 2091 (cand-dedddf6 vs ref-248b6e2): 1/2-1/2 {Draw by adjudication}
Started game 2106 of 3000 (ref-248b6e2 vs cand-dedddf6)
Finished game 2097 (cand-dedddf6 vs ref-248b6e2): 1/2-1/2 {Draw by 3-fold repetition}
Started game 2107 of 3000 (cand-dedddf6 vs ref-248b6e2)
Finished game 2096 (ref-248b6e2 vs cand-dedddf6): 1/2-1/2 {Draw by 3-fold repetition}
Started game 2108 of 3000 (ref-248b6e2 vs cand-dedddf6)
Finished game 2100 (ref-248b6e2 vs cand-dedddf6): 0-1 {Black wins by adjudication}
Started game 2109 of 3000 (cand-dedddf6 vs ref-248b6e2)
Finished game 2102 (ref-248b6e2 vs cand-dedddf6): 1-0 {White wins by adjudication}
Started game 2110 of 3000 (ref-248b6e2 vs cand-dedddf6)
Finished game 2101 (cand-dedddf6 vs ref-248b6e2): 1-0 {White wins by adjudication}
Started game 2111 of 3000 (cand-dedddf6 vs ref-248b6e2)
Finished game 2098 (ref-248b6e2 vs cand-dedddf6): 1-0 {White wins by adjudication}
Started game 2112 of 3000 (ref-248b6e2 vs cand-dedddf6)
Finished game 2093 (cand-dedddf6 vs ref-248b6e2): 1/2-1/2 {Draw by fifty moves rule}
Started game 2113 of 3000 (cand-dedddf6 vs ref-248b6e2)
Finished game 2103 (cand-dedddf6 vs ref-248b6e2): 1/2-1/2 {Draw by adjudication}
Started game 2114 of 3000 (ref-248b6e2 vs cand-dedddf6)
Finished game 2099 (cand-dedddf6 vs ref-248b6e2): 1/2-1/2 {Draw by insufficient mating material}
--------------------------------------------------
Results of cand-dedddf6 vs ref-248b6e2 (8+0.08, 1t, 16MB, noob_3moves.epd):
Elo: -2.48 +/- 11.17, nElo: -3.30 +/- 14.85
LOS: 33.18 %, DrawRatio: 34.25 %, PairsRatio: 1.01
Games: 2102, Wins: 620, Losses: 635, Draws: 847, Points: 1043.5 (49.64 %)
Ptnml(0-2): [92, 252, 360, 273, 74], WL/DD Ratio: 1.24
--------------------------------------------------
Started game 2115 of 3000 (cand-dedddf6 vs ref-248b6e2)
Finished game 2105 (cand-dedddf6 vs ref-248b6e2): 0-1 {Black wins by adjudication}
Started game 2116 of 3000 (ref-248b6e2 vs cand-dedddf6)
Finished game 2106 (ref-248b6e2 vs cand-dedddf6): 0-1 {Black wins by adjudication}
Started game 2117 of 3000 (cand-dedddf6 vs ref-248b6e2)
Finished game 2104 (ref-248b6e2 vs cand-dedddf6): 1/2-1/2 {Draw by 3-fold repetition}
Started game 2118 of 3000 (ref-248b6e2 vs cand-dedddf6)
Finished game 2110 (ref-248b6e2 vs cand-dedddf6): 0-1 {Black wins by adjudication}
Started game 2119 of 3000 (cand-dedddf6 vs ref-248b6e2)
Finished game 2111 (cand-dedddf6 vs ref-248b6e2): 1-0 {White wins by adjudication}
Started game 2120 of 3000 (ref-248b6e2 vs cand-dedddf6)
Finished game 2107 (cand-dedddf6 vs ref-248b6e2): 0-1 {Black wins by adjudication}
Started game 2121 of 3000 (cand-dedddf6 vs ref-248b6e2)
Finished game 2108 (ref-248b6e2 vs cand-dedddf6): 1-0 {White wins by adjudication}
Started game 2122 of 3000 (ref-248b6e2 vs cand-dedddf6)
Finished game 2113 (cand-dedddf6 vs ref-248b6e2): 0-1 {Black wins by adjudication}
Started game 2123 of 3000 (cand-dedddf6 vs ref-248b6e2)
Finished game 2109 (cand-dedddf6 vs ref-248b6e2): 1/2-1/2 {Draw by insufficient mating material}
Started game 2124 of 3000 (ref-248b6e2 vs cand-dedddf6)
Finished game 2117 (cand-dedddf6 vs ref-248b6e2): 0-1 {Black wins by adjudication}
Started game 2125 of 3000 (cand-dedddf6 vs ref-248b6e2)
Finished game 2116 (ref-248b6e2 vs cand-dedddf6): 1/2-1/2 {Draw by 3-fold repetition}
Started game 2126 of 3000 (ref-248b6e2 vs cand-dedddf6)
Finished game 2114 (ref-248b6e2 vs cand-dedddf6): 0-1 {Black wins by adjudication}
Started game 2127 of 3000 (cand-dedddf6 vs ref-248b6e2)
Finished game 2112 (ref-248b6e2 vs cand-dedddf6): 1/2-1/2 {Draw by adjudication}
Started game 2128 of 3000 (ref-248b6e2 vs cand-dedddf6)
Finished game 2118 (ref-248b6e2 vs cand-dedddf6): 1-0 {White wins by adjudication}
Started game 2129 of 3000 (cand-dedddf6 vs ref-248b6e2)
Finished game 2115 (cand-dedddf6 vs ref-248b6e2): 1/2-1/2 {Draw by 3-fold repetition}
Started game 2130 of 3000 (ref-248b6e2 vs cand-dedddf6)
Finished game 2119 (cand-dedddf6 vs ref-248b6e2): 1-0 {White wins by adjudication}
Started game 2131 of 3000 (cand-dedddf6 vs ref-248b6e2)
Finished game 2121 (cand-dedddf6 vs ref-248b6e2): 0-1 {Black wins by adjudication}
Started game 2132 of 3000 (ref-248b6e2 vs cand-dedddf6)
Finished game 2120 (ref-248b6e2 vs cand-dedddf6): 1-0 {White wins by adjudication}
--------------------------------------------------
Results of cand-dedddf6 vs ref-248b6e2 (8+0.08, 1t, 16MB, noob_3moves.epd):
Elo: -2.79 +/- 11.13, nElo: -3.71 +/- 14.79
LOS: 31.17 %, DrawRatio: 34.43 %, PairsRatio: 1.01
Games: 2120, Wins: 625, Losses: 642, Draws: 853, Points: 1051.5 (49.60 %)
Ptnml(0-2): [94, 252, 365, 275, 74], WL/DD Ratio: 1.24
--------------------------------------------------
Started game 2133 of 3000 (cand-dedddf6 vs ref-248b6e2)
Finished game 2125 (cand-dedddf6 vs ref-248b6e2): 0-1 {Black wins by adjudication}
Started game 2134 of 3000 (ref-248b6e2 vs cand-dedddf6)
Finished game 2122 (ref-248b6e2 vs cand-dedddf6): 1-0 {White wins by adjudication}
Started game 2135 of 3000 (cand-dedddf6 vs ref-248b6e2)
Finished game 2126 (ref-248b6e2 vs cand-dedddf6): 1-0 {White wins by adjudication}
Started game 2136 of 3000 (ref-248b6e2 vs cand-dedddf6)
Finished game 2127 (cand-dedddf6 vs ref-248b6e2): 1-0 {White wins by adjudication}
Started game 2137 of 3000 (cand-dedddf6 vs ref-248b6e2)
Finished game 2124 (ref-248b6e2 vs cand-dedddf6): 1/2-1/2 {Draw by 3-fold repetition}
Started game 2138 of 3000 (ref-248b6e2 vs cand-dedddf6)
Finished game 2123 (cand-dedddf6 vs ref-248b6e2): 1/2-1/2 {Draw by adjudication}
Started game 2139 of 3000 (cand-dedddf6 vs ref-248b6e2)
Finished game 2128 (ref-248b6e2 vs cand-dedddf6): 1-0 {White wins by adjudication}
Started game 2140 of 3000 (ref-248b6e2 vs cand-dedddf6)
Finished game 2129 (cand-dedddf6 vs ref-248b6e2): 0-1 {Black wins by adjudication}
Started game 2141 of 3000 (cand-dedddf6 vs ref-248b6e2)
Finished game 2131 (cand-dedddf6 vs ref-248b6e2): 1/2-1/2 {Draw by 3-fold repetition}
Started game 2142 of 3000 (ref-248b6e2 vs cand-dedddf6)
Finished game 2133 (cand-dedddf6 vs ref-248b6e2): 1/2-1/2 {Draw by 3-fold repetition}
Started game 2143 of 3000 (cand-dedddf6 vs ref-248b6e2)
Finished game 2134 (ref-248b6e2 vs cand-dedddf6): 1/2-1/2 {Draw by insufficient mating material}
Started game 2144 of 3000 (ref-248b6e2 vs cand-dedddf6)
Finished game 2132 (ref-248b6e2 vs cand-dedddf6): 1-0 {White wins by adjudication}
Started game 2145 of 3000 (cand-dedddf6 vs ref-248b6e2)
Finished game 2138 (ref-248b6e2 vs cand-dedddf6): 0-1 {Black wins by adjudication}
Started game 2146 of 3000 (ref-248b6e2 vs cand-dedddf6)
Finished game 2135 (cand-dedddf6 vs ref-248b6e2): 0-1 {Black wins by adjudication}
Started game 2147 of 3000 (cand-dedddf6 vs ref-248b6e2)
Finished game 2137 (cand-dedddf6 vs ref-248b6e2): 1-0 {White wins by adjudication}
Started game 2148 of 3000 (ref-248b6e2 vs cand-dedddf6)
Finished game 2136 (ref-248b6e2 vs cand-dedddf6): 1/2-1/2 {Draw by adjudication}
Started game 2149 of 3000 (cand-dedddf6 vs ref-248b6e2)
Finished game 2140 (ref-248b6e2 vs cand-dedddf6): 0-1 {Black wins by adjudication}
Started game 2150 of 3000 (ref-248b6e2 vs cand-dedddf6)
Finished game 2141 (cand-dedddf6 vs ref-248b6e2): 0-1 {Black wins by adjudication}
Started game 2151 of 3000 (cand-dedddf6 vs ref-248b6e2)
Finished game 2130 (ref-248b6e2 vs cand-dedddf6): 1/2-1/2 {Draw by fifty moves rule}
Started game 2152 of 3000 (ref-248b6e2 vs cand-dedddf6)
Finished game 2142 (ref-248b6e2 vs cand-dedddf6): 1-0 {White wins by adjudication}
Started game 2153 of 3000 (cand-dedddf6 vs ref-248b6e2)
Finished game 2147 (cand-dedddf6 vs ref-248b6e2): 1/2-1/2 {Draw by 3-fold repetition}
Started game 2154 of 3000 (ref-248b6e2 vs cand-dedddf6)
Finished game 2139 (cand-dedddf6 vs ref-248b6e2): 1/2-1/2 {Draw by insufficient mating material}
--------------------------------------------------
Results of cand-dedddf6 vs ref-248b6e2 (8+0.08, 1t, 16MB, noob_3moves.epd):
Elo: -3.73 +/- 11.10, nElo: -4.95 +/- 14.71
LOS: 25.50 %, DrawRatio: 34.36 %, PairsRatio: 1.00
Games: 2142, Wins: 629, Losses: 652, Draws: 861, Points: 1059.5 (49.46 %)
Ptnml(0-2): [97, 255, 368, 276, 75], WL/DD Ratio: 1.23
--------------------------------------------------
Started game 2155 of 3000 (cand-dedddf6 vs ref-248b6e2)
Finished game 2146 (ref-248b6e2 vs cand-dedddf6): 1-0 {White wins by adjudication}
Started game 2156 of 3000 (ref-248b6e2 vs cand-dedddf6)
Finished game 2143 (cand-dedddf6 vs ref-248b6e2): 1/2-1/2 {Draw by 3-fold repetition}
Started game 2157 of 3000 (cand-dedddf6 vs ref-248b6e2)
Finished game 2148 (ref-248b6e2 vs cand-dedddf6): 0-1 {Black wins by adjudication}
Started game 2158 of 3000 (ref-248b6e2 vs cand-dedddf6)
Finished game 2144 (ref-248b6e2 vs cand-dedddf6): 1/2-1/2 {Draw by insufficient mating material}
Started game 2159 of 3000 (cand-dedddf6 vs ref-248b6e2)
Finished game 2145 (cand-dedddf6 vs ref-248b6e2): 1/2-1/2 {Draw by 3-fold repetition}
Started game 2160 of 3000 (ref-248b6e2 vs cand-dedddf6)
Finished game 2152 (ref-248b6e2 vs cand-dedddf6): 1/2-1/2 {Draw by adjudication}
Started game 2161 of 3000 (cand-dedddf6 vs ref-248b6e2)
Finished game 2149 (cand-dedddf6 vs ref-248b6e2): 0-1 {Black wins by adjudication}
Started game 2162 of 3000 (ref-248b6e2 vs cand-dedddf6)
Finished game 2154 (ref-248b6e2 vs cand-dedddf6): 1/2-1/2 {Draw by adjudication}
Started game 2163 of 3000 (cand-dedddf6 vs ref-248b6e2)
Finished game 2151 (cand-dedddf6 vs ref-248b6e2): 1/2-1/2 {Draw by adjudication}
Started game 2164 of 3000 (ref-248b6e2 vs cand-dedddf6)
Finished game 2155 (cand-dedddf6 vs ref-248b6e2): 1-0 {White wins by adjudication}
Started game 2165 of 3000 (cand-dedddf6 vs ref-248b6e2)
Finished game 2150 (ref-248b6e2 vs cand-dedddf6): 1/2-1/2 {Draw by 3-fold repetition}
Started game 2166 of 3000 (ref-248b6e2 vs cand-dedddf6)
Finished game 2153 (cand-dedddf6 vs ref-248b6e2): 0-1 {Black wins by adjudication}
Started game 2167 of 3000 (cand-dedddf6 vs ref-248b6e2)
Finished game 2156 (ref-248b6e2 vs cand-dedddf6): 0-1 {Black wins by adjudication}
Started game 2168 of 3000 (ref-248b6e2 vs cand-dedddf6)
Finished game 2160 (ref-248b6e2 vs cand-dedddf6): 0-1 {Black wins by adjudication}
Started game 2169 of 3000 (cand-dedddf6 vs ref-248b6e2)
Finished game 2157 (cand-dedddf6 vs ref-248b6e2): 1-0 {White wins by adjudication}
Started game 2170 of 3000 (ref-248b6e2 vs cand-dedddf6)
Finished game 2158 (ref-248b6e2 vs cand-dedddf6): 1/2-1/2 {Draw by 3-fold repetition}
Started game 2171 of 3000 (cand-dedddf6 vs ref-248b6e2)
Finished game 2159 (cand-dedddf6 vs ref-248b6e2): 0-1 {Black wins by adjudication}
--------------------------------------------------
Results of cand-dedddf6 vs ref-248b6e2 (8+0.08, 1t, 16MB, noob_3moves.epd):
Elo: -3.54 +/- 11.05, nElo: -4.69 +/- 14.65
LOS: 26.50 %, DrawRatio: 34.35 %, PairsRatio: 1.00
Games: 2160, Wins: 634, Losses: 656, Draws: 870, Points: 1069.0 (49.49 %)
Ptnml(0-2): [97, 258, 371, 278, 76], WL/DD Ratio: 1.22
--------------------------------------------------
Started game 2172 of 3000 (ref-248b6e2 vs cand-dedddf6)
Finished game 2161 (cand-dedddf6 vs ref-248b6e2): 0-1 {Black wins by adjudication}
Started game 2173 of 3000 (cand-dedddf6 vs ref-248b6e2)
Finished game 2163 (cand-dedddf6 vs ref-248b6e2): 0-1 {Black wins by adjudication}
Started game 2174 of 3000 (ref-248b6e2 vs cand-dedddf6)
Finished game 2162 (ref-248b6e2 vs cand-dedddf6): 1/2-1/2 {Draw by adjudication}
Started game 2175 of 3000 (cand-dedddf6 vs ref-248b6e2)
Finished game 2166 (ref-248b6e2 vs cand-dedddf6): 1/2-1/2 {Draw by adjudication}
Started game 2176 of 3000 (ref-248b6e2 vs cand-dedddf6)
Finished game 2168 (ref-248b6e2 vs cand-dedddf6): 1/2-1/2 {Draw by adjudication}
Started game 2177 of 3000 (cand-dedddf6 vs ref-248b6e2)
Finished game 2169 (cand-dedddf6 vs ref-248b6e2): 1-0 {White wins by adjudication}
Started game 2178 of 3000 (ref-248b6e2 vs cand-dedddf6)
Finished game 2167 (cand-dedddf6 vs ref-248b6e2): 0-1 {Black wins by adjudication}
Started game 2179 of 3000 (cand-dedddf6 vs ref-248b6e2)
Finished game 2165 (cand-dedddf6 vs ref-248b6e2): 1/2-1/2 {Draw by insufficient mating material}
Started game 2180 of 3000 (ref-248b6e2 vs cand-dedddf6)
Finished game 2164 (ref-248b6e2 vs cand-dedddf6): 0-1 {Black wins by adjudication}
Started game 2181 of 3000 (cand-dedddf6 vs ref-248b6e2)
Finished game 2173 (cand-dedddf6 vs ref-248b6e2): 1-0 {White wins by adjudication}
Started game 2182 of 3000 (ref-248b6e2 vs cand-dedddf6)
Finished game 2172 (ref-248b6e2 vs cand-dedddf6): 1-0 {White wins by adjudication}
Started game 2183 of 3000 (cand-dedddf6 vs ref-248b6e2)
Finished game 2171 (cand-dedddf6 vs ref-248b6e2): 0-1 {Black wins by adjudication}
Started game 2184 of 3000 (ref-248b6e2 vs cand-dedddf6)
Finished game 2170 (ref-248b6e2 vs cand-dedddf6): 1-0 {White wins by adjudication}
Started game 2185 of 3000 (cand-dedddf6 vs ref-248b6e2)
Finished game 2181 (cand-dedddf6 vs ref-248b6e2): 0-1 {Black wins by adjudication}
Started game 2186 of 3000 (ref-248b6e2 vs cand-dedddf6)
Finished game 2174 (ref-248b6e2 vs cand-dedddf6): 0-1 {Black wins by adjudication}
Started game 2187 of 3000 (cand-dedddf6 vs ref-248b6e2)
Finished game 2182 (ref-248b6e2 vs cand-dedddf6): 0-1 {Black wins by adjudication}
Started game 2188 of 3000 (ref-248b6e2 vs cand-dedddf6)
Finished game 2175 (cand-dedddf6 vs ref-248b6e2): 1/2-1/2 {Draw by adjudication}
Started game 2189 of 3000 (cand-dedddf6 vs ref-248b6e2)
Finished game 2176 (ref-248b6e2 vs cand-dedddf6): 1-0 {White wins by adjudication}
Started game 2190 of 3000 (ref-248b6e2 vs cand-dedddf6)
Finished game 2184 (ref-248b6e2 vs cand-dedddf6): 1-0 {White wins by adjudication}
Started game 2191 of 3000 (cand-dedddf6 vs ref-248b6e2)
Finished game 2185 (cand-dedddf6 vs ref-248b6e2): 1-0 {White wins by adjudication}
Started game 2192 of 3000 (ref-248b6e2 vs cand-dedddf6)
Finished game 2186 (ref-248b6e2 vs cand-dedddf6): 0-1 {Black wins by adjudication}
Started game 2193 of 3000 (cand-dedddf6 vs ref-248b6e2)
Finished game 2180 (ref-248b6e2 vs cand-dedddf6): 0-1 {Black wins by adjudication}
Started game 2194 of 3000 (ref-248b6e2 vs cand-dedddf6)
Finished game 2183 (cand-dedddf6 vs ref-248b6e2): 1/2-1/2 {Draw by 3-fold repetition}
Started game 2195 of 3000 (cand-dedddf6 vs ref-248b6e2)
Finished game 2177 (cand-dedddf6 vs ref-248b6e2): 1/2-1/2 {Draw by insufficient mating material}
Started game 2196 of 3000 (ref-248b6e2 vs cand-dedddf6)
Finished game 2179 (cand-dedddf6 vs ref-248b6e2): 1/2-1/2 {Draw by stalemate}
--------------------------------------------------
Results of cand-dedddf6 vs ref-248b6e2 (8+0.08, 1t, 16MB, noob_3moves.epd):
Elo: -3.66 +/- 11.00, nElo: -4.85 +/- 14.57
LOS: 25.72 %, DrawRatio: 34.34 %, PairsRatio: 0.99
Games: 2184, Wins: 642, Losses: 665, Draws: 877, Points: 1080.5 (49.47 %)
Ptnml(0-2): [98, 262, 375, 279, 78], WL/DD Ratio: 1.23
--------------------------------------------------
Started game 2197 of 3000 (cand-dedddf6 vs ref-248b6e2)
Finished game 2178 (ref-248b6e2 vs cand-dedddf6): 1/2-1/2 {Draw by insufficient mating material}
Started game 2198 of 3000 (ref-248b6e2 vs cand-dedddf6)
Finished game 2187 (cand-dedddf6 vs ref-248b6e2): 0-1 {Black wins by adjudication}
Started game 2199 of 3000 (cand-dedddf6 vs ref-248b6e2)
Finished game 2189 (cand-dedddf6 vs ref-248b6e2): 0-1 {Black wins by adjudication}
Started game 2200 of 3000 (ref-248b6e2 vs cand-dedddf6)
Finished game 2188 (ref-248b6e2 vs cand-dedddf6): 1-0 {White wins by adjudication}
Started game 2201 of 3000 (cand-dedddf6 vs ref-248b6e2)
Finished game 2192 (ref-248b6e2 vs cand-dedddf6): 1-0 {White wins by adjudication}
Started game 2202 of 3000 (ref-248b6e2 vs cand-dedddf6)
Finished game 2191 (cand-dedddf6 vs ref-248b6e2): 1-0 {White wins by adjudication}
Started game 2203 of 3000 (cand-dedddf6 vs ref-248b6e2)
Finished game 2194 (ref-248b6e2 vs cand-dedddf6): 1-0 {White wins by adjudication}
Started game 2204 of 3000 (ref-248b6e2 vs cand-dedddf6)
Finished game 2190 (ref-248b6e2 vs cand-dedddf6): 0-1 {Black wins by adjudication}
Started game 2205 of 3000 (cand-dedddf6 vs ref-248b6e2)
Finished game 2193 (cand-dedddf6 vs ref-248b6e2): 0-1 {Black wins by adjudication}
Started game 2206 of 3000 (ref-248b6e2 vs cand-dedddf6)
Finished game 2197 (cand-dedddf6 vs ref-248b6e2): 0-1 {Black wins by adjudication}
Started game 2207 of 3000 (cand-dedddf6 vs ref-248b6e2)
Finished game 2198 (ref-248b6e2 vs cand-dedddf6): 1/2-1/2 {Draw by 3-fold repetition}
Started game 2208 of 3000 (ref-248b6e2 vs cand-dedddf6)
Finished game 2201 (cand-dedddf6 vs ref-248b6e2): 1-0 {White wins by adjudication}
Started game 2209 of 3000 (cand-dedddf6 vs ref-248b6e2)
Finished game 2202 (ref-248b6e2 vs cand-dedddf6): 1-0 {White wins by adjudication}
Started game 2210 of 3000 (ref-248b6e2 vs cand-dedddf6)
Finished game 2203 (cand-dedddf6 vs ref-248b6e2): 0-1 {Black wins by adjudication}
Started game 2211 of 3000 (cand-dedddf6 vs ref-248b6e2)
Finished game 2199 (cand-dedddf6 vs ref-248b6e2): 0-1 {Black wins by adjudication}
Started game 2212 of 3000 (ref-248b6e2 vs cand-dedddf6)
Finished game 2204 (ref-248b6e2 vs cand-dedddf6): 0-1 {Black wins by adjudication}
Started game 2213 of 3000 (cand-dedddf6 vs ref-248b6e2)
Finished game 2208 (ref-248b6e2 vs cand-dedddf6): 1/2-1/2 {Draw by 3-fold repetition}
Started game 2214 of 3000 (ref-248b6e2 vs cand-dedddf6)
Finished game 2200 (ref-248b6e2 vs cand-dedddf6): 1-0 {White wins by adjudication}
--------------------------------------------------
Results of cand-dedddf6 vs ref-248b6e2 (8+0.08, 1t, 16MB, noob_3moves.epd):
Elo: -4.73 +/- 10.97, nElo: -6.26 +/- 14.51
LOS: 19.87 %, DrawRatio: 34.51 %, PairsRatio: 0.98
Games: 2202, Wins: 646, Losses: 676, Draws: 880, Points: 1086.0 (49.32 %)
Ptnml(0-2): [101, 263, 380, 279, 78], WL/DD Ratio: 1.25
--------------------------------------------------
Started game 2215 of 3000 (cand-dedddf6 vs ref-248b6e2)
Finished game 2195 (cand-dedddf6 vs ref-248b6e2): 1/2-1/2 {Draw by fifty moves rule}
Started game 2216 of 3000 (ref-248b6e2 vs cand-dedddf6)
Finished game 2205 (cand-dedddf6 vs ref-248b6e2): 1-0 {White wins by adjudication}
Started game 2217 of 3000 (cand-dedddf6 vs ref-248b6e2)
Finished game 2196 (ref-248b6e2 vs cand-dedddf6): 1/2-1/2 {Draw by insufficient mating material}
Started game 2218 of 3000 (ref-248b6e2 vs cand-dedddf6)
Finished game 2206 (ref-248b6e2 vs cand-dedddf6): 0-1 {Black wins by adjudication}
Started game 2219 of 3000 (cand-dedddf6 vs ref-248b6e2)
Finished game 2207 (cand-dedddf6 vs ref-248b6e2): 1/2-1/2 {Draw by adjudication}
Started game 2220 of 3000 (ref-248b6e2 vs cand-dedddf6)
Finished game 2213 (cand-dedddf6 vs ref-248b6e2): 0-1 {Black wins by adjudication}
Started game 2221 of 3000 (cand-dedddf6 vs ref-248b6e2)
Finished game 2209 (cand-dedddf6 vs ref-248b6e2): 1/2-1/2 {Draw by insufficient mating material}
Started game 2222 of 3000 (ref-248b6e2 vs cand-dedddf6)
Finished game 2210 (ref-248b6e2 vs cand-dedddf6): 1/2-1/2 {Draw by 3-fold repetition}
Started game 2223 of 3000 (cand-dedddf6 vs ref-248b6e2)
Finished game 2211 (cand-dedddf6 vs ref-248b6e2): 0-1 {Black wins by adjudication}
Started game 2224 of 3000 (ref-248b6e2 vs cand-dedddf6)
Finished game 2212 (ref-248b6e2 vs cand-dedddf6): 1-0 {White wins by adjudication}
Started game 2225 of 3000 (cand-dedddf6 vs ref-248b6e2)
Finished game 2217 (cand-dedddf6 vs ref-248b6e2): 1/2-1/2 {Draw by 3-fold repetition}
Started game 2226 of 3000 (ref-248b6e2 vs cand-dedddf6)
Finished game 2218 (ref-248b6e2 vs cand-dedddf6): 1/2-1/2 {Draw by adjudication}
Started game 2227 of 3000 (cand-dedddf6 vs ref-248b6e2)
Finished game 2216 (ref-248b6e2 vs cand-dedddf6): 1/2-1/2 {Draw by 3-fold repetition}
Started game 2228 of 3000 (ref-248b6e2 vs cand-dedddf6)
Finished game 2219 (cand-dedddf6 vs ref-248b6e2): 0-1 {Black wins by adjudication}
Started game 2229 of 3000 (cand-dedddf6 vs ref-248b6e2)
Finished game 2214 (ref-248b6e2 vs cand-dedddf6): 0-1 {Black wins by adjudication}
Started game 2230 of 3000 (ref-248b6e2 vs cand-dedddf6)
Finished game 2222 (ref-248b6e2 vs cand-dedddf6): 1-0 {White wins by adjudication}
Started game 2231 of 3000 (cand-dedddf6 vs ref-248b6e2)
Finished game 2215 (cand-dedddf6 vs ref-248b6e2): 1/2-1/2 {Draw by fifty moves rule}
Started game 2232 of 3000 (ref-248b6e2 vs cand-dedddf6)
Finished game 2223 (cand-dedddf6 vs ref-248b6e2): 1/2-1/2 {Draw by 3-fold repetition}
Started game 2233 of 3000 (cand-dedddf6 vs ref-248b6e2)
Finished game 2221 (cand-dedddf6 vs ref-248b6e2): 1/2-1/2 {Draw by 3-fold repetition}
Started game 2234 of 3000 (ref-248b6e2 vs cand-dedddf6)
Finished game 2220 (ref-248b6e2 vs cand-dedddf6): 1/2-1/2 {Draw by adjudication}
--------------------------------------------------
Results of cand-dedddf6 vs ref-248b6e2 (8+0.08, 1t, 16MB, noob_3moves.epd):
Elo: -5.00 +/- 10.91, nElo: -6.63 +/- 14.45
LOS: 18.43 %, DrawRatio: 34.74 %, PairsRatio: 0.98
Games: 2222, Wins: 649, Losses: 681, Draws: 892, Points: 1095.0 (49.28 %)
Ptnml(0-2): [102, 265, 386, 279, 79], WL/DD Ratio: 1.22
--------------------------------------------------
Started game 2235 of 3000 (cand-dedddf6 vs ref-248b6e2)
Finished game 2229 (cand-dedddf6 vs ref-248b6e2): 0-1 {Black wins by adjudication}
Started game 2236 of 3000 (ref-248b6e2 vs cand-dedddf6)
Finished game 2230 (ref-248b6e2 vs cand-dedddf6): 1-0 {White wins by adjudication}
Started game 2237 of 3000 (cand-dedddf6 vs ref-248b6e2)
Finished game 2227 (cand-dedddf6 vs ref-248b6e2): 1-0 {White wins by adjudication}
Started game 2238 of 3000 (ref-248b6e2 vs cand-dedddf6)
Finished game 2224 (ref-248b6e2 vs cand-dedddf6): 1/2-1/2 {Draw by adjudication}
Started game 2239 of 3000 (cand-dedddf6 vs ref-248b6e2)
Finished game 2225 (cand-dedddf6 vs ref-248b6e2): 1/2-1/2 {Draw by 3-fold repetition}
Started game 2240 of 3000 (ref-248b6e2 vs cand-dedddf6)
Finished game 2233 (cand-dedddf6 vs ref-248b6e2): 1/2-1/2 {Draw by 3-fold repetition}
Started game 2241 of 3000 (cand-dedddf6 vs ref-248b6e2)
Finished game 2226 (ref-248b6e2 vs cand-dedddf6): 0-1 {Black wins by adjudication}
Started game 2242 of 3000 (ref-248b6e2 vs cand-dedddf6)
Finished game 2228 (ref-248b6e2 vs cand-dedddf6): 1-0 {White wins by adjudication}
Started game 2243 of 3000 (cand-dedddf6 vs ref-248b6e2)
Finished game 2232 (ref-248b6e2 vs cand-dedddf6): 1/2-1/2 {Draw by 3-fold repetition}
Started game 2244 of 3000 (ref-248b6e2 vs cand-dedddf6)
Finished game 2235 (cand-dedddf6 vs ref-248b6e2): 1-0 {White wins by adjudication}
Started game 2245 of 3000 (cand-dedddf6 vs ref-248b6e2)
Finished game 2240 (ref-248b6e2 vs cand-dedddf6): 1-0 {White wins by adjudication}
Started game 2246 of 3000 (ref-248b6e2 vs cand-dedddf6)
Finished game 2237 (cand-dedddf6 vs ref-248b6e2): 1/2-1/2 {Draw by 3-fold repetition}
Started game 2247 of 3000 (cand-dedddf6 vs ref-248b6e2)
Finished game 2234 (ref-248b6e2 vs cand-dedddf6): 0-1 {Black wins by adjudication}
Started game 2248 of 3000 (ref-248b6e2 vs cand-dedddf6)
Finished game 2236 (ref-248b6e2 vs cand-dedddf6): 1/2-1/2 {Draw by 3-fold repetition}
Started game 2249 of 3000 (cand-dedddf6 vs ref-248b6e2)
Finished game 2231 (cand-dedddf6 vs ref-248b6e2): 1/2-1/2 {Draw by fifty moves rule}
Started game 2250 of 3000 (ref-248b6e2 vs cand-dedddf6)
Finished game 2238 (ref-248b6e2 vs cand-dedddf6): 1/2-1/2 {Draw by insufficient mating material}
Started game 2251 of 3000 (cand-dedddf6 vs ref-248b6e2)
Finished game 2248 (ref-248b6e2 vs cand-dedddf6): 1/2-1/2 {Draw by 3-fold repetition}
Started game 2252 of 3000 (ref-248b6e2 vs cand-dedddf6)
Finished game 2244 (ref-248b6e2 vs cand-dedddf6): 1-0 {White wins by adjudication}
Started game 2253 of 3000 (cand-dedddf6 vs ref-248b6e2)
Finished game 2242 (ref-248b6e2 vs cand-dedddf6): 0-1 {Black wins by adjudication}
Started game 2254 of 3000 (ref-248b6e2 vs cand-dedddf6)
Finished game 2245 (cand-dedddf6 vs ref-248b6e2): 1/2-1/2 {Draw by 3-fold repetition}
Started game 2255 of 3000 (cand-dedddf6 vs ref-248b6e2)
Finished game 2247 (cand-dedddf6 vs ref-248b6e2): 1-0 {White wins by adjudication}
Started game 2256 of 3000 (ref-248b6e2 vs cand-dedddf6)
Finished game 2246 (ref-248b6e2 vs cand-dedddf6): 0-1 {Black wins by adjudication}
Started game 2257 of 3000 (cand-dedddf6 vs ref-248b6e2)
Finished game 2243 (cand-dedddf6 vs ref-248b6e2): 1/2-1/2 {Draw by adjudication}
Started game 2258 of 3000 (ref-248b6e2 vs cand-dedddf6)
Finished game 2241 (cand-dedddf6 vs ref-248b6e2): 1/2-1/2 {Draw by fifty moves rule}
Started game 2259 of 3000 (cand-dedddf6 vs ref-248b6e2)
Finished game 2249 (cand-dedddf6 vs ref-248b6e2): 1-0 {White wins by adjudication}
Started game 2260 of 3000 (ref-248b6e2 vs cand-dedddf6)
Finished game 2250 (ref-248b6e2 vs cand-dedddf6): 1-0 {White wins by adjudication}
Started game 2261 of 3000 (cand-dedddf6 vs ref-248b6e2)
Finished game 2239 (cand-dedddf6 vs ref-248b6e2): 1/2-1/2 {Draw by 3-fold repetition}
--------------------------------------------------
Results of cand-dedddf6 vs ref-248b6e2 (8+0.08, 1t, 16MB, noob_3moves.epd):
Elo: -4.63 +/- 10.83, nElo: -6.14 +/- 14.36
LOS: 20.08 %, DrawRatio: 34.76 %, PairsRatio: 0.98
Games: 2250, Wins: 657, Losses: 687, Draws: 906, Points: 1110.0 (49.33 %)
Ptnml(0-2): [103, 267, 391, 285, 79], WL/DD Ratio: 1.21
--------------------------------------------------
Started game 2262 of 3000 (ref-248b6e2 vs cand-dedddf6)
Finished game 2251 (cand-dedddf6 vs ref-248b6e2): 1/2-1/2 {Draw by 3-fold repetition}
Started game 2263 of 3000 (cand-dedddf6 vs ref-248b6e2)
Finished game 2252 (ref-248b6e2 vs cand-dedddf6): 1/2-1/2 {Draw by 3-fold repetition}
Started game 2264 of 3000 (ref-248b6e2 vs cand-dedddf6)
Finished game 2256 (ref-248b6e2 vs cand-dedddf6): 1/2-1/2 {Draw by adjudication}
Started game 2265 of 3000 (cand-dedddf6 vs ref-248b6e2)
Finished game 2255 (cand-dedddf6 vs ref-248b6e2): 0-1 {Black wins by adjudication}
Started game 2266 of 3000 (ref-248b6e2 vs cand-dedddf6)
Finished game 2254 (ref-248b6e2 vs cand-dedddf6): 1-0 {White wins by adjudication}
Started game 2267 of 3000 (cand-dedddf6 vs ref-248b6e2)
Finished game 2260 (ref-248b6e2 vs cand-dedddf6): 1/2-1/2 {Draw by 3-fold repetition}
Started game 2268 of 3000 (ref-248b6e2 vs cand-dedddf6)
Finished game 2259 (cand-dedddf6 vs ref-248b6e2): 1-0 {White wins by adjudication}
--------------------------------------------------
Results of cand-dedddf6 vs ref-248b6e2 (8+0.08, 1t, 16MB, noob_3moves.epd):
Elo: -4.62 +/- 10.81, nElo: -6.13 +/- 14.34
LOS: 20.10 %, DrawRatio: 34.75 %, PairsRatio: 0.98
Games: 2256, Wins: 658, Losses: 688, Draws: 910, Points: 1113.0 (49.34 %)
Ptnml(0-2): [103, 268, 392, 286, 79], WL/DD Ratio: 1.20
--------------------------------------------------
Started game 2269 of 3000 (cand-dedddf6 vs ref-248b6e2)
Finished game 2257 (cand-dedddf6 vs ref-248b6e2): 1/2-1/2 {Draw by insufficient mating material}
Started game 2270 of 3000 (ref-248b6e2 vs cand-dedddf6)
Finished game 2258 (ref-248b6e2 vs cand-dedddf6): 1-0 {White wins by adjudication}
Started game 2271 of 3000 (cand-dedddf6 vs ref-248b6e2)
Finished game 2253 (cand-dedddf6 vs ref-248b6e2): 1/2-1/2 {Draw by adjudication}
Started game 2272 of 3000 (ref-248b6e2 vs cand-dedddf6)
Finished game 2262 (ref-248b6e2 vs cand-dedddf6): 1-0 {White wins by adjudication}
Started game 2273 of 3000 (cand-dedddf6 vs ref-248b6e2)
Finished game 2263 (cand-dedddf6 vs ref-248b6e2): 1-0 {White wins by adjudication}
Started game 2274 of 3000 (ref-248b6e2 vs cand-dedddf6)
Finished game 2261 (cand-dedddf6 vs ref-248b6e2): 1-0 {White wins by adjudication}
Started game 2275 of 3000 (cand-dedddf6 vs ref-248b6e2)
Finished game 2264 (ref-248b6e2 vs cand-dedddf6): 1/2-1/2 {Draw by 3-fold repetition}
Started game 2276 of 3000 (ref-248b6e2 vs cand-dedddf6)
Finished game 2268 (ref-248b6e2 vs cand-dedddf6): 1/2-1/2 {Draw by insufficient mating material}
Started game 2277 of 3000 (cand-dedddf6 vs ref-248b6e2)
Finished game 2273 (cand-dedddf6 vs ref-248b6e2): 0-1 {Black wins by adjudication}
Started game 2278 of 3000 (ref-248b6e2 vs cand-dedddf6)
Finished game 2267 (cand-dedddf6 vs ref-248b6e2): 1/2-1/2 {Draw by adjudication}
Started game 2279 of 3000 (cand-dedddf6 vs ref-248b6e2)
Finished game 2266 (ref-248b6e2 vs cand-dedddf6): 1/2-1/2 {Draw by insufficient mating material}
Started game 2280 of 3000 (ref-248b6e2 vs cand-dedddf6)
Finished game 2269 (cand-dedddf6 vs ref-248b6e2): 1-0 {White wins by adjudication}
Started game 2281 of 3000 (cand-dedddf6 vs ref-248b6e2)
Finished game 2265 (cand-dedddf6 vs ref-248b6e2): 0-1 {Black wins by adjudication}
Started game 2282 of 3000 (ref-248b6e2 vs cand-dedddf6)
Finished game 2270 (ref-248b6e2 vs cand-dedddf6): 1-0 {White wins by adjudication}
Started game 2283 of 3000 (cand-dedddf6 vs ref-248b6e2)
Finished game 2274 (ref-248b6e2 vs cand-dedddf6): 1-0 {White wins by adjudication}
Started game 2284 of 3000 (ref-248b6e2 vs cand-dedddf6)
Finished game 2272 (ref-248b6e2 vs cand-dedddf6): 1-0 {White wins by adjudication}
Started game 2285 of 3000 (cand-dedddf6 vs ref-248b6e2)
Finished game 2275 (cand-dedddf6 vs ref-248b6e2): 1/2-1/2 {Draw by 3-fold repetition}
Started game 2286 of 3000 (ref-248b6e2 vs cand-dedddf6)
Finished game 2271 (cand-dedddf6 vs ref-248b6e2): 0-1 {Black wins by adjudication}
Started game 2287 of 3000 (cand-dedddf6 vs ref-248b6e2)
Finished game 2278 (ref-248b6e2 vs cand-dedddf6): 1-0 {White wins by adjudication}
Started game 2288 of 3000 (ref-248b6e2 vs cand-dedddf6)
Finished game 2276 (ref-248b6e2 vs cand-dedddf6): 1-0 {White wins by adjudication}
Started game 2289 of 3000 (cand-dedddf6 vs ref-248b6e2)
Finished game 2280 (ref-248b6e2 vs cand-dedddf6): 0-1 {Black wins by adjudication}
Started game 2290 of 3000 (ref-248b6e2 vs cand-dedddf6)
Finished game 2281 (cand-dedddf6 vs ref-248b6e2): 1/2-1/2 {Draw by 3-fold repetition}
Started game 2291 of 3000 (cand-dedddf6 vs ref-248b6e2)
Finished game 2279 (cand-dedddf6 vs ref-248b6e2): 0-1 {Black wins by adjudication}
--------------------------------------------------
Results of cand-dedddf6 vs ref-248b6e2 (8+0.08, 1t, 16MB, noob_3moves.epd):
Elo: -5.64 +/- 10.76, nElo: -7.49 +/- 14.27
LOS: 15.18 %, DrawRatio: 34.77 %, PairsRatio: 0.97
Games: 2278, Wins: 662, Losses: 699, Draws: 917, Points: 1120.5 (49.19 %)
Ptnml(0-2): [105, 272, 396, 287, 79], WL/DD Ratio: 1.21
--------------------------------------------------
Started game 2292 of 3000 (ref-248b6e2 vs cand-dedddf6)
Finished game 2282 (ref-248b6e2 vs cand-dedddf6): 0-1 {Black wins by adjudication}
Started game 2293 of 3000 (cand-dedddf6 vs ref-248b6e2)
Finished game 2277 (cand-dedddf6 vs ref-248b6e2): 1/2-1/2 {Draw by insufficient mating material}
Started game 2294 of 3000 (ref-248b6e2 vs cand-dedddf6)
Finished game 2283 (cand-dedddf6 vs ref-248b6e2): 0-1 {Black wins by adjudication}
Started game 2295 of 3000 (cand-dedddf6 vs ref-248b6e2)
Finished game 2284 (ref-248b6e2 vs cand-dedddf6): 1/2-1/2 {Draw by insufficient mating material}
Started game 2296 of 3000 (ref-248b6e2 vs cand-dedddf6)
Finished game 2285 (cand-dedddf6 vs ref-248b6e2): 0-1 {Black wins by adjudication}
Started game 2297 of 3000 (cand-dedddf6 vs ref-248b6e2)
Finished game 2290 (ref-248b6e2 vs cand-dedddf6): 1/2-1/2 {Draw by 3-fold repetition}
Started game 2298 of 3000 (ref-248b6e2 vs cand-dedddf6)
Finished game 2286 (ref-248b6e2 vs cand-dedddf6): 1-0 {White wins by adjudication}
Started game 2299 of 3000 (cand-dedddf6 vs ref-248b6e2)
Finished game 2289 (cand-dedddf6 vs ref-248b6e2): 0-1 {Black wins by adjudication}
Started game 2300 of 3000 (ref-248b6e2 vs cand-dedddf6)
Finished game 2288 (ref-248b6e2 vs cand-dedddf6): 1/2-1/2 {Draw by 3-fold repetition}
Started game 2301 of 3000 (cand-dedddf6 vs ref-248b6e2)
Finished game 2287 (cand-dedddf6 vs ref-248b6e2): 1/2-1/2 {Draw by 3-fold repetition}
Started game 2302 of 3000 (ref-248b6e2 vs cand-dedddf6)
Finished game 2294 (ref-248b6e2 vs cand-dedddf6): 1-0 {White wins by adjudication}
Started game 2303 of 3000 (cand-dedddf6 vs ref-248b6e2)
Finished game 2295 (cand-dedddf6 vs ref-248b6e2): 1/2-1/2 {Draw by 3-fold repetition}
Started game 2304 of 3000 (ref-248b6e2 vs cand-dedddf6)
Finished game 2291 (cand-dedddf6 vs ref-248b6e2): 1/2-1/2 {Draw by stalemate}
Started game 2305 of 3000 (cand-dedddf6 vs ref-248b6e2)
Finished game 2298 (ref-248b6e2 vs cand-dedddf6): 0-1 {Black wins by adjudication}
Started game 2306 of 3000 (ref-248b6e2 vs cand-dedddf6)
Finished game 2296 (ref-248b6e2 vs cand-dedddf6): 1/2-1/2 {Draw by 3-fold repetition}
Started game 2307 of 3000 (cand-dedddf6 vs ref-248b6e2)
Finished game 2302 (ref-248b6e2 vs cand-dedddf6): 1-0 {White wins by adjudication}
Started game 2308 of 3000 (ref-248b6e2 vs cand-dedddf6)
Finished game 2292 (ref-248b6e2 vs cand-dedddf6): 0-1 {Black wins by adjudication}
Started game 2309 of 3000 (cand-dedddf6 vs ref-248b6e2)
Finished game 2299 (cand-dedddf6 vs ref-248b6e2): 1-0 {White wins by adjudication}
Started game 2310 of 3000 (ref-248b6e2 vs cand-dedddf6)
Finished game 2293 (cand-dedddf6 vs ref-248b6e2): 1-0 {White wins by adjudication}
Started game 2311 of 3000 (cand-dedddf6 vs ref-248b6e2)
Finished game 2297 (cand-dedddf6 vs ref-248b6e2): 1/2-1/2 {Draw by insufficient mating material}
Started game 2312 of 3000 (ref-248b6e2 vs cand-dedddf6)
Finished game 2301 (cand-dedddf6 vs ref-248b6e2): 1-0 {White wins by adjudication}
Started game 2313 of 3000 (cand-dedddf6 vs ref-248b6e2)
Finished game 2300 (ref-248b6e2 vs cand-dedddf6): 1/2-1/2 {Draw by insufficient mating material}
--------------------------------------------------
Results of cand-dedddf6 vs ref-248b6e2 (8+0.08, 1t, 16MB, noob_3moves.epd):
Elo: -5.74 +/- 10.69, nElo: -7.62 +/- 14.19
LOS: 14.64 %, DrawRatio: 34.75 %, PairsRatio: 0.97
Games: 2302, Wins: 668, Losses: 706, Draws: 928, Points: 1132.0 (49.17 %)
Ptnml(0-2): [106, 275, 400, 291, 79], WL/DD Ratio: 1.21
--------------------------------------------------
Started game 2314 of 3000 (ref-248b6e2 vs cand-dedddf6)
Finished game 2304 (ref-248b6e2 vs cand-dedddf6): 1-0 {White wins by adjudication}
Started game 2315 of 3000 (cand-dedddf6 vs ref-248b6e2)
Finished game 2303 (cand-dedddf6 vs ref-248b6e2): 1-0 {White wins by adjudication}
Started game 2316 of 3000 (ref-248b6e2 vs cand-dedddf6)
Finished game 2309 (cand-dedddf6 vs ref-248b6e2): 0-1 {Black wins by adjudication}
Started game 2317 of 3000 (cand-dedddf6 vs ref-248b6e2)
Finished game 2307 (cand-dedddf6 vs ref-248b6e2): 1/2-1/2 {Draw by adjudication}
Started game 2318 of 3000 (ref-248b6e2 vs cand-dedddf6)
Finished game 2312 (ref-248b6e2 vs cand-dedddf6): 0-1 {Black wins by adjudication}
Started game 2319 of 3000 (cand-dedddf6 vs ref-248b6e2)
Finished game 2305 (cand-dedddf6 vs ref-248b6e2): 1/2-1/2 {Draw by 3-fold repetition}
Started game 2320 of 3000 (ref-248b6e2 vs cand-dedddf6)
Finished game 2306 (ref-248b6e2 vs cand-dedddf6): 1/2-1/2 {Draw by 3-fold repetition}
Started game 2321 of 3000 (cand-dedddf6 vs ref-248b6e2)
Finished game 2313 (cand-dedddf6 vs ref-248b6e2): 0-1 {Black wins by adjudication}
Started game 2322 of 3000 (ref-248b6e2 vs cand-dedddf6)
Finished game 2310 (ref-248b6e2 vs cand-dedddf6): 0-1 {Black wins by adjudication}
Started game 2323 of 3000 (cand-dedddf6 vs ref-248b6e2)
Finished game 2308 (ref-248b6e2 vs cand-dedddf6): 0-1 {Black wins by adjudication}
Started game 2324 of 3000 (ref-248b6e2 vs cand-dedddf6)
Finished game 2316 (ref-248b6e2 vs cand-dedddf6): 0-1 {Black wins by adjudication}
Started game 2325 of 3000 (cand-dedddf6 vs ref-248b6e2)
Finished game 2314 (ref-248b6e2 vs cand-dedddf6): 1-0 {White wins by adjudication}
Started game 2326 of 3000 (ref-248b6e2 vs cand-dedddf6)
Finished game 2315 (cand-dedddf6 vs ref-248b6e2): 0-1 {Black wins by adjudication}
Started game 2327 of 3000 (cand-dedddf6 vs ref-248b6e2)
Finished game 2318 (ref-248b6e2 vs cand-dedddf6): 1-0 {White wins by adjudication}
Started game 2328 of 3000 (ref-248b6e2 vs cand-dedddf6)
Finished game 2317 (cand-dedddf6 vs ref-248b6e2): 0-1 {Black wins by adjudication}
Started game 2329 of 3000 (cand-dedddf6 vs ref-248b6e2)
Finished game 2311 (cand-dedddf6 vs ref-248b6e2): 1/2-1/2 {Draw by fifty moves rule}
Started game 2330 of 3000 (ref-248b6e2 vs cand-dedddf6)
Finished game 2323 (cand-dedddf6 vs ref-248b6e2): 1/2-1/2 {Draw by 3-fold repetition}
Started game 2331 of 3000 (cand-dedddf6 vs ref-248b6e2)
Finished game 2322 (ref-248b6e2 vs cand-dedddf6): 0-1 {Black wins by adjudication}
Started game 2332 of 3000 (ref-248b6e2 vs cand-dedddf6)
Finished game 2325 (cand-dedddf6 vs ref-248b6e2): 0-1 {Black wins by adjudication}
Started game 2333 of 3000 (cand-dedddf6 vs ref-248b6e2)
Finished game 2321 (cand-dedddf6 vs ref-248b6e2): 1/2-1/2 {Draw by adjudication}
Started game 2334 of 3000 (ref-248b6e2 vs cand-dedddf6)
Finished game 2319 (cand-dedddf6 vs ref-248b6e2): 1/2-1/2 {Draw by 3-fold repetition}
Started game 2335 of 3000 (cand-dedddf6 vs ref-248b6e2)
Finished game 2324 (ref-248b6e2 vs cand-dedddf6): 1-0 {White wins by adjudication}
Started game 2336 of 3000 (ref-248b6e2 vs cand-dedddf6)
Finished game 2320 (ref-248b6e2 vs cand-dedddf6): 1/2-1/2 {Draw by adjudication}
--------------------------------------------------
Results of cand-dedddf6 vs ref-248b6e2 (8+0.08, 1t, 16MB, noob_3moves.epd):
Elo: -5.98 +/- 10.64, nElo: -7.94 +/- 14.13
LOS: 13.51 %, DrawRatio: 34.85 %, PairsRatio: 0.97
Games: 2324, Wins: 674, Losses: 714, Draws: 936, Points: 1142.0 (49.14 %)
Ptnml(0-2): [108, 276, 405, 294, 79], WL/DD Ratio: 1.21
--------------------------------------------------
Started game 2337 of 3000 (cand-dedddf6 vs ref-248b6e2)
Finished game 2330 (ref-248b6e2 vs cand-dedddf6): 1-0 {White wins by adjudication}
Started game 2338 of 3000 (ref-248b6e2 vs cand-dedddf6)
Finished game 2329 (cand-dedddf6 vs ref-248b6e2): 1-0 {White wins by adjudication}
Started game 2339 of 3000 (cand-dedddf6 vs ref-248b6e2)
Finished game 2328 (ref-248b6e2 vs cand-dedddf6): 0-1 {Black wins by adjudication}
Started game 2340 of 3000 (ref-248b6e2 vs cand-dedddf6)
Finished game 2331 (cand-dedddf6 vs ref-248b6e2): 1-0 {White wins by adjudication}
Started game 2341 of 3000 (cand-dedddf6 vs ref-248b6e2)
Finished game 2335 (cand-dedddf6 vs ref-248b6e2): 0-1 {Black wins by adjudication}
Started game 2342 of 3000 (ref-248b6e2 vs cand-dedddf6)
Finished game 2336 (ref-248b6e2 vs cand-dedddf6): 0-1 {Black wins by adjudication}
Started game 2343 of 3000 (cand-dedddf6 vs ref-248b6e2)
Finished game 2333 (cand-dedddf6 vs ref-248b6e2): 1/2-1/2 {Draw by insufficient mating material}
Started game 2344 of 3000 (ref-248b6e2 vs cand-dedddf6)
Finished game 2332 (ref-248b6e2 vs cand-dedddf6): 0-1 {Black wins by adjudication}
Started game 2345 of 3000 (cand-dedddf6 vs ref-248b6e2)
Finished game 2327 (cand-dedddf6 vs ref-248b6e2): 1/2-1/2 {Draw by insufficient mating material}
Started game 2346 of 3000 (ref-248b6e2 vs cand-dedddf6)
Finished game 2337 (cand-dedddf6 vs ref-248b6e2): 0-1 {Black wins by adjudication}
Started game 2347 of 3000 (cand-dedddf6 vs ref-248b6e2)
Finished game 2334 (ref-248b6e2 vs cand-dedddf6): 0-1 {Black wins by adjudication}
Started game 2348 of 3000 (ref-248b6e2 vs cand-dedddf6)
Finished game 2339 (cand-dedddf6 vs ref-248b6e2): 0-1 {Black wins by adjudication}
Started game 2349 of 3000 (cand-dedddf6 vs ref-248b6e2)
Finished game 2326 (ref-248b6e2 vs cand-dedddf6): 1/2-1/2 {Draw by adjudication}
Started game 2350 of 3000 (ref-248b6e2 vs cand-dedddf6)
Finished game 2338 (ref-248b6e2 vs cand-dedddf6): 0-1 {Black wins by adjudication}
Started game 2351 of 3000 (cand-dedddf6 vs ref-248b6e2)
Finished game 2343 (cand-dedddf6 vs ref-248b6e2): 1/2-1/2 {Draw by 3-fold repetition}
Started game 2352 of 3000 (ref-248b6e2 vs cand-dedddf6)
Finished game 2342 (ref-248b6e2 vs cand-dedddf6): 1/2-1/2 {Draw by 3-fold repetition}
Started game 2353 of 3000 (cand-dedddf6 vs ref-248b6e2)
Finished game 2346 (ref-248b6e2 vs cand-dedddf6): 1-0 {White wins by adjudication}
Started game 2354 of 3000 (ref-248b6e2 vs cand-dedddf6)
Finished game 2341 (cand-dedddf6 vs ref-248b6e2): 0-1 {Black wins by adjudication}
Started game 2355 of 3000 (cand-dedddf6 vs ref-248b6e2)
Finished game 2344 (ref-248b6e2 vs cand-dedddf6): 0-1 {Black wins by adjudication}
Started game 2356 of 3000 (ref-248b6e2 vs cand-dedddf6)
Finished game 2349 (cand-dedddf6 vs ref-248b6e2): 1-0 {White wins by adjudication}
Started game 2357 of 3000 (cand-dedddf6 vs ref-248b6e2)
Finished game 2345 (cand-dedddf6 vs ref-248b6e2): 1-0 {White wins by adjudication}
Started game 2358 of 3000 (ref-248b6e2 vs cand-dedddf6)
Finished game 2347 (cand-dedddf6 vs ref-248b6e2): 0-1 {Black wins by adjudication}
Started game 2359 of 3000 (cand-dedddf6 vs ref-248b6e2)
Finished game 2350 (ref-248b6e2 vs cand-dedddf6): 1/2-1/2 {Draw by 3-fold repetition}
Started game 2360 of 3000 (ref-248b6e2 vs cand-dedddf6)
Finished game 2340 (ref-248b6e2 vs cand-dedddf6): 1/2-1/2 {Draw by fifty moves rule}
--------------------------------------------------
Results of cand-dedddf6 vs ref-248b6e2 (8+0.08, 1t, 16MB, noob_3moves.epd):
Elo: -5.48 +/- 10.57, nElo: -7.28 +/- 14.05
LOS: 15.50 %, DrawRatio: 34.84 %, PairsRatio: 0.98
Games: 2348, Wins: 684, Losses: 721, Draws: 943, Points: 1155.5 (49.21 %)
Ptnml(0-2): [108, 279, 409, 298, 80], WL/DD Ratio: 1.23
--------------------------------------------------
Started game 2361 of 3000 (cand-dedddf6 vs ref-248b6e2)
Finished game 2352 (ref-248b6e2 vs cand-dedddf6): 0-1 {Black wins by adjudication}
Started game 2362 of 3000 (ref-248b6e2 vs cand-dedddf6)
Finished game 2351 (cand-dedddf6 vs ref-248b6e2): 0-1 {Black wins by adjudication}
Started game 2363 of 3000 (cand-dedddf6 vs ref-248b6e2)
Finished game 2356 (ref-248b6e2 vs cand-dedddf6): 1/2-1/2 {Draw by 3-fold repetition}
Started game 2364 of 3000 (ref-248b6e2 vs cand-dedddf6)
Finished game 2353 (cand-dedddf6 vs ref-248b6e2): 1-0 {White wins by adjudication}
Started game 2365 of 3000 (cand-dedddf6 vs ref-248b6e2)
Finished game 2348 (ref-248b6e2 vs cand-dedddf6): 1/2-1/2 {Draw by insufficient mating material}
Started game 2366 of 3000 (ref-248b6e2 vs cand-dedddf6)
Finished game 2358 (ref-248b6e2 vs cand-dedddf6): 1-0 {White wins by adjudication}
Started game 2367 of 3000 (cand-dedddf6 vs ref-248b6e2)
Finished game 2355 (cand-dedddf6 vs ref-248b6e2): 1/2-1/2 {Draw by 3-fold repetition}
Started game 2368 of 3000 (ref-248b6e2 vs cand-dedddf6)
Finished game 2357 (cand-dedddf6 vs ref-248b6e2): 0-1 {Black wins by adjudication}
Started game 2369 of 3000 (cand-dedddf6 vs ref-248b6e2)
Finished game 2361 (cand-dedddf6 vs ref-248b6e2): 1-0 {White wins by adjudication}
Started game 2370 of 3000 (ref-248b6e2 vs cand-dedddf6)
Finished game 2360 (ref-248b6e2 vs cand-dedddf6): 0-1 {Black wins by adjudication}
Started game 2371 of 3000 (cand-dedddf6 vs ref-248b6e2)
Finished game 2363 (cand-dedddf6 vs ref-248b6e2): 1/2-1/2 {Draw by 3-fold repetition}
Started game 2372 of 3000 (ref-248b6e2 vs cand-dedddf6)
Finished game 2359 (cand-dedddf6 vs ref-248b6e2): 1/2-1/2 {Draw by insufficient mating material}
--------------------------------------------------
Results of cand-dedddf6 vs ref-248b6e2 (8+0.08, 1t, 16MB, noob_3moves.epd):
Elo: -5.75 +/- 10.55, nElo: -7.64 +/- 14.02
LOS: 14.28 %, DrawRatio: 34.86 %, PairsRatio: 0.97
Games: 2358, Wins: 686, Losses: 725, Draws: 947, Points: 1159.5 (49.17 %)
Ptnml(0-2): [109, 280, 411, 299, 80], WL/DD Ratio: 1.23
--------------------------------------------------
Started game 2373 of 3000 (cand-dedddf6 vs ref-248b6e2)
Finished game 2354 (ref-248b6e2 vs cand-dedddf6): 1/2-1/2 {Draw by fifty moves rule}
Started game 2374 of 3000 (ref-248b6e2 vs cand-dedddf6)
Finished game 2369 (cand-dedddf6 vs ref-248b6e2): 0-1 {Black wins by adjudication}
Started game 2375 of 3000 (cand-dedddf6 vs ref-248b6e2)
Finished game 2366 (ref-248b6e2 vs cand-dedddf6): 1/2-1/2 {Draw by 3-fold repetition}
Started game 2376 of 3000 (ref-248b6e2 vs cand-dedddf6)
Finished game 2364 (ref-248b6e2 vs cand-dedddf6): 1/2-1/2 {Draw by 3-fold repetition}
Started game 2377 of 3000 (cand-dedddf6 vs ref-248b6e2)
Finished game 2362 (ref-248b6e2 vs cand-dedddf6): 1/2-1/2 {Draw by 3-fold repetition}
Started game 2378 of 3000 (ref-248b6e2 vs cand-dedddf6)
Finished game 2367 (cand-dedddf6 vs ref-248b6e2): 0-1 {Black wins by adjudication}
Started game 2379 of 3000 (cand-dedddf6 vs ref-248b6e2)
Finished game 2373 (cand-dedddf6 vs ref-248b6e2): 1/2-1/2 {Draw by 3-fold repetition}
Started game 2380 of 3000 (ref-248b6e2 vs cand-dedddf6)
Finished game 2365 (cand-dedddf6 vs ref-248b6e2): 0-1 {Black wins by adjudication}
Started game 2381 of 3000 (cand-dedddf6 vs ref-248b6e2)
Finished game 2372 (ref-248b6e2 vs cand-dedddf6): 0-1 {Black wins by adjudication}
Started game 2382 of 3000 (ref-248b6e2 vs cand-dedddf6)
Finished game 2374 (ref-248b6e2 vs cand-dedddf6): 1/2-1/2 {Draw by 3-fold repetition}
Started game 2383 of 3000 (cand-dedddf6 vs ref-248b6e2)
Finished game 2370 (ref-248b6e2 vs cand-dedddf6): 1/2-1/2 {Draw by insufficient mating material}
Started game 2384 of 3000 (ref-248b6e2 vs cand-dedddf6)
Finished game 2371 (cand-dedddf6 vs ref-248b6e2): 0-1 {Black wins by adjudication}
Started game 2385 of 3000 (cand-dedddf6 vs ref-248b6e2)
Finished game 2375 (cand-dedddf6 vs ref-248b6e2): 1/2-1/2 {Draw by 3-fold repetition}
Started game 2386 of 3000 (ref-248b6e2 vs cand-dedddf6)
Finished game 2368 (ref-248b6e2 vs cand-dedddf6): 1-0 {White wins by adjudication}
Started game 2387 of 3000 (cand-dedddf6 vs ref-248b6e2)
Finished game 2376 (ref-248b6e2 vs cand-dedddf6): 1-0 {White wins by adjudication}
Started game 2388 of 3000 (ref-248b6e2 vs cand-dedddf6)
Finished game 2381 (cand-dedddf6 vs ref-248b6e2): 0-1 {Black wins by adjudication}
Started game 2389 of 3000 (cand-dedddf6 vs ref-248b6e2)
Finished game 2379 (cand-dedddf6 vs ref-248b6e2): 1/2-1/2 {Draw by 3-fold repetition}
Started game 2390 of 3000 (ref-248b6e2 vs cand-dedddf6)
Finished game 2380 (ref-248b6e2 vs cand-dedddf6): 1-0 {White wins by adjudication}
--------------------------------------------------
Results of cand-dedddf6 vs ref-248b6e2 (8+0.08, 1t, 16MB, noob_3moves.epd):
Elo: -6.28 +/- 10.50, nElo: -8.36 +/- 13.96
LOS: 12.04 %, DrawRatio: 34.82 %, PairsRatio: 0.97
Games: 2378, Wins: 689, Losses: 732, Draws: 957, Points: 1167.5 (49.10 %)
Ptnml(0-2): [110, 284, 414, 301, 80], WL/DD Ratio: 1.23
--------------------------------------------------
Started game 2391 of 3000 (cand-dedddf6 vs ref-248b6e2)
Finished game 2377 (cand-dedddf6 vs ref-248b6e2): 0-1 {Black wins by adjudication}
Started game 2392 of 3000 (ref-248b6e2 vs cand-dedddf6)
Finished game 2378 (ref-248b6e2 vs cand-dedddf6): 0-1 {Black wins by adjudication}
Started game 2393 of 3000 (cand-dedddf6 vs ref-248b6e2)
Finished game 2384 (ref-248b6e2 vs cand-dedddf6): 1/2-1/2 {Draw by 3-fold repetition}
Started game 2394 of 3000 (ref-248b6e2 vs cand-dedddf6)
Finished game 2385 (cand-dedddf6 vs ref-248b6e2): 1-0 {White wins by adjudication}
Started game 2395 of 3000 (cand-dedddf6 vs ref-248b6e2)
Finished game 2388 (ref-248b6e2 vs cand-dedddf6): 0-1 {Black wins by adjudication}
Started game 2396 of 3000 (ref-248b6e2 vs cand-dedddf6)
Finished game 2387 (cand-dedddf6 vs ref-248b6e2): 0-1 {Black wins by adjudication}
Started game 2397 of 3000 (cand-dedddf6 vs ref-248b6e2)
Finished game 2386 (ref-248b6e2 vs cand-dedddf6): 1-0 {White wins by adjudication}
Started game 2398 of 3000 (ref-248b6e2 vs cand-dedddf6)
Finished game 2392 (ref-248b6e2 vs cand-dedddf6): 1-0 {White wins by adjudication}
Started game 2399 of 3000 (cand-dedddf6 vs ref-248b6e2)
Finished game 2383 (cand-dedddf6 vs ref-248b6e2): 1/2-1/2 {Draw by 3-fold repetition}
Started game 2400 of 3000 (ref-248b6e2 vs cand-dedddf6)
Finished game 2389 (cand-dedddf6 vs ref-248b6e2): 1-0 {White wins by adjudication}
Started game 2401 of 3000 (cand-dedddf6 vs ref-248b6e2)
Finished game 2390 (ref-248b6e2 vs cand-dedddf6): 1/2-1/2 {Draw by 3-fold repetition}
Started game 2402 of 3000 (ref-248b6e2 vs cand-dedddf6)
Finished game 2391 (cand-dedddf6 vs ref-248b6e2): 1-0 {White wins by adjudication}
Started game 2403 of 3000 (cand-dedddf6 vs ref-248b6e2)
Finished game 2393 (cand-dedddf6 vs ref-248b6e2): 0-1 {Black wins by adjudication}
Started game 2404 of 3000 (ref-248b6e2 vs cand-dedddf6)
Finished game 2397 (cand-dedddf6 vs ref-248b6e2): 1-0 {White wins by adjudication}
Started game 2405 of 3000 (cand-dedddf6 vs ref-248b6e2)
Finished game 2382 (ref-248b6e2 vs cand-dedddf6): 1/2-1/2 {Draw by insufficient mating material}
Started game 2406 of 3000 (ref-248b6e2 vs cand-dedddf6)
Finished game 2396 (ref-248b6e2 vs cand-dedddf6): 1/2-1/2 {Draw by 3-fold repetition}
Started game 2407 of 3000 (cand-dedddf6 vs ref-248b6e2)
Finished game 2395 (cand-dedddf6 vs ref-248b6e2): 1-0 {White wins by adjudication}
Started game 2408 of 3000 (ref-248b6e2 vs cand-dedddf6)
Finished game 2394 (ref-248b6e2 vs cand-dedddf6): 1/2-1/2 {Draw by adjudication}
Started game 2409 of 3000 (cand-dedddf6 vs ref-248b6e2)
Finished game 2401 (cand-dedddf6 vs ref-248b6e2): 1/2-1/2 {Draw by 3-fold repetition}
Started game 2410 of 3000 (ref-248b6e2 vs cand-dedddf6)
Finished game 2398 (ref-248b6e2 vs cand-dedddf6): 1/2-1/2 {Draw by adjudication}
Started game 2411 of 3000 (cand-dedddf6 vs ref-248b6e2)
Finished game 2399 (cand-dedddf6 vs ref-248b6e2): 0-1 {Black wins by adjudication}
Started game 2412 of 3000 (ref-248b6e2 vs cand-dedddf6)
Finished game 2405 (cand-dedddf6 vs ref-248b6e2): 1/2-1/2 {Draw by 3-fold repetition}
Started game 2413 of 3000 (cand-dedddf6 vs ref-248b6e2)
Finished game 2404 (ref-248b6e2 vs cand-dedddf6): 1-0 {White wins by adjudication}
Started game 2414 of 3000 (ref-248b6e2 vs cand-dedddf6)
Finished game 2403 (cand-dedddf6 vs ref-248b6e2): 1/2-1/2 {Draw by 3-fold repetition}
Started game 2415 of 3000 (cand-dedddf6 vs ref-248b6e2)
Finished game 2400 (ref-248b6e2 vs cand-dedddf6): 1/2-1/2 {Draw by 3-fold repetition}
--------------------------------------------------
Results of cand-dedddf6 vs ref-248b6e2 (8+0.08, 1t, 16MB, noob_3moves.epd):
Elo: -6.37 +/- 10.42, nElo: -8.49 +/- 13.89
LOS: 11.56 %, DrawRatio: 34.89 %, PairsRatio: 0.96
Games: 2402, Wins: 696, Losses: 740, Draws: 966, Points: 1179.0 (49.08 %)
Ptnml(0-2): [110, 288, 419, 304, 80], WL/DD Ratio: 1.24
--------------------------------------------------
Started game 2416 of 3000 (ref-248b6e2 vs cand-dedddf6)
Finished game 2406 (ref-248b6e2 vs cand-dedddf6): 0-1 {Black wins by adjudication}
Started game 2417 of 3000 (cand-dedddf6 vs ref-248b6e2)
Finished game 2411 (cand-dedddf6 vs ref-248b6e2): 1-0 {White wins by adjudication}
Started game 2418 of 3000 (ref-248b6e2 vs cand-dedddf6)
Finished game 2410 (ref-248b6e2 vs cand-dedddf6): 0-1 {Black wins by adjudication}
Started game 2419 of 3000 (cand-dedddf6 vs ref-248b6e2)
Finished game 2407 (cand-dedddf6 vs ref-248b6e2): 0-1 {Black wins by adjudication}
Started game 2420 of 3000 (ref-248b6e2 vs cand-dedddf6)
Finished game 2413 (cand-dedddf6 vs ref-248b6e2): 1-0 {White wins by adjudication}
Started game 2421 of 3000 (cand-dedddf6 vs ref-248b6e2)
Finished game 2412 (ref-248b6e2 vs cand-dedddf6): 1-0 {White wins by adjudication}
Started game 2422 of 3000 (ref-248b6e2 vs cand-dedddf6)
Finished game 2408 (ref-248b6e2 vs cand-dedddf6): 1-0 {White wins by adjudication}
Started game 2423 of 3000 (cand-dedddf6 vs ref-248b6e2)
Finished game 2409 (cand-dedddf6 vs ref-248b6e2): 0-1 {Black wins by adjudication}
Started game 2424 of 3000 (ref-248b6e2 vs cand-dedddf6)
Finished game 2402 (ref-248b6e2 vs cand-dedddf6): 1/2-1/2 {Draw by adjudication}
Started game 2425 of 3000 (cand-dedddf6 vs ref-248b6e2)
Finished game 2415 (cand-dedddf6 vs ref-248b6e2): 1/2-1/2 {Draw by 3-fold repetition}
Started game 2426 of 3000 (ref-248b6e2 vs cand-dedddf6)
Finished game 2414 (ref-248b6e2 vs cand-dedddf6): 0-1 {Black wins by adjudication}
Started game 2427 of 3000 (cand-dedddf6 vs ref-248b6e2)
Finished game 2418 (ref-248b6e2 vs cand-dedddf6): 1-0 {White wins by adjudication}
Started game 2428 of 3000 (ref-248b6e2 vs cand-dedddf6)
Finished game 2416 (ref-248b6e2 vs cand-dedddf6): 1/2-1/2 {Draw by adjudication}
Started game 2429 of 3000 (cand-dedddf6 vs ref-248b6e2)
Finished game 2417 (cand-dedddf6 vs ref-248b6e2): 0-1 {Black wins by adjudication}
Started game 2430 of 3000 (ref-248b6e2 vs cand-dedddf6)
Finished game 2419 (cand-dedddf6 vs ref-248b6e2): 1-0 {White wins by adjudication}
Started game 2431 of 3000 (cand-dedddf6 vs ref-248b6e2)
Finished game 2423 (cand-dedddf6 vs ref-248b6e2): 1-0 {White wins by adjudication}
Started game 2432 of 3000 (ref-248b6e2 vs cand-dedddf6)
Finished game 2421 (cand-dedddf6 vs ref-248b6e2): 1/2-1/2 {Draw by 3-fold repetition}
Started game 2433 of 3000 (cand-dedddf6 vs ref-248b6e2)
Finished game 2424 (ref-248b6e2 vs cand-dedddf6): 1-0 {White wins by adjudication}
Started game 2434 of 3000 (ref-248b6e2 vs cand-dedddf6)
Finished game 2420 (ref-248b6e2 vs cand-dedddf6): 1/2-1/2 {Draw by 3-fold repetition}
--------------------------------------------------
Results of cand-dedddf6 vs ref-248b6e2 (8+0.08, 1t, 16MB, noob_3moves.epd):
Elo: -6.31 +/- 10.39, nElo: -8.41 +/- 13.84
LOS: 11.68 %, DrawRatio: 35.01 %, PairsRatio: 0.97
Games: 2422, Wins: 703, Losses: 747, Draws: 972, Points: 1189.0 (49.09 %)
Ptnml(0-2): [112, 288, 424, 306, 81], WL/DD Ratio: 1.24
--------------------------------------------------
Started game 2435 of 3000 (cand-dedddf6 vs ref-248b6e2)
Finished game 2428 (ref-248b6e2 vs cand-dedddf6): 1/2-1/2 {Draw by 3-fold repetition}
Started game 2436 of 3000 (ref-248b6e2 vs cand-dedddf6)
Finished game 2430 (ref-248b6e2 vs cand-dedddf6): 1-0 {White wins by adjudication}
Started game 2437 of 3000 (cand-dedddf6 vs ref-248b6e2)
Finished game 2427 (cand-dedddf6 vs ref-248b6e2): 0-1 {Black wins by adjudication}
Started game 2438 of 3000 (ref-248b6e2 vs cand-dedddf6)
Finished game 2422 (ref-248b6e2 vs cand-dedddf6): 1/2-1/2 {Draw by adjudication}
Started game 2439 of 3000 (cand-dedddf6 vs ref-248b6e2)
Finished game 2425 (cand-dedddf6 vs ref-248b6e2): 0-1 {Black wins by adjudication}
Started game 2440 of 3000 (ref-248b6e2 vs cand-dedddf6)
Finished game 2429 (cand-dedddf6 vs ref-248b6e2): 0-1 {Black wins by adjudication}
Started game 2441 of 3000 (cand-dedddf6 vs ref-248b6e2)
Finished game 2431 (cand-dedddf6 vs ref-248b6e2): 0-1 {Black wins by adjudication}
Started game 2442 of 3000 (ref-248b6e2 vs cand-dedddf6)
Finished game 2432 (ref-248b6e2 vs cand-dedddf6): 1-0 {White wins by adjudication}
Started game 2443 of 3000 (cand-dedddf6 vs ref-248b6e2)
Finished game 2435 (cand-dedddf6 vs ref-248b6e2): 0-1 {Black wins by adjudication}
Started game 2444 of 3000 (ref-248b6e2 vs cand-dedddf6)
Finished game 2434 (ref-248b6e2 vs cand-dedddf6): 1/2-1/2 {Draw by 3-fold repetition}
Started game 2445 of 3000 (cand-dedddf6 vs ref-248b6e2)
Finished game 2433 (cand-dedddf6 vs ref-248b6e2): 1/2-1/2 {Draw by 3-fold repetition}
Started game 2446 of 3000 (ref-248b6e2 vs cand-dedddf6)
Finished game 2426 (ref-248b6e2 vs cand-dedddf6): 1/2-1/2 {Draw by fifty moves rule}
Started game 2447 of 3000 (cand-dedddf6 vs ref-248b6e2)
Finished game 2436 (ref-248b6e2 vs cand-dedddf6): 0-1 {Black wins by adjudication}
Started game 2448 of 3000 (ref-248b6e2 vs cand-dedddf6)
Finished game 2439 (cand-dedddf6 vs ref-248b6e2): 0-1 {Black wins by adjudication}
Started game 2449 of 3000 (cand-dedddf6 vs ref-248b6e2)
Finished game 2438 (ref-248b6e2 vs cand-dedddf6): 0-1 {Black wins by adjudication}
Started game 2450 of 3000 (ref-248b6e2 vs cand-dedddf6)
Finished game 2440 (ref-248b6e2 vs cand-dedddf6): 0-1 {Black wins by adjudication}
--------------------------------------------------
Results of cand-dedddf6 vs ref-248b6e2 (8+0.08, 1t, 16MB, noob_3moves.epd):
Elo: -7.13 +/- 10.36, nElo: -9.49 +/- 13.79
LOS: 8.87 %, DrawRatio: 35.11 %, PairsRatio: 0.96
Games: 2438, Wins: 705, Losses: 755, Draws: 978, Points: 1194.0 (48.97 %)
Ptnml(0-2): [114, 290, 428, 306, 81], WL/DD Ratio: 1.24
--------------------------------------------------
Started game 2451 of 3000 (cand-dedddf6 vs ref-248b6e2)
Finished game 2443 (cand-dedddf6 vs ref-248b6e2): 0-1 {Black wins by adjudication}
Started game 2452 of 3000 (ref-248b6e2 vs cand-dedddf6)
Finished game 2441 (cand-dedddf6 vs ref-248b6e2): 1/2-1/2 {Draw by insufficient mating material}
Started game 2453 of 3000 (cand-dedddf6 vs ref-248b6e2)
Finished game 2437 (cand-dedddf6 vs ref-248b6e2): 1/2-1/2 {Draw by 3-fold repetition}
Started game 2454 of 3000 (ref-248b6e2 vs cand-dedddf6)
Finished game 2444 (ref-248b6e2 vs cand-dedddf6): 0-1 {Black wins by adjudication}
Started game 2455 of 3000 (cand-dedddf6 vs ref-248b6e2)
Finished game 2445 (cand-dedddf6 vs ref-248b6e2): 1-0 {White wins by adjudication}
Started game 2456 of 3000 (ref-248b6e2 vs cand-dedddf6)
Finished game 2447 (cand-dedddf6 vs ref-248b6e2): 1/2-1/2 {Draw by 3-fold repetition}
Started game 2457 of 3000 (cand-dedddf6 vs ref-248b6e2)
Finished game 2446 (ref-248b6e2 vs cand-dedddf6): 1/2-1/2 {Draw by 3-fold repetition}
Started game 2458 of 3000 (ref-248b6e2 vs cand-dedddf6)
Finished game 2442 (ref-248b6e2 vs cand-dedddf6): 1/2-1/2 {Draw by insufficient mating material}
Started game 2459 of 3000 (cand-dedddf6 vs ref-248b6e2)
Finished game 2449 (cand-dedddf6 vs ref-248b6e2): 0-1 {Black wins by adjudication}
Started game 2460 of 3000 (ref-248b6e2 vs cand-dedddf6)
Finished game 2448 (ref-248b6e2 vs cand-dedddf6): 1-0 {White wins by adjudication}
Started game 2461 of 3000 (cand-dedddf6 vs ref-248b6e2)
Finished game 2457 (cand-dedddf6 vs ref-248b6e2): 1/2-1/2 {Draw by 3-fold repetition}
Started game 2462 of 3000 (ref-248b6e2 vs cand-dedddf6)
Finished game 2451 (cand-dedddf6 vs ref-248b6e2): 1-0 {White wins by adjudication}
Started game 2463 of 3000 (cand-dedddf6 vs ref-248b6e2)
Finished game 2453 (cand-dedddf6 vs ref-248b6e2): 0-1 {Black wins by adjudication}
Started game 2464 of 3000 (ref-248b6e2 vs cand-dedddf6)
Finished game 2450 (ref-248b6e2 vs cand-dedddf6): 1-0 {White wins by adjudication}
Started game 2465 of 3000 (cand-dedddf6 vs ref-248b6e2)
Finished game 2452 (ref-248b6e2 vs cand-dedddf6): 0-1 {Black wins by adjudication}
Started game 2466 of 3000 (ref-248b6e2 vs cand-dedddf6)
Finished game 2455 (cand-dedddf6 vs ref-248b6e2): 1-0 {White wins by adjudication}
Started game 2467 of 3000 (cand-dedddf6 vs ref-248b6e2)
Finished game 2454 (ref-248b6e2 vs cand-dedddf6): 1/2-1/2 {Draw by adjudication}
Started game 2468 of 3000 (ref-248b6e2 vs cand-dedddf6)
Finished game 2462 (ref-248b6e2 vs cand-dedddf6): 0-1 {Black wins by adjudication}
Started game 2469 of 3000 (cand-dedddf6 vs ref-248b6e2)
Finished game 2465 (cand-dedddf6 vs ref-248b6e2): 0-1 {Black wins by adjudication}
Started game 2470 of 3000 (ref-248b6e2 vs cand-dedddf6)
Finished game 2460 (ref-248b6e2 vs cand-dedddf6): 1-0 {White wins by adjudication}
Started game 2471 of 3000 (cand-dedddf6 vs ref-248b6e2)
Finished game 2463 (cand-dedddf6 vs ref-248b6e2): 1-0 {White wins by adjudication}
Started game 2472 of 3000 (ref-248b6e2 vs cand-dedddf6)
Finished game 2461 (cand-dedddf6 vs ref-248b6e2): 0-1 {Black wins by adjudication}
Started game 2473 of 3000 (cand-dedddf6 vs ref-248b6e2)
Finished game 2456 (ref-248b6e2 vs cand-dedddf6): 1/2-1/2 {Draw by 3-fold repetition}
Started game 2474 of 3000 (ref-248b6e2 vs cand-dedddf6)
Finished game 2458 (ref-248b6e2 vs cand-dedddf6): 1/2-1/2 {Draw by fifty moves rule}
Started game 2475 of 3000 (cand-dedddf6 vs ref-248b6e2)
Finished game 2459 (cand-dedddf6 vs ref-248b6e2): 1/2-1/2 {Draw by insufficient mating material}
--------------------------------------------------
Results of cand-dedddf6 vs ref-248b6e2 (8+0.08, 1t, 16MB, noob_3moves.epd):
Elo: -7.06 +/- 10.31, nElo: -9.40 +/- 13.72
LOS: 8.98 %, DrawRatio: 35.09 %, PairsRatio: 0.96
Games: 2462, Wins: 712, Losses: 762, Draws: 988, Points: 1206.0 (48.98 %)
Ptnml(0-2): [115, 293, 432, 309, 82], WL/DD Ratio: 1.24
--------------------------------------------------
Started game 2476 of 3000 (ref-248b6e2 vs cand-dedddf6)
Finished game 2466 (ref-248b6e2 vs cand-dedddf6): 1/2-1/2 {Draw by 3-fold repetition}
Started game 2477 of 3000 (cand-dedddf6 vs ref-248b6e2)
Finished game 2468 (ref-248b6e2 vs cand-dedddf6): 1/2-1/2 {Draw by 3-fold repetition}
Started game 2478 of 3000 (ref-248b6e2 vs cand-dedddf6)
Finished game 2469 (cand-dedddf6 vs ref-248b6e2): 0-1 {Black wins by adjudication}
Started game 2479 of 3000 (cand-dedddf6 vs ref-248b6e2)
Finished game 2467 (cand-dedddf6 vs ref-248b6e2): 1/2-1/2 {Draw by adjudication}
Started game 2480 of 3000 (ref-248b6e2 vs cand-dedddf6)
Finished game 2472 (ref-248b6e2 vs cand-dedddf6): 0-1 {Black wins by adjudication}
Started game 2481 of 3000 (cand-dedddf6 vs ref-248b6e2)
Finished game 2477 (cand-dedddf6 vs ref-248b6e2): 1-0 {White wins by adjudication}
Started game 2482 of 3000 (ref-248b6e2 vs cand-dedddf6)
Finished game 2475 (cand-dedddf6 vs ref-248b6e2): 1/2-1/2 {Draw by 3-fold repetition}
Started game 2483 of 3000 (cand-dedddf6 vs ref-248b6e2)
Finished game 2471 (cand-dedddf6 vs ref-248b6e2): 1/2-1/2 {Draw by 3-fold repetition}
Started game 2484 of 3000 (ref-248b6e2 vs cand-dedddf6)
Finished game 2464 (ref-248b6e2 vs cand-dedddf6): 1/2-1/2 {Draw by adjudication}
Started game 2485 of 3000 (cand-dedddf6 vs ref-248b6e2)
Finished game 2478 (ref-248b6e2 vs cand-dedddf6): 1/2-1/2 {Draw by adjudication}
Started game 2486 of 3000 (ref-248b6e2 vs cand-dedddf6)
Finished game 2473 (cand-dedddf6 vs ref-248b6e2): 1/2-1/2 {Draw by insufficient mating material}
Started game 2487 of 3000 (cand-dedddf6 vs ref-248b6e2)
Finished game 2470 (ref-248b6e2 vs cand-dedddf6): 1/2-1/2 {Draw by adjudication}
Started game 2488 of 3000 (ref-248b6e2 vs cand-dedddf6)
Finished game 2479 (cand-dedddf6 vs ref-248b6e2): 1-0 {White wins by adjudication}
Started game 2489 of 3000 (cand-dedddf6 vs ref-248b6e2)
Finished game 2476 (ref-248b6e2 vs cand-dedddf6): 1/2-1/2 {Draw by insufficient mating material}
Started game 2490 of 3000 (ref-248b6e2 vs cand-dedddf6)
Finished game 2474 (ref-248b6e2 vs cand-dedddf6): 1/2-1/2 {Draw by fifty moves rule}
Started game 2491 of 3000 (cand-dedddf6 vs ref-248b6e2)
Finished game 2481 (cand-dedddf6 vs ref-248b6e2): 1/2-1/2 {Draw by 3-fold repetition}
Started game 2492 of 3000 (ref-248b6e2 vs cand-dedddf6)
Finished game 2482 (ref-248b6e2 vs cand-dedddf6): 1-0 {White wins by adjudication}
Started game 2493 of 3000 (cand-dedddf6 vs ref-248b6e2)
Finished game 2484 (ref-248b6e2 vs cand-dedddf6): 0-1 {Black wins by adjudication}
Started game 2494 of 3000 (ref-248b6e2 vs cand-dedddf6)
Finished game 2485 (cand-dedddf6 vs ref-248b6e2): 0-1 {Black wins by adjudication}
Started game 2495 of 3000 (cand-dedddf6 vs ref-248b6e2)
Finished game 2480 (ref-248b6e2 vs cand-dedddf6): 1-0 {White wins by adjudication}
--------------------------------------------------
Results of cand-dedddf6 vs ref-248b6e2 (8+0.08, 1t, 16MB, noob_3moves.epd):
Elo: -7.00 +/- 10.25, nElo: -9.34 +/- 13.67
LOS: 9.03 %, DrawRatio: 35.13 %, PairsRatio: 0.96
Games: 2482, Wins: 716, Losses: 766, Draws: 1000, Points: 1216.0 (48.99 %)
Ptnml(0-2): [115, 296, 436, 312, 82], WL/DD Ratio: 1.22
--------------------------------------------------
Started game 2496 of 3000 (ref-248b6e2 vs cand-dedddf6)
Finished game 2483 (cand-dedddf6 vs ref-248b6e2): 1/2-1/2 {Draw by 3-fold repetition}
Started game 2497 of 3000 (cand-dedddf6 vs ref-248b6e2)
Finished game 2486 (ref-248b6e2 vs cand-dedddf6): 1-0 {White wins by adjudication}
Started game 2498 of 3000 (ref-248b6e2 vs cand-dedddf6)
Finished game 2490 (ref-248b6e2 vs cand-dedddf6): 1-0 {White wins by adjudication}
Started game 2499 of 3000 (cand-dedddf6 vs ref-248b6e2)
Finished game 2488 (ref-248b6e2 vs cand-dedddf6): 0-1 {Black wins by adjudication}
Started game 2500 of 3000 (ref-248b6e2 vs cand-dedddf6)
Finished game 2487 (cand-dedddf6 vs ref-248b6e2): 0-1 {Black wins by adjudication}
Started game 2501 of 3000 (cand-dedddf6 vs ref-248b6e2)
Finished game 2492 (ref-248b6e2 vs cand-dedddf6): 0-1 {Black wins by adjudication}
Started game 2502 of 3000 (ref-248b6e2 vs cand-dedddf6)
Finished game 2489 (cand-dedddf6 vs ref-248b6e2): 1-0 {White wins by adjudication}
Started game 2503 of 3000 (cand-dedddf6 vs ref-248b6e2)
Finished game 2495 (cand-dedddf6 vs ref-248b6e2): 1-0 {White wins by adjudication}
Started game 2504 of 3000 (ref-248b6e2 vs cand-dedddf6)
Finished game 2493 (cand-dedddf6 vs ref-248b6e2): 0-1 {Black wins by adjudication}
Started game 2505 of 3000 (cand-dedddf6 vs ref-248b6e2)
Finished game 2500 (ref-248b6e2 vs cand-dedddf6): 1/2-1/2 {Draw by 3-fold repetition}
Started game 2506 of 3000 (ref-248b6e2 vs cand-dedddf6)
Finished game 2499 (cand-dedddf6 vs ref-248b6e2): 1/2-1/2 {Draw by 3-fold repetition}
--------------------------------------------------
Results of cand-dedddf6 vs ref-248b6e2 (8+0.08, 1t, 16MB, noob_3moves.epd):
Elo: -7.11 +/- 10.23, nElo: -9.49 +/- 13.64
LOS: 8.64 %, DrawRatio: 35.23 %, PairsRatio: 0.96
Games: 2492, Wins: 719, Losses: 770, Draws: 1003, Points: 1220.5 (48.98 %)
Ptnml(0-2): [116, 296, 439, 313, 82], WL/DD Ratio: 1.23
--------------------------------------------------
Started game 2507 of 3000 (cand-dedddf6 vs ref-248b6e2)
Finished game 2491 (cand-dedddf6 vs ref-248b6e2): 1/2-1/2 {Draw by fifty moves rule}
Started game 2508 of 3000 (ref-248b6e2 vs cand-dedddf6)
Finished game 2497 (cand-dedddf6 vs ref-248b6e2): 1-0 {White wins by adjudication}
Started game 2509 of 3000 (cand-dedddf6 vs ref-248b6e2)
Finished game 2502 (ref-248b6e2 vs cand-dedddf6): 0-1 {Black wins by adjudication}
Started game 2510 of 3000 (ref-248b6e2 vs cand-dedddf6)
Finished game 2496 (ref-248b6e2 vs cand-dedddf6): 1/2-1/2 {Draw by adjudication}
Started game 2511 of 3000 (cand-dedddf6 vs ref-248b6e2)
Finished game 2503 (cand-dedddf6 vs ref-248b6e2): 1-0 {White wins by adjudication}
Started game 2512 of 3000 (ref-248b6e2 vs cand-dedddf6)
Finished game 2494 (ref-248b6e2 vs cand-dedddf6): 1/2-1/2 {Draw by fifty moves rule}
Started game 2513 of 3000 (cand-dedddf6 vs ref-248b6e2)
Finished game 2498 (ref-248b6e2 vs cand-dedddf6): 1/2-1/2 {Draw by 3-fold repetition}
Started game 2514 of 3000 (ref-248b6e2 vs cand-dedddf6)
Finished game 2504 (ref-248b6e2 vs cand-dedddf6): 1/2-1/2 {Draw by 3-fold repetition}
Started game 2515 of 3000 (cand-dedddf6 vs ref-248b6e2)
Finished game 2501 (cand-dedddf6 vs ref-248b6e2): 1/2-1/2 {Draw by 3-fold repetition}
Started game 2516 of 3000 (ref-248b6e2 vs cand-dedddf6)
Finished game 2505 (cand-dedddf6 vs ref-248b6e2): 1-0 {White wins by adjudication}
Started game 2517 of 3000 (cand-dedddf6 vs ref-248b6e2)
Finished game 2512 (ref-248b6e2 vs cand-dedddf6): 0-1 {Black wins by adjudication}
Started game 2518 of 3000 (ref-248b6e2 vs cand-dedddf6)
Finished game 2506 (ref-248b6e2 vs cand-dedddf6): 1-0 {White wins by adjudication}
Started game 2519 of 3000 (cand-dedddf6 vs ref-248b6e2)
Finished game 2508 (ref-248b6e2 vs cand-dedddf6): 1-0 {White wins by adjudication}
Started game 2520 of 3000 (ref-248b6e2 vs cand-dedddf6)
Finished game 2510 (ref-248b6e2 vs cand-dedddf6): 0-1 {Black wins by adjudication}
Started game 2521 of 3000 (cand-dedddf6 vs ref-248b6e2)
Finished game 2511 (cand-dedddf6 vs ref-248b6e2): 0-1 {Black wins by adjudication}
Started game 2522 of 3000 (ref-248b6e2 vs cand-dedddf6)
Finished game 2507 (cand-dedddf6 vs ref-248b6e2): 1/2-1/2 {Draw by adjudication}
Started game 2523 of 3000 (cand-dedddf6 vs ref-248b6e2)
Finished game 2514 (ref-248b6e2 vs cand-dedddf6): 0-1 {Black wins by adjudication}
Started game 2524 of 3000 (ref-248b6e2 vs cand-dedddf6)
Finished game 2515 (cand-dedddf6 vs ref-248b6e2): 0-1 {Black wins by adjudication}
Started game 2525 of 3000 (cand-dedddf6 vs ref-248b6e2)
Finished game 2509 (cand-dedddf6 vs ref-248b6e2): 1/2-1/2 {Draw by fifty moves rule}
Started game 2526 of 3000 (ref-248b6e2 vs cand-dedddf6)
Finished game 2516 (ref-248b6e2 vs cand-dedddf6): 0-1 {Black wins by adjudication}
Started game 2527 of 3000 (cand-dedddf6 vs ref-248b6e2)
Finished game 2518 (ref-248b6e2 vs cand-dedddf6): 1-0 {White wins by adjudication}
Started game 2528 of 3000 (ref-248b6e2 vs cand-dedddf6)
Finished game 2513 (cand-dedddf6 vs ref-248b6e2): 1/2-1/2 {Draw by adjudication}
Started game 2529 of 3000 (cand-dedddf6 vs ref-248b6e2)
Finished game 2517 (cand-dedddf6 vs ref-248b6e2): 1-0 {White wins by adjudication}
Started game 2530 of 3000 (ref-248b6e2 vs cand-dedddf6)
Finished game 2519 (cand-dedddf6 vs ref-248b6e2): 1-0 {White wins by adjudication}
Started game 2531 of 3000 (cand-dedddf6 vs ref-248b6e2)
Finished game 2520 (ref-248b6e2 vs cand-dedddf6): 1/2-1/2 {Draw by 3-fold repetition}
--------------------------------------------------
Results of cand-dedddf6 vs ref-248b6e2 (8+0.08, 1t, 16MB, noob_3moves.epd):
Elo: -6.20 +/- 10.15, nElo: -8.30 +/- 13.57
LOS: 11.53 %, DrawRatio: 35.16 %, PairsRatio: 0.97
Games: 2520, Wins: 731, Losses: 776, Draws: 1013, Points: 1237.5 (49.11 %)
Ptnml(0-2): [116, 298, 443, 321, 82], WL/DD Ratio: 1.25
--------------------------------------------------
Started game 2532 of 3000 (ref-248b6e2 vs cand-dedddf6)
Finished game 2525 (cand-dedddf6 vs ref-248b6e2): 1-0 {White wins by adjudication}
Started game 2533 of 3000 (cand-dedddf6 vs ref-248b6e2)
Finished game 2521 (cand-dedddf6 vs ref-248b6e2): 1-0 {White wins by adjudication}
Started game 2534 of 3000 (ref-248b6e2 vs cand-dedddf6)
Finished game 2524 (ref-248b6e2 vs cand-dedddf6): 1-0 {White wins by adjudication}
Started game 2535 of 3000 (cand-dedddf6 vs ref-248b6e2)
Finished game 2523 (cand-dedddf6 vs ref-248b6e2): 0-1 {Black wins by adjudication}
Started game 2536 of 3000 (ref-248b6e2 vs cand-dedddf6)
Finished game 2526 (ref-248b6e2 vs cand-dedddf6): 1/2-1/2 {Draw by adjudication}
Started game 2537 of 3000 (cand-dedddf6 vs ref-248b6e2)
Finished game 2527 (cand-dedddf6 vs ref-248b6e2): 0-1 {Black wins by adjudication}
Started game 2538 of 3000 (ref-248b6e2 vs cand-dedddf6)
Finished game 2529 (cand-dedddf6 vs ref-248b6e2): 0-1 {Black wins by adjudication}
Started game 2539 of 3000 (cand-dedddf6 vs ref-248b6e2)
Finished game 2530 (ref-248b6e2 vs cand-dedddf6): 1-0 {White wins by adjudication}
Started game 2540 of 3000 (ref-248b6e2 vs cand-dedddf6)
Finished game 2534 (ref-248b6e2 vs cand-dedddf6): 1-0 {White wins by adjudication}
Started game 2541 of 3000 (cand-dedddf6 vs ref-248b6e2)
Finished game 2522 (ref-248b6e2 vs cand-dedddf6): 0-1 {Black wins by adjudication}
Started game 2542 of 3000 (ref-248b6e2 vs cand-dedddf6)
Finished game 2528 (ref-248b6e2 vs cand-dedddf6): 1/2-1/2 {Draw by insufficient mating material}
Started game 2543 of 3000 (cand-dedddf6 vs ref-248b6e2)
Finished game 2532 (ref-248b6e2 vs cand-dedddf6): 1/2-1/2 {Draw by fifty moves rule}
Started game 2544 of 3000 (ref-248b6e2 vs cand-dedddf6)
Finished game 2533 (cand-dedddf6 vs ref-248b6e2): 1-0 {White wins by adjudication}
Started game 2545 of 3000 (cand-dedddf6 vs ref-248b6e2)
Finished game 2538 (ref-248b6e2 vs cand-dedddf6): 1/2-1/2 {Draw by 3-fold repetition}
Started game 2546 of 3000 (ref-248b6e2 vs cand-dedddf6)
Finished game 2537 (cand-dedddf6 vs ref-248b6e2): 1-0 {White wins by adjudication}
Started game 2547 of 3000 (cand-dedddf6 vs ref-248b6e2)
Finished game 2536 (ref-248b6e2 vs cand-dedddf6): 1/2-1/2 {Draw by insufficient mating material}
Started game 2548 of 3000 (ref-248b6e2 vs cand-dedddf6)
Finished game 2535 (cand-dedddf6 vs ref-248b6e2): 1/2-1/2 {Draw by insufficient mating material}
Started game 2549 of 3000 (cand-dedddf6 vs ref-248b6e2)
Finished game 2531 (cand-dedddf6 vs ref-248b6e2): 1/2-1/2 {Draw by adjudication}
Started game 2550 of 3000 (ref-248b6e2 vs cand-dedddf6)
Finished game 2541 (cand-dedddf6 vs ref-248b6e2): 1/2-1/2 {Draw by adjudication}
Started game 2551 of 3000 (cand-dedddf6 vs ref-248b6e2)
Finished game 2539 (cand-dedddf6 vs ref-248b6e2): 1/2-1/2 {Draw by adjudication}
Started game 2552 of 3000 (ref-248b6e2 vs cand-dedddf6)
Finished game 2543 (cand-dedddf6 vs ref-248b6e2): 1/2-1/2 {Draw by fifty moves rule}
Started game 2553 of 3000 (cand-dedddf6 vs ref-248b6e2)
Finished game 2540 (ref-248b6e2 vs cand-dedddf6): 1/2-1/2 {Draw by fifty moves rule}
--------------------------------------------------
Results of cand-dedddf6 vs ref-248b6e2 (8+0.08, 1t, 16MB, noob_3moves.epd):
Elo: -6.29 +/- 10.12, nElo: -8.40 +/- 13.51
LOS: 11.14 %, DrawRatio: 35.20 %, PairsRatio: 0.97
Games: 2540, Wins: 736, Losses: 782, Draws: 1022, Points: 1247.0 (49.09 %)
Ptnml(0-2): [118, 299, 447, 323, 83], WL/DD Ratio: 1.24
--------------------------------------------------
Started game 2554 of 3000 (ref-248b6e2 vs cand-dedddf6)
Finished game 2544 (ref-248b6e2 vs cand-dedddf6): 1/2-1/2 {Draw by insufficient mating material}
Started game 2555 of 3000 (cand-dedddf6 vs ref-248b6e2)
Finished game 2550 (ref-248b6e2 vs cand-dedddf6): 1-0 {White wins by adjudication}
Started game 2556 of 3000 (ref-248b6e2 vs cand-dedddf6)
Finished game 2545 (cand-dedddf6 vs ref-248b6e2): 1/2-1/2 {Draw by fifty moves rule}
Started game 2557 of 3000 (cand-dedddf6 vs ref-248b6e2)
Finished game 2548 (ref-248b6e2 vs cand-dedddf6): 0-1 {Black wins by adjudication}
Started game 2558 of 3000 (ref-248b6e2 vs cand-dedddf6)
Finished game 2547 (cand-dedddf6 vs ref-248b6e2): 1/2-1/2 {Draw by insufficient mating material}
Started game 2559 of 3000 (cand-dedddf6 vs ref-248b6e2)
Finished game 2546 (ref-248b6e2 vs cand-dedddf6): 1/2-1/2 {Draw by 3-fold repetition}
Started game 2560 of 3000 (ref-248b6e2 vs cand-dedddf6)
Finished game 2542 (ref-248b6e2 vs cand-dedddf6): 1/2-1/2 {Draw by insufficient mating material}
Started game 2561 of 3000 (cand-dedddf6 vs ref-248b6e2)
Finished game 2551 (cand-dedddf6 vs ref-248b6e2): 1/2-1/2 {Draw by adjudication}
Started game 2562 of 3000 (ref-248b6e2 vs cand-dedddf6)
Finished game 2549 (cand-dedddf6 vs ref-248b6e2): 0-1 {Black wins by adjudication}
Started game 2563 of 3000 (cand-dedddf6 vs ref-248b6e2)
Finished game 2552 (ref-248b6e2 vs cand-dedddf6): 0-1 {Black wins by adjudication}
Started game 2564 of 3000 (ref-248b6e2 vs cand-dedddf6)
Finished game 2554 (ref-248b6e2 vs cand-dedddf6): 1-0 {White wins by adjudication}
Started game 2565 of 3000 (cand-dedddf6 vs ref-248b6e2)
Finished game 2555 (cand-dedddf6 vs ref-248b6e2): 0-1 {Black wins by adjudication}
Started game 2566 of 3000 (ref-248b6e2 vs cand-dedddf6)
Finished game 2553 (cand-dedddf6 vs ref-248b6e2): 1-0 {White wins by adjudication}
Started game 2567 of 3000 (cand-dedddf6 vs ref-248b6e2)
Finished game 2558 (ref-248b6e2 vs cand-dedddf6): 1/2-1/2 {Draw by 3-fold repetition}
Started game 2568 of 3000 (ref-248b6e2 vs cand-dedddf6)
Finished game 2564 (ref-248b6e2 vs cand-dedddf6): 1/2-1/2 {Draw by 3-fold repetition}
Started game 2569 of 3000 (cand-dedddf6 vs ref-248b6e2)
Finished game 2556 (ref-248b6e2 vs cand-dedddf6): 1-0 {White wins by adjudication}
Started game 2570 of 3000 (ref-248b6e2 vs cand-dedddf6)
Finished game 2560 (ref-248b6e2 vs cand-dedddf6): 1-0 {White wins by adjudication}
Started game 2571 of 3000 (cand-dedddf6 vs ref-248b6e2)
Finished game 2557 (cand-dedddf6 vs ref-248b6e2): 1/2-1/2 {Draw by adjudication}
Started game 2572 of 3000 (ref-248b6e2 vs cand-dedddf6)
Finished game 2561 (cand-dedddf6 vs ref-248b6e2): 1/2-1/2 {Draw by adjudication}
Started game 2573 of 3000 (cand-dedddf6 vs ref-248b6e2)
Finished game 2567 (cand-dedddf6 vs ref-248b6e2): 0-1 {Black wins by adjudication}
Started game 2574 of 3000 (ref-248b6e2 vs cand-dedddf6)
Finished game 2559 (cand-dedddf6 vs ref-248b6e2): 0-1 {Black wins by adjudication}
--------------------------------------------------
Results of cand-dedddf6 vs ref-248b6e2 (8+0.08, 1t, 16MB, noob_3moves.epd):
Elo: -6.79 +/- 10.09, nElo: -9.05 +/- 13.46
LOS: 9.37 %, DrawRatio: 35.31 %, PairsRatio: 0.97
Games: 2560, Wins: 739, Losses: 789, Draws: 1032, Points: 1255.0 (49.02 %)
Ptnml(0-2): [121, 299, 452, 325, 83], WL/DD Ratio: 1.22
--------------------------------------------------
Started game 2575 of 3000 (cand-dedddf6 vs ref-248b6e2)
Finished game 2565 (cand-dedddf6 vs ref-248b6e2): 0-1 {Black wins by adjudication}
Started game 2576 of 3000 (ref-248b6e2 vs cand-dedddf6)
Finished game 2566 (ref-248b6e2 vs cand-dedddf6): 0-1 {Black wins by adjudication}
Started game 2577 of 3000 (cand-dedddf6 vs ref-248b6e2)
Finished game 2562 (ref-248b6e2 vs cand-dedddf6): 1/2-1/2 {Draw by adjudication}
Started game 2578 of 3000 (ref-248b6e2 vs cand-dedddf6)
Finished game 2568 (ref-248b6e2 vs cand-dedddf6): 1-0 {White wins by adjudication}
Started game 2579 of 3000 (cand-dedddf6 vs ref-248b6e2)
Finished game 2573 (cand-dedddf6 vs ref-248b6e2): 1-0 {White wins by adjudication}
Started game 2580 of 3000 (ref-248b6e2 vs cand-dedddf6)
Finished game 2563 (cand-dedddf6 vs ref-248b6e2): 1/2-1/2 {Draw by fifty moves rule}
Started game 2581 of 3000 (cand-dedddf6 vs ref-248b6e2)
Finished game 2569 (cand-dedddf6 vs ref-248b6e2): 1/2-1/2 {Draw by adjudication}
Started game 2582 of 3000 (ref-248b6e2 vs cand-dedddf6)
Finished game 2576 (ref-248b6e2 vs cand-dedddf6): 1/2-1/2 {Draw by 3-fold repetition}
Started game 2583 of 3000 (cand-dedddf6 vs ref-248b6e2)
Finished game 2572 (ref-248b6e2 vs cand-dedddf6): 1/2-1/2 {Draw by 3-fold repetition}
Started game 2584 of 3000 (ref-248b6e2 vs cand-dedddf6)
Finished game 2574 (ref-248b6e2 vs cand-dedddf6): 1/2-1/2 {Draw by 3-fold repetition}
Started game 2585 of 3000 (cand-dedddf6 vs ref-248b6e2)
Finished game 2571 (cand-dedddf6 vs ref-248b6e2): 1-0 {White wins by adjudication}
Started game 2586 of 3000 (ref-248b6e2 vs cand-dedddf6)
Finished game 2570 (ref-248b6e2 vs cand-dedddf6): 1/2-1/2 {Draw by adjudication}
Started game 2587 of 3000 (cand-dedddf6 vs ref-248b6e2)
Finished game 2577 (cand-dedddf6 vs ref-248b6e2): 1-0 {White wins by adjudication}
Started game 2588 of 3000 (ref-248b6e2 vs cand-dedddf6)
Finished game 2578 (ref-248b6e2 vs cand-dedddf6): 1/2-1/2 {Draw by 3-fold repetition}
Started game 2589 of 3000 (cand-dedddf6 vs ref-248b6e2)
Finished game 2575 (cand-dedddf6 vs ref-248b6e2): 0-1 {Black wins by adjudication}
Started game 2590 of 3000 (ref-248b6e2 vs cand-dedddf6)
Finished game 2584 (ref-248b6e2 vs cand-dedddf6): 1/2-1/2 {Draw by 3-fold repetition}
Started game 2591 of 3000 (cand-dedddf6 vs ref-248b6e2)
Finished game 2582 (ref-248b6e2 vs cand-dedddf6): 1-0 {White wins by adjudication}
Started game 2592 of 3000 (ref-248b6e2 vs cand-dedddf6)
Finished game 2583 (cand-dedddf6 vs ref-248b6e2): 1-0 {White wins by adjudication}
Started game 2593 of 3000 (cand-dedddf6 vs ref-248b6e2)
Finished game 2581 (cand-dedddf6 vs ref-248b6e2): 1/2-1/2 {Draw by 3-fold repetition}
Started game 2594 of 3000 (ref-248b6e2 vs cand-dedddf6)
Finished game 2580 (ref-248b6e2 vs cand-dedddf6): 1-0 {White wins by adjudication}
Started game 2595 of 3000 (cand-dedddf6 vs ref-248b6e2)
Finished game 2579 (cand-dedddf6 vs ref-248b6e2): 1/2-1/2 {Draw by insufficient mating material}
--------------------------------------------------
Results of cand-dedddf6 vs ref-248b6e2 (8+0.08, 1t, 16MB, noob_3moves.epd):
Elo: -6.86 +/- 10.04, nElo: -9.16 +/- 13.40
LOS: 9.02 %, DrawRatio: 35.29 %, PairsRatio: 0.97
Games: 2584, Wins: 744, Losses: 795, Draws: 1045, Points: 1266.5 (49.01 %)
Ptnml(0-2): [122, 302, 456, 329, 83], WL/DD Ratio: 1.20
--------------------------------------------------
Started game 2596 of 3000 (ref-248b6e2 vs cand-dedddf6)
Finished game 2587 (cand-dedddf6 vs ref-248b6e2): 0-1 {Black wins by adjudication}
Started game 2597 of 3000 (cand-dedddf6 vs ref-248b6e2)
Finished game 2586 (ref-248b6e2 vs cand-dedddf6): 0-1 {Black wins by adjudication}
Started game 2598 of 3000 (ref-248b6e2 vs cand-dedddf6)
Finished game 2591 (cand-dedddf6 vs ref-248b6e2): 1-0 {White wins by adjudication}
Started game 2599 of 3000 (cand-dedddf6 vs ref-248b6e2)
Finished game 2589 (cand-dedddf6 vs ref-248b6e2): 1/2-1/2 {Draw by 3-fold repetition}
Started game 2600 of 3000 (ref-248b6e2 vs cand-dedddf6)
Finished game 2590 (ref-248b6e2 vs cand-dedddf6): 0-1 {Black wins by adjudication}
Started game 2601 of 3000 (cand-dedddf6 vs ref-248b6e2)
Finished game 2588 (ref-248b6e2 vs cand-dedddf6): 1/2-1/2 {Draw by adjudication}
Started game 2602 of 3000 (ref-248b6e2 vs cand-dedddf6)
Finished game 2593 (cand-dedddf6 vs ref-248b6e2): 0-1 {Black wins by adjudication}
Started game 2603 of 3000 (cand-dedddf6 vs ref-248b6e2)
Finished game 2585 (cand-dedddf6 vs ref-248b6e2): 1/2-1/2 {Draw by fifty moves rule}
Started game 2604 of 3000 (ref-248b6e2 vs cand-dedddf6)
Finished game 2595 (cand-dedddf6 vs ref-248b6e2): 0-1 {Black wins by adjudication}
Started game 2605 of 3000 (cand-dedddf6 vs ref-248b6e2)
Finished game 2592 (ref-248b6e2 vs cand-dedddf6): 1-0 {White wins by adjudication}
Started game 2606 of 3000 (ref-248b6e2 vs cand-dedddf6)
Finished game 2599 (cand-dedddf6 vs ref-248b6e2): 0-1 {Black wins by adjudication}
Started game 2607 of 3000 (cand-dedddf6 vs ref-248b6e2)
Finished game 2598 (ref-248b6e2 vs cand-dedddf6): 1-0 {White wins by adjudication}
Started game 2608 of 3000 (ref-248b6e2 vs cand-dedddf6)
Finished game 2597 (cand-dedddf6 vs ref-248b6e2): 1-0 {White wins by adjudication}
Started game 2609 of 3000 (cand-dedddf6 vs ref-248b6e2)
Finished game 2596 (ref-248b6e2 vs cand-dedddf6): 1/2-1/2 {Draw by 3-fold repetition}
Started game 2610 of 3000 (ref-248b6e2 vs cand-dedddf6)
Finished game 2605 (cand-dedddf6 vs ref-248b6e2): 1-0 {White wins by adjudication}
Started game 2611 of 3000 (cand-dedddf6 vs ref-248b6e2)
Finished game 2600 (ref-248b6e2 vs cand-dedddf6): 1/2-1/2 {Draw by fifty moves rule}
--------------------------------------------------
Results of cand-dedddf6 vs ref-248b6e2 (8+0.08, 1t, 16MB, noob_3moves.epd):
Elo: -6.95 +/- 10.00, nElo: -9.30 +/- 13.36
LOS: 8.63 %, DrawRatio: 35.26 %, PairsRatio: 0.97
Games: 2598, Wins: 748, Losses: 800, Draws: 1050, Points: 1273.0 (49.00 %)
Ptnml(0-2): [122, 305, 458, 331, 83], WL/DD Ratio: 1.21
--------------------------------------------------
Started game 2612 of 3000 (ref-248b6e2 vs cand-dedddf6)
Finished game 2594 (ref-248b6e2 vs cand-dedddf6): 1/2-1/2 {Draw by fifty moves rule}
Started game 2613 of 3000 (cand-dedddf6 vs ref-248b6e2)
Finished game 2604 (ref-248b6e2 vs cand-dedddf6): 1-0 {White wins by adjudication}
Started game 2614 of 3000 (ref-248b6e2 vs cand-dedddf6)
Finished game 2603 (cand-dedddf6 vs ref-248b6e2): 1/2-1/2 {Draw by adjudication}
Started game 2615 of 3000 (cand-dedddf6 vs ref-248b6e2)
Finished game 2602 (ref-248b6e2 vs cand-dedddf6): 1/2-1/2 {Draw by adjudication}
Started game 2616 of 3000 (ref-248b6e2 vs cand-dedddf6)
Finished game 2606 (ref-248b6e2 vs cand-dedddf6): 1/2-1/2 {Draw by insufficient mating material}
Started game 2617 of 3000 (cand-dedddf6 vs ref-248b6e2)
Finished game 2601 (cand-dedddf6 vs ref-248b6e2): 1/2-1/2 {Draw by fifty moves rule}
Started game 2618 of 3000 (ref-248b6e2 vs cand-dedddf6)
Finished game 2609 (cand-dedddf6 vs ref-248b6e2): 1-0 {White wins by adjudication}
Started game 2619 of 3000 (cand-dedddf6 vs ref-248b6e2)
Finished game 2608 (ref-248b6e2 vs cand-dedddf6): 0-1 {Black wins by adjudication}
Started game 2620 of 3000 (ref-248b6e2 vs cand-dedddf6)
Finished game 2607 (cand-dedddf6 vs ref-248b6e2): 1-0 {White wins by adjudication}
Started game 2621 of 3000 (cand-dedddf6 vs ref-248b6e2)
Finished game 2612 (ref-248b6e2 vs cand-dedddf6): 1-0 {White wins by adjudication}
Started game 2622 of 3000 (ref-248b6e2 vs cand-dedddf6)
Finished game 2610 (ref-248b6e2 vs cand-dedddf6): 0-1 {Black wins by adjudication}
Started game 2623 of 3000 (cand-dedddf6 vs ref-248b6e2)
Finished game 2611 (cand-dedddf6 vs ref-248b6e2): 1/2-1/2 {Draw by 3-fold repetition}
Started game 2624 of 3000 (ref-248b6e2 vs cand-dedddf6)
Finished game 2613 (cand-dedddf6 vs ref-248b6e2): 0-1 {Black wins by adjudication}
Started game 2625 of 3000 (cand-dedddf6 vs ref-248b6e2)
Finished game 2614 (ref-248b6e2 vs cand-dedddf6): 1-0 {White wins by adjudication}
Started game 2626 of 3000 (ref-248b6e2 vs cand-dedddf6)
Finished game 2617 (cand-dedddf6 vs ref-248b6e2): 1/2-1/2 {Draw by 3-fold repetition}
Started game 2627 of 3000 (cand-dedddf6 vs ref-248b6e2)
Finished game 2616 (ref-248b6e2 vs cand-dedddf6): 1-0 {White wins by adjudication}
Started game 2628 of 3000 (ref-248b6e2 vs cand-dedddf6)
Finished game 2615 (cand-dedddf6 vs ref-248b6e2): 1/2-1/2 {Draw by insufficient mating material}
Started game 2629 of 3000 (cand-dedddf6 vs ref-248b6e2)
Finished game 2619 (cand-dedddf6 vs ref-248b6e2): 1-0 {White wins by adjudication}
Started game 2630 of 3000 (ref-248b6e2 vs cand-dedddf6)
Finished game 2626 (ref-248b6e2 vs cand-dedddf6): 1/2-1/2 {Draw by 3-fold repetition}
Started game 2631 of 3000 (cand-dedddf6 vs ref-248b6e2)
Finished game 2618 (ref-248b6e2 vs cand-dedddf6): 1/2-1/2 {Draw by insufficient mating material}
Started game 2632 of 3000 (ref-248b6e2 vs cand-dedddf6)
Finished game 2624 (ref-248b6e2 vs cand-dedddf6): 1-0 {White wins by adjudication}
Started game 2633 of 3000 (cand-dedddf6 vs ref-248b6e2)
Finished game 2622 (ref-248b6e2 vs cand-dedddf6): 0-1 {Black wins by adjudication}
Started game 2634 of 3000 (ref-248b6e2 vs cand-dedddf6)
Finished game 2620 (ref-248b6e2 vs cand-dedddf6): 0-1 {Black wins by adjudication}
--------------------------------------------------
Results of cand-dedddf6 vs ref-248b6e2 (8+0.08, 1t, 16MB, noob_3moves.epd):
Elo: -6.76 +/- 9.99, nElo: -9.01 +/- 13.30
LOS: 9.21 %, DrawRatio: 35.11 %, PairsRatio: 0.97
Games: 2620, Wins: 755, Losses: 806, Draws: 1059, Points: 1284.5 (49.03 %)
Ptnml(0-2): [123, 309, 460, 332, 86], WL/DD Ratio: 1.20
--------------------------------------------------
Started game 2635 of 3000 (cand-dedddf6 vs ref-248b6e2)
Finished game 2621 (cand-dedddf6 vs ref-248b6e2): 1-0 {White wins by adjudication}
Started game 2636 of 3000 (ref-248b6e2 vs cand-dedddf6)
Finished game 2629 (cand-dedddf6 vs ref-248b6e2): 0-1 {Black wins by adjudication}
Started game 2637 of 3000 (cand-dedddf6 vs ref-248b6e2)
Finished game 2627 (cand-dedddf6 vs ref-248b6e2): 1/2-1/2 {Draw by 3-fold repetition}
Started game 2638 of 3000 (ref-248b6e2 vs cand-dedddf6)
Finished game 2625 (cand-dedddf6 vs ref-248b6e2): 0-1 {Black wins by adjudication}
Started game 2639 of 3000 (cand-dedddf6 vs ref-248b6e2)
Finished game 2628 (ref-248b6e2 vs cand-dedddf6): 0-1 {Black wins by adjudication}
Started game 2640 of 3000 (ref-248b6e2 vs cand-dedddf6)
Finished game 2630 (ref-248b6e2 vs cand-dedddf6): 0-1 {Black wins by adjudication}
Started game 2641 of 3000 (cand-dedddf6 vs ref-248b6e2)
Finished game 2623 (cand-dedddf6 vs ref-248b6e2): 1/2-1/2 {Draw by adjudication}
Started game 2642 of 3000 (ref-248b6e2 vs cand-dedddf6)
Finished game 2633 (cand-dedddf6 vs ref-248b6e2): 1-0 {White wins by adjudication}
Started game 2643 of 3000 (cand-dedddf6 vs ref-248b6e2)
Finished game 2631 (cand-dedddf6 vs ref-248b6e2): 0-1 {Black wins by adjudication}
Started game 2644 of 3000 (ref-248b6e2 vs cand-dedddf6)
Finished game 2632 (ref-248b6e2 vs cand-dedddf6): 0-1 {Black wins by adjudication}
Started game 2645 of 3000 (cand-dedddf6 vs ref-248b6e2)
Finished game 2639 (cand-dedddf6 vs ref-248b6e2): 1-0 {White wins by adjudication}
Started game 2646 of 3000 (ref-248b6e2 vs cand-dedddf6)
Finished game 2635 (cand-dedddf6 vs ref-248b6e2): 0-1 {Black wins by adjudication}
Started game 2647 of 3000 (cand-dedddf6 vs ref-248b6e2)
Finished game 2634 (ref-248b6e2 vs cand-dedddf6): 1-0 {White wins by adjudication}
Started game 2648 of 3000 (ref-248b6e2 vs cand-dedddf6)
Finished game 2637 (cand-dedddf6 vs ref-248b6e2): 0-1 {Black wins by adjudication}
Started game 2649 of 3000 (cand-dedddf6 vs ref-248b6e2)
Finished game 2638 (ref-248b6e2 vs cand-dedddf6): 1/2-1/2 {Draw by 3-fold repetition}
Started game 2650 of 3000 (ref-248b6e2 vs cand-dedddf6)
Finished game 2640 (ref-248b6e2 vs cand-dedddf6): 0-1 {Black wins by adjudication}
--------------------------------------------------
Results of cand-dedddf6 vs ref-248b6e2 (8+0.08, 1t, 16MB, noob_3moves.epd):
Elo: -6.45 +/- 9.96, nElo: -8.60 +/- 13.26
LOS: 10.19 %, DrawRatio: 35.10 %, PairsRatio: 0.97
Games: 2638, Wins: 763, Losses: 812, Draws: 1063, Points: 1294.5 (49.07 %)
Ptnml(0-2): [123, 312, 463, 333, 88], WL/DD Ratio: 1.22
--------------------------------------------------
Started game 2651 of 3000 (cand-dedddf6 vs ref-248b6e2)
Finished game 2644 (ref-248b6e2 vs cand-dedddf6): 1-0 {White wins by adjudication}
Started game 2652 of 3000 (ref-248b6e2 vs cand-dedddf6)
Finished game 2641 (cand-dedddf6 vs ref-248b6e2): 1-0 {White wins by adjudication}
Started game 2653 of 3000 (cand-dedddf6 vs ref-248b6e2)
Finished game 2636 (ref-248b6e2 vs cand-dedddf6): 1/2-1/2 {Draw by adjudication}
Started game 2654 of 3000 (ref-248b6e2 vs cand-dedddf6)
Finished game 2642 (ref-248b6e2 vs cand-dedddf6): 1/2-1/2 {Draw by 3-fold repetition}
Started game 2655 of 3000 (cand-dedddf6 vs ref-248b6e2)
Finished game 2650 (ref-248b6e2 vs cand-dedddf6): 0-1 {Black wins by adjudication}
Started game 2656 of 3000 (ref-248b6e2 vs cand-dedddf6)
Finished game 2645 (cand-dedddf6 vs ref-248b6e2): 1-0 {White wins by adjudication}
Started game 2657 of 3000 (cand-dedddf6 vs ref-248b6e2)
Finished game 2643 (cand-dedddf6 vs ref-248b6e2): 1-0 {White wins by adjudication}
Started game 2658 of 3000 (ref-248b6e2 vs cand-dedddf6)
Finished game 2646 (ref-248b6e2 vs cand-dedddf6): 0-1 {Black wins by adjudication}
Started game 2659 of 3000 (cand-dedddf6 vs ref-248b6e2)
Finished game 2647 (cand-dedddf6 vs ref-248b6e2): 1/2-1/2 {Draw by 3-fold repetition}
Started game 2660 of 3000 (ref-248b6e2 vs cand-dedddf6)
Finished game 2649 (cand-dedddf6 vs ref-248b6e2): 1-0 {White wins by adjudication}
Started game 2661 of 3000 (cand-dedddf6 vs ref-248b6e2)
Finished game 2648 (ref-248b6e2 vs cand-dedddf6): 0-1 {Black wins by adjudication}
Started game 2662 of 3000 (ref-248b6e2 vs cand-dedddf6)
Finished game 2653 (cand-dedddf6 vs ref-248b6e2): 0-1 {Black wins by adjudication}
Started game 2663 of 3000 (cand-dedddf6 vs ref-248b6e2)
Finished game 2651 (cand-dedddf6 vs ref-248b6e2): 0-1 {Black wins by adjudication}
Started game 2664 of 3000 (ref-248b6e2 vs cand-dedddf6)
Finished game 2654 (ref-248b6e2 vs cand-dedddf6): 1/2-1/2 {Draw by 3-fold repetition}
Started game 2665 of 3000 (cand-dedddf6 vs ref-248b6e2)
Finished game 2657 (cand-dedddf6 vs ref-248b6e2): 1/2-1/2 {Draw by 3-fold repetition}
Started game 2666 of 3000 (ref-248b6e2 vs cand-dedddf6)
Finished game 2658 (ref-248b6e2 vs cand-dedddf6): 0-1 {Black wins by adjudication}
Started game 2667 of 3000 (cand-dedddf6 vs ref-248b6e2)
Finished game 2652 (ref-248b6e2 vs cand-dedddf6): 0-1 {Black wins by adjudication}
Started game 2668 of 3000 (ref-248b6e2 vs cand-dedddf6)
Finished game 2656 (ref-248b6e2 vs cand-dedddf6): 0-1 {Black wins by adjudication}
Started game 2669 of 3000 (cand-dedddf6 vs ref-248b6e2)
Finished game 2662 (ref-248b6e2 vs cand-dedddf6): 1/2-1/2 {Draw by adjudication}
Started game 2670 of 3000 (ref-248b6e2 vs cand-dedddf6)
Finished game 2655 (cand-dedddf6 vs ref-248b6e2): 1/2-1/2 {Draw by insufficient mating material}
Started game 2671 of 3000 (cand-dedddf6 vs ref-248b6e2)
Finished game 2661 (cand-dedddf6 vs ref-248b6e2): 1-0 {White wins by adjudication}
Started game 2672 of 3000 (ref-248b6e2 vs cand-dedddf6)
Finished game 2663 (cand-dedddf6 vs ref-248b6e2): 1-0 {White wins by adjudication}
Started game 2673 of 3000 (cand-dedddf6 vs ref-248b6e2)
Finished game 2659 (cand-dedddf6 vs ref-248b6e2): 1-0 {White wins by adjudication}
Started game 2674 of 3000 (ref-248b6e2 vs cand-dedddf6)
Finished game 2664 (ref-248b6e2 vs cand-dedddf6): 1-0 {White wins by adjudication}
Started game 2675 of 3000 (cand-dedddf6 vs ref-248b6e2)
Finished game 2660 (ref-248b6e2 vs cand-dedddf6): 1-0 {White wins by adjudication}
--------------------------------------------------
Results of cand-dedddf6 vs ref-248b6e2 (8+0.08, 1t, 16MB, noob_3moves.epd):
Elo: -5.48 +/- 9.91, nElo: -7.29 +/- 13.19
LOS: 13.93 %, DrawRatio: 35.06 %, PairsRatio: 0.98
Games: 2664, Wins: 776, Losses: 818, Draws: 1070, Points: 1311.0 (49.21 %)
Ptnml(0-2): [123, 314, 467, 338, 90], WL/DD Ratio: 1.23
--------------------------------------------------
Started game 2676 of 3000 (ref-248b6e2 vs cand-dedddf6)
Finished game 2667 (cand-dedddf6 vs ref-248b6e2): 1-0 {White wins by adjudication}
Started game 2677 of 3000 (cand-dedddf6 vs ref-248b6e2)
Finished game 2666 (ref-248b6e2 vs cand-dedddf6): 1-0 {White wins by adjudication}
Started game 2678 of 3000 (ref-248b6e2 vs cand-dedddf6)
Finished game 2665 (cand-dedddf6 vs ref-248b6e2): 1-0 {White wins by adjudication}
Started game 2679 of 3000 (cand-dedddf6 vs ref-248b6e2)
Finished game 2673 (cand-dedddf6 vs ref-248b6e2): 1/2-1/2 {Draw by 3-fold repetition}
Started game 2680 of 3000 (ref-248b6e2 vs cand-dedddf6)
Finished game 2669 (cand-dedddf6 vs ref-248b6e2): 1/2-1/2 {Draw by adjudication}
Started game 2681 of 3000 (cand-dedddf6 vs ref-248b6e2)
Finished game 2670 (ref-248b6e2 vs cand-dedddf6): 1/2-1/2 {Draw by adjudication}
Started game 2682 of 3000 (ref-248b6e2 vs cand-dedddf6)
Finished game 2671 (cand-dedddf6 vs ref-248b6e2): 0-1 {Black wins by adjudication}
Started game 2683 of 3000 (cand-dedddf6 vs ref-248b6e2)
Finished game 2674 (ref-248b6e2 vs cand-dedddf6): 1-0 {White wins by adjudication}
Started game 2684 of 3000 (ref-248b6e2 vs cand-dedddf6)
Finished game 2677 (cand-dedddf6 vs ref-248b6e2): 0-1 {Black wins by adjudication}
Started game 2685 of 3000 (cand-dedddf6 vs ref-248b6e2)
Finished game 2672 (ref-248b6e2 vs cand-dedddf6): 1/2-1/2 {Draw by adjudication}
Started game 2686 of 3000 (ref-248b6e2 vs cand-dedddf6)
Finished game 2676 (ref-248b6e2 vs cand-dedddf6): 0-1 {Black wins by adjudication}
Started game 2687 of 3000 (cand-dedddf6 vs ref-248b6e2)
Finished game 2675 (cand-dedddf6 vs ref-248b6e2): 1-0 {White wins by adjudication}
Started game 2688 of 3000 (ref-248b6e2 vs cand-dedddf6)
Finished game 2668 (ref-248b6e2 vs cand-dedddf6): 1/2-1/2 {Draw by fifty moves rule}
Started game 2689 of 3000 (cand-dedddf6 vs ref-248b6e2)
Finished game 2679 (cand-dedddf6 vs ref-248b6e2): 1-0 {White wins by adjudication}
Started game 2690 of 3000 (ref-248b6e2 vs cand-dedddf6)
Finished game 2682 (ref-248b6e2 vs cand-dedddf6): 0-1 {Black wins by adjudication}
Started game 2691 of 3000 (cand-dedddf6 vs ref-248b6e2)
Finished game 2684 (ref-248b6e2 vs cand-dedddf6): 0-1 {Black wins by adjudication}
Started game 2692 of 3000 (ref-248b6e2 vs cand-dedddf6)
Finished game 2681 (cand-dedddf6 vs ref-248b6e2): 0-1 {Black wins by adjudication}
Started game 2693 of 3000 (cand-dedddf6 vs ref-248b6e2)
Finished game 2687 (cand-dedddf6 vs ref-248b6e2): 1/2-1/2 {Draw by 3-fold repetition}
Started game 2694 of 3000 (ref-248b6e2 vs cand-dedddf6)
Finished game 2688 (ref-248b6e2 vs cand-dedddf6): 1-0 {White wins by adjudication}
Started game 2695 of 3000 (cand-dedddf6 vs ref-248b6e2)
Finished game 2685 (cand-dedddf6 vs ref-248b6e2): 1-0 {White wins by adjudication}
Started game 2696 of 3000 (ref-248b6e2 vs cand-dedddf6)
Finished game 2678 (ref-248b6e2 vs cand-dedddf6): 1/2-1/2 {Draw by adjudication}
Started game 2697 of 3000 (cand-dedddf6 vs ref-248b6e2)
Finished game 2680 (ref-248b6e2 vs cand-dedddf6): 1/2-1/2 {Draw by fifty moves rule}
--------------------------------------------------
Results of cand-dedddf6 vs ref-248b6e2 (8+0.08, 1t, 16MB, noob_3moves.epd):
Elo: -5.44 +/- 9.87, nElo: -7.24 +/- 13.14
LOS: 14.01 %, DrawRatio: 35.02 %, PairsRatio: 0.98
Games: 2684, Wins: 782, Losses: 824, Draws: 1078, Points: 1321.0 (49.22 %)
Ptnml(0-2): [123, 318, 470, 340, 91], WL/DD Ratio: 1.24
--------------------------------------------------
Started game 2698 of 3000 (ref-248b6e2 vs cand-dedddf6)
Finished game 2683 (cand-dedddf6 vs ref-248b6e2): 1/2-1/2 {Draw by insufficient mating material}
Started game 2699 of 3000 (cand-dedddf6 vs ref-248b6e2)
Finished game 2689 (cand-dedddf6 vs ref-248b6e2): 0-1 {Black wins by adjudication}
Started game 2700 of 3000 (ref-248b6e2 vs cand-dedddf6)
Finished game 2690 (ref-248b6e2 vs cand-dedddf6): 0-1 {Black wins by adjudication}
Started game 2701 of 3000 (cand-dedddf6 vs ref-248b6e2)
Finished game 2686 (ref-248b6e2 vs cand-dedddf6): 1/2-1/2 {Draw by 3-fold repetition}
Started game 2702 of 3000 (ref-248b6e2 vs cand-dedddf6)
Finished game 2691 (cand-dedddf6 vs ref-248b6e2): 0-1 {Black wins by adjudication}
Started game 2703 of 3000 (cand-dedddf6 vs ref-248b6e2)
Finished game 2696 (ref-248b6e2 vs cand-dedddf6): 1-0 {White wins by adjudication}
Started game 2704 of 3000 (ref-248b6e2 vs cand-dedddf6)
Finished game 2698 (ref-248b6e2 vs cand-dedddf6): 1-0 {White wins by adjudication}
Started game 2705 of 3000 (cand-dedddf6 vs ref-248b6e2)
Finished game 2697 (cand-dedddf6 vs ref-248b6e2): 0-1 {Black wins by adjudication}
Started game 2706 of 3000 (ref-248b6e2 vs cand-dedddf6)
Finished game 2693 (cand-dedddf6 vs ref-248b6e2): 1-0 {White wins by adjudication}
Started game 2707 of 3000 (cand-dedddf6 vs ref-248b6e2)
Finished game 2695 (cand-dedddf6 vs ref-248b6e2): 0-1 {Black wins by adjudication}
Started game 2708 of 3000 (ref-248b6e2 vs cand-dedddf6)
Finished game 2692 (ref-248b6e2 vs cand-dedddf6): 0-1 {Black wins by adjudication}
Started game 2709 of 3000 (cand-dedddf6 vs ref-248b6e2)
Finished game 2694 (ref-248b6e2 vs cand-dedddf6): 1-0 {White wins by adjudication}
Started game 2710 of 3000 (ref-248b6e2 vs cand-dedddf6)
Finished game 2700 (ref-248b6e2 vs cand-dedddf6): 1-0 {White wins by adjudication}
Started game 2711 of 3000 (cand-dedddf6 vs ref-248b6e2)
Finished game 2707 (cand-dedddf6 vs ref-248b6e2): 1/2-1/2 {Draw by 3-fold repetition}
Started game 2712 of 3000 (ref-248b6e2 vs cand-dedddf6)
Finished game 2703 (cand-dedddf6 vs ref-248b6e2): 1/2-1/2 {Draw by 3-fold repetition}
Started game 2713 of 3000 (cand-dedddf6 vs ref-248b6e2)
Finished game 2702 (ref-248b6e2 vs cand-dedddf6): 1/2-1/2 {Draw by 3-fold repetition}
Started game 2714 of 3000 (ref-248b6e2 vs cand-dedddf6)
Finished game 2699 (cand-dedddf6 vs ref-248b6e2): 0-1 {Black wins by adjudication}
--------------------------------------------------
Results of cand-dedddf6 vs ref-248b6e2 (8+0.08, 1t, 16MB, noob_3moves.epd):
Elo: -5.92 +/- 9.86, nElo: -7.87 +/- 13.11
LOS: 11.95 %, DrawRatio: 35.04 %, PairsRatio: 0.98
Games: 2700, Wins: 787, Losses: 833, Draws: 1080, Points: 1327.0 (49.15 %)
Ptnml(0-2): [126, 318, 473, 342, 91], WL/DD Ratio: 1.25
--------------------------------------------------
Started game 2715 of 3000 (cand-dedddf6 vs ref-248b6e2)
Finished game 2701 (cand-dedddf6 vs ref-248b6e2): 0-1 {Black wins by adjudication}
Started game 2716 of 3000 (ref-248b6e2 vs cand-dedddf6)
Finished game 2704 (ref-248b6e2 vs cand-dedddf6): 1/2-1/2 {Draw by insufficient mating material}
Started game 2717 of 3000 (cand-dedddf6 vs ref-248b6e2)
Finished game 2706 (ref-248b6e2 vs cand-dedddf6): 1-0 {White wins by adjudication}
Started game 2718 of 3000 (ref-248b6e2 vs cand-dedddf6)
Finished game 2705 (cand-dedddf6 vs ref-248b6e2): 1-0 {White wins by adjudication}
Started game 2719 of 3000 (cand-dedddf6 vs ref-248b6e2)
Finished game 2714 (ref-248b6e2 vs cand-dedddf6): 0-1 {Black wins by adjudication}
Started game 2720 of 3000 (ref-248b6e2 vs cand-dedddf6)
Finished game 2711 (cand-dedddf6 vs ref-248b6e2): 0-1 {Black wins by adjudication}
Started game 2721 of 3000 (cand-dedddf6 vs ref-248b6e2)
Finished game 2709 (cand-dedddf6 vs ref-248b6e2): 1/2-1/2 {Draw by adjudication}
Started game 2722 of 3000 (ref-248b6e2 vs cand-dedddf6)
Finished game 2708 (ref-248b6e2 vs cand-dedddf6): 1-0 {White wins by adjudication}
Started game 2723 of 3000 (cand-dedddf6 vs ref-248b6e2)
Finished game 2712 (ref-248b6e2 vs cand-dedddf6): 1/2-1/2 {Draw by insufficient mating material}
Started game 2724 of 3000 (ref-248b6e2 vs cand-dedddf6)
Finished game 2710 (ref-248b6e2 vs cand-dedddf6): 1/2-1/2 {Draw by adjudication}
Started game 2725 of 3000 (cand-dedddf6 vs ref-248b6e2)
Finished game 2716 (ref-248b6e2 vs cand-dedddf6): 1/2-1/2 {Draw by 3-fold repetition}
Started game 2726 of 3000 (ref-248b6e2 vs cand-dedddf6)
Finished game 2718 (ref-248b6e2 vs cand-dedddf6): 1-0 {White wins by adjudication}
Started game 2727 of 3000 (cand-dedddf6 vs ref-248b6e2)
Finished game 2715 (cand-dedddf6 vs ref-248b6e2): 0-1 {Black wins by adjudication}
Started game 2728 of 3000 (ref-248b6e2 vs cand-dedddf6)
Finished game 2717 (cand-dedddf6 vs ref-248b6e2): 1-0 {White wins by adjudication}
Started game 2729 of 3000 (cand-dedddf6 vs ref-248b6e2)
Finished game 2713 (cand-dedddf6 vs ref-248b6e2): 0-1 {Black wins by adjudication}
Started game 2730 of 3000 (ref-248b6e2 vs cand-dedddf6)
Finished game 2724 (ref-248b6e2 vs cand-dedddf6): 0-1 {Black wins by adjudication}
Started game 2731 of 3000 (cand-dedddf6 vs ref-248b6e2)
Finished game 2722 (ref-248b6e2 vs cand-dedddf6): 0-1 {Black wins by adjudication}
Started game 2732 of 3000 (ref-248b6e2 vs cand-dedddf6)
Finished game 2719 (cand-dedddf6 vs ref-248b6e2): 1/2-1/2 {Draw by adjudication}
Started game 2733 of 3000 (cand-dedddf6 vs ref-248b6e2)
Finished game 2721 (cand-dedddf6 vs ref-248b6e2): 1/2-1/2 {Draw by 3-fold repetition}
Started game 2734 of 3000 (ref-248b6e2 vs cand-dedddf6)
Finished game 2723 (cand-dedddf6 vs ref-248b6e2): 0-1 {Black wins by adjudication}
Started game 2735 of 3000 (cand-dedddf6 vs ref-248b6e2)
Finished game 2726 (ref-248b6e2 vs cand-dedddf6): 1-0 {White wins by adjudication}
Started game 2736 of 3000 (ref-248b6e2 vs cand-dedddf6)
Finished game 2725 (cand-dedddf6 vs ref-248b6e2): 0-1 {Black wins by adjudication}
Started game 2737 of 3000 (cand-dedddf6 vs ref-248b6e2)
Finished game 2727 (cand-dedddf6 vs ref-248b6e2): 0-1 {Black wins by adjudication}
Started game 2738 of 3000 (ref-248b6e2 vs cand-dedddf6)
Finished game 2729 (cand-dedddf6 vs ref-248b6e2): 0-1 {Black wins by adjudication}
Started game 2739 of 3000 (cand-dedddf6 vs ref-248b6e2)
Finished game 2730 (ref-248b6e2 vs cand-dedddf6): 1-0 {White wins by adjudication}
Started game 2740 of 3000 (ref-248b6e2 vs cand-dedddf6)
Finished game 2728 (ref-248b6e2 vs cand-dedddf6): 1/2-1/2 {Draw by adjudication}
Started game 2741 of 3000 (cand-dedddf6 vs ref-248b6e2)
Finished game 2731 (cand-dedddf6 vs ref-248b6e2): 1/2-1/2 {Draw by adjudication}
Started game 2742 of 3000 (ref-248b6e2 vs cand-dedddf6)
Finished game 2735 (cand-dedddf6 vs ref-248b6e2): 1-0 {White wins by adjudication}
Started game 2743 of 3000 (cand-dedddf6 vs ref-248b6e2)
Finished game 2720 (ref-248b6e2 vs cand-dedddf6): 1/2-1/2 {Draw by insufficient mating material}
--------------------------------------------------
Results of cand-dedddf6 vs ref-248b6e2 (8+0.08, 1t, 16MB, noob_3moves.epd):
Elo: -6.87 +/- 9.79, nElo: -9.15 +/- 13.03
LOS: 8.44 %, DrawRatio: 35.16 %, PairsRatio: 0.96
Games: 2730, Wins: 792, Losses: 846, Draws: 1092, Points: 1338.0 (49.01 %)
Ptnml(0-2): [128, 323, 480, 343, 91], WL/DD Ratio: 1.25
--------------------------------------------------
Started game 2744 of 3000 (ref-248b6e2 vs cand-dedddf6)
Finished game 2734 (ref-248b6e2 vs cand-dedddf6): 1/2-1/2 {Draw by 3-fold repetition}
Started game 2745 of 3000 (cand-dedddf6 vs ref-248b6e2)
Finished game 2736 (ref-248b6e2 vs cand-dedddf6): 0-1 {Black wins by adjudication}
Finished game 2733 (cand-dedddf6 vs ref-248b6e2): 1-0 {White wins by adjudication}
Started game 2746 of 3000 (ref-248b6e2 vs cand-dedddf6)
Started game 2747 of 3000 (cand-dedddf6 vs ref-248b6e2)
Finished game 2732 (ref-248b6e2 vs cand-dedddf6): 1-0 {White wins by adjudication}
Started game 2748 of 3000 (ref-248b6e2 vs cand-dedddf6)
Finished game 2740 (ref-248b6e2 vs cand-dedddf6): 1/2-1/2 {Draw by 3-fold repetition}
Started game 2749 of 3000 (cand-dedddf6 vs ref-248b6e2)
Finished game 2737 (cand-dedddf6 vs ref-248b6e2): 0-1 {Black wins by adjudication}
Started game 2750 of 3000 (ref-248b6e2 vs cand-dedddf6)
Finished game 2738 (ref-248b6e2 vs cand-dedddf6): 1/2-1/2 {Draw by 3-fold repetition}
Started game 2751 of 3000 (cand-dedddf6 vs ref-248b6e2)
Finished game 2739 (cand-dedddf6 vs ref-248b6e2): 1-0 {White wins by adjudication}
--------------------------------------------------
Results of cand-dedddf6 vs ref-248b6e2 (8+0.08, 1t, 16MB, noob_3moves.epd):
Elo: -6.59 +/- 9.78, nElo: -8.77 +/- 13.01
LOS: 9.31 %, DrawRatio: 35.04 %, PairsRatio: 0.96
Games: 2740, Wins: 796, Losses: 848, Draws: 1096, Points: 1344.0 (49.05 %)
Ptnml(0-2): [128, 325, 480, 345, 92], WL/DD Ratio: 1.25
--------------------------------------------------
Started game 2752 of 3000 (ref-248b6e2 vs cand-dedddf6)
Finished game 2743 (cand-dedddf6 vs ref-248b6e2): 0-1 {Black wins by adjudication}
Started game 2753 of 3000 (cand-dedddf6 vs ref-248b6e2)
Finished game 2745 (cand-dedddf6 vs ref-248b6e2): 1-0 {White wins by adjudication}
Started game 2754 of 3000 (ref-248b6e2 vs cand-dedddf6)
Finished game 2742 (ref-248b6e2 vs cand-dedddf6): 1/2-1/2 {Draw by 3-fold repetition}
Started game 2755 of 3000 (cand-dedddf6 vs ref-248b6e2)
Finished game 2741 (cand-dedddf6 vs ref-248b6e2): 1/2-1/2 {Draw by fifty moves rule}
Started game 2756 of 3000 (ref-248b6e2 vs cand-dedddf6)
Finished game 2744 (ref-248b6e2 vs cand-dedddf6): 0-1 {Black wins by adjudication}
Started game 2757 of 3000 (cand-dedddf6 vs ref-248b6e2)
Finished game 2747 (cand-dedddf6 vs ref-248b6e2): 0-1 {Black wins by adjudication}
Started game 2758 of 3000 (ref-248b6e2 vs cand-dedddf6)
Finished game 2749 (cand-dedddf6 vs ref-248b6e2): 1-0 {White wins by adjudication}
Started game 2759 of 3000 (cand-dedddf6 vs ref-248b6e2)
Finished game 2750 (ref-248b6e2 vs cand-dedddf6): 0-1 {Black wins by adjudication}
Started game 2760 of 3000 (ref-248b6e2 vs cand-dedddf6)
Finished game 2756 (ref-248b6e2 vs cand-dedddf6): 1/2-1/2 {Draw by 3-fold repetition}
Started game 2761 of 3000 (cand-dedddf6 vs ref-248b6e2)
Finished game 2748 (ref-248b6e2 vs cand-dedddf6): 0-1 {Black wins by adjudication}
Started game 2762 of 3000 (ref-248b6e2 vs cand-dedddf6)
Finished game 2751 (cand-dedddf6 vs ref-248b6e2): 1/2-1/2 {Draw by 3-fold repetition}
Started game 2763 of 3000 (cand-dedddf6 vs ref-248b6e2)
Finished game 2746 (ref-248b6e2 vs cand-dedddf6): 0-1 {Black wins by adjudication}
Started game 2764 of 3000 (ref-248b6e2 vs cand-dedddf6)
Finished game 2753 (cand-dedddf6 vs ref-248b6e2): 0-1 {Black wins by adjudication}
Started game 2765 of 3000 (cand-dedddf6 vs ref-248b6e2)
Finished game 2752 (ref-248b6e2 vs cand-dedddf6): 0-1 {Black wins by adjudication}
Started game 2766 of 3000 (ref-248b6e2 vs cand-dedddf6)
Finished game 2757 (cand-dedddf6 vs ref-248b6e2): 1-0 {White wins by adjudication}
Started game 2767 of 3000 (cand-dedddf6 vs ref-248b6e2)
Finished game 2755 (cand-dedddf6 vs ref-248b6e2): 1-0 {White wins by adjudication}
Started game 2768 of 3000 (ref-248b6e2 vs cand-dedddf6)
Finished game 2758 (ref-248b6e2 vs cand-dedddf6): 0-1 {Black wins by adjudication}
Started game 2769 of 3000 (cand-dedddf6 vs ref-248b6e2)
Finished game 2754 (ref-248b6e2 vs cand-dedddf6): 0-1 {Black wins by adjudication}
Started game 2770 of 3000 (ref-248b6e2 vs cand-dedddf6)
Finished game 2763 (cand-dedddf6 vs ref-248b6e2): 1/2-1/2 {Draw by 3-fold repetition}
Started game 2771 of 3000 (cand-dedddf6 vs ref-248b6e2)
Finished game 2759 (cand-dedddf6 vs ref-248b6e2): 1/2-1/2 {Draw by insufficient mating material}
Started game 2772 of 3000 (ref-248b6e2 vs cand-dedddf6)
Finished game 2766 (ref-248b6e2 vs cand-dedddf6): 1-0 {White wins by adjudication}
Started game 2773 of 3000 (cand-dedddf6 vs ref-248b6e2)
Finished game 2760 (ref-248b6e2 vs cand-dedddf6): 1/2-1/2 {Draw by insufficient mating material}
--------------------------------------------------
Results of cand-dedddf6 vs ref-248b6e2 (8+0.08, 1t, 16MB, noob_3moves.epd):
Elo: -5.54 +/- 9.76, nElo: -7.36 +/- 12.96
LOS: 13.28 %, DrawRatio: 35.14 %, PairsRatio: 0.98
Games: 2760, Wins: 807, Losses: 851, Draws: 1102, Points: 1358.0 (49.20 %)
Ptnml(0-2): [128, 325, 485, 347, 95], WL/DD Ratio: 1.26
--------------------------------------------------
Started game 2774 of 3000 (ref-248b6e2 vs cand-dedddf6)
Finished game 2764 (ref-248b6e2 vs cand-dedddf6): 1/2-1/2 {Draw by 3-fold repetition}
Started game 2775 of 3000 (cand-dedddf6 vs ref-248b6e2)
Finished game 2765 (cand-dedddf6 vs ref-248b6e2): 1/2-1/2 {Draw by insufficient mating material}
Started game 2776 of 3000 (ref-248b6e2 vs cand-dedddf6)
Finished game 2768 (ref-248b6e2 vs cand-dedddf6): 0-1 {Black wins by adjudication}
Started game 2777 of 3000 (cand-dedddf6 vs ref-248b6e2)
Finished game 2761 (cand-dedddf6 vs ref-248b6e2): 1/2-1/2 {Draw by insufficient mating material}
Started game 2778 of 3000 (ref-248b6e2 vs cand-dedddf6)
Finished game 2769 (cand-dedddf6 vs ref-248b6e2): 1-0 {White wins by adjudication}
Started game 2779 of 3000 (cand-dedddf6 vs ref-248b6e2)
Finished game 2771 (cand-dedddf6 vs ref-248b6e2): 0-1 {Black wins by adjudication}
Started game 2780 of 3000 (ref-248b6e2 vs cand-dedddf6)
Finished game 2762 (ref-248b6e2 vs cand-dedddf6): 1/2-1/2 {Draw by adjudication}
Started game 2781 of 3000 (cand-dedddf6 vs ref-248b6e2)
Finished game 2774 (ref-248b6e2 vs cand-dedddf6): 1-0 {White wins by adjudication}
Started game 2782 of 3000 (ref-248b6e2 vs cand-dedddf6)
Finished game 2772 (ref-248b6e2 vs cand-dedddf6): 1/2-1/2 {Draw by insufficient mating material}
Started game 2783 of 3000 (cand-dedddf6 vs ref-248b6e2)
Finished game 2773 (cand-dedddf6 vs ref-248b6e2): 1-0 {White wins by adjudication}
Started game 2784 of 3000 (ref-248b6e2 vs cand-dedddf6)
Finished game 2770 (ref-248b6e2 vs cand-dedddf6): 1/2-1/2 {Draw by 3-fold repetition}
Started game 2785 of 3000 (cand-dedddf6 vs ref-248b6e2)
Finished game 2767 (cand-dedddf6 vs ref-248b6e2): 1/2-1/2 {Draw by adjudication}
Started game 2786 of 3000 (ref-248b6e2 vs cand-dedddf6)
Finished game 2778 (ref-248b6e2 vs cand-dedddf6): 1-0 {White wins by adjudication}
Started game 2787 of 3000 (cand-dedddf6 vs ref-248b6e2)
Finished game 2775 (cand-dedddf6 vs ref-248b6e2): 1/2-1/2 {Draw by stalemate}
Started game 2788 of 3000 (ref-248b6e2 vs cand-dedddf6)
Finished game 2779 (cand-dedddf6 vs ref-248b6e2): 1-0 {White wins by adjudication}
Started game 2789 of 3000 (cand-dedddf6 vs ref-248b6e2)
Finished game 2777 (cand-dedddf6 vs ref-248b6e2): 1-0 {White wins by adjudication}
Started game 2790 of 3000 (ref-248b6e2 vs cand-dedddf6)
Finished game 2776 (ref-248b6e2 vs cand-dedddf6): 1-0 {White wins by adjudication}
Started game 2791 of 3000 (cand-dedddf6 vs ref-248b6e2)
Finished game 2781 (cand-dedddf6 vs ref-248b6e2): 0-1 {Black wins by adjudication}
Started game 2792 of 3000 (ref-248b6e2 vs cand-dedddf6)
Finished game 2782 (ref-248b6e2 vs cand-dedddf6): 1-0 {White wins by adjudication}
Started game 2793 of 3000 (cand-dedddf6 vs ref-248b6e2)
Finished game 2780 (ref-248b6e2 vs cand-dedddf6): 1-0 {White wins by adjudication}
--------------------------------------------------
Results of cand-dedddf6 vs ref-248b6e2 (8+0.08, 1t, 16MB, noob_3moves.epd):
Elo: -5.87 +/- 9.71, nElo: -7.81 +/- 12.91
LOS: 11.79 %, DrawRatio: 35.23 %, PairsRatio: 0.97
Games: 2782, Wins: 812, Losses: 859, Draws: 1111, Points: 1367.5 (49.16 %)
Ptnml(0-2): [129, 328, 490, 349, 95], WL/DD Ratio: 1.26
--------------------------------------------------
Started game 2794 of 3000 (ref-248b6e2 vs cand-dedddf6)
Finished game 2785 (cand-dedddf6 vs ref-248b6e2): 0-1 {Black wins by adjudication}
Started game 2795 of 3000 (cand-dedddf6 vs ref-248b6e2)
Finished game 2786 (ref-248b6e2 vs cand-dedddf6): 0-1 {Black wins by adjudication}
Started game 2796 of 3000 (ref-248b6e2 vs cand-dedddf6)
Finished game 2783 (cand-dedddf6 vs ref-248b6e2): 1/2-1/2 {Draw by 3-fold repetition}
Started game 2797 of 3000 (cand-dedddf6 vs ref-248b6e2)
Finished game 2784 (ref-248b6e2 vs cand-dedddf6): 1-0 {White wins by adjudication}
Started game 2798 of 3000 (ref-248b6e2 vs cand-dedddf6)
Finished game 2790 (ref-248b6e2 vs cand-dedddf6): 1-0 {White wins by adjudication}
Started game 2799 of 3000 (cand-dedddf6 vs ref-248b6e2)
Finished game 2789 (cand-dedddf6 vs ref-248b6e2): 1/2-1/2 {Draw by 3-fold repetition}
Started game 2800 of 3000 (ref-248b6e2 vs cand-dedddf6)
Finished game 2787 (cand-dedddf6 vs ref-248b6e2): 1/2-1/2 {Draw by adjudication}
Started game 2801 of 3000 (cand-dedddf6 vs ref-248b6e2)
Finished game 2792 (ref-248b6e2 vs cand-dedddf6): 1/2-1/2 {Draw by adjudication}
Started game 2802 of 3000 (ref-248b6e2 vs cand-dedddf6)
Finished game 2794 (ref-248b6e2 vs cand-dedddf6): 1-0 {White wins by adjudication}
Started game 2803 of 3000 (cand-dedddf6 vs ref-248b6e2)
Finished game 2791 (cand-dedddf6 vs ref-248b6e2): 1-0 {White wins by adjudication}
Started game 2804 of 3000 (ref-248b6e2 vs cand-dedddf6)
Finished game 2788 (ref-248b6e2 vs cand-dedddf6): 1-0 {White wins by adjudication}
Started game 2805 of 3000 (cand-dedddf6 vs ref-248b6e2)
Finished game 2796 (ref-248b6e2 vs cand-dedddf6): 1-0 {White wins by adjudication}
Started game 2806 of 3000 (ref-248b6e2 vs cand-dedddf6)
Finished game 2793 (cand-dedddf6 vs ref-248b6e2): 0-1 {Black wins by adjudication}
Started game 2807 of 3000 (cand-dedddf6 vs ref-248b6e2)
Finished game 2795 (cand-dedddf6 vs ref-248b6e2): 1/2-1/2 {Draw by insufficient mating material}
Started game 2808 of 3000 (ref-248b6e2 vs cand-dedddf6)
Finished game 2797 (cand-dedddf6 vs ref-248b6e2): 1-0 {White wins by adjudication}
Started game 2809 of 3000 (cand-dedddf6 vs ref-248b6e2)
Finished game 2799 (cand-dedddf6 vs ref-248b6e2): 0-1 {Black wins by adjudication}
Started game 2810 of 3000 (ref-248b6e2 vs cand-dedddf6)
Finished game 2802 (ref-248b6e2 vs cand-dedddf6): 1/2-1/2 {Draw by 3-fold repetition}
Started game 2811 of 3000 (cand-dedddf6 vs ref-248b6e2)
Finished game 2800 (ref-248b6e2 vs cand-dedddf6): 1-0 {White wins by adjudication}
--------------------------------------------------
Results of cand-dedddf6 vs ref-248b6e2 (8+0.08, 1t, 16MB, noob_3moves.epd):
Elo: -6.71 +/- 9.69, nElo: -8.91 +/- 12.87
LOS: 8.74 %, DrawRatio: 35.10 %, PairsRatio: 0.96
Games: 2798, Wins: 814, Losses: 868, Draws: 1116, Points: 1372.0 (49.04 %)
Ptnml(0-2): [131, 332, 491, 350, 95], WL/DD Ratio: 1.26
--------------------------------------------------
Started game 2812 of 3000 (ref-248b6e2 vs cand-dedddf6)
Finished game 2804 (ref-248b6e2 vs cand-dedddf6): 1/2-1/2 {Draw by 3-fold repetition}
Started game 2813 of 3000 (cand-dedddf6 vs ref-248b6e2)
Finished game 2803 (cand-dedddf6 vs ref-248b6e2): 1-0 {White wins by adjudication}
Started game 2814 of 3000 (ref-248b6e2 vs cand-dedddf6)
Finished game 2798 (ref-248b6e2 vs cand-dedddf6): 1/2-1/2 {Draw by adjudication}
Started game 2815 of 3000 (cand-dedddf6 vs ref-248b6e2)
Finished game 2805 (cand-dedddf6 vs ref-248b6e2): 1-0 {White wins by adjudication}
Started game 2816 of 3000 (ref-248b6e2 vs cand-dedddf6)
Finished game 2801 (cand-dedddf6 vs ref-248b6e2): 1/2-1/2 {Draw by 3-fold repetition}
Started game 2817 of 3000 (cand-dedddf6 vs ref-248b6e2)
Finished game 2809 (cand-dedddf6 vs ref-248b6e2): 1-0 {White wins by adjudication}
Started game 2818 of 3000 (ref-248b6e2 vs cand-dedddf6)
Finished game 2810 (ref-248b6e2 vs cand-dedddf6): 1/2-1/2 {Draw by 3-fold repetition}
Started game 2819 of 3000 (cand-dedddf6 vs ref-248b6e2)
Finished game 2806 (ref-248b6e2 vs cand-dedddf6): 1/2-1/2 {Draw by fifty moves rule}
Started game 2820 of 3000 (ref-248b6e2 vs cand-dedddf6)
Finished game 2808 (ref-248b6e2 vs cand-dedddf6): 1-0 {White wins by adjudication}
Started game 2821 of 3000 (cand-dedddf6 vs ref-248b6e2)
Finished game 2807 (cand-dedddf6 vs ref-248b6e2): 1/2-1/2 {Draw by 3-fold repetition}
Started game 2822 of 3000 (ref-248b6e2 vs cand-dedddf6)
Finished game 2812 (ref-248b6e2 vs cand-dedddf6): 1-0 {White wins by adjudication}
Started game 2823 of 3000 (cand-dedddf6 vs ref-248b6e2)
Finished game 2811 (cand-dedddf6 vs ref-248b6e2): 0-1 {Black wins by adjudication}
Started game 2824 of 3000 (ref-248b6e2 vs cand-dedddf6)
Finished game 2814 (ref-248b6e2 vs cand-dedddf6): 1-0 {White wins by adjudication}
Started game 2825 of 3000 (cand-dedddf6 vs ref-248b6e2)
Finished game 2817 (cand-dedddf6 vs ref-248b6e2): 0-1 {Black wins by adjudication}
Started game 2826 of 3000 (ref-248b6e2 vs cand-dedddf6)
Finished game 2815 (cand-dedddf6 vs ref-248b6e2): 1/2-1/2 {Draw by adjudication}
Started game 2827 of 3000 (cand-dedddf6 vs ref-248b6e2)
Finished game 2816 (ref-248b6e2 vs cand-dedddf6): 1/2-1/2 {Draw by adjudication}
Started game 2828 of 3000 (ref-248b6e2 vs cand-dedddf6)
Finished game 2820 (ref-248b6e2 vs cand-dedddf6): 0-1 {Black wins by adjudication}
Started game 2829 of 3000 (cand-dedddf6 vs ref-248b6e2)
Finished game 2818 (ref-248b6e2 vs cand-dedddf6): 1-0 {White wins by adjudication}
Started game 2830 of 3000 (ref-248b6e2 vs cand-dedddf6)
Finished game 2824 (ref-248b6e2 vs cand-dedddf6): 1/2-1/2 {Draw by 3-fold repetition}
Started game 2831 of 3000 (cand-dedddf6 vs ref-248b6e2)
Finished game 2822 (ref-248b6e2 vs cand-dedddf6): 1/2-1/2 {Draw by 3-fold repetition}
Started game 2832 of 3000 (ref-248b6e2 vs cand-dedddf6)
Finished game 2813 (cand-dedddf6 vs ref-248b6e2): 1/2-1/2 {Draw by fifty moves rule}
Started game 2833 of 3000 (cand-dedddf6 vs ref-248b6e2)
Finished game 2821 (cand-dedddf6 vs ref-248b6e2): 1/2-1/2 {Draw by 3-fold repetition}
Started game 2834 of 3000 (ref-248b6e2 vs cand-dedddf6)
Finished game 2827 (cand-dedddf6 vs ref-248b6e2): 1/2-1/2 {Draw by 3-fold repetition}
Started game 2835 of 3000 (cand-dedddf6 vs ref-248b6e2)
Finished game 2823 (cand-dedddf6 vs ref-248b6e2): 1/2-1/2 {Draw by 3-fold repetition}
Started game 2836 of 3000 (ref-248b6e2 vs cand-dedddf6)
Finished game 2830 (ref-248b6e2 vs cand-dedddf6): 1/2-1/2 {Draw by 3-fold repetition}
Started game 2837 of 3000 (cand-dedddf6 vs ref-248b6e2)
Finished game 2828 (ref-248b6e2 vs cand-dedddf6): 0-1 {Black wins by adjudication}
Started game 2838 of 3000 (ref-248b6e2 vs cand-dedddf6)
Finished game 2825 (cand-dedddf6 vs ref-248b6e2): 0-1 {Black wins by adjudication}
Started game 2839 of 3000 (cand-dedddf6 vs ref-248b6e2)
Finished game 2819 (cand-dedddf6 vs ref-248b6e2): 1/2-1/2 {Draw by fifty moves rule}
--------------------------------------------------
Results of cand-dedddf6 vs ref-248b6e2 (8+0.08, 1t, 16MB, noob_3moves.epd):
Elo: -6.64 +/- 9.64, nElo: -8.82 +/- 12.81
LOS: 8.85 %, DrawRatio: 35.03 %, PairsRatio: 0.97
Games: 2826, Wins: 820, Losses: 874, Draws: 1132, Points: 1386.0 (49.04 %)
Ptnml(0-2): [133, 334, 495, 356, 95], WL/DD Ratio: 1.24
--------------------------------------------------
Started game 2840 of 3000 (ref-248b6e2 vs cand-dedddf6)
Finished game 2831 (cand-dedddf6 vs ref-248b6e2): 1/2-1/2 {Draw by 3-fold repetition}
Started game 2841 of 3000 (cand-dedddf6 vs ref-248b6e2)
Finished game 2826 (ref-248b6e2 vs cand-dedddf6): 1/2-1/2 {Draw by 3-fold repetition}
Started game 2842 of 3000 (ref-248b6e2 vs cand-dedddf6)
Finished game 2829 (cand-dedddf6 vs ref-248b6e2): 1/2-1/2 {Draw by adjudication}
Started game 2843 of 3000 (cand-dedddf6 vs ref-248b6e2)
Finished game 2836 (ref-248b6e2 vs cand-dedddf6): 1/2-1/2 {Draw by 3-fold repetition}
Started game 2844 of 3000 (ref-248b6e2 vs cand-dedddf6)
Finished game 2833 (cand-dedddf6 vs ref-248b6e2): 1/2-1/2 {Draw by insufficient mating material}
Started game 2845 of 3000 (cand-dedddf6 vs ref-248b6e2)
Finished game 2835 (cand-dedddf6 vs ref-248b6e2): 1/2-1/2 {Draw by 3-fold repetition}
Started game 2846 of 3000 (ref-248b6e2 vs cand-dedddf6)
Finished game 2832 (ref-248b6e2 vs cand-dedddf6): 1/2-1/2 {Draw by adjudication}
Started game 2847 of 3000 (cand-dedddf6 vs ref-248b6e2)
Finished game 2838 (ref-248b6e2 vs cand-dedddf6): 1/2-1/2 {Draw by insufficient mating material}
Started game 2848 of 3000 (ref-248b6e2 vs cand-dedddf6)
Finished game 2842 (ref-248b6e2 vs cand-dedddf6): 1-0 {White wins by adjudication}
Started game 2849 of 3000 (cand-dedddf6 vs ref-248b6e2)
Finished game 2840 (ref-248b6e2 vs cand-dedddf6): 1/2-1/2 {Draw by 3-fold repetition}
Started game 2850 of 3000 (ref-248b6e2 vs cand-dedddf6)
Finished game 2839 (cand-dedddf6 vs ref-248b6e2): 1/2-1/2 {Draw by 3-fold repetition}
--------------------------------------------------
Results of cand-dedddf6 vs ref-248b6e2 (8+0.08, 1t, 16MB, noob_3moves.epd):
Elo: -6.74 +/- 9.61, nElo: -8.97 +/- 12.79
LOS: 8.46 %, DrawRatio: 35.19 %, PairsRatio: 0.96
Games: 2836, Wins: 820, Losses: 875, Draws: 1141, Points: 1390.5 (49.03 %)
Ptnml(0-2): [133, 335, 499, 356, 95], WL/DD Ratio: 1.22
--------------------------------------------------
Started game 2851 of 3000 (cand-dedddf6 vs ref-248b6e2)
Finished game 2837 (cand-dedddf6 vs ref-248b6e2): 1/2-1/2 {Draw by adjudication}
Started game 2852 of 3000 (ref-248b6e2 vs cand-dedddf6)
Finished game 2841 (cand-dedddf6 vs ref-248b6e2): 1-0 {White wins by adjudication}
Started game 2853 of 3000 (cand-dedddf6 vs ref-248b6e2)
Finished game 2844 (ref-248b6e2 vs cand-dedddf6): 0-1 {Black wins by adjudication}
Started game 2854 of 3000 (ref-248b6e2 vs cand-dedddf6)
Finished game 2834 (ref-248b6e2 vs cand-dedddf6): 1/2-1/2 {Draw by fifty moves rule}
Started game 2855 of 3000 (cand-dedddf6 vs ref-248b6e2)
Finished game 2843 (cand-dedddf6 vs ref-248b6e2): 0-1 {Black wins by adjudication}
Started game 2856 of 3000 (ref-248b6e2 vs cand-dedddf6)
Finished game 2847 (cand-dedddf6 vs ref-248b6e2): 1/2-1/2 {Draw by 3-fold repetition}
Started game 2857 of 3000 (cand-dedddf6 vs ref-248b6e2)
Finished game 2846 (ref-248b6e2 vs cand-dedddf6): 0-1 {Black wins by adjudication}
Started game 2858 of 3000 (ref-248b6e2 vs cand-dedddf6)
Finished game 2845 (cand-dedddf6 vs ref-248b6e2): 1/2-1/2 {Draw by 3-fold repetition}
Started game 2859 of 3000 (cand-dedddf6 vs ref-248b6e2)
Finished game 2857 (cand-dedddf6 vs ref-248b6e2): 1-0 {White wins by adjudication}
Started game 2860 of 3000 (ref-248b6e2 vs cand-dedddf6)
Finished game 2851 (cand-dedddf6 vs ref-248b6e2): 1/2-1/2 {Draw by insufficient mating material}
Started game 2861 of 3000 (cand-dedddf6 vs ref-248b6e2)
Finished game 2850 (ref-248b6e2 vs cand-dedddf6): 1/2-1/2 {Draw by 3-fold repetition}
Started game 2862 of 3000 (ref-248b6e2 vs cand-dedddf6)
Finished game 2849 (cand-dedddf6 vs ref-248b6e2): 1/2-1/2 {Draw by 3-fold repetition}
Started game 2863 of 3000 (cand-dedddf6 vs ref-248b6e2)
Finished game 2848 (ref-248b6e2 vs cand-dedddf6): 1-0 {White wins by adjudication}
Started game 2864 of 3000 (ref-248b6e2 vs cand-dedddf6)
Finished game 2856 (ref-248b6e2 vs cand-dedddf6): 1-0 {White wins by adjudication}
Started game 2865 of 3000 (cand-dedddf6 vs ref-248b6e2)
Finished game 2855 (cand-dedddf6 vs ref-248b6e2): 1/2-1/2 {Draw by 3-fold repetition}
Started game 2866 of 3000 (ref-248b6e2 vs cand-dedddf6)
Finished game 2852 (ref-248b6e2 vs cand-dedddf6): 1/2-1/2 {Draw by adjudication}
Started game 2867 of 3000 (cand-dedddf6 vs ref-248b6e2)
Finished game 2854 (ref-248b6e2 vs cand-dedddf6): 1/2-1/2 {Draw by insufficient mating material}
Started game 2868 of 3000 (ref-248b6e2 vs cand-dedddf6)
Finished game 2853 (cand-dedddf6 vs ref-248b6e2): 1/2-1/2 {Draw by fifty moves rule}
Started game 2869 of 3000 (cand-dedddf6 vs ref-248b6e2)
Finished game 2864 (ref-248b6e2 vs cand-dedddf6): 1-0 {White wins by adjudication}
Started game 2870 of 3000 (ref-248b6e2 vs cand-dedddf6)
Finished game 2858 (ref-248b6e2 vs cand-dedddf6): 1/2-1/2 {Draw by adjudication}
Started game 2871 of 3000 (cand-dedddf6 vs ref-248b6e2)
Finished game 2862 (ref-248b6e2 vs cand-dedddf6): 1-0 {White wins by adjudication}
Started game 2872 of 3000 (ref-248b6e2 vs cand-dedddf6)
Finished game 2863 (cand-dedddf6 vs ref-248b6e2): 1-0 {White wins by adjudication}
Started game 2873 of 3000 (cand-dedddf6 vs ref-248b6e2)
Finished game 2860 (ref-248b6e2 vs cand-dedddf6): 1/2-1/2 {Draw by 3-fold repetition}
Started game 2874 of 3000 (ref-248b6e2 vs cand-dedddf6)
Finished game 2865 (cand-dedddf6 vs ref-248b6e2): 0-1 {Black wins by adjudication}
Started game 2875 of 3000 (cand-dedddf6 vs ref-248b6e2)
Finished game 2861 (cand-dedddf6 vs ref-248b6e2): 1/2-1/2 {Draw by adjudication}
Started game 2876 of 3000 (ref-248b6e2 vs cand-dedddf6)
Finished game 2867 (cand-dedddf6 vs ref-248b6e2): 1-0 {White wins by adjudication}
Started game 2877 of 3000 (cand-dedddf6 vs ref-248b6e2)
Finished game 2868 (ref-248b6e2 vs cand-dedddf6): 1-0 {White wins by adjudication}
Started game 2878 of 3000 (ref-248b6e2 vs cand-dedddf6)
Finished game 2859 (cand-dedddf6 vs ref-248b6e2): 1/2-1/2 {Draw by 3-fold repetition}
--------------------------------------------------
Results of cand-dedddf6 vs ref-248b6e2 (8+0.08, 1t, 16MB, noob_3moves.epd):
Elo: -6.79 +/- 9.53, nElo: -9.07 +/- 12.72
LOS: 8.11 %, DrawRatio: 35.52 %, PairsRatio: 0.96
Games: 2866, Wins: 826, Losses: 882, Draws: 1158, Points: 1405.0 (49.02 %)
Ptnml(0-2): [133, 338, 509, 358, 95], WL/DD Ratio: 1.20
--------------------------------------------------
Started game 2879 of 3000 (cand-dedddf6 vs ref-248b6e2)
Finished game 2866 (ref-248b6e2 vs cand-dedddf6): 0-1 {Black wins by adjudication}
Started game 2880 of 3000 (ref-248b6e2 vs cand-dedddf6)
Finished game 2871 (cand-dedddf6 vs ref-248b6e2): 1-0 {White wins by adjudication}
Started game 2881 of 3000 (cand-dedddf6 vs ref-248b6e2)
Finished game 2869 (cand-dedddf6 vs ref-248b6e2): 1/2-1/2 {Draw by 3-fold repetition}
Started game 2882 of 3000 (ref-248b6e2 vs cand-dedddf6)
Finished game 2872 (ref-248b6e2 vs cand-dedddf6): 1-0 {White wins by adjudication}
Started game 2883 of 3000 (cand-dedddf6 vs ref-248b6e2)
Finished game 2870 (ref-248b6e2 vs cand-dedddf6): 1/2-1/2 {Draw by insufficient mating material}
Started game 2884 of 3000 (ref-248b6e2 vs cand-dedddf6)
Finished game 2873 (cand-dedddf6 vs ref-248b6e2): 1-0 {White wins by adjudication}
Started game 2885 of 3000 (cand-dedddf6 vs ref-248b6e2)
Finished game 2874 (ref-248b6e2 vs cand-dedddf6): 0-1 {Black wins by adjudication}
Started game 2886 of 3000 (ref-248b6e2 vs cand-dedddf6)
Finished game 2878 (ref-248b6e2 vs cand-dedddf6): 1-0 {White wins by adjudication}
Started game 2887 of 3000 (cand-dedddf6 vs ref-248b6e2)
Finished game 2882 (ref-248b6e2 vs cand-dedddf6): 1/2-1/2 {Draw by 3-fold repetition}
Started game 2888 of 3000 (ref-248b6e2 vs cand-dedddf6)
Finished game 2876 (ref-248b6e2 vs cand-dedddf6): 1/2-1/2 {Draw by insufficient mating material}
Started game 2889 of 3000 (cand-dedddf6 vs ref-248b6e2)
Finished game 2875 (cand-dedddf6 vs ref-248b6e2): 1/2-1/2 {Draw by insufficient mating material}
Started game 2890 of 3000 (ref-248b6e2 vs cand-dedddf6)
Finished game 2880 (ref-248b6e2 vs cand-dedddf6): 0-1 {Black wins by adjudication}
Started game 2891 of 3000 (cand-dedddf6 vs ref-248b6e2)
Finished game 2877 (cand-dedddf6 vs ref-248b6e2): 0-1 {Black wins by adjudication}
Started game 2892 of 3000 (ref-248b6e2 vs cand-dedddf6)
Finished game 2886 (ref-248b6e2 vs cand-dedddf6): 1/2-1/2 {Draw by 3-fold repetition}
Started game 2893 of 3000 (cand-dedddf6 vs ref-248b6e2)
Finished game 2883 (cand-dedddf6 vs ref-248b6e2): 0-1 {Black wins by adjudication}
Started game 2894 of 3000 (ref-248b6e2 vs cand-dedddf6)
Finished game 2879 (cand-dedddf6 vs ref-248b6e2): 1/2-1/2 {Draw by fifty moves rule}
--------------------------------------------------
Results of cand-dedddf6 vs ref-248b6e2 (8+0.08, 1t, 16MB, noob_3moves.epd):
Elo: -6.64 +/- 9.51, nElo: -8.86 +/- 12.69
LOS: 8.56 %, DrawRatio: 35.62 %, PairsRatio: 0.96
Games: 2880, Wins: 831, Losses: 886, Draws: 1163, Points: 1412.5 (49.05 %)
Ptnml(0-2): [134, 338, 513, 359, 96], WL/DD Ratio: 1.20
--------------------------------------------------
Started game 2895 of 3000 (cand-dedddf6 vs ref-248b6e2)
Finished game 2884 (ref-248b6e2 vs cand-dedddf6): 1/2-1/2 {Draw by adjudication}
Started game 2896 of 3000 (ref-248b6e2 vs cand-dedddf6)
Finished game 2888 (ref-248b6e2 vs cand-dedddf6): 0-1 {Black wins by adjudication}
Started game 2897 of 3000 (cand-dedddf6 vs ref-248b6e2)
Finished game 2889 (cand-dedddf6 vs ref-248b6e2): 0-1 {Black wins by adjudication}
Started game 2898 of 3000 (ref-248b6e2 vs cand-dedddf6)
Finished game 2881 (cand-dedddf6 vs ref-248b6e2): 1/2-1/2 {Draw by fifty moves rule}
Started game 2899 of 3000 (cand-dedddf6 vs ref-248b6e2)
Finished game 2885 (cand-dedddf6 vs ref-248b6e2): 1/2-1/2 {Draw by adjudication}
Started game 2900 of 3000 (ref-248b6e2 vs cand-dedddf6)
Finished game 2894 (ref-248b6e2 vs cand-dedddf6): 1-0 {White wins by adjudication}
Started game 2901 of 3000 (cand-dedddf6 vs ref-248b6e2)
Finished game 2891 (cand-dedddf6 vs ref-248b6e2): 1-0 {White wins by adjudication}
Started game 2902 of 3000 (ref-248b6e2 vs cand-dedddf6)
Finished game 2890 (ref-248b6e2 vs cand-dedddf6): 0-1 {Black wins by adjudication}
Started game 2903 of 3000 (cand-dedddf6 vs ref-248b6e2)
Finished game 2892 (ref-248b6e2 vs cand-dedddf6): 1/2-1/2 {Draw by insufficient mating material}
Started game 2904 of 3000 (ref-248b6e2 vs cand-dedddf6)
Finished game 2887 (cand-dedddf6 vs ref-248b6e2): 1/2-1/2 {Draw by insufficient mating material}
Started game 2905 of 3000 (cand-dedddf6 vs ref-248b6e2)
Finished game 2893 (cand-dedddf6 vs ref-248b6e2): 1/2-1/2 {Draw by 3-fold repetition}
Started game 2906 of 3000 (ref-248b6e2 vs cand-dedddf6)
Finished game 2897 (cand-dedddf6 vs ref-248b6e2): 1-0 {White wins by adjudication}
Started game 2907 of 3000 (cand-dedddf6 vs ref-248b6e2)
Finished game 2896 (ref-248b6e2 vs cand-dedddf6): 1/2-1/2 {Draw by 3-fold repetition}
Started game 2908 of 3000 (ref-248b6e2 vs cand-dedddf6)
Finished game 2895 (cand-dedddf6 vs ref-248b6e2): 1/2-1/2 {Draw by fifty moves rule}
Started game 2909 of 3000 (cand-dedddf6 vs ref-248b6e2)
Finished game 2903 (cand-dedddf6 vs ref-248b6e2): 1-0 {White wins by adjudication}
Started game 2910 of 3000 (ref-248b6e2 vs cand-dedddf6)
Finished game 2902 (ref-248b6e2 vs cand-dedddf6): 1-0 {White wins by adjudication}
Started game 2911 of 3000 (cand-dedddf6 vs ref-248b6e2)
Finished game 2899 (cand-dedddf6 vs ref-248b6e2): 1-0 {White wins by adjudication}
Started game 2912 of 3000 (ref-248b6e2 vs cand-dedddf6)
Finished game 2898 (ref-248b6e2 vs cand-dedddf6): 1-0 {White wins by adjudication}
Started game 2913 of 3000 (cand-dedddf6 vs ref-248b6e2)
Finished game 2906 (ref-248b6e2 vs cand-dedddf6): 1-0 {White wins by adjudication}
Started game 2914 of 3000 (ref-248b6e2 vs cand-dedddf6)
Finished game 2900 (ref-248b6e2 vs cand-dedddf6): 0-1 {Black wins by adjudication}
--------------------------------------------------
Results of cand-dedddf6 vs ref-248b6e2 (8+0.08, 1t, 16MB, noob_3moves.epd):
Elo: -6.35 +/- 9.47, nElo: -8.49 +/- 12.65
LOS: 9.42 %, DrawRatio: 35.72 %, PairsRatio: 0.97
Games: 2900, Wins: 837, Losses: 890, Draws: 1173, Points: 1423.5 (49.09 %)
Ptnml(0-2): [134, 340, 518, 361, 97], WL/DD Ratio: 1.19
--------------------------------------------------
Started game 2915 of 3000 (cand-dedddf6 vs ref-248b6e2)
Finished game 2901 (cand-dedddf6 vs ref-248b6e2): 1-0 {White wins by adjudication}
Started game 2916 of 3000 (ref-248b6e2 vs cand-dedddf6)
Finished game 2912 (ref-248b6e2 vs cand-dedddf6): 0-1 {Black wins by adjudication}
Started game 2917 of 3000 (cand-dedddf6 vs ref-248b6e2)
Finished game 2909 (cand-dedddf6 vs ref-248b6e2): 1-0 {White wins by adjudication}
Started game 2918 of 3000 (ref-248b6e2 vs cand-dedddf6)
Finished game 2905 (cand-dedddf6 vs ref-248b6e2): 1/2-1/2 {Draw by fifty moves rule}
Started game 2919 of 3000 (cand-dedddf6 vs ref-248b6e2)
Finished game 2907 (cand-dedddf6 vs ref-248b6e2): 1/2-1/2 {Draw by fifty moves rule}
Started game 2920 of 3000 (ref-248b6e2 vs cand-dedddf6)
Finished game 2904 (ref-248b6e2 vs cand-dedddf6): 1/2-1/2 {Draw by fifty moves rule}
Started game 2921 of 3000 (cand-dedddf6 vs ref-248b6e2)
Finished game 2914 (ref-248b6e2 vs cand-dedddf6): 1/2-1/2 {Draw by 3-fold repetition}
Started game 2922 of 3000 (ref-248b6e2 vs cand-dedddf6)
Finished game 2911 (cand-dedddf6 vs ref-248b6e2): 1/2-1/2 {Draw by adjudication}
Started game 2923 of 3000 (cand-dedddf6 vs ref-248b6e2)
Finished game 2916 (ref-248b6e2 vs cand-dedddf6): 1-0 {White wins by adjudication}
Started game 2924 of 3000 (ref-248b6e2 vs cand-dedddf6)
Finished game 2913 (cand-dedddf6 vs ref-248b6e2): 1/2-1/2 {Draw by insufficient mating material}
Started game 2925 of 3000 (cand-dedddf6 vs ref-248b6e2)
Finished game 2908 (ref-248b6e2 vs cand-dedddf6): 1-0 {White wins by adjudication}
Started game 2926 of 3000 (ref-248b6e2 vs cand-dedddf6)
Finished game 2915 (cand-dedddf6 vs ref-248b6e2): 1/2-1/2 {Draw by 3-fold repetition}
Started game 2927 of 3000 (cand-dedddf6 vs ref-248b6e2)
Finished game 2910 (ref-248b6e2 vs cand-dedddf6): 1/2-1/2 {Draw by insufficient mating material}
Started game 2928 of 3000 (ref-248b6e2 vs cand-dedddf6)
Finished game 2917 (cand-dedddf6 vs ref-248b6e2): 0-1 {Black wins by adjudication}
Started game 2929 of 3000 (cand-dedddf6 vs ref-248b6e2)
Finished game 2919 (cand-dedddf6 vs ref-248b6e2): 0-1 {Black wins by adjudication}
Started game 2930 of 3000 (ref-248b6e2 vs cand-dedddf6)
Finished game 2921 (cand-dedddf6 vs ref-248b6e2): 1-0 {White wins by adjudication}
Started game 2931 of 3000 (cand-dedddf6 vs ref-248b6e2)
Finished game 2922 (ref-248b6e2 vs cand-dedddf6): 0-1 {Black wins by adjudication}
Started game 2932 of 3000 (ref-248b6e2 vs cand-dedddf6)
Finished game 2918 (ref-248b6e2 vs cand-dedddf6): 1-0 {White wins by adjudication}
Started game 2933 of 3000 (cand-dedddf6 vs ref-248b6e2)
Finished game 2920 (ref-248b6e2 vs cand-dedddf6): 0-1 {Black wins by adjudication}
--------------------------------------------------
Results of cand-dedddf6 vs ref-248b6e2 (8+0.08, 1t, 16MB, noob_3moves.epd):
Elo: -6.30 +/- 9.43, nElo: -8.42 +/- 12.60
LOS: 9.51 %, DrawRatio: 35.66 %, PairsRatio: 0.97
Games: 2922, Wins: 844, Losses: 897, Draws: 1181, Points: 1434.5 (49.09 %)
Ptnml(0-2): [135, 343, 521, 364, 98], WL/DD Ratio: 1.20
--------------------------------------------------
Started game 2934 of 3000 (ref-248b6e2 vs cand-dedddf6)
Finished game 2926 (ref-248b6e2 vs cand-dedddf6): 1-0 {White wins by adjudication}
Started game 2935 of 3000 (cand-dedddf6 vs ref-248b6e2)
Finished game 2927 (cand-dedddf6 vs ref-248b6e2): 0-1 {Black wins by adjudication}
Started game 2936 of 3000 (ref-248b6e2 vs cand-dedddf6)
Finished game 2925 (cand-dedddf6 vs ref-248b6e2): 0-1 {Black wins by adjudication}
Started game 2937 of 3000 (cand-dedddf6 vs ref-248b6e2)
Finished game 2928 (ref-248b6e2 vs cand-dedddf6): 1-0 {White wins by adjudication}
Started game 2938 of 3000 (ref-248b6e2 vs cand-dedddf6)
Finished game 2923 (cand-dedddf6 vs ref-248b6e2): 1/2-1/2 {Draw by 3-fold repetition}
Started game 2939 of 3000 (cand-dedddf6 vs ref-248b6e2)
Finished game 2931 (cand-dedddf6 vs ref-248b6e2): 1-0 {White wins by adjudication}
Started game 2940 of 3000 (ref-248b6e2 vs cand-dedddf6)
Finished game 2924 (ref-248b6e2 vs cand-dedddf6): 1/2-1/2 {Draw by adjudication}
Started game 2941 of 3000 (cand-dedddf6 vs ref-248b6e2)
Finished game 2930 (ref-248b6e2 vs cand-dedddf6): 0-1 {Black wins by adjudication}
Started game 2942 of 3000 (ref-248b6e2 vs cand-dedddf6)
Finished game 2934 (ref-248b6e2 vs cand-dedddf6): 1/2-1/2 {Draw by 3-fold repetition}
Started game 2943 of 3000 (cand-dedddf6 vs ref-248b6e2)
Finished game 2935 (cand-dedddf6 vs ref-248b6e2): 0-1 {Black wins by adjudication}
Started game 2944 of 3000 (ref-248b6e2 vs cand-dedddf6)
Finished game 2932 (ref-248b6e2 vs cand-dedddf6): 1-0 {White wins by adjudication}
Started game 2945 of 3000 (cand-dedddf6 vs ref-248b6e2)
Finished game 2933 (cand-dedddf6 vs ref-248b6e2): 0-1 {Black wins by adjudication}
Started game 2946 of 3000 (ref-248b6e2 vs cand-dedddf6)
Finished game 2929 (cand-dedddf6 vs ref-248b6e2): 1/2-1/2 {Draw by fifty moves rule}
Started game 2947 of 3000 (cand-dedddf6 vs ref-248b6e2)
Finished game 2937 (cand-dedddf6 vs ref-248b6e2): 1-0 {White wins by adjudication}
Started game 2948 of 3000 (ref-248b6e2 vs cand-dedddf6)
Finished game 2938 (ref-248b6e2 vs cand-dedddf6): 0-1 {Black wins by adjudication}
Started game 2949 of 3000 (cand-dedddf6 vs ref-248b6e2)
Finished game 2940 (ref-248b6e2 vs cand-dedddf6): 1-0 {White wins by adjudication}
Started game 2950 of 3000 (ref-248b6e2 vs cand-dedddf6)
Finished game 2936 (ref-248b6e2 vs cand-dedddf6): 1/2-1/2 {Draw by adjudication}
Started game 2951 of 3000 (cand-dedddf6 vs ref-248b6e2)
Finished game 2941 (cand-dedddf6 vs ref-248b6e2): 1-0 {White wins by adjudication}
Started game 2952 of 3000 (ref-248b6e2 vs cand-dedddf6)
Finished game 2939 (cand-dedddf6 vs ref-248b6e2): 0-1 {Black wins by adjudication}
--------------------------------------------------
Results of cand-dedddf6 vs ref-248b6e2 (8+0.08, 1t, 16MB, noob_3moves.epd):
Elo: -6.86 +/- 9.43, nElo: -9.13 +/- 12.56
LOS: 7.70 %, DrawRatio: 35.58 %, PairsRatio: 0.96
Games: 2940, Wins: 848, Losses: 906, Draws: 1186, Points: 1441.0 (49.01 %)
Ptnml(0-2): [138, 345, 523, 365, 99], WL/DD Ratio: 1.20
--------------------------------------------------
Started game 2953 of 3000 (cand-dedddf6 vs ref-248b6e2)
Finished game 2942 (ref-248b6e2 vs cand-dedddf6): 1-0 {White wins by adjudication}
Started game 2954 of 3000 (ref-248b6e2 vs cand-dedddf6)
Finished game 2945 (cand-dedddf6 vs ref-248b6e2): 0-1 {Black wins by adjudication}
Started game 2955 of 3000 (cand-dedddf6 vs ref-248b6e2)
Finished game 2944 (ref-248b6e2 vs cand-dedddf6): 0-1 {Black wins by adjudication}
Started game 2956 of 3000 (ref-248b6e2 vs cand-dedddf6)
Finished game 2943 (cand-dedddf6 vs ref-248b6e2): 1-0 {White wins by adjudication}
Started game 2957 of 3000 (cand-dedddf6 vs ref-248b6e2)
Finished game 2949 (cand-dedddf6 vs ref-248b6e2): 1-0 {White wins by adjudication}
Started game 2958 of 3000 (ref-248b6e2 vs cand-dedddf6)
Finished game 2947 (cand-dedddf6 vs ref-248b6e2): 0-1 {Black wins by adjudication}
Started game 2959 of 3000 (cand-dedddf6 vs ref-248b6e2)
Finished game 2946 (ref-248b6e2 vs cand-dedddf6): 1-0 {White wins by adjudication}
Started game 2960 of 3000 (ref-248b6e2 vs cand-dedddf6)
Finished game 2952 (ref-248b6e2 vs cand-dedddf6): 0-1 {Black wins by adjudication}
Started game 2961 of 3000 (cand-dedddf6 vs ref-248b6e2)
Finished game 2948 (ref-248b6e2 vs cand-dedddf6): 1/2-1/2 {Draw by adjudication}
Started game 2962 of 3000 (ref-248b6e2 vs cand-dedddf6)
Finished game 2955 (cand-dedddf6 vs ref-248b6e2): 1/2-1/2 {Draw by 3-fold repetition}
Started game 2963 of 3000 (cand-dedddf6 vs ref-248b6e2)
Finished game 2954 (ref-248b6e2 vs cand-dedddf6): 1/2-1/2 {Draw by insufficient mating material}
Started game 2964 of 3000 (ref-248b6e2 vs cand-dedddf6)
Finished game 2950 (ref-248b6e2 vs cand-dedddf6): 1/2-1/2 {Draw by 3-fold repetition}
Started game 2965 of 3000 (cand-dedddf6 vs ref-248b6e2)
Finished game 2951 (cand-dedddf6 vs ref-248b6e2): 1/2-1/2 {Draw by adjudication}
Started game 2966 of 3000 (ref-248b6e2 vs cand-dedddf6)
Finished game 2959 (cand-dedddf6 vs ref-248b6e2): 1/2-1/2 {Draw by 3-fold repetition}
Started game 2967 of 3000 (cand-dedddf6 vs ref-248b6e2)
Finished game 2957 (cand-dedddf6 vs ref-248b6e2): 0-1 {Black wins by adjudication}
Started game 2968 of 3000 (ref-248b6e2 vs cand-dedddf6)
Finished game 2956 (ref-248b6e2 vs cand-dedddf6): 1/2-1/2 {Draw by 3-fold repetition}
Started game 2969 of 3000 (cand-dedddf6 vs ref-248b6e2)
Finished game 2953 (cand-dedddf6 vs ref-248b6e2): 1-0 {White wins by adjudication}
Started game 2970 of 3000 (ref-248b6e2 vs cand-dedddf6)
Finished game 2960 (ref-248b6e2 vs cand-dedddf6): 1-0 {White wins by adjudication}
--------------------------------------------------
Results of cand-dedddf6 vs ref-248b6e2 (8+0.08, 1t, 16MB, noob_3moves.epd):
Elo: -6.70 +/- 9.41, nElo: -8.91 +/- 12.52
LOS: 8.15 %, DrawRatio: 35.50 %, PairsRatio: 0.96
Games: 2958, Wins: 854, Losses: 911, Draws: 1193, Points: 1450.5 (49.04 %)
Ptnml(0-2): [139, 347, 525, 368, 100], WL/DD Ratio: 1.20
--------------------------------------------------
Started game 2971 of 3000 (cand-dedddf6 vs ref-248b6e2)
Finished game 2958 (ref-248b6e2 vs cand-dedddf6): 0-1 {Black wins by adjudication}
Started game 2972 of 3000 (ref-248b6e2 vs cand-dedddf6)
Finished game 2963 (cand-dedddf6 vs ref-248b6e2): 0-1 {Black wins by adjudication}
Started game 2973 of 3000 (cand-dedddf6 vs ref-248b6e2)
Finished game 2969 (cand-dedddf6 vs ref-248b6e2): 0-1 {Black wins by adjudication}
Started game 2974 of 3000 (ref-248b6e2 vs cand-dedddf6)
Finished game 2964 (ref-248b6e2 vs cand-dedddf6): 1-0 {White wins by adjudication}
Started game 2975 of 3000 (cand-dedddf6 vs ref-248b6e2)
Finished game 2962 (ref-248b6e2 vs cand-dedddf6): 1/2-1/2 {Draw by adjudication}
Started game 2976 of 3000 (ref-248b6e2 vs cand-dedddf6)
Finished game 2967 (cand-dedddf6 vs ref-248b6e2): 1-0 {White wins by adjudication}
Started game 2977 of 3000 (cand-dedddf6 vs ref-248b6e2)
Finished game 2968 (ref-248b6e2 vs cand-dedddf6): 1/2-1/2 {Draw by 3-fold repetition}
Started game 2978 of 3000 (ref-248b6e2 vs cand-dedddf6)
Finished game 2965 (cand-dedddf6 vs ref-248b6e2): 1/2-1/2 {Draw by adjudication}
Started game 2979 of 3000 (cand-dedddf6 vs ref-248b6e2)
Finished game 2966 (ref-248b6e2 vs cand-dedddf6): 1-0 {White wins by adjudication}
Started game 2980 of 3000 (ref-248b6e2 vs cand-dedddf6)
Finished game 2961 (cand-dedddf6 vs ref-248b6e2): 1/2-1/2 {Draw by 3-fold repetition}
Started game 2981 of 3000 (cand-dedddf6 vs ref-248b6e2)
Finished game 2972 (ref-248b6e2 vs cand-dedddf6): 1/2-1/2 {Draw by 3-fold repetition}
Started game 2982 of 3000 (ref-248b6e2 vs cand-dedddf6)
Finished game 2971 (cand-dedddf6 vs ref-248b6e2): 0-1 {Black wins by adjudication}
Started game 2983 of 3000 (cand-dedddf6 vs ref-248b6e2)
Finished game 2976 (ref-248b6e2 vs cand-dedddf6): 1/2-1/2 {Draw by 3-fold repetition}
Started game 2984 of 3000 (ref-248b6e2 vs cand-dedddf6)
Finished game 2970 (ref-248b6e2 vs cand-dedddf6): 1/2-1/2 {Draw by 3-fold repetition}
Started game 2985 of 3000 (cand-dedddf6 vs ref-248b6e2)
Finished game 2973 (cand-dedddf6 vs ref-248b6e2): 1-0 {White wins by adjudication}
Started game 2986 of 3000 (ref-248b6e2 vs cand-dedddf6)
Finished game 2978 (ref-248b6e2 vs cand-dedddf6): 1-0 {White wins by adjudication}
Started game 2987 of 3000 (cand-dedddf6 vs ref-248b6e2)
Finished game 2974 (ref-248b6e2 vs cand-dedddf6): 1/2-1/2 {Draw by 3-fold repetition}
Started game 2988 of 3000 (ref-248b6e2 vs cand-dedddf6)
Finished game 2979 (cand-dedddf6 vs ref-248b6e2): 0-1 {Black wins by adjudication}
Started game 2989 of 3000 (cand-dedddf6 vs ref-248b6e2)
Finished game 2975 (cand-dedddf6 vs ref-248b6e2): 0-1 {Black wins by adjudication}
Started game 2990 of 3000 (ref-248b6e2 vs cand-dedddf6)
Finished game 2981 (cand-dedddf6 vs ref-248b6e2): 0-1 {Black wins by adjudication}
Started game 2991 of 3000 (cand-dedddf6 vs ref-248b6e2)
Finished game 2977 (cand-dedddf6 vs ref-248b6e2): 1/2-1/2 {Draw by adjudication}
Started game 2992 of 3000 (ref-248b6e2 vs cand-dedddf6)
Finished game 2982 (ref-248b6e2 vs cand-dedddf6): 1-0 {White wins by adjudication}
Started game 2993 of 3000 (cand-dedddf6 vs ref-248b6e2)
Finished game 2980 (ref-248b6e2 vs cand-dedddf6): 1/2-1/2 {Draw by adjudication}
--------------------------------------------------
Results of cand-dedddf6 vs ref-248b6e2 (8+0.08, 1t, 16MB, noob_3moves.epd):
Elo: -7.57 +/- 9.38, nElo: -10.08 +/- 12.47
LOS: 5.66 %, DrawRatio: 35.35 %, PairsRatio: 0.95
Games: 2982, Wins: 857, Losses: 922, Draws: 1203, Points: 1458.5 (48.91 %)
Ptnml(0-2): [141, 353, 527, 370, 100], WL/DD Ratio: 1.20
--------------------------------------------------
Started game 2994 of 3000 (ref-248b6e2 vs cand-dedddf6)
Finished game 2986 (ref-248b6e2 vs cand-dedddf6): 1-0 {White wins by adjudication}
Started game 2995 of 3000 (cand-dedddf6 vs ref-248b6e2)
Finished game 2990 (ref-248b6e2 vs cand-dedddf6): 1-0 {White wins by adjudication}
Started game 2996 of 3000 (ref-248b6e2 vs cand-dedddf6)
Finished game 2989 (cand-dedddf6 vs ref-248b6e2): 1/2-1/2 {Draw by 3-fold repetition}
Started game 2997 of 3000 (cand-dedddf6 vs ref-248b6e2)
Finished game 2984 (ref-248b6e2 vs cand-dedddf6): 0-1 {Black wins by adjudication}
Started game 2998 of 3000 (ref-248b6e2 vs cand-dedddf6)
Finished game 2983 (cand-dedddf6 vs ref-248b6e2): 1-0 {White wins by adjudication}
Started game 2999 of 3000 (cand-dedddf6 vs ref-248b6e2)
Finished game 2988 (ref-248b6e2 vs cand-dedddf6): 1-0 {White wins by adjudication}
Started game 3000 of 3000 (ref-248b6e2 vs cand-dedddf6)
Finished game 2991 (cand-dedddf6 vs ref-248b6e2): 1/2-1/2 {Draw by adjudication}
Finished game 2992 (ref-248b6e2 vs cand-dedddf6): 0-1 {Black wins by adjudication}
Finished game 2985 (cand-dedddf6 vs ref-248b6e2): 1/2-1/2 {Draw by insufficient mating material}
Finished game 2993 (cand-dedddf6 vs ref-248b6e2): 1-0 {White wins by adjudication}
Finished game 2994 (ref-248b6e2 vs cand-dedddf6): 1/2-1/2 {Draw by 3-fold repetition}
Finished game 2987 (cand-dedddf6 vs ref-248b6e2): 1-0 {White wins by adjudication}
Finished game 2996 (ref-248b6e2 vs cand-dedddf6): 0-1 {Black wins by adjudication}
Finished game 2999 (cand-dedddf6 vs ref-248b6e2): 0-1 {Black wins by adjudication}
Finished game 2995 (cand-dedddf6 vs ref-248b6e2): 1-0 {White wins by adjudication}
Finished game 2997 (cand-dedddf6 vs ref-248b6e2): 0-1 {Black wins by adjudication}
Finished game 3000 (ref-248b6e2 vs cand-dedddf6): 0-1 {Black wins by adjudication}
--------------------------------------------------
Results of cand-dedddf6 vs ref-248b6e2 (8+0.08, 1t, 16MB, noob_3moves.epd):
Elo: -7.07 +/- 9.36, nElo: -9.40 +/- 12.44
LOS: 6.93 %, DrawRatio: 35.29 %, PairsRatio: 0.96
Games: 2998, Wins: 865, Losses: 926, Draws: 1207, Points: 1468.5 (48.98 %)
Ptnml(0-2): [141, 355, 529, 372, 102], WL/DD Ratio: 1.20
--------------------------------------------------
Finished game 2998 (ref-248b6e2 vs cand-dedddf6): 1/2-1/2 {Draw by adjudication}
--------------------------------------------------
Results of cand-dedddf6 vs ref-248b6e2 (8+0.08, 1t, 16MB, noob_3moves.epd):
Elo: -7.18 +/- 9.36, nElo: -9.55 +/- 12.43
LOS: 6.62 %, DrawRatio: 35.27 %, PairsRatio: 0.95
Games: 3000, Wins: 865, Losses: 927, Draws: 1208, Points: 1469.0 (48.97 %)
Ptnml(0-2): [141, 356, 529, 372, 102], WL/DD Ratio: 1.20
--------------------------------------------------
Finished match
Total Time: 01:26:27 (hours:minutes:seconds)


=== 3000 games in /home/max/ws/chesso/.tuning/census_s202_20261004_114805/games.pgn ===
   2058 [Termination "adjudication"]
    942 [Termination "normal"]
draws     1208 of 3000, 40.3 %
decisive  1792 of 3000, 59.7 %
forfeits  0 of 3000, 0.00 %
SPRT-RUN-DONE fast /home/max/ws/chesso/.tuning/census_s202_20261004_114805
