A/A CALIBRATION: both sides are 5047070 with a clean tree, so this run
                 measures the harness and not the engine. AA is set.

Building reference 5047070 ...
Preparing worktree (detached HEAD 5047070)
-- Arch native (-march=native) -- THIS MACHINE ONLY, never distributed
-- Sanitizer OFF
-- Tune build OFF
-- PGO off
-- Test timeout 60s (build type Release)
-- Debug gui build disabled
candidate  5047070  2026-09-12
reference  5047070  2026-09-12
tc 8+0.08  hash 16  concurrency 12 of 12 cores
book       noob_3moves.epd
seed       20260912005458
bounds     none -- fixed 500 rounds, a calibration or drift reading, NOT a verdict
out        /home/max/ws/chesso/.tuning/s219_aa_20260912_005458

Indexing opening suite...
Started game 2 of 1000 (ref-5047070 vs candidate)
Started game 3 of 1000 (candidate vs ref-5047070)
Started game 5 of 1000 (candidate vs ref-5047070)
Started game 12 of 1000 (ref-5047070 vs candidate)
Started game 9 of 1000 (candidate vs ref-5047070)
Started game 11 of 1000 (candidate vs ref-5047070)
Started game 10 of 1000 (ref-5047070 vs candidate)
Started game 4 of 1000 (ref-5047070 vs candidate)
Started game 7 of 1000 (candidate vs ref-5047070)
Started game 8 of 1000 (ref-5047070 vs candidate)
Started game 1 of 1000 (candidate vs ref-5047070)
Started game 6 of 1000 (ref-5047070 vs candidate)
Finished game 9 (candidate vs ref-5047070): 1-0 {White wins by adjudication}
Started game 13 of 1000 (candidate vs ref-5047070)
Finished game 10 (ref-5047070 vs candidate): 1/2-1/2 {Draw by 3-fold repetition}
Started game 14 of 1000 (ref-5047070 vs candidate)
Finished game 2 (ref-5047070 vs candidate): 1-0 {White wins by adjudication}
Started game 15 of 1000 (candidate vs ref-5047070)
Finished game 4 (ref-5047070 vs candidate): 1-0 {White wins by adjudication}
Started game 16 of 1000 (ref-5047070 vs candidate)
Finished game 1 (candidate vs ref-5047070): 0-1 {Black wins by adjudication}
Started game 17 of 1000 (candidate vs ref-5047070)
Finished game 11 (candidate vs ref-5047070): 1-0 {White wins by adjudication}
Started game 18 of 1000 (ref-5047070 vs candidate)
Finished game 8 (ref-5047070 vs candidate): 1/2-1/2 {Draw by 3-fold repetition}
Started game 19 of 1000 (candidate vs ref-5047070)
Finished game 12 (ref-5047070 vs candidate): 1-0 {White wins by adjudication}
Started game 20 of 1000 (ref-5047070 vs candidate)
Finished game 6 (ref-5047070 vs candidate): 1-0 {White wins by adjudication}
Started game 21 of 1000 (candidate vs ref-5047070)
Finished game 7 (candidate vs ref-5047070): 1-0 {White wins by adjudication}
Started game 22 of 1000 (ref-5047070 vs candidate)
Finished game 5 (candidate vs ref-5047070): 1-0 {White wins by adjudication}
Started game 23 of 1000 (candidate vs ref-5047070)
Finished game 14 (ref-5047070 vs candidate): 1-0 {White wins by adjudication}
Started game 24 of 1000 (ref-5047070 vs candidate)
Finished game 17 (candidate vs ref-5047070): 1-0 {White wins by adjudication}
Started game 25 of 1000 (candidate vs ref-5047070)
Finished game 16 (ref-5047070 vs candidate): 0-1 {Black wins by adjudication}
Started game 26 of 1000 (ref-5047070 vs candidate)
Finished game 3 (candidate vs ref-5047070): 1/2-1/2 {Draw by fifty moves rule}
Started game 27 of 1000 (candidate vs ref-5047070)
Finished game 13 (candidate vs ref-5047070): 1-0 {White wins by adjudication}
Started game 28 of 1000 (ref-5047070 vs candidate)
Finished game 19 (candidate vs ref-5047070): 1-0 {White wins by adjudication}
Started game 29 of 1000 (candidate vs ref-5047070)
Finished game 18 (ref-5047070 vs candidate): 1-0 {White wins by adjudication}
Started game 30 of 1000 (ref-5047070 vs candidate)
Finished game 20 (ref-5047070 vs candidate): 1-0 {White wins by adjudication}
--------------------------------------------------
Results of candidate vs ref-5047070 (8+0.08, 1t, 16MB, noob_3moves.epd):
Elo: -19.32 +/- 102.50, nElo: -31.20 +/- 160.50
LOS: 35.16 %, DrawRatio: 55.56 %, PairsRatio: 1.00
Games: 18, Wins: 7, Losses: 8, Draws: 3, Points: 8.5 (47.22 %)
Ptnml(0-2): [1, 1, 5, 2, 0], WL/DD Ratio: inf
--------------------------------------------------
Started game 31 of 1000 (candidate vs ref-5047070)
Finished game 15 (candidate vs ref-5047070): 0-1 {Black wins by adjudication}
Started game 32 of 1000 (ref-5047070 vs candidate)
Finished game 23 (candidate vs ref-5047070): 1-0 {White wins by adjudication}
Started game 33 of 1000 (candidate vs ref-5047070)
Finished game 28 (ref-5047070 vs candidate): 1/2-1/2 {Draw by 3-fold repetition}
Started game 34 of 1000 (ref-5047070 vs candidate)
Finished game 22 (ref-5047070 vs candidate): 1/2-1/2 {Draw by adjudication}
Started game 35 of 1000 (candidate vs ref-5047070)
Finished game 21 (candidate vs ref-5047070): 1/2-1/2 {Draw by 3-fold repetition}
Started game 36 of 1000 (ref-5047070 vs candidate)
Finished game 25 (candidate vs ref-5047070): 1/2-1/2 {Draw by 3-fold repetition}
Started game 37 of 1000 (candidate vs ref-5047070)
Finished game 24 (ref-5047070 vs candidate): 0-1 {Black wins by adjudication}
Started game 38 of 1000 (ref-5047070 vs candidate)
Finished game 29 (candidate vs ref-5047070): 1/2-1/2 {Draw by 3-fold repetition}
Started game 39 of 1000 (candidate vs ref-5047070)
Finished game 27 (candidate vs ref-5047070): 1-0 {White wins by adjudication}
Started game 40 of 1000 (ref-5047070 vs candidate)
Finished game 30 (ref-5047070 vs candidate): 0-1 {Black wins by adjudication}
Started game 41 of 1000 (candidate vs ref-5047070)
Finished game 26 (ref-5047070 vs candidate): 0-1 {Black wins by adjudication}
Started game 42 of 1000 (ref-5047070 vs candidate)
Finished game 32 (ref-5047070 vs candidate): 1/2-1/2 {Draw by insufficient mating material}
Started game 43 of 1000 (candidate vs ref-5047070)
Finished game 33 (candidate vs ref-5047070): 1-0 {White wins by adjudication}
Started game 44 of 1000 (ref-5047070 vs candidate)
Finished game 31 (candidate vs ref-5047070): 1/2-1/2 {Draw by insufficient mating material}
Started game 45 of 1000 (candidate vs ref-5047070)
Finished game 34 (ref-5047070 vs candidate): 1/2-1/2 {Draw by 3-fold repetition}
Started game 46 of 1000 (ref-5047070 vs candidate)
Finished game 35 (candidate vs ref-5047070): 1/2-1/2 {Draw by 3-fold repetition}
Started game 47 of 1000 (candidate vs ref-5047070)
Finished game 38 (ref-5047070 vs candidate): 1/2-1/2 {Draw by adjudication}
Started game 48 of 1000 (ref-5047070 vs candidate)
Finished game 37 (candidate vs ref-5047070): 1/2-1/2 {Draw by adjudication}
Started game 49 of 1000 (candidate vs ref-5047070)
Finished game 36 (ref-5047070 vs candidate): 1/2-1/2 {Draw by adjudication}
Started game 50 of 1000 (ref-5047070 vs candidate)
Finished game 41 (candidate vs ref-5047070): 0-1 {Black wins by adjudication}
Started game 51 of 1000 (candidate vs ref-5047070)
Finished game 43 (candidate vs ref-5047070): 0-1 {Black wins by adjudication}
Started game 52 of 1000 (ref-5047070 vs candidate)
Finished game 42 (ref-5047070 vs candidate): 0-1 {Black wins by adjudication}
Started game 53 of 1000 (candidate vs ref-5047070)
Finished game 40 (ref-5047070 vs candidate): 1/2-1/2 {Draw by 3-fold repetition}
Started game 54 of 1000 (ref-5047070 vs candidate)
Finished game 39 (candidate vs ref-5047070): 1/2-1/2 {Draw by adjudication}
--------------------------------------------------
Results of candidate vs ref-5047070 (8+0.08, 1t, 16MB, noob_3moves.epd):
Elo: 41.56 +/- 61.79, nElo: 72.13 +/- 105.07
LOS: 91.08 %, DrawRatio: 57.14 %, PairsRatio: 3.50
Games: 42, Wins: 15, Losses: 10, Draws: 17, Points: 23.5 (55.95 %)
Ptnml(0-2): [1, 1, 12, 6, 1], WL/DD Ratio: 1.40
--------------------------------------------------
Started game 55 of 1000 (candidate vs ref-5047070)
Finished game 45 (candidate vs ref-5047070): 0-1 {Black wins by adjudication}
Started game 56 of 1000 (ref-5047070 vs candidate)
Finished game 48 (ref-5047070 vs candidate): 0-1 {Black wins by adjudication}
Started game 57 of 1000 (candidate vs ref-5047070)
Finished game 44 (ref-5047070 vs candidate): 1-0 {White wins by adjudication}
Started game 58 of 1000 (ref-5047070 vs candidate)
Finished game 46 (ref-5047070 vs candidate): 1/2-1/2 {Draw by adjudication}
Started game 59 of 1000 (candidate vs ref-5047070)
Finished game 49 (candidate vs ref-5047070): 1/2-1/2 {Draw by 3-fold repetition}
Started game 60 of 1000 (ref-5047070 vs candidate)
Finished game 52 (ref-5047070 vs candidate): 0-1 {Black wins by adjudication}
Started game 61 of 1000 (candidate vs ref-5047070)
Finished game 47 (candidate vs ref-5047070): 0-1 {Black wins by adjudication}
Started game 62 of 1000 (ref-5047070 vs candidate)
Finished game 50 (ref-5047070 vs candidate): 1/2-1/2 {Draw by 3-fold repetition}
Started game 63 of 1000 (candidate vs ref-5047070)
Finished game 57 (candidate vs ref-5047070): 1-0 {White wins by adjudication}
Started game 64 of 1000 (ref-5047070 vs candidate)
Finished game 55 (candidate vs ref-5047070): 1-0 {White wins by adjudication}
Started game 65 of 1000 (candidate vs ref-5047070)
Finished game 51 (candidate vs ref-5047070): 1/2-1/2 {Draw by insufficient mating material}
Started game 66 of 1000 (ref-5047070 vs candidate)
Finished game 54 (ref-5047070 vs candidate): 1-0 {White wins by adjudication}
Started game 67 of 1000 (candidate vs ref-5047070)
Finished game 53 (candidate vs ref-5047070): 0-1 {Black wins by adjudication}
Started game 68 of 1000 (ref-5047070 vs candidate)
Finished game 56 (ref-5047070 vs candidate): 1/2-1/2 {Draw by 3-fold repetition}
Started game 69 of 1000 (candidate vs ref-5047070)
Finished game 59 (candidate vs ref-5047070): 1/2-1/2 {Draw by adjudication}
Started game 70 of 1000 (ref-5047070 vs candidate)
Finished game 58 (ref-5047070 vs candidate): 0-1 {Black wins by adjudication}
Started game 71 of 1000 (candidate vs ref-5047070)
Finished game 61 (candidate vs ref-5047070): 1-0 {White wins by adjudication}
Started game 72 of 1000 (ref-5047070 vs candidate)
Finished game 60 (ref-5047070 vs candidate): 1-0 {White wins by adjudication}
--------------------------------------------------
Results of candidate vs ref-5047070 (8+0.08, 1t, 16MB, noob_3moves.epd):
Elo: 17.39 +/- 63.75, nElo: 24.29 +/- 87.91
LOS: 70.59 %, DrawRatio: 46.67 %, PairsRatio: 1.67
Games: 60, Wins: 20, Losses: 17, Draws: 23, Points: 31.5 (52.50 %)
Ptnml(0-2): [3, 3, 14, 8, 2], WL/DD Ratio: 1.33
--------------------------------------------------
Started game 73 of 1000 (candidate vs ref-5047070)
Finished game 62 (ref-5047070 vs candidate): 1-0 {White wins by adjudication}
Started game 74 of 1000 (ref-5047070 vs candidate)
Finished game 64 (ref-5047070 vs candidate): 1/2-1/2 {Draw by adjudication}
Started game 75 of 1000 (candidate vs ref-5047070)
Finished game 69 (candidate vs ref-5047070): 0-1 {Black wins by adjudication}
Started game 76 of 1000 (ref-5047070 vs candidate)
Finished game 68 (ref-5047070 vs candidate): 1-0 {White wins by adjudication}
Started game 77 of 1000 (candidate vs ref-5047070)
Finished game 67 (candidate vs ref-5047070): 0-1 {Black wins by adjudication}
Started game 78 of 1000 (ref-5047070 vs candidate)
Finished game 65 (candidate vs ref-5047070): 1/2-1/2 {Draw by insufficient mating material}
Started game 79 of 1000 (candidate vs ref-5047070)
Finished game 63 (candidate vs ref-5047070): 1-0 {White wins by adjudication}
Started game 80 of 1000 (ref-5047070 vs candidate)
Finished game 71 (candidate vs ref-5047070): 1/2-1/2 {Draw by 3-fold repetition}
Started game 81 of 1000 (candidate vs ref-5047070)
Finished game 73 (candidate vs ref-5047070): 0-1 {Black wins by adjudication}
Started game 82 of 1000 (ref-5047070 vs candidate)
Finished game 70 (ref-5047070 vs candidate): 1-0 {White wins by adjudication}
Started game 83 of 1000 (candidate vs ref-5047070)
Finished game 78 (ref-5047070 vs candidate): 1/2-1/2 {Draw by adjudication}
Started game 84 of 1000 (ref-5047070 vs candidate)
Finished game 75 (candidate vs ref-5047070): 1-0 {White wins by adjudication}
Started game 85 of 1000 (candidate vs ref-5047070)
Finished game 77 (candidate vs ref-5047070): 1-0 {White wins by adjudication}
Started game 86 of 1000 (ref-5047070 vs candidate)
Finished game 72 (ref-5047070 vs candidate): 1-0 {White wins by adjudication}
Started game 87 of 1000 (candidate vs ref-5047070)
Finished game 74 (ref-5047070 vs candidate): 1/2-1/2 {Draw by 3-fold repetition}
Started game 88 of 1000 (ref-5047070 vs candidate)
Finished game 83 (candidate vs ref-5047070): 0-1 {Black wins by adjudication}
Started game 89 of 1000 (candidate vs ref-5047070)
Finished game 76 (ref-5047070 vs candidate): 1/2-1/2 {Draw by adjudication}
Started game 90 of 1000 (ref-5047070 vs candidate)
Finished game 79 (candidate vs ref-5047070): 1-0 {White wins by adjudication}
Started game 91 of 1000 (candidate vs ref-5047070)
Finished game 80 (ref-5047070 vs candidate): 1-0 {White wins by adjudication}
--------------------------------------------------
Results of candidate vs ref-5047070 (8+0.08, 1t, 16MB, noob_3moves.epd):
Elo: -0.00 +/- 58.46, nElo: 0.00 +/- 77.10
LOS: 50.00 %, DrawRatio: 41.03 %, PairsRatio: 1.30
Games: 78, Wins: 25, Losses: 25, Draws: 28, Points: 39.0 (50.00 %)
Ptnml(0-2): [5, 5, 16, 11, 2], WL/DD Ratio: 1.67
--------------------------------------------------
Started game 92 of 1000 (ref-5047070 vs candidate)
Finished game 82 (ref-5047070 vs candidate): 1/2-1/2 {Draw by 3-fold repetition}
Started game 93 of 1000 (candidate vs ref-5047070)
Finished game 85 (candidate vs ref-5047070): 0-1 {Black wins by adjudication}
Started game 94 of 1000 (ref-5047070 vs candidate)
Finished game 66 (ref-5047070 vs candidate): 1/2-1/2 {Draw by insufficient mating material}
Started game 95 of 1000 (candidate vs ref-5047070)
Finished game 84 (ref-5047070 vs candidate): 1/2-1/2 {Draw by 3-fold repetition}
Started game 96 of 1000 (ref-5047070 vs candidate)
Finished game 86 (ref-5047070 vs candidate): 1-0 {White wins by adjudication}
Started game 97 of 1000 (candidate vs ref-5047070)
Finished game 81 (candidate vs ref-5047070): 1-0 {White wins by adjudication}
Started game 98 of 1000 (ref-5047070 vs candidate)
Finished game 90 (ref-5047070 vs candidate): 0-1 {Black wins by adjudication}
Started game 99 of 1000 (candidate vs ref-5047070)
Finished game 87 (candidate vs ref-5047070): 1/2-1/2 {Draw by 3-fold repetition}
Started game 100 of 1000 (ref-5047070 vs candidate)
Finished game 88 (ref-5047070 vs candidate): 0-1 {Black wins by adjudication}
Started game 101 of 1000 (candidate vs ref-5047070)
Finished game 89 (candidate vs ref-5047070): 1/2-1/2 {Draw by 3-fold repetition}
Started game 102 of 1000 (ref-5047070 vs candidate)
Finished game 92 (ref-5047070 vs candidate): 1/2-1/2 {Draw by 3-fold repetition}
Started game 103 of 1000 (candidate vs ref-5047070)
Finished game 93 (candidate vs ref-5047070): 1/2-1/2 {Draw by 3-fold repetition}
Started game 104 of 1000 (ref-5047070 vs candidate)
Finished game 91 (candidate vs ref-5047070): 1-0 {White wins by adjudication}
Started game 105 of 1000 (candidate vs ref-5047070)
Finished game 95 (candidate vs ref-5047070): 0-1 {Black wins by adjudication}
Started game 106 of 1000 (ref-5047070 vs candidate)
Finished game 98 (ref-5047070 vs candidate): 1-0 {White wins by adjudication}
Started game 107 of 1000 (candidate vs ref-5047070)
Finished game 97 (candidate vs ref-5047070): 0-1 {Black wins by adjudication}
Started game 108 of 1000 (ref-5047070 vs candidate)
Finished game 94 (ref-5047070 vs candidate): 0-1 {Black wins by adjudication}
Started game 109 of 1000 (candidate vs ref-5047070)
Finished game 96 (ref-5047070 vs candidate): 1-0 {White wins by adjudication}
Started game 110 of 1000 (ref-5047070 vs candidate)
Finished game 99 (candidate vs ref-5047070): 0-1 {Black wins by adjudication}
Started game 111 of 1000 (candidate vs ref-5047070)
Finished game 100 (ref-5047070 vs candidate): 1/2-1/2 {Draw by 3-fold repetition}
--------------------------------------------------
Results of candidate vs ref-5047070 (8+0.08, 1t, 16MB, noob_3moves.epd):
Elo: -10.43 +/- 54.46, nElo: -13.15 +/- 68.10
LOS: 35.25 %, DrawRatio: 34.00 %, PairsRatio: 1.20
Games: 100, Wins: 30, Losses: 33, Draws: 37, Points: 48.5 (48.50 %)
Ptnml(0-2): [8, 7, 17, 16, 2], WL/DD Ratio: 1.43
--------------------------------------------------
Started game 112 of 1000 (ref-5047070 vs candidate)
Finished game 104 (ref-5047070 vs candidate): 1/2-1/2 {Draw by adjudication}
Started game 113 of 1000 (candidate vs ref-5047070)
Finished game 107 (candidate vs ref-5047070): 0-1 {Black wins by adjudication}
Started game 114 of 1000 (ref-5047070 vs candidate)
Finished game 103 (candidate vs ref-5047070): 0-1 {Black wins by adjudication}
Started game 115 of 1000 (candidate vs ref-5047070)
Finished game 101 (candidate vs ref-5047070): 1/2-1/2 {Draw by adjudication}
Started game 116 of 1000 (ref-5047070 vs candidate)
Finished game 108 (ref-5047070 vs candidate): 0-1 {Black wins by adjudication}
Started game 117 of 1000 (candidate vs ref-5047070)
Finished game 110 (ref-5047070 vs candidate): 1-0 {White wins by adjudication}
Started game 118 of 1000 (ref-5047070 vs candidate)
Warning; PV continues after threefold repetition - move g8d5 from candidate
Info; info score cp 15 time 0 depth 9 nodes 799 nps 2577419 pv g8b3 d8e7 b3d5 e7d8 d5e6 d8e7 e6g8 e7d8 g8d5 
Position; fen rnbqkb1r/pp1p1ppp/2p1pn2/8/8/2P1P2P/PP1P1PP1/RNBQKBNR w KQkq - 0 4
Moves; g1f3 d7d5 d2d4 c6c5 b1d2 b8d7 f1e2 f8d6 e1g1 e8g8 d1c2 f8e8 e3e4 c5d4 c3d4 f6e4 d2e4 d5e4 c2e4 d7f6 e4h4 c8d7 f3e5 d8a5 e5c4 a5d5 c4d6 d5d6 c1g5 f6d5 a1c1 d7c6 e2d3 h7h6 g5d2 a8d8 f1e1 d5e7 d2c3 e7f5 d3f5 e6f5 f2f3 f5f4 e1e5 f7f6 e5e8 d8e8 h4h5 e8e2 h5f5 d6d5 f5f4 d5a2 f4f5 a2c4 c1a1 a7a6 f5c8 g8f7 c8f5 c4e6 f5f4 g7g5 f4c7 f7g6 a1f1 e6e3 g1h1 e3d3 h1g1 c6d5 c7g3 d5b3 f1e1 d3e3 g1h2 e2e1 g3e1 e3e1 c3e1 g6f5 h2g3 f5e6 h3h4 h6h5 e1d2 e6f5 d2a5 b3c4 a5d8 c4d5 g3h3 d5e6 h3g3 e6c4 d8c7 c4d5 c7d8 d5c4 d8c7 c4g8 c7d8 g8b3 d8c7 b3d5 c7b6 d5g8 b6d8 b7b5 b2b4 g8c4 d8c7 c4g8 c7b6 g8e6 b6d8 e6c4 d8c7 c4d5 c7a5 d5f7 a5d8 f7e6 d8e7 e6g8 e7d8
Warning; PV continues after threefold repetition - move g8d5 from candidate
Info; info score cp 14 time 53 depth 21 nodes 237779 nps 4450290 pv g8b3 d8e7 b3d5 e7d8 d5e6 d8a5 e6g8 a5c7 g8c4 c7d8 c4a2 d8b6 a2b3 b6c7 f5g6 c7d8 b3g8 d8e7 g6f5 e7d8 g8d5 
Position; fen rnbqkb1r/pp1p1ppp/2p1pn2/8/8/2P1P2P/PP1P1PP1/RNBQKBNR w KQkq - 0 4
Moves; g1f3 d7d5 d2d4 c6c5 b1d2 b8d7 f1e2 f8d6 e1g1 e8g8 d1c2 f8e8 e3e4 c5d4 c3d4 f6e4 d2e4 d5e4 c2e4 d7f6 e4h4 c8d7 f3e5 d8a5 e5c4 a5d5 c4d6 d5d6 c1g5 f6d5 a1c1 d7c6 e2d3 h7h6 g5d2 a8d8 f1e1 d5e7 d2c3 e7f5 d3f5 e6f5 f2f3 f5f4 e1e5 f7f6 e5e8 d8e8 h4h5 e8e2 h5f5 d6d5 f5f4 d5a2 f4f5 a2c4 c1a1 a7a6 f5c8 g8f7 c8f5 c4e6 f5f4 g7g5 f4c7 f7g6 a1f1 e6e3 g1h1 e3d3 h1g1 c6d5 c7g3 d5b3 f1e1 d3e3 g1h2 e2e1 g3e1 e3e1 c3e1 g6f5 h2g3 f5e6 h3h4 h6h5 e1d2 e6f5 d2a5 b3c4 a5d8 c4d5 g3h3 d5e6 h3g3 e6c4 d8c7 c4d5 c7d8 d5c4 d8c7 c4g8 c7d8 g8b3 d8c7 b3d5 c7b6 d5g8 b6d8 b7b5 b2b4 g8c4 d8c7 c4g8 c7b6 g8e6 b6d8 e6c4 d8c7 c4d5 c7a5 d5f7 a5d8 f7e6 d8e7 e6g8 e7d8
Warning; PV continues after threefold repetition - move g8d5 from candidate
Info; info score cp 11 time 99 depth 16 nodes 370796 nps 3718483 pv g6f5 f8e7 e6b3 e7d8 b3g8 d8a5 g8d5 a5d8 d5b3 d8e7 b3g8 e7d8 g8d5 d8e7 d5c6 e7d8 
Position; fen rnbqkb1r/pp1p1ppp/2p1pn2/8/8/2P1P2P/PP1P1PP1/RNBQKBNR w KQkq - 0 4
Moves; g1f3 d7d5 d2d4 c6c5 b1d2 b8d7 f1e2 f8d6 e1g1 e8g8 d1c2 f8e8 e3e4 c5d4 c3d4 f6e4 d2e4 d5e4 c2e4 d7f6 e4h4 c8d7 f3e5 d8a5 e5c4 a5d5 c4d6 d5d6 c1g5 f6d5 a1c1 d7c6 e2d3 h7h6 g5d2 a8d8 f1e1 d5e7 d2c3 e7f5 d3f5 e6f5 f2f3 f5f4 e1e5 f7f6 e5e8 d8e8 h4h5 e8e2 h5f5 d6d5 f5f4 d5a2 f4f5 a2c4 c1a1 a7a6 f5c8 g8f7 c8f5 c4e6 f5f4 g7g5 f4c7 f7g6 a1f1 e6e3 g1h1 e3d3 h1g1 c6d5 c7g3 d5b3 f1e1 d3e3 g1h2 e2e1 g3e1 e3e1 c3e1 g6f5 h2g3 f5e6 h3h4 h6h5 e1d2 e6f5 d2a5 b3c4 a5d8 c4d5 g3h3 d5e6 h3g3 e6c4 d8c7 c4d5 c7d8 d5c4 d8c7 c4g8 c7d8 g8b3 d8c7 b3d5 c7b6 d5g8 b6d8 b7b5 b2b4 g8c4 d8c7 c4g8 c7b6 g8e6 b6d8 e6c4 d8c7 c4d5 c7a5 d5f7 a5d8 f7e6 d8e7 e6g8 e7d8 g8b3 d8e7 b3f7 e7d8 f5g6 d8e7 f7e6 e7f8
Finished game 102 (ref-5047070 vs candidate): 1/2-1/2 {Draw by insufficient mating material}
Started game 119 of 1000 (candidate vs ref-5047070)
Warning; PV continues after threefold repetition - move g8f7 from candidate
Info; info score cp 11 time 60 depth 19 nodes 272555 nps 4522233 pv f7c4 h3g3 c4b3 d8e7 b3f7 e7d8 f7e6 d8e7 e6b3 e7d8 b3d5 d8c7 d5g8 c7b6 g6f5 b6d8 g8f7 d8e7 f7c4 
Position; fen rnbqkb1r/pp1p1ppp/2p1pn2/8/8/2P1P2P/PP1P1PP1/RNBQKBNR w KQkq - 0 4
Moves; g1f3 d7d5 d2d4 c6c5 b1d2 b8d7 f1e2 f8d6 e1g1 e8g8 d1c2 f8e8 e3e4 c5d4 c3d4 f6e4 d2e4 d5e4 c2e4 d7f6 e4h4 c8d7 f3e5 d8a5 e5c4 a5d5 c4d6 d5d6 c1g5 f6d5 a1c1 d7c6 e2d3 h7h6 g5d2 a8d8 f1e1 d5e7 d2c3 e7f5 d3f5 e6f5 f2f3 f5f4 e1e5 f7f6 e5e8 d8e8 h4h5 e8e2 h5f5 d6d5 f5f4 d5a2 f4f5 a2c4 c1a1 a7a6 f5c8 g8f7 c8f5 c4e6 f5f4 g7g5 f4c7 f7g6 a1f1 e6e3 g1h1 e3d3 h1g1 c6d5 c7g3 d5b3 f1e1 d3e3 g1h2 e2e1 g3e1 e3e1 c3e1 g6f5 h2g3 f5e6 h3h4 h6h5 e1d2 e6f5 d2a5 b3c4 a5d8 c4d5 g3h3 d5e6 h3g3 e6c4 d8c7 c4d5 c7d8 d5c4 d8c7 c4g8 c7d8 g8b3 d8c7 b3d5 c7b6 d5g8 b6d8 b7b5 b2b4 g8c4 d8c7 c4g8 c7b6 g8e6 b6d8 e6c4 d8c7 c4d5 c7a5 d5f7 a5d8 f7e6 d8e7 e6g8 e7d8 g8b3 d8e7 b3f7 e7d8 f5g6 d8e7 f7e6 e7f8 g6f5 f8e7 e6d5 e7d8 d5b3 d8b6 b3e6 b6d8 e6d5 d8e7 f5e6 e7d8 e6f5 g3h3 f5g6 h3g3 d5f7 g3h3
Finished game 106 (ref-5047070 vs candidate): 1/2-1/2 {Draw by 3-fold repetition}
Started game 120 of 1000 (ref-5047070 vs candidate)
Finished game 112 (ref-5047070 vs candidate): 1-0 {White wins by adjudication}
Started game 121 of 1000 (candidate vs ref-5047070)
Finished game 109 (candidate vs ref-5047070): 1/2-1/2 {Draw by adjudication}
Started game 122 of 1000 (ref-5047070 vs candidate)
Finished game 105 (candidate vs ref-5047070): 1/2-1/2 {Draw by adjudication}
Started game 123 of 1000 (candidate vs ref-5047070)
Finished game 111 (candidate vs ref-5047070): 1-0 {White wins by adjudication}
Started game 124 of 1000 (ref-5047070 vs candidate)
Finished game 117 (candidate vs ref-5047070): 0-1 {Black wins by adjudication}
Started game 125 of 1000 (candidate vs ref-5047070)
Finished game 113 (candidate vs ref-5047070): 1-0 {White wins by adjudication}
Started game 126 of 1000 (ref-5047070 vs candidate)
Finished game 116 (ref-5047070 vs candidate): 0-1 {Black wins by adjudication}
Started game 127 of 1000 (candidate vs ref-5047070)
Finished game 114 (ref-5047070 vs candidate): 1-0 {White wins by adjudication}
Started game 128 of 1000 (ref-5047070 vs candidate)
Finished game 118 (ref-5047070 vs candidate): 0-1 {Black wins by adjudication}
Started game 129 of 1000 (candidate vs ref-5047070)
Finished game 123 (candidate vs ref-5047070): 1-0 {White wins by adjudication}
Started game 130 of 1000 (ref-5047070 vs candidate)
Finished game 120 (ref-5047070 vs candidate): 0-1 {Black wins by adjudication}
Started game 131 of 1000 (candidate vs ref-5047070)
Finished game 124 (ref-5047070 vs candidate): 1/2-1/2 {Draw by 3-fold repetition}
Started game 132 of 1000 (ref-5047070 vs candidate)
Finished game 119 (candidate vs ref-5047070): 1/2-1/2 {Draw by adjudication}
--------------------------------------------------
Results of candidate vs ref-5047070 (8+0.08, 1t, 16MB, noob_3moves.epd):
Elo: -8.69 +/- 46.71, nElo: -11.64 +/- 62.16
LOS: 35.68 %, DrawRatio: 38.33 %, PairsRatio: 1.18
Games: 120, Wins: 36, Losses: 39, Draws: 45, Points: 58.5 (48.75 %)
Ptnml(0-2): [8, 9, 23, 18, 2], WL/DD Ratio: 1.56
--------------------------------------------------
Started game 133 of 1000 (candidate vs ref-5047070)
Finished game 121 (candidate vs ref-5047070): 0-1 {Black wins by adjudication}
Started game 134 of 1000 (ref-5047070 vs candidate)
Finished game 115 (candidate vs ref-5047070): 1/2-1/2 {Draw by fifty moves rule}
Started game 135 of 1000 (candidate vs ref-5047070)
Finished game 125 (candidate vs ref-5047070): 1-0 {White wins by adjudication}
Started game 136 of 1000 (ref-5047070 vs candidate)
Finished game 122 (ref-5047070 vs candidate): 1/2-1/2 {Draw by adjudication}
Started game 137 of 1000 (candidate vs ref-5047070)
Finished game 127 (candidate vs ref-5047070): 1-0 {White wins by adjudication}
Started game 138 of 1000 (ref-5047070 vs candidate)
Finished game 128 (ref-5047070 vs candidate): 1/2-1/2 {Draw by 3-fold repetition}
Started game 139 of 1000 (candidate vs ref-5047070)
Finished game 130 (ref-5047070 vs candidate): 1/2-1/2 {Draw by 3-fold repetition}
Started game 140 of 1000 (ref-5047070 vs candidate)
Finished game 126 (ref-5047070 vs candidate): 0-1 {Black wins by adjudication}
Started game 141 of 1000 (candidate vs ref-5047070)
Finished game 129 (candidate vs ref-5047070): 1/2-1/2 {Draw by 3-fold repetition}
Started game 142 of 1000 (ref-5047070 vs candidate)
Finished game 135 (candidate vs ref-5047070): 1/2-1/2 {Draw by 3-fold repetition}
Started game 143 of 1000 (candidate vs ref-5047070)
Finished game 131 (candidate vs ref-5047070): 0-1 {Black wins by adjudication}
Started game 144 of 1000 (ref-5047070 vs candidate)
Finished game 133 (candidate vs ref-5047070): 1-0 {White wins by adjudication}
Started game 145 of 1000 (candidate vs ref-5047070)
Finished game 136 (ref-5047070 vs candidate): 1/2-1/2 {Draw by 3-fold repetition}
Started game 146 of 1000 (ref-5047070 vs candidate)
Finished game 138 (ref-5047070 vs candidate): 0-1 {Black wins by adjudication}
Started game 147 of 1000 (candidate vs ref-5047070)
Finished game 142 (ref-5047070 vs candidate): 1-0 {White wins by adjudication}
Started game 148 of 1000 (ref-5047070 vs candidate)
Finished game 134 (ref-5047070 vs candidate): 1/2-1/2 {Draw by adjudication}
Started game 149 of 1000 (candidate vs ref-5047070)
Finished game 141 (candidate vs ref-5047070): 1/2-1/2 {Draw by 3-fold repetition}
Started game 150 of 1000 (ref-5047070 vs candidate)
Finished game 139 (candidate vs ref-5047070): 0-1 {Black wins by adjudication}
Started game 151 of 1000 (candidate vs ref-5047070)
Finished game 145 (candidate vs ref-5047070): 0-1 {Black wins by adjudication}
Started game 152 of 1000 (ref-5047070 vs candidate)
Finished game 137 (candidate vs ref-5047070): 0-1 {Black wins by adjudication}
Started game 153 of 1000 (candidate vs ref-5047070)
Finished game 143 (candidate vs ref-5047070): 1-0 {White wins by adjudication}
Started game 154 of 1000 (ref-5047070 vs candidate)
Finished game 140 (ref-5047070 vs candidate): 1/2-1/2 {Draw by 3-fold repetition}
--------------------------------------------------
Results of candidate vs ref-5047070 (8+0.08, 1t, 16MB, noob_3moves.epd):
Elo: -2.48 +/- 42.90, nElo: -3.35 +/- 57.55
LOS: 45.46 %, DrawRatio: 37.14 %, PairsRatio: 1.20
Games: 140, Wins: 42, Losses: 43, Draws: 55, Points: 69.5 (49.64 %)
Ptnml(0-2): [8, 12, 26, 21, 3], WL/DD Ratio: 1.36
--------------------------------------------------
Started game 155 of 1000 (candidate vs ref-5047070)
Finished game 132 (ref-5047070 vs candidate): 1/2-1/2 {Draw by insufficient mating material}
Started game 156 of 1000 (ref-5047070 vs candidate)
Finished game 146 (ref-5047070 vs candidate): 1/2-1/2 {Draw by 3-fold repetition}
Started game 157 of 1000 (candidate vs ref-5047070)
Finished game 156 (ref-5047070 vs candidate): 1-0 {White wins by adjudication}
Started game 158 of 1000 (ref-5047070 vs candidate)
Finished game 148 (ref-5047070 vs candidate): 1/2-1/2 {Draw by adjudication}
Started game 159 of 1000 (candidate vs ref-5047070)
Finished game 149 (candidate vs ref-5047070): 1-0 {White wins by adjudication}
Started game 160 of 1000 (ref-5047070 vs candidate)
Finished game 144 (ref-5047070 vs candidate): 1/2-1/2 {Draw by insufficient mating material}
Started game 161 of 1000 (candidate vs ref-5047070)
Finished game 150 (ref-5047070 vs candidate): 1/2-1/2 {Draw by adjudication}
Started game 162 of 1000 (ref-5047070 vs candidate)
Finished game 153 (candidate vs ref-5047070): 0-1 {Black wins by adjudication}
Started game 163 of 1000 (candidate vs ref-5047070)
Finished game 157 (candidate vs ref-5047070): 1-0 {White wins by adjudication}
Started game 164 of 1000 (ref-5047070 vs candidate)
Finished game 152 (ref-5047070 vs candidate): 1-0 {White wins by adjudication}
Started game 165 of 1000 (candidate vs ref-5047070)
Finished game 155 (candidate vs ref-5047070): 1/2-1/2 {Draw by adjudication}
Started game 166 of 1000 (ref-5047070 vs candidate)
Finished game 147 (candidate vs ref-5047070): 1/2-1/2 {Draw by fifty moves rule}
Started game 167 of 1000 (candidate vs ref-5047070)
Finished game 158 (ref-5047070 vs candidate): 1/2-1/2 {Draw by 3-fold repetition}
Started game 168 of 1000 (ref-5047070 vs candidate)
Finished game 159 (candidate vs ref-5047070): 0-1 {Black wins by adjudication}
Started game 169 of 1000 (candidate vs ref-5047070)
Finished game 160 (ref-5047070 vs candidate): 1-0 {White wins by adjudication}
--------------------------------------------------
Results of candidate vs ref-5047070 (8+0.08, 1t, 16MB, noob_3moves.epd):
Elo: -6.68 +/- 40.89, nElo: -8.95 +/- 54.52
LOS: 37.38 %, DrawRatio: 34.62 %, PairsRatio: 1.12
Games: 156, Wins: 45, Losses: 48, Draws: 63, Points: 76.5 (49.04 %)
Ptnml(0-2): [9, 15, 27, 24, 3], WL/DD Ratio: 1.25
--------------------------------------------------
Started game 170 of 1000 (ref-5047070 vs candidate)
Finished game 151 (candidate vs ref-5047070): 1-0 {White wins by adjudication}
Started game 171 of 1000 (candidate vs ref-5047070)
Finished game 161 (candidate vs ref-5047070): 1-0 {White wins by adjudication}
Started game 172 of 1000 (ref-5047070 vs candidate)
Finished game 163 (candidate vs ref-5047070): 1/2-1/2 {Draw by 3-fold repetition}
Started game 173 of 1000 (candidate vs ref-5047070)
Finished game 154 (ref-5047070 vs candidate): 1/2-1/2 {Draw by adjudication}
Started game 174 of 1000 (ref-5047070 vs candidate)
Finished game 168 (ref-5047070 vs candidate): 1/2-1/2 {Draw by 3-fold repetition}
Started game 175 of 1000 (candidate vs ref-5047070)
Finished game 165 (candidate vs ref-5047070): 0-1 {Black wins by adjudication}
Started game 176 of 1000 (ref-5047070 vs candidate)
Finished game 164 (ref-5047070 vs candidate): 1-0 {White wins by adjudication}
Started game 177 of 1000 (candidate vs ref-5047070)
Finished game 162 (ref-5047070 vs candidate): 0-1 {Black wins by adjudication}
Started game 178 of 1000 (ref-5047070 vs candidate)
Finished game 166 (ref-5047070 vs candidate): 1/2-1/2 {Draw by insufficient mating material}
Started game 179 of 1000 (candidate vs ref-5047070)
Finished game 167 (candidate vs ref-5047070): 0-1 {Black wins by adjudication}
Started game 180 of 1000 (ref-5047070 vs candidate)
Finished game 169 (candidate vs ref-5047070): 1/2-1/2 {Draw by adjudication}
Started game 181 of 1000 (candidate vs ref-5047070)
Finished game 171 (candidate vs ref-5047070): 0-1 {Black wins by adjudication}
Started game 182 of 1000 (ref-5047070 vs candidate)
Finished game 170 (ref-5047070 vs candidate): 0-1 {Black wins by adjudication}
Started game 183 of 1000 (candidate vs ref-5047070)
Finished game 172 (ref-5047070 vs candidate): 1-0 {White wins by adjudication}
Started game 184 of 1000 (ref-5047070 vs candidate)
Finished game 175 (candidate vs ref-5047070): 1/2-1/2 {Draw by 3-fold repetition}
Started game 185 of 1000 (candidate vs ref-5047070)
Finished game 176 (ref-5047070 vs candidate): 0-1 {Black wins by adjudication}
Started game 186 of 1000 (ref-5047070 vs candidate)
Finished game 178 (ref-5047070 vs candidate): 0-1 {Black wins by adjudication}
Started game 187 of 1000 (candidate vs ref-5047070)
Warning; PV continues after threefold repetition - move f3g2 from candidate
Info; info score cp 286 time 0 depth 10 nodes 2229 nps 3577849 pv f3h1 d6f4 d5c4 f4d6 h1f3 d7c7 c4d5 c7d7 f3g2 d6f4 
Position; fen rnbqkbnr/2p1pppp/p2p4/1p6/8/2NP4/PPPQPPPP/R1B1KBNR w KQkq - 0 4
Moves; a2a3 e7e5 e2e4 c7c5 f1e2 g8f6 g1f3 f8e7 e1g1 e8g8 b2b4 b8c6 c1b2 c8b7 c3d5 f6d5 e4d5 c6d4 f3d4 c5d4 e2f3 e7g5 d2d1 a8c8 f1e1 d8c7 e1e2 c7d7 d1b1 g5h6 b1a2 f8e8 a3a4 b5a4 a2a4 d7a4 a1a4 c8c7 f3g4 e8b8 b2a3 h6g5 a4a5 g5e7 g2g3 c7c3 f2f4 e7d8 a5a4 d8b6 f4e5 d6e5 a3b2 e5e4 b2c3 d4c3 g1f1 e4d3 c2d3 b7d5 a4a6 h7h6 g4d7 d5b3 f1e1 c3c2 e1d2 b6d4 b4b5 b8d8 d7f5 g7g6 f5e4 d4c5 a6c6 c5d4 b5b6 d4b2 c6c2 b3c2 d2c2 b2d4 b6b7 g8g7 e4c6 g7f6 e2e8 d8e8 c6e8 d4e5 d3d4 e5d6 c2d3 f6e6 d3c4 g6g5 e8c6 h6h5 c6d5 e6e7 d5e4 e7e6 e4d5 e6e7 d5f3 h5h4 g3h4 g5h4 h2h3 e7d7 c4d5 f7f5 d5c4 d7c7 c4d5 c7d7
Warning; PV continues after threefold repetition - move f3g2 from candidate
Info; info score cp 286 time 0 depth 11 nodes 3059 nps 3809464 pv f3h1 d6f4 d5c4 f4d6 h1f3 d7c7 c4d5 c7d7 f3g2 d6f4 g2h1 
Position; fen rnbqkbnr/2p1pppp/p2p4/1p6/8/2NP4/PPPQPPPP/R1B1KBNR w KQkq - 0 4
Moves; a2a3 e7e5 e2e4 c7c5 f1e2 g8f6 g1f3 f8e7 e1g1 e8g8 b2b4 b8c6 c1b2 c8b7 c3d5 f6d5 e4d5 c6d4 f3d4 c5d4 e2f3 e7g5 d2d1 a8c8 f1e1 d8c7 e1e2 c7d7 d1b1 g5h6 b1a2 f8e8 a3a4 b5a4 a2a4 d7a4 a1a4 c8c7 f3g4 e8b8 b2a3 h6g5 a4a5 g5e7 g2g3 c7c3 f2f4 e7d8 a5a4 d8b6 f4e5 d6e5 a3b2 e5e4 b2c3 d4c3 g1f1 e4d3 c2d3 b7d5 a4a6 h7h6 g4d7 d5b3 f1e1 c3c2 e1d2 b6d4 b4b5 b8d8 d7f5 g7g6 f5e4 d4c5 a6c6 c5d4 b5b6 d4b2 c6c2 b3c2 d2c2 b2d4 b6b7 g8g7 e4c6 g7f6 e2e8 d8e8 c6e8 d4e5 d3d4 e5d6 c2d3 f6e6 d3c4 g6g5 e8c6 h6h5 c6d5 e6e7 d5e4 e7e6 e4d5 e6e7 d5f3 h5h4 g3h4 g5h4 h2h3 e7d7 c4d5 f7f5 d5c4 d7c7 c4d5 c7d7
Warning; PV continues after threefold repetition - move f3g2 from candidate
Info; info score cp 286 time 1 depth 12 nodes 4059 nps 4014836 pv f3h1 d6f4 d5c4 f4d6 h1f3 d7c7 c4d5 c7d7 f3g2 d6f4 g2h1 f4d6 
Position; fen rnbqkbnr/2p1pppp/p2p4/1p6/8/2NP4/PPPQPPPP/R1B1KBNR w KQkq - 0 4
Moves; a2a3 e7e5 e2e4 c7c5 f1e2 g8f6 g1f3 f8e7 e1g1 e8g8 b2b4 b8c6 c1b2 c8b7 c3d5 f6d5 e4d5 c6d4 f3d4 c5d4 e2f3 e7g5 d2d1 a8c8 f1e1 d8c7 e1e2 c7d7 d1b1 g5h6 b1a2 f8e8 a3a4 b5a4 a2a4 d7a4 a1a4 c8c7 f3g4 e8b8 b2a3 h6g5 a4a5 g5e7 g2g3 c7c3 f2f4 e7d8 a5a4 d8b6 f4e5 d6e5 a3b2 e5e4 b2c3 d4c3 g1f1 e4d3 c2d3 b7d5 a4a6 h7h6 g4d7 d5b3 f1e1 c3c2 e1d2 b6d4 b4b5 b8d8 d7f5 g7g6 f5e4 d4c5 a6c6 c5d4 b5b6 d4b2 c6c2 b3c2 d2c2 b2d4 b6b7 g8g7 e4c6 g7f6 e2e8 d8e8 c6e8 d4e5 d3d4 e5d6 c2d3 f6e6 d3c4 g6g5 e8c6 h6h5 c6d5 e6e7 d5e4 e7e6 e4d5 e6e7 d5f3 h5h4 g3h4 g5h4 h2h3 e7d7 c4d5 f7f5 d5c4 d7c7 c4d5 c7d7
Warning; PV continues after threefold repetition - move f3g2 from candidate
Info; info score cp 286 time 1 depth 13 nodes 5313 nps 4147540 pv f3h1 d6f4 d5c4 f4d6 h1f3 d7c7 c4d5 c7d7 f3g2 d6f4 g2h1 f4d6 h1f3 
Position; fen rnbqkbnr/2p1pppp/p2p4/1p6/8/2NP4/PPPQPPPP/R1B1KBNR w KQkq - 0 4
Moves; a2a3 e7e5 e2e4 c7c5 f1e2 g8f6 g1f3 f8e7 e1g1 e8g8 b2b4 b8c6 c1b2 c8b7 c3d5 f6d5 e4d5 c6d4 f3d4 c5d4 e2f3 e7g5 d2d1 a8c8 f1e1 d8c7 e1e2 c7d7 d1b1 g5h6 b1a2 f8e8 a3a4 b5a4 a2a4 d7a4 a1a4 c8c7 f3g4 e8b8 b2a3 h6g5 a4a5 g5e7 g2g3 c7c3 f2f4 e7d8 a5a4 d8b6 f4e5 d6e5 a3b2 e5e4 b2c3 d4c3 g1f1 e4d3 c2d3 b7d5 a4a6 h7h6 g4d7 d5b3 f1e1 c3c2 e1d2 b6d4 b4b5 b8d8 d7f5 g7g6 f5e4 d4c5 a6c6 c5d4 b5b6 d4b2 c6c2 b3c2 d2c2 b2d4 b6b7 g8g7 e4c6 g7f6 e2e8 d8e8 c6e8 d4e5 d3d4 e5d6 c2d3 f6e6 d3c4 g6g5 e8c6 h6h5 c6d5 e6e7 d5e4 e7e6 e4d5 e6e7 d5f3 h5h4 g3h4 g5h4 h2h3 e7d7 c4d5 f7f5 d5c4 d7c7 c4d5 c7d7
Warning; PV continues after threefold repetition - move f3g2 from candidate
Info; info score cp 286 time 1 depth 14 nodes 7053 nps 4326993 pv f3h1 d6f4 d5c4 f4d6 h1f3 d7c7 c4d5 c7d7 f3g2 d6f4 g2h1 f4d6 h1f3 d6f4 
Position; fen rnbqkbnr/2p1pppp/p2p4/1p6/8/2NP4/PPPQPPPP/R1B1KBNR w KQkq - 0 4
Moves; a2a3 e7e5 e2e4 c7c5 f1e2 g8f6 g1f3 f8e7 e1g1 e8g8 b2b4 b8c6 c1b2 c8b7 c3d5 f6d5 e4d5 c6d4 f3d4 c5d4 e2f3 e7g5 d2d1 a8c8 f1e1 d8c7 e1e2 c7d7 d1b1 g5h6 b1a2 f8e8 a3a4 b5a4 a2a4 d7a4 a1a4 c8c7 f3g4 e8b8 b2a3 h6g5 a4a5 g5e7 g2g3 c7c3 f2f4 e7d8 a5a4 d8b6 f4e5 d6e5 a3b2 e5e4 b2c3 d4c3 g1f1 e4d3 c2d3 b7d5 a4a6 h7h6 g4d7 d5b3 f1e1 c3c2 e1d2 b6d4 b4b5 b8d8 d7f5 g7g6 f5e4 d4c5 a6c6 c5d4 b5b6 d4b2 c6c2 b3c2 d2c2 b2d4 b6b7 g8g7 e4c6 g7f6 e2e8 d8e8 c6e8 d4e5 d3d4 e5d6 c2d3 f6e6 d3c4 g6g5 e8c6 h6h5 c6d5 e6e7 d5e4 e7e6 e4d5 e6e7 d5f3 h5h4 g3h4 g5h4 h2h3 e7d7 c4d5 f7f5 d5c4 d7c7 c4d5 c7d7
Warning; PV continues after threefold repetition - move f3g2 from candidate
Info; info score cp 286 time 2 depth 15 nodes 9423 nps 4446908 pv f3h1 d6f4 d5c4 f4d6 h1f3 d7c7 c4d5 c7d7 f3g2 d6f4 g2h1 f4d6 h1f3 d6f4 d5c4 
Position; fen rnbqkbnr/2p1pppp/p2p4/1p6/8/2NP4/PPPQPPPP/R1B1KBNR w KQkq - 0 4
Moves; a2a3 e7e5 e2e4 c7c5 f1e2 g8f6 g1f3 f8e7 e1g1 e8g8 b2b4 b8c6 c1b2 c8b7 c3d5 f6d5 e4d5 c6d4 f3d4 c5d4 e2f3 e7g5 d2d1 a8c8 f1e1 d8c7 e1e2 c7d7 d1b1 g5h6 b1a2 f8e8 a3a4 b5a4 a2a4 d7a4 a1a4 c8c7 f3g4 e8b8 b2a3 h6g5 a4a5 g5e7 g2g3 c7c3 f2f4 e7d8 a5a4 d8b6 f4e5 d6e5 a3b2 e5e4 b2c3 d4c3 g1f1 e4d3 c2d3 b7d5 a4a6 h7h6 g4d7 d5b3 f1e1 c3c2 e1d2 b6d4 b4b5 b8d8 d7f5 g7g6 f5e4 d4c5 a6c6 c5d4 b5b6 d4b2 c6c2 b3c2 d2c2 b2d4 b6b7 g8g7 e4c6 g7f6 e2e8 d8e8 c6e8 d4e5 d3d4 e5d6 c2d3 f6e6 d3c4 g6g5 e8c6 h6h5 c6d5 e6e7 d5e4 e7e6 e4d5 e6e7 d5f3 h5h4 g3h4 g5h4 h2h3 e7d7 c4d5 f7f5 d5c4 d7c7 c4d5 c7d7
Warning; PV continues after threefold repetition - move f3g2 from candidate
Info; info score cp 286 time 2 depth 16 nodes 12716 nps 4592271 pv f3h1 d6f4 d5c4 f4d6 h1f3 d7c7 c4d5 c7d7 f3g2 d6f4 g2h1 f4d6 h1f3 d6f4 d5c4 d7c7 
Position; fen rnbqkbnr/2p1pppp/p2p4/1p6/8/2NP4/PPPQPPPP/R1B1KBNR w KQkq - 0 4
Moves; a2a3 e7e5 e2e4 c7c5 f1e2 g8f6 g1f3 f8e7 e1g1 e8g8 b2b4 b8c6 c1b2 c8b7 c3d5 f6d5 e4d5 c6d4 f3d4 c5d4 e2f3 e7g5 d2d1 a8c8 f1e1 d8c7 e1e2 c7d7 d1b1 g5h6 b1a2 f8e8 a3a4 b5a4 a2a4 d7a4 a1a4 c8c7 f3g4 e8b8 b2a3 h6g5 a4a5 g5e7 g2g3 c7c3 f2f4 e7d8 a5a4 d8b6 f4e5 d6e5 a3b2 e5e4 b2c3 d4c3 g1f1 e4d3 c2d3 b7d5 a4a6 h7h6 g4d7 d5b3 f1e1 c3c2 e1d2 b6d4 b4b5 b8d8 d7f5 g7g6 f5e4 d4c5 a6c6 c5d4 b5b6 d4b2 c6c2 b3c2 d2c2 b2d4 b6b7 g8g7 e4c6 g7f6 e2e8 d8e8 c6e8 d4e5 d3d4 e5d6 c2d3 f6e6 d3c4 g6g5 e8c6 h6h5 c6d5 e6e7 d5e4 e7e6 e4d5 e6e7 d5f3 h5h4 g3h4 g5h4 h2h3 e7d7 c4d5 f7f5 d5c4 d7c7 c4d5 c7d7
Warning; PV continues after threefold repetition - move f3g2 from candidate
Info; info score cp 286 time 4 depth 17 nodes 20693 nps 4708304 pv f3h1 d6f4 d5c4 f4d6 h1f3 d7c7 c4d5 c7d7 f3g2 d6f4 g2h1 f4d6 h1f3 d6f4 d5c4 d7c7 f3g2 
Position; fen rnbqkbnr/2p1pppp/p2p4/1p6/8/2NP4/PPPQPPPP/R1B1KBNR w KQkq - 0 4
Moves; a2a3 e7e5 e2e4 c7c5 f1e2 g8f6 g1f3 f8e7 e1g1 e8g8 b2b4 b8c6 c1b2 c8b7 c3d5 f6d5 e4d5 c6d4 f3d4 c5d4 e2f3 e7g5 d2d1 a8c8 f1e1 d8c7 e1e2 c7d7 d1b1 g5h6 b1a2 f8e8 a3a4 b5a4 a2a4 d7a4 a1a4 c8c7 f3g4 e8b8 b2a3 h6g5 a4a5 g5e7 g2g3 c7c3 f2f4 e7d8 a5a4 d8b6 f4e5 d6e5 a3b2 e5e4 b2c3 d4c3 g1f1 e4d3 c2d3 b7d5 a4a6 h7h6 g4d7 d5b3 f1e1 c3c2 e1d2 b6d4 b4b5 b8d8 d7f5 g7g6 f5e4 d4c5 a6c6 c5d4 b5b6 d4b2 c6c2 b3c2 d2c2 b2d4 b6b7 g8g7 e4c6 g7f6 e2e8 d8e8 c6e8 d4e5 d3d4 e5d6 c2d3 f6e6 d3c4 g6g5 e8c6 h6h5 c6d5 e6e7 d5e4 e7e6 e4d5 e6e7 d5f3 h5h4 g3h4 g5h4 h2h3 e7d7 c4d5 f7f5 d5c4 d7c7 c4d5 c7d7
Warning; PV continues after threefold repetition - move f3h5 from candidate
Info; info score cp 286 time 10 depth 18 nodes 47587 nps 4758224 pv f3h1 d6f4 d5c4 f4d6 h1f3 d7c7 c4d5 c7d7 f3h5 d6f4 d5c5 d7c7 h5f3 f4d6 c5c4 d6a3 f3c6 a3d6 
Position; fen rnbqkbnr/2p1pppp/p2p4/1p6/8/2NP4/PPPQPPPP/R1B1KBNR w KQkq - 0 4
Moves; a2a3 e7e5 e2e4 c7c5 f1e2 g8f6 g1f3 f8e7 e1g1 e8g8 b2b4 b8c6 c1b2 c8b7 c3d5 f6d5 e4d5 c6d4 f3d4 c5d4 e2f3 e7g5 d2d1 a8c8 f1e1 d8c7 e1e2 c7d7 d1b1 g5h6 b1a2 f8e8 a3a4 b5a4 a2a4 d7a4 a1a4 c8c7 f3g4 e8b8 b2a3 h6g5 a4a5 g5e7 g2g3 c7c3 f2f4 e7d8 a5a4 d8b6 f4e5 d6e5 a3b2 e5e4 b2c3 d4c3 g1f1 e4d3 c2d3 b7d5 a4a6 h7h6 g4d7 d5b3 f1e1 c3c2 e1d2 b6d4 b4b5 b8d8 d7f5 g7g6 f5e4 d4c5 a6c6 c5d4 b5b6 d4b2 c6c2 b3c2 d2c2 b2d4 b6b7 g8g7 e4c6 g7f6 e2e8 d8e8 c6e8 d4e5 d3d4 e5d6 c2d3 f6e6 d3c4 g6g5 e8c6 h6h5 c6d5 e6e7 d5e4 e7e6 e4d5 e6e7 d5f3 h5h4 g3h4 g5h4 h2h3 e7d7 c4d5 f7f5 d5c4 d7c7 c4d5 c7d7
Warning; PV continues after threefold repetition - move f3g2 from candidate
Info; info score cp 286 time 13 depth 19 nodes 65927 nps 4753551 pv f3h1 d6f4 d5c4 f4d6 h1f3 d7c7 c4d5 c7d7 f3g2 d6f4 g2h1 f4d6 h1f3 d6f4 d5c4 d7c7 f3g2 f4d6 c4d5 
Position; fen rnbqkbnr/2p1pppp/p2p4/1p6/8/2NP4/PPPQPPPP/R1B1KBNR w KQkq - 0 4
Moves; a2a3 e7e5 e2e4 c7c5 f1e2 g8f6 g1f3 f8e7 e1g1 e8g8 b2b4 b8c6 c1b2 c8b7 c3d5 f6d5 e4d5 c6d4 f3d4 c5d4 e2f3 e7g5 d2d1 a8c8 f1e1 d8c7 e1e2 c7d7 d1b1 g5h6 b1a2 f8e8 a3a4 b5a4 a2a4 d7a4 a1a4 c8c7 f3g4 e8b8 b2a3 h6g5 a4a5 g5e7 g2g3 c7c3 f2f4 e7d8 a5a4 d8b6 f4e5 d6e5 a3b2 e5e4 b2c3 d4c3 g1f1 e4d3 c2d3 b7d5 a4a6 h7h6 g4d7 d5b3 f1e1 c3c2 e1d2 b6d4 b4b5 b8d8 d7f5 g7g6 f5e4 d4c5 a6c6 c5d4 b5b6 d4b2 c6c2 b3c2 d2c2 b2d4 b6b7 g8g7 e4c6 g7f6 e2e8 d8e8 c6e8 d4e5 d3d4 e5d6 c2d3 f6e6 d3c4 g6g5 e8c6 h6h5 c6d5 e6e7 d5e4 e7e6 e4d5 e6e7 d5f3 h5h4 g3h4 g5h4 h2h3 e7d7 c4d5 f7f5 d5c4 d7c7 c4d5 c7d7
Warning; PV continues after threefold repetition - move f3g2 from candidate
Info; info score cp 286 time 20 depth 20 nodes 96163 nps 4728242 pv f3h1 d6f4 d5c4 f4d6 h1f3 d7c7 c4d5 c7d7 f3g2 d6f4 g2h1 f4d6 h1f3 d6f4 d5c4 d7c7 f3g2 f4d6 c4d5 c7d7 
Position; fen rnbqkbnr/2p1pppp/p2p4/1p6/8/2NP4/PPPQPPPP/R1B1KBNR w KQkq - 0 4
Moves; a2a3 e7e5 e2e4 c7c5 f1e2 g8f6 g1f3 f8e7 e1g1 e8g8 b2b4 b8c6 c1b2 c8b7 c3d5 f6d5 e4d5 c6d4 f3d4 c5d4 e2f3 e7g5 d2d1 a8c8 f1e1 d8c7 e1e2 c7d7 d1b1 g5h6 b1a2 f8e8 a3a4 b5a4 a2a4 d7a4 a1a4 c8c7 f3g4 e8b8 b2a3 h6g5 a4a5 g5e7 g2g3 c7c3 f2f4 e7d8 a5a4 d8b6 f4e5 d6e5 a3b2 e5e4 b2c3 d4c3 g1f1 e4d3 c2d3 b7d5 a4a6 h7h6 g4d7 d5b3 f1e1 c3c2 e1d2 b6d4 b4b5 b8d8 d7f5 g7g6 f5e4 d4c5 a6c6 c5d4 b5b6 d4b2 c6c2 b3c2 d2c2 b2d4 b6b7 g8g7 e4c6 g7f6 e2e8 d8e8 c6e8 d4e5 d3d4 e5d6 c2d3 f6e6 d3c4 g6g5 e8c6 h6h5 c6d5 e6e7 d5e4 e7e6 e4d5 e6e7 d5f3 h5h4 g3h4 g5h4 h2h3 e7d7 c4d5 f7f5 d5c4 d7c7 c4d5 c7d7
Warning; PV continues after threefold repetition - move f3g2 from candidate
Info; info score cp 286 time 28 depth 21 nodes 134749 nps 4705744 pv f3h1 d6f4 d5c4 f4d6 h1f3 d7c7 c4d5 c7d7 f3g2 d6f4 g2h1 f4d6 h1f3 d6f4 d5c4 d7c7 f3g2 f4d6 c4d5 c7d7 g2f1 
Position; fen rnbqkbnr/2p1pppp/p2p4/1p6/8/2NP4/PPPQPPPP/R1B1KBNR w KQkq - 0 4
Moves; a2a3 e7e5 e2e4 c7c5 f1e2 g8f6 g1f3 f8e7 e1g1 e8g8 b2b4 b8c6 c1b2 c8b7 c3d5 f6d5 e4d5 c6d4 f3d4 c5d4 e2f3 e7g5 d2d1 a8c8 f1e1 d8c7 e1e2 c7d7 d1b1 g5h6 b1a2 f8e8 a3a4 b5a4 a2a4 d7a4 a1a4 c8c7 f3g4 e8b8 b2a3 h6g5 a4a5 g5e7 g2g3 c7c3 f2f4 e7d8 a5a4 d8b6 f4e5 d6e5 a3b2 e5e4 b2c3 d4c3 g1f1 e4d3 c2d3 b7d5 a4a6 h7h6 g4d7 d5b3 f1e1 c3c2 e1d2 b6d4 b4b5 b8d8 d7f5 g7g6 f5e4 d4c5 a6c6 c5d4 b5b6 d4b2 c6c2 b3c2 d2c2 b2d4 b6b7 g8g7 e4c6 g7f6 e2e8 d8e8 c6e8 d4e5 d3d4 e5d6 c2d3 f6e6 d3c4 g6g5 e8c6 h6h5 c6d5 e6e7 d5e4 e7e6 e4d5 e6e7 d5f3 h5h4 g3h4 g5h4 h2h3 e7d7 c4d5 f7f5 d5c4 d7c7 c4d5 c7d7
Warning; PV continues after threefold repetition - move f3g2 from candidate
Info; info score cp 286 time 43 depth 22 nodes 202483 nps 4651253 pv f3h1 d6f4 d5c4 f4d6 h1f3 d7c7 c4d5 c7d7 f3g2 d6f4 g2h1 f4d6 h1f3 d6f4 d5c4 d7c7 f3g2 f4d6 c4d5 c7d7 g2f1 d6f4 
Position; fen rnbqkbnr/2p1pppp/p2p4/1p6/8/2NP4/PPPQPPPP/R1B1KBNR w KQkq - 0 4
Moves; a2a3 e7e5 e2e4 c7c5 f1e2 g8f6 g1f3 f8e7 e1g1 e8g8 b2b4 b8c6 c1b2 c8b7 c3d5 f6d5 e4d5 c6d4 f3d4 c5d4 e2f3 e7g5 d2d1 a8c8 f1e1 d8c7 e1e2 c7d7 d1b1 g5h6 b1a2 f8e8 a3a4 b5a4 a2a4 d7a4 a1a4 c8c7 f3g4 e8b8 b2a3 h6g5 a4a5 g5e7 g2g3 c7c3 f2f4 e7d8 a5a4 d8b6 f4e5 d6e5 a3b2 e5e4 b2c3 d4c3 g1f1 e4d3 c2d3 b7d5 a4a6 h7h6 g4d7 d5b3 f1e1 c3c2 e1d2 b6d4 b4b5 b8d8 d7f5 g7g6 f5e4 d4c5 a6c6 c5d4 b5b6 d4b2 c6c2 b3c2 d2c2 b2d4 b6b7 g8g7 e4c6 g7f6 e2e8 d8e8 c6e8 d4e5 d3d4 e5d6 c2d3 f6e6 d3c4 g6g5 e8c6 h6h5 c6d5 e6e7 d5e4 e7e6 e4d5 e6e7 d5f3 h5h4 g3h4 g5h4 h2h3 e7d7 c4d5 f7f5 d5c4 d7c7 c4d5 c7d7
Warning; PV continues after threefold repetition - move f3g2 from candidate
Info; info score cp 286 time 58 depth 23 nodes 273527 nps 4644868 pv f3h1 d6f4 d5c4 f4d6 h1f3 d7c7 c4d5 c7d7 f3g2 d6f4 g2h1 f4d6 h1f3 d6f4 d5c4 d7c7 f3g2 f4g3 c4d3 g3d6 g2d5 d6e7 d3c4 
Position; fen rnbqkbnr/2p1pppp/p2p4/1p6/8/2NP4/PPPQPPPP/R1B1KBNR w KQkq - 0 4
Moves; a2a3 e7e5 e2e4 c7c5 f1e2 g8f6 g1f3 f8e7 e1g1 e8g8 b2b4 b8c6 c1b2 c8b7 c3d5 f6d5 e4d5 c6d4 f3d4 c5d4 e2f3 e7g5 d2d1 a8c8 f1e1 d8c7 e1e2 c7d7 d1b1 g5h6 b1a2 f8e8 a3a4 b5a4 a2a4 d7a4 a1a4 c8c7 f3g4 e8b8 b2a3 h6g5 a4a5 g5e7 g2g3 c7c3 f2f4 e7d8 a5a4 d8b6 f4e5 d6e5 a3b2 e5e4 b2c3 d4c3 g1f1 e4d3 c2d3 b7d5 a4a6 h7h6 g4d7 d5b3 f1e1 c3c2 e1d2 b6d4 b4b5 b8d8 d7f5 g7g6 f5e4 d4c5 a6c6 c5d4 b5b6 d4b2 c6c2 b3c2 d2c2 b2d4 b6b7 g8g7 e4c6 g7f6 e2e8 d8e8 c6e8 d4e5 d3d4 e5d6 c2d3 f6e6 d3c4 g6g5 e8c6 h6h5 c6d5 e6e7 d5e4 e7e6 e4d5 e6e7 d5f3 h5h4 g3h4 g5h4 h2h3 e7d7 c4d5 f7f5 d5c4 d7c7 c4d5 c7d7
Warning; PV continues after threefold repetition - move f3g2 from candidate
Info; info score cp 286 time 97 depth 24 nodes 449669 nps 4628891 pv f3h1 d6f4 d5c4 f4d6 h1f3 d7c7 c4d5 c7d7 f3g2 d6g3 d5c4 d7e7 g2d5 e7d7 c4d3 g3f4 d5f3 d7c7 d3c3 f4d6 f3d5 d6a3 c3d3 a3e7 
Position; fen rnbqkbnr/2p1pppp/p2p4/1p6/8/2NP4/PPPQPPPP/R1B1KBNR w KQkq - 0 4
Moves; a2a3 e7e5 e2e4 c7c5 f1e2 g8f6 g1f3 f8e7 e1g1 e8g8 b2b4 b8c6 c1b2 c8b7 c3d5 f6d5 e4d5 c6d4 f3d4 c5d4 e2f3 e7g5 d2d1 a8c8 f1e1 d8c7 e1e2 c7d7 d1b1 g5h6 b1a2 f8e8 a3a4 b5a4 a2a4 d7a4 a1a4 c8c7 f3g4 e8b8 b2a3 h6g5 a4a5 g5e7 g2g3 c7c3 f2f4 e7d8 a5a4 d8b6 f4e5 d6e5 a3b2 e5e4 b2c3 d4c3 g1f1 e4d3 c2d3 b7d5 a4a6 h7h6 g4d7 d5b3 f1e1 c3c2 e1d2 b6d4 b4b5 b8d8 d7f5 g7g6 f5e4 d4c5 a6c6 c5d4 b5b6 d4b2 c6c2 b3c2 d2c2 b2d4 b6b7 g8g7 e4c6 g7f6 e2e8 d8e8 c6e8 d4e5 d3d4 e5d6 c2d3 f6e6 d3c4 g6g5 e8c6 h6h5 c6d5 e6e7 d5e4 e7e6 e4d5 e6e7 d5f3 h5h4 g3h4 g5h4 h2h3 e7d7 c4d5 f7f5 d5c4 d7c7 c4d5 c7d7
Warning; PV continues after threefold repetition - move d5c4 from ref-5047070
Info; info score cp -285 time 0 depth 7 nodes 3074 nps 4707503 pv d6h2 h1f3 h2d6 d5c4 d7c7 c4d3 c7b6 
Position; fen rnbqkbnr/2p1pppp/p2p4/1p6/8/2NP4/PPPQPPPP/R1B1KBNR w KQkq - 0 4
Moves; a2a3 e7e5 e2e4 c7c5 f1e2 g8f6 g1f3 f8e7 e1g1 e8g8 b2b4 b8c6 c1b2 c8b7 c3d5 f6d5 e4d5 c6d4 f3d4 c5d4 e2f3 e7g5 d2d1 a8c8 f1e1 d8c7 e1e2 c7d7 d1b1 g5h6 b1a2 f8e8 a3a4 b5a4 a2a4 d7a4 a1a4 c8c7 f3g4 e8b8 b2a3 h6g5 a4a5 g5e7 g2g3 c7c3 f2f4 e7d8 a5a4 d8b6 f4e5 d6e5 a3b2 e5e4 b2c3 d4c3 g1f1 e4d3 c2d3 b7d5 a4a6 h7h6 g4d7 d5b3 f1e1 c3c2 e1d2 b6d4 b4b5 b8d8 d7f5 g7g6 f5e4 d4c5 a6c6 c5d4 b5b6 d4b2 c6c2 b3c2 d2c2 b2d4 b6b7 g8g7 e4c6 g7f6 e2e8 d8e8 c6e8 d4e5 d3d4 e5d6 c2d3 f6e6 d3c4 g6g5 e8c6 h6h5 c6d5 e6e7 d5e4 e7e6 e4d5 e6e7 d5f3 h5h4 g3h4 g5h4 h2h3 e7d7 c4d5 f7f5 d5c4 d7c7 c4d5 c7d7 f3h1
Warning; PV continues after threefold repetition - move d5c4 from ref-5047070
Info; info score cp -286 time 0 depth 8 nodes 4010 nps 4690058 pv d6h2 h1f3 h2d6 d5c4 d7c7 c4d3 c7b6 d3c3 
Position; fen rnbqkbnr/2p1pppp/p2p4/1p6/8/2NP4/PPPQPPPP/R1B1KBNR w KQkq - 0 4
Moves; a2a3 e7e5 e2e4 c7c5 f1e2 g8f6 g1f3 f8e7 e1g1 e8g8 b2b4 b8c6 c1b2 c8b7 c3d5 f6d5 e4d5 c6d4 f3d4 c5d4 e2f3 e7g5 d2d1 a8c8 f1e1 d8c7 e1e2 c7d7 d1b1 g5h6 b1a2 f8e8 a3a4 b5a4 a2a4 d7a4 a1a4 c8c7 f3g4 e8b8 b2a3 h6g5 a4a5 g5e7 g2g3 c7c3 f2f4 e7d8 a5a4 d8b6 f4e5 d6e5 a3b2 e5e4 b2c3 d4c3 g1f1 e4d3 c2d3 b7d5 a4a6 h7h6 g4d7 d5b3 f1e1 c3c2 e1d2 b6d4 b4b5 b8d8 d7f5 g7g6 f5e4 d4c5 a6c6 c5d4 b5b6 d4b2 c6c2 b3c2 d2c2 b2d4 b6b7 g8g7 e4c6 g7f6 e2e8 d8e8 c6e8 d4e5 d3d4 e5d6 c2d3 f6e6 d3c4 g6g5 e8c6 h6h5 c6d5 e6e7 d5e4 e7e6 e4d5 e6e7 d5f3 h5h4 g3h4 g5h4 h2h3 e7d7 c4d5 f7f5 d5c4 d7c7 c4d5 c7d7 f3h1
Warning; PV continues after threefold repetition - move d5c4 from ref-5047070
Info; info score cp -285 time 1 depth 9 nodes 4924 nps 4720997 pv d6h2 h1f3 h2d6 d5c4 d7c7 c4d3 c7b6 f3d5 b6a5 
Position; fen rnbqkbnr/2p1pppp/p2p4/1p6/8/2NP4/PPPQPPPP/R1B1KBNR w KQkq - 0 4
Moves; a2a3 e7e5 e2e4 c7c5 f1e2 g8f6 g1f3 f8e7 e1g1 e8g8 b2b4 b8c6 c1b2 c8b7 c3d5 f6d5 e4d5 c6d4 f3d4 c5d4 e2f3 e7g5 d2d1 a8c8 f1e1 d8c7 e1e2 c7d7 d1b1 g5h6 b1a2 f8e8 a3a4 b5a4 a2a4 d7a4 a1a4 c8c7 f3g4 e8b8 b2a3 h6g5 a4a5 g5e7 g2g3 c7c3 f2f4 e7d8 a5a4 d8b6 f4e5 d6e5 a3b2 e5e4 b2c3 d4c3 g1f1 e4d3 c2d3 b7d5 a4a6 h7h6 g4d7 d5b3 f1e1 c3c2 e1d2 b6d4 b4b5 b8d8 d7f5 g7g6 f5e4 d4c5 a6c6 c5d4 b5b6 d4b2 c6c2 b3c2 d2c2 b2d4 b6b7 g8g7 e4c6 g7f6 e2e8 d8e8 c6e8 d4e5 d3d4 e5d6 c2d3 f6e6 d3c4 g6g5 e8c6 h6h5 c6d5 e6e7 d5e4 e7e6 e4d5 e6e7 d5f3 h5h4 g3h4 g5h4 h2h3 e7d7 c4d5 f7f5 d5c4 d7c7 c4d5 c7d7 f3h1
Warning; PV continues after threefold repetition - move d5c4 from ref-5047070
Info; info score cp -285 time 1 depth 10 nodes 6573 nps 4843773 pv d6h2 h1f3 h2d6 d5c4 d7c7 c4d3 c7b6 f3d5 d6f4 d3c2 
Position; fen rnbqkbnr/2p1pppp/p2p4/1p6/8/2NP4/PPPQPPPP/R1B1KBNR w KQkq - 0 4
Moves; a2a3 e7e5 e2e4 c7c5 f1e2 g8f6 g1f3 f8e7 e1g1 e8g8 b2b4 b8c6 c1b2 c8b7 c3d5 f6d5 e4d5 c6d4 f3d4 c5d4 e2f3 e7g5 d2d1 a8c8 f1e1 d8c7 e1e2 c7d7 d1b1 g5h6 b1a2 f8e8 a3a4 b5a4 a2a4 d7a4 a1a4 c8c7 f3g4 e8b8 b2a3 h6g5 a4a5 g5e7 g2g3 c7c3 f2f4 e7d8 a5a4 d8b6 f4e5 d6e5 a3b2 e5e4 b2c3 d4c3 g1f1 e4d3 c2d3 b7d5 a4a6 h7h6 g4d7 d5b3 f1e1 c3c2 e1d2 b6d4 b4b5 b8d8 d7f5 g7g6 f5e4 d4c5 a6c6 c5d4 b5b6 d4b2 c6c2 b3c2 d2c2 b2d4 b6b7 g8g7 e4c6 g7f6 e2e8 d8e8 c6e8 d4e5 d3d4 e5d6 c2d3 f6e6 d3c4 g6g5 e8c6 h6h5 c6d5 e6e7 d5e4 e7e6 e4d5 e6e7 d5f3 h5h4 g3h4 g5h4 h2h3 e7d7 c4d5 f7f5 d5c4 d7c7 c4d5 c7d7 f3h1
Warning; PV continues after threefold repetition - move f3h1 from candidate
Info; info score cp 286 time 0 depth 9 nodes 1256 nps 3101234 pv h1g2 f4g3 d5c4 g3d6 g2f3 d7c7 c4d5 c7d7 f3h1 
Position; fen rnbqkbnr/2p1pppp/p2p4/1p6/8/2NP4/PPPQPPPP/R1B1KBNR w KQkq - 0 4
Moves; a2a3 e7e5 e2e4 c7c5 f1e2 g8f6 g1f3 f8e7 e1g1 e8g8 b2b4 b8c6 c1b2 c8b7 c3d5 f6d5 e4d5 c6d4 f3d4 c5d4 e2f3 e7g5 d2d1 a8c8 f1e1 d8c7 e1e2 c7d7 d1b1 g5h6 b1a2 f8e8 a3a4 b5a4 a2a4 d7a4 a1a4 c8c7 f3g4 e8b8 b2a3 h6g5 a4a5 g5e7 g2g3 c7c3 f2f4 e7d8 a5a4 d8b6 f4e5 d6e5 a3b2 e5e4 b2c3 d4c3 g1f1 e4d3 c2d3 b7d5 a4a6 h7h6 g4d7 d5b3 f1e1 c3c2 e1d2 b6d4 b4b5 b8d8 d7f5 g7g6 f5e4 d4c5 a6c6 c5d4 b5b6 d4b2 c6c2 b3c2 d2c2 b2d4 b6b7 g8g7 e4c6 g7f6 e2e8 d8e8 c6e8 d4e5 d3d4 e5d6 c2d3 f6e6 d3c4 g6g5 e8c6 h6h5 c6d5 e6e7 d5e4 e7e6 e4d5 e6e7 d5f3 h5h4 g3h4 g5h4 h2h3 e7d7 c4d5 f7f5 d5c4 d7c7 c4d5 c7d7 f3h1 d6f4
Warning; PV continues after threefold repetition - move f3h5 from candidate
Info; info score cp 286 time 3 depth 15 nodes 15608 nps 4463254 pv h1g2 f4g3 d5c4 g3d6 g2f3 d7c7 c4d5 c7d7 f3h5 d6f4 d5c5 d7c7 h5f3 c7d7 c5b5 
Position; fen rnbqkbnr/2p1pppp/p2p4/1p6/8/2NP4/PPPQPPPP/R1B1KBNR w KQkq - 0 4
Moves; a2a3 e7e5 e2e4 c7c5 f1e2 g8f6 g1f3 f8e7 e1g1 e8g8 b2b4 b8c6 c1b2 c8b7 c3d5 f6d5 e4d5 c6d4 f3d4 c5d4 e2f3 e7g5 d2d1 a8c8 f1e1 d8c7 e1e2 c7d7 d1b1 g5h6 b1a2 f8e8 a3a4 b5a4 a2a4 d7a4 a1a4 c8c7 f3g4 e8b8 b2a3 h6g5 a4a5 g5e7 g2g3 c7c3 f2f4 e7d8 a5a4 d8b6 f4e5 d6e5 a3b2 e5e4 b2c3 d4c3 g1f1 e4d3 c2d3 b7d5 a4a6 h7h6 g4d7 d5b3 f1e1 c3c2 e1d2 b6d4 b4b5 b8d8 d7f5 g7g6 f5e4 d4c5 a6c6 c5d4 b5b6 d4b2 c6c2 b3c2 d2c2 b2d4 b6b7 g8g7 e4c6 g7f6 e2e8 d8e8 c6e8 d4e5 d3d4 e5d6 c2d3 f6e6 d3c4 g6g5 e8c6 h6h5 c6d5 e6e7 d5e4 e7e6 e4d5 e6e7 d5f3 h5h4 g3h4 g5h4 h2h3 e7d7 c4d5 f7f5 d5c4 d7c7 c4d5 c7d7 f3h1 d6f4
Warning; PV continues after threefold repetition - move f3h5 from candidate
Info; info score cp 286 time 4 depth 16 nodes 18447 nps 4521323 pv h1g2 f4g3 d5c4 g3d6 g2f3 d7c7 c4d5 c7d7 f3h5 d6f4 d5c5 d7c7 h5f3 f4d6 c5c4 c7d7 
Position; fen rnbqkbnr/2p1pppp/p2p4/1p6/8/2NP4/PPPQPPPP/R1B1KBNR w KQkq - 0 4
Moves; a2a3 e7e5 e2e4 c7c5 f1e2 g8f6 g1f3 f8e7 e1g1 e8g8 b2b4 b8c6 c1b2 c8b7 c3d5 f6d5 e4d5 c6d4 f3d4 c5d4 e2f3 e7g5 d2d1 a8c8 f1e1 d8c7 e1e2 c7d7 d1b1 g5h6 b1a2 f8e8 a3a4 b5a4 a2a4 d7a4 a1a4 c8c7 f3g4 e8b8 b2a3 h6g5 a4a5 g5e7 g2g3 c7c3 f2f4 e7d8 a5a4 d8b6 f4e5 d6e5 a3b2 e5e4 b2c3 d4c3 g1f1 e4d3 c2d3 b7d5 a4a6 h7h6 g4d7 d5b3 f1e1 c3c2 e1d2 b6d4 b4b5 b8d8 d7f5 g7g6 f5e4 d4c5 a6c6 c5d4 b5b6 d4b2 c6c2 b3c2 d2c2 b2d4 b6b7 g8g7 e4c6 g7f6 e2e8 d8e8 c6e8 d4e5 d3d4 e5d6 c2d3 f6e6 d3c4 g6g5 e8c6 h6h5 c6d5 e6e7 d5e4 e7e6 e4d5 e6e7 d5f3 h5h4 g3h4 g5h4 h2h3 e7d7 c4d5 f7f5 d5c4 d7c7 c4d5 c7d7 f3h1 d6f4
Warning; PV continues after threefold repetition - move f3h5 from candidate
Info; info score cp 286 time 5 depth 17 nodes 23308 nps 4576477 pv h1g2 f4g3 d5c4 g3d6 g2f3 d7c7 c4d5 c7d7 f3h5 d6f4 d5c5 d7c7 h5f3 f4d6 c5c4 c7d7 f3d5 
Position; fen rnbqkbnr/2p1pppp/p2p4/1p6/8/2NP4/PPPQPPPP/R1B1KBNR w KQkq - 0 4
Moves; a2a3 e7e5 e2e4 c7c5 f1e2 g8f6 g1f3 f8e7 e1g1 e8g8 b2b4 b8c6 c1b2 c8b7 c3d5 f6d5 e4d5 c6d4 f3d4 c5d4 e2f3 e7g5 d2d1 a8c8 f1e1 d8c7 e1e2 c7d7 d1b1 g5h6 b1a2 f8e8 a3a4 b5a4 a2a4 d7a4 a1a4 c8c7 f3g4 e8b8 b2a3 h6g5 a4a5 g5e7 g2g3 c7c3 f2f4 e7d8 a5a4 d8b6 f4e5 d6e5 a3b2 e5e4 b2c3 d4c3 g1f1 e4d3 c2d3 b7d5 a4a6 h7h6 g4d7 d5b3 f1e1 c3c2 e1d2 b6d4 b4b5 b8d8 d7f5 g7g6 f5e4 d4c5 a6c6 c5d4 b5b6 d4b2 c6c2 b3c2 d2c2 b2d4 b6b7 g8g7 e4c6 g7f6 e2e8 d8e8 c6e8 d4e5 d3d4 e5d6 c2d3 f6e6 d3c4 g6g5 e8c6 h6h5 c6d5 e6e7 d5e4 e7e6 e4d5 e6e7 d5f3 h5h4 g3h4 g5h4 h2h3 e7d7 c4d5 f7f5 d5c4 d7c7 c4d5 c7d7 f3h1 d6f4
Warning; PV continues after threefold repetition - move f3h5 from candidate
Info; info score cp 286 time 6 depth 18 nodes 30393 nps 4605697 pv h1g2 f4g3 d5c4 g3d6 g2f3 d7c7 c4d5 c7d7 f3h5 d6f4 d5c5 d7c7 h5f3 f4d6 c5c4 c7d7 f3d5 d7c7 
Position; fen rnbqkbnr/2p1pppp/p2p4/1p6/8/2NP4/PPPQPPPP/R1B1KBNR w KQkq - 0 4
Moves; a2a3 e7e5 e2e4 c7c5 f1e2 g8f6 g1f3 f8e7 e1g1 e8g8 b2b4 b8c6 c1b2 c8b7 c3d5 f6d5 e4d5 c6d4 f3d4 c5d4 e2f3 e7g5 d2d1 a8c8 f1e1 d8c7 e1e2 c7d7 d1b1 g5h6 b1a2 f8e8 a3a4 b5a4 a2a4 d7a4 a1a4 c8c7 f3g4 e8b8 b2a3 h6g5 a4a5 g5e7 g2g3 c7c3 f2f4 e7d8 a5a4 d8b6 f4e5 d6e5 a3b2 e5e4 b2c3 d4c3 g1f1 e4d3 c2d3 b7d5 a4a6 h7h6 g4d7 d5b3 f1e1 c3c2 e1d2 b6d4 b4b5 b8d8 d7f5 g7g6 f5e4 d4c5 a6c6 c5d4 b5b6 d4b2 c6c2 b3c2 d2c2 b2d4 b6b7 g8g7 e4c6 g7f6 e2e8 d8e8 c6e8 d4e5 d3d4 e5d6 c2d3 f6e6 d3c4 g6g5 e8c6 h6h5 c6d5 e6e7 d5e4 e7e6 e4d5 e6e7 d5f3 h5h4 g3h4 g5h4 h2h3 e7d7 c4d5 f7f5 d5c4 d7c7 c4d5 c7d7 f3h1 d6f4
Warning; PV continues after threefold repetition - move f3h1 from candidate
Info; info score cp 286 time 9 depth 19 nodes 43641 nps 4689555 pv h1g2 f4g3 d5c4 g3d6 g2f3 d7c7 c4d5 c7d7 f3h1 d6c7 d5c4 c7d6 h1d5 d7c7 c4c3 d6f8 c3d3 f8a3 d3c3 
Position; fen rnbqkbnr/2p1pppp/p2p4/1p6/8/2NP4/PPPQPPPP/R1B1KBNR w KQkq - 0 4
Moves; a2a3 e7e5 e2e4 c7c5 f1e2 g8f6 g1f3 f8e7 e1g1 e8g8 b2b4 b8c6 c1b2 c8b7 c3d5 f6d5 e4d5 c6d4 f3d4 c5d4 e2f3 e7g5 d2d1 a8c8 f1e1 d8c7 e1e2 c7d7 d1b1 g5h6 b1a2 f8e8 a3a4 b5a4 a2a4 d7a4 a1a4 c8c7 f3g4 e8b8 b2a3 h6g5 a4a5 g5e7 g2g3 c7c3 f2f4 e7d8 a5a4 d8b6 f4e5 d6e5 a3b2 e5e4 b2c3 d4c3 g1f1 e4d3 c2d3 b7d5 a4a6 h7h6 g4d7 d5b3 f1e1 c3c2 e1d2 b6d4 b4b5 b8d8 d7f5 g7g6 f5e4 d4c5 a6c6 c5d4 b5b6 d4b2 c6c2 b3c2 d2c2 b2d4 b6b7 g8g7 e4c6 g7f6 e2e8 d8e8 c6e8 d4e5 d3d4 e5d6 c2d3 f6e6 d3c4 g6g5 e8c6 h6h5 c6d5 e6e7 d5e4 e7e6 e4d5 e6e7 d5f3 h5h4 g3h4 g5h4 h2h3 e7d7 c4d5 f7f5 d5c4 d7c7 c4d5 c7d7 f3h1 d6f4
Warning; PV continues after threefold repetition - move f3h1 from candidate
Info; info score cp 286 time 12 depth 20 nodes 57048 nps 4700725 pv h1g2 f4g3 d5c4 g3d6 g2f3 d7c7 c4d5 c7d7 f3h1 d6c7 d5c4 c7d6 h1d5 d7c7 c4c3 d6f8 c3d3 f8a3 d3e3 a3d6 
Position; fen rnbqkbnr/2p1pppp/p2p4/1p6/8/2NP4/PPPQPPPP/R1B1KBNR w KQkq - 0 4
Moves; a2a3 e7e5 e2e4 c7c5 f1e2 g8f6 g1f3 f8e7 e1g1 e8g8 b2b4 b8c6 c1b2 c8b7 c3d5 f6d5 e4d5 c6d4 f3d4 c5d4 e2f3 e7g5 d2d1 a8c8 f1e1 d8c7 e1e2 c7d7 d1b1 g5h6 b1a2 f8e8 a3a4 b5a4 a2a4 d7a4 a1a4 c8c7 f3g4 e8b8 b2a3 h6g5 a4a5 g5e7 g2g3 c7c3 f2f4 e7d8 a5a4 d8b6 f4e5 d6e5 a3b2 e5e4 b2c3 d4c3 g1f1 e4d3 c2d3 b7d5 a4a6 h7h6 g4d7 d5b3 f1e1 c3c2 e1d2 b6d4 b4b5 b8d8 d7f5 g7g6 f5e4 d4c5 a6c6 c5d4 b5b6 d4b2 c6c2 b3c2 d2c2 b2d4 b6b7 g8g7 e4c6 g7f6 e2e8 d8e8 c6e8 d4e5 d3d4 e5d6 c2d3 f6e6 d3c4 g6g5 e8c6 h6h5 c6d5 e6e7 d5e4 e7e6 e4d5 e6e7 d5f3 h5h4 g3h4 g5h4 h2h3 e7d7 c4d5 f7f5 d5c4 d7c7 c4d5 c7d7 f3h1 d6f4
Warning; PV continues after threefold repetition - move f3h1 from candidate
Info; info score cp 286 time 15 depth 21 nodes 73700 nps 4700554 pv h1g2 f4g3 d5c4 g3d6 g2f3 d7c7 c4d5 c7d7 f3h1 d6c7 d5c4 c7d6 h1d5 d7c7 c4c3 d6f8 c3d3 f8a3 d3e3 a3d6 e3f3 
Position; fen rnbqkbnr/2p1pppp/p2p4/1p6/8/2NP4/PPPQPPPP/R1B1KBNR w KQkq - 0 4
Moves; a2a3 e7e5 e2e4 c7c5 f1e2 g8f6 g1f3 f8e7 e1g1 e8g8 b2b4 b8c6 c1b2 c8b7 c3d5 f6d5 e4d5 c6d4 f3d4 c5d4 e2f3 e7g5 d2d1 a8c8 f1e1 d8c7 e1e2 c7d7 d1b1 g5h6 b1a2 f8e8 a3a4 b5a4 a2a4 d7a4 a1a4 c8c7 f3g4 e8b8 b2a3 h6g5 a4a5 g5e7 g2g3 c7c3 f2f4 e7d8 a5a4 d8b6 f4e5 d6e5 a3b2 e5e4 b2c3 d4c3 g1f1 e4d3 c2d3 b7d5 a4a6 h7h6 g4d7 d5b3 f1e1 c3c2 e1d2 b6d4 b4b5 b8d8 d7f5 g7g6 f5e4 d4c5 a6c6 c5d4 b5b6 d4b2 c6c2 b3c2 d2c2 b2d4 b6b7 g8g7 e4c6 g7f6 e2e8 d8e8 c6e8 d4e5 d3d4 e5d6 c2d3 f6e6 d3c4 g6g5 e8c6 h6h5 c6d5 e6e7 d5e4 e7e6 e4d5 e6e7 d5f3 h5h4 g3h4 g5h4 h2h3 e7d7 c4d5 f7f5 d5c4 d7c7 c4d5 c7d7 f3h1 d6f4
Warning; PV continues after threefold repetition - move f3h1 from candidate
Info; info score cp 286 time 19 depth 22 nodes 90998 nps 4696428 pv h1g2 f4g3 d5c4 g3d6 g2f3 d7c7 c4d5 c7d7 f3h1 d6c7 d5c4 c7d6 h1d5 d7c7 c4c3 d6f8 c3d3 f8a3 d3e3 a3d6 d5g2 c7b6 
Position; fen rnbqkbnr/2p1pppp/p2p4/1p6/8/2NP4/PPPQPPPP/R1B1KBNR w KQkq - 0 4
Moves; a2a3 e7e5 e2e4 c7c5 f1e2 g8f6 g1f3 f8e7 e1g1 e8g8 b2b4 b8c6 c1b2 c8b7 c3d5 f6d5 e4d5 c6d4 f3d4 c5d4 e2f3 e7g5 d2d1 a8c8 f1e1 d8c7 e1e2 c7d7 d1b1 g5h6 b1a2 f8e8 a3a4 b5a4 a2a4 d7a4 a1a4 c8c7 f3g4 e8b8 b2a3 h6g5 a4a5 g5e7 g2g3 c7c3 f2f4 e7d8 a5a4 d8b6 f4e5 d6e5 a3b2 e5e4 b2c3 d4c3 g1f1 e4d3 c2d3 b7d5 a4a6 h7h6 g4d7 d5b3 f1e1 c3c2 e1d2 b6d4 b4b5 b8d8 d7f5 g7g6 f5e4 d4c5 a6c6 c5d4 b5b6 d4b2 c6c2 b3c2 d2c2 b2d4 b6b7 g8g7 e4c6 g7f6 e2e8 d8e8 c6e8 d4e5 d3d4 e5d6 c2d3 f6e6 d3c4 g6g5 e8c6 h6h5 c6d5 e6e7 d5e4 e7e6 e4d5 e6e7 d5f3 h5h4 g3h4 g5h4 h2h3 e7d7 c4d5 f7f5 d5c4 d7c7 c4d5 c7d7 f3h1 d6f4
Warning; PV continues after threefold repetition - move f3h1 from candidate
Info; info score cp 286 time 25 depth 23 nodes 117701 nps 4678844 pv h1g2 f4g3 d5c4 g3d6 g2f3 d7c7 c4d5 c7d7 f3h1 d6c7 d5c4 c7d6 h1d5 d7c7 c4c3 d6f8 c3d3 f8a3 d5g2 a3f8 d3e3 f8h6 e3e2 
Position; fen rnbqkbnr/2p1pppp/p2p4/1p6/8/2NP4/PPPQPPPP/R1B1KBNR w KQkq - 0 4
Moves; a2a3 e7e5 e2e4 c7c5 f1e2 g8f6 g1f3 f8e7 e1g1 e8g8 b2b4 b8c6 c1b2 c8b7 c3d5 f6d5 e4d5 c6d4 f3d4 c5d4 e2f3 e7g5 d2d1 a8c8 f1e1 d8c7 e1e2 c7d7 d1b1 g5h6 b1a2 f8e8 a3a4 b5a4 a2a4 d7a4 a1a4 c8c7 f3g4 e8b8 b2a3 h6g5 a4a5 g5e7 g2g3 c7c3 f2f4 e7d8 a5a4 d8b6 f4e5 d6e5 a3b2 e5e4 b2c3 d4c3 g1f1 e4d3 c2d3 b7d5 a4a6 h7h6 g4d7 d5b3 f1e1 c3c2 e1d2 b6d4 b4b5 b8d8 d7f5 g7g6 f5e4 d4c5 a6c6 c5d4 b5b6 d4b2 c6c2 b3c2 d2c2 b2d4 b6b7 g8g7 e4c6 g7f6 e2e8 d8e8 c6e8 d4e5 d3d4 e5d6 c2d3 f6e6 d3c4 g6g5 e8c6 h6h5 c6d5 e6e7 d5e4 e7e6 e4d5 e6e7 d5f3 h5h4 g3h4 g5h4 h2h3 e7d7 c4d5 f7f5 d5c4 d7c7 c4d5 c7d7 f3h1 d6f4
Warning; PV continues after threefold repetition - move f3h1 from candidate
Info; info score cp 286 time 41 depth 24 nodes 194198 nps 4645774 pv h1g2 f4g3 d5c4 g3d6 g2f3 d7c7 c4d5 c7d7 f3h1 d6c7 d5c4 c7d6 c4d3 d6b8 h1d5 b8d6 d3e2 d7c7 e2e3 c7b6 d5f3 b6c7 f3g2 c7b6 
Position; fen rnbqkbnr/2p1pppp/p2p4/1p6/8/2NP4/PPPQPPPP/R1B1KBNR w KQkq - 0 4
Moves; a2a3 e7e5 e2e4 c7c5 f1e2 g8f6 g1f3 f8e7 e1g1 e8g8 b2b4 b8c6 c1b2 c8b7 c3d5 f6d5 e4d5 c6d4 f3d4 c5d4 e2f3 e7g5 d2d1 a8c8 f1e1 d8c7 e1e2 c7d7 d1b1 g5h6 b1a2 f8e8 a3a4 b5a4 a2a4 d7a4 a1a4 c8c7 f3g4 e8b8 b2a3 h6g5 a4a5 g5e7 g2g3 c7c3 f2f4 e7d8 a5a4 d8b6 f4e5 d6e5 a3b2 e5e4 b2c3 d4c3 g1f1 e4d3 c2d3 b7d5 a4a6 h7h6 g4d7 d5b3 f1e1 c3c2 e1d2 b6d4 b4b5 b8d8 d7f5 g7g6 f5e4 d4c5 a6c6 c5d4 b5b6 d4b2 c6c2 b3c2 d2c2 b2d4 b6b7 g8g7 e4c6 g7f6 e2e8 d8e8 c6e8 d4e5 d3d4 e5d6 c2d3 f6e6 d3c4 g6g5 e8c6 h6h5 c6d5 e6e7 d5e4 e7e6 e4d5 e6e7 d5f3 h5h4 g3h4 g5h4 h2h3 e7d7 c4d5 f7f5 d5c4 d7c7 c4d5 c7d7 f3h1 d6f4
Warning; PV continues after threefold repetition - move f3h1 from candidate
Info; info score cp 286 time 52 depth 25 nodes 243754 nps 4617952 pv h1g2 f4g3 d5c4 g3d6 g2f3 d7c7 c4d5 c7d7 f3h1 d6c7 d5c4 c7d6 c4d3 d6b8 h1d5 b8d6 d3e2 d7c7 e2e3 c7b6 d5f3 b6c7 e3d3 c7d7 f3d5 
Position; fen rnbqkbnr/2p1pppp/p2p4/1p6/8/2NP4/PPPQPPPP/R1B1KBNR w KQkq - 0 4
Moves; a2a3 e7e5 e2e4 c7c5 f1e2 g8f6 g1f3 f8e7 e1g1 e8g8 b2b4 b8c6 c1b2 c8b7 c3d5 f6d5 e4d5 c6d4 f3d4 c5d4 e2f3 e7g5 d2d1 a8c8 f1e1 d8c7 e1e2 c7d7 d1b1 g5h6 b1a2 f8e8 a3a4 b5a4 a2a4 d7a4 a1a4 c8c7 f3g4 e8b8 b2a3 h6g5 a4a5 g5e7 g2g3 c7c3 f2f4 e7d8 a5a4 d8b6 f4e5 d6e5 a3b2 e5e4 b2c3 d4c3 g1f1 e4d3 c2d3 b7d5 a4a6 h7h6 g4d7 d5b3 f1e1 c3c2 e1d2 b6d4 b4b5 b8d8 d7f5 g7g6 f5e4 d4c5 a6c6 c5d4 b5b6 d4b2 c6c2 b3c2 d2c2 b2d4 b6b7 g8g7 e4c6 g7f6 e2e8 d8e8 c6e8 d4e5 d3d4 e5d6 c2d3 f6e6 d3c4 g6g5 e8c6 h6h5 c6d5 e6e7 d5e4 e7e6 e4d5 e6e7 d5f3 h5h4 g3h4 g5h4 h2h3 e7d7 c4d5 f7f5 d5c4 d7c7 c4d5 c7d7 f3h1 d6f4
Warning; PV continues after threefold repetition - move f3h1 from candidate
Info; info score cp 286 time 72 depth 26 nodes 330996 nps 4579484 pv h1g2 f4g3 d5c4 g3d6 g2f3 d7c7 c4d5 c7d7 f3h1 d6c7 d5c4 c7d6 c4d3 d6b8 h1d5 b8d6 d5g2 d7c7 g2h1 d6f8 d3c4 c7b8 h1d5 b8c7 c4c3 f8d6 
Position; fen rnbqkbnr/2p1pppp/p2p4/1p6/8/2NP4/PPPQPPPP/R1B1KBNR w KQkq - 0 4
Moves; a2a3 e7e5 e2e4 c7c5 f1e2 g8f6 g1f3 f8e7 e1g1 e8g8 b2b4 b8c6 c1b2 c8b7 c3d5 f6d5 e4d5 c6d4 f3d4 c5d4 e2f3 e7g5 d2d1 a8c8 f1e1 d8c7 e1e2 c7d7 d1b1 g5h6 b1a2 f8e8 a3a4 b5a4 a2a4 d7a4 a1a4 c8c7 f3g4 e8b8 b2a3 h6g5 a4a5 g5e7 g2g3 c7c3 f2f4 e7d8 a5a4 d8b6 f4e5 d6e5 a3b2 e5e4 b2c3 d4c3 g1f1 e4d3 c2d3 b7d5 a4a6 h7h6 g4d7 d5b3 f1e1 c3c2 e1d2 b6d4 b4b5 b8d8 d7f5 g7g6 f5e4 d4c5 a6c6 c5d4 b5b6 d4b2 c6c2 b3c2 d2c2 b2d4 b6b7 g8g7 e4c6 g7f6 e2e8 d8e8 c6e8 d4e5 d3d4 e5d6 c2d3 f6e6 d3c4 g6g5 e8c6 h6h5 c6d5 e6e7 d5e4 e7e6 e4d5 e6e7 d5f3 h5h4 g3h4 g5h4 h2h3 e7d7 c4d5 f7f5 d5c4 d7c7 c4d5 c7d7 f3h1 d6f4
Warning; PV continues after threefold repetition - move d5c4 from candidate
Info; info score cp 285 time 54 depth 23 nodes 259174 nps 4746602 pv g2h1 g3c7 d5c4 c7d6 h1d5 d7c7 d5f3 c7d7 f3g2 d6g3 c4c5 g3d6 c5d5 d6f4 g2f3 f4d6 d5c4 d7c7 c4d3 c7b6 d3c3 b6b5 f3g2 
Position; fen rnbqkbnr/2p1pppp/p2p4/1p6/8/2NP4/PPPQPPPP/R1B1KBNR w KQkq - 0 4
Moves; a2a3 e7e5 e2e4 c7c5 f1e2 g8f6 g1f3 f8e7 e1g1 e8g8 b2b4 b8c6 c1b2 c8b7 c3d5 f6d5 e4d5 c6d4 f3d4 c5d4 e2f3 e7g5 d2d1 a8c8 f1e1 d8c7 e1e2 c7d7 d1b1 g5h6 b1a2 f8e8 a3a4 b5a4 a2a4 d7a4 a1a4 c8c7 f3g4 e8b8 b2a3 h6g5 a4a5 g5e7 g2g3 c7c3 f2f4 e7d8 a5a4 d8b6 f4e5 d6e5 a3b2 e5e4 b2c3 d4c3 g1f1 e4d3 c2d3 b7d5 a4a6 h7h6 g4d7 d5b3 f1e1 c3c2 e1d2 b6d4 b4b5 b8d8 d7f5 g7g6 f5e4 d4c5 a6c6 c5d4 b5b6 d4b2 c6c2 b3c2 d2c2 b2d4 b6b7 g8g7 e4c6 g7f6 e2e8 d8e8 c6e8 d4e5 d3d4 e5d6 c2d3 f6e6 d3c4 g6g5 e8c6 h6h5 c6d5 e6e7 d5e4 e7e6 e4d5 e6e7 d5f3 h5h4 g3h4 g5h4 h2h3 e7d7 c4d5 f7f5 d5c4 d7c7 c4d5 c7d7 f3h1 d6f4 h1g2 f4g3
Warning; PV continues after threefold repetition - move f3d1 from candidate
Info; info score cp 285 time 39 depth 21 nodes 182823 nps 4677215 pv d5c4 d6g3 h1f3 g3c7 c4d3 c7d6 f3g2 d6c7 g2d5 c7b8 d3c4 b8d6 d5g2 d7c7 g2f3 d6f4 c4c5 f4d6 c5d5 c7d7 f3d1 
Position; fen rnbqkbnr/2p1pppp/p2p4/1p6/8/2NP4/PPPQPPPP/R1B1KBNR w KQkq - 0 4
Moves; a2a3 e7e5 e2e4 c7c5 f1e2 g8f6 g1f3 f8e7 e1g1 e8g8 b2b4 b8c6 c1b2 c8b7 c3d5 f6d5 e4d5 c6d4 f3d4 c5d4 e2f3 e7g5 d2d1 a8c8 f1e1 d8c7 e1e2 c7d7 d1b1 g5h6 b1a2 f8e8 a3a4 b5a4 a2a4 d7a4 a1a4 c8c7 f3g4 e8b8 b2a3 h6g5 a4a5 g5e7 g2g3 c7c3 f2f4 e7d8 a5a4 d8b6 f4e5 d6e5 a3b2 e5e4 b2c3 d4c3 g1f1 e4d3 c2d3 b7d5 a4a6 h7h6 g4d7 d5b3 f1e1 c3c2 e1d2 b6d4 b4b5 b8d8 d7f5 g7g6 f5e4 d4c5 a6c6 c5d4 b5b6 d4b2 c6c2 b3c2 d2c2 b2d4 b6b7 g8g7 e4c6 g7f6 e2e8 d8e8 c6e8 d4e5 d3d4 e5d6 c2d3 f6e6 d3c4 g6g5 e8c6 h6h5 c6d5 e6e7 d5e4 e7e6 e4d5 e6e7 d5f3 h5h4 g3h4 g5h4 h2h3 e7d7 c4d5 f7f5 d5c4 d7c7 c4d5 c7d7 f3h1 d6f4 h1g2 f4g3 g2h1 g3d6
Warning; PV continues after threefold repetition - move f3g2 from candidate
Info; info score cp 285 time 3 depth 15 nodes 17532 nps 4887649 pv h1g2 f4d6 g2d5 d7c7 c4b5 d6g3 d5f3 g3d6 b5c4 d6f4 c4c5 f4d6 c5d5 c7d7 f3g2 
Position; fen rnbqkbnr/2p1pppp/p2p4/1p6/8/2NP4/PPPQPPPP/R1B1KBNR w KQkq - 0 4
Moves; a2a3 e7e5 e2e4 c7c5 f1e2 g8f6 g1f3 f8e7 e1g1 e8g8 b2b4 b8c6 c1b2 c8b7 c3d5 f6d5 e4d5 c6d4 f3d4 c5d4 e2f3 e7g5 d2d1 a8c8 f1e1 d8c7 e1e2 c7d7 d1b1 g5h6 b1a2 f8e8 a3a4 b5a4 a2a4 d7a4 a1a4 c8c7 f3g4 e8b8 b2a3 h6g5 a4a5 g5e7 g2g3 c7c3 f2f4 e7d8 a5a4 d8b6 f4e5 d6e5 a3b2 e5e4 b2c3 d4c3 g1f1 e4d3 c2d3 b7d5 a4a6 h7h6 g4d7 d5b3 f1e1 c3c2 e1d2 b6d4 b4b5 b8d8 d7f5 g7g6 f5e4 d4c5 a6c6 c5d4 b5b6 d4b2 c6c2 b3c2 d2c2 b2d4 b6b7 g8g7 e4c6 g7f6 e2e8 d8e8 c6e8 d4e5 d3d4 e5d6 c2d3 f6e6 d3c4 g6g5 e8c6 h6h5 c6d5 e6e7 d5e4 e7e6 e4d5 e6e7 d5f3 h5h4 g3h4 g5h4 h2h3 e7d7 c4d5 f7f5 d5c4 d7c7 c4d5 c7d7 f3h1 d6f4 h1g2 f4g3 g2h1 g3d6 d5c4 d6f4
Warning; PV continues after threefold repetition - move f3g2 from candidate
Info; info score cp 285 time 4 depth 16 nodes 23243 nps 4867643 pv h1g2 f4d6 g2d5 d7c7 c4b5 d6g3 d5f3 g3d6 b5c4 d6f4 c4c5 f4d6 c5d5 c7d7 f3g2 d6h2 
Position; fen rnbqkbnr/2p1pppp/p2p4/1p6/8/2NP4/PPPQPPPP/R1B1KBNR w KQkq - 0 4
Moves; a2a3 e7e5 e2e4 c7c5 f1e2 g8f6 g1f3 f8e7 e1g1 e8g8 b2b4 b8c6 c1b2 c8b7 c3d5 f6d5 e4d5 c6d4 f3d4 c5d4 e2f3 e7g5 d2d1 a8c8 f1e1 d8c7 e1e2 c7d7 d1b1 g5h6 b1a2 f8e8 a3a4 b5a4 a2a4 d7a4 a1a4 c8c7 f3g4 e8b8 b2a3 h6g5 a4a5 g5e7 g2g3 c7c3 f2f4 e7d8 a5a4 d8b6 f4e5 d6e5 a3b2 e5e4 b2c3 d4c3 g1f1 e4d3 c2d3 b7d5 a4a6 h7h6 g4d7 d5b3 f1e1 c3c2 e1d2 b6d4 b4b5 b8d8 d7f5 g7g6 f5e4 d4c5 a6c6 c5d4 b5b6 d4b2 c6c2 b3c2 d2c2 b2d4 b6b7 g8g7 e4c6 g7f6 e2e8 d8e8 c6e8 d4e5 d3d4 e5d6 c2d3 f6e6 d3c4 g6g5 e8c6 h6h5 c6d5 e6e7 d5e4 e7e6 e4d5 e6e7 d5f3 h5h4 g3h4 g5h4 h2h3 e7d7 c4d5 f7f5 d5c4 d7c7 c4d5 c7d7 f3h1 d6f4 h1g2 f4g3 g2h1 g3d6 d5c4 d6f4
Warning; PV continues after threefold repetition - move f3g2 from candidate
Info; info score cp 285 time 6 depth 17 nodes 30416 nps 4859562 pv h1g2 f4d6 g2d5 d7c7 c4b5 d6g3 d5f3 g3d6 b5c4 d6f4 c4c5 f4d6 c5d5 c7d7 f3g2 d6c7 g2f3 
Position; fen rnbqkbnr/2p1pppp/p2p4/1p6/8/2NP4/PPPQPPPP/R1B1KBNR w KQkq - 0 4
Moves; a2a3 e7e5 e2e4 c7c5 f1e2 g8f6 g1f3 f8e7 e1g1 e8g8 b2b4 b8c6 c1b2 c8b7 c3d5 f6d5 e4d5 c6d4 f3d4 c5d4 e2f3 e7g5 d2d1 a8c8 f1e1 d8c7 e1e2 c7d7 d1b1 g5h6 b1a2 f8e8 a3a4 b5a4 a2a4 d7a4 a1a4 c8c7 f3g4 e8b8 b2a3 h6g5 a4a5 g5e7 g2g3 c7c3 f2f4 e7d8 a5a4 d8b6 f4e5 d6e5 a3b2 e5e4 b2c3 d4c3 g1f1 e4d3 c2d3 b7d5 a4a6 h7h6 g4d7 d5b3 f1e1 c3c2 e1d2 b6d4 b4b5 b8d8 d7f5 g7g6 f5e4 d4c5 a6c6 c5d4 b5b6 d4b2 c6c2 b3c2 d2c2 b2d4 b6b7 g8g7 e4c6 g7f6 e2e8 d8e8 c6e8 d4e5 d3d4 e5d6 c2d3 f6e6 d3c4 g6g5 e8c6 h6h5 c6d5 e6e7 d5e4 e7e6 e4d5 e6e7 d5f3 h5h4 g3h4 g5h4 h2h3 e7d7 c4d5 f7f5 d5c4 d7c7 c4d5 c7d7 f3h1 d6f4 h1g2 f4g3 g2h1 g3d6 d5c4 d6f4
Warning; PV continues after threefold repetition - move f3g2 from candidate
Info; info score cp 285 time 11 depth 19 nodes 55013 nps 4858089 pv h1g2 f4d6 g2d5 d7c7 c4b5 d6g3 d5f3 g3d6 b5c4 d6f4 c4c5 c7d7 c5d5 f4d6 f3g2 d6h2 g2h1 h2c7 d5c4 
Position; fen rnbqkbnr/2p1pppp/p2p4/1p6/8/2NP4/PPPQPPPP/R1B1KBNR w KQkq - 0 4
Moves; a2a3 e7e5 e2e4 c7c5 f1e2 g8f6 g1f3 f8e7 e1g1 e8g8 b2b4 b8c6 c1b2 c8b7 c3d5 f6d5 e4d5 c6d4 f3d4 c5d4 e2f3 e7g5 d2d1 a8c8 f1e1 d8c7 e1e2 c7d7 d1b1 g5h6 b1a2 f8e8 a3a4 b5a4 a2a4 d7a4 a1a4 c8c7 f3g4 e8b8 b2a3 h6g5 a4a5 g5e7 g2g3 c7c3 f2f4 e7d8 a5a4 d8b6 f4e5 d6e5 a3b2 e5e4 b2c3 d4c3 g1f1 e4d3 c2d3 b7d5 a4a6 h7h6 g4d7 d5b3 f1e1 c3c2 e1d2 b6d4 b4b5 b8d8 d7f5 g7g6 f5e4 d4c5 a6c6 c5d4 b5b6 d4b2 c6c2 b3c2 d2c2 b2d4 b6b7 g8g7 e4c6 g7f6 e2e8 d8e8 c6e8 d4e5 d3d4 e5d6 c2d3 f6e6 d3c4 g6g5 e8c6 h6h5 c6d5 e6e7 d5e4 e7e6 e4d5 e6e7 d5f3 h5h4 g3h4 g5h4 h2h3 e7d7 c4d5 f7f5 d5c4 d7c7 c4d5 c7d7 f3h1 d6f4 h1g2 f4g3 g2h1 g3d6 d5c4 d6f4
Warning; PV continues after threefold repetition - move f3g2 from candidate
Info; info score cp 285 time 17 depth 20 nodes 75613 nps 4424400 pv h1g2 f4d6 g2d5 d7c7 c4b5 d6g3 d5f3 g3d6 b5c4 d6f4 c4c5 c7d7 c5d5 f4d6 f3g2 d6h2 g2h1 h2c7 d5c4 c7d6 
Position; fen rnbqkbnr/2p1pppp/p2p4/1p6/8/2NP4/PPPQPPPP/R1B1KBNR w KQkq - 0 4
Moves; a2a3 e7e5 e2e4 c7c5 f1e2 g8f6 g1f3 f8e7 e1g1 e8g8 b2b4 b8c6 c1b2 c8b7 c3d5 f6d5 e4d5 c6d4 f3d4 c5d4 e2f3 e7g5 d2d1 a8c8 f1e1 d8c7 e1e2 c7d7 d1b1 g5h6 b1a2 f8e8 a3a4 b5a4 a2a4 d7a4 a1a4 c8c7 f3g4 e8b8 b2a3 h6g5 a4a5 g5e7 g2g3 c7c3 f2f4 e7d8 a5a4 d8b6 f4e5 d6e5 a3b2 e5e4 b2c3 d4c3 g1f1 e4d3 c2d3 b7d5 a4a6 h7h6 g4d7 d5b3 f1e1 c3c2 e1d2 b6d4 b4b5 b8d8 d7f5 g7g6 f5e4 d4c5 a6c6 c5d4 b5b6 d4b2 c6c2 b3c2 d2c2 b2d4 b6b7 g8g7 e4c6 g7f6 e2e8 d8e8 c6e8 d4e5 d3d4 e5d6 c2d3 f6e6 d3c4 g6g5 e8c6 h6h5 c6d5 e6e7 d5e4 e7e6 e4d5 e6e7 d5f3 h5h4 g3h4 g5h4 h2h3 e7d7 c4d5 f7f5 d5c4 d7c7 c4d5 c7d7 f3h1 d6f4 h1g2 f4g3 g2h1 g3d6 d5c4 d6f4
Warning; PV continues after threefold repetition - move f3g2 from candidate
Info; info score cp 285 time 27 depth 21 nodes 99799 nps 3571776 pv h1g2 f4d6 g2d5 d7c7 c4b5 d6g3 d5f3 g3d6 b5c4 d6f4 c4c5 c7d7 c5d5 f4d6 f3g2 d6h2 g2h1 h2c7 d5c4 c7d6 h1g2 
Position; fen rnbqkbnr/2p1pppp/p2p4/1p6/8/2NP4/PPPQPPPP/R1B1KBNR w KQkq - 0 4
Moves; a2a3 e7e5 e2e4 c7c5 f1e2 g8f6 g1f3 f8e7 e1g1 e8g8 b2b4 b8c6 c1b2 c8b7 c3d5 f6d5 e4d5 c6d4 f3d4 c5d4 e2f3 e7g5 d2d1 a8c8 f1e1 d8c7 e1e2 c7d7 d1b1 g5h6 b1a2 f8e8 a3a4 b5a4 a2a4 d7a4 a1a4 c8c7 f3g4 e8b8 b2a3 h6g5 a4a5 g5e7 g2g3 c7c3 f2f4 e7d8 a5a4 d8b6 f4e5 d6e5 a3b2 e5e4 b2c3 d4c3 g1f1 e4d3 c2d3 b7d5 a4a6 h7h6 g4d7 d5b3 f1e1 c3c2 e1d2 b6d4 b4b5 b8d8 d7f5 g7g6 f5e4 d4c5 a6c6 c5d4 b5b6 d4b2 c6c2 b3c2 d2c2 b2d4 b6b7 g8g7 e4c6 g7f6 e2e8 d8e8 c6e8 d4e5 d3d4 e5d6 c2d3 f6e6 d3c4 g6g5 e8c6 h6h5 c6d5 e6e7 d5e4 e7e6 e4d5 e6e7 d5f3 h5h4 g3h4 g5h4 h2h3 e7d7 c4d5 f7f5 d5c4 d7c7 c4d5 c7d7 f3h1 d6f4 h1g2 f4g3 g2h1 g3d6 d5c4 d6f4
Warning; PV continues after threefold repetition - move f3g2 from candidate
Info; info score cp 285 time 40 depth 22 nodes 133463 nps 3255750 pv h1g2 f4d6 g2d5 d7c7 c4b5 d6g3 d5f3 g3d6 b5c4 d6f4 c4c5 c7d7 c5d5 f4d6 f3g2 d6h2 g2h1 h2c7 d5c4 c7b8 h1f3 b8c7 
Position; fen rnbqkbnr/2p1pppp/p2p4/1p6/8/2NP4/PPPQPPPP/R1B1KBNR w KQkq - 0 4
Moves; a2a3 e7e5 e2e4 c7c5 f1e2 g8f6 g1f3 f8e7 e1g1 e8g8 b2b4 b8c6 c1b2 c8b7 c3d5 f6d5 e4d5 c6d4 f3d4 c5d4 e2f3 e7g5 d2d1 a8c8 f1e1 d8c7 e1e2 c7d7 d1b1 g5h6 b1a2 f8e8 a3a4 b5a4 a2a4 d7a4 a1a4 c8c7 f3g4 e8b8 b2a3 h6g5 a4a5 g5e7 g2g3 c7c3 f2f4 e7d8 a5a4 d8b6 f4e5 d6e5 a3b2 e5e4 b2c3 d4c3 g1f1 e4d3 c2d3 b7d5 a4a6 h7h6 g4d7 d5b3 f1e1 c3c2 e1d2 b6d4 b4b5 b8d8 d7f5 g7g6 f5e4 d4c5 a6c6 c5d4 b5b6 d4b2 c6c2 b3c2 d2c2 b2d4 b6b7 g8g7 e4c6 g7f6 e2e8 d8e8 c6e8 d4e5 d3d4 e5d6 c2d3 f6e6 d3c4 g6g5 e8c6 h6h5 c6d5 e6e7 d5e4 e7e6 e4d5 e6e7 d5f3 h5h4 g3h4 g5h4 h2h3 e7d7 c4d5 f7f5 d5c4 d7c7 c4d5 c7d7 f3h1 d6f4 h1g2 f4g3 g2h1 g3d6 d5c4 d6f4
Warning; PV continues after threefold repetition - move f3g2 from candidate
Info; info score cp 285 time 49 depth 23 nodes 174480 nps 3494632 pv h1g2 f4d6 g2d5 d7c7 c4b5 d6g3 d5f3 g3d6 b5c4 d6f4 c4c5 c7d7 c5d5 f4d6 f3g2 d6h2 g2h1 h2d6 h1f3 d6c7 f3d1 c7g3 d1c2 
Position; fen rnbqkbnr/2p1pppp/p2p4/1p6/8/2NP4/PPPQPPPP/R1B1KBNR w KQkq - 0 4
Moves; a2a3 e7e5 e2e4 c7c5 f1e2 g8f6 g1f3 f8e7 e1g1 e8g8 b2b4 b8c6 c1b2 c8b7 c3d5 f6d5 e4d5 c6d4 f3d4 c5d4 e2f3 e7g5 d2d1 a8c8 f1e1 d8c7 e1e2 c7d7 d1b1 g5h6 b1a2 f8e8 a3a4 b5a4 a2a4 d7a4 a1a4 c8c7 f3g4 e8b8 b2a3 h6g5 a4a5 g5e7 g2g3 c7c3 f2f4 e7d8 a5a4 d8b6 f4e5 d6e5 a3b2 e5e4 b2c3 d4c3 g1f1 e4d3 c2d3 b7d5 a4a6 h7h6 g4d7 d5b3 f1e1 c3c2 e1d2 b6d4 b4b5 b8d8 d7f5 g7g6 f5e4 d4c5 a6c6 c5d4 b5b6 d4b2 c6c2 b3c2 d2c2 b2d4 b6b7 g8g7 e4c6 g7f6 e2e8 d8e8 c6e8 d4e5 d3d4 e5d6 c2d3 f6e6 d3c4 g6g5 e8c6 h6h5 c6d5 e6e7 d5e4 e7e6 e4d5 e6e7 d5f3 h5h4 g3h4 g5h4 h2h3 e7d7 c4d5 f7f5 d5c4 d7c7 c4d5 c7d7 f3h1 d6f4 h1g2 f4g3 g2h1 g3d6 d5c4 d6f4
Warning; PV continues after threefold repetition - move f3g2 from candidate
Info; info score cp 285 time 69 depth 24 nodes 263187 nps 3795546 pv h1g2 f4d6 g2d5 d7c7 c4b5 d6g3 d5f3 g3d6 b5c4 d6f4 c4c5 c7d7 c5d5 f4d6 f3g2 d6h2 g2h1 h2d6 h1f3 d6f4 d5c5 f4d6 c5b6 d6c7 
Position; fen rnbqkbnr/2p1pppp/p2p4/1p6/8/2NP4/PPPQPPPP/R1B1KBNR w KQkq - 0 4
Moves; a2a3 e7e5 e2e4 c7c5 f1e2 g8f6 g1f3 f8e7 e1g1 e8g8 b2b4 b8c6 c1b2 c8b7 c3d5 f6d5 e4d5 c6d4 f3d4 c5d4 e2f3 e7g5 d2d1 a8c8 f1e1 d8c7 e1e2 c7d7 d1b1 g5h6 b1a2 f8e8 a3a4 b5a4 a2a4 d7a4 a1a4 c8c7 f3g4 e8b8 b2a3 h6g5 a4a5 g5e7 g2g3 c7c3 f2f4 e7d8 a5a4 d8b6 f4e5 d6e5 a3b2 e5e4 b2c3 d4c3 g1f1 e4d3 c2d3 b7d5 a4a6 h7h6 g4d7 d5b3 f1e1 c3c2 e1d2 b6d4 b4b5 b8d8 d7f5 g7g6 f5e4 d4c5 a6c6 c5d4 b5b6 d4b2 c6c2 b3c2 d2c2 b2d4 b6b7 g8g7 e4c6 g7f6 e2e8 d8e8 c6e8 d4e5 d3d4 e5d6 c2d3 f6e6 d3c4 g6g5 e8c6 h6h5 c6d5 e6e7 d5e4 e7e6 e4d5 e6e7 d5f3 h5h4 g3h4 g5h4 h2h3 e7d7 c4d5 f7f5 d5c4 d7c7 c4d5 c7d7 f3h1 d6f4 h1g2 f4g3 g2h1 g3d6 d5c4 d6f4
Warning; PV continues after threefold repetition - move f3g2 from ref-5047070
Info; info score cp -280 time 11 depth 16 nodes 51126 nps 4620515 pv d7c7 c4c5 f4h6 g2c6 h6f4 c6f3 f4d6 c5d5 c7d7 f3g2 d6c7 d5c4 c7f4 g2f3 d7c7 c4b5 
Position; fen rnbqkbnr/2p1pppp/p2p4/1p6/8/2NP4/PPPQPPPP/R1B1KBNR w KQkq - 0 4
Moves; a2a3 e7e5 e2e4 c7c5 f1e2 g8f6 g1f3 f8e7 e1g1 e8g8 b2b4 b8c6 c1b2 c8b7 c3d5 f6d5 e4d5 c6d4 f3d4 c5d4 e2f3 e7g5 d2d1 a8c8 f1e1 d8c7 e1e2 c7d7 d1b1 g5h6 b1a2 f8e8 a3a4 b5a4 a2a4 d7a4 a1a4 c8c7 f3g4 e8b8 b2a3 h6g5 a4a5 g5e7 g2g3 c7c3 f2f4 e7d8 a5a4 d8b6 f4e5 d6e5 a3b2 e5e4 b2c3 d4c3 g1f1 e4d3 c2d3 b7d5 a4a6 h7h6 g4d7 d5b3 f1e1 c3c2 e1d2 b6d4 b4b5 b8d8 d7f5 g7g6 f5e4 d4c5 a6c6 c5d4 b5b6 d4b2 c6c2 b3c2 d2c2 b2d4 b6b7 g8g7 e4c6 g7f6 e2e8 d8e8 c6e8 d4e5 d3d4 e5d6 c2d3 f6e6 d3c4 g6g5 e8c6 h6h5 c6d5 e6e7 d5e4 e7e6 e4d5 e6e7 d5f3 h5h4 g3h4 g5h4 h2h3 e7d7 c4d5 f7f5 d5c4 d7c7 c4d5 c7d7 f3h1 d6f4 h1g2 f4g3 g2h1 g3d6 d5c4 d6f4 h1g2
Warning; PV continues after threefold repetition - move f3g2 from ref-5047070
Info; info score cp -280 time 12 depth 17 nodes 58904 nps 4627906 pv d7c7 c4c5 f4h6 g2c6 h6f4 c6f3 f4d6 c5d5 c7d7 f3g2 d6c7 d5c4 c7f4 g2f3 d7c7 c4b5 f4d6 
Position; fen rnbqkbnr/2p1pppp/p2p4/1p6/8/2NP4/PPPQPPPP/R1B1KBNR w KQkq - 0 4
Moves; a2a3 e7e5 e2e4 c7c5 f1e2 g8f6 g1f3 f8e7 e1g1 e8g8 b2b4 b8c6 c1b2 c8b7 c3d5 f6d5 e4d5 c6d4 f3d4 c5d4 e2f3 e7g5 d2d1 a8c8 f1e1 d8c7 e1e2 c7d7 d1b1 g5h6 b1a2 f8e8 a3a4 b5a4 a2a4 d7a4 a1a4 c8c7 f3g4 e8b8 b2a3 h6g5 a4a5 g5e7 g2g3 c7c3 f2f4 e7d8 a5a4 d8b6 f4e5 d6e5 a3b2 e5e4 b2c3 d4c3 g1f1 e4d3 c2d3 b7d5 a4a6 h7h6 g4d7 d5b3 f1e1 c3c2 e1d2 b6d4 b4b5 b8d8 d7f5 g7g6 f5e4 d4c5 a6c6 c5d4 b5b6 d4b2 c6c2 b3c2 d2c2 b2d4 b6b7 g8g7 e4c6 g7f6 e2e8 d8e8 c6e8 d4e5 d3d4 e5d6 c2d3 f6e6 d3c4 g6g5 e8c6 h6h5 c6d5 e6e7 d5e4 e7e6 e4d5 e6e7 d5f3 h5h4 g3h4 g5h4 h2h3 e7d7 c4d5 f7f5 d5c4 d7c7 c4d5 c7d7 f3h1 d6f4 h1g2 f4g3 g2h1 g3d6 d5c4 d6f4 h1g2
Warning; PV continues after threefold repetition - move f3g2 from ref-5047070
Info; info score cp -280 time 14 depth 18 nodes 69191 nps 4634981 pv d7c7 c4c5 f4h6 g2c6 h6f4 c6f3 f4d6 c5d5 c7d7 f3g2 d6c7 d5c4 c7f4 g2f3 f4d6 c4b5 d7c7 f3c6 
Position; fen rnbqkbnr/2p1pppp/p2p4/1p6/8/2NP4/PPPQPPPP/R1B1KBNR w KQkq - 0 4
Moves; a2a3 e7e5 e2e4 c7c5 f1e2 g8f6 g1f3 f8e7 e1g1 e8g8 b2b4 b8c6 c1b2 c8b7 c3d5 f6d5 e4d5 c6d4 f3d4 c5d4 e2f3 e7g5 d2d1 a8c8 f1e1 d8c7 e1e2 c7d7 d1b1 g5h6 b1a2 f8e8 a3a4 b5a4 a2a4 d7a4 a1a4 c8c7 f3g4 e8b8 b2a3 h6g5 a4a5 g5e7 g2g3 c7c3 f2f4 e7d8 a5a4 d8b6 f4e5 d6e5 a3b2 e5e4 b2c3 d4c3 g1f1 e4d3 c2d3 b7d5 a4a6 h7h6 g4d7 d5b3 f1e1 c3c2 e1d2 b6d4 b4b5 b8d8 d7f5 g7g6 f5e4 d4c5 a6c6 c5d4 b5b6 d4b2 c6c2 b3c2 d2c2 b2d4 b6b7 g8g7 e4c6 g7f6 e2e8 d8e8 c6e8 d4e5 d3d4 e5d6 c2d3 f6e6 d3c4 g6g5 e8c6 h6h5 c6d5 e6e7 d5e4 e7e6 e4d5 e6e7 d5f3 h5h4 g3h4 g5h4 h2h3 e7d7 c4d5 f7f5 d5c4 d7c7 c4d5 c7d7 f3h1 d6f4 h1g2 f4g3 g2h1 g3d6 d5c4 d6f4 h1g2
Warning; PV continues after threefold repetition - move f3g2 from ref-5047070
Info; info score cp -280 time 16 depth 19 nodes 77448 nps 4634274 pv d7c7 c4c5 f4h6 g2c6 h6f4 c6f3 f4d6 c5d5 c7d7 f3g2 d6c7 d5c4 c7f4 g2f3 f4d6 c4b5 d7c7 f3c6 d6f4 
Position; fen rnbqkbnr/2p1pppp/p2p4/1p6/8/2NP4/PPPQPPPP/R1B1KBNR w KQkq - 0 4
Moves; a2a3 e7e5 e2e4 c7c5 f1e2 g8f6 g1f3 f8e7 e1g1 e8g8 b2b4 b8c6 c1b2 c8b7 c3d5 f6d5 e4d5 c6d4 f3d4 c5d4 e2f3 e7g5 d2d1 a8c8 f1e1 d8c7 e1e2 c7d7 d1b1 g5h6 b1a2 f8e8 a3a4 b5a4 a2a4 d7a4 a1a4 c8c7 f3g4 e8b8 b2a3 h6g5 a4a5 g5e7 g2g3 c7c3 f2f4 e7d8 a5a4 d8b6 f4e5 d6e5 a3b2 e5e4 b2c3 d4c3 g1f1 e4d3 c2d3 b7d5 a4a6 h7h6 g4d7 d5b3 f1e1 c3c2 e1d2 b6d4 b4b5 b8d8 d7f5 g7g6 f5e4 d4c5 a6c6 c5d4 b5b6 d4b2 c6c2 b3c2 d2c2 b2d4 b6b7 g8g7 e4c6 g7f6 e2e8 d8e8 c6e8 d4e5 d3d4 e5d6 c2d3 f6e6 d3c4 g6g5 e8c6 h6h5 c6d5 e6e7 d5e4 e7e6 e4d5 e6e7 d5f3 h5h4 g3h4 g5h4 h2h3 e7d7 c4d5 f7f5 d5c4 d7c7 c4d5 c7d7 f3h1 d6f4 h1g2 f4g3 g2h1 g3d6 d5c4 d6f4 h1g2
Warning; PV continues after threefold repetition - move f3g2 from ref-5047070
Info; info score cp -280 time 20 depth 20 nodes 96384 nps 4626061 pv d7c7 c4c5 f4h6 g2c6 h6f4 c6f3 f4d6 c5d5 c7d7 f3g2 d6c7 d5c4 c7f4 g2f3 f4d6 c4b5 d7c7 f3c6 d6f4 c6f3 
Position; fen rnbqkbnr/2p1pppp/p2p4/1p6/8/2NP4/PPPQPPPP/R1B1KBNR w KQkq - 0 4
Moves; a2a3 e7e5 e2e4 c7c5 f1e2 g8f6 g1f3 f8e7 e1g1 e8g8 b2b4 b8c6 c1b2 c8b7 c3d5 f6d5 e4d5 c6d4 f3d4 c5d4 e2f3 e7g5 d2d1 a8c8 f1e1 d8c7 e1e2 c7d7 d1b1 g5h6 b1a2 f8e8 a3a4 b5a4 a2a4 d7a4 a1a4 c8c7 f3g4 e8b8 b2a3 h6g5 a4a5 g5e7 g2g3 c7c3 f2f4 e7d8 a5a4 d8b6 f4e5 d6e5 a3b2 e5e4 b2c3 d4c3 g1f1 e4d3 c2d3 b7d5 a4a6 h7h6 g4d7 d5b3 f1e1 c3c2 e1d2 b6d4 b4b5 b8d8 d7f5 g7g6 f5e4 d4c5 a6c6 c5d4 b5b6 d4b2 c6c2 b3c2 d2c2 b2d4 b6b7 g8g7 e4c6 g7f6 e2e8 d8e8 c6e8 d4e5 d3d4 e5d6 c2d3 f6e6 d3c4 g6g5 e8c6 h6h5 c6d5 e6e7 d5e4 e7e6 e4d5 e6e7 d5f3 h5h4 g3h4 g5h4 h2h3 e7d7 c4d5 f7f5 d5c4 d7c7 c4d5 c7d7 f3h1 d6f4 h1g2 f4g3 g2h1 g3d6 d5c4 d6f4 h1g2
Warning; PV continues after threefold repetition - move f3g2 from ref-5047070
Info; info score cp -280 time 31 depth 21 nodes 144362 nps 4583211 pv d7c7 c4c5 f4h6 g2c6 h6f4 c6f3 f4d6 c5d5 c7d7 f3g2 d6c7 d5c4 c7f4 g2f3 f4d6 c4b5 d7c7 f3c6 d6f4 b5c5 f4g3 
Position; fen rnbqkbnr/2p1pppp/p2p4/1p6/8/2NP4/PPPQPPPP/R1B1KBNR w KQkq - 0 4
Moves; a2a3 e7e5 e2e4 c7c5 f1e2 g8f6 g1f3 f8e7 e1g1 e8g8 b2b4 b8c6 c1b2 c8b7 c3d5 f6d5 e4d5 c6d4 f3d4 c5d4 e2f3 e7g5 d2d1 a8c8 f1e1 d8c7 e1e2 c7d7 d1b1 g5h6 b1a2 f8e8 a3a4 b5a4 a2a4 d7a4 a1a4 c8c7 f3g4 e8b8 b2a3 h6g5 a4a5 g5e7 g2g3 c7c3 f2f4 e7d8 a5a4 d8b6 f4e5 d6e5 a3b2 e5e4 b2c3 d4c3 g1f1 e4d3 c2d3 b7d5 a4a6 h7h6 g4d7 d5b3 f1e1 c3c2 e1d2 b6d4 b4b5 b8d8 d7f5 g7g6 f5e4 d4c5 a6c6 c5d4 b5b6 d4b2 c6c2 b3c2 d2c2 b2d4 b6b7 g8g7 e4c6 g7f6 e2e8 d8e8 c6e8 d4e5 d3d4 e5d6 c2d3 f6e6 d3c4 g6g5 e8c6 h6h5 c6d5 e6e7 d5e4 e7e6 e4d5 e6e7 d5f3 h5h4 g3h4 g5h4 h2h3 e7d7 c4d5 f7f5 d5c4 d7c7 c4d5 c7d7 f3h1 d6f4 h1g2 f4g3 g2h1 g3d6 d5c4 d6f4 h1g2
Warning; PV continues after threefold repetition - move f3g2 from ref-5047070
Info; info score cp -280 time 40 depth 22 nodes 186335 nps 4568826 pv d7c7 c4c5 f4h6 g2c6 h6f4 c6f3 f4d6 c5d5 c7d7 f3g2 d6c7 d5c4 c7f4 g2f3 f4d6 c4b5 d7c7 f3c6 d6g3 c6d5 g3d6 d5f3 
Position; fen rnbqkbnr/2p1pppp/p2p4/1p6/8/2NP4/PPPQPPPP/R1B1KBNR w KQkq - 0 4
Moves; a2a3 e7e5 e2e4 c7c5 f1e2 g8f6 g1f3 f8e7 e1g1 e8g8 b2b4 b8c6 c1b2 c8b7 c3d5 f6d5 e4d5 c6d4 f3d4 c5d4 e2f3 e7g5 d2d1 a8c8 f1e1 d8c7 e1e2 c7d7 d1b1 g5h6 b1a2 f8e8 a3a4 b5a4 a2a4 d7a4 a1a4 c8c7 f3g4 e8b8 b2a3 h6g5 a4a5 g5e7 g2g3 c7c3 f2f4 e7d8 a5a4 d8b6 f4e5 d6e5 a3b2 e5e4 b2c3 d4c3 g1f1 e4d3 c2d3 b7d5 a4a6 h7h6 g4d7 d5b3 f1e1 c3c2 e1d2 b6d4 b4b5 b8d8 d7f5 g7g6 f5e4 d4c5 a6c6 c5d4 b5b6 d4b2 c6c2 b3c2 d2c2 b2d4 b6b7 g8g7 e4c6 g7f6 e2e8 d8e8 c6e8 d4e5 d3d4 e5d6 c2d3 f6e6 d3c4 g6g5 e8c6 h6h5 c6d5 e6e7 d5e4 e7e6 e4d5 e6e7 d5f3 h5h4 g3h4 g5h4 h2h3 e7d7 c4d5 f7f5 d5c4 d7c7 c4d5 c7d7 f3h1 d6f4 h1g2 f4g3 g2h1 g3d6 d5c4 d6f4 h1g2
Warning; PV continues after threefold repetition - move f3g2 from ref-5047070
Info; info score cp -280 time 57 depth 23 nodes 261752 nps 4578164 pv d7c7 c4c5 f4h6 g2c6 h6f4 c6f3 f4d6 c5d5 c7d7 f3g2 d6c7 d5c4 c7f4 g2f3 d7c7 c4b5 f4d6 f3c6 d6f4 b5c5 f4e3 c5c4 c7c6 
Position; fen rnbqkbnr/2p1pppp/p2p4/1p6/8/2NP4/PPPQPPPP/R1B1KBNR w KQkq - 0 4
Moves; a2a3 e7e5 e2e4 c7c5 f1e2 g8f6 g1f3 f8e7 e1g1 e8g8 b2b4 b8c6 c1b2 c8b7 c3d5 f6d5 e4d5 c6d4 f3d4 c5d4 e2f3 e7g5 d2d1 a8c8 f1e1 d8c7 e1e2 c7d7 d1b1 g5h6 b1a2 f8e8 a3a4 b5a4 a2a4 d7a4 a1a4 c8c7 f3g4 e8b8 b2a3 h6g5 a4a5 g5e7 g2g3 c7c3 f2f4 e7d8 a5a4 d8b6 f4e5 d6e5 a3b2 e5e4 b2c3 d4c3 g1f1 e4d3 c2d3 b7d5 a4a6 h7h6 g4d7 d5b3 f1e1 c3c2 e1d2 b6d4 b4b5 b8d8 d7f5 g7g6 f5e4 d4c5 a6c6 c5d4 b5b6 d4b2 c6c2 b3c2 d2c2 b2d4 b6b7 g8g7 e4c6 g7f6 e2e8 d8e8 c6e8 d4e5 d3d4 e5d6 c2d3 f6e6 d3c4 g6g5 e8c6 h6h5 c6d5 e6e7 d5e4 e7e6 e4d5 e6e7 d5f3 h5h4 g3h4 g5h4 h2h3 e7d7 c4d5 f7f5 d5c4 d7c7 c4d5 c7d7 f3h1 d6f4 h1g2 f4g3 g2h1 g3d6 d5c4 d6f4 h1g2
Warning; PV continues after threefold repetition - move f3g2 from ref-5047070
Info; info score cp -280 time 96 depth 24 nodes 445144 nps 4632429 pv d7c7 c4c5 f4h6 g2c6 h6f4 c6f3 f4d6 c5d5 c7d7 f3g2 d6f4 d5c5 d7c7 g2d5 f4d6 c5b5 d6g3 d5c6 g3d6 c6f3 d6g3 f3d5 g3d6 d5c6 
Position; fen rnbqkbnr/2p1pppp/p2p4/1p6/8/2NP4/PPPQPPPP/R1B1KBNR w KQkq - 0 4
Moves; a2a3 e7e5 e2e4 c7c5 f1e2 g8f6 g1f3 f8e7 e1g1 e8g8 b2b4 b8c6 c1b2 c8b7 c3d5 f6d5 e4d5 c6d4 f3d4 c5d4 e2f3 e7g5 d2d1 a8c8 f1e1 d8c7 e1e2 c7d7 d1b1 g5h6 b1a2 f8e8 a3a4 b5a4 a2a4 d7a4 a1a4 c8c7 f3g4 e8b8 b2a3 h6g5 a4a5 g5e7 g2g3 c7c3 f2f4 e7d8 a5a4 d8b6 f4e5 d6e5 a3b2 e5e4 b2c3 d4c3 g1f1 e4d3 c2d3 b7d5 a4a6 h7h6 g4d7 d5b3 f1e1 c3c2 e1d2 b6d4 b4b5 b8d8 d7f5 g7g6 f5e4 d4c5 a6c6 c5d4 b5b6 d4b2 c6c2 b3c2 d2c2 b2d4 b6b7 g8g7 e4c6 g7f6 e2e8 d8e8 c6e8 d4e5 d3d4 e5d6 c2d3 f6e6 d3c4 g6g5 e8c6 h6h5 c6d5 e6e7 d5e4 e7e6 e4d5 e6e7 d5f3 h5h4 g3h4 g5h4 h2h3 e7d7 c4d5 f7f5 d5c4 d7c7 c4d5 c7d7 f3h1 d6f4 h1g2 f4g3 g2h1 g3d6 d5c4 d6f4 h1g2
Finished game 179 (candidate vs ref-5047070): 1-0 {White wins by adjudication}
Started game 188 of 1000 (ref-5047070 vs candidate)
Finished game 180 (ref-5047070 vs candidate): 1-0 {White wins by adjudication}
--------------------------------------------------
Results of candidate vs ref-5047070 (8+0.08, 1t, 16MB, noob_3moves.epd):
Elo: -9.87 +/- 39.02, nElo: -13.05 +/- 51.33
LOS: 30.92 %, DrawRatio: 32.95 %, PairsRatio: 1.03
Games: 176, Wins: 51, Losses: 56, Draws: 69, Points: 85.5 (48.58 %)
Ptnml(0-2): [10, 19, 29, 26, 4], WL/DD Ratio: 1.42
--------------------------------------------------
Started game 189 of 1000 (candidate vs ref-5047070)
Finished game 173 (candidate vs ref-5047070): 1/2-1/2 {Draw by 3-fold repetition}
Started game 190 of 1000 (ref-5047070 vs candidate)
Finished game 174 (ref-5047070 vs candidate): 1/2-1/2 {Draw by adjudication}
Started game 191 of 1000 (candidate vs ref-5047070)
Finished game 184 (ref-5047070 vs candidate): 1/2-1/2 {Draw by 3-fold repetition}
Started game 192 of 1000 (ref-5047070 vs candidate)
Finished game 182 (ref-5047070 vs candidate): 1/2-1/2 {Draw by 3-fold repetition}
Started game 193 of 1000 (candidate vs ref-5047070)
Finished game 185 (candidate vs ref-5047070): 0-1 {Black wins by adjudication}
Started game 194 of 1000 (ref-5047070 vs candidate)
Finished game 187 (candidate vs ref-5047070): 1-0 {White wins by adjudication}
Started game 195 of 1000 (candidate vs ref-5047070)
Finished game 181 (candidate vs ref-5047070): 1-0 {White wins by adjudication}
Started game 196 of 1000 (ref-5047070 vs candidate)
Finished game 177 (candidate vs ref-5047070): 1/2-1/2 {Draw by adjudication}
Started game 197 of 1000 (candidate vs ref-5047070)
Finished game 186 (ref-5047070 vs candidate): 0-1 {Black wins by adjudication}
Started game 198 of 1000 (ref-5047070 vs candidate)
Finished game 183 (candidate vs ref-5047070): 1/2-1/2 {Draw by adjudication}
Started game 199 of 1000 (candidate vs ref-5047070)
Finished game 189 (candidate vs ref-5047070): 1-0 {White wins by adjudication}
Started game 200 of 1000 (ref-5047070 vs candidate)
Finished game 190 (ref-5047070 vs candidate): 0-1 {Black wins by adjudication}
Started game 201 of 1000 (candidate vs ref-5047070)
Finished game 188 (ref-5047070 vs candidate): 0-1 {Black wins by adjudication}
Started game 202 of 1000 (ref-5047070 vs candidate)
Finished game 192 (ref-5047070 vs candidate): 0-1 {Black wins by adjudication}
Started game 203 of 1000 (candidate vs ref-5047070)
Finished game 193 (candidate vs ref-5047070): 1/2-1/2 {Draw by 3-fold repetition}
Started game 204 of 1000 (ref-5047070 vs candidate)
Finished game 191 (candidate vs ref-5047070): 1/2-1/2 {Draw by adjudication}
Started game 205 of 1000 (candidate vs ref-5047070)
Finished game 194 (ref-5047070 vs candidate): 0-1 {Black wins by adjudication}
Started game 206 of 1000 (ref-5047070 vs candidate)
Finished game 196 (ref-5047070 vs candidate): 1-0 {White wins by adjudication}
Started game 207 of 1000 (candidate vs ref-5047070)
Finished game 197 (candidate vs ref-5047070): 1/2-1/2 {Draw by 3-fold repetition}
Started game 208 of 1000 (ref-5047070 vs candidate)
Finished game 200 (ref-5047070 vs candidate): 0-1 {Black wins by adjudication}
Started game 209 of 1000 (candidate vs ref-5047070)
Finished game 199 (candidate vs ref-5047070): 0-1 {Black wins by adjudication}
--------------------------------------------------
Results of candidate vs ref-5047070 (8+0.08, 1t, 16MB, noob_3moves.epd):
Elo: 5.32 +/- 37.07, nElo: 7.01 +/- 48.64
LOS: 61.12 %, DrawRatio: 33.67 %, PairsRatio: 1.24
Games: 196, Wins: 61, Losses: 58, Draws: 77, Points: 99.5 (50.77 %)
Ptnml(0-2): [10, 19, 33, 30, 6], WL/DD Ratio: 1.36
--------------------------------------------------
Started game 210 of 1000 (ref-5047070 vs candidate)
Finished game 195 (candidate vs ref-5047070): 1-0 {White wins by adjudication}
Started game 211 of 1000 (candidate vs ref-5047070)
Finished game 203 (candidate vs ref-5047070): 1-0 {White wins by adjudication}
Started game 212 of 1000 (ref-5047070 vs candidate)
Finished game 198 (ref-5047070 vs candidate): 1/2-1/2 {Draw by fifty moves rule}
Started game 213 of 1000 (candidate vs ref-5047070)
Finished game 207 (candidate vs ref-5047070): 0-1 {Black wins by adjudication}
Started game 214 of 1000 (ref-5047070 vs candidate)
Finished game 201 (candidate vs ref-5047070): 1-0 {White wins by adjudication}
Started game 215 of 1000 (candidate vs ref-5047070)
Finished game 205 (candidate vs ref-5047070): 0-1 {Black wins by adjudication}
Started game 216 of 1000 (ref-5047070 vs candidate)
Finished game 204 (ref-5047070 vs candidate): 1/2-1/2 {Draw by insufficient mating material}
Started game 217 of 1000 (candidate vs ref-5047070)
Finished game 202 (ref-5047070 vs candidate): 1/2-1/2 {Draw by insufficient mating material}
Started game 218 of 1000 (ref-5047070 vs candidate)
Finished game 208 (ref-5047070 vs candidate): 1-0 {White wins by adjudication}
Started game 219 of 1000 (candidate vs ref-5047070)
Finished game 206 (ref-5047070 vs candidate): 0-1 {Black wins by adjudication}
Started game 220 of 1000 (ref-5047070 vs candidate)
Finished game 211 (candidate vs ref-5047070): 0-1 {Black wins by adjudication}
Started game 221 of 1000 (candidate vs ref-5047070)
Finished game 213 (candidate vs ref-5047070): 1-0 {White wins by adjudication}
Started game 222 of 1000 (ref-5047070 vs candidate)
Finished game 212 (ref-5047070 vs candidate): 1/2-1/2 {Draw by 3-fold repetition}
Started game 223 of 1000 (candidate vs ref-5047070)
Finished game 209 (candidate vs ref-5047070): 0-1 {Black wins by adjudication}
Started game 224 of 1000 (ref-5047070 vs candidate)
Finished game 210 (ref-5047070 vs candidate): 1/2-1/2 {Draw by insufficient mating material}
Started game 225 of 1000 (candidate vs ref-5047070)
Finished game 216 (ref-5047070 vs candidate): 1-0 {White wins by adjudication}
Started game 226 of 1000 (ref-5047070 vs candidate)
Finished game 214 (ref-5047070 vs candidate): 0-1 {Black wins by adjudication}
Started game 227 of 1000 (candidate vs ref-5047070)
Finished game 215 (candidate vs ref-5047070): 1/2-1/2 {Draw by 3-fold repetition}
Started game 228 of 1000 (ref-5047070 vs candidate)
Finished game 218 (ref-5047070 vs candidate): 0-1 {Black wins by adjudication}
Started game 229 of 1000 (candidate vs ref-5047070)
Finished game 219 (candidate vs ref-5047070): 0-1 {Black wins by adjudication}
Started game 230 of 1000 (ref-5047070 vs candidate)
Finished game 221 (candidate vs ref-5047070): 1/2-1/2 {Draw by 3-fold repetition}
Started game 231 of 1000 (candidate vs ref-5047070)
Finished game 217 (candidate vs ref-5047070): 1/2-1/2 {Draw by insufficient mating material}
Started game 232 of 1000 (ref-5047070 vs candidate)
Finished game 222 (ref-5047070 vs candidate): 0-1 {Black wins by adjudication}
Started game 233 of 1000 (candidate vs ref-5047070)
Finished game 225 (candidate vs ref-5047070): 1/2-1/2 {Draw by adjudication}
Started game 234 of 1000 (ref-5047070 vs candidate)
Finished game 220 (ref-5047070 vs candidate): 0-1 {Black wins by adjudication}
--------------------------------------------------
Results of candidate vs ref-5047070 (8+0.08, 1t, 16MB, noob_3moves.epd):
Elo: 6.26 +/- 34.81, nElo: 8.25 +/- 45.70
LOS: 63.82 %, DrawRatio: 33.33 %, PairsRatio: 1.24
Games: 222, Wins: 70, Losses: 66, Draws: 86, Points: 113.0 (50.90 %)
Ptnml(0-2): [11, 22, 37, 34, 7], WL/DD Ratio: 1.47
--------------------------------------------------
Started game 235 of 1000 (candidate vs ref-5047070)
Finished game 223 (candidate vs ref-5047070): 0-1 {Black wins by adjudication}
Started game 236 of 1000 (ref-5047070 vs candidate)
Finished game 232 (ref-5047070 vs candidate): 0-1 {Black wins by adjudication}
Started game 237 of 1000 (candidate vs ref-5047070)
Finished game 226 (ref-5047070 vs candidate): 1/2-1/2 {Draw by insufficient mating material}
Started game 238 of 1000 (ref-5047070 vs candidate)
Finished game 230 (ref-5047070 vs candidate): 0-1 {Black wins by adjudication}
Started game 239 of 1000 (candidate vs ref-5047070)
Finished game 228 (ref-5047070 vs candidate): 1-0 {White wins by adjudication}
Started game 240 of 1000 (ref-5047070 vs candidate)
Finished game 227 (candidate vs ref-5047070): 0-1 {Black wins by adjudication}
Started game 241 of 1000 (candidate vs ref-5047070)
Finished game 233 (candidate vs ref-5047070): 0-1 {Black wins by adjudication}
Started game 242 of 1000 (ref-5047070 vs candidate)
Finished game 224 (ref-5047070 vs candidate): 0-1 {Black wins by adjudication}
Started game 243 of 1000 (candidate vs ref-5047070)
Finished game 235 (candidate vs ref-5047070): 1/2-1/2 {Draw by 3-fold repetition}
Started game 244 of 1000 (ref-5047070 vs candidate)
Finished game 229 (candidate vs ref-5047070): 1/2-1/2 {Draw by 3-fold repetition}
Started game 245 of 1000 (candidate vs ref-5047070)
Finished game 234 (ref-5047070 vs candidate): 1-0 {White wins by adjudication}
Started game 246 of 1000 (ref-5047070 vs candidate)
Finished game 238 (ref-5047070 vs candidate): 0-1 {Black wins by adjudication}
Started game 247 of 1000 (candidate vs ref-5047070)
Finished game 231 (candidate vs ref-5047070): 1/2-1/2 {Draw by insufficient mating material}
Started game 248 of 1000 (ref-5047070 vs candidate)
Warning; PV continues after threefold repetition - move c2e2 from ref-5047070
Info; info score cp 198 time 7 depth 8 nodes 33169 nps 4538103 pv c2c3 g1g2 c3c2 g2g1 c2e2 d4d5 e2e1 a1e1 
Position; fen rnbqkbnr/pp2ppp1/7p/2pp4/8/4P2P/PPPPBPP1/RNBQK1NR w KQkq - 0 4
Moves; g1f3 e7e6 e1g1 g8f6 d2d4 f8e7 b1c3 e8g8 a2a3 b7b6 b2b4 c5b4 a3b4 e7b4 c1b2 b8c6 e2d3 c6a5 d1e2 c8b7 a1a4 b4e7 a4a1 a7a6 e3e4 d5e4 c3e4 b7e4 d3e4 f6e4 e2e4 d8d5 e4g4 f8c8 c2c3 e7d6 a1d1 d5f5 g4f5 e6f5 f1e1 c8e8 b2c1 e8e4 e1e4 f5e4 f3h4 a8c8 h4f5 d6f8 d1e1 c8c3 c1f4 g7g5 f4d2 c3c2 d2a5 b6a5 e1a1 f8b4 f5h6 g8g7 h6f5 g7g6 g2g4 b4c3 a1a4 c3b4 a4a1
Warning; PV continues after threefold repetition - move c2e2 from ref-5047070
Info; info score cp 198 time 9 depth 9 nodes 45173 nps 4617499 pv c2c3 g1g2 c3c2 g2g1 c2e2 d4d5 e2e1 a1e1 b4e1 
Position; fen rnbqkbnr/pp2ppp1/7p/2pp4/8/4P2P/PPPPBPP1/RNBQK1NR w KQkq - 0 4
Moves; g1f3 e7e6 e1g1 g8f6 d2d4 f8e7 b1c3 e8g8 a2a3 b7b6 b2b4 c5b4 a3b4 e7b4 c1b2 b8c6 e2d3 c6a5 d1e2 c8b7 a1a4 b4e7 a4a1 a7a6 e3e4 d5e4 c3e4 b7e4 d3e4 f6e4 e2e4 d8d5 e4g4 f8c8 c2c3 e7d6 a1d1 d5f5 g4f5 e6f5 f1e1 c8e8 b2c1 e8e4 e1e4 f5e4 f3h4 a8c8 h4f5 d6f8 d1e1 c8c3 c1f4 g7g5 f4d2 c3c2 d2a5 b6a5 e1a1 f8b4 f5h6 g8g7 h6f5 g7g6 g2g4 b4c3 a1a4 c3b4 a4a1
Warning; PV continues after threefold repetition - move f7f6 from ref-5047070
Info; info score cp 197 time 13 depth 10 nodes 61158 nps 4632830 pv c2c3 g1g2 c3c2 g2g1 f7f6 d4d5 b4c5 f5e3 c5e3 f2e3 
Position; fen rnbqkbnr/pp2ppp1/7p/2pp4/8/4P2P/PPPPBPP1/RNBQK1NR w KQkq - 0 4
Moves; g1f3 e7e6 e1g1 g8f6 d2d4 f8e7 b1c3 e8g8 a2a3 b7b6 b2b4 c5b4 a3b4 e7b4 c1b2 b8c6 e2d3 c6a5 d1e2 c8b7 a1a4 b4e7 a4a1 a7a6 e3e4 d5e4 c3e4 b7e4 d3e4 f6e4 e2e4 d8d5 e4g4 f8c8 c2c3 e7d6 a1d1 d5f5 g4f5 e6f5 f1e1 c8e8 b2c1 e8e4 e1e4 f5e4 f3h4 a8c8 h4f5 d6f8 d1e1 c8c3 c1f4 g7g5 f4d2 c3c2 d2a5 b6a5 e1a1 f8b4 f5h6 g8g7 h6f5 g7g6 g2g4 b4c3 a1a4 c3b4 a4a1
Warning; PV continues after threefold repetition - move b4c3 from ref-5047070
Info; info score cp 195 time 19 depth 11 nodes 93250 nps 4666466 pv c2c3 g1g2 c3c2 g2g1 b4c3 a1a4 g6f6 d4d5 c3b4 d5d6 c2d2 
Position; fen rnbqkbnr/pp2ppp1/7p/2pp4/8/4P2P/PPPPBPP1/RNBQK1NR w KQkq - 0 4
Moves; g1f3 e7e6 e1g1 g8f6 d2d4 f8e7 b1c3 e8g8 a2a3 b7b6 b2b4 c5b4 a3b4 e7b4 c1b2 b8c6 e2d3 c6a5 d1e2 c8b7 a1a4 b4e7 a4a1 a7a6 e3e4 d5e4 c3e4 b7e4 d3e4 f6e4 e2e4 d8d5 e4g4 f8c8 c2c3 e7d6 a1d1 d5f5 g4f5 e6f5 f1e1 c8e8 b2c1 e8e4 e1e4 f5e4 f3h4 a8c8 h4f5 d6f8 d1e1 c8c3 c1f4 g7g5 f4d2 c3c2 d2a5 b6a5 e1a1 f8b4 f5h6 g8g7 h6f5 g7g6 g2g4 b4c3 a1a4 c3b4 a4a1
Finished game 246 (ref-5047070 vs candidate): 0-1 {Black wins by adjudication}
Started game 249 of 1000 (candidate vs ref-5047070)
Warning; PV continues after threefold repetition - move f7f6 from candidate
Info; info score cp -184 time 0 depth 4 nodes 1135 nps 3418674 pv a1a4 c3b4 a4a1 f7f6 
Position; fen rnbqkbnr/pp2ppp1/7p/2pp4/8/4P2P/PPPPBPP1/RNBQK1NR w KQkq - 0 4
Moves; g1f3 e7e6 e1g1 g8f6 d2d4 f8e7 b1c3 e8g8 a2a3 b7b6 b2b4 c5b4 a3b4 e7b4 c1b2 b8c6 e2d3 c6a5 d1e2 c8b7 a1a4 b4e7 a4a1 a7a6 e3e4 d5e4 c3e4 b7e4 d3e4 f6e4 e2e4 d8d5 e4g4 f8c8 c2c3 e7d6 a1d1 d5f5 g4f5 e6f5 f1e1 c8e8 b2c1 e8e4 e1e4 f5e4 f3h4 a8c8 h4f5 d6f8 d1e1 c8c3 c1f4 g7g5 f4d2 c3c2 d2a5 b6a5 e1a1 f8b4 f5h6 g8g7 h6f5 g7g6 g2g4 b4c3 a1a4 c3b4 a4a1 b4c3
Warning; PV continues after threefold repetition - move f7f6 from candidate
Info; info score cp -184 time 0 depth 5 nodes 1980 nps 3882352 pv a1a4 c3b4 a4a1 f7f6 d4d5 
Position; fen rnbqkbnr/pp2ppp1/7p/2pp4/8/4P2P/PPPPBPP1/RNBQK1NR w KQkq - 0 4
Moves; g1f3 e7e6 e1g1 g8f6 d2d4 f8e7 b1c3 e8g8 a2a3 b7b6 b2b4 c5b4 a3b4 e7b4 c1b2 b8c6 e2d3 c6a5 d1e2 c8b7 a1a4 b4e7 a4a1 a7a6 e3e4 d5e4 c3e4 b7e4 d3e4 f6e4 e2e4 d8d5 e4g4 f8c8 c2c3 e7d6 a1d1 d5f5 g4f5 e6f5 f1e1 c8e8 b2c1 e8e4 e1e4 f5e4 f3h4 a8c8 h4f5 d6f8 d1e1 c8c3 c1f4 g7g5 f4d2 c3c2 d2a5 b6a5 e1a1 f8b4 f5h6 g8g7 h6f5 g7g6 g2g4 b4c3 a1a4 c3b4 a4a1 b4c3
Warning; PV continues after threefold repetition - move f7f6 from candidate
Info; info score cp -184 time 0 depth 6 nodes 3438 nps 4073459 pv a1a4 c3b4 a4a1 f7f6 d4d5 c2d2 
Position; fen rnbqkbnr/pp2ppp1/7p/2pp4/8/4P2P/PPPPBPP1/RNBQK1NR w KQkq - 0 4
Moves; g1f3 e7e6 e1g1 g8f6 d2d4 f8e7 b1c3 e8g8 a2a3 b7b6 b2b4 c5b4 a3b4 e7b4 c1b2 b8c6 e2d3 c6a5 d1e2 c8b7 a1a4 b4e7 a4a1 a7a6 e3e4 d5e4 c3e4 b7e4 d3e4 f6e4 e2e4 d8d5 e4g4 f8c8 c2c3 e7d6 a1d1 d5f5 g4f5 e6f5 f1e1 c8e8 b2c1 e8e4 e1e4 f5e4 f3h4 a8c8 h4f5 d6f8 d1e1 c8c3 c1f4 g7g5 f4d2 c3c2 d2a5 b6a5 e1a1 f8b4 f5h6 g8g7 h6f5 g7g6 g2g4 b4c3 a1a4 c3b4 a4a1 b4c3
Warning; PV continues after threefold repetition - move f7f6 from candidate
Info; info score cp -184 time 1 depth 7 nodes 5135 nps 4168019 pv a1a4 c3b4 a4a1 f7f6 d4d5 c2d2 f5e3 
Position; fen rnbqkbnr/pp2ppp1/7p/2pp4/8/4P2P/PPPPBPP1/RNBQK1NR w KQkq - 0 4
Moves; g1f3 e7e6 e1g1 g8f6 d2d4 f8e7 b1c3 e8g8 a2a3 b7b6 b2b4 c5b4 a3b4 e7b4 c1b2 b8c6 e2d3 c6a5 d1e2 c8b7 a1a4 b4e7 a4a1 a7a6 e3e4 d5e4 c3e4 b7e4 d3e4 f6e4 e2e4 d8d5 e4g4 f8c8 c2c3 e7d6 a1d1 d5f5 g4f5 e6f5 f1e1 c8e8 b2c1 e8e4 e1e4 f5e4 f3h4 a8c8 h4f5 d6f8 d1e1 c8c3 c1f4 g7g5 f4d2 c3c2 d2a5 b6a5 e1a1 f8b4 f5h6 g8g7 h6f5 g7g6 g2g4 b4c3 a1a4 c3b4 a4a1 b4c3
Warning; PV continues after threefold repetition - move f7f6 from candidate
Info; info score cp -185 time 1 depth 8 nodes 6908 nps 4207064 pv a1a4 c3b4 a4a1 f7f6 d4d5 c2d2 a1e1 d2d5 
Position; fen rnbqkbnr/pp2ppp1/7p/2pp4/8/4P2P/PPPPBPP1/RNBQK1NR w KQkq - 0 4
Moves; g1f3 e7e6 e1g1 g8f6 d2d4 f8e7 b1c3 e8g8 a2a3 b7b6 b2b4 c5b4 a3b4 e7b4 c1b2 b8c6 e2d3 c6a5 d1e2 c8b7 a1a4 b4e7 a4a1 a7a6 e3e4 d5e4 c3e4 b7e4 d3e4 f6e4 e2e4 d8d5 e4g4 f8c8 c2c3 e7d6 a1d1 d5f5 g4f5 e6f5 f1e1 c8e8 b2c1 e8e4 e1e4 f5e4 f3h4 a8c8 h4f5 d6f8 d1e1 c8c3 c1f4 g7g5 f4d2 c3c2 d2a5 b6a5 e1a1 f8b4 f5h6 g8g7 h6f5 g7g6 g2g4 b4c3 a1a4 c3b4 a4a1 b4c3
Warning; PV continues after threefold repetition - move f7f6 from candidate
Info; info score cp -185 time 2 depth 9 nodes 10691 nps 4377968 pv a1a4 c3b4 a4a1 f7f6 d4d5 c2d2 a1e1 d2d5 e1e4 
Position; fen rnbqkbnr/pp2ppp1/7p/2pp4/8/4P2P/PPPPBPP1/RNBQK1NR w KQkq - 0 4
Moves; g1f3 e7e6 e1g1 g8f6 d2d4 f8e7 b1c3 e8g8 a2a3 b7b6 b2b4 c5b4 a3b4 e7b4 c1b2 b8c6 e2d3 c6a5 d1e2 c8b7 a1a4 b4e7 a4a1 a7a6 e3e4 d5e4 c3e4 b7e4 d3e4 f6e4 e2e4 d8d5 e4g4 f8c8 c2c3 e7d6 a1d1 d5f5 g4f5 e6f5 f1e1 c8e8 b2c1 e8e4 e1e4 f5e4 f3h4 a8c8 h4f5 d6f8 d1e1 c8c3 c1f4 g7g5 f4d2 c3c2 d2a5 b6a5 e1a1 f8b4 f5h6 g8g7 h6f5 g7g6 g2g4 b4c3 a1a4 c3b4 a4a1 b4c3
Warning; PV continues after threefold repetition - move f7f6 from candidate
Info; info score cp -183 time 8 depth 10 nodes 39384 nps 4430644 pv a1a4 c3b4 a4a1 f7f6 d4d5 c2d2 d5d6 g6f7 f5g3 e4e3 
Position; fen rnbqkbnr/pp2ppp1/7p/2pp4/8/4P2P/PPPPBPP1/RNBQK1NR w KQkq - 0 4
Moves; g1f3 e7e6 e1g1 g8f6 d2d4 f8e7 b1c3 e8g8 a2a3 b7b6 b2b4 c5b4 a3b4 e7b4 c1b2 b8c6 e2d3 c6a5 d1e2 c8b7 a1a4 b4e7 a4a1 a7a6 e3e4 d5e4 c3e4 b7e4 d3e4 f6e4 e2e4 d8d5 e4g4 f8c8 c2c3 e7d6 a1d1 d5f5 g4f5 e6f5 f1e1 c8e8 b2c1 e8e4 e1e4 f5e4 f3h4 a8c8 h4f5 d6f8 d1e1 c8c3 c1f4 g7g5 f4d2 c3c2 d2a5 b6a5 e1a1 f8b4 f5h6 g8g7 h6f5 g7g6 g2g4 b4c3 a1a4 c3b4 a4a1 b4c3
Warning; PV continues after threefold repetition - move f7f6 from candidate
Info; info score cp -184 time 14 depth 11 nodes 67498 nps 4513406 pv a1a4 c3b4 a4a1 f7f6 d4d5 c2d2 f5e3 d2d4 g1g2 d4d3 a1c1 
Position; fen rnbqkbnr/pp2ppp1/7p/2pp4/8/4P2P/PPPPBPP1/RNBQK1NR w KQkq - 0 4
Moves; g1f3 e7e6 e1g1 g8f6 d2d4 f8e7 b1c3 e8g8 a2a3 b7b6 b2b4 c5b4 a3b4 e7b4 c1b2 b8c6 e2d3 c6a5 d1e2 c8b7 a1a4 b4e7 a4a1 a7a6 e3e4 d5e4 c3e4 b7e4 d3e4 f6e4 e2e4 d8d5 e4g4 f8c8 c2c3 e7d6 a1d1 d5f5 g4f5 e6f5 f1e1 c8e8 b2c1 e8e4 e1e4 f5e4 f3h4 a8c8 h4f5 d6f8 d1e1 c8c3 c1f4 g7g5 f4d2 c3c2 d2a5 b6a5 e1a1 f8b4 f5h6 g8g7 h6f5 g7g6 g2g4 b4c3 a1a4 c3b4 a4a1 b4c3
Warning; PV continues after threefold repetition - move f7f6 from candidate
Info; info score cp -184 time 26 depth 12 nodes 119112 nps 4489879 pv a1a4 c3b4 a4a1 f7f6 d4d5 c2d2 f5e3 d2d4 g1g2 d4d3 a1c1 b4d2 
Position; fen rnbqkbnr/pp2ppp1/7p/2pp4/8/4P2P/PPPPBPP1/RNBQK1NR w KQkq - 0 4
Moves; g1f3 e7e6 e1g1 g8f6 d2d4 f8e7 b1c3 e8g8 a2a3 b7b6 b2b4 c5b4 a3b4 e7b4 c1b2 b8c6 e2d3 c6a5 d1e2 c8b7 a1a4 b4e7 a4a1 a7a6 e3e4 d5e4 c3e4 b7e4 d3e4 f6e4 e2e4 d8d5 e4g4 f8c8 c2c3 e7d6 a1d1 d5f5 g4f5 e6f5 f1e1 c8e8 b2c1 e8e4 e1e4 f5e4 f3h4 a8c8 h4f5 d6f8 d1e1 c8c3 c1f4 g7g5 f4d2 c3c2 d2a5 b6a5 e1a1 f8b4 f5h6 g8g7 h6f5 g7g6 g2g4 b4c3 a1a4 c3b4 a4a1 b4c3
Warning; PV continues after threefold repetition - move f7f6 from candidate
Info; info score cp -184 time 50 depth 13 nodes 226495 nps 4470443 pv a1a4 c3b4 a4a1 f7f6 d4d5 c2d2 f5e3 d2d4 g1g2 d4d3 a1c1 b4d2 c1c5 
Position; fen rnbqkbnr/pp2ppp1/7p/2pp4/8/4P2P/PPPPBPP1/RNBQK1NR w KQkq - 0 4
Moves; g1f3 e7e6 e1g1 g8f6 d2d4 f8e7 b1c3 e8g8 a2a3 b7b6 b2b4 c5b4 a3b4 e7b4 c1b2 b8c6 e2d3 c6a5 d1e2 c8b7 a1a4 b4e7 a4a1 a7a6 e3e4 d5e4 c3e4 b7e4 d3e4 f6e4 e2e4 d8d5 e4g4 f8c8 c2c3 e7d6 a1d1 d5f5 g4f5 e6f5 f1e1 c8e8 b2c1 e8e4 e1e4 f5e4 f3h4 a8c8 h4f5 d6f8 d1e1 c8c3 c1f4 g7g5 f4d2 c3c2 d2a5 b6a5 e1a1 f8b4 f5h6 g8g7 h6f5 g7g6 g2g4 b4c3 a1a4 c3b4 a4a1 b4c3
Warning; PV continues after threefold repetition - move f7f6 from candidate
Info; info score cp -184 time 71 depth 14 nodes 319941 nps 4454575 pv a1a4 c3b4 a4a1 f7f6 d4d5 c2d2 f5e3 d2d4 g1g2 d4d3 a1c1 b4d2 c1c5 d2e3 
Position; fen rnbqkbnr/pp2ppp1/7p/2pp4/8/4P2P/PPPPBPP1/RNBQK1NR w KQkq - 0 4
Moves; g1f3 e7e6 e1g1 g8f6 d2d4 f8e7 b1c3 e8g8 a2a3 b7b6 b2b4 c5b4 a3b4 e7b4 c1b2 b8c6 e2d3 c6a5 d1e2 c8b7 a1a4 b4e7 a4a1 a7a6 e3e4 d5e4 c3e4 b7e4 d3e4 f6e4 e2e4 d8d5 e4g4 f8c8 c2c3 e7d6 a1d1 d5f5 g4f5 e6f5 f1e1 c8e8 b2c1 e8e4 e1e4 f5e4 f3h4 a8c8 h4f5 d6f8 d1e1 c8c3 c1f4 g7g5 f4d2 c3c2 d2a5 b6a5 e1a1 f8b4 f5h6 g8g7 h6f5 g7g6 g2g4 b4c3 a1a4 c3b4 a4a1 b4c3
Warning; PV continues after threefold repetition - move f7f6 from candidate
Info; info score cp -182 time 111 depth 15 nodes 490677 nps 4385116 pv a1a4 c3b4 a4a1 f7f6 d4d5 c2d2 d5d6 g6f7 g1g2 f7e6 a1a4 e6e5 f5e3 e5f4 e3f5 
Position; fen rnbqkbnr/pp2ppp1/7p/2pp4/8/4P2P/PPPPBPP1/RNBQK1NR w KQkq - 0 4
Moves; g1f3 e7e6 e1g1 g8f6 d2d4 f8e7 b1c3 e8g8 a2a3 b7b6 b2b4 c5b4 a3b4 e7b4 c1b2 b8c6 e2d3 c6a5 d1e2 c8b7 a1a4 b4e7 a4a1 a7a6 e3e4 d5e4 c3e4 b7e4 d3e4 f6e4 e2e4 d8d5 e4g4 f8c8 c2c3 e7d6 a1d1 d5f5 g4f5 e6f5 f1e1 c8e8 b2c1 e8e4 e1e4 f5e4 f3h4 a8c8 h4f5 d6f8 d1e1 c8c3 c1f4 g7g5 f4d2 c3c2 d2a5 b6a5 e1a1 f8b4 f5h6 g8g7 h6f5 g7g6 g2g4 b4c3 a1a4 c3b4 a4a1 b4c3
Warning; PV continues after threefold repetition - move b4d2 from ref-5047070
Info; info score cp 187 time 6 depth 9 nodes 27459 nps 4444642 pv c3b4 a4a1 b4d2 d4d5 c2c1 a1c1 d2c1 d5d6 c1a3 
Position; fen rnbqkbnr/pp2ppp1/7p/2pp4/8/4P2P/PPPPBPP1/RNBQK1NR w KQkq - 0 4
Moves; g1f3 e7e6 e1g1 g8f6 d2d4 f8e7 b1c3 e8g8 a2a3 b7b6 b2b4 c5b4 a3b4 e7b4 c1b2 b8c6 e2d3 c6a5 d1e2 c8b7 a1a4 b4e7 a4a1 a7a6 e3e4 d5e4 c3e4 b7e4 d3e4 f6e4 e2e4 d8d5 e4g4 f8c8 c2c3 e7d6 a1d1 d5f5 g4f5 e6f5 f1e1 c8e8 b2c1 e8e4 e1e4 f5e4 f3h4 a8c8 h4f5 d6f8 d1e1 c8c3 c1f4 g7g5 f4d2 c3c2 d2a5 b6a5 e1a1 f8b4 f5h6 g8g7 h6f5 g7g6 g2g4 b4c3 a1a4 c3b4 a4a1 b4c3 a1a4
Warning; PV continues after threefold repetition - move b4d2 from ref-5047070
Info; info score cp 187 time 8 depth 10 nodes 38174 nps 4437805 pv c3b4 a4a1 b4d2 d4d5 d2c3 a1a4 c3e1 a4e4 e1f2 g1f1 
Position; fen rnbqkbnr/pp2ppp1/7p/2pp4/8/4P2P/PPPPBPP1/RNBQK1NR w KQkq - 0 4
Moves; g1f3 e7e6 e1g1 g8f6 d2d4 f8e7 b1c3 e8g8 a2a3 b7b6 b2b4 c5b4 a3b4 e7b4 c1b2 b8c6 e2d3 c6a5 d1e2 c8b7 a1a4 b4e7 a4a1 a7a6 e3e4 d5e4 c3e4 b7e4 d3e4 f6e4 e2e4 d8d5 e4g4 f8c8 c2c3 e7d6 a1d1 d5f5 g4f5 e6f5 f1e1 c8e8 b2c1 e8e4 e1e4 f5e4 f3h4 a8c8 h4f5 d6f8 d1e1 c8c3 c1f4 g7g5 f4d2 c3c2 d2a5 b6a5 e1a1 f8b4 f5h6 g8g7 h6f5 g7g6 g2g4 b4c3 a1a4 c3b4 a4a1 b4c3 a1a4
Warning; PV continues after threefold repetition - move f7f6 from candidate
Info; info score cp -182 time 0 depth 2 nodes 83 nps 1765957 pv a4a1 f7f6 
Position; fen rnbqkbnr/pp2ppp1/7p/2pp4/8/4P2P/PPPPBPP1/RNBQK1NR w KQkq - 0 4
Moves; g1f3 e7e6 e1g1 g8f6 d2d4 f8e7 b1c3 e8g8 a2a3 b7b6 b2b4 c5b4 a3b4 e7b4 c1b2 b8c6 e2d3 c6a5 d1e2 c8b7 a1a4 b4e7 a4a1 a7a6 e3e4 d5e4 c3e4 b7e4 d3e4 f6e4 e2e4 d8d5 e4g4 f8c8 c2c3 e7d6 a1d1 d5f5 g4f5 e6f5 f1e1 c8e8 b2c1 e8e4 e1e4 f5e4 f3h4 a8c8 h4f5 d6f8 d1e1 c8c3 c1f4 g7g5 f4d2 c3c2 d2a5 b6a5 e1a1 f8b4 f5h6 g8g7 h6f5 g7g6 g2g4 b4c3 a1a4 c3b4 a4a1 b4c3 a1a4 c3b4
Warning; PV continues after threefold repetition - move f7f6 from candidate
Info; info score cp -182 time 0 depth 3 nodes 162 nps 2531250 pv a4a1 f7f6 d4d5 
Position; fen rnbqkbnr/pp2ppp1/7p/2pp4/8/4P2P/PPPPBPP1/RNBQK1NR w KQkq - 0 4
Moves; g1f3 e7e6 e1g1 g8f6 d2d4 f8e7 b1c3 e8g8 a2a3 b7b6 b2b4 c5b4 a3b4 e7b4 c1b2 b8c6 e2d3 c6a5 d1e2 c8b7 a1a4 b4e7 a4a1 a7a6 e3e4 d5e4 c3e4 b7e4 d3e4 f6e4 e2e4 d8d5 e4g4 f8c8 c2c3 e7d6 a1d1 d5f5 g4f5 e6f5 f1e1 c8e8 b2c1 e8e4 e1e4 f5e4 f3h4 a8c8 h4f5 d6f8 d1e1 c8c3 c1f4 g7g5 f4d2 c3c2 d2a5 b6a5 e1a1 f8b4 f5h6 g8g7 h6f5 g7g6 g2g4 b4c3 a1a4 c3b4 a4a1 b4c3 a1a4 c3b4
Warning; PV continues after threefold repetition - move f7f6 from candidate
Info; info score cp -182 time 15 depth 11 nodes 57577 nps 3658702 pv a4a1 f7f6 d4d5 c2d2 d5d6 g6f7 g1g2 f7e6 a1a4 e6e5 f5e3 
Position; fen rnbqkbnr/pp2ppp1/7p/2pp4/8/4P2P/PPPPBPP1/RNBQK1NR w KQkq - 0 4
Moves; g1f3 e7e6 e1g1 g8f6 d2d4 f8e7 b1c3 e8g8 a2a3 b7b6 b2b4 c5b4 a3b4 e7b4 c1b2 b8c6 e2d3 c6a5 d1e2 c8b7 a1a4 b4e7 a4a1 a7a6 e3e4 d5e4 c3e4 b7e4 d3e4 f6e4 e2e4 d8d5 e4g4 f8c8 c2c3 e7d6 a1d1 d5f5 g4f5 e6f5 f1e1 c8e8 b2c1 e8e4 e1e4 f5e4 f3h4 a8c8 h4f5 d6f8 d1e1 c8c3 c1f4 g7g5 f4d2 c3c2 d2a5 b6a5 e1a1 f8b4 f5h6 g8g7 h6f5 g7g6 g2g4 b4c3 a1a4 c3b4 a4a1 b4c3 a1a4 c3b4
Warning; PV continues after threefold repetition - move f7f6 from candidate
Info; info score cp -182 time 18 depth 12 nodes 68493 nps 3739925 pv a4a1 f7f6 d4d5 c2d2 d5d6 g6f7 g1g2 f7e6 a1a4 e6e5 f5e3 e5f4 
Position; fen rnbqkbnr/pp2ppp1/7p/2pp4/8/4P2P/PPPPBPP1/RNBQK1NR w KQkq - 0 4
Moves; g1f3 e7e6 e1g1 g8f6 d2d4 f8e7 b1c3 e8g8 a2a3 b7b6 b2b4 c5b4 a3b4 e7b4 c1b2 b8c6 e2d3 c6a5 d1e2 c8b7 a1a4 b4e7 a4a1 a7a6 e3e4 d5e4 c3e4 b7e4 d3e4 f6e4 e2e4 d8d5 e4g4 f8c8 c2c3 e7d6 a1d1 d5f5 g4f5 e6f5 f1e1 c8e8 b2c1 e8e4 e1e4 f5e4 f3h4 a8c8 h4f5 d6f8 d1e1 c8c3 c1f4 g7g5 f4d2 c3c2 d2a5 b6a5 e1a1 f8b4 f5h6 g8g7 h6f5 g7g6 g2g4 b4c3 a1a4 c3b4 a4a1 b4c3 a1a4 c3b4
Warning; PV continues after threefold repetition - move f7f6 from candidate
Info; info score cp -182 time 21 depth 13 nodes 83589 nps 3852382 pv a4a1 f7f6 d4d5 c2d2 d5d6 g6f7 g1g2 f7e6 a1a4 e6e5 f5e3 e5f4 e3f5 
Position; fen rnbqkbnr/pp2ppp1/7p/2pp4/8/4P2P/PPPPBPP1/RNBQK1NR w KQkq - 0 4
Moves; g1f3 e7e6 e1g1 g8f6 d2d4 f8e7 b1c3 e8g8 a2a3 b7b6 b2b4 c5b4 a3b4 e7b4 c1b2 b8c6 e2d3 c6a5 d1e2 c8b7 a1a4 b4e7 a4a1 a7a6 e3e4 d5e4 c3e4 b7e4 d3e4 f6e4 e2e4 d8d5 e4g4 f8c8 c2c3 e7d6 a1d1 d5f5 g4f5 e6f5 f1e1 c8e8 b2c1 e8e4 e1e4 f5e4 f3h4 a8c8 h4f5 d6f8 d1e1 c8c3 c1f4 g7g5 f4d2 c3c2 d2a5 b6a5 e1a1 f8b4 f5h6 g8g7 h6f5 g7g6 g2g4 b4c3 a1a4 c3b4 a4a1 b4c3 a1a4 c3b4
Warning; PV continues after threefold repetition - move f7f6 from candidate
Info; info score cp -184 time 41 depth 14 nodes 170907 nps 4090641 pv a4a1 f7f6 d4d5 c2d2 f5e3 d2d4 g1g2 d4d3 a1c1 b4d2 c1c5 d2e3 f2e3 d3e3 
Position; fen rnbqkbnr/pp2ppp1/7p/2pp4/8/4P2P/PPPPBPP1/RNBQK1NR w KQkq - 0 4
Moves; g1f3 e7e6 e1g1 g8f6 d2d4 f8e7 b1c3 e8g8 a2a3 b7b6 b2b4 c5b4 a3b4 e7b4 c1b2 b8c6 e2d3 c6a5 d1e2 c8b7 a1a4 b4e7 a4a1 a7a6 e3e4 d5e4 c3e4 b7e4 d3e4 f6e4 e2e4 d8d5 e4g4 f8c8 c2c3 e7d6 a1d1 d5f5 g4f5 e6f5 f1e1 c8e8 b2c1 e8e4 e1e4 f5e4 f3h4 a8c8 h4f5 d6f8 d1e1 c8c3 c1f4 g7g5 f4d2 c3c2 d2a5 b6a5 e1a1 f8b4 f5h6 g8g7 h6f5 g7g6 g2g4 b4c3 a1a4 c3b4 a4a1 b4c3 a1a4 c3b4
Warning; PV continues after threefold repetition - move f7f6 from candidate
Info; info score cp -184 time 60 depth 15 nodes 252738 nps 4166056 pv a4a1 f7f6 d4d5 c2d2 f5e3 d2d4 g1g2 d4d3 a1c1 b4d2 c1c5 d2e3 f2e3 d3e3 c5a5 
Position; fen rnbqkbnr/pp2ppp1/7p/2pp4/8/4P2P/PPPPBPP1/RNBQK1NR w KQkq - 0 4
Moves; g1f3 e7e6 e1g1 g8f6 d2d4 f8e7 b1c3 e8g8 a2a3 b7b6 b2b4 c5b4 a3b4 e7b4 c1b2 b8c6 e2d3 c6a5 d1e2 c8b7 a1a4 b4e7 a4a1 a7a6 e3e4 d5e4 c3e4 b7e4 d3e4 f6e4 e2e4 d8d5 e4g4 f8c8 c2c3 e7d6 a1d1 d5f5 g4f5 e6f5 f1e1 c8e8 b2c1 e8e4 e1e4 f5e4 f3h4 a8c8 h4f5 d6f8 d1e1 c8c3 c1f4 g7g5 f4d2 c3c2 d2a5 b6a5 e1a1 f8b4 f5h6 g8g7 h6f5 g7g6 g2g4 b4c3 a1a4 c3b4 a4a1 b4c3 a1a4 c3b4
Warning; PV continues after threefold repetition - move f7f6 from candidate
Info; info score cp -175 time 184 depth 16 nodes 706032 nps 3824513 pv a4a1 f7f6 d4d5 c2d2 d5d6 g6f7 a1e1 b4d6 f5d6 d2d6 e1e4 d6e6 e4a4 e6e5 g1g2 f7g6 
Position; fen rnbqkbnr/pp2ppp1/7p/2pp4/8/4P2P/PPPPBPP1/RNBQK1NR w KQkq - 0 4
Moves; g1f3 e7e6 e1g1 g8f6 d2d4 f8e7 b1c3 e8g8 a2a3 b7b6 b2b4 c5b4 a3b4 e7b4 c1b2 b8c6 e2d3 c6a5 d1e2 c8b7 a1a4 b4e7 a4a1 a7a6 e3e4 d5e4 c3e4 b7e4 d3e4 f6e4 e2e4 d8d5 e4g4 f8c8 c2c3 e7d6 a1d1 d5f5 g4f5 e6f5 f1e1 c8e8 b2c1 e8e4 e1e4 f5e4 f3h4 a8c8 h4f5 d6f8 d1e1 c8c3 c1f4 g7g5 f4d2 c3c2 d2a5 b6a5 e1a1 f8b4 f5h6 g8g7 h6f5 g7g6 g2g4 b4c3 a1a4 c3b4 a4a1 b4c3 a1a4 c3b4
Finished game 245 (candidate vs ref-5047070): 1/2-1/2 {Draw by 3-fold repetition}
Started game 250 of 1000 (ref-5047070 vs candidate)
Finished game 239 (candidate vs ref-5047070): 1-0 {White wins by adjudication}
Started game 251 of 1000 (candidate vs ref-5047070)
Finished game 242 (ref-5047070 vs candidate): 1-0 {White wins by adjudication}
Started game 252 of 1000 (ref-5047070 vs candidate)
Finished game 240 (ref-5047070 vs candidate): 1-0 {White wins by adjudication}
--------------------------------------------------
Results of candidate vs ref-5047070 (8+0.08, 1t, 16MB, noob_3moves.epd):
Elo: 4.38 +/- 33.84, nElo: 5.73 +/- 44.14
LOS: 60.05 %, DrawRatio: 33.61 %, PairsRatio: 1.26
Games: 238, Wins: 75, Losses: 72, Draws: 91, Points: 120.5 (50.63 %)
Ptnml(0-2): [13, 22, 40, 37, 7], WL/DD Ratio: 1.50
--------------------------------------------------
Started game 253 of 1000 (candidate vs ref-5047070)
Finished game 244 (ref-5047070 vs candidate): 0-1 {Black wins by adjudication}
Started game 254 of 1000 (ref-5047070 vs candidate)
Finished game 243 (candidate vs ref-5047070): 1/2-1/2 {Draw by insufficient mating material}
Started game 255 of 1000 (candidate vs ref-5047070)
Finished game 247 (candidate vs ref-5047070): 0-1 {Black wins by adjudication}
Started game 256 of 1000 (ref-5047070 vs candidate)
Finished game 237 (candidate vs ref-5047070): 1/2-1/2 {Draw by adjudication}
Started game 257 of 1000 (candidate vs ref-5047070)
Finished game 241 (candidate vs ref-5047070): 1/2-1/2 {Draw by 3-fold repetition}
Started game 258 of 1000 (ref-5047070 vs candidate)
Finished game 248 (ref-5047070 vs candidate): 0-1 {Black wins by adjudication}
Started game 259 of 1000 (candidate vs ref-5047070)
Finished game 249 (candidate vs ref-5047070): 1/2-1/2 {Draw by 3-fold repetition}
Started game 260 of 1000 (ref-5047070 vs candidate)
Finished game 253 (candidate vs ref-5047070): 0-1 {Black wins by adjudication}
Started game 261 of 1000 (candidate vs ref-5047070)
Finished game 250 (ref-5047070 vs candidate): 1/2-1/2 {Draw by 3-fold repetition}
Started game 262 of 1000 (ref-5047070 vs candidate)
Finished game 252 (ref-5047070 vs candidate): 1-0 {White wins by adjudication}
Started game 263 of 1000 (candidate vs ref-5047070)
Finished game 258 (ref-5047070 vs candidate): 0-1 {Black wins by adjudication}
Started game 264 of 1000 (ref-5047070 vs candidate)
Finished game 251 (candidate vs ref-5047070): 1/2-1/2 {Draw by 3-fold repetition}
Started game 265 of 1000 (candidate vs ref-5047070)
Finished game 255 (candidate vs ref-5047070): 1-0 {White wins by adjudication}
Started game 266 of 1000 (ref-5047070 vs candidate)
Finished game 257 (candidate vs ref-5047070): 0-1 {Black wins by adjudication}
Started game 267 of 1000 (candidate vs ref-5047070)
Finished game 259 (candidate vs ref-5047070): 1/2-1/2 {Draw by 3-fold repetition}
Started game 268 of 1000 (ref-5047070 vs candidate)
Finished game 254 (ref-5047070 vs candidate): 1/2-1/2 {Draw by insufficient mating material}
Started game 269 of 1000 (candidate vs ref-5047070)
Finished game 261 (candidate vs ref-5047070): 0-1 {Black wins by adjudication}
Started game 270 of 1000 (ref-5047070 vs candidate)
Finished game 256 (ref-5047070 vs candidate): 0-1 {Black wins by adjudication}
Started game 271 of 1000 (candidate vs ref-5047070)
Finished game 266 (ref-5047070 vs candidate): 1-0 {White wins by adjudication}
Started game 272 of 1000 (ref-5047070 vs candidate)
Finished game 263 (candidate vs ref-5047070): 0-1 {Black wins by adjudication}
Started game 273 of 1000 (candidate vs ref-5047070)
Finished game 262 (ref-5047070 vs candidate): 0-1 {Black wins by adjudication}
Started game 274 of 1000 (ref-5047070 vs candidate)
Finished game 236 (ref-5047070 vs candidate): 1/2-1/2 {Draw by 3-fold repetition}
Started game 275 of 1000 (candidate vs ref-5047070)
Finished game 265 (candidate vs ref-5047070): 0-1 {Black wins by adjudication}
Started game 276 of 1000 (ref-5047070 vs candidate)
Finished game 260 (ref-5047070 vs candidate): 1/2-1/2 {Draw by 3-fold repetition}
--------------------------------------------------
Results of candidate vs ref-5047070 (8+0.08, 1t, 16MB, noob_3moves.epd):
Elo: 2.63 +/- 31.89, nElo: 3.47 +/- 41.91
LOS: 56.44 %, DrawRatio: 34.85 %, PairsRatio: 1.21
Games: 264, Wins: 82, Losses: 80, Draws: 102, Points: 133.0 (50.38 %)
Ptnml(0-2): [14, 25, 46, 39, 8], WL/DD Ratio: 1.42
--------------------------------------------------
Started game 277 of 1000 (candidate vs ref-5047070)
Finished game 264 (ref-5047070 vs candidate): 1-0 {White wins by adjudication}
Started game 278 of 1000 (ref-5047070 vs candidate)
Finished game 269 (candidate vs ref-5047070): 0-1 {Black wins by adjudication}
Started game 279 of 1000 (candidate vs ref-5047070)
Finished game 267 (candidate vs ref-5047070): 1/2-1/2 {Draw by 3-fold repetition}
Started game 280 of 1000 (ref-5047070 vs candidate)
Finished game 268 (ref-5047070 vs candidate): 0-1 {Black wins by adjudication}
Started game 281 of 1000 (candidate vs ref-5047070)
Finished game 272 (ref-5047070 vs candidate): 0-1 {Black wins by adjudication}
Started game 282 of 1000 (ref-5047070 vs candidate)
Finished game 273 (candidate vs ref-5047070): 0-1 {Black wins by adjudication}
Started game 283 of 1000 (candidate vs ref-5047070)
Finished game 271 (candidate vs ref-5047070): 1-0 {White wins by adjudication}
Started game 284 of 1000 (ref-5047070 vs candidate)
Finished game 270 (ref-5047070 vs candidate): 1/2-1/2 {Draw by adjudication}
Started game 285 of 1000 (candidate vs ref-5047070)
Finished game 276 (ref-5047070 vs candidate): 1-0 {White wins by adjudication}
Started game 286 of 1000 (ref-5047070 vs candidate)
Finished game 280 (ref-5047070 vs candidate): 1-0 {White wins by adjudication}
Started game 287 of 1000 (candidate vs ref-5047070)
Finished game 274 (ref-5047070 vs candidate): 1-0 {White wins by adjudication}
Started game 288 of 1000 (ref-5047070 vs candidate)
Finished game 277 (candidate vs ref-5047070): 1/2-1/2 {Draw by insufficient mating material}
Started game 289 of 1000 (candidate vs ref-5047070)
Finished game 279 (candidate vs ref-5047070): 0-1 {Black wins by adjudication}
--------------------------------------------------
Results of candidate vs ref-5047070 (8+0.08, 1t, 16MB, noob_3moves.epd):
Elo: -2.52 +/- 32.26, nElo: -3.21 +/- 40.99
LOS: 43.90 %, DrawRatio: 33.33 %, PairsRatio: 1.14
Games: 276, Wins: 85, Losses: 87, Draws: 104, Points: 137.0 (49.64 %)
Ptnml(0-2): [17, 26, 46, 40, 9], WL/DD Ratio: 1.42
--------------------------------------------------
Started game 290 of 1000 (ref-5047070 vs candidate)
Finished game 278 (ref-5047070 vs candidate): 1/2-1/2 {Draw by insufficient mating material}
Started game 291 of 1000 (candidate vs ref-5047070)
Finished game 275 (candidate vs ref-5047070): 1-0 {White wins by adjudication}
Started game 292 of 1000 (ref-5047070 vs candidate)
Finished game 281 (candidate vs ref-5047070): 0-1 {Black wins by adjudication}
Started game 293 of 1000 (candidate vs ref-5047070)
Finished game 282 (ref-5047070 vs candidate): 1/2-1/2 {Draw by 3-fold repetition}
Started game 294 of 1000 (ref-5047070 vs candidate)
Finished game 285 (candidate vs ref-5047070): 1/2-1/2 {Draw by 3-fold repetition}
Started game 295 of 1000 (candidate vs ref-5047070)
Finished game 286 (ref-5047070 vs candidate): 0-1 {Black wins by adjudication}
Started game 296 of 1000 (ref-5047070 vs candidate)
Finished game 287 (candidate vs ref-5047070): 0-1 {Black wins by adjudication}
Started game 297 of 1000 (candidate vs ref-5047070)
Finished game 283 (candidate vs ref-5047070): 1-0 {White wins by adjudication}
Started game 298 of 1000 (ref-5047070 vs candidate)
Finished game 284 (ref-5047070 vs candidate): 1/2-1/2 {Draw by insufficient mating material}
Started game 299 of 1000 (candidate vs ref-5047070)
Finished game 290 (ref-5047070 vs candidate): 0-1 {Black wins by adjudication}
Started game 300 of 1000 (ref-5047070 vs candidate)
Finished game 292 (ref-5047070 vs candidate): 1-0 {White wins by adjudication}
Started game 301 of 1000 (candidate vs ref-5047070)
Finished game 295 (candidate vs ref-5047070): 0-1 {Black wins by adjudication}
Started game 302 of 1000 (ref-5047070 vs candidate)
Finished game 288 (ref-5047070 vs candidate): 1/2-1/2 {Draw by 3-fold repetition}
Started game 303 of 1000 (candidate vs ref-5047070)
Finished game 293 (candidate vs ref-5047070): 1/2-1/2 {Draw by insufficient mating material}
Started game 304 of 1000 (ref-5047070 vs candidate)
Finished game 294 (ref-5047070 vs candidate): 1-0 {White wins by adjudication}
Started game 305 of 1000 (candidate vs ref-5047070)
Finished game 296 (ref-5047070 vs candidate): 0-1 {Black wins by adjudication}
Started game 306 of 1000 (ref-5047070 vs candidate)
Finished game 289 (candidate vs ref-5047070): 1-0 {White wins by adjudication}
Started game 307 of 1000 (candidate vs ref-5047070)
Finished game 291 (candidate vs ref-5047070): 0-1 {Black wins by adjudication}
Started game 308 of 1000 (ref-5047070 vs candidate)
Finished game 299 (candidate vs ref-5047070): 1-0 {White wins by adjudication}
Started game 309 of 1000 (candidate vs ref-5047070)
Finished game 300 (ref-5047070 vs candidate): 1-0 {White wins by adjudication}
--------------------------------------------------
Results of candidate vs ref-5047070 (8+0.08, 1t, 16MB, noob_3moves.epd):
Elo: -3.50 +/- 30.99, nElo: -4.46 +/- 39.45
LOS: 41.22 %, DrawRatio: 33.56 %, PairsRatio: 1.11
Games: 298, Wins: 92, Losses: 95, Draws: 111, Points: 147.5 (49.50 %)
Ptnml(0-2): [18, 29, 50, 42, 10], WL/DD Ratio: 1.50
--------------------------------------------------
Started game 310 of 1000 (ref-5047070 vs candidate)
Finished game 298 (ref-5047070 vs candidate): 0-1 {Black wins by adjudication}
Started game 311 of 1000 (candidate vs ref-5047070)
Finished game 297 (candidate vs ref-5047070): 1-0 {White wins by adjudication}
Started game 312 of 1000 (ref-5047070 vs candidate)
Finished game 305 (candidate vs ref-5047070): 0-1 {Black wins by adjudication}
Started game 313 of 1000 (candidate vs ref-5047070)
Finished game 301 (candidate vs ref-5047070): 0-1 {Black wins by adjudication}
Started game 314 of 1000 (ref-5047070 vs candidate)
Finished game 306 (ref-5047070 vs candidate): 1-0 {White wins by adjudication}
Started game 315 of 1000 (candidate vs ref-5047070)
Finished game 302 (ref-5047070 vs candidate): 1/2-1/2 {Draw by 3-fold repetition}
Started game 316 of 1000 (ref-5047070 vs candidate)
Finished game 308 (ref-5047070 vs candidate): 1/2-1/2 {Draw by 3-fold repetition}
Started game 317 of 1000 (candidate vs ref-5047070)
Finished game 303 (candidate vs ref-5047070): 1-0 {White wins by adjudication}
Started game 318 of 1000 (ref-5047070 vs candidate)
Finished game 304 (ref-5047070 vs candidate): 1/2-1/2 {Draw by 3-fold repetition}
Started game 319 of 1000 (candidate vs ref-5047070)
Finished game 307 (candidate vs ref-5047070): 1/2-1/2 {Draw by 3-fold repetition}
Started game 320 of 1000 (ref-5047070 vs candidate)
Finished game 310 (ref-5047070 vs candidate): 0-1 {Black wins by adjudication}
Started game 321 of 1000 (candidate vs ref-5047070)
Finished game 311 (candidate vs ref-5047070): 1/2-1/2 {Draw by 3-fold repetition}
Started game 322 of 1000 (ref-5047070 vs candidate)
Finished game 309 (candidate vs ref-5047070): 1/2-1/2 {Draw by adjudication}
Started game 323 of 1000 (candidate vs ref-5047070)
Finished game 312 (ref-5047070 vs candidate): 1-0 {White wins by adjudication}
Started game 324 of 1000 (ref-5047070 vs candidate)
Finished game 313 (candidate vs ref-5047070): 0-1 {Black wins by adjudication}
Started game 325 of 1000 (candidate vs ref-5047070)
Finished game 314 (ref-5047070 vs candidate): 0-1 {Black wins by adjudication}
Started game 326 of 1000 (ref-5047070 vs candidate)
Finished game 320 (ref-5047070 vs candidate): 1-0 {White wins by adjudication}
Started game 327 of 1000 (candidate vs ref-5047070)
Finished game 315 (candidate vs ref-5047070): 1-0 {White wins by adjudication}
Started game 328 of 1000 (ref-5047070 vs candidate)
Finished game 316 (ref-5047070 vs candidate): 1-0 {White wins by adjudication}
Started game 329 of 1000 (candidate vs ref-5047070)
Finished game 319 (candidate vs ref-5047070): 0-1 {Black wins by adjudication}
--------------------------------------------------
Results of candidate vs ref-5047070 (8+0.08, 1t, 16MB, noob_3moves.epd):
Elo: -5.46 +/- 30.28, nElo: -6.91 +/- 38.19
LOS: 36.15 %, DrawRatio: 33.33 %, PairsRatio: 1.08
Games: 318, Wins: 98, Losses: 103, Draws: 117, Points: 156.5 (49.21 %)
Ptnml(0-2): [20, 31, 53, 44, 11], WL/DD Ratio: 1.52
--------------------------------------------------
Started game 330 of 1000 (ref-5047070 vs candidate)
Finished game 321 (candidate vs ref-5047070): 1/2-1/2 {Draw by 3-fold repetition}
Started game 331 of 1000 (candidate vs ref-5047070)
Finished game 318 (ref-5047070 vs candidate): 1-0 {White wins by adjudication}
Started game 332 of 1000 (ref-5047070 vs candidate)
Finished game 317 (candidate vs ref-5047070): 0-1 {Black wins by adjudication}
Started game 333 of 1000 (candidate vs ref-5047070)
Finished game 325 (candidate vs ref-5047070): 1-0 {White wins by adjudication}
Started game 334 of 1000 (ref-5047070 vs candidate)
Finished game 324 (ref-5047070 vs candidate): 1-0 {White wins by adjudication}
Started game 335 of 1000 (candidate vs ref-5047070)
Finished game 327 (candidate vs ref-5047070): 1-0 {White wins by adjudication}
Started game 336 of 1000 (ref-5047070 vs candidate)
Finished game 326 (ref-5047070 vs candidate): 1-0 {White wins by adjudication}
Started game 337 of 1000 (candidate vs ref-5047070)
Finished game 323 (candidate vs ref-5047070): 1/2-1/2 {Draw by adjudication}
Started game 338 of 1000 (ref-5047070 vs candidate)
Finished game 328 (ref-5047070 vs candidate): 1-0 {White wins by adjudication}
Started game 339 of 1000 (candidate vs ref-5047070)
Finished game 332 (ref-5047070 vs candidate): 1-0 {White wins by adjudication}
Started game 340 of 1000 (ref-5047070 vs candidate)
Finished game 333 (candidate vs ref-5047070): 1/2-1/2 {Draw by 3-fold repetition}
Started game 341 of 1000 (candidate vs ref-5047070)
Finished game 329 (candidate vs ref-5047070): 1-0 {White wins by adjudication}
Started game 342 of 1000 (ref-5047070 vs candidate)
Finished game 322 (ref-5047070 vs candidate): 1/2-1/2 {Draw by 3-fold repetition}
Started game 343 of 1000 (candidate vs ref-5047070)
Finished game 330 (ref-5047070 vs candidate): 1-0 {White wins by adjudication}
Started game 344 of 1000 (ref-5047070 vs candidate)
Finished game 331 (candidate vs ref-5047070): 1/2-1/2 {Draw by insufficient mating material}
Started game 345 of 1000 (candidate vs ref-5047070)
Finished game 336 (ref-5047070 vs candidate): 1/2-1/2 {Draw by 3-fold repetition}
Started game 346 of 1000 (ref-5047070 vs candidate)
Finished game 334 (ref-5047070 vs candidate): 1-0 {White wins by adjudication}
Started game 347 of 1000 (candidate vs ref-5047070)
Finished game 337 (candidate vs ref-5047070): 1-0 {White wins by adjudication}
Started game 348 of 1000 (ref-5047070 vs candidate)
Finished game 340 (ref-5047070 vs candidate): 1-0 {White wins by adjudication}
Started game 349 of 1000 (candidate vs ref-5047070)
Finished game 344 (ref-5047070 vs candidate): 0-1 {Black wins by adjudication}
Started game 350 of 1000 (ref-5047070 vs candidate)
Finished game 343 (candidate vs ref-5047070): 1-0 {White wins by adjudication}
Started game 351 of 1000 (candidate vs ref-5047070)
Finished game 338 (ref-5047070 vs candidate): 1/2-1/2 {Draw by 3-fold repetition}
Started game 352 of 1000 (ref-5047070 vs candidate)
Finished game 339 (candidate vs ref-5047070): 1-0 {White wins by adjudication}
--------------------------------------------------
Results of candidate vs ref-5047070 (8+0.08, 1t, 16MB, noob_3moves.epd):
Elo: -7.15 +/- 29.15, nElo: -9.09 +/- 36.93
LOS: 31.48 %, DrawRatio: 34.12 %, PairsRatio: 1.04
Games: 340, Wins: 105, Losses: 112, Draws: 123, Points: 166.5 (48.97 %)
Ptnml(0-2): [21, 34, 58, 45, 12], WL/DD Ratio: 1.64
--------------------------------------------------
Started game 353 of 1000 (candidate vs ref-5047070)
Finished game 341 (candidate vs ref-5047070): 0-1 {Black wins by adjudication}
Started game 354 of 1000 (ref-5047070 vs candidate)
Finished game 335 (candidate vs ref-5047070): 1/2-1/2 {Draw by adjudication}
Started game 355 of 1000 (candidate vs ref-5047070)
Finished game 345 (candidate vs ref-5047070): 1/2-1/2 {Draw by 3-fold repetition}
Started game 356 of 1000 (ref-5047070 vs candidate)
Finished game 342 (ref-5047070 vs candidate): 1/2-1/2 {Draw by 3-fold repetition}
Started game 357 of 1000 (candidate vs ref-5047070)
Finished game 348 (ref-5047070 vs candidate): 0-1 {Black wins by adjudication}
Started game 358 of 1000 (ref-5047070 vs candidate)
Finished game 346 (ref-5047070 vs candidate): 1-0 {White wins by adjudication}
Started game 359 of 1000 (candidate vs ref-5047070)
Finished game 347 (candidate vs ref-5047070): 0-1 {Black wins by adjudication}
Started game 360 of 1000 (ref-5047070 vs candidate)
Finished game 353 (candidate vs ref-5047070): 1-0 {White wins by adjudication}
Started game 361 of 1000 (candidate vs ref-5047070)
Finished game 351 (candidate vs ref-5047070): 1-0 {White wins by adjudication}
Started game 362 of 1000 (ref-5047070 vs candidate)
Finished game 349 (candidate vs ref-5047070): 0-1 {Black wins by adjudication}
Started game 363 of 1000 (candidate vs ref-5047070)
Finished game 360 (ref-5047070 vs candidate): 1-0 {White wins by adjudication}
Started game 364 of 1000 (ref-5047070 vs candidate)
Finished game 354 (ref-5047070 vs candidate): 1-0 {White wins by adjudication}
Started game 365 of 1000 (candidate vs ref-5047070)
Finished game 352 (ref-5047070 vs candidate): 0-1 {Black wins by adjudication}
Started game 366 of 1000 (ref-5047070 vs candidate)
Finished game 358 (ref-5047070 vs candidate): 0-1 {Black wins by adjudication}
Started game 367 of 1000 (candidate vs ref-5047070)
Finished game 350 (ref-5047070 vs candidate): 1-0 {White wins by adjudication}
Started game 368 of 1000 (ref-5047070 vs candidate)
Finished game 357 (candidate vs ref-5047070): 1/2-1/2 {Draw by 3-fold repetition}
Started game 369 of 1000 (candidate vs ref-5047070)
Finished game 362 (ref-5047070 vs candidate): 1-0 {White wins by adjudication}
Started game 370 of 1000 (ref-5047070 vs candidate)
Finished game 355 (candidate vs ref-5047070): 1-0 {White wins by adjudication}
Started game 371 of 1000 (candidate vs ref-5047070)
Finished game 359 (candidate vs ref-5047070): 0-1 {Black wins by adjudication}
--------------------------------------------------
Results of candidate vs ref-5047070 (8+0.08, 1t, 16MB, noob_3moves.epd):
Elo: -9.71 +/- 28.65, nElo: -12.23 +/- 35.99
LOS: 25.27 %, DrawRatio: 34.08 %, PairsRatio: 1.00
Games: 358, Wins: 110, Losses: 120, Draws: 128, Points: 174.0 (48.60 %)
Ptnml(0-2): [23, 36, 61, 46, 13], WL/DD Ratio: 1.65
--------------------------------------------------
Started game 372 of 1000 (ref-5047070 vs candidate)
Finished game 356 (ref-5047070 vs candidate): 1/2-1/2 {Draw by fifty moves rule}
Started game 373 of 1000 (candidate vs ref-5047070)
Finished game 363 (candidate vs ref-5047070): 1-0 {White wins by adjudication}
Started game 374 of 1000 (ref-5047070 vs candidate)
Finished game 369 (candidate vs ref-5047070): 0-1 {Black wins by adjudication}
Started game 375 of 1000 (candidate vs ref-5047070)
Finished game 361 (candidate vs ref-5047070): 1/2-1/2 {Draw by adjudication}
Started game 376 of 1000 (ref-5047070 vs candidate)
Finished game 364 (ref-5047070 vs candidate): 1-0 {White wins by adjudication}
Started game 377 of 1000 (candidate vs ref-5047070)
Finished game 366 (ref-5047070 vs candidate): 0-1 {Black wins by adjudication}
Started game 378 of 1000 (ref-5047070 vs candidate)
Warning; PV continues after threefold repetition - move d2a2 from candidate
Info; info score cp 0 time 1 depth 5 nodes 6294 nps 3978508 pv d2a2 f7d7 a2d2 d7f7 d2a2 
Position; fen rnbqkbnr/pp1p1pp1/4p3/2p4p/8/2N3PB/PPPPPP1P/R1BQK1NR w KQkq - 0 4
Moves; e2e4 f8e7 a2a4 d7d5 e4d5 e6d5 h3c8 d8c8 c3d5 c8e6 d5e3 h5h4 g1e2 b8c6 e1g1 g7g5 d2d4 e6h3 g3g4 e8c8 d1d3 c5d4 e3f5 h3g4 g1h1 c6e5 h2h3 e5d3 h3g4 d3c1 e2c1 e7f6 f2f4 g8h6 f5h6 h8h6 c1d3 d8d5 h1h2 h4h3 a1e1 c8d7 e1e4 d7c8 e4e8 d5d8 e8e4 g5f4 d3f4 d4d3 f4d3 c8b8 f1f5 d8g8 d3c5 g8d8 c5d3 d8g8 d3f2 f6b2 f5f7 b2a3 f2h3 h6d6 h2g3 d6d2 h3f4 a3d6 c2c4 d2a2 f7d7 a2d2 d7f7
Warning; PV continues after threefold repetition - move d2a2 from candidate
Info; info score cp 0 time 2 depth 6 nodes 8102 nps 4036870 pv d2a2 f7d7 a2d2 d7f7 d2a2 
Position; fen rnbqkbnr/pp1p1pp1/4p3/2p4p/8/2N3PB/PPPPPP1P/R1BQK1NR w KQkq - 0 4
Moves; e2e4 f8e7 a2a4 d7d5 e4d5 e6d5 h3c8 d8c8 c3d5 c8e6 d5e3 h5h4 g1e2 b8c6 e1g1 g7g5 d2d4 e6h3 g3g4 e8c8 d1d3 c5d4 e3f5 h3g4 g1h1 c6e5 h2h3 e5d3 h3g4 d3c1 e2c1 e7f6 f2f4 g8h6 f5h6 h8h6 c1d3 d8d5 h1h2 h4h3 a1e1 c8d7 e1e4 d7c8 e4e8 d5d8 e8e4 g5f4 d3f4 d4d3 f4d3 c8b8 f1f5 d8g8 d3c5 g8d8 c5d3 d8g8 d3f2 f6b2 f5f7 b2a3 f2h3 h6d6 h2g3 d6d2 h3f4 a3d6 c2c4 d2a2 f7d7 a2d2 d7f7
Warning; PV continues after threefold repetition - move d2a2 from candidate
Info; info score cp 0 time 2 depth 7 nodes 11675 nps 4181590 pv d2a2 f7d7 a2d2 d7f7 d2a2 
Position; fen rnbqkbnr/pp1p1pp1/4p3/2p4p/8/2N3PB/PPPPPP1P/R1BQK1NR w KQkq - 0 4
Moves; e2e4 f8e7 a2a4 d7d5 e4d5 e6d5 h3c8 d8c8 c3d5 c8e6 d5e3 h5h4 g1e2 b8c6 e1g1 g7g5 d2d4 e6h3 g3g4 e8c8 d1d3 c5d4 e3f5 h3g4 g1h1 c6e5 h2h3 e5d3 h3g4 d3c1 e2c1 e7f6 f2f4 g8h6 f5h6 h8h6 c1d3 d8d5 h1h2 h4h3 a1e1 c8d7 e1e4 d7c8 e4e8 d5d8 e8e4 g5f4 d3f4 d4d3 f4d3 c8b8 f1f5 d8g8 d3c5 g8d8 c5d3 d8g8 d3f2 f6b2 f5f7 b2a3 f2h3 h6d6 h2g3 d6d2 h3f4 a3d6 c2c4 d2a2 f7d7 a2d2 d7f7
Warning; PV continues after threefold repetition - move d2a2 from candidate
Info; info score cp 0 time 3 depth 8 nodes 16019 nps 4153227 pv d2a2 f7d7 a2d2 d7f7 d2a2 
Position; fen rnbqkbnr/pp1p1pp1/4p3/2p4p/8/2N3PB/PPPPPP1P/R1BQK1NR w KQkq - 0 4
Moves; e2e4 f8e7 a2a4 d7d5 e4d5 e6d5 h3c8 d8c8 c3d5 c8e6 d5e3 h5h4 g1e2 b8c6 e1g1 g7g5 d2d4 e6h3 g3g4 e8c8 d1d3 c5d4 e3f5 h3g4 g1h1 c6e5 h2h3 e5d3 h3g4 d3c1 e2c1 e7f6 f2f4 g8h6 f5h6 h8h6 c1d3 d8d5 h1h2 h4h3 a1e1 c8d7 e1e4 d7c8 e4e8 d5d8 e8e4 g5f4 d3f4 d4d3 f4d3 c8b8 f1f5 d8g8 d3c5 g8d8 c5d3 d8g8 d3f2 f6b2 f5f7 b2a3 f2h3 h6d6 h2g3 d6d2 h3f4 a3d6 c2c4 d2a2 f7d7 a2d2 d7f7
Warning; PV continues after threefold repetition - move d2a2 from candidate
Info; info score cp 0 time 5 depth 9 nodes 25325 nps 4332021 pv d2a2 f7d7 a2d2 d7f7 d2a2 
Position; fen rnbqkbnr/pp1p1pp1/4p3/2p4p/8/2N3PB/PPPPPP1P/R1BQK1NR w KQkq - 0 4
Moves; e2e4 f8e7 a2a4 d7d5 e4d5 e6d5 h3c8 d8c8 c3d5 c8e6 d5e3 h5h4 g1e2 b8c6 e1g1 g7g5 d2d4 e6h3 g3g4 e8c8 d1d3 c5d4 e3f5 h3g4 g1h1 c6e5 h2h3 e5d3 h3g4 d3c1 e2c1 e7f6 f2f4 g8h6 f5h6 h8h6 c1d3 d8d5 h1h2 h4h3 a1e1 c8d7 e1e4 d7c8 e4e8 d5d8 e8e4 g5f4 d3f4 d4d3 f4d3 c8b8 f1f5 d8g8 d3c5 g8d8 c5d3 d8g8 d3f2 f6b2 f5f7 b2a3 f2h3 h6d6 h2g3 d6d2 h3f4 a3d6 c2c4 d2a2 f7d7 a2d2 d7f7
Warning; PV continues after threefold repetition - move d2a2 from candidate
Info; info score cp 0 time 12 depth 10 nodes 52793 nps 4293859 pv d2a2 f7d7 a2d2 d7f7 d2a2 
Position; fen rnbqkbnr/pp1p1pp1/4p3/2p4p/8/2N3PB/PPPPPP1P/R1BQK1NR w KQkq - 0 4
Moves; e2e4 f8e7 a2a4 d7d5 e4d5 e6d5 h3c8 d8c8 c3d5 c8e6 d5e3 h5h4 g1e2 b8c6 e1g1 g7g5 d2d4 e6h3 g3g4 e8c8 d1d3 c5d4 e3f5 h3g4 g1h1 c6e5 h2h3 e5d3 h3g4 d3c1 e2c1 e7f6 f2f4 g8h6 f5h6 h8h6 c1d3 d8d5 h1h2 h4h3 a1e1 c8d7 e1e4 d7c8 e4e8 d5d8 e8e4 g5f4 d3f4 d4d3 f4d3 c8b8 f1f5 d8g8 d3c5 g8d8 c5d3 d8g8 d3f2 f6b2 f5f7 b2a3 f2h3 h6d6 h2g3 d6d2 h3f4 a3d6 c2c4 d2a2 f7d7 a2d2 d7f7
Warning; PV continues after threefold repetition - move d2a2 from candidate
Info; info score cp 0 time 24 depth 11 nodes 107658 nps 4428730 pv d2a2 f7d7 a2d2 d7f7 d2a2 
Position; fen rnbqkbnr/pp1p1pp1/4p3/2p4p/8/2N3PB/PPPPPP1P/R1BQK1NR w KQkq - 0 4
Moves; e2e4 f8e7 a2a4 d7d5 e4d5 e6d5 h3c8 d8c8 c3d5 c8e6 d5e3 h5h4 g1e2 b8c6 e1g1 g7g5 d2d4 e6h3 g3g4 e8c8 d1d3 c5d4 e3f5 h3g4 g1h1 c6e5 h2h3 e5d3 h3g4 d3c1 e2c1 e7f6 f2f4 g8h6 f5h6 h8h6 c1d3 d8d5 h1h2 h4h3 a1e1 c8d7 e1e4 d7c8 e4e8 d5d8 e8e4 g5f4 d3f4 d4d3 f4d3 c8b8 f1f5 d8g8 d3c5 g8d8 c5d3 d8g8 d3f2 f6b2 f5f7 b2a3 f2h3 h6d6 h2g3 d6d2 h3f4 a3d6 c2c4 d2a2 f7d7 a2d2 d7f7
Warning; PV continues after threefold repetition - move d2a2 from candidate
Info; info score cp 0 time 86 depth 12 nodes 369011 nps 4277446 pv d2a2 f7d7 a2d2 d7f7 d2a2 
Position; fen rnbqkbnr/pp1p1pp1/4p3/2p4p/8/2N3PB/PPPPPP1P/R1BQK1NR w KQkq - 0 4
Moves; e2e4 f8e7 a2a4 d7d5 e4d5 e6d5 h3c8 d8c8 c3d5 c8e6 d5e3 h5h4 g1e2 b8c6 e1g1 g7g5 d2d4 e6h3 g3g4 e8c8 d1d3 c5d4 e3f5 h3g4 g1h1 c6e5 h2h3 e5d3 h3g4 d3c1 e2c1 e7f6 f2f4 g8h6 f5h6 h8h6 c1d3 d8d5 h1h2 h4h3 a1e1 c8d7 e1e4 d7c8 e4e8 d5d8 e8e4 g5f4 d3f4 d4d3 f4d3 c8b8 f1f5 d8g8 d3c5 g8d8 c5d3 d8g8 d3f2 f6b2 f5f7 b2a3 f2h3 h6d6 h2g3 d6d2 h3f4 a3d6 c2c4 d2a2 f7d7 a2d2 d7f7
Warning; PV continues after threefold repetition - move d2a2 from ref-5047070
Info; info score cp 0 time 0 depth 4 nodes 429 nps 4085714 pv f7d7 a2d2 d7f7 d2a2 
Position; fen rnbqkbnr/pp1p1pp1/4p3/2p4p/8/2N3PB/PPPPPP1P/R1BQK1NR w KQkq - 0 4
Moves; e2e4 f8e7 a2a4 d7d5 e4d5 e6d5 h3c8 d8c8 c3d5 c8e6 d5e3 h5h4 g1e2 b8c6 e1g1 g7g5 d2d4 e6h3 g3g4 e8c8 d1d3 c5d4 e3f5 h3g4 g1h1 c6e5 h2h3 e5d3 h3g4 d3c1 e2c1 e7f6 f2f4 g8h6 f5h6 h8h6 c1d3 d8d5 h1h2 h4h3 a1e1 c8d7 e1e4 d7c8 e4e8 d5d8 e8e4 g5f4 d3f4 d4d3 f4d3 c8b8 f1f5 d8g8 d3c5 g8d8 c5d3 d8g8 d3f2 f6b2 f5f7 b2a3 f2h3 h6d6 h2g3 d6d2 h3f4 a3d6 c2c4 d2a2 f7d7 a2d2 d7f7 d2a2
Warning; PV continues after threefold repetition - move d2a2 from ref-5047070
Info; info score cp 0 time 0 depth 5 nodes 658 nps 4138364 pv f7d7 a2d2 d7f7 d2a2 
Position; fen rnbqkbnr/pp1p1pp1/4p3/2p4p/8/2N3PB/PPPPPP1P/R1BQK1NR w KQkq - 0 4
Moves; e2e4 f8e7 a2a4 d7d5 e4d5 e6d5 h3c8 d8c8 c3d5 c8e6 d5e3 h5h4 g1e2 b8c6 e1g1 g7g5 d2d4 e6h3 g3g4 e8c8 d1d3 c5d4 e3f5 h3g4 g1h1 c6e5 h2h3 e5d3 h3g4 d3c1 e2c1 e7f6 f2f4 g8h6 f5h6 h8h6 c1d3 d8d5 h1h2 h4h3 a1e1 c8d7 e1e4 d7c8 e4e8 d5d8 e8e4 g5f4 d3f4 d4d3 f4d3 c8b8 f1f5 d8g8 d3c5 g8d8 c5d3 d8g8 d3f2 f6b2 f5f7 b2a3 f2h3 h6d6 h2g3 d6d2 h3f4 a3d6 c2c4 d2a2 f7d7 a2d2 d7f7 d2a2
Warning; PV continues after threefold repetition - move d2a2 from ref-5047070
Info; info score cp 0 time 0 depth 6 nodes 864 nps 4341708 pv f7d7 a2d2 d7f7 d2a2 
Position; fen rnbqkbnr/pp1p1pp1/4p3/2p4p/8/2N3PB/PPPPPP1P/R1BQK1NR w KQkq - 0 4
Moves; e2e4 f8e7 a2a4 d7d5 e4d5 e6d5 h3c8 d8c8 c3d5 c8e6 d5e3 h5h4 g1e2 b8c6 e1g1 g7g5 d2d4 e6h3 g3g4 e8c8 d1d3 c5d4 e3f5 h3g4 g1h1 c6e5 h2h3 e5d3 h3g4 d3c1 e2c1 e7f6 f2f4 g8h6 f5h6 h8h6 c1d3 d8d5 h1h2 h4h3 a1e1 c8d7 e1e4 d7c8 e4e8 d5d8 e8e4 g5f4 d3f4 d4d3 f4d3 c8b8 f1f5 d8g8 d3c5 g8d8 c5d3 d8g8 d3f2 f6b2 f5f7 b2a3 f2h3 h6d6 h2g3 d6d2 h3f4 a3d6 c2c4 d2a2 f7d7 a2d2 d7f7 d2a2
Warning; PV continues after threefold repetition - move d2a2 from ref-5047070
Info; info score cp 0 time 0 depth 7 nodes 1110 nps 4586776 pv f7d7 a2d2 d7f7 d2a2 
Position; fen rnbqkbnr/pp1p1pp1/4p3/2p4p/8/2N3PB/PPPPPP1P/R1BQK1NR w KQkq - 0 4
Moves; e2e4 f8e7 a2a4 d7d5 e4d5 e6d5 h3c8 d8c8 c3d5 c8e6 d5e3 h5h4 g1e2 b8c6 e1g1 g7g5 d2d4 e6h3 g3g4 e8c8 d1d3 c5d4 e3f5 h3g4 g1h1 c6e5 h2h3 e5d3 h3g4 d3c1 e2c1 e7f6 f2f4 g8h6 f5h6 h8h6 c1d3 d8d5 h1h2 h4h3 a1e1 c8d7 e1e4 d7c8 e4e8 d5d8 e8e4 g5f4 d3f4 d4d3 f4d3 c8b8 f1f5 d8g8 d3c5 g8d8 c5d3 d8g8 d3f2 f6b2 f5f7 b2a3 f2h3 h6d6 h2g3 d6d2 h3f4 a3d6 c2c4 d2a2 f7d7 a2d2 d7f7 d2a2
Warning; PV continues after threefold repetition - move d2a2 from ref-5047070
Info; info score cp 0 time 0 depth 8 nodes 1478 nps 4830065 pv f7d7 a2d2 d7f7 d2a2 
Position; fen rnbqkbnr/pp1p1pp1/4p3/2p4p/8/2N3PB/PPPPPP1P/R1BQK1NR w KQkq - 0 4
Moves; e2e4 f8e7 a2a4 d7d5 e4d5 e6d5 h3c8 d8c8 c3d5 c8e6 d5e3 h5h4 g1e2 b8c6 e1g1 g7g5 d2d4 e6h3 g3g4 e8c8 d1d3 c5d4 e3f5 h3g4 g1h1 c6e5 h2h3 e5d3 h3g4 d3c1 e2c1 e7f6 f2f4 g8h6 f5h6 h8h6 c1d3 d8d5 h1h2 h4h3 a1e1 c8d7 e1e4 d7c8 e4e8 d5d8 e8e4 g5f4 d3f4 d4d3 f4d3 c8b8 f1f5 d8g8 d3c5 g8d8 c5d3 d8g8 d3f2 f6b2 f5f7 b2a3 f2h3 h6d6 h2g3 d6d2 h3f4 a3d6 c2c4 d2a2 f7d7 a2d2 d7f7 d2a2
Warning; PV continues after threefold repetition - move d2a2 from ref-5047070
Info; info score cp 0 time 0 depth 9 nodes 2025 nps 4571106 pv f7d7 a2d2 d7f7 d2a2 
Position; fen rnbqkbnr/pp1p1pp1/4p3/2p4p/8/2N3PB/PPPPPP1P/R1BQK1NR w KQkq - 0 4
Moves; e2e4 f8e7 a2a4 d7d5 e4d5 e6d5 h3c8 d8c8 c3d5 c8e6 d5e3 h5h4 g1e2 b8c6 e1g1 g7g5 d2d4 e6h3 g3g4 e8c8 d1d3 c5d4 e3f5 h3g4 g1h1 c6e5 h2h3 e5d3 h3g4 d3c1 e2c1 e7f6 f2f4 g8h6 f5h6 h8h6 c1d3 d8d5 h1h2 h4h3 a1e1 c8d7 e1e4 d7c8 e4e8 d5d8 e8e4 g5f4 d3f4 d4d3 f4d3 c8b8 f1f5 d8g8 d3c5 g8d8 c5d3 d8g8 d3f2 f6b2 f5f7 b2a3 f2h3 h6d6 h2g3 d6d2 h3f4 a3d6 c2c4 d2a2 f7d7 a2d2 d7f7 d2a2
Warning; PV continues after threefold repetition - move d2a2 from ref-5047070
Info; info score cp 0 time 2 depth 10 nodes 10286 nps 4278702 pv f7d7 a2d2 d7f7 d2a2 
Position; fen rnbqkbnr/pp1p1pp1/4p3/2p4p/8/2N3PB/PPPPPP1P/R1BQK1NR w KQkq - 0 4
Moves; e2e4 f8e7 a2a4 d7d5 e4d5 e6d5 h3c8 d8c8 c3d5 c8e6 d5e3 h5h4 g1e2 b8c6 e1g1 g7g5 d2d4 e6h3 g3g4 e8c8 d1d3 c5d4 e3f5 h3g4 g1h1 c6e5 h2h3 e5d3 h3g4 d3c1 e2c1 e7f6 f2f4 g8h6 f5h6 h8h6 c1d3 d8d5 h1h2 h4h3 a1e1 c8d7 e1e4 d7c8 e4e8 d5d8 e8e4 g5f4 d3f4 d4d3 f4d3 c8b8 f1f5 d8g8 d3c5 g8d8 c5d3 d8g8 d3f2 f6b2 f5f7 b2a3 f2h3 h6d6 h2g3 d6d2 h3f4 a3d6 c2c4 d2a2 f7d7 a2d2 d7f7 d2a2
Warning; PV continues after threefold repetition - move d2a2 from ref-5047070
Info; info score cp 0 time 6 depth 11 nodes 27677 nps 4290342 pv f7d7 a2d2 d7f7 d2a2 
Position; fen rnbqkbnr/pp1p1pp1/4p3/2p4p/8/2N3PB/PPPPPP1P/R1BQK1NR w KQkq - 0 4
Moves; e2e4 f8e7 a2a4 d7d5 e4d5 e6d5 h3c8 d8c8 c3d5 c8e6 d5e3 h5h4 g1e2 b8c6 e1g1 g7g5 d2d4 e6h3 g3g4 e8c8 d1d3 c5d4 e3f5 h3g4 g1h1 c6e5 h2h3 e5d3 h3g4 d3c1 e2c1 e7f6 f2f4 g8h6 f5h6 h8h6 c1d3 d8d5 h1h2 h4h3 a1e1 c8d7 e1e4 d7c8 e4e8 d5d8 e8e4 g5f4 d3f4 d4d3 f4d3 c8b8 f1f5 d8g8 d3c5 g8d8 c5d3 d8g8 d3f2 f6b2 f5f7 b2a3 f2h3 h6d6 h2g3 d6d2 h3f4 a3d6 c2c4 d2a2 f7d7 a2d2 d7f7 d2a2
Warning; PV continues after threefold repetition - move d2a2 from ref-5047070
Info; info score cp 0 time 13 depth 12 nodes 56949 nps 4235701 pv f7d7 a2d2 d7f7 d2a2 
Position; fen rnbqkbnr/pp1p1pp1/4p3/2p4p/8/2N3PB/PPPPPP1P/R1BQK1NR w KQkq - 0 4
Moves; e2e4 f8e7 a2a4 d7d5 e4d5 e6d5 h3c8 d8c8 c3d5 c8e6 d5e3 h5h4 g1e2 b8c6 e1g1 g7g5 d2d4 e6h3 g3g4 e8c8 d1d3 c5d4 e3f5 h3g4 g1h1 c6e5 h2h3 e5d3 h3g4 d3c1 e2c1 e7f6 f2f4 g8h6 f5h6 h8h6 c1d3 d8d5 h1h2 h4h3 a1e1 c8d7 e1e4 d7c8 e4e8 d5d8 e8e4 g5f4 d3f4 d4d3 f4d3 c8b8 f1f5 d8g8 d3c5 g8d8 c5d3 d8g8 d3f2 f6b2 f5f7 b2a3 f2h3 h6d6 h2g3 d6d2 h3f4 a3d6 c2c4 d2a2 f7d7 a2d2 d7f7 d2a2
Warning; PV continues after threefold repetition - move d2a2 from ref-5047070
Info; info score cp 0 time 116 depth 13 nodes 488758 nps 4183998 pv f7d7 a2d2 d7f7 d2a2 
Position; fen rnbqkbnr/pp1p1pp1/4p3/2p4p/8/2N3PB/PPPPPP1P/R1BQK1NR w KQkq - 0 4
Moves; e2e4 f8e7 a2a4 d7d5 e4d5 e6d5 h3c8 d8c8 c3d5 c8e6 d5e3 h5h4 g1e2 b8c6 e1g1 g7g5 d2d4 e6h3 g3g4 e8c8 d1d3 c5d4 e3f5 h3g4 g1h1 c6e5 h2h3 e5d3 h3g4 d3c1 e2c1 e7f6 f2f4 g8h6 f5h6 h8h6 c1d3 d8d5 h1h2 h4h3 a1e1 c8d7 e1e4 d7c8 e4e8 d5d8 e8e4 g5f4 d3f4 d4d3 f4d3 c8b8 f1f5 d8g8 d3c5 g8d8 c5d3 d8g8 d3f2 f6b2 f5f7 b2a3 f2h3 h6d6 h2g3 d6d2 h3f4 a3d6 c2c4 d2a2 f7d7 a2d2 d7f7 d2a2
Warning; PV continues after threefold repetition - move d2a2 from candidate
Info; info score cp 0 time 0 depth 3 nodes 262 nps 3910447 pv a2d2 d7f7 d2a2 
Position; fen rnbqkbnr/pp1p1pp1/4p3/2p4p/8/2N3PB/PPPPPP1P/R1BQK1NR w KQkq - 0 4
Moves; e2e4 f8e7 a2a4 d7d5 e4d5 e6d5 h3c8 d8c8 c3d5 c8e6 d5e3 h5h4 g1e2 b8c6 e1g1 g7g5 d2d4 e6h3 g3g4 e8c8 d1d3 c5d4 e3f5 h3g4 g1h1 c6e5 h2h3 e5d3 h3g4 d3c1 e2c1 e7f6 f2f4 g8h6 f5h6 h8h6 c1d3 d8d5 h1h2 h4h3 a1e1 c8d7 e1e4 d7c8 e4e8 d5d8 e8e4 g5f4 d3f4 d4d3 f4d3 c8b8 f1f5 d8g8 d3c5 g8d8 c5d3 d8g8 d3f2 f6b2 f5f7 b2a3 f2h3 h6d6 h2g3 d6d2 h3f4 a3d6 c2c4 d2a2 f7d7 a2d2 d7f7 d2a2 f7d7
Warning; PV continues after threefold repetition - move d2a2 from candidate
Info; info score cp 0 time 0 depth 4 nodes 399 nps 3694444 pv a2d2 d7f7 d2a2 
Position; fen rnbqkbnr/pp1p1pp1/4p3/2p4p/8/2N3PB/PPPPPP1P/R1BQK1NR w KQkq - 0 4
Moves; e2e4 f8e7 a2a4 d7d5 e4d5 e6d5 h3c8 d8c8 c3d5 c8e6 d5e3 h5h4 g1e2 b8c6 e1g1 g7g5 d2d4 e6h3 g3g4 e8c8 d1d3 c5d4 e3f5 h3g4 g1h1 c6e5 h2h3 e5d3 h3g4 d3c1 e2c1 e7f6 f2f4 g8h6 f5h6 h8h6 c1d3 d8d5 h1h2 h4h3 a1e1 c8d7 e1e4 d7c8 e4e8 d5d8 e8e4 g5f4 d3f4 d4d3 f4d3 c8b8 f1f5 d8g8 d3c5 g8d8 c5d3 d8g8 d3f2 f6b2 f5f7 b2a3 f2h3 h6d6 h2g3 d6d2 h3f4 a3d6 c2c4 d2a2 f7d7 a2d2 d7f7 d2a2 f7d7
Warning; PV continues after threefold repetition - move d2a2 from candidate
Info; info score cp 0 time 0 depth 5 nodes 525 nps 4007633 pv a2d2 d7f7 d2a2 
Position; fen rnbqkbnr/pp1p1pp1/4p3/2p4p/8/2N3PB/PPPPPP1P/R1BQK1NR w KQkq - 0 4
Moves; e2e4 f8e7 a2a4 d7d5 e4d5 e6d5 h3c8 d8c8 c3d5 c8e6 d5e3 h5h4 g1e2 b8c6 e1g1 g7g5 d2d4 e6h3 g3g4 e8c8 d1d3 c5d4 e3f5 h3g4 g1h1 c6e5 h2h3 e5d3 h3g4 d3c1 e2c1 e7f6 f2f4 g8h6 f5h6 h8h6 c1d3 d8d5 h1h2 h4h3 a1e1 c8d7 e1e4 d7c8 e4e8 d5d8 e8e4 g5f4 d3f4 d4d3 f4d3 c8b8 f1f5 d8g8 d3c5 g8d8 c5d3 d8g8 d3f2 f6b2 f5f7 b2a3 f2h3 h6d6 h2g3 d6d2 h3f4 a3d6 c2c4 d2a2 f7d7 a2d2 d7f7 d2a2 f7d7
Warning; PV continues after threefold repetition - move d2a2 from candidate
Info; info score cp 0 time 0 depth 6 nodes 805 nps 4398907 pv a2d2 d7f7 d2a2 
Position; fen rnbqkbnr/pp1p1pp1/4p3/2p4p/8/2N3PB/PPPPPP1P/R1BQK1NR w KQkq - 0 4
Moves; e2e4 f8e7 a2a4 d7d5 e4d5 e6d5 h3c8 d8c8 c3d5 c8e6 d5e3 h5h4 g1e2 b8c6 e1g1 g7g5 d2d4 e6h3 g3g4 e8c8 d1d3 c5d4 e3f5 h3g4 g1h1 c6e5 h2h3 e5d3 h3g4 d3c1 e2c1 e7f6 f2f4 g8h6 f5h6 h8h6 c1d3 d8d5 h1h2 h4h3 a1e1 c8d7 e1e4 d7c8 e4e8 d5d8 e8e4 g5f4 d3f4 d4d3 f4d3 c8b8 f1f5 d8g8 d3c5 g8d8 c5d3 d8g8 d3f2 f6b2 f5f7 b2a3 f2h3 h6d6 h2g3 d6d2 h3f4 a3d6 c2c4 d2a2 f7d7 a2d2 d7f7 d2a2 f7d7
Warning; PV continues after threefold repetition - move d2a2 from candidate
Info; info score cp 0 time 0 depth 7 nodes 952 nps 4469483 pv a2d2 d7f7 d2a2 
Position; fen rnbqkbnr/pp1p1pp1/4p3/2p4p/8/2N3PB/PPPPPP1P/R1BQK1NR w KQkq - 0 4
Moves; e2e4 f8e7 a2a4 d7d5 e4d5 e6d5 h3c8 d8c8 c3d5 c8e6 d5e3 h5h4 g1e2 b8c6 e1g1 g7g5 d2d4 e6h3 g3g4 e8c8 d1d3 c5d4 e3f5 h3g4 g1h1 c6e5 h2h3 e5d3 h3g4 d3c1 e2c1 e7f6 f2f4 g8h6 f5h6 h8h6 c1d3 d8d5 h1h2 h4h3 a1e1 c8d7 e1e4 d7c8 e4e8 d5d8 e8e4 g5f4 d3f4 d4d3 f4d3 c8b8 f1f5 d8g8 d3c5 g8d8 c5d3 d8g8 d3f2 f6b2 f5f7 b2a3 f2h3 h6d6 h2g3 d6d2 h3f4 a3d6 c2c4 d2a2 f7d7 a2d2 d7f7 d2a2 f7d7
Warning; PV continues after threefold repetition - move d2a2 from candidate
Info; info score cp 0 time 0 depth 8 nodes 1364 nps 4457516 pv a2d2 d7f7 d2a2 
Position; fen rnbqkbnr/pp1p1pp1/4p3/2p4p/8/2N3PB/PPPPPP1P/R1BQK1NR w KQkq - 0 4
Moves; e2e4 f8e7 a2a4 d7d5 e4d5 e6d5 h3c8 d8c8 c3d5 c8e6 d5e3 h5h4 g1e2 b8c6 e1g1 g7g5 d2d4 e6h3 g3g4 e8c8 d1d3 c5d4 e3f5 h3g4 g1h1 c6e5 h2h3 e5d3 h3g4 d3c1 e2c1 e7f6 f2f4 g8h6 f5h6 h8h6 c1d3 d8d5 h1h2 h4h3 a1e1 c8d7 e1e4 d7c8 e4e8 d5d8 e8e4 g5f4 d3f4 d4d3 f4d3 c8b8 f1f5 d8g8 d3c5 g8d8 c5d3 d8g8 d3f2 f6b2 f5f7 b2a3 f2h3 h6d6 h2g3 d6d2 h3f4 a3d6 c2c4 d2a2 f7d7 a2d2 d7f7 d2a2 f7d7
Warning; PV continues after threefold repetition - move d2a2 from candidate
Info; info score cp 0 time 0 depth 9 nodes 2311 nps 4263837 pv a2d2 d7f7 d2a2 
Position; fen rnbqkbnr/pp1p1pp1/4p3/2p4p/8/2N3PB/PPPPPP1P/R1BQK1NR w KQkq - 0 4
Moves; e2e4 f8e7 a2a4 d7d5 e4d5 e6d5 h3c8 d8c8 c3d5 c8e6 d5e3 h5h4 g1e2 b8c6 e1g1 g7g5 d2d4 e6h3 g3g4 e8c8 d1d3 c5d4 e3f5 h3g4 g1h1 c6e5 h2h3 e5d3 h3g4 d3c1 e2c1 e7f6 f2f4 g8h6 f5h6 h8h6 c1d3 d8d5 h1h2 h4h3 a1e1 c8d7 e1e4 d7c8 e4e8 d5d8 e8e4 g5f4 d3f4 d4d3 f4d3 c8b8 f1f5 d8g8 d3c5 g8d8 c5d3 d8g8 d3f2 f6b2 f5f7 b2a3 f2h3 h6d6 h2g3 d6d2 h3f4 a3d6 c2c4 d2a2 f7d7 a2d2 d7f7 d2a2 f7d7
Warning; PV continues after threefold repetition - move d2a2 from candidate
Info; info score cp 0 time 0 depth 10 nodes 3850 nps 4497663 pv a2d2 d7f7 d2a2 
Position; fen rnbqkbnr/pp1p1pp1/4p3/2p4p/8/2N3PB/PPPPPP1P/R1BQK1NR w KQkq - 0 4
Moves; e2e4 f8e7 a2a4 d7d5 e4d5 e6d5 h3c8 d8c8 c3d5 c8e6 d5e3 h5h4 g1e2 b8c6 e1g1 g7g5 d2d4 e6h3 g3g4 e8c8 d1d3 c5d4 e3f5 h3g4 g1h1 c6e5 h2h3 e5d3 h3g4 d3c1 e2c1 e7f6 f2f4 g8h6 f5h6 h8h6 c1d3 d8d5 h1h2 h4h3 a1e1 c8d7 e1e4 d7c8 e4e8 d5d8 e8e4 g5f4 d3f4 d4d3 f4d3 c8b8 f1f5 d8g8 d3c5 g8d8 c5d3 d8g8 d3f2 f6b2 f5f7 b2a3 f2h3 h6d6 h2g3 d6d2 h3f4 a3d6 c2c4 d2a2 f7d7 a2d2 d7f7 d2a2 f7d7
Warning; PV continues after threefold repetition - move d2a2 from candidate
Info; info score cp 0 time 1 depth 11 nodes 7145 nps 4335558 pv a2d2 d7f7 d2a2 
Position; fen rnbqkbnr/pp1p1pp1/4p3/2p4p/8/2N3PB/PPPPPP1P/R1BQK1NR w KQkq - 0 4
Moves; e2e4 f8e7 a2a4 d7d5 e4d5 e6d5 h3c8 d8c8 c3d5 c8e6 d5e3 h5h4 g1e2 b8c6 e1g1 g7g5 d2d4 e6h3 g3g4 e8c8 d1d3 c5d4 e3f5 h3g4 g1h1 c6e5 h2h3 e5d3 h3g4 d3c1 e2c1 e7f6 f2f4 g8h6 f5h6 h8h6 c1d3 d8d5 h1h2 h4h3 a1e1 c8d7 e1e4 d7c8 e4e8 d5d8 e8e4 g5f4 d3f4 d4d3 f4d3 c8b8 f1f5 d8g8 d3c5 g8d8 c5d3 d8g8 d3f2 f6b2 f5f7 b2a3 f2h3 h6d6 h2g3 d6d2 h3f4 a3d6 c2c4 d2a2 f7d7 a2d2 d7f7 d2a2 f7d7
Warning; PV continues after threefold repetition - move d2a2 from candidate
Info; info score cp 0 time 33 depth 12 nodes 138492 nps 4170440 pv a2d2 d7f7 d2a2 
Position; fen rnbqkbnr/pp1p1pp1/4p3/2p4p/8/2N3PB/PPPPPP1P/R1BQK1NR w KQkq - 0 4
Moves; e2e4 f8e7 a2a4 d7d5 e4d5 e6d5 h3c8 d8c8 c3d5 c8e6 d5e3 h5h4 g1e2 b8c6 e1g1 g7g5 d2d4 e6h3 g3g4 e8c8 d1d3 c5d4 e3f5 h3g4 g1h1 c6e5 h2h3 e5d3 h3g4 d3c1 e2c1 e7f6 f2f4 g8h6 f5h6 h8h6 c1d3 d8d5 h1h2 h4h3 a1e1 c8d7 e1e4 d7c8 e4e8 d5d8 e8e4 g5f4 d3f4 d4d3 f4d3 c8b8 f1f5 d8g8 d3c5 g8d8 c5d3 d8g8 d3f2 f6b2 f5f7 b2a3 f2h3 h6d6 h2g3 d6d2 h3f4 a3d6 c2c4 d2a2 f7d7 a2d2 d7f7 d2a2 f7d7
Warning; PV continues after threefold repetition - move d2a2 from candidate
Info; info score cp 0 time 87 depth 13 nodes 393382 nps 4496462 pv a2d2 d7f7 d2a2 
Position; fen rnbqkbnr/pp1p1pp1/4p3/2p4p/8/2N3PB/PPPPPP1P/R1BQK1NR w KQkq - 0 4
Moves; e2e4 f8e7 a2a4 d7d5 e4d5 e6d5 h3c8 d8c8 c3d5 c8e6 d5e3 h5h4 g1e2 b8c6 e1g1 g7g5 d2d4 e6h3 g3g4 e8c8 d1d3 c5d4 e3f5 h3g4 g1h1 c6e5 h2h3 e5d3 h3g4 d3c1 e2c1 e7f6 f2f4 g8h6 f5h6 h8h6 c1d3 d8d5 h1h2 h4h3 a1e1 c8d7 e1e4 d7c8 e4e8 d5d8 e8e4 g5f4 d3f4 d4d3 f4d3 c8b8 f1f5 d8g8 d3c5 g8d8 c5d3 d8g8 d3f2 f6b2 f5f7 b2a3 f2h3 h6d6 h2g3 d6d2 h3f4 a3d6 c2c4 d2a2 f7d7 a2d2 d7f7 d2a2 f7d7
Warning; PV continues after threefold repetition - move d2a2 from ref-5047070
Info; info score cp 0 time 0 depth 4 nodes 1465 nps 3948787 pv d7f7 d2a2 
Position; fen rnbqkbnr/pp1p1pp1/4p3/2p4p/8/2N3PB/PPPPPP1P/R1BQK1NR w KQkq - 0 4
Moves; e2e4 f8e7 a2a4 d7d5 e4d5 e6d5 h3c8 d8c8 c3d5 c8e6 d5e3 h5h4 g1e2 b8c6 e1g1 g7g5 d2d4 e6h3 g3g4 e8c8 d1d3 c5d4 e3f5 h3g4 g1h1 c6e5 h2h3 e5d3 h3g4 d3c1 e2c1 e7f6 f2f4 g8h6 f5h6 h8h6 c1d3 d8d5 h1h2 h4h3 a1e1 c8d7 e1e4 d7c8 e4e8 d5d8 e8e4 g5f4 d3f4 d4d3 f4d3 c8b8 f1f5 d8g8 d3c5 g8d8 c5d3 d8g8 d3f2 f6b2 f5f7 b2a3 f2h3 h6d6 h2g3 d6d2 h3f4 a3d6 c2c4 d2a2 f7d7 a2d2 d7f7 d2a2 f7d7 a2d2
Warning; PV continues after threefold repetition - move d2a2 from ref-5047070
Info; info score cp 0 time 0 depth 5 nodes 2113 nps 4251509 pv d7f7 d2a2 
Position; fen rnbqkbnr/pp1p1pp1/4p3/2p4p/8/2N3PB/PPPPPP1P/R1BQK1NR w KQkq - 0 4
Moves; e2e4 f8e7 a2a4 d7d5 e4d5 e6d5 h3c8 d8c8 c3d5 c8e6 d5e3 h5h4 g1e2 b8c6 e1g1 g7g5 d2d4 e6h3 g3g4 e8c8 d1d3 c5d4 e3f5 h3g4 g1h1 c6e5 h2h3 e5d3 h3g4 d3c1 e2c1 e7f6 f2f4 g8h6 f5h6 h8h6 c1d3 d8d5 h1h2 h4h3 a1e1 c8d7 e1e4 d7c8 e4e8 d5d8 e8e4 g5f4 d3f4 d4d3 f4d3 c8b8 f1f5 d8g8 d3c5 g8d8 c5d3 d8g8 d3f2 f6b2 f5f7 b2a3 f2h3 h6d6 h2g3 d6d2 h3f4 a3d6 c2c4 d2a2 f7d7 a2d2 d7f7 d2a2 f7d7 a2d2
Warning; PV continues after threefold repetition - move d2a2 from ref-5047070
Info; info score cp 0 time 0 depth 6 nodes 3435 nps 4209558 pv d7f7 d2a2 
Position; fen rnbqkbnr/pp1p1pp1/4p3/2p4p/8/2N3PB/PPPPPP1P/R1BQK1NR w KQkq - 0 4
Moves; e2e4 f8e7 a2a4 d7d5 e4d5 e6d5 h3c8 d8c8 c3d5 c8e6 d5e3 h5h4 g1e2 b8c6 e1g1 g7g5 d2d4 e6h3 g3g4 e8c8 d1d3 c5d4 e3f5 h3g4 g1h1 c6e5 h2h3 e5d3 h3g4 d3c1 e2c1 e7f6 f2f4 g8h6 f5h6 h8h6 c1d3 d8d5 h1h2 h4h3 a1e1 c8d7 e1e4 d7c8 e4e8 d5d8 e8e4 g5f4 d3f4 d4d3 f4d3 c8b8 f1f5 d8g8 d3c5 g8d8 c5d3 d8g8 d3f2 f6b2 f5f7 b2a3 f2h3 h6d6 h2g3 d6d2 h3f4 a3d6 c2c4 d2a2 f7d7 a2d2 d7f7 d2a2 f7d7 a2d2
Warning; PV continues after threefold repetition - move d2a2 from ref-5047070
Info; info score cp 0 time 1 depth 7 nodes 5391 nps 4397226 pv d7f7 d2a2 
Position; fen rnbqkbnr/pp1p1pp1/4p3/2p4p/8/2N3PB/PPPPPP1P/R1BQK1NR w KQkq - 0 4
Moves; e2e4 f8e7 a2a4 d7d5 e4d5 e6d5 h3c8 d8c8 c3d5 c8e6 d5e3 h5h4 g1e2 b8c6 e1g1 g7g5 d2d4 e6h3 g3g4 e8c8 d1d3 c5d4 e3f5 h3g4 g1h1 c6e5 h2h3 e5d3 h3g4 d3c1 e2c1 e7f6 f2f4 g8h6 f5h6 h8h6 c1d3 d8d5 h1h2 h4h3 a1e1 c8d7 e1e4 d7c8 e4e8 d5d8 e8e4 g5f4 d3f4 d4d3 f4d3 c8b8 f1f5 d8g8 d3c5 g8d8 c5d3 d8g8 d3f2 f6b2 f5f7 b2a3 f2h3 h6d6 h2g3 d6d2 h3f4 a3d6 c2c4 d2a2 f7d7 a2d2 d7f7 d2a2 f7d7 a2d2
Warning; PV continues after threefold repetition - move d2a2 from ref-5047070
Info; info score cp 0 time 1 depth 8 nodes 7876 nps 4377987 pv d7f7 d2a2 
Position; fen rnbqkbnr/pp1p1pp1/4p3/2p4p/8/2N3PB/PPPPPP1P/R1BQK1NR w KQkq - 0 4
Moves; e2e4 f8e7 a2a4 d7d5 e4d5 e6d5 h3c8 d8c8 c3d5 c8e6 d5e3 h5h4 g1e2 b8c6 e1g1 g7g5 d2d4 e6h3 g3g4 e8c8 d1d3 c5d4 e3f5 h3g4 g1h1 c6e5 h2h3 e5d3 h3g4 d3c1 e2c1 e7f6 f2f4 g8h6 f5h6 h8h6 c1d3 d8d5 h1h2 h4h3 a1e1 c8d7 e1e4 d7c8 e4e8 d5d8 e8e4 g5f4 d3f4 d4d3 f4d3 c8b8 f1f5 d8g8 d3c5 g8d8 c5d3 d8g8 d3f2 f6b2 f5f7 b2a3 f2h3 h6d6 h2g3 d6d2 h3f4 a3d6 c2c4 d2a2 f7d7 a2d2 d7f7 d2a2 f7d7 a2d2
Warning; PV continues after threefold repetition - move d2a2 from ref-5047070
Info; info score cp 0 time 2 depth 9 nodes 10961 nps 4379145 pv d7f7 d2a2 
Position; fen rnbqkbnr/pp1p1pp1/4p3/2p4p/8/2N3PB/PPPPPP1P/R1BQK1NR w KQkq - 0 4
Moves; e2e4 f8e7 a2a4 d7d5 e4d5 e6d5 h3c8 d8c8 c3d5 c8e6 d5e3 h5h4 g1e2 b8c6 e1g1 g7g5 d2d4 e6h3 g3g4 e8c8 d1d3 c5d4 e3f5 h3g4 g1h1 c6e5 h2h3 e5d3 h3g4 d3c1 e2c1 e7f6 f2f4 g8h6 f5h6 h8h6 c1d3 d8d5 h1h2 h4h3 a1e1 c8d7 e1e4 d7c8 e4e8 d5d8 e8e4 g5f4 d3f4 d4d3 f4d3 c8b8 f1f5 d8g8 d3c5 g8d8 c5d3 d8g8 d3f2 f6b2 f5f7 b2a3 f2h3 h6d6 h2g3 d6d2 h3f4 a3d6 c2c4 d2a2 f7d7 a2d2 d7f7 d2a2 f7d7 a2d2
Warning; PV continues after threefold repetition - move d2a2 from ref-5047070
Info; info score cp 0 time 3 depth 10 nodes 15863 nps 4442173 pv d7f7 d2a2 
Position; fen rnbqkbnr/pp1p1pp1/4p3/2p4p/8/2N3PB/PPPPPP1P/R1BQK1NR w KQkq - 0 4
Moves; e2e4 f8e7 a2a4 d7d5 e4d5 e6d5 h3c8 d8c8 c3d5 c8e6 d5e3 h5h4 g1e2 b8c6 e1g1 g7g5 d2d4 e6h3 g3g4 e8c8 d1d3 c5d4 e3f5 h3g4 g1h1 c6e5 h2h3 e5d3 h3g4 d3c1 e2c1 e7f6 f2f4 g8h6 f5h6 h8h6 c1d3 d8d5 h1h2 h4h3 a1e1 c8d7 e1e4 d7c8 e4e8 d5d8 e8e4 g5f4 d3f4 d4d3 f4d3 c8b8 f1f5 d8g8 d3c5 g8d8 c5d3 d8g8 d3f2 f6b2 f5f7 b2a3 f2h3 h6d6 h2g3 d6d2 h3f4 a3d6 c2c4 d2a2 f7d7 a2d2 d7f7 d2a2 f7d7 a2d2
Warning; PV continues after threefold repetition - move d2a2 from ref-5047070
Info; info score cp 0 time 6 depth 11 nodes 27157 nps 4462941 pv d7f7 d2a2 
Position; fen rnbqkbnr/pp1p1pp1/4p3/2p4p/8/2N3PB/PPPPPP1P/R1BQK1NR w KQkq - 0 4
Moves; e2e4 f8e7 a2a4 d7d5 e4d5 e6d5 h3c8 d8c8 c3d5 c8e6 d5e3 h5h4 g1e2 b8c6 e1g1 g7g5 d2d4 e6h3 g3g4 e8c8 d1d3 c5d4 e3f5 h3g4 g1h1 c6e5 h2h3 e5d3 h3g4 d3c1 e2c1 e7f6 f2f4 g8h6 f5h6 h8h6 c1d3 d8d5 h1h2 h4h3 a1e1 c8d7 e1e4 d7c8 e4e8 d5d8 e8e4 g5f4 d3f4 d4d3 f4d3 c8b8 f1f5 d8g8 d3c5 g8d8 c5d3 d8g8 d3f2 f6b2 f5f7 b2a3 f2h3 h6d6 h2g3 d6d2 h3f4 a3d6 c2c4 d2a2 f7d7 a2d2 d7f7 d2a2 f7d7 a2d2
Warning; PV continues after threefold repetition - move d2a2 from ref-5047070
Info; info score cp 0 time 25 depth 12 nodes 110499 nps 4315187 pv d7f7 d2a2 
Position; fen rnbqkbnr/pp1p1pp1/4p3/2p4p/8/2N3PB/PPPPPP1P/R1BQK1NR w KQkq - 0 4
Moves; e2e4 f8e7 a2a4 d7d5 e4d5 e6d5 h3c8 d8c8 c3d5 c8e6 d5e3 h5h4 g1e2 b8c6 e1g1 g7g5 d2d4 e6h3 g3g4 e8c8 d1d3 c5d4 e3f5 h3g4 g1h1 c6e5 h2h3 e5d3 h3g4 d3c1 e2c1 e7f6 f2f4 g8h6 f5h6 h8h6 c1d3 d8d5 h1h2 h4h3 a1e1 c8d7 e1e4 d7c8 e4e8 d5d8 e8e4 g5f4 d3f4 d4d3 f4d3 c8b8 f1f5 d8g8 d3c5 g8d8 c5d3 d8g8 d3f2 f6b2 f5f7 b2a3 f2h3 h6d6 h2g3 d6d2 h3f4 a3d6 c2c4 d2a2 f7d7 a2d2 d7f7 d2a2 f7d7 a2d2
Warning; PV continues after threefold repetition - move d2a2 from ref-5047070
Info; info score cp 0 time 46 depth 13 nodes 198311 nps 4258067 pv d7f7 d2a2 
Position; fen rnbqkbnr/pp1p1pp1/4p3/2p4p/8/2N3PB/PPPPPP1P/R1BQK1NR w KQkq - 0 4
Moves; e2e4 f8e7 a2a4 d7d5 e4d5 e6d5 h3c8 d8c8 c3d5 c8e6 d5e3 h5h4 g1e2 b8c6 e1g1 g7g5 d2d4 e6h3 g3g4 e8c8 d1d3 c5d4 e3f5 h3g4 g1h1 c6e5 h2h3 e5d3 h3g4 d3c1 e2c1 e7f6 f2f4 g8h6 f5h6 h8h6 c1d3 d8d5 h1h2 h4h3 a1e1 c8d7 e1e4 d7c8 e4e8 d5d8 e8e4 g5f4 d3f4 d4d3 f4d3 c8b8 f1f5 d8g8 d3c5 g8d8 c5d3 d8g8 d3f2 f6b2 f5f7 b2a3 f2h3 h6d6 h2g3 d6d2 h3f4 a3d6 c2c4 d2a2 f7d7 a2d2 d7f7 d2a2 f7d7 a2d2
Warning; PV continues after threefold repetition - move d2a2 from ref-5047070
Info; info score cp 0 time 74 depth 14 nodes 292406 nps 3944343 pv d7f7 d2a2 
Position; fen rnbqkbnr/pp1p1pp1/4p3/2p4p/8/2N3PB/PPPPPP1P/R1BQK1NR w KQkq - 0 4
Moves; e2e4 f8e7 a2a4 d7d5 e4d5 e6d5 h3c8 d8c8 c3d5 c8e6 d5e3 h5h4 g1e2 b8c6 e1g1 g7g5 d2d4 e6h3 g3g4 e8c8 d1d3 c5d4 e3f5 h3g4 g1h1 c6e5 h2h3 e5d3 h3g4 d3c1 e2c1 e7f6 f2f4 g8h6 f5h6 h8h6 c1d3 d8d5 h1h2 h4h3 a1e1 c8d7 e1e4 d7c8 e4e8 d5d8 e8e4 g5f4 d3f4 d4d3 f4d3 c8b8 f1f5 d8g8 d3c5 g8d8 c5d3 d8g8 d3f2 f6b2 f5f7 b2a3 f2h3 h6d6 h2g3 d6d2 h3f4 a3d6 c2c4 d2a2 f7d7 a2d2 d7f7 d2a2 f7d7 a2d2
Warning; PV continues after threefold repetition - move d2a2 from ref-5047070
Info; info score cp 0 time 148 depth 15 nodes 606336 nps 4072621 pv d7f7 d2a2 
Position; fen rnbqkbnr/pp1p1pp1/4p3/2p4p/8/2N3PB/PPPPPP1P/R1BQK1NR w KQkq - 0 4
Moves; e2e4 f8e7 a2a4 d7d5 e4d5 e6d5 h3c8 d8c8 c3d5 c8e6 d5e3 h5h4 g1e2 b8c6 e1g1 g7g5 d2d4 e6h3 g3g4 e8c8 d1d3 c5d4 e3f5 h3g4 g1h1 c6e5 h2h3 e5d3 h3g4 d3c1 e2c1 e7f6 f2f4 g8h6 f5h6 h8h6 c1d3 d8d5 h1h2 h4h3 a1e1 c8d7 e1e4 d7c8 e4e8 d5d8 e8e4 g5f4 d3f4 d4d3 f4d3 c8b8 f1f5 d8g8 d3c5 g8d8 c5d3 d8g8 d3f2 f6b2 f5f7 b2a3 f2h3 h6d6 h2g3 d6d2 h3f4 a3d6 c2c4 d2a2 f7d7 a2d2 d7f7 d2a2 f7d7 a2d2
Finished game 370 (ref-5047070 vs candidate): 1/2-1/2 {Draw by 3-fold repetition}
Started game 379 of 1000 (candidate vs ref-5047070)
Finished game 368 (ref-5047070 vs candidate): 1-0 {White wins by adjudication}
Started game 380 of 1000 (ref-5047070 vs candidate)
Finished game 367 (candidate vs ref-5047070): 0-1 {Black wins by adjudication}
Started game 381 of 1000 (candidate vs ref-5047070)
Finished game 371 (candidate vs ref-5047070): 1-0 {White wins by adjudication}
Started game 382 of 1000 (ref-5047070 vs candidate)
Finished game 365 (candidate vs ref-5047070): 0-1 {Black wins by adjudication}
Started game 383 of 1000 (candidate vs ref-5047070)
Finished game 374 (ref-5047070 vs candidate): 1-0 {White wins by adjudication}
Started game 384 of 1000 (ref-5047070 vs candidate)
Finished game 373 (candidate vs ref-5047070): 0-1 {Black wins by adjudication}
Started game 385 of 1000 (candidate vs ref-5047070)
Finished game 372 (ref-5047070 vs candidate): 1/2-1/2 {Draw by adjudication}
Started game 386 of 1000 (ref-5047070 vs candidate)
Finished game 376 (ref-5047070 vs candidate): 1/2-1/2 {Draw by 3-fold repetition}
Started game 387 of 1000 (candidate vs ref-5047070)
Finished game 379 (candidate vs ref-5047070): 1-0 {White wins by adjudication}
Started game 388 of 1000 (ref-5047070 vs candidate)
Finished game 375 (candidate vs ref-5047070): 1-0 {White wins by adjudication}
Started game 389 of 1000 (candidate vs ref-5047070)
Finished game 377 (candidate vs ref-5047070): 1/2-1/2 {Draw by insufficient mating material}
Started game 390 of 1000 (ref-5047070 vs candidate)
Finished game 382 (ref-5047070 vs candidate): 0-1 {Black wins by adjudication}
Started game 391 of 1000 (candidate vs ref-5047070)
Finished game 380 (ref-5047070 vs candidate): 0-1 {Black wins by adjudication}
--------------------------------------------------
Results of candidate vs ref-5047070 (8+0.08, 1t, 16MB, noob_3moves.epd):
Elo: -10.11 +/- 28.13, nElo: -12.63 +/- 35.02
LOS: 23.99 %, DrawRatio: 33.33 %, PairsRatio: 1.00
Games: 378, Wins: 117, Losses: 128, Draws: 133, Points: 183.5 (48.54 %)
Ptnml(0-2): [25, 38, 63, 49, 14], WL/DD Ratio: 1.74
--------------------------------------------------
Started game 392 of 1000 (ref-5047070 vs candidate)
Finished game 378 (ref-5047070 vs candidate): 1/2-1/2 {Draw by 3-fold repetition}
Started game 393 of 1000 (candidate vs ref-5047070)
Finished game 383 (candidate vs ref-5047070): 1-0 {White wins by adjudication}
Started game 394 of 1000 (ref-5047070 vs candidate)
Finished game 381 (candidate vs ref-5047070): 1/2-1/2 {Draw by 3-fold repetition}
Started game 395 of 1000 (candidate vs ref-5047070)
Finished game 386 (ref-5047070 vs candidate): 0-1 {Black wins by adjudication}
Started game 396 of 1000 (ref-5047070 vs candidate)
Finished game 384 (ref-5047070 vs candidate): 1-0 {White wins by adjudication}
Started game 397 of 1000 (candidate vs ref-5047070)
Finished game 385 (candidate vs ref-5047070): 1-0 {White wins by adjudication}
Started game 398 of 1000 (ref-5047070 vs candidate)
Finished game 387 (candidate vs ref-5047070): 1-0 {White wins by adjudication}
Started game 399 of 1000 (candidate vs ref-5047070)
Finished game 391 (candidate vs ref-5047070): 0-1 {Black wins by adjudication}
Started game 400 of 1000 (ref-5047070 vs candidate)
Finished game 388 (ref-5047070 vs candidate): 0-1 {Black wins by adjudication}
Started game 401 of 1000 (candidate vs ref-5047070)
Finished game 394 (ref-5047070 vs candidate): 1-0 {White wins by adjudication}
Started game 402 of 1000 (ref-5047070 vs candidate)
Finished game 393 (candidate vs ref-5047070): 0-1 {Black wins by adjudication}
Started game 403 of 1000 (candidate vs ref-5047070)
Finished game 395 (candidate vs ref-5047070): 1-0 {White wins by adjudication}
Started game 404 of 1000 (ref-5047070 vs candidate)
Finished game 390 (ref-5047070 vs candidate): 0-1 {Black wins by adjudication}
Started game 405 of 1000 (candidate vs ref-5047070)
Finished game 396 (ref-5047070 vs candidate): 1/2-1/2 {Draw by 3-fold repetition}
Started game 406 of 1000 (ref-5047070 vs candidate)
Finished game 389 (candidate vs ref-5047070): 0-1 {Black wins by adjudication}
Started game 407 of 1000 (candidate vs ref-5047070)
Finished game 392 (ref-5047070 vs candidate): 1/2-1/2 {Draw by insufficient mating material}
Started game 408 of 1000 (ref-5047070 vs candidate)
Finished game 398 (ref-5047070 vs candidate): 0-1 {Black wins by adjudication}
Started game 409 of 1000 (candidate vs ref-5047070)
Finished game 399 (candidate vs ref-5047070): 1-0 {White wins by adjudication}
Started game 410 of 1000 (ref-5047070 vs candidate)
Finished game 402 (ref-5047070 vs candidate): 0-1 {Black wins by adjudication}
Started game 411 of 1000 (candidate vs ref-5047070)
Finished game 397 (candidate vs ref-5047070): 1/2-1/2 {Draw by 3-fold repetition}
Started game 412 of 1000 (ref-5047070 vs candidate)
Finished game 400 (ref-5047070 vs candidate): 1/2-1/2 {Draw by 3-fold repetition}
--------------------------------------------------
Results of candidate vs ref-5047070 (8+0.08, 1t, 16MB, noob_3moves.epd):
Elo: -5.21 +/- 27.50, nElo: -6.47 +/- 34.05
LOS: 35.49 %, DrawRatio: 33.00 %, PairsRatio: 1.06
Games: 400, Wins: 127, Losses: 133, Draws: 140, Points: 197.0 (49.25 %)
Ptnml(0-2): [26, 39, 66, 53, 16], WL/DD Ratio: 1.75
--------------------------------------------------
Started game 413 of 1000 (candidate vs ref-5047070)
Finished game 406 (ref-5047070 vs candidate): 1-0 {White wins by adjudication}
Started game 414 of 1000 (ref-5047070 vs candidate)
Finished game 403 (candidate vs ref-5047070): 1/2-1/2 {Draw by insufficient mating material}
Started game 415 of 1000 (candidate vs ref-5047070)
Finished game 405 (candidate vs ref-5047070): 0-1 {Black wins by adjudication}
Started game 416 of 1000 (ref-5047070 vs candidate)
Finished game 401 (candidate vs ref-5047070): 1-0 {White wins by adjudication}
Started game 417 of 1000 (candidate vs ref-5047070)
Finished game 410 (ref-5047070 vs candidate): 1-0 {White wins by adjudication}
Started game 418 of 1000 (ref-5047070 vs candidate)
Finished game 407 (candidate vs ref-5047070): 1/2-1/2 {Draw by 3-fold repetition}
Started game 419 of 1000 (candidate vs ref-5047070)
Finished game 411 (candidate vs ref-5047070): 1-0 {White wins by adjudication}
Started game 420 of 1000 (ref-5047070 vs candidate)
Finished game 408 (ref-5047070 vs candidate): 1-0 {White wins by adjudication}
Started game 421 of 1000 (candidate vs ref-5047070)
Finished game 414 (ref-5047070 vs candidate): 0-1 {Black wins by adjudication}
Started game 422 of 1000 (ref-5047070 vs candidate)
Warning; PV continues after threefold repetition - move b6b5 from candidate
Info; info score cp 0 time 0 depth 8 nodes 806 nps 2651315 pv b6b5 c5e6 b5b6 e6c5 b6b5 
Position; fen rnbqk1nr/p1pp1ppp/1p2p3/2b5/Q1P5/3P4/PP2PPPP/RNB1KBNR w KQkq - 0 4
Moves; g1f3 c8b7 b1c3 b7c6 a4d1 c6f3 e2f3 b8c6 f1e2 g8e7 e1g1 e8g8 a2a3 e7f5 c1d2 a7a6 f3f4 d8h4 e2f3 f5d4 f3e4 f7f5 g2g3 h4g4 d1g4 f5g4 d2e3 d4b3 e3c5 b3c5 a1d1 c5e4 d3e4 d7d6 b2b4 a8e8 f2f3 g4f3 b4b5 a6b5 c3b5 e8c8 f1f3 c6a5 f3c3 a5b7 c3e3 b7c5 e4e5 d6e5 e3e5 c7c6 b5d6 c8d8 e5e2 d8d7 e2d2 f8a8 d1b1 a8d8 b1d1 c5b3 d2d3 b3c5 d3d2 g8f8 d6e4 d7d2 d1d2 d8d2 e4d2 f8e7 g1f2 e6e5 f2e3 e5f4 e3f4 e7d6 f4e3 h7h6 g3g4 c5d7 d2e4 d6e6 h2h3 d7e5 e3d4 c6c5 e4c5 b6c5 d4c5 e5d3 c5b6 e6d6 a3a4 d3c5 a4a5 g7g5 b6b5 c5e6 b5b6 e6c5
Warning; PV continues after threefold repetition - move b6b5 from candidate
Info; info score cp 0 time 0 depth 9 nodes 1481 nps 3164529 pv b6b5 c5e6 b5b6 e6c5 b6b5 
Position; fen rnbqk1nr/p1pp1ppp/1p2p3/2b5/Q1P5/3P4/PP2PPPP/RNB1KBNR w KQkq - 0 4
Moves; g1f3 c8b7 b1c3 b7c6 a4d1 c6f3 e2f3 b8c6 f1e2 g8e7 e1g1 e8g8 a2a3 e7f5 c1d2 a7a6 f3f4 d8h4 e2f3 f5d4 f3e4 f7f5 g2g3 h4g4 d1g4 f5g4 d2e3 d4b3 e3c5 b3c5 a1d1 c5e4 d3e4 d7d6 b2b4 a8e8 f2f3 g4f3 b4b5 a6b5 c3b5 e8c8 f1f3 c6a5 f3c3 a5b7 c3e3 b7c5 e4e5 d6e5 e3e5 c7c6 b5d6 c8d8 e5e2 d8d7 e2d2 f8a8 d1b1 a8d8 b1d1 c5b3 d2d3 b3c5 d3d2 g8f8 d6e4 d7d2 d1d2 d8d2 e4d2 f8e7 g1f2 e6e5 f2e3 e5f4 e3f4 e7d6 f4e3 h7h6 g3g4 c5d7 d2e4 d6e6 h2h3 d7e5 e3d4 c6c5 e4c5 b6c5 d4c5 e5d3 c5b6 e6d6 a3a4 d3c5 a4a5 g7g5 b6b5 c5e6 b5b6 e6c5
Warning; PV continues after threefold repetition - move b6b5 from candidate
Info; info score cp 0 time 0 depth 10 nodes 1702 nps 3248091 pv b6b5 c5e6 b5b6 e6c5 b6b5 
Position; fen rnbqk1nr/p1pp1ppp/1p2p3/2b5/Q1P5/3P4/PP2PPPP/RNB1KBNR w KQkq - 0 4
Moves; g1f3 c8b7 b1c3 b7c6 a4d1 c6f3 e2f3 b8c6 f1e2 g8e7 e1g1 e8g8 a2a3 e7f5 c1d2 a7a6 f3f4 d8h4 e2f3 f5d4 f3e4 f7f5 g2g3 h4g4 d1g4 f5g4 d2e3 d4b3 e3c5 b3c5 a1d1 c5e4 d3e4 d7d6 b2b4 a8e8 f2f3 g4f3 b4b5 a6b5 c3b5 e8c8 f1f3 c6a5 f3c3 a5b7 c3e3 b7c5 e4e5 d6e5 e3e5 c7c6 b5d6 c8d8 e5e2 d8d7 e2d2 f8a8 d1b1 a8d8 b1d1 c5b3 d2d3 b3c5 d3d2 g8f8 d6e4 d7d2 d1d2 d8d2 e4d2 f8e7 g1f2 e6e5 f2e3 e5f4 e3f4 e7d6 f4e3 h7h6 g3g4 c5d7 d2e4 d6e6 h2h3 d7e5 e3d4 c6c5 e4c5 b6c5 d4c5 e5d3 c5b6 e6d6 a3a4 d3c5 a4a5 g7g5 b6b5 c5e6 b5b6 e6c5
Warning; PV continues after threefold repetition - move b6b5 from candidate
Info; info score cp 0 time 0 depth 11 nodes 1957 nps 3356775 pv b6b5 c5e6 b5b6 e6c5 b6b5 
Position; fen rnbqk1nr/p1pp1ppp/1p2p3/2b5/Q1P5/3P4/PP2PPPP/RNB1KBNR w KQkq - 0 4
Moves; g1f3 c8b7 b1c3 b7c6 a4d1 c6f3 e2f3 b8c6 f1e2 g8e7 e1g1 e8g8 a2a3 e7f5 c1d2 a7a6 f3f4 d8h4 e2f3 f5d4 f3e4 f7f5 g2g3 h4g4 d1g4 f5g4 d2e3 d4b3 e3c5 b3c5 a1d1 c5e4 d3e4 d7d6 b2b4 a8e8 f2f3 g4f3 b4b5 a6b5 c3b5 e8c8 f1f3 c6a5 f3c3 a5b7 c3e3 b7c5 e4e5 d6e5 e3e5 c7c6 b5d6 c8d8 e5e2 d8d7 e2d2 f8a8 d1b1 a8d8 b1d1 c5b3 d2d3 b3c5 d3d2 g8f8 d6e4 d7d2 d1d2 d8d2 e4d2 f8e7 g1f2 e6e5 f2e3 e5f4 e3f4 e7d6 f4e3 h7h6 g3g4 c5d7 d2e4 d6e6 h2h3 d7e5 e3d4 c6c5 e4c5 b6c5 d4c5 e5d3 c5b6 e6d6 a3a4 d3c5 a4a5 g7g5 b6b5 c5e6 b5b6 e6c5
Warning; PV continues after threefold repetition - move b6b5 from candidate
Info; info score cp 0 time 0 depth 12 nodes 2209 nps 3424806 pv b6b5 c5e6 b5b6 e6c5 b6b5 
Position; fen rnbqk1nr/p1pp1ppp/1p2p3/2b5/Q1P5/3P4/PP2PPPP/RNB1KBNR w KQkq - 0 4
Moves; g1f3 c8b7 b1c3 b7c6 a4d1 c6f3 e2f3 b8c6 f1e2 g8e7 e1g1 e8g8 a2a3 e7f5 c1d2 a7a6 f3f4 d8h4 e2f3 f5d4 f3e4 f7f5 g2g3 h4g4 d1g4 f5g4 d2e3 d4b3 e3c5 b3c5 a1d1 c5e4 d3e4 d7d6 b2b4 a8e8 f2f3 g4f3 b4b5 a6b5 c3b5 e8c8 f1f3 c6a5 f3c3 a5b7 c3e3 b7c5 e4e5 d6e5 e3e5 c7c6 b5d6 c8d8 e5e2 d8d7 e2d2 f8a8 d1b1 a8d8 b1d1 c5b3 d2d3 b3c5 d3d2 g8f8 d6e4 d7d2 d1d2 d8d2 e4d2 f8e7 g1f2 e6e5 f2e3 e5f4 e3f4 e7d6 f4e3 h7h6 g3g4 c5d7 d2e4 d6e6 h2h3 d7e5 e3d4 c6c5 e4c5 b6c5 d4c5 e5d3 c5b6 e6d6 a3a4 d3c5 a4a5 g7g5 b6b5 c5e6 b5b6 e6c5
Warning; PV continues after threefold repetition - move b6b5 from candidate
Info; info score cp 0 time 0 depth 13 nodes 2608 nps 3524324 pv b6b5 c5e6 b5b6 e6c5 b6b5 
Position; fen rnbqk1nr/p1pp1ppp/1p2p3/2b5/Q1P5/3P4/PP2PPPP/RNB1KBNR w KQkq - 0 4
Moves; g1f3 c8b7 b1c3 b7c6 a4d1 c6f3 e2f3 b8c6 f1e2 g8e7 e1g1 e8g8 a2a3 e7f5 c1d2 a7a6 f3f4 d8h4 e2f3 f5d4 f3e4 f7f5 g2g3 h4g4 d1g4 f5g4 d2e3 d4b3 e3c5 b3c5 a1d1 c5e4 d3e4 d7d6 b2b4 a8e8 f2f3 g4f3 b4b5 a6b5 c3b5 e8c8 f1f3 c6a5 f3c3 a5b7 c3e3 b7c5 e4e5 d6e5 e3e5 c7c6 b5d6 c8d8 e5e2 d8d7 e2d2 f8a8 d1b1 a8d8 b1d1 c5b3 d2d3 b3c5 d3d2 g8f8 d6e4 d7d2 d1d2 d8d2 e4d2 f8e7 g1f2 e6e5 f2e3 e5f4 e3f4 e7d6 f4e3 h7h6 g3g4 c5d7 d2e4 d6e6 h2h3 d7e5 e3d4 c6c5 e4c5 b6c5 d4c5 e5d3 c5b6 e6d6 a3a4 d3c5 a4a5 g7g5 b6b5 c5e6 b5b6 e6c5
Warning; PV continues after threefold repetition - move b6b5 from candidate
Info; info score cp 0 time 0 depth 14 nodes 3102 nps 3649411 pv b6b5 c5e6 b5b6 e6c5 b6b5 
Position; fen rnbqk1nr/p1pp1ppp/1p2p3/2b5/Q1P5/3P4/PP2PPPP/RNB1KBNR w KQkq - 0 4
Moves; g1f3 c8b7 b1c3 b7c6 a4d1 c6f3 e2f3 b8c6 f1e2 g8e7 e1g1 e8g8 a2a3 e7f5 c1d2 a7a6 f3f4 d8h4 e2f3 f5d4 f3e4 f7f5 g2g3 h4g4 d1g4 f5g4 d2e3 d4b3 e3c5 b3c5 a1d1 c5e4 d3e4 d7d6 b2b4 a8e8 f2f3 g4f3 b4b5 a6b5 c3b5 e8c8 f1f3 c6a5 f3c3 a5b7 c3e3 b7c5 e4e5 d6e5 e3e5 c7c6 b5d6 c8d8 e5e2 d8d7 e2d2 f8a8 d1b1 a8d8 b1d1 c5b3 d2d3 b3c5 d3d2 g8f8 d6e4 d7d2 d1d2 d8d2 e4d2 f8e7 g1f2 e6e5 f2e3 e5f4 e3f4 e7d6 f4e3 h7h6 g3g4 c5d7 d2e4 d6e6 h2h3 d7e5 e3d4 c6c5 e4c5 b6c5 d4c5 e5d3 c5b6 e6d6 a3a4 d3c5 a4a5 g7g5 b6b5 c5e6 b5b6 e6c5
Warning; PV continues after threefold repetition - move b6b5 from candidate
Info; info score cp 0 time 0 depth 15 nodes 3410 nps 3739035 pv b6b5 c5e6 b5b6 e6c5 b6b5 
Position; fen rnbqk1nr/p1pp1ppp/1p2p3/2b5/Q1P5/3P4/PP2PPPP/RNB1KBNR w KQkq - 0 4
Moves; g1f3 c8b7 b1c3 b7c6 a4d1 c6f3 e2f3 b8c6 f1e2 g8e7 e1g1 e8g8 a2a3 e7f5 c1d2 a7a6 f3f4 d8h4 e2f3 f5d4 f3e4 f7f5 g2g3 h4g4 d1g4 f5g4 d2e3 d4b3 e3c5 b3c5 a1d1 c5e4 d3e4 d7d6 b2b4 a8e8 f2f3 g4f3 b4b5 a6b5 c3b5 e8c8 f1f3 c6a5 f3c3 a5b7 c3e3 b7c5 e4e5 d6e5 e3e5 c7c6 b5d6 c8d8 e5e2 d8d7 e2d2 f8a8 d1b1 a8d8 b1d1 c5b3 d2d3 b3c5 d3d2 g8f8 d6e4 d7d2 d1d2 d8d2 e4d2 f8e7 g1f2 e6e5 f2e3 e5f4 e3f4 e7d6 f4e3 h7h6 g3g4 c5d7 d2e4 d6e6 h2h3 d7e5 e3d4 c6c5 e4c5 b6c5 d4c5 e5d3 c5b6 e6d6 a3a4 d3c5 a4a5 g7g5 b6b5 c5e6 b5b6 e6c5
Warning; PV continues after threefold repetition - move b6b5 from candidate
Info; info score cp 0 time 1 depth 16 nodes 3996 nps 3872093 pv b6b5 c5e6 b5b6 e6c5 b6b5 
Position; fen rnbqk1nr/p1pp1ppp/1p2p3/2b5/Q1P5/3P4/PP2PPPP/RNB1KBNR w KQkq - 0 4
Moves; g1f3 c8b7 b1c3 b7c6 a4d1 c6f3 e2f3 b8c6 f1e2 g8e7 e1g1 e8g8 a2a3 e7f5 c1d2 a7a6 f3f4 d8h4 e2f3 f5d4 f3e4 f7f5 g2g3 h4g4 d1g4 f5g4 d2e3 d4b3 e3c5 b3c5 a1d1 c5e4 d3e4 d7d6 b2b4 a8e8 f2f3 g4f3 b4b5 a6b5 c3b5 e8c8 f1f3 c6a5 f3c3 a5b7 c3e3 b7c5 e4e5 d6e5 e3e5 c7c6 b5d6 c8d8 e5e2 d8d7 e2d2 f8a8 d1b1 a8d8 b1d1 c5b3 d2d3 b3c5 d3d2 g8f8 d6e4 d7d2 d1d2 d8d2 e4d2 f8e7 g1f2 e6e5 f2e3 e5f4 e3f4 e7d6 f4e3 h7h6 g3g4 c5d7 d2e4 d6e6 h2h3 d7e5 e3d4 c6c5 e4c5 b6c5 d4c5 e5d3 c5b6 e6d6 a3a4 d3c5 a4a5 g7g5 b6b5 c5e6 b5b6 e6c5
Warning; PV continues after threefold repetition - move b6b5 from candidate
Info; info score cp 0 time 1 depth 17 nodes 4350 nps 3947368 pv b6b5 c5e6 b5b6 e6c5 b6b5 
Position; fen rnbqk1nr/p1pp1ppp/1p2p3/2b5/Q1P5/3P4/PP2PPPP/RNB1KBNR w KQkq - 0 4
Moves; g1f3 c8b7 b1c3 b7c6 a4d1 c6f3 e2f3 b8c6 f1e2 g8e7 e1g1 e8g8 a2a3 e7f5 c1d2 a7a6 f3f4 d8h4 e2f3 f5d4 f3e4 f7f5 g2g3 h4g4 d1g4 f5g4 d2e3 d4b3 e3c5 b3c5 a1d1 c5e4 d3e4 d7d6 b2b4 a8e8 f2f3 g4f3 b4b5 a6b5 c3b5 e8c8 f1f3 c6a5 f3c3 a5b7 c3e3 b7c5 e4e5 d6e5 e3e5 c7c6 b5d6 c8d8 e5e2 d8d7 e2d2 f8a8 d1b1 a8d8 b1d1 c5b3 d2d3 b3c5 d3d2 g8f8 d6e4 d7d2 d1d2 d8d2 e4d2 f8e7 g1f2 e6e5 f2e3 e5f4 e3f4 e7d6 f4e3 h7h6 g3g4 c5d7 d2e4 d6e6 h2h3 d7e5 e3d4 c6c5 e4c5 b6c5 d4c5 e5d3 c5b6 e6d6 a3a4 d3c5 a4a5 g7g5 b6b5 c5e6 b5b6 e6c5
Warning; PV continues after threefold repetition - move b6b5 from candidate
Info; info score cp 0 time 1 depth 18 nodes 4726 nps 4049700 pv b6b5 c5e6 b5b6 e6c5 b6b5 
Position; fen rnbqk1nr/p1pp1ppp/1p2p3/2b5/Q1P5/3P4/PP2PPPP/RNB1KBNR w KQkq - 0 4
Moves; g1f3 c8b7 b1c3 b7c6 a4d1 c6f3 e2f3 b8c6 f1e2 g8e7 e1g1 e8g8 a2a3 e7f5 c1d2 a7a6 f3f4 d8h4 e2f3 f5d4 f3e4 f7f5 g2g3 h4g4 d1g4 f5g4 d2e3 d4b3 e3c5 b3c5 a1d1 c5e4 d3e4 d7d6 b2b4 a8e8 f2f3 g4f3 b4b5 a6b5 c3b5 e8c8 f1f3 c6a5 f3c3 a5b7 c3e3 b7c5 e4e5 d6e5 e3e5 c7c6 b5d6 c8d8 e5e2 d8d7 e2d2 f8a8 d1b1 a8d8 b1d1 c5b3 d2d3 b3c5 d3d2 g8f8 d6e4 d7d2 d1d2 d8d2 e4d2 f8e7 g1f2 e6e5 f2e3 e5f4 e3f4 e7d6 f4e3 h7h6 g3g4 c5d7 d2e4 d6e6 h2h3 d7e5 e3d4 c6c5 e4c5 b6c5 d4c5 e5d3 c5b6 e6d6 a3a4 d3c5 a4a5 g7g5 b6b5 c5e6 b5b6 e6c5
Warning; PV continues after threefold repetition - move b6b5 from candidate
Info; info score cp 0 time 1 depth 19 nodes 5183 nps 4166398 pv b6b5 c5e6 b5b6 e6c5 b6b5 
Position; fen rnbqk1nr/p1pp1ppp/1p2p3/2b5/Q1P5/3P4/PP2PPPP/RNB1KBNR w KQkq - 0 4
Moves; g1f3 c8b7 b1c3 b7c6 a4d1 c6f3 e2f3 b8c6 f1e2 g8e7 e1g1 e8g8 a2a3 e7f5 c1d2 a7a6 f3f4 d8h4 e2f3 f5d4 f3e4 f7f5 g2g3 h4g4 d1g4 f5g4 d2e3 d4b3 e3c5 b3c5 a1d1 c5e4 d3e4 d7d6 b2b4 a8e8 f2f3 g4f3 b4b5 a6b5 c3b5 e8c8 f1f3 c6a5 f3c3 a5b7 c3e3 b7c5 e4e5 d6e5 e3e5 c7c6 b5d6 c8d8 e5e2 d8d7 e2d2 f8a8 d1b1 a8d8 b1d1 c5b3 d2d3 b3c5 d3d2 g8f8 d6e4 d7d2 d1d2 d8d2 e4d2 f8e7 g1f2 e6e5 f2e3 e5f4 e3f4 e7d6 f4e3 h7h6 g3g4 c5d7 d2e4 d6e6 h2h3 d7e5 e3d4 c6c5 e4c5 b6c5 d4c5 e5d3 c5b6 e6d6 a3a4 d3c5 a4a5 g7g5 b6b5 c5e6 b5b6 e6c5
Warning; PV continues after threefold repetition - move b6b5 from candidate
Info; info score cp 0 time 1 depth 20 nodes 5758 nps 4258875 pv b6b5 c5e6 b5b6 e6c5 b6b5 
Position; fen rnbqk1nr/p1pp1ppp/1p2p3/2b5/Q1P5/3P4/PP2PPPP/RNB1KBNR w KQkq - 0 4
Moves; g1f3 c8b7 b1c3 b7c6 a4d1 c6f3 e2f3 b8c6 f1e2 g8e7 e1g1 e8g8 a2a3 e7f5 c1d2 a7a6 f3f4 d8h4 e2f3 f5d4 f3e4 f7f5 g2g3 h4g4 d1g4 f5g4 d2e3 d4b3 e3c5 b3c5 a1d1 c5e4 d3e4 d7d6 b2b4 a8e8 f2f3 g4f3 b4b5 a6b5 c3b5 e8c8 f1f3 c6a5 f3c3 a5b7 c3e3 b7c5 e4e5 d6e5 e3e5 c7c6 b5d6 c8d8 e5e2 d8d7 e2d2 f8a8 d1b1 a8d8 b1d1 c5b3 d2d3 b3c5 d3d2 g8f8 d6e4 d7d2 d1d2 d8d2 e4d2 f8e7 g1f2 e6e5 f2e3 e5f4 e3f4 e7d6 f4e3 h7h6 g3g4 c5d7 d2e4 d6e6 h2h3 d7e5 e3d4 c6c5 e4c5 b6c5 d4c5 e5d3 c5b6 e6d6 a3a4 d3c5 a4a5 g7g5 b6b5 c5e6 b5b6 e6c5
Warning; PV continues after threefold repetition - move b6b5 from candidate
Info; info score cp 0 time 1 depth 21 nodes 6172 nps 4334269 pv b6b5 c5e6 b5b6 e6c5 b6b5 
Position; fen rnbqk1nr/p1pp1ppp/1p2p3/2b5/Q1P5/3P4/PP2PPPP/RNB1KBNR w KQkq - 0 4
Moves; g1f3 c8b7 b1c3 b7c6 a4d1 c6f3 e2f3 b8c6 f1e2 g8e7 e1g1 e8g8 a2a3 e7f5 c1d2 a7a6 f3f4 d8h4 e2f3 f5d4 f3e4 f7f5 g2g3 h4g4 d1g4 f5g4 d2e3 d4b3 e3c5 b3c5 a1d1 c5e4 d3e4 d7d6 b2b4 a8e8 f2f3 g4f3 b4b5 a6b5 c3b5 e8c8 f1f3 c6a5 f3c3 a5b7 c3e3 b7c5 e4e5 d6e5 e3e5 c7c6 b5d6 c8d8 e5e2 d8d7 e2d2 f8a8 d1b1 a8d8 b1d1 c5b3 d2d3 b3c5 d3d2 g8f8 d6e4 d7d2 d1d2 d8d2 e4d2 f8e7 g1f2 e6e5 f2e3 e5f4 e3f4 e7d6 f4e3 h7h6 g3g4 c5d7 d2e4 d6e6 h2h3 d7e5 e3d4 c6c5 e4c5 b6c5 d4c5 e5d3 c5b6 e6d6 a3a4 d3c5 a4a5 g7g5 b6b5 c5e6 b5b6 e6c5
Warning; PV continues after threefold repetition - move b6b5 from candidate
Info; info score cp 0 time 1 depth 22 nodes 7003 nps 4443527 pv b6b5 c5e6 b5b6 e6c5 b6b5 
Position; fen rnbqk1nr/p1pp1ppp/1p2p3/2b5/Q1P5/3P4/PP2PPPP/RNB1KBNR w KQkq - 0 4
Moves; g1f3 c8b7 b1c3 b7c6 a4d1 c6f3 e2f3 b8c6 f1e2 g8e7 e1g1 e8g8 a2a3 e7f5 c1d2 a7a6 f3f4 d8h4 e2f3 f5d4 f3e4 f7f5 g2g3 h4g4 d1g4 f5g4 d2e3 d4b3 e3c5 b3c5 a1d1 c5e4 d3e4 d7d6 b2b4 a8e8 f2f3 g4f3 b4b5 a6b5 c3b5 e8c8 f1f3 c6a5 f3c3 a5b7 c3e3 b7c5 e4e5 d6e5 e3e5 c7c6 b5d6 c8d8 e5e2 d8d7 e2d2 f8a8 d1b1 a8d8 b1d1 c5b3 d2d3 b3c5 d3d2 g8f8 d6e4 d7d2 d1d2 d8d2 e4d2 f8e7 g1f2 e6e5 f2e3 e5f4 e3f4 e7d6 f4e3 h7h6 g3g4 c5d7 d2e4 d6e6 h2h3 d7e5 e3d4 c6c5 e4c5 b6c5 d4c5 e5d3 c5b6 e6d6 a3a4 d3c5 a4a5 g7g5 b6b5 c5e6 b5b6 e6c5
Warning; PV continues after threefold repetition - move b6b5 from candidate
Info; info score cp 0 time 1 depth 23 nodes 7926 nps 4503409 pv b6b5 c5e6 b5b6 e6c5 b6b5 
Position; fen rnbqk1nr/p1pp1ppp/1p2p3/2b5/Q1P5/3P4/PP2PPPP/RNB1KBNR w KQkq - 0 4
Moves; g1f3 c8b7 b1c3 b7c6 a4d1 c6f3 e2f3 b8c6 f1e2 g8e7 e1g1 e8g8 a2a3 e7f5 c1d2 a7a6 f3f4 d8h4 e2f3 f5d4 f3e4 f7f5 g2g3 h4g4 d1g4 f5g4 d2e3 d4b3 e3c5 b3c5 a1d1 c5e4 d3e4 d7d6 b2b4 a8e8 f2f3 g4f3 b4b5 a6b5 c3b5 e8c8 f1f3 c6a5 f3c3 a5b7 c3e3 b7c5 e4e5 d6e5 e3e5 c7c6 b5d6 c8d8 e5e2 d8d7 e2d2 f8a8 d1b1 a8d8 b1d1 c5b3 d2d3 b3c5 d3d2 g8f8 d6e4 d7d2 d1d2 d8d2 e4d2 f8e7 g1f2 e6e5 f2e3 e5f4 e3f4 e7d6 f4e3 h7h6 g3g4 c5d7 d2e4 d6e6 h2h3 d7e5 e3d4 c6c5 e4c5 b6c5 d4c5 e5d3 c5b6 e6d6 a3a4 d3c5 a4a5 g7g5 b6b5 c5e6 b5b6 e6c5
Warning; PV continues after threefold repetition - move b6b5 from candidate
Info; info score cp 0 time 1 depth 24 nodes 8778 nps 4593406 pv b6b5 c5e6 b5b6 e6c5 b6b5 
Position; fen rnbqk1nr/p1pp1ppp/1p2p3/2b5/Q1P5/3P4/PP2PPPP/RNB1KBNR w KQkq - 0 4
Moves; g1f3 c8b7 b1c3 b7c6 a4d1 c6f3 e2f3 b8c6 f1e2 g8e7 e1g1 e8g8 a2a3 e7f5 c1d2 a7a6 f3f4 d8h4 e2f3 f5d4 f3e4 f7f5 g2g3 h4g4 d1g4 f5g4 d2e3 d4b3 e3c5 b3c5 a1d1 c5e4 d3e4 d7d6 b2b4 a8e8 f2f3 g4f3 b4b5 a6b5 c3b5 e8c8 f1f3 c6a5 f3c3 a5b7 c3e3 b7c5 e4e5 d6e5 e3e5 c7c6 b5d6 c8d8 e5e2 d8d7 e2d2 f8a8 d1b1 a8d8 b1d1 c5b3 d2d3 b3c5 d3d2 g8f8 d6e4 d7d2 d1d2 d8d2 e4d2 f8e7 g1f2 e6e5 f2e3 e5f4 e3f4 e7d6 f4e3 h7h6 g3g4 c5d7 d2e4 d6e6 h2h3 d7e5 e3d4 c6c5 e4c5 b6c5 d4c5 e5d3 c5b6 e6d6 a3a4 d3c5 a4a5 g7g5 b6b5 c5e6 b5b6 e6c5
Warning; PV continues after threefold repetition - move b6b5 from candidate
Info; info score cp 0 time 3 depth 25 nodes 17313 nps 4521546 pv b6b5 c5e6 b5b6 e6c5 b6b5 
Position; fen rnbqk1nr/p1pp1ppp/1p2p3/2b5/Q1P5/3P4/PP2PPPP/RNB1KBNR w KQkq - 0 4
Moves; g1f3 c8b7 b1c3 b7c6 a4d1 c6f3 e2f3 b8c6 f1e2 g8e7 e1g1 e8g8 a2a3 e7f5 c1d2 a7a6 f3f4 d8h4 e2f3 f5d4 f3e4 f7f5 g2g3 h4g4 d1g4 f5g4 d2e3 d4b3 e3c5 b3c5 a1d1 c5e4 d3e4 d7d6 b2b4 a8e8 f2f3 g4f3 b4b5 a6b5 c3b5 e8c8 f1f3 c6a5 f3c3 a5b7 c3e3 b7c5 e4e5 d6e5 e3e5 c7c6 b5d6 c8d8 e5e2 d8d7 e2d2 f8a8 d1b1 a8d8 b1d1 c5b3 d2d3 b3c5 d3d2 g8f8 d6e4 d7d2 d1d2 d8d2 e4d2 f8e7 g1f2 e6e5 f2e3 e5f4 e3f4 e7d6 f4e3 h7h6 g3g4 c5d7 d2e4 d6e6 h2h3 d7e5 e3d4 c6c5 e4c5 b6c5 d4c5 e5d3 c5b6 e6d6 a3a4 d3c5 a4a5 g7g5 b6b5 c5e6 b5b6 e6c5
Warning; PV continues after threefold repetition - move b6b5 from candidate
Info; info score cp 0 time 5 depth 26 nodes 26247 nps 4551239 pv b6b5 c5e6 b5b6 e6c5 b6b5 
Position; fen rnbqk1nr/p1pp1ppp/1p2p3/2b5/Q1P5/3P4/PP2PPPP/RNB1KBNR w KQkq - 0 4
Moves; g1f3 c8b7 b1c3 b7c6 a4d1 c6f3 e2f3 b8c6 f1e2 g8e7 e1g1 e8g8 a2a3 e7f5 c1d2 a7a6 f3f4 d8h4 e2f3 f5d4 f3e4 f7f5 g2g3 h4g4 d1g4 f5g4 d2e3 d4b3 e3c5 b3c5 a1d1 c5e4 d3e4 d7d6 b2b4 a8e8 f2f3 g4f3 b4b5 a6b5 c3b5 e8c8 f1f3 c6a5 f3c3 a5b7 c3e3 b7c5 e4e5 d6e5 e3e5 c7c6 b5d6 c8d8 e5e2 d8d7 e2d2 f8a8 d1b1 a8d8 b1d1 c5b3 d2d3 b3c5 d3d2 g8f8 d6e4 d7d2 d1d2 d8d2 e4d2 f8e7 g1f2 e6e5 f2e3 e5f4 e3f4 e7d6 f4e3 h7h6 g3g4 c5d7 d2e4 d6e6 h2h3 d7e5 e3d4 c6c5 e4c5 b6c5 d4c5 e5d3 c5b6 e6d6 a3a4 d3c5 a4a5 g7g5 b6b5 c5e6 b5b6 e6c5
Warning; PV continues after threefold repetition - move b6b5 from candidate
Info; info score cp 0 time 10 depth 27 nodes 46798 nps 4493758 pv b6b5 c5e6 b5b6 e6c5 b6b5 
Position; fen rnbqk1nr/p1pp1ppp/1p2p3/2b5/Q1P5/3P4/PP2PPPP/RNB1KBNR w KQkq - 0 4
Moves; g1f3 c8b7 b1c3 b7c6 a4d1 c6f3 e2f3 b8c6 f1e2 g8e7 e1g1 e8g8 a2a3 e7f5 c1d2 a7a6 f3f4 d8h4 e2f3 f5d4 f3e4 f7f5 g2g3 h4g4 d1g4 f5g4 d2e3 d4b3 e3c5 b3c5 a1d1 c5e4 d3e4 d7d6 b2b4 a8e8 f2f3 g4f3 b4b5 a6b5 c3b5 e8c8 f1f3 c6a5 f3c3 a5b7 c3e3 b7c5 e4e5 d6e5 e3e5 c7c6 b5d6 c8d8 e5e2 d8d7 e2d2 f8a8 d1b1 a8d8 b1d1 c5b3 d2d3 b3c5 d3d2 g8f8 d6e4 d7d2 d1d2 d8d2 e4d2 f8e7 g1f2 e6e5 f2e3 e5f4 e3f4 e7d6 f4e3 h7h6 g3g4 c5d7 d2e4 d6e6 h2h3 d7e5 e3d4 c6c5 e4c5 b6c5 d4c5 e5d3 c5b6 e6d6 a3a4 d3c5 a4a5 g7g5 b6b5 c5e6 b5b6 e6c5
Warning; PV continues after threefold repetition - move b6b5 from candidate
Info; info score cp 0 time 26 depth 28 nodes 116539 nps 4440257 pv b6b5 c5e6 b5b6 e6c5 b6b5 
Position; fen rnbqk1nr/p1pp1ppp/1p2p3/2b5/Q1P5/3P4/PP2PPPP/RNB1KBNR w KQkq - 0 4
Moves; g1f3 c8b7 b1c3 b7c6 a4d1 c6f3 e2f3 b8c6 f1e2 g8e7 e1g1 e8g8 a2a3 e7f5 c1d2 a7a6 f3f4 d8h4 e2f3 f5d4 f3e4 f7f5 g2g3 h4g4 d1g4 f5g4 d2e3 d4b3 e3c5 b3c5 a1d1 c5e4 d3e4 d7d6 b2b4 a8e8 f2f3 g4f3 b4b5 a6b5 c3b5 e8c8 f1f3 c6a5 f3c3 a5b7 c3e3 b7c5 e4e5 d6e5 e3e5 c7c6 b5d6 c8d8 e5e2 d8d7 e2d2 f8a8 d1b1 a8d8 b1d1 c5b3 d2d3 b3c5 d3d2 g8f8 d6e4 d7d2 d1d2 d8d2 e4d2 f8e7 g1f2 e6e5 f2e3 e5f4 e3f4 e7d6 f4e3 h7h6 g3g4 c5d7 d2e4 d6e6 h2h3 d7e5 e3d4 c6c5 e4c5 b6c5 d4c5 e5d3 c5b6 e6d6 a3a4 d3c5 a4a5 g7g5 b6b5 c5e6 b5b6 e6c5
Warning; PV continues after threefold repetition - move b6b5 from candidate
Info; info score cp 0 time 43 depth 29 nodes 196059 nps 4552841 pv b6b5 c5e6 b5b6 e6c5 b6b5 
Position; fen rnbqk1nr/p1pp1ppp/1p2p3/2b5/Q1P5/3P4/PP2PPPP/RNB1KBNR w KQkq - 0 4
Moves; g1f3 c8b7 b1c3 b7c6 a4d1 c6f3 e2f3 b8c6 f1e2 g8e7 e1g1 e8g8 a2a3 e7f5 c1d2 a7a6 f3f4 d8h4 e2f3 f5d4 f3e4 f7f5 g2g3 h4g4 d1g4 f5g4 d2e3 d4b3 e3c5 b3c5 a1d1 c5e4 d3e4 d7d6 b2b4 a8e8 f2f3 g4f3 b4b5 a6b5 c3b5 e8c8 f1f3 c6a5 f3c3 a5b7 c3e3 b7c5 e4e5 d6e5 e3e5 c7c6 b5d6 c8d8 e5e2 d8d7 e2d2 f8a8 d1b1 a8d8 b1d1 c5b3 d2d3 b3c5 d3d2 g8f8 d6e4 d7d2 d1d2 d8d2 e4d2 f8e7 g1f2 e6e5 f2e3 e5f4 e3f4 e7d6 f4e3 h7h6 g3g4 c5d7 d2e4 d6e6 h2h3 d7e5 e3d4 c6c5 e4c5 b6c5 d4c5 e5d3 c5b6 e6d6 a3a4 d3c5 a4a5 g7g5 b6b5 c5e6 b5b6 e6c5
Warning; PV continues after threefold repetition - move b6b5 from candidate
Info; info score cp 0 time 58 depth 30 nodes 260720 nps 4483422 pv b6b5 c5e6 b5b6 e6c5 b6b5 
Position; fen rnbqk1nr/p1pp1ppp/1p2p3/2b5/Q1P5/3P4/PP2PPPP/RNB1KBNR w KQkq - 0 4
Moves; g1f3 c8b7 b1c3 b7c6 a4d1 c6f3 e2f3 b8c6 f1e2 g8e7 e1g1 e8g8 a2a3 e7f5 c1d2 a7a6 f3f4 d8h4 e2f3 f5d4 f3e4 f7f5 g2g3 h4g4 d1g4 f5g4 d2e3 d4b3 e3c5 b3c5 a1d1 c5e4 d3e4 d7d6 b2b4 a8e8 f2f3 g4f3 b4b5 a6b5 c3b5 e8c8 f1f3 c6a5 f3c3 a5b7 c3e3 b7c5 e4e5 d6e5 e3e5 c7c6 b5d6 c8d8 e5e2 d8d7 e2d2 f8a8 d1b1 a8d8 b1d1 c5b3 d2d3 b3c5 d3d2 g8f8 d6e4 d7d2 d1d2 d8d2 e4d2 f8e7 g1f2 e6e5 f2e3 e5f4 e3f4 e7d6 f4e3 h7h6 g3g4 c5d7 d2e4 d6e6 h2h3 d7e5 e3d4 c6c5 e4c5 b6c5 d4c5 e5d3 c5b6 e6d6 a3a4 d3c5 a4a5 g7g5 b6b5 c5e6 b5b6 e6c5
Warning; PV continues after threefold repetition - move b6b5 from candidate
Info; info score cp 0 time 102 depth 31 nodes 467179 nps 4561314 pv b6b5 c5e6 b5b6 e6c5 b6b5 
Position; fen rnbqk1nr/p1pp1ppp/1p2p3/2b5/Q1P5/3P4/PP2PPPP/RNB1KBNR w KQkq - 0 4
Moves; g1f3 c8b7 b1c3 b7c6 a4d1 c6f3 e2f3 b8c6 f1e2 g8e7 e1g1 e8g8 a2a3 e7f5 c1d2 a7a6 f3f4 d8h4 e2f3 f5d4 f3e4 f7f5 g2g3 h4g4 d1g4 f5g4 d2e3 d4b3 e3c5 b3c5 a1d1 c5e4 d3e4 d7d6 b2b4 a8e8 f2f3 g4f3 b4b5 a6b5 c3b5 e8c8 f1f3 c6a5 f3c3 a5b7 c3e3 b7c5 e4e5 d6e5 e3e5 c7c6 b5d6 c8d8 e5e2 d8d7 e2d2 f8a8 d1b1 a8d8 b1d1 c5b3 d2d3 b3c5 d3d2 g8f8 d6e4 d7d2 d1d2 d8d2 e4d2 f8e7 g1f2 e6e5 f2e3 e5f4 e3f4 e7d6 f4e3 h7h6 g3g4 c5d7 d2e4 d6e6 h2h3 d7e5 e3d4 c6c5 e4c5 b6c5 d4c5 e5d3 c5b6 e6d6 a3a4 d3c5 a4a5 g7g5 b6b5 c5e6 b5b6 e6c5
Warning; PV continues after threefold repetition - move b6b5 from ref-5047070
Info; info score cp 0 time 0 depth 8 nodes 903 nps 4448275 pv c5e6 b5b6 e6c5 b6b5 
Position; fen rnbqk1nr/p1pp1ppp/1p2p3/2b5/Q1P5/3P4/PP2PPPP/RNB1KBNR w KQkq - 0 4
Moves; g1f3 c8b7 b1c3 b7c6 a4d1 c6f3 e2f3 b8c6 f1e2 g8e7 e1g1 e8g8 a2a3 e7f5 c1d2 a7a6 f3f4 d8h4 e2f3 f5d4 f3e4 f7f5 g2g3 h4g4 d1g4 f5g4 d2e3 d4b3 e3c5 b3c5 a1d1 c5e4 d3e4 d7d6 b2b4 a8e8 f2f3 g4f3 b4b5 a6b5 c3b5 e8c8 f1f3 c6a5 f3c3 a5b7 c3e3 b7c5 e4e5 d6e5 e3e5 c7c6 b5d6 c8d8 e5e2 d8d7 e2d2 f8a8 d1b1 a8d8 b1d1 c5b3 d2d3 b3c5 d3d2 g8f8 d6e4 d7d2 d1d2 d8d2 e4d2 f8e7 g1f2 e6e5 f2e3 e5f4 e3f4 e7d6 f4e3 h7h6 g3g4 c5d7 d2e4 d6e6 h2h3 d7e5 e3d4 c6c5 e4c5 b6c5 d4c5 e5d3 c5b6 e6d6 a3a4 d3c5 a4a5 g7g5 b6b5 c5e6 b5b6 e6c5 b6b5
Warning; PV continues after threefold repetition - move b6b5 from ref-5047070
Info; info score cp 0 time 0 depth 9 nodes 1047 nps 4572052 pv c5e6 b5b6 e6c5 b6b5 
Position; fen rnbqk1nr/p1pp1ppp/1p2p3/2b5/Q1P5/3P4/PP2PPPP/RNB1KBNR w KQkq - 0 4
Moves; g1f3 c8b7 b1c3 b7c6 a4d1 c6f3 e2f3 b8c6 f1e2 g8e7 e1g1 e8g8 a2a3 e7f5 c1d2 a7a6 f3f4 d8h4 e2f3 f5d4 f3e4 f7f5 g2g3 h4g4 d1g4 f5g4 d2e3 d4b3 e3c5 b3c5 a1d1 c5e4 d3e4 d7d6 b2b4 a8e8 f2f3 g4f3 b4b5 a6b5 c3b5 e8c8 f1f3 c6a5 f3c3 a5b7 c3e3 b7c5 e4e5 d6e5 e3e5 c7c6 b5d6 c8d8 e5e2 d8d7 e2d2 f8a8 d1b1 a8d8 b1d1 c5b3 d2d3 b3c5 d3d2 g8f8 d6e4 d7d2 d1d2 d8d2 e4d2 f8e7 g1f2 e6e5 f2e3 e5f4 e3f4 e7d6 f4e3 h7h6 g3g4 c5d7 d2e4 d6e6 h2h3 d7e5 e3d4 c6c5 e4c5 b6c5 d4c5 e5d3 c5b6 e6d6 a3a4 d3c5 a4a5 g7g5 b6b5 c5e6 b5b6 e6c5 b6b5
Warning; PV continues after threefold repetition - move b6b5 from ref-5047070
Info; info score cp 0 time 0 depth 10 nodes 1202 nps 4713725 pv c5e6 b5b6 e6c5 b6b5 
Position; fen rnbqk1nr/p1pp1ppp/1p2p3/2b5/Q1P5/3P4/PP2PPPP/RNB1KBNR w KQkq - 0 4
Moves; g1f3 c8b7 b1c3 b7c6 a4d1 c6f3 e2f3 b8c6 f1e2 g8e7 e1g1 e8g8 a2a3 e7f5 c1d2 a7a6 f3f4 d8h4 e2f3 f5d4 f3e4 f7f5 g2g3 h4g4 d1g4 f5g4 d2e3 d4b3 e3c5 b3c5 a1d1 c5e4 d3e4 d7d6 b2b4 a8e8 f2f3 g4f3 b4b5 a6b5 c3b5 e8c8 f1f3 c6a5 f3c3 a5b7 c3e3 b7c5 e4e5 d6e5 e3e5 c7c6 b5d6 c8d8 e5e2 d8d7 e2d2 f8a8 d1b1 a8d8 b1d1 c5b3 d2d3 b3c5 d3d2 g8f8 d6e4 d7d2 d1d2 d8d2 e4d2 f8e7 g1f2 e6e5 f2e3 e5f4 e3f4 e7d6 f4e3 h7h6 g3g4 c5d7 d2e4 d6e6 h2h3 d7e5 e3d4 c6c5 e4c5 b6c5 d4c5 e5d3 c5b6 e6d6 a3a4 d3c5 a4a5 g7g5 b6b5 c5e6 b5b6 e6c5 b6b5
Warning; PV continues after threefold repetition - move b6b5 from ref-5047070
Info; info score cp 0 time 0 depth 11 nodes 1371 nps 4931654 pv c5e6 b5b6 e6c5 b6b5 
Position; fen rnbqk1nr/p1pp1ppp/1p2p3/2b5/Q1P5/3P4/PP2PPPP/RNB1KBNR w KQkq - 0 4
Moves; g1f3 c8b7 b1c3 b7c6 a4d1 c6f3 e2f3 b8c6 f1e2 g8e7 e1g1 e8g8 a2a3 e7f5 c1d2 a7a6 f3f4 d8h4 e2f3 f5d4 f3e4 f7f5 g2g3 h4g4 d1g4 f5g4 d2e3 d4b3 e3c5 b3c5 a1d1 c5e4 d3e4 d7d6 b2b4 a8e8 f2f3 g4f3 b4b5 a6b5 c3b5 e8c8 f1f3 c6a5 f3c3 a5b7 c3e3 b7c5 e4e5 d6e5 e3e5 c7c6 b5d6 c8d8 e5e2 d8d7 e2d2 f8a8 d1b1 a8d8 b1d1 c5b3 d2d3 b3c5 d3d2 g8f8 d6e4 d7d2 d1d2 d8d2 e4d2 f8e7 g1f2 e6e5 f2e3 e5f4 e3f4 e7d6 f4e3 h7h6 g3g4 c5d7 d2e4 d6e6 h2h3 d7e5 e3d4 c6c5 e4c5 b6c5 d4c5 e5d3 c5b6 e6d6 a3a4 d3c5 a4a5 g7g5 b6b5 c5e6 b5b6 e6c5 b6b5
Warning; PV continues after threefold repetition - move b6b5 from ref-5047070
Info; info score cp 0 time 0 depth 12 nodes 1577 nps 5153594 pv c5e6 b5b6 e6c5 b6b5 
Position; fen rnbqk1nr/p1pp1ppp/1p2p3/2b5/Q1P5/3P4/PP2PPPP/RNB1KBNR w KQkq - 0 4
Moves; g1f3 c8b7 b1c3 b7c6 a4d1 c6f3 e2f3 b8c6 f1e2 g8e7 e1g1 e8g8 a2a3 e7f5 c1d2 a7a6 f3f4 d8h4 e2f3 f5d4 f3e4 f7f5 g2g3 h4g4 d1g4 f5g4 d2e3 d4b3 e3c5 b3c5 a1d1 c5e4 d3e4 d7d6 b2b4 a8e8 f2f3 g4f3 b4b5 a6b5 c3b5 e8c8 f1f3 c6a5 f3c3 a5b7 c3e3 b7c5 e4e5 d6e5 e3e5 c7c6 b5d6 c8d8 e5e2 d8d7 e2d2 f8a8 d1b1 a8d8 b1d1 c5b3 d2d3 b3c5 d3d2 g8f8 d6e4 d7d2 d1d2 d8d2 e4d2 f8e7 g1f2 e6e5 f2e3 e5f4 e3f4 e7d6 f4e3 h7h6 g3g4 c5d7 d2e4 d6e6 h2h3 d7e5 e3d4 c6c5 e4c5 b6c5 d4c5 e5d3 c5b6 e6d6 a3a4 d3c5 a4a5 g7g5 b6b5 c5e6 b5b6 e6c5 b6b5
Warning; PV continues after threefold repetition - move b6b5 from ref-5047070
Info; info score cp 0 time 0 depth 13 nodes 1749 nps 5316109 pv c5e6 b5b6 e6c5 b6b5 
Position; fen rnbqk1nr/p1pp1ppp/1p2p3/2b5/Q1P5/3P4/PP2PPPP/RNB1KBNR w KQkq - 0 4
Moves; g1f3 c8b7 b1c3 b7c6 a4d1 c6f3 e2f3 b8c6 f1e2 g8e7 e1g1 e8g8 a2a3 e7f5 c1d2 a7a6 f3f4 d8h4 e2f3 f5d4 f3e4 f7f5 g2g3 h4g4 d1g4 f5g4 d2e3 d4b3 e3c5 b3c5 a1d1 c5e4 d3e4 d7d6 b2b4 a8e8 f2f3 g4f3 b4b5 a6b5 c3b5 e8c8 f1f3 c6a5 f3c3 a5b7 c3e3 b7c5 e4e5 d6e5 e3e5 c7c6 b5d6 c8d8 e5e2 d8d7 e2d2 f8a8 d1b1 a8d8 b1d1 c5b3 d2d3 b3c5 d3d2 g8f8 d6e4 d7d2 d1d2 d8d2 e4d2 f8e7 g1f2 e6e5 f2e3 e5f4 e3f4 e7d6 f4e3 h7h6 g3g4 c5d7 d2e4 d6e6 h2h3 d7e5 e3d4 c6c5 e4c5 b6c5 d4c5 e5d3 c5b6 e6d6 a3a4 d3c5 a4a5 g7g5 b6b5 c5e6 b5b6 e6c5 b6b5
Warning; PV continues after threefold repetition - move b6b5 from ref-5047070
Info; info score cp 0 time 0 depth 14 nodes 1937 nps 5456338 pv c5e6 b5b6 e6c5 b6b5 
Position; fen rnbqk1nr/p1pp1ppp/1p2p3/2b5/Q1P5/3P4/PP2PPPP/RNB1KBNR w KQkq - 0 4
Moves; g1f3 c8b7 b1c3 b7c6 a4d1 c6f3 e2f3 b8c6 f1e2 g8e7 e1g1 e8g8 a2a3 e7f5 c1d2 a7a6 f3f4 d8h4 e2f3 f5d4 f3e4 f7f5 g2g3 h4g4 d1g4 f5g4 d2e3 d4b3 e3c5 b3c5 a1d1 c5e4 d3e4 d7d6 b2b4 a8e8 f2f3 g4f3 b4b5 a6b5 c3b5 e8c8 f1f3 c6a5 f3c3 a5b7 c3e3 b7c5 e4e5 d6e5 e3e5 c7c6 b5d6 c8d8 e5e2 d8d7 e2d2 f8a8 d1b1 a8d8 b1d1 c5b3 d2d3 b3c5 d3d2 g8f8 d6e4 d7d2 d1d2 d8d2 e4d2 f8e7 g1f2 e6e5 f2e3 e5f4 e3f4 e7d6 f4e3 h7h6 g3g4 c5d7 d2e4 d6e6 h2h3 d7e5 e3d4 c6c5 e4c5 b6c5 d4c5 e5d3 c5b6 e6d6 a3a4 d3c5 a4a5 g7g5 b6b5 c5e6 b5b6 e6c5 b6b5
Warning; PV continues after threefold repetition - move b6b5 from ref-5047070
Info; info score cp 0 time 0 depth 15 nodes 2170 nps 5535714 pv c5e6 b5b6 e6c5 b6b5 
Position; fen rnbqk1nr/p1pp1ppp/1p2p3/2b5/Q1P5/3P4/PP2PPPP/RNB1KBNR w KQkq - 0 4
Moves; g1f3 c8b7 b1c3 b7c6 a4d1 c6f3 e2f3 b8c6 f1e2 g8e7 e1g1 e8g8 a2a3 e7f5 c1d2 a7a6 f3f4 d8h4 e2f3 f5d4 f3e4 f7f5 g2g3 h4g4 d1g4 f5g4 d2e3 d4b3 e3c5 b3c5 a1d1 c5e4 d3e4 d7d6 b2b4 a8e8 f2f3 g4f3 b4b5 a6b5 c3b5 e8c8 f1f3 c6a5 f3c3 a5b7 c3e3 b7c5 e4e5 d6e5 e3e5 c7c6 b5d6 c8d8 e5e2 d8d7 e2d2 f8a8 d1b1 a8d8 b1d1 c5b3 d2d3 b3c5 d3d2 g8f8 d6e4 d7d2 d1d2 d8d2 e4d2 f8e7 g1f2 e6e5 f2e3 e5f4 e3f4 e7d6 f4e3 h7h6 g3g4 c5d7 d2e4 d6e6 h2h3 d7e5 e3d4 c6c5 e4c5 b6c5 d4c5 e5d3 c5b6 e6d6 a3a4 d3c5 a4a5 g7g5 b6b5 c5e6 b5b6 e6c5 b6b5
Warning; PV continues after threefold repetition - move b6b5 from ref-5047070
Info; info score cp 0 time 0 depth 16 nodes 2394 nps 5686460 pv c5e6 b5b6 e6c5 b6b5 
Position; fen rnbqk1nr/p1pp1ppp/1p2p3/2b5/Q1P5/3P4/PP2PPPP/RNB1KBNR w KQkq - 0 4
Moves; g1f3 c8b7 b1c3 b7c6 a4d1 c6f3 e2f3 b8c6 f1e2 g8e7 e1g1 e8g8 a2a3 e7f5 c1d2 a7a6 f3f4 d8h4 e2f3 f5d4 f3e4 f7f5 g2g3 h4g4 d1g4 f5g4 d2e3 d4b3 e3c5 b3c5 a1d1 c5e4 d3e4 d7d6 b2b4 a8e8 f2f3 g4f3 b4b5 a6b5 c3b5 e8c8 f1f3 c6a5 f3c3 a5b7 c3e3 b7c5 e4e5 d6e5 e3e5 c7c6 b5d6 c8d8 e5e2 d8d7 e2d2 f8a8 d1b1 a8d8 b1d1 c5b3 d2d3 b3c5 d3d2 g8f8 d6e4 d7d2 d1d2 d8d2 e4d2 f8e7 g1f2 e6e5 f2e3 e5f4 e3f4 e7d6 f4e3 h7h6 g3g4 c5d7 d2e4 d6e6 h2h3 d7e5 e3d4 c6c5 e4c5 b6c5 d4c5 e5d3 c5b6 e6d6 a3a4 d3c5 a4a5 g7g5 b6b5 c5e6 b5b6 e6c5 b6b5
Warning; PV continues after threefold repetition - move b6b5 from ref-5047070
Info; info score cp 0 time 0 depth 17 nodes 2620 nps 5835189 pv c5e6 b5b6 e6c5 b6b5 
Position; fen rnbqk1nr/p1pp1ppp/1p2p3/2b5/Q1P5/3P4/PP2PPPP/RNB1KBNR w KQkq - 0 4
Moves; g1f3 c8b7 b1c3 b7c6 a4d1 c6f3 e2f3 b8c6 f1e2 g8e7 e1g1 e8g8 a2a3 e7f5 c1d2 a7a6 f3f4 d8h4 e2f3 f5d4 f3e4 f7f5 g2g3 h4g4 d1g4 f5g4 d2e3 d4b3 e3c5 b3c5 a1d1 c5e4 d3e4 d7d6 b2b4 a8e8 f2f3 g4f3 b4b5 a6b5 c3b5 e8c8 f1f3 c6a5 f3c3 a5b7 c3e3 b7c5 e4e5 d6e5 e3e5 c7c6 b5d6 c8d8 e5e2 d8d7 e2d2 f8a8 d1b1 a8d8 b1d1 c5b3 d2d3 b3c5 d3d2 g8f8 d6e4 d7d2 d1d2 d8d2 e4d2 f8e7 g1f2 e6e5 f2e3 e5f4 e3f4 e7d6 f4e3 h7h6 g3g4 c5d7 d2e4 d6e6 h2h3 d7e5 e3d4 c6c5 e4c5 b6c5 d4c5 e5d3 c5b6 e6d6 a3a4 d3c5 a4a5 g7g5 b6b5 c5e6 b5b6 e6c5 b6b5
Warning; PV continues after threefold repetition - move b6b5 from ref-5047070
Info; info score cp 0 time 0 depth 18 nodes 2868 nps 5937888 pv c5e6 b5b6 e6c5 b6b5 
Position; fen rnbqk1nr/p1pp1ppp/1p2p3/2b5/Q1P5/3P4/PP2PPPP/RNB1KBNR w KQkq - 0 4
Moves; g1f3 c8b7 b1c3 b7c6 a4d1 c6f3 e2f3 b8c6 f1e2 g8e7 e1g1 e8g8 a2a3 e7f5 c1d2 a7a6 f3f4 d8h4 e2f3 f5d4 f3e4 f7f5 g2g3 h4g4 d1g4 f5g4 d2e3 d4b3 e3c5 b3c5 a1d1 c5e4 d3e4 d7d6 b2b4 a8e8 f2f3 g4f3 b4b5 a6b5 c3b5 e8c8 f1f3 c6a5 f3c3 a5b7 c3e3 b7c5 e4e5 d6e5 e3e5 c7c6 b5d6 c8d8 e5e2 d8d7 e2d2 f8a8 d1b1 a8d8 b1d1 c5b3 d2d3 b3c5 d3d2 g8f8 d6e4 d7d2 d1d2 d8d2 e4d2 f8e7 g1f2 e6e5 f2e3 e5f4 e3f4 e7d6 f4e3 h7h6 g3g4 c5d7 d2e4 d6e6 h2h3 d7e5 e3d4 c6c5 e4c5 b6c5 d4c5 e5d3 c5b6 e6d6 a3a4 d3c5 a4a5 g7g5 b6b5 c5e6 b5b6 e6c5 b6b5
Warning; PV continues after threefold repetition - move b6b5 from ref-5047070
Info; info score cp 0 time 0 depth 19 nodes 3047 nps 6009861 pv c5e6 b5b6 e6c5 b6b5 
Position; fen rnbqk1nr/p1pp1ppp/1p2p3/2b5/Q1P5/3P4/PP2PPPP/RNB1KBNR w KQkq - 0 4
Moves; g1f3 c8b7 b1c3 b7c6 a4d1 c6f3 e2f3 b8c6 f1e2 g8e7 e1g1 e8g8 a2a3 e7f5 c1d2 a7a6 f3f4 d8h4 e2f3 f5d4 f3e4 f7f5 g2g3 h4g4 d1g4 f5g4 d2e3 d4b3 e3c5 b3c5 a1d1 c5e4 d3e4 d7d6 b2b4 a8e8 f2f3 g4f3 b4b5 a6b5 c3b5 e8c8 f1f3 c6a5 f3c3 a5b7 c3e3 b7c5 e4e5 d6e5 e3e5 c7c6 b5d6 c8d8 e5e2 d8d7 e2d2 f8a8 d1b1 a8d8 b1d1 c5b3 d2d3 b3c5 d3d2 g8f8 d6e4 d7d2 d1d2 d8d2 e4d2 f8e7 g1f2 e6e5 f2e3 e5f4 e3f4 e7d6 f4e3 h7h6 g3g4 c5d7 d2e4 d6e6 h2h3 d7e5 e3d4 c6c5 e4c5 b6c5 d4c5 e5d3 c5b6 e6d6 a3a4 d3c5 a4a5 g7g5 b6b5 c5e6 b5b6 e6c5 b6b5
Warning; PV continues after threefold repetition - move b6b5 from ref-5047070
Info; info score cp 0 time 0 depth 20 nodes 3290 nps 5465116 pv c5e6 b5b6 e6c5 b6b5 
Position; fen rnbqk1nr/p1pp1ppp/1p2p3/2b5/Q1P5/3P4/PP2PPPP/RNB1KBNR w KQkq - 0 4
Moves; g1f3 c8b7 b1c3 b7c6 a4d1 c6f3 e2f3 b8c6 f1e2 g8e7 e1g1 e8g8 a2a3 e7f5 c1d2 a7a6 f3f4 d8h4 e2f3 f5d4 f3e4 f7f5 g2g3 h4g4 d1g4 f5g4 d2e3 d4b3 e3c5 b3c5 a1d1 c5e4 d3e4 d7d6 b2b4 a8e8 f2f3 g4f3 b4b5 a6b5 c3b5 e8c8 f1f3 c6a5 f3c3 a5b7 c3e3 b7c5 e4e5 d6e5 e3e5 c7c6 b5d6 c8d8 e5e2 d8d7 e2d2 f8a8 d1b1 a8d8 b1d1 c5b3 d2d3 b3c5 d3d2 g8f8 d6e4 d7d2 d1d2 d8d2 e4d2 f8e7 g1f2 e6e5 f2e3 e5f4 e3f4 e7d6 f4e3 h7h6 g3g4 c5d7 d2e4 d6e6 h2h3 d7e5 e3d4 c6c5 e4c5 b6c5 d4c5 e5d3 c5b6 e6d6 a3a4 d3c5 a4a5 g7g5 b6b5 c5e6 b5b6 e6c5 b6b5
Warning; PV continues after threefold repetition - move b6b5 from ref-5047070
Info; info score cp 0 time 0 depth 21 nodes 3502 nps 5549920 pv c5e6 b5b6 e6c5 b6b5 
Position; fen rnbqk1nr/p1pp1ppp/1p2p3/2b5/Q1P5/3P4/PP2PPPP/RNB1KBNR w KQkq - 0 4
Moves; g1f3 c8b7 b1c3 b7c6 a4d1 c6f3 e2f3 b8c6 f1e2 g8e7 e1g1 e8g8 a2a3 e7f5 c1d2 a7a6 f3f4 d8h4 e2f3 f5d4 f3e4 f7f5 g2g3 h4g4 d1g4 f5g4 d2e3 d4b3 e3c5 b3c5 a1d1 c5e4 d3e4 d7d6 b2b4 a8e8 f2f3 g4f3 b4b5 a6b5 c3b5 e8c8 f1f3 c6a5 f3c3 a5b7 c3e3 b7c5 e4e5 d6e5 e3e5 c7c6 b5d6 c8d8 e5e2 d8d7 e2d2 f8a8 d1b1 a8d8 b1d1 c5b3 d2d3 b3c5 d3d2 g8f8 d6e4 d7d2 d1d2 d8d2 e4d2 f8e7 g1f2 e6e5 f2e3 e5f4 e3f4 e7d6 f4e3 h7h6 g3g4 c5d7 d2e4 d6e6 h2h3 d7e5 e3d4 c6c5 e4c5 b6c5 d4c5 e5d3 c5b6 e6d6 a3a4 d3c5 a4a5 g7g5 b6b5 c5e6 b5b6 e6c5 b6b5
Warning; PV continues after threefold repetition - move b6b5 from ref-5047070
Info; info score cp 0 time 0 depth 22 nodes 3764 nps 5651651 pv c5e6 b5b6 e6c5 b6b5 
Position; fen rnbqk1nr/p1pp1ppp/1p2p3/2b5/Q1P5/3P4/PP2PPPP/RNB1KBNR w KQkq - 0 4
Moves; g1f3 c8b7 b1c3 b7c6 a4d1 c6f3 e2f3 b8c6 f1e2 g8e7 e1g1 e8g8 a2a3 e7f5 c1d2 a7a6 f3f4 d8h4 e2f3 f5d4 f3e4 f7f5 g2g3 h4g4 d1g4 f5g4 d2e3 d4b3 e3c5 b3c5 a1d1 c5e4 d3e4 d7d6 b2b4 a8e8 f2f3 g4f3 b4b5 a6b5 c3b5 e8c8 f1f3 c6a5 f3c3 a5b7 c3e3 b7c5 e4e5 d6e5 e3e5 c7c6 b5d6 c8d8 e5e2 d8d7 e2d2 f8a8 d1b1 a8d8 b1d1 c5b3 d2d3 b3c5 d3d2 g8f8 d6e4 d7d2 d1d2 d8d2 e4d2 f8e7 g1f2 e6e5 f2e3 e5f4 e3f4 e7d6 f4e3 h7h6 g3g4 c5d7 d2e4 d6e6 h2h3 d7e5 e3d4 c6c5 e4c5 b6c5 d4c5 e5d3 c5b6 e6d6 a3a4 d3c5 a4a5 g7g5 b6b5 c5e6 b5b6 e6c5 b6b5
Warning; PV continues after threefold repetition - move b6b5 from ref-5047070
Info; info score cp 0 time 0 depth 23 nodes 3996 nps 5733142 pv c5e6 b5b6 e6c5 b6b5 
Position; fen rnbqk1nr/p1pp1ppp/1p2p3/2b5/Q1P5/3P4/PP2PPPP/RNB1KBNR w KQkq - 0 4
Moves; g1f3 c8b7 b1c3 b7c6 a4d1 c6f3 e2f3 b8c6 f1e2 g8e7 e1g1 e8g8 a2a3 e7f5 c1d2 a7a6 f3f4 d8h4 e2f3 f5d4 f3e4 f7f5 g2g3 h4g4 d1g4 f5g4 d2e3 d4b3 e3c5 b3c5 a1d1 c5e4 d3e4 d7d6 b2b4 a8e8 f2f3 g4f3 b4b5 a6b5 c3b5 e8c8 f1f3 c6a5 f3c3 a5b7 c3e3 b7c5 e4e5 d6e5 e3e5 c7c6 b5d6 c8d8 e5e2 d8d7 e2d2 f8a8 d1b1 a8d8 b1d1 c5b3 d2d3 b3c5 d3d2 g8f8 d6e4 d7d2 d1d2 d8d2 e4d2 f8e7 g1f2 e6e5 f2e3 e5f4 e3f4 e7d6 f4e3 h7h6 g3g4 c5d7 d2e4 d6e6 h2h3 d7e5 e3d4 c6c5 e4c5 b6c5 d4c5 e5d3 c5b6 e6d6 a3a4 d3c5 a4a5 g7g5 b6b5 c5e6 b5b6 e6c5 b6b5
Warning; PV continues after threefold repetition - move b6b5 from ref-5047070
Info; info score cp 0 time 1 depth 24 nodes 6848 nps 4969521 pv c5e6 b5b6 e6c5 b6b5 
Position; fen rnbqk1nr/p1pp1ppp/1p2p3/2b5/Q1P5/3P4/PP2PPPP/RNB1KBNR w KQkq - 0 4
Moves; g1f3 c8b7 b1c3 b7c6 a4d1 c6f3 e2f3 b8c6 f1e2 g8e7 e1g1 e8g8 a2a3 e7f5 c1d2 a7a6 f3f4 d8h4 e2f3 f5d4 f3e4 f7f5 g2g3 h4g4 d1g4 f5g4 d2e3 d4b3 e3c5 b3c5 a1d1 c5e4 d3e4 d7d6 b2b4 a8e8 f2f3 g4f3 b4b5 a6b5 c3b5 e8c8 f1f3 c6a5 f3c3 a5b7 c3e3 b7c5 e4e5 d6e5 e3e5 c7c6 b5d6 c8d8 e5e2 d8d7 e2d2 f8a8 d1b1 a8d8 b1d1 c5b3 d2d3 b3c5 d3d2 g8f8 d6e4 d7d2 d1d2 d8d2 e4d2 f8e7 g1f2 e6e5 f2e3 e5f4 e3f4 e7d6 f4e3 h7h6 g3g4 c5d7 d2e4 d6e6 h2h3 d7e5 e3d4 c6c5 e4c5 b6c5 d4c5 e5d3 c5b6 e6d6 a3a4 d3c5 a4a5 g7g5 b6b5 c5e6 b5b6 e6c5 b6b5
Warning; PV continues after threefold repetition - move b6b5 from ref-5047070
Info; info score cp 0 time 5 depth 25 nodes 22485 nps 3823329 pv c5e6 b5b6 e6c5 b6b5 
Position; fen rnbqk1nr/p1pp1ppp/1p2p3/2b5/Q1P5/3P4/PP2PPPP/RNB1KBNR w KQkq - 0 4
Moves; g1f3 c8b7 b1c3 b7c6 a4d1 c6f3 e2f3 b8c6 f1e2 g8e7 e1g1 e8g8 a2a3 e7f5 c1d2 a7a6 f3f4 d8h4 e2f3 f5d4 f3e4 f7f5 g2g3 h4g4 d1g4 f5g4 d2e3 d4b3 e3c5 b3c5 a1d1 c5e4 d3e4 d7d6 b2b4 a8e8 f2f3 g4f3 b4b5 a6b5 c3b5 e8c8 f1f3 c6a5 f3c3 a5b7 c3e3 b7c5 e4e5 d6e5 e3e5 c7c6 b5d6 c8d8 e5e2 d8d7 e2d2 f8a8 d1b1 a8d8 b1d1 c5b3 d2d3 b3c5 d3d2 g8f8 d6e4 d7d2 d1d2 d8d2 e4d2 f8e7 g1f2 e6e5 f2e3 e5f4 e3f4 e7d6 f4e3 h7h6 g3g4 c5d7 d2e4 d6e6 h2h3 d7e5 e3d4 c6c5 e4c5 b6c5 d4c5 e5d3 c5b6 e6d6 a3a4 d3c5 a4a5 g7g5 b6b5 c5e6 b5b6 e6c5 b6b5
Warning; PV continues after threefold repetition - move b6b5 from ref-5047070
Info; info score cp 0 time 51 depth 26 nodes 138083 nps 2661533 pv c5e6 b5b6 e6c5 b6b5 
Position; fen rnbqk1nr/p1pp1ppp/1p2p3/2b5/Q1P5/3P4/PP2PPPP/RNB1KBNR w KQkq - 0 4
Moves; g1f3 c8b7 b1c3 b7c6 a4d1 c6f3 e2f3 b8c6 f1e2 g8e7 e1g1 e8g8 a2a3 e7f5 c1d2 a7a6 f3f4 d8h4 e2f3 f5d4 f3e4 f7f5 g2g3 h4g4 d1g4 f5g4 d2e3 d4b3 e3c5 b3c5 a1d1 c5e4 d3e4 d7d6 b2b4 a8e8 f2f3 g4f3 b4b5 a6b5 c3b5 e8c8 f1f3 c6a5 f3c3 a5b7 c3e3 b7c5 e4e5 d6e5 e3e5 c7c6 b5d6 c8d8 e5e2 d8d7 e2d2 f8a8 d1b1 a8d8 b1d1 c5b3 d2d3 b3c5 d3d2 g8f8 d6e4 d7d2 d1d2 d8d2 e4d2 f8e7 g1f2 e6e5 f2e3 e5f4 e3f4 e7d6 f4e3 h7h6 g3g4 c5d7 d2e4 d6e6 h2h3 d7e5 e3d4 c6c5 e4c5 b6c5 d4c5 e5d3 c5b6 e6d6 a3a4 d3c5 a4a5 g7g5 b6b5 c5e6 b5b6 e6c5 b6b5
Warning; PV continues after threefold repetition - move b6b5 from ref-5047070
Info; info score cp 0 time 70 depth 27 nodes 243568 nps 3434695 pv c5e6 b5b6 e6c5 b6b5 
Position; fen rnbqk1nr/p1pp1ppp/1p2p3/2b5/Q1P5/3P4/PP2PPPP/RNB1KBNR w KQkq - 0 4
Moves; g1f3 c8b7 b1c3 b7c6 a4d1 c6f3 e2f3 b8c6 f1e2 g8e7 e1g1 e8g8 a2a3 e7f5 c1d2 a7a6 f3f4 d8h4 e2f3 f5d4 f3e4 f7f5 g2g3 h4g4 d1g4 f5g4 d2e3 d4b3 e3c5 b3c5 a1d1 c5e4 d3e4 d7d6 b2b4 a8e8 f2f3 g4f3 b4b5 a6b5 c3b5 e8c8 f1f3 c6a5 f3c3 a5b7 c3e3 b7c5 e4e5 d6e5 e3e5 c7c6 b5d6 c8d8 e5e2 d8d7 e2d2 f8a8 d1b1 a8d8 b1d1 c5b3 d2d3 b3c5 d3d2 g8f8 d6e4 d7d2 d1d2 d8d2 e4d2 f8e7 g1f2 e6e5 f2e3 e5f4 e3f4 e7d6 f4e3 h7h6 g3g4 c5d7 d2e4 d6e6 h2h3 d7e5 e3d4 c6c5 e4c5 b6c5 d4c5 e5d3 c5b6 e6d6 a3a4 d3c5 a4a5 g7g5 b6b5 c5e6 b5b6 e6c5 b6b5
Warning; PV continues after threefold repetition - move b6b5 from candidate
Info; info score cp 0 time 0 depth 3 nodes 58 nps 1705882 pv b5b6 e6c5 b6b5 
Position; fen rnbqk1nr/p1pp1ppp/1p2p3/2b5/Q1P5/3P4/PP2PPPP/RNB1KBNR w KQkq - 0 4
Moves; g1f3 c8b7 b1c3 b7c6 a4d1 c6f3 e2f3 b8c6 f1e2 g8e7 e1g1 e8g8 a2a3 e7f5 c1d2 a7a6 f3f4 d8h4 e2f3 f5d4 f3e4 f7f5 g2g3 h4g4 d1g4 f5g4 d2e3 d4b3 e3c5 b3c5 a1d1 c5e4 d3e4 d7d6 b2b4 a8e8 f2f3 g4f3 b4b5 a6b5 c3b5 e8c8 f1f3 c6a5 f3c3 a5b7 c3e3 b7c5 e4e5 d6e5 e3e5 c7c6 b5d6 c8d8 e5e2 d8d7 e2d2 f8a8 d1b1 a8d8 b1d1 c5b3 d2d3 b3c5 d3d2 g8f8 d6e4 d7d2 d1d2 d8d2 e4d2 f8e7 g1f2 e6e5 f2e3 e5f4 e3f4 e7d6 f4e3 h7h6 g3g4 c5d7 d2e4 d6e6 h2h3 d7e5 e3d4 c6c5 e4c5 b6c5 d4c5 e5d3 c5b6 e6d6 a3a4 d3c5 a4a5 g7g5 b6b5 c5e6 b5b6 e6c5 b6b5 c5e6
Warning; PV continues after threefold repetition - move b6b5 from candidate
Info; info score cp 0 time 0 depth 4 nodes 81 nps 2025000 pv b5b6 e6c5 b6b5 
Position; fen rnbqk1nr/p1pp1ppp/1p2p3/2b5/Q1P5/3P4/PP2PPPP/RNB1KBNR w KQkq - 0 4
Moves; g1f3 c8b7 b1c3 b7c6 a4d1 c6f3 e2f3 b8c6 f1e2 g8e7 e1g1 e8g8 a2a3 e7f5 c1d2 a7a6 f3f4 d8h4 e2f3 f5d4 f3e4 f7f5 g2g3 h4g4 d1g4 f5g4 d2e3 d4b3 e3c5 b3c5 a1d1 c5e4 d3e4 d7d6 b2b4 a8e8 f2f3 g4f3 b4b5 a6b5 c3b5 e8c8 f1f3 c6a5 f3c3 a5b7 c3e3 b7c5 e4e5 d6e5 e3e5 c7c6 b5d6 c8d8 e5e2 d8d7 e2d2 f8a8 d1b1 a8d8 b1d1 c5b3 d2d3 b3c5 d3d2 g8f8 d6e4 d7d2 d1d2 d8d2 e4d2 f8e7 g1f2 e6e5 f2e3 e5f4 e3f4 e7d6 f4e3 h7h6 g3g4 c5d7 d2e4 d6e6 h2h3 d7e5 e3d4 c6c5 e4c5 b6c5 d4c5 e5d3 c5b6 e6d6 a3a4 d3c5 a4a5 g7g5 b6b5 c5e6 b5b6 e6c5 b6b5 c5e6
Warning; PV continues after threefold repetition - move b6b5 from candidate
Info; info score cp 0 time 0 depth 5 nodes 104 nps 2311111 pv b5b6 e6c5 b6b5 
Position; fen rnbqk1nr/p1pp1ppp/1p2p3/2b5/Q1P5/3P4/PP2PPPP/RNB1KBNR w KQkq - 0 4
Moves; g1f3 c8b7 b1c3 b7c6 a4d1 c6f3 e2f3 b8c6 f1e2 g8e7 e1g1 e8g8 a2a3 e7f5 c1d2 a7a6 f3f4 d8h4 e2f3 f5d4 f3e4 f7f5 g2g3 h4g4 d1g4 f5g4 d2e3 d4b3 e3c5 b3c5 a1d1 c5e4 d3e4 d7d6 b2b4 a8e8 f2f3 g4f3 b4b5 a6b5 c3b5 e8c8 f1f3 c6a5 f3c3 a5b7 c3e3 b7c5 e4e5 d6e5 e3e5 c7c6 b5d6 c8d8 e5e2 d8d7 e2d2 f8a8 d1b1 a8d8 b1d1 c5b3 d2d3 b3c5 d3d2 g8f8 d6e4 d7d2 d1d2 d8d2 e4d2 f8e7 g1f2 e6e5 f2e3 e5f4 e3f4 e7d6 f4e3 h7h6 g3g4 c5d7 d2e4 d6e6 h2h3 d7e5 e3d4 c6c5 e4c5 b6c5 d4c5 e5d3 c5b6 e6d6 a3a4 d3c5 a4a5 g7g5 b6b5 c5e6 b5b6 e6c5 b6b5 c5e6
Warning; PV continues after threefold repetition - move b6b5 from candidate
Info; info score cp 0 time 0 depth 6 nodes 131 nps 2568627 pv b5b6 e6c5 b6b5 
Position; fen rnbqk1nr/p1pp1ppp/1p2p3/2b5/Q1P5/3P4/PP2PPPP/RNB1KBNR w KQkq - 0 4
Moves; g1f3 c8b7 b1c3 b7c6 a4d1 c6f3 e2f3 b8c6 f1e2 g8e7 e1g1 e8g8 a2a3 e7f5 c1d2 a7a6 f3f4 d8h4 e2f3 f5d4 f3e4 f7f5 g2g3 h4g4 d1g4 f5g4 d2e3 d4b3 e3c5 b3c5 a1d1 c5e4 d3e4 d7d6 b2b4 a8e8 f2f3 g4f3 b4b5 a6b5 c3b5 e8c8 f1f3 c6a5 f3c3 a5b7 c3e3 b7c5 e4e5 d6e5 e3e5 c7c6 b5d6 c8d8 e5e2 d8d7 e2d2 f8a8 d1b1 a8d8 b1d1 c5b3 d2d3 b3c5 d3d2 g8f8 d6e4 d7d2 d1d2 d8d2 e4d2 f8e7 g1f2 e6e5 f2e3 e5f4 e3f4 e7d6 f4e3 h7h6 g3g4 c5d7 d2e4 d6e6 h2h3 d7e5 e3d4 c6c5 e4c5 b6c5 d4c5 e5d3 c5b6 e6d6 a3a4 d3c5 a4a5 g7g5 b6b5 c5e6 b5b6 e6c5 b6b5 c5e6
Warning; PV continues after threefold repetition - move b6b5 from candidate
Info; info score cp 0 time 0 depth 7 nodes 160 nps 2807017 pv b5b6 e6c5 b6b5 
Position; fen rnbqk1nr/p1pp1ppp/1p2p3/2b5/Q1P5/3P4/PP2PPPP/RNB1KBNR w KQkq - 0 4
Moves; g1f3 c8b7 b1c3 b7c6 a4d1 c6f3 e2f3 b8c6 f1e2 g8e7 e1g1 e8g8 a2a3 e7f5 c1d2 a7a6 f3f4 d8h4 e2f3 f5d4 f3e4 f7f5 g2g3 h4g4 d1g4 f5g4 d2e3 d4b3 e3c5 b3c5 a1d1 c5e4 d3e4 d7d6 b2b4 a8e8 f2f3 g4f3 b4b5 a6b5 c3b5 e8c8 f1f3 c6a5 f3c3 a5b7 c3e3 b7c5 e4e5 d6e5 e3e5 c7c6 b5d6 c8d8 e5e2 d8d7 e2d2 f8a8 d1b1 a8d8 b1d1 c5b3 d2d3 b3c5 d3d2 g8f8 d6e4 d7d2 d1d2 d8d2 e4d2 f8e7 g1f2 e6e5 f2e3 e5f4 e3f4 e7d6 f4e3 h7h6 g3g4 c5d7 d2e4 d6e6 h2h3 d7e5 e3d4 c6c5 e4c5 b6c5 d4c5 e5d3 c5b6 e6d6 a3a4 d3c5 a4a5 g7g5 b6b5 c5e6 b5b6 e6c5 b6b5 c5e6
Warning; PV continues after threefold repetition - move b6b5 from candidate
Info; info score cp 0 time 0 depth 8 nodes 189 nps 2907692 pv b5b6 e6c5 b6b5 
Position; fen rnbqk1nr/p1pp1ppp/1p2p3/2b5/Q1P5/3P4/PP2PPPP/RNB1KBNR w KQkq - 0 4
Moves; g1f3 c8b7 b1c3 b7c6 a4d1 c6f3 e2f3 b8c6 f1e2 g8e7 e1g1 e8g8 a2a3 e7f5 c1d2 a7a6 f3f4 d8h4 e2f3 f5d4 f3e4 f7f5 g2g3 h4g4 d1g4 f5g4 d2e3 d4b3 e3c5 b3c5 a1d1 c5e4 d3e4 d7d6 b2b4 a8e8 f2f3 g4f3 b4b5 a6b5 c3b5 e8c8 f1f3 c6a5 f3c3 a5b7 c3e3 b7c5 e4e5 d6e5 e3e5 c7c6 b5d6 c8d8 e5e2 d8d7 e2d2 f8a8 d1b1 a8d8 b1d1 c5b3 d2d3 b3c5 d3d2 g8f8 d6e4 d7d2 d1d2 d8d2 e4d2 f8e7 g1f2 e6e5 f2e3 e5f4 e3f4 e7d6 f4e3 h7h6 g3g4 c5d7 d2e4 d6e6 h2h3 d7e5 e3d4 c6c5 e4c5 b6c5 d4c5 e5d3 c5b6 e6d6 a3a4 d3c5 a4a5 g7g5 b6b5 c5e6 b5b6 e6c5 b6b5 c5e6
Warning; PV continues after threefold repetition - move b6b5 from candidate
Info; info score cp 0 time 0 depth 9 nodes 222 nps 3126760 pv b5b6 e6c5 b6b5 
Position; fen rnbqk1nr/p1pp1ppp/1p2p3/2b5/Q1P5/3P4/PP2PPPP/RNB1KBNR w KQkq - 0 4
Moves; g1f3 c8b7 b1c3 b7c6 a4d1 c6f3 e2f3 b8c6 f1e2 g8e7 e1g1 e8g8 a2a3 e7f5 c1d2 a7a6 f3f4 d8h4 e2f3 f5d4 f3e4 f7f5 g2g3 h4g4 d1g4 f5g4 d2e3 d4b3 e3c5 b3c5 a1d1 c5e4 d3e4 d7d6 b2b4 a8e8 f2f3 g4f3 b4b5 a6b5 c3b5 e8c8 f1f3 c6a5 f3c3 a5b7 c3e3 b7c5 e4e5 d6e5 e3e5 c7c6 b5d6 c8d8 e5e2 d8d7 e2d2 f8a8 d1b1 a8d8 b1d1 c5b3 d2d3 b3c5 d3d2 g8f8 d6e4 d7d2 d1d2 d8d2 e4d2 f8e7 g1f2 e6e5 f2e3 e5f4 e3f4 e7d6 f4e3 h7h6 g3g4 c5d7 d2e4 d6e6 h2h3 d7e5 e3d4 c6c5 e4c5 b6c5 d4c5 e5d3 c5b6 e6d6 a3a4 d3c5 a4a5 g7g5 b6b5 c5e6 b5b6 e6c5 b6b5 c5e6
Warning; PV continues after threefold repetition - move b6b5 from candidate
Info; info score cp 0 time 0 depth 10 nodes 275 nps 3353658 pv b5b6 e6c5 b6b5 
Position; fen rnbqk1nr/p1pp1ppp/1p2p3/2b5/Q1P5/3P4/PP2PPPP/RNB1KBNR w KQkq - 0 4
Moves; g1f3 c8b7 b1c3 b7c6 a4d1 c6f3 e2f3 b8c6 f1e2 g8e7 e1g1 e8g8 a2a3 e7f5 c1d2 a7a6 f3f4 d8h4 e2f3 f5d4 f3e4 f7f5 g2g3 h4g4 d1g4 f5g4 d2e3 d4b3 e3c5 b3c5 a1d1 c5e4 d3e4 d7d6 b2b4 a8e8 f2f3 g4f3 b4b5 a6b5 c3b5 e8c8 f1f3 c6a5 f3c3 a5b7 c3e3 b7c5 e4e5 d6e5 e3e5 c7c6 b5d6 c8d8 e5e2 d8d7 e2d2 f8a8 d1b1 a8d8 b1d1 c5b3 d2d3 b3c5 d3d2 g8f8 d6e4 d7d2 d1d2 d8d2 e4d2 f8e7 g1f2 e6e5 f2e3 e5f4 e3f4 e7d6 f4e3 h7h6 g3g4 c5d7 d2e4 d6e6 h2h3 d7e5 e3d4 c6c5 e4c5 b6c5 d4c5 e5d3 c5b6 e6d6 a3a4 d3c5 a4a5 g7g5 b6b5 c5e6 b5b6 e6c5 b6b5 c5e6
Warning; PV continues after threefold repetition - move b6b5 from candidate
Info; info score cp 0 time 0 depth 11 nodes 310 nps 3522727 pv b5b6 e6c5 b6b5 
Position; fen rnbqk1nr/p1pp1ppp/1p2p3/2b5/Q1P5/3P4/PP2PPPP/RNB1KBNR w KQkq - 0 4
Moves; g1f3 c8b7 b1c3 b7c6 a4d1 c6f3 e2f3 b8c6 f1e2 g8e7 e1g1 e8g8 a2a3 e7f5 c1d2 a7a6 f3f4 d8h4 e2f3 f5d4 f3e4 f7f5 g2g3 h4g4 d1g4 f5g4 d2e3 d4b3 e3c5 b3c5 a1d1 c5e4 d3e4 d7d6 b2b4 a8e8 f2f3 g4f3 b4b5 a6b5 c3b5 e8c8 f1f3 c6a5 f3c3 a5b7 c3e3 b7c5 e4e5 d6e5 e3e5 c7c6 b5d6 c8d8 e5e2 d8d7 e2d2 f8a8 d1b1 a8d8 b1d1 c5b3 d2d3 b3c5 d3d2 g8f8 d6e4 d7d2 d1d2 d8d2 e4d2 f8e7 g1f2 e6e5 f2e3 e5f4 e3f4 e7d6 f4e3 h7h6 g3g4 c5d7 d2e4 d6e6 h2h3 d7e5 e3d4 c6c5 e4c5 b6c5 d4c5 e5d3 c5b6 e6d6 a3a4 d3c5 a4a5 g7g5 b6b5 c5e6 b5b6 e6c5 b6b5 c5e6
Warning; PV continues after threefold repetition - move b6b5 from candidate
Info; info score cp 0 time 0 depth 12 nodes 362 nps 3770833 pv b5b6 e6c5 b6b5 
Position; fen rnbqk1nr/p1pp1ppp/1p2p3/2b5/Q1P5/3P4/PP2PPPP/RNB1KBNR w KQkq - 0 4
Moves; g1f3 c8b7 b1c3 b7c6 a4d1 c6f3 e2f3 b8c6 f1e2 g8e7 e1g1 e8g8 a2a3 e7f5 c1d2 a7a6 f3f4 d8h4 e2f3 f5d4 f3e4 f7f5 g2g3 h4g4 d1g4 f5g4 d2e3 d4b3 e3c5 b3c5 a1d1 c5e4 d3e4 d7d6 b2b4 a8e8 f2f3 g4f3 b4b5 a6b5 c3b5 e8c8 f1f3 c6a5 f3c3 a5b7 c3e3 b7c5 e4e5 d6e5 e3e5 c7c6 b5d6 c8d8 e5e2 d8d7 e2d2 f8a8 d1b1 a8d8 b1d1 c5b3 d2d3 b3c5 d3d2 g8f8 d6e4 d7d2 d1d2 d8d2 e4d2 f8e7 g1f2 e6e5 f2e3 e5f4 e3f4 e7d6 f4e3 h7h6 g3g4 c5d7 d2e4 d6e6 h2h3 d7e5 e3d4 c6c5 e4c5 b6c5 d4c5 e5d3 c5b6 e6d6 a3a4 d3c5 a4a5 g7g5 b6b5 c5e6 b5b6 e6c5 b6b5 c5e6
Warning; PV continues after threefold repetition - move b6b5 from candidate
Info; info score cp 0 time 0 depth 13 nodes 414 nps 4019417 pv b5b6 e6c5 b6b5 
Position; fen rnbqk1nr/p1pp1ppp/1p2p3/2b5/Q1P5/3P4/PP2PPPP/RNB1KBNR w KQkq - 0 4
Moves; g1f3 c8b7 b1c3 b7c6 a4d1 c6f3 e2f3 b8c6 f1e2 g8e7 e1g1 e8g8 a2a3 e7f5 c1d2 a7a6 f3f4 d8h4 e2f3 f5d4 f3e4 f7f5 g2g3 h4g4 d1g4 f5g4 d2e3 d4b3 e3c5 b3c5 a1d1 c5e4 d3e4 d7d6 b2b4 a8e8 f2f3 g4f3 b4b5 a6b5 c3b5 e8c8 f1f3 c6a5 f3c3 a5b7 c3e3 b7c5 e4e5 d6e5 e3e5 c7c6 b5d6 c8d8 e5e2 d8d7 e2d2 f8a8 d1b1 a8d8 b1d1 c5b3 d2d3 b3c5 d3d2 g8f8 d6e4 d7d2 d1d2 d8d2 e4d2 f8e7 g1f2 e6e5 f2e3 e5f4 e3f4 e7d6 f4e3 h7h6 g3g4 c5d7 d2e4 d6e6 h2h3 d7e5 e3d4 c6c5 e4c5 b6c5 d4c5 e5d3 c5b6 e6d6 a3a4 d3c5 a4a5 g7g5 b6b5 c5e6 b5b6 e6c5 b6b5 c5e6
Warning; PV continues after threefold repetition - move b6b5 from candidate
Info; info score cp 0 time 0 depth 14 nodes 482 nps 4084745 pv b5b6 e6c5 b6b5 
Position; fen rnbqk1nr/p1pp1ppp/1p2p3/2b5/Q1P5/3P4/PP2PPPP/RNB1KBNR w KQkq - 0 4
Moves; g1f3 c8b7 b1c3 b7c6 a4d1 c6f3 e2f3 b8c6 f1e2 g8e7 e1g1 e8g8 a2a3 e7f5 c1d2 a7a6 f3f4 d8h4 e2f3 f5d4 f3e4 f7f5 g2g3 h4g4 d1g4 f5g4 d2e3 d4b3 e3c5 b3c5 a1d1 c5e4 d3e4 d7d6 b2b4 a8e8 f2f3 g4f3 b4b5 a6b5 c3b5 e8c8 f1f3 c6a5 f3c3 a5b7 c3e3 b7c5 e4e5 d6e5 e3e5 c7c6 b5d6 c8d8 e5e2 d8d7 e2d2 f8a8 d1b1 a8d8 b1d1 c5b3 d2d3 b3c5 d3d2 g8f8 d6e4 d7d2 d1d2 d8d2 e4d2 f8e7 g1f2 e6e5 f2e3 e5f4 e3f4 e7d6 f4e3 h7h6 g3g4 c5d7 d2e4 d6e6 h2h3 d7e5 e3d4 c6c5 e4c5 b6c5 d4c5 e5d3 c5b6 e6d6 a3a4 d3c5 a4a5 g7g5 b6b5 c5e6 b5b6 e6c5 b6b5 c5e6
Warning; PV continues after threefold repetition - move b6b5 from candidate
Info; info score cp 0 time 0 depth 15 nodes 561 nps 4282442 pv b5b6 e6c5 b6b5 
Position; fen rnbqk1nr/p1pp1ppp/1p2p3/2b5/Q1P5/3P4/PP2PPPP/RNB1KBNR w KQkq - 0 4
Moves; g1f3 c8b7 b1c3 b7c6 a4d1 c6f3 e2f3 b8c6 f1e2 g8e7 e1g1 e8g8 a2a3 e7f5 c1d2 a7a6 f3f4 d8h4 e2f3 f5d4 f3e4 f7f5 g2g3 h4g4 d1g4 f5g4 d2e3 d4b3 e3c5 b3c5 a1d1 c5e4 d3e4 d7d6 b2b4 a8e8 f2f3 g4f3 b4b5 a6b5 c3b5 e8c8 f1f3 c6a5 f3c3 a5b7 c3e3 b7c5 e4e5 d6e5 e3e5 c7c6 b5d6 c8d8 e5e2 d8d7 e2d2 f8a8 d1b1 a8d8 b1d1 c5b3 d2d3 b3c5 d3d2 g8f8 d6e4 d7d2 d1d2 d8d2 e4d2 f8e7 g1f2 e6e5 f2e3 e5f4 e3f4 e7d6 f4e3 h7h6 g3g4 c5d7 d2e4 d6e6 h2h3 d7e5 e3d4 c6c5 e4c5 b6c5 d4c5 e5d3 c5b6 e6d6 a3a4 d3c5 a4a5 g7g5 b6b5 c5e6 b5b6 e6c5 b6b5 c5e6
Warning; PV continues after threefold repetition - move b6b5 from candidate
Info; info score cp 0 time 0 depth 16 nodes 641 nps 4451388 pv b5b6 e6c5 b6b5 
Position; fen rnbqk1nr/p1pp1ppp/1p2p3/2b5/Q1P5/3P4/PP2PPPP/RNB1KBNR w KQkq - 0 4
Moves; g1f3 c8b7 b1c3 b7c6 a4d1 c6f3 e2f3 b8c6 f1e2 g8e7 e1g1 e8g8 a2a3 e7f5 c1d2 a7a6 f3f4 d8h4 e2f3 f5d4 f3e4 f7f5 g2g3 h4g4 d1g4 f5g4 d2e3 d4b3 e3c5 b3c5 a1d1 c5e4 d3e4 d7d6 b2b4 a8e8 f2f3 g4f3 b4b5 a6b5 c3b5 e8c8 f1f3 c6a5 f3c3 a5b7 c3e3 b7c5 e4e5 d6e5 e3e5 c7c6 b5d6 c8d8 e5e2 d8d7 e2d2 f8a8 d1b1 a8d8 b1d1 c5b3 d2d3 b3c5 d3d2 g8f8 d6e4 d7d2 d1d2 d8d2 e4d2 f8e7 g1f2 e6e5 f2e3 e5f4 e3f4 e7d6 f4e3 h7h6 g3g4 c5d7 d2e4 d6e6 h2h3 d7e5 e3d4 c6c5 e4c5 b6c5 d4c5 e5d3 c5b6 e6d6 a3a4 d3c5 a4a5 g7g5 b6b5 c5e6 b5b6 e6c5 b6b5 c5e6
Warning; PV continues after threefold repetition - move b6b5 from candidate
Info; info score cp 0 time 0 depth 17 nodes 678 nps 4520000 pv b5b6 e6c5 b6b5 
Position; fen rnbqk1nr/p1pp1ppp/1p2p3/2b5/Q1P5/3P4/PP2PPPP/RNB1KBNR w KQkq - 0 4
Moves; g1f3 c8b7 b1c3 b7c6 a4d1 c6f3 e2f3 b8c6 f1e2 g8e7 e1g1 e8g8 a2a3 e7f5 c1d2 a7a6 f3f4 d8h4 e2f3 f5d4 f3e4 f7f5 g2g3 h4g4 d1g4 f5g4 d2e3 d4b3 e3c5 b3c5 a1d1 c5e4 d3e4 d7d6 b2b4 a8e8 f2f3 g4f3 b4b5 a6b5 c3b5 e8c8 f1f3 c6a5 f3c3 a5b7 c3e3 b7c5 e4e5 d6e5 e3e5 c7c6 b5d6 c8d8 e5e2 d8d7 e2d2 f8a8 d1b1 a8d8 b1d1 c5b3 d2d3 b3c5 d3d2 g8f8 d6e4 d7d2 d1d2 d8d2 e4d2 f8e7 g1f2 e6e5 f2e3 e5f4 e3f4 e7d6 f4e3 h7h6 g3g4 c5d7 d2e4 d6e6 h2h3 d7e5 e3d4 c6c5 e4c5 b6c5 d4c5 e5d3 c5b6 e6d6 a3a4 d3c5 a4a5 g7g5 b6b5 c5e6 b5b6 e6c5 b6b5 c5e6
Warning; PV continues after threefold repetition - move b6b5 from candidate
Info; info score cp 0 time 0 depth 18 nodes 715 nps 4612903 pv b5b6 e6c5 b6b5 
Position; fen rnbqk1nr/p1pp1ppp/1p2p3/2b5/Q1P5/3P4/PP2PPPP/RNB1KBNR w KQkq - 0 4
Moves; g1f3 c8b7 b1c3 b7c6 a4d1 c6f3 e2f3 b8c6 f1e2 g8e7 e1g1 e8g8 a2a3 e7f5 c1d2 a7a6 f3f4 d8h4 e2f3 f5d4 f3e4 f7f5 g2g3 h4g4 d1g4 f5g4 d2e3 d4b3 e3c5 b3c5 a1d1 c5e4 d3e4 d7d6 b2b4 a8e8 f2f3 g4f3 b4b5 a6b5 c3b5 e8c8 f1f3 c6a5 f3c3 a5b7 c3e3 b7c5 e4e5 d6e5 e3e5 c7c6 b5d6 c8d8 e5e2 d8d7 e2d2 f8a8 d1b1 a8d8 b1d1 c5b3 d2d3 b3c5 d3d2 g8f8 d6e4 d7d2 d1d2 d8d2 e4d2 f8e7 g1f2 e6e5 f2e3 e5f4 e3f4 e7d6 f4e3 h7h6 g3g4 c5d7 d2e4 d6e6 h2h3 d7e5 e3d4 c6c5 e4c5 b6c5 d4c5 e5d3 c5b6 e6d6 a3a4 d3c5 a4a5 g7g5 b6b5 c5e6 b5b6 e6c5 b6b5 c5e6
Warning; PV continues after threefold repetition - move b6b5 from candidate
Info; info score cp 0 time 0 depth 19 nodes 795 nps 4760479 pv b5b6 e6c5 b6b5 
Position; fen rnbqk1nr/p1pp1ppp/1p2p3/2b5/Q1P5/3P4/PP2PPPP/RNB1KBNR w KQkq - 0 4
Moves; g1f3 c8b7 b1c3 b7c6 a4d1 c6f3 e2f3 b8c6 f1e2 g8e7 e1g1 e8g8 a2a3 e7f5 c1d2 a7a6 f3f4 d8h4 e2f3 f5d4 f3e4 f7f5 g2g3 h4g4 d1g4 f5g4 d2e3 d4b3 e3c5 b3c5 a1d1 c5e4 d3e4 d7d6 b2b4 a8e8 f2f3 g4f3 b4b5 a6b5 c3b5 e8c8 f1f3 c6a5 f3c3 a5b7 c3e3 b7c5 e4e5 d6e5 e3e5 c7c6 b5d6 c8d8 e5e2 d8d7 e2d2 f8a8 d1b1 a8d8 b1d1 c5b3 d2d3 b3c5 d3d2 g8f8 d6e4 d7d2 d1d2 d8d2 e4d2 f8e7 g1f2 e6e5 f2e3 e5f4 e3f4 e7d6 f4e3 h7h6 g3g4 c5d7 d2e4 d6e6 h2h3 d7e5 e3d4 c6c5 e4c5 b6c5 d4c5 e5d3 c5b6 e6d6 a3a4 d3c5 a4a5 g7g5 b6b5 c5e6 b5b6 e6c5 b6b5 c5e6
Warning; PV continues after threefold repetition - move b6b5 from candidate
Info; info score cp 0 time 0 depth 20 nodes 918 nps 4909090 pv b5b6 e6c5 b6b5 
Position; fen rnbqk1nr/p1pp1ppp/1p2p3/2b5/Q1P5/3P4/PP2PPPP/RNB1KBNR w KQkq - 0 4
Moves; g1f3 c8b7 b1c3 b7c6 a4d1 c6f3 e2f3 b8c6 f1e2 g8e7 e1g1 e8g8 a2a3 e7f5 c1d2 a7a6 f3f4 d8h4 e2f3 f5d4 f3e4 f7f5 g2g3 h4g4 d1g4 f5g4 d2e3 d4b3 e3c5 b3c5 a1d1 c5e4 d3e4 d7d6 b2b4 a8e8 f2f3 g4f3 b4b5 a6b5 c3b5 e8c8 f1f3 c6a5 f3c3 a5b7 c3e3 b7c5 e4e5 d6e5 e3e5 c7c6 b5d6 c8d8 e5e2 d8d7 e2d2 f8a8 d1b1 a8d8 b1d1 c5b3 d2d3 b3c5 d3d2 g8f8 d6e4 d7d2 d1d2 d8d2 e4d2 f8e7 g1f2 e6e5 f2e3 e5f4 e3f4 e7d6 f4e3 h7h6 g3g4 c5d7 d2e4 d6e6 h2h3 d7e5 e3d4 c6c5 e4c5 b6c5 d4c5 e5d3 c5b6 e6d6 a3a4 d3c5 a4a5 g7g5 b6b5 c5e6 b5b6 e6c5 b6b5 c5e6
Warning; PV continues after threefold repetition - move b6b5 from candidate
Info; info score cp 0 time 0 depth 21 nodes 997 nps 5060913 pv b5b6 e6c5 b6b5 
Position; fen rnbqk1nr/p1pp1ppp/1p2p3/2b5/Q1P5/3P4/PP2PPPP/RNB1KBNR w KQkq - 0 4
Moves; g1f3 c8b7 b1c3 b7c6 a4d1 c6f3 e2f3 b8c6 f1e2 g8e7 e1g1 e8g8 a2a3 e7f5 c1d2 a7a6 f3f4 d8h4 e2f3 f5d4 f3e4 f7f5 g2g3 h4g4 d1g4 f5g4 d2e3 d4b3 e3c5 b3c5 a1d1 c5e4 d3e4 d7d6 b2b4 a8e8 f2f3 g4f3 b4b5 a6b5 c3b5 e8c8 f1f3 c6a5 f3c3 a5b7 c3e3 b7c5 e4e5 d6e5 e3e5 c7c6 b5d6 c8d8 e5e2 d8d7 e2d2 f8a8 d1b1 a8d8 b1d1 c5b3 d2d3 b3c5 d3d2 g8f8 d6e4 d7d2 d1d2 d8d2 e4d2 f8e7 g1f2 e6e5 f2e3 e5f4 e3f4 e7d6 f4e3 h7h6 g3g4 c5d7 d2e4 d6e6 h2h3 d7e5 e3d4 c6c5 e4c5 b6c5 d4c5 e5d3 c5b6 e6d6 a3a4 d3c5 a4a5 g7g5 b6b5 c5e6 b5b6 e6c5 b6b5 c5e6
Warning; PV continues after threefold repetition - move b6b5 from candidate
Info; info score cp 0 time 0 depth 22 nodes 1108 nps 5251184 pv b5b6 e6c5 b6b5 
Position; fen rnbqk1nr/p1pp1ppp/1p2p3/2b5/Q1P5/3P4/PP2PPPP/RNB1KBNR w KQkq - 0 4
Moves; g1f3 c8b7 b1c3 b7c6 a4d1 c6f3 e2f3 b8c6 f1e2 g8e7 e1g1 e8g8 a2a3 e7f5 c1d2 a7a6 f3f4 d8h4 e2f3 f5d4 f3e4 f7f5 g2g3 h4g4 d1g4 f5g4 d2e3 d4b3 e3c5 b3c5 a1d1 c5e4 d3e4 d7d6 b2b4 a8e8 f2f3 g4f3 b4b5 a6b5 c3b5 e8c8 f1f3 c6a5 f3c3 a5b7 c3e3 b7c5 e4e5 d6e5 e3e5 c7c6 b5d6 c8d8 e5e2 d8d7 e2d2 f8a8 d1b1 a8d8 b1d1 c5b3 d2d3 b3c5 d3d2 g8f8 d6e4 d7d2 d1d2 d8d2 e4d2 f8e7 g1f2 e6e5 f2e3 e5f4 e3f4 e7d6 f4e3 h7h6 g3g4 c5d7 d2e4 d6e6 h2h3 d7e5 e3d4 c6c5 e4c5 b6c5 d4c5 e5d3 c5b6 e6d6 a3a4 d3c5 a4a5 g7g5 b6b5 c5e6 b5b6 e6c5 b6b5 c5e6
Warning; PV continues after threefold repetition - move b6b5 from candidate
Info; info score cp 0 time 0 depth 23 nodes 1233 nps 5269230 pv b5b6 e6c5 b6b5 
Position; fen rnbqk1nr/p1pp1ppp/1p2p3/2b5/Q1P5/3P4/PP2PPPP/RNB1KBNR w KQkq - 0 4
Moves; g1f3 c8b7 b1c3 b7c6 a4d1 c6f3 e2f3 b8c6 f1e2 g8e7 e1g1 e8g8 a2a3 e7f5 c1d2 a7a6 f3f4 d8h4 e2f3 f5d4 f3e4 f7f5 g2g3 h4g4 d1g4 f5g4 d2e3 d4b3 e3c5 b3c5 a1d1 c5e4 d3e4 d7d6 b2b4 a8e8 f2f3 g4f3 b4b5 a6b5 c3b5 e8c8 f1f3 c6a5 f3c3 a5b7 c3e3 b7c5 e4e5 d6e5 e3e5 c7c6 b5d6 c8d8 e5e2 d8d7 e2d2 f8a8 d1b1 a8d8 b1d1 c5b3 d2d3 b3c5 d3d2 g8f8 d6e4 d7d2 d1d2 d8d2 e4d2 f8e7 g1f2 e6e5 f2e3 e5f4 e3f4 e7d6 f4e3 h7h6 g3g4 c5d7 d2e4 d6e6 h2h3 d7e5 e3d4 c6c5 e4c5 b6c5 d4c5 e5d3 c5b6 e6d6 a3a4 d3c5 a4a5 g7g5 b6b5 c5e6 b5b6 e6c5 b6b5 c5e6
Warning; PV continues after threefold repetition - move b6b5 from candidate
Info; info score cp 0 time 0 depth 24 nodes 1270 nps 5291666 pv b5b6 e6c5 b6b5 
Position; fen rnbqk1nr/p1pp1ppp/1p2p3/2b5/Q1P5/3P4/PP2PPPP/RNB1KBNR w KQkq - 0 4
Moves; g1f3 c8b7 b1c3 b7c6 a4d1 c6f3 e2f3 b8c6 f1e2 g8e7 e1g1 e8g8 a2a3 e7f5 c1d2 a7a6 f3f4 d8h4 e2f3 f5d4 f3e4 f7f5 g2g3 h4g4 d1g4 f5g4 d2e3 d4b3 e3c5 b3c5 a1d1 c5e4 d3e4 d7d6 b2b4 a8e8 f2f3 g4f3 b4b5 a6b5 c3b5 e8c8 f1f3 c6a5 f3c3 a5b7 c3e3 b7c5 e4e5 d6e5 e3e5 c7c6 b5d6 c8d8 e5e2 d8d7 e2d2 f8a8 d1b1 a8d8 b1d1 c5b3 d2d3 b3c5 d3d2 g8f8 d6e4 d7d2 d1d2 d8d2 e4d2 f8e7 g1f2 e6e5 f2e3 e5f4 e3f4 e7d6 f4e3 h7h6 g3g4 c5d7 d2e4 d6e6 h2h3 d7e5 e3d4 c6c5 e4c5 b6c5 d4c5 e5d3 c5b6 e6d6 a3a4 d3c5 a4a5 g7g5 b6b5 c5e6 b5b6 e6c5 b6b5 c5e6
Warning; PV continues after threefold repetition - move b6b5 from candidate
Info; info score cp 0 time 0 depth 25 nodes 1422 nps 5406844 pv b5b6 e6c5 b6b5 
Position; fen rnbqk1nr/p1pp1ppp/1p2p3/2b5/Q1P5/3P4/PP2PPPP/RNB1KBNR w KQkq - 0 4
Moves; g1f3 c8b7 b1c3 b7c6 a4d1 c6f3 e2f3 b8c6 f1e2 g8e7 e1g1 e8g8 a2a3 e7f5 c1d2 a7a6 f3f4 d8h4 e2f3 f5d4 f3e4 f7f5 g2g3 h4g4 d1g4 f5g4 d2e3 d4b3 e3c5 b3c5 a1d1 c5e4 d3e4 d7d6 b2b4 a8e8 f2f3 g4f3 b4b5 a6b5 c3b5 e8c8 f1f3 c6a5 f3c3 a5b7 c3e3 b7c5 e4e5 d6e5 e3e5 c7c6 b5d6 c8d8 e5e2 d8d7 e2d2 f8a8 d1b1 a8d8 b1d1 c5b3 d2d3 b3c5 d3d2 g8f8 d6e4 d7d2 d1d2 d8d2 e4d2 f8e7 g1f2 e6e5 f2e3 e5f4 e3f4 e7d6 f4e3 h7h6 g3g4 c5d7 d2e4 d6e6 h2h3 d7e5 e3d4 c6c5 e4c5 b6c5 d4c5 e5d3 c5b6 e6d6 a3a4 d3c5 a4a5 g7g5 b6b5 c5e6 b5b6 e6c5 b6b5 c5e6
Warning; PV continues after threefold repetition - move b6b5 from candidate
Info; info score cp 0 time 0 depth 26 nodes 1505 nps 5512820 pv b5b6 e6c5 b6b5 
Position; fen rnbqk1nr/p1pp1ppp/1p2p3/2b5/Q1P5/3P4/PP2PPPP/RNB1KBNR w KQkq - 0 4
Moves; g1f3 c8b7 b1c3 b7c6 a4d1 c6f3 e2f3 b8c6 f1e2 g8e7 e1g1 e8g8 a2a3 e7f5 c1d2 a7a6 f3f4 d8h4 e2f3 f5d4 f3e4 f7f5 g2g3 h4g4 d1g4 f5g4 d2e3 d4b3 e3c5 b3c5 a1d1 c5e4 d3e4 d7d6 b2b4 a8e8 f2f3 g4f3 b4b5 a6b5 c3b5 e8c8 f1f3 c6a5 f3c3 a5b7 c3e3 b7c5 e4e5 d6e5 e3e5 c7c6 b5d6 c8d8 e5e2 d8d7 e2d2 f8a8 d1b1 a8d8 b1d1 c5b3 d2d3 b3c5 d3d2 g8f8 d6e4 d7d2 d1d2 d8d2 e4d2 f8e7 g1f2 e6e5 f2e3 e5f4 e3f4 e7d6 f4e3 h7h6 g3g4 c5d7 d2e4 d6e6 h2h3 d7e5 e3d4 c6c5 e4c5 b6c5 d4c5 e5d3 c5b6 e6d6 a3a4 d3c5 a4a5 g7g5 b6b5 c5e6 b5b6 e6c5 b6b5 c5e6
Warning; PV continues after threefold repetition - move b6b5 from candidate
Info; info score cp 0 time 0 depth 27 nodes 3274 nps 4717579 pv b5b6 e6c5 b6b5 
Position; fen rnbqk1nr/p1pp1ppp/1p2p3/2b5/Q1P5/3P4/PP2PPPP/RNB1KBNR w KQkq - 0 4
Moves; g1f3 c8b7 b1c3 b7c6 a4d1 c6f3 e2f3 b8c6 f1e2 g8e7 e1g1 e8g8 a2a3 e7f5 c1d2 a7a6 f3f4 d8h4 e2f3 f5d4 f3e4 f7f5 g2g3 h4g4 d1g4 f5g4 d2e3 d4b3 e3c5 b3c5 a1d1 c5e4 d3e4 d7d6 b2b4 a8e8 f2f3 g4f3 b4b5 a6b5 c3b5 e8c8 f1f3 c6a5 f3c3 a5b7 c3e3 b7c5 e4e5 d6e5 e3e5 c7c6 b5d6 c8d8 e5e2 d8d7 e2d2 f8a8 d1b1 a8d8 b1d1 c5b3 d2d3 b3c5 d3d2 g8f8 d6e4 d7d2 d1d2 d8d2 e4d2 f8e7 g1f2 e6e5 f2e3 e5f4 e3f4 e7d6 f4e3 h7h6 g3g4 c5d7 d2e4 d6e6 h2h3 d7e5 e3d4 c6c5 e4c5 b6c5 d4c5 e5d3 c5b6 e6d6 a3a4 d3c5 a4a5 g7g5 b6b5 c5e6 b5b6 e6c5 b6b5 c5e6
Warning; PV continues after threefold repetition - move b6b5 from candidate
Info; info score cp 0 time 1 depth 28 nodes 5132 nps 4712580 pv b5b6 e6c5 b6b5 
Position; fen rnbqk1nr/p1pp1ppp/1p2p3/2b5/Q1P5/3P4/PP2PPPP/RNB1KBNR w KQkq - 0 4
Moves; g1f3 c8b7 b1c3 b7c6 a4d1 c6f3 e2f3 b8c6 f1e2 g8e7 e1g1 e8g8 a2a3 e7f5 c1d2 a7a6 f3f4 d8h4 e2f3 f5d4 f3e4 f7f5 g2g3 h4g4 d1g4 f5g4 d2e3 d4b3 e3c5 b3c5 a1d1 c5e4 d3e4 d7d6 b2b4 a8e8 f2f3 g4f3 b4b5 a6b5 c3b5 e8c8 f1f3 c6a5 f3c3 a5b7 c3e3 b7c5 e4e5 d6e5 e3e5 c7c6 b5d6 c8d8 e5e2 d8d7 e2d2 f8a8 d1b1 a8d8 b1d1 c5b3 d2d3 b3c5 d3d2 g8f8 d6e4 d7d2 d1d2 d8d2 e4d2 f8e7 g1f2 e6e5 f2e3 e5f4 e3f4 e7d6 f4e3 h7h6 g3g4 c5d7 d2e4 d6e6 h2h3 d7e5 e3d4 c6c5 e4c5 b6c5 d4c5 e5d3 c5b6 e6d6 a3a4 d3c5 a4a5 g7g5 b6b5 c5e6 b5b6 e6c5 b6b5 c5e6
Warning; PV continues after threefold repetition - move b6b5 from candidate
Info; info score cp 0 time 1 depth 29 nodes 8049 nps 4539763 pv b5b6 e6c5 b6b5 
Position; fen rnbqk1nr/p1pp1ppp/1p2p3/2b5/Q1P5/3P4/PP2PPPP/RNB1KBNR w KQkq - 0 4
Moves; g1f3 c8b7 b1c3 b7c6 a4d1 c6f3 e2f3 b8c6 f1e2 g8e7 e1g1 e8g8 a2a3 e7f5 c1d2 a7a6 f3f4 d8h4 e2f3 f5d4 f3e4 f7f5 g2g3 h4g4 d1g4 f5g4 d2e3 d4b3 e3c5 b3c5 a1d1 c5e4 d3e4 d7d6 b2b4 a8e8 f2f3 g4f3 b4b5 a6b5 c3b5 e8c8 f1f3 c6a5 f3c3 a5b7 c3e3 b7c5 e4e5 d6e5 e3e5 c7c6 b5d6 c8d8 e5e2 d8d7 e2d2 f8a8 d1b1 a8d8 b1d1 c5b3 d2d3 b3c5 d3d2 g8f8 d6e4 d7d2 d1d2 d8d2 e4d2 f8e7 g1f2 e6e5 f2e3 e5f4 e3f4 e7d6 f4e3 h7h6 g3g4 c5d7 d2e4 d6e6 h2h3 d7e5 e3d4 c6c5 e4c5 b6c5 d4c5 e5d3 c5b6 e6d6 a3a4 d3c5 a4a5 g7g5 b6b5 c5e6 b5b6 e6c5 b6b5 c5e6
Warning; PV continues after threefold repetition - move b6b5 from candidate
Info; info score cp 0 time 36 depth 30 nodes 131094 nps 3557213 pv b5b6 e6c5 b6b5 
Position; fen rnbqk1nr/p1pp1ppp/1p2p3/2b5/Q1P5/3P4/PP2PPPP/RNB1KBNR w KQkq - 0 4
Moves; g1f3 c8b7 b1c3 b7c6 a4d1 c6f3 e2f3 b8c6 f1e2 g8e7 e1g1 e8g8 a2a3 e7f5 c1d2 a7a6 f3f4 d8h4 e2f3 f5d4 f3e4 f7f5 g2g3 h4g4 d1g4 f5g4 d2e3 d4b3 e3c5 b3c5 a1d1 c5e4 d3e4 d7d6 b2b4 a8e8 f2f3 g4f3 b4b5 a6b5 c3b5 e8c8 f1f3 c6a5 f3c3 a5b7 c3e3 b7c5 e4e5 d6e5 e3e5 c7c6 b5d6 c8d8 e5e2 d8d7 e2d2 f8a8 d1b1 a8d8 b1d1 c5b3 d2d3 b3c5 d3d2 g8f8 d6e4 d7d2 d1d2 d8d2 e4d2 f8e7 g1f2 e6e5 f2e3 e5f4 e3f4 e7d6 f4e3 h7h6 g3g4 c5d7 d2e4 d6e6 h2h3 d7e5 e3d4 c6c5 e4c5 b6c5 d4c5 e5d3 c5b6 e6d6 a3a4 d3c5 a4a5 g7g5 b6b5 c5e6 b5b6 e6c5 b6b5 c5e6
Warning; PV continues after threefold repetition - move b6b5 from candidate
Info; info score cp 0 time 52 depth 31 nodes 199320 nps 3796860 pv b5b6 e6c5 b6b5 
Position; fen rnbqk1nr/p1pp1ppp/1p2p3/2b5/Q1P5/3P4/PP2PPPP/RNB1KBNR w KQkq - 0 4
Moves; g1f3 c8b7 b1c3 b7c6 a4d1 c6f3 e2f3 b8c6 f1e2 g8e7 e1g1 e8g8 a2a3 e7f5 c1d2 a7a6 f3f4 d8h4 e2f3 f5d4 f3e4 f7f5 g2g3 h4g4 d1g4 f5g4 d2e3 d4b3 e3c5 b3c5 a1d1 c5e4 d3e4 d7d6 b2b4 a8e8 f2f3 g4f3 b4b5 a6b5 c3b5 e8c8 f1f3 c6a5 f3c3 a5b7 c3e3 b7c5 e4e5 d6e5 e3e5 c7c6 b5d6 c8d8 e5e2 d8d7 e2d2 f8a8 d1b1 a8d8 b1d1 c5b3 d2d3 b3c5 d3d2 g8f8 d6e4 d7d2 d1d2 d8d2 e4d2 f8e7 g1f2 e6e5 f2e3 e5f4 e3f4 e7d6 f4e3 h7h6 g3g4 c5d7 d2e4 d6e6 h2h3 d7e5 e3d4 c6c5 e4c5 b6c5 d4c5 e5d3 c5b6 e6d6 a3a4 d3c5 a4a5 g7g5 b6b5 c5e6 b5b6 e6c5 b6b5 c5e6
Warning; PV continues after threefold repetition - move b6b5 from candidate
Info; info score cp 0 time 69 depth 32 nodes 275768 nps 3944840 pv b5b6 e6c5 b6b5 
Position; fen rnbqk1nr/p1pp1ppp/1p2p3/2b5/Q1P5/3P4/PP2PPPP/RNB1KBNR w KQkq - 0 4
Moves; g1f3 c8b7 b1c3 b7c6 a4d1 c6f3 e2f3 b8c6 f1e2 g8e7 e1g1 e8g8 a2a3 e7f5 c1d2 a7a6 f3f4 d8h4 e2f3 f5d4 f3e4 f7f5 g2g3 h4g4 d1g4 f5g4 d2e3 d4b3 e3c5 b3c5 a1d1 c5e4 d3e4 d7d6 b2b4 a8e8 f2f3 g4f3 b4b5 a6b5 c3b5 e8c8 f1f3 c6a5 f3c3 a5b7 c3e3 b7c5 e4e5 d6e5 e3e5 c7c6 b5d6 c8d8 e5e2 d8d7 e2d2 f8a8 d1b1 a8d8 b1d1 c5b3 d2d3 b3c5 d3d2 g8f8 d6e4 d7d2 d1d2 d8d2 e4d2 f8e7 g1f2 e6e5 f2e3 e5f4 e3f4 e7d6 f4e3 h7h6 g3g4 c5d7 d2e4 d6e6 h2h3 d7e5 e3d4 c6c5 e4c5 b6c5 d4c5 e5d3 c5b6 e6d6 a3a4 d3c5 a4a5 g7g5 b6b5 c5e6 b5b6 e6c5 b6b5 c5e6
Warning; PV continues after threefold repetition - move b6b5 from candidate
Info; info score cp 0 time 94 depth 33 nodes 381534 nps 4020760 pv b5b6 e6c5 b6b5 
Position; fen rnbqk1nr/p1pp1ppp/1p2p3/2b5/Q1P5/3P4/PP2PPPP/RNB1KBNR w KQkq - 0 4
Moves; g1f3 c8b7 b1c3 b7c6 a4d1 c6f3 e2f3 b8c6 f1e2 g8e7 e1g1 e8g8 a2a3 e7f5 c1d2 a7a6 f3f4 d8h4 e2f3 f5d4 f3e4 f7f5 g2g3 h4g4 d1g4 f5g4 d2e3 d4b3 e3c5 b3c5 a1d1 c5e4 d3e4 d7d6 b2b4 a8e8 f2f3 g4f3 b4b5 a6b5 c3b5 e8c8 f1f3 c6a5 f3c3 a5b7 c3e3 b7c5 e4e5 d6e5 e3e5 c7c6 b5d6 c8d8 e5e2 d8d7 e2d2 f8a8 d1b1 a8d8 b1d1 c5b3 d2d3 b3c5 d3d2 g8f8 d6e4 d7d2 d1d2 d8d2 e4d2 f8e7 g1f2 e6e5 f2e3 e5f4 e3f4 e7d6 f4e3 h7h6 g3g4 c5d7 d2e4 d6e6 h2h3 d7e5 e3d4 c6c5 e4c5 b6c5 d4c5 e5d3 c5b6 e6d6 a3a4 d3c5 a4a5 g7g5 b6b5 c5e6 b5b6 e6c5 b6b5 c5e6
Warning; PV continues after threefold repetition - move b6b5 from ref-5047070
Info; info score cp 0 time 0 depth 2 nodes 29 nps 1705882 pv e6c5 b6b5 
Position; fen rnbqk1nr/p1pp1ppp/1p2p3/2b5/Q1P5/3P4/PP2PPPP/RNB1KBNR w KQkq - 0 4
Moves; g1f3 c8b7 b1c3 b7c6 a4d1 c6f3 e2f3 b8c6 f1e2 g8e7 e1g1 e8g8 a2a3 e7f5 c1d2 a7a6 f3f4 d8h4 e2f3 f5d4 f3e4 f7f5 g2g3 h4g4 d1g4 f5g4 d2e3 d4b3 e3c5 b3c5 a1d1 c5e4 d3e4 d7d6 b2b4 a8e8 f2f3 g4f3 b4b5 a6b5 c3b5 e8c8 f1f3 c6a5 f3c3 a5b7 c3e3 b7c5 e4e5 d6e5 e3e5 c7c6 b5d6 c8d8 e5e2 d8d7 e2d2 f8a8 d1b1 a8d8 b1d1 c5b3 d2d3 b3c5 d3d2 g8f8 d6e4 d7d2 d1d2 d8d2 e4d2 f8e7 g1f2 e6e5 f2e3 e5f4 e3f4 e7d6 f4e3 h7h6 g3g4 c5d7 d2e4 d6e6 h2h3 d7e5 e3d4 c6c5 e4c5 b6c5 d4c5 e5d3 c5b6 e6d6 a3a4 d3c5 a4a5 g7g5 b6b5 c5e6 b5b6 e6c5 b6b5 c5e6 b5b6
Warning; PV continues after threefold repetition - move b6b5 from ref-5047070
Info; info score cp 0 time 0 depth 3 nodes 45 nps 2045454 pv e6c5 b6b5 
Position; fen rnbqk1nr/p1pp1ppp/1p2p3/2b5/Q1P5/3P4/PP2PPPP/RNB1KBNR w KQkq - 0 4
Moves; g1f3 c8b7 b1c3 b7c6 a4d1 c6f3 e2f3 b8c6 f1e2 g8e7 e1g1 e8g8 a2a3 e7f5 c1d2 a7a6 f3f4 d8h4 e2f3 f5d4 f3e4 f7f5 g2g3 h4g4 d1g4 f5g4 d2e3 d4b3 e3c5 b3c5 a1d1 c5e4 d3e4 d7d6 b2b4 a8e8 f2f3 g4f3 b4b5 a6b5 c3b5 e8c8 f1f3 c6a5 f3c3 a5b7 c3e3 b7c5 e4e5 d6e5 e3e5 c7c6 b5d6 c8d8 e5e2 d8d7 e2d2 f8a8 d1b1 a8d8 b1d1 c5b3 d2d3 b3c5 d3d2 g8f8 d6e4 d7d2 d1d2 d8d2 e4d2 f8e7 g1f2 e6e5 f2e3 e5f4 e3f4 e7d6 f4e3 h7h6 g3g4 c5d7 d2e4 d6e6 h2h3 d7e5 e3d4 c6c5 e4c5 b6c5 d4c5 e5d3 c5b6 e6d6 a3a4 d3c5 a4a5 g7g5 b6b5 c5e6 b5b6 e6c5 b6b5 c5e6 b5b6
Warning; PV continues after threefold repetition - move b6b5 from ref-5047070
Info; info score cp 0 time 0 depth 4 nodes 61 nps 2346153 pv e6c5 b6b5 
Position; fen rnbqk1nr/p1pp1ppp/1p2p3/2b5/Q1P5/3P4/PP2PPPP/RNB1KBNR w KQkq - 0 4
Moves; g1f3 c8b7 b1c3 b7c6 a4d1 c6f3 e2f3 b8c6 f1e2 g8e7 e1g1 e8g8 a2a3 e7f5 c1d2 a7a6 f3f4 d8h4 e2f3 f5d4 f3e4 f7f5 g2g3 h4g4 d1g4 f5g4 d2e3 d4b3 e3c5 b3c5 a1d1 c5e4 d3e4 d7d6 b2b4 a8e8 f2f3 g4f3 b4b5 a6b5 c3b5 e8c8 f1f3 c6a5 f3c3 a5b7 c3e3 b7c5 e4e5 d6e5 e3e5 c7c6 b5d6 c8d8 e5e2 d8d7 e2d2 f8a8 d1b1 a8d8 b1d1 c5b3 d2d3 b3c5 d3d2 g8f8 d6e4 d7d2 d1d2 d8d2 e4d2 f8e7 g1f2 e6e5 f2e3 e5f4 e3f4 e7d6 f4e3 h7h6 g3g4 c5d7 d2e4 d6e6 h2h3 d7e5 e3d4 c6c5 e4c5 b6c5 d4c5 e5d3 c5b6 e6d6 a3a4 d3c5 a4a5 g7g5 b6b5 c5e6 b5b6 e6c5 b6b5 c5e6 b5b6
Warning; PV continues after threefold repetition - move b6b5 from ref-5047070
Info; info score cp 0 time 0 depth 5 nodes 77 nps 2566666 pv e6c5 b6b5 
Position; fen rnbqk1nr/p1pp1ppp/1p2p3/2b5/Q1P5/3P4/PP2PPPP/RNB1KBNR w KQkq - 0 4
Moves; g1f3 c8b7 b1c3 b7c6 a4d1 c6f3 e2f3 b8c6 f1e2 g8e7 e1g1 e8g8 a2a3 e7f5 c1d2 a7a6 f3f4 d8h4 e2f3 f5d4 f3e4 f7f5 g2g3 h4g4 d1g4 f5g4 d2e3 d4b3 e3c5 b3c5 a1d1 c5e4 d3e4 d7d6 b2b4 a8e8 f2f3 g4f3 b4b5 a6b5 c3b5 e8c8 f1f3 c6a5 f3c3 a5b7 c3e3 b7c5 e4e5 d6e5 e3e5 c7c6 b5d6 c8d8 e5e2 d8d7 e2d2 f8a8 d1b1 a8d8 b1d1 c5b3 d2d3 b3c5 d3d2 g8f8 d6e4 d7d2 d1d2 d8d2 e4d2 f8e7 g1f2 e6e5 f2e3 e5f4 e3f4 e7d6 f4e3 h7h6 g3g4 c5d7 d2e4 d6e6 h2h3 d7e5 e3d4 c6c5 e4c5 b6c5 d4c5 e5d3 c5b6 e6d6 a3a4 d3c5 a4a5 g7g5 b6b5 c5e6 b5b6 e6c5 b6b5 c5e6 b5b6
Warning; PV continues after threefold repetition - move b6b5 from ref-5047070
Info; info score cp 0 time 0 depth 6 nodes 102 nps 2914285 pv e6c5 b6b5 
Position; fen rnbqk1nr/p1pp1ppp/1p2p3/2b5/Q1P5/3P4/PP2PPPP/RNB1KBNR w KQkq - 0 4
Moves; g1f3 c8b7 b1c3 b7c6 a4d1 c6f3 e2f3 b8c6 f1e2 g8e7 e1g1 e8g8 a2a3 e7f5 c1d2 a7a6 f3f4 d8h4 e2f3 f5d4 f3e4 f7f5 g2g3 h4g4 d1g4 f5g4 d2e3 d4b3 e3c5 b3c5 a1d1 c5e4 d3e4 d7d6 b2b4 a8e8 f2f3 g4f3 b4b5 a6b5 c3b5 e8c8 f1f3 c6a5 f3c3 a5b7 c3e3 b7c5 e4e5 d6e5 e3e5 c7c6 b5d6 c8d8 e5e2 d8d7 e2d2 f8a8 d1b1 a8d8 b1d1 c5b3 d2d3 b3c5 d3d2 g8f8 d6e4 d7d2 d1d2 d8d2 e4d2 f8e7 g1f2 e6e5 f2e3 e5f4 e3f4 e7d6 f4e3 h7h6 g3g4 c5d7 d2e4 d6e6 h2h3 d7e5 e3d4 c6c5 e4c5 b6c5 d4c5 e5d3 c5b6 e6d6 a3a4 d3c5 a4a5 g7g5 b6b5 c5e6 b5b6 e6c5 b6b5 c5e6 b5b6
Warning; PV continues after threefold repetition - move b6b5 from ref-5047070
Info; info score cp 0 time 0 depth 7 nodes 128 nps 2782608 pv e6c5 b6b5 
Position; fen rnbqk1nr/p1pp1ppp/1p2p3/2b5/Q1P5/3P4/PP2PPPP/RNB1KBNR w KQkq - 0 4
Moves; g1f3 c8b7 b1c3 b7c6 a4d1 c6f3 e2f3 b8c6 f1e2 g8e7 e1g1 e8g8 a2a3 e7f5 c1d2 a7a6 f3f4 d8h4 e2f3 f5d4 f3e4 f7f5 g2g3 h4g4 d1g4 f5g4 d2e3 d4b3 e3c5 b3c5 a1d1 c5e4 d3e4 d7d6 b2b4 a8e8 f2f3 g4f3 b4b5 a6b5 c3b5 e8c8 f1f3 c6a5 f3c3 a5b7 c3e3 b7c5 e4e5 d6e5 e3e5 c7c6 b5d6 c8d8 e5e2 d8d7 e2d2 f8a8 d1b1 a8d8 b1d1 c5b3 d2d3 b3c5 d3d2 g8f8 d6e4 d7d2 d1d2 d8d2 e4d2 f8e7 g1f2 e6e5 f2e3 e5f4 e3f4 e7d6 f4e3 h7h6 g3g4 c5d7 d2e4 d6e6 h2h3 d7e5 e3d4 c6c5 e4c5 b6c5 d4c5 e5d3 c5b6 e6d6 a3a4 d3c5 a4a5 g7g5 b6b5 c5e6 b5b6 e6c5 b6b5 c5e6 b5b6
Warning; PV continues after threefold repetition - move b6b5 from ref-5047070
Info; info score cp 0 time 0 depth 8 nodes 155 nps 3100000 pv e6c5 b6b5 
Position; fen rnbqk1nr/p1pp1ppp/1p2p3/2b5/Q1P5/3P4/PP2PPPP/RNB1KBNR w KQkq - 0 4
Moves; g1f3 c8b7 b1c3 b7c6 a4d1 c6f3 e2f3 b8c6 f1e2 g8e7 e1g1 e8g8 a2a3 e7f5 c1d2 a7a6 f3f4 d8h4 e2f3 f5d4 f3e4 f7f5 g2g3 h4g4 d1g4 f5g4 d2e3 d4b3 e3c5 b3c5 a1d1 c5e4 d3e4 d7d6 b2b4 a8e8 f2f3 g4f3 b4b5 a6b5 c3b5 e8c8 f1f3 c6a5 f3c3 a5b7 c3e3 b7c5 e4e5 d6e5 e3e5 c7c6 b5d6 c8d8 e5e2 d8d7 e2d2 f8a8 d1b1 a8d8 b1d1 c5b3 d2d3 b3c5 d3d2 g8f8 d6e4 d7d2 d1d2 d8d2 e4d2 f8e7 g1f2 e6e5 f2e3 e5f4 e3f4 e7d6 f4e3 h7h6 g3g4 c5d7 d2e4 d6e6 h2h3 d7e5 e3d4 c6c5 e4c5 b6c5 d4c5 e5d3 c5b6 e6d6 a3a4 d3c5 a4a5 g7g5 b6b5 c5e6 b5b6 e6c5 b6b5 c5e6 b5b6
Warning; PV continues after threefold repetition - move b6b5 from ref-5047070
Info; info score cp 0 time 0 depth 9 nodes 182 nps 3370370 pv e6c5 b6b5 
Position; fen rnbqk1nr/p1pp1ppp/1p2p3/2b5/Q1P5/3P4/PP2PPPP/RNB1KBNR w KQkq - 0 4
Moves; g1f3 c8b7 b1c3 b7c6 a4d1 c6f3 e2f3 b8c6 f1e2 g8e7 e1g1 e8g8 a2a3 e7f5 c1d2 a7a6 f3f4 d8h4 e2f3 f5d4 f3e4 f7f5 g2g3 h4g4 d1g4 f5g4 d2e3 d4b3 e3c5 b3c5 a1d1 c5e4 d3e4 d7d6 b2b4 a8e8 f2f3 g4f3 b4b5 a6b5 c3b5 e8c8 f1f3 c6a5 f3c3 a5b7 c3e3 b7c5 e4e5 d6e5 e3e5 c7c6 b5d6 c8d8 e5e2 d8d7 e2d2 f8a8 d1b1 a8d8 b1d1 c5b3 d2d3 b3c5 d3d2 g8f8 d6e4 d7d2 d1d2 d8d2 e4d2 f8e7 g1f2 e6e5 f2e3 e5f4 e3f4 e7d6 f4e3 h7h6 g3g4 c5d7 d2e4 d6e6 h2h3 d7e5 e3d4 c6c5 e4c5 b6c5 d4c5 e5d3 c5b6 e6d6 a3a4 d3c5 a4a5 g7g5 b6b5 c5e6 b5b6 e6c5 b6b5 c5e6 b5b6
Warning; PV continues after threefold repetition - move b6b5 from ref-5047070
Info; info score cp 0 time 0 depth 10 nodes 209 nps 3603448 pv e6c5 b6b5 
Position; fen rnbqk1nr/p1pp1ppp/1p2p3/2b5/Q1P5/3P4/PP2PPPP/RNB1KBNR w KQkq - 0 4
Moves; g1f3 c8b7 b1c3 b7c6 a4d1 c6f3 e2f3 b8c6 f1e2 g8e7 e1g1 e8g8 a2a3 e7f5 c1d2 a7a6 f3f4 d8h4 e2f3 f5d4 f3e4 f7f5 g2g3 h4g4 d1g4 f5g4 d2e3 d4b3 e3c5 b3c5 a1d1 c5e4 d3e4 d7d6 b2b4 a8e8 f2f3 g4f3 b4b5 a6b5 c3b5 e8c8 f1f3 c6a5 f3c3 a5b7 c3e3 b7c5 e4e5 d6e5 e3e5 c7c6 b5d6 c8d8 e5e2 d8d7 e2d2 f8a8 d1b1 a8d8 b1d1 c5b3 d2d3 b3c5 d3d2 g8f8 d6e4 d7d2 d1d2 d8d2 e4d2 f8e7 g1f2 e6e5 f2e3 e5f4 e3f4 e7d6 f4e3 h7h6 g3g4 c5d7 d2e4 d6e6 h2h3 d7e5 e3d4 c6c5 e4c5 b6c5 d4c5 e5d3 c5b6 e6d6 a3a4 d3c5 a4a5 g7g5 b6b5 c5e6 b5b6 e6c5 b6b5 c5e6 b5b6
Warning; PV continues after threefold repetition - move b6b5 from ref-5047070
Info; info score cp 0 time 0 depth 11 nodes 236 nps 3746031 pv e6c5 b6b5 
Position; fen rnbqk1nr/p1pp1ppp/1p2p3/2b5/Q1P5/3P4/PP2PPPP/RNB1KBNR w KQkq - 0 4
Moves; g1f3 c8b7 b1c3 b7c6 a4d1 c6f3 e2f3 b8c6 f1e2 g8e7 e1g1 e8g8 a2a3 e7f5 c1d2 a7a6 f3f4 d8h4 e2f3 f5d4 f3e4 f7f5 g2g3 h4g4 d1g4 f5g4 d2e3 d4b3 e3c5 b3c5 a1d1 c5e4 d3e4 d7d6 b2b4 a8e8 f2f3 g4f3 b4b5 a6b5 c3b5 e8c8 f1f3 c6a5 f3c3 a5b7 c3e3 b7c5 e4e5 d6e5 e3e5 c7c6 b5d6 c8d8 e5e2 d8d7 e2d2 f8a8 d1b1 a8d8 b1d1 c5b3 d2d3 b3c5 d3d2 g8f8 d6e4 d7d2 d1d2 d8d2 e4d2 f8e7 g1f2 e6e5 f2e3 e5f4 e3f4 e7d6 f4e3 h7h6 g3g4 c5d7 d2e4 d6e6 h2h3 d7e5 e3d4 c6c5 e4c5 b6c5 d4c5 e5d3 c5b6 e6d6 a3a4 d3c5 a4a5 g7g5 b6b5 c5e6 b5b6 e6c5 b6b5 c5e6 b5b6
Warning; PV continues after threefold repetition - move b6b5 from ref-5047070
Info; info score cp 0 time 0 depth 12 nodes 263 nps 3925373 pv e6c5 b6b5 
Position; fen rnbqk1nr/p1pp1ppp/1p2p3/2b5/Q1P5/3P4/PP2PPPP/RNB1KBNR w KQkq - 0 4
Moves; g1f3 c8b7 b1c3 b7c6 a4d1 c6f3 e2f3 b8c6 f1e2 g8e7 e1g1 e8g8 a2a3 e7f5 c1d2 a7a6 f3f4 d8h4 e2f3 f5d4 f3e4 f7f5 g2g3 h4g4 d1g4 f5g4 d2e3 d4b3 e3c5 b3c5 a1d1 c5e4 d3e4 d7d6 b2b4 a8e8 f2f3 g4f3 b4b5 a6b5 c3b5 e8c8 f1f3 c6a5 f3c3 a5b7 c3e3 b7c5 e4e5 d6e5 e3e5 c7c6 b5d6 c8d8 e5e2 d8d7 e2d2 f8a8 d1b1 a8d8 b1d1 c5b3 d2d3 b3c5 d3d2 g8f8 d6e4 d7d2 d1d2 d8d2 e4d2 f8e7 g1f2 e6e5 f2e3 e5f4 e3f4 e7d6 f4e3 h7h6 g3g4 c5d7 d2e4 d6e6 h2h3 d7e5 e3d4 c6c5 e4c5 b6c5 d4c5 e5d3 c5b6 e6d6 a3a4 d3c5 a4a5 g7g5 b6b5 c5e6 b5b6 e6c5 b6b5 c5e6 b5b6
Warning; PV continues after threefold repetition - move b6b5 from ref-5047070
Info; info score cp 0 time 0 depth 13 nodes 290 nps 4084507 pv e6c5 b6b5 
Position; fen rnbqk1nr/p1pp1ppp/1p2p3/2b5/Q1P5/3P4/PP2PPPP/RNB1KBNR w KQkq - 0 4
Moves; g1f3 c8b7 b1c3 b7c6 a4d1 c6f3 e2f3 b8c6 f1e2 g8e7 e1g1 e8g8 a2a3 e7f5 c1d2 a7a6 f3f4 d8h4 e2f3 f5d4 f3e4 f7f5 g2g3 h4g4 d1g4 f5g4 d2e3 d4b3 e3c5 b3c5 a1d1 c5e4 d3e4 d7d6 b2b4 a8e8 f2f3 g4f3 b4b5 a6b5 c3b5 e8c8 f1f3 c6a5 f3c3 a5b7 c3e3 b7c5 e4e5 d6e5 e3e5 c7c6 b5d6 c8d8 e5e2 d8d7 e2d2 f8a8 d1b1 a8d8 b1d1 c5b3 d2d3 b3c5 d3d2 g8f8 d6e4 d7d2 d1d2 d8d2 e4d2 f8e7 g1f2 e6e5 f2e3 e5f4 e3f4 e7d6 f4e3 h7h6 g3g4 c5d7 d2e4 d6e6 h2h3 d7e5 e3d4 c6c5 e4c5 b6c5 d4c5 e5d3 c5b6 e6d6 a3a4 d3c5 a4a5 g7g5 b6b5 c5e6 b5b6 e6c5 b6b5 c5e6 b5b6
Warning; PV continues after threefold repetition - move b6b5 from ref-5047070
Info; info score cp 0 time 0 depth 14 nodes 317 nps 4226666 pv e6c5 b6b5 
Position; fen rnbqk1nr/p1pp1ppp/1p2p3/2b5/Q1P5/3P4/PP2PPPP/RNB1KBNR w KQkq - 0 4
Moves; g1f3 c8b7 b1c3 b7c6 a4d1 c6f3 e2f3 b8c6 f1e2 g8e7 e1g1 e8g8 a2a3 e7f5 c1d2 a7a6 f3f4 d8h4 e2f3 f5d4 f3e4 f7f5 g2g3 h4g4 d1g4 f5g4 d2e3 d4b3 e3c5 b3c5 a1d1 c5e4 d3e4 d7d6 b2b4 a8e8 f2f3 g4f3 b4b5 a6b5 c3b5 e8c8 f1f3 c6a5 f3c3 a5b7 c3e3 b7c5 e4e5 d6e5 e3e5 c7c6 b5d6 c8d8 e5e2 d8d7 e2d2 f8a8 d1b1 a8d8 b1d1 c5b3 d2d3 b3c5 d3d2 g8f8 d6e4 d7d2 d1d2 d8d2 e4d2 f8e7 g1f2 e6e5 f2e3 e5f4 e3f4 e7d6 f4e3 h7h6 g3g4 c5d7 d2e4 d6e6 h2h3 d7e5 e3d4 c6c5 e4c5 b6c5 d4c5 e5d3 c5b6 e6d6 a3a4 d3c5 a4a5 g7g5 b6b5 c5e6 b5b6 e6c5 b6b5 c5e6 b5b6
Warning; PV continues after threefold repetition - move b6b5 from ref-5047070
Info; info score cp 0 time 0 depth 15 nodes 344 nps 4354430 pv e6c5 b6b5 
Position; fen rnbqk1nr/p1pp1ppp/1p2p3/2b5/Q1P5/3P4/PP2PPPP/RNB1KBNR w KQkq - 0 4
Moves; g1f3 c8b7 b1c3 b7c6 a4d1 c6f3 e2f3 b8c6 f1e2 g8e7 e1g1 e8g8 a2a3 e7f5 c1d2 a7a6 f3f4 d8h4 e2f3 f5d4 f3e4 f7f5 g2g3 h4g4 d1g4 f5g4 d2e3 d4b3 e3c5 b3c5 a1d1 c5e4 d3e4 d7d6 b2b4 a8e8 f2f3 g4f3 b4b5 a6b5 c3b5 e8c8 f1f3 c6a5 f3c3 a5b7 c3e3 b7c5 e4e5 d6e5 e3e5 c7c6 b5d6 c8d8 e5e2 d8d7 e2d2 f8a8 d1b1 a8d8 b1d1 c5b3 d2d3 b3c5 d3d2 g8f8 d6e4 d7d2 d1d2 d8d2 e4d2 f8e7 g1f2 e6e5 f2e3 e5f4 e3f4 e7d6 f4e3 h7h6 g3g4 c5d7 d2e4 d6e6 h2h3 d7e5 e3d4 c6c5 e4c5 b6c5 d4c5 e5d3 c5b6 e6d6 a3a4 d3c5 a4a5 g7g5 b6b5 c5e6 b5b6 e6c5 b6b5 c5e6 b5b6
Warning; PV continues after threefold repetition - move b6b5 from ref-5047070
Info; info score cp 0 time 0 depth 16 nodes 371 nps 4416666 pv e6c5 b6b5 
Position; fen rnbqk1nr/p1pp1ppp/1p2p3/2b5/Q1P5/3P4/PP2PPPP/RNB1KBNR w KQkq - 0 4
Moves; g1f3 c8b7 b1c3 b7c6 a4d1 c6f3 e2f3 b8c6 f1e2 g8e7 e1g1 e8g8 a2a3 e7f5 c1d2 a7a6 f3f4 d8h4 e2f3 f5d4 f3e4 f7f5 g2g3 h4g4 d1g4 f5g4 d2e3 d4b3 e3c5 b3c5 a1d1 c5e4 d3e4 d7d6 b2b4 a8e8 f2f3 g4f3 b4b5 a6b5 c3b5 e8c8 f1f3 c6a5 f3c3 a5b7 c3e3 b7c5 e4e5 d6e5 e3e5 c7c6 b5d6 c8d8 e5e2 d8d7 e2d2 f8a8 d1b1 a8d8 b1d1 c5b3 d2d3 b3c5 d3d2 g8f8 d6e4 d7d2 d1d2 d8d2 e4d2 f8e7 g1f2 e6e5 f2e3 e5f4 e3f4 e7d6 f4e3 h7h6 g3g4 c5d7 d2e4 d6e6 h2h3 d7e5 e3d4 c6c5 e4c5 b6c5 d4c5 e5d3 c5b6 e6d6 a3a4 d3c5 a4a5 g7g5 b6b5 c5e6 b5b6 e6c5 b6b5 c5e6 b5b6
Warning; PV continues after threefold repetition - move b6b5 from ref-5047070
Info; info score cp 0 time 0 depth 17 nodes 398 nps 4522727 pv e6c5 b6b5 
Position; fen rnbqk1nr/p1pp1ppp/1p2p3/2b5/Q1P5/3P4/PP2PPPP/RNB1KBNR w KQkq - 0 4
Moves; g1f3 c8b7 b1c3 b7c6 a4d1 c6f3 e2f3 b8c6 f1e2 g8e7 e1g1 e8g8 a2a3 e7f5 c1d2 a7a6 f3f4 d8h4 e2f3 f5d4 f3e4 f7f5 g2g3 h4g4 d1g4 f5g4 d2e3 d4b3 e3c5 b3c5 a1d1 c5e4 d3e4 d7d6 b2b4 a8e8 f2f3 g4f3 b4b5 a6b5 c3b5 e8c8 f1f3 c6a5 f3c3 a5b7 c3e3 b7c5 e4e5 d6e5 e3e5 c7c6 b5d6 c8d8 e5e2 d8d7 e2d2 f8a8 d1b1 a8d8 b1d1 c5b3 d2d3 b3c5 d3d2 g8f8 d6e4 d7d2 d1d2 d8d2 e4d2 f8e7 g1f2 e6e5 f2e3 e5f4 e3f4 e7d6 f4e3 h7h6 g3g4 c5d7 d2e4 d6e6 h2h3 d7e5 e3d4 c6c5 e4c5 b6c5 d4c5 e5d3 c5b6 e6d6 a3a4 d3c5 a4a5 g7g5 b6b5 c5e6 b5b6 e6c5 b6b5 c5e6 b5b6
Warning; PV continues after threefold repetition - move b6b5 from ref-5047070
Info; info score cp 0 time 0 depth 18 nodes 425 nps 4619565 pv e6c5 b6b5 
Position; fen rnbqk1nr/p1pp1ppp/1p2p3/2b5/Q1P5/3P4/PP2PPPP/RNB1KBNR w KQkq - 0 4
Moves; g1f3 c8b7 b1c3 b7c6 a4d1 c6f3 e2f3 b8c6 f1e2 g8e7 e1g1 e8g8 a2a3 e7f5 c1d2 a7a6 f3f4 d8h4 e2f3 f5d4 f3e4 f7f5 g2g3 h4g4 d1g4 f5g4 d2e3 d4b3 e3c5 b3c5 a1d1 c5e4 d3e4 d7d6 b2b4 a8e8 f2f3 g4f3 b4b5 a6b5 c3b5 e8c8 f1f3 c6a5 f3c3 a5b7 c3e3 b7c5 e4e5 d6e5 e3e5 c7c6 b5d6 c8d8 e5e2 d8d7 e2d2 f8a8 d1b1 a8d8 b1d1 c5b3 d2d3 b3c5 d3d2 g8f8 d6e4 d7d2 d1d2 d8d2 e4d2 f8e7 g1f2 e6e5 f2e3 e5f4 e3f4 e7d6 f4e3 h7h6 g3g4 c5d7 d2e4 d6e6 h2h3 d7e5 e3d4 c6c5 e4c5 b6c5 d4c5 e5d3 c5b6 e6d6 a3a4 d3c5 a4a5 g7g5 b6b5 c5e6 b5b6 e6c5 b6b5 c5e6 b5b6
Warning; PV continues after threefold repetition - move b6b5 from ref-5047070
Info; info score cp 0 time 0 depth 19 nodes 452 nps 4708333 pv e6c5 b6b5 
Position; fen rnbqk1nr/p1pp1ppp/1p2p3/2b5/Q1P5/3P4/PP2PPPP/RNB1KBNR w KQkq - 0 4
Moves; g1f3 c8b7 b1c3 b7c6 a4d1 c6f3 e2f3 b8c6 f1e2 g8e7 e1g1 e8g8 a2a3 e7f5 c1d2 a7a6 f3f4 d8h4 e2f3 f5d4 f3e4 f7f5 g2g3 h4g4 d1g4 f5g4 d2e3 d4b3 e3c5 b3c5 a1d1 c5e4 d3e4 d7d6 b2b4 a8e8 f2f3 g4f3 b4b5 a6b5 c3b5 e8c8 f1f3 c6a5 f3c3 a5b7 c3e3 b7c5 e4e5 d6e5 e3e5 c7c6 b5d6 c8d8 e5e2 d8d7 e2d2 f8a8 d1b1 a8d8 b1d1 c5b3 d2d3 b3c5 d3d2 g8f8 d6e4 d7d2 d1d2 d8d2 e4d2 f8e7 g1f2 e6e5 f2e3 e5f4 e3f4 e7d6 f4e3 h7h6 g3g4 c5d7 d2e4 d6e6 h2h3 d7e5 e3d4 c6c5 e4c5 b6c5 d4c5 e5d3 c5b6 e6d6 a3a4 d3c5 a4a5 g7g5 b6b5 c5e6 b5b6 e6c5 b6b5 c5e6 b5b6
Warning; PV continues after threefold repetition - move b6b5 from ref-5047070
Info; info score cp 0 time 0 depth 20 nodes 479 nps 4790000 pv e6c5 b6b5 
Position; fen rnbqk1nr/p1pp1ppp/1p2p3/2b5/Q1P5/3P4/PP2PPPP/RNB1KBNR w KQkq - 0 4
Moves; g1f3 c8b7 b1c3 b7c6 a4d1 c6f3 e2f3 b8c6 f1e2 g8e7 e1g1 e8g8 a2a3 e7f5 c1d2 a7a6 f3f4 d8h4 e2f3 f5d4 f3e4 f7f5 g2g3 h4g4 d1g4 f5g4 d2e3 d4b3 e3c5 b3c5 a1d1 c5e4 d3e4 d7d6 b2b4 a8e8 f2f3 g4f3 b4b5 a6b5 c3b5 e8c8 f1f3 c6a5 f3c3 a5b7 c3e3 b7c5 e4e5 d6e5 e3e5 c7c6 b5d6 c8d8 e5e2 d8d7 e2d2 f8a8 d1b1 a8d8 b1d1 c5b3 d2d3 b3c5 d3d2 g8f8 d6e4 d7d2 d1d2 d8d2 e4d2 f8e7 g1f2 e6e5 f2e3 e5f4 e3f4 e7d6 f4e3 h7h6 g3g4 c5d7 d2e4 d6e6 h2h3 d7e5 e3d4 c6c5 e4c5 b6c5 d4c5 e5d3 c5b6 e6d6 a3a4 d3c5 a4a5 g7g5 b6b5 c5e6 b5b6 e6c5 b6b5 c5e6 b5b6
Warning; PV continues after threefold repetition - move b6b5 from ref-5047070
Info; info score cp 0 time 0 depth 21 nodes 506 nps 4865384 pv e6c5 b6b5 
Position; fen rnbqk1nr/p1pp1ppp/1p2p3/2b5/Q1P5/3P4/PP2PPPP/RNB1KBNR w KQkq - 0 4
Moves; g1f3 c8b7 b1c3 b7c6 a4d1 c6f3 e2f3 b8c6 f1e2 g8e7 e1g1 e8g8 a2a3 e7f5 c1d2 a7a6 f3f4 d8h4 e2f3 f5d4 f3e4 f7f5 g2g3 h4g4 d1g4 f5g4 d2e3 d4b3 e3c5 b3c5 a1d1 c5e4 d3e4 d7d6 b2b4 a8e8 f2f3 g4f3 b4b5 a6b5 c3b5 e8c8 f1f3 c6a5 f3c3 a5b7 c3e3 b7c5 e4e5 d6e5 e3e5 c7c6 b5d6 c8d8 e5e2 d8d7 e2d2 f8a8 d1b1 a8d8 b1d1 c5b3 d2d3 b3c5 d3d2 g8f8 d6e4 d7d2 d1d2 d8d2 e4d2 f8e7 g1f2 e6e5 f2e3 e5f4 e3f4 e7d6 f4e3 h7h6 g3g4 c5d7 d2e4 d6e6 h2h3 d7e5 e3d4 c6c5 e4c5 b6c5 d4c5 e5d3 c5b6 e6d6 a3a4 d3c5 a4a5 g7g5 b6b5 c5e6 b5b6 e6c5 b6b5 c5e6 b5b6
Warning; PV continues after threefold repetition - move b6b5 from ref-5047070
Info; info score cp 0 time 0 depth 22 nodes 533 nps 4935185 pv e6c5 b6b5 
Position; fen rnbqk1nr/p1pp1ppp/1p2p3/2b5/Q1P5/3P4/PP2PPPP/RNB1KBNR w KQkq - 0 4
Moves; g1f3 c8b7 b1c3 b7c6 a4d1 c6f3 e2f3 b8c6 f1e2 g8e7 e1g1 e8g8 a2a3 e7f5 c1d2 a7a6 f3f4 d8h4 e2f3 f5d4 f3e4 f7f5 g2g3 h4g4 d1g4 f5g4 d2e3 d4b3 e3c5 b3c5 a1d1 c5e4 d3e4 d7d6 b2b4 a8e8 f2f3 g4f3 b4b5 a6b5 c3b5 e8c8 f1f3 c6a5 f3c3 a5b7 c3e3 b7c5 e4e5 d6e5 e3e5 c7c6 b5d6 c8d8 e5e2 d8d7 e2d2 f8a8 d1b1 a8d8 b1d1 c5b3 d2d3 b3c5 d3d2 g8f8 d6e4 d7d2 d1d2 d8d2 e4d2 f8e7 g1f2 e6e5 f2e3 e5f4 e3f4 e7d6 f4e3 h7h6 g3g4 c5d7 d2e4 d6e6 h2h3 d7e5 e3d4 c6c5 e4c5 b6c5 d4c5 e5d3 c5b6 e6d6 a3a4 d3c5 a4a5 g7g5 b6b5 c5e6 b5b6 e6c5 b6b5 c5e6 b5b6
Warning; PV continues after threefold repetition - move b6b5 from ref-5047070
Info; info score cp 0 time 0 depth 23 nodes 560 nps 5000000 pv e6c5 b6b5 
Position; fen rnbqk1nr/p1pp1ppp/1p2p3/2b5/Q1P5/3P4/PP2PPPP/RNB1KBNR w KQkq - 0 4
Moves; g1f3 c8b7 b1c3 b7c6 a4d1 c6f3 e2f3 b8c6 f1e2 g8e7 e1g1 e8g8 a2a3 e7f5 c1d2 a7a6 f3f4 d8h4 e2f3 f5d4 f3e4 f7f5 g2g3 h4g4 d1g4 f5g4 d2e3 d4b3 e3c5 b3c5 a1d1 c5e4 d3e4 d7d6 b2b4 a8e8 f2f3 g4f3 b4b5 a6b5 c3b5 e8c8 f1f3 c6a5 f3c3 a5b7 c3e3 b7c5 e4e5 d6e5 e3e5 c7c6 b5d6 c8d8 e5e2 d8d7 e2d2 f8a8 d1b1 a8d8 b1d1 c5b3 d2d3 b3c5 d3d2 g8f8 d6e4 d7d2 d1d2 d8d2 e4d2 f8e7 g1f2 e6e5 f2e3 e5f4 e3f4 e7d6 f4e3 h7h6 g3g4 c5d7 d2e4 d6e6 h2h3 d7e5 e3d4 c6c5 e4c5 b6c5 d4c5 e5d3 c5b6 e6d6 a3a4 d3c5 a4a5 g7g5 b6b5 c5e6 b5b6 e6c5 b6b5 c5e6 b5b6
Warning; PV continues after threefold repetition - move b6b5 from ref-5047070
Info; info score cp 0 time 0 depth 24 nodes 587 nps 5017094 pv e6c5 b6b5 
Position; fen rnbqk1nr/p1pp1ppp/1p2p3/2b5/Q1P5/3P4/PP2PPPP/RNB1KBNR w KQkq - 0 4
Moves; g1f3 c8b7 b1c3 b7c6 a4d1 c6f3 e2f3 b8c6 f1e2 g8e7 e1g1 e8g8 a2a3 e7f5 c1d2 a7a6 f3f4 d8h4 e2f3 f5d4 f3e4 f7f5 g2g3 h4g4 d1g4 f5g4 d2e3 d4b3 e3c5 b3c5 a1d1 c5e4 d3e4 d7d6 b2b4 a8e8 f2f3 g4f3 b4b5 a6b5 c3b5 e8c8 f1f3 c6a5 f3c3 a5b7 c3e3 b7c5 e4e5 d6e5 e3e5 c7c6 b5d6 c8d8 e5e2 d8d7 e2d2 f8a8 d1b1 a8d8 b1d1 c5b3 d2d3 b3c5 d3d2 g8f8 d6e4 d7d2 d1d2 d8d2 e4d2 f8e7 g1f2 e6e5 f2e3 e5f4 e3f4 e7d6 f4e3 h7h6 g3g4 c5d7 d2e4 d6e6 h2h3 d7e5 e3d4 c6c5 e4c5 b6c5 d4c5 e5d3 c5b6 e6d6 a3a4 d3c5 a4a5 g7g5 b6b5 c5e6 b5b6 e6c5 b6b5 c5e6 b5b6
Warning; PV continues after threefold repetition - move b6b5 from ref-5047070
Info; info score cp 0 time 0 depth 25 nodes 615 nps 5082644 pv e6c5 b6b5 
Position; fen rnbqk1nr/p1pp1ppp/1p2p3/2b5/Q1P5/3P4/PP2PPPP/RNB1KBNR w KQkq - 0 4
Moves; g1f3 c8b7 b1c3 b7c6 a4d1 c6f3 e2f3 b8c6 f1e2 g8e7 e1g1 e8g8 a2a3 e7f5 c1d2 a7a6 f3f4 d8h4 e2f3 f5d4 f3e4 f7f5 g2g3 h4g4 d1g4 f5g4 d2e3 d4b3 e3c5 b3c5 a1d1 c5e4 d3e4 d7d6 b2b4 a8e8 f2f3 g4f3 b4b5 a6b5 c3b5 e8c8 f1f3 c6a5 f3c3 a5b7 c3e3 b7c5 e4e5 d6e5 e3e5 c7c6 b5d6 c8d8 e5e2 d8d7 e2d2 f8a8 d1b1 a8d8 b1d1 c5b3 d2d3 b3c5 d3d2 g8f8 d6e4 d7d2 d1d2 d8d2 e4d2 f8e7 g1f2 e6e5 f2e3 e5f4 e3f4 e7d6 f4e3 h7h6 g3g4 c5d7 d2e4 d6e6 h2h3 d7e5 e3d4 c6c5 e4c5 b6c5 d4c5 e5d3 c5b6 e6d6 a3a4 d3c5 a4a5 g7g5 b6b5 c5e6 b5b6 e6c5 b6b5 c5e6 b5b6
Warning; PV continues after threefold repetition - move b6b5 from ref-5047070
Info; info score cp 0 time 0 depth 26 nodes 643 nps 5144000 pv e6c5 b6b5 
Position; fen rnbqk1nr/p1pp1ppp/1p2p3/2b5/Q1P5/3P4/PP2PPPP/RNB1KBNR w KQkq - 0 4
Moves; g1f3 c8b7 b1c3 b7c6 a4d1 c6f3 e2f3 b8c6 f1e2 g8e7 e1g1 e8g8 a2a3 e7f5 c1d2 a7a6 f3f4 d8h4 e2f3 f5d4 f3e4 f7f5 g2g3 h4g4 d1g4 f5g4 d2e3 d4b3 e3c5 b3c5 a1d1 c5e4 d3e4 d7d6 b2b4 a8e8 f2f3 g4f3 b4b5 a6b5 c3b5 e8c8 f1f3 c6a5 f3c3 a5b7 c3e3 b7c5 e4e5 d6e5 e3e5 c7c6 b5d6 c8d8 e5e2 d8d7 e2d2 f8a8 d1b1 a8d8 b1d1 c5b3 d2d3 b3c5 d3d2 g8f8 d6e4 d7d2 d1d2 d8d2 e4d2 f8e7 g1f2 e6e5 f2e3 e5f4 e3f4 e7d6 f4e3 h7h6 g3g4 c5d7 d2e4 d6e6 h2h3 d7e5 e3d4 c6c5 e4c5 b6c5 d4c5 e5d3 c5b6 e6d6 a3a4 d3c5 a4a5 g7g5 b6b5 c5e6 b5b6 e6c5 b6b5 c5e6 b5b6
Warning; PV continues after threefold repetition - move b6b5 from ref-5047070
Info; info score cp 0 time 0 depth 27 nodes 671 nps 5201550 pv e6c5 b6b5 
Position; fen rnbqk1nr/p1pp1ppp/1p2p3/2b5/Q1P5/3P4/PP2PPPP/RNB1KBNR w KQkq - 0 4
Moves; g1f3 c8b7 b1c3 b7c6 a4d1 c6f3 e2f3 b8c6 f1e2 g8e7 e1g1 e8g8 a2a3 e7f5 c1d2 a7a6 f3f4 d8h4 e2f3 f5d4 f3e4 f7f5 g2g3 h4g4 d1g4 f5g4 d2e3 d4b3 e3c5 b3c5 a1d1 c5e4 d3e4 d7d6 b2b4 a8e8 f2f3 g4f3 b4b5 a6b5 c3b5 e8c8 f1f3 c6a5 f3c3 a5b7 c3e3 b7c5 e4e5 d6e5 e3e5 c7c6 b5d6 c8d8 e5e2 d8d7 e2d2 f8a8 d1b1 a8d8 b1d1 c5b3 d2d3 b3c5 d3d2 g8f8 d6e4 d7d2 d1d2 d8d2 e4d2 f8e7 g1f2 e6e5 f2e3 e5f4 e3f4 e7d6 f4e3 h7h6 g3g4 c5d7 d2e4 d6e6 h2h3 d7e5 e3d4 c6c5 e4c5 b6c5 d4c5 e5d3 c5b6 e6d6 a3a4 d3c5 a4a5 g7g5 b6b5 c5e6 b5b6 e6c5 b6b5 c5e6 b5b6
Warning; PV continues after threefold repetition - move b6b5 from ref-5047070
Info; info score cp 0 time 1 depth 28 nodes 4647 nps 4119680 pv e6c5 b6b5 
Position; fen rnbqk1nr/p1pp1ppp/1p2p3/2b5/Q1P5/3P4/PP2PPPP/RNB1KBNR w KQkq - 0 4
Moves; g1f3 c8b7 b1c3 b7c6 a4d1 c6f3 e2f3 b8c6 f1e2 g8e7 e1g1 e8g8 a2a3 e7f5 c1d2 a7a6 f3f4 d8h4 e2f3 f5d4 f3e4 f7f5 g2g3 h4g4 d1g4 f5g4 d2e3 d4b3 e3c5 b3c5 a1d1 c5e4 d3e4 d7d6 b2b4 a8e8 f2f3 g4f3 b4b5 a6b5 c3b5 e8c8 f1f3 c6a5 f3c3 a5b7 c3e3 b7c5 e4e5 d6e5 e3e5 c7c6 b5d6 c8d8 e5e2 d8d7 e2d2 f8a8 d1b1 a8d8 b1d1 c5b3 d2d3 b3c5 d3d2 g8f8 d6e4 d7d2 d1d2 d8d2 e4d2 f8e7 g1f2 e6e5 f2e3 e5f4 e3f4 e7d6 f4e3 h7h6 g3g4 c5d7 d2e4 d6e6 h2h3 d7e5 e3d4 c6c5 e4c5 b6c5 d4c5 e5d3 c5b6 e6d6 a3a4 d3c5 a4a5 g7g5 b6b5 c5e6 b5b6 e6c5 b6b5 c5e6 b5b6
Warning; PV continues after threefold repetition - move b6b5 from ref-5047070
Info; info score cp 0 time 1 depth 29 nodes 4675 nps 4115316 pv e6c5 b6b5 
Position; fen rnbqk1nr/p1pp1ppp/1p2p3/2b5/Q1P5/3P4/PP2PPPP/RNB1KBNR w KQkq - 0 4
Moves; g1f3 c8b7 b1c3 b7c6 a4d1 c6f3 e2f3 b8c6 f1e2 g8e7 e1g1 e8g8 a2a3 e7f5 c1d2 a7a6 f3f4 d8h4 e2f3 f5d4 f3e4 f7f5 g2g3 h4g4 d1g4 f5g4 d2e3 d4b3 e3c5 b3c5 a1d1 c5e4 d3e4 d7d6 b2b4 a8e8 f2f3 g4f3 b4b5 a6b5 c3b5 e8c8 f1f3 c6a5 f3c3 a5b7 c3e3 b7c5 e4e5 d6e5 e3e5 c7c6 b5d6 c8d8 e5e2 d8d7 e2d2 f8a8 d1b1 a8d8 b1d1 c5b3 d2d3 b3c5 d3d2 g8f8 d6e4 d7d2 d1d2 d8d2 e4d2 f8e7 g1f2 e6e5 f2e3 e5f4 e3f4 e7d6 f4e3 h7h6 g3g4 c5d7 d2e4 d6e6 h2h3 d7e5 e3d4 c6c5 e4c5 b6c5 d4c5 e5d3 c5b6 e6d6 a3a4 d3c5 a4a5 g7g5 b6b5 c5e6 b5b6 e6c5 b6b5 c5e6 b5b6
Warning; PV continues after threefold repetition - move b6b5 from ref-5047070
Info; info score cp 0 time 1 depth 30 nodes 4703 nps 4121822 pv e6c5 b6b5 
Position; fen rnbqk1nr/p1pp1ppp/1p2p3/2b5/Q1P5/3P4/PP2PPPP/RNB1KBNR w KQkq - 0 4
Moves; g1f3 c8b7 b1c3 b7c6 a4d1 c6f3 e2f3 b8c6 f1e2 g8e7 e1g1 e8g8 a2a3 e7f5 c1d2 a7a6 f3f4 d8h4 e2f3 f5d4 f3e4 f7f5 g2g3 h4g4 d1g4 f5g4 d2e3 d4b3 e3c5 b3c5 a1d1 c5e4 d3e4 d7d6 b2b4 a8e8 f2f3 g4f3 b4b5 a6b5 c3b5 e8c8 f1f3 c6a5 f3c3 a5b7 c3e3 b7c5 e4e5 d6e5 e3e5 c7c6 b5d6 c8d8 e5e2 d8d7 e2d2 f8a8 d1b1 a8d8 b1d1 c5b3 d2d3 b3c5 d3d2 g8f8 d6e4 d7d2 d1d2 d8d2 e4d2 f8e7 g1f2 e6e5 f2e3 e5f4 e3f4 e7d6 f4e3 h7h6 g3g4 c5d7 d2e4 d6e6 h2h3 d7e5 e3d4 c6c5 e4c5 b6c5 d4c5 e5d3 c5b6 e6d6 a3a4 d3c5 a4a5 g7g5 b6b5 c5e6 b5b6 e6c5 b6b5 c5e6 b5b6
Warning; PV continues after threefold repetition - move b6b5 from ref-5047070
Info; info score cp 0 time 13 depth 31 nodes 56606 nps 4278285 pv e6c5 b6b5 
Position; fen rnbqk1nr/p1pp1ppp/1p2p3/2b5/Q1P5/3P4/PP2PPPP/RNB1KBNR w KQkq - 0 4
Moves; g1f3 c8b7 b1c3 b7c6 a4d1 c6f3 e2f3 b8c6 f1e2 g8e7 e1g1 e8g8 a2a3 e7f5 c1d2 a7a6 f3f4 d8h4 e2f3 f5d4 f3e4 f7f5 g2g3 h4g4 d1g4 f5g4 d2e3 d4b3 e3c5 b3c5 a1d1 c5e4 d3e4 d7d6 b2b4 a8e8 f2f3 g4f3 b4b5 a6b5 c3b5 e8c8 f1f3 c6a5 f3c3 a5b7 c3e3 b7c5 e4e5 d6e5 e3e5 c7c6 b5d6 c8d8 e5e2 d8d7 e2d2 f8a8 d1b1 a8d8 b1d1 c5b3 d2d3 b3c5 d3d2 g8f8 d6e4 d7d2 d1d2 d8d2 e4d2 f8e7 g1f2 e6e5 f2e3 e5f4 e3f4 e7d6 f4e3 h7h6 g3g4 c5d7 d2e4 d6e6 h2h3 d7e5 e3d4 c6c5 e4c5 b6c5 d4c5 e5d3 c5b6 e6d6 a3a4 d3c5 a4a5 g7g5 b6b5 c5e6 b5b6 e6c5 b6b5 c5e6 b5b6
Warning; PV continues after threefold repetition - move b6b5 from ref-5047070
Info; info score cp 0 time 35 depth 32 nodes 157097 nps 4406400 pv e6c5 b6b5 
Position; fen rnbqk1nr/p1pp1ppp/1p2p3/2b5/Q1P5/3P4/PP2PPPP/RNB1KBNR w KQkq - 0 4
Moves; g1f3 c8b7 b1c3 b7c6 a4d1 c6f3 e2f3 b8c6 f1e2 g8e7 e1g1 e8g8 a2a3 e7f5 c1d2 a7a6 f3f4 d8h4 e2f3 f5d4 f3e4 f7f5 g2g3 h4g4 d1g4 f5g4 d2e3 d4b3 e3c5 b3c5 a1d1 c5e4 d3e4 d7d6 b2b4 a8e8 f2f3 g4f3 b4b5 a6b5 c3b5 e8c8 f1f3 c6a5 f3c3 a5b7 c3e3 b7c5 e4e5 d6e5 e3e5 c7c6 b5d6 c8d8 e5e2 d8d7 e2d2 f8a8 d1b1 a8d8 b1d1 c5b3 d2d3 b3c5 d3d2 g8f8 d6e4 d7d2 d1d2 d8d2 e4d2 f8e7 g1f2 e6e5 f2e3 e5f4 e3f4 e7d6 f4e3 h7h6 g3g4 c5d7 d2e4 d6e6 h2h3 d7e5 e3d4 c6c5 e4c5 b6c5 d4c5 e5d3 c5b6 e6d6 a3a4 d3c5 a4a5 g7g5 b6b5 c5e6 b5b6 e6c5 b6b5 c5e6 b5b6
Warning; PV continues after threefold repetition - move b6b5 from ref-5047070
Info; info score cp 0 time 55 depth 33 nodes 247507 nps 4447884 pv e6c5 b6b5 
Position; fen rnbqk1nr/p1pp1ppp/1p2p3/2b5/Q1P5/3P4/PP2PPPP/RNB1KBNR w KQkq - 0 4
Moves; g1f3 c8b7 b1c3 b7c6 a4d1 c6f3 e2f3 b8c6 f1e2 g8e7 e1g1 e8g8 a2a3 e7f5 c1d2 a7a6 f3f4 d8h4 e2f3 f5d4 f3e4 f7f5 g2g3 h4g4 d1g4 f5g4 d2e3 d4b3 e3c5 b3c5 a1d1 c5e4 d3e4 d7d6 b2b4 a8e8 f2f3 g4f3 b4b5 a6b5 c3b5 e8c8 f1f3 c6a5 f3c3 a5b7 c3e3 b7c5 e4e5 d6e5 e3e5 c7c6 b5d6 c8d8 e5e2 d8d7 e2d2 f8a8 d1b1 a8d8 b1d1 c5b3 d2d3 b3c5 d3d2 g8f8 d6e4 d7d2 d1d2 d8d2 e4d2 f8e7 g1f2 e6e5 f2e3 e5f4 e3f4 e7d6 f4e3 h7h6 g3g4 c5d7 d2e4 d6e6 h2h3 d7e5 e3d4 c6c5 e4c5 b6c5 d4c5 e5d3 c5b6 e6d6 a3a4 d3c5 a4a5 g7g5 b6b5 c5e6 b5b6 e6c5 b6b5 c5e6 b5b6
Warning; PV continues after threefold repetition - move b6b5 from ref-5047070
Info; info score cp 0 time 90 depth 34 nodes 400826 nps 4424665 pv e6c5 b6b5 
Position; fen rnbqk1nr/p1pp1ppp/1p2p3/2b5/Q1P5/3P4/PP2PPPP/RNB1KBNR w KQkq - 0 4
Moves; g1f3 c8b7 b1c3 b7c6 a4d1 c6f3 e2f3 b8c6 f1e2 g8e7 e1g1 e8g8 a2a3 e7f5 c1d2 a7a6 f3f4 d8h4 e2f3 f5d4 f3e4 f7f5 g2g3 h4g4 d1g4 f5g4 d2e3 d4b3 e3c5 b3c5 a1d1 c5e4 d3e4 d7d6 b2b4 a8e8 f2f3 g4f3 b4b5 a6b5 c3b5 e8c8 f1f3 c6a5 f3c3 a5b7 c3e3 b7c5 e4e5 d6e5 e3e5 c7c6 b5d6 c8d8 e5e2 d8d7 e2d2 f8a8 d1b1 a8d8 b1d1 c5b3 d2d3 b3c5 d3d2 g8f8 d6e4 d7d2 d1d2 d8d2 e4d2 f8e7 g1f2 e6e5 f2e3 e5f4 e3f4 e7d6 f4e3 h7h6 g3g4 c5d7 d2e4 d6e6 h2h3 d7e5 e3d4 c6c5 e4c5 b6c5 d4c5 e5d3 c5b6 e6d6 a3a4 d3c5 a4a5 g7g5 b6b5 c5e6 b5b6 e6c5 b6b5 c5e6 b5b6
Finished game 413 (candidate vs ref-5047070): 1/2-1/2 {Draw by 3-fold repetition}
Started game 423 of 1000 (candidate vs ref-5047070)
Finished game 404 (ref-5047070 vs candidate): 1/2-1/2 {Draw by 3-fold repetition}
Started game 424 of 1000 (ref-5047070 vs candidate)
Finished game 412 (ref-5047070 vs candidate): 1-0 {White wins by adjudication}
Started game 425 of 1000 (candidate vs ref-5047070)
Finished game 409 (candidate vs ref-5047070): 0-1 {Black wins by adjudication}
Started game 426 of 1000 (ref-5047070 vs candidate)
Finished game 419 (candidate vs ref-5047070): 0-1 {Black wins by adjudication}
Started game 427 of 1000 (candidate vs ref-5047070)
Finished game 417 (candidate vs ref-5047070): 1/2-1/2 {Draw by 3-fold repetition}
Started game 428 of 1000 (ref-5047070 vs candidate)
Finished game 418 (ref-5047070 vs candidate): 1-0 {White wins by adjudication}
Started game 429 of 1000 (candidate vs ref-5047070)
Finished game 421 (candidate vs ref-5047070): 1-0 {White wins by adjudication}
Started game 430 of 1000 (ref-5047070 vs candidate)
Finished game 415 (candidate vs ref-5047070): 0-1 {Black wins by adjudication}
Started game 431 of 1000 (candidate vs ref-5047070)
Finished game 426 (ref-5047070 vs candidate): 1/2-1/2 {Draw by 3-fold repetition}
Started game 432 of 1000 (ref-5047070 vs candidate)
Finished game 424 (ref-5047070 vs candidate): 1-0 {White wins by adjudication}
Started game 433 of 1000 (candidate vs ref-5047070)
Finished game 416 (ref-5047070 vs candidate): 1/2-1/2 {Draw by adjudication}
Started game 434 of 1000 (ref-5047070 vs candidate)
Finished game 425 (candidate vs ref-5047070): 1/2-1/2 {Draw by 3-fold repetition}
Started game 435 of 1000 (candidate vs ref-5047070)
Finished game 422 (ref-5047070 vs candidate): 0-1 {Black wins by adjudication}
Started game 436 of 1000 (ref-5047070 vs candidate)
Finished game 420 (ref-5047070 vs candidate): 1/2-1/2 {Draw by insufficient mating material}
--------------------------------------------------
Results of candidate vs ref-5047070 (8+0.08, 1t, 16MB, noob_3moves.epd):
Elo: -7.38 +/- 26.97, nElo: -9.07 +/- 33.07
LOS: 29.55 %, DrawRatio: 32.55 %, PairsRatio: 1.01
Games: 424, Wins: 133, Losses: 142, Draws: 149, Points: 207.5 (48.94 %)
Ptnml(0-2): [28, 43, 69, 54, 18], WL/DD Ratio: 1.65
--------------------------------------------------
Started game 437 of 1000 (candidate vs ref-5047070)
Finished game 423 (candidate vs ref-5047070): 1-0 {White wins by adjudication}
Started game 438 of 1000 (ref-5047070 vs candidate)
Finished game 428 (ref-5047070 vs candidate): 0-1 {Black wins by adjudication}
Started game 439 of 1000 (candidate vs ref-5047070)
Finished game 431 (candidate vs ref-5047070): 0-1 {Black wins by adjudication}
Started game 440 of 1000 (ref-5047070 vs candidate)
Finished game 432 (ref-5047070 vs candidate): 1-0 {White wins by adjudication}
Started game 441 of 1000 (candidate vs ref-5047070)
Finished game 429 (candidate vs ref-5047070): 1-0 {White wins by adjudication}
Started game 442 of 1000 (ref-5047070 vs candidate)
Finished game 436 (ref-5047070 vs candidate): 1-0 {White wins by adjudication}
Started game 443 of 1000 (candidate vs ref-5047070)
Finished game 427 (candidate vs ref-5047070): 1/2-1/2 {Draw by fifty moves rule}
Started game 444 of 1000 (ref-5047070 vs candidate)
Finished game 430 (ref-5047070 vs candidate): 1/2-1/2 {Draw by adjudication}
Started game 445 of 1000 (candidate vs ref-5047070)
Finished game 433 (candidate vs ref-5047070): 0-1 {Black wins by adjudication}
Started game 446 of 1000 (ref-5047070 vs candidate)
Finished game 437 (candidate vs ref-5047070): 0-1 {Black wins by adjudication}
Started game 447 of 1000 (candidate vs ref-5047070)
Finished game 434 (ref-5047070 vs candidate): 0-1 {Black wins by adjudication}
Started game 448 of 1000 (ref-5047070 vs candidate)
Finished game 435 (candidate vs ref-5047070): 0-1 {Black wins by adjudication}
Started game 449 of 1000 (candidate vs ref-5047070)
Finished game 439 (candidate vs ref-5047070): 1-0 {White wins by adjudication}
Started game 450 of 1000 (ref-5047070 vs candidate)
Finished game 440 (ref-5047070 vs candidate): 1-0 {White wins by adjudication}
--------------------------------------------------
Results of candidate vs ref-5047070 (8+0.08, 1t, 16MB, noob_3moves.epd):
Elo: -8.73 +/- 26.56, nElo: -10.72 +/- 32.54
LOS: 25.93 %, DrawRatio: 32.88 %, PairsRatio: 1.01
Games: 438, Wins: 138, Losses: 149, Draws: 151, Points: 213.5 (48.74 %)
Ptnml(0-2): [30, 43, 72, 56, 18], WL/DD Ratio: 1.77
--------------------------------------------------
Started game 451 of 1000 (candidate vs ref-5047070)
Finished game 438 (ref-5047070 vs candidate): 1/2-1/2 {Draw by 3-fold repetition}
Started game 452 of 1000 (ref-5047070 vs candidate)
Finished game 444 (ref-5047070 vs candidate): 1-0 {White wins by adjudication}
Started game 453 of 1000 (candidate vs ref-5047070)
Finished game 441 (candidate vs ref-5047070): 0-1 {Black wins by adjudication}
Started game 454 of 1000 (ref-5047070 vs candidate)
Finished game 443 (candidate vs ref-5047070): 1-0 {White wins by adjudication}
Started game 455 of 1000 (candidate vs ref-5047070)
Finished game 447 (candidate vs ref-5047070): 1-0 {White wins by adjudication}
Started game 456 of 1000 (ref-5047070 vs candidate)
Finished game 445 (candidate vs ref-5047070): 1-0 {White wins by adjudication}
Started game 457 of 1000 (candidate vs ref-5047070)
Finished game 446 (ref-5047070 vs candidate): 1-0 {White wins by adjudication}
Started game 458 of 1000 (ref-5047070 vs candidate)
Finished game 448 (ref-5047070 vs candidate): 1-0 {White wins by adjudication}
Started game 459 of 1000 (candidate vs ref-5047070)
Finished game 442 (ref-5047070 vs candidate): 1-0 {White wins by adjudication}
Started game 460 of 1000 (ref-5047070 vs candidate)
Finished game 453 (candidate vs ref-5047070): 0-1 {Black wins by adjudication}
Started game 461 of 1000 (candidate vs ref-5047070)
Finished game 450 (ref-5047070 vs candidate): 0-1 {Black wins by adjudication}
Started game 462 of 1000 (ref-5047070 vs candidate)
Finished game 449 (candidate vs ref-5047070): 1-0 {White wins by adjudication}
Started game 463 of 1000 (candidate vs ref-5047070)
Finished game 451 (candidate vs ref-5047070): 0-1 {Black wins by adjudication}
Started game 464 of 1000 (ref-5047070 vs candidate)
Finished game 454 (ref-5047070 vs candidate): 0-1 {Black wins by adjudication}
Started game 465 of 1000 (candidate vs ref-5047070)
Finished game 452 (ref-5047070 vs candidate): 0-1 {Black wins by adjudication}
Started game 466 of 1000 (ref-5047070 vs candidate)
Finished game 456 (ref-5047070 vs candidate): 1-0 {White wins by adjudication}
Started game 467 of 1000 (candidate vs ref-5047070)
Finished game 457 (candidate vs ref-5047070): 1-0 {White wins by adjudication}
Started game 468 of 1000 (ref-5047070 vs candidate)
Finished game 459 (candidate vs ref-5047070): 1-0 {White wins by adjudication}
Started game 469 of 1000 (candidate vs ref-5047070)
Finished game 455 (candidate vs ref-5047070): 1-0 {White wins by adjudication}
Started game 470 of 1000 (ref-5047070 vs candidate)
Finished game 460 (ref-5047070 vs candidate): 0-1 {Black wins by adjudication}
--------------------------------------------------
Results of candidate vs ref-5047070 (8+0.08, 1t, 16MB, noob_3moves.epd):
Elo: -7.59 +/- 25.97, nElo: -9.32 +/- 31.82
LOS: 28.30 %, DrawRatio: 34.06 %, PairsRatio: 1.01
Games: 458, Wins: 148, Losses: 158, Draws: 152, Points: 224.0 (48.91 %)
Ptnml(0-2): [31, 44, 78, 56, 20], WL/DD Ratio: 2.00
--------------------------------------------------
Started game 471 of 1000 (candidate vs ref-5047070)
Finished game 458 (ref-5047070 vs candidate): 1/2-1/2 {Draw by 3-fold repetition}
Started game 472 of 1000 (ref-5047070 vs candidate)
Finished game 464 (ref-5047070 vs candidate): 0-1 {Black wins by adjudication}
Started game 473 of 1000 (candidate vs ref-5047070)
Finished game 463 (candidate vs ref-5047070): 1/2-1/2 {Draw by insufficient mating material}
Started game 474 of 1000 (ref-5047070 vs candidate)
Finished game 466 (ref-5047070 vs candidate): 0-1 {Black wins by adjudication}
Started game 475 of 1000 (candidate vs ref-5047070)
Finished game 465 (candidate vs ref-5047070): 1-0 {White wins by adjudication}
Started game 476 of 1000 (ref-5047070 vs candidate)
Finished game 461 (candidate vs ref-5047070): 1-0 {White wins by adjudication}
Started game 477 of 1000 (candidate vs ref-5047070)
Finished game 469 (candidate vs ref-5047070): 1-0 {White wins by adjudication}
Started game 478 of 1000 (ref-5047070 vs candidate)
Finished game 462 (ref-5047070 vs candidate): 1/2-1/2 {Draw by 3-fold repetition}
Started game 479 of 1000 (candidate vs ref-5047070)
Finished game 471 (candidate vs ref-5047070): 1/2-1/2 {Draw by 3-fold repetition}
Started game 480 of 1000 (ref-5047070 vs candidate)
Warning; PV continues after threefold repetition - move g2g3 from ref-5047070
Info; info score cp 122 time 7 depth 9 nodes 34685 nps 4461667 pv c6c2 f7f6 c2c6 f6f7 g2g3 a3a4 e4e5 a4a5 e5d4 
Position; fen rnbqk1nr/ppp1bppp/3pp3/8/P7/2PP4/1P2PPPP/RNBQKBNR w KQkq - 0 4
Moves; g1f3 g8f6 e2e4 e8g8 f1e2 b8c6 e1g1 e6e5 b2b4 a7a6 b1d2 d6d5 c1b2 d5d4 b4b5 d4c3 b2c3 c6d4 d2c4 a6b5 a4b5 c8e6 c3d4 e5d4 a1a8 d8a8 e4e5 f6d5 f3d4 e6d7 e2g4 a8a7 b5b6 d5b6 g4d7 b6d7 d1g4 e7c5 d4f5 g7g6 d3d4 c5b4 f5h6 g8g7 g4d7 g7h6 c4e3 a7a5 f1b1 b7b5 e3d5 c7c5 d5b4 c5b4 d7e7 h6g7 e7b4 a5b4 b1b4 f8a8 g1f1 a8a4 b4b5 a4d4 f1e2 d4a4 e2e3 a4a3 e3e4 a3a2 e4f3 a2a3 f3f4 a3a7 b5b6 g7f8 e5e6 a7a2 f4e3 f7e6 b6e6 f8f7 e6c6 g6g5 c6h6 f7g7 h6c6 g7f7 h2h3 a2a3 e3e4 h7h5 c6c7 f7f6 c7c6 f6f7
Warning; PV continues after threefold repetition - move g2g3 from ref-5047070
Info; info score cp 124 time 65 depth 13 nodes 342244 nps 5258415 pv c6c7 f7f6 c7c6 f6f7 g2g3 a3a4 e4f3 a4a3 f3g2 f7g7 g3g4 h5h4 c6c7 
Position; fen rnbqk1nr/ppp1bppp/3pp3/8/P7/2PP4/1P2PPPP/RNBQKBNR w KQkq - 0 4
Moves; g1f3 g8f6 e2e4 e8g8 f1e2 b8c6 e1g1 e6e5 b2b4 a7a6 b1d2 d6d5 c1b2 d5d4 b4b5 d4c3 b2c3 c6d4 d2c4 a6b5 a4b5 c8e6 c3d4 e5d4 a1a8 d8a8 e4e5 f6d5 f3d4 e6d7 e2g4 a8a7 b5b6 d5b6 g4d7 b6d7 d1g4 e7c5 d4f5 g7g6 d3d4 c5b4 f5h6 g8g7 g4d7 g7h6 c4e3 a7a5 f1b1 b7b5 e3d5 c7c5 d5b4 c5b4 d7e7 h6g7 e7b4 a5b4 b1b4 f8a8 g1f1 a8a4 b4b5 a4d4 f1e2 d4a4 e2e3 a4a3 e3e4 a3a2 e4f3 a2a3 f3f4 a3a7 b5b6 g7f8 e5e6 a7a2 f4e3 f7e6 b6e6 f8f7 e6c6 g6g5 c6h6 f7g7 h6c6 g7f7 h2h3 a2a3 e3e4 h7h5 c6c7 f7f6 c7c6 f6f7
Warning; PV continues after threefold repetition - move g2g3 from ref-5047070
Info; info score cp 125 time 125 depth 14 nodes 614874 nps 4901933 pv c6c7 f7f6 c7c6 f6f7 g2g3 a3a4 e4d5 a4a5 c6c5 a5a2 d5e4 f7g6 c5c6 g6f7 
Position; fen rnbqk1nr/ppp1bppp/3pp3/8/P7/2PP4/1P2PPPP/RNBQKBNR w KQkq - 0 4
Moves; g1f3 g8f6 e2e4 e8g8 f1e2 b8c6 e1g1 e6e5 b2b4 a7a6 b1d2 d6d5 c1b2 d5d4 b4b5 d4c3 b2c3 c6d4 d2c4 a6b5 a4b5 c8e6 c3d4 e5d4 a1a8 d8a8 e4e5 f6d5 f3d4 e6d7 e2g4 a8a7 b5b6 d5b6 g4d7 b6d7 d1g4 e7c5 d4f5 g7g6 d3d4 c5b4 f5h6 g8g7 g4d7 g7h6 c4e3 a7a5 f1b1 b7b5 e3d5 c7c5 d5b4 c5b4 d7e7 h6g7 e7b4 a5b4 b1b4 f8a8 g1f1 a8a4 b4b5 a4d4 f1e2 d4a4 e2e3 a4a3 e3e4 a3a2 e4f3 a2a3 f3f4 a3a7 b5b6 g7f8 e5e6 a7a2 f4e3 f7e6 b6e6 f8f7 e6c6 g6g5 c6h6 f7g7 h6c6 g7f7 h2h3 a2a3 e3e4 h7h5 c6c7 f7f6 c7c6 f6f7
Warning; PV continues after threefold repetition - move c6b6 from candidate
Info; info score cp -119 time 2 depth 8 nodes 11482 nps 4772236 pv f7f6 c7c6 f6f7 c6b6 a3a2 e4f3 a2c2 b6h6 
Position; fen rnbqk1nr/ppp1bppp/3pp3/8/P7/2PP4/1P2PPPP/RNBQKBNR w KQkq - 0 4
Moves; g1f3 g8f6 e2e4 e8g8 f1e2 b8c6 e1g1 e6e5 b2b4 a7a6 b1d2 d6d5 c1b2 d5d4 b4b5 d4c3 b2c3 c6d4 d2c4 a6b5 a4b5 c8e6 c3d4 e5d4 a1a8 d8a8 e4e5 f6d5 f3d4 e6d7 e2g4 a8a7 b5b6 d5b6 g4d7 b6d7 d1g4 e7c5 d4f5 g7g6 d3d4 c5b4 f5h6 g8g7 g4d7 g7h6 c4e3 a7a5 f1b1 b7b5 e3d5 c7c5 d5b4 c5b4 d7e7 h6g7 e7b4 a5b4 b1b4 f8a8 g1f1 a8a4 b4b5 a4d4 f1e2 d4a4 e2e3 a4a3 e3e4 a3a2 e4f3 a2a3 f3f4 a3a7 b5b6 g7f8 e5e6 a7a2 f4e3 f7e6 b6e6 f8f7 e6c6 g6g5 c6h6 f7g7 h6c6 g7f7 h2h3 a2a3 e3e4 h7h5 c6c7 f7f6 c7c6 f6f7 c6c7
Warning; PV continues after threefold repetition - move c6b6 from candidate
Info; info score cp -118 time 12 depth 10 nodes 59038 nps 4738962 pv f7f6 c7c6 f6f7 c6b6 a3a4 e4e5 a4a5 e5d6 a5a2 b6b5 
Position; fen rnbqk1nr/ppp1bppp/3pp3/8/P7/2PP4/1P2PPPP/RNBQKBNR w KQkq - 0 4
Moves; g1f3 g8f6 e2e4 e8g8 f1e2 b8c6 e1g1 e6e5 b2b4 a7a6 b1d2 d6d5 c1b2 d5d4 b4b5 d4c3 b2c3 c6d4 d2c4 a6b5 a4b5 c8e6 c3d4 e5d4 a1a8 d8a8 e4e5 f6d5 f3d4 e6d7 e2g4 a8a7 b5b6 d5b6 g4d7 b6d7 d1g4 e7c5 d4f5 g7g6 d3d4 c5b4 f5h6 g8g7 g4d7 g7h6 c4e3 a7a5 f1b1 b7b5 e3d5 c7c5 d5b4 c5b4 d7e7 h6g7 e7b4 a5b4 b1b4 f8a8 g1f1 a8a4 b4b5 a4d4 f1e2 d4a4 e2e3 a4a3 e3e4 a3a2 e4f3 a2a3 f3f4 a3a7 b5b6 g7f8 e5e6 a7a2 f4e3 f7e6 b6e6 f8f7 e6c6 g6g5 c6h6 f7g7 h6c6 g7f7 h2h3 a2a3 e3e4 h7h5 c6c7 f7f6 c7c6 f6f7 c6c7
Warning; PV continues after threefold repetition - move f2f3 from ref-5047070
Info; info score cp 125 time 0 depth 3 nodes 110 nps 1666666 pv c7c6 g6f7 f2f3 
Position; fen rnbqk1nr/ppp1bppp/3pp3/8/P7/2PP4/1P2PPPP/RNBQKBNR w KQkq - 0 4
Moves; g1f3 g8f6 e2e4 e8g8 f1e2 b8c6 e1g1 e6e5 b2b4 a7a6 b1d2 d6d5 c1b2 d5d4 b4b5 d4c3 b2c3 c6d4 d2c4 a6b5 a4b5 c8e6 c3d4 e5d4 a1a8 d8a8 e4e5 f6d5 f3d4 e6d7 e2g4 a8a7 b5b6 d5b6 g4d7 b6d7 d1g4 e7c5 d4f5 g7g6 d3d4 c5b4 f5h6 g8g7 g4d7 g7h6 c4e3 a7a5 f1b1 b7b5 e3d5 c7c5 d5b4 c5b4 d7e7 h6g7 e7b4 a5b4 b1b4 f8a8 g1f1 a8a4 b4b5 a4d4 f1e2 d4a4 e2e3 a4a3 e3e4 a3a2 e4f3 a2a3 f3f4 a3a7 b5b6 g7f8 e5e6 a7a2 f4e3 f7e6 b6e6 f8f7 e6c6 g6g5 c6h6 f7g7 h6c6 g7f7 h2h3 a2a3 e3e4 h7h5 c6c7 f7f6 c7c6 f6f7 c6c7 f7g6
Warning; PV continues after threefold repetition - move g2g3 from ref-5047070
Info; info score cp 125 time 0 depth 4 nodes 312 nps 2437500 pv c7c6 g6f7 g2g3 a3a4 
Position; fen rnbqk1nr/ppp1bppp/3pp3/8/P7/2PP4/1P2PPPP/RNBQKBNR w KQkq - 0 4
Moves; g1f3 g8f6 e2e4 e8g8 f1e2 b8c6 e1g1 e6e5 b2b4 a7a6 b1d2 d6d5 c1b2 d5d4 b4b5 d4c3 b2c3 c6d4 d2c4 a6b5 a4b5 c8e6 c3d4 e5d4 a1a8 d8a8 e4e5 f6d5 f3d4 e6d7 e2g4 a8a7 b5b6 d5b6 g4d7 b6d7 d1g4 e7c5 d4f5 g7g6 d3d4 c5b4 f5h6 g8g7 g4d7 g7h6 c4e3 a7a5 f1b1 b7b5 e3d5 c7c5 d5b4 c5b4 d7e7 h6g7 e7b4 a5b4 b1b4 f8a8 g1f1 a8a4 b4b5 a4d4 f1e2 d4a4 e2e3 a4a3 e3e4 a3a2 e4f3 a2a3 f3f4 a3a7 b5b6 g7f8 e5e6 a7a2 f4e3 f7e6 b6e6 f8f7 e6c6 g6g5 c6h6 f7g7 h6c6 g7f7 h2h3 a2a3 e3e4 h7h5 c6c7 f7f6 c7c6 f6f7 c6c7 f7g6
Warning; PV continues after threefold repetition - move g2g3 from ref-5047070
Info; info score cp 125 time 0 depth 5 nodes 470 nps 2640449 pv c7c6 g6f7 g2g3 a3a4 e4e5 
Position; fen rnbqk1nr/ppp1bppp/3pp3/8/P7/2PP4/1P2PPPP/RNBQKBNR w KQkq - 0 4
Moves; g1f3 g8f6 e2e4 e8g8 f1e2 b8c6 e1g1 e6e5 b2b4 a7a6 b1d2 d6d5 c1b2 d5d4 b4b5 d4c3 b2c3 c6d4 d2c4 a6b5 a4b5 c8e6 c3d4 e5d4 a1a8 d8a8 e4e5 f6d5 f3d4 e6d7 e2g4 a8a7 b5b6 d5b6 g4d7 b6d7 d1g4 e7c5 d4f5 g7g6 d3d4 c5b4 f5h6 g8g7 g4d7 g7h6 c4e3 a7a5 f1b1 b7b5 e3d5 c7c5 d5b4 c5b4 d7e7 h6g7 e7b4 a5b4 b1b4 f8a8 g1f1 a8a4 b4b5 a4d4 f1e2 d4a4 e2e3 a4a3 e3e4 a3a2 e4f3 a2a3 f3f4 a3a7 b5b6 g7f8 e5e6 a7a2 f4e3 f7e6 b6e6 f8f7 e6c6 g6g5 c6h6 f7g7 h6c6 g7f7 h2h3 a2a3 e3e4 h7h5 c6c7 f7f6 c7c6 f6f7 c6c7 f7g6
Warning; PV continues after threefold repetition - move g2g3 from ref-5047070
Info; info score cp 125 time 0 depth 6 nodes 984 nps 3065420 pv c7c6 g6f7 g2g3 a3a4 e4e5 a4a5 
Position; fen rnbqk1nr/ppp1bppp/3pp3/8/P7/2PP4/1P2PPPP/RNBQKBNR w KQkq - 0 4
Moves; g1f3 g8f6 e2e4 e8g8 f1e2 b8c6 e1g1 e6e5 b2b4 a7a6 b1d2 d6d5 c1b2 d5d4 b4b5 d4c3 b2c3 c6d4 d2c4 a6b5 a4b5 c8e6 c3d4 e5d4 a1a8 d8a8 e4e5 f6d5 f3d4 e6d7 e2g4 a8a7 b5b6 d5b6 g4d7 b6d7 d1g4 e7c5 d4f5 g7g6 d3d4 c5b4 f5h6 g8g7 g4d7 g7h6 c4e3 a7a5 f1b1 b7b5 e3d5 c7c5 d5b4 c5b4 d7e7 h6g7 e7b4 a5b4 b1b4 f8a8 g1f1 a8a4 b4b5 a4d4 f1e2 d4a4 e2e3 a4a3 e3e4 a3a2 e4f3 a2a3 f3f4 a3a7 b5b6 g7f8 e5e6 a7a2 f4e3 f7e6 b6e6 f8f7 e6c6 g6g5 c6h6 f7g7 h6c6 g7f7 h2h3 a2a3 e3e4 h7h5 c6c7 f7f6 c7c6 f6f7 c6c7 f7g6
Warning; PV continues after threefold repetition - move g2g3 from ref-5047070
Info; info score cp 125 time 0 depth 7 nodes 1145 nps 3119891 pv c7c6 g6f7 g2g3 a3a4 e4e5 a4a5 e5d6 
Position; fen rnbqk1nr/ppp1bppp/3pp3/8/P7/2PP4/1P2PPPP/RNBQKBNR w KQkq - 0 4
Moves; g1f3 g8f6 e2e4 e8g8 f1e2 b8c6 e1g1 e6e5 b2b4 a7a6 b1d2 d6d5 c1b2 d5d4 b4b5 d4c3 b2c3 c6d4 d2c4 a6b5 a4b5 c8e6 c3d4 e5d4 a1a8 d8a8 e4e5 f6d5 f3d4 e6d7 e2g4 a8a7 b5b6 d5b6 g4d7 b6d7 d1g4 e7c5 d4f5 g7g6 d3d4 c5b4 f5h6 g8g7 g4d7 g7h6 c4e3 a7a5 f1b1 b7b5 e3d5 c7c5 d5b4 c5b4 d7e7 h6g7 e7b4 a5b4 b1b4 f8a8 g1f1 a8a4 b4b5 a4d4 f1e2 d4a4 e2e3 a4a3 e3e4 a3a2 e4f3 a2a3 f3f4 a3a7 b5b6 g7f8 e5e6 a7a2 f4e3 f7e6 b6e6 f8f7 e6c6 g6g5 c6h6 f7g7 h6c6 g7f7 h2h3 a2a3 e3e4 h7h5 c6c7 f7f6 c7c6 f6f7 c6c7 f7g6
Warning; PV continues after threefold repetition - move g2g3 from ref-5047070
Info; info score cp 125 time 0 depth 8 nodes 1450 nps 3243847 pv c7c6 g6f7 g2g3 a3a4 e4e5 a4a5 e5d6 a5f5 
Position; fen rnbqk1nr/ppp1bppp/3pp3/8/P7/2PP4/1P2PPPP/RNBQKBNR w KQkq - 0 4
Moves; g1f3 g8f6 e2e4 e8g8 f1e2 b8c6 e1g1 e6e5 b2b4 a7a6 b1d2 d6d5 c1b2 d5d4 b4b5 d4c3 b2c3 c6d4 d2c4 a6b5 a4b5 c8e6 c3d4 e5d4 a1a8 d8a8 e4e5 f6d5 f3d4 e6d7 e2g4 a8a7 b5b6 d5b6 g4d7 b6d7 d1g4 e7c5 d4f5 g7g6 d3d4 c5b4 f5h6 g8g7 g4d7 g7h6 c4e3 a7a5 f1b1 b7b5 e3d5 c7c5 d5b4 c5b4 d7e7 h6g7 e7b4 a5b4 b1b4 f8a8 g1f1 a8a4 b4b5 a4d4 f1e2 d4a4 e2e3 a4a3 e3e4 a3a2 e4f3 a2a3 f3f4 a3a7 b5b6 g7f8 e5e6 a7a2 f4e3 f7e6 b6e6 f8f7 e6c6 g6g5 c6h6 f7g7 h6c6 g7f7 h2h3 a2a3 e3e4 h7h5 c6c7 f7f6 c7c6 f6f7 c6c7 f7g6
Warning; PV continues after threefold repetition - move g2g3 from ref-5047070
Info; info score cp 125 time 0 depth 9 nodes 3962 nps 3989929 pv c7c6 g6f7 g2g3 a3a4 e4e5 a4a5 e5d4 a5a4 d4e3 
Position; fen rnbqk1nr/ppp1bppp/3pp3/8/P7/2PP4/1P2PPPP/RNBQKBNR w KQkq - 0 4
Moves; g1f3 g8f6 e2e4 e8g8 f1e2 b8c6 e1g1 e6e5 b2b4 a7a6 b1d2 d6d5 c1b2 d5d4 b4b5 d4c3 b2c3 c6d4 d2c4 a6b5 a4b5 c8e6 c3d4 e5d4 a1a8 d8a8 e4e5 f6d5 f3d4 e6d7 e2g4 a8a7 b5b6 d5b6 g4d7 b6d7 d1g4 e7c5 d4f5 g7g6 d3d4 c5b4 f5h6 g8g7 g4d7 g7h6 c4e3 a7a5 f1b1 b7b5 e3d5 c7c5 d5b4 c5b4 d7e7 h6g7 e7b4 a5b4 b1b4 f8a8 g1f1 a8a4 b4b5 a4d4 f1e2 d4a4 e2e3 a4a3 e3e4 a3a2 e4f3 a2a3 f3f4 a3a7 b5b6 g7f8 e5e6 a7a2 f4e3 f7e6 b6e6 f8f7 e6c6 g6g5 c6h6 f7g7 h6c6 g7f7 h2h3 a2a3 e3e4 h7h5 c6c7 f7f6 c7c6 f6f7 c6c7 f7g6
Warning; PV continues after threefold repetition - move g2g3 from ref-5047070
Info; info score cp 127 time 6 depth 11 nodes 29537 nps 4501905 pv c7c6 g6f7 g2g3 a3a4 e4e5 a4a5 e5d4 a5a4 d4e3 a4a3 e3d4 
Position; fen rnbqk1nr/ppp1bppp/3pp3/8/P7/2PP4/1P2PPPP/RNBQKBNR w KQkq - 0 4
Moves; g1f3 g8f6 e2e4 e8g8 f1e2 b8c6 e1g1 e6e5 b2b4 a7a6 b1d2 d6d5 c1b2 d5d4 b4b5 d4c3 b2c3 c6d4 d2c4 a6b5 a4b5 c8e6 c3d4 e5d4 a1a8 d8a8 e4e5 f6d5 f3d4 e6d7 e2g4 a8a7 b5b6 d5b6 g4d7 b6d7 d1g4 e7c5 d4f5 g7g6 d3d4 c5b4 f5h6 g8g7 g4d7 g7h6 c4e3 a7a5 f1b1 b7b5 e3d5 c7c5 d5b4 c5b4 d7e7 h6g7 e7b4 a5b4 b1b4 f8a8 g1f1 a8a4 b4b5 a4d4 f1e2 d4a4 e2e3 a4a3 e3e4 a3a2 e4f3 a2a3 f3f4 a3a7 b5b6 g7f8 e5e6 a7a2 f4e3 f7e6 b6e6 f8f7 e6c6 g6g5 c6h6 f7g7 h6c6 g7f7 h2h3 a2a3 e3e4 h7h5 c6c7 f7f6 c7c6 f6f7 c6c7 f7g6
Warning; PV continues after threefold repetition - move g2g3 from ref-5047070
Info; info score cp 128 time 18 depth 12 nodes 85441 nps 4599784 pv c7c6 g6f7 g2g3 a3a4 e4e5 a4a5 e5d6 a5a2 f2f4 a2d2 d6e5 d2e2 
Position; fen rnbqk1nr/ppp1bppp/3pp3/8/P7/2PP4/1P2PPPP/RNBQKBNR w KQkq - 0 4
Moves; g1f3 g8f6 e2e4 e8g8 f1e2 b8c6 e1g1 e6e5 b2b4 a7a6 b1d2 d6d5 c1b2 d5d4 b4b5 d4c3 b2c3 c6d4 d2c4 a6b5 a4b5 c8e6 c3d4 e5d4 a1a8 d8a8 e4e5 f6d5 f3d4 e6d7 e2g4 a8a7 b5b6 d5b6 g4d7 b6d7 d1g4 e7c5 d4f5 g7g6 d3d4 c5b4 f5h6 g8g7 g4d7 g7h6 c4e3 a7a5 f1b1 b7b5 e3d5 c7c5 d5b4 c5b4 d7e7 h6g7 e7b4 a5b4 b1b4 f8a8 g1f1 a8a4 b4b5 a4d4 f1e2 d4a4 e2e3 a4a3 e3e4 a3a2 e4f3 a2a3 f3f4 a3a7 b5b6 g7f8 e5e6 a7a2 f4e3 f7e6 b6e6 f8f7 e6c6 g6g5 c6h6 f7g7 h6c6 g7f7 h2h3 a2a3 e3e4 h7h5 c6c7 f7f6 c7c6 f6f7 c6c7 f7g6
Warning; PV continues after threefold repetition - move g2g3 from ref-5047070
Info; info score cp 122 time 61 depth 13 nodes 282629 nps 4589250 pv c7c6 g6f7 g2g3 a3a4 e4e5 a4a5 e5d4 a5a4 d4c5 a4a5 c5b6 a5a2 c6c7 
Position; fen rnbqk1nr/ppp1bppp/3pp3/8/P7/2PP4/1P2PPPP/RNBQKBNR w KQkq - 0 4
Moves; g1f3 g8f6 e2e4 e8g8 f1e2 b8c6 e1g1 e6e5 b2b4 a7a6 b1d2 d6d5 c1b2 d5d4 b4b5 d4c3 b2c3 c6d4 d2c4 a6b5 a4b5 c8e6 c3d4 e5d4 a1a8 d8a8 e4e5 f6d5 f3d4 e6d7 e2g4 a8a7 b5b6 d5b6 g4d7 b6d7 d1g4 e7c5 d4f5 g7g6 d3d4 c5b4 f5h6 g8g7 g4d7 g7h6 c4e3 a7a5 f1b1 b7b5 e3d5 c7c5 d5b4 c5b4 d7e7 h6g7 e7b4 a5b4 b1b4 f8a8 g1f1 a8a4 b4b5 a4d4 f1e2 d4a4 e2e3 a4a3 e3e4 a3a2 e4f3 a2a3 f3f4 a3a7 b5b6 g7f8 e5e6 a7a2 f4e3 f7e6 b6e6 f8f7 e6c6 g6g5 c6h6 f7g7 h6c6 g7f7 h2h3 a2a3 e3e4 h7h5 c6c7 f7f6 c7c6 f6f7 c6c7 f7g6
Warning; PV continues after threefold repetition - move g2g3 from ref-5047070
Info; info score cp 122 time 93 depth 14 nodes 427243 nps 4552548 pv c7c6 g6f7 g2g3 a3a4 e4e5 a4a5 e5d4 a5a4 d4c5 a4a5 c5b6 a5a2 c6c7 f7e6 
Position; fen rnbqk1nr/ppp1bppp/3pp3/8/P7/2PP4/1P2PPPP/RNBQKBNR w KQkq - 0 4
Moves; g1f3 g8f6 e2e4 e8g8 f1e2 b8c6 e1g1 e6e5 b2b4 a7a6 b1d2 d6d5 c1b2 d5d4 b4b5 d4c3 b2c3 c6d4 d2c4 a6b5 a4b5 c8e6 c3d4 e5d4 a1a8 d8a8 e4e5 f6d5 f3d4 e6d7 e2g4 a8a7 b5b6 d5b6 g4d7 b6d7 d1g4 e7c5 d4f5 g7g6 d3d4 c5b4 f5h6 g8g7 g4d7 g7h6 c4e3 a7a5 f1b1 b7b5 e3d5 c7c5 d5b4 c5b4 d7e7 h6g7 e7b4 a5b4 b1b4 f8a8 g1f1 a8a4 b4b5 a4d4 f1e2 d4a4 e2e3 a4a3 e3e4 a3a2 e4f3 a2a3 f3f4 a3a7 b5b6 g7f8 e5e6 a7a2 f4e3 f7e6 b6e6 f8f7 e6c6 g6g5 c6h6 f7g7 h6c6 g7f7 h2h3 a2a3 e3e4 h7h5 c6c7 f7f6 c7c6 f6f7 c6c7 f7g6
Warning; PV continues after threefold repetition - move c6h6 from candidate
Info; info score cp -122 time 0 depth 7 nodes 1589 nps 4260053 pv g6f7 c6h6 a3a4 e4e3 a4a3 e3d4 h5h4 
Position; fen rnbqk1nr/ppp1bppp/3pp3/8/P7/2PP4/1P2PPPP/RNBQKBNR w KQkq - 0 4
Moves; g1f3 g8f6 e2e4 e8g8 f1e2 b8c6 e1g1 e6e5 b2b4 a7a6 b1d2 d6d5 c1b2 d5d4 b4b5 d4c3 b2c3 c6d4 d2c4 a6b5 a4b5 c8e6 c3d4 e5d4 a1a8 d8a8 e4e5 f6d5 f3d4 e6d7 e2g4 a8a7 b5b6 d5b6 g4d7 b6d7 d1g4 e7c5 d4f5 g7g6 d3d4 c5b4 f5h6 g8g7 g4d7 g7h6 c4e3 a7a5 f1b1 b7b5 e3d5 c7c5 d5b4 c5b4 d7e7 h6g7 e7b4 a5b4 b1b4 f8a8 g1f1 a8a4 b4b5 a4d4 f1e2 d4a4 e2e3 a4a3 e3e4 a3a2 e4f3 a2a3 f3f4 a3a7 b5b6 g7f8 e5e6 a7a2 f4e3 f7e6 b6e6 f8f7 e6c6 g6g5 c6h6 f7g7 h6c6 g7f7 h2h3 a2a3 e3e4 h7h5 c6c7 f7f6 c7c6 f6f7 c6c7 f7g6 c7c6
Warning; PV continues after threefold repetition - move c6h6 from candidate
Info; info score cp -120 time 56 depth 13 nodes 263386 nps 4632673 pv g6f7 c6h6 a3a4 e4e3 a4a3 e3d4 a3a4 d4c5 h5h4 h6h7 f7f6 h7c7 a4a2 
Position; fen rnbqk1nr/ppp1bppp/3pp3/8/P7/2PP4/1P2PPPP/RNBQKBNR w KQkq - 0 4
Moves; g1f3 g8f6 e2e4 e8g8 f1e2 b8c6 e1g1 e6e5 b2b4 a7a6 b1d2 d6d5 c1b2 d5d4 b4b5 d4c3 b2c3 c6d4 d2c4 a6b5 a4b5 c8e6 c3d4 e5d4 a1a8 d8a8 e4e5 f6d5 f3d4 e6d7 e2g4 a8a7 b5b6 d5b6 g4d7 b6d7 d1g4 e7c5 d4f5 g7g6 d3d4 c5b4 f5h6 g8g7 g4d7 g7h6 c4e3 a7a5 f1b1 b7b5 e3d5 c7c5 d5b4 c5b4 d7e7 h6g7 e7b4 a5b4 b1b4 f8a8 g1f1 a8a4 b4b5 a4d4 f1e2 d4a4 e2e3 a4a3 e3e4 a3a2 e4f3 a2a3 f3f4 a3a7 b5b6 g7f8 e5e6 a7a2 f4e3 f7e6 b6e6 f8f7 e6c6 g6g5 c6h6 f7g7 h6c6 g7f7 h2h3 a2a3 e3e4 h7h5 c6c7 f7f6 c7c6 f6f7 c6c7 f7g6 c7c6
Warning; PV continues after threefold repetition - move c6h6 from candidate
Info; info score cp -122 time 83 depth 14 nodes 388906 nps 4635793 pv g6f7 c6h6 a3a4 e4e3 a4a3 e3d4 a3a4 d4c5 a4a2 h6h5 f7g6 h5h8 a2f2 h8g8 
Position; fen rnbqk1nr/ppp1bppp/3pp3/8/P7/2PP4/1P2PPPP/RNBQKBNR w KQkq - 0 4
Moves; g1f3 g8f6 e2e4 e8g8 f1e2 b8c6 e1g1 e6e5 b2b4 a7a6 b1d2 d6d5 c1b2 d5d4 b4b5 d4c3 b2c3 c6d4 d2c4 a6b5 a4b5 c8e6 c3d4 e5d4 a1a8 d8a8 e4e5 f6d5 f3d4 e6d7 e2g4 a8a7 b5b6 d5b6 g4d7 b6d7 d1g4 e7c5 d4f5 g7g6 d3d4 c5b4 f5h6 g8g7 g4d7 g7h6 c4e3 a7a5 f1b1 b7b5 e3d5 c7c5 d5b4 c5b4 d7e7 h6g7 e7b4 a5b4 b1b4 f8a8 g1f1 a8a4 b4b5 a4d4 f1e2 d4a4 e2e3 a4a3 e3e4 a3a2 e4f3 a2a3 f3f4 a3a7 b5b6 g7f8 e5e6 a7a2 f4e3 f7e6 b6e6 f8f7 e6c6 g6g5 c6h6 f7g7 h6c6 g7f7 h2h3 a2a3 e3e4 h7h5 c6c7 f7f6 c7c6 f6f7 c6c7 f7g6 c7c6
Finished game 470 (ref-5047070 vs candidate): 1/2-1/2 {Draw by 3-fold repetition}
Started game 481 of 1000 (candidate vs ref-5047070)
Finished game 473 (candidate vs ref-5047070): 0-1 {Black wins by adjudication}
Started game 482 of 1000 (ref-5047070 vs candidate)
Finished game 468 (ref-5047070 vs candidate): 1/2-1/2 {Draw by adjudication}
Started game 483 of 1000 (candidate vs ref-5047070)
Finished game 467 (candidate vs ref-5047070): 1-0 {White wins by adjudication}
Started game 484 of 1000 (ref-5047070 vs candidate)
Finished game 474 (ref-5047070 vs candidate): 0-1 {Black wins by adjudication}
Started game 485 of 1000 (candidate vs ref-5047070)
Finished game 481 (candidate vs ref-5047070): 1/2-1/2 {Draw by 3-fold repetition}
Started game 486 of 1000 (ref-5047070 vs candidate)
Finished game 476 (ref-5047070 vs candidate): 1-0 {White wins by adjudication}
Started game 487 of 1000 (candidate vs ref-5047070)
Finished game 478 (ref-5047070 vs candidate): 1/2-1/2 {Draw by 3-fold repetition}
Started game 488 of 1000 (ref-5047070 vs candidate)
Finished game 477 (candidate vs ref-5047070): 0-1 {Black wins by adjudication}
Started game 489 of 1000 (candidate vs ref-5047070)
Finished game 479 (candidate vs ref-5047070): 1-0 {White wins by adjudication}
Started game 490 of 1000 (ref-5047070 vs candidate)
Finished game 482 (ref-5047070 vs candidate): 1/2-1/2 {Draw by 3-fold repetition}
Started game 491 of 1000 (candidate vs ref-5047070)
Finished game 480 (ref-5047070 vs candidate): 0-1 {Black wins by adjudication}
--------------------------------------------------
Results of candidate vs ref-5047070 (8+0.08, 1t, 16MB, noob_3moves.epd):
Elo: -1.45 +/- 25.45, nElo: -1.78 +/- 31.15
LOS: 45.53 %, DrawRatio: 33.47 %, PairsRatio: 1.09
Games: 478, Wins: 158, Losses: 160, Draws: 160, Points: 238.0 (49.79 %)
Ptnml(0-2): [31, 45, 80, 61, 22], WL/DD Ratio: 1.96
--------------------------------------------------
Started game 492 of 1000 (ref-5047070 vs candidate)
Finished game 472 (ref-5047070 vs candidate): 1/2-1/2 {Draw by adjudication}
Started game 493 of 1000 (candidate vs ref-5047070)
Finished game 485 (candidate vs ref-5047070): 1-0 {White wins by adjudication}
Started game 494 of 1000 (ref-5047070 vs candidate)
Finished game 483 (candidate vs ref-5047070): 1-0 {White wins by adjudication}
Started game 495 of 1000 (candidate vs ref-5047070)
Finished game 475 (candidate vs ref-5047070): 1-0 {White wins by adjudication}
Started game 496 of 1000 (ref-5047070 vs candidate)
Finished game 487 (candidate vs ref-5047070): 0-1 {Black wins by adjudication}
Started game 497 of 1000 (candidate vs ref-5047070)
Finished game 491 (candidate vs ref-5047070): 1/2-1/2 {Draw by 3-fold repetition}
Started game 498 of 1000 (ref-5047070 vs candidate)
Finished game 484 (ref-5047070 vs candidate): 0-1 {Black wins by adjudication}
Started game 499 of 1000 (candidate vs ref-5047070)
Finished game 488 (ref-5047070 vs candidate): 0-1 {Black wins by adjudication}
Started game 500 of 1000 (ref-5047070 vs candidate)
Finished game 486 (ref-5047070 vs candidate): 1/2-1/2 {Draw by insufficient mating material}
Started game 501 of 1000 (candidate vs ref-5047070)
Finished game 489 (candidate vs ref-5047070): 0-1 {Black wins by adjudication}
Started game 502 of 1000 (ref-5047070 vs candidate)
Finished game 496 (ref-5047070 vs candidate): 1-0 {White wins by adjudication}
Started game 503 of 1000 (candidate vs ref-5047070)
Finished game 492 (ref-5047070 vs candidate): 0-1 {Black wins by adjudication}
Started game 504 of 1000 (ref-5047070 vs candidate)
Finished game 495 (candidate vs ref-5047070): 1/2-1/2 {Draw by 3-fold repetition}
Started game 505 of 1000 (candidate vs ref-5047070)
Finished game 494 (ref-5047070 vs candidate): 0-1 {Black wins by adjudication}
Started game 506 of 1000 (ref-5047070 vs candidate)
Finished game 493 (candidate vs ref-5047070): 0-1 {Black wins by adjudication}
Started game 507 of 1000 (candidate vs ref-5047070)
Finished game 500 (ref-5047070 vs candidate): 1/2-1/2 {Draw by 3-fold repetition}
Started game 508 of 1000 (ref-5047070 vs candidate)
Finished game 490 (ref-5047070 vs candidate): 1/2-1/2 {Draw by adjudication}
Started game 509 of 1000 (candidate vs ref-5047070)
Finished game 498 (ref-5047070 vs candidate): 1/2-1/2 {Draw by 3-fold repetition}
Started game 510 of 1000 (ref-5047070 vs candidate)
Finished game 497 (candidate vs ref-5047070): 1/2-1/2 {Draw by adjudication}
Started game 511 of 1000 (candidate vs ref-5047070)
Finished game 499 (candidate vs ref-5047070): 1/2-1/2 {Draw by insufficient mating material}
--------------------------------------------------
Results of candidate vs ref-5047070 (8+0.08, 1t, 16MB, noob_3moves.epd):
Elo: -0.00 +/- 24.63, nElo: 0.00 +/- 30.45
LOS: 50.00 %, DrawRatio: 34.40 %, PairsRatio: 1.10
Games: 500, Wins: 165, Losses: 165, Draws: 170, Points: 250.0 (50.00 %)
Ptnml(0-2): [31, 47, 86, 63, 23], WL/DD Ratio: 1.87
--------------------------------------------------
Started game 512 of 1000 (ref-5047070 vs candidate)
Finished game 506 (ref-5047070 vs candidate): 1/2-1/2 {Draw by 3-fold repetition}
Started game 513 of 1000 (candidate vs ref-5047070)
Finished game 502 (ref-5047070 vs candidate): 0-1 {Black wins by adjudication}
Started game 514 of 1000 (ref-5047070 vs candidate)
Finished game 503 (candidate vs ref-5047070): 1-0 {White wins by adjudication}
Started game 515 of 1000 (candidate vs ref-5047070)
Finished game 501 (candidate vs ref-5047070): 1-0 {White wins by adjudication}
Started game 516 of 1000 (ref-5047070 vs candidate)
Finished game 507 (candidate vs ref-5047070): 1-0 {White wins by adjudication}
Started game 517 of 1000 (candidate vs ref-5047070)
Finished game 505 (candidate vs ref-5047070): 1-0 {White wins by adjudication}
Started game 518 of 1000 (ref-5047070 vs candidate)
Finished game 508 (ref-5047070 vs candidate): 1/2-1/2 {Draw by 3-fold repetition}
Started game 519 of 1000 (candidate vs ref-5047070)
Finished game 504 (ref-5047070 vs candidate): 1/2-1/2 {Draw by adjudication}
Started game 520 of 1000 (ref-5047070 vs candidate)
Finished game 510 (ref-5047070 vs candidate): 1/2-1/2 {Draw by 3-fold repetition}
Started game 521 of 1000 (candidate vs ref-5047070)
Finished game 512 (ref-5047070 vs candidate): 1-0 {White wins by adjudication}
Started game 522 of 1000 (ref-5047070 vs candidate)
Finished game 514 (ref-5047070 vs candidate): 1/2-1/2 {Draw by adjudication}
Started game 523 of 1000 (candidate vs ref-5047070)
Finished game 516 (ref-5047070 vs candidate): 0-1 {Black wins by adjudication}
Started game 524 of 1000 (ref-5047070 vs candidate)
Finished game 509 (candidate vs ref-5047070): 0-1 {Black wins by adjudication}
Started game 525 of 1000 (candidate vs ref-5047070)
Finished game 511 (candidate vs ref-5047070): 0-1 {Black wins by adjudication}
Started game 526 of 1000 (ref-5047070 vs candidate)
Finished game 517 (candidate vs ref-5047070): 0-1 {Black wins by adjudication}
Started game 527 of 1000 (candidate vs ref-5047070)
Finished game 515 (candidate vs ref-5047070): 0-1 {Black wins by adjudication}
Started game 528 of 1000 (ref-5047070 vs candidate)
Finished game 513 (candidate vs ref-5047070): 1/2-1/2 {Draw by 3-fold repetition}
Started game 529 of 1000 (candidate vs ref-5047070)
Finished game 518 (ref-5047070 vs candidate): 1-0 {White wins by adjudication}
Started game 530 of 1000 (ref-5047070 vs candidate)
Finished game 523 (candidate vs ref-5047070): 1/2-1/2 {Draw by 3-fold repetition}
Started game 531 of 1000 (candidate vs ref-5047070)
Finished game 519 (candidate vs ref-5047070): 0-1 {Black wins by adjudication}
Started game 532 of 1000 (ref-5047070 vs candidate)
Finished game 526 (ref-5047070 vs candidate): 0-1 {Black wins by adjudication}
Started game 533 of 1000 (candidate vs ref-5047070)
Finished game 524 (ref-5047070 vs candidate): 1/2-1/2 {Draw by 3-fold repetition}
Started game 534 of 1000 (ref-5047070 vs candidate)
Finished game 525 (candidate vs ref-5047070): 1-0 {White wins by adjudication}
Started game 535 of 1000 (candidate vs ref-5047070)
Finished game 521 (candidate vs ref-5047070): 0-1 {Black wins by adjudication}
Started game 536 of 1000 (ref-5047070 vs candidate)
Finished game 520 (ref-5047070 vs candidate): 1/2-1/2 {Draw by insufficient mating material}
--------------------------------------------------
Results of candidate vs ref-5047070 (8+0.08, 1t, 16MB, noob_3moves.epd):
Elo: 0.66 +/- 24.25, nElo: 0.81 +/- 29.75
LOS: 52.14 %, DrawRatio: 33.97 %, PairsRatio: 1.11
Games: 524, Wins: 173, Losses: 172, Draws: 179, Points: 262.5 (50.10 %)
Ptnml(0-2): [33, 49, 89, 66, 25], WL/DD Ratio: 1.78
--------------------------------------------------
Started game 537 of 1000 (candidate vs ref-5047070)
Finished game 522 (ref-5047070 vs candidate): 1/2-1/2 {Draw by adjudication}
Started game 538 of 1000 (ref-5047070 vs candidate)
Finished game 528 (ref-5047070 vs candidate): 1-0 {White wins by adjudication}
Started game 539 of 1000 (candidate vs ref-5047070)
Finished game 532 (ref-5047070 vs candidate): 1-0 {White wins by adjudication}
Started game 540 of 1000 (ref-5047070 vs candidate)
Finished game 529 (candidate vs ref-5047070): 1-0 {White wins by adjudication}
Started game 541 of 1000 (candidate vs ref-5047070)
Finished game 533 (candidate vs ref-5047070): 1/2-1/2 {Draw by 3-fold repetition}
Started game 542 of 1000 (ref-5047070 vs candidate)
Finished game 527 (candidate vs ref-5047070): 1-0 {White wins by adjudication}
Started game 543 of 1000 (candidate vs ref-5047070)
Finished game 531 (candidate vs ref-5047070): 1-0 {White wins by adjudication}
Started game 544 of 1000 (ref-5047070 vs candidate)
Finished game 530 (ref-5047070 vs candidate): 0-1 {Black wins by adjudication}
Started game 545 of 1000 (candidate vs ref-5047070)
Finished game 535 (candidate vs ref-5047070): 0-1 {Black wins by adjudication}
Started game 546 of 1000 (ref-5047070 vs candidate)
Finished game 534 (ref-5047070 vs candidate): 1-0 {White wins by adjudication}
Started game 547 of 1000 (candidate vs ref-5047070)
Finished game 536 (ref-5047070 vs candidate): 1-0 {White wins by adjudication}
Started game 548 of 1000 (ref-5047070 vs candidate)
Finished game 541 (candidate vs ref-5047070): 0-1 {Black wins by adjudication}
Started game 549 of 1000 (candidate vs ref-5047070)
Finished game 539 (candidate vs ref-5047070): 1-0 {White wins by adjudication}
Started game 550 of 1000 (ref-5047070 vs candidate)
Finished game 544 (ref-5047070 vs candidate): 0-1 {Black wins by adjudication}
Started game 551 of 1000 (candidate vs ref-5047070)
Finished game 538 (ref-5047070 vs candidate): 1/2-1/2 {Draw by 3-fold repetition}
Started game 552 of 1000 (ref-5047070 vs candidate)
Finished game 545 (candidate vs ref-5047070): 1/2-1/2 {Draw by 3-fold repetition}
Started game 553 of 1000 (candidate vs ref-5047070)
Finished game 540 (ref-5047070 vs candidate): 1-0 {White wins by adjudication}
--------------------------------------------------
Results of candidate vs ref-5047070 (8+0.08, 1t, 16MB, noob_3moves.epd):
Elo: -0.65 +/- 23.95, nElo: -0.79 +/- 29.36
LOS: 47.89 %, DrawRatio: 34.20 %, PairsRatio: 1.08
Games: 538, Wins: 178, Losses: 179, Draws: 181, Points: 268.5 (49.91 %)
Ptnml(0-2): [34, 51, 92, 66, 26], WL/DD Ratio: 1.88
--------------------------------------------------
Started game 554 of 1000 (ref-5047070 vs candidate)
Finished game 537 (candidate vs ref-5047070): 1-0 {White wins by adjudication}
Started game 555 of 1000 (candidate vs ref-5047070)
Finished game 543 (candidate vs ref-5047070): 0-1 {Black wins by adjudication}
Started game 556 of 1000 (ref-5047070 vs candidate)
Finished game 542 (ref-5047070 vs candidate): 1-0 {White wins by adjudication}
Started game 557 of 1000 (candidate vs ref-5047070)
Finished game 546 (ref-5047070 vs candidate): 0-1 {Black wins by adjudication}
Started game 558 of 1000 (ref-5047070 vs candidate)
Finished game 549 (candidate vs ref-5047070): 1-0 {White wins by adjudication}
Started game 559 of 1000 (candidate vs ref-5047070)
Finished game 552 (ref-5047070 vs candidate): 0-1 {Black wins by adjudication}
Started game 560 of 1000 (ref-5047070 vs candidate)
Finished game 547 (candidate vs ref-5047070): 1-0 {White wins by adjudication}
Started game 561 of 1000 (candidate vs ref-5047070)
Finished game 551 (candidate vs ref-5047070): 0-1 {Black wins by adjudication}
Started game 562 of 1000 (ref-5047070 vs candidate)
Finished game 548 (ref-5047070 vs candidate): 1-0 {White wins by adjudication}
Started game 563 of 1000 (candidate vs ref-5047070)
Finished game 554 (ref-5047070 vs candidate): 1-0 {White wins by adjudication}
Started game 564 of 1000 (ref-5047070 vs candidate)
Finished game 559 (candidate vs ref-5047070): 0-1 {Black wins by adjudication}
Started game 565 of 1000 (candidate vs ref-5047070)
Finished game 556 (ref-5047070 vs candidate): 0-1 {Black wins by adjudication}
Started game 566 of 1000 (ref-5047070 vs candidate)
Finished game 550 (ref-5047070 vs candidate): 1/2-1/2 {Draw by stalemate}
Started game 567 of 1000 (candidate vs ref-5047070)
Finished game 557 (candidate vs ref-5047070): 1-0 {White wins by adjudication}
Started game 568 of 1000 (ref-5047070 vs candidate)
Finished game 555 (candidate vs ref-5047070): 1/2-1/2 {Draw by insufficient mating material}
Started game 569 of 1000 (candidate vs ref-5047070)
Finished game 558 (ref-5047070 vs candidate): 0-1 {Black wins by adjudication}
Started game 570 of 1000 (ref-5047070 vs candidate)
Finished game 560 (ref-5047070 vs candidate): 1/2-1/2 {Draw by adjudication}
--------------------------------------------------
Results of candidate vs ref-5047070 (8+0.08, 1t, 16MB, noob_3moves.epd):
Elo: 1.25 +/- 23.51, nElo: 1.53 +/- 28.83
LOS: 54.14 %, DrawRatio: 34.05 %, PairsRatio: 1.11
Games: 558, Wins: 187, Losses: 185, Draws: 186, Points: 280.0 (50.18 %)
Ptnml(0-2): [35, 52, 95, 70, 27], WL/DD Ratio: 1.97
--------------------------------------------------
Started game 571 of 1000 (candidate vs ref-5047070)
Finished game 562 (ref-5047070 vs candidate): 1-0 {White wins by adjudication}
Started game 572 of 1000 (ref-5047070 vs candidate)
Finished game 553 (candidate vs ref-5047070): 1/2-1/2 {Draw by adjudication}
Started game 573 of 1000 (candidate vs ref-5047070)
Finished game 563 (candidate vs ref-5047070): 1-0 {White wins by adjudication}
Started game 574 of 1000 (ref-5047070 vs candidate)
Finished game 561 (candidate vs ref-5047070): 1/2-1/2 {Draw by insufficient mating material}
Started game 575 of 1000 (candidate vs ref-5047070)
Finished game 564 (ref-5047070 vs candidate): 1-0 {White wins by adjudication}
Started game 576 of 1000 (ref-5047070 vs candidate)
Finished game 565 (candidate vs ref-5047070): 1-0 {White wins by adjudication}
Started game 577 of 1000 (candidate vs ref-5047070)
Finished game 566 (ref-5047070 vs candidate): 1/2-1/2 {Draw by adjudication}
Started game 578 of 1000 (ref-5047070 vs candidate)
Finished game 567 (candidate vs ref-5047070): 0-1 {Black wins by adjudication}
Started game 579 of 1000 (candidate vs ref-5047070)
Finished game 570 (ref-5047070 vs candidate): 1/2-1/2 {Draw by insufficient mating material}
Started game 580 of 1000 (ref-5047070 vs candidate)
Finished game 569 (candidate vs ref-5047070): 1-0 {White wins by adjudication}
Started game 581 of 1000 (candidate vs ref-5047070)
Finished game 571 (candidate vs ref-5047070): 0-1 {Black wins by adjudication}
Started game 582 of 1000 (ref-5047070 vs candidate)
Finished game 573 (candidate vs ref-5047070): 1-0 {White wins by adjudication}
Started game 583 of 1000 (candidate vs ref-5047070)
Finished game 572 (ref-5047070 vs candidate): 1/2-1/2 {Draw by 3-fold repetition}
Started game 584 of 1000 (ref-5047070 vs candidate)
Finished game 576 (ref-5047070 vs candidate): 1/2-1/2 {Draw by 3-fold repetition}
Started game 585 of 1000 (candidate vs ref-5047070)
Finished game 575 (candidate vs ref-5047070): 1/2-1/2 {Draw by 3-fold repetition}
Started game 586 of 1000 (ref-5047070 vs candidate)
Finished game 574 (ref-5047070 vs candidate): 1-0 {White wins by adjudication}
Started game 587 of 1000 (candidate vs ref-5047070)
Finished game 578 (ref-5047070 vs candidate): 1-0 {White wins by adjudication}
Started game 588 of 1000 (ref-5047070 vs candidate)
Finished game 583 (candidate vs ref-5047070): 1/2-1/2 {Draw by 3-fold repetition}
Started game 589 of 1000 (candidate vs ref-5047070)
Finished game 568 (ref-5047070 vs candidate): 1/2-1/2 {Draw by insufficient mating material}
Started game 590 of 1000 (ref-5047070 vs candidate)
Finished game 582 (ref-5047070 vs candidate): 1/2-1/2 {Draw by 3-fold repetition}
Started game 591 of 1000 (candidate vs ref-5047070)
Finished game 584 (ref-5047070 vs candidate): 1-0 {White wins by adjudication}
Started game 592 of 1000 (ref-5047070 vs candidate)
Finished game 581 (candidate vs ref-5047070): 1-0 {White wins by adjudication}
Started game 593 of 1000 (candidate vs ref-5047070)
Finished game 579 (candidate vs ref-5047070): 1/2-1/2 {Draw by adjudication}
Started game 594 of 1000 (ref-5047070 vs candidate)
Finished game 577 (candidate vs ref-5047070): 1/2-1/2 {Draw by fifty moves rule}
Started game 595 of 1000 (candidate vs ref-5047070)
Finished game 587 (candidate vs ref-5047070): 0-1 {Black wins by adjudication}
Started game 596 of 1000 (ref-5047070 vs candidate)
Finished game 586 (ref-5047070 vs candidate): 1-0 {White wins by adjudication}
Started game 597 of 1000 (candidate vs ref-5047070)
Finished game 585 (candidate vs ref-5047070): 0-1 {Black wins by adjudication}
Started game 598 of 1000 (ref-5047070 vs candidate)
Finished game 588 (ref-5047070 vs candidate): 0-1 {Black wins by adjudication}
Started game 599 of 1000 (candidate vs ref-5047070)
Finished game 580 (ref-5047070 vs candidate): 1/2-1/2 {Draw by fifty moves rule}
--------------------------------------------------
Results of candidate vs ref-5047070 (8+0.08, 1t, 16MB, noob_3moves.epd):
Elo: -1.77 +/- 22.70, nElo: -2.20 +/- 28.08
LOS: 43.91 %, DrawRatio: 34.01 %, PairsRatio: 1.06
Games: 588, Wins: 193, Losses: 196, Draws: 199, Points: 292.5 (49.74 %)
Ptnml(0-2): [36, 58, 100, 73, 27], WL/DD Ratio: 1.94
--------------------------------------------------
Started game 600 of 1000 (ref-5047070 vs candidate)
Finished game 590 (ref-5047070 vs candidate): 1/2-1/2 {Draw by 3-fold repetition}
Started game 601 of 1000 (candidate vs ref-5047070)
Finished game 592 (ref-5047070 vs candidate): 0-1 {Black wins by adjudication}
Started game 602 of 1000 (ref-5047070 vs candidate)
Finished game 595 (candidate vs ref-5047070): 1/2-1/2 {Draw by 3-fold repetition}
Started game 603 of 1000 (candidate vs ref-5047070)
Finished game 589 (candidate vs ref-5047070): 1/2-1/2 {Draw by insufficient mating material}
Started game 604 of 1000 (ref-5047070 vs candidate)
Finished game 593 (candidate vs ref-5047070): 0-1 {Black wins by adjudication}
Started game 605 of 1000 (candidate vs ref-5047070)
Finished game 599 (candidate vs ref-5047070): 1-0 {White wins by adjudication}
Started game 606 of 1000 (ref-5047070 vs candidate)
Finished game 598 (ref-5047070 vs candidate): 0-1 {Black wins by adjudication}
Started game 607 of 1000 (candidate vs ref-5047070)
Finished game 602 (ref-5047070 vs candidate): 1/2-1/2 {Draw by 3-fold repetition}
Started game 608 of 1000 (ref-5047070 vs candidate)
Finished game 591 (candidate vs ref-5047070): 1/2-1/2 {Draw by adjudication}
Started game 609 of 1000 (candidate vs ref-5047070)
Finished game 596 (ref-5047070 vs candidate): 1-0 {White wins by adjudication}
Started game 610 of 1000 (ref-5047070 vs candidate)
Finished game 607 (candidate vs ref-5047070): 1/2-1/2 {Draw by 3-fold repetition}
Started game 611 of 1000 (candidate vs ref-5047070)
Finished game 600 (ref-5047070 vs candidate): 1/2-1/2 {Draw by insufficient mating material}
--------------------------------------------------
Results of candidate vs ref-5047070 (8+0.08, 1t, 16MB, noob_3moves.epd):
Elo: -1.17 +/- 22.48, nElo: -1.45 +/- 27.89
LOS: 45.95 %, DrawRatio: 33.89 %, PairsRatio: 1.07
Games: 596, Wins: 195, Losses: 197, Draws: 204, Points: 297.0 (49.83 %)
Ptnml(0-2): [36, 59, 101, 75, 27], WL/DD Ratio: 1.89
--------------------------------------------------
Started game 612 of 1000 (ref-5047070 vs candidate)
Finished game 601 (candidate vs ref-5047070): 0-1 {Black wins by adjudication}
Started game 613 of 1000 (candidate vs ref-5047070)
Finished game 594 (ref-5047070 vs candidate): 0-1 {Black wins by adjudication}
Started game 614 of 1000 (ref-5047070 vs candidate)
Finished game 597 (candidate vs ref-5047070): 1/2-1/2 {Draw by 3-fold repetition}
Started game 615 of 1000 (candidate vs ref-5047070)
Finished game 603 (candidate vs ref-5047070): 1-0 {White wins by adjudication}
Started game 616 of 1000 (ref-5047070 vs candidate)
Finished game 608 (ref-5047070 vs candidate): 1/2-1/2 {Draw by 3-fold repetition}
Started game 617 of 1000 (candidate vs ref-5047070)
Finished game 605 (candidate vs ref-5047070): 0-1 {Black wins by adjudication}
Started game 618 of 1000 (ref-5047070 vs candidate)
Finished game 604 (ref-5047070 vs candidate): 1/2-1/2 {Draw by adjudication}
Started game 619 of 1000 (candidate vs ref-5047070)
Finished game 609 (candidate vs ref-5047070): 1/2-1/2 {Draw by 3-fold repetition}
Started game 620 of 1000 (ref-5047070 vs candidate)
Finished game 606 (ref-5047070 vs candidate): 1/2-1/2 {Draw by 3-fold repetition}
Started game 621 of 1000 (candidate vs ref-5047070)
Finished game 610 (ref-5047070 vs candidate): 1/2-1/2 {Draw by insufficient mating material}
Started game 622 of 1000 (ref-5047070 vs candidate)
Finished game 612 (ref-5047070 vs candidate): 1/2-1/2 {Draw by 3-fold repetition}
Started game 623 of 1000 (candidate vs ref-5047070)
Finished game 611 (candidate vs ref-5047070): 1/2-1/2 {Draw by 3-fold repetition}
Started game 624 of 1000 (ref-5047070 vs candidate)
Finished game 613 (candidate vs ref-5047070): 0-1 {Black wins by adjudication}
Started game 625 of 1000 (candidate vs ref-5047070)
Finished game 614 (ref-5047070 vs candidate): 1/2-1/2 {Draw by 3-fold repetition}
Started game 626 of 1000 (ref-5047070 vs candidate)
Finished game 616 (ref-5047070 vs candidate): 1/2-1/2 {Draw by 3-fold repetition}
Started game 627 of 1000 (candidate vs ref-5047070)
Finished game 618 (ref-5047070 vs candidate): 1/2-1/2 {Draw by 3-fold repetition}
Started game 628 of 1000 (ref-5047070 vs candidate)
Finished game 620 (ref-5047070 vs candidate): 1-0 {White wins by adjudication}
Started game 629 of 1000 (candidate vs ref-5047070)
Finished game 615 (candidate vs ref-5047070): 0-1 {Black wins by adjudication}
Started game 630 of 1000 (ref-5047070 vs candidate)
Finished game 617 (candidate vs ref-5047070): 0-1 {Black wins by adjudication}
Started game 631 of 1000 (candidate vs ref-5047070)
Finished game 621 (candidate vs ref-5047070): 0-1 {Black wins by adjudication}
Started game 632 of 1000 (ref-5047070 vs candidate)
Finished game 619 (candidate vs ref-5047070): 1-0 {White wins by adjudication}
--------------------------------------------------
Results of candidate vs ref-5047070 (8+0.08, 1t, 16MB, noob_3moves.epd):
Elo: -2.80 +/- 21.80, nElo: -3.52 +/- 27.35
LOS: 40.04 %, DrawRatio: 34.19 %, PairsRatio: 1.04
Games: 620, Wins: 199, Losses: 204, Draws: 217, Points: 307.5 (49.60 %)
Ptnml(0-2): [36, 64, 106, 77, 27], WL/DD Ratio: 1.79
--------------------------------------------------
Started game 633 of 1000 (candidate vs ref-5047070)
Finished game 623 (candidate vs ref-5047070): 1-0 {White wins by adjudication}
Started game 634 of 1000 (ref-5047070 vs candidate)
Finished game 625 (candidate vs ref-5047070): 0-1 {Black wins by adjudication}
Started game 635 of 1000 (candidate vs ref-5047070)
Finished game 624 (ref-5047070 vs candidate): 1-0 {White wins by adjudication}
Started game 636 of 1000 (ref-5047070 vs candidate)
Finished game 627 (candidate vs ref-5047070): 1/2-1/2 {Draw by adjudication}
Started game 637 of 1000 (candidate vs ref-5047070)
Finished game 633 (candidate vs ref-5047070): 1/2-1/2 {Draw by 3-fold repetition}
Started game 638 of 1000 (ref-5047070 vs candidate)
Finished game 628 (ref-5047070 vs candidate): 1/2-1/2 {Draw by adjudication}
Started game 639 of 1000 (candidate vs ref-5047070)
Finished game 629 (candidate vs ref-5047070): 1/2-1/2 {Draw by 3-fold repetition}
Started game 640 of 1000 (ref-5047070 vs candidate)
Finished game 631 (candidate vs ref-5047070): 1/2-1/2 {Draw by 3-fold repetition}
Started game 641 of 1000 (candidate vs ref-5047070)
Finished game 622 (ref-5047070 vs candidate): 1/2-1/2 {Draw by fifty moves rule}
Started game 642 of 1000 (ref-5047070 vs candidate)
Finished game 630 (ref-5047070 vs candidate): 1/2-1/2 {Draw by adjudication}
Started game 643 of 1000 (candidate vs ref-5047070)
Finished game 632 (ref-5047070 vs candidate): 0-1 {Black wins by adjudication}
Started game 644 of 1000 (ref-5047070 vs candidate)
Finished game 626 (ref-5047070 vs candidate): 1/2-1/2 {Draw by fifty moves rule}
Started game 645 of 1000 (candidate vs ref-5047070)
Finished game 634 (ref-5047070 vs candidate): 1/2-1/2 {Draw by 3-fold repetition}
Started game 646 of 1000 (ref-5047070 vs candidate)
Finished game 637 (candidate vs ref-5047070): 0-1 {Black wins by adjudication}
Started game 647 of 1000 (candidate vs ref-5047070)
Finished game 635 (candidate vs ref-5047070): 1-0 {White wins by adjudication}
Started game 648 of 1000 (ref-5047070 vs candidate)
Finished game 636 (ref-5047070 vs candidate): 1/2-1/2 {Draw by insufficient mating material}
Started game 649 of 1000 (candidate vs ref-5047070)
Finished game 641 (candidate vs ref-5047070): 1/2-1/2 {Draw by 3-fold repetition}
Started game 650 of 1000 (ref-5047070 vs candidate)
Finished game 638 (ref-5047070 vs candidate): 0-1 {Black wins by adjudication}
Started game 651 of 1000 (candidate vs ref-5047070)
Finished game 639 (candidate vs ref-5047070): 1-0 {White wins by adjudication}
Started game 652 of 1000 (ref-5047070 vs candidate)
Finished game 640 (ref-5047070 vs candidate): 1-0 {White wins by adjudication}
--------------------------------------------------
Results of candidate vs ref-5047070 (8+0.08, 1t, 16MB, noob_3moves.epd):
Elo: -2.71 +/- 21.23, nElo: -3.45 +/- 26.92
LOS: 40.09 %, DrawRatio: 35.00 %, PairsRatio: 1.04
Games: 640, Wins: 204, Losses: 209, Draws: 227, Points: 317.5 (49.61 %)
Ptnml(0-2): [36, 66, 112, 79, 27], WL/DD Ratio: 1.73
--------------------------------------------------
Started game 653 of 1000 (candidate vs ref-5047070)
Finished game 642 (ref-5047070 vs candidate): 1/2-1/2 {Draw by insufficient mating material}
Started game 654 of 1000 (ref-5047070 vs candidate)
Finished game 644 (ref-5047070 vs candidate): 1/2-1/2 {Draw by 3-fold repetition}
Started game 655 of 1000 (candidate vs ref-5047070)
Finished game 647 (candidate vs ref-5047070): 0-1 {Black wins by adjudication}
Started game 656 of 1000 (ref-5047070 vs candidate)
Finished game 649 (candidate vs ref-5047070): 1-0 {White wins by adjudication}
Started game 657 of 1000 (candidate vs ref-5047070)
Finished game 645 (candidate vs ref-5047070): 0-1 {Black wins by adjudication}
Started game 658 of 1000 (ref-5047070 vs candidate)
Finished game 650 (ref-5047070 vs candidate): 1/2-1/2 {Draw by 3-fold repetition}
Started game 659 of 1000 (candidate vs ref-5047070)
Finished game 643 (candidate vs ref-5047070): 1/2-1/2 {Draw by adjudication}
Started game 660 of 1000 (ref-5047070 vs candidate)
Finished game 646 (ref-5047070 vs candidate): 1/2-1/2 {Draw by adjudication}
Started game 661 of 1000 (candidate vs ref-5047070)
Finished game 651 (candidate vs ref-5047070): 1-0 {White wins by adjudication}
Started game 662 of 1000 (ref-5047070 vs candidate)
Finished game 652 (ref-5047070 vs candidate): 0-1 {Black wins by adjudication}
Started game 663 of 1000 (candidate vs ref-5047070)
Finished game 655 (candidate vs ref-5047070): 0-1 {Black wins by adjudication}
Started game 664 of 1000 (ref-5047070 vs candidate)
Finished game 660 (ref-5047070 vs candidate): 0-1 {Black wins by adjudication}
Started game 665 of 1000 (candidate vs ref-5047070)
Finished game 653 (candidate vs ref-5047070): 1/2-1/2 {Draw by adjudication}
Started game 666 of 1000 (ref-5047070 vs candidate)
Finished game 656 (ref-5047070 vs candidate): 1-0 {White wins by adjudication}
Started game 667 of 1000 (candidate vs ref-5047070)
Finished game 654 (ref-5047070 vs candidate): 1-0 {White wins by adjudication}
Started game 668 of 1000 (ref-5047070 vs candidate)
Finished game 661 (candidate vs ref-5047070): 1-0 {White wins by adjudication}
Started game 669 of 1000 (candidate vs ref-5047070)
Finished game 648 (ref-5047070 vs candidate): 1/2-1/2 {Draw by insufficient mating material}
Started game 670 of 1000 (ref-5047070 vs candidate)
Finished game 659 (candidate vs ref-5047070): 0-1 {Black wins by adjudication}
--------------------------------------------------
Results of candidate vs ref-5047070 (8+0.08, 1t, 16MB, noob_3moves.epd):
Elo: -3.70 +/- 20.95, nElo: -4.69 +/- 26.55
LOS: 36.46 %, DrawRatio: 34.95 %, PairsRatio: 1.02
Games: 658, Wins: 208, Losses: 215, Draws: 235, Points: 325.5 (49.47 %)
Ptnml(0-2): [37, 69, 115, 80, 28], WL/DD Ratio: 1.67
--------------------------------------------------
Started game 671 of 1000 (candidate vs ref-5047070)
Finished game 658 (ref-5047070 vs candidate): 0-1 {Black wins by adjudication}
Started game 672 of 1000 (ref-5047070 vs candidate)
Finished game 662 (ref-5047070 vs candidate): 1/2-1/2 {Draw by insufficient mating material}
Started game 673 of 1000 (candidate vs ref-5047070)
Finished game 657 (candidate vs ref-5047070): 1/2-1/2 {Draw by adjudication}
Started game 674 of 1000 (ref-5047070 vs candidate)
Finished game 663 (candidate vs ref-5047070): 1/2-1/2 {Draw by insufficient mating material}
Started game 675 of 1000 (candidate vs ref-5047070)
Finished game 664 (ref-5047070 vs candidate): 0-1 {Black wins by adjudication}
Started game 676 of 1000 (ref-5047070 vs candidate)
Finished game 671 (candidate vs ref-5047070): 0-1 {Black wins by adjudication}
Started game 677 of 1000 (candidate vs ref-5047070)
Finished game 668 (ref-5047070 vs candidate): 1-0 {White wins by adjudication}
Started game 678 of 1000 (ref-5047070 vs candidate)
Finished game 667 (candidate vs ref-5047070): 1-0 {White wins by adjudication}
Started game 679 of 1000 (candidate vs ref-5047070)
Finished game 666 (ref-5047070 vs candidate): 1-0 {White wins by adjudication}
Started game 680 of 1000 (ref-5047070 vs candidate)
Finished game 669 (candidate vs ref-5047070): 1-0 {White wins by adjudication}
Started game 681 of 1000 (candidate vs ref-5047070)
Finished game 672 (ref-5047070 vs candidate): 1-0 {White wins by adjudication}
Started game 682 of 1000 (ref-5047070 vs candidate)
Finished game 673 (candidate vs ref-5047070): 0-1 {Black wins by adjudication}
Started game 683 of 1000 (candidate vs ref-5047070)
Finished game 674 (ref-5047070 vs candidate): 0-1 {Black wins by adjudication}
Started game 684 of 1000 (ref-5047070 vs candidate)
Finished game 670 (ref-5047070 vs candidate): 0-1 {Black wins by adjudication}
Started game 685 of 1000 (candidate vs ref-5047070)
Finished game 665 (candidate vs ref-5047070): 1/2-1/2 {Draw by adjudication}
Started game 686 of 1000 (ref-5047070 vs candidate)
Finished game 677 (candidate vs ref-5047070): 1-0 {White wins by adjudication}
Started game 687 of 1000 (candidate vs ref-5047070)
Finished game 679 (candidate vs ref-5047070): 1-0 {White wins by adjudication}
Started game 688 of 1000 (ref-5047070 vs candidate)
Finished game 675 (candidate vs ref-5047070): 0-1 {Black wins by adjudication}
Started game 689 of 1000 (candidate vs ref-5047070)
Finished game 678 (ref-5047070 vs candidate): 1/2-1/2 {Draw by 3-fold repetition}
Started game 690 of 1000 (ref-5047070 vs candidate)
Finished game 681 (candidate vs ref-5047070): 1-0 {White wins by adjudication}
Started game 691 of 1000 (candidate vs ref-5047070)
Finished game 676 (ref-5047070 vs candidate): 1-0 {White wins by adjudication}
Started game 692 of 1000 (ref-5047070 vs candidate)
Finished game 682 (ref-5047070 vs candidate): 1-0 {White wins by adjudication}
Started game 693 of 1000 (candidate vs ref-5047070)
Finished game 680 (ref-5047070 vs candidate): 1-0 {White wins by adjudication}
--------------------------------------------------
Results of candidate vs ref-5047070 (8+0.08, 1t, 16MB, noob_3moves.epd):
Elo: -3.06 +/- 20.63, nElo: -3.87 +/- 26.08
LOS: 38.56 %, DrawRatio: 34.90 %, PairsRatio: 1.04
Games: 682, Wins: 218, Losses: 224, Draws: 240, Points: 338.0 (49.56 %)
Ptnml(0-2): [39, 70, 119, 84, 29], WL/DD Ratio: 1.77
--------------------------------------------------
Started game 694 of 1000 (ref-5047070 vs candidate)
Finished game 686 (ref-5047070 vs candidate): 1-0 {White wins by adjudication}
Started game 695 of 1000 (candidate vs ref-5047070)
Finished game 684 (ref-5047070 vs candidate): 0-1 {Black wins by adjudication}
Started game 696 of 1000 (ref-5047070 vs candidate)
Finished game 683 (candidate vs ref-5047070): 1-0 {White wins by adjudication}
Started game 697 of 1000 (candidate vs ref-5047070)
Finished game 693 (candidate vs ref-5047070): 0-1 {Black wins by adjudication}
Started game 698 of 1000 (ref-5047070 vs candidate)
Finished game 694 (ref-5047070 vs candidate): 0-1 {Black wins by adjudication}
Started game 699 of 1000 (candidate vs ref-5047070)
Finished game 687 (candidate vs ref-5047070): 1-0 {White wins by adjudication}
Started game 700 of 1000 (ref-5047070 vs candidate)
Finished game 685 (candidate vs ref-5047070): 0-1 {Black wins by adjudication}
Started game 701 of 1000 (candidate vs ref-5047070)
Finished game 692 (ref-5047070 vs candidate): 0-1 {Black wins by adjudication}
Started game 702 of 1000 (ref-5047070 vs candidate)
Finished game 691 (candidate vs ref-5047070): 1/2-1/2 {Draw by adjudication}
Started game 703 of 1000 (candidate vs ref-5047070)
Finished game 688 (ref-5047070 vs candidate): 0-1 {Black wins by adjudication}
Started game 704 of 1000 (ref-5047070 vs candidate)
Finished game 690 (ref-5047070 vs candidate): 1/2-1/2 {Draw by adjudication}
Started game 705 of 1000 (candidate vs ref-5047070)
Finished game 697 (candidate vs ref-5047070): 1/2-1/2 {Draw by 3-fold repetition}
Started game 706 of 1000 (ref-5047070 vs candidate)
Finished game 695 (candidate vs ref-5047070): 1/2-1/2 {Draw by fifty moves rule}
Started game 707 of 1000 (candidate vs ref-5047070)
Finished game 699 (candidate vs ref-5047070): 1-0 {White wins by adjudication}
Started game 708 of 1000 (ref-5047070 vs candidate)
Finished game 698 (ref-5047070 vs candidate): 1/2-1/2 {Draw by insufficient mating material}
Started game 709 of 1000 (candidate vs ref-5047070)
Finished game 696 (ref-5047070 vs candidate): 1-0 {White wins by adjudication}
Started game 710 of 1000 (ref-5047070 vs candidate)
Finished game 702 (ref-5047070 vs candidate): 0-1 {Black wins by adjudication}
Started game 711 of 1000 (candidate vs ref-5047070)
Finished game 700 (ref-5047070 vs candidate): 1-0 {White wins by adjudication}
--------------------------------------------------
Results of candidate vs ref-5047070 (8+0.08, 1t, 16MB, noob_3moves.epd):
Elo: -1.99 +/- 20.49, nElo: -2.51 +/- 25.77
LOS: 42.44 %, DrawRatio: 34.96 %, PairsRatio: 1.05
Games: 698, Wins: 225, Losses: 229, Draws: 244, Points: 347.0 (49.71 %)
Ptnml(0-2): [40, 71, 122, 85, 31], WL/DD Ratio: 1.77
--------------------------------------------------
Started game 712 of 1000 (ref-5047070 vs candidate)
Finished game 701 (candidate vs ref-5047070): 0-1 {Black wins by adjudication}
Started game 713 of 1000 (candidate vs ref-5047070)
Finished game 705 (candidate vs ref-5047070): 0-1 {Black wins by adjudication}
Started game 714 of 1000 (ref-5047070 vs candidate)
Finished game 706 (ref-5047070 vs candidate): 0-1 {Black wins by adjudication}
Started game 715 of 1000 (candidate vs ref-5047070)
Finished game 689 (candidate vs ref-5047070): 1/2-1/2 {Draw by fifty moves rule}
Started game 716 of 1000 (ref-5047070 vs candidate)
Finished game 704 (ref-5047070 vs candidate): 0-1 {Black wins by adjudication}
Started game 717 of 1000 (candidate vs ref-5047070)
Finished game 703 (candidate vs ref-5047070): 1-0 {White wins by adjudication}
Started game 718 of 1000 (ref-5047070 vs candidate)
Finished game 710 (ref-5047070 vs candidate): 1-0 {White wins by adjudication}
Started game 719 of 1000 (candidate vs ref-5047070)
Finished game 707 (candidate vs ref-5047070): 1/2-1/2 {Draw by 3-fold repetition}
Started game 720 of 1000 (ref-5047070 vs candidate)
Finished game 708 (ref-5047070 vs candidate): 1/2-1/2 {Draw by 3-fold repetition}
Started game 721 of 1000 (candidate vs ref-5047070)
Finished game 712 (ref-5047070 vs candidate): 0-1 {Black wins by adjudication}
Started game 722 of 1000 (ref-5047070 vs candidate)
Finished game 709 (candidate vs ref-5047070): 0-1 {Black wins by adjudication}
Started game 723 of 1000 (candidate vs ref-5047070)
Finished game 713 (candidate vs ref-5047070): 1-0 {White wins by adjudication}
Started game 724 of 1000 (ref-5047070 vs candidate)
Finished game 711 (candidate vs ref-5047070): 0-1 {Black wins by adjudication}
Started game 725 of 1000 (candidate vs ref-5047070)
Finished game 717 (candidate vs ref-5047070): 1-0 {White wins by adjudication}
Started game 726 of 1000 (ref-5047070 vs candidate)
Finished game 716 (ref-5047070 vs candidate): 1-0 {White wins by adjudication}
Started game 727 of 1000 (candidate vs ref-5047070)
Finished game 719 (candidate vs ref-5047070): 1/2-1/2 {Draw by 3-fold repetition}
Started game 728 of 1000 (ref-5047070 vs candidate)
Finished game 721 (candidate vs ref-5047070): 1-0 {White wins by adjudication}
Started game 729 of 1000 (candidate vs ref-5047070)
Finished game 714 (ref-5047070 vs candidate): 1/2-1/2 {Draw by insufficient mating material}
Started game 730 of 1000 (ref-5047070 vs candidate)
Finished game 718 (ref-5047070 vs candidate): 1/2-1/2 {Draw by adjudication}
Started game 731 of 1000 (candidate vs ref-5047070)
Finished game 720 (ref-5047070 vs candidate): 1/2-1/2 {Draw by adjudication}
--------------------------------------------------
Results of candidate vs ref-5047070 (8+0.08, 1t, 16MB, noob_3moves.epd):
Elo: -0.97 +/- 20.14, nElo: -1.22 +/- 25.41
LOS: 46.24 %, DrawRatio: 35.65 %, PairsRatio: 1.06
Games: 718, Wins: 232, Losses: 234, Draws: 252, Points: 358.0 (49.86 %)
Ptnml(0-2): [41, 71, 128, 87, 32], WL/DD Ratio: 1.72
--------------------------------------------------
Started game 732 of 1000 (ref-5047070 vs candidate)
Finished game 715 (candidate vs ref-5047070): 0-1 {Black wins by adjudication}
Started game 733 of 1000 (candidate vs ref-5047070)
Finished game 722 (ref-5047070 vs candidate): 0-1 {Black wins by adjudication}
Started game 734 of 1000 (ref-5047070 vs candidate)
Finished game 725 (candidate vs ref-5047070): 0-1 {Black wins by adjudication}
Started game 735 of 1000 (candidate vs ref-5047070)
Finished game 723 (candidate vs ref-5047070): 1-0 {White wins by adjudication}
Started game 736 of 1000 (ref-5047070 vs candidate)
Finished game 726 (ref-5047070 vs candidate): 0-1 {Black wins by adjudication}
Started game 737 of 1000 (candidate vs ref-5047070)
Finished game 724 (ref-5047070 vs candidate): 1/2-1/2 {Draw by 3-fold repetition}
Started game 738 of 1000 (ref-5047070 vs candidate)
Finished game 730 (ref-5047070 vs candidate): 1-0 {White wins by adjudication}
Started game 739 of 1000 (candidate vs ref-5047070)
Finished game 727 (candidate vs ref-5047070): 1-0 {White wins by adjudication}
Started game 740 of 1000 (ref-5047070 vs candidate)
Finished game 729 (candidate vs ref-5047070): 1-0 {White wins by adjudication}
Started game 741 of 1000 (candidate vs ref-5047070)
Finished game 732 (ref-5047070 vs candidate): 1/2-1/2 {Draw by adjudication}
Started game 742 of 1000 (ref-5047070 vs candidate)
Finished game 734 (ref-5047070 vs candidate): 1-0 {White wins by adjudication}
Started game 743 of 1000 (candidate vs ref-5047070)
Finished game 731 (candidate vs ref-5047070): 1-0 {White wins by adjudication}
Started game 744 of 1000 (ref-5047070 vs candidate)
Finished game 737 (candidate vs ref-5047070): 0-1 {Black wins by adjudication}
Started game 745 of 1000 (candidate vs ref-5047070)
Finished game 728 (ref-5047070 vs candidate): 1/2-1/2 {Draw by 3-fold repetition}
Started game 746 of 1000 (ref-5047070 vs candidate)
Finished game 735 (candidate vs ref-5047070): 1/2-1/2 {Draw by 3-fold repetition}
Started game 747 of 1000 (candidate vs ref-5047070)
Finished game 736 (ref-5047070 vs candidate): 1/2-1/2 {Draw by 3-fold repetition}
Started game 748 of 1000 (ref-5047070 vs candidate)
Finished game 739 (candidate vs ref-5047070): 0-1 {Black wins by adjudication}
Started game 749 of 1000 (candidate vs ref-5047070)
Finished game 741 (candidate vs ref-5047070): 1-0 {White wins by adjudication}
Started game 750 of 1000 (ref-5047070 vs candidate)
Finished game 738 (ref-5047070 vs candidate): 0-1 {Black wins by adjudication}
Started game 751 of 1000 (candidate vs ref-5047070)
Finished game 740 (ref-5047070 vs candidate): 1-0 {White wins by adjudication}
--------------------------------------------------
Results of candidate vs ref-5047070 (8+0.08, 1t, 16MB, noob_3moves.epd):
Elo: -0.47 +/- 19.92, nElo: -0.59 +/- 25.07
LOS: 48.15 %, DrawRatio: 35.77 %, PairsRatio: 1.08
Games: 738, Wins: 240, Losses: 241, Draws: 257, Points: 368.5 (49.93 %)
Ptnml(0-2): [43, 71, 132, 90, 33], WL/DD Ratio: 1.75
--------------------------------------------------
Started game 752 of 1000 (ref-5047070 vs candidate)
Finished game 743 (candidate vs ref-5047070): 0-1 {Black wins by adjudication}
Started game 753 of 1000 (candidate vs ref-5047070)
Finished game 744 (ref-5047070 vs candidate): 0-1 {Black wins by adjudication}
Started game 754 of 1000 (ref-5047070 vs candidate)
Finished game 746 (ref-5047070 vs candidate): 1-0 {White wins by adjudication}
Started game 755 of 1000 (candidate vs ref-5047070)
Finished game 733 (candidate vs ref-5047070): 0-1 {Black wins by adjudication}
Started game 756 of 1000 (ref-5047070 vs candidate)
Finished game 745 (candidate vs ref-5047070): 1-0 {White wins by adjudication}
Started game 757 of 1000 (candidate vs ref-5047070)
Finished game 742 (ref-5047070 vs candidate): 1-0 {White wins by adjudication}
Started game 758 of 1000 (ref-5047070 vs candidate)
Finished game 747 (candidate vs ref-5047070): 1/2-1/2 {Draw by 3-fold repetition}
Started game 759 of 1000 (candidate vs ref-5047070)
Warning; PV continues after threefold repetition - move f2e3 from candidate
Info; info score cp 375 time 113 depth 14 nodes 519371 nps 4587353 pv a5a7 e7d8 a7a5 d8e7 f2e3 e7f6 f3f4 d6b6 a5a7 b6b3 e3d4 b3b4 d4c5 b4f4 
Position; fen rnbqkb1r/1pp1pppp/3p1n2/p7/1PP5/4P3/P2P1PPP/RNBQKBNR w KQkq - 0 4
Moves; b4b5 e7e5 b1c3 f8e7 g1f3 c7c6 d1c2 e8g8 f1e2 d6d5 f3e5 b8d7 d2d4 d8c7 f2f4 e7b4 e1g1 b4c3 c2c3 c6b5 c4c5 f6e4 c3b3 a5a4 b3b5 e4c3 b5d3 c3e2 d3e2 d7e5 f4e5 a8a6 e2f3 a6g6 f3d5 c8e6 d5f3 e6c4 f1f2 c7a5 c1a3 a5c3 a1c1 c3a3 c1c4 b7b5 c5b6 g6b6 f3e4 f8b8 f2f1 b8f8 d4d5 a3a2 c4a4 a2e2 e5e6 f7f5 e4f3 e2f3 f1f3 g7g6 e3e4 f5e4 a4e4 f8f3 g2f3 g8f8 e4a4 b6d6 a4a5 f8e7 g1f2 h7h5 a5a7 e7d8 a7a5 d8e7
Finished game 752 (ref-5047070 vs candidate): 0-1 {Black wins by adjudication}
Started game 760 of 1000 (ref-5047070 vs candidate)
Finished game 749 (candidate vs ref-5047070): 1-0 {White wins by adjudication}
Started game 761 of 1000 (candidate vs ref-5047070)
Finished game 751 (candidate vs ref-5047070): 1-0 {White wins by adjudication}
Started game 762 of 1000 (ref-5047070 vs candidate)
Finished game 750 (ref-5047070 vs candidate): 1-0 {White wins by adjudication}
Started game 763 of 1000 (candidate vs ref-5047070)
Finished game 754 (ref-5047070 vs candidate): 1/2-1/2 {Draw by 3-fold repetition}
Started game 764 of 1000 (ref-5047070 vs candidate)
Finished game 753 (candidate vs ref-5047070): 1/2-1/2 {Draw by insufficient mating material}
Started game 765 of 1000 (candidate vs ref-5047070)
Finished game 748 (ref-5047070 vs candidate): 1/2-1/2 {Draw by adjudication}
Started game 766 of 1000 (ref-5047070 vs candidate)
Finished game 759 (candidate vs ref-5047070): 0-1 {Black wins by adjudication}
Started game 767 of 1000 (candidate vs ref-5047070)
Finished game 756 (ref-5047070 vs candidate): 0-1 {Black wins by adjudication}
Started game 768 of 1000 (ref-5047070 vs candidate)
Finished game 755 (candidate vs ref-5047070): 1-0 {White wins by adjudication}
Started game 769 of 1000 (candidate vs ref-5047070)
Finished game 758 (ref-5047070 vs candidate): 1-0 {White wins by adjudication}
Started game 770 of 1000 (ref-5047070 vs candidate)
Finished game 760 (ref-5047070 vs candidate): 1-0 {White wins by adjudication}
--------------------------------------------------
Results of candidate vs ref-5047070 (8+0.08, 1t, 16MB, noob_3moves.epd):
Elo: -0.46 +/- 19.72, nElo: -0.58 +/- 24.73
LOS: 48.18 %, DrawRatio: 36.41 %, PairsRatio: 1.08
Games: 758, Wins: 248, Losses: 249, Draws: 261, Points: 378.5 (49.93 %)
Ptnml(0-2): [45, 71, 138, 90, 35], WL/DD Ratio: 1.76
--------------------------------------------------
Started game 771 of 1000 (candidate vs ref-5047070)
Finished game 762 (ref-5047070 vs candidate): 1/2-1/2 {Draw by 3-fold repetition}
Started game 772 of 1000 (ref-5047070 vs candidate)
Finished game 764 (ref-5047070 vs candidate): 1-0 {White wins by adjudication}
Started game 773 of 1000 (candidate vs ref-5047070)
Finished game 763 (candidate vs ref-5047070): 1/2-1/2 {Draw by 3-fold repetition}
Started game 774 of 1000 (ref-5047070 vs candidate)
Finished game 766 (ref-5047070 vs candidate): 1/2-1/2 {Draw by 3-fold repetition}
Started game 775 of 1000 (candidate vs ref-5047070)
Finished game 770 (ref-5047070 vs candidate): 1/2-1/2 {Draw by 3-fold repetition}
Started game 776 of 1000 (ref-5047070 vs candidate)
Finished game 757 (candidate vs ref-5047070): 1/2-1/2 {Draw by insufficient mating material}
Started game 777 of 1000 (candidate vs ref-5047070)
Finished game 765 (candidate vs ref-5047070): 0-1 {Black wins by adjudication}
Started game 778 of 1000 (ref-5047070 vs candidate)
Finished game 768 (ref-5047070 vs candidate): 1-0 {White wins by adjudication}
Started game 779 of 1000 (candidate vs ref-5047070)
Finished game 767 (candidate vs ref-5047070): 1/2-1/2 {Draw by adjudication}
Started game 780 of 1000 (ref-5047070 vs candidate)
Finished game 761 (candidate vs ref-5047070): 1/2-1/2 {Draw by adjudication}
Started game 781 of 1000 (candidate vs ref-5047070)
Finished game 772 (ref-5047070 vs candidate): 1-0 {White wins by adjudication}
Started game 782 of 1000 (ref-5047070 vs candidate)
Finished game 773 (candidate vs ref-5047070): 1-0 {White wins by adjudication}
Started game 783 of 1000 (candidate vs ref-5047070)
Finished game 774 (ref-5047070 vs candidate): 1-0 {White wins by adjudication}
Started game 784 of 1000 (ref-5047070 vs candidate)
Finished game 776 (ref-5047070 vs candidate): 0-1 {Black wins by adjudication}
Started game 785 of 1000 (candidate vs ref-5047070)
Finished game 779 (candidate vs ref-5047070): 1/2-1/2 {Draw by 3-fold repetition}
Started game 786 of 1000 (ref-5047070 vs candidate)
Finished game 777 (candidate vs ref-5047070): 0-1 {Black wins by adjudication}
Started game 787 of 1000 (candidate vs ref-5047070)
Finished game 769 (candidate vs ref-5047070): 1/2-1/2 {Draw by adjudication}
Started game 788 of 1000 (ref-5047070 vs candidate)
Finished game 778 (ref-5047070 vs candidate): 0-1 {Black wins by adjudication}
Started game 789 of 1000 (candidate vs ref-5047070)
Finished game 781 (candidate vs ref-5047070): 1-0 {White wins by adjudication}
Started game 790 of 1000 (ref-5047070 vs candidate)
Finished game 780 (ref-5047070 vs candidate): 0-1 {Black wins by adjudication}
--------------------------------------------------
Results of candidate vs ref-5047070 (8+0.08, 1t, 16MB, noob_3moves.epd):
Elo: -1.79 +/- 19.37, nElo: -2.26 +/- 24.45
LOS: 42.80 %, DrawRatio: 36.60 %, PairsRatio: 1.05
Games: 776, Wins: 251, Losses: 255, Draws: 270, Points: 386.0 (49.74 %)
Ptnml(0-2): [45, 75, 142, 91, 35], WL/DD Ratio: 1.73
--------------------------------------------------
Started game 791 of 1000 (candidate vs ref-5047070)
Finished game 784 (ref-5047070 vs candidate): 0-1 {Black wins by adjudication}
Started game 792 of 1000 (ref-5047070 vs candidate)
Finished game 786 (ref-5047070 vs candidate): 1-0 {White wins by adjudication}
Started game 793 of 1000 (candidate vs ref-5047070)
Finished game 775 (candidate vs ref-5047070): 1-0 {White wins by adjudication}
Started game 794 of 1000 (ref-5047070 vs candidate)
Finished game 771 (candidate vs ref-5047070): 1/2-1/2 {Draw by adjudication}
Started game 795 of 1000 (candidate vs ref-5047070)
Finished game 783 (candidate vs ref-5047070): 0-1 {Black wins by adjudication}
Started game 796 of 1000 (ref-5047070 vs candidate)
Finished game 785 (candidate vs ref-5047070): 1-0 {White wins by adjudication}
Started game 797 of 1000 (candidate vs ref-5047070)
Finished game 782 (ref-5047070 vs candidate): 1-0 {White wins by adjudication}
Started game 798 of 1000 (ref-5047070 vs candidate)
Finished game 788 (ref-5047070 vs candidate): 0-1 {Black wins by adjudication}
Started game 799 of 1000 (candidate vs ref-5047070)
Finished game 787 (candidate vs ref-5047070): 1-0 {White wins by adjudication}
Started game 800 of 1000 (ref-5047070 vs candidate)
Finished game 789 (candidate vs ref-5047070): 1-0 {White wins by adjudication}
Started game 801 of 1000 (candidate vs ref-5047070)
Finished game 791 (candidate vs ref-5047070): 1/2-1/2 {Draw by 3-fold repetition}
Started game 802 of 1000 (ref-5047070 vs candidate)
Finished game 794 (ref-5047070 vs candidate): 0-1 {Black wins by adjudication}
Started game 803 of 1000 (candidate vs ref-5047070)
Finished game 797 (candidate vs ref-5047070): 0-1 {Black wins by adjudication}
Started game 804 of 1000 (ref-5047070 vs candidate)
Warning; PV continues after threefold repetition - move c3a2 from ref-5047070
Info; info score cp 0 time 0 depth 5 nodes 1382 nps 4429487 pv c3a2 b4a3 a2c3 a3b4 c3a2 
Position; fen rnbqkb1r/p1p1pppp/1p3n2/3p4/P2P4/2N5/1PP1PPPP/R1BQKBNR w KQkq - 0 4
Moves; c1f4 e7e6 e2e3 c8b7 a4a5 b6a5 g1f3 f8d6 f1b5 b8d7 f3e5 a7a6 b5a4 e8g8 e1g1 d7b6 a4c6 d6e5 c6b7 e5f4 b7a8 f4h2 g1h2 d8d6 h2g1 f8a8 b2b3 d6b4 d1d3 c7c5 c3a2 b4a3 a2c3 a3b4
Warning; PV continues after threefold repetition - move c3a2 from ref-5047070
Info; info score cp 0 time 0 depth 6 nodes 1820 nps 4715025 pv c3a2 b4a3 a2c3 a3b4 c3a2 
Position; fen rnbqkb1r/p1p1pppp/1p3n2/3p4/P2P4/2N5/1PP1PPPP/R1BQKBNR w KQkq - 0 4
Moves; c1f4 e7e6 e2e3 c8b7 a4a5 b6a5 g1f3 f8d6 f1b5 b8d7 f3e5 a7a6 b5a4 e8g8 e1g1 d7b6 a4c6 d6e5 c6b7 e5f4 b7a8 f4h2 g1h2 d8d6 h2g1 f8a8 b2b3 d6b4 d1d3 c7c5 c3a2 b4a3 a2c3 a3b4
Warning; PV continues after threefold repetition - move c3a2 from ref-5047070
Info; info score cp 0 time 0 depth 7 nodes 2224 nps 4898678 pv c3a2 b4a3 a2c3 a3b4 c3a2 
Position; fen rnbqkb1r/p1p1pppp/1p3n2/3p4/P2P4/2N5/1PP1PPPP/R1BQKBNR w KQkq - 0 4
Moves; c1f4 e7e6 e2e3 c8b7 a4a5 b6a5 g1f3 f8d6 f1b5 b8d7 f3e5 a7a6 b5a4 e8g8 e1g1 d7b6 a4c6 d6e5 c6b7 e5f4 b7a8 f4h2 g1h2 d8d6 h2g1 f8a8 b2b3 d6b4 d1d3 c7c5 c3a2 b4a3 a2c3 a3b4
Warning; PV continues after threefold repetition - move c3a2 from ref-5047070
Info; info score cp 0 time 0 depth 8 nodes 2644 nps 4914498 pv c3a2 b4a3 a2c3 a3b4 c3a2 
Position; fen rnbqkb1r/p1p1pppp/1p3n2/3p4/P2P4/2N5/1PP1PPPP/R1BQKBNR w KQkq - 0 4
Moves; c1f4 e7e6 e2e3 c8b7 a4a5 b6a5 g1f3 f8d6 f1b5 b8d7 f3e5 a7a6 b5a4 e8g8 e1g1 d7b6 a4c6 d6e5 c6b7 e5f4 b7a8 f4h2 g1h2 d8d6 h2g1 f8a8 b2b3 d6b4 d1d3 c7c5 c3a2 b4a3 a2c3 a3b4
Warning; PV continues after threefold repetition - move c3a2 from ref-5047070
Info; info score cp 0 time 0 depth 9 nodes 3575 nps 5241935 pv c3a2 b4a3 a2c3 a3b4 c3a2 
Position; fen rnbqkb1r/p1p1pppp/1p3n2/3p4/P2P4/2N5/1PP1PPPP/R1BQKBNR w KQkq - 0 4
Moves; c1f4 e7e6 e2e3 c8b7 a4a5 b6a5 g1f3 f8d6 f1b5 b8d7 f3e5 a7a6 b5a4 e8g8 e1g1 d7b6 a4c6 d6e5 c6b7 e5f4 b7a8 f4h2 g1h2 d8d6 h2g1 f8a8 b2b3 d6b4 d1d3 c7c5 c3a2 b4a3 a2c3 a3b4
Warning; PV continues after threefold repetition - move c3a2 from ref-5047070
Info; info score cp 0 time 2 depth 10 nodes 7728 nps 3185490 pv c3a2 b4a3 a2c3 a3b4 c3a2 
Position; fen rnbqkb1r/p1p1pppp/1p3n2/3p4/P2P4/2N5/1PP1PPPP/R1BQKBNR w KQkq - 0 4
Moves; c1f4 e7e6 e2e3 c8b7 a4a5 b6a5 g1f3 f8d6 f1b5 b8d7 f3e5 a7a6 b5a4 e8g8 e1g1 d7b6 a4c6 d6e5 c6b7 e5f4 b7a8 f4h2 g1h2 d8d6 h2g1 f8a8 b2b3 d6b4 d1d3 c7c5 c3a2 b4a3 a2c3 a3b4
Warning; PV continues after threefold repetition - move c3a2 from ref-5047070
Info; info score cp 0 time 3 depth 11 nodes 13709 nps 3742560 pv c3a2 b4a3 a2c3 a3b4 c3a2 
Position; fen rnbqkb1r/p1p1pppp/1p3n2/3p4/P2P4/2N5/1PP1PPPP/R1BQKBNR w KQkq - 0 4
Moves; c1f4 e7e6 e2e3 c8b7 a4a5 b6a5 g1f3 f8d6 f1b5 b8d7 f3e5 a7a6 b5a4 e8g8 e1g1 d7b6 a4c6 d6e5 c6b7 e5f4 b7a8 f4h2 g1h2 d8d6 h2g1 f8a8 b2b3 d6b4 d1d3 c7c5 c3a2 b4a3 a2c3 a3b4
Warning; PV continues after threefold repetition - move c3a2 from ref-5047070
Info; info score cp 0 time 8 depth 12 nodes 22598 nps 2682892 pv c3a2 b4a3 a2c3 a3b4 c3a2 
Position; fen rnbqkb1r/p1p1pppp/1p3n2/3p4/P2P4/2N5/1PP1PPPP/R1BQKBNR w KQkq - 0 4
Moves; c1f4 e7e6 e2e3 c8b7 a4a5 b6a5 g1f3 f8d6 f1b5 b8d7 f3e5 a7a6 b5a4 e8g8 e1g1 d7b6 a4c6 d6e5 c6b7 e5f4 b7a8 f4h2 g1h2 d8d6 h2g1 f8a8 b2b3 d6b4 d1d3 c7c5 c3a2 b4a3 a2c3 a3b4
Warning; PV continues after threefold repetition - move c3a2 from ref-5047070
Info; info score cp 0 time 14 depth 13 nodes 38759 nps 2648377 pv c3a2 b4a3 a2c3 a3b4 c3a2 
Position; fen rnbqkb1r/p1p1pppp/1p3n2/3p4/P2P4/2N5/1PP1PPPP/R1BQKBNR w KQkq - 0 4
Moves; c1f4 e7e6 e2e3 c8b7 a4a5 b6a5 g1f3 f8d6 f1b5 b8d7 f3e5 a7a6 b5a4 e8g8 e1g1 d7b6 a4c6 d6e5 c6b7 e5f4 b7a8 f4h2 g1h2 d8d6 h2g1 f8a8 b2b3 d6b4 d1d3 c7c5 c3a2 b4a3 a2c3 a3b4
Warning; PV continues after threefold repetition - move c3a2 from ref-5047070
Info; info score cp 0 time 94 depth 14 nodes 336244 nps 3575998 pv c3a2 b4a3 a2c3 a3b4 c3a2 
Position; fen rnbqkb1r/p1p1pppp/1p3n2/3p4/P2P4/2N5/1PP1PPPP/R1BQKBNR w KQkq - 0 4
Moves; c1f4 e7e6 e2e3 c8b7 a4a5 b6a5 g1f3 f8d6 f1b5 b8d7 f3e5 a7a6 b5a4 e8g8 e1g1 d7b6 a4c6 d6e5 c6b7 e5f4 b7a8 f4h2 g1h2 d8d6 h2g1 f8a8 b2b3 d6b4 d1d3 c7c5 c3a2 b4a3 a2c3 a3b4
Warning; PV continues after threefold repetition - move c3a2 from ref-5047070
Info; info score cp 0 time 237 depth 15 nodes 952130 nps 4008073 pv c3a2 b4a3 a2c3 a3b4 c3a2 
Position; fen rnbqkb1r/p1p1pppp/1p3n2/3p4/P2P4/2N5/1PP1PPPP/R1BQKBNR w KQkq - 0 4
Moves; c1f4 e7e6 e2e3 c8b7 a4a5 b6a5 g1f3 f8d6 f1b5 b8d7 f3e5 a7a6 b5a4 e8g8 e1g1 d7b6 a4c6 d6e5 c6b7 e5f4 b7a8 f4h2 g1h2 d8d6 h2g1 f8a8 b2b3 d6b4 d1d3 c7c5 c3a2 b4a3 a2c3 a3b4
Finished game 796 (ref-5047070 vs candidate): 0-1 {Black wins by adjudication}
Started game 805 of 1000 (candidate vs ref-5047070)
Finished game 793 (candidate vs ref-5047070): 0-1 {Black wins by adjudication}
Started game 806 of 1000 (ref-5047070 vs candidate)
Finished game 790 (ref-5047070 vs candidate): 1-0 {White wins by adjudication}
Started game 807 of 1000 (candidate vs ref-5047070)
Warning; PV continues after threefold repetition - move f1e1 from candidate
Info; info score cp -20 time 0 depth 4 nodes 1314 nps 4484641 pv b4a3 a2c3 a3b4 f1e1 
Position; fen rnbqkb1r/p1p1pppp/1p3n2/3p4/P2P4/2N5/1PP1PPPP/R1BQKBNR w KQkq - 0 4
Moves; c1f4 e7e6 e2e3 c8b7 a4a5 b6a5 g1f3 f8d6 f1b5 b8d7 f3e5 a7a6 b5a4 e8g8 e1g1 d7b6 a4c6 d6e5 c6b7 e5f4 b7a8 f4h2 g1h2 d8d6 h2g1 f8a8 b2b3 d6b4 d1d3 c7c5 c3a2 b4a3 a2c3 a3b4 c3a2
Warning; PV continues after threefold repetition - move d4c5 from candidate
Info; info score cp -1 time 0 depth 5 nodes 2231 nps 4686974 pv b4a3 a2c3 a3b4 d4c5 b4c5 
Position; fen rnbqkb1r/p1p1pppp/1p3n2/3p4/P2P4/2N5/1PP1PPPP/R1BQKBNR w KQkq - 0 4
Moves; c1f4 e7e6 e2e3 c8b7 a4a5 b6a5 g1f3 f8d6 f1b5 b8d7 f3e5 a7a6 b5a4 e8g8 e1g1 d7b6 a4c6 d6e5 c6b7 e5f4 b7a8 f4h2 g1h2 d8d6 h2g1 f8a8 b2b3 d6b4 d1d3 c7c5 c3a2 b4a3 a2c3 a3b4 c3a2
Warning; PV continues after threefold repetition - move d4c5 from candidate
Info; info score cp 0 time 0 depth 6 nodes 3167 nps 4872307 pv b4a3 a2c3 a3b4 d4c5 b4c5 d3d4 
Position; fen rnbqkb1r/p1p1pppp/1p3n2/3p4/P2P4/2N5/1PP1PPPP/R1BQKBNR w KQkq - 0 4
Moves; c1f4 e7e6 e2e3 c8b7 a4a5 b6a5 g1f3 f8d6 f1b5 b8d7 f3e5 a7a6 b5a4 e8g8 e1g1 d7b6 a4c6 d6e5 c6b7 e5f4 b7a8 f4h2 g1h2 d8d6 h2g1 f8a8 b2b3 d6b4 d1d3 c7c5 c3a2 b4a3 a2c3 a3b4 c3a2
Warning; PV continues after threefold repetition - move d4c5 from candidate
Info; info score cp 0 time 1 depth 7 nodes 4837 nps 4719024 pv b4a3 a2c3 a3b4 d4c5 b4c5 d3d4 c5d4 
Position; fen rnbqkb1r/p1p1pppp/1p3n2/3p4/P2P4/2N5/1PP1PPPP/R1BQKBNR w KQkq - 0 4
Moves; c1f4 e7e6 e2e3 c8b7 a4a5 b6a5 g1f3 f8d6 f1b5 b8d7 f3e5 a7a6 b5a4 e8g8 e1g1 d7b6 a4c6 d6e5 c6b7 e5f4 b7a8 f4h2 g1h2 d8d6 h2g1 f8a8 b2b3 d6b4 d1d3 c7c5 c3a2 b4a3 a2c3 a3b4 c3a2
Warning; PV continues after threefold repetition - move d4c5 from candidate
Info; info score cp 0 time 1 depth 8 nodes 7163 nps 4797722 pv b4a3 a2c3 a3b4 d4c5 b4c5 d3d4 c5d4 e3d4 
Position; fen rnbqkb1r/p1p1pppp/1p3n2/3p4/P2P4/2N5/1PP1PPPP/R1BQKBNR w KQkq - 0 4
Moves; c1f4 e7e6 e2e3 c8b7 a4a5 b6a5 g1f3 f8d6 f1b5 b8d7 f3e5 a7a6 b5a4 e8g8 e1g1 d7b6 a4c6 d6e5 c6b7 e5f4 b7a8 f4h2 g1h2 d8d6 h2g1 f8a8 b2b3 d6b4 d1d3 c7c5 c3a2 b4a3 a2c3 a3b4 c3a2
Warning; PV continues after threefold repetition - move d4c5 from candidate
Info; info score cp 0 time 2 depth 9 nodes 9936 nps 4722433 pv b4a3 a2c3 a3b4 d4c5 b4c5 d3d4 c5d4 e3d4 a8c8 
Position; fen rnbqkb1r/p1p1pppp/1p3n2/3p4/P2P4/2N5/1PP1PPPP/R1BQKBNR w KQkq - 0 4
Moves; c1f4 e7e6 e2e3 c8b7 a4a5 b6a5 g1f3 f8d6 f1b5 b8d7 f3e5 a7a6 b5a4 e8g8 e1g1 d7b6 a4c6 d6e5 c6b7 e5f4 b7a8 f4h2 g1h2 d8d6 h2g1 f8a8 b2b3 d6b4 d1d3 c7c5 c3a2 b4a3 a2c3 a3b4 c3a2
Warning; PV continues after threefold repetition - move c3a2 from candidate
Info; info score cp 0 time 3 depth 10 nodes 15123 nps 4634692 pv b4a3 a2c3 a3b4 c3a2 
Position; fen rnbqkb1r/p1p1pppp/1p3n2/3p4/P2P4/2N5/1PP1PPPP/R1BQKBNR w KQkq - 0 4
Moves; c1f4 e7e6 e2e3 c8b7 a4a5 b6a5 g1f3 f8d6 f1b5 b8d7 f3e5 a7a6 b5a4 e8g8 e1g1 d7b6 a4c6 d6e5 c6b7 e5f4 b7a8 f4h2 g1h2 d8d6 h2g1 f8a8 b2b3 d6b4 d1d3 c7c5 c3a2 b4a3 a2c3 a3b4 c3a2
Warning; PV continues after threefold repetition - move c3a2 from candidate
Info; info score cp 0 time 4 depth 11 nodes 20318 nps 4625085 pv b4a3 a2c3 a3b4 c3a2 
Position; fen rnbqkb1r/p1p1pppp/1p3n2/3p4/P2P4/2N5/1PP1PPPP/R1BQKBNR w KQkq - 0 4
Moves; c1f4 e7e6 e2e3 c8b7 a4a5 b6a5 g1f3 f8d6 f1b5 b8d7 f3e5 a7a6 b5a4 e8g8 e1g1 d7b6 a4c6 d6e5 c6b7 e5f4 b7a8 f4h2 g1h2 d8d6 h2g1 f8a8 b2b3 d6b4 d1d3 c7c5 c3a2 b4a3 a2c3 a3b4 c3a2
Warning; PV continues after threefold repetition - move c3a2 from candidate
Info; info score cp 0 time 6 depth 12 nodes 28062 nps 4537839 pv b4a3 a2c3 a3b4 c3a2 
Position; fen rnbqkb1r/p1p1pppp/1p3n2/3p4/P2P4/2N5/1PP1PPPP/R1BQKBNR w KQkq - 0 4
Moves; c1f4 e7e6 e2e3 c8b7 a4a5 b6a5 g1f3 f8d6 f1b5 b8d7 f3e5 a7a6 b5a4 e8g8 e1g1 d7b6 a4c6 d6e5 c6b7 e5f4 b7a8 f4h2 g1h2 d8d6 h2g1 f8a8 b2b3 d6b4 d1d3 c7c5 c3a2 b4a3 a2c3 a3b4 c3a2
Warning; PV continues after threefold repetition - move c3a2 from candidate
Info; info score cp 0 time 8 depth 13 nodes 40378 nps 4542979 pv b4a3 a2c3 a3b4 c3a2 
Position; fen rnbqkb1r/p1p1pppp/1p3n2/3p4/P2P4/2N5/1PP1PPPP/R1BQKBNR w KQkq - 0 4
Moves; c1f4 e7e6 e2e3 c8b7 a4a5 b6a5 g1f3 f8d6 f1b5 b8d7 f3e5 a7a6 b5a4 e8g8 e1g1 d7b6 a4c6 d6e5 c6b7 e5f4 b7a8 f4h2 g1h2 d8d6 h2g1 f8a8 b2b3 d6b4 d1d3 c7c5 c3a2 b4a3 a2c3 a3b4 c3a2
Warning; PV continues after threefold repetition - move c3a2 from candidate
Info; info score cp 0 time 12 depth 14 nodes 55883 nps 4545180 pv b4a3 a2c3 a3b4 c3a2 
Position; fen rnbqkb1r/p1p1pppp/1p3n2/3p4/P2P4/2N5/1PP1PPPP/R1BQKBNR w KQkq - 0 4
Moves; c1f4 e7e6 e2e3 c8b7 a4a5 b6a5 g1f3 f8d6 f1b5 b8d7 f3e5 a7a6 b5a4 e8g8 e1g1 d7b6 a4c6 d6e5 c6b7 e5f4 b7a8 f4h2 g1h2 d8d6 h2g1 f8a8 b2b3 d6b4 d1d3 c7c5 c3a2 b4a3 a2c3 a3b4 c3a2
Warning; PV continues after threefold repetition - move c3a2 from candidate
Info; info score cp 0 time 17 depth 15 nodes 79533 nps 4476949 pv b4a3 a2c3 a3b4 c3a2 
Position; fen rnbqkb1r/p1p1pppp/1p3n2/3p4/P2P4/2N5/1PP1PPPP/R1BQKBNR w KQkq - 0 4
Moves; c1f4 e7e6 e2e3 c8b7 a4a5 b6a5 g1f3 f8d6 f1b5 b8d7 f3e5 a7a6 b5a4 e8g8 e1g1 d7b6 a4c6 d6e5 c6b7 e5f4 b7a8 f4h2 g1h2 d8d6 h2g1 f8a8 b2b3 d6b4 d1d3 c7c5 c3a2 b4a3 a2c3 a3b4 c3a2
Warning; PV continues after threefold repetition - move c3a2 from candidate
Info; info score cp 0 time 32 depth 16 nodes 145123 nps 4469586 pv b4a3 a2c3 a3b4 c3a2 
Position; fen rnbqkb1r/p1p1pppp/1p3n2/3p4/P2P4/2N5/1PP1PPPP/R1BQKBNR w KQkq - 0 4
Moves; c1f4 e7e6 e2e3 c8b7 a4a5 b6a5 g1f3 f8d6 f1b5 b8d7 f3e5 a7a6 b5a4 e8g8 e1g1 d7b6 a4c6 d6e5 c6b7 e5f4 b7a8 f4h2 g1h2 d8d6 h2g1 f8a8 b2b3 d6b4 d1d3 c7c5 c3a2 b4a3 a2c3 a3b4 c3a2
Warning; PV continues after threefold repetition - move c3a2 from candidate
Info; info score cp 0 time 69 depth 17 nodes 292893 nps 4204125 pv b4a3 a2c3 a3b4 c3a2 
Position; fen rnbqkb1r/p1p1pppp/1p3n2/3p4/P2P4/2N5/1PP1PPPP/R1BQKBNR w KQkq - 0 4
Moves; c1f4 e7e6 e2e3 c8b7 a4a5 b6a5 g1f3 f8d6 f1b5 b8d7 f3e5 a7a6 b5a4 e8g8 e1g1 d7b6 a4c6 d6e5 c6b7 e5f4 b7a8 f4h2 g1h2 d8d6 h2g1 f8a8 b2b3 d6b4 d1d3 c7c5 c3a2 b4a3 a2c3 a3b4 c3a2
Warning; PV continues after threefold repetition - move c3a2 from candidate
Info; info score cp 0 time 215 depth 18 nodes 924452 nps 4281991 pv b4a3 a2c3 a3b4 c3a2 
Position; fen rnbqkb1r/p1p1pppp/1p3n2/3p4/P2P4/2N5/1PP1PPPP/R1BQKBNR w KQkq - 0 4
Moves; c1f4 e7e6 e2e3 c8b7 a4a5 b6a5 g1f3 f8d6 f1b5 b8d7 f3e5 a7a6 b5a4 e8g8 e1g1 d7b6 a4c6 d6e5 c6b7 e5f4 b7a8 f4h2 g1h2 d8d6 h2g1 f8a8 b2b3 d6b4 d1d3 c7c5 c3a2 b4a3 a2c3 a3b4 c3a2
Warning; PV continues after threefold repetition - move c3a2 from ref-5047070
Info; info score cp 0 time 0 depth 3 nodes 894 nps 4755319 pv a2c3 a3b4 c3a2 
Position; fen rnbqkb1r/p1p1pppp/1p3n2/3p4/P2P4/2N5/1PP1PPPP/R1BQKBNR w KQkq - 0 4
Moves; c1f4 e7e6 e2e3 c8b7 a4a5 b6a5 g1f3 f8d6 f1b5 b8d7 f3e5 a7a6 b5a4 e8g8 e1g1 d7b6 a4c6 d6e5 c6b7 e5f4 b7a8 f4h2 g1h2 d8d6 h2g1 f8a8 b2b3 d6b4 d1d3 c7c5 c3a2 b4a3 a2c3 a3b4 c3a2 b4a3
Warning; PV continues after threefold repetition - move c3a2 from ref-5047070
Info; info score cp 0 time 0 depth 4 nodes 1755 nps 4582245 pv a2c3 a3b4 c3a2 
Position; fen rnbqkb1r/p1p1pppp/1p3n2/3p4/P2P4/2N5/1PP1PPPP/R1BQKBNR w KQkq - 0 4
Moves; c1f4 e7e6 e2e3 c8b7 a4a5 b6a5 g1f3 f8d6 f1b5 b8d7 f3e5 a7a6 b5a4 e8g8 e1g1 d7b6 a4c6 d6e5 c6b7 e5f4 b7a8 f4h2 g1h2 d8d6 h2g1 f8a8 b2b3 d6b4 d1d3 c7c5 c3a2 b4a3 a2c3 a3b4 c3a2 b4a3
Warning; PV continues after threefold repetition - move c3a2 from ref-5047070
Info; info score cp 0 time 0 depth 5 nodes 3076 nps 4993506 pv a2c3 a3b4 c3a2 
Position; fen rnbqkb1r/p1p1pppp/1p3n2/3p4/P2P4/2N5/1PP1PPPP/R1BQKBNR w KQkq - 0 4
Moves; c1f4 e7e6 e2e3 c8b7 a4a5 b6a5 g1f3 f8d6 f1b5 b8d7 f3e5 a7a6 b5a4 e8g8 e1g1 d7b6 a4c6 d6e5 c6b7 e5f4 b7a8 f4h2 g1h2 d8d6 h2g1 f8a8 b2b3 d6b4 d1d3 c7c5 c3a2 b4a3 a2c3 a3b4 c3a2 b4a3
Warning; PV continues after threefold repetition - move c3a2 from ref-5047070
Info; info score cp 0 time 0 depth 6 nodes 3556 nps 5036827 pv a2c3 a3b4 c3a2 
Position; fen rnbqkb1r/p1p1pppp/1p3n2/3p4/P2P4/2N5/1PP1PPPP/R1BQKBNR w KQkq - 0 4
Moves; c1f4 e7e6 e2e3 c8b7 a4a5 b6a5 g1f3 f8d6 f1b5 b8d7 f3e5 a7a6 b5a4 e8g8 e1g1 d7b6 a4c6 d6e5 c6b7 e5f4 b7a8 f4h2 g1h2 d8d6 h2g1 f8a8 b2b3 d6b4 d1d3 c7c5 c3a2 b4a3 a2c3 a3b4 c3a2 b4a3
Warning; PV continues after threefold repetition - move c3a2 from ref-5047070
Info; info score cp 0 time 0 depth 7 nodes 4277 nps 4816441 pv a2c3 a3b4 c3a2 
Position; fen rnbqkb1r/p1p1pppp/1p3n2/3p4/P2P4/2N5/1PP1PPPP/R1BQKBNR w KQkq - 0 4
Moves; c1f4 e7e6 e2e3 c8b7 a4a5 b6a5 g1f3 f8d6 f1b5 b8d7 f3e5 a7a6 b5a4 e8g8 e1g1 d7b6 a4c6 d6e5 c6b7 e5f4 b7a8 f4h2 g1h2 d8d6 h2g1 f8a8 b2b3 d6b4 d1d3 c7c5 c3a2 b4a3 a2c3 a3b4 c3a2 b4a3
Warning; PV continues after threefold repetition - move c3a2 from ref-5047070
Info; info score cp 0 time 1 depth 8 nodes 4874 nps 4727449 pv a2c3 a3b4 c3a2 
Position; fen rnbqkb1r/p1p1pppp/1p3n2/3p4/P2P4/2N5/1PP1PPPP/R1BQKBNR w KQkq - 0 4
Moves; c1f4 e7e6 e2e3 c8b7 a4a5 b6a5 g1f3 f8d6 f1b5 b8d7 f3e5 a7a6 b5a4 e8g8 e1g1 d7b6 a4c6 d6e5 c6b7 e5f4 b7a8 f4h2 g1h2 d8d6 h2g1 f8a8 b2b3 d6b4 d1d3 c7c5 c3a2 b4a3 a2c3 a3b4 c3a2 b4a3
Warning; PV continues after threefold repetition - move c3a2 from ref-5047070
Info; info score cp 0 time 1 depth 9 nodes 5493 nps 4723129 pv a2c3 a3b4 c3a2 
Position; fen rnbqkb1r/p1p1pppp/1p3n2/3p4/P2P4/2N5/1PP1PPPP/R1BQKBNR w KQkq - 0 4
Moves; c1f4 e7e6 e2e3 c8b7 a4a5 b6a5 g1f3 f8d6 f1b5 b8d7 f3e5 a7a6 b5a4 e8g8 e1g1 d7b6 a4c6 d6e5 c6b7 e5f4 b7a8 f4h2 g1h2 d8d6 h2g1 f8a8 b2b3 d6b4 d1d3 c7c5 c3a2 b4a3 a2c3 a3b4 c3a2 b4a3
Warning; PV continues after threefold repetition - move c3a2 from ref-5047070
Info; info score cp 0 time 4 depth 10 nodes 6884 nps 1613311 pv a2c3 a3b4 c3a2 
Position; fen rnbqkb1r/p1p1pppp/1p3n2/3p4/P2P4/2N5/1PP1PPPP/R1BQKBNR w KQkq - 0 4
Moves; c1f4 e7e6 e2e3 c8b7 a4a5 b6a5 g1f3 f8d6 f1b5 b8d7 f3e5 a7a6 b5a4 e8g8 e1g1 d7b6 a4c6 d6e5 c6b7 e5f4 b7a8 f4h2 g1h2 d8d6 h2g1 f8a8 b2b3 d6b4 d1d3 c7c5 c3a2 b4a3 a2c3 a3b4 c3a2 b4a3
Warning; PV continues after threefold repetition - move c3a2 from ref-5047070
Info; info score cp 0 time 9 depth 11 nodes 20968 nps 2155206 pv a2c3 a3b4 c3a2 
Position; fen rnbqkb1r/p1p1pppp/1p3n2/3p4/P2P4/2N5/1PP1PPPP/R1BQKBNR w KQkq - 0 4
Moves; c1f4 e7e6 e2e3 c8b7 a4a5 b6a5 g1f3 f8d6 f1b5 b8d7 f3e5 a7a6 b5a4 e8g8 e1g1 d7b6 a4c6 d6e5 c6b7 e5f4 b7a8 f4h2 g1h2 d8d6 h2g1 f8a8 b2b3 d6b4 d1d3 c7c5 c3a2 b4a3 a2c3 a3b4 c3a2 b4a3
Warning; PV continues after threefold repetition - move c3a2 from ref-5047070
Info; info score cp 0 time 20 depth 12 nodes 47311 nps 2288319 pv a2c3 a3b4 c3a2 
Position; fen rnbqkb1r/p1p1pppp/1p3n2/3p4/P2P4/2N5/1PP1PPPP/R1BQKBNR w KQkq - 0 4
Moves; c1f4 e7e6 e2e3 c8b7 a4a5 b6a5 g1f3 f8d6 f1b5 b8d7 f3e5 a7a6 b5a4 e8g8 e1g1 d7b6 a4c6 d6e5 c6b7 e5f4 b7a8 f4h2 g1h2 d8d6 h2g1 f8a8 b2b3 d6b4 d1d3 c7c5 c3a2 b4a3 a2c3 a3b4 c3a2 b4a3
Warning; PV continues after threefold repetition - move c3a2 from ref-5047070
Info; info score cp 0 time 31 depth 13 nodes 69914 nps 2251296 pv a2c3 a3b4 c3a2 
Position; fen rnbqkb1r/p1p1pppp/1p3n2/3p4/P2P4/2N5/1PP1PPPP/R1BQKBNR w KQkq - 0 4
Moves; c1f4 e7e6 e2e3 c8b7 a4a5 b6a5 g1f3 f8d6 f1b5 b8d7 f3e5 a7a6 b5a4 e8g8 e1g1 d7b6 a4c6 d6e5 c6b7 e5f4 b7a8 f4h2 g1h2 d8d6 h2g1 f8a8 b2b3 d6b4 d1d3 c7c5 c3a2 b4a3 a2c3 a3b4 c3a2 b4a3
Warning; PV continues after threefold repetition - move c3a2 from ref-5047070
Info; info score cp 0 time 53 depth 14 nodes 141646 nps 2643685 pv a2c3 a3b4 c3a2 
Position; fen rnbqkb1r/p1p1pppp/1p3n2/3p4/P2P4/2N5/1PP1PPPP/R1BQKBNR w KQkq - 0 4
Moves; c1f4 e7e6 e2e3 c8b7 a4a5 b6a5 g1f3 f8d6 f1b5 b8d7 f3e5 a7a6 b5a4 e8g8 e1g1 d7b6 a4c6 d6e5 c6b7 e5f4 b7a8 f4h2 g1h2 d8d6 h2g1 f8a8 b2b3 d6b4 d1d3 c7c5 c3a2 b4a3 a2c3 a3b4 c3a2 b4a3
Warning; PV continues after threefold repetition - move c3a2 from ref-5047070
Info; info score cp 0 time 75 depth 15 nodes 236537 nps 3153700 pv a2c3 a3b4 c3a2 
Position; fen rnbqkb1r/p1p1pppp/1p3n2/3p4/P2P4/2N5/1PP1PPPP/R1BQKBNR w KQkq - 0 4
Moves; c1f4 e7e6 e2e3 c8b7 a4a5 b6a5 g1f3 f8d6 f1b5 b8d7 f3e5 a7a6 b5a4 e8g8 e1g1 d7b6 a4c6 d6e5 c6b7 e5f4 b7a8 f4h2 g1h2 d8d6 h2g1 f8a8 b2b3 d6b4 d1d3 c7c5 c3a2 b4a3 a2c3 a3b4 c3a2 b4a3
Warning; PV continues after threefold repetition - move c3a2 from ref-5047070
Info; info score cp 0 time 174 depth 16 nodes 678496 nps 3881045 pv a2c3 a3b4 c3a2 
Position; fen rnbqkb1r/p1p1pppp/1p3n2/3p4/P2P4/2N5/1PP1PPPP/R1BQKBNR w KQkq - 0 4
Moves; c1f4 e7e6 e2e3 c8b7 a4a5 b6a5 g1f3 f8d6 f1b5 b8d7 f3e5 a7a6 b5a4 e8g8 e1g1 d7b6 a4c6 d6e5 c6b7 e5f4 b7a8 f4h2 g1h2 d8d6 h2g1 f8a8 b2b3 d6b4 d1d3 c7c5 c3a2 b4a3 a2c3 a3b4 c3a2 b4a3
Warning; PV continues after threefold repetition - move c3e2 from candidate
Info; info score cp -5 time 0 depth 2 nodes 151 nps 2903846 pv a3b4 c3e2 
Position; fen rnbqkb1r/p1p1pppp/1p3n2/3p4/P2P4/2N5/1PP1PPPP/R1BQKBNR w KQkq - 0 4
Moves; c1f4 e7e6 e2e3 c8b7 a4a5 b6a5 g1f3 f8d6 f1b5 b8d7 f3e5 a7a6 b5a4 e8g8 e1g1 d7b6 a4c6 d6e5 c6b7 e5f4 b7a8 f4h2 g1h2 d8d6 h2g1 f8a8 b2b3 d6b4 d1d3 c7c5 c3a2 b4a3 a2c3 a3b4 c3a2 b4a3 a2c3
Warning; PV continues after threefold repetition - move d4c5 from candidate
Info; info score cp -1 time 0 depth 3 nodes 888 nps 4374384 pv a3b4 d4c5 b4c5 
Position; fen rnbqkb1r/p1p1pppp/1p3n2/3p4/P2P4/2N5/1PP1PPPP/R1BQKBNR w KQkq - 0 4
Moves; c1f4 e7e6 e2e3 c8b7 a4a5 b6a5 g1f3 f8d6 f1b5 b8d7 f3e5 a7a6 b5a4 e8g8 e1g1 d7b6 a4c6 d6e5 c6b7 e5f4 b7a8 f4h2 g1h2 d8d6 h2g1 f8a8 b2b3 d6b4 d1d3 c7c5 c3a2 b4a3 a2c3 a3b4 c3a2 b4a3 a2c3
Warning; PV continues after threefold repetition - move c3a2 from candidate
Info; info score cp 0 time 0 depth 4 nodes 1465 nps 4197707 pv a3b4 c3a2 
Position; fen rnbqkb1r/p1p1pppp/1p3n2/3p4/P2P4/2N5/1PP1PPPP/R1BQKBNR w KQkq - 0 4
Moves; c1f4 e7e6 e2e3 c8b7 a4a5 b6a5 g1f3 f8d6 f1b5 b8d7 f3e5 a7a6 b5a4 e8g8 e1g1 d7b6 a4c6 d6e5 c6b7 e5f4 b7a8 f4h2 g1h2 d8d6 h2g1 f8a8 b2b3 d6b4 d1d3 c7c5 c3a2 b4a3 a2c3 a3b4 c3a2 b4a3 a2c3
Warning; PV continues after threefold repetition - move c3a2 from candidate
Info; info score cp 0 time 0 depth 5 nodes 2061 nps 4130260 pv a3b4 c3a2 
Position; fen rnbqkb1r/p1p1pppp/1p3n2/3p4/P2P4/2N5/1PP1PPPP/R1BQKBNR w KQkq - 0 4
Moves; c1f4 e7e6 e2e3 c8b7 a4a5 b6a5 g1f3 f8d6 f1b5 b8d7 f3e5 a7a6 b5a4 e8g8 e1g1 d7b6 a4c6 d6e5 c6b7 e5f4 b7a8 f4h2 g1h2 d8d6 h2g1 f8a8 b2b3 d6b4 d1d3 c7c5 c3a2 b4a3 a2c3 a3b4 c3a2 b4a3 a2c3
Warning; PV continues after threefold repetition - move c3a2 from candidate
Info; info score cp 0 time 0 depth 6 nodes 3658 nps 4471882 pv a3b4 c3a2 
Position; fen rnbqkb1r/p1p1pppp/1p3n2/3p4/P2P4/2N5/1PP1PPPP/R1BQKBNR w KQkq - 0 4
Moves; c1f4 e7e6 e2e3 c8b7 a4a5 b6a5 g1f3 f8d6 f1b5 b8d7 f3e5 a7a6 b5a4 e8g8 e1g1 d7b6 a4c6 d6e5 c6b7 e5f4 b7a8 f4h2 g1h2 d8d6 h2g1 f8a8 b2b3 d6b4 d1d3 c7c5 c3a2 b4a3 a2c3 a3b4 c3a2 b4a3 a2c3
Warning; PV continues after threefold repetition - move c3a2 from candidate
Info; info score cp 0 time 1 depth 7 nodes 4593 nps 4489736 pv a3b4 c3a2 
Position; fen rnbqkb1r/p1p1pppp/1p3n2/3p4/P2P4/2N5/1PP1PPPP/R1BQKBNR w KQkq - 0 4
Moves; c1f4 e7e6 e2e3 c8b7 a4a5 b6a5 g1f3 f8d6 f1b5 b8d7 f3e5 a7a6 b5a4 e8g8 e1g1 d7b6 a4c6 d6e5 c6b7 e5f4 b7a8 f4h2 g1h2 d8d6 h2g1 f8a8 b2b3 d6b4 d1d3 c7c5 c3a2 b4a3 a2c3 a3b4 c3a2 b4a3 a2c3
Warning; PV continues after threefold repetition - move c3a2 from candidate
Info; info score cp 0 time 1 depth 8 nodes 6779 nps 4422048 pv a3b4 c3a2 
Position; fen rnbqkb1r/p1p1pppp/1p3n2/3p4/P2P4/2N5/1PP1PPPP/R1BQKBNR w KQkq - 0 4
Moves; c1f4 e7e6 e2e3 c8b7 a4a5 b6a5 g1f3 f8d6 f1b5 b8d7 f3e5 a7a6 b5a4 e8g8 e1g1 d7b6 a4c6 d6e5 c6b7 e5f4 b7a8 f4h2 g1h2 d8d6 h2g1 f8a8 b2b3 d6b4 d1d3 c7c5 c3a2 b4a3 a2c3 a3b4 c3a2 b4a3 a2c3
Warning; PV continues after threefold repetition - move c3a2 from candidate
Info; info score cp 0 time 2 depth 9 nodes 10211 nps 4451176 pv a3b4 c3a2 
Position; fen rnbqkb1r/p1p1pppp/1p3n2/3p4/P2P4/2N5/1PP1PPPP/R1BQKBNR w KQkq - 0 4
Moves; c1f4 e7e6 e2e3 c8b7 a4a5 b6a5 g1f3 f8d6 f1b5 b8d7 f3e5 a7a6 b5a4 e8g8 e1g1 d7b6 a4c6 d6e5 c6b7 e5f4 b7a8 f4h2 g1h2 d8d6 h2g1 f8a8 b2b3 d6b4 d1d3 c7c5 c3a2 b4a3 a2c3 a3b4 c3a2 b4a3 a2c3
Warning; PV continues after threefold repetition - move c3a2 from candidate
Info; info score cp 0 time 3 depth 10 nodes 14551 nps 4510539 pv a3b4 c3a2 
Position; fen rnbqkb1r/p1p1pppp/1p3n2/3p4/P2P4/2N5/1PP1PPPP/R1BQKBNR w KQkq - 0 4
Moves; c1f4 e7e6 e2e3 c8b7 a4a5 b6a5 g1f3 f8d6 f1b5 b8d7 f3e5 a7a6 b5a4 e8g8 e1g1 d7b6 a4c6 d6e5 c6b7 e5f4 b7a8 f4h2 g1h2 d8d6 h2g1 f8a8 b2b3 d6b4 d1d3 c7c5 c3a2 b4a3 a2c3 a3b4 c3a2 b4a3 a2c3
Warning; PV continues after threefold repetition - move c3a2 from candidate
Info; info score cp 0 time 5 depth 11 nodes 23768 nps 4632235 pv a3b4 c3a2 
Position; fen rnbqkb1r/p1p1pppp/1p3n2/3p4/P2P4/2N5/1PP1PPPP/R1BQKBNR w KQkq - 0 4
Moves; c1f4 e7e6 e2e3 c8b7 a4a5 b6a5 g1f3 f8d6 f1b5 b8d7 f3e5 a7a6 b5a4 e8g8 e1g1 d7b6 a4c6 d6e5 c6b7 e5f4 b7a8 f4h2 g1h2 d8d6 h2g1 f8a8 b2b3 d6b4 d1d3 c7c5 c3a2 b4a3 a2c3 a3b4 c3a2 b4a3 a2c3
Warning; PV continues after threefold repetition - move c3a2 from candidate
Info; info score cp 0 time 7 depth 12 nodes 34071 nps 4756526 pv a3b4 c3a2 
Position; fen rnbqkb1r/p1p1pppp/1p3n2/3p4/P2P4/2N5/1PP1PPPP/R1BQKBNR w KQkq - 0 4
Moves; c1f4 e7e6 e2e3 c8b7 a4a5 b6a5 g1f3 f8d6 f1b5 b8d7 f3e5 a7a6 b5a4 e8g8 e1g1 d7b6 a4c6 d6e5 c6b7 e5f4 b7a8 f4h2 g1h2 d8d6 h2g1 f8a8 b2b3 d6b4 d1d3 c7c5 c3a2 b4a3 a2c3 a3b4 c3a2 b4a3 a2c3
Warning; PV continues after threefold repetition - move c3a2 from candidate
Info; info score cp 0 time 10 depth 13 nodes 47686 nps 4673723 pv a3b4 c3a2 
Position; fen rnbqkb1r/p1p1pppp/1p3n2/3p4/P2P4/2N5/1PP1PPPP/R1BQKBNR w KQkq - 0 4
Moves; c1f4 e7e6 e2e3 c8b7 a4a5 b6a5 g1f3 f8d6 f1b5 b8d7 f3e5 a7a6 b5a4 e8g8 e1g1 d7b6 a4c6 d6e5 c6b7 e5f4 b7a8 f4h2 g1h2 d8d6 h2g1 f8a8 b2b3 d6b4 d1d3 c7c5 c3a2 b4a3 a2c3 a3b4 c3a2 b4a3 a2c3
Warning; PV continues after threefold repetition - move c3a2 from candidate
Info; info score cp 0 time 18 depth 14 nodes 81351 nps 4498755 pv a3b4 c3a2 
Position; fen rnbqkb1r/p1p1pppp/1p3n2/3p4/P2P4/2N5/1PP1PPPP/R1BQKBNR w KQkq - 0 4
Moves; c1f4 e7e6 e2e3 c8b7 a4a5 b6a5 g1f3 f8d6 f1b5 b8d7 f3e5 a7a6 b5a4 e8g8 e1g1 d7b6 a4c6 d6e5 c6b7 e5f4 b7a8 f4h2 g1h2 d8d6 h2g1 f8a8 b2b3 d6b4 d1d3 c7c5 c3a2 b4a3 a2c3 a3b4 c3a2 b4a3 a2c3
Warning; PV continues after threefold repetition - move c3a2 from candidate
Info; info score cp 0 time 28 depth 15 nodes 127810 nps 4488183 pv a3b4 c3a2 
Position; fen rnbqkb1r/p1p1pppp/1p3n2/3p4/P2P4/2N5/1PP1PPPP/R1BQKBNR w KQkq - 0 4
Moves; c1f4 e7e6 e2e3 c8b7 a4a5 b6a5 g1f3 f8d6 f1b5 b8d7 f3e5 a7a6 b5a4 e8g8 e1g1 d7b6 a4c6 d6e5 c6b7 e5f4 b7a8 f4h2 g1h2 d8d6 h2g1 f8a8 b2b3 d6b4 d1d3 c7c5 c3a2 b4a3 a2c3 a3b4 c3a2 b4a3 a2c3
Warning; PV continues after threefold repetition - move c3a2 from candidate
Info; info score cp 0 time 44 depth 16 nodes 199646 nps 4461562 pv a3b4 c3a2 
Position; fen rnbqkb1r/p1p1pppp/1p3n2/3p4/P2P4/2N5/1PP1PPPP/R1BQKBNR w KQkq - 0 4
Moves; c1f4 e7e6 e2e3 c8b7 a4a5 b6a5 g1f3 f8d6 f1b5 b8d7 f3e5 a7a6 b5a4 e8g8 e1g1 d7b6 a4c6 d6e5 c6b7 e5f4 b7a8 f4h2 g1h2 d8d6 h2g1 f8a8 b2b3 d6b4 d1d3 c7c5 c3a2 b4a3 a2c3 a3b4 c3a2 b4a3 a2c3
Warning; PV continues after threefold repetition - move c3a2 from candidate
Info; info score cp 0 time 251 depth 17 nodes 1105334 nps 4389085 pv a3b4 c3a2 
Position; fen rnbqkb1r/p1p1pppp/1p3n2/3p4/P2P4/2N5/1PP1PPPP/R1BQKBNR w KQkq - 0 4
Moves; c1f4 e7e6 e2e3 c8b7 a4a5 b6a5 g1f3 f8d6 f1b5 b8d7 f3e5 a7a6 b5a4 e8g8 e1g1 d7b6 a4c6 d6e5 c6b7 e5f4 b7a8 f4h2 g1h2 d8d6 h2g1 f8a8 b2b3 d6b4 d1d3 c7c5 c3a2 b4a3 a2c3 a3b4 c3a2 b4a3 a2c3
Finished game 802 (ref-5047070 vs candidate): 1/2-1/2 {Draw by 3-fold repetition}
Started game 808 of 1000 (ref-5047070 vs candidate)
Finished game 792 (ref-5047070 vs candidate): 1-0 {White wins by adjudication}
Started game 809 of 1000 (candidate vs ref-5047070)
Finished game 798 (ref-5047070 vs candidate): 0-1 {Black wins by adjudication}
Started game 810 of 1000 (ref-5047070 vs candidate)
Finished game 803 (candidate vs ref-5047070): 1-0 {White wins by adjudication}
Started game 811 of 1000 (candidate vs ref-5047070)
Finished game 795 (candidate vs ref-5047070): 1/2-1/2 {Draw by fifty moves rule}
Started game 812 of 1000 (ref-5047070 vs candidate)
Finished game 801 (candidate vs ref-5047070): 1-0 {White wins by adjudication}
Started game 813 of 1000 (candidate vs ref-5047070)
Finished game 807 (candidate vs ref-5047070): 1/2-1/2 {Draw by 3-fold repetition}
Started game 814 of 1000 (ref-5047070 vs candidate)
Finished game 800 (ref-5047070 vs candidate): 1/2-1/2 {Draw by adjudication}
Started game 815 of 1000 (candidate vs ref-5047070)
Finished game 805 (candidate vs ref-5047070): 1-0 {White wins by adjudication}
Started game 816 of 1000 (ref-5047070 vs candidate)
Finished game 806 (ref-5047070 vs candidate): 1/2-1/2 {Draw by 3-fold repetition}
Started game 817 of 1000 (candidate vs ref-5047070)
Finished game 799 (candidate vs ref-5047070): 1/2-1/2 {Draw by insufficient mating material}
--------------------------------------------------
Results of candidate vs ref-5047070 (8+0.08, 1t, 16MB, noob_3moves.epd):
Elo: 0.43 +/- 18.94, nElo: 0.55 +/- 24.02
LOS: 51.79 %, DrawRatio: 37.06 %, PairsRatio: 1.07
Games: 804, Wins: 264, Losses: 263, Draws: 277, Points: 402.5 (50.06 %)
Ptnml(0-2): [45, 77, 149, 94, 37], WL/DD Ratio: 1.81
--------------------------------------------------
Started game 818 of 1000 (ref-5047070 vs candidate)
Finished game 808 (ref-5047070 vs candidate): 1/2-1/2 {Draw by adjudication}
Started game 819 of 1000 (candidate vs ref-5047070)
Finished game 810 (ref-5047070 vs candidate): 0-1 {Black wins by adjudication}
Started game 820 of 1000 (ref-5047070 vs candidate)
Finished game 811 (candidate vs ref-5047070): 1/2-1/2 {Draw by 3-fold repetition}
Started game 821 of 1000 (candidate vs ref-5047070)
Finished game 804 (ref-5047070 vs candidate): 1/2-1/2 {Draw by 3-fold repetition}
Started game 822 of 1000 (ref-5047070 vs candidate)
Finished game 809 (candidate vs ref-5047070): 0-1 {Black wins by adjudication}
Started game 823 of 1000 (candidate vs ref-5047070)
Finished game 817 (candidate vs ref-5047070): 1/2-1/2 {Draw by 3-fold repetition}
Started game 824 of 1000 (ref-5047070 vs candidate)
Finished game 813 (candidate vs ref-5047070): 1-0 {White wins by adjudication}
Started game 825 of 1000 (candidate vs ref-5047070)
Finished game 812 (ref-5047070 vs candidate): 0-1 {Black wins by adjudication}
Started game 826 of 1000 (ref-5047070 vs candidate)
Finished game 816 (ref-5047070 vs candidate): 1/2-1/2 {Draw by 3-fold repetition}
Started game 827 of 1000 (candidate vs ref-5047070)
Finished game 814 (ref-5047070 vs candidate): 1/2-1/2 {Draw by 3-fold repetition}
Started game 828 of 1000 (ref-5047070 vs candidate)
Finished game 818 (ref-5047070 vs candidate): 0-1 {Black wins by adjudication}
Started game 829 of 1000 (candidate vs ref-5047070)
Finished game 819 (candidate vs ref-5047070): 1-0 {White wins by adjudication}
Started game 830 of 1000 (ref-5047070 vs candidate)
Finished game 824 (ref-5047070 vs candidate): 1-0 {White wins by adjudication}
Started game 831 of 1000 (candidate vs ref-5047070)
Finished game 822 (ref-5047070 vs candidate): 1-0 {White wins by adjudication}
Started game 832 of 1000 (ref-5047070 vs candidate)
Finished game 820 (ref-5047070 vs candidate): 1-0 {White wins by adjudication}
--------------------------------------------------
Results of candidate vs ref-5047070 (8+0.08, 1t, 16MB, noob_3moves.epd):
Elo: 2.12 +/- 18.69, nElo: 2.71 +/- 23.81
LOS: 58.82 %, DrawRatio: 37.16 %, PairsRatio: 1.11
Games: 818, Wins: 270, Losses: 265, Draws: 283, Points: 411.5 (50.31 %)
Ptnml(0-2): [45, 77, 152, 98, 37], WL/DD Ratio: 1.81
--------------------------------------------------
Started game 833 of 1000 (candidate vs ref-5047070)
Finished game 821 (candidate vs ref-5047070): 1-0 {White wins by adjudication}
Started game 834 of 1000 (ref-5047070 vs candidate)
Finished game 823 (candidate vs ref-5047070): 1/2-1/2 {Draw by 3-fold repetition}
Started game 835 of 1000 (candidate vs ref-5047070)
Finished game 828 (ref-5047070 vs candidate): 0-1 {Black wins by adjudication}
Started game 836 of 1000 (ref-5047070 vs candidate)
Finished game 825 (candidate vs ref-5047070): 1-0 {White wins by adjudication}
Started game 837 of 1000 (candidate vs ref-5047070)
Finished game 827 (candidate vs ref-5047070): 0-1 {Black wins by adjudication}
Started game 838 of 1000 (ref-5047070 vs candidate)
Finished game 830 (ref-5047070 vs candidate): 1-0 {White wins by adjudication}
Started game 839 of 1000 (candidate vs ref-5047070)
Finished game 815 (candidate vs ref-5047070): 1/2-1/2 {Draw by fifty moves rule}
Started game 840 of 1000 (ref-5047070 vs candidate)
Finished game 831 (candidate vs ref-5047070): 1-0 {White wins by adjudication}
Started game 841 of 1000 (candidate vs ref-5047070)
Finished game 833 (candidate vs ref-5047070): 0-1 {Black wins by adjudication}
Started game 842 of 1000 (ref-5047070 vs candidate)
Finished game 829 (candidate vs ref-5047070): 0-1 {Black wins by adjudication}
Started game 843 of 1000 (candidate vs ref-5047070)
Finished game 832 (ref-5047070 vs candidate): 1/2-1/2 {Draw by 3-fold repetition}
Started game 844 of 1000 (ref-5047070 vs candidate)
Finished game 838 (ref-5047070 vs candidate): 1/2-1/2 {Draw by 3-fold repetition}
Started game 845 of 1000 (candidate vs ref-5047070)
Finished game 826 (ref-5047070 vs candidate): 1/2-1/2 {Draw by adjudication}
Started game 846 of 1000 (ref-5047070 vs candidate)
Finished game 834 (ref-5047070 vs candidate): 1/2-1/2 {Draw by 3-fold repetition}
Started game 847 of 1000 (candidate vs ref-5047070)
Finished game 835 (candidate vs ref-5047070): 1-0 {White wins by adjudication}
Started game 848 of 1000 (ref-5047070 vs candidate)
Finished game 839 (candidate vs ref-5047070): 1-0 {White wins by adjudication}
Started game 849 of 1000 (candidate vs ref-5047070)
Finished game 836 (ref-5047070 vs candidate): 1/2-1/2 {Draw by 3-fold repetition}
Started game 850 of 1000 (ref-5047070 vs candidate)
Finished game 840 (ref-5047070 vs candidate): 0-1 {Black wins by adjudication}
--------------------------------------------------
Results of candidate vs ref-5047070 (8+0.08, 1t, 16MB, noob_3moves.epd):
Elo: 2.49 +/- 18.48, nElo: 3.17 +/- 23.52
LOS: 60.42 %, DrawRatio: 36.99 %, PairsRatio: 1.11
Games: 838, Wins: 277, Losses: 271, Draws: 290, Points: 422.0 (50.36 %)
Ptnml(0-2): [46, 79, 155, 101, 38], WL/DD Ratio: 1.82
--------------------------------------------------
Started game 851 of 1000 (candidate vs ref-5047070)
Finished game 837 (candidate vs ref-5047070): 1-0 {White wins by adjudication}
Started game 852 of 1000 (ref-5047070 vs candidate)
Finished game 841 (candidate vs ref-5047070): 1/2-1/2 {Draw by adjudication}
Started game 853 of 1000 (candidate vs ref-5047070)
Finished game 846 (ref-5047070 vs candidate): 1-0 {White wins by adjudication}
Started game 854 of 1000 (ref-5047070 vs candidate)
Finished game 847 (candidate vs ref-5047070): 0-1 {Black wins by adjudication}
Started game 855 of 1000 (candidate vs ref-5047070)
Finished game 848 (ref-5047070 vs candidate): 0-1 {Black wins by adjudication}
Started game 856 of 1000 (ref-5047070 vs candidate)
Finished game 845 (candidate vs ref-5047070): 1-0 {White wins by adjudication}
Started game 857 of 1000 (candidate vs ref-5047070)
Finished game 842 (ref-5047070 vs candidate): 1/2-1/2 {Draw by 3-fold repetition}
Started game 858 of 1000 (ref-5047070 vs candidate)
Finished game 843 (candidate vs ref-5047070): 1/2-1/2 {Draw by fifty moves rule}
Started game 859 of 1000 (candidate vs ref-5047070)
Finished game 850 (ref-5047070 vs candidate): 1/2-1/2 {Draw by 3-fold repetition}
Started game 860 of 1000 (ref-5047070 vs candidate)
Finished game 849 (candidate vs ref-5047070): 0-1 {Black wins by adjudication}
Started game 861 of 1000 (candidate vs ref-5047070)
Finished game 844 (ref-5047070 vs candidate): 1/2-1/2 {Draw by fifty moves rule}
Started game 862 of 1000 (ref-5047070 vs candidate)
Finished game 851 (candidate vs ref-5047070): 1/2-1/2 {Draw by 3-fold repetition}
Started game 863 of 1000 (candidate vs ref-5047070)
Finished game 853 (candidate vs ref-5047070): 1-0 {White wins by adjudication}
Started game 864 of 1000 (ref-5047070 vs candidate)
Finished game 856 (ref-5047070 vs candidate): 0-1 {Black wins by adjudication}
Started game 865 of 1000 (candidate vs ref-5047070)
Finished game 854 (ref-5047070 vs candidate): 1-0 {White wins by adjudication}
Started game 866 of 1000 (ref-5047070 vs candidate)
Finished game 855 (candidate vs ref-5047070): 1/2-1/2 {Draw by stalemate}
Started game 867 of 1000 (candidate vs ref-5047070)
Finished game 858 (ref-5047070 vs candidate): 1-0 {White wins by adjudication}
Started game 868 of 1000 (ref-5047070 vs candidate)
Finished game 852 (ref-5047070 vs candidate): 1/2-1/2 {Draw by insufficient mating material}
Started game 869 of 1000 (candidate vs ref-5047070)
Finished game 861 (candidate vs ref-5047070): 1-0 {White wins by adjudication}
Started game 870 of 1000 (ref-5047070 vs candidate)
Finished game 862 (ref-5047070 vs candidate): 0-1 {Black wins by adjudication}
Started game 871 of 1000 (candidate vs ref-5047070)
Finished game 857 (candidate vs ref-5047070): 1-0 {White wins by adjudication}
Started game 872 of 1000 (ref-5047070 vs candidate)
Finished game 860 (ref-5047070 vs candidate): 1-0 {White wins by adjudication}
Started game 873 of 1000 (candidate vs ref-5047070)
Finished game 859 (candidate vs ref-5047070): 0-1 {Black wins by adjudication}
--------------------------------------------------
Results of candidate vs ref-5047070 (8+0.08, 1t, 16MB, noob_3moves.epd):
Elo: 2.82 +/- 18.15, nElo: 3.61 +/- 23.19
LOS: 61.98 %, DrawRatio: 37.59 %, PairsRatio: 1.12
Games: 862, Wins: 285, Losses: 278, Draws: 299, Points: 434.5 (50.41 %)
Ptnml(0-2): [47, 80, 162, 103, 39], WL/DD Ratio: 1.79
--------------------------------------------------
Started game 874 of 1000 (ref-5047070 vs candidate)
Finished game 865 (candidate vs ref-5047070): 1/2-1/2 {Draw by 3-fold repetition}
Started game 875 of 1000 (candidate vs ref-5047070)
Finished game 863 (candidate vs ref-5047070): 1/2-1/2 {Draw by 3-fold repetition}
Started game 876 of 1000 (ref-5047070 vs candidate)
Finished game 866 (ref-5047070 vs candidate): 1/2-1/2 {Draw by 3-fold repetition}
Started game 877 of 1000 (candidate vs ref-5047070)
Finished game 864 (ref-5047070 vs candidate): 1-0 {White wins by adjudication}
Started game 878 of 1000 (ref-5047070 vs candidate)
Finished game 875 (candidate vs ref-5047070): 1-0 {White wins by adjudication}
Started game 879 of 1000 (candidate vs ref-5047070)
Finished game 867 (candidate vs ref-5047070): 0-1 {Black wins by adjudication}
Started game 880 of 1000 (ref-5047070 vs candidate)
Finished game 868 (ref-5047070 vs candidate): 1-0 {White wins by adjudication}
Started game 881 of 1000 (candidate vs ref-5047070)
Finished game 871 (candidate vs ref-5047070): 1-0 {White wins by adjudication}
Started game 882 of 1000 (ref-5047070 vs candidate)
Finished game 872 (ref-5047070 vs candidate): 1/2-1/2 {Draw by adjudication}
Started game 883 of 1000 (candidate vs ref-5047070)
Finished game 876 (ref-5047070 vs candidate): 1-0 {White wins by adjudication}
Started game 884 of 1000 (ref-5047070 vs candidate)
Finished game 870 (ref-5047070 vs candidate): 1/2-1/2 {Draw by 3-fold repetition}
Started game 885 of 1000 (candidate vs ref-5047070)
Finished game 873 (candidate vs ref-5047070): 1/2-1/2 {Draw by adjudication}
Started game 886 of 1000 (ref-5047070 vs candidate)
Finished game 869 (candidate vs ref-5047070): 1/2-1/2 {Draw by adjudication}
Started game 887 of 1000 (candidate vs ref-5047070)
Finished game 874 (ref-5047070 vs candidate): 1/2-1/2 {Draw by adjudication}
Started game 888 of 1000 (ref-5047070 vs candidate)
Finished game 878 (ref-5047070 vs candidate): 0-1 {Black wins by adjudication}
Started game 889 of 1000 (candidate vs ref-5047070)
Finished game 885 (candidate vs ref-5047070): 0-1 {Black wins by adjudication}
Started game 890 of 1000 (ref-5047070 vs candidate)
Finished game 881 (candidate vs ref-5047070): 1/2-1/2 {Draw by 3-fold repetition}
Started game 891 of 1000 (candidate vs ref-5047070)
Finished game 883 (candidate vs ref-5047070): 1-0 {White wins by adjudication}
Started game 892 of 1000 (ref-5047070 vs candidate)
Finished game 877 (candidate vs ref-5047070): 1/2-1/2 {Draw by fifty moves rule}
Started game 893 of 1000 (candidate vs ref-5047070)
Finished game 887 (candidate vs ref-5047070): 1/2-1/2 {Draw by 3-fold repetition}
Started game 894 of 1000 (ref-5047070 vs candidate)
Finished game 879 (candidate vs ref-5047070): 1/2-1/2 {Draw by adjudication}
Started game 895 of 1000 (candidate vs ref-5047070)
Finished game 886 (ref-5047070 vs candidate): 0-1 {Black wins by adjudication}
Started game 896 of 1000 (ref-5047070 vs candidate)
Finished game 884 (ref-5047070 vs candidate): 1-0 {White wins by adjudication}
Started game 897 of 1000 (candidate vs ref-5047070)
Finished game 880 (ref-5047070 vs candidate): 1/2-1/2 {Draw by insufficient mating material}
--------------------------------------------------
Results of candidate vs ref-5047070 (8+0.08, 1t, 16MB, noob_3moves.epd):
Elo: 2.36 +/- 17.82, nElo: 3.03 +/- 22.90
LOS: 60.24 %, DrawRatio: 38.24 %, PairsRatio: 1.12
Games: 884, Wins: 290, Losses: 284, Draws: 310, Points: 445.0 (50.34 %)
Ptnml(0-2): [48, 81, 169, 105, 39], WL/DD Ratio: 1.73
--------------------------------------------------
Started game 898 of 1000 (ref-5047070 vs candidate)
Finished game 889 (candidate vs ref-5047070): 1/2-1/2 {Draw by 3-fold repetition}
Started game 899 of 1000 (candidate vs ref-5047070)
Finished game 882 (ref-5047070 vs candidate): 1-0 {White wins by adjudication}
Started game 900 of 1000 (ref-5047070 vs candidate)
Finished game 893 (candidate vs ref-5047070): 0-1 {Black wins by adjudication}
Started game 901 of 1000 (candidate vs ref-5047070)
Finished game 892 (ref-5047070 vs candidate): 0-1 {Black wins by adjudication}
Started game 902 of 1000 (ref-5047070 vs candidate)
Finished game 890 (ref-5047070 vs candidate): 1-0 {White wins by adjudication}
Started game 903 of 1000 (candidate vs ref-5047070)
Finished game 888 (ref-5047070 vs candidate): 1/2-1/2 {Draw by fifty moves rule}
Started game 904 of 1000 (ref-5047070 vs candidate)
Finished game 896 (ref-5047070 vs candidate): 1-0 {White wins by adjudication}
Started game 905 of 1000 (candidate vs ref-5047070)
Finished game 895 (candidate vs ref-5047070): 1-0 {White wins by adjudication}
Started game 906 of 1000 (ref-5047070 vs candidate)
Finished game 897 (candidate vs ref-5047070): 1-0 {White wins by adjudication}
Started game 907 of 1000 (candidate vs ref-5047070)
Finished game 898 (ref-5047070 vs candidate): 1/2-1/2 {Draw by 3-fold repetition}
Started game 908 of 1000 (ref-5047070 vs candidate)
Finished game 899 (candidate vs ref-5047070): 0-1 {Black wins by adjudication}
Started game 909 of 1000 (candidate vs ref-5047070)
Finished game 891 (candidate vs ref-5047070): 1/2-1/2 {Draw by adjudication}
Started game 910 of 1000 (ref-5047070 vs candidate)
Warning; PV continues after threefold repetition - move a4b3 from ref-5047070
Info; info score cp -150 time 28 depth 13 nodes 131863 nps 4649284 pv c2b2 c4d5 a4b3 e6d6 b3a4 d5f7 b2c2 d6e5 a4b3 f7d5 c2b2 e5e6 b2c2 
Position; fen rnbqkb1r/1ppppp1p/p4np1/8/8/P4N1P/1PPPPPP1/RNBQKB1R w KQkq - 0 4
Moves; d2d4 d7d5 c2c4 e7e6 e2e3 f8g7 b1c3 e8g8 f1e2 b8c6 e1g1 d8e7 f3e5 c6e5 d4e5 f6e4 c3e4 d5e4 d1d4 c8d7 b2b4 d7c6 c1b2 f8d8 d4c3 c6a4 f1e1 e7h4 e1c1 d8d7 c3e1 h4g5 b4b5 g7e5 b2e5 g5e5 e1b4 a6b5 c4b5 c7c6 b5c6 a4c6 a1a2 e5a5 b4b2 a8d8 b2b4 d8a8 b4b2 d7d8 b2f6 d8d2 c1c5 a5c5 a2d2 c5a3 d2d8 a8d8 f6d8 a3f8 d8d4 f8a8 d4e5 a8d8 e2c4 c6d5 c4f1 h7h6 g1h2 d8g5 e5d6 g5f6 h2g1 f6a1 d6c5 g8g7 g2g3 a1b2 c5a5 d5c6 g1g2 c6d5 g2g1 b7b6 a5a6 e6e5 g1g2 b2b4 a6c8 d5e6 c8c6 b4c5 c6e8 c5c8 e8c8 e6c8 f1b5 h6h5 h3h4 g7f6 g2f1 f6e7 b5c6 c8a6 f1e1 a6d3 c6d5 b6b5 e1d2 b5b4 d2c1 d3b5 c1b2 b5e8 d5e4 e7d6 e4c2 e8c6 b2b3 d6c5 c2d1 e5e4 g3g4 h5g4 d1g4 c6d5 b3b2 c5d6 g4d1 d6c5 d1a4 c5b6 a4d1 b6a5 d1g4 a5b6 g4d1 b6c5 d1a4 c5d6 b2c2 d5c4 c2b2 d6e6 b2c2 e6f5 a4d7 f5f6 d7c6 f6e5 c6d7 e5d6 d7a4 c4e6 c2b2 e6d5 a4b5 d6e6 b5a4 e6f5 a4d7 f5e5 d7a4 e5f6 a4d7 f6e5 d7a4 e5f5 a4d7 f5f6 d7a4 f6e7 a4b5 e7d6 b5a4 d5e6 a4c2 e6d5 c2a4 d6e5 a4b3 e5e6 b3a4 f7f5 a4e8 e6f6 e8a4 f6f7 a4b3 f7e6 b3a4 e6f6 b2c2 f6e7 a4b3 e7d6 b3a4 d5c6 a4b3 c6d5 b3a4 d5f7 c2b2 d6e5 a4b3 f7d5 b2c2 e5e6 c2b2 e6d6 b3a4 d6e6 b2c2 d5c4
Warning; PV continues after threefold repetition - move a4b3 from ref-5047070
Info; info score cp -150 time 31 depth 14 nodes 146821 nps 4625448 pv c2b2 c4d5 a4b3 e6d6 b3a4 d5f7 b2c2 d6e5 a4b3 f7d5 c2b2 e5e6 b2c2 d5b3 
Position; fen rnbqkb1r/1ppppp1p/p4np1/8/8/P4N1P/1PPPPPP1/RNBQKB1R w KQkq - 0 4
Moves; d2d4 d7d5 c2c4 e7e6 e2e3 f8g7 b1c3 e8g8 f1e2 b8c6 e1g1 d8e7 f3e5 c6e5 d4e5 f6e4 c3e4 d5e4 d1d4 c8d7 b2b4 d7c6 c1b2 f8d8 d4c3 c6a4 f1e1 e7h4 e1c1 d8d7 c3e1 h4g5 b4b5 g7e5 b2e5 g5e5 e1b4 a6b5 c4b5 c7c6 b5c6 a4c6 a1a2 e5a5 b4b2 a8d8 b2b4 d8a8 b4b2 d7d8 b2f6 d8d2 c1c5 a5c5 a2d2 c5a3 d2d8 a8d8 f6d8 a3f8 d8d4 f8a8 d4e5 a8d8 e2c4 c6d5 c4f1 h7h6 g1h2 d8g5 e5d6 g5f6 h2g1 f6a1 d6c5 g8g7 g2g3 a1b2 c5a5 d5c6 g1g2 c6d5 g2g1 b7b6 a5a6 e6e5 g1g2 b2b4 a6c8 d5e6 c8c6 b4c5 c6e8 c5c8 e8c8 e6c8 f1b5 h6h5 h3h4 g7f6 g2f1 f6e7 b5c6 c8a6 f1e1 a6d3 c6d5 b6b5 e1d2 b5b4 d2c1 d3b5 c1b2 b5e8 d5e4 e7d6 e4c2 e8c6 b2b3 d6c5 c2d1 e5e4 g3g4 h5g4 d1g4 c6d5 b3b2 c5d6 g4d1 d6c5 d1a4 c5b6 a4d1 b6a5 d1g4 a5b6 g4d1 b6c5 d1a4 c5d6 b2c2 d5c4 c2b2 d6e6 b2c2 e6f5 a4d7 f5f6 d7c6 f6e5 c6d7 e5d6 d7a4 c4e6 c2b2 e6d5 a4b5 d6e6 b5a4 e6f5 a4d7 f5e5 d7a4 e5f6 a4d7 f6e5 d7a4 e5f5 a4d7 f5f6 d7a4 f6e7 a4b5 e7d6 b5a4 d5e6 a4c2 e6d5 c2a4 d6e5 a4b3 e5e6 b3a4 f7f5 a4e8 e6f6 e8a4 f6f7 a4b3 f7e6 b3a4 e6f6 b2c2 f6e7 a4b3 e7d6 b3a4 d5c6 a4b3 c6d5 b3a4 d5f7 c2b2 d6e5 a4b3 f7d5 b2c2 e5e6 c2b2 e6d6 b3a4 d6e6 b2c2 d5c4
Warning; PV continues after threefold repetition - move a4b3 from ref-5047070
Info; info score cp -150 time 33 depth 15 nodes 155544 nps 4610487 pv c2b2 c4d5 a4b3 e6d6 b3a4 d5f7 b2c2 d6e5 a4b3 f7d5 c2b2 e5e6 b2c2 d5b3 c2b3 
Position; fen rnbqkb1r/1ppppp1p/p4np1/8/8/P4N1P/1PPPPPP1/RNBQKB1R w KQkq - 0 4
Moves; d2d4 d7d5 c2c4 e7e6 e2e3 f8g7 b1c3 e8g8 f1e2 b8c6 e1g1 d8e7 f3e5 c6e5 d4e5 f6e4 c3e4 d5e4 d1d4 c8d7 b2b4 d7c6 c1b2 f8d8 d4c3 c6a4 f1e1 e7h4 e1c1 d8d7 c3e1 h4g5 b4b5 g7e5 b2e5 g5e5 e1b4 a6b5 c4b5 c7c6 b5c6 a4c6 a1a2 e5a5 b4b2 a8d8 b2b4 d8a8 b4b2 d7d8 b2f6 d8d2 c1c5 a5c5 a2d2 c5a3 d2d8 a8d8 f6d8 a3f8 d8d4 f8a8 d4e5 a8d8 e2c4 c6d5 c4f1 h7h6 g1h2 d8g5 e5d6 g5f6 h2g1 f6a1 d6c5 g8g7 g2g3 a1b2 c5a5 d5c6 g1g2 c6d5 g2g1 b7b6 a5a6 e6e5 g1g2 b2b4 a6c8 d5e6 c8c6 b4c5 c6e8 c5c8 e8c8 e6c8 f1b5 h6h5 h3h4 g7f6 g2f1 f6e7 b5c6 c8a6 f1e1 a6d3 c6d5 b6b5 e1d2 b5b4 d2c1 d3b5 c1b2 b5e8 d5e4 e7d6 e4c2 e8c6 b2b3 d6c5 c2d1 e5e4 g3g4 h5g4 d1g4 c6d5 b3b2 c5d6 g4d1 d6c5 d1a4 c5b6 a4d1 b6a5 d1g4 a5b6 g4d1 b6c5 d1a4 c5d6 b2c2 d5c4 c2b2 d6e6 b2c2 e6f5 a4d7 f5f6 d7c6 f6e5 c6d7 e5d6 d7a4 c4e6 c2b2 e6d5 a4b5 d6e6 b5a4 e6f5 a4d7 f5e5 d7a4 e5f6 a4d7 f6e5 d7a4 e5f5 a4d7 f5f6 d7a4 f6e7 a4b5 e7d6 b5a4 d5e6 a4c2 e6d5 c2a4 d6e5 a4b3 e5e6 b3a4 f7f5 a4e8 e6f6 e8a4 f6f7 a4b3 f7e6 b3a4 e6f6 b2c2 f6e7 a4b3 e7d6 b3a4 d5c6 a4b3 c6d5 b3a4 d5f7 c2b2 d6e5 a4b3 f7d5 b2c2 e5e6 c2b2 e6d6 b3a4 d6e6 b2c2 d5c4
Warning; PV continues after threefold repetition - move a4b3 from ref-5047070
Info; info score cp -143 time 39 depth 16 nodes 182423 nps 4593070 pv c2b2 c4d5 a4b3 e6d6 b3a4 d5f7 b2c2 d6e5 a4b3 f7d5 c2b2 d5c6 b3d1 e5d5 d1b3 d5d6 
Position; fen rnbqkb1r/1ppppp1p/p4np1/8/8/P4N1P/1PPPPPP1/RNBQKB1R w KQkq - 0 4
Moves; d2d4 d7d5 c2c4 e7e6 e2e3 f8g7 b1c3 e8g8 f1e2 b8c6 e1g1 d8e7 f3e5 c6e5 d4e5 f6e4 c3e4 d5e4 d1d4 c8d7 b2b4 d7c6 c1b2 f8d8 d4c3 c6a4 f1e1 e7h4 e1c1 d8d7 c3e1 h4g5 b4b5 g7e5 b2e5 g5e5 e1b4 a6b5 c4b5 c7c6 b5c6 a4c6 a1a2 e5a5 b4b2 a8d8 b2b4 d8a8 b4b2 d7d8 b2f6 d8d2 c1c5 a5c5 a2d2 c5a3 d2d8 a8d8 f6d8 a3f8 d8d4 f8a8 d4e5 a8d8 e2c4 c6d5 c4f1 h7h6 g1h2 d8g5 e5d6 g5f6 h2g1 f6a1 d6c5 g8g7 g2g3 a1b2 c5a5 d5c6 g1g2 c6d5 g2g1 b7b6 a5a6 e6e5 g1g2 b2b4 a6c8 d5e6 c8c6 b4c5 c6e8 c5c8 e8c8 e6c8 f1b5 h6h5 h3h4 g7f6 g2f1 f6e7 b5c6 c8a6 f1e1 a6d3 c6d5 b6b5 e1d2 b5b4 d2c1 d3b5 c1b2 b5e8 d5e4 e7d6 e4c2 e8c6 b2b3 d6c5 c2d1 e5e4 g3g4 h5g4 d1g4 c6d5 b3b2 c5d6 g4d1 d6c5 d1a4 c5b6 a4d1 b6a5 d1g4 a5b6 g4d1 b6c5 d1a4 c5d6 b2c2 d5c4 c2b2 d6e6 b2c2 e6f5 a4d7 f5f6 d7c6 f6e5 c6d7 e5d6 d7a4 c4e6 c2b2 e6d5 a4b5 d6e6 b5a4 e6f5 a4d7 f5e5 d7a4 e5f6 a4d7 f6e5 d7a4 e5f5 a4d7 f5f6 d7a4 f6e7 a4b5 e7d6 b5a4 d5e6 a4c2 e6d5 c2a4 d6e5 a4b3 e5e6 b3a4 f7f5 a4e8 e6f6 e8a4 f6f7 a4b3 f7e6 b3a4 e6f6 b2c2 f6e7 a4b3 e7d6 b3a4 d5c6 a4b3 c6d5 b3a4 d5f7 c2b2 d6e5 a4b3 f7d5 b2c2 e5e6 c2b2 e6d6 b3a4 d6e6 b2c2 d5c4
Warning; PV continues after threefold repetition - move a4b3 from ref-5047070
Info; info score cp -150 time 61 depth 17 nodes 278713 nps 4566370 pv c2b2 c4d5 a4b3 e6d6 b3a4 d5f7 b2c2 d6e5 a4b3 f7d5 c2b2 d5c6 b3c4 c6a4 c4b3 a4b5 b3g8 
Position; fen rnbqkb1r/1ppppp1p/p4np1/8/8/P4N1P/1PPPPPP1/RNBQKB1R w KQkq - 0 4
Moves; d2d4 d7d5 c2c4 e7e6 e2e3 f8g7 b1c3 e8g8 f1e2 b8c6 e1g1 d8e7 f3e5 c6e5 d4e5 f6e4 c3e4 d5e4 d1d4 c8d7 b2b4 d7c6 c1b2 f8d8 d4c3 c6a4 f1e1 e7h4 e1c1 d8d7 c3e1 h4g5 b4b5 g7e5 b2e5 g5e5 e1b4 a6b5 c4b5 c7c6 b5c6 a4c6 a1a2 e5a5 b4b2 a8d8 b2b4 d8a8 b4b2 d7d8 b2f6 d8d2 c1c5 a5c5 a2d2 c5a3 d2d8 a8d8 f6d8 a3f8 d8d4 f8a8 d4e5 a8d8 e2c4 c6d5 c4f1 h7h6 g1h2 d8g5 e5d6 g5f6 h2g1 f6a1 d6c5 g8g7 g2g3 a1b2 c5a5 d5c6 g1g2 c6d5 g2g1 b7b6 a5a6 e6e5 g1g2 b2b4 a6c8 d5e6 c8c6 b4c5 c6e8 c5c8 e8c8 e6c8 f1b5 h6h5 h3h4 g7f6 g2f1 f6e7 b5c6 c8a6 f1e1 a6d3 c6d5 b6b5 e1d2 b5b4 d2c1 d3b5 c1b2 b5e8 d5e4 e7d6 e4c2 e8c6 b2b3 d6c5 c2d1 e5e4 g3g4 h5g4 d1g4 c6d5 b3b2 c5d6 g4d1 d6c5 d1a4 c5b6 a4d1 b6a5 d1g4 a5b6 g4d1 b6c5 d1a4 c5d6 b2c2 d5c4 c2b2 d6e6 b2c2 e6f5 a4d7 f5f6 d7c6 f6e5 c6d7 e5d6 d7a4 c4e6 c2b2 e6d5 a4b5 d6e6 b5a4 e6f5 a4d7 f5e5 d7a4 e5f6 a4d7 f6e5 d7a4 e5f5 a4d7 f5f6 d7a4 f6e7 a4b5 e7d6 b5a4 d5e6 a4c2 e6d5 c2a4 d6e5 a4b3 e5e6 b3a4 f7f5 a4e8 e6f6 e8a4 f6f7 a4b3 f7e6 b3a4 e6f6 b2c2 f6e7 a4b3 e7d6 b3a4 d5c6 a4b3 c6d5 b3a4 d5f7 c2b2 d6e5 a4b3 f7d5 b2c2 e5e6 c2b2 e6d6 b3a4 d6e6 b2c2 d5c4
Warning; PV continues after threefold repetition - move a4b3 from ref-5047070
Info; info score cp -143 time 79 depth 18 nodes 363579 nps 4550197 pv c2b2 c4d5 a4b3 e6d6 b3a4 d5f7 b2c2 d6e5 a4b3 f7d5 c2b2 d5c6 b3c4 c6a4 c4b3 a4b5 b3g8 b5e2 
Position; fen rnbqkb1r/1ppppp1p/p4np1/8/8/P4N1P/1PPPPPP1/RNBQKB1R w KQkq - 0 4
Moves; d2d4 d7d5 c2c4 e7e6 e2e3 f8g7 b1c3 e8g8 f1e2 b8c6 e1g1 d8e7 f3e5 c6e5 d4e5 f6e4 c3e4 d5e4 d1d4 c8d7 b2b4 d7c6 c1b2 f8d8 d4c3 c6a4 f1e1 e7h4 e1c1 d8d7 c3e1 h4g5 b4b5 g7e5 b2e5 g5e5 e1b4 a6b5 c4b5 c7c6 b5c6 a4c6 a1a2 e5a5 b4b2 a8d8 b2b4 d8a8 b4b2 d7d8 b2f6 d8d2 c1c5 a5c5 a2d2 c5a3 d2d8 a8d8 f6d8 a3f8 d8d4 f8a8 d4e5 a8d8 e2c4 c6d5 c4f1 h7h6 g1h2 d8g5 e5d6 g5f6 h2g1 f6a1 d6c5 g8g7 g2g3 a1b2 c5a5 d5c6 g1g2 c6d5 g2g1 b7b6 a5a6 e6e5 g1g2 b2b4 a6c8 d5e6 c8c6 b4c5 c6e8 c5c8 e8c8 e6c8 f1b5 h6h5 h3h4 g7f6 g2f1 f6e7 b5c6 c8a6 f1e1 a6d3 c6d5 b6b5 e1d2 b5b4 d2c1 d3b5 c1b2 b5e8 d5e4 e7d6 e4c2 e8c6 b2b3 d6c5 c2d1 e5e4 g3g4 h5g4 d1g4 c6d5 b3b2 c5d6 g4d1 d6c5 d1a4 c5b6 a4d1 b6a5 d1g4 a5b6 g4d1 b6c5 d1a4 c5d6 b2c2 d5c4 c2b2 d6e6 b2c2 e6f5 a4d7 f5f6 d7c6 f6e5 c6d7 e5d6 d7a4 c4e6 c2b2 e6d5 a4b5 d6e6 b5a4 e6f5 a4d7 f5e5 d7a4 e5f6 a4d7 f6e5 d7a4 e5f5 a4d7 f5f6 d7a4 f6e7 a4b5 e7d6 b5a4 d5e6 a4c2 e6d5 c2a4 d6e5 a4b3 e5e6 b3a4 f7f5 a4e8 e6f6 e8a4 f6f7 a4b3 f7e6 b3a4 e6f6 b2c2 f6e7 a4b3 e7d6 b3a4 d5c6 a4b3 c6d5 b3a4 d5f7 c2b2 d6e5 a4b3 f7d5 b2c2 e5e6 c2b2 e6d6 b3a4 d6e6 b2c2 d5c4
Finished game 894 (ref-5047070 vs candidate): 0-1 {Black wins by adjudication}
Started game 911 of 1000 (candidate vs ref-5047070)
Finished game 900 (ref-5047070 vs candidate): 1/2-1/2 {Draw by adjudication}
--------------------------------------------------
Results of candidate vs ref-5047070 (8+0.08, 1t, 16MB, noob_3moves.epd):
Elo: 1.93 +/- 17.58, nElo: 2.49 +/- 22.70
LOS: 58.53 %, DrawRatio: 38.22 %, PairsRatio: 1.11
Games: 900, Wins: 294, Losses: 289, Draws: 317, Points: 452.5 (50.28 %)
Ptnml(0-2): [48, 84, 172, 107, 39], WL/DD Ratio: 1.73
--------------------------------------------------
Started game 912 of 1000 (ref-5047070 vs candidate)
Finished game 901 (candidate vs ref-5047070): 0-1 {Black wins by adjudication}
Started game 913 of 1000 (candidate vs ref-5047070)
Finished game 902 (ref-5047070 vs candidate): 1-0 {White wins by adjudication}
Started game 914 of 1000 (ref-5047070 vs candidate)
Finished game 903 (candidate vs ref-5047070): 0-1 {Black wins by adjudication}
Started game 915 of 1000 (candidate vs ref-5047070)
Finished game 905 (candidate vs ref-5047070): 1/2-1/2 {Draw by adjudication}
Started game 916 of 1000 (ref-5047070 vs candidate)
Finished game 904 (ref-5047070 vs candidate): 1/2-1/2 {Draw by 3-fold repetition}
Started game 917 of 1000 (candidate vs ref-5047070)
Finished game 909 (candidate vs ref-5047070): 1-0 {White wins by adjudication}
Started game 918 of 1000 (ref-5047070 vs candidate)
Finished game 912 (ref-5047070 vs candidate): 0-1 {Black wins by adjudication}
Started game 919 of 1000 (candidate vs ref-5047070)
Finished game 910 (ref-5047070 vs candidate): 1-0 {White wins by adjudication}
Started game 920 of 1000 (ref-5047070 vs candidate)
Finished game 911 (candidate vs ref-5047070): 0-1 {Black wins by adjudication}
Started game 921 of 1000 (candidate vs ref-5047070)
Finished game 907 (candidate vs ref-5047070): 1/2-1/2 {Draw by 3-fold repetition}
Started game 922 of 1000 (ref-5047070 vs candidate)
Finished game 906 (ref-5047070 vs candidate): 1/2-1/2 {Draw by adjudication}
Started game 923 of 1000 (candidate vs ref-5047070)
Finished game 908 (ref-5047070 vs candidate): 1-0 {White wins by adjudication}
Started game 924 of 1000 (ref-5047070 vs candidate)
Finished game 917 (candidate vs ref-5047070): 0-1 {Black wins by adjudication}
Started game 925 of 1000 (candidate vs ref-5047070)
Finished game 914 (ref-5047070 vs candidate): 1/2-1/2 {Draw by 3-fold repetition}
Started game 926 of 1000 (ref-5047070 vs candidate)
Finished game 915 (candidate vs ref-5047070): 0-1 {Black wins by adjudication}
Started game 927 of 1000 (candidate vs ref-5047070)
Finished game 918 (ref-5047070 vs candidate): 0-1 {Black wins by adjudication}
Started game 928 of 1000 (ref-5047070 vs candidate)
Finished game 913 (candidate vs ref-5047070): 1/2-1/2 {Draw by adjudication}
Started game 929 of 1000 (candidate vs ref-5047070)
Finished game 916 (ref-5047070 vs candidate): 1/2-1/2 {Draw by 3-fold repetition}
Started game 930 of 1000 (ref-5047070 vs candidate)
Finished game 922 (ref-5047070 vs candidate): 1/2-1/2 {Draw by 3-fold repetition}
Started game 931 of 1000 (candidate vs ref-5047070)
Finished game 920 (ref-5047070 vs candidate): 1-0 {White wins by adjudication}
Started game 932 of 1000 (ref-5047070 vs candidate)
Finished game 924 (ref-5047070 vs candidate): 0-1 {Black wins by adjudication}
Started game 933 of 1000 (candidate vs ref-5047070)
Finished game 921 (candidate vs ref-5047070): 1-0 {White wins by adjudication}
Started game 934 of 1000 (ref-5047070 vs candidate)
Finished game 925 (candidate vs ref-5047070): 0-1 {Black wins by adjudication}
Started game 935 of 1000 (candidate vs ref-5047070)
Finished game 926 (ref-5047070 vs candidate): 0-1 {Black wins by adjudication}
Started game 936 of 1000 (ref-5047070 vs candidate)
Finished game 929 (candidate vs ref-5047070): 1-0 {White wins by adjudication}
Started game 937 of 1000 (candidate vs ref-5047070)
Finished game 919 (candidate vs ref-5047070): 0-1 {Black wins by adjudication}
--------------------------------------------------
Results of candidate vs ref-5047070 (8+0.08, 1t, 16MB, noob_3moves.epd):
Elo: -0.38 +/- 17.31, nElo: -0.49 +/- 22.40
LOS: 48.30 %, DrawRatio: 38.53 %, PairsRatio: 1.07
Games: 924, Wins: 299, Losses: 300, Draws: 325, Points: 461.5 (49.95 %)
Ptnml(0-2): [50, 87, 178, 108, 39], WL/DD Ratio: 1.74
--------------------------------------------------
Started game 938 of 1000 (ref-5047070 vs candidate)
Finished game 927 (candidate vs ref-5047070): 1/2-1/2 {Draw by 3-fold repetition}
Started game 939 of 1000 (candidate vs ref-5047070)
Finished game 923 (candidate vs ref-5047070): 1/2-1/2 {Draw by insufficient mating material}
Started game 940 of 1000 (ref-5047070 vs candidate)
Finished game 930 (ref-5047070 vs candidate): 1-0 {White wins by adjudication}
Started game 941 of 1000 (candidate vs ref-5047070)
Finished game 932 (ref-5047070 vs candidate): 0-1 {Black wins by adjudication}
Started game 942 of 1000 (ref-5047070 vs candidate)
Finished game 928 (ref-5047070 vs candidate): 1-0 {White wins by adjudication}
Started game 943 of 1000 (candidate vs ref-5047070)
Finished game 934 (ref-5047070 vs candidate): 1/2-1/2 {Draw by 3-fold repetition}
Started game 944 of 1000 (ref-5047070 vs candidate)
Finished game 935 (candidate vs ref-5047070): 1/2-1/2 {Draw by 3-fold repetition}
Started game 945 of 1000 (candidate vs ref-5047070)
Finished game 933 (candidate vs ref-5047070): 1/2-1/2 {Draw by adjudication}
Started game 946 of 1000 (ref-5047070 vs candidate)
Finished game 938 (ref-5047070 vs candidate): 0-1 {Black wins by adjudication}
Started game 947 of 1000 (candidate vs ref-5047070)
Finished game 936 (ref-5047070 vs candidate): 1/2-1/2 {Draw by adjudication}
Started game 948 of 1000 (ref-5047070 vs candidate)
Finished game 939 (candidate vs ref-5047070): 1-0 {White wins by adjudication}
Started game 949 of 1000 (candidate vs ref-5047070)
Finished game 940 (ref-5047070 vs candidate): 1/2-1/2 {Draw by 3-fold repetition}
--------------------------------------------------
Results of candidate vs ref-5047070 (8+0.08, 1t, 16MB, noob_3moves.epd):
Elo: -0.00 +/- 17.14, nElo: -0.00 +/- 22.26
LOS: 50.00 %, DrawRatio: 38.68 %, PairsRatio: 1.08
Games: 936, Wins: 302, Losses: 302, Draws: 332, Points: 468.0 (50.00 %)
Ptnml(0-2): [50, 88, 181, 110, 39], WL/DD Ratio: 1.70
--------------------------------------------------
Started game 950 of 1000 (ref-5047070 vs candidate)
Finished game 931 (candidate vs ref-5047070): 1/2-1/2 {Draw by insufficient mating material}
Started game 951 of 1000 (candidate vs ref-5047070)
Finished game 937 (candidate vs ref-5047070): 1/2-1/2 {Draw by adjudication}
Started game 952 of 1000 (ref-5047070 vs candidate)
Finished game 946 (ref-5047070 vs candidate): 1/2-1/2 {Draw by 3-fold repetition}
Started game 953 of 1000 (candidate vs ref-5047070)
Finished game 941 (candidate vs ref-5047070): 0-1 {Black wins by adjudication}
Started game 954 of 1000 (ref-5047070 vs candidate)
Warning; PV continues after threefold repetition - move e6f6 from candidate
Info; info score cp 0 time 0 depth 4 nodes 667 nps 3923529 pv a3a5 f6e6 a5a3 e6f6 
Position; fen rnbqkbnr/p1p1ppp1/1p1p3p/8/8/2P1P3/PPQP1PPP/RNB1KBNR w KQkq - 0 4
Moves; g1f3 c8b7 d2d4 b7f3 g2f3 e7e6 f1g2 b8d7 f3f4 g8f6 g2a8 d8a8 e1g1 a8f3 b1d2 f3g4 g1h1 f8e7 f1g1 g4e2 c2d1 e2f2 g1g7 f2e3 d1f3 f6d5 f3h5 e3f4 d2f3 f4f6 g7g2 c7c5 a2a3 d5f4 c1f4 f6f4 d4c5 d7f6 h5h3 b6c5 a1e1 h6h5 h3g3 f4g3 g2g3 d6d5 h1g1 f6e4 g3g2 e7f6 f3d2 e4d2 g2d2 d5d4 e1d1 e8e7 c3d4 f6d4 g1g2 e6e5 d2d3 h8g8 g2h3 g8b8 d3f3 e5e4 d1e1 e4e3 f3e3 d4e3 e1e3 e7f6 b2b3 b8b6 e3c3 b6a6 a3a4 a6c6 a4a5 f6e5 h3h4 c5c4 b3c4 c6c5 a5a6 e5d6 c3d3 d6e6 d3e3 e6f6 e3d3 c5c4 h4h5 f6e6 d3e3 e6f6 e3a3 f6f5 a3f3 f5e6 f3e3 e6d6 e3a3 d6e6 h2h4 e6f6 a3a1 f6e6 a1a3 e6f6
Warning; PV continues after threefold repetition - move e6f6 from candidate
Info; info score cp 0 time 0 depth 5 nodes 964 nps 4102127 pv a3a5 f6e6 a5a3 e6f6 
Position; fen rnbqkbnr/p1p1ppp1/1p1p3p/8/8/2P1P3/PPQP1PPP/RNB1KBNR w KQkq - 0 4
Moves; g1f3 c8b7 d2d4 b7f3 g2f3 e7e6 f1g2 b8d7 f3f4 g8f6 g2a8 d8a8 e1g1 a8f3 b1d2 f3g4 g1h1 f8e7 f1g1 g4e2 c2d1 e2f2 g1g7 f2e3 d1f3 f6d5 f3h5 e3f4 d2f3 f4f6 g7g2 c7c5 a2a3 d5f4 c1f4 f6f4 d4c5 d7f6 h5h3 b6c5 a1e1 h6h5 h3g3 f4g3 g2g3 d6d5 h1g1 f6e4 g3g2 e7f6 f3d2 e4d2 g2d2 d5d4 e1d1 e8e7 c3d4 f6d4 g1g2 e6e5 d2d3 h8g8 g2h3 g8b8 d3f3 e5e4 d1e1 e4e3 f3e3 d4e3 e1e3 e7f6 b2b3 b8b6 e3c3 b6a6 a3a4 a6c6 a4a5 f6e5 h3h4 c5c4 b3c4 c6c5 a5a6 e5d6 c3d3 d6e6 d3e3 e6f6 e3d3 c5c4 h4h5 f6e6 d3e3 e6f6 e3a3 f6f5 a3f3 f5e6 f3e3 e6d6 e3a3 d6e6 h2h4 e6f6 a3a1 f6e6 a1a3 e6f6
Warning; PV continues after threefold repetition - move e6f6 from candidate
Info; info score cp 0 time 0 depth 6 nodes 1161 nps 4131672 pv a3a5 f6e6 a5a3 e6f6 
Position; fen rnbqkbnr/p1p1ppp1/1p1p3p/8/8/2P1P3/PPQP1PPP/RNB1KBNR w KQkq - 0 4
Moves; g1f3 c8b7 d2d4 b7f3 g2f3 e7e6 f1g2 b8d7 f3f4 g8f6 g2a8 d8a8 e1g1 a8f3 b1d2 f3g4 g1h1 f8e7 f1g1 g4e2 c2d1 e2f2 g1g7 f2e3 d1f3 f6d5 f3h5 e3f4 d2f3 f4f6 g7g2 c7c5 a2a3 d5f4 c1f4 f6f4 d4c5 d7f6 h5h3 b6c5 a1e1 h6h5 h3g3 f4g3 g2g3 d6d5 h1g1 f6e4 g3g2 e7f6 f3d2 e4d2 g2d2 d5d4 e1d1 e8e7 c3d4 f6d4 g1g2 e6e5 d2d3 h8g8 g2h3 g8b8 d3f3 e5e4 d1e1 e4e3 f3e3 d4e3 e1e3 e7f6 b2b3 b8b6 e3c3 b6a6 a3a4 a6c6 a4a5 f6e5 h3h4 c5c4 b3c4 c6c5 a5a6 e5d6 c3d3 d6e6 d3e3 e6f6 e3d3 c5c4 h4h5 f6e6 d3e3 e6f6 e3a3 f6f5 a3f3 f5e6 f3e3 e6d6 e3a3 d6e6 h2h4 e6f6 a3a1 f6e6 a1a3 e6f6
Warning; PV continues after threefold repetition - move e6f6 from candidate
Info; info score cp 0 time 0 depth 7 nodes 1702 nps 4033175 pv a3a5 f6e6 a5a3 e6f6 
Position; fen rnbqkbnr/p1p1ppp1/1p1p3p/8/8/2P1P3/PPQP1PPP/RNB1KBNR w KQkq - 0 4
Moves; g1f3 c8b7 d2d4 b7f3 g2f3 e7e6 f1g2 b8d7 f3f4 g8f6 g2a8 d8a8 e1g1 a8f3 b1d2 f3g4 g1h1 f8e7 f1g1 g4e2 c2d1 e2f2 g1g7 f2e3 d1f3 f6d5 f3h5 e3f4 d2f3 f4f6 g7g2 c7c5 a2a3 d5f4 c1f4 f6f4 d4c5 d7f6 h5h3 b6c5 a1e1 h6h5 h3g3 f4g3 g2g3 d6d5 h1g1 f6e4 g3g2 e7f6 f3d2 e4d2 g2d2 d5d4 e1d1 e8e7 c3d4 f6d4 g1g2 e6e5 d2d3 h8g8 g2h3 g8b8 d3f3 e5e4 d1e1 e4e3 f3e3 d4e3 e1e3 e7f6 b2b3 b8b6 e3c3 b6a6 a3a4 a6c6 a4a5 f6e5 h3h4 c5c4 b3c4 c6c5 a5a6 e5d6 c3d3 d6e6 d3e3 e6f6 e3d3 c5c4 h4h5 f6e6 d3e3 e6f6 e3a3 f6f5 a3f3 f5e6 f3e3 e6d6 e3a3 d6e6 h2h4 e6f6 a3a1 f6e6 a1a3 e6f6
Warning; PV continues after threefold repetition - move e6f6 from candidate
Info; info score cp 0 time 0 depth 8 nodes 2020 nps 4156378 pv a3a5 f6e6 a5a3 e6f6 
Position; fen rnbqkbnr/p1p1ppp1/1p1p3p/8/8/2P1P3/PPQP1PPP/RNB1KBNR w KQkq - 0 4
Moves; g1f3 c8b7 d2d4 b7f3 g2f3 e7e6 f1g2 b8d7 f3f4 g8f6 g2a8 d8a8 e1g1 a8f3 b1d2 f3g4 g1h1 f8e7 f1g1 g4e2 c2d1 e2f2 g1g7 f2e3 d1f3 f6d5 f3h5 e3f4 d2f3 f4f6 g7g2 c7c5 a2a3 d5f4 c1f4 f6f4 d4c5 d7f6 h5h3 b6c5 a1e1 h6h5 h3g3 f4g3 g2g3 d6d5 h1g1 f6e4 g3g2 e7f6 f3d2 e4d2 g2d2 d5d4 e1d1 e8e7 c3d4 f6d4 g1g2 e6e5 d2d3 h8g8 g2h3 g8b8 d3f3 e5e4 d1e1 e4e3 f3e3 d4e3 e1e3 e7f6 b2b3 b8b6 e3c3 b6a6 a3a4 a6c6 a4a5 f6e5 h3h4 c5c4 b3c4 c6c5 a5a6 e5d6 c3d3 d6e6 d3e3 e6f6 e3d3 c5c4 h4h5 f6e6 d3e3 e6f6 e3a3 f6f5 a3f3 f5e6 f3e3 e6d6 e3a3 d6e6 h2h4 e6f6 a3a1 f6e6 a1a3 e6f6
Warning; PV continues after threefold repetition - move e6f6 from candidate
Info; info score cp 0 time 0 depth 9 nodes 2381 nps 4274685 pv a3a5 f6e6 a5a3 e6f6 
Position; fen rnbqkbnr/p1p1ppp1/1p1p3p/8/8/2P1P3/PPQP1PPP/RNB1KBNR w KQkq - 0 4
Moves; g1f3 c8b7 d2d4 b7f3 g2f3 e7e6 f1g2 b8d7 f3f4 g8f6 g2a8 d8a8 e1g1 a8f3 b1d2 f3g4 g1h1 f8e7 f1g1 g4e2 c2d1 e2f2 g1g7 f2e3 d1f3 f6d5 f3h5 e3f4 d2f3 f4f6 g7g2 c7c5 a2a3 d5f4 c1f4 f6f4 d4c5 d7f6 h5h3 b6c5 a1e1 h6h5 h3g3 f4g3 g2g3 d6d5 h1g1 f6e4 g3g2 e7f6 f3d2 e4d2 g2d2 d5d4 e1d1 e8e7 c3d4 f6d4 g1g2 e6e5 d2d3 h8g8 g2h3 g8b8 d3f3 e5e4 d1e1 e4e3 f3e3 d4e3 e1e3 e7f6 b2b3 b8b6 e3c3 b6a6 a3a4 a6c6 a4a5 f6e5 h3h4 c5c4 b3c4 c6c5 a5a6 e5d6 c3d3 d6e6 d3e3 e6f6 e3d3 c5c4 h4h5 f6e6 d3e3 e6f6 e3a3 f6f5 a3f3 f5e6 f3e3 e6d6 e3a3 d6e6 h2h4 e6f6 a3a1 f6e6 a1a3 e6f6
Warning; PV continues after threefold repetition - move e6f6 from candidate
Info; info score cp 0 time 0 depth 10 nodes 2765 nps 4424000 pv a3a5 f6e6 a5a3 e6f6 
Position; fen rnbqkbnr/p1p1ppp1/1p1p3p/8/8/2P1P3/PPQP1PPP/RNB1KBNR w KQkq - 0 4
Moves; g1f3 c8b7 d2d4 b7f3 g2f3 e7e6 f1g2 b8d7 f3f4 g8f6 g2a8 d8a8 e1g1 a8f3 b1d2 f3g4 g1h1 f8e7 f1g1 g4e2 c2d1 e2f2 g1g7 f2e3 d1f3 f6d5 f3h5 e3f4 d2f3 f4f6 g7g2 c7c5 a2a3 d5f4 c1f4 f6f4 d4c5 d7f6 h5h3 b6c5 a1e1 h6h5 h3g3 f4g3 g2g3 d6d5 h1g1 f6e4 g3g2 e7f6 f3d2 e4d2 g2d2 d5d4 e1d1 e8e7 c3d4 f6d4 g1g2 e6e5 d2d3 h8g8 g2h3 g8b8 d3f3 e5e4 d1e1 e4e3 f3e3 d4e3 e1e3 e7f6 b2b3 b8b6 e3c3 b6a6 a3a4 a6c6 a4a5 f6e5 h3h4 c5c4 b3c4 c6c5 a5a6 e5d6 c3d3 d6e6 d3e3 e6f6 e3d3 c5c4 h4h5 f6e6 d3e3 e6f6 e3a3 f6f5 a3f3 f5e6 f3e3 e6d6 e3a3 d6e6 h2h4 e6f6 a3a1 f6e6 a1a3 e6f6
Warning; PV continues after threefold repetition - move e6f6 from candidate
Info; info score cp 0 time 0 depth 11 nodes 3280 nps 4480874 pv a3a5 f6e6 a5a3 e6f6 
Position; fen rnbqkbnr/p1p1ppp1/1p1p3p/8/8/2P1P3/PPQP1PPP/RNB1KBNR w KQkq - 0 4
Moves; g1f3 c8b7 d2d4 b7f3 g2f3 e7e6 f1g2 b8d7 f3f4 g8f6 g2a8 d8a8 e1g1 a8f3 b1d2 f3g4 g1h1 f8e7 f1g1 g4e2 c2d1 e2f2 g1g7 f2e3 d1f3 f6d5 f3h5 e3f4 d2f3 f4f6 g7g2 c7c5 a2a3 d5f4 c1f4 f6f4 d4c5 d7f6 h5h3 b6c5 a1e1 h6h5 h3g3 f4g3 g2g3 d6d5 h1g1 f6e4 g3g2 e7f6 f3d2 e4d2 g2d2 d5d4 e1d1 e8e7 c3d4 f6d4 g1g2 e6e5 d2d3 h8g8 g2h3 g8b8 d3f3 e5e4 d1e1 e4e3 f3e3 d4e3 e1e3 e7f6 b2b3 b8b6 e3c3 b6a6 a3a4 a6c6 a4a5 f6e5 h3h4 c5c4 b3c4 c6c5 a5a6 e5d6 c3d3 d6e6 d3e3 e6f6 e3d3 c5c4 h4h5 f6e6 d3e3 e6f6 e3a3 f6f5 a3f3 f5e6 f3e3 e6d6 e3a3 d6e6 h2h4 e6f6 a3a1 f6e6 a1a3 e6f6
Warning; PV continues after threefold repetition - move e6f6 from candidate
Info; info score cp 0 time 1 depth 12 nodes 7040 nps 4408265 pv a3a5 f6e6 a5a3 e6f6 
Position; fen rnbqkbnr/p1p1ppp1/1p1p3p/8/8/2P1P3/PPQP1PPP/RNB1KBNR w KQkq - 0 4
Moves; g1f3 c8b7 d2d4 b7f3 g2f3 e7e6 f1g2 b8d7 f3f4 g8f6 g2a8 d8a8 e1g1 a8f3 b1d2 f3g4 g1h1 f8e7 f1g1 g4e2 c2d1 e2f2 g1g7 f2e3 d1f3 f6d5 f3h5 e3f4 d2f3 f4f6 g7g2 c7c5 a2a3 d5f4 c1f4 f6f4 d4c5 d7f6 h5h3 b6c5 a1e1 h6h5 h3g3 f4g3 g2g3 d6d5 h1g1 f6e4 g3g2 e7f6 f3d2 e4d2 g2d2 d5d4 e1d1 e8e7 c3d4 f6d4 g1g2 e6e5 d2d3 h8g8 g2h3 g8b8 d3f3 e5e4 d1e1 e4e3 f3e3 d4e3 e1e3 e7f6 b2b3 b8b6 e3c3 b6a6 a3a4 a6c6 a4a5 f6e5 h3h4 c5c4 b3c4 c6c5 a5a6 e5d6 c3d3 d6e6 d3e3 e6f6 e3d3 c5c4 h4h5 f6e6 d3e3 e6f6 e3a3 f6f5 a3f3 f5e6 f3e3 e6d6 e3a3 d6e6 h2h4 e6f6 a3a1 f6e6 a1a3 e6f6
Warning; PV continues after threefold repetition - move e6f6 from candidate
Info; info score cp 0 time 2 depth 13 nodes 10803 nps 4434729 pv a3a5 f6e6 a5a3 e6f6 
Position; fen rnbqkbnr/p1p1ppp1/1p1p3p/8/8/2P1P3/PPQP1PPP/RNB1KBNR w KQkq - 0 4
Moves; g1f3 c8b7 d2d4 b7f3 g2f3 e7e6 f1g2 b8d7 f3f4 g8f6 g2a8 d8a8 e1g1 a8f3 b1d2 f3g4 g1h1 f8e7 f1g1 g4e2 c2d1 e2f2 g1g7 f2e3 d1f3 f6d5 f3h5 e3f4 d2f3 f4f6 g7g2 c7c5 a2a3 d5f4 c1f4 f6f4 d4c5 d7f6 h5h3 b6c5 a1e1 h6h5 h3g3 f4g3 g2g3 d6d5 h1g1 f6e4 g3g2 e7f6 f3d2 e4d2 g2d2 d5d4 e1d1 e8e7 c3d4 f6d4 g1g2 e6e5 d2d3 h8g8 g2h3 g8b8 d3f3 e5e4 d1e1 e4e3 f3e3 d4e3 e1e3 e7f6 b2b3 b8b6 e3c3 b6a6 a3a4 a6c6 a4a5 f6e5 h3h4 c5c4 b3c4 c6c5 a5a6 e5d6 c3d3 d6e6 d3e3 e6f6 e3d3 c5c4 h4h5 f6e6 d3e3 e6f6 e3a3 f6f5 a3f3 f5e6 f3e3 e6d6 e3a3 d6e6 h2h4 e6f6 a3a1 f6e6 a1a3 e6f6
Warning; PV continues after threefold repetition - move e6f6 from candidate
Info; info score cp 0 time 3 depth 14 nodes 17344 nps 4536751 pv a3a5 f6e6 a5a3 e6f6 
Position; fen rnbqkbnr/p1p1ppp1/1p1p3p/8/8/2P1P3/PPQP1PPP/RNB1KBNR w KQkq - 0 4
Moves; g1f3 c8b7 d2d4 b7f3 g2f3 e7e6 f1g2 b8d7 f3f4 g8f6 g2a8 d8a8 e1g1 a8f3 b1d2 f3g4 g1h1 f8e7 f1g1 g4e2 c2d1 e2f2 g1g7 f2e3 d1f3 f6d5 f3h5 e3f4 d2f3 f4f6 g7g2 c7c5 a2a3 d5f4 c1f4 f6f4 d4c5 d7f6 h5h3 b6c5 a1e1 h6h5 h3g3 f4g3 g2g3 d6d5 h1g1 f6e4 g3g2 e7f6 f3d2 e4d2 g2d2 d5d4 e1d1 e8e7 c3d4 f6d4 g1g2 e6e5 d2d3 h8g8 g2h3 g8b8 d3f3 e5e4 d1e1 e4e3 f3e3 d4e3 e1e3 e7f6 b2b3 b8b6 e3c3 b6a6 a3a4 a6c6 a4a5 f6e5 h3h4 c5c4 b3c4 c6c5 a5a6 e5d6 c3d3 d6e6 d3e3 e6f6 e3d3 c5c4 h4h5 f6e6 d3e3 e6f6 e3a3 f6f5 a3f3 f5e6 f3e3 e6d6 e3a3 d6e6 h2h4 e6f6 a3a1 f6e6 a1a3 e6f6
Warning; PV continues after threefold repetition - move e6f6 from candidate
Info; info score cp 0 time 6 depth 15 nodes 27751 nps 4521916 pv a3a5 f6e6 a5a3 e6f6 
Position; fen rnbqkbnr/p1p1ppp1/1p1p3p/8/8/2P1P3/PPQP1PPP/RNB1KBNR w KQkq - 0 4
Moves; g1f3 c8b7 d2d4 b7f3 g2f3 e7e6 f1g2 b8d7 f3f4 g8f6 g2a8 d8a8 e1g1 a8f3 b1d2 f3g4 g1h1 f8e7 f1g1 g4e2 c2d1 e2f2 g1g7 f2e3 d1f3 f6d5 f3h5 e3f4 d2f3 f4f6 g7g2 c7c5 a2a3 d5f4 c1f4 f6f4 d4c5 d7f6 h5h3 b6c5 a1e1 h6h5 h3g3 f4g3 g2g3 d6d5 h1g1 f6e4 g3g2 e7f6 f3d2 e4d2 g2d2 d5d4 e1d1 e8e7 c3d4 f6d4 g1g2 e6e5 d2d3 h8g8 g2h3 g8b8 d3f3 e5e4 d1e1 e4e3 f3e3 d4e3 e1e3 e7f6 b2b3 b8b6 e3c3 b6a6 a3a4 a6c6 a4a5 f6e5 h3h4 c5c4 b3c4 c6c5 a5a6 e5d6 c3d3 d6e6 d3e3 e6f6 e3d3 c5c4 h4h5 f6e6 d3e3 e6f6 e3a3 f6f5 a3f3 f5e6 f3e3 e6d6 e3a3 d6e6 h2h4 e6f6 a3a1 f6e6 a1a3 e6f6
Warning; PV continues after threefold repetition - move e6f6 from candidate
Info; info score cp 0 time 22 depth 16 nodes 99731 nps 4508023 pv a3a5 f6e6 a5a3 e6f6 
Position; fen rnbqkbnr/p1p1ppp1/1p1p3p/8/8/2P1P3/PPQP1PPP/RNB1KBNR w KQkq - 0 4
Moves; g1f3 c8b7 d2d4 b7f3 g2f3 e7e6 f1g2 b8d7 f3f4 g8f6 g2a8 d8a8 e1g1 a8f3 b1d2 f3g4 g1h1 f8e7 f1g1 g4e2 c2d1 e2f2 g1g7 f2e3 d1f3 f6d5 f3h5 e3f4 d2f3 f4f6 g7g2 c7c5 a2a3 d5f4 c1f4 f6f4 d4c5 d7f6 h5h3 b6c5 a1e1 h6h5 h3g3 f4g3 g2g3 d6d5 h1g1 f6e4 g3g2 e7f6 f3d2 e4d2 g2d2 d5d4 e1d1 e8e7 c3d4 f6d4 g1g2 e6e5 d2d3 h8g8 g2h3 g8b8 d3f3 e5e4 d1e1 e4e3 f3e3 d4e3 e1e3 e7f6 b2b3 b8b6 e3c3 b6a6 a3a4 a6c6 a4a5 f6e5 h3h4 c5c4 b3c4 c6c5 a5a6 e5d6 c3d3 d6e6 d3e3 e6f6 e3d3 c5c4 h4h5 f6e6 d3e3 e6f6 e3a3 f6f5 a3f3 f5e6 f3e3 e6d6 e3a3 d6e6 h2h4 e6f6 a3a1 f6e6 a1a3 e6f6
Warning; PV continues after threefold repetition - move e6f6 from candidate
Info; info score cp 0 time 37 depth 17 nodes 170071 nps 4534501 pv a3a5 f6e6 a5a3 e6f6 
Position; fen rnbqkbnr/p1p1ppp1/1p1p3p/8/8/2P1P3/PPQP1PPP/RNB1KBNR w KQkq - 0 4
Moves; g1f3 c8b7 d2d4 b7f3 g2f3 e7e6 f1g2 b8d7 f3f4 g8f6 g2a8 d8a8 e1g1 a8f3 b1d2 f3g4 g1h1 f8e7 f1g1 g4e2 c2d1 e2f2 g1g7 f2e3 d1f3 f6d5 f3h5 e3f4 d2f3 f4f6 g7g2 c7c5 a2a3 d5f4 c1f4 f6f4 d4c5 d7f6 h5h3 b6c5 a1e1 h6h5 h3g3 f4g3 g2g3 d6d5 h1g1 f6e4 g3g2 e7f6 f3d2 e4d2 g2d2 d5d4 e1d1 e8e7 c3d4 f6d4 g1g2 e6e5 d2d3 h8g8 g2h3 g8b8 d3f3 e5e4 d1e1 e4e3 f3e3 d4e3 e1e3 e7f6 b2b3 b8b6 e3c3 b6a6 a3a4 a6c6 a4a5 f6e5 h3h4 c5c4 b3c4 c6c5 a5a6 e5d6 c3d3 d6e6 d3e3 e6f6 e3d3 c5c4 h4h5 f6e6 d3e3 e6f6 e3a3 f6f5 a3f3 f5e6 f3e3 e6d6 e3a3 d6e6 h2h4 e6f6 a3a1 f6e6 a1a3 e6f6
Warning; PV continues after threefold repetition - move e6f6 from candidate
Info; info score cp 0 time 53 depth 18 nodes 238606 nps 4487774 pv a3a5 f6e6 a5a3 e6f6 
Position; fen rnbqkbnr/p1p1ppp1/1p1p3p/8/8/2P1P3/PPQP1PPP/RNB1KBNR w KQkq - 0 4
Moves; g1f3 c8b7 d2d4 b7f3 g2f3 e7e6 f1g2 b8d7 f3f4 g8f6 g2a8 d8a8 e1g1 a8f3 b1d2 f3g4 g1h1 f8e7 f1g1 g4e2 c2d1 e2f2 g1g7 f2e3 d1f3 f6d5 f3h5 e3f4 d2f3 f4f6 g7g2 c7c5 a2a3 d5f4 c1f4 f6f4 d4c5 d7f6 h5h3 b6c5 a1e1 h6h5 h3g3 f4g3 g2g3 d6d5 h1g1 f6e4 g3g2 e7f6 f3d2 e4d2 g2d2 d5d4 e1d1 e8e7 c3d4 f6d4 g1g2 e6e5 d2d3 h8g8 g2h3 g8b8 d3f3 e5e4 d1e1 e4e3 f3e3 d4e3 e1e3 e7f6 b2b3 b8b6 e3c3 b6a6 a3a4 a6c6 a4a5 f6e5 h3h4 c5c4 b3c4 c6c5 a5a6 e5d6 c3d3 d6e6 d3e3 e6f6 e3d3 c5c4 h4h5 f6e6 d3e3 e6f6 e3a3 f6f5 a3f3 f5e6 f3e3 e6d6 e3a3 d6e6 h2h4 e6f6 a3a1 f6e6 a1a3 e6f6
Finished game 948 (ref-5047070 vs candidate): 1/2-1/2 {Draw by 3-fold repetition}
Started game 955 of 1000 (candidate vs ref-5047070)
Finished game 951 (candidate vs ref-5047070): 0-1 {Black wins by adjudication}
Started game 956 of 1000 (ref-5047070 vs candidate)
Finished game 942 (ref-5047070 vs candidate): 0-1 {Black wins by adjudication}
Started game 957 of 1000 (candidate vs ref-5047070)
Finished game 950 (ref-5047070 vs candidate): 1-0 {White wins by adjudication}
Started game 958 of 1000 (ref-5047070 vs candidate)
Finished game 945 (candidate vs ref-5047070): 1/2-1/2 {Draw by insufficient mating material}
Started game 959 of 1000 (candidate vs ref-5047070)
Finished game 949 (candidate vs ref-5047070): 0-1 {Black wins by adjudication}
Started game 960 of 1000 (ref-5047070 vs candidate)
Finished game 943 (candidate vs ref-5047070): 1/2-1/2 {Draw by 3-fold repetition}
Started game 961 of 1000 (candidate vs ref-5047070)
Finished game 947 (candidate vs ref-5047070): 1/2-1/2 {Draw by fifty moves rule}
Started game 962 of 1000 (ref-5047070 vs candidate)
Finished game 944 (ref-5047070 vs candidate): 1/2-1/2 {Draw by fifty moves rule}
Started game 963 of 1000 (candidate vs ref-5047070)
Finished game 952 (ref-5047070 vs candidate): 0-1 {Black wins by adjudication}
Started game 964 of 1000 (ref-5047070 vs candidate)
Finished game 955 (candidate vs ref-5047070): 1-0 {White wins by adjudication}
Started game 965 of 1000 (candidate vs ref-5047070)
Finished game 954 (ref-5047070 vs candidate): 1/2-1/2 {Draw by adjudication}
Started game 966 of 1000 (ref-5047070 vs candidate)
Finished game 959 (candidate vs ref-5047070): 1-0 {White wins by adjudication}
Started game 967 of 1000 (candidate vs ref-5047070)
Finished game 960 (ref-5047070 vs candidate): 1-0 {White wins by adjudication}
--------------------------------------------------
Results of candidate vs ref-5047070 (8+0.08, 1t, 16MB, noob_3moves.epd):
Elo: -0.00 +/- 16.90, nElo: 0.00 +/- 22.05
LOS: 50.00 %, DrawRatio: 39.20 %, PairsRatio: 1.09
Games: 954, Wins: 307, Losses: 307, Draws: 340, Points: 477.0 (50.00 %)
Ptnml(0-2): [51, 88, 187, 112, 39], WL/DD Ratio: 1.67
--------------------------------------------------
Started game 968 of 1000 (ref-5047070 vs candidate)
Finished game 953 (candidate vs ref-5047070): 1/2-1/2 {Draw by insufficient mating material}
Started game 969 of 1000 (candidate vs ref-5047070)
Finished game 956 (ref-5047070 vs candidate): 1/2-1/2 {Draw by adjudication}
Started game 970 of 1000 (ref-5047070 vs candidate)
Finished game 958 (ref-5047070 vs candidate): 1/2-1/2 {Draw by 3-fold repetition}
Started game 971 of 1000 (candidate vs ref-5047070)
Finished game 961 (candidate vs ref-5047070): 1-0 {White wins by adjudication}
Started game 972 of 1000 (ref-5047070 vs candidate)
Finished game 957 (candidate vs ref-5047070): 1-0 {White wins by adjudication}
Started game 973 of 1000 (candidate vs ref-5047070)
Finished game 966 (ref-5047070 vs candidate): 1-0 {White wins by adjudication}
Started game 974 of 1000 (ref-5047070 vs candidate)
Finished game 962 (ref-5047070 vs candidate): 1-0 {White wins by adjudication}
Started game 975 of 1000 (candidate vs ref-5047070)
Finished game 965 (candidate vs ref-5047070): 0-1 {Black wins by adjudication}
Started game 976 of 1000 (ref-5047070 vs candidate)
Finished game 963 (candidate vs ref-5047070): 1/2-1/2 {Draw by 3-fold repetition}
Started game 977 of 1000 (candidate vs ref-5047070)
Finished game 972 (ref-5047070 vs candidate): 1/2-1/2 {Draw by 3-fold repetition}
Started game 978 of 1000 (ref-5047070 vs candidate)
Finished game 971 (candidate vs ref-5047070): 0-1 {Black wins by adjudication}
Started game 979 of 1000 (candidate vs ref-5047070)
Finished game 973 (candidate vs ref-5047070): 0-1 {Black wins by adjudication}
Started game 980 of 1000 (ref-5047070 vs candidate)
Finished game 964 (ref-5047070 vs candidate): 0-1 {Black wins by adjudication}
Started game 981 of 1000 (candidate vs ref-5047070)
Finished game 967 (candidate vs ref-5047070): 0-1 {Black wins by adjudication}
Started game 982 of 1000 (ref-5047070 vs candidate)
Finished game 968 (ref-5047070 vs candidate): 0-1 {Black wins by adjudication}
Started game 983 of 1000 (candidate vs ref-5047070)
Finished game 969 (candidate vs ref-5047070): 0-1 {Black wins by adjudication}
Started game 984 of 1000 (ref-5047070 vs candidate)
Finished game 970 (ref-5047070 vs candidate): 1-0 {White wins by adjudication}
Started game 985 of 1000 (candidate vs ref-5047070)
Finished game 974 (ref-5047070 vs candidate): 1-0 {White wins by adjudication}
Started game 986 of 1000 (ref-5047070 vs candidate)
Finished game 977 (candidate vs ref-5047070): 0-1 {Black wins by adjudication}
Started game 987 of 1000 (candidate vs ref-5047070)
Finished game 975 (candidate vs ref-5047070): 1/2-1/2 {Draw by insufficient mating material}
Started game 988 of 1000 (ref-5047070 vs candidate)
Finished game 979 (candidate vs ref-5047070): 1-0 {White wins by adjudication}
Started game 989 of 1000 (candidate vs ref-5047070)
Finished game 980 (ref-5047070 vs candidate): 1-0 {White wins by adjudication}
--------------------------------------------------
Results of candidate vs ref-5047070 (8+0.08, 1t, 16MB, noob_3moves.epd):
Elo: -1.42 +/- 16.76, nElo: -1.85 +/- 21.80
LOS: 43.38 %, DrawRatio: 39.14 %, PairsRatio: 1.08
Games: 976, Wins: 313, Losses: 317, Draws: 346, Points: 486.0 (49.80 %)
Ptnml(0-2): [54, 89, 191, 115, 39], WL/DD Ratio: 1.69
--------------------------------------------------
Started game 990 of 1000 (ref-5047070 vs candidate)
Finished game 985 (candidate vs ref-5047070): 0-1 {Black wins by adjudication}
Started game 991 of 1000 (candidate vs ref-5047070)
Finished game 986 (ref-5047070 vs candidate): 0-1 {Black wins by adjudication}
Started game 992 of 1000 (ref-5047070 vs candidate)
Finished game 981 (candidate vs ref-5047070): 1/2-1/2 {Draw by 3-fold repetition}
Started game 993 of 1000 (candidate vs ref-5047070)
Finished game 983 (candidate vs ref-5047070): 0-1 {Black wins by adjudication}
Started game 994 of 1000 (ref-5047070 vs candidate)
Finished game 984 (ref-5047070 vs candidate): 0-1 {Black wins by adjudication}
Started game 995 of 1000 (candidate vs ref-5047070)
Finished game 982 (ref-5047070 vs candidate): 0-1 {Black wins by adjudication}
Started game 996 of 1000 (ref-5047070 vs candidate)
Finished game 976 (ref-5047070 vs candidate): 1/2-1/2 {Draw by fifty moves rule}
Started game 997 of 1000 (candidate vs ref-5047070)
Finished game 978 (ref-5047070 vs candidate): 1/2-1/2 {Draw by 3-fold repetition}
Started game 998 of 1000 (ref-5047070 vs candidate)
Finished game 987 (candidate vs ref-5047070): 1/2-1/2 {Draw by 3-fold repetition}
Started game 999 of 1000 (candidate vs ref-5047070)
Finished game 989 (candidate vs ref-5047070): 0-1 {Black wins by adjudication}
Started game 1000 of 1000 (ref-5047070 vs candidate)
Finished game 992 (ref-5047070 vs candidate): 0-1 {Black wins by adjudication}
Finished game 990 (ref-5047070 vs candidate): 0-1 {Black wins by adjudication}
Finished game 996 (ref-5047070 vs candidate): 0-1 {Black wins by adjudication}
Finished game 988 (ref-5047070 vs candidate): 1-0 {White wins by adjudication}
Finished game 993 (candidate vs ref-5047070): 0-1 {Black wins by adjudication}
Finished game 994 (ref-5047070 vs candidate): 0-1 {Black wins by adjudication}
Finished game 997 (candidate vs ref-5047070): 1-0 {White wins by adjudication}
Finished game 999 (candidate vs ref-5047070): 0-1 {Black wins by adjudication}
Finished game 1000 (ref-5047070 vs candidate): 0-1 {Black wins by adjudication}
--------------------------------------------------
Results of candidate vs ref-5047070 (8+0.08, 1t, 16MB, noob_3moves.epd):
Elo: -1.75 +/- 16.50, nElo: -2.29 +/- 21.60
LOS: 41.77 %, DrawRatio: 39.64 %, PairsRatio: 1.07
Games: 994, Wins: 319, Losses: 324, Draws: 351, Points: 494.5 (49.75 %)
Ptnml(0-2): [54, 91, 197, 116, 39], WL/DD Ratio: 1.74
--------------------------------------------------
Finished game 995 (candidate vs ref-5047070): 0-1 {Black wins by adjudication}
Finished game 991 (candidate vs ref-5047070): 1/2-1/2 {Draw by adjudication}
Finished game 998 (ref-5047070 vs candidate): 1/2-1/2 {Draw by fifty moves rule}
--------------------------------------------------
Results of candidate vs ref-5047070 (8+0.08, 1t, 16MB, noob_3moves.epd):
Elo: -1.04 +/- 16.43, nElo: -1.37 +/- 21.53
LOS: 45.05 %, DrawRatio: 39.60 %, PairsRatio: 1.08
Games: 1000, Wins: 322, Losses: 325, Draws: 353, Points: 498.5 (49.85 %)
Ptnml(0-2): [54, 91, 198, 118, 39], WL/DD Ratio: 1.75
--------------------------------------------------
Finished match
Total Time: 00:28:26 (hours:minutes:seconds)


=== 1000 games in /home/max/ws/chesso/.tuning/s219_aa_20260912_005458/games.pgn ===
    734 [Termination "adjudication"]
    266 [Termination "normal"]
draws     353 of 1000, 35.3 %
decisive  647 of 1000, 64.7 %
forfeits  0 of 1000, 0.00 %
SPRT-RUN-DONE full /home/max/ws/chesso/.tuning/s219_aa_20260912_005458
