k	pairs	c_scale	r_k	y	wins	losses	draws	ptnml	ContHistBonus	ContHistMalus	ContHistWeight	QuietHistoryMax	HistoryBonusQuad	HistoryBonusLin	HistoryBonusConst	HistoryMalusQuad	HistoryMalusLin	HistoryMalusConst	HistPruneCoeff
0	24	2.054887	0.003993184	6	18	12	18	1/5/8/7/3	15	15	25	8217	1	0	0	1	0	0	578
1	48	1.915949	0.0045715199	-11	12	23	13	5/7/8/2/2	15	15	26	8168	1	0	1	1	1	0	574
2	72	1.839072	0.0049383343	-8	15	23	10	7/3/8/3/3	15	15	26	8205	1	0	2	1	1	0	572
3	96	1.786405	0.0052093496	3	18	15	15	1/5/11/4/3	15	15	26	8191	1	0	2	1	0	0	571
4	120	1.746594	0.0054242592	-4	12	16	20	2/9/8/1/4	15	15	26	8171	1	1	1	1	1	0	570
5	144	1.714726	0.0056018519	2	18	16	14	2/4/10/6/2	15	15	26	8181	1	1	1	1	1	0	571
6	168	1.688235	0.0057526333	-35	2	37	9	16/4/3/1/0	14	15	24	8355	1	3	4	1	4	3	582
7	192	1.665620	0.0058831224	-29	6	35	7	14/3/5/2/0	15	15	23	8210	2	6	6	1	6	0	591
8	216	1.645923	0.0059976662	6	20	14	14	3/3/7/7/4	15	15	23	8240	2	6	6	1	6	0	593
9	240	1.628501	0.0060993206	35	39	4	5	0/1/3/4/16	14	16	25	8418	2	9	9	0	9	3	581
10	264	1.612899	0.0061903227	-28	3	31	14	10/8/6/0/0	15	16	26	8275	2	11	11	1	11	0	590
11	288	1.598787	0.0062723636	1	15	14	19	1/6/9/7/1	15	16	26	8270	2	11	11	1	11	0	591
12	312	1.585914	0.0063467551	17	25	8	15	0/3/8/6/7	15	17	27	8182	2	13	12	1	13	2	596
13	336	1.574088	0.0064145375	6	23	17	8	1/6/9/2/6	15	17	27	8213	2	12	12	1	13	2	598
14	360	1.563157	0.0064765504	-1	15	16	17	3/6/6/7/2	15	17	27	8218	2	12	12	1	13	2	598
15	384	1.553001	0.0065334824	10	23	13	12	1/5/7/5/6	15	17	26	8270	2	13	13	1	12	3	602
16	408	1.543521	0.0065859055	11	23	12	13	1/4/7/7/5	15	17	26	8328	2	12	14	1	13	4	605
17	432	1.534636	0.0066343006	19	30	11	7	1/1/9/4/9	16	17	27	8229	2	14	12	1	15	6	611
18	456	1.526279	0.0066790762	4	22	18	8	3/1/13/3/4	16	17	27	8208	2	14	12	1	15	5	610
19	480	1.518392	0.0067205825	-15	10	25	13	7/7/6/2/2	16	17	26	8129	2	15	13	1	16	6	605
20	504	1.510928	0.0067591218	-4	15	19	14	3/6/8/6/1	16	17	26	8150	2	16	13	1	17	7	604
21	528	1.503845	0.0067949574	2	18	16	14	3/2/12/4/3	16	17	26	8161	2	16	13	1	17	7	603
22	552	1.497109	0.00682832	-2	17	19	12	3/6/8/4/3	16	17	26	8150	2	16	13	1	17	7	603
23	576	1.490687	0.0068594127	-5	15	20	13	6/1/10/6/1	16	17	25	8176	2	16	14	1	17	7	601
24	600	1.484554	0.0068884155	2	18	16	14	4/5/5/5/5	16	17	25	8187	2	16	13	1	17	7	602
25	624	1.478685	0.0069154889	2	18	16	14	1/6/10/4/3	16	17	26	8197	2	16	13	1	17	7	602
26	648	1.473059	0.0069407761	-2	18	20	10	4/5/7/5/3	16	17	25	8187	2	16	13	1	17	7	602
27	672	1.467658	0.0069644059	-3	16	19	13	2/7/9/4/2	16	17	25	8203	2	16	13	1	18	7	601
28	696	1.462466	0.0069864944	-11	13	24	11	6/5/8/4/1	16	16	25	8260	2	15	14	1	19	7	597
29	720	1.457467	0.0070071466	0	17	17	14	3/4/9/6/2	16	16	25	8260	2	15	14	1	19	7	597
30	744	1.452648	0.0070264579	11	26	15	7	1/2/12/3/6	17	16	25	8318	2	15	13	1	18	7	601
31	768	1.447997	0.007044515	8	22	14	12	2/4/7/6/5	16	16	25	8276	2	15	14	1	17	7	598
32	792	1.443504	0.0070613972	1	19	18	11	2/8/6/3/5	16	16	25	8281	2	15	14	1	17	7	598
33	816	1.439158	0.0070771771	4	19	15	14	2/3/11/5/3	16	17	25	8260	2	15	14	1	17	6	597
34	840	1.434951	0.0070919213	-6	13	19	16	3/8/8/2/3	17	16	25	8291	2	14	14	1	16	7	595
35	864	1.430874	0.0071056911	-9	13	22	13	6/5/7/4/2	17	16	26	8245	2	14	14	1	17	6	592
36	888	1.426920	0.0071185428	-6	17	23	8	6/2/9/6/1	17	16	26	8276	2	13	15	1	17	6	594
37	912	1.423081	0.0071305289	12	25	13	10	3/2/6/6/7	17	17	26	8338	2	12	16	1	17	7	598
38	936	1.419353	0.0071416974	7	21	14	13	0/4/12/5/3	17	16	26	8302	2	13	15	1	17	7	596
39	960	1.415728	0.0071520934	-7	14	21	13	4/5/10/4/1	17	17	26	8266	2	12	15	1	18	8	593
40	984	1.412202	0.0071617583	7	21	14	13	2/3/8/8/3	17	17	26	8302	2	13	15	1	18	7	591
41	1008	1.408769	0.0071707311	4	19	15	14	1/6/10/2/5	17	17	27	8322	2	13	16	1	18	8	590
42	1032	1.405425	0.0071790476	0	17	17	14	4/4/8/4/4	17	17	27	8322	2	13	16	1	18	8	590
43	1056	1.402165	0.0071867417	6	21	15	12	3/2/9/6/4	17	17	27	8292	2	13	15	1	18	7	592
44	1080	1.398986	0.0071938449	-5	16	21	11	4/4/11/3/2	17	16	27	8317	2	12	16	1	19	7	593
45	1104	1.395884	0.0072003866	-3	17	20	11	1/7/11/4/1	17	16	27	8333	2	12	16	1	19	6	593
46	1128	1.392855	0.0072063945	8	22	14	12	1/5/8/5/5	17	17	27	8374	2	12	15	1	18	7	595
47	1152	1.389897	0.0072118946	-5	13	18	17	0/10/10/3/1	17	17	27	8348	2	12	15	1	19	7	597
48	1176	1.387005	0.0072169111	2	19	17	12	2/3/12/5/2	17	17	27	8338	2	12	15	1	19	8	597
49	1200	1.384178	0.007221467	12	24	12	12	1/3/9/5/6	17	17	28	8276	2	13	16	1	20	9	601
50	1224	1.381412	0.0072255838	-2	14	16	18	3/4/10/6/1	17	17	28	8266	3	13	16	1	20	8	602
51	1248	1.378706	0.0072292819	7	19	12	17	1/3/11/6/3	18	17	27	8231	2	13	16	1	19	9	600
52	1272	1.376056	0.0072325805	2	20	18	10	2/5/9/5/3	17	17	27	8241	2	13	16	1	19	9	600
53	1296	1.373460	0.0072354977	7	23	16	9	1/6/8/3/6	18	17	28	8205	2	12	17	1	19	9	598
54	1320	1.370917	0.0072380505	-2	15	17	16	2/5/12/3/2	18	16	28	8215	2	12	17	1	19	9	597
55	1344	1.368425	0.0072402552	1	14	13	21	1/5/12/4/2	18	16	28	8210	2	12	16	1	19	9	597
56	1368	1.365981	0.007242127	4	20	16	12	2/4/9/6/3	18	16	28	8230	2	12	16	1	18	9	598
57	1392	1.363583	0.0072436806	-3	15	18	15	4/3/11/4/2	18	16	28	8215	2	12	16	1	18	9	597
58	1416	1.361231	0.0072449296	10	22	12	14	1/4/9/4/6	17	16	27	8165	3	12	17	1	19	9	601
59	1440	1.358922	0.0072458871	8	20	12	16	0/4/12/4/4	17	16	28	8124	3	13	16	1	19	10	603
60	1464	1.356656	0.0072465656	-3	16	19	13	2/6/10/5/1	17	16	27	8140	3	13	16	1	19	10	604
61	1488	1.354429	0.0072469767	-10	12	22	14	4/8/7/4/1	17	16	28	8190	3	14	15	1	18	11	601
62	1512	1.352242	0.0072471318	1	19	18	11	2/5/9/6/2	17	16	28	8195	3	14	15	1	18	10	601
63	1536	1.350093	0.0072470414	-2	16	18	14	4/4/9/4/3	17	16	28	8185	3	13	15	1	18	11	601
64	1560	1.347981	0.0072467157	2	17	15	16	1/6/9/6/2	17	16	28	8195	3	14	15	1	18	11	600
65	1584	1.345904	0.0072461644	-3	15	18	15	4/4/9/5/2	17	16	28	8210	3	14	15	1	18	11	599
66	1608	1.343861	0.0072453966	-8	12	20	16	4/7/7/5/1	17	16	28	8170	3	14	14	1	18	10	596
67	1632	1.341852	0.0072444212	-4	17	21	10	2/5/13/3/1	17	16	28	8190	3	14	14	1	17	10	598
68	1656	1.339875	0.0072432465	-7	15	22	11	4/3/14/2/1	17	16	28	8155	3	14	13	1	17	11	600
69	1680	1.337929	0.0072418806	6	19	13	16	1/7/5/7/4	17	16	28	8125	3	14	13	1	17	11	598
70	1704	1.336013	0.0072403311	-4	15	19	14	3/6/9/4/2	17	16	28	8145	3	14	12	1	17	11	597
71	1728	1.334127	0.0072386052	-4	15	19	14	5/4/7/6/2	17	16	28	8125	3	13	12	1	17	12	596
72	1752	1.332270	0.0072367099	-1	18	19	11	2/4/12/5/1	17	16	28	8130	3	13	12	1	17	12	596
73	1776	1.330441	0.007234652	-3	18	21	9	4/4/9/5/2	17	16	28	8145	3	13	12	1	17	12	597
74	1800	1.328638	0.0072324379	-5	15	20	13	4/6/8/3/3	17	16	28	8120	3	13	13	2	18	11	598
75	1824	1.326862	0.0072300735	13	26	13	9	0/4/9/5/6	17	16	28	8057	3	14	12	1	17	10	594
76	1848	1.325111	0.0072275648	5	21	16	11	1/4/12/3/4	16	16	28	8032	3	14	11	1	16	11	593
77	1872	1.323385	0.0072249174	-4	15	19	14	3/6/9/4/2	17	16	28	8052	3	14	11	1	17	11	594
78	1896	1.321684	0.0072221367	-6	12	18	18	2/8/8/6/0	16	16	28	8081	3	14	10	1	17	10	596
79	1920	1.320006	0.0072192278	-7	13	20	15	4/5/9/6/0	17	16	28	8115	3	15	11	1	18	10	598
80	1944	1.318351	0.0072161957	3	17	14	17	3/4/5/11/1	16	16	28	8130	3	15	11	1	17	9	599
81	1968	1.316718	0.007213045	0	17	17	14	2/5/10/5/2	16	16	28	8130	3	15	11	1	17	9	599
82	1992	1.315107	0.0072097805	3	18	15	15	3/2/10/7/2	17	16	28	8144	3	15	11	1	18	10	598
83	2016	1.313517	0.0072064063	-2	16	18	14	3/3/13/3/2	17	16	28	8135	3	15	11	1	18	10	597
84	2040	1.311948	0.0072029268	4	22	18	8	1/3/14/3/3	17	16	28	8154	3	15	12	1	18	10	596
85	2064	1.310399	0.0071993459	-8	15	23	10	3/6/12/2/1	16	16	29	8115	3	15	11	1	17	9	594
86	2088	1.308870	0.0071956676	-4	14	18	16	2/7/8/7/0	17	16	29	8096	3	15	11	1	18	10	593
87	2112	1.307360	0.0071918956	0	19	19	10	3/6/8/2/5	17	16	29	8096	3	15	11	1	18	10	593
88	2136	1.305869	0.0071880333	3	18	15	15	2/6/7/5/4	17	16	29	8082	3	15	12	1	17	10	593
89	2160	1.304396	0.0071840844	-6	13	19	16	5/6/5/6/2	17	16	29	8110	3	15	11	1	18	10	595
90	2184	1.302941	0.0071800521	-1	15	16	17	3/5/8/6/2	17	16	29	8106	3	15	11	1	18	10	595
91	2208	1.301504	0.0071759396	8	21	13	14	2/4/8/4/6	17	16	29	8144	3	15	11	1	17	9	593
92	2232	1.300083	0.00717175	15	23	8	17	0/2/8/11/3	16	16	28	8215	3	16	12	1	18	11	588
93	2256	1.298680	0.0071674861	11	22	11	15	2/4/4/9/5	17	16	28	8268	3	17	11	1	19	11	591
94	2280	1.297292	0.007163151	0	17	17	14	3/5/8/5/3	17	16	28	8268	3	17	11	1	19	11	591
95	2304	1.295921	0.0071587473	-2	16	18	14	3/6/8/4/3	16	16	28	8277	3	17	11	1	19	12	592
96	2328	1.294565	0.0071542777	-4	17	21	10	3/7/9/1/4	17	16	28	8296	3	17	11	1	19	11	593
97	2352	1.293225	0.0071497447	1	17	16	15	4/2/9/7/2	17	16	28	8301	3	17	11	1	19	11	593
98	2376	1.291900	0.0071451507	-5	15	20	13	6/3/6/8/1	16	16	28	8325	3	17	11	1	19	12	595
99	2400	1.290589	0.0071404983	-7	15	22	11	5/5/8/4/2	16	16	27	8358	3	17	10	1	19	11	593
100	2424	1.289292	0.0071357895	-1	17	18	13	3/5/8/6/2	16	16	27	8353	3	17	10	1	19	11	593
101	2448	1.288010	0.0071310267	1	19	18	11	2/5/10/4/3	16	16	27	8348	3	17	10	1	19	11	593
102	2472	1.286742	0.0071262119	-4	14	18	16	2/6/10/6/0	16	16	28	8330	3	17	10	1	19	11	592
103	2496	1.285487	0.0071213473	-7	10	17	21	5/5/6/8/0	16	16	27	8362	3	16	10	1	18	12	590
104	2520	1.284245	0.0071164348	0	17	17	14	4/4/7/6/3	16	16	27	8362	3	16	10	1	18	12	590
105	2544	1.283016	0.0071114763	-3	15	18	15	2/7/9/4/2	16	16	27	8348	3	16	10	1	18	12	590
106	2568	1.281800	0.0071064736	-5	16	21	11	5/5/6/6/2	16	16	27	8372	3	16	10	1	18	12	592
107	2592	1.280596	0.0071014286	4	22	18	8	3/3/10/3/5	16	16	27	8353	3	16	10	1	18	12	591
108	2616	1.279404	0.007096343	-18	8	26	14	6/8/8/2/0	17	16	26	8269	3	15	9	1	19	14	586
109	2640	1.278225	0.0070912184	1	16	15	17	4/2/8/9/1	17	16	26	8274	3	15	9	1	19	14	586
110	2664	1.277057	0.0070860565	1	18	17	13	5/2/9/3/5	17	16	26	8269	3	15	9	1	19	14	586
111	2688	1.275901	0.0070808587	4	18	14	16	1/4/11/6/2	17	16	26	8288	3	16	9	1	19	14	585
112	2712	1.274756	0.0070756267	-10	11	21	16	5/9/4/3/3	17	16	26	8334	3	15	8	1	19	15	588
113	2736	1.273622	0.0070703618	17	25	8	15	0/3/6/10/5	17	15	26	8412	4	14	7	1	20	16	583
114	2760	1.272499	0.0070650654	2	19	17	12	1/6/10/4/3	17	15	26	8403	4	13	7	1	20	16	582
115	2784	1.271387	0.007059739	1	17	16	15	1/7/8/6/2	17	15	26	8399	4	14	7	1	20	16	582
116	2808	1.270285	0.0070543838	-15	9	24	15	7/5/8/4/0	17	16	26	8467	3	15	6	1	21	15	586
117	2832	1.269193	0.0070490012	4	20	16	12	2/3/12/3/4	17	16	26	8449	3	15	5	1	21	15	588
118	2856	1.268112	0.0070435922	10	24	14	10	0/5/9/5/5	17	16	25	8495	4	14	5	1	21	15	585
119	2880	1.267041	0.0070381582	-14	10	24	14	6/6/9/2/1	17	16	26	8559	3	15	6	1	20	16	589
120	2904	1.265979	0.0070327002	-16	8	24	16	7/7/6/3/1	17	16	25	8486	4	16	5	1	18	18	593
121	2928	1.264927	0.0070272194	-2	19	21	8	5/4/7/4/4	17	16	25	8477	4	16	4	1	19	18	593
122	2952	1.263885	0.0070217169	9	25	16	7	2/3/9/4/6	17	16	25	8518	4	16	4	1	19	17	590
123	2976	1.262852	0.0070161936	-9	10	19	19	3/8/9/3/1	17	16	24	8558	4	16	3	1	19	18	593
124	3000	1.261828	0.0070106507	1	18	17	13	3/4/10/3/4	17	16	24	8563	4	16	3	1	18	18	592
125	3024	1.260812	0.0070050891	2	20	18	10	2/6/8/4/4	17	16	24	8572	4	16	3	1	18	18	593
126	3048	1.259806	0.0069995097	4	21	17	10	2/5/9/3/5	17	16	25	8554	4	16	3	1	19	18	592
127	3072	1.258809	0.0069939134	-8	14	22	12	4/6/9/4/1	17	16	25	8590	4	17	4	1	18	18	590
128	3096	1.257820	0.0069883012	-3	15	18	15	2/8/8/3/3	17	16	25	8604	4	17	4	1	18	17	590
129	3120	1.256839	0.0069826739	-8	15	23	10	5/4/10/4/1	16	16	25	8568	4	18	3	1	17	17	593
130	3144	1.255867	0.0069770323	0	17	17	14	2/7/6/7/2	16	16	25	8568	4	18	3	1	17	17	593
131	3168	1.254902	0.0069713773	4	20	16	12	3/3/9/5/4	16	16	25	8550	4	17	4	1	18	17	594
132	3192	1.253946	0.0069657095	-13	10	23	15	4/9/8/2/1	16	17	24	8608	4	18	3	1	17	16	590
133	3216	1.252998	0.0069600299	-5	16	21	11	4/5/9/4/2	16	17	24	8630	4	19	3	1	16	17	592
134	3240	1.252057	0.006954339	0	16	16	16	2/9/5/3/5	16	17	24	8630	4	19	3	1	16	17	592
135	3264	1.251124	0.0069486377	-2	15	17	16	3/1/16/3/1	16	17	24	8621	4	19	3	1	16	17	592
136	3288	1.250199	0.0069429265	3	22	19	7	4/2/9/5/4	16	17	25	8635	4	19	3	1	16	17	593
137	3312	1.249281	0.0069372063	-3	17	20	11	2/6/12/1/3	16	16	24	8648	4	19	4	1	17	17	594
138	3336	1.248370	0.0069314775	2	20	18	10	4/5/5/5/5	16	16	25	8657	4	19	3	1	16	17	594
139	3360	1.247467	0.0069257409	-4	15	19	14	5/6/4/6/3	16	17	25	8639	4	19	4	1	16	18	595
140	3384	1.246570	0.006919997	-10	12	22	14	3/10/7/2/2	16	16	24	8595	4	19	4	1	15	18	598
141	3408	1.245681	0.0069142465	6	20	14	14	2/4/7/8/3	16	16	25	8568	4	18	4	1	16	19	600
142	3432	1.244798	0.0069084899	-2	17	19	12	4/5/7/5/3	16	16	25	8577	4	18	4	1	16	19	600
143	3456	1.243922	0.0069027277	7	23	16	9	1/6/9/1/7	16	16	24	8608	4	19	4	1	16	19	598
144	3480	1.243053	0.0068969606	-2	16	18	14	2/5/12/3/2	16	16	24	8617	4	19	3	1	16	19	599
145	3504	1.242191	0.0068911889	-4	13	17	18	2/8/8/4/2	16	16	24	8634	4	19	3	1	16	19	598
146	3528	1.241335	0.0068854133	1	16	15	17	4/4/6/7/3	16	16	24	8630	4	19	3	1	16	19	598
147	3552	1.240485	0.0068796342	3	19	16	13	3/3/9/6/3	16	16	24	8643	4	19	3	1	16	19	598
148	3576	1.239641	0.0068738521	1	16	15	17	0/6/12/5/1	16	16	24	8639	4	19	3	1	16	19	598
149	3600	1.238804	0.0068680674	-2	15	17	16	1/7/11/3/2	16	16	24	8647	4	19	3	1	16	19	599
150	3624	1.237973	0.0068622805	-2	16	18	14	2/7/9/3/3	16	16	24	8639	4	19	3	1	16	18	599
151	3648	1.237148	0.006856492	-6	14	20	14	4/5/10/3/2	16	16	24	8665	4	20	4	1	15	19	598
152	3672	1.236329	0.0068507023	7	20	13	15	1/5/7/8/3	16	16	24	8695	4	19	3	1	15	19	600
153	3696	1.235516	0.0068449117	0	17	17	14	2/5/9/7/1	16	16	24	8695	4	19	3	1	15	19	600
154	3720	1.234708	0.0068391206	13	24	11	13	2/2/8/5/7	16	17	24	8639	4	18	2	1	16	18	603
155	3744	1.233907	0.0068333294	-5	14	19	15	4/5/9/4/2	16	17	24	8617	4	19	2	1	16	18	604
156	3768	1.233111	0.0068275385	6	20	14	14	1/9/4/3/7	16	17	24	8591	4	19	2	1	16	19	606
157	3792	1.232320	0.0068217483	3	18	15	15	2/3/10/8/1	16	17	24	8604	4	19	2	2	16	19	607
158	3816	1.231535	0.006815959	2	19	17	12	2/3/11/7/1	16	17	24	8613	4	19	3	2	16	19	607
159	3840	1.230756	0.0068101711	1	17	16	15	3/5/7/6/3	16	17	24	8609	4	19	3	2	16	19	607
160	3864	1.229981	0.0068043848	-1	18	19	11	2/4/13/3/2	16	17	24	8604	4	19	3	2	16	19	607
161	3888	1.229212	0.0067986005	-8	12	20	16	3/7/10/3/1	16	17	25	8639	4	18	3	1	17	19	605
162	3912	1.228449	0.0067928185	-2	17	19	12	4/5/7/5/3	16	17	25	8647	4	18	3	1	17	20	605
163	3936	1.227690	0.0067870391	1	17	16	15	2/9/3/6/4	16	17	25	8651	4	18	3	1	16	19	606
164	3960	1.226936	0.0067812625	-2	15	17	16	3/5/10/3/3	16	17	25	8643	4	18	3	1	16	19	605
165	3984	1.226188	0.006775489	-4	12	16	20	1/10/7/4/2	16	17	25	8660	4	18	3	1	17	19	606
166	4008	1.225444	0.006769719	-6	18	24	6	6/4/9/0/5	16	17	25	8685	4	18	4	1	16	19	608
167	4032	1.224706	0.0067639527	0	17	17	14	2/5/10/5/2	16	17	25	8685	4	18	4	1	16	19	608
168	4056	1.223972	0.0067581903	-1	17	18	13	1/7/11/2/3	16	17	25	8681	4	18	4	1	16	20	607
169	4080	1.223243	0.006752432	6	19	13	16	3/5/3/9/4	16	16	25	8656	4	19	4	1	16	19	609
170	4104	1.222518	0.0067466782	7	19	12	17	0/6/9/5/4	16	16	25	8685	4	18	4	1	15	20	611
171	4128	1.221798	0.0067409291	2	18	16	14	2/5/9/5/3	16	16	25	8677	4	18	4	1	15	19	611
172	4152	1.221083	0.0067351848	-6	14	20	14	4/5/10/3/2	16	16	25	8702	4	18	3	1	15	20	610
173	4176	1.220373	0.0067294456	-12	13	25	10	6/5/10/1/2	16	16	25	8753	4	17	4	1	16	21	607
174	4200	1.219666	0.0067237117	-13	12	25	11	5/8/7/3/1	16	16	26	8807	4	16	5	1	15	22	603
175	4224	1.218965	0.0067179833	7	20	13	15	1/4/9/7/3	16	16	26	8837	4	15	5	1	15	21	605
176	4248	1.218267	0.0067122607	-7	14	21	13	4/3/14/2/1	16	16	26	8866	4	16	5	1	15	22	607
177	4272	1.217574	0.0067065439	-11	8	19	21	3/9/9/2/1	16	16	26	8820	4	15	6	1	14	21	610
178	4296	1.216886	0.0067008332	6	22	16	10	3/1/10/7/3	16	16	26	8845	4	15	5	1	14	21	608
179	4320	1.216201	0.0066951288	-6	14	20	14	3/6/10/4/1	16	16	26	8870	4	15	5	1	14	21	607
180	4344	1.215521	0.0066894308	-3	14	17	17	3/6/8/5/2	16	16	26	8882	4	15	5	1	14	21	606
181	4368	1.214845	0.0066837394	4	20	16	12	5/0/9/6/4	16	15	26	8899	4	15	5	1	14	21	605
182	4392	1.214172	0.0066780548	-5	16	21	11	6/4/6/5/3	17	15	26	8878	4	15	6	1	14	20	603
183	4416	1.213504	0.0066723772	2	16	14	18	1/4/13/4/2	17	15	26	8887	4	15	6	1	14	20	603
184	4440	1.212840	0.0066667066	3	21	18	9	4/2/9/5/4	17	15	26	8899	4	15	6	1	14	20	602
185	4464	1.212180	0.0066610433	-1	18	19	11	3/4/10/5/2	17	15	26	8895	4	15	6	1	14	20	602
186	4488	1.211524	0.0066553873	2	17	15	16	2/5/8/7/2	17	15	26	8903	4	15	6	1	14	21	602
187	4512	1.210871	0.0066497388	12	24	12	12	1/4/8/4/7	16	15	26	8854	4	16	5	1	15	20	606
188	4536	1.210223	0.006644098	13	22	9	17	0/4/7/9/4	17	15	25	8800	4	17	4	2	16	19	609
189	4560	1.209578	0.006638465	-3	18	21	9	4/4/10/3/3	17	15	25	8813	4	17	4	2	16	19	610
190	4584	1.208937	0.0066328398	1	21	20	7	4/2/12/1/5	17	15	25	8808	4	17	4	2	16	19	609
191	4608	1.208299	0.0066272227	1	17	16	15	3/5/7/6/3	17	15	25	8804	4	17	4	2	16	19	610
192	4632	1.207665	0.0066216137	5	22	17	9	3/4/7/5/5	17	15	26	8825	4	17	4	2	16	19	611
193	4656	1.207035	0.006616013	-8	13	21	14	4/8/7/2/3	16	15	26	8858	4	17	5	2	16	18	613
194	4680	1.206409	0.0066104207	3	18	15	15	2/5/6/10/1	16	15	26	8870	4	17	5	2	16	19	614
195	4704	1.205785	0.0066048368	4	20	16	12	2/3/12/3/4	16	15	26	8853	4	17	4	2	16	18	613
196	4728	1.205166	0.0065992615	5	20	15	13	3/2/10/5/4	16	16	26	8874	4	17	4	2	16	18	611
197	4752	1.204550	0.0065936948	-6	14	20	14	5/7/4/5/3	16	15	26	8898	4	17	4	1	17	18	613
198	4776	1.203937	0.0065881369	9	21	12	15	2/4/6/7/5	16	16	25	8862	4	17	4	2	16	18	611
199	4800	1.203328	0.0065825879	-5	15	20	13	6/2/7/9/0	16	16	25	8841	4	16	3	2	16	18	612
200	4824	1.202722	0.0065770478	-8	13	21	14	6/3/9/5/1	16	16	25	8874	4	16	3	2	17	18	610
201	4848	1.202119	0.0065715168	5	21	16	11	1/5/9/6/3	16	16	25	8894	4	15	3	1	17	19	609
202	4872	1.201519	0.0065659949	10	23	13	12	1/3/11/3/6	16	16	25	8854	4	16	4	1	17	19	606
203	4896	1.200923	0.0065604821	8	21	13	14	0/4/11/6/3	16	16	25	8821	4	17	3	1	17	19	604
204	4920	1.200330	0.0065549786	0	17	17	14	1/6/11/4/2	16	16	25	8821	4	17	3	1	17	19	604
205	4944	1.199741	0.0065494845	6	20	14	14	3/3/7/7/4	16	16	26	8845	4	17	4	2	17	18	606
206	4968	1.199154	0.0065439998	-1	15	16	17	2/6/9/5/2	16	16	26	8849	4	17	4	2	17	19	606
207	4992	1.198570	0.0065385245	20	29	9	10	0/2/8/6/8	17	16	26	8769	4	18	5	1	16	20	611
208	5016	1.197990	0.0065330588	9	20	11	17	0/6/7/7/4	16	16	26	8733	4	19	4	1	16	20	613
209	5040	1.197412	0.0065276027	6	25	19	4	3/1/12/3/5	17	16	26	8709	4	18	4	1	16	21	615
210	5064	1.196838	0.0065221563	1	19	18	11	4/2/9/7/2	17	16	26	8713	4	18	4	1	16	21	615
211	5088	1.196267	0.0065167196	-2	17	19	12	3/7/6/5/3	16	16	26	8721	4	18	4	1	16	21	615
212	5112	1.195698	0.0065112927	-5	16	21	11	4/4/11/3/2	17	16	26	8701	4	18	4	1	16	21	614
213	5136	1.195133	0.0065058756	5	20	15	13	2/6/6/5/5	16	16	26	8721	4	18	4	1	17	21	613
214	5160	1.194570	0.0065004684	2	19	17	12	1/6/10/4/3	16	16	26	8729	4	18	4	1	16	21	612
215	5184	1.194010	0.0064950712	-3	16	19	13	2/6/10/5/1	17	16	26	8717	4	18	4	1	16	21	612
216	5208	1.193453	0.0064896839	5	22	17	9	5/3/4/6/6	16	16	26	8737	4	17	4	1	16	21	610
217	5232	1.192899	0.0064843066	-1	17	18	13	2/5/10/6/1	16	16	26	8741	4	18	4	1	16	21	610
218	5256	1.192348	0.0064789395	-6	13	19	16	4/7/6/5/2	16	16	26	8765	4	18	4	1	16	20	612
219	5280	1.191800	0.0064735824	-4	17	21	10	6/4/6/4/4	16	16	26	8749	4	18	4	1	15	20	611
220	5304	1.191254	0.0064682355	3	19	16	13	1/9/6/2/6	16	16	26	8737	4	18	4	1	16	21	610
221	5328	1.190711	0.0064628987	-1	16	17	15	2/6/9/5/2	16	16	26	8741	4	18	4	1	16	21	610
222	5352	1.190170	0.0064575722	1	18	17	13	3/4/11/1/5	16	16	26	8745	4	18	4	1	16	21	610
223	5376	1.189633	0.0064522559	-3	18	21	9	5/3/10/2/4	16	16	26	8733	4	18	4	1	16	21	611
224	5400	1.189098	0.00644695	4	22	18	8	2/1/14/5/2	17	16	26	8717	4	18	4	1	16	21	612
225	5424	1.188565	0.0064416543	1	21	20	7	3/2/12/5/2	17	16	26	8721	4	17	4	1	16	21	612
226	5448	1.188035	0.006436369	6	19	13	16	1/6/6/8/3	17	15	26	8698	4	18	4	1	16	21	611
227	5472	1.187508	0.006431094	4	17	13	18	1/7/5/9/2	17	16	26	8682	4	18	4	1	16	20	610
228	5496	1.186983	0.0064258295	2	17	15	16	3/4/9/4/4	17	16	26	8674	4	17	4	1	16	20	610
229	5520	1.186461	0.0064205754	-8	14	22	12	7/5/4/5/3	16	16	26	8706	4	18	4	1	15	21	608
230	5544	1.185941	0.0064153317	2	19	17	12	2/4/9/8/1	16	16	26	8698	4	18	4	1	15	21	608
231	5568	1.185424	0.0064100985	-1	16	17	15	2/5/11/4/2	16	16	26	8694	4	18	4	1	15	21	608
232	5592	1.184909	0.0064048757	-1	15	16	17	3/4/10/5/2	16	16	26	8690	4	18	3	1	15	21	608
233	5616	1.184396	0.0063996635	-9	12	21	15	4/5/12/2/1	16	16	26	8655	4	17	4	1	16	21	606
234	5640	1.183886	0.0063944618	0	13	13	22	3/4/7/10/0	16	16	26	8655	4	17	4	1	16	21	606
235	5664	1.183379	0.0063892706	5	21	16	11	2/4/9/5/4	16	16	26	8636	4	17	4	1	15	21	605
236	5688	1.182874	0.00638409	0	18	18	12	3/6/6/6/3	16	16	26	8636	4	17	4	1	15	21	605
237	5712	1.182371	0.0063789199	9	23	14	11	2/5/5/6/6	16	16	26	8671	4	17	4	1	15	21	602
238	5736	1.181870	0.0063737604	11	25	14	9	2/3/9/2/8	16	16	27	8713	4	16	5	1	14	22	605
239	5760	1.181372	0.0063686115	2	18	16	14	3/4/9/4/4	16	15	27	8721	4	16	5	1	14	21	605
240	5784	1.180876	0.0063634732	0	18	18	12	3/6/7/4/4	16	15	27	8721	4	16	5	1	14	21	605
241	5808	1.180382	0.0063583455	8	21	13	14	2/5/6/5/6	16	16	27	8751	4	16	4	1	14	21	607
242	5832	1.179890	0.0063532285	-2	17	19	12	3/5/9/5/2	16	16	27	8759	4	16	4	1	14	21	607
243	5856	1.179401	0.006348122	5	21	16	11	1/6/8/5/4	16	15	27	8740	4	16	4	1	14	21	606
244	5880	1.178914	0.0063430262	12	26	14	8	1/2/10/6/5	16	15	27	8694	4	15	5	1	15	20	609
245	5904	1.178429	0.006337941	0	17	17	14	2/6/8/6/2	16	15	27	8694	4	15	5	1	15	20	609
246	5928	1.177946	0.0063328664	5	19	14	15	2/3/9/8/2	16	15	27	8713	4	16	4	1	15	21	607
247	5952	1.177466	0.0063278025	3	18	15	15	2/4/11/3/4	16	15	27	8702	4	16	4	1	15	21	608
248	5976	1.176987	0.0063227492	3	18	15	15	4/7/1/6/6	16	15	27	8690	4	16	5	1	15	21	607
249	6000	1.176511	0.0063177066	-3	15	18	15	2/5/12/4/1	16	15	27	8702	4	16	4	1	15	21	608
250	6024	1.176037	0.0063126746	-1	19	20	9	4/2/10/7/1	16	15	27	8705	4	16	5	1	15	21	608
251	6048	1.175564	0.0063076532	-4	15	19	14	3/6/9/4/2	16	15	27	8721	4	16	4	1	15	21	607
252	6072	1.175094	0.0063026425	3	20	17	11	1/5/10/6/2	16	15	27	8709	4	16	4	1	15	22	606
253	6096	1.174626	0.0062976424	1	20	19	9	2/4/11/5/2	16	15	27	8705	4	16	5	1	15	22	607
254	6120	1.174160	0.006292653	5	22	17	9	4/1/10/4/5	16	15	27	8724	4	16	5	1	15	21	608
255	6144	1.173696	0.0062876742	-9	12	21	15	4/8/6/5/1	16	15	27	8758	4	16	4	1	15	22	610
256	6168	1.173234	0.006282706	-19	11	30	7	10/2/10/1/1	16	15	27	8687	4	17	3	1	16	21	614
257	6192	1.172774	0.0062777485	-4	14	18	16	5/4/7/6/2	16	15	27	8672	4	17	3	1	16	21	613
258	6216	1.172316	0.0062728016	5	21	16	11	2/4/9/5/4	16	15	27	8690	4	17	3	1	16	20	612
259	6240	1.171860	0.0062678652	3	16	13	19	1/4/10/9/0	16	15	27	8679	4	17	3	1	16	20	612
260	6264	1.171405	0.0062629395	-2	15	17	16	3/3/12/5/1	16	15	27	8687	4	17	3	1	16	20	612
261	6288	1.170953	0.0062580244	4	20	16	12	4/2/8/6/4	16	15	27	8672	4	17	3	1	15	20	613
262	6312	1.170503	0.0062531199	-2	19	21	8	6/3/6/5/4	16	15	27	8664	4	16	3	1	16	20	613
263	6336	1.170054	0.006248226	-5	14	19	15	4/5/9/4/2	16	15	26	8683	4	16	2	1	16	20	612
264	6360	1.169607	0.0062433426	8	22	14	12	2/4/8/4/6	16	15	27	8713	4	17	3	1	16	20	610
265	6384	1.169162	0.0062384698	10	23	13	12	0/6/9/2/7	15	15	27	8750	4	16	3	1	16	20	608
266	6408	1.168719	0.0062336075	-5	16	21	11	4/6/8/3/3	15	15	27	8769	4	16	3	1	16	20	609
267	6432	1.168278	0.0062287558	-1	18	19	11	3/2/13/5/1	16	15	27	8765	4	16	3	1	16	20	609
268	6456	1.167839	0.0062239146	2	16	14	18	2/7/7/3/5	16	15	27	8772	4	16	3	1	16	20	609
269	6480	1.167401	0.006219084	-11	11	22	15	4/8/8/3/1	16	15	27	8732	4	17	3	1	17	21	607
270	6504	1.166965	0.0062142638	-11	10	21	17	4/8/8/3/1	16	15	27	8772	4	16	2	1	17	21	604
271	6528	1.166531	0.0062094542	3	18	15	15	1/8/7/3/5	16	15	27	8761	4	16	2	1	17	22	605
272	6552	1.166099	0.006204655	4	19	15	14	2/5/8/5/4	16	15	27	8746	4	16	2	1	17	22	604
273	6576	1.165669	0.0061998663	3	19	16	13	3/7/5/2/7	16	15	27	8735	4	16	2	1	17	22	603
274	6600	1.165240	0.006195088	3	20	17	11	2/6/7/5/4	16	15	27	8724	4	16	2	1	17	22	604
275	6624	1.164813	0.0061903202	8	20	12	16	2/3/7/9/3	16	15	28	8695	4	16	2	1	18	21	606
276	6648	1.164387	0.0061855628	-2	15	17	16	5/5/4/7/3	16	15	28	8687	4	16	2	1	18	21	605
277	6672	1.163964	0.0061808158	-2	19	21	8	4/4/10/2/4	16	15	28	8680	4	16	2	1	18	21	606
278	6696	1.163542	0.0061760793	5	20	15	13	2/4/9/5/4	16	15	27	8698	4	15	3	1	18	22	605
279	6720	1.163121	0.006171353	-8	15	23	10	4/7/9/1/3	16	15	28	8669	4	15	2	1	18	22	603
280	6744	1.162702	0.0061666372	-6	16	22	10	5/3/10/5/1	16	15	28	8647	4	15	2	1	19	22	604
281	6768	1.162285	0.0061619317	-7	13	20	15	1/9/11/2/1	16	15	28	8673	4	15	2	1	18	23	606
282	6792	1.161870	0.0061572365	-4	15	19	14	3/7/7/5/2	16	15	28	8687	4	15	2	1	19	23	605
283	6816	1.161456	0.0061525516	9	24	15	9	2/5/7/2/8	16	16	28	8654	4	16	2	1	18	24	607
284	6840	1.161044	0.006147877	-3	16	19	13	4/5/7/6/2	16	15	28	8665	4	16	1	1	18	24	608
285	6864	1.160633	0.0061432127	-8	12	20	16	5/5/8/5/1	16	15	28	8636	4	15	2	1	18	24	606
286	6888	1.160224	0.0061385587	2	18	16	14	2/5/10/3/4	16	15	28	8643	4	15	2	1	18	24	606
287	6912	1.159816	0.0061339149	13	24	11	13	2/1/7/10/4	16	16	28	8691	4	16	1	1	18	24	603
288	6936	1.159411	0.0061292813	-6	16	22	10	6/3/9/3/3	16	16	28	8713	4	16	2	1	18	24	602
289	6960	1.159006	0.0061246579	5	20	15	13	2/3/10/6/3	16	16	28	8731	5	15	2	1	18	24	603
290	6984	1.158603	0.0061200447	14	25	11	12	2/2/7/6/7	16	15	27	8680	4	16	1	1	19	23	606
291	7008	1.158202	0.0061154416	10	22	12	14	0/1/14/7/2	16	15	28	8716	5	17	2	1	18	23	609
292	7032	1.157802	0.0061108487	-3	15	18	15	3/5/10/4/2	16	15	27	8705	5	17	2	1	18	23	608
293	7056	1.157404	0.0061062659	2	15	13	20	0/8/9/4/3	16	15	27	8698	5	16	1	1	18	23	608
294	7080	1.157007	0.0061016932	-8	13	21	14	5/6/7/4/2	16	15	28	8669	4	17	1	1	17	23	607
295	7104	1.156611	0.0060971306	4	17	13	18	3/4/5/10/2	16	15	28	8684	4	17	1	1	18	23	606
296	7128	1.156217	0.006092578	7	20	13	15	1/4/9/7/3	16	15	27	8658	5	17	2	1	18	23	607
297	7152	1.155825	0.0060880355	2	17	15	16	2/5/9/5/3	16	15	27	8666	5	17	1	1	18	23	607
298	7176	1.155434	0.006083503	-5	14	19	15	2/5/14/2/1	16	15	27	8684	5	17	2	1	18	23	608
299	7200	1.155044	0.0060789805	-3	17	20	11	4/5/7/6/2	16	15	27	8673	4	17	2	1	18	23	607
300	7224	1.154656	0.006074468	3	18	15	15	0/6/12/3/3	16	15	27	8684	4	17	2	1	18	23	608
301	7248	1.154269	0.0060699654	7	23	16	9	3/3/8/4/6	17	15	27	8658	4	18	2	1	17	23	610
302	7272	1.153884	0.0060654727	-2	15	17	16	2/6/9/6/1	16	15	28	8666	4	18	2	1	17	23	609
303	7296	1.153500	0.00606099	-5	13	18	17	2/8/8/5/1	16	15	28	8684	4	17	2	1	18	22	610
304	7320	1.153118	0.0060565171	12	25	13	10	1/3/9/5/6	16	15	28	8641	5	18	1	1	18	23	607
305	7344	1.152737	0.0060520541	3	18	15	15	3/2/10/7/2	16	15	28	8651	5	18	1	1	18	23	608
306	7368	1.152357	0.006047601	7	24	17	7	4/2/7/5/6	16	15	28	8626	5	18	1	1	19	24	610
307	7392	1.151978	0.0060431577	3	19	16	13	2/5/8/6/3	16	15	28	8637	5	18	1	1	18	23	610
308	7416	1.151601	0.0060387241	4	20	16	12	2/4/9/6/3	16	15	28	8651	5	18	0	1	18	23	611
309	7440	1.151225	0.0060343003	-4	14	18	16	6/3/5/9/1	16	15	28	8637	5	18	1	1	18	23	612
310	7464	1.150851	0.0060298863	-5	16	21	11	5/5/8/2/4	16	15	28	8619	5	18	1	1	18	24	613
311	7488	1.150478	0.006025482	12	22	10	16	1/2/9/8/4	16	15	28	8577	4	19	0	1	18	23	611
312	7512	1.150106	0.0060210874	5	22	17	9	4/2/8/5/5	16	15	28	8594	4	19	1	1	18	23	610
313	7536	1.149736	0.0060167025	3	17	14	17	1/5/9/8/1	16	15	28	8605	4	20	1	1	18	23	609
314	7560	1.149367	0.0060123273	8	22	14	12	1/3/11/5/4	16	15	29	8577	5	20	1	1	17	23	611
315	7584	1.148999	0.0060079617	2	18	16	14	3/6/6/4/5	16	15	29	8570	5	20	1	1	17	22	610
316	7608	1.148632	0.0060036057	8	18	10	20	2/4/7/6/5	16	15	29	8598	5	20	1	1	18	22	608
317	7632	1.148267	0.0059992592	-1	18	19	11	6/3/6/4/5	16	15	29	8594	5	20	1	1	18	22	609
318	7656	1.147903	0.0059949224	0	19	19	10	3/4/10/4/3	16	15	29	8594	5	20	1	1	18	22	609
319	7680	1.147540	0.005990595	3	19	16	13	3/4/8/5/4	16	15	29	8584	5	20	1	1	18	22	609
320	7704	1.147178	0.0059862772	1	18	17	13	3/2/13/3/3	16	15	29	8587	5	21	1	1	18	22	609
321	7728	1.146818	0.0059819689	4	16	12	20	3/4/7/6/4	16	15	29	8573	5	20	1	1	18	21	608
322	7752	1.146459	0.00597767	-2	14	16	18	4/2/12/4/2	16	15	29	8580	5	20	1	1	18	21	608
323	7776	1.146101	0.0059733806	-2	18	20	10	4/6/7/2/5	16	15	29	8587	5	20	1	1	17	21	608
324	7800	1.145744	0.0059691006	4	21	17	10	2/3/11/5/3	16	15	29	8601	5	21	1	1	17	21	607
325	7824	1.145389	0.00596483	-3	14	17	17	1/5/14/4/0	16	15	29	8591	5	20	1	1	17	21	608
326	7848	1.145035	0.0059605687	1	17	16	15	3/5/6/8/2	16	15	29	8587	5	20	1	1	17	21	608
327	7872	1.144681	0.0059563168	1	18	17	13	2/7/6/6/3	16	15	29	8591	5	20	1	1	17	21	608
328	7896	1.144330	0.0059520743	1	17	16	15	1/6/10/5/2	16	15	29	8594	5	20	1	1	17	21	607
329	7920	1.143979	0.005947841	-1	17	18	13	2/8/7/3/4	16	15	29	8591	5	20	1	1	17	21	607
330	7944	1.143629	0.0059436169	-6	15	21	12	2/7/12/1/2	16	15	29	8570	5	20	0	1	17	21	608
331	7968	1.143281	0.0059394022	-6	13	19	16	3/5/12/3/1	16	15	29	8549	5	20	0	1	18	20	610
332	7992	1.142934	0.0059351966	8	20	12	16	2/3/9/5/5	16	15	29	8521	5	20	1	1	18	21	611
333	8016	1.142588	0.0059310003	-3	17	20	11	3/5/9/6/1	16	15	29	8532	5	20	1	1	18	21	611
334	8040	1.142243	0.0059268131	2	18	16	14	1/5/10/7/1	16	15	29	8525	5	20	1	1	18	21	610
335	8064	1.141899	0.005922635	-12	12	24	12	7/5/6/5/1	16	15	28	8566	5	21	1	1	19	20	608
336	8088	1.141556	0.0059184661	8	20	12	16	1/4/9/6/4	16	15	28	8539	5	20	2	1	19	21	606
337	8112	1.141215	0.0059143063	-5	11	16	21	1/8/10/5/0	16	15	28	8556	5	20	2	1	20	21	607
338	8136	1.140874	0.0059101555	-2	15	17	16	3/2/14/4/1	16	15	28	8549	5	21	2	1	20	21	607
339	8160	1.140535	0.0059060138	4	21	17	10	3/3/10/3/5	16	15	28	8535	5	20	1	1	20	21	608
340	8184	1.140197	0.0059018811	8	22	14	12	2/4/8/4/6	16	15	28	8508	5	21	1	1	20	21	609
341	8208	1.139859	0.0058977574	3	19	16	13	2/7/6/4/5	16	15	28	8497	5	21	1	1	20	21	609
342	8232	1.139523	0.0058936427	5	20	15	13	3/4/6/7/4	16	15	28	8515	5	21	1	1	20	22	610
343	8256	1.139188	0.0058895369	10	24	14	10	0/6/8/4/6	16	15	28	8480	5	22	0	1	20	21	608
344	8280	1.138854	0.00588544	4	18	14	16	2/4/10/4/4	16	15	28	8466	5	22	0	1	20	21	607
345	8304	1.138521	0.0058813521	-7	14	21	13	3/6/11/3/1	16	15	28	8442	5	22	1	1	20	21	605
346	8328	1.138190	0.005877273	3	18	15	15	0/7/9/6/2	16	15	27	8432	5	22	1	1	21	22	605
347	8352	1.137859	0.0058732028	0	16	16	16	5/1/9/7/2	16	15	27	8432	5	22	1	1	21	22	605
348	8376	1.137529	0.0058691413	-4	16	20	12	3/4/14/0/3	16	15	27	8446	5	22	1	1	20	21	605
349	8400	1.137200	0.0058650887	-7	14	21	13	6/3/8/6/1	16	15	28	8422	5	23	1	1	20	22	607
350	8424	1.136873	0.0058610449	5	18	13	17	1/5/10/4/4	16	15	28	8439	5	23	1	1	20	22	608
351	8448	1.136546	0.0058570097	-7	12	19	17	5/4/10/3/2	16	15	28	8415	5	23	1	1	21	22	609
352	8472	1.136221	0.0058529834	-16	10	26	12	6/7/8/3/0	16	15	28	8470	5	22	0	1	20	23	613
353	8496	1.135896	0.0058489657	4	19	15	14	0/5/11/7/1	16	15	28	8483	5	22	1	1	20	23	612
354	8520	1.135572	0.0058449567	1	18	17	13	5/4/6/3/6	16	15	28	8480	5	22	1	1	20	23	612
355	8544	1.135250	0.0058409563	1	19	18	11	3/4/9/5/3	16	15	28	8483	5	22	1	1	20	23	612
356	8568	1.134928	0.0058369645	8	24	16	8	2/3/10/3/6	16	15	28	8456	5	22	0	1	19	24	614
357	8592	1.134608	0.0058329814	4	18	14	16	3/2/9/8/2	16	15	28	8443	5	22	0	1	19	24	613
358	8616	1.134288	0.0058290068	-7	13	20	15	2/8/10/3/1	16	15	28	8419	5	22	1	1	19	24	611
359	8640	1.133969	0.0058250408	-4	15	19	14	6/3/7/5/3	16	15	28	8432	5	22	1	1	20	24	612
360	8664	1.133652	0.0058210833	4	20	16	12	4/2/7/8/3	16	16	28	8446	5	22	1	1	19	24	611
361	8688	1.133335	0.0058171343	9	24	15	9	2/3/8/6/5	16	16	28	8416	5	22	0	1	19	24	613
362	8712	1.133019	0.0058131938	4	18	14	16	1/7/7/5/4	16	16	28	8402	5	22	0	1	19	24	612
363	8736	1.132705	0.0058092617	2	20	18	10	3/3/11/3/4	16	16	28	8395	5	22	0	1	19	24	613
364	8760	1.132391	0.005805338	1	19	18	11	2/8/6/3/5	16	16	28	8392	5	22	0	1	19	24	613
365	8784	1.132078	0.0058014228	-2	15	17	16	4/3/10/5/2	16	16	28	8399	5	22	0	1	19	24	613
366	8808	1.131766	0.0057975159	-7	13	20	15	4/5/10/4/1	16	16	28	8375	5	23	0	1	19	24	615
367	8832	1.131455	0.0057936173	8	22	14	12	4/2/7/4/7	16	16	28	8348	5	22	0	1	20	23	616
368	8856	1.131145	0.0057897271	-4	15	19	14	5/3/9/5/2	16	16	28	8335	5	22	0	1	20	23	617
369	8880	1.130836	0.0057858452	4	19	15	14	1/3/12/7/1	16	16	28	8348	5	22	0	1	20	24	618
370	8904	1.130528	0.0057819716	9	23	14	11	2/5/6/4/7	16	16	28	8318	5	23	0	1	20	24	620
371	8928	1.130220	0.0057781062	0	17	17	14	5/4/5/6/4	16	16	28	8318	5	23	0	1	20	24	620
372	8952	1.129914	0.0057742491	3	21	18	9	4/2/10/3/5	16	16	28	8328	5	23	0	1	19	24	620
373	8976	1.129608	0.0057704001	2	17	15	16	4/2/8/8/2	16	16	28	8335	5	23	0	1	20	24	620
374	9000	1.129304	0.0057665594	-3	18	21	9	4/2/12/5/1	16	16	28	8345	5	23	0	1	20	24	621
375	9024	1.129000	0.0057627267	2	19	17	12	2/6/7/6/3	16	16	28	8338	5	23	0	1	20	24	621
376	9048	1.128697	0.0057589023	-12	13	25	10	9/2/6/6/1	16	16	28	8378	5	23	-1	1	20	25	619
377	9072	1.128395	0.0057550859	-8	13	21	14	4/8/6/4/2	16	16	28	8405	5	23	-1	1	20	25	620
378	9096	1.128094	0.0057512776	6	16	10	22	0/7/7/7/3	16	16	28	8425	5	23	-1	1	20	25	619
379	9120	1.127794	0.0057474774	4	20	16	12	1/3/14/3/3	16	16	28	8438	5	23	-1	1	21	25	618
380	9144	1.127495	0.0057436852	-5	13	18	17	2/8/8/5/1	16	16	28	8421	5	23	-1	1	20	25	617
381	9168	1.127196	0.005739901	-1	14	15	19	2/5/9/8/0	16	16	28	8418	5	23	-1	1	20	25	617
382	9192	1.126899	0.0057361248	-2	16	18	14	2/7/8/5/2	16	16	28	8411	5	23	-1	1	20	25	616
383	9216	1.126602	0.0057323565	-10	10	20	18	3/9/7/5/0	16	16	28	8378	5	24	-2	1	21	26	614
384	9240	1.126306	0.0057285962	-7	14	21	13	3/7/9/4/1	16	16	28	8401	5	24	-1	1	21	25	613
385	9264	1.126011	0.0057248439	-10	11	21	16	6/4/9/4/1	16	16	28	8434	5	24	-1	1	22	26	615
386	9288	1.125717	0.0057210994	-3	15	18	15	1/7/11/4/1	16	16	28	8444	5	24	-1	1	22	26	616
387	9312	1.125423	0.0057173627	-9	14	23	11	6/4/9/3/2	16	16	28	8415	5	23	0	1	22	26	614
388	9336	1.125131	0.005713634	6	20	14	14	3/2/8/8/3	16	16	28	8434	5	23	-1	1	22	26	613
389	9360	1.124839	0.005709913	-8	12	20	16	3/7/11/1/2	17	16	28	8408	5	23	-1	1	21	26	614
390	9384	1.124548	0.0057061998	3	18	15	15	3/4/7/7/3	17	16	28	8418	5	24	-1	1	21	25	614
391	9408	1.124258	0.0057024945	3	20	17	11	1/6/9/5/3	17	16	28	8408	5	23	-1	1	21	26	614
392	9432	1.123969	0.0056987968	-2	16	18	14	4/4/10/2/4	17	16	28	8415	5	23	-1	1	21	25	614
393	9456	1.123680	0.0056951069	3	16	13	19	1/7/6/8/2	17	16	28	8425	5	24	-1	1	22	26	613
394	9480	1.123393	0.0056914247	-5	15	20	13	4/5/10/2/3	17	16	28	8441	5	23	-1	1	21	25	612
395	9504	1.123106	0.0056877502	0	16	16	16	3/5/7/7/2	17	16	28	8441	5	23	-1	1	21	25	612
396	9528	1.122820	0.0056840833	-7	17	24	7	3/3/16/2/0	17	16	28	8418	5	24	-2	1	22	26	611
397	9552	1.122535	0.005680424	-2	14	16	18	2/8/7/4/3	17	16	28	8425	5	24	-1	1	22	26	611
398	9576	1.122250	0.0056767724	1	18	17	13	4/4/6/7/3	17	16	28	8421	5	24	-1	1	22	26	611
399	9600	1.121966	0.0056731284	-1	17	18	13	5/1/9/8/1	17	16	28	8425	5	24	-1	1	22	26	611
400	9624	1.121683	0.0056694919	-3	17	20	11	4/6/8/1/5	17	16	28	8415	5	24	-1	1	21	26	612
401	9648	1.121401	0.005665863	4	20	16	12	5/2/4/10/3	17	16	28	8428	5	23	-1	1	22	26	613
402	9672	1.121120	0.0056622415	-4	14	18	16	3/6/8/6/1	17	16	28	8441	5	24	-1	1	22	25	612
403	9696	1.120839	0.0056586276	11	22	11	15	2/2/9/5/6	17	16	28	8477	5	24	-1	1	21	26	609
404	9720	1.120560	0.0056550212	7	21	14	13	2/5/6/6/5	17	16	28	8499	5	24	0	1	21	26	611
405	9744	1.120281	0.0056514222	4	18	14	16	2/2/11/8/1	17	16	28	8512	5	24	-1	1	21	25	610
406	9768	1.120002	0.0056478306	4	19	15	14	2/2/12/6/2	17	16	28	8499	5	24	0	1	21	25	609
407	9792	1.119725	0.0056442464	5	18	13	17	0/5/11/6/2	17	16	28	8483	5	25	0	1	21	25	610
408	9816	1.119448	0.0056406696	-7	14	21	13	6/6/4/5/3	16	16	28	8506	5	24	0	1	20	25	609
409	9840	1.119172	0.0056371002	-6	15	21	12	5/5/6/7/1	17	16	28	8525	5	25	-1	1	21	26	610
410	9864	1.118896	0.0056335381	8	21	13	14	2/2/10/6/4	16	16	28	8551	5	25	-1	1	20	26	612
411	9888	1.118622	0.0056299834	-2	16	18	14	1/6/13/2/2	16	16	28	8557	5	25	-1	1	20	26	612
412	9912	1.118348	0.0056264359	-5	14	19	15	3/5/11/4/1	16	16	28	8573	5	25	-2	1	20	26	613
413	9936	1.118075	0.0056228957	10	24	14	10	2/4/6/6/6	16	16	28	8606	5	24	-2	1	21	27	615
414	9960	1.117802	0.0056193627	2	17	15	16	1/7/7/7/2	16	16	28	8612	5	24	-2	1	21	27	615
415	9984	1.117531	0.005615837	-3	15	18	15	4/4/10/3/3	16	16	28	8602	5	24	-2	1	21	26	615
416	10008	1.117260	0.0056123185	5	19	14	15	4/2/5/11/2	16	16	28	8586	5	24	-2	1	21	27	614
417	10032	1.116990	0.0056088071	1	17	16	15	2/5/9/6/2	16	16	28	8590	5	24	-2	1	21	27	614
418	10056	1.116720	0.0056053029	0	17	17	14	4/5/5/7/3	16	16	28	8590	5	24	-2	1	21	27	614
419	10080	1.116451	0.0056018059	5	20	15	13	1/6/7/7/3	16	16	28	8606	5	24	-2	1	21	26	613
420	10104	1.116183	0.005598316	4	20	16	12	3/3/9/5/4	16	16	28	8593	5	24	-2	1	21	26	614
421	10128	1.115916	0.0055948331	7	20	13	15	3/1/8/10/2	16	16	28	8570	5	24	-2	1	21	26	615
422	10152	1.115649	0.0055913574	1	18	17	13	2/4/12/3/3	16	16	28	8567	5	24	-2	1	21	26	615
423	10176	1.115383	0.0055878887	-5	13	18	17	4/7/5/6/2	16	16	28	8583	5	25	-2	1	21	26	614
424	10200	1.115117	0.005584427	-10	10	20	18	5/7/5/7/0	16	16	28	8615	5	25	-1	1	21	26	616
425	10224	1.114853	0.0055809723	1	14	13	21	1/7/7/8/1	16	16	28	8612	5	25	-1	1	20	26	616
426	10248	1.114589	0.0055775247	9	22	13	13	2/3/7/8/4	17	16	28	8583	5	26	-1	1	20	25	618
427	10272	1.114326	0.005574084	1	18	17	13	3/3/11/4/3	17	16	28	8580	5	25	-1	1	20	25	618
428	10296	1.114063	0.0055706502	0	17	17	14	2/7/7/5/3	17	16	28	8580	5	25	-1	1	20	25	618
429	10320	1.113801	0.0055672234	9	23	14	11	0/4/11/5/4	16	16	28	8609	5	26	0	1	20	25	617
430	10344	1.113540	0.0055638034	-6	16	22	10	5/4/9/4/2	17	16	28	8590	5	26	0	1	20	25	615
431	10368	1.113279	0.0055603904	-7	12	19	17	2/8/10/3/1	17	16	28	8612	5	26	0	1	20	24	614
432	10392	1.113019	0.0055569842	-7	14	21	13	3/9/7/2/3	17	16	28	8590	5	26	0	1	21	24	615
433	10416	1.112760	0.0055535848	4	19	15	14	1/6/9/4/4	17	16	28	8577	5	26	0	1	20	24	615
434	10440	1.112501	0.0055501923	1	18	17	13	2/5/10/4/3	17	16	28	8574	5	26	0	1	20	24	614
435	10464	1.112243	0.0055468066	3	20	17	11	1/3/14/4/2	17	16	28	8583	5	26	0	1	20	23	614
436	10488	1.111986	0.0055434276	-3	17	20	11	3/4/12/3/2	17	16	28	8574	5	26	0	1	20	24	614
437	10512	1.111729	0.0055400554	-6	15	21	12	6/3/9/3/3	17	16	28	8593	5	26	0	1	20	23	616
438	10536	1.111473	0.00553669	-2	16	18	14	3/5/8/7/1	17	16	28	8599	5	26	0	1	20	23	615
439	10560	1.111218	0.0055333312	-5	17	22	9	4/5/9/4/2	17	16	28	8583	5	26	-1	1	20	24	614
440	10584	1.110963	0.0055299792	0	17	17	14	3/4/10/4/3	17	16	28	8583	5	26	-1	1	20	24	614
441	10608	1.110709	0.0055266338	6	17	11	20	2/3/9/7/3	17	16	29	8564	5	26	-1	1	21	24	613
442	10632	1.110455	0.0055232951	5	18	13	17	3/4/7/5/5	17	16	29	8580	5	26	-1	1	21	24	612
443	10656	1.110203	0.005519963	3	18	15	15	5/2/6/7/4	17	16	29	8590	5	26	-1	1	21	24	611
444	10680	1.109950	0.0055166376	3	18	15	15	3/4/6/9/2	17	16	29	8580	5	26	-1	1	21	24	612
445	10704	1.109699	0.0055133187	-2	18	20	10	5/1/10/7/1	17	16	29	8574	5	26	-1	1	21	24	612
446	10728	1.109448	0.0055100064	-6	13	19	16	4/2/15/2/1	17	16	29	8555	5	26	-1	1	21	24	611
447	10752	1.109197	0.0055067007	-2	18	20	10	4/5/7/5/3	17	16	29	8561	5	26	-1	1	21	23	611
448	10776	1.108948	0.0055034015	2	18	16	14	4/3/7/7/3	16	16	29	8555	5	26	-1	1	21	23	610
449	10800	1.108698	0.0055001088	10	22	12	14	2/2/10/4/6	16	16	29	8524	5	27	-1	1	20	23	608
450	10824	1.108450	0.0054968226	11	24	13	11	1/3/9/6/5	16	16	29	8490	5	26	-1	1	21	22	606
451	10848	1.108202	0.0054935429	-7	12	19	17	5/5/8/4/2	16	16	29	8468	5	26	-1	1	20	22	605
452	10872	1.107955	0.0054902696	-6	12	18	18	4/5/9/5/1	16	16	29	8449	5	26	-2	1	21	22	604
453	10896	1.107708	0.0054870028	-9	15	24	9	4/5/12/2/1	16	16	29	8477	5	26	-2	1	20	22	602
454	10920	1.107462	0.0054837424	4	19	15	14	1/6/9/4/4	16	16	29	8465	5	26	-2	1	20	22	601
455	10944	1.107216	0.0054804884	8	21	13	14	2/3/8/7/4	16	16	29	8440	5	26	-3	2	21	22	603
456	10968	1.106971	0.0054772407	-6	15	21	12	6/2/10/4/2	16	16	29	8458	5	25	-2	1	21	23	602
457	10992	1.106727	0.0054739995	6	19	13	16	1/6/8/4/5	17	16	29	8477	5	25	-3	2	21	23	600
458	11016	1.106483	0.0054707645	8	21	13	14	0/4/13/2/5	16	16	29	8502	5	25	-3	1	21	23	602
459	11040	1.106240	0.0054675359	-1	16	17	15	1/5/13/4/1	16	16	29	8499	5	24	-3	1	21	23	602
460	11064	1.105997	0.0054643136	0	20	20	8	4/3/9/5/3	16	16	29	8499	5	24	-3	1	21	23	602
461	11088	1.105755	0.0054610976	-6	12	18	18	3/7/8/5/1	16	16	29	8517	5	25	-3	2	21	23	601
462	11112	1.105514	0.0054578878	3	22	19	7	0/3/17/2/2	16	16	29	8527	5	25	-3	1	21	23	602
463	11136	1.105273	0.0054546843	-3	16	19	13	3/5/11/2/3	16	16	29	8517	5	25	-3	1	21	23	601
464	11160	1.105033	0.005451487	6	20	14	14	1/4/10/6/3	16	16	29	8536	5	25	-3	1	20	23	600
465	11184	1.104793	0.0054482959	1	20	19	9	3/3/11/4/3	16	16	29	8533	5	25	-3	1	20	23	600
466	11208	1.104554	0.005445111	-4	15	19	14	3/8/7/2/4	16	16	28	8545	5	25	-3	1	20	23	601
467	11232	1.104315	0.0054419322	3	20	17	11	2/6/7/5/4	16	16	28	8536	5	25	-3	1	20	23	600
468	11256	1.104077	0.0054387597	-5	14	19	15	4/6/7/5/2	16	16	28	8520	5	25	-3	1	20	23	599
469	11280	1.103840	0.0054355932	4	17	13	18	0/7/8/7/2	16	16	28	8508	5	25	-3	1	21	23	600
470	11304	1.103603	0.0054324329	-9	12	21	15	5/6/8/3/2	16	16	28	8536	5	25	-4	2	20	22	601
471	11328	1.103366	0.0054292786	-5	15	20	13	2/6/11/5/0	16	16	28	8520	5	25	-4	2	20	23	600
472	11352	1.103131	0.0054261305	-4	17	21	10	4/4/10/4/2	16	16	28	8533	5	25	-4	2	21	23	601
473	11376	1.102895	0.0054229883	-1	16	17	15	2/4/11/7/0	16	16	28	8530	5	25	-4	2	20	23	601
474	11400	1.102661	0.0054198523	5	22	17	9	1/5/10/4/4	16	16	29	8514	5	25	-4	2	20	23	602
475	11424	1.102426	0.0054167222	6	19	13	16	2/3/10/5/4	16	16	29	8496	5	25	-4	2	20	23	604
476	11448	1.102193	0.0054135982	0	16	16	16	3/7/4/7/3	16	16	29	8496	5	25	-4	2	20	23	604
477	11472	1.101960	0.0054104801	-1	17	18	13	1/7/11/2/3	16	16	29	8499	5	25	-4	1	20	24	604
478	11496	1.101727	0.005407368	1	18	17	13	2/6/9/3/4	16	16	29	8496	5	25	-4	2	20	24	604
479	11520	1.101495	0.0054042619	0	17	17	14	3/5/8/5/3	16	16	29	8496	5	25	-4	2	20	24	604
480	11544	1.101264	0.0054011617	-5	14	19	15	4/4/11/3/2	16	16	29	8511	5	25	-4	2	20	24	605
481	11568	1.101033	0.0053980674	-3	14	17	17	4/5/8/4/3	16	16	29	8520	5	24	-5	2	20	24	605
482	11592	1.100802	0.005394979	-2	16	18	14	4/3/10/5/2	16	16	29	8526	5	24	-4	2	19	24	605
483	11616	1.100572	0.0053918965	1	17	16	15	3/4/7/9/1	16	16	29	8523	5	25	-5	2	19	24	606
484	11640	1.100343	0.0053888198	2	15	13	20	1/5/10/7/1	16	16	29	8529	5	24	-4	2	19	24	605
485	11664	1.100114	0.005385749	-1	17	18	13	2/5/11/4/2	16	16	29	8533	5	24	-4	2	19	24	605
486	11688	1.099886	0.005382684	-4	16	20	12	1/7/12/3/1	16	16	29	8545	5	24	-5	2	19	24	604
487	11712	1.099658	0.0053796249	7	22	15	11	2/4/8/5/5	16	16	29	8523	5	24	-4	2	19	24	603
488	11736	1.099430	0.0053765715	4	19	15	14	2/6/6/6/4	16	16	29	8511	5	24	-4	2	19	25	604
489	11760	1.099204	0.0053735239	6	20	14	14	1/5/9/5/4	16	16	28	8529	5	24	-5	2	19	25	605
490	11784	1.098977	0.005370482	-1	17	18	13	4/4/7/7/2	16	16	28	8532	5	24	-5	2	19	25	605
491	11808	1.098751	0.0053674459	3	17	14	17	2/2/13/5/2	16	16	28	8542	5	24	-5	2	19	25	605
492	11832	1.098526	0.0053644155	5	20	15	13	0/4/13/5/2	16	16	28	8526	5	24	-4	2	18	24	604
493	11856	1.098301	0.0053613908	-4	16	20	12	4/4/10/4/2	16	16	28	8539	5	24	-4	2	19	25	603
494	11880	1.098077	0.0053583718	3	19	16	13	2/4/9/7/2	16	16	28	8529	5	24	-5	2	19	24	603
495	11904	1.097853	0.0053553585	2	18	16	14	2/5/8/7/2	16	16	28	8536	5	24	-5	2	19	25	604
496	11928	1.097630	0.0053523508	-3	18	21	9	5/3/10/2/4	16	16	28	8545	5	24	-5	2	19	24	603
497	11952	1.097407	0.0053493488	-8	13	21	14	3/8/9/2/2	16	16	28	8569	5	23	-5	2	18	24	602
498	11976	1.097185	0.0053463524	-2	15	17	16	2/8/6/6/2	16	16	29	8575	5	23	-5	2	18	24	601
499	12000	1.096963	0.0053433616	-1	14	15	19	3/6/5/9/1	16	16	29	8578	5	23	-5	2	18	24	601
500	12024	1.096742	0.0053403764	1	22	21	5	4/3/10/2/5	16	16	29	8581	5	24	-5	2	18	24	601
501	12048	1.096521	0.0053373967	11	20	9	19	1/4/6/9/4	16	16	28	8548	5	24	-5	2	19	25	603
502	12072	1.096300	0.0053344226	7	21	14	13	1/6/8/3/6	16	16	28	8569	5	24	-4	2	19	25	604
503	12096	1.096080	0.0053314541	7	18	11	19	0/5/9/8/2	16	16	28	8548	5	23	-4	2	19	25	603
504	12120	1.095861	0.005328491	-12	13	25	10	6/4/11/2/1	16	16	28	8512	5	24	-5	2	19	25	601
505	12144	1.095642	0.0053255335	-9	9	18	21	2/9/9/4/0	16	16	28	8485	5	24	-5	2	20	25	599
506	12168	1.095424	0.0053225815	-6	14	20	14	3/6/11/2/2	16	16	28	8467	5	24	-5	2	20	25	598
507	12192	1.095206	0.0053196349	-3	17	20	11	2/4/14/3/1	16	16	28	8458	5	24	-5	2	20	26	599
508	12216	1.094988	0.0053166938	-4	13	17	18	1/9/9/3/2	16	15	28	8446	5	24	-4	2	20	26	599
509	12240	1.094771	0.0053137582	2	19	17	12	2/5/9/5/3	16	15	28	8440	5	24	-4	2	20	26	599
510	12264	1.094555	0.0053108279	6	21	15	12	4/2/6/8/4	16	15	28	8458	5	24	-4	2	20	26	600
511	12288	1.094338	0.0053079031	-5	14	19	15	3/8/6/5/2	16	15	28	8443	5	24	-4	2	20	26	599
512	12312	1.094123	0.0053049837	-1	17	18	13	1/7/10/4/2	16	15	28	8446	5	24	-4	2	20	26	599
513	12336	1.093908	0.0053020696	-6	14	20	14	3/8/7/4/2	16	15	28	8428	5	24	-5	2	21	27	598
514	12360	1.093693	0.0052991609	5	20	15	13	3/4/6/7/4	16	15	28	8443	5	25	-4	2	21	26	599
515	12384	1.093479	0.0052962576	-3	16	19	13	3/5/11/2/3	16	15	28	8434	5	24	-5	2	21	26	599
516	12408	1.093265	0.0052933596	5	18	13	17	2/5/7/6/4	16	15	28	8419	5	25	-4	2	21	26	600
517	12432	1.093051	0.0052904669	2	18	16	14	3/5/7/5/4	16	15	28	8425	5	25	-4	2	21	26	601
518	12456	1.092839	0.0052875795	5	20	15	13	2/4/9/5/4	16	15	28	8440	5	25	-4	2	21	26	601
519	12480	1.092626	0.0052846973	-4	15	19	14	4/4/11/2/3	16	15	28	8452	5	25	-4	2	21	26	602
520	12504	1.092414	0.0052818205	-12	12	24	12	6/5/9/3/1	16	15	29	8487	5	24	-4	2	20	25	604
521	12528	1.092203	0.0052789489	-12	10	22	16	2/12/7/2/1	16	15	28	8452	5	24	-4	2	20	26	607
522	12552	1.091991	0.0052760825	3	19	16	13	4/4/5/7/4	16	15	28	8461	5	24	-4	2	20	26	606
523	12576	1.091781	0.0052732214	-2	16	18	14	4/3/10/5/2	16	15	28	8455	5	24	-4	2	20	26	606
524	12600	1.091571	0.0052703655	-5	15	20	13	1/9/9/4/1	16	15	28	8470	5	24	-5	2	20	26	606
525	12624	1.091361	0.0052675147	-4	15	19	14	5/3/9/5/2	16	15	28	8458	5	24	-4	2	19	26	606
526	12648	1.091151	0.0052646692	8	23	15	10	0/6/9/4/5	16	15	28	8481	5	24	-4	2	20	25	608
527	12672	1.090943	0.0052618288	-9	11	20	17	2/10/8/3/1	16	15	28	8455	5	25	-4	2	19	26	606
528	12696	1.090734	0.0052589935	-5	17	22	9	7/2/6/7/2	16	15	28	8470	5	25	-3	2	19	26	605
529	12720	1.090526	0.0052561634	-9	12	21	15	6/5/8/2/3	16	15	29	8496	5	25	-4	2	19	26	607
530	12744	1.090318	0.0052533384	6	22	16	10	3/3/7/7/4	16	15	29	8478	5	25	-4	2	18	26	608
531	12768	1.090111	0.0052505185	5	19	14	15	2/4/9/5/4	16	15	29	8493	5	26	-4	2	19	26	609
532	12792	1.089905	0.0052477036	2	18	16	14	4/3/6/9/2	16	15	29	8487	5	25	-4	2	19	26	609
533	12816	1.089698	0.0052448939	5	18	13	17	2/5/6/8/3	16	15	29	8473	5	26	-4	2	18	26	610
534	12840	1.089492	0.0052420892	-8	14	22	12	6/3/10/3/2	16	15	29	8449	5	26	-3	2	18	27	612
535	12864	1.089287	0.0052392896	-2	18	20	10	1/5/14/3/1	16	15	29	8443	5	26	-3	2	18	26	611
536	12888	1.089082	0.005236495	3	18	15	15	1/4/12/5/2	16	15	29	8452	5	26	-3	2	18	27	612
537	12912	1.088877	0.0052337053	-9	14	23	11	4/7/9/2/2	16	15	29	8426	5	26	-4	2	18	27	610
538	12936	1.088673	0.0052309207	4	19	15	14	2/5/7/7/3	16	15	29	8414	5	26	-4	2	18	27	609
539	12960	1.088469	0.0052281411	3	19	16	13	3/3/9/6/3	16	15	29	8405	5	26	-4	2	18	27	610
540	12984	1.088266	0.0052253665	-1	17	18	13	3/6/8/3/4	16	15	29	8403	5	26	-4	2	18	27	610
541	13008	1.088063	0.0052225968	-3	14	17	17	3/4/11/5/1	16	15	29	8411	5	26	-4	2	18	28	611
542	13032	1.087860	0.005219832	-2	18	20	10	4/4/9/4/3	16	15	29	8405	5	26	-4	2	18	27	610
543	13056	1.087658	0.0052170722	-4	17	21	10	5/5/6/5/3	16	15	29	8394	5	26	-4	2	18	27	611
544	13080	1.087456	0.0052143173	12	25	13	10	1/2/12/2/7	15	15	29	8359	5	26	-4	2	17	27	609
545	13104	1.087255	0.0052115673	3	21	18	9	2/5/10/2/5	15	15	29	8350	5	26	-5	2	17	27	609
546	13128	1.087054	0.0052088222	10	23	13	12	1/4/7/8/4	15	15	28	8379	5	27	-4	2	17	27	611
547	13152	1.086854	0.0052060819	2	17	15	16	2/2/14/4/2	15	15	28	8385	5	27	-4	2	17	27	612
548	13176	1.086654	0.0052033465	-3	17	20	11	2/4/14/3/1	15	15	28	8376	5	27	-4	2	17	27	611
549	13200	1.086454	0.005200616	6	21	15	12	2/5/6/7/4	15	15	29	8394	5	27	-4	1	17	27	612
550	13224	1.086255	0.0051978902	5	20	15	13	3/3/7/8/3	16	15	29	8379	5	27	-4	1	17	27	613
551	13248	1.086056	0.0051951693	-7	12	19	17	2/9/9/2/2	16	15	28	8359	5	27	-3	1	17	27	612
552	13272	1.085857	0.0051924532	-4	16	20	12	1/8/10/4/1	16	15	28	8371	5	27	-3	1	17	27	612
553	13296	1.085659	0.0051897419	0	19	19	10	2/4/13/2/3	16	15	28	8371	5	27	-3	1	17	27	612
554	13320	1.085461	0.0051870354	7	21	14	13	1/3/12/4/4	15	16	28	8391	5	26	-4	1	17	28	611
555	13344	1.085264	0.0051843336	-5	15	20	13	4/5/9/4/2	15	15	28	8376	5	26	-3	1	17	28	610
556	13368	1.085067	0.0051816366	-13	13	26	9	7/4/9/3/1	15	15	28	8414	5	25	-3	1	17	28	613
557	13392	1.084870	0.0051789443	2	19	17	12	2/6/9/2/5	15	15	28	8420	5	25	-3	1	17	29	613
558	13416	1.084674	0.0051762567	7	21	14	13	1/5/9/4/5	15	15	28	8440	5	26	-3	1	18	28	612
559	13440	1.084478	0.0051735738	3	17	14	17	2/6/6/7/3	15	15	28	8448	5	26	-3	1	18	28	611
560	13464	1.084283	0.0051708956	9	21	12	15	2/3/8/6/5	15	15	28	8423	5	25	-3	1	18	28	610
561	13488	1.084088	0.0051682222	0	18	18	12	4/5/7/3/5	15	15	28	8423	5	25	-3	1	18	28	610
562	13512	1.083893	0.0051655533	-2	17	19	12	3/5/9/5/2	15	16	28	8417	5	25	-3	1	17	28	610
563	13536	1.083699	0.0051628891	9	23	14	11	1/4/8/7/4	15	15	28	8443	5	25	-4	1	18	27	612
564	13560	1.083505	0.0051602296	0	14	14	20	0/6/13/4/1	15	15	28	8443	5	25	-4	1	18	27	612
565	13584	1.083312	0.0051575747	2	19	17	12	3/4/8/6/3	15	15	28	8437	5	25	-4	1	18	27	612
566	13608	1.083119	0.0051549244	1	17	16	15	2/5/10/4/3	15	15	28	8440	5	25	-4	1	18	27	612
567	13632	1.082926	0.0051522787	1	15	14	19	1/6/9/7/1	15	15	28	8443	5	25	-4	1	18	27	612
568	13656	1.082733	0.0051496376	1	19	18	11	3/5/7/6/3	15	15	28	8440	5	25	-4	1	18	27	612
569	13680	1.082541	0.0051470011	0	15	15	18	2/3/14/3/2	15	15	28	8440	5	25	-4	1	18	27	612
570	13704	1.082350	0.0051443691	1	19	18	11	4/4/8/3/5	15	15	28	8443	5	25	-4	1	18	27	613
571	13728	1.082159	0.0051417417	-1	16	17	15	1/7/10/4/2	15	15	28	8440	5	25	-4	1	18	27	612
572	13752	1.081968	0.0051391189	-4	14	18	16	2/8/9/2/3	15	15	28	8428	5	25	-4	1	18	28	613
573	13776	1.081777	0.0051365005	1	18	17	13	2/5/9/6/2	15	15	28	8431	5	25	-4	1	18	28	613
574	13800	1.081587	0.0051338867	-6	15	21	12	6/1/11/5/1	15	15	28	8414	5	25	-4	1	18	28	612
575	13824	1.081397	0.0051312773	-6	14	20	14	4/6/7/6/1	15	16	28	8397	5	25	-4	1	18	28	611
576	13848	1.081208	0.0051286725	7	21	14	13	1/5/7/8/3	15	16	28	8377	5	25	-3	1	17	27	612
577	13872	1.081019	0.0051260721	0	17	17	14	5/0/10/8/1	15	16	28	8377	5	25	-3	1	17	27	612
578	13896	1.080830	0.0051234762	2	20	18	10	1/6/10/4/3	15	16	28	8371	5	25	-4	1	17	27	612
579	13920	1.080642	0.0051208847	-4	16	20	12	5/4/8/4/3	15	16	28	8383	5	25	-3	1	18	28	612
580	13944	1.080454	0.0051182977	3	18	15	15	2/4/10/5/3	15	16	28	8374	5	25	-3	1	18	27	611
581	13968	1.080266	0.0051157151	-5	13	18	17	3/6/10/3/2	15	16	28	8388	5	25	-3	1	18	27	612
582	13992	1.080079	0.0051131369	-9	10	19	19	3/8/10/1/2	16	16	28	8363	5	24	-3	1	18	27	611
583	14016	1.079892	0.0051105631	4	17	13	18	1/4/11/6/2	15	16	28	8352	5	25	-4	1	18	27	610
584	14040	1.079705	0.0051079937	3	19	16	13	3/4/9/3/5	15	16	28	8343	5	25	-4	1	18	27	610
585	14064	1.079519	0.0051054287	-4	15	19	14	6/4/5/6/3	15	16	28	8355	5	25	-4	1	18	27	610
586	14088	1.079333	0.005102868	5	19	14	15	1/3/14/2/4	15	16	28	8369	5	25	-4	1	18	27	609
587	14112	1.079147	0.0051003117	-3	14	17	17	3/4/10/7/0	15	16	28	8377	5	25	-4	1	18	27	609
588	14136	1.078962	0.0050977597	3	18	15	15	3/4/8/5/4	16	16	28	8386	5	25	-4	1	18	27	609
589	14160	1.078777	0.005095212	7	19	12	17	2/6/5/5/6	15	16	28	8366	5	25	-3	1	19	27	608
590	14184	1.078593	0.0050926687	0	17	17	14	3/4/9/6/2	15	16	28	8366	5	25	-3	1	19	27	608
591	14208	1.078409	0.0050901297	11	23	12	13	1/5/6/6/6	16	16	28	8397	5	24	-3	1	19	27	606
592	14232	1.078225	0.0050875949	-6	16	22	10	4/6/9/2/3	15	16	29	8414	5	24	-3	1	19	27	607
593	14256	1.078042	0.0050850645	-2	17	19	12	3/3/12/5/1	16	16	29	8419	5	24	-3	1	19	27	606
594	14280	1.077858	0.0050825383	4	20	16	12	4/3/6/7/4	15	16	29	8430	5	24	-3	1	19	27	606
595	14304	1.077676	0.0050800163	-3	17	20	11	5/5/6/4/4	15	16	28	8439	5	24	-3	1	19	27	605
596	14328	1.077493	0.0050774986	2	19	17	12	3/5/8/3/5	15	16	28	8444	5	24	-3	1	19	27	605
597	14352	1.077311	0.0050749852	0	20	20	8	4/3/9/5/3	15	16	28	8444	5	24	-3	1	19	27	605
598	14376	1.077129	0.0050724759	-4	13	17	18	3/6/8/6/1	15	16	28	8456	5	24	-4	1	19	27	606
599	14400	1.076948	0.0050699709	6	19	13	16	2/3/10/5/4	16	16	28	8439	5	24	-4	1	20	28	605
600	14424	1.076767	0.0050674701	8	20	12	16	0/6/8/6/4	15	16	28	8417	5	24	-4	1	20	28	606
601	14448	1.076586	0.0050649734	1	19	18	11	2/4/13/1/4	15	16	28	8419	5	24	-4	1	20	28	606
602	14472	1.076405	0.0050624809	0	15	15	18	2/5/12/1/4	15	16	28	8419	5	24	-4	1	20	28	606
603	14496	1.076225	0.0050599926	4	18	14	16	3/4/7/6/4	15	16	28	8408	5	24	-4	1	20	28	607
604	14520	1.076045	0.0050575084	-1	19	20	9	4/6/6/3/5	15	16	28	8411	5	24	-4	1	20	28	607
605	14544	1.075866	0.0050550284	13	22	9	17	0/6/5/7/6	16	16	29	8375	5	25	-5	1	20	29	605
606	14568	1.075687	0.0050525525	0	17	17	14	3/4/9/6/2	16	16	29	8375	5	25	-5	1	20	29	605
607	14592	1.075508	0.0050500808	-7	17	24	7	6/5/7/2/4	16	16	29	8394	5	24	-5	1	19	29	606
608	14616	1.075330	0.0050476131	-4	14	18	16	3/6/8/6/1	16	16	29	8405	5	25	-5	1	19	29	605
609	14640	1.075151	0.0050451495	-3	14	17	17	3/7/6/6/2	16	16	29	8397	5	24	-5	1	19	29	606
610	14664	1.074973	0.00504269	-6	16	22	10	4/7/7/3/3	16	16	29	8380	5	25	-5	1	19	29	607
611	14688	1.074796	0.0050402346	5	19	14	15	2/8/3/5/6	15	16	29	8366	5	25	-5	1	19	29	606
612	14712	1.074619	0.0050377833	3	20	17	11	2/6/7/5/4	16	16	29	8358	5	25	-5	1	19	29	606
613	14736	1.074442	0.005035336	3	18	15	15	3/4/7/7/3	15	16	29	8366	5	25	-5	1	19	29	606
614	14760	1.074265	0.0050328927	1	18	17	13	2/6/9/3/4	15	16	29	8369	5	25	-5	1	19	29	606
615	14784	1.074089	0.0050304535	10	22	12	14	1/2/9/10/2	16	16	29	8397	5	25	-4	1	18	30	604
616	14808	1.073913	0.0050280182	2	17	15	16	1/6/10/4/3	16	16	29	8391	5	25	-4	1	18	30	604
617	14832	1.073737	0.005025587	-2	16	18	14	5/2/8/8/1	16	16	29	8397	5	25	-4	2	18	30	604
618	14856	1.073562	0.0050231598	-3	15	18	15	2/7/8/6/1	16	16	29	8389	5	25	-4	2	18	30	605
619	14880	1.073387	0.0050207366	-2	15	17	16	3/4/11/4/2	16	16	29	8394	5	25	-4	2	18	30	604
620	14904	1.073212	0.0050183174	6	22	16	10	2/2/11/6/3	15	16	29	8378	5	25	-5	1	18	30	603
621	14928	1.073038	0.0050159021	-10	13	23	12	6/3/10/5/0	16	16	30	8350	5	26	-4	1	18	30	602
622	14952	1.072864	0.0050134907	6	21	15	12	2/2/9/10/1	16	16	30	8367	5	26	-4	1	17	31	601
623	14976	1.072690	0.0050110833	6	23	17	8	3/5/6/3/7	16	16	30	8383	5	26	-4	1	18	31	602
624	15000	1.072517	0.0050086799	-1	19	20	9	3/2/14/3/2	16	16	30	8380	5	26	-4	1	18	31	602
625	15024	1.072343	0.0050062803	3	20	17	11	1/6/10/3/4	16	16	30	8372	5	26	-4	1	18	31	601
626	15048	1.072171	0.0050038847	0	16	16	16	4/5/4/9/2	16	16	30	8372	5	26	-4	1	18	31	601
627	15072	1.071998	0.005001493	5	22	17	9	3/2/11/3/5	16	16	30	8386	5	26	-4	1	17	31	602
628	15096	1.071826	0.0049991052	10	23	13	12	1/3/10/5/5	16	16	30	8358	5	27	-4	1	18	31	604
629	15120	1.071654	0.0049967212	1	22	21	5	3/2/13/3/3	16	16	29	8361	5	27	-4	1	18	31	604
630	15144	1.071482	0.0049943411	3	17	14	17	1/6/10/3/4	16	16	30	8353	5	27	-4	1	18	31	605
631	15168	1.071311	0.0049919649	-15	9	24	15	6/10/3/3/2	16	16	30	8312	6	26	-4	1	17	30	602
632	15192	1.071140	0.0049895925	0	19	19	10	3/2/13/4/2	16	16	30	8312	6	26	-4	1	17	30	602
633	15216	1.070969	0.004987224	6	21	15	12	2/2/10/8/2	15	16	30	8328	6	27	-3	1	17	30	603
634	15240	1.070799	0.0049848593	4	18	14	16	1/7/7/5/4	15	16	30	8317	6	26	-3	1	17	30	604
635	15264	1.070628	0.0049824984	-5	13	18	17	3/8/6/5/2	15	16	30	8331	6	26	-3	1	18	31	603
636	15288	1.070458	0.0049801413	2	19	17	12	2/1/16/3/2	15	16	30	8325	6	26	-3	1	18	31	603
637	15312	1.070289	0.004977788	2	20	18	10	3/4/9/4/4	15	16	30	8331	6	26	-3	1	18	30	604
638	15336	1.070120	0.0049754385	5	19	14	15	2/5/7/6/4	15	16	30	8317	6	26	-3	1	17	30	603
639	15360	1.069951	0.0049730928	-5	14	19	15	2/6/11/5/0	15	16	30	8331	6	26	-4	1	17	30	602
640	15384	1.069782	0.0049707509	-3	12	15	21	3/3/12/6/0	15	16	30	8339	6	26	-3	1	17	31	601
641	15408	1.069613	0.0049684127	2	18	16	14	1/7/9/3/4	15	16	30	8334	6	26	-4	1	17	31	601
642	15432	1.069445	0.0049660782	-7	15	22	11	4/5/10/4/1	15	16	30	8315	6	25	-3	1	18	31	602
643	15456	1.069278	0.0049637475	4	18	14	16	1/6/8/6/3	15	16	30	8326	6	25	-3	1	17	31	601
644	15480	1.069110	0.0049614205	3	18	15	15	1/5/10/6/2	15	16	30	8317	6	25	-3	1	17	31	601
645	15504	1.068943	0.0049590973	2	18	16	14	3/4/8/6/3	15	16	30	8323	6	25	-3	1	18	31	601
646	15528	1.068776	0.0049567777	-7	15	22	11	4/7/8/2/3	16	16	30	8304	6	25	-3	1	18	31	602
647	15552	1.068609	0.0049544619	-2	17	19	12	2/6/10/4/2	16	16	30	8298	6	25	-3	1	18	32	603
648	15576	1.068443	0.0049521497	6	20	14	14	2/4/7/8/3	16	16	30	8315	6	26	-3	1	18	32	604
649	15600	1.068276	0.0049498412	-6	16	22	10	5/4/8/6/1	16	16	30	8331	6	25	-3	1	18	32	605
650	15624	1.068111	0.0049475364	5	20	15	13	1/5/10/4/4	16	16	30	8344	6	25	-3	1	18	32	606
651	15648	1.067945	0.0049452352	1	17	16	15	1/6/10/5/2	16	16	30	8347	6	25	-3	1	18	32	606
652	15672	1.067780	0.0049429377	-4	17	21	10	4/6/8/2/4	16	16	30	8358	6	25	-3	1	18	32	607
653	15696	1.067615	0.0049406439	1	18	17	13	4/4/6/7/3	16	16	30	8361	6	25	-3	1	17	32	607
654	15720	1.067450	0.0049383536	4	21	17	10	2/3/11/5/3	16	16	30	8371	6	25	-3	1	18	32	606
655	15744	1.067286	0.004936067	10	23	13	12	3/5/2/7/7	16	16	30	8398	6	26	-3	1	18	31	608
656	15768	1.067121	0.004933784	-5	13	18	17	4/4/11/3/2	16	16	30	8385	6	26	-4	1	18	31	609
657	15792	1.066957	0.0049315046	-8	11	19	18	5/6/6/6/1	16	16	30	8363	6	25	-3	1	19	32	610
658	15816	1.066794	0.0049292288	5	21	16	11	2/3/11/4/4	16	16	30	8350	6	25	-3	1	19	32	611
659	15840	1.066630	0.0049269566	3	19	16	13	2/3/11/6/2	16	16	30	8342	6	25	-3	1	19	32	611
660	15864	1.066467	0.0049246879	4	20	16	12	3/3/8/7/3	16	16	30	8331	6	25	-3	1	19	32	611
661	15888	1.066305	0.0049224228	-1	18	19	11	3/3/13/2/3	16	16	30	8334	6	25	-3	1	19	32	611
662	15912	1.066142	0.0049201613	0	20	20	8	3/4/10/4/3	16	16	30	8334	6	25	-3	1	19	32	611
663	15936	1.065980	0.0049179033	8	18	10	20	1/6/5/8/4	16	16	30	8312	6	25	-3	1	19	32	609
664	15960	1.065818	0.0049156489	3	21	18	9	4/5/5/4/6	16	16	30	8304	6	25	-3	1	19	32	609
665	15984	1.065656	0.004913398	-2	18	20	10	3/6/8/4/3	16	16	30	8299	6	25	-3	1	19	32	609
666	16008	1.065494	0.0049111506	0	18	18	12	3/6/7/4/4	16	16	30	8299	6	25	-3	1	19	32	609
667	16032	1.065333	0.0049089067	6	22	16	10	3/3/8/5/5	16	16	30	8283	6	24	-3	1	20	32	610
668	16056	1.065172	0.0049066663	5	19	14	15	1/6/8/5/4	16	16	30	8296	6	24	-3	1	19	32	609
669	16080	1.065012	0.0049044295	-5	15	20	13	5/6/5/5/3	16	16	30	8283	6	24	-3	1	20	32	608
670	16104	1.064851	0.004902196	2	19	17	12	3/3/10/5/3	16	16	30	8277	6	24	-3	1	20	32	608
671	16128	1.064691	0.0048999661	-3	16	19	13	3/6/10/1/4	16	16	30	8285	6	24	-3	1	20	32	608
672	16152	1.064531	0.0048977396	2	17	15	16	2/5/10/3/4	16	16	30	8291	6	24	-3	1	19	32	608
673	16176	1.064372	0.0048955166	0	18	18	12	5/2/9/4/4	16	16	30	8291	6	24	-3	1	19	32	608
674	16200	1.064212	0.0048932971	4	19	15	14	0/6/9/8/1	16	16	30	8301	6	24	-3	1	20	32	608
675	16224	1.064053	0.004891081	-8	15	23	10	4/6/10/2/2	16	16	29	8323	6	25	-3	1	19	32	607
676	16248	1.063894	0.0048888683	-2	19	21	8	4/2/12/4/2	16	16	29	8317	6	25	-3	1	19	32	607
677	16272	1.063736	0.004886659	6	21	15	12	2/4/8/6/4	16	16	30	8302	6	25	-2	1	20	32	608
678	16296	1.063577	0.0048844531	0	17	17	14	2/7/7/5/3	16	16	30	8302	6	25	-2	1	20	32	608
679	16320	1.063419	0.0048822507	-5	15	20	13	2/9/8/2/3	16	16	29	8315	6	24	-2	1	19	32	609
680	16344	1.063261	0.0048800516	-1	18	19	11	3/5/9/4/3	16	16	29	8312	6	24	-2	1	19	32	608
681	16368	1.063104	0.0048778559	8	19	11	18	2/0/10/12/0	16	16	29	8291	6	24	-3	1	19	33	610
682	16392	1.062947	0.0048756636	1	19	18	11	5/1/9/6/3	16	16	29	8294	6	24	-3	1	19	33	610
683	16416	1.062789	0.0048734747	-7	13	20	15	4/8/6/3/3	16	16	29	8312	6	24	-3	1	19	33	609
684	16440	1.062633	0.0048712891	-1	20	21	7	4/3/11/2/4	16	16	29	8309	6	24	-3	1	20	33	609
685	16464	1.062476	0.0048691069	-5	14	19	15	3/4/13/3/1	16	16	30	8323	6	24	-3	1	19	33	610
686	16488	1.062320	0.004866928	6	18	12	18	1/7/4/9/3	16	16	30	8339	6	24	-3	1	19	33	609
687	16512	1.062164	0.0048647525	5	21	16	11	4/1/9/6/4	16	16	30	8325	6	24	-3	1	19	33	610
688	16536	1.062008	0.0048625803	5	19	14	15	1/6/9/3/5	16	16	30	8312	6	24	-3	1	19	33	610
689	16560	1.061852	0.0048604114	1	18	17	13	3/1/13/6/1	16	16	30	8310	6	24	-3	1	19	33	611
690	16584	1.061697	0.0048582458	-6	14	20	14	2/8/10/2/2	16	16	30	8325	6	25	-3	1	19	33	612
691	16608	1.061542	0.0048560835	-1	14	15	19	1/8/9/3/3	16	16	30	8323	6	24	-3	1	19	33	611
692	16632	1.061387	0.0048539245	-8	11	19	18	3/10/4/6/1	16	16	29	8344	6	24	-3	1	19	33	610
693	16656	1.061233	0.0048517688	-4	14	18	16	2/5/13/3/1	16	16	29	8354	6	24	-3	1	19	33	611
694	16680	1.061078	0.0048496164	2	18	16	14	3/5/6/7/3	16	16	29	8360	6	24	-3	1	19	33	610
695	16704	1.060924	0.0048474672	-5	13	18	17	2/8/7/7/0	16	16	30	8373	6	24	-2	1	20	33	611
696	16728	1.060770	0.0048453213	-4	14	18	16	4/4/9/6/1	16	16	30	8383	6	24	-3	1	20	32	612
697	16752	1.060617	0.0048431786	1	17	16	15	2/5/9/6/2	16	16	30	8381	6	24	-3	1	20	33	612
698	16776	1.060463	0.0048410392	0	16	16	16	3/4/9/6/2	16	16	30	8381	6	24	-3	1	20	33	612
699	16800	1.060310	0.004838903	-1	18	19	11	4/4/8/5/3	16	16	30	8383	6	24	-3	1	20	33	612
700	16824	1.060158	0.0048367701	5	22	17	9	2/2/12/5/3	16	16	30	8396	6	24	-2	1	20	33	611
701	16848	1.060005	0.0048346404	-6	10	16	22	4/7/6/5/2	16	16	29	8381	6	23	-2	1	19	33	610
702	16872	1.059852	0.0048325138	-6	14	20	14	3/4/13/4/0	16	16	30	8365	6	24	-2	1	20	33	609
703	16896	1.059700	0.0048303905	-1	16	17	15	4/6/5/5/4	16	16	30	8368	6	24	-2	1	20	33	609
704	16920	1.059548	0.0048282704	-2	13	15	20	3/3/12/5/1	16	16	30	8362	6	24	-2	1	20	33	609
705	16944	1.059397	0.0048261534	-4	13	17	18	5/5/7/3/4	16	16	30	8352	6	24	-3	1	20	33	610
706	16968	1.059245	0.0048240397	0	21	21	6	4/1/13/3/3	16	16	30	8352	6	24	-3	1	20	33	610
707	16992	1.059094	0.0048219291	2	18	16	14	1/5/11/5/2	16	16	30	8357	6	24	-2	1	20	33	610
708	17016	1.058943	0.0048198217	6	20	14	14	0/5/11/5/3	16	16	30	8341	6	24	-3	1	19	33	611
709	17040	1.058792	0.0048177174	-8	12	20	16	5/5/8/5/1	16	16	29	8362	6	24	-2	1	19	32	610
710	17064	1.058642	0.0048156163	8	21	13	14	0/4/11/6/3	16	16	30	8383	6	24	-2	1	19	33	611
711	17088	1.058492	0.0048135183	0	16	16	16	4/4/8/4/4	16	16	30	8383	6	24	-2	1	19	33	611
712	17112	1.058342	0.0048114234	10	25	15	8	2/3/8/5/6	16	16	29	8357	6	24	-2	1	18	33	613
713	17136	1.058192	0.0048093317	-7	14	21	13	5/4/10/3/2	16	16	29	8375	6	24	-2	1	19	33	611
714	17160	1.058042	0.0048072431	7	22	15	11	2/3/9/6/4	16	16	29	8357	6	24	-2	1	19	32	610
715	17184	1.057893	0.0048051576	1	18	17	13	3/2/13/3/3	16	16	29	8355	6	24	-2	1	19	33	610
716	17208	1.057744	0.0048030752	-5	14	19	15	5/2/11/5/1	16	16	29	8368	6	24	-2	1	19	32	610
717	17232	1.057595	0.0048009959	-6	16	22	10	6/4/6/6/2	16	16	30	8383	6	24	-2	1	19	33	609
718	17256	1.057446	0.0047989196	5	19	14	15	3/4/7/5/5	16	16	30	8370	6	24	-3	1	19	33	608
719	17280	1.057298	0.0047968465	5	19	14	15	2/4/8/7/3	16	16	30	8357	6	24	-2	1	19	33	609
720	17304	1.057150	0.0047947764	-15	9	24	15	5/7/10/2/0	16	16	29	8396	6	25	-2	1	19	34	606
721	17328	1.057002	0.0047927094	-3	18	21	9	4/5/8/4/3	16	16	30	8388	6	24	-2	1	20	33	606
722	17352	1.056854	0.0047906454	4	17	13	18	2/5/7/7/3	16	16	29	8399	6	25	-2	1	19	33	605
723	17376	1.056706	0.0047885845	-1	18	19	11	4/2/10/7/1	16	16	29	8396	6	25	-2	1	19	33	605
724	17400	1.056559	0.0047865266	-5	16	21	11	5/3/10/4/2	16	16	29	8383	6	24	-2	1	19	33	606
725	17424	1.056412	0.0047844718	-1	16	17	15	1/8/8/5/2	16	16	29	8381	6	24	-2	1	19	33	606
726	17448	1.056265	0.0047824199	10	21	11	16	0/4/10/6/4	16	16	29	8355	6	25	-3	1	20	33	607
727	17472	1.056118	0.0047803711	-2	19	21	8	3/5/10/3/3	16	16	29	8350	6	25	-3	1	20	33	607
728	17496	1.055972	0.0047783253	8	22	14	12	2/4/7/6/5	16	16	29	8329	6	25	-2	1	19	34	609
729	17520	1.055826	0.0047762825	0	17	17	14	4/4/6/8/2	16	16	29	8329	6	25	-2	1	19	34	609
730	17544	1.055680	0.0047742427	1	17	16	15	2/4/12/3/3	16	16	29	8331	6	25	-2	1	19	34	609
731	17568	1.055534	0.0047722059	-5	14	19	15	4/4/10/5/1	16	16	29	8319	6	25	-2	1	19	34	608
732	17592	1.055389	0.0047701721	-8	13	21	14	5/3/12/3/1	16	16	29	8298	6	25	-2	1	20	34	609
733	17616	1.055243	0.0047681413	5	20	15	13	1/3/13/4/3	16	16	29	8311	6	25	-2	1	20	34	610
734	17640	1.055098	0.0047661134	0	16	16	16	3/5/8/5/3	16	16	29	8311	6	25	-2	1	20	34	610
735	17664	1.054953	0.0047640884	-4	13	17	18	4/5/7/7/1	16	16	29	8301	6	25	-2	1	19	34	610
736	17688	1.054809	0.0047620665	-1	19	20	9	5/1/9/8/1	16	16	29	8303	6	25	-2	1	19	34	610
737	17712	1.054664	0.0047600474	8	22	14	12	2/3/8/7/4	16	16	29	8324	6	25	-2	1	19	35	608
738	17736	1.054520	0.0047580313	-2	19	21	8	5/4/7/4/4	16	16	29	8329	6	25	-2	1	19	35	609
739	17760	1.054376	0.0047560182	-4	14	18	16	1/12/4/4/3	16	16	29	8339	6	25	-2	1	19	34	609
740	17784	1.054232	0.0047540079	2	20	18	10	3/4/9/4/4	16	16	29	8344	6	25	-2	1	19	34	609
741	17808	1.054089	0.0047520006	12	23	11	14	2/1/9/7/5	16	16	29	8375	6	24	-1	1	20	35	611
742	17832	1.053945	0.0047499962	-2	15	17	16	4/2/12/4/2	16	16	29	8370	6	24	-1	1	19	35	611
743	17856	1.053802	0.0047479946	4	18	14	16	3/2/10/6/3	16	16	29	8380	6	24	-2	1	20	35	611
744	17880	1.053659	0.004745996	2	16	14	18	3/5/4/11/1	16	16	29	8375	6	24	-1	1	20	35	612
745	17904	1.053516	0.0047440003	-10	14	24	10	5/6/8/4/1	16	16	29	8401	6	24	-1	1	20	35	613
746	17928	1.053374	0.0047420074	5	20	15	13	1/2/13/7/1	16	16	29	8413	6	24	-1	1	20	35	614
747	17952	1.053232	0.0047400175	2	19	17	12	3/4/10/2/5	16	16	29	8408	6	24	-1	1	20	35	614
748	17976	1.053089	0.0047380303	3	22	19	7	5/1/10/2/6	16	16	29	8401	6	24	-1	1	20	35	614
749	18000	1.052948	0.0047360461	-9	11	20	17	4/9/5/4/2	16	16	29	8378	6	25	0	1	20	34	616
750	18024	1.052806	0.0047340647	1	17	16	15	3/7/4/6/4	16	16	29	8380	6	25	0	1	20	34	615
751	18048	1.052664	0.0047320861	7	21	14	13	2/4/7/7/4	16	16	29	8398	6	25	-1	1	20	34	614
752	18072	1.052523	0.0047301104	3	20	17	11	2/6/7/5/4	16	16	30	8406	6	25	-1	1	20	34	615
753	18096	1.052382	0.0047281375	-5	15	20	13	4/5/9/4/2	16	16	30	8418	6	25	-1	1	20	34	614
754	18120	1.052241	0.0047261675	1	14	13	21	0/8/10/3/3	16	16	30	8421	6	25	-1	1	20	34	614
755	18144	1.052100	0.0047242003	-1	18	19	11	2/4/12/5/1	16	16	30	8423	6	25	-1	1	20	34	614
756	18168	1.051960	0.0047222358	-1	17	18	13	3/4/11/3/3	16	16	30	8426	6	25	-1	1	20	34	614
757	18192	1.051820	0.0047202742	13	26	13	9	1/5/6/4/8	16	16	29	8393	6	25	0	1	20	33	612
758	18216	1.051680	0.0047183154	-10	11	21	16	4/7/9/3/1	16	16	29	8418	6	24	0	1	20	34	614
759	18240	1.051540	0.0047163594	5	20	15	13	0/6/10/5/3	16	16	29	8431	6	24	0	1	20	34	613
760	18264	1.051400	0.0047144061	2	18	16	14	1/6/11/2/4	16	16	29	8436	6	24	0	1	20	34	613
761	18288	1.051261	0.0047124557	0	19	19	10	2/4/13/2/3	16	16	29	8436	6	24	0	1	20	34	613
762	18312	1.051122	0.004710508	1	19	18	11	2/4/11/5/2	16	16	29	8439	6	24	0	1	20	34	613
763	18336	1.050982	0.0047085631	-9	13	22	13	2/8/12/1/1	16	16	29	8461	6	24	0	1	21	33	615
764	18360	1.050844	0.0047066209	-3	13	16	19	3/3/13/4/1	16	16	29	8454	6	24	0	1	21	33	614
765	18384	1.050705	0.0047046815	5	17	12	19	1/4/9/9/1	16	16	29	8467	6	24	0	1	20	33	614
766	18408	1.050567	0.0047027448	6	18	12	18	1/6/7/6/4	16	16	29	8451	6	24	0	1	20	33	615
767	18432	1.050428	0.0047008109	1	18	17	13	4/3/7/8/2	16	16	29	8454	6	24	0	1	20	33	615
768	18456	1.050290	0.0046988797	13	24	11	13	1/1/12/4/6	16	16	30	8421	6	24	0	1	20	34	617
769	18480	1.050152	0.0046969512	1	17	16	15	1/7/9/4/3	16	16	30	8419	6	23	0	1	20	34	617
770	18504	1.050015	0.0046950255	0	17	17	14	3/5/7/7/2	16	16	30	8419	6	23	0	1	20	34	617
771	18528	1.049877	0.0046931025	3	20	17	11	1/4/13/3/3	16	16	30	8426	6	24	0	1	20	34	617
772	18552	1.049740	0.0046911821	-4	14	18	16	4/3/11/5/1	16	16	30	8416	6	24	0	1	19	34	617
773	18576	1.049603	0.0046892645	-2	18	20	10	6/4/4/6/4	16	16	30	8421	6	24	0	1	19	34	617
774	18600	1.049466	0.0046873496	-3	18	21	9	4/4/10/3/3	16	16	30	8429	6	24	0	1	19	34	618
775	18624	1.049329	0.0046854374	0	18	18	12	2/4/12/4/2	16	16	30	8429	6	24	0	1	19	34	618
776	18648	1.049193	0.0046835278	0	16	16	16	1/6/10/6/1	16	16	30	8429	6	24	0	1	19	34	618
777	18672	1.049057	0.0046816209	-2	15	17	16	2/8/5/8/1	16	16	30	8434	6	24	0	1	19	34	617
778	18696	1.048921	0.0046797167	-11	11	22	15	3/9/9/2/1	16	16	29	8461	6	24	1	1	20	34	619
779	18720	1.048785	0.0046778152	2	19	17	12	4/4/5/8/3	16	16	29	8456	6	24	1	1	20	34	619
780	18744	1.048649	0.0046759163	-1	16	17	15	2/4/12/5/1	16	16	29	8459	6	24	1	1	20	34	619
781	18768	1.048514	0.00467402	-12	12	24	12	5/5/11/3/0	16	16	29	8489	6	24	0	1	20	33	617
782	18792	1.048378	0.0046721264	6	22	16	10	3/3/8/5/5	16	16	29	8504	6	23	0	1	21	33	616
783	18816	1.048243	0.0046702355	2	18	16	14	1/5/11/5/2	16	16	29	8499	6	23	0	1	20	33	616
784	18840	1.048108	0.0046683472	-1	17	18	13	5/3/7/6/3	16	16	29	8496	6	23	0	1	20	33	616
785	18864	1.047973	0.0046664615	0	18	18	12	4/4/7/6/3	16	16	29	8496	6	23	0	1	20	33	616
786	18888	1.047839	0.0046645784	-4	14	18	16	1/10/6/6/1	16	16	29	8506	6	24	1	1	21	33	615
787	18912	1.047704	0.0046626979	7	21	14	13	2/4/8/5/5	16	16	29	8524	6	24	0	1	20	34	614
788	18936	1.047570	0.0046608201	7	21	14	13	2/4/6/9/3	16	16	29	8506	6	24	1	1	21	33	615
789	18960	1.047436	0.0046589448	5	21	16	11	3/6/4/5/6	16	16	29	8519	6	23	1	1	21	33	616
790	18984	1.047302	0.0046570722	-3	15	18	15	3/5/9/6/1	16	16	29	8511	6	23	1	1	21	34	617
791	19008	1.047169	0.0046552021	1	19	18	11	3/5/7/6/3	16	17	29	8509	6	23	1	1	21	34	617
792	19032	1.047035	0.0046533346	-7	15	22	11	7/3/7/4/3	16	17	29	8491	6	23	0	1	21	34	615
793	19056	1.046902	0.0046514697	-10	11	21	16	2/10/8/4/0	16	17	29	8467	6	24	0	1	22	34	614
794	19080	1.046769	0.0046496074	1	18	17	13	2/6/8/5/3	16	17	29	8464	6	24	0	1	22	34	614
795	19104	1.046636	0.0046477476	-4	15	19	14	5/5/5/7/2	16	17	29	8474	6	23	0	1	22	34	614
796	19128	1.046503	0.0046458904	5	21	16	11	2/4/9/5/4	16	17	29	8462	6	24	0	1	22	34	614
797	19152	1.046371	0.0046440357	5	20	15	13	3/6/5/3/7	16	17	29	8474	6	24	0	1	21	34	614
798	19176	1.046238	0.0046421836	2	16	14	18	2/5/10/3/4	16	17	29	8479	6	24	0	1	21	34	614
799	19200	1.046106	0.0046403341	6	20	14	14	1/5/9/5/4	16	17	29	8464	6	24	0	1	22	35	613
800	19224	1.045974	0.004638487	-1	15	16	17	2/7/7/6/2	16	17	29	8467	6	24	0	1	22	35	613
801	19248	1.045843	0.0046366425	-1	18	19	11	1/7/11/2/3	16	17	29	8464	6	24	0	1	22	35	613
802	19272	1.045711	0.0046348006	-10	12	22	14	6/7/5/3/3	16	16	29	8489	6	23	0	1	22	35	611
803	19296	1.045579	0.0046329611	2	20	18	10	3/4/9/4/4	16	16	29	8494	6	23	0	1	22	35	612
804	19320	1.045448	0.0046311242	0	16	16	16	2/7/6/7/2	16	16	29	8494	6	23	0	1	22	35	612
805	19344	1.045317	0.0046292897	0	15	15	18	4/6/4/6/4	16	16	29	8494	6	23	0	1	22	35	612
806	19368	1.045186	0.0046274578	6	19	13	16	3/2/9/6/4	16	16	29	8479	7	24	0	1	22	35	611
807	19392	1.045056	0.0046256284	7	22	15	11	1/4/11/3/5	16	16	29	8462	7	24	1	1	23	35	610
808	19416	1.044925	0.0046238014	1	18	17	13	1/8/7/5/3	16	16	29	8459	7	24	1	1	23	35	610
809	19440	1.044795	0.004621977	-1	16	17	15	2/5/11/4/2	16	16	29	8462	7	24	1	1	23	35	610
810	19464	1.044664	0.004620155	-3	15	18	15	2/8/7/5/2	16	17	28	8469	7	24	1	1	22	35	609
811	19488	1.044534	0.0046183355	3	19	16	13	3/5/6/6/4	16	17	28	8476	7	24	1	1	23	35	610
812	19512	1.044405	0.0046165184	8	21	13	14	2/4/7/6/5	16	16	28	8457	7	24	0	1	23	35	609
813	19536	1.044275	0.0046147039	-4	17	21	10	6/5/4/5/4	16	17	28	8467	7	24	0	1	23	35	609
814	19560	1.044145	0.0046128917	-2	20	22	6	3/2/16/0/3	16	17	28	8462	7	24	1	1	23	35	610
815	19584	1.044016	0.0046110821	8	21	13	14	2/4/8/4/6	16	16	28	8442	7	24	0	1	23	35	608
816	19608	1.043887	0.0046092748	-14	11	25	12	6/7/7/3/1	16	17	29	8407	7	24	0	1	24	35	611
817	19632	1.043758	0.0046074701	-2	17	19	12	3/7/7/3/4	16	17	29	8403	7	24	0	1	24	34	611
818	19656	1.043629	0.0046056677	-4	14	18	16	4/5/8/5/2	16	17	29	8412	7	24	0	1	23	35	611
819	19680	1.043501	0.0046038678	-12	12	24	12	4/9/8/1/2	17	16	29	8442	7	24	0	1	23	35	610
820	19704	1.043372	0.0046020703	-1	16	17	15	3/4/9/7/1	17	16	29	8444	7	24	0	1	23	35	610
821	19728	1.043244	0.0046002752	-5	15	20	13	3/6/10/3/2	16	17	28	8457	7	24	0	1	23	35	609
822	19752	1.043116	0.0045984825	-4	16	20	12	4/6/7/4/3	17	16	28	8447	7	24	0	1	23	35	610
823	19776	1.042988	0.0045966923	3	18	15	15	3/2/9/9/1	17	17	28	8439	7	24	0	1	23	35	609
824	19800	1.042860	0.0045949044	-4	14	18	16	3/5/10/5/1	16	17	29	8449	7	24	1	1	23	34	610
825	19824	1.042733	0.0045931189	6	18	12	18	2/3/11/3/5	16	17	28	8435	7	24	1	1	23	35	609
826	19848	1.042605	0.0045913359	-4	13	17	18	4/7/4/7/2	16	17	28	8425	7	24	1	1	23	34	609
827	19872	1.042478	0.0045895552	-4	15	19	14	2/8/8/4/2	17	17	29	8415	7	24	0	1	23	35	610
828	19896	1.042351	0.0045877769	5	22	17	9	2/4/9/5/4	17	17	28	8427	7	23	0	1	23	34	609
829	19920	1.042224	0.0045860009	-14	14	28	6	7/4/10/2/1	16	16	29	8393	7	23	1	1	23	35	607
830	19944	1.042097	0.0045842274	-2	17	19	12	3/7/7/3/4	16	16	29	8398	7	23	1	1	23	35	607
831	19968	1.041971	0.0045824562	3	18	15	15	3/3/10/4/4	16	16	29	8405	7	23	1	1	23	35	606
832	19992	1.041844	0.0045806873	2	15	13	20	3/3/9/7/2	16	16	29	8400	7	23	1	1	23	35	607
833	20016	1.041718	0.0045789208	17	27	10	11	1/4/5/5/9	17	17	29	8442	7	22	0	1	22	36	604
834	20040	1.041592	0.0045771567	-3	18	21	9	5/3/10/2/4	17	17	29	8449	7	22	0	1	22	35	604
835	20064	1.041466	0.0045753949	0	16	16	16	2/7/7/5/3	17	17	29	8449	7	22	0	1	22	35	604
836	20088	1.041340	0.0045736354	5	21	16	11	4/3/6/6/5	17	17	29	8437	7	22	0	1	23	35	603
837	20112	1.041215	0.0045718783	7	20	13	15	2/4/7/7/4	16	17	29	8420	7	22	0	1	22	35	604
838	20136	1.041089	0.0045701235	8	21	13	14	1/4/8/8/3	16	17	29	8439	6	21	0	1	22	35	605
839	20160	1.040964	0.004568371	-6	17	23	8	4/4/11/4/1	16	17	29	8454	7	21	0	1	22	35	604
840	20184	1.040839	0.0045666208	-5	15	20	13	5/3/9/6/1	17	16	29	8442	6	22	0	1	22	36	603
841	20208	1.040714	0.004564873	6	20	14	14	3/2/9/6/4	17	17	29	8456	7	21	0	1	22	36	603
842	20232	1.040589	0.0045631274	-9	13	22	13	4/9/6/2/3	17	17	29	8478	7	21	-1	1	22	36	601
843	20256	1.040465	0.0045613842	16	26	10	12	1/2/7/8/6	17	16	29	8517	6	22	0	1	23	37	604
844	20280	1.040340	0.0045596432	2	17	15	16	2/5/8/7/2	16	16	29	8522	6	22	0	1	23	37	604
845	20304	1.040216	0.0045579046	2	18	16	14	2/5/10/3/4	16	16	29	8517	6	22	0	1	23	37	604
846	20328	1.040092	0.0045561682	0	17	17	14	4/2/10/6/2	16	16	29	8517	6	22	0	1	23	37	604
847	20352	1.039968	0.0045544341	-3	15	18	15	4/4/8/7/1	16	16	29	8510	6	21	0	1	23	37	604
848	20376	1.039844	0.0045527023	-6	15	21	12	5/6/6/4/3	17	16	29	8495	6	22	0	1	23	36	603
849	20400	1.039720	0.0045509728	-2	14	16	18	3/5/7/9/0	17	16	29	8490	6	22	0	1	24	36	603
850	20424	1.039597	0.0045492455	0	18	18	12	2/6/8/6/2	17	16	29	8490	6	22	0	1	24	36	603
851	20448	1.039474	0.0045475205	5	22	17	9	5/3/4/6/6	16	16	29	8503	6	22	0	1	23	36	602
852	20472	1.039351	0.0045457977	3	20	17	11	1/7/9/2/5	17	16	29	8510	6	22	0	1	23	36	603
853	20496	1.039228	0.0045440772	1	19	18	11	2/5/9/6/2	16	16	29	8512	6	22	0	1	23	36	603
854	20520	1.039105	0.004542359	7	18	11	19	1/4/9/7/3	16	16	29	8529	7	22	0	1	23	36	602
855	20544	1.038982	0.0045406429	1	16	15	17	3/4/8/7/2	16	16	29	8532	7	22	0	1	23	36	602
856	20568	1.038860	0.0045389291	1	15	14	19	3/5/5/10/1	16	16	29	8534	7	22	0	1	23	36	602
857	20592	1.038737	0.0045372176	4	20	16	12	4/3/6/7/4	16	16	29	8524	7	21	0	1	23	36	603
858	20616	1.038615	0.0045355083	7	21	14	13	2/4/9/3/6	16	16	29	8507	7	22	0	1	23	35	604
859	20640	1.038493	0.0045338012	6	18	12	18	2/6/4/8/4	16	16	29	8522	7	21	0	1	22	36	605
860	20664	1.038371	0.0045320963	-3	14	17	17	1/11/5/4/3	16	16	29	8515	7	22	0	1	22	36	605
861	20688	1.038249	0.0045303936	0	16	16	16	1/6/10/6/1	16	16	29	8515	7	22	0	1	22	36	605
862	20712	1.038128	0.0045286931	0	14	14	20	3/7/6/3/5	16	16	29	8515	7	22	0	1	22	36	605
863	20736	1.038006	0.0045269949	-5	14	19	15	3/8/6/5/2	16	16	29	8527	7	22	0	1	22	36	604
864	20760	1.037885	0.0045252988	-4	18	22	8	7/3/5/5/4	16	16	29	8536	7	22	1	1	22	36	604
865	20784	1.037764	0.0045236049	-7	15	22	11	2/8/11/1/2	16	17	29	8553	7	22	1	1	22	35	603
866	20808	1.037643	0.0045219132	2	19	17	12	2/4/11/4/3	16	17	29	8558	7	22	1	1	22	35	602
867	20832	1.037522	0.0045202237	1	19	18	11	2/3/13/4/2	16	17	29	8560	7	22	1	1	22	35	602
868	20856	1.037402	0.0045185364	-4	15	19	14	1/7/13/1/2	16	17	29	8551	7	22	1	1	22	35	603
869	20880	1.037281	0.0045168512	2	17	15	16	2/7/5/7/3	16	17	29	8546	7	22	1	1	22	35	603
870	20904	1.037161	0.0045151683	11	23	12	13	0/4/9/7/4	16	17	29	8572	7	22	0	1	23	36	602
871	20928	1.037041	0.0045134874	1	19	18	11	4/4/7/5/4	16	17	29	8575	7	22	0	1	23	36	602
872	20952	1.036921	0.0045118088	-11	14	25	9	5/6/9/3/1	17	17	29	8548	7	22	0	1	22	36	603
873	20976	1.036801	0.0045101323	-5	15	20	13	3/6/8/7/0	17	17	29	8560	7	22	0	1	22	36	604
874	21000	1.036681	0.0045084579	-6	12	18	18	2/8/10/2/2	17	17	29	8546	7	21	0	1	22	36	603
875	21024	1.036561	0.0045067857	-1	18	19	11	3/5/9/4/3	17	17	29	8544	7	21	0	1	22	36	603
876	21048	1.036442	0.0045051156	-4	15	19	14	3/7/7/5/2	17	17	29	8534	7	22	0	1	22	36	604
877	21072	1.036323	0.0045034477	-4	16	20	12	6/3/6/7/2	17	17	29	8524	7	22	0	1	22	36	604
878	21096	1.036203	0.0045017819	4	19	15	14	3/4/7/6/4	17	17	29	8534	7	22	0	1	22	36	605
879	21120	1.036084	0.0045001182	-11	13	24	11	4/7/10/2/1	17	17	28	8560	7	21	0	1	22	37	607
880	21144	1.035966	0.0044984567	1	18	17	13	3/5/8/4/4	17	17	28	8563	7	21	0	1	22	37	607
881	21168	1.035847	0.0044967972	-6	13	19	16	4/7/6/5/2	17	17	28	8577	7	21	-1	1	22	36	608
882	21192	1.035728	0.0044951399	-16	10	26	12	6/7/9/1/1	17	17	28	8615	7	20	0	1	22	36	610
883	21216	1.035610	0.0044934847	7	19	12	17	1/4/7/11/1	17	17	28	8598	7	21	0	1	23	36	609
884	21240	1.035492	0.0044918316	7	22	15	11	3/4/6/5/6	17	17	28	8582	7	21	-1	1	22	35	608
885	21264	1.035374	0.0044901806	1	16	15	17	3/4/9/5/3	17	17	28	8584	7	21	-1	1	22	35	608
886	21288	1.035256	0.0044885317	0	16	16	16	1/6/12/2/3	17	17	28	8584	7	21	-1	1	22	35	608
887	21312	1.035138	0.0044868849	-2	15	17	16	3/6/7/6/2	17	17	28	8589	7	21	-1	1	23	35	608
888	21336	1.035020	0.0044852401	-5	15	20	13	6/3/8/4/3	17	17	28	8601	7	21	-1	1	23	36	607
889	21360	1.034903	0.0044835975	-2	15	17	16	4/3/9/7/1	17	17	28	8596	7	21	-1	1	23	36	607
890	21384	1.034785	0.0044819569	2	14	12	22	2/6/7/6/3	17	17	28	8601	7	21	-1	1	23	36	607
891	21408	1.034668	0.0044803184	-4	13	17	18	3/6/10/2/3	17	17	28	8610	7	21	-1	1	23	36	608
892	21432	1.034551	0.004478682	-8	15	23	10	6/5/7/3/3	17	17	28	8591	7	21	-1	1	23	36	607
893	21456	1.034434	0.0044770476	-4	15	19	14	2/7/9/5/1	17	17	28	8582	7	21	-1	1	23	35	606
894	21480	1.034317	0.0044754153	-6	17	23	8	5/4/9/4/2	17	17	28	8568	7	21	-1	1	23	35	607
895	21504	1.034201	0.0044737851	1	15	14	19	3/4/7/9/1	17	17	28	8570	7	21	-1	1	23	35	607
896	21528	1.034084	0.0044721569	-2	15	17	16	1/6/12/4/1	17	17	28	8565	7	21	-1	1	23	35	607
897	21552	1.033968	0.0044705307	-2	19	21	8	5/3/9/3/4	17	17	28	8570	7	21	-1	1	23	35	607
898	21576	1.033852	0.0044689066	-3	17	20	11	3/5/9/6/1	17	17	28	8563	7	21	-1	1	23	35	607
899	21600	1.033735	0.0044672845	0	19	19	10	3/6/7/4/4	17	17	28	8563	7	21	-1	1	23	35	607
900	21624	1.033620	0.0044656645	-16	9	25	14	6/7/9/1/1	17	17	28	8601	7	22	0	1	22	35	609
901	21648	1.033504	0.0044640465	-7	13	20	15	5/6/5/7/1	17	17	28	8584	7	22	-1	1	23	35	610
902	21672	1.033388	0.0044624305	8	22	14	12	2/2/10/6/4	17	17	28	8603	7	22	-1	1	22	34	609
903	21696	1.033273	0.0044608165	-3	16	19	13	5/5/6/4/4	17	17	28	8610	7	22	-1	1	22	34	609
904	21720	1.033157	0.0044592046	4	19	15	14	2/5/8/5/4	17	17	28	8601	7	22	-1	1	22	34	609
905	21744	1.033042	0.0044575946	8	19	11	18	2/3/6/11/2	17	17	28	8582	7	22	-1	1	23	34	610
906	21768	1.032927	0.0044559867	-1	13	14	21	2/3/14/4/1	17	17	28	8584	7	22	-1	1	23	34	610
907	21792	1.032812	0.0044543808	9	19	10	19	1/3/8/10/2	17	17	28	8605	6	22	0	0	22	35	609
908	21816	1.032697	0.0044527769	7	20	13	15	1/4/10/5/4	17	17	28	8622	6	22	-1	0	22	35	608
909	21840	1.032582	0.0044511749	2	17	15	16	1/5/12/3/3	17	17	28	8627	6	23	-1	0	22	35	608
910	21864	1.032468	0.004449575	0	17	17	14	4/6/4/6/4	17	17	28	8627	6	23	-1	0	22	35	608
911	21888	1.032353	0.0044479771	4	17	13	18	1/5/9/7/2	17	17	28	8636	6	23	-1	0	22	35	609
912	21912	1.032239	0.0044463811	-4	13	17	18	4/4/9/6/1	17	17	28	8645	6	23	-1	0	22	35	608
913	21936	1.032125	0.0044447871	13	25	12	11	1/1/10/8/4	17	17	28	8615	7	23	0	1	23	35	606
914	21960	1.032011	0.0044431951	4	18	14	16	1/5/8/9/1	17	17	28	8605	7	23	0	0	23	35	607
915	21984	1.031897	0.0044416051	-3	15	18	15	2/6/10/5/1	17	17	27	8598	7	23	0	1	23	35	607
916	22008	1.031784	0.004440017	-10	14	24	10	6/2/13/2/1	17	17	27	8575	7	24	0	1	22	36	609
917	22032	1.031670	0.0044384309	-4	17	21	10	3/4/12/4/1	17	17	27	8584	7	24	0	1	22	36	608
918	22056	1.031557	0.0044368467	-7	14	21	13	4/7/7/4/2	17	17	27	8601	7	24	0	1	22	36	607
919	22080	1.031443	0.0044352645	-8	13	21	14	5/5/8/5/1	17	17	27	8619	7	23	0	1	22	36	606
920	22104	1.031330	0.0044336843	-3	15	18	15	1/9/7/6/1	17	17	27	8627	7	23	0	1	23	36	606
921	22128	1.031217	0.004432106	-2	19	21	8	3/2/15/2/2	17	17	27	8631	7	23	0	1	23	36	606
922	22152	1.031104	0.0044305296	0	17	17	14	4/3/9/5/3	17	17	27	8631	7	23	0	1	23	36	606
923	22176	1.030991	0.0044289552	-4	16	20	12	2/9/7/3/3	17	17	27	8641	7	23	0	1	23	37	605
924	22200	1.030879	0.0044273827	9	24	15	9	2/2/9/7/4	17	17	27	8662	7	24	0	1	22	37	607
925	22224	1.030766	0.0044258122	1	19	18	11	4/2/10/5/3	17	17	27	8664	7	24	0	1	22	37	607
926	22248	1.030654	0.0044242435	-5	14	19	15	4/5/9/4/2	17	17	27	8676	7	24	0	1	22	37	606
927	22272	1.030542	0.0044226768	0	18	18	12	3/5/7/7/2	17	17	27	8676	7	24	0	1	22	37	606
928	22296	1.030430	0.004421112	-1	16	17	15	1/7/12/0/4	17	17	27	8678	7	24	0	1	22	37	606
929	22320	1.030318	0.0044195491	4	19	15	14	1/7/7/5/4	17	17	27	8669	7	23	0	1	22	37	605
930	22344	1.030206	0.0044179882	1	17	16	15	1/8/9/1/5	17	17	27	8666	7	23	0	1	22	37	605
931	22368	1.030094	0.0044164291	0	16	16	16	1/8/7/6/2	17	17	27	8666	7	23	0	1	22	37	605
932	22392	1.029983	0.004414872	2	17	15	16	3/4/8/6/3	17	17	27	8671	7	24	0	1	22	37	605
933	22416	1.029871	0.0044133167	-2	18	20	10	5/2/8/8/1	17	17	27	8666	7	23	0	1	22	37	605
934	22440	1.029760	0.0044117633	0	19	19	10	2/4/12/4/2	17	17	27	8666	7	23	0	1	22	37	605
935	22464	1.029649	0.0044102119	-1	20	21	7	3/5/10/2/4	17	17	27	8669	7	23	0	1	22	37	605
936	22488	1.029538	0.0044086623	9	21	12	15	1/4/9/5/5	17	17	27	8648	7	23	1	1	22	36	607
937	22512	1.029427	0.0044071146	0	17	17	14	2/5/9/7/1	17	17	27	8648	7	23	1	1	22	36	607
938	22536	1.029316	0.0044055687	0	16	16	16	2/7/8/3/4	17	17	27	8648	7	23	1	1	22	36	607
939	22560	1.029205	0.0044040248	-3	17	20	11	3/5/10/4/2	17	17	27	8655	7	23	1	1	22	37	607
940	22584	1.029095	0.0044024827	0	15	15	18	4/2/10/6/2	17	17	27	8655	7	23	1	1	22	37	607
941	22608	1.028984	0.0044009425	-4	17	21	10	4/6/8/2/4	17	17	27	8664	7	23	1	1	22	37	608
942	22632	1.028874	0.0043994042	-9	13	22	13	5/5/10/2/2	17	17	27	8643	7	23	1	1	22	37	606
943	22656	1.028764	0.0043978677	-2	18	20	10	5/4/8/2/5	17	17	27	8648	7	23	1	1	22	37	607
944	22680	1.028654	0.004396333	-2	14	16	18	0/6/14/4/0	17	17	27	8643	7	23	1	1	22	37	607
945	22704	1.028544	0.0043948003	1	18	17	13	2/5/10/4/3	17	17	27	8645	7	23	1	1	22	37	607
946	22728	1.028434	0.0043932693	-3	13	16	19	3/5/8/8/0	17	17	27	8638	7	23	1	1	22	37	607
947	22752	1.028325	0.0043917402	-7	13	20	15	4/6/8/5/1	17	17	27	8622	7	24	1	1	22	37	608
948	22776	1.028215	0.004390213	3	21	18	9	1/7/9/2/5	17	17	27	8629	7	23	1	1	22	37	609
949	22800	1.028106	0.0043886876	-8	14	22	12	3/6/12/2/1	17	17	27	8611	7	23	1	1	22	37	608
950	22824	1.027997	0.004387164	-12	12	24	12	4/9/7/3/1	17	17	27	8638	7	23	1	1	22	37	609
951	22848	1.027887	0.0043856423	2	18	16	14	4/1/9/9/1	17	17	27	8634	7	23	0	1	22	37	610
952	22872	1.027778	0.0043841223	-7	14	21	13	3/7/9/4/1	17	17	27	8618	7	22	1	1	22	38	609
953	22896	1.027670	0.0043826042	4	22	18	8	2/3/11/5/3	17	17	27	8627	7	22	1	1	22	38	609
954	22920	1.027561	0.004381088	-3	13	16	19	4/5/6/8/1	17	17	27	8620	7	22	0	1	22	38	610
955	22944	1.027452	0.0043795735	-4	19	23	6	5/3/10/3/3	17	17	27	8611	7	22	0	1	22	38	609
956	22968	1.027344	0.0043780608	1	20	19	9	3/2/13/3/3	17	17	27	8613	7	22	0	1	22	38	609
957	22992	1.027235	0.00437655	0	16	16	16	2/5/9/7/1	17	17	27	8613	7	22	0	1	22	38	609
958	23016	1.027127	0.004375041	-4	15	19	14	5/2/9/8/0	17	17	27	8604	7	22	0	1	22	38	609
959	23040	1.027019	0.0043735337	-2	16	18	14	4/4/9/4/3	17	17	27	8599	7	22	0	1	22	38	609
960	23064	1.026911	0.0043720283	-6	16	22	10	4/3/13/3/1	17	17	27	8585	7	22	0	1	22	38	608
961	23088	1.026803	0.0043705246	-1	16	17	15	2/5/10/6/1	17	17	27	8588	7	22	0	1	22	38	608
962	23112	1.026695	0.0043690228	1	18	17	13	2/5/10/4/3	17	17	27	8590	7	22	0	1	22	38	608
963	23136	1.026588	0.0043675227	-1	18	19	11	3/4/10/5/2	17	17	27	8588	7	22	0	1	22	38	608
964	23160	1.026480	0.0043660244	0	17	17	14	4/2/10/6/2	17	17	27	8588	7	22	0	1	22	38	608
965	23184	1.026373	0.0043645279	4	19	15	14	2/5/8/5/4	17	17	27	8579	7	22	0	1	22	38	607
966	23208	1.026266	0.0043630331	8	20	12	16	1/3/9/9/2	17	17	28	8597	7	22	0	0	22	37	609
967	23232	1.026159	0.0043615402	2	19	17	12	3/4/8/6/3	17	17	28	8592	7	22	0	0	22	37	608
968	23256	1.026052	0.004360049	-4	13	17	18	2/8/7/6/1	17	17	28	8583	7	22	1	0	22	37	609
969	23280	1.025945	0.0043585595	1	20	19	9	4/8/3/1/8	17	17	28	8581	7	22	1	0	22	37	609
970	23304	1.025838	0.0043570719	-9	10	19	19	4/5/12/2/1	18	17	27	8560	7	22	1	0	22	38	610
971	23328	1.025731	0.004355586	-7	15	22	11	5/3/12/2/2	18	17	27	8576	7	21	1	0	22	37	611
972	23352	1.025625	0.0043541018	13	24	11	13	0/2/13/3/6	18	17	28	8547	7	21	1	0	23	37	613
973	23376	1.025518	0.0043526194	-3	17	20	11	4/4/9/5/2	18	17	28	8553	7	21	1	1	23	37	613
974	23400	1.025412	0.0043511387	-9	13	22	13	5/8/6/1/4	18	17	27	8574	7	21	1	0	23	37	614
975	23424	1.025306	0.0043496598	-4	15	19	14	2/7/9/5/1	18	17	27	8565	7	21	1	0	23	37	613
976	23448	1.025200	0.0043481826	6	21	15	12	1/5/9/5/4	18	17	28	8579	7	21	1	0	23	37	613
977	23472	1.025094	0.0043467072	-5	13	18	17	2/8/8/5/1	18	17	28	8590	7	21	1	0	23	37	612
978	23496	1.024988	0.0043452335	-9	12	21	15	5/5/10/2/2	18	17	27	8610	7	21	2	1	23	37	613
979	23520	1.024883	0.0043437615	-6	14	20	14	4/7/5/7/1	18	17	27	8624	7	21	1	1	23	37	614
980	23544	1.024777	0.0043422912	5	21	16	11	2/5/8/4/5	18	17	27	8636	7	21	2	0	23	37	613
981	23568	1.024671	0.0043408227	3	22	19	7	4/3/8/4/5	18	17	27	8629	7	21	1	0	23	37	614
982	23592	1.024566	0.0043393559	-6	13	19	16	3/5/12/3/1	18	17	27	8642	7	21	2	0	23	37	615
983	23616	1.024461	0.0043378908	4	20	16	12	2/3/11/5/3	18	17	27	8633	7	20	2	0	23	37	614
984	23640	1.024356	0.0043364274	2	19	17	12	3/4/7/8/2	18	17	27	8638	7	20	2	0	23	37	614
985	23664	1.024251	0.0043349657	-5	14	19	15	5/5/5/8/1	18	17	27	8649	7	20	2	0	23	37	615
986	23688	1.024146	0.0043335057	5	18	13	17	1/1/15/6/1	18	17	27	8661	6	20	2	0	23	37	614
987	23712	1.024041	0.0043320475	8	22	14	12	1/3/10/7/3	18	17	27	8642	6	20	1	0	23	37	613
988	23736	1.023937	0.0043305909	5	20	15	13	1/6/7/7/3	18	17	27	8654	6	20	2	0	22	37	614
989	23760	1.023832	0.004329136	7	19	12	17	2/5/4/10/3	18	17	27	8670	6	20	1	0	22	37	615
990	23784	1.023728	0.0043276828	-3	16	19	13	2/9/6/4/3	18	17	27	8663	6	20	2	0	22	37	614
991	23808	1.023623	0.0043262314	13	21	8	19	1/1/9/10/3	18	16	27	8633	6	21	2	0	23	36	613
992	23832	1.023519	0.0043247815	1	17	16	15	2/5/10/4/3	18	16	27	8631	6	21	2	0	23	36	613
993	23856	1.023415	0.0043233334	-9	12	21	15	5/6/8/3/2	18	17	27	8651	6	20	2	0	23	37	611
994	23880	1.023311	0.004321887	5	20	15	13	1/6/9/3/5	18	17	27	8640	6	20	2	0	23	36	611
995	23904	1.023208	0.0043204422	3	17	14	17	2/4/10/5/3	18	17	27	8633	6	21	2	0	23	36	610
996	23928	1.023104	0.0043189991	6	20	14	14	3/4/5/8/4	18	17	27	8620	6	21	2	0	23	36	611
997	23952	1.023000	0.0043175577	-7	13	20	15	5/4/10/3/2	18	17	27	8636	6	21	2	0	22	36	612
998	23976	1.022897	0.0043161179	5	21	16	11	2/4/9/5/4	18	17	27	8647	6	21	2	0	22	36	611
999	24000	1.022793	0.0043146798	9	23	14	11	1/5/7/6/5	17	17	27	8667	6	21	3	0	22	37	613
1000	24024	1.022690	0.0043132434	1	17	16	15	3/3/11/4/3	17	17	27	8665	6	21	3	0	23	37	613
1001	24048	1.022587	0.0043118086	1	17	16	15	3/6/4/9/2	17	17	27	8663	6	21	3	0	22	37	612
1002	24072	1.022484	0.0043103755	-8	9	17	22	1/9/12/1/1	18	17	27	8681	6	21	3	0	23	37	614
1003	24096	1.022381	0.004308944	5	19	14	15	1/6/8/5/4	17	17	27	8692	6	21	3	0	23	37	614
1004	24120	1.022278	0.0043075142	1	19	18	11	2/8/6/3/5	17	17	27	8690	6	21	3	0	23	37	614
1005	24144	1.022176	0.004306086	-4	14	18	16	5/3/9/5/2	17	17	27	8681	6	21	3	0	23	37	615
1006	24168	1.022073	0.0043046594	3	19	16	13	1/8/6/5/4	17	17	27	8688	6	21	3	0	23	37	615
1007	24192	1.021971	0.0043032345	-2	16	18	14	1/9/8/3/3	17	17	27	8692	6	21	3	0	23	37	615
1008	24216	1.021868	0.0043018112	2	20	18	10	3/6/6/4/5	17	17	27	8697	6	21	2	0	23	37	614
1009	24240	1.021766	0.0043003896	0	16	16	16	2/3/12/7/0	17	17	27	8697	6	21	2	0	23	37	614
1010	24264	1.021664	0.0042989696	-1	13	14	21	2/7/7/6/2	17	17	27	8694	6	21	3	0	23	37	615
1011	24288	1.021562	0.0042975512	-6	15	21	12	2/7/10/5/0	18	17	27	8681	6	21	3	0	23	38	614
1012	24312	1.021460	0.0042961344	4	19	15	14	1/4/11/6/2	18	17	27	8690	6	21	3	0	23	38	614
1013	24336	1.021358	0.0042947192	9	23	14	11	1/3/10/6/4	17	17	27	8710	6	21	3	0	23	37	616
1014	24360	1.021257	0.0042933057	-10	12	22	14	4/8/7/4/1	17	17	27	8688	6	21	3	0	24	38	617
1015	24384	1.021155	0.0042918938	11	23	12	13	1/2/9/9/3	17	17	27	8663	6	20	2	0	23	38	619
1016	24408	1.021053	0.0042904834	4	19	15	14	1/5/10/5/3	17	17	27	8672	6	21	2	0	23	38	618
1017	24432	1.020952	0.0042890747	3	19	16	13	4/2/9/5/4	17	17	27	8665	6	21	2	0	23	38	618
1018	24456	1.020851	0.0042876676	4	16	12	20	0/6/10/6/2	17	17	27	8674	6	21	2	0	23	38	618
1019	24480	1.020750	0.0042862621	11	26	15	7	3/1/9/4/7	17	17	27	8649	6	20	2	0	23	38	616
1020	24504	1.020649	0.0042848582	3	19	16	13	2/4/10/5/3	17	17	27	8656	6	20	2	0	23	38	617
1021	24528	1.020548	0.0042834559	-8	17	25	6	6/4/9/2/3	17	17	27	8674	6	20	2	0	23	37	616
1022	24552	1.020447	0.0042820551	-4	17	21	10	5/5/6/5/3	17	17	27	8683	6	20	1	0	23	38	616
1023	24576	1.020346	0.004280656	5	17	12	19	1/7/6/6/4	17	17	27	8672	6	21	1	0	23	38	617
1024	24600	1.020246	0.0042792584	7	22	15	11	1/5/8/6/4	17	17	27	8687	6	21	1	0	24	37	618
1025	24624	1.020145	0.0042778624	5	20	15	13	1/5/9/6/3	17	17	27	8676	6	21	2	0	24	37	617
1026	24648	1.020045	0.004276468	-11	10	21	17	5/9/4/4/2	17	17	26	8652	6	21	1	0	23	37	616
1027	24672	1.019945	0.0042750752	2	19	17	12	1/8/8/2/5	17	17	26	8647	6	21	1	0	23	37	616
1028	24696	1.019845	0.0042736839	3	17	14	17	0/5/13/4/2	17	17	26	8654	6	20	1	0	23	37	616
1029	24720	1.019744	0.0042722943	0	20	20	8	2/6/10/2/4	17	17	26	8654	6	20	1	0	23	37	616
1030	24744	1.019645	0.0042709061	-3	16	19	13	4/5/8/4/3	17	17	26	8647	6	21	2	0	24	37	617
1031	24768	1.019545	0.0042695196	-1	18	19	11	2/5/10/6/1	17	17	26	8645	6	21	1	0	24	37	617
1032	24792	1.019445	0.0042681346	7	22	15	11	3/2/9/5/5	17	17	26	8661	6	20	2	0	23	37	618
1033	24816	1.019345	0.0042667511	-9	10	19	19	4/9/6/2/3	17	17	26	8641	6	21	1	0	23	37	617
1034	24840	1.019246	0.0042653693	-3	16	19	13	2/8/8/3/3	17	17	26	8647	6	21	2	0	23	37	616
1035	24864	1.019146	0.0042639889	6	22	16	10	2/4/9/4/5	18	17	26	8661	6	20	2	0	23	36	617
1036	24888	1.019047	0.0042626101	0	19	19	10	5/3/7/5/4	18	17	26	8661	6	20	2	0	23	36	617
1037	24912	1.018948	0.0042612329	2	15	13	20	3/4/8/6/3	17	17	26	8665	7	20	2	0	23	36	617
1038	24936	1.018849	0.0042598572	1	18	17	13	4/3/7/8/2	18	17	26	8663	7	20	2	0	23	36	617
1039	24960	1.018750	0.004258483	10	24	14	10	2/3/7/7/5	18	17	26	8685	7	20	1	0	23	37	618
1040	24984	1.018651	0.0042571104	1	19	18	11	2/4/12/3/3	18	17	26	8687	7	20	1	0	23	37	618
1041	25008	1.018552	0.0042557393	4	18	14	16	2/4/9/6/3	18	17	26	8678	7	20	1	0	23	37	618
1042	25032	1.018453	0.0042543697	8	21	13	14	2/2/11/4/5	18	17	26	8661	6	20	1	0	23	36	617
1043	25056	1.018355	0.0042530017	-14	11	25	12	7/5/8/3/1	18	17	26	8692	6	21	0	0	23	36	615
1044	25080	1.018256	0.0042516352	4	19	15	14	3/4/7/6/4	18	17	26	8683	6	21	1	0	23	36	615
1045	25104	1.018158	0.0042502702	2	17	15	16	3/2/10/8/1	18	17	26	8678	6	21	1	0	23	36	615
1046	25128	1.018060	0.0042489068	-4	15	19	14	1/9/9/3/2	18	17	26	8687	6	21	1	0	22	36	615
1047	25152	1.017962	0.0042475448	-3	15	18	15	3/9/4/4/4	18	17	26	8694	6	21	0	0	22	36	615
1048	25176	1.017864	0.0042461844	-1	17	18	13	4/6/5/5/4	18	17	26	8696	6	21	0	0	22	36	615
1049	25200	1.017766	0.0042448254	-1	17	18	13	4/4/9/3/4	18	17	26	8694	7	21	0	0	22	36	615
1050	25224	1.017668	0.004243468	-1	19	20	9	3/4/11/3/3	18	17	26	8696	6	21	0	0	22	36	615
1051	25248	1.017570	0.0042421121	6	21	15	12	1/4/11/4/4	18	17	26	8709	6	21	0	0	22	36	615
1052	25272	1.017472	0.0042407577	-1	18	19	11	2/4/13/3/2	18	17	26	8712	6	21	0	0	22	36	615
1053	25296	1.017375	0.0042394048	-7	14	21	13	5/5/8/4/2	18	17	26	8727	6	21	0	1	22	36	614
1054	25320	1.017277	0.0042380534	-5	13	18	17	5/3/10/4/2	18	17	26	8738	6	21	0	1	22	36	614
1055	25344	1.017180	0.0042367034	-7	13	20	15	2/8/9/5/0	18	17	26	8723	6	21	0	0	22	36	615
1056	25368	1.017083	0.004235355	1	18	17	13	1/9/6/4/4	18	17	26	8725	6	20	0	0	22	36	615
1057	25392	1.016986	0.0042340081	3	21	18	9	5/0/10/5/4	18	17	26	8731	6	20	0	0	22	36	615
1058	25416	1.016889	0.0042326626	-5	18	23	7	7/2/7/5/3	18	17	26	8720	6	21	0	1	22	36	614
1059	25440	1.016792	0.0042313186	-4	16	20	12	3/5/11/3/2	18	17	26	8729	6	21	0	1	22	36	614
1060	25464	1.016695	0.0042299761	7	19	12	17	0/6/8/7/3	18	17	26	8714	6	20	0	1	22	35	613
1061	25488	1.016598	0.0042286351	8	22	14	12	1/7/6/3/7	18	17	26	8731	6	21	0	1	23	35	612
1062	25512	1.016502	0.0042272956	-1	19	20	9	4/2/13/1/4	18	17	26	8734	6	21	0	1	23	35	612
1063	25536	1.016405	0.0042259575	7	20	13	15	1/6/7/5/5	18	17	26	8749	6	20	0	0	22	35	613
1064	25560	1.016309	0.0042246209	-6	13	19	16	3/4/13/4/0	18	17	26	8736	6	21	0	1	22	35	612
1065	25584	1.016212	0.0042232858	-1	17	18	13	3/4/11/3/3	18	17	26	8738	6	21	0	1	22	35	612
1066	25608	1.016116	0.0042219521	3	22	19	7	6/2/5/5/6	18	17	26	8731	6	21	0	1	22	35	612
1067	25632	1.016020	0.0042206199	9	22	13	13	2/4/6/7/5	18	17	26	8751	6	21	1	1	22	35	614
1068	25656	1.015924	0.0042192891	3	18	15	15	2/4/10/5/3	18	17	26	8758	6	21	1	1	22	35	613
1069	25680	1.015828	0.0042179598	-9	12	21	15	6/4/8/5/1	18	17	26	8778	6	21	1	1	21	34	614
1070	25704	1.015732	0.004216632	1	18	17	13	2/9/4/4/5	18	17	26	8775	6	21	1	1	21	34	614
1071	25728	1.015636	0.0042153056	2	18	16	14	2/6/7/6/3	18	17	26	8780	6	21	1	1	21	34	614
1072	25752	1.015541	0.0042139806	-3	16	19	13	3/4/12/3/2	18	17	26	8786	6	21	1	1	21	35	614
1073	25776	1.015445	0.0042126571	2	20	18	10	2/4/11/4/3	18	17	26	8782	6	21	1	1	21	35	614
1074	25800	1.015350	0.004211335	-5	18	23	7	6/3/8/4/3	18	17	26	8793	6	21	1	1	21	34	615
1075	25824	1.015254	0.0042100144	7	21	14	13	2/3/9/6/4	18	17	26	8778	6	21	1	1	21	34	615
1076	25848	1.015159	0.0042086952	0	15	15	18	2/6/9/4/3	18	17	26	8778	6	21	1	1	21	34	615
1077	25872	1.015064	0.0042073775	8	21	13	14	2/3/6/11/2	18	17	26	8795	6	21	1	1	21	34	614
1078	25896	1.014969	0.0042060611	-2	17	19	12	2/5/11/5/1	18	17	26	8799	6	20	1	1	21	34	615
1079	25920	1.014874	0.0042047462	2	19	17	12	2/5/10/3/4	18	17	26	8804	6	20	1	1	21	34	615
1080	25944	1.014779	0.0042034328	9	22	13	13	3/2/6/9/4	17	18	26	8823	6	20	1	1	21	34	616
1081	25968	1.014684	0.0042021207	-1	17	18	13	3/5/8/6/2	17	18	26	8821	6	20	1	1	21	34	616
1082	25992	1.014590	0.0042008101	5	19	14	15	2/1/14/4/3	18	18	26	8832	6	20	1	1	21	33	617
1083	26016	1.014495	0.0041995009	2	18	16	14	3/3/10/5/3	18	18	26	8837	6	20	1	1	21	33	617
1084	26040	1.014401	0.0041981931	1	16	15	17	3/5/6/8/2	18	18	26	8834	6	20	1	1	21	33	617
1085	26064	1.014306	0.0041968867	8	22	14	12	2/3/8/7/4	17	18	26	8852	6	20	2	1	21	34	618
1086	26088	1.014212	0.0041955817	1	17	16	15	4/5/6/4/5	17	18	26	8854	6	20	2	1	21	34	618
1087	26112	1.014118	0.0041942781	10	22	12	14	0/4/9/8/3	17	18	26	8832	6	20	1	1	21	33	617
1088	26136	1.014024	0.004192976	6	19	13	16	1/7/6/5/5	17	18	26	8819	6	20	2	1	21	34	616
1089	26160	1.013930	0.0041916752	2	20	18	10	5/4/5/4/6	17	18	26	8823	6	20	1	1	21	34	616
1090	26184	1.013836	0.0041903759	3	20	17	11	1/6/10/3/4	17	17	26	8817	6	20	2	1	21	34	617
1091	26208	1.013742	0.0041890779	8	19	11	18	0/8/4/8/4	17	17	26	8834	6	20	2	1	21	33	618
1092	26232	1.013648	0.0041877813	4	16	12	20	1/6/8/6/3	17	17	26	8826	6	19	2	1	21	33	618
1093	26256	1.013555	0.0041864862	-8	13	21	14	3/9/6/5/1	17	17	26	8843	6	19	2	1	21	33	619
1094	26280	1.013461	0.0041851924	18	28	10	10	2/1/6/7/8	17	18	26	8804	6	19	2	1	20	32	617
1095	26304	1.013368	0.0041839	4	21	17	10	4/2/9/4/5	17	18	26	8795	6	18	2	1	20	32	617
1096	26328	1.013274	0.004182609	-1	19	20	9	4/2/12/3/3	17	18	26	8797	6	18	2	1	20	33	617
1097	26352	1.013181	0.0041813194	0	16	16	16	3/3/9/9/0	17	18	26	8797	6	18	2	1	20	33	617
1098	26376	1.013088	0.0041800311	-9	15	24	9	5/4/12/1/2	17	17	26	8817	6	19	2	1	20	33	618
1099	26400	1.012995	0.0041787442	-3	17	20	11	4/4/9/5/2	17	18	26	8810	6	19	2	1	20	33	618
1100	26424	1.012902	0.0041774587	-8	14	22	12	5/5/8/5/1	17	17	26	8828	6	19	1	1	20	32	619
1101	26448	1.012809	0.0041761746	3	20	17	11	1/6/10/3/4	17	17	26	8834	6	19	2	1	20	33	619
1102	26472	1.012716	0.0041748919	4	21	17	10	2/1/13/7/1	17	18	26	8843	6	19	1	1	20	33	619
1103	26496	1.012624	0.0041736105	-1	17	18	13	4/3/10/4/3	17	18	26	8841	6	19	1	1	20	33	619
1104	26520	1.012531	0.0041723304	2	17	15	16	1/6/9/6/2	17	18	26	8836	6	19	1	1	20	33	619
1105	26544	1.012438	0.0041710518	-4	14	18	16	2/9/7/3/3	17	17	26	8845	6	19	2	1	20	33	619
1106	26568	1.012346	0.0041697745	-2	12	14	22	2/6/9/6/1	17	17	26	8849	6	19	2	1	20	33	619
1107	26592	1.012254	0.0041684985	0	15	15	18	2/5/10/5/2	17	17	26	8849	6	19	2	1	20	33	619
1108	26616	1.012162	0.0041672239	3	15	12	21	0/7/9/6/2	17	17	26	8843	6	19	2	1	20	32	618
1109	26640	1.012069	0.0041659507	-5	14	19	15	2/9/8/2/3	17	17	26	8854	6	19	1	1	20	32	618
1110	26664	1.011977	0.0041646788	-2	18	20	10	2/6/10/4/2	17	17	26	8858	6	19	1	1	20	32	618
1111	26688	1.011885	0.0041634083	-9	11	20	17	5/6/8/3/2	17	17	26	8839	6	18	1	0	20	32	619
1112	26712	1.011794	0.0041621391	5	22	17	9	4/2/9/3/6	17	17	26	8849	6	18	1	0	20	33	619
1113	26736	1.011702	0.0041608712	6	19	13	16	2/3/9/7/3	17	17	26	8862	6	18	1	0	20	32	620
1114	26760	1.011610	0.0041596047	-7	15	22	11	5/3/11/4/1	17	17	25	8847	6	18	1	0	20	33	619
1115	26784	1.011518	0.0041583395	-6	15	21	12	5/6/6/4/3	17	17	25	8834	6	18	1	0	20	32	618
1116	26808	1.011427	0.0041570757	3	19	16	13	3/5/7/4/5	17	17	25	8828	6	18	1	0	20	33	619
1117	26832	1.011336	0.0041558132	4	19	15	14	2/3/10/7/2	17	17	25	8836	6	18	1	0	20	33	619
1118	26856	1.011244	0.004154552	-5	13	18	17	4/4/10/5/1	17	17	25	8826	6	18	1	0	20	33	620
1119	26880	1.011153	0.0041532922	-5	16	21	11	3/7/9/2/3	17	17	25	8836	6	18	1	0	20	33	621
1120	26904	1.011062	0.0041520337	4	21	17	10	3/3/9/5/4	17	17	25	8828	6	18	1	0	19	33	620
1121	26928	1.010971	0.0041507765	6	19	13	16	0/4/11/8/1	17	17	25	8815	6	18	1	0	19	32	619
1122	26952	1.010880	0.0041495206	-1	19	20	9	4/6/6/3/5	17	17	25	8813	6	18	1	0	19	32	619
1123	26976	1.010789	0.004148266	4	19	15	14	1/7/7/5/4	17	17	25	8821	6	18	1	0	19	32	619
1124	27000	1.010698	0.0041470128	1	19	18	11	3/3/11/4/3	17	17	25	8824	6	18	1	0	19	32	619
1125	27024	1.010608	0.0041457609	-4	15	19	14	3/6/9/4/2	17	17	25	8832	6	18	2	0	19	32	618
1126	27048	1.010517	0.0041445103	-5	15	20	13	2/6/11/5/0	17	17	25	8821	6	18	1	0	19	33	617
1127	27072	1.010426	0.0041432609	0	16	16	16	3/5/8/5/3	17	17	25	8821	6	18	1	0	19	33	617
1128	27096	1.010336	0.0041420129	6	23	17	8	0/7/10/1/6	17	17	25	8809	6	18	2	0	19	32	617
1129	27120	1.010246	0.0041407663	8	23	15	10	4/0/8/8/4	17	17	25	8791	6	18	1	0	19	32	618
1130	27144	1.010155	0.0041395209	-5	17	22	9	5/3/9/6/1	17	17	25	8802	6	18	1	0	19	32	618
1131	27168	1.010065	0.0041382768	-4	17	21	10	4/4/10/4/2	17	17	25	8811	6	18	1	0	19	32	618
1132	27192	1.009975	0.004137034	8	20	12	16	1/4/7/10/2	17	17	25	8828	6	17	1	0	19	32	617
1133	27216	1.009885	0.0041357925	-3	15	18	15	2/6/12/1/3	17	17	25	8821	6	18	1	0	19	32	616
1134	27240	1.009795	0.0041345523	10	21	11	16	2/2/8/8/4	17	18	25	8800	6	18	1	0	19	33	615
1135	27264	1.009705	0.0041333134	-10	14	24	10	6/6/7/2/3	17	17	25	8821	6	18	1	0	19	33	616
1136	27288	1.009616	0.0041320758	-8	13	21	14	5/6/7/4/2	17	17	25	8804	6	18	1	0	19	33	617
1137	27312	1.009526	0.0041308394	-8	14	22	12	4/6/9/4/1	17	17	25	8787	6	18	1	0	19	33	618
1138	27336	1.009437	0.0041296044	9	22	13	13	1/4/8/7/4	17	17	25	8768	6	17	1	0	18	34	620
1139	27360	1.009347	0.0041283706	-10	9	19	20	4/7/8/5/0	17	17	26	8789	6	18	1	0	18	34	618
1140	27384	1.009258	0.0041271381	9	21	12	15	1/4/8/7/4	17	17	25	8770	6	18	1	0	18	34	617
1141	27408	1.009168	0.0041259069	5	18	13	17	1/6/7/7/3	17	17	26	8760	6	18	1	0	18	34	616
1142	27432	1.009079	0.004124677	3	17	14	17	3/2/10/7/2	17	17	26	8766	6	18	1	0	18	34	616
1143	27456	1.008990	0.0041234483	-6	14	20	14	4/6/9/2/3	17	17	26	8753	6	18	1	0	18	34	617
1144	27480	1.008901	0.0041222209	-9	11	20	17	2/9/10/2/1	17	17	26	8734	6	18	1	0	19	34	616
1145	27504	1.008812	0.0041209948	6	22	16	10	1/5/10/3/5	17	17	25	8747	6	18	2	0	18	34	615
1146	27528	1.008723	0.0041197699	7	22	15	11	1/1/13/8/1	17	18	25	8732	6	19	2	0	19	34	614
1147	27552	1.008634	0.0041185463	-2	16	18	14	4/6/6/4/4	17	18	25	8736	6	19	2	0	19	34	614
1148	27576	1.008546	0.004117324	6	20	14	14	2/6/6/4/6	17	17	25	8749	6	19	2	0	18	34	613
1149	27600	1.008457	0.0041161029	0	17	17	14	2/9/4/5/4	17	17	25	8749	6	19	2	0	18	34	613
1150	27624	1.008369	0.0041148831	0	20	20	8	2/3/13/5/1	17	17	25	8749	6	19	2	0	18	34	613
1151	27648	1.008280	0.0041136645	10	23	13	12	1/1/12/7/3	17	18	25	8770	6	18	2	0	19	34	612
1152	27672	1.008192	0.0041124472	5	20	15	13	1/6/9/3/5	17	18	25	8759	6	18	2	0	19	35	613
1153	27696	1.008104	0.0041112312	12	21	9	18	1/3/8/7/5	17	18	25	8734	6	19	3	0	18	35	611
1154	27720	1.008015	0.0041100164	5	21	16	11	3/3/7/8/3	17	18	25	8745	6	19	3	0	18	35	612
1155	27744	1.007927	0.0041088028	-4	16	20	12	4/4/10/4/2	17	18	25	8736	6	18	3	0	19	35	612
1156	27768	1.007839	0.0041075905	6	21	15	12	2/3/10/5/4	17	18	25	8749	6	19	2	0	18	35	613
1157	27792	1.007751	0.0041063794	-8	12	20	16	2/11/7/1/3	17	18	25	8766	6	19	3	0	19	35	614
1158	27816	1.007663	0.0041051696	3	17	14	17	1/8/7/3/5	17	18	25	8772	6	19	3	0	19	35	614
1159	27840	1.007576	0.004103961	4	19	15	14	2/5/9/3/5	17	18	25	8781	6	19	2	0	19	35	613
1160	27864	1.007488	0.0041027536	0	14	14	20	2/4/10/8/0	17	18	25	8781	6	19	2	0	19	35	613
1161	27888	1.007400	0.0041015475	-13	12	25	11	7/6/6/3/2	17	18	26	8753	6	18	3	0	18	35	612
1162	27912	1.007313	0.0041003426	-2	15	17	16	1/8/9/4/2	17	18	26	8757	6	18	3	0	18	35	612
1163	27936	1.007225	0.0040991389	2	19	17	12	1/5/11/5/2	17	18	26	8753	6	18	3	0	18	35	612
1164	27960	1.007138	0.0040979365	0	19	19	10	5/4/6/4/5	17	18	26	8753	6	18	3	0	18	35	612
1165	27984	1.007051	0.0040967353	0	17	17	14	2/6/8/6/2	17	18	26	8753	6	18	3	0	18	35	612
1166	28008	1.006964	0.0040955353	5	19	14	15	1/4/10/7/2	17	18	25	8764	6	18	3	0	18	35	611
1167	28032	1.006876	0.0040943365	0	19	19	10	2/4/14/0/4	17	18	25	8764	6	18	3	0	18	35	611
1168	28056	1.006789	0.004093139	3	20	17	11	2/5/10/2/5	17	18	26	8757	6	18	3	0	18	34	611
1169	28080	1.006702	0.0040919426	1	18	17	13	2/4/11/5/2	17	18	26	8759	6	18	3	0	18	34	610
1170	28104	1.006616	0.0040907475	-4	15	19	14	3/5/10/5/1	17	18	26	8768	6	18	3	0	18	34	610
1171	28128	1.006529	0.0040895536	-6	16	22	10	7/2/8/4/3	17	18	26	8755	6	18	3	0	18	35	609
1172	28152	1.006442	0.0040883609	-2	12	14	22	0/7/12/5/0	17	18	26	8759	6	18	3	0	18	34	609
1173	28176	1.006356	0.0040871694	2	18	16	14	3/4/9/4/4	17	18	26	8755	6	18	3	0	18	34	609
1174	28200	1.006269	0.0040859791	3	18	15	15	2/6/6/7/3	17	18	26	8762	6	18	3	0	18	34	609
1175	28224	1.006183	0.00408479	-12	9	21	18	3/9/10/1/1	17	18	26	8787	6	19	3	0	19	34	611
1176	28248	1.006096	0.0040836022	0	17	17	14	2/8/5/6/3	17	18	26	8787	6	19	3	0	19	34	611
1177	28272	1.006010	0.0040824155	0	17	17	14	2/5/11/3/3	17	18	26	8787	6	19	3	0	19	34	611
1178	28296	1.005924	0.00408123	-3	17	20	11	4/3/10/6/1	17	18	26	8781	6	18	3	0	19	34	611
1179	28320	1.005838	0.0040800457	-6	13	19	16	4/5/9/5/1	17	18	26	8768	6	18	3	0	19	34	612
1180	28344	1.005751	0.0040788626	-1	16	17	15	2/5/11/4/2	17	18	26	8770	6	18	3	0	19	34	612
1181	28368	1.005665	0.0040776807	-7	12	19	17	3/9/6/4/2	17	18	26	8755	6	18	3	0	19	34	611
1182	28392	1.005580	0.0040765	2	17	15	16	2/4/9/8/1	17	18	26	8760	6	18	3	0	19	34	611
1183	28416	1.005494	0.0040753205	7	22	15	11	1/3/12/4/4	17	18	26	8745	6	18	3	0	19	35	612
1184	28440	1.005408	0.0040741422	9	23	14	11	2/4/7/5/6	17	18	26	8726	6	18	3	0	18	34	614
1185	28464	1.005322	0.004072965	9	22	13	13	2/1/10/8/3	17	18	26	8745	6	18	3	0	18	34	615
1186	28488	1.005237	0.004071789	-1	20	21	7	3/4/12/1/4	17	18	26	8747	6	18	3	0	18	34	615
1187	28512	1.005151	0.0040706143	4	17	13	18	2/2/14/2/4	17	18	26	8739	6	18	3	0	18	34	614
1188	28536	1.005066	0.0040694406	-1	19	20	9	3/6/8/3/4	17	18	26	8736	6	18	3	0	18	34	614
1189	28560	1.004981	0.0040682682	3	20	17	11	4/3/6/8/3	17	18	26	8730	6	18	3	0	18	34	614
1190	28584	1.004895	0.0040670969	5	21	16	11	3/3/9/4/5	17	18	26	8741	6	18	3	0	18	34	615
1191	28608	1.004810	0.0040659268	-2	18	20	10	4/2/11/6/1	17	18	26	8745	6	18	3	0	18	34	614
1192	28632	1.004725	0.0040647579	6	21	15	12	3/2/8/8/3	17	18	26	8732	6	18	3	0	18	34	615
1193	28656	1.004640	0.0040635902	0	17	17	14	1/8/7/6/2	17	18	26	8732	6	18	3	0	18	34	615
1194	28680	1.004555	0.0040624236	-6	12	18	18	3/7/8/5/1	17	18	26	8720	6	18	3	0	18	34	614
1195	28704	1.004470	0.0040612581	-2	15	17	16	3/6/6/8/1	17	18	26	8724	6	18	3	0	18	34	615
1196	28728	1.004385	0.0040600939	-8	15	23	10	3/7/10/3/1	17	18	26	8741	6	18	3	0	18	34	614
1197	28752	1.004301	0.0040589308	-2	16	18	14	3/4/10/6/1	17	18	26	8736	6	18	3	0	18	34	613
1198	28776	1.004216	0.0040577688	-2	15	17	16	5/2/10/4/3	17	18	26	8741	6	18	3	0	18	34	613
1199	28800	1.004132	0.004056608	-12	11	23	14	4/8/8/4/0	17	18	26	8716	6	18	2	0	18	33	612
1200	28824	1.004047	0.0040554484	6	22	16	10	4/3/5/7/5	17	18	26	8728	6	18	3	0	18	33	612
1201	28848	1.003963	0.0040542899	4	19	15	14	3/2/10/6/3	17	18	26	8720	6	18	3	0	18	33	613
1202	28872	1.003878	0.0040531326	-4	15	19	14	1/7/12/3/1	17	18	26	8728	6	18	3	0	18	33	613
1203	28896	1.003794	0.0040519764	-7	14	21	13	3/8/7/5/1	17	18	26	8713	6	18	3	0	18	33	614
1204	28920	1.003710	0.0040508213	-9	13	22	13	6/5/7/4/2	17	18	26	8732	6	18	3	0	17	34	613
1205	28944	1.003626	0.0040496674	-1	16	17	15	3/6/7/5/3	17	18	26	8730	6	17	3	0	17	34	613
1206	28968	1.003542	0.0040485147	6	23	17	8	2/3/11/3/5	17	18	26	8743	6	18	3	0	17	34	614
1207	28992	1.003458	0.0040473631	8	22	14	12	4/1/7/7/5	17	18	26	8726	6	17	3	0	17	34	615
1208	29016	1.003374	0.0040462126	-5	14	19	15	3/7/8/4/2	17	18	26	8716	6	17	3	0	17	33	614
1209	29040	1.003290	0.0040450632	7	22	15	11	1/2/13/5/3	17	18	26	8730	6	17	3	0	17	34	613
1210	29064	1.003207	0.004043915	4	20	16	12	4/3/7/5/5	17	18	26	8738	6	18	3	0	17	34	614
1211	29088	1.003123	0.004042768	2	18	16	14	3/3/10/5/3	17	18	26	8743	6	18	3	0	17	34	614
1212	29112	1.003039	0.004041622	-1	16	17	15	3/5/9/4/3	17	18	26	8741	6	18	3	0	17	34	614
1213	29136	1.002956	0.0040404772	-9	15	24	9	7/4/6/5/2	17	18	26	8759	6	18	3	0	18	34	615
1214	29160	1.002872	0.0040393335	-4	12	16	20	3/5/9/7/0	17	18	26	8768	6	18	3	0	17	34	615
1215	29184	1.002789	0.0040381909	-3	16	19	13	2/6/11/3/2	17	18	26	8761	6	18	3	0	17	34	614
1216	29208	1.002706	0.0040370495	2	20	18	10	4/3/9/3/5	17	18	26	8765	6	18	3	0	17	34	614
1217	29232	1.002623	0.0040359092	0	17	17	14	2/6/9/4/3	17	18	26	8765	6	18	3	0	17	34	614
1218	29256	1.002540	0.00403477	7	22	15	11	4/3/6/4/7	17	18	26	8780	6	18	3	0	17	34	615
1219	29280	1.002457	0.0040336319	-2	20	22	6	4/2/12/4/2	17	18	26	8784	6	18	3	0	17	34	615
1220	29304	1.002374	0.0040324949	7	22	15	11	1/5/8/6/4	17	18	26	8799	7	18	3	0	17	35	616
1221	29328	1.002291	0.0040313591	-11	12	23	13	5/4/12/3/0	17	18	26	8776	6	18	2	0	17	35	617
1222	29352	1.002208	0.0040302243	-12	14	26	8	6/3/13/1/1	17	18	26	8801	6	19	3	0	16	35	619
1223	29376	1.002125	0.0040290907	-3	15	18	15	2/8/7/5/2	17	18	26	8807	6	19	2	0	16	35	619
1224	29400	1.002043	0.0040279582	-4	15	19	14	3/8/6/4/3	17	18	26	8799	6	19	3	0	16	35	618
1225	29424	1.001960	0.0040268268	0	20	20	8	5/0/12/4/3	17	18	26	8799	6	19	3	0	16	35	618
1226	29448	1.001877	0.0040256965	-2	18	20	10	5/2/10/4/3	17	18	26	8803	6	19	3	0	16	36	618
1227	29472	1.001795	0.0040245673	2	18	16	14	1/4/12/6/1	17	18	26	8799	6	19	3	0	16	35	619
1228	29496	1.001713	0.0040234391	2	21	19	8	3/5/9/1/6	17	18	26	8794	6	19	3	0	16	35	618
1229	29520	1.001630	0.0040223121	-1	16	17	15	0/8/10/5/1	17	18	26	8792	6	19	3	0	16	35	618
1230	29544	1.001548	0.0040211862	-11	9	20	19	4/7/9/4/0	17	18	26	8815	6	19	3	0	16	36	617
1231	29568	1.001466	0.0040200614	0	18	18	12	2/4/11/6/1	17	18	26	8815	6	19	3	0	16	36	617
1232	29592	1.001384	0.0040189377	2	18	16	14	2/5/9/5/3	17	18	26	8811	6	19	3	0	16	36	617
1233	29616	1.001302	0.0040178151	-8	11	19	18	3/8/9/2/2	17	18	26	8794	6	19	3	0	16	36	616
1234	29640	1.001220	0.0040166935	-3	11	14	23	4/4/9/5/2	17	18	26	8788	6	19	3	0	16	36	616
1235	29664	1.001138	0.0040155731	11	21	10	17	2/2/7/9/4	17	18	26	8811	6	19	2	0	16	36	614
1236	29688	1.001056	0.0040144537	-4	15	19	14	1/7/12/3/1	17	18	26	8819	6	19	2	0	16	36	614
1237	29712	1.000975	0.0040133354	6	20	14	14	3/3/8/5/5	17	18	26	8831	6	19	2	0	16	36	614
1238	29736	1.000893	0.0040122182	3	19	16	13	4/4/6/5/5	17	18	26	8838	6	19	2	0	17	36	614
1239	29760	1.000812	0.0040111021	-3	14	17	17	3/7/6/6/2	17	18	26	8831	6	19	2	0	16	36	614
1240	29784	1.000730	0.0040099871	4	23	19	6	4/5/6/1/8	17	18	26	8840	6	19	2	0	16	36	613
1241	29808	1.000649	0.0040088731	-8	12	20	16	2/8/10/4/0	17	18	26	8856	6	19	2	0	17	36	612
1242	29832	1.000567	0.0040077602	7	23	16	9	1/3/13/2/5	17	18	26	8842	6	19	1	0	17	36	611
1243	29856	1.000486	0.0040066484	1	18	17	13	2/7/7/4/4	17	18	26	8840	6	19	1	0	17	36	611
1244	29880	1.000405	0.0040055377	-8	16	24	8	8/3/5/5/3	17	18	25	8823	6	19	2	0	17	36	612
1245	29904	1.000324	0.004004428	6	18	12	18	2/3/9/7/3	17	18	25	8811	6	19	2	0	17	36	613
1246	29928	1.000243	0.0040033194	-2	16	18	14	3/5/10/3/3	17	18	25	8815	6	19	2	0	17	36	613
1247	29952	1.000162	0.0040022119	-11	14	25	9	8/4/6/3/3	17	18	26	8838	6	19	2	0	17	36	611
1248	29976	1.000081	0.0040011054	1	16	15	17	2/8/5/5/4	17	18	26	8836	6	19	2	0	17	36	612
1249	30000	1.000000	0.004	-2	16	18	14	4/3/10/5/2	17	18	26	8831	6	19	2	0	17	36	612
